# Blender 4.5.3 LTS
# www.blender.org
mtllib Cuerpo.mtl
o Cuerpo
v 1.853088 2.786196 1.889069
v 1.871933 2.144657 1.762280
v 1.839378 3.072107 1.936909
v -0.664047 1.802748 0.859875
v 1.327362 2.658149 1.983994
v 1.878502 2.477791 1.877071
v 2.374977 2.981106 1.475822
v -1.083504 2.127192 0.584988
v 2.333366 2.394571 1.375439
v 1.347115 2.366277 1.983868
v 2.161102 1.303116 -1.593105
v 2.116455 1.306501 -1.638706
v 2.083214 1.337568 -1.615353
v 2.118767 1.313948 -1.640762
v 2.163414 1.310580 -1.595161
v 2.084312 1.341091 -1.616333
v 2.064957 1.294485 -1.703892
v 2.030563 1.332994 -1.684361
v 2.065620 1.305236 -1.709087
v 2.101463 1.287771 -1.654064
v 2.031654 1.336835 -1.685341
v 2.087990 1.324817 -1.620434
v 2.056038 1.284149 -1.722500
v 1.974335 1.329686 -1.751591
v 1.912804 1.731528 -1.671410
v 2.003693 1.287117 -1.765411
v 1.972527 1.327214 -1.749844
v 1.983955 1.703473 -1.756283
v 1.963371 1.783047 -1.849163
v 1.832741 1.247894 -1.734272
v 1.864151 1.309234 -1.768982
v 1.931564 1.719015 -1.825615
v 1.958244 1.783524 -1.844009
v 1.930428 1.720064 -1.824451
v 1.931183 1.293632 -1.850159
v 1.900719 1.768436 -1.897842
v 1.911903 1.331766 -1.813210
v 1.933495 1.302127 -1.852299
v 1.939041 1.767824 -1.849892
v 1.922432 1.706541 -1.817940
v 1.865410 1.301789 -1.899578
v 1.837242 1.754457 -1.946735
v 1.788673 1.337111 -1.918579
v 1.848190 1.340518 -1.862812
v 1.867676 1.309848 -1.901737
v 1.876442 1.753922 -1.898823
v 1.839073 1.749525 -1.948654
v 1.815735 1.298265 -1.935394
v 1.802711 1.690326 -1.923157
v 1.786880 1.334756 -1.916813
v 1.857414 1.689929 -1.865097
v 1.027397 7.453215 4.049953
v 1.138153 6.637692 3.786697
v -2.907646 8.911900 -1.445801
v -2.248169 8.568766 -2.037571
v -2.025421 7.841670 -2.354324
v -1.967651 7.010546 -2.270962
v -2.515137 6.291963 -1.671089
v -2.057495 6.539661 -1.950779
v 2.033821 8.774446 2.684547
v 2.532852 8.059151 2.248943
v 2.490860 6.744672 2.367123
v 2.103683 6.319426 2.557083
v 1.514519 8.756786 3.433067
v 1.646759 6.018486 2.940620
v -2.530380 8.828403 -1.727329
v -2.084839 8.242777 -2.220757
v -2.009636 7.364628 -2.380379
v -2.246239 6.378806 -1.814735
v -3.673019 7.093229 -0.751942
v 1.869667 8.947461 3.100662
v 2.372139 8.449015 2.385380
v 2.099258 8.804405 2.682613
v -2.251442 8.589121 -2.112194
v -2.539078 8.911011 -1.761307
v -3.293167 8.787078 -1.170296
v -2.917053 8.958488 -1.454258
v 1.820885 8.882931 3.059807
v 2.340591 8.403910 2.400906
v 1.708611 8.464063 1.936825
v 1.140327 8.826523 2.609642
v 2.660004 7.770231 2.258659
v 2.067772 7.855371 1.569462
v 2.705986 6.988905 2.435993
v 2.841736 6.854619 1.347046
v 1.733742 5.240088 2.299316
v 2.288185 6.524792 2.400249
v 2.548950 5.790984 1.668053
v 0.623207 8.371895 3.260017
v 1.218491 8.420343 3.698662
v 0.244759 7.415594 3.375511
v 0.159172 6.319465 3.193878
v 0.590012 5.424922 2.931686
v 1.435616 6.113349 3.194580
v 0.775635 8.421851 0.439617
v 0.862030 8.298378 -0.300671
v 1.424217 7.302694 -0.453697
v 2.032295 6.448936 -1.095715
v 3.301529 6.105665 0.467312
v 1.624878 6.438482 -1.435036
v 2.427032 5.391201 -1.509659
v 3.543068 5.233990 0.252651
v 2.824303 5.316793 1.430000
v 2.913040 4.661729 1.224945
v 2.364082 4.233020 -1.468132
v 3.281136 4.138356 0.140099
v 2.793709 3.885828 0.982998
v 2.233948 3.125863 -1.415421
v 1.884773 3.124716 -1.756813
v 2.777245 3.016113 0.911961
v 2.980911 3.117805 -0.006500
v 2.515236 2.221379 0.698055
v 2.733215 2.270782 -0.101063
v 2.213142 2.223301 -1.417633
v 1.857666 2.201401 -1.803970
v 2.304565 1.527192 0.552238
v 2.372765 1.484464 -0.137787
v 2.036430 1.310521 -1.236938
v 1.662834 1.280941 -1.617004
v 0.831314 1.193443 1.562935
v 1.741600 1.491195 1.399059
v -1.570786 6.456481 1.759254
v -1.440498 5.503527 1.639549
v -1.539764 7.476460 1.744217
v -1.269829 9.372409 1.404308
v -0.670120 5.380747 2.405079
v -0.818275 6.327425 2.547440
v -0.815002 7.434009 2.602097
v -0.683968 8.510257 2.275669
v -1.344589 8.547679 1.542973
v 0.641846 8.795970 2.133396
v 1.114105 8.529421 1.511387
v 1.443275 8.203058 0.913067
v 2.187492 7.164114 0.295971
v 2.801422 6.427357 -0.354195
v 3.218353 5.389440 -0.767624
v 2.921371 4.152594 -0.768154
v 2.712784 3.078719 -0.799263
v 2.450150 2.232291 -0.782169
v 2.282738 1.392097 -0.731808
v -0.407845 1.060943 0.591469
v 0.215370 1.080583 1.178673
v 1.771645 4.591500 2.185364
v 0.607094 4.549325 2.568958
v -0.479652 4.521370 2.168213
v -1.233833 4.603658 1.434479
v 1.800682 3.931665 2.069691
v 0.677040 3.878363 2.362083
v -0.286568 3.774353 1.967907
v -0.995430 3.820034 1.207333
v 1.828293 3.348138 1.991203
v 0.712112 3.250406 2.279324
v -0.102097 3.095530 1.745213
v -0.792007 3.035795 1.007137
v 1.853088 2.786196 1.889069
v 0.795799 2.557049 2.054096
v -0.060265 2.253219 1.697582
v -0.803322 2.138597 1.005848
v 1.871933 2.144657 1.762280
v 0.875526 1.863774 1.819260
v 0.158775 1.654544 1.310925
v -0.476662 1.624588 0.671623
v -1.760033 8.499288 -1.534286
v -2.406082 8.838779 -0.958408
v -1.321136 7.848740 -1.856415
v -1.219284 6.845946 -2.314281
v -2.075691 5.207318 -1.512222
v -1.480156 5.832722 -2.233341
v -2.992599 8.418205 -0.384605
v -3.457001 8.377655 -0.901985
v -3.164490 7.465847 0.018658
v -3.699173 7.496792 -0.718285
v -3.059074 6.465094 0.036259
v -3.574959 6.734512 -0.876408
v -2.724960 5.459154 -0.426521
v -3.099457 6.291448 -1.278156
v 0.065758 8.399120 -0.423458
v -0.759026 8.830879 -0.395035
v -1.378052 9.119740 -0.051823
v 0.708374 7.286201 -1.160187
v 1.213715 7.311625 -0.837780
v 1.234077 6.448048 -1.854847
v -0.460457 6.051968 -3.061874
v 1.751244 6.429890 -1.423080
v 1.670250 5.438048 -2.329834
v 2.216644 5.369579 -1.843842
v -0.248100 5.119308 -3.355080
v -1.268272 5.253632 -2.479729
v -1.072487 4.527665 -2.525677
v 1.591583 4.246961 -2.209389
v 2.146881 4.228725 -1.787880
v -0.042374 3.986908 -2.975044
v -0.902908 3.719370 -2.397907
v 1.475967 3.153605 -2.090885
v 2.037209 3.144893 -1.666874
v -0.836685 2.824944 -2.355850
v 0.079453 2.984985 -2.542969
v -0.650909 1.938735 -2.154644
v 0.168564 2.039437 -2.472137
v 1.514511 2.159921 -2.054974
v 2.027481 2.119153 -1.723507
v -0.388412 1.272526 -2.080933
v 0.275505 1.278208 -2.157936
v 1.404984 1.278821 -1.855785
v -1.515427 1.044309 -0.550724
v -1.267067 1.205760 -1.508133
v -1.636154 9.362133 0.690399
v -2.198273 5.451612 0.840836
v -2.372482 6.445494 1.020592
v -2.383194 7.459866 1.011391
v -2.082359 8.536610 0.823742
v -1.869812 8.766232 -0.451458
v -1.233566 8.494852 -0.919304
v -0.623276 8.101349 -1.250507
v -0.117188 7.142076 -1.956520
v 0.560219 6.425673 -2.610996
v 0.968185 5.393182 -3.053940
v 0.918037 4.185838 -2.734917
v 0.865852 3.104422 -2.462757
v 0.933434 2.100620 -2.322456
v 0.849068 1.267081 -2.077332
v -1.077232 1.070286 0.076256
v -1.956451 4.541803 -1.519684
v -2.334496 4.531013 -0.424549
v -1.958702 4.546831 0.679672
v -1.831505 3.959919 -1.560287
v -2.129944 3.772098 -0.501190
v -1.754013 3.719707 0.537930
v -1.719727 3.317569 -1.606461
v -1.948555 3.072007 -0.582394
v -1.600525 2.944614 0.394184
v -1.657845 2.548399 -1.621834
v -1.791466 2.317707 -0.637779
v -1.402641 2.134458 0.211811
v -1.381119 1.771803 -1.505753
v -1.590569 1.631025 -0.646084
v -1.149773 1.560991 0.063866
v 0.444977 8.527048 -0.711395
v 2.030464 8.447254 2.166100
v 1.455666 8.755818 2.273949
v 1.487488 8.867250 2.835056
v 2.319832 7.813692 1.836861
v 1.895424 8.181339 1.746765
v 2.766449 7.406305 2.347523
v 2.673683 7.057194 1.941193
v 2.432129 7.393972 1.446339
v 1.689766 5.610467 2.417973
v 2.149117 5.545325 1.981136
v 2.651535 6.384686 1.538448
v 2.410416 6.155642 1.969700
v 0.832268 8.676597 3.005936
v 0.923203 8.348532 3.488693
v 0.429565 7.920511 3.420174
v 0.651237 7.415852 3.654503
v 1.050171 7.986429 3.922253
v 0.214706 6.896140 3.333706
v 0.611053 6.478065 3.483471
v 1.065536 6.998190 3.966648
v 0.359238 5.857136 3.112591
v 1.020042 5.701329 3.028000
v 1.263054 6.292241 3.489029
v 1.187981 5.262305 2.690426
v 0.956131 8.626125 -0.092522
v 0.400627 8.891963 1.872715
v 1.438934 8.531227 1.720543
v 1.751915 8.051352 1.248451
v 1.131508 7.852024 -0.036041
v 0.802505 7.812920 -0.605019
v 2.468781 7.115822 0.745041
v 3.124634 6.363837 0.015244
v 1.736031 6.909328 -0.774216
v 2.989929 6.503922 0.911945
v 2.268921 6.003340 -1.370983
v 3.504707 5.334375 -0.314068
v 3.476990 5.685369 0.369640
v 3.158539 5.689034 1.020634
v 2.672478 5.548117 1.523914
v 3.328568 4.926596 0.812050
v 2.856407 5.009616 1.324474
v 2.446045 4.806982 -1.540180
v 2.035980 4.818825 -1.889008
v 3.452888 4.687450 0.222591
v 3.165009 4.120832 -0.341862
v 3.064415 3.978788 0.576630
v 2.851425 4.273688 1.103573
v 2.288986 3.692817 -1.436436
v 3.142929 3.604470 0.045944
v 2.743004 3.436862 0.917000
v 3.008987 3.038507 0.476677
v 2.825043 3.092917 -0.403015
v 2.806435 2.718321 -0.020054
v 2.754326 2.598926 0.862411
v 2.662216 2.166832 0.319477
v 2.220886 2.666921 -1.403366
v 1.860115 2.653458 -1.766376
v 2.565392 2.245319 -0.439724
v 2.425407 1.828509 0.636147
v 2.395073 1.491315 0.206280
v 2.567780 1.847555 -0.125648
v 1.782173 1.717055 -1.710388
v 2.135933 1.727191 -1.348373
v 2.320374 1.444448 -0.440426
v 1.793755 1.890779 1.547394
v 0.584511 4.985263 2.733452
v 1.292976 1.370060 1.547115
v -1.074043 5.447732 1.982033
v -0.369873 6.287092 2.874706
v -1.514198 5.985875 1.707031
v -0.344475 7.408823 2.981644
v -1.585442 6.980331 1.785004
v -0.132912 9.277109 1.805428
v -0.902939 9.400564 1.647797
v -0.073776 5.347126 2.714188
v -1.191299 6.397221 2.113850
v -1.180878 7.450282 2.179123
v -0.757935 5.856602 2.480797
v -0.832863 6.873431 2.607643
v -1.445229 8.013733 1.647278
v -0.733757 7.964411 2.482124
v -0.999420 8.539360 1.916901
v -0.015320 8.380981 2.771912
v -1.290871 8.961479 1.453186
v -0.592224 8.953381 2.036217
v 0.898781 8.795732 2.380985
v 0.812790 8.612385 1.262272
v 1.043205 8.260538 0.658405
v 1.776543 7.258698 -0.114307
v 2.414597 6.427751 -0.725368
v 2.792145 5.375559 -1.137215
v 2.643036 4.192767 -1.125648
v 2.499191 3.096619 -1.104313
v 2.392746 2.201203 -1.110207
v 2.184540 1.331490 -0.984604
v 0.897331 8.647528 1.825745
v 1.303673 8.414961 1.200989
v 1.813118 7.674616 0.655788
v 2.531631 6.800031 -0.019440
v 3.080307 5.974908 -0.593060
v 3.117928 4.771858 -0.801460
v 2.816277 3.597897 -0.771683
v 2.603386 2.634685 -0.798843
v 2.382584 1.779979 -0.780235
v -0.017662 8.800879 2.352211
v 0.186935 1.357783 1.232533
v -1.349648 5.052919 1.545002
v -0.211304 1.072763 0.904190
v 0.509117 1.139073 1.413673
v 1.759743 4.954295 2.247166
v 0.636665 4.218290 2.453228
v -0.589508 4.954592 2.288818
v -1.117149 4.212488 1.325974
v 1.207779 4.507925 2.447796
v 0.042267 4.494024 2.419556
v -0.866859 4.556255 1.784401
v 1.788338 4.263375 2.125500
v 0.694237 3.581303 2.305183
v -0.379280 4.156514 2.068207
v -0.880692 3.441337 1.096992
v 1.263458 3.883789 2.292599
v 0.172066 3.788312 2.235882
v -0.625290 3.786035 1.587578
v 2.297134 4.985875 1.830040
v 2.379105 4.280005 1.656334
v 1.794998 3.646646 2.018841
v 0.763466 2.888700 2.200611
v -0.191551 3.444981 1.857147
v -0.810310 2.636508 1.043831
v 1.292526 3.278760 2.188179
v 0.291840 3.124815 2.063770
v -0.440605 3.076406 1.390572
v 2.351036 3.619003 1.513935
v 1.839378 3.072107 1.936909
v 0.830940 2.177463 1.994900
v -0.040749 2.613340 1.702480
v -0.664047 1.802748 0.859875
v 1.327362 2.658149 1.983994
v 0.359306 2.383523 1.976727
v -0.416313 2.159266 1.357208
v 1.878502 2.477791 1.877071
v 0.858727 1.503136 1.654415
v 0.061600 1.929649 1.496727
v -0.425011 1.322994 0.571980
v 1.344193 2.023718 1.806099
v 0.517632 1.759526 1.574821
v -0.163994 1.626689 1.010075
v 2.374977 2.981106 1.475822
v 2.198418 2.147724 1.275433
v 2.129868 1.522836 1.036579
v -1.998650 8.529047 -1.787209
v -2.080833 8.743542 -1.252552
v -2.660225 8.880022 -1.210114
v -1.600830 7.877390 -2.132130
v -1.533920 8.196882 -1.718815
v -1.595161 6.914218 -2.275204
v -1.200653 7.397120 -2.123215
v -1.980728 6.770490 -2.134399
v -1.723701 6.139720 -2.085426
v -1.332130 6.345938 -2.357430
v -2.189041 5.666164 -1.493546
v -1.789772 5.533326 -1.896683
v -3.192123 8.695208 -1.156784
v -2.742783 8.719443 -0.673229
v -3.232529 8.385476 -0.642735
v -3.165512 7.965479 -0.157486
v -3.421722 7.455885 -0.352570
v -3.616348 7.957500 -0.761936
v -3.154671 6.972864 0.042809
v -3.323410 6.581796 -0.409527
v -2.956284 5.962253 -0.200130
v -2.892159 5.858621 -0.815239
v -3.362823 6.486558 -1.087761
v -2.790154 6.263885 -1.468933
v -2.473465 5.333821 -1.015743
v -1.265236 9.406563 -0.015671
v -1.609207 8.873310 -0.219997
v -1.554520 8.623848 -0.699524
v -0.972496 8.592980 -0.609146
v -0.364204 8.669569 -0.424606
v -0.922340 8.345026 -1.114601
v -0.300323 8.178686 -0.811123
v 0.430115 7.823474 -0.809902
v -0.374443 7.597080 -1.566124
v 0.310028 7.229435 -1.577129
v 0.225883 6.788905 -2.289177
v 0.916092 6.450602 -2.244038
v 0.971970 6.875448 -1.512962
v 1.472282 6.882401 -1.134033
v 2.037476 6.008210 -1.696709
v 1.499794 6.001278 -2.132580
v 0.802895 5.978174 -2.911354
v 1.354813 5.416150 -2.707996
v -0.944450 5.668957 -2.847931
v -0.770042 6.391973 -2.702927
v -1.379189 5.540731 -2.366741
v -0.713020 4.807004 -2.985588
v -0.398476 5.602468 -3.276215
v -1.177689 4.897053 -2.509296
v 1.648102 4.861732 -2.299595
v 2.171928 4.795202 -1.807636
v 0.978577 4.788628 -2.950809
v 1.281090 4.211914 -2.492355
v -0.479782 3.839258 -2.692482
v -0.151970 4.576769 -3.181694
v -0.975502 4.130140 -2.445103
v 2.091980 3.701409 -1.725788
v 1.523483 3.704083 -2.143612
v 0.002251 3.501789 -2.735897
v -0.874367 3.274939 -2.380112
v -0.370857 2.867317 -2.504650
v 0.875267 3.644665 -2.570732
v 1.178802 3.125171 -2.285061
v 0.138535 2.490401 -2.483746
v -0.753372 2.359189 -2.282444
v -0.243858 1.988196 -2.311565
v 1.491676 2.644704 -2.061596
v 2.027832 2.623221 -1.691124
v 0.885414 2.587186 -2.353848
v 1.241508 2.132836 -2.208099
v -0.542381 1.597304 -2.136162
v -0.061829 1.282899 -2.162724
v 0.218170 1.639043 -2.274742
v 1.467621 1.696304 -1.956646
v 0.906433 1.656606 -2.207947
v 1.138924 1.269951 -1.987659
v -1.347534 1.474050 -1.514954
v -1.541344 1.676683 -1.087524
v -1.543510 1.303711 -0.593956
v -1.534821 1.178752 -1.075989
v -1.827507 5.466599 1.266315
v -2.295296 5.952017 0.944527
v -1.961739 6.451196 1.399269
v -2.406212 6.958292 1.041439
v -1.949097 7.466835 1.378223
v -1.485847 9.387062 1.058617
v -2.511688 5.407853 0.249866
v -2.723846 6.428940 0.584358
v -2.777016 7.444384 0.572933
v -2.269432 8.001830 0.914577
v -1.706749 8.530712 1.175385
v -2.535309 8.434402 0.247585
v -1.838814 8.946963 0.753162
v -2.147141 8.786566 -0.720634
v -1.496635 8.522194 -1.270947
v -0.977859 7.951183 -1.557571
v -0.583824 7.074856 -2.284542
v 0.090103 6.339781 -2.952278
v 0.409447 5.275511 -3.355122
v 0.453156 4.075413 -2.898167
v 0.476143 3.043537 -2.578949
v 0.558022 2.066782 -2.397808
v 0.566154 1.270090 -2.133320
v -2.135170 8.783439 0.244476
v -1.069046 1.279258 0.011616
v -0.834053 1.588891 0.399883
v -0.779900 1.081436 0.349537
v -1.447945 1.535291 -0.238647
v -1.310791 1.051617 -0.270374
v -2.216064 4.510815 -1.006630
v -2.018280 4.868997 -1.514587
v -2.502518 5.000647 -0.405972
v -2.081390 5.008310 0.772064
v -2.193130 4.502558 0.158482
v -1.624603 4.562412 1.096600
v -2.036964 3.833755 -1.057590
v -1.892006 4.252406 -1.539215
v -2.217873 4.165425 -0.458992
v -1.841362 4.144277 0.602459
v -1.991455 3.713906 0.041199
v -1.392387 3.741030 0.883564
v -1.615730 4.889013 -1.997753
v -1.451279 4.232762 -2.030823
v -1.896988 3.210272 -1.108860
v -1.777534 3.642347 -1.586452
v -2.048851 3.428764 -0.542995
v -1.668541 3.350792 0.452259
v -1.904770 2.925589 -0.082664
v -1.193283 2.969960 0.684685
v -1.349785 3.503549 -2.032291
v -1.844315 2.372357 -1.202385
v -1.680916 2.931842 -1.597305
v -1.915062 2.697808 -0.609303
v -1.522453 2.482641 0.308891
v -1.644203 2.193105 -0.214790
v -1.083504 2.127192 0.584988
v -1.532562 2.092679 -1.600243
v -1.712456 1.933628 -0.648434
v -1.311455 1.790454 0.162319
v -1.322403 2.726082 -2.032040
v -1.094566 1.829855 -1.878887
v -0.863678 1.239953 -1.846054
v -0.657013 9.117286 -0.343540
v -0.047791 8.908611 -0.492565
v 0.269608 8.741917 -0.793243
v -0.965103 9.249866 -0.224884
v -1.023537 1.544637 -1.848938
v -1.226982 2.258861 -1.944550
v -1.306969 3.101509 -1.998661
v -0.996040 1.785879 0.501022
v -1.550934 1.845140 -0.266006
v -1.631378 1.943229 -1.107952
v -1.187447 2.585978 0.684841
v -1.745865 2.490681 -0.151913
v -1.900070 2.877374 -1.116253
v -1.405106 3.874246 -2.036701
v -1.274071 3.391064 0.762978
v -1.971642 3.394353 0.005260
v -1.955566 3.507649 -1.083717
v -1.546387 4.557364 -2.032207
v -1.697830 5.208766 -1.941555
v -1.518883 4.145327 1.015354
v -2.082710 4.115388 0.098938
v -2.124275 4.174611 -1.029617
v -1.726715 5.021179 1.188572
v -2.338127 4.959819 0.216084
v -2.325386 4.921131 -1.004974
v -1.355263 1.310285 -0.241474
v -0.771889 1.310976 0.333294
v -2.381500 8.701662 -0.203239
v -1.788048 9.014900 0.199856
v 0.568062 1.640527 -2.272797
v 0.523300 2.535883 -2.484695
v 0.449234 3.559306 -2.670879
v 0.434380 4.642266 -3.167805
v 0.266357 5.899387 -3.239784
v -0.219971 6.692775 -2.648087
v -0.787781 7.483982 -1.875805
v -1.224831 8.275448 -1.446293
v -1.837753 8.668872 -0.996140
v -1.586205 8.956964 1.109413
v -2.735672 7.973911 0.432014
v -1.837402 8.002644 1.288342
v -2.791267 6.950174 0.601803
v -2.634865 5.920673 0.431679
v -1.458694 9.521325 1.054375
v -1.985489 6.964510 1.417023
v -1.902885 5.963858 1.346962
v -1.516563 1.419779 -1.101692
v 1.201790 1.665653 -2.099552
v -0.155441 1.591741 -2.248604
v 1.190445 2.613976 -2.200691
v -0.300865 2.427539 -2.337437
v 1.233261 3.655416 -2.391354
v -0.480423 3.379920 -2.645580
v -0.584030 4.337645 -2.826328
v 1.348305 4.815458 -2.627506
v -0.853600 5.232822 -2.957432
v -1.144897 5.986787 -2.621330
v 1.184746 6.003301 -2.527485
v 0.610649 6.838682 -1.909225
v 0.014511 7.701347 -1.194981
v -0.626930 8.414305 -0.719055
v -1.291389 8.747561 -0.433144
v -2.591141 5.810289 -1.212158
v -3.195305 6.224229 -0.652103
v -3.422783 7.019949 -0.362625
v -3.394211 7.936966 -0.472488
v -3.010826 8.699266 -0.924667
v -1.958618 5.981161 -1.797920
v -1.609627 6.537601 -2.177746
v -1.534004 7.303051 -2.277809
v -1.784538 8.213276 -1.980350
v -2.327118 8.815512 -1.517654
v 2.117828 1.855179 1.219429
v 2.333366 2.394571 1.375439
v 2.336319 3.272166 1.477406
v -0.320648 1.801739 1.212513
v 0.438400 2.019481 1.756901
v 1.347115 2.366277 1.983868
v -0.401741 2.581602 1.351231
v 0.290535 2.795540 2.042503
v 1.315865 2.963109 2.084198
v 2.364731 3.949090 1.576210
v -0.538315 3.426922 1.494614
v 0.221680 3.473176 2.182091
v 1.281647 3.589185 2.253269
v 2.347481 4.631712 1.760204
v 2.231262 5.300022 1.918373
v -0.742935 4.176294 1.686939
v 0.100258 4.145524 2.322250
v 1.242477 4.195284 2.362865
v -0.981682 5.005438 1.890148
v -0.021202 4.923171 2.554398
v 1.193108 4.880262 2.545547
v 0.513237 1.439796 1.475391
v -0.187111 1.337965 0.949577
v 0.396858 8.670657 2.654194
v -0.058990 9.033491 2.036358
v 2.491699 1.799897 -0.474098
v 2.658798 2.684721 -0.421104
v 3.003578 3.581186 -0.384338
v 3.390900 4.692580 -0.327690
v 3.391624 5.950432 -0.110008
v 2.857964 6.746157 0.439365
v 2.130150 7.515146 1.085835
v 1.616798 8.316633 1.477348
v 1.163330 8.674715 2.063210
v -0.960548 8.986902 1.782074
v -0.201492 7.937502 2.964855
v -1.096512 7.985794 2.065380
v -0.369667 6.844065 2.961189
v -0.252411 5.821595 2.812515
v -1.218643 6.931502 2.177006
v -1.140770 5.930019 2.038902
v 1.244423 1.602651 1.568787
v 2.275459 1.719887 -1.053040
v 2.515350 1.802275 0.268318
v 2.456238 2.654089 -1.120747
v 2.887756 2.583799 0.316299
v 2.568008 3.642725 -1.102169
v 2.998573 3.534854 0.531334
v 3.215256 4.456443 0.706413
v 2.761803 4.785380 -1.174019
v 3.270660 5.308618 0.953178
v 2.912827 6.042623 1.279366
v 2.666962 5.969006 -0.989716
v 2.137596 6.842721 -0.425236
v 1.446663 7.742928 0.278664
v 0.925369 8.441174 0.978043
v 0.634827 8.763083 1.562237
v 1.395699 5.671610 2.788239
v 0.783211 6.097567 3.310646
v 0.654190 6.972409 3.640797
v 0.760139 7.915663 3.661697
v 1.163803 8.699266 3.232548
v 2.082207 5.941998 2.217594
v 2.583755 6.625812 1.899067
v 2.589859 7.448896 1.776112
v 2.180664 8.113050 1.996189
v 1.794380 8.777163 2.477028
v 0.958221 7.946730 -0.654888
v 1.025620 8.851629 0.006031
v 0.115791 8.943167 -0.837822
v 0.819916 8.290773 -0.298458
v -1.250130 9.359002 1.384216
v 0.069115 8.397770 -0.385990
v 1.205635 7.292656 -0.813656
v 2.129997 4.232902 -1.763744
v 2.020721 3.146773 -1.642570
v 2.012177 2.120835 -1.699718
v -1.612679 9.345026 0.679996
v 0.468010 8.529383 -0.682735
v 0.922546 8.636185 -0.100906
v -1.224762 9.502415 1.364029
v -0.885269 9.384960 1.624134
v -1.248367 9.399019 0.004978
v 1.460678 6.860104 -1.115986
v 2.020271 5.988745 -1.678299
v 2.154617 4.797558 -1.783470
v 2.075714 3.706499 -1.701538
v 2.012093 2.621321 -1.666706
v -1.511482 9.225827 0.285065
v -1.555580 9.496239 0.686687
v -1.461777 9.372171 1.039589
v -0.647064 9.121680 -0.323059
v -0.021858 8.912315 -0.458542
v 0.281380 8.756368 -0.763939
v -0.284416 9.009314 -0.393871
v -0.954880 9.245726 -0.199234
v -1.433128 9.512753 1.037628
v -1.425209 9.456005 0.290718
v -0.877625 9.523701 1.592522
v 0.960236 7.937622 -0.623806
v 1.011787 8.873053 0.011406
v 0.861694 9.105564 0.289711
v -1.218346 10.095285 1.365429
v -1.150543 9.770090 -0.021049
v -1.460197 10.017807 0.614513
v -0.545891 9.460615 -0.465500
v 0.108513 8.965317 -0.835049
v 0.784088 9.246815 0.561115
v -0.069519 9.882792 1.616978
v -1.346519 9.914827 0.281254
v -1.464745 10.102591 1.064903
v 1.351791 8.195179 0.158398
v 1.096954 8.396980 0.585365
v 0.761803 8.785396 1.280361
v 0.261597 9.096100 1.883358
v -0.535004 9.325937 1.949062
v -1.285118 9.409512 1.502537
v -1.651138 9.046799 -0.109463
v -1.769051 9.328629 0.742424
v -0.621971 8.460855 -1.115051
v -0.445412 8.390128 -1.319447
v 0.895744 8.646896 1.028164
v -0.110931 9.223688 2.009476
v -0.897957 9.391277 1.775928
v -1.789047 9.226065 0.343403
v -1.384033 8.871607 -0.432011
v -1.077194 9.234619 -0.334621
v -1.363083 9.380209 -0.078072
v -0.087830 9.489365 1.826233
v 0.443214 9.295683 1.459053
v 0.705544 9.100120 1.079113
v 0.830002 9.002427 0.810089
v -1.528130 9.664734 1.082977
v -1.284302 9.729321 1.473782
v 1.182716 8.535124 0.096966
v 0.236465 9.389177 1.610863
v -0.157471 8.624144 -1.022518
v 1.048660 8.861410 0.019779
v -0.127289 9.128532 -0.687344
v 0.089630 8.947519 -0.850128
v -0.308899 9.240622 -0.590427
v 1.374611 8.214285 0.157925
v 1.119186 8.413137 0.585423
v 0.791649 8.795475 1.288647
v 0.283173 9.108946 1.898071
v -0.540306 9.337716 1.973129
v -1.302971 9.418088 1.522152
v -1.667038 9.065842 -0.127048
v -1.792908 9.348133 0.749676
v -1.079346 8.722156 -0.738907
v -0.627487 8.482454 -1.134651
v -0.451050 8.412643 -1.338837
v 0.574303 8.970309 1.638805
v 0.916023 8.661587 1.027969
v -0.101830 9.237034 2.031178
v -0.912933 9.398842 1.797825
v -1.808632 9.246382 0.336864
v -1.597427 9.388586 1.187984
v -1.397835 8.886477 -0.456486
v -0.858711 8.610167 -0.942379
v -0.800537 9.100040 -0.579384
v -1.128334 9.259507 -0.341862
v -0.420532 8.891644 -0.804291
v 0.985939 8.812484 0.463966
v -1.382507 9.400129 -0.100151
v -1.577690 9.524233 0.184414
v -0.539589 9.637491 1.868080
v -0.079597 9.504414 1.848438
v 0.526253 9.247371 1.452652
v 0.733536 9.084852 1.126732
v -0.578880 8.985992 -0.721378
v 0.854248 8.987555 0.852791
v -1.644180 9.626598 0.688339
v -1.540558 9.695029 1.125317
v -1.301987 9.737601 1.493031
v -0.926163 9.713936 1.729488
v 1.200333 8.555500 0.096096
v 0.260391 9.387972 1.719128
v -0.164650 8.644562 -1.043983
v 1.040321 8.888018 0.022160
v 0.901932 9.110374 0.304245
v 0.617577 9.467289 0.983753
v 0.590012 9.466417 0.949409
v 0.272614 9.695366 1.409054
v 0.249863 9.708096 1.380005
v -0.483704 10.032104 1.775284
v -0.489304 10.050042 1.727600
v -1.258125 10.088889 1.402012
v -1.164360 9.767078 -0.031284
v -1.504593 10.010841 0.606071
v -0.570084 9.456520 -0.490955
v -0.135002 9.173851 -0.750835
v -0.106987 9.173361 -0.726292
v 0.422974 9.592602 1.193039
v 0.446381 9.590027 1.217819
v 0.797684 9.261209 0.625225
v -0.039711 9.865290 1.661682
v -0.860840 10.095701 1.596848
v -0.888885 10.083622 1.639675
v -1.379356 9.906313 0.261639
v -1.499092 10.091423 1.084686
v -0.808754 9.604838 -0.276363
v -0.847115 9.603911 -0.296612
v -0.294846 9.304394 -0.622517
v -0.320190 9.303364 -0.651249
v -0.909599 1.766376 0.802319
v -0.877083 1.759148 0.772148
v -0.904533 1.429737 0.800583
v -0.889778 1.412213 0.761017
v -0.936203 1.591620 0.825253
v -1.279961 1.748735 0.465618
v -1.249130 1.737508 0.434620
v -1.236649 1.393859 0.438118
v -1.265640 1.408670 0.469746
v -1.300293 1.575228 0.491154
v -0.693192 1.776040 1.034492
v -0.723015 1.598453 1.053310
v -0.696526 1.433973 1.026371
v -0.664803 1.417085 1.002346
v -0.660416 1.768316 1.004547
v -0.433861 1.768891 1.292149
v -0.461426 1.596710 1.315628
v -0.438705 1.428707 1.278091
v -0.414429 1.414373 1.245693
v -0.403618 1.764851 1.263672
v -0.075470 1.802472 1.564686
v -0.096626 1.623738 1.580158
v -0.080414 1.441418 1.532948
v -0.059021 1.421937 1.491142
v -0.061157 1.791108 1.533886
v 0.294922 1.835874 1.805344
v 0.311569 1.825718 1.762489
v 0.303558 1.458981 1.704552
v 0.285751 1.479732 1.748909
v 0.274033 1.657676 1.810860
v 0.677322 1.842172 1.957043
v 0.684151 1.830786 1.910110
v 0.668961 1.476365 1.838387
v 0.661209 1.496542 1.885792
v 0.660561 1.668900 1.960892
v 1.077011 1.835676 1.975437
v 1.067581 1.662863 1.984932
v 1.053185 1.488898 1.910141
v 1.048355 1.468723 1.863167
v 1.071053 1.825243 1.931141
v 1.493256 1.823696 1.880936
v 1.491432 1.647022 1.894264
v 1.462105 1.474050 1.832645
v 1.444153 1.453536 1.789242
v 1.475487 1.814945 1.841045
v 1.894150 1.804927 1.672829
v 1.873161 1.622511 1.696754
v 1.831558 1.447833 1.649769
v 1.807701 1.427976 1.609558
v 1.863480 1.788552 1.636330
v 2.112000 1.774555 1.487961
v 2.109512 1.604313 1.504204
v 2.066917 1.429894 1.462116
v 2.034622 1.407958 1.427074
v 2.078835 1.762238 1.454906
v 2.236732 1.757744 1.345394
v 2.200546 1.745487 1.316231
v 2.167351 1.383900 1.283733
v 2.201492 1.405996 1.316452
v 2.245262 1.587542 1.358093
v 2.420479 1.719649 1.048523
v 2.437241 1.553606 1.061977
v 2.385391 1.380216 1.033653
v 2.346008 1.360418 1.009529
v 2.377243 1.711473 1.030659
v 2.605232 1.681732 0.572163
v 2.632645 1.515905 0.584202
v 2.574600 1.365843 0.583641
v 2.530930 1.351409 0.573322
v 2.559143 1.679612 0.567177
v 2.641945 1.674107 0.048309
v 2.673294 1.510225 0.063614
v 2.629036 1.357289 0.081886
v 2.584206 1.345765 0.086365
v 2.595810 1.674306 0.053226
v 2.575745 1.672466 -0.484024
v 2.531158 1.673810 -0.474350
v 2.525398 1.346992 -0.419033
v 2.569771 1.358794 -0.427223
v 2.606941 1.505451 -0.462826
v 2.411926 1.652447 -0.945839
v 2.396049 1.322737 -0.883842
v 2.437561 1.329866 -0.905167
v 2.481750 1.481475 -0.952991
v 2.452278 1.652467 -0.963394
v 2.215508 1.663337 -1.361954
v 2.188110 1.309830 -1.307560
v 2.229019 1.317017 -1.333881
v 2.275238 1.474226 -1.377213
v 2.252335 1.661298 -1.386257
v 2.034370 1.492680 -1.709450
v 1.662621 1.329966 -1.921841
v 1.692192 1.333332 -1.961826
v 1.740112 1.502126 -2.002556
v 1.746567 1.687512 -1.985458
v 1.320961 1.698344 -2.229927
v 1.262466 1.359982 -2.219006
v 1.244576 1.356300 -2.176163
v 1.303703 1.700225 -2.189533
v 0.826180 1.709452 -2.334930
v 0.766815 1.351287 -2.328156
v 0.778404 1.356715 -2.374916
v 0.836807 1.707571 -2.378151
v 0.308022 1.708165 -2.417130
v 0.260223 1.346180 -2.400860
v 0.268768 1.356516 -2.455997
v 0.313080 1.707887 -2.462898
v -0.102661 1.736518 -2.464409
v -0.130547 1.384118 -2.449009
v -0.133232 1.373070 -2.397457
v -0.103523 1.736458 -2.419579
v -0.514107 1.782731 -2.336613
v -0.521515 1.403522 -2.303864
v -0.538078 1.418452 -2.352852
v -0.548904 1.595244 -2.402653
v -0.527946 1.786475 -2.379063
v -0.988594 1.794730 -2.090256
v -0.974037 1.414907 -2.056541
v -1.005692 1.434231 -2.099903
v -1.033356 1.623738 -2.148540
v -1.012032 1.802748 -2.128395
v -1.322914 1.788257 -1.830444
v -1.311546 1.406453 -1.794464
v -1.352249 1.428748 -1.827267
v -1.378433 1.610530 -1.876522
v -1.347893 1.803383 -1.866707
v -1.530098 1.791226 -1.663696
v -1.576248 1.606730 -1.656891
v -1.554268 1.423677 -1.609234
v -1.507164 1.396373 -1.579720
v -1.498627 1.778436 -1.633202
v -1.654213 1.772812 -1.469547
v -1.692299 1.598947 -1.472263
v -1.662605 1.414630 -1.438873
v -1.604248 1.382494 -1.410870
v -1.617355 1.758891 -1.448112
v -1.764420 1.753981 -1.096527
v -1.738167 1.375998 -1.082317
v -1.804276 1.398989 -1.093040
v -1.839699 1.585741 -1.118019
v -1.803642 1.767505 -1.112629
v -1.827347 1.738339 -0.634880
v -1.808739 1.361941 -0.628006
v -1.862503 1.383879 -0.609638
v -1.907982 1.564081 -0.614986
v -1.869087 1.751329 -0.628624
v -1.758789 1.744200 -0.240074
v -1.717148 1.731509 -0.254498
v -1.699677 1.362595 -0.242821
v -1.743263 1.387069 -0.223457
v -1.791603 1.566475 -0.221622
v -1.579590 1.758755 0.131741
v -1.557594 1.406650 0.142452
v -1.601082 1.581604 0.153259
v -1.478310 1.232093 -1.562374
v -1.558090 1.227104 -1.386719
v 2.146317 1.254606 1.259876
v 2.023323 1.273971 1.391384
v 2.163284 0.542618 1.517685
v 2.343361 0.530163 1.337692
v 2.317909 0.110107 1.683704
v 2.493225 0.102662 1.487949
v 2.409111 -0.273697 1.844349
v 2.610710 -0.281973 1.628670
v 2.514862 -0.684527 1.980339
v 2.713936 -0.680648 1.755615
v 2.615356 -1.143631 2.099064
v 2.807602 -1.121632 1.855045
v 2.688416 -1.654311 2.192226
v 2.879959 -1.619562 1.936756
v 2.740791 -2.218849 2.291729
v 2.954147 -2.179011 2.042336
v 2.776184 -2.790891 2.368145
v 3.009811 -2.765526 2.106121
v -2.688271 -3.426035 -1.993244
v -2.536919 -3.405700 -2.215130
v -2.699104 -2.865140 -1.956535
v -2.501778 -2.843835 -2.221680
v -2.635216 -2.280684 -1.906593
v -2.451027 -2.268249 -2.159782
v -2.536880 -1.698762 -1.864815
v -2.359474 -1.697099 -2.109982
v -2.430176 -1.155073 -1.793621
v -2.230545 -1.155470 -2.045341
v -2.273987 -0.668073 -1.707603
v -2.076271 -0.673934 -1.963593
v -2.132423 -0.249678 -1.603703
v -1.920479 -0.233205 -1.851292
v -1.934624 0.114563 -1.514938
v -1.777451 0.130363 -1.774765
v -1.726349 0.509651 -1.426231
v -1.617859 0.514006 -1.680161
v -1.693527 0.949905 -1.026340
v -1.675789 1.224649 -1.075947
v -1.756523 1.211917 -0.634365
v -1.661804 1.216847 -0.243282
v -1.491470 1.243973 0.107491
v -1.207901 1.255914 0.426064
v -0.885658 1.268228 0.734501
v -0.652328 1.273276 0.991608
v -0.404907 1.277454 1.227409
v -0.051048 1.296443 1.475922
v 0.311760 1.340536 1.684029
v 0.678795 1.375109 1.808983
v 1.062576 1.363288 1.826065
v 1.449127 1.327669 1.748348
v 1.437767 1.041913 1.791538
v 1.818199 1.022333 1.629829
v 1.802689 1.296502 1.571476
v 1.897484 0.527215 1.769264
v 1.470940 0.564239 1.985268
v 1.030403 0.604097 2.050610
v 1.522392 0.115395 2.266750
v 1.055397 0.155014 2.416153
v 0.610596 0.101711 2.355167
v 1.085426 -0.311100 2.704582
v 0.590500 -0.392892 2.622791
v 0.062218 -0.449581 2.447235
v 0.579628 -0.893693 2.855133
v -0.018181 -0.948343 2.726269
v -0.617439 -0.954461 2.440933
v -0.098038 -1.499197 3.017063
v -0.717300 -1.495615 2.665913
v -1.226608 -1.489059 2.232296
v -0.721001 -2.062251 2.810707
v -1.286026 -2.059617 2.348167
v -1.690720 -2.084209 1.997826
v -1.694443 -2.634075 1.931881
v -1.252869 -2.624649 2.349987
v -2.074814 -2.620234 1.531380
v -1.622589 -3.104067 1.844936
v -2.016724 -3.109908 1.427536
v -2.484459 -3.105552 0.861233
v -2.369736 -3.571030 0.757797
v -2.680359 -3.554001 0.159409
v -1.789543 -3.983028 1.238358
v -1.916801 -3.557428 1.328648
v -1.511551 -3.535192 1.744343
v -1.080147 -3.547925 2.163399
v -1.173882 -3.110422 2.262482
v -0.565300 -3.103176 2.757069
v -0.657074 -2.598572 2.847305
v 0.006546 -2.547271 3.181881
v -0.077316 -2.052569 3.156258
v 0.620224 -1.955389 3.261181
v 0.577858 -1.414553 3.133240
v 1.206215 -1.308801 3.023140
v 1.149284 -0.794933 2.895340
v 1.700287 -0.749075 2.659023
v 1.589920 -0.299080 2.513065
v 2.097878 -0.282508 2.151443
v 2.007484 0.084150 1.954620
v 2.190323 -0.700526 2.281353
v 1.790100 -1.250292 2.768803
v 1.257889 -1.837559 3.135693
v 0.672073 -2.448667 3.285778
v 0.125847 -3.042112 3.086128
v -0.475220 -3.564497 2.649124
v -1.432655 -3.964377 1.657917
v -0.974998 -3.968555 2.062759
v 0.182716 -3.517788 2.997086
v 0.792030 -3.466269 3.147202
v 0.754524 -2.967328 3.214699
v 1.355919 -2.918502 3.208496
v 1.313866 -2.374437 3.199730
v 1.894196 -2.318125 2.956455
v 1.846397 -1.775923 2.866821
v 2.359467 -1.712245 2.510532
v 2.296600 -1.183863 2.408775
v 2.410133 -2.259517 2.595081
v 1.928955 -2.869218 3.019722
v 1.373856 -3.431162 3.160656
v 2.446465 -2.825719 2.668629
v -2.868217 -3.448943 -1.597740
v -2.892998 -2.902462 -1.558174
v -2.834351 -2.322561 -1.517471
v -2.761169 -1.728106 -1.473469
v -2.641968 -1.192555 -1.405731
v -2.492577 -0.692527 -1.323631
v -2.324417 -0.249601 -1.228527
v -2.115692 0.140599 -1.123661
v -1.856972 0.517177 -1.013378
v -1.905487 0.523155 -0.528713
v -1.769150 0.925845 -0.573208
v -1.688850 0.924975 -0.199486
v -1.494087 0.942777 0.137550
v -1.228065 0.945150 0.472771
v -0.909950 0.959705 0.799812
v -0.736526 0.968715 1.028206
v -0.477104 0.958735 1.275024
v -0.116913 0.975763 1.547325
v 0.267662 1.020965 1.736897
v 0.617088 0.575960 2.011139
v 0.634567 1.040549 1.842686
v 1.024483 1.045538 1.845875
v 0.231331 0.502108 1.884953
v 0.163635 0.001483 2.150196
v -0.471252 -0.489695 2.140491
v -1.078644 -0.976894 2.031078
v -1.600777 -1.499852 1.924797
v -1.912109 -1.501850 1.581936
v -2.041084 -2.072190 1.606995
v -2.489456 -2.036055 1.040932
v -2.544533 -2.591544 0.974991
v -2.898193 -2.561686 0.357445
v -2.798325 -3.079674 0.249149
v -2.962456 -3.015719 -0.380028
v -2.856216 -3.508244 -0.436562
v -2.939156 -3.468624 -1.025124
v -3.015938 -2.957131 -0.979172
v -3.035316 -2.384000 -0.931011
v -2.972778 -1.801406 -0.872643
v -2.832207 -1.253065 -0.817814
v -2.652351 -0.735610 -0.744789
v -2.428429 -0.281815 -0.659245
v -2.186638 0.134361 -0.581287
v -1.792488 0.484982 -0.153034
v -1.562691 0.452864 0.181484
v -1.295731 0.451102 0.537022
v -1.002823 0.442608 0.898476
v -0.813866 0.432113 1.116718
v -0.719009 -0.072391 1.512058
v -0.558548 0.424213 1.351707
v -0.282242 -0.086349 1.828167
v -0.171974 0.431540 1.641369
v -0.905190 -0.512939 1.764996
v -1.209190 -0.496506 1.498882
v -1.434937 -0.972142 1.721298
v -1.678032 -0.965113 1.436119
v -2.316872 -1.468626 1.043552
v -2.853058 -2.005820 0.423504
v -3.009315 -1.908801 -0.238075
v -3.054314 -2.465991 -0.302391
v -2.859550 -1.349391 -0.189674
v -2.646767 -0.810872 -0.127819
v -2.358315 -0.349056 -0.087090
v -2.025444 0.052807 -0.132858
v -1.743416 -0.009307 0.259106
v -1.732185 -0.442394 0.833134
v -1.460472 -0.016019 0.654442
v -1.418068 -0.487220 1.244644
v -1.187698 -0.027661 1.044323
v -0.996056 -0.038454 1.281437
v -2.047287 -0.932739 0.974262
v -2.418770 -0.889614 0.461067
v -2.685555 -1.431779 0.462677
v -2.070290 -0.418948 0.402626
v 2.316452 1.240904 0.991398
v 2.494583 1.229025 0.575031
v 2.550880 1.214037 0.108932
v 2.497719 1.219541 -0.380238
v 2.368134 1.194749 -0.842342
v 2.161148 1.166377 -1.270962
v 1.920891 1.166774 -1.595581
v 1.626221 1.185207 -1.892578
v 1.199089 1.204649 -2.153133
v 0.731926 1.212115 -2.304607
v 0.230591 1.198354 -2.366825
v -0.152473 1.216808 -2.360863
v -0.521416 1.241458 -2.268597
v -0.952850 1.256172 -2.031887
v -0.967834 0.984555 -2.125439
v -1.278580 1.251736 -1.783722
v -1.307304 0.976614 -1.844151
v -1.386482 0.547469 -1.953705
v -1.505966 0.173923 -2.080975
v -1.640396 -0.223127 -2.183178
v -1.774429 -0.667934 -2.287106
v 1.191444 -3.700145 -1.805664
v 0.673920 -3.736558 -2.279530
v 0.195236 -3.761645 -2.721252
v 0.686378 -3.245181 -2.292973
v 0.193230 -3.245696 -2.731880
v 0.167152 -2.733946 -2.700840
v -0.327621 -2.701217 -3.049248
v -0.324936 -2.169130 -3.002792
v -0.729485 -2.689515 -3.184734
v -0.706245 -2.143155 -3.139568
v -1.106789 -2.137490 -3.113373
v -0.644958 -1.627877 -3.096684
v -1.032181 -1.614750 -3.054974
v -1.530846 -1.630155 -2.822857
v -1.437782 -1.127413 -2.718735
v -1.904999 -1.155173 -2.357838
v -1.353622 -0.655302 -2.654709
v -1.233215 -0.242432 -2.550461
v -1.137619 0.162735 -2.457829
v -1.009865 0.536203 -2.276340
v -0.591965 0.511889 -2.524822
v -0.680229 0.114622 -2.680679
v -0.773140 -0.274668 -2.793552
v -0.880226 -0.659877 -2.897255
v -0.953827 -1.120839 -2.978951
v -0.569260 -1.144123 -3.027504
v -0.282066 -1.667122 -2.944130
v 0.169533 -2.216988 -2.680092
v 0.687485 -2.758200 -2.296852
v 1.251450 -3.212927 -1.829239
v 1.704025 -3.217857 -1.395538
v 1.652794 -3.699848 -1.379341
v 2.083946 -3.743012 -0.912964
v 3.106026 -1.584081 1.565498
v 2.854042 -0.305614 1.311470
v 2.596710 0.494048 1.063236
v 2.417290 0.974475 0.987732
v 2.790199 0.454626 0.633556
v 2.604156 0.950180 0.578587
v 2.613228 0.913610 0.125526
v 2.587547 0.400395 -0.320511
v 2.537384 0.911769 -0.353313
v 2.441933 0.405224 -0.842022
v 2.409096 0.900106 -0.833691
v 2.183228 0.872505 -1.281364
v 1.926338 0.883534 -1.627769
v 1.589973 0.441854 -1.978165
v 1.615829 0.893019 -1.931305
v 1.117813 0.443794 -2.278900
v 1.171631 0.917827 -2.216064
v 0.613365 0.444687 -2.423275
v 0.691254 0.921866 -2.371628
v 0.105545 0.454944 -2.494804
v 0.189835 0.923214 -2.426620
v -0.256569 0.474050 -2.552155
v -0.186806 0.939826 -2.438595
v -0.542572 0.970534 -2.359615
v 0.014740 0.023996 -2.539665
v -0.329887 0.060983 -2.649754
v -0.071098 -0.367906 -2.657005
v -0.410828 -0.315613 -2.818840
v -0.143623 -0.765864 -2.731236
v -0.502220 -0.698941 -2.898361
v -0.202599 -1.199978 -2.875389
v 0.258141 -1.295772 -2.544998
v 0.180496 -1.743748 -2.599152
v 0.717606 -1.822630 -2.266567
v 0.733368 -2.269497 -2.333881
v 1.277603 -2.300980 -1.896751
v 1.250343 -2.756379 -1.843422
v 1.689964 -2.754518 -1.431915
v 2.112801 -2.752736 -0.994518
v 2.115402 -3.231500 -0.962933
v 2.569740 -3.255398 -0.411488
v 2.565224 -3.768554 -0.393215
v 3.004448 -3.786713 0.115234
v 2.992844 -3.246726 0.108387
v 2.549118 -2.742896 -0.432419
v 1.698158 -2.300108 -1.505459
v 2.109650 -2.278209 -1.069828
v 1.668793 -1.883378 -1.543697
v 1.257835 -1.872724 -1.884571
v 0.749275 -1.379091 -2.212860
v 0.350029 -0.842313 -2.481842
v 0.419189 -0.406415 -2.440933
v 0.525246 0.008710 -2.433887
v 1.047417 0.003742 -2.283325
v 0.946960 -0.423901 -2.234730
v 0.880013 -0.897317 -2.250607
v 1.403160 -0.951371 -1.951580
v 1.254707 -1.440491 -1.853195
v 1.628685 -1.458806 -1.534554
v 1.974533 -1.436689 -1.140461
v 2.085022 -1.840490 -1.149673
v 2.562363 -1.762599 -0.597431
v 2.557587 -2.236214 -0.496136
v 2.897430 -2.157607 0.099945
v 2.946121 -2.707453 0.112545
v 3.250320 -2.691614 0.639828
v 3.287094 -3.252983 0.647625
v 3.328316 -2.700563 1.188866
v 3.208359 -2.117790 0.610691
v 2.904259 -1.665241 -0.000690
v 2.375595 -1.350975 -0.559402
v 1.758278 -0.973746 -1.648575
v 2.036148 -0.947093 -1.255028
v 1.451912 -0.462729 -1.938614
v 1.813660 -0.484073 -1.654846
v 1.545563 -0.012792 -1.995945
v 1.924858 0.430867 -1.664898
v 1.895554 -0.028037 -1.698601
v 2.193680 0.415343 -1.325089
v 2.148994 -0.027919 -1.331165
v 2.118851 -0.478231 -1.314491
v 2.448219 -0.458135 -0.801659
v 2.360336 -0.888725 -0.686840
v 2.687813 -0.821127 -0.118633
v 2.759270 -1.232393 -0.024410
v 3.128342 -1.125098 0.449810
v 3.187088 -1.588298 0.529278
v 3.260162 -1.562419 1.051544
v 3.286858 -2.109711 1.136265
v 3.163261 -2.137411 1.647572
v 3.206940 -2.723076 1.708080
v 3.227386 -1.077400 0.972008
v 2.984818 -0.749825 0.399616
v 2.699196 -0.435622 -0.233871
v 2.409264 -0.036591 -0.821007
v 2.715096 0.431481 0.160275
v 2.748138 -0.015008 0.237865
v 2.588730 -0.044649 -0.277218
v 2.908478 -0.388061 0.317474
v 3.014252 -0.322325 0.832016
v 3.113518 -0.690130 0.896221
v 2.970039 -0.677400 1.405933
v 3.041801 -1.086446 1.482571
v 2.880066 0.039954 0.729893
v 2.750397 0.090011 1.198471
v -2.033073 -1.678010 -2.450439
v -1.620377 -2.163883 -2.905365
v -2.114670 -2.228769 -2.524250
v -2.169037 -2.797721 -2.577999
v -2.192345 -3.355844 -2.609402
v -0.304382 -3.245538 -3.078762
v -0.729248 -3.243617 -3.213589
v -1.155121 -3.265773 -3.183319
v -1.146553 -2.696800 -3.154198
v -1.676773 -2.733055 -2.947617
v -1.701973 -3.307293 -2.965176
v -1.605034 1.934814 -1.413952
v -1.504898 1.956912 -1.619091
v 2.223488 1.933587 1.330551
v 2.102959 1.957049 1.466484
v -1.752350 1.962972 -1.074322
v -1.848183 1.957486 -0.628468
v -1.750992 1.949052 -0.242218
v -1.578110 1.966911 0.133869
v -1.289413 1.946219 0.465744
v -0.940178 1.939863 0.771572
v -0.691345 1.947172 1.037685
v -0.438408 1.941962 1.289165
v -0.080521 1.992611 1.563103
v 0.288986 2.020152 1.815395
v 0.675476 2.035221 1.978073
v 1.085861 2.040923 1.986778
v 1.495186 2.030706 1.874943
v 1.896759 1.992136 1.645412
v 2.392342 1.887157 1.030403
v 2.565918 1.846409 0.558414
v 2.591850 1.821004 0.036606
v 2.530258 1.815422 -0.491737
v 2.416222 1.798175 -0.964191
v 2.219528 1.799897 -1.381763
v 2.000893 1.823696 -1.698433
v 1.737526 1.832964 -1.955948
v 1.325806 1.852724 -2.190163
v 0.844101 1.850288 -2.328968
v 0.318748 1.857791 -2.414078
v -0.096596 1.890483 -2.420013
v -0.506676 1.935468 -2.332680
v -0.990318 1.964615 -2.083549
v -1.326920 1.970295 -1.826523
v -0.531418 1.275022 -2.294357
v -0.155472 1.246924 -2.384354
v 0.231865 1.223777 -2.389996
v 0.740158 1.238094 -2.328686
v 1.213661 1.232726 -2.175129
v 1.641457 1.212511 -1.909634
v 1.939316 1.194967 -1.612495
v 2.179848 1.192079 -1.284626
v 2.392799 1.217836 -0.853516
v 2.520966 1.245240 -0.385082
v 2.573563 1.239876 0.110924
v 2.515808 1.253873 0.583797
v 2.335861 1.263991 1.005428
v 2.164452 1.277870 1.277645
v 2.039436 1.297513 1.410328
v 1.816353 1.324579 1.591778
v 1.458801 1.356477 1.771687
v 1.068375 1.394929 1.851265
v 0.679382 1.404156 1.836315
v 0.309158 1.368713 1.707661
v -0.056747 1.327488 1.495510
v -0.416397 1.305174 1.247948
v -0.665848 1.301770 1.008606
v -0.906860 1.295831 0.751862
v -1.229843 1.283969 0.436970
v -1.512154 1.275138 0.112576
v -1.686783 1.246229 -0.242554
v -1.788162 1.242389 -0.637444
v -1.704872 1.257931 -1.085537
v -1.582771 1.254805 -1.400341
v -1.501472 1.264209 -1.576515
v -1.299423 1.280663 -1.799671
v -0.969215 1.284542 -2.051922
v 2.224693 1.002255 1.272842
v 2.060844 1.011048 1.425491
v -1.602119 0.960418 -1.385529
v -1.512779 0.972297 -1.600063
v -1.576607 1.942160 -1.394825
v -1.482452 1.961406 -1.592922
v 2.192871 1.938993 1.308025
v 2.077477 1.965228 1.443722
v -1.721336 1.968594 -1.063641
v -1.814102 1.961487 -0.632080
v -1.717125 1.954002 -0.253151
v -1.546211 1.972930 0.118580
v -1.262535 1.957624 0.441914
v -0.911972 1.953783 0.747311
v -0.663231 1.961049 1.013325
v -0.413666 1.956318 1.261906
v -0.062157 2.001285 1.531433
v 0.303574 2.027678 1.781712
v 0.682808 2.043497 1.944023
v 1.083229 2.050387 1.952171
v 1.482170 2.037875 1.841900
v 1.871933 1.997720 1.621010
v 2.356316 1.901510 1.013367
v 2.525642 1.859000 0.551399
v 2.553673 1.835024 0.039139
v 2.492920 1.832310 -0.484501
v 2.381668 1.814014 -0.950527
v 2.189537 1.818153 -1.362583
v 1.974197 1.840430 -1.675961
v 1.717728 1.852230 -1.929008
v 1.313950 1.873117 -2.158031
v 0.837029 1.872328 -2.295322
v 0.316284 1.878424 -2.378853
v -0.094002 1.909887 -2.384773
v -0.495026 1.947230 -2.297787
v -0.970490 1.972515 -2.052242
v -1.304871 1.976932 -1.797726
v 1.644745 1.660486 -2.037079
v 1.452316 1.672763 -2.184956
v 1.728523 1.308303 -1.889988
v 1.247360 1.684087 -2.316940
v 1.006706 1.682820 -2.396927
v 0.681702 1.331292 -2.427044
v 0.933846 1.342320 -2.388554
v -0.005798 1.361804 -2.520638
v 0.177917 1.342183 -2.494232
v 0.032158 1.690721 -2.552658
v 0.424690 1.332717 -2.447498
v -0.130630 1.392394 -2.538780
v -0.227379 1.434569 -2.555977
v -0.208290 1.681257 -2.588051
v -0.299370 1.515748 -2.570618
v -0.297340 1.620490 -2.584213
v 0.185913 -4.452367 -2.663460
v 0.649307 -4.417599 -2.223194
v 1.127739 -4.389759 -1.761448
v 1.622246 -4.386276 -1.294300
v 2.035309 -4.412530 -0.884010
v 2.512230 -4.456882 -0.376877
v 2.951683 -4.503392 0.125217
v 2.161102 1.303116 -1.593105
v 2.116455 1.306501 -1.638706
v 2.162926 1.714698 -1.607330
v 2.119926 1.719549 -1.652424
v 2.050529 1.273772 -1.479839
v 2.138954 1.333845 -1.557430
v 2.143448 1.657002 -1.568279
v 2.118767 1.313948 -1.640762
v 2.114777 1.719589 -1.647243
v 2.006142 1.275731 -1.535618
v 2.056198 1.273118 -1.485565
v 2.163414 1.310580 -1.595161
v 2.157761 1.714679 -1.602108
v 2.121719 1.715155 -1.654358
v 2.164726 1.710283 -1.609276
v 2.110100 1.302484 -1.632462
v 2.154701 1.299078 -1.586819
v 2.084312 1.341091 -1.616333
v 2.140030 1.337369 -1.558395
v 2.137177 1.331648 -1.555737
v 2.087250 1.318560 -1.506062
v 2.144249 1.655794 -1.569134
v 2.111763 1.292819 -1.657646
v 2.064957 1.294485 -1.703892
v 2.112328 1.745053 -1.676323
v 2.070198 1.746280 -1.719238
v 1.995430 1.262506 -1.548538
v 2.002869 1.271139 -1.551888
v 2.030464 1.303550 -1.564079
v 2.065620 1.305236 -1.709087
v 1.960014 1.264209 -1.596897
v 2.001091 1.261694 -1.554253
v 2.114090 1.300879 -1.659721
v 2.107155 1.745230 -1.671101
v 2.072006 1.741408 -1.721184
v 2.114143 1.740162 -1.678284
v 2.058586 1.290286 -1.697632
v 2.101463 1.287771 -1.654064
v 2.014809 1.287136 -1.559402
v 2.037659 1.685890 -1.696331
v 2.090858 1.331013 -1.623108
v 2.092628 1.678563 -1.636913
v 2.056038 1.284149 -1.722500
v 2.010048 1.291453 -1.771683
v 2.061195 1.762080 -1.737480
v 2.017326 1.764892 -1.782604
v 1.943977 1.251954 -1.608421
v 1.952492 1.263694 -1.612789
v 1.974907 1.297256 -1.629070
v 2.012360 1.299909 -1.773769
v 2.012192 1.765208 -1.777439
v 1.904709 1.254229 -1.660236
v 1.949638 1.250982 -1.614132
v 2.056717 1.295374 -1.727707
v 2.056030 1.762396 -1.732258
v 2.019165 1.759644 -1.784550
v 2.063026 1.756814 -1.739426
v 2.003693 1.287117 -1.765411
v 2.049629 1.279772 -1.716198
v 1.964195 1.279909 -1.620182
v 1.985924 1.700979 -1.758255
v 2.033974 1.329292 -1.691837
v 1.980972 1.308738 -1.638969
v 2.040039 1.697156 -1.702435
v 2.002853 1.281198 -1.793694
v 1.950348 1.283495 -1.845047
v 2.010246 1.782851 -1.803661
v 1.963371 1.783047 -1.849163
v 1.886322 1.244351 -1.680218
v 1.832741 1.247894 -1.734272
v 1.917267 1.323112 -1.822014
v 1.990730 1.715254 -1.765720
v 1.896614 1.257634 -1.683815
v 1.923584 1.296385 -1.699104
v 1.952644 1.292423 -1.847176
v 1.838333 1.246825 -1.739914
v 1.891953 1.243261 -1.685902
v 2.005180 1.290128 -1.795792
v 2.005066 1.783304 -1.798454
v 1.965218 1.777444 -1.851124
v 2.012108 1.777227 -1.805634
v 1.857803 1.752913 -1.741695
v 1.941948 1.278069 -1.839809
v 1.996437 1.276642 -1.787392
v 1.910126 1.279236 -1.693012
v 1.932388 1.717391 -1.826469
v 1.921021 1.328024 -1.821175
v 1.981194 1.326421 -1.761169
v 1.931267 1.305571 -1.705894
v 1.991539 1.713670 -1.766586
v 1.931183 1.293632 -1.850159
v 1.884109 1.290722 -1.893307
v 1.944229 1.767446 -1.855087
v 1.900719 1.768436 -1.897842
v 1.770943 1.258427 -1.780560
v 1.867577 1.705193 -1.873383
v 1.822021 1.271001 -1.743347
v 1.886406 1.299176 -1.895435
v 1.895569 1.768813 -1.892693
v 1.776543 1.257437 -1.786217
v 1.819405 1.258824 -1.744789
v 1.933495 1.302127 -1.852299
v 1.902565 1.763168 -1.899776
v 1.946068 1.762159 -1.857033
v 1.838333 1.736478 -1.745514
v 1.877769 1.286386 -1.887020
v 1.835251 1.287970 -1.749996
v 1.867729 1.701710 -1.873707
v 1.856995 1.336914 -1.870445
v 1.867043 1.706778 -1.872265
v 1.912979 1.335786 -1.814201
v 1.924355 1.704065 -1.819916
v 1.865410 1.301789 -1.899578
v 1.822861 1.302403 -1.941063
v 1.881638 1.753644 -1.904018
v 1.837242 1.754457 -1.946735
v 1.801414 1.692523 -1.923141
v 1.825127 1.310442 -1.943218
v 1.832069 1.754735 -1.941566
v 1.714478 1.269693 -1.834450
v 1.867676 1.309848 -1.901737
v 1.876442 1.753922 -1.898823
v 1.839073 1.749525 -1.948654
v 1.883469 1.748694 -1.905937
v 1.815735 1.298265 -1.935394
v 1.858673 1.296047 -1.892483
v 1.802711 1.690326 -1.923157
v 1.789734 1.340974 -1.919586
v 1.859322 1.687612 -1.867058
v 1.806129 1.316560 -1.949310
v 1.764183 1.318897 -1.991116
v 1.820717 1.734559 -1.954296
v 1.777176 1.733787 -1.995735
v 1.730598 1.350280 -1.967861
v 1.766426 1.326361 -1.993271
v 1.656532 1.285989 -1.883575
v 1.698616 1.285454 -1.842106
v 1.808846 1.324302 -1.951157
v 1.815506 1.734676 -1.949116
v 1.778999 1.729311 -1.997612
v 1.822540 1.730062 -1.956200
v 1.757408 1.313748 -1.984509
v 1.799744 1.312540 -1.942982
v 1.742538 1.675753 -1.973194
v 1.731644 1.353845 -1.968941
v 1.678711 1.335429 -1.915863
v 2.015541 1.729669 -1.661777
v 2.059624 1.725252 -1.615028
v 2.064888 1.671297 -1.609234
v 2.615662 1.274048 -0.273075
v 2.630142 1.272464 -0.169247
v 2.633835 1.812590 -0.316814
v 2.654167 1.811124 -0.198452
v 2.689980 1.539350 -0.306648
v 2.709763 1.538400 -0.192390
v 2.531410 1.266248 -0.258541
v 2.545677 1.261100 -0.151760
v 2.550308 1.817916 -0.300068
v 2.570778 1.816965 -0.180977
v 2.525597 1.311373 -0.268833
v 2.542793 1.308976 -0.159374
v 2.663338 1.538043 -0.309437
v 2.685265 1.538242 -0.180630
v 2.637383 1.791087 -0.187683
v 2.614037 1.792631 -0.321434
v 2.597939 1.290145 -0.277752
v 2.615257 1.288205 -0.159206
v 2.552635 1.286880 -0.269520
v 2.569504 1.282525 -0.150078
v 2.590744 1.793206 -0.178066
v 2.567307 1.794413 -0.312279
v 2.545860 1.316560 -0.280384
v 2.565781 1.313551 -0.155205
v 2.588165 1.742498 -0.186607
v 2.565208 1.741172 -0.319782
v 2.651787 1.787324 -0.320763
v 2.630898 1.765347 -0.324066
v 2.654617 1.765008 -0.191479
v 2.671989 1.785622 -0.202667
v 2.628464 1.326125 -0.287384
v 2.651535 1.322105 -0.164036
v 2.666557 1.306401 -0.174412
v 2.647949 1.308345 -0.279797
v 2.574112 1.278802 -0.272320
v 2.572372 1.260408 -0.265095
v 2.587708 1.258170 -0.159878
v 2.592087 1.277336 -0.154713
v 2.591766 1.830370 -0.307838
v 2.589874 1.807857 -0.316227
v 2.613342 1.806511 -0.182182
v 2.611839 1.828470 -0.189056
v 2.672043 1.657634 -0.314194
v 2.648582 1.647872 -0.315876
v 2.669189 1.647737 -0.185501
v 2.691673 1.661061 -0.199139
v 2.680275 1.426290 -0.293419
v 2.657944 1.434251 -0.297073
v 2.677338 1.428727 -0.171082
v 2.696732 1.421124 -0.182549
v 2.003410 1.391089 1.553764
v 1.925514 1.399047 1.613407
v 2.074997 1.988337 1.603508
v 2.003410 1.996096 1.659889
v 2.048355 1.697433 1.606354
v 1.973175 1.704738 1.666695
v 1.950783 1.362396 1.482098
v 1.871025 1.367901 1.542313
v 2.015945 1.960910 1.543446
v 1.939568 1.964496 1.600754
v 1.951538 1.410097 1.474228
v 1.870438 1.415046 1.539989
v 1.926201 1.881870 1.591412
v 2.035645 1.685495 1.581234
v 1.950783 1.695868 1.650635
v 1.982788 1.963603 1.648621
v 2.067650 1.960418 1.586052
v 1.997543 1.404175 1.532219
v 1.908600 1.412195 1.604111
v 1.968567 1.390512 1.496769
v 1.948555 1.947646 1.616379
v 2.032494 1.941705 1.551426
v 1.969994 1.417839 1.487556
v 1.879944 1.427658 1.564335
v 1.934235 1.883079 1.607430
v 2.018578 1.876347 1.541824
v 2.086952 1.969387 1.616306
v 2.077423 1.939468 1.598961
v 1.994339 1.944319 1.661293
v 2.013985 1.975543 1.673374
v 2.006943 1.444705 1.548615
v 1.920349 1.452684 1.623196
v 1.936432 1.438588 1.632309
v 2.013412 1.433518 1.565723
v 1.981750 1.385206 1.516621
v 1.976700 1.366654 1.516579
v 1.898354 1.374654 1.577679
v 1.894249 1.393841 1.584049
v 2.045502 1.988968 1.572975
v 2.050766 1.966496 1.568802
v 1.965469 1.969842 1.631805
v 1.971550 1.995028 1.630573
v 2.069397 1.831737 1.611744
v 2.058517 1.812056 1.592606
v 1.974617 1.822072 1.661949
v 1.995026 1.837776 1.671188
v 2.033951 1.562833 1.594215
v 2.026489 1.566774 1.572918
v 1.935814 1.571287 1.638916
v 1.955040 1.569723 1.652317
v 0.088379 1.386930 1.695858
v 0.002281 1.374673 1.650551
v 0.097046 1.999205 1.789986
v 0.015511 1.991166 1.720009
v 0.080811 1.696998 1.777805
v -0.006699 1.683334 1.727905
v 0.127754 1.364219 1.616669
v 0.039772 1.349785 1.569798
v 0.146111 1.983465 1.719536
v 0.063828 1.973603 1.649658
v 0.136726 1.410195 1.623207
v 0.048256 1.400058 1.574417
v 0.156815 1.893849 1.697426
v 0.098381 1.689414 1.757435
v -0.000214 1.676404 1.700199
v 0.021797 1.960793 1.697651
v 0.113922 1.973823 1.776279
v 0.102692 1.403541 1.684994
v 0.005722 1.388929 1.632938
v 0.123650 1.392709 1.642109
v 0.026222 1.375227 1.589172
v 0.049164 1.944795 1.658043
v 0.134232 1.422015 1.645023
v 0.033249 1.408888 1.591610
v 0.058182 1.874068 1.640179
v 0.151711 1.892879 1.716621
v 0.086578 1.976138 1.802586
v 0.104271 1.947092 1.787437
v 0.013016 1.928420 1.707996
v 0.005592 1.965842 1.732529
v 0.098030 1.442350 1.704384
v -0.002052 1.428806 1.654823
v -0.004486 1.417401 1.671230
v 0.083359 1.429598 1.715054
v 0.112572 1.383979 1.661362
v 0.107773 1.365288 1.653870
v 0.020294 1.353804 1.608986
v 0.015579 1.373823 1.610176
v 0.121658 2.005183 1.755711
v 0.035194 1.973485 1.678875
v 0.039894 1.997501 1.685371
v 0.085106 1.828767 1.795151
v 0.101532 1.808095 1.776882
v 0.001213 1.802216 1.714565
v -0.003494 1.818886 1.740295
v 0.076721 1.553903 1.757923
v 0.092834 1.556932 1.742313
v -0.002541 1.549448 1.682838
v -0.007439 1.545984 1.705437
v 0.425377 1.247618 -2.452160
v 0.315933 1.239064 -2.467800
v 0.456673 1.820944 -2.473904
v 0.338913 1.821282 -2.495590
v 0.455467 1.532955 -2.541191
v 0.344162 1.531746 -2.560764
v 0.407104 1.236329 -2.368896
v 0.296394 1.228155 -2.383541
v 0.437393 1.825320 -2.389267
v 0.318680 1.825222 -2.412579
v 0.457451 1.531647 -2.514755
v 0.331001 1.530085 -2.537468
v 0.327469 1.799978 -2.478580
v 0.460365 1.799384 -2.454247
v 0.430031 1.264842 -2.434574
v 0.307983 1.261555 -2.451557
v 0.420914 1.262249 -2.388863
v 0.296547 1.252824 -2.406239
v 0.316345 1.800985 -2.432140
v 0.449684 1.800453 -2.407692
v 0.428864 1.292483 -2.383179
v 0.301979 1.286920 -2.402485
v 0.325706 1.746953 -2.427982
v 0.458382 1.749408 -2.404572
v 0.460899 1.794591 -2.491909
v 0.464188 1.772750 -2.472404
v 0.331955 1.771803 -2.494484
v 0.343658 1.795779 -2.512825
v 0.428612 1.302719 -2.468189
v 0.304886 1.295908 -2.489708
v 0.315697 1.280426 -2.504494
v 0.423897 1.285593 -2.486237
v 0.423409 1.252052 -2.410675
v 0.414825 1.230726 -2.409767
v 0.305618 1.225362 -2.425529
v 0.301811 1.247815 -2.428749
v 0.446335 1.837398 -2.431789
v 0.454414 1.814392 -2.430347
v 0.321198 1.815322 -2.455002
v 0.328186 1.838964 -2.453922
v 0.461601 1.669396 -2.528534
v 0.464333 1.659001 -2.504971
v 0.332794 1.651238 -2.526154
v 0.346092 1.668070 -2.547771
v 0.440514 1.399681 -2.534973
v 0.443512 1.407283 -2.512798
v 0.318375 1.407146 -2.532425
v 0.330414 1.399978 -2.551552
v -1.429390 1.333747 -1.791817
v -1.504074 1.326460 -1.723015
v -1.437950 1.951644 -1.828232
v -1.504883 1.949369 -1.764656
v -1.455376 1.652921 -1.827911
v -1.523979 1.650230 -1.763058
v -1.371231 1.297374 -1.726574
v -1.442848 1.290780 -1.654118
v -1.386620 1.904799 -1.760803
v -1.454735 1.901175 -1.697060
v -1.437096 1.339290 -1.652061
v -1.445816 1.821183 -1.689903
v -1.435150 1.633320 -1.812634
v -1.511673 1.635916 -1.738346
v -1.498596 1.909432 -1.748539
v -1.422295 1.910758 -1.818794
v -1.413345 1.343784 -1.782154
v -1.496964 1.336300 -1.703976
v -1.380280 1.326956 -1.745865
v -1.463737 1.316778 -1.666664
v -1.470078 1.881040 -1.710751
v -1.392418 1.889671 -1.781471
v -1.373085 1.354260 -1.745949
v -1.457336 1.350240 -1.664661
v -1.460754 1.823696 -1.701149
v -1.386505 1.825758 -1.772453
v -1.450005 1.928042 -1.842609
v -1.433731 1.893434 -1.833260
v -1.510208 1.883771 -1.763676
v -1.515274 1.932559 -1.780224
v -1.426003 1.381999 -1.794056
v -1.510231 1.380889 -1.717163
v -1.517670 1.369130 -1.736557
v -1.442245 1.372139 -1.803829
v -1.396103 1.325648 -1.762947
v -1.398674 1.305097 -1.758438
v -1.473381 1.300541 -1.688519
v -1.479904 1.318739 -1.685661
v -1.411644 1.943784 -1.793411
v -1.406601 1.917094 -1.798790
v -1.483940 1.912400 -1.727776
v -1.477837 1.946103 -1.729767
v -1.453529 1.793206 -1.839447
v -1.438072 1.765247 -1.826511
v -1.511154 1.763091 -1.754547
v -1.519585 1.789918 -1.776134
v -1.450310 1.499572 -1.813099
v -1.430489 1.507372 -1.799294
v -1.511688 1.500384 -1.721394
v -1.522011 1.499018 -1.743389
v -1.598312 1.307195 0.146763
v -1.556671 1.310521 0.232002
v -1.651497 1.933448 0.138237
v -1.593254 1.926914 0.223724
v -1.663879 1.621024 0.149689
v -1.622490 1.621460 0.237110
v -1.515144 1.284050 0.115654
v -1.471840 1.285177 0.202782
v -1.519714 1.897313 0.180981
v -1.641586 1.612491 0.134403
v -1.594322 1.613542 0.233273
v -1.573265 1.890186 0.217873
v -1.638351 1.899036 0.121647
v -1.586540 1.319312 0.133701
v -1.538399 1.324797 0.230782
v -1.541611 1.307651 0.117168
v -1.491554 1.312125 0.215576
v -1.533081 1.871909 0.193989
v -1.599152 1.877692 0.096809
v -1.542168 1.338497 0.107227
v -1.491234 1.346280 0.208817
v -1.518578 1.805502 0.185616
v -1.582405 1.816689 0.090061
v -1.667137 1.905651 0.145477
v -1.654762 1.869157 0.128506
v -1.589325 1.863139 0.225391
v -1.609779 1.897294 0.230587
v -1.605385 1.359407 0.137035
v -1.558266 1.367169 0.237572
v -1.577789 1.351287 0.238441
v -1.617439 1.347389 0.150265
v -1.561378 1.303650 0.126434
v -1.554268 1.285534 0.131699
v -1.513115 1.289474 0.218098
v -1.515022 1.308719 0.222748
v -1.614342 1.937647 0.117462
v -1.617760 1.907808 0.109928
v -1.552391 1.899076 0.206295
v -1.555748 1.931231 0.203102
v -1.673103 1.756081 0.144329
v -1.654373 1.734221 0.129684
v -1.603745 1.737587 0.232925
v -1.627449 1.760456 0.235878
v -1.650986 1.477218 0.150238
v -1.633690 1.479513 0.136024
v -1.582436 1.485099 0.234913
v -1.605537 1.482188 0.237740
v 1.653633 1.485949 -2.087387
v 1.795502 1.644209 -1.948792
v 1.265144 1.682783 -2.356339
v 1.474678 1.670466 -2.221706
v 1.019356 1.681475 -2.437473
v 1.668755 1.656386 -2.070415
v 1.578491 1.316164 -2.016109
v 1.381699 1.330084 -2.171318
v 1.405273 1.335450 -2.208309
v 1.604156 1.320639 -2.050087
v 1.739433 1.309630 -1.924137
v 1.465408 1.502858 -2.249962
v 1.245720 1.516460 -2.385166
v 0.996651 1.514620 -2.466873
v 0.734489 1.501653 -2.498363
v 0.467323 1.514601 -2.499119
v 0.214363 1.531548 -2.557781
v 0.033699 1.547685 -2.605606
v -0.105362 1.560694 -2.636410
v -0.223328 1.529489 -2.632545
v -0.205353 1.615757 -2.646126
v 0.491180 1.681335 -2.496151
v 0.759895 1.672148 -2.477936
v 0.233162 1.694226 -2.550037
v 0.032166 1.709411 -2.597195
v -0.102150 1.707016 -2.623821
v 0.029633 1.710007 -2.553638
v 0.226105 1.695177 -2.507645
v 0.482933 1.682979 -2.454750
v 0.750450 1.674129 -2.436142
v 0.681549 1.334241 -2.427113
v 0.175888 1.363843 -2.495392
v -0.103836 1.708007 -2.581150
v -0.298752 1.628864 -2.584900
v -0.300865 1.524044 -2.571335
v -0.133011 1.406411 -2.539875
v -0.008575 1.379919 -2.521870
v -0.286263 1.626193 -2.625641
v -0.288811 1.520520 -2.613266
v -0.137550 1.408947 -2.584648
v -0.008247 1.388039 -2.565819
v 0.181908 1.371504 -2.537956
v 0.423714 1.346220 -2.447807
v 0.431961 1.352280 -2.489288
v 0.693550 1.344438 -2.468063
v 0.948135 1.349270 -2.430374
v 1.189186 1.348259 -2.343948
v 1.169800 1.341429 -2.303753
v -0.206177 1.690978 -2.630878
v -0.210014 1.692561 -2.588680
v -0.229256 1.445063 -2.556870
v -0.229492 1.449142 -2.601353
v 0.178452 -3.880108 -0.486893
v 0.340897 -3.849637 -0.408001
v 0.468643 -3.283197 -1.275402
v 0.549469 -3.633935 -0.755821
v 0.358627 -3.694285 -0.874420
v -0.182365 -3.961268 0.078358
v -0.115257 -3.885118 0.185001
v -0.731430 -3.911056 0.468288
v 0.110237 -2.764814 -2.020027
v 0.095131 -4.117075 -0.533195
v 0.295708 -3.788196 -1.287861
v 0.250595 -3.928677 -0.963242
v -0.629982 -4.118560 0.305824
v -1.201157 -3.963010 0.478680
v 0.792381 -3.616510 -0.587559
v 0.499512 -3.863000 -0.287216
v -0.034981 -3.881157 0.244755
v 0.724648 -3.888245 0.031189
v 0.640923 -3.847537 -0.115849
v 1.516144 -3.293178 -0.231396
v 0.989861 -3.627085 -0.318954
v 1.117241 -3.693751 -0.128742
v 0.145348 -3.956853 0.377621
v 0.040497 -3.897374 0.328522
v 0.767181 -4.110481 0.104328
v 1.533188 -3.792691 -0.084400
v 1.204758 -3.930043 -0.043858
v -0.075554 -4.119411 0.802738
v 2.339165 -3.374395 0.074043
v -0.288673 -3.938677 1.355320
v 1.733742 5.240088 2.299316
v 0.775635 8.421851 0.439617
v 0.862030 8.298378 -0.300671
v 0.641632 8.837355 1.025002
v 1.424217 7.302694 -0.453697
v 0.933311 7.317444 -0.856457
v 1.624878 6.438482 -1.435036
v 2.427032 5.391201 -1.509659
v 2.040291 5.405023 -1.902954
v 2.364082 4.233020 -1.468132
v 1.981125 4.243217 -1.837234
v 2.233948 3.125863 -1.415421
v 1.884773 3.124716 -1.756813
v 1.741600 1.491195 1.399059
v -1.570786 6.456481 1.759254
v -1.440498 5.503527 1.639549
v -1.539764 7.476460 1.744217
v -1.344589 8.547679 1.542973
v -0.407845 1.060943 0.591469
v 1.771645 4.591500 2.185364
v -1.233833 4.603658 1.434479
v 1.800682 3.931665 2.069691
v -0.995430 3.820034 1.207333
v 1.828293 3.348138 1.991203
v -0.792007 3.035795 1.007137
v 1.853088 2.786196 1.889069
v -0.803322 2.138597 1.005848
v 1.871933 2.144657 1.762280
v -0.476662 1.624588 0.671623
v -2.406082 8.838779 -0.958408
v -2.075691 5.207318 -1.512222
v -0.759026 8.830879 -0.395035
v -1.378052 9.119740 -0.051823
v 1.213715 7.311625 -0.837780
v 1.751244 6.429890 -1.423080
v 2.216644 5.369579 -1.843842
v 2.027481 2.119153 -1.723507
v 1.404984 1.278821 -1.855785
v -1.267067 1.205760 -1.508133
v -1.636154 9.362133 0.690399
v -1.869812 8.766232 -0.451458
v -1.956451 4.541803 -1.519684
v -1.831505 3.959919 -1.560287
v -1.719727 3.317569 -1.606461
v -1.657845 2.548399 -1.621834
v -1.381119 1.771803 -1.505753
v 0.444977 8.527048 -0.711395
v 1.689766 5.610467 2.417973
v 2.149117 5.545325 1.981136
v 0.956131 8.626125 -0.092522
v 0.441818 8.969657 1.320274
v 0.641014 9.085940 0.975578
v 0.252792 9.377991 1.535229
v 0.707382 8.678101 0.725945
v 1.131508 7.852024 -0.036041
v 1.736031 6.909328 -0.774216
v 1.273560 6.885190 -1.150837
v 1.876816 5.986172 -1.726826
v 2.268921 6.003340 -1.370983
v 2.446045 4.806982 -1.540180
v 2.035980 4.818825 -1.889008
v 1.917755 3.693590 -1.793720
v 2.288986 3.692817 -1.436436
v 1.793755 1.890779 1.547394
v 1.292976 1.370060 1.547115
v -1.514198 5.985875 1.707031
v -1.585442 6.980331 1.785004
v -0.132912 9.277109 1.805428
v -1.445229 8.013733 1.647278
v -1.290871 8.961479 1.453186
v -0.592224 8.953381 2.036217
v 0.812790 8.612385 1.262272
v 1.043205 8.260538 0.658405
v -1.349648 5.052919 1.545002
v -0.211304 1.072763 0.904190
v 1.759743 4.954295 2.247166
v -1.117149 4.212488 1.325974
v 1.788338 4.263375 2.125500
v -0.880692 3.441337 1.096992
v 2.297134 4.985875 1.830040
v 2.379105 4.280005 1.656334
v 1.794998 3.646646 2.018841
v -0.810310 2.636508 1.043831
v 2.351036 3.619003 1.513935
v 1.839378 3.072107 1.936909
v -0.664047 1.802748 0.859875
v 1.327362 2.658149 1.983994
v 1.878502 2.477791 1.877071
v -0.425011 1.322994 0.571980
v 1.344193 2.023718 1.806099
v -0.163994 1.626689 1.010075
v 2.374977 2.981106 1.475822
v -1.998650 8.529047 -1.787209
v -2.080833 8.743542 -1.252552
v -1.600830 7.877390 -2.132130
v -1.595161 6.914218 -2.275204
v -1.723701 6.139720 -2.085426
v -2.189041 5.666164 -1.493546
v -1.789772 5.533326 -1.896683
v -1.054901 8.956034 -0.250366
v -1.265236 9.406563 -0.015671
v -1.554520 8.623848 -0.699524
v -0.972496 8.592980 -0.609146
v -0.364204 8.669569 -0.424606
v 1.472282 6.882401 -1.134033
v 2.171928 4.795202 -1.807636
v 1.467621 1.696304 -1.956646
v -1.347534 1.474050 -1.514954
v -1.827507 5.466599 1.266315
v -1.961739 6.451196 1.399269
v -1.949097 7.466835 1.378223
v -1.531906 9.244442 0.280064
v -1.582382 9.505938 0.690357
v -1.706749 8.530712 1.175385
v -2.147141 8.786566 -0.720634
v -2.018280 4.868997 -1.514587
v -1.624603 4.562412 1.096600
v -1.892006 4.252406 -1.539215
v -1.392387 3.741030 0.883564
v -1.615730 4.889013 -1.997753
v -1.451279 4.232762 -2.030823
v -1.777534 3.642347 -1.586452
v -1.193283 2.969960 0.684685
v -1.349785 3.503549 -2.032291
v -1.680916 2.931842 -1.597305
v -1.083504 2.127192 0.584988
v -1.532562 2.092679 -1.600243
v -1.322403 2.726082 -2.032040
v -1.094566 1.829855 -1.878887
v -0.863678 1.239953 -1.846054
v -0.657013 9.117286 -0.343540
v -0.047791 8.908611 -0.492565
v 0.269608 8.741917 -0.793243
v -0.965103 9.249866 -0.224884
v -1.023537 1.544637 -1.848938
v -1.226982 2.258861 -1.944550
v -1.306969 3.101509 -1.998661
v -1.187447 2.585978 0.684841
v -1.405106 3.874246 -2.036701
v -1.274071 3.391064 0.762978
v -1.546387 4.557364 -2.032207
v -1.697830 5.208766 -1.941555
v -1.518883 4.145327 1.015354
v -1.726715 5.021179 1.188572
v -1.788048 9.014900 0.199856
v -1.837753 8.668872 -0.996140
v -1.586205 8.956964 1.109413
v -1.837402 8.002644 1.288342
v -1.458694 9.521325 1.054375
v -1.451294 9.465346 0.281380
v -1.985489 6.964510 1.417023
v -1.902885 5.963858 1.346962
v -1.291389 8.747561 -0.433144
v -1.958618 5.981161 -1.797920
v -1.609627 6.537601 -2.177746
v -1.534004 7.303051 -2.277809
v -1.784538 8.213276 -1.980350
v 2.333366 2.394571 1.375439
v 2.336319 3.272166 1.477406
v -0.320648 1.801739 1.212513
v 1.347115 2.366277 1.983868
v 2.364731 3.949090 1.576210
v 2.347481 4.631712 1.760204
v 2.231262 5.300022 1.918373
v -0.187111 1.337965 0.949577
v -0.960548 8.986902 1.782074
v 1.244423 1.602651 1.568787
v 0.925369 8.441174 0.978043
v 0.696709 8.946448 0.678875
v 0.634827 8.763083 1.562237
v 0.478233 9.222263 1.259022
v 1.395699 5.671610 2.788239
v 2.082207 5.941998 2.217594
v 0.958221 7.946730 -0.654888
v 1.025620 8.851629 0.006031
v 0.115791 8.943167 -0.837822
v 0.744217 8.405554 0.445107
v 0.819916 8.290773 -0.298458
v 0.617317 8.821908 1.027199
v -1.250130 9.359002 1.384216
v 0.069115 8.397770 -0.385990
v -0.759140 8.814544 -0.370533
v -1.369568 9.099207 -0.038464
v 0.697609 7.266460 -1.140099
v 1.205635 7.292656 -0.813656
v 1.737679 6.408030 -1.405453
v 2.197601 5.363026 -1.820099
v 2.012177 2.120835 -1.699718
v 0.468010 8.529383 -0.682735
v 0.922546 8.636185 -0.100906
v 0.657021 8.777021 0.370705
v 0.418266 8.954863 1.318066
v 0.612457 9.083664 0.970398
v 0.679451 8.662222 0.729965
v -0.514137 9.491642 1.738380
v -1.224762 9.502415 1.364029
v -0.885269 9.384960 1.624134
v -1.055084 8.937282 -0.229881
v -0.361267 8.655668 -0.396378
v 0.424149 7.811039 -0.783245
v 1.460678 6.860104 -1.115986
v 2.020271 5.988745 -1.678299
v 2.154617 4.797558 -1.783470
v -1.511482 9.225827 0.285065
v -1.555580 9.496239 0.686687
v -1.461777 9.372171 1.039589
v -0.647064 9.121680 -0.323059
v -0.021858 8.912315 -0.458542
v 0.281380 8.756368 -0.763939
v -0.284416 9.009314 -0.393871
v -0.954880 9.245726 -0.199234
v -1.433128 9.512753 1.037628
v -1.425209 9.456005 0.290718
v -0.877625 9.523701 1.592522
v 0.664062 8.944828 0.675293
v 0.960236 7.937622 -0.623806
v 1.011787 8.873053 0.011406
v 0.861694 9.105564 0.289711
v -1.218346 10.095285 1.365429
v -1.150543 9.770090 -0.021049
v -1.460197 10.017807 0.614513
v -0.545891 9.460615 -0.465500
v 0.108513 8.965317 -0.835049
v 0.784088 9.246815 0.561115
v -0.069519 9.882792 1.616978
v -1.346519 9.914827 0.281254
v -1.464745 10.102591 1.064903
v 1.351791 8.195179 0.158398
v 1.096954 8.396980 0.585365
v 0.761803 8.785396 1.280361
v -1.285118 9.409512 1.502537
v -1.651138 9.046799 -0.109463
v -1.769051 9.328629 0.742424
v -0.621971 8.460855 -1.115051
v -0.445412 8.390128 -1.319447
v 0.895744 8.646896 1.028164
v -1.789047 9.226065 0.343403
v -0.793831 9.085131 -0.552124
v -1.077194 9.234619 -0.334621
v -0.420387 8.878103 -0.774498
v 0.958191 8.809671 0.457722
v -1.363083 9.380209 -0.078072
v 0.443214 9.295683 1.459053
v 0.705544 9.100120 1.079113
v -0.570145 8.968050 -0.697773
v 0.830002 9.002427 0.810089
v -1.284302 9.729321 1.473782
v -0.911560 9.705563 1.707661
v 1.182716 8.535124 0.096966
v -0.157471 8.624144 -1.022518
v 1.048660 8.861410 0.019779
v 0.883842 9.090019 0.335381
v 0.858643 9.063313 0.325695
v -0.144760 9.154230 -0.708313
v -0.127289 9.128532 -0.687344
v -0.308899 9.240622 -0.590427
v -0.330910 9.272478 -0.603561
v 0.283173 9.108946 1.898071
v -1.079346 8.722156 -0.738907
v 0.574303 8.970309 1.638805
v -1.397835 8.886477 -0.456486
v -0.858711 8.610167 -0.942379
v -0.164650 8.644562 -1.043983
v 1.040321 8.888018 0.022160
v 0.901932 9.110374 0.304245
v 0.617577 9.467289 0.983753
v 0.590012 9.466417 0.949409
v 0.272614 9.695366 1.409054
v 0.249863 9.708096 1.380005
v -0.483704 10.032104 1.775284
v -0.489304 10.050042 1.727600
v -0.135002 9.173851 -0.750835
v -0.106987 9.173361 -0.726292
v 0.422974 9.592602 1.193039
v 0.446381 9.590027 1.217819
v 0.797684 9.261209 0.625225
v -0.039711 9.865290 1.661682
v -0.860840 10.095701 1.596848
v -0.888885 10.083622 1.639675
v -0.808754 9.604838 -0.276363
v -0.294846 9.304394 -0.622517
v -1.279961 1.748735 0.465618
v -1.249130 1.737508 0.434620
v -1.236649 1.393859 0.438118
v -1.265640 1.408670 0.469746
v 2.215508 1.663337 -1.361954
v 2.188110 1.309830 -1.307560
v 2.229019 1.317017 -1.333881
v 2.275238 1.474226 -1.377213
v 2.252335 1.661298 -1.386257
v 2.024048 1.678623 -1.707195
v 2.034370 1.492680 -1.709450
v 1.989845 1.325094 -1.662659
v 1.989639 1.681236 -1.680595
v 1.720276 1.690187 -1.951157
v 1.692192 1.333332 -1.961826
v 1.740112 1.502126 -2.002556
v 1.746567 1.687512 -1.985458
v 1.320961 1.698344 -2.229927
v 1.305573 1.518699 -2.257156
v 1.262466 1.359982 -2.219006
v 1.303703 1.700225 -2.189533
v 0.778404 1.356715 -2.374916
v 0.815384 1.520638 -2.411446
v 0.836807 1.707571 -2.378151
v 0.268768 1.356516 -2.455997
v 0.294235 1.522559 -2.495018
v 0.313080 1.707887 -2.462898
v -0.102661 1.736518 -2.464409
v -0.117775 1.551290 -2.493336
v -0.130547 1.384118 -2.449009
v -0.538078 1.418452 -2.352852
v -0.548904 1.595244 -2.402653
v -1.322914 1.788257 -1.830444
v -1.311546 1.406453 -1.794464
v -1.352249 1.428748 -1.827267
v -1.378433 1.610530 -1.876522
v -1.347893 1.803383 -1.866707
v -1.530098 1.791226 -1.663696
v -1.576248 1.606730 -1.656891
v -1.554268 1.423677 -1.609234
v -1.507164 1.396373 -1.579720
v -1.498627 1.778436 -1.633202
v -1.717148 1.731509 -0.254498
v -1.699677 1.362595 -0.242821
v -1.743263 1.387069 -0.223457
v -1.579590 1.758755 0.131741
v -1.540710 1.747350 0.110641
v -1.519882 1.388572 0.116325
v -1.557594 1.406650 0.142452
v -1.478310 1.232093 -1.562374
v -2.699104 -2.865140 -1.956535
v -2.501778 -2.843835 -2.221680
v -2.635216 -2.280684 -1.906593
v -2.451027 -2.268249 -2.159782
v -2.536880 -1.698762 -1.864815
v -2.359474 -1.697099 -2.109982
v -2.430176 -1.155073 -1.793621
v -2.230545 -1.155470 -2.045341
v -2.273987 -0.668073 -1.707603
v -2.076271 -0.673934 -1.963593
v -2.132423 -0.249678 -1.603703
v -1.920479 -0.233205 -1.851292
v -1.934624 0.114563 -1.514938
v -1.777451 0.130363 -1.774765
v -1.617859 0.514006 -1.680161
v -1.278580 1.251736 -1.783722
v -1.307304 0.976614 -1.844151
v -1.386482 0.547469 -1.953705
v -1.605034 1.934814 -1.413952
v -1.504898 1.956912 -1.619091
v -1.578110 1.966911 0.133869
v -1.289413 1.946219 0.465744
v 2.219528 1.799897 -1.381763
v 2.000893 1.823696 -1.698433
v 1.737526 1.832964 -1.955948
v 1.325806 1.852724 -2.190163
v -1.326920 1.970295 -1.826523
v 1.939316 1.194967 -1.612495
v -1.512154 1.275138 0.112576
v -1.501472 1.264209 -1.576515
v -1.299423 1.280663 -1.799671
v -1.512779 0.972297 -1.600063
v -1.576607 1.942160 -1.394825
v -1.482452 1.961406 -1.592922
v -1.304871 1.976932 -1.797726
v 1.644745 1.660486 -2.037079
v 1.452316 1.672763 -2.184956
v 1.728523 1.308303 -1.889988
v 1.247360 1.684087 -2.316940
v 1.006706 1.682820 -2.396927
v 0.750542 1.672624 -2.436131
v 0.681702 1.331292 -2.427044
v 0.933846 1.342320 -2.388554
v 0.177917 1.342183 -2.494232
v 0.228378 1.674900 -2.506916
v 0.032158 1.690721 -2.552658
v 0.483955 1.671494 -2.454540
v 0.424690 1.332717 -2.447498
v -0.101860 1.690521 -2.580296
v -0.130630 1.392394 -2.538780
v -0.227379 1.434569 -2.555977
v -0.208290 1.681257 -2.588051
v 2.161102 1.303116 -1.593105
v 2.162926 1.714698 -1.607330
v 2.138954 1.333845 -1.557430
v 2.118767 1.313948 -1.640762
v 2.163414 1.310580 -1.595161
v 2.121719 1.715155 -1.654358
v 2.164726 1.710283 -1.609276
v 2.085503 1.661794 -1.630375
v 2.084312 1.341091 -1.616333
v 2.140030 1.337369 -1.558395
v 2.144249 1.655794 -1.569134
v 2.111763 1.292819 -1.657646
v 2.064957 1.294485 -1.703892
v 2.112328 1.745053 -1.676323
v 2.070198 1.746280 -1.719238
v 2.065620 1.305236 -1.709087
v 1.960014 1.264209 -1.596897
v 2.001091 1.261694 -1.554253
v 2.114090 1.300879 -1.659721
v 2.072006 1.741408 -1.721184
v 2.114143 1.740162 -1.678284
v 2.058586 1.290286 -1.697632
v 2.101463 1.287771 -1.654064
v 2.014809 1.287136 -1.559402
v 2.037659 1.685890 -1.696331
v 2.031654 1.336835 -1.685341
v 1.978279 1.316521 -1.632080
v 2.090858 1.331013 -1.623108
v 2.087990 1.324817 -1.620434
v 2.092628 1.678563 -1.636913
v 2.056038 1.284149 -1.722500
v 2.010048 1.291453 -1.771683
v 2.017326 1.764892 -1.782604
v 2.032898 1.325314 -1.690842
v 2.039520 1.699590 -1.701862
v 2.012360 1.299909 -1.773769
v 1.904709 1.254229 -1.660236
v 2.056717 1.295374 -1.727707
v 2.019165 1.759644 -1.784550
v 2.063026 1.756814 -1.739426
v 2.003693 1.287117 -1.765411
v 2.049629 1.279772 -1.716198
v 1.985924 1.700979 -1.758255
v 1.975426 1.333747 -1.752571
v 2.033974 1.329292 -1.691837
v 2.040039 1.697156 -1.702435
v 2.002853 1.281198 -1.793694
v 1.950348 1.283495 -1.845047
v 1.917267 1.323112 -1.822014
v 1.929924 1.307076 -1.704494
v 1.980103 1.322164 -1.760189
v 1.923584 1.296385 -1.699104
v 1.958244 1.783524 -1.844009
v 1.838333 1.246825 -1.739914
v 2.005180 1.290128 -1.795792
v 2.005066 1.783304 -1.798454
v 1.965218 1.777444 -1.851124
v 2.012108 1.777227 -1.805634
v 1.941948 1.278069 -1.839809
v 1.996437 1.276642 -1.787392
v 1.932388 1.717391 -1.826469
v 1.865532 1.307728 -1.770393
v 1.981194 1.326421 -1.761169
v 1.931267 1.305571 -1.705894
v 1.991539 1.713670 -1.766586
v 1.931183 1.293632 -1.850159
v 1.884109 1.290722 -1.893307
v 1.944229 1.767446 -1.855087
v 1.900719 1.768436 -1.897842
v 1.867577 1.705193 -1.873383
v 1.886406 1.299176 -1.895435
v 1.895569 1.768813 -1.892693
v 1.776543 1.257437 -1.786217
v 1.933495 1.302127 -1.852299
v 1.902565 1.763168 -1.899776
v 1.946068 1.762159 -1.857033
v 1.877769 1.286386 -1.887020
v 1.867729 1.701710 -1.873707
v 1.856995 1.336914 -1.870445
v 1.849419 1.326876 -1.869255
v 1.867043 1.706778 -1.872265
v 1.912979 1.335786 -1.814201
v 1.924355 1.704065 -1.819916
v 1.865410 1.301789 -1.899578
v 1.822861 1.302403 -1.941063
v 1.881638 1.753644 -1.904018
v 1.788673 1.337111 -1.918579
v 1.801414 1.692523 -1.923141
v 1.825127 1.310442 -1.943218
v 1.832069 1.754735 -1.941566
v 1.714478 1.269693 -1.834450
v 1.867676 1.309848 -1.901737
v 1.876442 1.753922 -1.898823
v 1.839073 1.749525 -1.948654
v 1.883469 1.748694 -1.905937
v 1.858673 1.296047 -1.892483
v 1.802711 1.690326 -1.923157
v 1.789734 1.340974 -1.919586
v 1.736801 1.322182 -1.866676
v 1.849236 1.344338 -1.863808
v 1.859322 1.687612 -1.867058
v 1.806129 1.316560 -1.949310
v 1.764183 1.318897 -1.991116
v 1.820717 1.734559 -1.954296
v 1.777176 1.733787 -1.995735
v 1.730598 1.350280 -1.967861
v 1.687782 1.659892 -1.918438
v 1.785126 1.348598 -1.913300
v 1.772011 1.733905 -1.990570
v 1.656532 1.285989 -1.883575
v 1.698616 1.285454 -1.842106
v 1.808846 1.324302 -1.951157
v 1.815506 1.734676 -1.949116
v 1.778999 1.729311 -1.997612
v 1.822540 1.730062 -1.956200
v 1.688774 1.662367 -1.919434
v 1.757408 1.313748 -1.984509
v 1.742538 1.675753 -1.973194
v 1.786179 1.352161 -1.914322
v 2.015541 1.729669 -1.661777
v 2.059624 1.725252 -1.615028
v 2.012108 1.676584 -1.665180
v 2.615662 1.274048 -0.273075
v 2.630142 1.272464 -0.169247
v 2.633835 1.812590 -0.316814
v 2.654167 1.811124 -0.198452
v 2.689980 1.539350 -0.306648
v 2.709763 1.538400 -0.192390
v 2.531410 1.266248 -0.258541
v 2.545677 1.261100 -0.151760
v 2.550308 1.817916 -0.300068
v 2.570778 1.816965 -0.180977
v 2.525597 1.311373 -0.268833
v 2.542793 1.308976 -0.159374
v 2.547928 1.748932 -0.309391
v 2.569893 1.746854 -0.190655
v 2.663338 1.538043 -0.309437
v 2.685265 1.538242 -0.180630
v 2.637383 1.791087 -0.187683
v 2.614037 1.792631 -0.321434
v 2.597939 1.290145 -0.277752
v 2.615257 1.288205 -0.159206
v 2.552635 1.286880 -0.269520
v 2.569504 1.282525 -0.150078
v 2.590744 1.793206 -0.178066
v 2.567307 1.794413 -0.312279
v 2.545860 1.316560 -0.280384
v 2.565781 1.313551 -0.155205
v 2.588165 1.742498 -0.186607
v 2.565208 1.741172 -0.319782
v 2.651787 1.787324 -0.320763
v 2.630898 1.765347 -0.324066
v 2.654617 1.765008 -0.191479
v 2.671989 1.785622 -0.202667
v 2.628464 1.326125 -0.287384
v 2.651535 1.322105 -0.164036
v 2.666557 1.306401 -0.174412
v 2.647949 1.308345 -0.279797
v 2.574112 1.278802 -0.272320
v 2.572372 1.260408 -0.265095
v 2.587708 1.258170 -0.159878
v 2.592087 1.277336 -0.154713
v 2.591766 1.830370 -0.307838
v 2.589874 1.807857 -0.316227
v 2.613342 1.806511 -0.182182
v 2.611839 1.828470 -0.189056
v 2.672043 1.657634 -0.314194
v 2.648582 1.647872 -0.315876
v 2.669189 1.647737 -0.185501
v 2.691673 1.661061 -0.199139
v 2.680275 1.426290 -0.293419
v 2.657944 1.434251 -0.297073
v 2.677338 1.428727 -0.171082
v 2.696732 1.421124 -0.182549
v 2.003410 1.391089 1.553764
v 1.925514 1.399047 1.613407
v 2.074997 1.988337 1.603508
v 2.003410 1.996096 1.659889
v 2.048355 1.697433 1.606354
v 1.973175 1.704738 1.666695
v 1.950783 1.362396 1.482098
v 1.871025 1.367901 1.542313
v 2.015945 1.960910 1.543446
v 1.939568 1.964496 1.600754
v 1.951538 1.410097 1.474228
v 1.870438 1.415046 1.539989
v 2.001762 1.876939 1.533211
v 1.926201 1.881870 1.591412
v 2.035645 1.685495 1.581234
v 1.950783 1.695868 1.650635
v 1.982788 1.963603 1.648621
v 2.067650 1.960418 1.586052
v 1.997543 1.404175 1.532219
v 1.908600 1.412195 1.604111
v 1.968567 1.390512 1.496769
v 1.879112 1.395126 1.565525
v 1.948555 1.947646 1.616379
v 2.032494 1.941705 1.551426
v 1.969994 1.417839 1.487556
v 1.879944 1.427658 1.564335
v 1.934235 1.883079 1.607430
v 2.018578 1.876347 1.541824
v 2.086952 1.969387 1.616306
v 2.077423 1.939468 1.598961
v 1.994339 1.944319 1.661293
v 2.013985 1.975543 1.673374
v 2.006943 1.444705 1.548615
v 1.920349 1.452684 1.623196
v 1.936432 1.438588 1.632309
v 2.013412 1.433518 1.565723
v 1.981750 1.385206 1.516621
v 1.976700 1.366654 1.516579
v 1.898354 1.374654 1.577679
v 1.894249 1.393841 1.584049
v 2.045502 1.988968 1.572975
v 2.050766 1.966496 1.568802
v 1.965469 1.969842 1.631805
v 1.971550 1.995028 1.630573
v 2.069397 1.831737 1.611744
v 2.058517 1.812056 1.592606
v 1.974617 1.822072 1.661949
v 1.995026 1.837776 1.671188
v 2.033951 1.562833 1.594215
v 2.026489 1.566774 1.572918
v 1.935814 1.571287 1.638916
v 1.955040 1.569723 1.652317
v 0.146111 1.983465 1.719536
v 0.063828 1.973603 1.649658
v 0.136726 1.410195 1.623207
v 0.048256 1.400058 1.574417
v 0.156815 1.893849 1.697426
v 0.073471 1.880187 1.630013
v 0.098381 1.689414 1.757435
v -0.000214 1.676404 1.700199
v 0.021797 1.960793 1.697651
v 0.113922 1.973823 1.776279
v 0.102692 1.403541 1.684994
v 0.005722 1.388929 1.632938
v 0.123650 1.392709 1.642109
v 0.026222 1.375227 1.589172
v 0.049164 1.944795 1.658043
v 0.141739 1.958100 1.736168
v 0.134232 1.422015 1.645023
v 0.033249 1.408888 1.591610
v 0.058182 1.874068 1.640179
v 0.151711 1.892879 1.716621
v 0.104271 1.947092 1.787437
v 0.013016 1.928420 1.707996
v 0.098030 1.442350 1.704384
v -0.002052 1.428806 1.654823
v 0.112572 1.383979 1.661362
v 0.015579 1.373823 1.610176
v 0.121658 2.005183 1.755711
v 0.035194 1.973485 1.678875
v 0.101532 1.808095 1.776882
v 0.001213 1.802216 1.714565
v 0.092834 1.556932 1.742313
v -0.002541 1.549448 1.682838
v 0.425377 1.247618 -2.452160
v 0.315933 1.239064 -2.467800
v 0.456673 1.820944 -2.473904
v 0.338913 1.821282 -2.495590
v 0.455467 1.532955 -2.541191
v 0.344162 1.531746 -2.560764
v 0.407104 1.236329 -2.368896
v 0.296394 1.228155 -2.383541
v 0.437393 1.825320 -2.389267
v 0.318680 1.825222 -2.412579
v 0.416756 1.287235 -2.362976
v 0.304512 1.282227 -2.379288
v 0.447136 1.755605 -2.387054
v 0.328972 1.752340 -2.408535
v 0.457451 1.531647 -2.514755
v 0.331001 1.530085 -2.537468
v 0.327469 1.799978 -2.478580
v 0.460365 1.799384 -2.454247
v 0.430031 1.264842 -2.434574
v 0.307983 1.261555 -2.451557
v 0.420914 1.262249 -2.388863
v 0.296547 1.252824 -2.406239
v 0.316345 1.800985 -2.432140
v 0.449684 1.800453 -2.407692
v 0.428864 1.292483 -2.383179
v 0.301979 1.286920 -2.402485
v 0.325706 1.746953 -2.427982
v 0.458382 1.749408 -2.404572
v 0.460899 1.794591 -2.491909
v 0.464188 1.772750 -2.472404
v 0.331955 1.771803 -2.494484
v 0.343658 1.795779 -2.512825
v 0.428612 1.302719 -2.468189
v 0.304886 1.295908 -2.489708
v 0.315697 1.280426 -2.504494
v 0.423897 1.285593 -2.486237
v 0.423409 1.252052 -2.410675
v 0.414825 1.230726 -2.409767
v 0.305618 1.225362 -2.425529
v 0.301811 1.247815 -2.428749
v 0.446335 1.837398 -2.431789
v 0.454414 1.814392 -2.430347
v 0.321198 1.815322 -2.455002
v 0.328186 1.838964 -2.453922
v 0.461601 1.669396 -2.528534
v 0.464333 1.659001 -2.504971
v 0.332794 1.651238 -2.526154
v 0.346092 1.668070 -2.547771
v 0.440514 1.399681 -2.534973
v 0.443512 1.407283 -2.512798
v 0.318375 1.407146 -2.532425
v 0.330414 1.399978 -2.551552
v -1.371231 1.297374 -1.726574
v -1.386620 1.904799 -1.760803
v -1.380714 1.820886 -1.753887
v -1.445816 1.821183 -1.689903
v -1.435150 1.633320 -1.812634
v -1.511673 1.635916 -1.738346
v -1.498596 1.909432 -1.748539
v -1.422295 1.910758 -1.818794
v -1.413345 1.343784 -1.782154
v -1.496964 1.336300 -1.703976
v -1.380280 1.326956 -1.745865
v -1.463737 1.316778 -1.666664
v -1.392418 1.889671 -1.781471
v -1.373085 1.354260 -1.745949
v -1.457336 1.350240 -1.664661
v -1.386505 1.825758 -1.772453
v -1.433731 1.893434 -1.833260
v -1.510208 1.883771 -1.763676
v -1.426003 1.381999 -1.794056
v -1.510231 1.380889 -1.717163
v -1.396103 1.325648 -1.762947
v -1.479904 1.318739 -1.685661
v -1.406601 1.917094 -1.798790
v -1.483940 1.912400 -1.727776
v -1.438072 1.765247 -1.826511
v -1.511154 1.763091 -1.754547
v -1.430489 1.507372 -1.799294
v -1.511688 1.500384 -1.721394
v -1.598312 1.307195 0.146763
v -1.556671 1.310521 0.232002
v -1.651497 1.933448 0.138237
v -1.593254 1.926914 0.223724
v -1.663879 1.621024 0.149689
v -1.622490 1.621460 0.237110
v -1.515144 1.284050 0.115654
v -1.471840 1.285177 0.202782
v -1.577522 1.905592 0.095509
v -1.519714 1.897313 0.180981
v -1.517570 1.330182 0.105392
v -1.472275 1.337350 0.195740
v -1.562752 1.817024 0.086868
v -1.506554 1.806273 0.171516
v -1.641586 1.612491 0.134403
v -1.594322 1.613542 0.233273
v -1.638351 1.899036 0.121647
v -1.538399 1.324797 0.230782
v -1.491554 1.312125 0.215576
v -1.599152 1.877692 0.096809
v -1.542168 1.338497 0.107227
v -1.491234 1.346280 0.208817
v -1.667137 1.905651 0.145477
v -1.654762 1.869157 0.128506
v -1.589325 1.863139 0.225391
v -1.609779 1.897294 0.230587
v -1.605385 1.359407 0.137035
v -1.558266 1.367169 0.237572
v -1.577789 1.351287 0.238441
v -1.617439 1.347389 0.150265
v -1.554268 1.285534 0.131699
v -1.513115 1.289474 0.218098
v -1.614342 1.937647 0.117462
v -1.617760 1.907808 0.109928
v -1.555748 1.931231 0.203102
v -1.673103 1.756081 0.144329
v -1.654373 1.734221 0.129684
v -1.603745 1.737587 0.232925
v -1.627449 1.760456 0.235878
v -1.650986 1.477218 0.150238
v -1.633690 1.479513 0.136024
v -1.582436 1.485099 0.234913
v -1.605537 1.482188 0.237740
v 1.777550 1.476485 -1.933392
v 1.653633 1.485949 -2.087387
v 1.785896 1.644665 -1.914799
v 1.795502 1.644209 -1.948792
v 1.265144 1.682783 -2.356339
v 1.474678 1.670466 -2.221706
v 1.019356 1.681475 -2.437473
v 1.668755 1.656386 -2.070415
v 1.578491 1.316164 -2.016109
v 1.381699 1.330084 -2.171318
v 1.405273 1.335450 -2.208309
v 1.604156 1.320639 -2.050087
v 1.739433 1.309630 -1.924137
v 0.759895 1.672148 -2.477936
v 0.750450 1.674129 -2.436142
v 0.681549 1.334241 -2.427113
v 0.693550 1.344438 -2.468063
v 0.948135 1.349270 -2.430374
v 1.189186 1.348259 -2.343948
v 1.169800 1.341429 -2.303753
v 0.724648 -3.888245 0.031189
v 0.145348 -3.956853 0.377621
v 2.532852 8.059151 2.248943
v 1.646759 6.018486 2.940620
v 1.140327 8.826523 2.609642
v 1.733742 5.240088 2.299316
v 1.435616 6.113349 3.194580
v 0.775635 8.421851 0.439617
v 0.862030 8.298378 -0.300671
v 0.239632 9.139025 1.639507
v 1.424217 7.302694 -0.453697
v 0.933311 7.317444 -0.856457
v -1.269829 9.372409 1.404308
v 0.641846 8.795970 2.133396
v 1.853088 2.786196 1.889069
v -0.803322 2.138597 1.005848
v 1.871933 2.144657 1.762280
v -0.476662 1.624588 0.671623
v -0.759026 8.830879 -0.395035
v -1.378052 9.119740 -0.051823
v 1.213715 7.311625 -0.837780
v 2.027481 2.119153 -1.723507
v 1.404984 1.278821 -1.855785
v 1.829285 1.302661 -1.496807
v -1.636154 9.362133 0.690399
v -1.869812 8.766232 -0.451458
v 0.444977 8.527048 -0.711395
v 1.455666 8.755818 2.273949
v 1.487488 8.867250 2.835056
v 1.689766 5.610467 2.417973
v 2.149117 5.545325 1.981136
v 1.263054 6.292241 3.489029
v 0.956131 8.626125 -0.092522
v 0.791382 8.837529 0.396648
v 0.441818 8.969657 1.320274
v 0.252792 9.377991 1.535229
v 0.400627 8.891963 1.872715
v 0.707382 8.678101 0.725945
v 1.131508 7.852024 -0.036041
v 0.802505 7.812920 -0.605019
v -0.132912 9.277109 1.805428
v -1.244667 9.510456 1.384945
v -1.290871 8.961479 1.453186
v -0.592224 8.953381 2.036217
v 0.898781 8.795732 2.380985
v 0.897331 8.647528 1.825745
v -0.810310 2.636508 1.043831
v 1.839378 3.072107 1.936909
v -0.664047 1.802748 0.859875
v 1.327362 2.658149 1.983994
v 1.878502 2.477791 1.877071
v -0.163994 1.626689 1.010075
v 2.374977 2.981106 1.475822
v -1.054901 8.956034 -0.250366
v -1.265236 9.406563 -0.015671
v -1.609207 8.873310 -0.219997
v -1.554520 8.623848 -0.699524
v 1.472282 6.882401 -1.134033
v 1.467621 1.696304 -1.956646
v -1.582382 9.505938 0.690357
v -1.485847 9.387062 1.058617
v -1.083504 2.127192 0.584988
v -0.657013 9.117286 -0.343540
v -0.047791 8.908611 -0.492565
v 0.269608 8.741917 -0.793243
v -0.377998 9.066299 -0.494705
v -0.965103 9.249866 -0.224884
v -1.187447 2.585978 0.684841
v -1.586205 8.956964 1.109413
v -1.291389 8.747561 -0.433144
v 2.333366 2.394571 1.375439
v -0.320648 1.801739 1.212513
v 1.347115 2.366277 1.983868
v -0.058990 9.033491 2.036358
v 1.163330 8.674715 2.063210
v -0.960548 8.986902 1.782074
v -0.133194 9.463804 1.710251
v 0.696709 8.946448 0.678875
v 0.634827 8.763083 1.562237
v 0.478233 9.222263 1.259022
v 1.395699 5.671610 2.788239
v 2.082207 5.941998 2.217594
v 2.180664 8.113050 1.996189
v 1.794380 8.777163 2.477028
v 0.958221 7.946730 -0.654888
v 1.025620 8.851629 0.006031
v 0.744217 8.405554 0.445107
v 0.819916 8.290773 -0.298458
v 0.221161 9.122789 1.629383
v -0.514099 9.353283 1.801369
v 2.012177 2.120835 -1.699718
v 1.812096 1.307926 -1.474854
v 0.468010 8.529383 -0.682735
v 0.418266 8.954863 1.318066
v 0.612457 9.083664 0.970398
v 0.230598 9.372904 1.519032
v 0.769318 7.799774 -0.605522
v -0.136429 9.261032 1.784580
v -0.514137 9.491642 1.738380
v -0.885269 9.384960 1.624134
v 1.460678 6.860104 -1.115986
v 1.920921 1.698244 -1.603619
v -0.021858 8.912315 -0.458542
v 0.281380 8.756368 -0.763939
v -0.284416 9.009314 -0.393871
v -0.954880 9.245726 -0.199234
v -1.425209 9.456005 0.290718
v -0.142868 9.455727 1.685822
v 0.450821 9.219493 1.249279
v 1.011787 8.873053 0.011406
v 0.861694 9.105564 0.289711
v -1.218346 10.095285 1.365429
v -1.150543 9.770090 -0.021049
v 0.108513 8.965317 -0.835049
v 0.784088 9.246815 0.561115
v -0.069519 9.882792 1.616978
v -1.464745 10.102591 1.064903
v 0.761803 8.785396 1.280361
v 0.261597 9.096100 1.883358
v -0.535004 9.325937 1.949062
v -1.285118 9.409512 1.502537
v -1.651138 9.046799 -0.109463
v -1.769051 9.328629 0.742424
v -0.621971 8.460855 -1.115051
v 0.546455 8.957815 1.626583
v -0.897957 9.391277 1.775928
v -1.789047 9.226065 0.343403
v -1.576416 9.375516 1.172626
v -1.384033 8.871607 -0.432011
v -0.852547 8.589338 -0.920483
v -0.793831 9.085131 -0.552124
v -1.077194 9.234619 -0.334621
v -0.420387 8.878103 -0.774498
v 0.958191 8.809671 0.457722
v -1.363083 9.380209 -0.078072
v -1.512779 9.519361 0.325569
v -0.556602 9.634302 1.819317
v -0.087830 9.489365 1.826233
v 0.443214 9.295683 1.459053
v 0.705544 9.100120 1.079113
v -0.570145 8.968050 -0.697773
v -1.620728 9.611969 0.686981
v -1.528130 9.664734 1.082977
v -0.911560 9.705563 1.707661
v 1.182716 8.535124 0.096966
v -0.157471 8.624144 -1.022518
v 1.048660 8.861410 0.019779
v 0.883842 9.090019 0.335381
v 0.858643 9.063313 0.325695
v -0.144760 9.154230 -0.708313
v 0.089630 8.947519 -0.850128
v -0.308899 9.240622 -0.590427
v 0.283173 9.108946 1.898071
v -1.792908 9.348133 0.749676
v -1.079346 8.722156 -0.738907
v 0.574303 8.970309 1.638805
v -1.597427 9.388586 1.187984
v -1.397835 8.886477 -0.456486
v -0.858711 8.610167 -0.942379
v -0.164650 8.644562 -1.043983
v 1.040321 8.888018 0.022160
v 0.901932 9.110374 0.304245
v 0.617577 9.467289 0.983753
v 0.590012 9.466417 0.949409
v 0.272614 9.695366 1.409054
v 0.249863 9.708096 1.380005
v -0.483704 10.032104 1.775284
v -0.489304 10.050042 1.727600
v -1.258125 10.088889 1.402012
v -0.135002 9.173851 -0.750835
v -0.106987 9.173361 -0.726292
v 0.086815 8.968847 -0.849976
v 0.422974 9.592602 1.193039
v 0.446381 9.590027 1.217819
v 0.797684 9.261209 0.625225
v -0.039711 9.865290 1.661682
v -0.860840 10.095701 1.596848
v -0.888885 10.083622 1.639675
v -0.808754 9.604838 -0.276363
v -0.294846 9.304394 -0.622517
v 2.188110 1.309830 -1.307560
v 2.229019 1.317017 -1.333881
v 1.989845 1.325094 -1.662659
v 1.953125 1.319827 -1.632656
v -1.498627 1.778436 -1.633202
v -1.920479 -0.233205 -1.851292
v -1.934624 0.114563 -1.514938
v -1.777451 0.130363 -1.774765
v -1.617859 0.514006 -1.680161
v -1.307304 0.976614 -1.844151
v -1.386482 0.547469 -1.953705
v -1.605034 1.934814 -1.413952
v -1.504898 1.956912 -1.619091
v -1.326920 1.970295 -1.826523
v 1.939316 1.194967 -1.612495
v -1.512779 0.972297 -1.600063
v -1.576607 1.942160 -1.394825
v -1.482452 1.961406 -1.592922
v -1.304871 1.976932 -1.797726
v 1.644745 1.660486 -2.037079
v 1.452316 1.672763 -2.184956
v 2.161102 1.303116 -1.593105
v 2.053925 1.676088 -1.489738
v 2.006813 1.681394 -1.539200
v 2.050529 1.273772 -1.479839
v 2.000511 1.276385 -1.529934
v 2.029846 1.323550 -1.562176
v 2.031677 1.644092 -1.574707
v 2.085892 1.319688 -1.504646
v 2.089615 1.638032 -1.514923
v 2.163414 1.310580 -1.595161
v 2.157761 1.714679 -1.602108
v 2.011978 1.686087 -1.544170
v 2.142357 1.657813 -1.567162
v 2.107155 1.745230 -1.671101
v 1.963943 1.714461 -1.610241
v 1.949806 1.726006 -1.623428
v 1.908043 1.727490 -1.666706
v 1.943977 1.251954 -1.608421
v 1.899094 1.255202 -1.654568
v 1.833542 1.732420 -1.740784
v 1.790672 1.733409 -1.783936
v 1.895569 1.768813 -1.892693
v 1.838333 1.736478 -1.745514
v 1.768814 1.714797 -1.788399
v 1.723541 1.717530 -1.833900
v 1.751289 1.268366 -1.785515
v 1.708855 1.270566 -1.828766
v 1.692947 1.286166 -1.836380
v 1.650902 1.286702 -1.877892
v 1.772011 1.733905 -1.990570
v 1.815506 1.734676 -1.949116
v 1.740578 1.677851 -1.971207
v 2.015541 1.729669 -1.661777
v 2.059624 1.725252 -1.615028
v 2.550308 1.817916 -0.300068
v 2.570778 1.816965 -0.180977
v 2.547928 1.748932 -0.309391
v 2.569893 1.746854 -0.190655
v 2.590744 1.793206 -0.178066
v 1.925514 1.399047 1.613407
v 1.871025 1.367901 1.542313
v 2.015945 1.960910 1.543446
v 1.939568 1.964496 1.600754
v 1.951538 1.410097 1.474228
v 1.870438 1.415046 1.539989
v 2.001762 1.876939 1.533211
v 1.926201 1.881870 1.591412
v 1.908600 1.412195 1.604111
v 1.879112 1.395126 1.565525
v 1.948555 1.947646 1.616379
v 2.032494 1.941705 1.551426
v 1.969994 1.417839 1.487556
v 1.879944 1.427658 1.564335
v 1.934235 1.883079 1.607430
v 2.018578 1.876347 1.541824
v 1.898354 1.374654 1.577679
v 1.894249 1.393841 1.584049
v 0.146111 1.983465 1.719536
v 0.073471 1.880187 1.630013
v 0.021797 1.960793 1.697651
v 0.113922 1.973823 1.776279
v 0.049164 1.944795 1.658043
v 0.058182 1.874068 1.640179
v 0.151711 1.892879 1.716621
v 0.104271 1.947092 1.787437
v 0.013016 1.928420 1.707996
v 0.121658 2.005183 1.755711
v 0.127922 1.984732 1.757404
v 0.035194 1.973485 1.678875
v 0.407104 1.236329 -2.368896
v 0.296394 1.228155 -2.383541
v 0.437393 1.825320 -2.389267
v 0.318680 1.825222 -2.412579
v 0.416756 1.287235 -2.362976
v 0.304512 1.282227 -2.379288
v 0.447136 1.755605 -2.387054
v 0.328972 1.752340 -2.408535
v 0.316345 1.800985 -2.432140
v 0.325706 1.746953 -2.427982
v -1.371231 1.297374 -1.726574
v -1.361824 1.343211 -1.724110
v -1.437096 1.339290 -1.652061
v -1.380714 1.820886 -1.753887
v -1.445816 1.821183 -1.689903
v -1.463737 1.316778 -1.666664
v -1.470078 1.881040 -1.710751
v -1.392418 1.889671 -1.781471
v -1.373085 1.354260 -1.745949
v -1.457336 1.350240 -1.664661
v -1.396103 1.325648 -1.762947
v -1.479904 1.318739 -1.685661
v -1.406601 1.917094 -1.798790
v -1.483940 1.912400 -1.727776
v -1.598312 1.307195 0.146763
v -1.556671 1.310521 0.232002
v -1.593254 1.926914 0.223724
v -1.471840 1.285177 0.202782
v -1.577522 1.905592 0.095509
v -1.519714 1.897313 0.180981
v -1.472275 1.337350 0.195740
v -1.538399 1.324797 0.230782
v -1.533081 1.871909 0.193989
v -1.599152 1.877692 0.096809
v -1.491234 1.346280 0.208817
v -1.518578 1.805502 0.185616
v -1.582405 1.816689 0.090061
v -1.589325 1.863139 0.225391
v -1.609779 1.897294 0.230587
v -1.605385 1.359407 0.137035
v -1.617439 1.347389 0.150265
v -1.554268 1.285534 0.131699
v -1.513115 1.289474 0.218098
v -1.515022 1.308719 0.222748
v -1.552391 1.899076 0.206295
v -1.555748 1.931231 0.203102
v 1.668755 1.656386 -2.070415
v 0.681549 1.334241 -2.427113
v 0.693550 1.344438 -2.468063
v 0.948135 1.349270 -2.430374
v 1.169800 1.341429 -2.303753
v 1.853088 2.786196 1.889069
v -0.803322 2.138597 1.005848
v 1.871933 2.144657 1.762280
v -0.476662 1.624588 0.671623
v -0.810310 2.636508 1.043831
v 1.839378 3.072107 1.936909
v -0.664047 1.802748 0.859875
v 1.327362 2.658149 1.983994
v -0.163994 1.626689 1.010075
v 2.374977 2.981106 1.475822
v -1.083504 2.127192 0.584988
v -1.187447 2.585978 0.684841
v -0.320648 1.801739 1.212513
v 1.347115 2.366277 1.983868
v 2.012177 2.120835 -1.699718
v 1.920921 1.698244 -1.603619
v -1.498627 1.778436 -1.633202
v -1.920479 -0.233205 -1.851292
v -1.934624 0.114563 -1.514938
v -1.777451 0.130363 -1.774765
v -1.617859 0.514006 -1.680161
v -1.307304 0.976614 -1.844151
v -1.386482 0.547469 -1.953705
v -1.605034 1.934814 -1.413952
v -1.504898 1.956912 -1.619091
v -1.326920 1.970295 -1.826523
v -1.512779 0.972297 -1.600063
v -1.576607 1.942160 -1.394825
v -1.482452 1.961406 -1.592922
v -1.304871 1.976932 -1.797726
v 1.247360 1.684087 -2.316940
v 1.006706 1.682820 -2.396927
v 0.933846 1.342320 -2.388554
v 2.053925 1.676088 -1.489738
v 2.006813 1.681394 -1.539200
v 2.089615 1.638032 -1.514923
v 2.002365 1.703451 -1.557598
v 1.958893 1.709629 -1.605244
v 1.984978 1.664863 -1.637989
v 2.065056 1.746497 -1.714069
v 2.107155 1.745230 -1.671101
v 1.949806 1.726006 -1.623428
v 1.908043 1.727490 -1.666706
v 2.059624 1.725252 -1.615028
v 2.550308 1.817916 -0.300068
v 2.547928 1.748932 -0.309391
v 2.569893 1.746854 -0.190655
v 2.590744 1.793206 -0.178066
v 2.588165 1.742498 -0.186607
v 2.565208 1.741172 -0.319782
v 1.950783 1.362396 1.482098
v 1.951538 1.410097 1.474228
v 1.968567 1.390512 1.496769
v 1.969994 1.417839 1.487556
v 1.981750 1.385206 1.516621
v 1.976700 1.366654 1.516579
v 0.073471 1.880187 1.630013
v 0.021797 1.960793 1.697651
v 0.113922 1.973823 1.776279
v 0.049164 1.944795 1.658043
v 0.058182 1.874068 1.640179
v 0.151711 1.892879 1.716621
v 0.104271 1.947092 1.787437
v 0.013016 1.928420 1.707996
v 0.035194 1.973485 1.678875
v 0.407104 1.236329 -2.368896
v 0.296394 1.228155 -2.383541
v 0.437393 1.825320 -2.389267
v 0.416756 1.287235 -2.362976
v 0.304512 1.282227 -2.379288
v 0.447136 1.755605 -2.387054
v 0.428864 1.292483 -2.383179
v -1.371231 1.297374 -1.726574
v -1.361824 1.343211 -1.724110
v -1.437096 1.339290 -1.652061
v -1.380714 1.820886 -1.753887
v -1.463737 1.316778 -1.666664
v -1.470078 1.881040 -1.710751
v -1.373085 1.354260 -1.745949
v -1.457336 1.350240 -1.664661
v -1.460754 1.823696 -1.701149
v -1.479904 1.318739 -1.685661
v -1.598312 1.307195 0.146763
v -1.593254 1.926914 0.223724
v -1.577522 1.905592 0.095509
v -1.599152 1.877692 0.096809
v -1.518578 1.805502 0.185616
v -1.582405 1.816689 0.090061
v -1.589325 1.863139 0.225391
v -1.609779 1.897294 0.230587
v -1.605385 1.359407 0.137035
v -1.617439 1.347389 0.150265
v -1.552391 1.899076 0.206295
v -1.555748 1.931231 0.203102
v 0.759895 1.672148 -2.477936
v 0.750450 1.674129 -2.436142
v 0.681549 1.334241 -2.427113
v 0.693550 1.344438 -2.468063
v 1.169800 1.341429 -2.303753
v -0.803322 2.138597 1.005848
v -0.476662 1.624588 0.671623
v -0.810310 2.636508 1.043831
v -0.664047 1.802748 0.859875
v -0.163994 1.626689 1.010075
v -1.083504 2.127192 0.584988
v -1.187447 2.585978 0.684841
v -0.320648 1.801739 1.212513
v 2.012177 2.120835 -1.699718
v 1.920921 1.698244 -1.603619
v 1.247360 1.684087 -2.316940
v 1.006706 1.682820 -2.396927
v 0.933846 1.342320 -2.388554
v 2.053925 1.676088 -1.489738
v 2.006813 1.681394 -1.539200
v 2.089615 1.638032 -1.514923
v 2.002365 1.703451 -1.557598
v 1.958893 1.709629 -1.605244
v 1.984978 1.664863 -1.637989
v 2.065056 1.746497 -1.714069
v 2.107155 1.745230 -1.671101
v 1.949806 1.726006 -1.623428
v 1.908043 1.727490 -1.666706
v 2.059624 1.725252 -1.615028
v 2.550308 1.817916 -0.300068
v 2.547928 1.748932 -0.309391
v 2.565208 1.741172 -0.319782
v 0.146111 1.983465 1.719536
v 0.073471 1.880187 1.630013
v 0.021797 1.960793 1.697651
v 0.113922 1.973823 1.776279
v 0.049164 1.944795 1.658043
v 0.141739 1.958100 1.736168
v 0.058182 1.874068 1.640179
v 0.151711 1.892879 1.716621
v 0.035194 1.973485 1.678875
v 0.759895 1.672148 -2.477936
v 0.693550 1.344438 -2.468063
v 1.169800 1.341429 -2.303753
v 1.853088 2.786196 1.889069
v -0.803322 2.138597 1.005848
v 1.871933 2.144657 1.762280
v -0.476662 1.624588 0.671623
v -0.810310 2.636508 1.043831
v 1.839378 3.072107 1.936909
v -0.664047 1.802748 0.859875
v 1.327362 2.658149 1.983994
v -0.163994 1.626689 1.010075
v 2.374977 2.981106 1.475822
v -1.083504 2.127192 0.584988
v -1.187447 2.585978 0.684841
v -0.320648 1.801739 1.212513
v 1.347115 2.366277 1.983868
v 2.012177 2.120835 -1.699718
v 1.920921 1.698244 -1.603619
v -1.498627 1.778436 -1.633202
v -1.307304 0.976614 -1.844151
v -1.386482 0.547469 -1.953705
v -1.605034 1.934814 -1.413952
v -1.504898 1.956912 -1.619091
v -1.326920 1.970295 -1.826523
v -1.512779 0.972297 -1.600063
v -1.576607 1.942160 -1.394825
v -1.482452 1.961406 -1.592922
v -1.304871 1.976932 -1.797726
v 1.247360 1.684087 -2.316940
v 1.006706 1.682820 -2.396927
v 0.933846 1.342320 -2.388554
v 2.053925 1.676088 -1.489738
v 2.006813 1.681394 -1.539200
v 2.089615 1.638032 -1.514923
v 2.002365 1.703451 -1.557598
v 1.958893 1.709629 -1.605244
v 1.984978 1.664863 -1.637989
v 2.065056 1.746497 -1.714069
v 2.107155 1.745230 -1.671101
v 1.949806 1.726006 -1.623428
v 1.908043 1.727490 -1.666706
v 2.059624 1.725252 -1.615028
v 2.550308 1.817916 -0.300068
v 2.547928 1.748932 -0.309391
v 2.565208 1.741172 -0.319782
v 0.146111 1.983465 1.719536
v 0.073471 1.880187 1.630013
v 0.021797 1.960793 1.697651
v 0.113922 1.973823 1.776279
v 0.049164 1.944795 1.658043
v 0.141739 1.958100 1.736168
v 0.058182 1.874068 1.640179
v 0.151711 1.892879 1.716621
v 0.035194 1.973485 1.678875
v 0.407104 1.236329 -2.368896
v 0.296394 1.228155 -2.383541
v 0.437393 1.825320 -2.389267
v 0.416756 1.287235 -2.362976
v 0.304512 1.282227 -2.379288
v 0.447136 1.755605 -2.387054
v 0.428864 1.292483 -2.383179
v -1.371231 1.297374 -1.726574
v -1.361824 1.343211 -1.724110
v -1.437096 1.339290 -1.652061
v -1.380714 1.820886 -1.753887
v -1.463737 1.316778 -1.666664
v -1.470078 1.881040 -1.710751
v -1.373085 1.354260 -1.745949
v -1.457336 1.350240 -1.664661
v -1.460754 1.823696 -1.701149
v -1.479904 1.318739 -1.685661
v -1.598312 1.307195 0.146763
v -1.593254 1.926914 0.223724
v -1.577522 1.905592 0.095509
v -1.599152 1.877692 0.096809
v -1.518578 1.805502 0.185616
v -1.582405 1.816689 0.090061
v -1.589325 1.863139 0.225391
v -1.609779 1.897294 0.230587
v -1.605385 1.359407 0.137035
v -1.617439 1.347389 0.150265
v -1.552391 1.899076 0.206295
v -1.555748 1.931231 0.203102
v 0.759895 1.672148 -2.477936
v 0.693550 1.344438 -2.468063
v 1.169800 1.341429 -2.303753
v 0.775635 8.421851 0.439617
v 0.862030 8.298378 -0.300671
v 0.239632 9.139025 1.639507
v 1.424217 7.302694 -0.453697
v 0.933311 7.317444 -0.856457
v -0.523605 9.369319 1.824482
v -1.269829 9.372409 1.404308
v 0.641846 8.795970 2.133396
v 1.213715 7.311625 -0.837780
v 0.444977 8.527048 -0.711395
v 0.441818 8.969657 1.320274
v 0.252792 9.377991 1.535229
v 0.400627 8.891963 1.872715
v 1.131508 7.852024 -0.036041
v 0.802505 7.812920 -0.605019
v -0.132912 9.277109 1.805428
v -0.520721 9.501148 1.765064
v -0.902939 9.400564 1.647797
v -1.290871 8.961479 1.453186
v -0.592224 8.953381 2.036217
v 0.897331 8.647528 1.825745
v -0.364204 8.669569 -0.424606
v 1.472282 6.882401 -1.134033
v -1.582382 9.505938 0.690357
v -1.485847 9.387062 1.058617
v -0.047791 8.908611 -0.492565
v 0.269608 8.741917 -0.793243
v -0.377998 9.066299 -0.494705
v -1.586205 8.956964 1.109413
v -0.058990 9.033491 2.036358
v -0.960548 8.986902 1.782074
v -0.893867 9.532232 1.617439
v -0.133194 9.463804 1.710251
v 0.634827 8.763083 1.562237
v 0.478233 9.222263 1.259022
v 0.958221 7.946730 -0.654888
v 1.025620 8.851629 0.006031
v -1.369568 9.099207 -0.038464
v 0.468010 8.529383 -0.682735
v -1.224762 9.502415 1.364029
v -1.248367 9.399019 0.004978
v 1.460678 6.860104 -1.115986
v -1.511482 9.225827 0.285065
v -0.021858 8.912315 -0.458542
v 0.281380 8.756368 -0.763939
v -0.284416 9.009314 -0.393871
v -0.954880 9.245726 -0.199234
v -1.433128 9.512753 1.037628
v -1.425209 9.456005 0.290718
v -1.218346 10.095285 1.365429
v -1.150543 9.770090 -0.021049
v -1.460197 10.017807 0.614513
v 0.108513 8.965317 -0.835049
v 0.784088 9.246815 0.561115
v -0.069519 9.882792 1.616978
v -1.464745 10.102591 1.064903
v -1.384033 8.871607 -0.432011
v -0.852547 8.589338 -0.920483
v -0.793831 9.085131 -0.552124
v -0.420387 8.878103 -0.774498
v 0.958191 8.809671 0.457722
v -0.570145 8.968050 -0.697773
v 1.182716 8.535124 0.096966
v -0.157471 8.624144 -1.022518
v 1.048660 8.861410 0.019779
v 0.883842 9.090019 0.335381
v 0.858643 9.063313 0.325695
v -0.127289 9.128532 -0.687344
v 0.089630 8.947519 -0.850128
v -0.308899 9.240622 -0.590427
v -1.079346 8.722156 -0.738907
v -1.397835 8.886477 -0.456486
v 0.617577 9.467289 0.983753
v 0.590012 9.466417 0.949409
v 0.272614 9.695366 1.409054
v 0.249863 9.708096 1.380005
v -0.483704 10.032104 1.775284
v -0.489304 10.050042 1.727600
v -0.106987 9.173361 -0.726292
v 0.422974 9.592602 1.193039
v 0.446381 9.590027 1.217819
v 0.797684 9.261209 0.625225
v -0.039711 9.865290 1.661682
v -0.808754 9.604838 -0.276363
v -0.294846 9.304394 -0.622517
v -1.269829 9.372409 1.404308
v 1.853088 2.786196 1.889069
v -0.803322 2.138597 1.005848
v 1.871933 2.144657 1.762280
v -0.476662 1.624588 0.671623
v -0.759026 8.830879 -0.395035
v 1.213715 7.311625 -0.837780
v 2.027481 2.119153 -1.723507
v 1.829285 1.302661 -1.496807
v 0.444977 8.527048 -0.711395
v 0.956131 8.626125 -0.092522
v 0.791382 8.837529 0.396648
v -1.244667 9.510456 1.384945
v -0.902939 9.400564 1.647797
v -1.290871 8.961479 1.453186
v -0.810310 2.636508 1.043831
v 1.839378 3.072107 1.936909
v -0.664047 1.802748 0.859875
v 1.327362 2.658149 1.983994
v 1.878502 2.477791 1.877071
v -0.163994 1.626689 1.010075
v 2.374977 2.981106 1.475822
v -0.364204 8.669569 -0.424606
v 1.472282 6.882401 -1.134033
v 1.936882 1.692681 -1.626102
v 1.467621 1.696304 -1.956646
v -1.582382 9.505938 0.690357
v -1.485847 9.387062 1.058617
v -1.083504 2.127192 0.584988
v -0.047791 8.908611 -0.492565
v 0.269608 8.741917 -0.793243
v -0.377998 9.066299 -0.494705
v -1.187447 2.585978 0.684841
v -1.586205 8.956964 1.109413
v -1.458694 9.521325 1.054375
v 2.333366 2.394571 1.375439
v -0.320648 1.801739 1.212513
v 1.347115 2.366277 1.983868
v -0.893867 9.532232 1.617439
v 0.958221 7.946730 -0.654888
v 1.025620 8.851629 0.006031
v 0.115791 8.943167 -0.837822
v 1.205635 7.292656 -0.813656
v 2.012177 2.120835 -1.699718
v 0.468010 8.529383 -0.682735
v 1.460678 6.860104 -1.115986
v 1.920921 1.698244 -1.603619
v 0.281380 8.756368 -0.763939
v 0.960236 7.937622 -0.623806
v 0.108513 8.965317 -0.835049
v -1.072906 8.702950 -0.718998
v -1.384033 8.871607 -0.432011
v -0.852547 8.589338 -0.920483
v -0.793831 9.085131 -0.552124
v -0.420387 8.878103 -0.774498
v -0.570145 8.968050 -0.697773
v 0.858643 9.063313 0.325695
v -0.144760 9.154230 -0.708313
v -0.127289 9.128532 -0.687344
v 0.089630 8.947519 -0.850128
v -0.308899 9.240622 -0.590427
v -1.079346 8.722156 -0.738907
v -1.397835 8.886477 -0.456486
v 1.989845 1.325094 -1.662659
v 1.953125 1.319827 -1.632656
v 1.662621 1.329966 -1.921841
v 1.692192 1.333332 -1.961826
v -1.498627 1.778436 -1.633202
v -1.920479 -0.233205 -1.851292
v -1.934624 0.114563 -1.514938
v -1.777451 0.130363 -1.774765
v -1.617859 0.514006 -1.680161
v -1.307304 0.976614 -1.844151
v -1.386482 0.547469 -1.953705
v -1.605034 1.934814 -1.413952
v -1.504898 1.956912 -1.619091
v -1.326920 1.970295 -1.826523
v 1.939316 1.194967 -1.612495
v -1.512779 0.972297 -1.600063
v -1.576607 1.942160 -1.394825
v -1.482452 1.961406 -1.592922
v -1.304871 1.976932 -1.797726
v 1.644745 1.660486 -2.037079
v 1.728523 1.308303 -1.889988
v 1.247360 1.684087 -2.316940
v 1.006706 1.682820 -2.396927
v 0.933846 1.342320 -2.388554
v 2.161102 1.303116 -1.593105
v 2.116455 1.306501 -1.638706
v 2.162926 1.714698 -1.607330
v 2.119926 1.719549 -1.652424
v 2.053925 1.676088 -1.489738
v 2.006813 1.681394 -1.539200
v 2.050529 1.273772 -1.479839
v 2.000511 1.276385 -1.529934
v 2.029846 1.323550 -1.562176
v 2.031677 1.644092 -1.574707
v 2.085892 1.319688 -1.504646
v 2.143448 1.657002 -1.568279
v 2.089615 1.638032 -1.514923
v 2.118767 1.313948 -1.640762
v 2.114777 1.719589 -1.647243
v 2.006142 1.275731 -1.535618
v 2.056198 1.273118 -1.485565
v 2.163414 1.310580 -1.595161
v 2.157761 1.714679 -1.602108
v 2.121719 1.715155 -1.654358
v 2.164726 1.710283 -1.609276
v 2.011978 1.686087 -1.544170
v 2.058746 1.679751 -1.494495
v 2.032692 1.646567 -1.575687
v 2.110100 1.302484 -1.632462
v 2.085503 1.661794 -1.630375
v 2.084312 1.341091 -1.616333
v 2.081429 1.335351 -1.613617
v 2.031235 1.322400 -1.563618
v 2.087250 1.318560 -1.506062
v 2.090607 1.640508 -1.515862
v 2.142357 1.657813 -1.567162
v 2.144249 1.655794 -1.569134
v 2.111763 1.292819 -1.657646
v 2.064957 1.294485 -1.703892
v 2.112328 1.745053 -1.676323
v 2.070198 1.746280 -1.719238
v 1.958893 1.709629 -1.605244
v 1.995430 1.262506 -1.548538
v 1.954399 1.265060 -1.591228
v 1.976898 1.317807 -1.630669
v 1.984978 1.664863 -1.637989
v 2.036804 1.313194 -1.569416
v 2.038315 1.660743 -1.582687
v 2.009727 1.696047 -1.561321
v 2.030464 1.303550 -1.564079
v 2.065620 1.305236 -1.709087
v 2.065056 1.746497 -1.714069
v 1.960014 1.264209 -1.596897
v 2.001091 1.261694 -1.554253
v 2.114090 1.300879 -1.659721
v 2.107155 1.745230 -1.671101
v 2.072006 1.741408 -1.721184
v 2.114143 1.740162 -1.678284
v 1.963943 1.714461 -1.610241
v 2.007851 1.709531 -1.563004
v 1.985970 1.667556 -1.638958
v 2.058586 1.290286 -1.697632
v 2.101463 1.287771 -1.654064
v 2.014809 1.287136 -1.559402
v 2.020622 1.681475 -1.568966
v 2.037659 1.685890 -1.696331
v 2.031654 1.336835 -1.685341
v 1.978279 1.316521 -1.632080
v 2.035728 1.688187 -1.694317
v 2.090858 1.331013 -1.623108
v 2.038162 1.311888 -1.570827
v 2.039284 1.663416 -1.583626
v 2.090721 1.680820 -1.634926
v 2.092628 1.678563 -1.636913
v 2.056038 1.284149 -1.722500
v 2.010048 1.291453 -1.771683
v 2.061195 1.762080 -1.737480
v 2.017326 1.764892 -1.782604
v 1.949806 1.726006 -1.623428
v 1.908043 1.727490 -1.666706
v 1.943977 1.251954 -1.608421
v 1.899094 1.255202 -1.654568
v 1.929810 1.681871 -1.703766
v 1.979614 1.310126 -1.637558
v 2.032898 1.325314 -1.690842
v 2.039520 1.699590 -1.701862
v 1.988167 1.677315 -1.645020
v 1.957214 1.718025 -1.627197
v 1.974907 1.297256 -1.629070
v 1.981964 1.685711 -1.639294
v 2.012360 1.299909 -1.773769
v 1.904709 1.254229 -1.660236
v 1.949638 1.250982 -1.614132
v 2.056030 1.762396 -1.732258
v 2.019165 1.759644 -1.784550
v 2.063026 1.756814 -1.739426
v 1.912804 1.731528 -1.671410
v 1.954582 1.730103 -1.628147
v 1.930779 1.684681 -1.704731
v 2.003693 1.287117 -1.765411
v 2.049629 1.279772 -1.716198
v 1.985924 1.700979 -1.758255
v 1.975426 1.333747 -1.752571
v 1.925117 1.313213 -1.696892
v 1.983955 1.703473 -1.756283
v 1.980972 1.308738 -1.638969
v 1.989120 1.680148 -1.645943
v 2.038429 1.700560 -1.700741
v 2.002853 1.281198 -1.793694
v 1.950348 1.283495 -1.845047
v 2.010246 1.782851 -1.803661
v 1.898888 1.747070 -1.690395
v 1.853088 1.748677 -1.737030
v 1.832741 1.247894 -1.734272
v 1.917267 1.323112 -1.822014
v 1.931564 1.719015 -1.825615
v 1.980103 1.322164 -1.760189
v 1.935890 1.694384 -1.712643
v 1.908394 1.736300 -1.691193
v 1.931351 1.705490 -1.706985
v 1.958244 1.783524 -1.844009
v 1.838333 1.246825 -1.739914
v 2.005066 1.783304 -1.798454
v 1.965218 1.777444 -1.851124
v 2.012108 1.777227 -1.805634
v 1.857803 1.752913 -1.741695
v 1.903099 1.752614 -1.696793
v 1.878418 1.701533 -1.772774
v 1.941948 1.278069 -1.839809
v 1.996437 1.276642 -1.787392
v 1.920021 1.721352 -1.699242
v 1.932388 1.717391 -1.826469
v 1.865532 1.307728 -1.770393
v 1.931267 1.305571 -1.705894
v 1.937302 1.698759 -1.713917
v 1.991539 1.713670 -1.766586
v 1.931183 1.293632 -1.850159
v 1.884109 1.290722 -1.893307
v 1.944229 1.767446 -1.855087
v 1.833542 1.732420 -1.740784
v 1.790672 1.733409 -1.783936
v 1.813759 1.259794 -1.739090
v 1.770943 1.258427 -1.780560
v 1.797882 1.314185 -1.816906
v 1.854919 1.331035 -1.869099
v 1.813255 1.683888 -1.818920
v 1.867577 1.705193 -1.873383
v 1.856392 1.317450 -1.762260
v 1.911903 1.331766 -1.813210
v 1.869606 1.685495 -1.765480
v 1.822021 1.271001 -1.743347
v 1.840988 1.724479 -1.744564
v 1.850067 1.307275 -1.756828
v 1.886406 1.299176 -1.895435
v 1.895569 1.768813 -1.892693
v 1.776543 1.257437 -1.786217
v 1.819405 1.258824 -1.744789
v 1.933495 1.302127 -1.852299
v 1.939041 1.767824 -1.849892
v 1.902565 1.763168 -1.899776
v 1.946068 1.762159 -1.857033
v 1.795433 1.737448 -1.788639
v 1.838333 1.736478 -1.745514
v 1.814247 1.686700 -1.819859
v 1.877769 1.286386 -1.887020
v 1.922752 1.288363 -1.844864
v 1.835251 1.287970 -1.749996
v 1.851746 1.707928 -1.751816
v 1.856995 1.336914 -1.870445
v 1.849419 1.326876 -1.869255
v 1.799286 1.312778 -1.818333
v 1.867043 1.706778 -1.872265
v 1.912979 1.335786 -1.814201
v 1.857765 1.316025 -1.763660
v 1.870575 1.688324 -1.766418
v 1.924355 1.704065 -1.819916
v 1.822861 1.302403 -1.941063
v 1.881638 1.753644 -1.904018
v 1.837242 1.754457 -1.946735
v 1.768814 1.714797 -1.788399
v 1.723541 1.717530 -1.833900
v 1.751289 1.268366 -1.785515
v 1.708855 1.270566 -1.828766
v 1.735413 1.323470 -1.865265
v 1.747200 1.672227 -1.868595
v 1.801414 1.692523 -1.923141
v 1.858505 1.688978 -1.866215
v 1.805557 1.671613 -1.812958
v 1.760414 1.280882 -1.790218
v 1.775764 1.705868 -1.791649
v 1.783951 1.312224 -1.805187
v 1.825127 1.310442 -1.943218
v 1.832069 1.754735 -1.941566
v 1.714478 1.269693 -1.834450
v 1.756958 1.267496 -1.791241
v 1.867676 1.309848 -1.901737
v 1.876442 1.753922 -1.898823
v 1.839073 1.749525 -1.948654
v 1.883469 1.748694 -1.905937
v 1.728325 1.721389 -1.838634
v 1.774277 1.720639 -1.793694
v 1.748711 1.676623 -1.869858
v 1.815735 1.298265 -1.935394
v 1.772049 1.296404 -1.797768
v 1.787689 1.692523 -1.799347
v 1.802711 1.690326 -1.923157
v 1.789734 1.340974 -1.919586
v 1.786880 1.334756 -1.916813
v 1.736801 1.322182 -1.866676
v 1.849236 1.344338 -1.863808
v 1.845230 1.336223 -1.860867
v 1.791626 1.320619 -1.812046
v 1.806519 1.674306 -1.813896
v 1.859322 1.687612 -1.867058
v 1.806129 1.316560 -1.949310
v 1.764183 1.318897 -1.991116
v 1.820717 1.734559 -1.954296
v 1.777176 1.733787 -1.995735
v 1.706749 1.696124 -1.839798
v 1.663353 1.696759 -1.882809
v 1.692947 1.286166 -1.836380
v 1.650902 1.286702 -1.877892
v 1.677292 1.336596 -1.914448
v 1.730598 1.350280 -1.967861
v 1.687782 1.659892 -1.918438
v 1.741722 1.677039 -1.972355
v 1.731392 1.335153 -1.860909
v 1.796486 1.673990 -1.917683
v 1.742973 1.656922 -1.864479
v 1.772011 1.733905 -1.990570
v 1.656532 1.285989 -1.883575
v 1.698616 1.285454 -1.842106
v 1.808846 1.324302 -1.951157
v 1.815506 1.734676 -1.949116
v 1.778999 1.729311 -1.997612
v 1.822540 1.730062 -1.956200
v 1.668137 1.700383 -1.887566
v 1.711639 1.701176 -1.845467
v 1.688774 1.662367 -1.919434
v 1.757408 1.313748 -1.984509
v 1.799744 1.312540 -1.942982
v 1.742538 1.675753 -1.973194
v 1.728806 1.348062 -1.966099
v 1.678711 1.335429 -1.915863
v 1.740578 1.677851 -1.971207
v 1.786179 1.352161 -1.914322
v 1.782593 1.346458 -1.912193
v 1.732765 1.333963 -1.862309
v 1.743935 1.659377 -1.865444
v 1.795891 1.676485 -1.916870
v 1.797279 1.672703 -1.918510
v 2.015541 1.729669 -1.661777
v 2.059624 1.725252 -1.615028
v 2.012108 1.676584 -1.665180
v 2.064888 1.671297 -1.609234
v 2.550308 1.817916 -0.300068
v 2.547928 1.748932 -0.309391
v 2.567307 1.794413 -0.312279
v 2.565208 1.741172 -0.319782
v 0.146111 1.983465 1.719536
v 0.156815 1.893849 1.697426
v 0.073471 1.880187 1.630013
v 0.021797 1.960793 1.697651
v 0.113922 1.973823 1.776279
v 0.049164 1.944795 1.658043
v 0.141739 1.958100 1.736168
v 0.058182 1.874068 1.640179
v 0.151711 1.892879 1.716621
v 0.127922 1.984732 1.757404
v 0.035194 1.973485 1.678875
v 0.407104 1.236329 -2.368896
v 0.296394 1.228155 -2.383541
v 0.437393 1.825320 -2.389267
v 0.416756 1.287235 -2.362976
v 0.304512 1.282227 -2.379288
v 0.447136 1.755605 -2.387054
v 0.420914 1.262249 -2.388863
v 0.296547 1.252824 -2.406239
v 0.449684 1.800453 -2.407692
v 0.428864 1.292483 -2.383179
v 0.301979 1.286920 -2.402485
v 0.458382 1.749408 -2.404572
v -1.371231 1.297374 -1.726574
v -1.361824 1.343211 -1.724110
v -1.437096 1.339290 -1.652061
v -1.380714 1.820886 -1.753887
v -1.445816 1.821183 -1.689903
v -1.380280 1.326956 -1.745865
v -1.463737 1.316778 -1.666664
v -1.470078 1.881040 -1.710751
v -1.392418 1.889671 -1.781471
v -1.373085 1.354260 -1.745949
v -1.457336 1.350240 -1.664661
v -1.460754 1.823696 -1.701149
v -1.386505 1.825758 -1.772453
v -1.396103 1.325648 -1.762947
v -1.479904 1.318739 -1.685661
v -1.598312 1.307195 0.146763
v -1.593254 1.926914 0.223724
v -1.515144 1.284050 0.115654
v -1.471840 1.285177 0.202782
v -1.577522 1.905592 0.095509
v -1.519714 1.897313 0.180981
v -1.517570 1.330182 0.105392
v -1.472275 1.337350 0.195740
v -1.562752 1.817024 0.086868
v -1.506554 1.806273 0.171516
v -1.573265 1.890186 0.217873
v -1.586540 1.319312 0.133701
v -1.541611 1.307651 0.117168
v -1.491554 1.312125 0.215576
v -1.533081 1.871909 0.193989
v -1.599152 1.877692 0.096809
v -1.542168 1.338497 0.107227
v -1.491234 1.346280 0.208817
v -1.518578 1.805502 0.185616
v -1.582405 1.816689 0.090061
v -1.589325 1.863139 0.225391
v -1.609779 1.897294 0.230587
v -1.605385 1.359407 0.137035
v -1.617439 1.347389 0.150265
v -1.561378 1.303650 0.126434
v -1.554268 1.285534 0.131699
v -1.513115 1.289474 0.218098
v -1.515022 1.308719 0.222748
v -1.552391 1.899076 0.206295
v -1.555748 1.931231 0.203102
v 1.785896 1.644665 -1.914799
v 1.795502 1.644209 -1.948792
v 1.019356 1.681475 -2.437473
v 1.668755 1.656386 -2.070415
v 1.578491 1.316164 -2.016109
v 1.739433 1.309630 -1.924137
v 0.759895 1.672148 -2.477936
v 0.693550 1.344438 -2.468063
v 0.948135 1.349270 -2.430374
v 1.169800 1.341429 -2.303753
v -1.269829 9.372409 1.404308
v 1.853088 2.786196 1.889069
v -0.803322 2.138597 1.005848
v 1.871933 2.144657 1.762280
v -0.476662 1.624588 0.671623
v -1.244667 9.510456 1.384945
v -1.290871 8.961479 1.453186
v -0.810310 2.636508 1.043831
v 1.839378 3.072107 1.936909
v -0.664047 1.802748 0.859875
v 1.327362 2.658149 1.983994
v 1.878502 2.477791 1.877071
v -0.163994 1.626689 1.010075
v 2.374977 2.981106 1.475822
v -1.485847 9.387062 1.058617
v -1.083504 2.127192 0.584988
v -0.047791 8.908611 -0.492565
v 0.269608 8.741917 -0.793243
v -0.377998 9.066299 -0.494705
v -1.187447 2.585978 0.684841
v -1.586205 8.956964 1.109413
v -1.458694 9.521325 1.054375
v 2.333366 2.394571 1.375439
v -0.320648 1.801739 1.212513
v 1.347115 2.366277 1.983868
v 0.115791 8.943167 -0.837822
v 0.281380 8.756368 -0.763939
v 0.108513 8.965317 -0.835049
v -0.127289 9.128532 -0.687344
v -0.308899 9.240622 -0.590427
v -1.498627 1.778436 -1.633202
v -1.920479 -0.233205 -1.851292
v -1.934624 0.114563 -1.514938
v -1.777451 0.130363 -1.774765
v -1.617859 0.514006 -1.680161
v -1.307304 0.976614 -1.844151
v -1.386482 0.547469 -1.953705
v -1.605034 1.934814 -1.413952
v -1.504898 1.956912 -1.619091
v -1.326920 1.970295 -1.826523
v -1.512779 0.972297 -1.600063
v -1.576607 1.942160 -1.394825
v -1.482452 1.961406 -1.592922
v -1.304871 1.976932 -1.797726
v 2.161102 1.303116 -1.593105
v 2.116455 1.306501 -1.638706
v 2.162926 1.714698 -1.607330
v 2.119926 1.719549 -1.652424
v 2.083214 1.337568 -1.615353
v 2.143448 1.657002 -1.568279
v 2.118767 1.313948 -1.640762
v 2.114777 1.719589 -1.647243
v 2.163414 1.310580 -1.595161
v 2.121719 1.715155 -1.654358
v 2.164726 1.710283 -1.609276
v 2.011978 1.686087 -1.544170
v 2.032692 1.646567 -1.575687
v 2.110100 1.302484 -1.632462
v 2.085503 1.661794 -1.630375
v 2.084312 1.341091 -1.616333
v 2.081429 1.335351 -1.613617
v 2.083565 1.663852 -1.628387
v 2.144249 1.655794 -1.569134
v 2.111763 1.292819 -1.657646
v 2.064957 1.294485 -1.703892
v 2.002365 1.703451 -1.557598
v 1.958893 1.709629 -1.605244
v 2.030563 1.332994 -1.684361
v 2.091827 1.679932 -1.636059
v 2.038315 1.660743 -1.582687
v 2.009727 1.696047 -1.561321
v 2.032143 1.668545 -1.576962
v 2.065620 1.305236 -1.709087
v 2.065056 1.746497 -1.714069
v 2.114090 1.300879 -1.659721
v 2.107155 1.745230 -1.671101
v 2.072006 1.741408 -1.721184
v 2.114143 1.740162 -1.678284
v 2.007851 1.709531 -1.563004
v 2.058586 1.290286 -1.697632
v 2.101463 1.287771 -1.654064
v 2.020622 1.681475 -1.568966
v 2.037659 1.685890 -1.696331
v 2.031654 1.336835 -1.685341
v 2.028755 1.330619 -1.682610
v 1.978279 1.316521 -1.632080
v 2.035728 1.688187 -1.694317
v 2.090858 1.331013 -1.623108
v 2.087990 1.324817 -1.620434
v 2.038162 1.311888 -1.570827
v 2.090721 1.680820 -1.634926
v 2.092628 1.678563 -1.636913
v 2.056038 1.284149 -1.722500
v 2.010048 1.291453 -1.771683
v 2.061195 1.762080 -1.737480
v 2.017326 1.764892 -1.782604
v 1.899094 1.255202 -1.654568
v 1.923721 1.314620 -1.695465
v 1.974335 1.329686 -1.751591
v 1.985085 1.702481 -1.757416
v 2.032898 1.325314 -1.690842
v 2.039520 1.699590 -1.701862
v 1.957214 1.718025 -1.627197
v 1.981964 1.685711 -1.639294
v 2.012360 1.299909 -1.773769
v 2.012192 1.765208 -1.777439
v 1.904709 1.254229 -1.660236
v 2.056030 1.762396 -1.732258
v 2.019165 1.759644 -1.784550
v 1.912804 1.731528 -1.671410
v 1.954582 1.730103 -1.628147
v 2.003693 1.287117 -1.765411
v 2.049629 1.279772 -1.716198
v 1.968483 1.703216 -1.634937
v 1.985924 1.700979 -1.758255
v 1.975426 1.333747 -1.752571
v 1.972527 1.327214 -1.749844
v 1.925117 1.313213 -1.696892
v 2.031105 1.322836 -1.689137
v 1.980972 1.308738 -1.638969
v 1.989120 1.680148 -1.645943
v 1.963371 1.783047 -1.849163
v 1.853088 1.748677 -1.737030
v 1.832741 1.247894 -1.734272
v 1.917267 1.323112 -1.822014
v 1.877449 1.698521 -1.771835
v 1.990730 1.715254 -1.765720
v 1.958244 1.783524 -1.844009
v 1.838333 1.246825 -1.739914
v 2.005066 1.783304 -1.798454
v 1.965218 1.777444 -1.851124
v 2.012108 1.777227 -1.805634
v 1.857803 1.752913 -1.741695
v 1.903099 1.752614 -1.696793
v 1.878418 1.701533 -1.772774
v 1.941948 1.278069 -1.839809
v 1.996437 1.276642 -1.787392
v 1.932388 1.717391 -1.826469
v 1.915474 1.320520 -1.820251
v 1.865532 1.307728 -1.770393
v 1.930428 1.720064 -1.824451
v 1.978325 1.319589 -1.758465
v 1.931267 1.305571 -1.705894
v 1.937302 1.698759 -1.713917
v 1.989639 1.716322 -1.764599
v 1.991539 1.713670 -1.766586
v 1.931183 1.293632 -1.850159
v 1.884109 1.290722 -1.893307
v 1.900719 1.768436 -1.897842
v 1.854919 1.331035 -1.869099
v 1.867577 1.705193 -1.873383
v 1.911903 1.331766 -1.813210
v 1.869606 1.685495 -1.765480
v 1.863396 1.693987 -1.759796
v 1.886406 1.299176 -1.895435
v 1.895569 1.768813 -1.892693
v 1.933495 1.302127 -1.852299
v 1.939041 1.767824 -1.849892
v 1.902565 1.763168 -1.899776
v 1.946068 1.762159 -1.857033
v 1.838333 1.736478 -1.745514
v 1.922752 1.288363 -1.844864
v 1.851746 1.707928 -1.751816
v 1.856995 1.336914 -1.870445
v 1.912979 1.335786 -1.814201
v 1.910141 1.329292 -1.811474
v 1.857765 1.316025 -1.763660
v 1.870575 1.688324 -1.766418
v 1.922432 1.706541 -1.817940
v 1.924355 1.704065 -1.819916
v 1.865410 1.301789 -1.899578
v 1.822861 1.302403 -1.941063
v 1.837242 1.754457 -1.946735
v 1.801414 1.692523 -1.923141
v 1.790253 1.321927 -1.810646
v 1.848190 1.340518 -1.862812
v 1.805557 1.671613 -1.812958
v 1.783951 1.312224 -1.805187
v 1.799324 1.679535 -1.807285
v 1.825127 1.310442 -1.943218
v 1.832069 1.754735 -1.941566
v 1.756958 1.267496 -1.791241
v 1.867676 1.309848 -1.901737
v 1.876442 1.753922 -1.898823
v 1.839073 1.749525 -1.948654
v 1.883469 1.748694 -1.905937
v 1.728325 1.721389 -1.838634
v 1.774277 1.720639 -1.793694
v 1.748711 1.676623 -1.869858
v 1.815735 1.298265 -1.935394
v 1.858673 1.296047 -1.892483
v 1.787689 1.692523 -1.799347
v 1.802711 1.690326 -1.923157
v 1.786880 1.334756 -1.916813
v 1.800262 1.693434 -1.921993
v 1.849236 1.344338 -1.863808
v 1.845230 1.336223 -1.860867
v 1.791626 1.320619 -1.812046
v 1.806519 1.674306 -1.813896
v 1.857414 1.689929 -1.865097
v 1.859322 1.687612 -1.867058
v 1.806129 1.316560 -1.949310
v 1.820717 1.734559 -1.954296
v 1.777176 1.733787 -1.995735
v 1.741722 1.677039 -1.972355
v 1.785126 1.348598 -1.913300
v 1.796486 1.673990 -1.917683
v 1.778999 1.729311 -1.997612
v 1.822540 1.730062 -1.956200
v 1.799744 1.312540 -1.942982
v 1.742538 1.675753 -1.973194
v 1.782593 1.346458 -1.912193
v 1.797279 1.672703 -1.918510
v 0.021797 1.960793 1.697651
v 0.113922 1.973823 1.776279
v 0.049164 1.944795 1.658043
v 0.141739 1.958100 1.736168
v 0.151711 1.892879 1.716621
v 0.127922 1.984732 1.757404
v 0.035194 1.973485 1.678875
v -1.361824 1.343211 -1.724110
v -1.437096 1.339290 -1.652061
v -1.380280 1.326956 -1.745865
v -1.463737 1.316778 -1.666664
v -1.373085 1.354260 -1.745949
v -1.457336 1.350240 -1.664661
v -1.396103 1.325648 -1.762947
v -1.479904 1.318739 -1.685661
v -1.577522 1.905592 0.095509
v -1.519714 1.897313 0.180981
v -1.562752 1.817024 0.086868
v -1.506554 1.806273 0.171516
v -1.533081 1.871909 0.193989
v -1.599152 1.877692 0.096809
v -1.518578 1.805502 0.185616
v -1.582405 1.816689 0.090061
v 1.853088 2.786196 1.889069
v 1.871933 2.144657 1.762280
v 1.839378 3.072107 1.936909
v 1.327362 2.658149 1.983994
v 1.878502 2.477791 1.877071
v 2.374977 2.981106 1.475822
v 2.333366 2.394571 1.375439
v 1.347115 2.366277 1.983868
vn -0.0075 -0.2801 -0.9600
vn -0.6120 -0.0691 -0.7878
vn -0.5738 -0.0646 -0.8165
vn -0.7293 -0.3378 -0.5950
vn -0.6129 -0.0640 -0.7875
vn -0.5812 -0.0547 -0.8120
vn 0.8263 -0.0787 0.5576
vn 0.8143 -0.0342 0.5794
vn 0.8118 -0.3425 0.4730
vn -0.6937 0.0729 -0.7165
vn -0.6466 0.0945 -0.7569
vn -0.6485 0.0805 -0.7570
vn 0.8398 -0.0859 0.5361
vn 0.8282 -0.0153 0.5602
vn 0.8168 -0.3522 0.4569
vn -0.0098 -0.5480 -0.8364
vn 0.6396 -0.3855 -0.6650
vn 0.6736 -0.5485 -0.4953
vn -0.7103 -0.4189 -0.5657
vn -0.5883 -0.1318 -0.7978
vn -0.6337 -0.0839 -0.7690
vn -0.6027 -0.0540 -0.7961
vn -0.4630 0.2869 -0.8387
vn -0.6508 -0.0667 -0.7563
vn -0.6267 -0.1022 -0.7725
vn -0.6151 -0.0785 -0.7845
vn -0.5104 0.6675 -0.5422
vn -0.2279 0.2308 -0.9459
vn -0.6634 0.1224 -0.7382
vn 0.4299 0.6242 0.6524
vn 0.4146 0.5061 0.7563
vn -0.0074 0.7564 0.6541
vn 0.8761 0.4715 0.1011
vn 0.8092 0.5471 0.2142
vn 0.7922 0.6027 -0.0962
vn 0.6768 0.2901 0.6765
vn 0.6660 0.6996 0.2589
vn 0.4540 0.7287 0.5127
vn 0.3672 0.7583 -0.5386
vn 0.2988 0.7849 -0.5429
vn 0.2831 0.7009 -0.6546
vn 0.5204 0.1816 -0.8344
vn 0.5976 0.6141 -0.5155
vn 0.5081 0.5691 -0.6465
vn 0.9113 0.1652 -0.3772
vn 0.9801 -0.1082 -0.1666
vn 0.9768 0.1740 0.1248
vn 0.8203 -0.2679 0.5052
vn 0.8683 -0.1211 0.4810
vn 0.9155 -0.1964 0.3512
vn -0.3152 0.8869 0.3377
vn -0.0526 0.9984 -0.0196
vn -0.2414 0.9102 0.3365
vn -0.5476 0.3343 0.7671
vn -0.6150 0.0384 0.7876
vn -0.5920 0.3006 0.7478
vn -0.4953 -0.0825 0.8648
vn -0.3560 -0.2853 0.8899
vn -0.5623 -0.1277 0.8170
vn 0.2486 -0.4249 0.8704
vn 0.0193 -0.6506 0.7592
vn -0.0434 -0.4021 0.9146
vn 0.3955 -0.3364 0.8546
vn 0.5124 -0.6393 0.5734
vn 0.3019 0.8991 -0.3169
vn 0.3776 0.9171 -0.1281
vn 0.5228 0.8392 -0.1496
vn 0.3914 0.8005 -0.4538
vn 0.5908 0.7373 -0.3278
vn 0.5699 0.7441 -0.3486
vn 0.6459 0.6820 -0.3431
vn 0.5467 0.7166 -0.4331
vn 0.5699 0.6906 -0.4454
vn 0.5204 0.7256 -0.4502
vn 0.5201 0.6625 -0.5390
vn 0.5084 0.7257 -0.4636
vn 0.4800 0.6617 -0.5760
vn 0.6187 0.4789 -0.6228
vn 0.7068 0.2123 -0.6748
vn 0.6087 0.5002 -0.6158
vn 0.8336 0.0428 0.5506
vn 0.9394 0.3273 0.1018
vn 0.9677 0.1924 0.1631
vn 0.8514 0.1186 0.5109
vn 0.8580 -0.0185 0.5134
vn 0.7435 -0.0929 -0.6623
vn 0.8081 -0.1957 -0.5556
vn 0.7612 -0.1496 -0.6311
vn 0.9634 -0.2581 0.0729
vn 0.8792 -0.2056 0.4298
vn 0.8486 -0.3558 0.3916
vn 0.9295 -0.0837 0.3592
vn 0.8376 -0.1904 0.5120
vn 0.8402 -0.0088 0.5421
vn 0.7645 -0.1100 -0.6352
vn 0.7290 -0.0670 -0.6813
vn 0.7618 -0.1194 -0.6367
vn 0.9827 -0.0772 0.1684
vn 0.8587 -0.3280 0.3937
vn 0.9593 -0.2824 0.0011
vn 0.8369 -0.1143 -0.5352
vn 0.9273 -0.2099 -0.3098
vn 0.9110 -0.1648 -0.3781
vn 0.8964 -0.4289 0.1122
vn 0.9240 -0.3659 -0.1112
vn 0.9014 -0.4068 0.1481
vn 0.7312 -0.0040 -0.6821
vn 0.7101 -0.0228 -0.7037
vn 0.8768 -0.2721 -0.3964
vn 0.7698 -0.3105 -0.5577
vn 0.7834 -0.2726 -0.5585
vn 0.2405 -0.2482 0.9384
vn -0.1211 -0.4783 0.8698
vn -0.1561 -0.2884 0.9447
vn -0.6942 -0.1820 0.6963
vn -0.6373 -0.1275 0.7600
vn -0.7100 -0.1076 0.6959
vn -0.7377 0.1899 0.6479
vn -0.7101 0.0469 0.7026
vn -0.7291 0.0217 0.6840
vn -0.3815 -0.3209 0.8669
vn -0.2763 -0.3265 0.9039
vn -0.4718 -0.2474 0.8463
vn -0.5576 -0.0427 0.8290
vn -0.5300 -0.1539 0.8339
vn -0.6560 0.3163 0.6853
vn -0.7183 0.2825 0.6358
vn -0.4219 0.6008 0.6790
vn -0.5727 0.3658 0.7336
vn -0.6775 0.3196 0.6624
vn -0.3987 0.4895 0.7755
vn -0.6540 0.2203 0.7237
vn 0.5732 0.7808 -0.2485
vn 0.4121 0.7815 -0.4684
vn 0.5929 0.7025 -0.3937
vn 0.6691 0.6961 -0.2602
vn 0.6629 0.6664 -0.3413
vn 0.6751 0.6594 -0.3307
vn 0.5297 0.7587 -0.3793
vn 0.6468 0.7314 -0.2163
vn 0.6973 0.7047 -0.1310
vn 0.6722 0.4690 -0.5729
vn 0.7301 0.6285 -0.2683
vn 0.8750 0.4036 -0.2673
vn 0.9121 -0.2335 -0.3369
vn 0.9957 -0.0438 0.0817
vn 0.8961 -0.2452 -0.3700
vn 0.8956 -0.2591 -0.3617
vn 0.9076 -0.2873 -0.3062
vn 0.9450 -0.1822 -0.2717
vn 0.9412 -0.2152 -0.2605
vn 0.9164 -0.2958 -0.2698
vn 0.9190 -0.1981 -0.3409
vn -0.0268 0.8033 0.5950
vn 0.1518 0.7754 0.6129
vn -0.1342 0.8978 0.4194
vn -0.4376 0.6737 0.5954
vn -0.6472 -0.2184 0.7304
vn -0.5744 -0.1632 0.8022
vn -0.5489 -0.1961 0.8125
vn 0.3333 -0.2745 0.9020
vn 0.6238 -0.1494 0.7672
vn -0.3627 -0.3356 0.8694
vn -0.0838 -0.3332 0.9391
vn -0.0563 -0.3553 0.9330
vn -0.6592 -0.3099 0.6852
vn -0.5678 -0.2616 0.7805
vn -0.6750 -0.2442 0.6962
vn 0.2611 -0.2693 0.9270
vn 0.5639 -0.1902 0.8036
vn 0.2795 -0.2690 0.9217
vn -0.3749 -0.2964 0.8784
vn -0.5995 -0.3411 0.7241
vn -0.3889 -0.2430 0.8887
vn -0.5614 -0.3324 0.7578
vn -0.6512 -0.3528 0.6719
vn -0.6612 -0.3657 0.6550
vn 0.7479 -0.1491 0.6468
vn 0.7177 -0.0082 0.6963
vn 0.7071 0.0117 0.7071
vn 0.5730 -0.1149 0.8115
vn 0.2520 -0.2167 0.9432
vn 0.2459 -0.1630 0.9555
vn -0.6304 -0.3724 0.6812
vn -0.5134 -0.2177 0.8301
vn -0.4458 -0.2735 0.8523
vn -0.6814 -0.3701 0.6315
vn -0.6893 -0.3665 0.6250
vn 0.5076 -0.1316 0.8515
vn 0.2335 -0.2331 0.9440
vn 0.2167 -0.3022 0.9283
vn -0.6768 -0.0447 0.7348
vn -0.3747 -0.3004 0.8771
vn -0.4864 -0.1574 0.8595
vn -0.6960 -0.2097 0.6868
vn -0.6699 -0.0180 0.7423
vn -0.4422 -0.6094 0.6581
vn -0.4857 -0.4437 0.7531
vn -0.3865 -0.5657 0.7284
vn -0.6490 -0.2269 0.7261
vn -0.4247 -0.5526 0.7171
vn 0.8106 -0.0509 0.5833
vn 0.7531 -0.4439 0.4856
vn 0.8724 -0.3538 0.3372
vn 0.7412 -0.4663 0.4830
vn 0.7280 -0.3140 0.6095
vn 0.4283 0.8512 -0.3034
vn 0.5222 0.8008 -0.2933
vn 0.5502 0.8052 -0.2211
vn -0.5061 0.1436 -0.8504
vn -0.5993 -0.0591 -0.7983
vn -0.4011 -0.0561 -0.9143
vn -0.3258 0.9058 0.2709
vn -0.1410 0.9893 -0.0367
vn -0.3719 0.8460 0.3822
vn -0.7591 0.3559 0.5450
vn -0.8261 0.1003 0.5546
vn -0.7653 0.3374 0.5481
vn -0.8195 -0.0843 0.5668
vn -0.8743 -0.2242 0.4304
vn -0.8579 -0.0650 0.5097
vn -0.8476 -0.2981 -0.4389
vn -0.7758 -0.4957 -0.3904
vn -0.7157 -0.3631 -0.5965
vn 0.1374 0.8720 -0.4698
vn 0.1644 0.8617 -0.4800
vn 0.2805 0.8980 -0.3389
vn 0.2139 0.7109 -0.6700
vn 0.3371 0.7032 -0.6260
vn 0.2366 0.7913 -0.5639
vn 0.4067 0.7290 -0.5506
vn 0.3409 0.6865 -0.6423
vn 0.4137 0.6831 -0.6019
vn 0.4257 0.7544 -0.4997
vn 0.5024 0.6855 -0.5269
vn 0.5028 0.7147 -0.4862
vn 0.7256 0.6367 -0.2608
vn 0.5042 0.6700 -0.5448
vn 0.6985 0.1841 -0.6915
vn 0.9036 0.4259 -0.0458
vn 0.6855 0.1122 -0.7193
vn 0.6128 0.5374 -0.5794
vn 0.6979 0.1496 -0.7004
vn -0.3329 0.4398 -0.8341
vn -0.5793 0.1715 -0.7968
vn -0.5952 0.1332 -0.7925
vn -0.3080 0.1971 -0.9308
vn -0.6122 -0.0574 -0.7886
vn 0.6991 -0.1110 -0.7064
vn 0.6768 -0.1622 -0.7181
vn 0.4757 -0.2832 -0.8328
vn 0.5515 -0.2236 -0.8036
vn -0.5286 -0.2752 -0.8030
vn -0.1670 -0.3348 -0.9274
vn -0.4729 -0.3578 -0.8052
vn 0.6235 -0.1563 -0.7660
vn 0.9873 -0.0541 -0.1494
vn 0.5852 -0.0869 -0.8062
vn -0.2918 -0.1746 -0.9404
vn -0.5322 -0.1101 -0.8394
vn -0.4162 -0.2356 -0.8782
vn 0.5583 -0.2059 -0.8037
vn 0.5153 -0.1428 -0.8451
vn -0.2142 -0.1925 -0.9576
vn -0.3850 -0.1070 -0.9167
vn -0.1674 -0.2303 -0.9586
vn 0.5164 -0.0037 -0.8564
vn 0.4535 -0.0865 -0.8871
vn 0.4032 -0.0584 -0.9132
vn 0.4623 -0.0288 -0.8863
vn 0.0626 -0.3724 -0.9260
vn -0.0682 -0.3462 -0.9357
vn -0.1571 -0.3191 -0.9346
vn 0.4279 -0.2704 -0.8625
vn 0.4492 -0.2873 -0.8459
vn 0.3813 -0.3284 -0.8641
vn -0.9611 -0.1471 -0.2338
vn -0.9355 -0.3351 0.1125
vn -0.9263 -0.3017 -0.2256
vn -0.6928 -0.1854 0.6969
vn -0.7279 -0.1336 0.6726
vn -0.7487 -0.2337 0.6203
vn -0.9015 -0.3679 0.2277
vn -0.8628 -0.3411 0.3731
vn -0.8340 -0.2910 0.4687
vn -0.8107 -0.0195 0.5851
vn -0.7173 0.0046 0.6967
vn -0.6665 0.3182 0.6742
vn -0.6401 0.1848 0.7457
vn -0.6381 0.2897 0.7134
vn -0.6663 0.6028 0.4390
vn -0.7249 0.3572 0.5890
vn -0.7624 0.5372 0.3609
vn -0.6806 0.3372 0.6505
vn -0.8362 0.3039 0.4565
vn 0.3217 0.7535 -0.5734
vn 0.4935 0.7876 -0.3690
vn 0.3190 0.8542 -0.4106
vn 0.2713 0.6892 -0.6718
vn 0.4453 0.6113 -0.6542
vn 0.3244 0.6720 -0.6657
vn 0.0632 0.7000 -0.7113
vn 0.3188 0.7557 -0.5721
vn 0.3393 0.7799 -0.5260
vn 0.1396 0.6445 -0.7518
vn 0.4975 0.5052 -0.7051
vn 0.1860 0.4109 -0.8925
vn 0.2675 -0.3035 -0.9145
vn -0.2049 -0.1172 -0.9717
vn 0.2560 -0.0026 -0.9667
vn 0.3034 -0.3692 -0.8784
vn 0.3844 -0.2587 -0.8862
vn 0.2514 -0.2725 -0.9287
vn 0.1879 -0.1037 -0.9767
vn -0.0106 -0.1997 -0.9798
vn 0.1801 -0.1676 -0.9693
vn 0.1978 -0.2088 -0.9578
vn 0.2974 -0.3041 -0.9050
vn 0.1486 -0.3250 -0.9340
vn -0.6117 0.7821 0.1187
vn -0.5709 0.7981 -0.1926
vn -0.3738 0.9120 0.1689
vn -0.5977 0.6632 0.4505
vn -0.7020 -0.1810 0.6888
vn -0.5355 -0.5612 0.6311
vn -0.6266 -0.1329 0.7680
vn -0.7516 -0.1643 0.6389
vn -0.7277 -0.1046 0.6778
vn -0.7351 -0.2824 0.6164
vn -0.8968 -0.2554 -0.3613
vn -0.7600 -0.1205 -0.6386
vn -0.7795 -0.1525 -0.6075
vn -0.8769 -0.3293 0.3501
vn -0.9464 -0.3191 0.0506
vn -0.8837 -0.3142 0.3469
vn -0.7278 -0.2676 0.6315
vn -0.7746 -0.2767 0.5687
vn -0.7854 -0.2965 0.5434
vn -0.9172 -0.2598 -0.3021
vn -0.7890 -0.1893 -0.5845
vn -0.7861 -0.2000 -0.5849
vn -0.8956 -0.2736 0.3508
vn -0.7504 -0.2854 0.5962
vn -0.7857 -0.2954 0.5435
vn -0.7388 -0.3231 0.5914
vn -0.7473 -0.3432 0.5691
vn -0.7009 -0.0853 -0.7081
vn -0.6734 -0.1680 -0.7199
vn -0.6866 -0.0940 -0.7209
vn -0.9209 -0.2510 -0.2983
vn -0.8099 -0.1505 -0.5670
vn -0.9329 -0.2174 -0.2870
vn -0.9184 -0.1541 0.3643
vn -0.7093 -0.1973 0.6767
vn -0.7086 -0.2421 0.6628
vn -0.5916 -0.3186 0.7406
vn -0.9552 -0.1216 -0.2698
vn -0.8329 -0.0345 -0.5524
vn -0.9711 -0.0495 -0.2335
vn -0.8547 -0.3652 0.3689
vn -0.7456 -0.3401 0.5730
vn -0.8589 -0.3902 0.3317
vn -0.6614 -0.2045 0.7216
vn -0.9293 -0.3076 -0.2045
vn -0.7540 -0.4139 -0.5100
vn -0.8717 -0.4559 -0.1800
vn -0.7987 -0.3614 0.4812
vn -0.6905 -0.4667 0.5527
vn -0.8555 -0.3442 0.3869
vn -0.7119 -0.3139 0.6282
vn -0.5991 -0.5425 0.5888
vn -0.5313 -0.0739 -0.8440
vn -0.2879 -0.2544 -0.9233
vn -0.4953 -0.2862 -0.8202
vn -0.4313 -0.1990 -0.8800
vn -0.3760 -0.2370 -0.8958
vn -0.3691 -0.2807 -0.8860
vn 0.3732 0.6629 -0.6491
vn 0.1341 0.3750 -0.9173
vn 0.4192 0.5774 -0.7006
vn 0.2271 0.5836 -0.7796
vn -0.0482 0.1345 -0.9897
vn -0.5003 -0.3019 -0.8115
vn -0.2913 -0.3713 -0.8816
vn -0.4726 -0.1967 -0.8591
vn -0.5112 -0.0810 -0.8557
vn -0.5725 -0.0915 -0.8148
vn -0.5812 -0.0606 -0.8115
vn -0.5945 -0.5113 0.6206
vn -0.4486 -0.7223 0.5264
vn -0.5480 -0.6081 0.5743
vn -0.7556 -0.3805 0.5331
vn -0.9318 -0.3502 0.0957
vn -0.9296 -0.3407 0.1408
vn -0.8201 -0.3603 -0.4446
vn -0.9110 -0.2549 0.3243
vn -0.9687 -0.2328 0.0862
vn -0.9836 -0.1805 0.0028
vn -0.8126 -0.1412 -0.5654
vn -0.5497 -0.2580 -0.7945
vn -0.6349 -0.2419 -0.7338
vn -0.6076 -0.2780 -0.7440
vn -0.5877 -0.1658 -0.7919
vn -0.5886 -0.1233 0.7989
vn -0.9092 -0.2051 0.3624
vn -0.9675 -0.2528 0.0079
vn -0.9670 -0.2509 0.0449
vn -0.8161 -0.1248 -0.5643
vn -0.6970 -0.0003 -0.7171
vn -0.6803 -0.1297 -0.7214
vn -0.6405 -0.0147 -0.7678
vn -0.6961 -0.0666 -0.7148
vn -0.7109 -0.1442 -0.6883
vn -0.6581 -0.3949 0.6411
vn -0.7903 -0.3163 0.5247
vn -0.9596 -0.2755 0.0577
vn -0.7946 -0.1687 -0.5832
vn -0.9132 -0.2614 -0.3126
vn -0.9384 -0.3447 0.0244
vn -0.9597 -0.1792 0.2165
vn -0.9286 -0.1379 0.3446
vn -0.7578 0.1865 0.6253
vn -0.6123 0.0575 0.7885
vn -0.6986 0.4506 0.5558
vn -0.0444 0.9724 -0.2291
vn 0.0745 0.9966 -0.0353
vn -0.1754 0.8510 -0.4949
vn 0.2608 -0.3677 -0.8926
vn 0.1708 -0.3864 -0.9064
vn 0.0667 -0.3513 -0.9339
vn 0.4074 -0.1508 -0.9007
vn 0.3284 -0.1468 -0.9330
vn -0.0508 -0.0871 -0.9949
vn -0.0077 -0.3162 -0.9487
vn -0.0948 -0.3893 -0.9162
vn 0.5664 0.1136 -0.8163
vn -0.2995 0.4342 -0.8496
vn 0.4011 0.7183 -0.5684
vn 0.0890 0.6849 -0.7231
vn 0.2375 0.5032 -0.8309
vn 0.4844 0.6886 -0.5396
vn 0.2867 0.9026 -0.3212
vn -0.8830 0.3537 0.3084
vn -0.9322 0.2287 0.2804
vn -0.7828 0.1414 0.6059
vn -0.6914 0.1672 0.7029
vn -0.8203 -0.1795 0.5430
vn -0.6680 0.0205 0.7438
vn -0.6736 -0.0961 0.7328
vn -0.7218 -0.2645 0.6396
vn -0.8321 -0.2571 -0.4914
vn -0.7808 -0.3099 -0.5426
vn -0.9793 -0.0540 -0.1953
vn 0.4931 -0.2354 -0.8375
vn 0.9797 0.0266 -0.1986
vn 0.5175 -0.0774 -0.8522
vn -0.3060 -0.1410 -0.9415
vn -0.0003 -0.1994 -0.9799
vn 0.9795 -0.1212 -0.1612
vn 0.6467 -0.1632 -0.7451
vn 0.9821 -0.0845 -0.1683
vn 0.6113 -0.2035 -0.7648
vn 0.9101 -0.1186 -0.3970
vn 0.5826 0.5535 -0.5952
vn 0.4254 0.7169 -0.5524
vn 0.3564 0.6447 -0.6763
vn 0.2814 0.8094 -0.5155
vn 0.1239 0.5627 -0.8173
vn 0.1248 0.4556 -0.8814
vn -0.3985 -0.7628 -0.5093
vn -0.5073 -0.6960 -0.5081
vn -0.4439 -0.6664 -0.5990
vn -0.6891 -0.2169 -0.6915
vn -0.9201 -0.3915 0.0129
vn -0.8229 -0.3209 0.4690
vn -0.8049 0.1265 0.5798
vn -0.5975 0.6386 0.4849
vn -0.1515 0.2831 -0.9471
vn 0.5519 0.5626 -0.6155
vn -0.0330 -0.0018 -0.9995
vn 0.2527 0.3522 -0.9012
vn 0.6037 0.6166 -0.5053
vn 0.4475 -0.5149 0.7312
vn 0.4529 -0.4980 0.7395
vn 0.4170 -0.3237 0.8493
vn 0.7832 -0.3236 0.5309
vn 0.5311 -0.0206 0.8470
vn 0.8379 -0.4144 0.3552
vn 0.8340 0.0268 0.5511
vn 0.8504 0.0439 0.5243
vn 0.8199 -0.0899 0.5654
vn -0.5476 -0.4845 0.6822
vn -0.5124 -0.5367 0.6704
vn -0.1037 -0.3591 0.9275
vn -0.0537 -0.2575 0.9648
vn -0.5874 -0.2782 0.7600
vn 0.0906 -0.2213 0.9710
vn 0.1793 -0.4443 0.8778
vn -0.6572 0.0022 0.7537
vn -0.6755 -0.0972 0.7309
vn -0.6542 -0.2410 0.7169
vn -0.1010 -0.3120 0.9447
vn -0.1448 -0.2014 0.9687
vn -0.6740 -0.2420 0.6979
vn 0.1578 -0.2476 0.9559
vn 0.4432 -0.3319 0.8327
vn 0.8054 -0.1946 0.5599
vn 0.7951 -0.3159 0.5178
vn 0.7269 -0.0991 0.6795
vn 0.7703 -0.2296 0.5949
vn -0.6392 -0.3672 0.6757
vn -0.6131 -0.4075 0.6768
vn -0.1043 -0.1620 0.9813
vn -0.0863 -0.2546 0.9632
vn 0.5606 -0.0973 0.8223
vn 0.7262 -0.0160 0.6873
vn 0.7402 -0.0546 0.6702
vn 0.7385 -0.0099 0.6742
vn 0.6974 -0.2303 0.6786
vn 0.7880 -0.1316 0.6014
vn -0.6204 -0.3798 0.6862
vn -0.6523 -0.3395 0.6777
vn -0.0890 -0.3017 0.9492
vn -0.3629 -0.3171 0.8762
vn 0.5553 -0.2008 0.8071
vn -0.6780 -0.2945 0.6735
vn -0.6924 -0.2334 0.6828
vn -0.5423 -0.3375 0.7694
vn -0.0525 -0.3900 0.9193
vn -0.5456 -0.3111 0.7782
vn 0.5864 -0.1680 0.7924
vn -0.2572 -0.2151 0.9421
vn -0.6474 -0.1972 0.7362
vn -0.5536 -0.1703 0.8152
vn -0.5579 -0.0585 0.8279
vn 0.0774 0.9968 -0.0209
vn 0.2450 0.9674 0.0645
vn 0.2944 0.9512 0.0924
vn 0.9395 -0.2528 -0.2311
vn 0.8802 -0.4632 -0.1035
vn 0.8980 -0.3952 -0.1933
vn 0.9177 -0.2428 -0.3146
vn 0.9106 -0.2597 -0.3216
vn 0.8971 -0.1634 -0.4106
vn 0.9706 -0.2408 0.0055
vn 0.9565 -0.2824 0.0733
vn 0.9474 -0.2762 -0.1615
vn 0.8480 -0.1561 -0.5066
vn 0.7666 -0.1628 -0.6212
vn 0.9375 0.0605 -0.3426
vn 0.9085 0.3927 0.1429
vn 0.9081 0.3941 0.1417
vn 0.5785 0.7368 -0.3499
vn 0.6714 0.6961 -0.2543
vn 0.5270 0.8225 -0.2138
vn 0.4567 0.8796 -0.1332
vn 0.3116 0.8706 -0.3808
vn 0.4194 0.8627 -0.2826
vn -0.6210 0.3705 0.6907
vn -0.5921 0.3213 0.7391
vn -0.6856 0.2805 0.6718
vn -0.7017 0.2424 0.6699
vn -0.5405 0.4410 0.7165
vn -0.6814 0.1584 0.7145
vn -0.5384 0.0718 0.8396
vn -0.5800 0.1188 0.8059
vn -0.6825 0.2692 0.6795
vn -0.6964 0.1983 0.6897
vn -0.4374 -0.1955 0.8778
vn -0.6603 -0.0152 0.7509
vn -0.6080 -0.2018 0.7679
vn -0.7078 -0.0969 0.6997
vn -0.6994 -0.1761 0.6927
vn 0.1515 -0.1350 0.9792
vn 0.7799 -0.0989 -0.6180
vn 0.9291 -0.2689 -0.2539
vn 0.7334 -0.0790 -0.6752
vn 0.6965 -0.2781 -0.6614
vn 0.9007 -0.3869 0.1977
vn 0.8578 -0.4453 0.2565
vn 0.7747 -0.0618 -0.6293
vn 0.7160 0.0192 -0.6978
vn 0.7583 -0.1789 -0.6269
vn 0.8856 -0.2439 0.3953
vn 0.7555 -0.0602 -0.6524
vn 0.6929 0.1631 -0.7024
vn 0.5301 0.6638 -0.5276
vn 0.5559 0.6746 -0.4857
vn 0.5327 0.7337 -0.4218
vn 0.6684 0.6433 -0.3733
vn 0.7382 0.6270 -0.2491
vn 0.5614 -0.2078 0.8010
vn 0.2123 -0.6846 0.6973
vn 0.3527 -0.5968 0.7207
vn -0.3316 -0.5358 0.7765
vn -0.5432 -0.3089 0.7807
vn -0.7104 -0.0687 0.7005
vn -0.8871 0.2507 0.3875
vn -0.8583 0.5089 0.0658
vn -0.4831 0.6468 0.5901
vn -0.4896 0.7973 -0.3530
vn -0.6885 0.7189 -0.0960
vn 0.7885 -0.5378 0.2983
vn 0.7456 -0.2881 0.6008
vn 0.9133 -0.3891 0.1199
vn 0.7893 0.5243 -0.3196
vn 0.6466 0.3671 -0.6687
vn -0.3753 -0.3130 -0.8725
vn -0.7111 -0.6644 -0.2299
vn -0.5826 -0.4818 -0.6545
vn 0.6002 -0.2490 -0.7601
vn 0.6908 -0.1867 -0.6985
vn 0.5164 -0.1554 -0.8421
vn 0.8027 0.5763 0.1538
vn 0.4842 0.3433 0.8048
vn 0.8403 -0.2716 0.4692
vn 0.9272 -0.3743 0.0167
vn 0.9048 -0.3156 -0.2860
vn 0.9124 -0.4091 0.0132
vn 0.8513 -0.3423 0.3976
vn 0.7696 -0.3106 0.5579
vn 0.8224 -0.3271 0.4654
vn 0.9056 0.4236 -0.0215
vn 0.2926 0.8039 -0.5177
vn 0.5256 0.8044 -0.2769
vn 0.6377 0.3688 0.6762
vn 0.4323 0.7694 -0.4702
vn 0.6942 -0.3155 -0.6470
vn 0.3865 0.2812 -0.8784
vn -0.1304 0.5314 -0.8370
vn 0.7278 0.1727 -0.6637
vn 0.8187 -0.0079 0.5741
vn 0.8281 -0.0232 0.5601
vn 0.8288 -0.0208 0.5591
vn 0.8398 -0.0156 0.5426
vn 0.9125 -0.0298 -0.4079
vn 0.3180 0.3801 -0.8686
vn 0.8721 -0.2366 -0.4284
vn 0.7493 0.0308 0.6615
vn 0.8362 -0.0063 0.5484
vn 0.8331 -0.2617 -0.4873
vn 0.2621 0.6432 -0.7195
vn 0.4534 -0.5220 0.7225
vn -0.2533 -0.8871 0.3859
vn 0.3695 -0.5663 0.7367
vn -0.8732 -0.3963 -0.2838
vn -0.1583 -0.9439 0.2899
vn -0.8674 -0.3492 -0.3545
vn -0.3583 -0.5748 -0.7357
vn -0.3794 -0.9244 0.0400
vn -0.3229 -0.9432 -0.0777
vn -0.5954 -0.5745 -0.5616
vn -0.6285 -0.5192 -0.5792
vn 0.7966 0.4066 0.4474
vn 0.8824 0.3434 0.3217
vn 0.7720 0.4465 0.4524
vn 0.4041 0.3945 0.8253
vn 0.6423 0.4206 0.6407
vn 0.7250 0.4577 0.5146
vn -0.4127 0.4985 -0.7623
vn -0.2240 0.7311 -0.6445
vn -0.0667 0.7587 -0.6480
vn 0.0769 0.7828 -0.6175
vn -0.3418 0.5428 -0.7672
vn 0.0089 0.7710 -0.6367
vn -0.8563 0.2872 0.4293
vn -0.6690 0.2458 0.7015
vn -0.7073 0.6642 0.2420
vn -0.8847 0.4641 -0.0437
vn -0.6190 0.7340 -0.2795
vn -0.4430 0.7521 -0.4879
vn 0.4044 0.1274 -0.9057
vn -0.6352 0.0586 -0.7701
vn -0.1965 0.5694 -0.7982
vn -0.4184 0.2644 0.8689
vn 0.0096 0.2159 0.9764
vn -0.4020 0.2284 0.8867
vn 0.9141 0.3204 0.2485
vn 0.9009 0.4016 0.1645
vn 0.9551 0.2708 0.1201
vn 0.8497 0.4096 0.3320
vn 0.8662 -0.2124 0.4524
vn 0.8001 0.0782 -0.5947
vn 0.6552 -0.7505 -0.0872
vn 0.4818 -0.6460 0.5921
vn -0.5876 0.1270 -0.7991
vn -0.8814 -0.0997 -0.4618
vn -0.7300 0.5267 -0.4356
vn -0.5242 0.4939 -0.6937
vn -0.2704 -0.2795 0.9213
vn 0.3016 0.4472 0.8421
vn -0.0754 0.3420 0.9367
vn 0.7998 0.4391 0.4094
vn -0.2375 0.6466 -0.7249
vn -0.2558 0.5588 -0.7889
vn 0.7440 -0.2366 0.6249
vn 0.8784 0.4146 0.2376
vn -0.9724 0.1312 0.1929
vn -0.5754 -0.4735 0.6669
vn -0.6783 0.2299 0.6979
vn -0.9946 -0.0565 -0.0874
vn 0.0675 -0.1549 0.9856
vn -0.2851 0.6059 -0.7427
vn 0.8136 -0.2455 0.5271
vn 0.5236 0.1892 0.8307
vn -0.4531 -0.4535 0.7675
vn -0.0315 0.7345 -0.6779
vn 0.9103 0.3849 0.1522
vn 0.6976 0.6950 0.1743
vn 0.3770 0.9012 -0.2137
vn 0.6263 0.6842 0.3737
vn 0.5866 0.7704 0.2498
vn 0.7130 0.7011 0.0116
vn 0.6490 0.6934 0.3129
vn 0.0822 -0.8959 0.4365
vn -0.2808 -0.9345 0.2187
vn -0.2126 -0.9409 0.2636
vn -0.7536 -0.6467 0.1175
vn -0.4631 -0.8636 0.1994
vn -0.7113 -0.5509 -0.4366
vn -0.2270 -0.9490 0.2189
vn -0.6154 -0.7657 0.1870
vn -0.0380 -0.6173 -0.7858
vn -0.1289 -0.0642 -0.9896
vn -0.5408 -0.4052 -0.7371
vn 0.8852 -0.3574 -0.2978
vn 0.6368 -0.7600 0.1302
vn -0.5017 0.2313 -0.8336
vn 0.2416 0.6073 -0.7569
vn 0.0240 -0.4067 -0.9133
vn 0.4387 -0.0941 -0.8937
vn -0.1894 0.4557 -0.8698
vn 0.6633 0.1882 0.7243
vn -0.1205 0.9926 -0.0154
vn 0.8647 -0.2753 -0.4201
vn 0.5599 -0.1990 0.8043
vn 0.0561 0.9973 0.0482
vn -0.7284 -0.0162 0.6849
vn -0.2396 0.8441 -0.4797
vn -0.8714 -0.4226 0.2492
vn -0.6933 -0.1134 -0.7117
vn 0.7498 0.1356 -0.6476
vn 0.8630 -0.4470 0.2355
vn 0.6835 -0.2908 -0.6695
vn 0.9002 -0.2640 -0.3463
vn 0.7858 0.0966 0.6108
vn 0.8164 0.0196 0.5772
vn 0.8968 -0.0726 -0.4365
vn 0.8099 -0.1114 -0.5759
vn 0.8413 -0.0218 -0.5401
vn -0.8116 0.2828 0.5113
vn 0.6620 0.7357 -0.1436
vn 0.7374 0.6651 -0.1174
vn 0.9522 0.1613 0.2594
vn 0.6321 0.7406 -0.2279
vn 0.6901 0.6588 -0.2997
vn 0.6678 0.7093 -0.2260
vn 0.0212 0.9994 -0.0288
vn 0.2116 0.6786 -0.7034
vn 0.0215 0.9996 -0.0201
vn 0.5825 0.0528 -0.8111
vn 0.6910 0.0436 -0.7215
vn 0.6020 0.0604 -0.7962
vn -0.0025 -0.9980 -0.0637
vn 0.1978 -0.7071 -0.6789
vn 0.0550 -0.9939 -0.0953
vn 0.0215 -0.9861 -0.1648
vn 0.0140 0.7469 -0.6648
vn -0.1596 0.7617 -0.6280
vn -0.1489 0.7841 -0.6025
vn -0.1145 -0.6898 -0.7149
vn -0.2831 -0.8172 -0.5021
vn -0.1181 -0.9737 -0.1947
vn -0.3150 0.7979 -0.5138
vn -0.3109 0.8000 -0.5132
vn 0.6341 -0.7182 -0.2866
vn 0.6841 -0.7095 -0.1691
vn 0.7190 -0.6692 -0.1877
vn 0.5990 -0.7596 -0.2534
vn 0.9741 -0.0606 -0.2180
vn 0.6584 0.7408 -0.1334
vn 0.7496 -0.6614 -0.0249
vn 0.7169 -0.6969 -0.0193
vn -0.4535 -0.5812 -0.6756
vn -0.4170 -0.6971 -0.5832
vn -0.4498 -0.6335 -0.6296
vn -0.6535 -0.6163 -0.4394
vn -0.6680 -0.6774 -0.3080
vn -0.6180 -0.6542 -0.4360
vn -0.4903 0.8127 -0.3148
vn -0.5150 0.8242 -0.2354
vn -0.4896 0.8493 -0.1973
vn -0.5624 0.8165 -0.1304
vn -0.5171 0.8440 -0.1426
vn -0.6724 -0.7207 -0.1691
vn -0.6872 -0.6720 -0.2762
vn -0.6127 0.7888 0.0492
vn -0.5948 0.8033 0.0318
vn -0.5529 -0.0985 -0.8274
vn -0.2922 0.8668 -0.4041
vn -0.5718 -0.1092 -0.8131
vn -0.8144 -0.0935 -0.5728
vn -0.9003 -0.0859 -0.4267
vn -0.9688 -0.1034 -0.2251
vn 0.8883 -0.0694 -0.4540
vn 0.9245 -0.0979 -0.3683
vn 0.6879 0.7140 -0.1305
vn 0.6631 0.7474 -0.0401
vn 0.6406 0.7589 0.1168
vn 0.5574 0.7869 0.2647
vn 0.6516 0.7482 0.1249
vn 0.5024 0.7800 0.3730
vn 0.3999 0.8022 0.4434
vn 0.4694 0.8075 0.3571
vn 0.6744 0.7374 -0.0390
vn 0.9978 -0.0492 -0.0444
vn 0.7277 -0.6581 0.1932
vn 0.6972 -0.6916 0.1889
vn 0.6863 -0.6151 0.3882
vn 0.5209 -0.5758 0.6302
vn 0.5725 -0.6549 0.4933
vn 0.4793 -0.6637 0.5743
vn 0.3306 0.7998 0.5010
vn 0.6436 -0.1162 0.7565
vn 0.2334 0.7688 0.5954
vn 0.0619 0.7719 0.6327
vn 0.2106 0.7866 0.5805
vn 0.3409 0.7838 0.5190
vn 0.4104 0.7883 0.4585
vn 0.4981 -0.1156 0.8594
vn 0.1985 -0.6795 0.7063
vn 0.3816 -0.5933 0.7088
vn 0.3573 -0.6735 0.6471
vn 0.0024 -0.6871 0.7266
vn 0.2042 -0.6121 0.7639
vn 0.0013 -0.6016 0.7988
vn -0.2235 -0.6684 0.7094
vn -0.2456 -0.5715 0.7830
vn -0.3967 -0.6523 0.6459
vn -0.4300 -0.5579 0.7098
vn -0.1124 0.7399 0.6632
vn -0.2548 0.8011 0.5416
vn -0.1120 0.7685 0.6300
vn -0.5112 -0.6695 0.5389
vn -0.5118 -0.5470 0.6625
vn -0.4671 -0.6570 0.5917
vn -0.3107 0.7147 0.6266
vn -0.3228 0.8267 0.4608
vn -0.2554 -0.1294 0.9581
vn -0.4888 -0.0845 0.8683
vn -0.5513 0.6671 0.5011
vn -0.4133 0.8342 0.3651
vn -0.4205 0.8254 0.3766
vn -0.4962 0.6994 0.5143
vn -0.5751 0.6023 0.5537
vn -0.5860 -0.5308 0.6122
vn -0.5774 -0.5474 0.6058
vn -0.6332 -0.4190 0.6507
vn -0.4061 0.7898 0.4596
vn -0.5963 -0.0565 0.8008
vn -0.5472 -0.6481 0.5297
vn -0.5482 -0.5902 0.5926
vn -0.7043 -0.0300 0.7093
vn -0.7057 -0.0464 0.7070
vn -0.5449 0.8164 0.1911
vn -0.7987 -0.4809 0.3617
vn -0.8194 -0.0622 0.5698
vn -0.9212 -0.0827 0.3801
vn -0.8344 -0.4608 0.3025
vn -0.7334 -0.6733 0.0941
vn -0.7230 -0.6883 0.0597
vn -0.8099 0.2031 0.5503
vn -0.9889 -0.1043 0.1063
vn -0.7009 -0.6957 -0.1573
vn 0.7688 -0.1010 0.6315
vn -0.6727 -0.0394 0.7389
vn 0.6016 -0.7570 -0.2549
vn -0.4096 -0.0110 -0.9122
vn -0.7282 -0.0272 0.6848
vn -0.5196 -0.6571 0.5461
vn -0.6010 -0.5492 0.5807
vn -0.3948 0.7362 0.5497
vn -0.4998 0.6660 0.5538
vn 0.0391 -0.1532 0.9874
vn 0.0759 0.7511 0.6558
vn 0.2973 -0.1341 0.9453
vn 0.8778 -0.0889 0.4706
vn 0.6244 -0.5649 0.5395
vn 0.6389 -0.6752 0.3687
vn 0.5757 0.7734 0.2654
vn 0.9712 -0.0732 0.2266
vn 0.7064 -0.5785 -0.4079
vn -0.0220 -0.9952 -0.0954
vn 0.2904 -0.7474 -0.5976
vn 0.0905 0.7328 -0.6744
vn 0.0295 0.9996 0.0045
vn 0.0611 -0.7054 -0.7062
vn 0.0686 0.9896 -0.1262
vn -0.3050 -0.6649 -0.6819
vn -0.3418 0.8143 -0.4691
vn -0.4888 0.8472 0.2083
vn -0.7818 -0.2328 0.5785
vn 0.6154 0.2453 0.7490
vn 0.4892 0.3655 0.7919
vn 0.6402 0.3240 0.6966
vn 0.5248 0.4154 0.7430
vn 0.6703 0.3507 0.6540
vn 0.6457 0.3886 0.6573
vn 0.5592 0.3738 0.7400
vn 0.6790 0.3100 0.6655
vn 0.8718 0.2374 0.4285
vn 0.7507 0.2998 0.5887
vn 0.7746 0.2697 0.5721
vn 0.5678 0.2591 0.7813
vn 0.6817 0.2330 0.6936
vn 0.6860 0.2767 0.6730
vn 0.5653 0.2180 0.7956
vn 0.6668 0.1965 0.7189
vn 0.5700 0.2009 0.7967
vn 0.7379 0.1586 0.6560
vn -0.7394 0.0706 -0.6695
vn -0.7998 0.1564 -0.5796
vn -0.6919 0.1546 -0.7052
vn -0.8045 0.1981 -0.5599
vn -0.7053 0.1928 -0.6822
vn -0.7937 0.2360 -0.5607
vn -0.6856 0.2625 -0.6790
vn -0.7577 0.2908 -0.5842
vn -0.6585 0.2976 -0.6912
vn -0.8807 0.3555 -0.3131
vn -0.8326 0.3448 -0.4334
vn -0.8973 0.2763 -0.3442
vn -0.6709 0.3392 -0.6594
vn -0.7493 0.3277 -0.5755
vn -0.7571 0.3747 -0.5351
vn -0.6781 0.3661 -0.6372
vn -0.7745 0.4242 -0.4693
vn -0.8681 0.2176 -0.4461
vn -0.8859 0.3942 -0.2445
vn -0.9500 0.1760 -0.2579
vn 0.0479 0.2375 0.9702
vn 0.2513 0.4394 0.8624
vn 0.2471 0.2283 0.9417
vn -0.2507 0.5548 0.7933
vn 0.0488 0.4978 0.8659
vn -0.2330 0.4706 0.8510
vn -0.4525 0.5685 0.6871
vn -0.1989 0.4718 0.8590
vn -0.5358 0.4799 0.6947
vn -0.3478 0.5557 0.7552
vn -0.5278 0.6173 0.5834
vn 0.0149 0.3340 0.9425
vn -0.3089 0.4819 0.8200
vn -0.3312 0.3167 0.8888
vn -0.7193 0.0314 0.6940
vn -0.6707 0.2882 0.6834
vn -0.6836 0.2863 0.6714
vn -0.7173 0.0503 0.6950
vn -0.7078 -0.1617 0.6876
vn -0.7748 0.0805 0.6271
vn -0.7032 -0.1479 0.6955
vn -0.7866 -0.1391 0.6016
vn -0.6958 -0.2566 0.6709
vn -0.9285 -0.1092 0.3550
vn -0.7736 -0.2535 0.5807
vn -0.8728 -0.2547 0.4164
vn -0.8551 -0.2607 0.4481
vn -0.9105 -0.1966 0.3637
vn -0.9632 -0.1638 0.2133
vn -0.6841 -0.2784 0.6741
vn -0.6466 -0.2880 0.7064
vn -0.6394 -0.2603 0.7235
vn -0.6875 -0.2600 0.6780
vn -0.6999 -0.2637 0.6638
vn -0.6750 -0.2647 0.6887
vn -0.6979 -0.1664 0.6966
vn -0.7025 0.0455 0.7103
vn -0.6000 0.0473 0.7986
vn -0.5756 -0.1626 0.8014
vn -0.5823 0.2873 0.7605
vn -0.3098 0.0652 0.9486
vn 0.2615 0.2518 0.9318
vn -0.0857 0.4276 0.8999
vn 0.4432 0.2369 0.8645
vn 0.1694 0.3095 0.9357
vn 0.1118 0.4415 0.8903
vn 0.0885 0.5707 0.8164
vn 0.4007 0.3981 0.8252
vn 0.3331 0.4870 0.8074
vn 0.4414 0.3048 0.8439
vn 0.0360 0.1424 0.9892
vn -0.6170 -0.2728 0.7382
vn -0.6944 -0.2444 0.6768
vn -0.5557 -0.2091 0.8046
vn -0.5540 -0.2618 0.7903
vn -0.3256 -0.1784 0.9285
vn -0.3649 -0.1551 0.9180
vn -0.2959 -0.1213 0.9475
vn 0.0158 -0.0239 0.9996
vn -0.0385 -0.0611 0.9974
vn 0.2569 0.1226 0.9586
vn 0.2995 0.2087 0.9310
vn 0.4480 0.2198 0.8666
vn 0.5715 0.3012 0.7633
vn 0.4480 0.2008 0.8712
vn -0.1635 -0.1363 0.9771
vn 0.1840 0.0419 0.9820
vn 0.0831 -0.0114 0.9965
vn 0.3690 0.1144 0.9224
vn 0.5996 0.2060 0.7734
vn -0.9092 0.3969 -0.1259
vn -0.9416 0.2830 -0.1824
vn -0.8491 0.3407 -0.4037
vn -0.8010 0.5378 -0.2629
vn -0.9745 0.1476 -0.1689
vn -0.9808 0.1863 0.0574
vn -0.8802 0.4486 -0.1551
vn -0.8849 0.4509 0.1171
vn -0.9131 0.1974 0.3567
vn -0.8208 0.3776 0.4285
vn -0.8024 0.1361 0.5811
vn -0.7331 0.1651 0.6598
vn -0.6944 -0.2812 0.6624
vn -0.6851 -0.3009 0.6634
vn -0.7237 0.3243 0.6092
vn -0.7523 0.2049 0.6261
vn -0.7119 0.3431 0.6128
vn -0.7221 0.2282 0.6531
vn -0.6776 0.3356 0.6544
vn -0.6577 0.2206 0.7202
vn -0.6292 0.3274 0.7049
vn -0.5675 0.2400 0.7876
vn -0.5855 0.3355 0.7380
vn -0.4320 0.2553 0.8650
vn -0.4675 0.4074 0.7845
vn -0.2015 0.2498 0.9471
vn -0.5597 0.5685 0.6029
vn -0.5540 0.6068 0.5700
vn -0.6118 0.5020 0.6113
vn -0.6170 0.5040 0.6043
vn -0.6973 0.2957 0.6529
vn -0.7207 0.3098 0.6201
vn -0.9201 0.0938 0.3802
vn -0.9973 -0.0276 0.0685
vn -0.9958 -0.0054 -0.0919
vn -0.9878 -0.1045 0.1156
vn -0.7284 0.4794 0.4895
vn -0.6387 0.4974 0.5870
vn -0.9579 0.0483 -0.2829
vn -0.9265 0.0987 -0.3631
vn -0.9365 0.0583 -0.3459
vn -0.9162 0.1843 -0.3559
vn -0.9452 0.0943 -0.3126
vn -0.9057 0.2231 -0.3604
vn -0.9054 0.1731 -0.3878
vn -0.8848 0.2201 -0.4108
vn -0.8835 0.4386 0.1643
vn -0.9557 0.2831 0.0806
vn -0.8658 0.4306 -0.2548
vn -0.8343 0.4055 -0.3736
vn -0.8225 0.5323 -0.2004
vn -0.8399 0.4347 -0.3249
vn -0.8341 0.5382 0.1211
vn -0.7169 0.5751 0.3942
vn -0.6263 0.5660 0.5361
vn -0.7462 0.3195 0.5840
vn -0.6467 0.5237 0.5546
vn -0.5975 0.5250 0.6061
vn -0.5521 0.5256 0.6473
vn -0.5726 0.5877 0.5716
vn -0.6326 0.5049 0.5873
vn -0.5750 0.6101 0.5451
vn -0.5906 0.5918 0.5486
vn -0.8548 0.2943 0.4275
vn -0.9870 0.1489 0.0599
vn -0.9803 0.1003 -0.1700
vn -0.9878 -0.1111 -0.1093
vn -0.9567 0.2079 -0.2038
vn -0.8682 0.4960 -0.0124
vn -0.7567 0.5955 0.2699
vn -0.6029 0.6133 0.5103
vn -0.6437 0.5383 0.5440
vn 0.4625 0.2400 0.8535
vn -0.5333 0.3080 -0.7879
vn -0.6058 0.4049 -0.6849
vn -0.5805 0.3189 -0.7492
vn -0.5176 0.3748 -0.7692
vn -0.5265 0.3065 -0.7930
vn -0.5320 0.2865 -0.7968
vn -0.6736 0.2963 -0.6771
vn -0.5081 0.2715 -0.8174
vn -0.5303 0.2698 -0.8037
vn -0.5099 0.1853 -0.8400
vn -0.5032 0.1279 -0.8546
vn -0.5481 0.1047 -0.8298
vn 0.7033 -0.0810 -0.7063
vn 0.6529 -0.1045 -0.7502
vn 0.6932 -0.0699 -0.7174
vn 0.6788 -0.0197 -0.7341
vn 0.6322 0.0287 -0.7743
vn 0.6584 -0.0234 -0.7523
vn 0.4653 0.0868 -0.8809
vn 0.6171 0.0874 -0.7820
vn 0.1264 0.1146 -0.9853
vn 0.4593 0.0484 -0.8870
vn 0.1207 0.0712 -0.9901
vn 0.1315 0.1639 -0.9777
vn 0.5006 0.1275 -0.8563
vn -0.2582 0.2207 -0.9405
vn -0.2326 0.1557 -0.9600
vn -0.2830 0.2376 -0.9292
vn -0.2367 0.2805 -0.9302
vn -0.2305 0.2773 -0.9327
vn -0.5263 0.3529 -0.7736
vn -0.1547 0.3365 -0.9289
vn -0.2161 0.3263 -0.9202
vn 0.1967 0.2830 -0.9387
vn 0.0880 0.2011 -0.9756
vn 0.1827 0.2283 -0.9563
vn 0.1887 0.2228 -0.9564
vn 0.1492 0.2190 -0.9643
vn 0.5071 0.1625 -0.8465
vn 0.6181 0.1200 -0.7769
vn 0.6221 0.0384 -0.7820
vn 0.6601 -0.0444 -0.7499
vn 0.6776 -0.0659 -0.7325
vn 0.7019 -0.0688 -0.7090
vn 0.6853 -0.0398 -0.7272
vn 0.6895 -0.0484 -0.7227
vn 0.6355 -0.0034 -0.7721
vn 0.7545 -0.0284 -0.6557
vn 0.7143 -0.0767 -0.6956
vn 0.7242 -0.0576 -0.6872
vn 0.7248 -0.0549 -0.6868
vn 0.7719 0.1783 0.6102
vn 0.7937 0.2005 0.5743
vn 0.7867 0.2375 0.5699
vn 0.9728 0.2223 0.0655
vn 0.8628 0.2906 0.4136
vn 0.7404 0.3423 0.5784
vn 0.7219 0.3711 0.5841
vn 0.7257 0.3148 0.6118
vn 0.7407 0.2655 0.6172
vn 0.8422 0.3141 0.4382
vn 0.8340 0.3370 0.4369
vn 0.9279 0.3337 0.1663
vn 0.9702 0.2279 0.0822
vn 0.9698 0.1945 -0.1474
vn 0.9605 0.0350 -0.2759
vn 0.9708 0.0927 -0.2211
vn 0.9327 -0.0012 -0.3608
vn 0.9240 0.1004 -0.3690
vn 0.8496 0.1053 -0.5167
vn 0.8479 0.0172 -0.5299
vn 0.7533 0.0976 -0.6504
vn 0.7446 0.0358 -0.6665
vn 0.6138 0.0973 -0.7834
vn 0.6015 0.0292 -0.7984
vn 0.4226 0.1282 -0.8972
vn 0.4027 0.0156 -0.9152
vn 0.2201 0.1349 -0.9661
vn 0.2176 0.0329 -0.9755
vn 0.0973 0.1522 -0.9836
vn 0.1672 0.1086 -0.9799
vn -0.0144 0.2402 -0.9706
vn -0.2983 0.3179 -0.9000
vn 0.2728 -0.0229 -0.9618
vn 0.2781 0.1512 -0.9486
vn 0.3905 0.0064 -0.9206
vn 0.3922 0.1474 -0.9080
vn 0.4647 -0.0175 -0.8853
vn 0.4507 0.1219 -0.8843
vn 0.5948 0.1085 -0.7965
vn 0.5827 0.0449 -0.8114
vn 0.5627 -0.0596 -0.8245
vn 0.6224 0.0621 -0.7802
vn 0.7009 -0.0869 -0.7080
vn 0.7313 -0.0433 -0.6807
vn 0.7027 -0.0499 -0.7097
vn 0.7481 0.0059 -0.6636
vn 0.7220 -0.0496 -0.6901
vn 0.7069 -0.0233 -0.7069
vn 0.7566 -0.0527 -0.6518
vn 0.7366 -0.0341 -0.6755
vn 0.7944 0.0407 -0.6061
vn 0.7775 -0.0492 -0.6270
vn 0.7488 -0.0930 -0.6563
vn 0.7410 0.0837 -0.6662
vn 0.6821 0.0416 -0.7301
vn 0.7051 -0.1375 -0.6956
vn 0.5852 -0.1393 -0.7989
vn 0.4583 -0.1399 -0.8777
vn 0.4268 -0.1072 -0.8980
vn 0.3847 -0.1262 -0.9144
vn 0.5594 -0.1244 -0.8195
vn 0.5451 -0.1421 -0.8262
vn 0.5460 -0.2028 -0.8129
vn 0.7986 -0.0271 -0.6012
vn 0.7917 0.1178 -0.5994
vn 0.7652 0.1390 -0.6286
vn 0.8043 0.1115 -0.5836
vn 0.8040 0.0253 -0.5941
vn 0.9306 0.0784 -0.3574
vn 0.9375 0.0527 -0.3439
vn 0.7966 -0.0086 -0.6044
vn 0.9956 0.0934 -0.0025
vn 0.9135 0.0855 -0.3978
vn 0.9904 0.1231 0.0631
vn 0.9316 0.1008 -0.3493
vn 0.7690 0.1714 -0.6158
vn 0.7167 -0.2332 -0.6572
vn 0.8117 -0.2613 -0.5224
vn 0.6831 -0.1756 -0.7089
vn 0.8107 -0.1675 -0.5610
vn 0.7308 -0.0826 -0.6775
vn 0.8597 -0.0644 -0.5067
vn 0.9216 -0.0192 -0.3876
vn 0.8874 -0.1129 -0.4470
vn 0.9087 0.0181 -0.4170
vn 0.8480 -0.2429 -0.4710
vn 0.8834 0.2144 -0.4167
vn 0.9854 0.1497 0.0807
vn 0.8902 0.2093 0.4047
vn 0.9118 0.1705 0.3736
vn 0.9254 0.1644 0.3416
vn 0.8571 -0.0984 -0.5057
vn 0.9344 0.1724 -0.3116
vn 0.9323 0.1062 -0.3458
vn 0.9352 0.2007 -0.2916
vn 0.9651 0.1133 -0.2363
vn 0.9622 0.2724 0.0062
vn 0.9656 0.2575 0.0373
vn 0.9089 0.1465 -0.3903
vn 0.8559 0.3075 0.4157
vn 0.9606 0.2777 0.0141
vn 0.8437 0.3448 0.4115
vn -0.2285 0.1001 -0.9684
vn -0.2673 0.0925 -0.9592
vn 0.6934 -0.0462 -0.7191
vn 0.4504 0.0536 -0.8912
vn 0.1324 0.0619 -0.9893
vn -0.8230 -0.3178 -0.4708
vn -0.8057 -0.5136 -0.2951
vn -0.7611 -0.4483 -0.4688
vn 0.6094 -0.3072 0.7309
vn 0.7034 -0.4085 0.5817
vn 0.5883 -0.4091 0.6975
vn -0.8919 -0.3302 -0.3089
vn -0.8104 -0.5496 -0.2028
vn -0.8867 -0.4204 -0.1926
vn -0.8638 -0.5009 0.0542
vn -0.9068 -0.4198 0.0387
vn -0.8489 -0.4154 0.3268
vn -0.8894 -0.3088 0.3372
vn -0.7331 -0.5128 0.4469
vn -0.7693 -0.3103 0.5585
vn -0.6603 -0.3862 0.6441
vn -0.6517 -0.3715 0.6613
vn -0.7003 -0.2232 0.6780
vn -0.6537 -0.2300 0.7209
vn -0.6782 -0.3293 0.6570
vn -0.5771 -0.1899 0.7943
vn -0.6251 -0.3349 0.7051
vn -0.4678 -0.2261 0.8544
vn -0.5620 -0.3116 0.7662
vn -0.2307 -0.3012 0.9252
vn -0.4562 -0.3169 0.8316
vn 0.0322 -0.3030 0.9524
vn -0.2241 -0.3313 0.9165
vn 0.2572 -0.2908 0.9216
vn 0.0485 -0.3633 0.9304
vn 0.4672 -0.2942 0.8338
vn 0.2633 -0.3935 0.8808
vn 0.4494 -0.4059 0.7958
vn 0.7351 -0.2794 0.6176
vn 0.7970 -0.4247 0.4294
vn 0.8517 -0.2510 0.4599
vn 0.8829 -0.4037 0.2398
vn 0.9505 -0.1925 0.2441
vn 0.9217 -0.3876 -0.0160
vn 0.9676 -0.2450 -0.0603
vn 0.8860 -0.4174 -0.2017
vn 0.8654 -0.3498 -0.3588
vn 0.9239 -0.3176 -0.2134
vn 0.8101 -0.3147 -0.4947
vn 0.8300 -0.4419 -0.3405
vn 0.7209 -0.3130 -0.6184
vn 0.7708 -0.4268 -0.4731
vn 0.5857 -0.2935 -0.7555
vn 0.5892 -0.6091 -0.5309
vn 0.3830 -0.4037 -0.8309
vn 0.5525 -0.4133 -0.7239
vn 0.4076 -0.3093 -0.8592
vn 0.2288 -0.4009 -0.8871
vn 0.2382 -0.2927 -0.9261
vn 0.0724 -0.4313 -0.8993
vn -0.0949 -0.2578 -0.9615
vn 0.0829 -0.2620 -0.9615
vn -0.3577 -0.2451 -0.9011
vn -0.1211 -0.4294 -0.8950
vn -0.5618 -0.2274 -0.7954
vn -0.3491 -0.4120 -0.8417
vn -0.5360 -0.2615 -0.8027
vn -0.5262 -0.3942 -0.7535
vn 0.0854 0.4899 0.8676
vn -0.1975 0.4747 0.8577
vn -0.4133 0.5095 0.7547
vn -0.5022 0.5380 0.6770
vn -0.5983 0.4678 0.6505
vn -0.6497 0.4656 0.6009
vn -0.5547 0.6572 0.5103
vn -0.6199 0.4701 0.6283
vn -0.4339 0.7356 0.5202
vn -0.2731 0.9460 0.1744
vn -0.7904 0.5406 0.2882
vn -0.8352 0.5490 0.0312
vn -0.7361 0.6410 -0.2175
vn -0.8192 0.4291 -0.3805
vn -0.8500 0.1541 -0.5037
vn -0.4081 0.6251 -0.6653
vn -0.2224 0.5928 -0.7741
vn -0.0171 0.5434 -0.8393
vn 0.1127 0.5291 -0.8411
vn 0.1565 0.7157 -0.6806
vn 0.2090 0.4824 -0.8507
vn 0.2319 0.6660 -0.7090
vn 0.8058 0.5106 -0.2999
vn 0.8304 0.5302 -0.1711
vn 0.8237 0.5645 -0.0536
vn 0.8187 0.5541 0.1508
vn 0.7292 0.5936 0.3405
vn 0.6509 0.5832 0.4860
vn 0.5448 0.6049 0.5807
vn 0.4546 0.6002 0.6581
vn 0.3077 0.5447 0.7802
vn 0.7127 -0.0437 -0.7001
vn 0.6666 -0.0230 -0.7451
vn 0.1344 0.9894 0.0554
vn 0.1419 0.9879 0.0631
vn -0.1101 0.9782 -0.1760
vn -0.1180 0.9930 -0.0049
vn -0.1253 0.9894 -0.0736
vn -0.1410 0.9899 0.0146
vn -0.1503 0.9856 0.0775
vn -0.1685 0.9691 0.1799
vn -0.2481 0.9424 0.2244
vn -0.2060 0.9514 0.2290
vn -0.2552 0.9404 0.2248
vn -0.1339 0.9724 0.1910
vn -0.0713 0.9794 0.1888
vn -0.0178 0.9727 0.2315
vn 0.0572 0.9712 0.2315
vn 0.1338 0.9868 0.0916
vn 0.1163 0.9792 0.1664
vn 0.1809 0.9824 0.0462
vn 0.2937 0.9557 0.0204
vn 0.3444 0.9384 -0.0278
vn 0.3759 0.9189 -0.1197
vn 0.3998 0.9139 -0.0707
vn 0.6668 0.6781 -0.3093
vn 0.3523 0.9009 -0.2534
vn 0.4107 0.8887 -0.2037
vn 0.3578 0.9015 -0.2436
vn 0.2849 0.8948 -0.3438
vn 0.3062 0.8824 -0.3573
vn 0.1796 0.8909 -0.4172
vn 0.1088 0.8430 -0.5268
vn 0.0659 0.8979 -0.4353
vn 0.0415 0.9216 -0.3859
vn -0.0349 0.9511 -0.3068
vn -0.4569 0.6426 -0.6151
vn -0.0842 0.9779 -0.1915
vn 0.4566 -0.6151 -0.6427
vn -0.5358 -0.3947 -0.7464
vn -0.4686 -0.6958 0.5443
vn -0.3497 0.7813 0.5170
vn -0.4224 -0.7111 0.5620
vn -0.4736 -0.5018 0.7237
vn -0.0877 0.6922 0.7164
vn -0.2814 0.7899 0.5449
vn -0.2939 -0.7393 0.6059
vn -0.1695 0.1174 0.9785
vn -0.1605 0.0975 0.9822
vn -0.1569 0.1253 0.9796
vn -0.0957 0.1412 0.9854
vn -0.6818 0.5987 0.4203
vn -0.0814 0.1537 0.9848
vn -0.0530 0.1606 0.9856
vn -0.0851 0.1558 0.9841
vn 0.7039 0.6973 0.1351
vn 0.0716 0.9960 0.0537
vn 0.5241 0.6957 0.4912
vn 0.1880 -0.9498 -0.2501
vn 0.8133 -0.5816 -0.0164
vn 0.5861 -0.7722 0.2452
vn 0.7938 -0.1264 0.5949
vn 0.7423 -0.2085 0.6368
vn 0.6395 0.1918 0.7445
vn 0.9698 -0.0062 -0.2436
vn 0.8418 0.0221 0.5393
vn 0.8529 -0.0069 0.5220
vn 0.1375 -0.9772 -0.1620
vn 0.8952 -0.0489 -0.4429
vn 0.7179 -0.0100 -0.6961
vn 0.7254 -0.0397 -0.6872
vn 0.7310 -0.2402 0.6387
vn 0.9637 -0.0050 -0.2670
vn 0.8384 0.0153 0.5448
vn 0.8580 -0.0052 0.5136
vn 0.2149 -0.9456 -0.2444
vn 0.6535 -0.6871 -0.3176
vn 0.2916 -0.8757 -0.3848
vn 0.1235 -0.9826 -0.1385
vn 0.6979 0.0743 -0.7123
vn 0.8777 -0.0290 -0.4783
vn 0.7559 -0.2837 0.5900
vn 0.8304 -0.4037 0.3840
vn 0.7810 -0.2960 0.5500
vn 0.4522 -0.4778 -0.7531
vn 0.8043 -0.2693 -0.5297
vn 0.6819 -0.6122 -0.4003
vn 0.8322 0.0170 0.5542
vn 0.8491 -0.0114 0.5282
vn 0.2778 -0.9606 -0.0076
vn 0.1129 -0.9774 -0.1787
vn 0.0786 -0.9736 -0.2142
vn 0.8128 0.2102 -0.5432
vn 0.3965 0.6681 -0.6296
vn 0.6815 0.6569 -0.3227
vn 0.6727 -0.2174 -0.7073
vn 0.1096 -0.1254 -0.9860
vn -0.6137 -0.0588 -0.7874
vn -0.5779 -0.0026 -0.8161
vn 0.7137 -0.2680 0.6472
vn 0.8391 -0.3797 0.3896
vn 0.7840 -0.2799 0.5541
vn 0.7061 -0.4951 -0.5063
vn 0.8442 -0.1561 -0.5127
vn 0.7035 0.1566 0.6933
vn 0.6702 0.1437 0.7281
vn 0.8477 0.3349 0.4114
vn -0.5702 -0.0103 -0.8214
vn 0.8506 0.0246 0.5252
vn 0.8343 0.0024 0.5514
vn -0.0997 -0.9910 0.0891
vn 0.4271 -0.8156 0.3904
vn 0.2495 -0.8746 0.4158
vn 0.3108 -0.9491 0.0511
vn 0.0365 -0.9987 -0.0353
vn 0.0829 -0.9919 -0.0963
vn 0.4385 -0.0426 -0.8977
vn 0.8627 -0.0342 -0.5046
vn -0.5781 0.0120 -0.8159
vn 0.2796 0.0274 -0.9597
vn -0.5829 0.0311 -0.8119
vn -0.6973 0.0822 -0.7120
vn -0.6465 0.0975 -0.7567
vn -0.7344 0.1181 -0.6683
vn 0.9188 -0.0320 -0.3935
vn 0.8554 0.0170 0.5176
vn 0.8421 -0.0480 0.5372
vn 0.1422 -0.9832 -0.1143
vn 0.1239 -0.9852 -0.1188
vn 0.0407 -0.9992 0.0027
vn 0.4312 -0.0350 -0.9016
vn 0.8832 -0.0376 -0.4675
vn -0.5540 0.1431 -0.8201
vn 0.2680 -0.0077 -0.9634
vn -0.5625 -0.0005 -0.8268
vn 0.3113 -0.8633 -0.3973
vn 0.2507 -0.8203 -0.5141
vn 0.5049 -0.7919 -0.3435
vn -0.1039 0.6950 -0.7114
vn 0.0364 0.9991 -0.0227
vn 0.3755 0.9254 -0.0510
vn 0.7211 -0.0311 -0.6921
vn 0.4181 -0.0332 -0.9078
vn 0.8833 -0.0455 -0.4665
vn 0.1084 -0.1520 -0.9824
vn -0.6141 -0.0837 -0.7848
vn -0.5815 -0.0154 -0.8134
vn -0.5629 0.0085 -0.8264
vn -0.6680 -0.1825 -0.7214
vn -0.0760 -0.9558 -0.2841
vn -0.1465 -0.9015 -0.4072
vn 0.6910 -0.5117 -0.5106
vn 0.6577 -0.2112 -0.7230
vn 0.1217 -0.9811 -0.1507
vn -0.2037 0.9345 -0.2920
vn 0.0058 0.9995 -0.0300
vn 0.3503 0.9353 -0.0504
vn 0.4053 -0.0328 -0.9136
vn 0.9721 0.1569 -0.1745
vn 0.9861 -0.0098 -0.1660
vn 0.9813 0.1181 -0.1518
vn 0.5149 -0.8507 -0.1057
vn 0.8582 -0.5050 -0.0920
vn 0.8277 -0.5350 -0.1693
vn 0.0868 -0.9956 -0.0352
vn 0.5241 -0.8494 -0.0620
vn 0.6007 0.7941 -0.0930
vn 0.0663 0.9978 0.0035
vn 0.0549 0.9985 0.0059
vn 0.9077 0.3947 -0.1426
vn 0.6079 0.7885 -0.0933
vn 0.9623 -0.2170 -0.1641
vn 0.9701 -0.2010 -0.1364
vn -0.0818 -0.9963 -0.0246
vn -0.1294 -0.9913 -0.0245
vn -0.2541 0.9658 0.0520
vn -0.2704 0.9606 0.0644
vn 0.9138 0.3726 -0.1615
vn 0.9813 0.0156 -0.1920
vn -0.4219 -0.0529 0.9051
vn -0.7115 -0.0682 -0.6994
vn -0.3923 0.0033 0.9198
vn -0.1486 0.4088 0.9004
vn -0.5775 0.2608 -0.7736
vn -0.4677 0.3970 -0.7897
vn -0.1703 0.4247 -0.8892
vn 0.1404 0.4273 0.8931
vn -0.1882 -0.4063 0.8942
vn -0.1738 -0.3241 -0.9299
vn -0.5205 -0.3687 -0.7701
vn 0.2732 0.1215 -0.9543
vn 0.5208 0.6654 0.5348
vn 0.3767 0.2739 0.8849
vn 0.9027 -0.3801 0.2016
vn 0.1947 -0.1223 -0.9732
vn 0.3865 -0.3525 0.8523
vn -0.8026 0.4394 -0.4035
vn 0.2291 0.5682 -0.7903
vn -0.5880 -0.2185 -0.7788
vn -0.3683 0.0990 0.9244
vn -0.6870 0.0770 -0.7226
vn -0.3069 -0.1882 0.9329
vn -0.7135 -0.1175 -0.6907
vn 0.6646 -0.0838 0.7424
vn 0.6133 -0.0981 0.7837
vn 0.5892 -0.1541 0.7931
vn 0.4458 -0.6689 0.5949
vn 0.5887 -0.2999 0.7506
vn 0.5900 -0.3406 0.7320
vn 0.0831 -0.9604 0.2660
vn 0.3647 -0.6669 0.6498
vn 0.3456 0.9109 0.2256
vn -0.1404 0.9518 -0.2726
vn -0.1629 0.9393 -0.3020
vn 0.6121 0.3278 0.7197
vn 0.3161 0.8901 0.3283
vn 0.5746 -0.2075 0.7917
vn 0.5792 -0.1727 0.7967
vn 0.1719 -0.9413 0.2905
vn 0.0073 -0.9842 0.1768
vn -0.3118 0.8284 -0.4654
vn -0.3136 0.8213 -0.4766
vn 0.5611 0.3239 0.7617
vn 0.6118 -0.1538 0.7759
vn -0.9901 0.1357 0.0355
vn 0.2378 0.0557 -0.9697
vn -0.9946 0.1038 -0.0036
vn -0.9335 0.2876 0.2140
vn 0.3351 0.2220 -0.9157
vn 0.4666 0.3330 -0.8194
vn 0.6419 0.4695 -0.6063
vn -0.9943 -0.0180 -0.1051
vn -0.7862 -0.5047 0.3566
vn 0.7093 -0.4010 -0.5798
vn 0.4319 -0.4048 -0.8060
vn -0.3436 -0.2387 0.9083
vn 0.7875 -0.5685 0.2379
vn 0.9254 -0.2999 -0.2316
vn 0.0094 0.3813 -0.9244
vn -0.1951 0.9012 0.3870
vn 0.7500 0.6505 -0.1197
vn -0.9673 -0.1687 0.1896
vn 0.4756 -0.1960 -0.8575
vn -0.9794 0.1578 0.1260
vn 0.3085 0.0944 -0.9465
vn -0.5583 -0.3701 0.7426
vn 0.2852 0.0280 -0.9581
vn -0.9958 0.0890 0.0229
vn -0.9199 0.0626 0.3871
vn 0.1072 -0.1499 0.9829
vn 0.0782 -0.0584 0.9952
vn -0.8944 -0.2429 0.3754
vn 0.1339 -0.6567 0.7422
vn 0.0968 -0.3606 0.9277
vn -0.8014 -0.5624 0.2038
vn 0.3427 -0.8543 0.3908
vn -0.7096 0.7045 -0.0101
vn 0.1986 0.9797 0.0264
vn -0.3567 0.8272 -0.4343
vn 0.0207 0.5127 -0.8583
vn 0.6845 -0.6809 -0.2604
vn -0.2175 -0.5739 -0.7895
vn 0.7566 -0.2890 -0.5865
vn -0.0546 0.6042 -0.7949
vn 0.4232 0.6895 -0.5878
vn -0.9261 -0.0325 0.3759
vn -0.4078 0.0519 -0.9116
vn -0.3658 0.1322 -0.9213
vn 0.9958 -0.0679 -0.0611
vn -0.5496 0.4589 -0.6981
vn 0.9755 0.1997 0.0919
vn 0.9967 0.0651 -0.0476
vn 0.8593 0.3517 0.3713
vn -0.7154 0.5374 -0.4464
vn -0.6548 -0.7469 -0.1159
vn -0.4626 -0.4175 -0.7821
vn 0.8807 0.3450 -0.3245
vn 0.6062 0.0781 0.7914
vn -0.8935 0.3441 -0.2886
vn -0.0430 0.2581 0.9652
vn 0.9466 -0.2911 0.1386
vn 0.1850 0.7038 0.6859
vn -0.9233 0.2945 0.2465
vn -0.3804 -0.1659 -0.9098
vn -0.9218 -0.0856 0.3781
vn -0.4795 0.2989 -0.8251
vn 0.0857 -0.2328 0.9687
vn 0.9978 -0.0056 -0.0665
vn -0.8162 -0.3415 -0.4660
vn 0.9587 -0.2054 0.1966
vn 0.9926 -0.0298 -0.1179
vn -0.3872 0.2020 -0.8996
vn 0.1757 0.1546 -0.9722
vn 0.1534 0.0108 -0.9881
vn 0.1900 0.0143 -0.9817
vn 0.1405 -0.5152 -0.8455
vn 0.2101 -0.8117 -0.5450
vn 0.1922 -0.4879 -0.8515
vn 0.0645 -0.9903 -0.1233
vn 0.1114 -0.9879 -0.1079
vn 0.0135 0.9963 -0.0852
vn 0.1199 0.7854 -0.6073
vn 0.0282 0.9993 -0.0245
vn 0.1610 0.4466 -0.8801
vn 0.1688 0.4385 -0.8827
vn 0.1609 -0.2759 -0.9476
vn 0.0371 -0.9931 0.1112
vn -0.0707 0.9621 0.2635
vn -0.0571 0.9549 0.2913
vn 0.1488 0.2034 -0.9677
vn 0.1407 -0.2173 -0.9659
vn 0.6808 -0.0664 0.7294
vn -0.9295 -0.0843 0.3590
vn -0.9199 0.0267 0.3912
vn -0.9015 0.3873 0.1930
vn 0.7258 0.3600 0.5862
vn -0.9485 0.2078 0.2392
vn 0.8829 0.4256 0.1985
vn -0.8877 0.4300 -0.1649
vn -0.8928 -0.4184 0.1668
vn 0.9260 -0.3155 0.2074
vn -0.8961 -0.3808 -0.2279
vn 0.9605 0.1239 -0.2490
vn -0.2272 0.4241 -0.8766
vn 0.5878 0.4971 -0.6383
vn 0.9770 -0.1318 -0.1675
vn -0.2073 -0.3972 -0.8940
vn -0.8383 -0.3488 -0.4190
vn 0.7391 -0.2559 0.6231
vn -0.9170 -0.2431 0.3164
vn -0.9391 0.1677 0.3000
vn -0.8780 0.2662 -0.3977
vn 0.7066 -0.1477 0.6920
vn 0.7300 0.0712 0.6797
vn -0.9862 -0.0250 -0.1634
vn -0.1031 -0.1446 -0.9841
vn -0.9863 -0.0740 -0.1471
vn -0.1241 -0.2302 -0.9652
vn -0.8000 -0.5947 -0.0793
vn -0.9425 -0.2717 -0.1947
vn 0.2519 -0.7746 -0.5802
vn -0.5903 -0.7914 0.1586
vn 0.5919 0.7913 -0.1533
vn -0.6389 0.7429 0.1997
vn -0.2933 0.7556 0.5857
vn 0.3449 -0.9028 -0.2570
vn 0.2260 0.3599 0.9052
vn -0.0002 -0.6800 0.7332
vn -0.1604 0.1285 0.9786
vn 0.9903 0.0291 -0.1361
vn -0.1188 -0.0805 -0.9896
vn -0.3076 0.1414 0.9409
vn 0.8994 0.3060 -0.3123
vn -0.0305 -0.5514 -0.8337
vn 0.7302 0.4577 -0.5073
vn -0.5856 0.4366 0.6830
vn -0.4785 -0.5607 0.6758
vn 0.8455 -0.4087 -0.3438
vn 0.2335 0.7923 -0.5637
vn -0.8311 0.1985 0.5194
vn -0.6699 0.7188 0.1859
vn -0.9413 -0.2860 0.1795
vn 0.1940 -0.4836 0.8535
vn 0.0227 0.4163 0.9090
vn -0.1060 0.3511 -0.9303
vn -0.9343 0.3173 -0.1626
vn -0.9861 -0.1021 -0.1313
vn -0.1136 -0.1471 -0.9826
vn 0.9664 0.1680 -0.1948
vn 0.8283 0.3202 -0.4598
vn 0.7617 0.5860 0.2766
vn 0.6544 -0.3789 -0.6544
vn -0.7995 -0.4283 0.4212
vn 0.9117 -0.1837 -0.3674
vn -0.3253 -0.2312 0.9169
vn 0.9931 0.0624 -0.0992
vn -0.1582 0.1540 0.9753
vn -0.8988 0.0466 0.4359
vn -0.8882 -0.0083 0.4594
vn -0.9052 -0.0658 0.4199
vn -0.8653 -0.3156 0.3895
vn -0.6503 -0.6763 0.3459
vn -0.5906 -0.7525 0.2915
vn -0.1929 -0.9715 0.1375
vn -0.2036 -0.9728 0.1103
vn -0.0494 0.9883 0.1445
vn -0.3698 0.8831 0.2888
vn -0.1002 0.9931 0.0615
vn -0.4402 0.8117 0.3838
vn -0.8052 0.3407 0.4854
vn -0.8822 -0.1389 0.4500
vn -0.8356 -0.3540 0.4201
vn -0.0314 -0.9975 0.0628
vn -0.8738 -0.0170 0.4860
vn -0.8581 -0.2212 0.4633
vn 0.2231 -0.0207 -0.9746
vn 0.8643 0.0434 0.5011
vn 0.8781 0.1322 0.4599
vn 0.0065 0.2053 -0.9787
vn 0.7695 0.3059 0.5606
vn 0.6374 0.4645 0.6148
vn -0.2816 0.3504 -0.8932
vn 0.3752 0.5450 0.7498
vn 0.7124 -0.4385 0.5478
vn -0.4902 -0.3755 -0.7866
vn 0.3647 -0.3557 0.8605
vn -0.7214 0.0681 -0.6892
vn -0.6296 0.4334 0.6448
vn -0.9168 0.3895 -0.0885
vn 0.0774 -0.2416 0.9673
vn -0.8098 -0.5866 0.0137
vn -0.2853 -0.6346 0.7183
vn -0.1556 -0.3946 -0.9056
vn 0.8616 -0.1816 0.4740
vn -0.0891 -0.1964 -0.9765
vn 0.1494 0.0752 -0.9859
vn 0.8533 0.2079 0.4781
vn 0.1954 0.3435 0.9186
vn -0.7762 -0.3397 -0.5312
vn 0.1695 -0.0589 -0.9838
vn 0.1714 0.0034 -0.9852
vn 0.6116 -0.1800 -0.7704
vn 0.6310 -0.3549 -0.6898
vn 0.5974 -0.3439 -0.7244
vn 0.5864 0.0671 -0.8073
vn 0.6023 0.0158 -0.7981
vn 0.4339 0.0986 -0.8955
vn 0.5820 -0.1237 -0.8037
vn 0.4276 -0.1150 -0.8966
vn 0.2372 0.1323 -0.9624
vn 0.2542 -0.0768 -0.9641
vn 0.3956 -0.3142 -0.8630
vn 0.1953 -0.2443 -0.9498
vn 0.5205 -0.3586 -0.7749
vn 0.1574 -0.0598 -0.9857
vn 0.2122 0.7055 -0.6762
vn 0.1125 0.7159 -0.6891
vn 0.1481 -0.1532 -0.9770
vn 0.0228 -0.7717 -0.6355
vn -0.1150 -0.8251 -0.5532
vn 0.0625 0.7333 -0.6770
vn -0.0525 0.0240 -0.9983
vn -0.2611 0.7347 -0.6262
vn 0.2599 -0.0721 -0.9629
vn 0.1917 0.7261 -0.6604
vn 0.1094 -0.7120 -0.6936
vn 0.1123 -0.7205 -0.6843
vn 0.1156 -0.0704 -0.9908
vn 0.0489 0.9987 -0.0152
vn 0.0231 0.9991 -0.0342
vn 0.0281 0.9995 -0.0125
vn 0.0036 0.9990 -0.0437
vn 0.1002 0.4793 -0.8719
vn -0.3675 0.9264 -0.0819
vn -0.0733 0.9970 -0.0251
vn -0.6566 0.3285 -0.6789
vn -0.0962 -0.2691 -0.9583
vn -0.6876 -0.3723 -0.6234
vn -0.8663 0.4071 -0.2895
vn -0.8944 -0.3914 -0.2164
vn -0.5080 -0.8588 -0.0669
vn -0.3712 -0.7338 -0.5690
vn -0.2223 -0.9738 -0.0484
vn -0.0992 -0.9783 -0.1817
vn -0.0299 -0.9832 -0.1801
vn 0.0640 -0.9794 -0.1917
vn -0.0010 -0.9877 -0.1566
vn 0.0412 -0.4372 -0.8984
vn 0.2435 -0.1150 -0.9631
vn 0.7590 0.5204 -0.3912
vn -0.4173 -0.6738 -0.6098
vn -0.4711 0.8248 -0.3127
vn 0.8206 0.0765 -0.5663
vn 0.5116 0.0566 -0.8574
vn -0.8372 0.0641 -0.5431
vn 0.6991 -0.0723 -0.7113
vn -0.0831 0.9861 -0.1438
vn -0.8102 -0.4574 0.3665
vn -0.0771 0.1540 0.9851
vn 0.0678 0.9492 -0.3072
vn 0.2533 -0.7979 -0.5470
vn 0.3706 -0.9225 0.1080
vn 0.6567 -0.2924 0.6952
vn 0.6808 -0.2879 0.6735
vn 0.7313 -0.2919 0.6165
vn 0.5096 -0.5769 0.6384
vn -0.1073 0.9690 0.2224
vn -0.1430 0.9696 0.1987
vn -0.1713 0.9556 0.2399
vn 0.2585 -0.7992 -0.5426
vn -0.5444 -0.0075 -0.8388
vn 0.4339 -0.0502 -0.8996
vn 0.1036 -0.9807 -0.1658
vn 0.6392 -0.6196 0.4555
vn 0.6801 -0.2271 0.6971
vn 0.7336 -0.2737 0.6221
vn -0.5659 -0.0158 -0.8243
vn 0.5816 0.2115 -0.7855
vn 0.0052 -0.5244 -0.8515
vn 0.7366 -0.2579 0.6252
vn 0.6104 -0.2919 0.7363
vn 0.7417 -0.2382 0.6270
vn 0.6597 -0.2102 0.7215
vn -0.4565 0.2764 -0.8457
vn -0.0708 -0.9930 0.0947
vn -0.5058 0.6642 -0.5504
vn -0.6850 0.1182 -0.7189
vn 0.8574 0.0109 0.5145
vn 0.3095 -0.9047 -0.2929
vn -0.0113 -0.5598 -0.8285
vn 0.1037 -0.9821 -0.1574
vn 0.6820 -0.0377 -0.7304
vn 0.1195 -0.9912 -0.0565
vn -0.2279 0.2120 0.9503
vn 0.1950 -0.3708 0.9080
vn 0.7088 -0.3343 -0.6212
vn -0.6386 0.5219 0.5655
vn 0.0802 -0.9854 0.1501
vn 0.7646 -0.6405 -0.0719
vn 0.0939 -0.5712 0.8154
vn -0.8403 0.4228 -0.3393
vn -0.0828 0.4499 -0.8893
vn 0.4599 0.5470 0.6994
vn -0.6568 0.7510 0.0679
vn -0.5331 -0.5257 -0.6629
vn 0.1197 -0.8165 -0.5649
vn 0.1048 0.7922 -0.6012
vn 0.0664 -0.9946 0.0802
vn 0.7998 0.4264 0.4225
vn 0.7608 -0.3615 0.5389
vn 0.6116 -0.3507 -0.7092
vn -0.3740 0.3092 0.8744
vn -0.8060 -0.5796 0.1205
vn -0.1533 0.1261 0.9801
vn 0.9898 0.0902 -0.1099
vn 0.6946 -0.6053 -0.3888
vn -0.7719 0.2888 0.5663
vn -0.1198 -0.9916 0.0485
vn 0.9800 0.1719 0.1005
vn 0.8617 0.4584 0.2176
vn 0.8382 0.5375 -0.0919
vn 0.6001 0.5034 -0.6217
vn 0.6841 0.1873 -0.7050
vn 0.7135 0.2096 -0.6686
vn 0.6579 -0.0869 -0.7481
vn 0.6881 -0.1123 -0.7168
vn 0.6927 -0.0745 -0.7174
vn 0.6917 -0.0790 -0.7179
vn -0.8144 -0.0588 0.5774
vn -0.7096 -0.3586 0.6066
vn -0.7021 -0.1810 0.6886
vn 0.5865 -0.1681 0.7923
vn 0.5309 -0.1582 0.8325
vn 0.5220 -0.0460 0.8517
vn 0.5731 -0.1149 0.8114
vn 0.6581 -0.1580 0.7362
vn 0.6081 -0.1734 0.7747
vn 0.5874 -0.2312 0.7756
vn 0.6534 0.1167 0.7479
vn 0.6583 -0.0447 0.7514
vn -0.6585 0.1825 0.7301
vn -0.6702 0.0208 0.7419
vn 0.3389 0.9405 0.0239
vn 0.0746 0.9966 -0.0354
vn 0.3296 0.9433 0.0385
vn -0.8226 -0.1097 -0.5580
vn -0.7795 -0.1524 -0.6076
vn -0.8013 -0.0572 -0.5955
vn -0.7603 -0.1302 -0.6363
vn -0.8098 -0.1505 -0.5671
vn -0.7766 -0.0392 -0.6287
vn -0.7513 -0.0897 -0.6538
vn -0.8328 -0.0345 -0.5525
vn -0.7571 -0.0137 -0.6532
vn -0.1649 0.4431 -0.8812
vn -0.3232 0.3016 -0.8970
vn -0.2045 0.5803 -0.7883
vn -0.7806 -0.3100 -0.5427
vn -0.6817 -0.2923 -0.6707
vn -0.5708 -0.3771 -0.7294
vn -0.8320 -0.2571 -0.4915
vn -0.6795 -0.3263 -0.6571
vn -0.7539 -0.4139 -0.5102
vn -0.8200 -0.3603 -0.4447
vn -0.8125 -0.1412 -0.5655
vn -0.6651 -0.2698 -0.6963
vn -0.8159 -0.1248 -0.5645
vn -0.6452 0.0472 0.7626
vn -0.6256 -0.1023 0.7734
vn -0.6856 -0.0019 0.7280
vn -0.7945 -0.1687 -0.5834
vn -0.7854 -0.0808 -0.6137
vn -0.5699 -0.3535 0.7418
vn -0.6391 -0.3672 0.6758
vn -0.5344 -0.4004 0.7444
vn -0.7860 -0.2000 -0.5850
vn -0.7946 -0.2115 -0.5692
vn -0.7600 -0.1205 -0.6387
vn -0.7774 -0.1066 -0.6199
vn -0.5260 -0.3608 0.7701
vn -0.6203 -0.3798 0.6863
vn -0.5837 -0.2904 0.7582
vn -0.6522 -0.3395 0.6777
vn -0.6306 -0.3059 0.7133
vn -0.6503 -0.2405 0.7206
vn -0.5171 0.7446 -0.4221
vn -0.8099 0.4419 -0.3857
vn -0.6987 0.5675 -0.4355
vn -0.6358 0.3644 -0.6804
vn 0.1051 0.9942 0.0241
vn 0.1827 0.9674 -0.1754
vn -0.6817 0.2414 0.6906
vn -0.6856 0.2805 0.6717
vn -0.7505 0.3066 0.5855
vn -0.6449 0.2793 0.7114
vn -0.6964 0.1983 0.6898
vn -0.6704 0.3069 0.6756
vn -0.6383 0.3273 -0.6968
vn -0.8367 0.3364 -0.4321
vn -0.7078 -0.0968 0.6998
vn -0.6681 -0.1242 0.7337
vn -0.6923 -0.2334 0.6828
vn -0.6610 -0.2000 0.7232
vn -0.1254 0.7495 -0.6500
vn -0.0310 0.7092 -0.7043
vn -0.7475 -0.0686 -0.6608
vn -0.7077 -0.1808 -0.6830
vn 0.5608 -0.0973 0.8222
vn 0.4180 -0.4925 0.7634
vn 0.2003 -0.4890 0.8490
vn 0.2379 -0.5593 0.7941
vn 0.5600 -0.1990 0.8043
vn 0.6093 -0.2680 0.7463
vn 0.5660 -0.2302 0.7916
vn 0.5641 -0.1903 0.8035
vn 0.5553 -0.2008 0.8070
vn 0.5930 -0.1125 0.7973
vn 0.5367 -0.0497 0.8423
vn -0.8621 -0.0422 0.5049
vn -0.7286 -0.0162 0.6848
vn 0.4168 -0.3238 0.8494
vn 0.3085 -0.3223 0.8950
vn 0.3292 0.0212 0.9440
vn 0.4474 -0.5149 0.7312
vn 0.6748 -0.1529 -0.7220
vn 0.6820 -0.1141 -0.7224
vn 0.6812 -0.1454 -0.7175
vn 0.6785 -0.0717 -0.7311
vn 0.5046 0.6393 -0.5802
vn 0.5752 0.4571 -0.6784
vn 0.4207 0.7154 -0.5579
vn 0.4323 0.7222 -0.5399
vn 0.3999 0.7254 -0.5602
vn 0.6779 0.6945 -0.2410
vn 0.6637 0.6835 -0.3039
vn 0.7307 0.6820 -0.0308
vn 0.6849 0.7239 0.0832
vn 0.8412 0.4466 0.3049
vn 0.8904 0.1412 0.4327
vn 0.8614 -0.0454 0.5059
vn -0.5025 0.6720 -0.5439
vn -0.9826 -0.0179 -0.1848
vn -0.4483 0.7213 -0.5280
vn -0.9148 -0.2053 -0.3479
vn -0.9163 0.0635 -0.3954
vn -0.9728 -0.2253 0.0536
vn -0.9739 0.1221 -0.1914
vn -0.9097 0.2083 -0.3593
vn 0.7041 -0.3852 -0.5966
vn 0.7685 -0.2054 -0.6060
vn 0.8570 -0.2155 -0.4681
vn 0.1044 -0.0612 0.9926
vn 0.1441 0.0257 0.9892
vn 0.1987 0.2351 0.9515
vn 0.4335 -0.0517 0.8997
vn -0.2729 -0.4749 0.8367
vn 0.5420 -0.0312 0.8398
vn 0.2535 -0.2908 0.9226
vn 0.3979 -0.0813 0.9138
vn 0.7892 0.4781 0.3854
vn 0.6490 0.6935 0.3127
vn 0.3953 -0.2710 0.8777
vn 0.4032 -0.1218 0.9070
vn 0.4173 -0.2414 0.8761
vn 0.1922 -0.0175 -0.9812
vn 0.3103 -0.2993 -0.9023
vn 0.3962 -0.0988 -0.9128
vn -0.9764 -0.2147 -0.0246
vn -0.8121 -0.1642 -0.5599
vn -0.7312 0.6821 -0.0035
vn 0.6726 0.6668 0.3209
vn 0.9009 -0.1929 -0.3888
vn 0.9884 -0.1447 -0.0467
vn 0.7129 0.7012 0.0115
vn 0.9091 -0.1230 0.3979
vn 0.8964 -0.0300 -0.4422
vn 0.1041 0.8012 0.5893
vn -0.4267 0.4839 -0.7641
vn -0.6833 0.5013 -0.5308
vn 0.7538 0.0561 0.6547
vn 0.7647 0.0457 0.6427
vn 0.7568 0.0558 0.6513
vn 0.7748 0.0312 0.6314
vn 0.7815 0.0216 0.6235
vn 0.7701 0.0130 0.6377
vn 0.8045 -0.0060 0.5939
vn 0.7910 -0.0155 0.6116
vn 0.7786 -0.5164 0.3566
vn 0.1808 -0.7853 0.5922
vn 0.2287 -0.8191 0.5261
vn -0.6523 -0.1546 -0.7421
vn -0.8859 -0.3892 -0.2523
vn -0.9159 -0.3530 -0.1913
vn 0.4611 -0.1001 -0.8817
vn 0.5388 -0.0466 -0.8412
vn 0.5678 -0.1501 -0.8094
vn -0.9286 -0.2965 -0.2230
vn -0.9271 -0.2872 -0.2408
vn -0.5975 -0.7565 -0.2657
vn -0.6640 -0.3786 -0.6448
vn -0.6718 -0.5741 -0.4681
vn 0.4253 0.7094 -0.5620
vn -0.7678 -0.0951 0.6335
vn 0.0857 0.9835 -0.1593
vn -0.3128 0.1337 -0.9403
vn -0.8930 0.3599 -0.2702
vn 0.4265 0.7116 -0.5583
vn 0.7786 0.6262 -0.0416
vn 0.6837 -0.2908 -0.6693
vn 0.0163 0.1639 0.9863
vn -0.0392 -0.5131 0.8574
vn -0.3254 0.8434 -0.4276
vn 0.7283 0.1509 -0.6685
vn 0.7184 0.1130 0.6864
vn 0.6054 0.5608 -0.5648
vn 0.7162 0.4744 -0.5119
vn 0.5681 0.8120 0.1341
vn 0.0985 -0.6844 0.7224
vn -0.8717 -0.4037 -0.2777
vn -0.7585 -0.5187 -0.3945
vn -0.1335 0.9776 0.1628
vn 0.6356 0.7710 -0.0398
vn -0.6754 0.6769 -0.2927
vn -0.0453 -0.6083 0.7924
vn 0.4500 0.6857 -0.5721
vn 0.0544 0.9983 -0.0204
vn 0.3662 0.7123 -0.5988
vn 0.5557 0.7030 -0.4438
vn 0.1698 0.9773 -0.1264
vn 0.2585 -0.0585 -0.9642
vn 0.3854 -0.2868 -0.8770
vn 0.1897 -0.2547 -0.9482
vn 0.2283 0.1346 -0.9643
vn 0.4134 -0.0925 -0.9058
vn 0.7056 -0.3530 -0.6144
vn 0.5845 -0.3044 -0.7521
vn 0.7030 -0.3746 -0.6045
vn -0.2014 -0.1867 -0.9615
vn -0.0796 0.1548 -0.9847
vn -0.0862 -0.0608 -0.9944
vn 0.1968 0.9670 -0.1620
vn -0.5628 0.7364 0.3755
vn 0.2069 0.9668 -0.1501
vn -0.6315 -0.6323 0.4489
vn -0.3484 -0.9057 0.2414
vn -0.4977 -0.8092 0.3123
vn -0.2212 -0.2469 -0.9435
vn -0.1156 -0.2321 -0.9658
vn 0.7276 -0.3769 -0.5732
vn 0.2615 0.9504 -0.1684
vn 0.7595 0.0694 -0.6468
vn 0.5876 0.6595 -0.4688
vn 0.3816 0.1011 -0.9188
vn 0.5791 -0.3377 -0.7420
vn 0.1129 -0.0558 -0.9920
vn 0.0200 -0.2249 -0.9742
vn 0.0948 0.1540 -0.9835
vn -0.4370 0.8430 -0.3137
vn -0.4711 0.8248 -0.3128
vn -0.0178 0.9992 -0.0367
vn -0.7783 -0.0302 -0.6272
vn -0.8143 -0.0935 -0.5729
vn -0.5910 -0.6142 -0.5230
vn -0.6290 -0.5697 -0.5289
vn -0.2522 -0.9442 0.2119
vn -0.2995 -0.9324 0.2025
vn -0.7950 0.1989 -0.5731
vn -0.7660 0.1266 -0.6303
vn -0.8046 0.1981 -0.5598
vn -0.7510 0.1993 -0.6296
vn -0.7644 0.2203 -0.6060
vn -0.7352 0.3776 -0.5629
vn -0.7034 0.3218 -0.6338
vn -0.6340 0.4397 -0.6361
vn -0.7493 0.3276 -0.5755
vn -0.7003 -0.3225 -0.6368
vn -0.8230 -0.3178 -0.4709
vn -0.7610 -0.4483 -0.4689
vn -0.7378 -0.2354 0.6327
vn -0.8150 -0.2085 0.5406
vn 0.5128 -0.1045 -0.8521
vn 0.6004 -0.1395 -0.7875
vn 0.7488 -0.1445 -0.6468
vn 0.8024 -0.1242 -0.5837
vn 0.5989 0.6963 -0.3955
vn -0.7466 -0.2617 -0.6117
vn -0.8405 0.0244 -0.5413
vn -0.8084 -0.0261 0.5881
vn -0.3400 -0.8918 0.2983
vn -0.1486 0.0595 0.9871
vn 0.4256 -0.5961 0.6808
vn 0.4159 0.5539 0.7213
vn -0.1390 0.0558 0.9887
vn -0.1647 0.0550 0.9848
vn -0.1772 0.0578 0.9825
vn -0.1063 0.1780 0.9783
vn -0.1792 0.1694 0.9691
vn -0.1131 0.1408 0.9836
vn -0.2421 0.0736 0.9675
vn 0.6566 0.5116 -0.5542
vn 0.6662 0.6897 -0.2837
vn 0.6265 0.5299 -0.5716
vn -0.5064 0.0055 -0.8623
vn -0.5982 -0.0195 -0.8011
vn -0.5847 0.0042 -0.8113
vn 0.8049 -0.0955 0.5857
vn 0.7939 -0.1259 0.5949
vn 0.8251 -0.3024 0.4772
vn -0.6900 -0.1821 -0.7006
vn -0.6726 -0.2488 -0.6969
vn -0.6410 -0.2398 -0.7291
vn -0.5807 -0.0481 -0.8127
vn -0.6374 0.0697 -0.7674
vn -0.5768 0.0079 -0.8169
vn 0.8404 0.1630 0.5169
vn 0.7951 -0.1056 0.5972
vn 0.9355 -0.1876 0.2994
vn 0.8145 0.0314 0.5793
vn 0.7667 0.0816 0.6368
vn 0.8117 0.0106 0.5839
vn 0.7809 -0.0705 0.6207
vn 0.7953 -0.0977 0.5982
vn 0.7936 -0.2946 0.5324
vn -0.4951 -0.0539 -0.8672
vn -0.4998 0.0335 -0.8655
vn -0.5605 -0.0261 -0.8278
vn -0.6611 -0.1285 -0.7392
vn -0.7442 -0.0390 -0.6668
vn -0.6599 -0.0345 -0.7506
vn -0.0907 -0.5343 -0.8404
vn -0.5165 0.0250 -0.8559
vn -0.0033 -0.5063 -0.8623
vn 0.8895 0.0128 0.4567
vn 0.9087 -0.0079 0.4174
vn 0.8449 -0.0662 0.5309
vn 0.7772 -0.1451 0.6123
vn 0.7943 -0.1105 0.5974
vn 0.7826 -0.3360 0.5241
vn -0.6226 -0.1093 -0.7749
vn -0.6409 -0.0905 -0.7623
vn -0.4833 -0.1485 -0.8628
vn -0.6385 0.5223 0.5653
vn -0.8332 -0.2217 -0.5066
vn -0.5976 -0.0425 0.8006
vn 0.4169 0.0634 0.9067
vn -0.4219 -0.0530 0.9051
vn -0.3923 0.0031 0.9198
vn 0.1010 -0.0518 -0.9935
vn -0.7136 -0.1175 -0.6906
vn 0.0792 -0.0277 -0.9965
vn 0.3136 -0.2677 0.9110
vn -0.1486 0.4089 0.9004
vn 0.0918 -0.2122 -0.9729
vn -0.4676 0.3970 -0.7897
vn -0.5775 0.2609 -0.7736
vn -0.0050 -0.2593 -0.9658
vn -0.1703 0.4246 -0.8892
vn 0.1402 0.4274 0.8931
vn 0.2005 -0.2738 0.9407
vn 0.3794 0.1839 0.9068
vn 0.1951 -0.3706 0.9081
vn 0.0058 0.2329 -0.9725
vn -0.1738 -0.3240 -0.9300
vn -0.1715 0.3532 -0.9197
vn -0.8027 0.4394 -0.4032
vn 0.2731 0.1213 -0.9543
vn 0.3764 0.2738 0.8851
vn 0.0830 0.0754 -0.9937
vn -0.5205 -0.3689 -0.7701
vn 0.4206 0.1222 0.8990
vn 0.4980 -0.0104 0.8671
vn 0.4241 -0.1572 0.8919
vn 0.1074 -0.1108 -0.9880
vn -0.1492 -0.3292 -0.9324
vn -0.2834 0.2995 -0.9111
vn -0.3306 -0.3926 -0.8582
vn 0.0955 0.2304 0.9684
vn 0.2055 0.3037 0.9303
vn -0.5881 -0.2185 -0.7788
vn 0.4651 0.0928 0.8804
vn -0.3683 0.0991 0.9244
vn 0.0055 -0.8960 -0.4440
vn -0.6627 -0.5377 0.5212
vn -0.8234 -0.4428 -0.3550
vn -0.7517 0.2381 -0.6151
vn -0.6492 -0.0664 -0.7577
vn -0.5889 -0.0192 -0.8080
vn -0.5872 0.0414 0.8084
vn -0.9901 0.1358 0.0355
vn -0.9946 0.1039 -0.0035
vn 0.8995 -0.1363 -0.4151
vn 0.2850 0.0280 -0.9581
vn 0.9089 -0.0727 -0.4107
vn -0.5804 -0.1529 0.7998
vn -0.9452 -0.3209 0.0604
vn -0.6036 -0.1902 0.7743
vn 0.9173 -0.0949 -0.3866
vn 0.4666 0.3331 -0.8193
vn 0.3350 0.2219 -0.9157
vn 0.8916 -0.1750 -0.4176
vn 0.4189 0.1016 -0.9023
vn -0.7004 0.1908 0.6877
vn -0.7862 -0.5047 0.3565
vn -0.6860 0.1191 0.7177
vn 0.6648 0.2576 -0.7012
vn 0.4317 -0.4048 -0.8061
vn 0.7094 -0.4009 -0.5797
vn 0.8385 0.0281 -0.5442
vn 0.7578 0.1629 -0.6318
vn -0.6469 0.0976 0.7563
vn -0.5777 -0.0296 0.8157
vn -0.9794 0.1579 0.1260
vn 0.9304 -0.0455 -0.3638
vn 0.3084 0.0943 -0.9466
vn 0.5712 0.1888 -0.7988
vn 0.4695 -0.6348 -0.6137
vn -0.7634 0.1702 0.6231
vn -0.5584 -0.3699 0.7425
vn 0.4758 -0.1960 -0.8574
vn -0.5203 0.0435 0.8529
vn 0.8448 0.3513 -0.4036
vn 0.2403 0.4442 0.8631
vn -0.6502 0.1878 0.7362
vn -0.1583 -0.7811 0.6041
vn -0.0625 -0.5767 -0.8145
vn 0.5809 -0.8091 0.0890
vn 0.0341 0.2114 0.9768
vn 0.0953 -0.4782 -0.8731
vn -0.9766 0.1366 -0.1662
vn 0.0531 0.1758 -0.9830
vn 0.4527 0.0608 0.8896
vn 0.9388 -0.2714 -0.2121
vn 0.9536 0.0036 0.3012
vn -0.4080 0.0517 -0.9115
vn 0.9926 -0.0299 -0.1179
vn -0.3659 0.1321 -0.9212
vn -0.4795 0.2988 -0.8251
vn 0.9755 0.1998 0.0919
vn -0.5496 0.4590 -0.6980
vn 0.8594 0.3515 0.3713
vn -0.7155 0.5373 -0.4465
vn -0.6569 0.7509 0.0679
vn -0.8934 0.3442 -0.2886
vn 0.8808 0.3449 -0.3245
vn 0.4600 0.5469 0.6995
vn 0.9967 0.0652 -0.0474
vn -0.3871 0.2021 -0.8996
vn -0.3774 0.4951 -0.7826
vn 0.9958 -0.0680 -0.0612
vn -0.8801 0.0534 -0.4717
vn -0.9295 -0.0844 0.3591
vn -0.8864 0.1084 -0.4500
vn 0.7065 -0.1476 0.6921
vn 0.9952 -0.0732 -0.0655
vn 0.9946 -0.0187 -0.1026
vn -0.9015 0.3873 0.1932
vn -0.9121 -0.2471 -0.3270
vn -0.9721 -0.1222 -0.2002
vn 0.7257 0.3602 0.5862
vn 0.9796 -0.1975 -0.0384
vn 0.9849 -0.1386 -0.1039
vn 0.8828 0.4257 0.1985
vn 0.9226 -0.3372 0.1874
vn -0.8877 0.4300 -0.1648
vn -0.9648 -0.1607 -0.2081
vn -0.9006 0.1803 -0.3955
vn -0.8961 -0.3807 -0.2280
vn -0.9329 0.2703 -0.2379
vn 0.9772 0.2089 0.0388
vn 0.9210 0.3205 0.2214
vn 0.7607 -0.3616 0.5390
vn 0.9939 0.0977 -0.0514
vn -0.8970 0.0994 -0.4306
vn -0.8928 -0.4184 0.1667
vn -0.9485 0.2078 0.2391
vn -0.8538 0.0034 -0.5206
vn 0.9850 -0.1583 -0.0681
vn 0.8805 0.3366 0.3338
vn 0.9271 -0.3118 0.2082
vn -0.9563 0.2539 -0.1452
vn -0.9627 -0.1784 -0.2034
vn 0.9206 0.2753 0.2769
vn -0.9690 0.2169 -0.1184
vn 0.7390 -0.2560 0.6232
vn -0.9169 -0.2431 0.3165
vn -0.9390 0.1677 0.3001
vn 0.3905 0.4419 0.8076
vn -0.3736 0.9090 -0.1848
vn -0.5771 0.5235 0.6268
vn 0.3413 -0.4391 0.8311
vn -0.3374 -0.9287 -0.1539
vn 0.4717 -0.8816 -0.0147
vn 0.9885 -0.0054 0.1509
vn 0.2545 -0.1489 0.9555
vn 0.7898 -0.5929 0.1570
vn 0.3983 0.2888 -0.8706
vn 0.2412 -0.5660 -0.7884
vn 0.9931 0.0623 -0.0995
vn -0.1605 0.1286 0.9786
vn -0.1582 0.1538 0.9754
vn 0.9664 0.1678 -0.1949
vn -0.3078 0.1415 0.9409
vn 0.9909 -0.1206 0.0591
vn -0.0019 -0.0494 0.9988
vn -0.4785 -0.5607 0.6757
vn 0.9923 0.0522 0.1120
vn 0.0139 -0.1192 0.9928
vn -0.3254 -0.2311 0.9169
vn 0.9118 -0.1836 -0.3672
vn -0.1534 0.1261 0.9801
vn 0.9903 0.0290 -0.1362
vn 0.9898 0.0901 -0.1100
vn 0.1553 0.0232 0.9876
vn 0.8643 0.0433 0.5011
vn 0.1675 0.0332 0.9853
vn 0.1697 -0.0589 -0.9837
vn -0.5580 -0.1201 -0.8211
vn -0.6304 0.0171 -0.7761
vn 0.8277 -0.0979 0.5525
vn 0.1166 -0.0609 0.9913
vn 0.1310 -0.0561 0.9898
vn -0.1136 0.5416 -0.8329
vn -0.1557 -0.3946 -0.9056
vn -0.5259 0.1734 -0.8327
vn -0.6369 0.1184 -0.7618
vn 0.7694 0.3060 0.5607
vn 0.1204 0.0144 0.9926
vn -0.6229 -0.0339 -0.7815
vn 0.1483 -0.4190 -0.8958
vn -0.6562 -0.1210 -0.7448
vn 0.4864 0.1935 0.8521
vn 0.3406 -0.1917 0.9204
vn 0.2946 -0.1830 0.9379
vn 0.1148 0.6235 -0.7733
vn -0.4901 -0.3755 -0.7866
vn 0.5797 0.7430 -0.3344
vn 0.4806 0.8141 -0.3260
vn -0.0892 -0.1965 -0.9764
vn 0.8290 0.2290 0.5102
vn 0.2550 -0.0535 0.9655
vn 0.2235 -0.0207 -0.9745
vn 0.8781 0.1321 0.4599
vn 0.4064 0.3462 -0.8456
vn 0.1459 0.9642 0.2214
vn 0.8505 0.5211 0.0717
vn 0.7513 -0.1158 -0.6497
vn 0.7411 -0.0832 -0.6663
vn 0.6643 -0.1474 -0.7328
vn -0.3065 0.7765 0.5506
vn 0.0659 0.9976 -0.0222
vn 0.0718 0.9974 0.0065
vn -0.3268 0.7916 0.5163
vn 0.0244 -0.9945 -0.1023
vn -0.4082 -0.7043 0.5808
vn 0.0338 -0.9944 -0.0998
vn 0.0162 -0.9931 -0.1163
vn -0.3541 -0.7367 0.5761
vn 0.0293 -0.9908 -0.1321
vn -0.4711 0.7628 0.4429
vn 0.7445 -0.3618 -0.5611
vn -0.4971 0.7967 -0.3438
vn -0.6179 -0.6542 -0.4361
vn -0.8689 0.0302 0.4941
vn -0.7544 0.1794 -0.6315
vn -0.6925 0.4156 -0.5897
vn -0.7509 -0.0078 -0.6603
vn -0.7778 0.2272 -0.5859
vn -0.8723 -0.3403 0.3512
vn -0.4471 0.6758 0.5859
vn -0.8643 0.4877 0.1229
vn -0.2051 0.1057 0.9730
vn -0.2329 0.0335 0.9719
vn -0.2275 0.1792 0.9571
vn -0.1647 0.1673 0.9721
vn -0.5306 -0.0359 -0.8469
vn 0.8013 -0.1043 0.5890
vn 0.8010 -0.0863 0.5923
vn 0.7940 -0.0957 0.6003
vn 0.6900 -0.0242 0.7234
vn 0.6917 -0.0472 0.7207
vn 0.4251 -0.2005 0.8827
vn 0.3176 -0.8675 -0.3829
vn -0.6531 0.0296 -0.7567
vn -0.6370 0.0886 -0.7657
vn -0.6453 0.0989 -0.7575
vn 0.8250 -0.0654 0.5613
vn 0.0435 0.9331 -0.3571
vn 0.0109 0.9997 -0.0215
vn -0.0040 0.9997 -0.0258
vn 0.2292 0.5682 -0.7903
vn 0.5208 0.6654 0.5347
vn -0.1079 -0.3782 0.9194
vn 0.1609 -0.9095 0.3834
vn -0.2931 0.1834 -0.9383
vn 0.8690 -0.2145 -0.4459
vn -0.7040 -0.4895 0.5146
vn -0.8153 -0.5363 -0.2183
vn 0.9396 0.0293 -0.3410
vn -0.7677 -0.6142 -0.1826
vn 0.3224 -0.6371 0.7001
vn 0.0207 0.5126 -0.8584
vn 0.7685 0.6291 0.1167
vn -0.9199 0.0265 0.3913
vn 0.6806 -0.0664 0.7296
vn 0.8000 0.4263 0.4223
vn 0.8388 -0.4040 0.3649
vn -0.9166 -0.3940 0.0675
vn 0.5016 0.8597 -0.0959
vn -0.5280 -0.5450 0.6513
vn 0.8993 0.3061 -0.3124
vn 0.8533 0.2081 0.4781
vn 0.1715 0.0034 -0.9852
vn -0.0968 -0.5700 -0.8159
vn -0.2492 0.8674 -0.4307
vn 0.7889 -0.0733 -0.6101
vn 0.7541 -0.2229 -0.6178
vn 0.0296 0.9995 -0.0073
vn 0.0099 0.9995 -0.0287
vn 0.0750 -0.9882 -0.1338
vn 0.5051 -0.7847 -0.3593
vn 0.9664 0.0174 -0.2565
vn 0.9708 -0.1274 0.2034
vn 0.0775 0.9968 -0.0211
vn -0.0178 0.9756 -0.2186
vn -0.0217 0.9640 -0.2651
vn 0.6307 -0.2809 -0.7234
vn 0.6256 -0.2891 -0.7246
vn 0.6367 -0.2676 -0.7232
vn -0.3412 0.2145 -0.9152
vn -0.3362 0.3594 -0.8705
vn -0.4794 0.2689 -0.8354
vn -0.4823 0.5619 -0.6721
vn -0.4648 0.2657 -0.8446
vn -0.2852 0.5252 -0.8018
vn -0.1753 0.8510 -0.4951
vn 0.0197 0.9399 -0.3409
vn -0.1378 0.7969 -0.5882
vn -0.0813 0.7929 -0.6039
vn 0.6945 0.4596 0.5535
vn 0.4836 0.7189 0.4993
vn 0.6212 0.5478 0.5603
vn 0.0074 0.9977 -0.0680
vn 0.2202 0.9589 -0.1789
vn 0.5083 0.5111 0.6931
vn 0.6566 0.2578 0.7088
vn 0.4628 0.4109 0.7855
vn 0.9792 -0.0201 0.2020
vn 0.9978 -0.0361 0.0548
vn -0.0618 0.9799 -0.1899
vn -0.0525 0.9984 -0.0197
vn -0.0079 0.9991 0.0406
vn 0.0742 -0.4607 -0.8845
vn -0.3355 -0.2925 -0.8955
vn -0.3385 -0.4156 -0.8442
vn -0.6532 -0.2501 -0.7147
vn -0.6940 -0.2124 -0.6879
vn -0.0890 0.6960 -0.7125
vn -0.8367 -0.1111 -0.5363
vn -0.8260 -0.0182 -0.5634
vn -0.3572 0.6289 -0.6906
vn -0.2216 0.2650 -0.9384
vn -0.9203 -0.0622 -0.3862
vn 0.0225 -0.3855 -0.9224
vn -0.3887 0.8025 -0.4526
vn 0.7976 -0.0136 0.6030
vn 0.7818 -0.0290 0.6229
vn 0.7814 -0.0452 0.6224
vn 0.6611 -0.6324 0.4038
vn 0.6626 -0.5884 0.4634
vn 0.6527 -0.6091 0.4506
vn -0.1515 -0.3782 -0.9132
vn 0.1234 -0.3509 -0.9282
vn 0.1500 -0.3912 -0.9080
vn -0.8243 -0.4628 -0.3262
vn -0.4006 -0.9006 0.1687
vn -0.7949 -0.4035 -0.4532
vn 0.0961 -0.6259 0.7739
vn -0.5178 -0.8555 -0.0037
vn 0.1609 -0.7086 0.6870
vn 0.8010 -0.4152 -0.4313
vn 0.6325 -0.7680 0.1004
vn 0.8134 -0.5803 0.0409
vn 0.7484 -0.5689 0.3410
vn 0.6832 -0.4076 -0.6059
vn 0.2727 -0.9566 -0.1025
vn 0.4154 -0.1794 -0.8918
vn 0.4202 -0.2444 -0.8739
vn 0.1290 0.5428 -0.8299
vn 0.3796 0.5997 -0.7045
vn 0.3549 0.5207 -0.7765
vn -0.1302 0.5941 -0.7938
vn 0.0303 0.8855 -0.4636
vn -0.0213 0.5124 -0.8585
vn -0.0822 0.9923 0.0928
vn 0.4673 0.7649 -0.4433
vn -0.0669 0.9951 0.0730
vn -0.5044 0.8169 -0.2797
vn 0.4051 0.8506 -0.3351
vn 0.5302 0.8401 -0.1144
vn 0.0450 0.9601 0.2760
vn -0.0159 0.9390 0.3436
vn 0.2838 0.9548 -0.0888
vn 0.1075 -0.8324 0.5437
vn -0.2380 -0.9546 0.1791
vn -0.4901 -0.8125 0.3157
vn -0.8973 -0.3242 -0.2994
vn 0.0832 -0.8380 0.5393
vn -0.3053 -0.9125 0.2724
vn -0.6488 -0.6341 -0.4206
vn -0.6800 -0.6331 -0.3698
vn 0.8252 0.1901 -0.5319
vn 0.6672 -0.6910 -0.2781
vn -0.6381 0.3273 -0.6969
vn -0.8682 0.3801 0.3189
vn -0.8551 0.3739 0.3592
vn -0.9001 0.3485 0.2616
vn 0.9045 0.1476 0.4000
vn -0.9728 0.1834 -0.1414
vn -0.6331 0.4323 -0.6421
vn -0.9500 0.2498 -0.1876
vn 0.2963 -0.4133 -0.8610
vn 0.3754 0.5947 -0.7109
vn 0.2788 -0.5534 0.7849
vn 0.3739 -0.5190 0.7687
vn 0.3936 -0.4546 0.7990
vn 0.1657 -0.5071 0.8458
vn 0.5923 -0.1411 -0.7933
vn -0.5024 0.6721 -0.5440
vn -0.2503 0.8386 -0.4838
vn -0.4578 0.7872 -0.4131
vn 0.7926 0.5443 -0.2747
vn 0.5188 -0.7648 -0.3820
vn 0.0901 -0.9900 -0.1084
vn 0.2475 -0.9451 -0.2133
vn -0.7345 0.1026 -0.6708
vn -0.7572 0.1380 -0.6384
vn -0.7109 0.1292 -0.6913
vn -0.3653 0.8528 0.3732
vn -0.3447 0.8553 0.3869
vn -0.3611 0.8558 0.3705
vn -0.7537 -0.3814 0.5353
vn -0.9832 -0.0078 0.1826
vn -0.9367 -0.3108 -0.1612
vn 0.3005 -0.1157 0.9467
vn -0.8683 -0.0654 0.4916
vn -0.0625 -0.5768 -0.8145
vn -0.9049 0.1892 -0.3814
vn -0.2245 0.1379 -0.9647
vn -0.6355 -0.3257 0.7001
vn -0.7779 0.4230 0.4648
vn -0.7102 -0.3261 0.6240
vn -0.6503 0.1876 0.7361
vn -0.9848 0.1735 -0.0127
vn -0.8521 -0.1312 0.5067
vn -0.8153 -0.5364 -0.2182
vn -0.3217 0.2039 0.9246
vn 0.9341 0.2463 -0.2584
vn 0.8194 0.2612 0.5102
vn 0.2352 -0.1331 0.9628
vn 0.8703 -0.3136 0.3798
vn -0.1519 -0.0790 0.9852
vn -0.4110 0.1865 0.8924
vn -0.1259 -0.0553 0.9905
vn -0.1850 -0.0169 0.9826
vn -0.5279 -0.5451 0.6513
vn 0.1532 -0.3363 0.9292
vn -0.9436 0.0012 -0.3311
vn -0.5202 -0.0294 0.8536
vn 0.5377 -0.7677 -0.3486
vn -0.9223 0.3720 0.1051
vn 0.1886 0.4689 -0.8629
vn 0.7547 0.2086 0.6221
vn 0.2333 -0.1807 0.9555
vn 0.1875 -0.1961 0.9625
vn 0.1750 0.0021 0.9846
vn 0.5440 0.1002 0.8331
vn 0.6214 0.0737 0.7800
vn 0.0762 -0.9943 -0.0743
vn 0.8004 -0.1722 -0.5742
vn -0.1251 0.9760 0.1782
vn -0.0796 0.9736 0.2140
vn -0.0769 0.9801 0.1831
vn -0.5873 0.5015 0.6353
vn -0.2951 0.7007 0.6496
vn -0.2869 -0.5742 0.7668
vn 0.7904 -0.6006 -0.1206
vn 0.8484 0.3004 0.4359
vn -0.7785 0.6171 0.1142
vn -0.7826 -0.5944 0.1850
vn -0.0486 -0.2782 0.9593
vn 0.2841 0.2822 0.9163
vn -0.4871 -0.6984 -0.5243
vn 0.6764 -0.1646 0.7179
vn 0.9074 0.1252 0.4013
vn 0.3894 -0.0723 0.9182
vn -0.3666 -0.8744 0.3177
vn 0.0061 0.6007 0.7994
vn 0.5019 -0.5729 0.6479
vn -0.4538 0.7726 -0.4440
vn 0.1487 0.7573 0.6359
vn 0.0843 0.9956 -0.0403
vn 0.3810 0.0662 -0.9222
vn 0.9273 0.2539 -0.2751
vn 0.7889 -0.1261 -0.6014
vn 0.7907 -0.1825 -0.5843
vn 0.9764 0.2150 -0.0192
vn -0.2878 -0.8854 -0.3649
vn 0.9391 0.3182 -0.1299
vn 0.5198 -0.7506 0.4080
vn 0.0846 -0.9810 -0.1748
vn 0.7966 -0.6043 0.0158
vn 0.0212 -0.9885 -0.1495
vn -0.5586 -0.2954 0.7751
vn 0.5191 -0.6911 0.5029
vn 0.0179 0.3773 0.9259
vn 0.7500 0.6505 -0.1198
vn -0.2517 0.3645 -0.8966
vn -0.0249 0.9983 -0.0525
vn -0.0160 0.9962 -0.0854
vn 0.5919 0.7792 0.2061
vn 0.9141 0.3120 -0.2590
vn 0.5688 0.7184 -0.4004
vn 0.3829 0.5712 -0.7261
vn -0.1085 -0.1743 -0.9787
vn -0.0248 -0.1320 -0.9909
vn -0.0352 -0.0607 -0.9975
vn -0.1380 0.4994 0.8553
vn 0.0136 0.6062 0.7952
vn 0.1556 0.6133 0.7744
vn -0.3963 0.4306 0.8109
vn -0.3650 0.2375 0.9002
vn -0.1084 0.4411 0.8909
vn 0.1613 0.4261 0.8902
vn 0.5966 0.5847 -0.5498
vn 0.4877 0.8388 0.2420
vn 0.8284 0.3878 0.4042
vn 0.6947 0.4595 0.5534
vn 0.3175 0.9481 -0.0180
vn 0.5501 0.8309 0.0832
vn 0.8134 0.0877 0.5750
vn 0.6568 0.2577 0.7087
vn 0.9711 0.1788 0.1582
vn 0.6676 -0.2037 0.7161
vn 0.4884 -0.1103 0.8656
vn 0.5525 0.6947 0.4606
vn 0.6625 0.6413 -0.3872
vn 0.5546 0.8314 0.0338
vn 0.4324 0.7693 -0.4703
vn 0.9081 0.1084 -0.4045
vn 0.3762 0.8906 -0.2557
vn 0.5725 0.6073 0.5508
vn 0.3057 0.8742 0.3772
vn 0.9243 0.3772 0.0579
vn 0.2416 -0.5751 0.7816
vn 0.0656 -0.9764 0.2059
vn 0.4810 -0.4355 -0.7609
vn 0.7030 -0.3982 0.5892
vn 0.8331 -0.2618 -0.4872
vn -0.8883 -0.3804 -0.2573
vn -0.3804 -0.8808 0.2820
vn 0.3496 0.8950 -0.2769
vn 0.4788 0.8771 -0.0382
vn 0.3645 0.8759 -0.3160
vn -0.4332 0.6011 -0.6716
vn 0.2781 0.9132 -0.2979
vn 0.0751 0.7626 -0.6425
vn 0.4161 0.8753 0.2465
vn 0.4466 0.8935 0.0460
vn -0.3572 0.6288 -0.6907
vn 0.7127 0.4855 -0.5063
vn -0.3055 0.4990 0.8110
vn -0.3799 0.2814 0.8812
vn 0.5773 0.4505 -0.6811
vn 0.5816 0.8053 0.1149
vn 0.3794 0.7781 0.5006
vn 0.9814 0.1835 0.0569
vn 0.6610 -0.3666 0.6547
vn 0.7654 -0.4105 0.4956
vn 0.7248 0.1265 -0.6772
vn 0.5097 0.2693 -0.8171
vn 0.8370 -0.1817 0.5162
vn -0.4807 -0.8174 -0.3175
vn 0.3134 0.2620 -0.9128
vn -0.1524 0.9804 -0.1246
vn -0.6711 0.2901 0.6822
vn -0.5442 0.2834 0.7896
vn -0.5029 0.2731 0.8201
vn 0.5464 -0.3494 -0.7611
vn 0.9753 -0.2194 0.0250
vn 0.9509 -0.2758 -0.1404
vn -0.9388 0.2253 0.2605
vn -0.9167 0.2750 0.2898
vn -0.8968 0.2303 0.3778
vn 0.8863 -0.1300 0.4445
vn 0.2784 -0.9525 -0.1234
vn 0.7120 0.4491 -0.5398
vn 0.6342 0.6418 -0.4313
vn 0.9787 -0.1610 -0.1272
vn 0.8039 0.0664 0.5910
vn 0.5419 -0.0311 0.8398
vn 0.7996 0.0657 0.5970
vn 0.8477 -0.0558 0.5275
vn 0.8089 -0.0507 0.5857
vn 0.8661 0.1901 0.4623
vn 0.6297 0.0809 0.7726
vn 0.8111 0.5744 0.1105
vn 0.0782 0.9559 0.2830
vn 0.3572 -0.5597 0.7478
vn -0.2379 -0.9568 0.1672
vn -0.2577 -0.9261 0.2755
vn 0.3205 -0.6233 0.7133
vn 0.2716 -0.6722 0.6888
vn -0.0246 -0.7334 -0.6794
vn -0.5968 -0.6925 -0.4054
vn -0.2747 -0.7647 0.5829
vn -0.5460 -0.8305 -0.1103
vn -0.6843 -0.6400 -0.3495
vn -0.6714 0.2009 0.7133
vn 0.5665 -0.4082 -0.7159
vn -0.0231 -0.1609 -0.9867
vn -0.1510 -0.1082 -0.9826
vn -0.0519 -0.1962 -0.9792
vn 0.7032 -0.3980 0.5892
vn 0.8201 0.3584 -0.4460
vn 0.2256 -0.3735 0.8998
vn 0.0243 -0.4068 -0.9132
vn 0.0542 -0.9940 -0.0946
vn 0.1585 -0.9706 -0.1812
vn 0.0252 -0.9986 -0.0467
vn 0.6862 -0.1787 -0.7051
vn 0.4646 -0.7292 -0.5024
vn 0.2594 0.7188 0.6451
vn -0.2936 0.8506 0.4362
vn 0.1425 0.7097 0.6899
vn -0.4005 -0.8669 -0.2967
vn 0.4946 -0.6535 0.5729
vn 0.2548 -0.8996 0.3546
vn -0.6686 -0.4905 -0.5588
vn -0.7488 -0.0952 -0.6560
vn -0.7027 -0.1441 -0.6967
vn -0.6774 -0.1399 -0.7222
vn 0.6482 -0.1585 0.7448
vn 0.7037 0.1461 0.6954
vn 0.6402 0.1177 0.7591
vn -0.2414 0.9054 0.3493
vn 0.1640 0.8694 0.4661
vn -0.1094 0.9689 0.2218
vn 0.6055 0.0682 0.7929
vn -0.7699 0.1795 -0.6124
vn -0.7674 0.2962 -0.5686
vn -0.2250 0.9723 -0.0634
vn -0.5810 -0.6532 -0.4856
vn -0.7510 -0.0877 -0.6545
vn -0.7292 -0.1288 -0.6720
vn 0.7255 -0.1693 0.6671
vn 0.8096 -0.3986 0.4308
vn 0.7840 -0.2772 0.5555
vn 0.6829 0.1341 0.7181
vn 0.6308 0.3315 0.7016
vn 0.6729 0.1589 0.7225
vn -0.0508 0.9982 0.0304
vn -0.7194 0.6175 -0.3180
vn 0.4211 0.6545 0.6279
vn -0.7546 0.1306 -0.6430
vn -0.7028 0.6944 -0.1545
vn -0.7224 0.1770 -0.6684
vn -0.4270 -0.8546 -0.2957
vn -0.1137 -0.9928 0.0366
vn -0.0979 -0.9944 0.0399
vn 0.3801 0.9249 0.0003
vn 0.6855 0.1543 0.7115
vn 0.7284 0.2404 0.6416
vn -0.6888 -0.1468 -0.7099
vn -0.6896 -0.1998 -0.6961
vn -0.6716 -0.1970 -0.7142
vn 0.6899 0.1567 0.7068
vn 0.1696 0.7827 0.5988
vn 0.6448 0.2517 0.7217
vn -0.7558 0.1133 -0.6450
vn -0.7119 0.6920 -0.1198
vn -0.6233 0.7582 -0.1916
vn 0.2585 -0.8968 -0.3590
vn 0.8337 -0.5519 -0.0174
vn 0.7082 -0.6624 0.2443
vn -0.1160 -0.9917 0.0552
vn -0.1325 -0.9896 0.0556
vn -0.1279 -0.9910 0.0396
vn 0.1102 0.6939 0.7116
vn -0.7515 0.1181 -0.6491
vn -0.7266 0.6765 -0.1202
vn -0.5435 0.8374 -0.0574
vn 0.7292 -0.6398 0.2429
vn 0.1831 -0.8944 -0.4082
vn 0.8374 -0.5460 -0.0271
vn 0.0888 0.8456 0.5264
vn 0.1103 0.6797 0.7252
vn 0.3814 0.9218 -0.0695
vn -0.1317 0.9786 0.1580
vn -0.0364 0.9989 0.0298
vn 0.6962 0.1958 0.6906
vn 0.7396 0.2192 0.6364
vn -0.7010 -0.1050 -0.7054
vn -0.7509 -0.0905 -0.6541
vn -0.7093 -0.1308 -0.6927
vn -0.7202 0.2113 -0.6608
vn -0.6386 0.7330 -0.2343
vn -0.4590 0.8745 -0.1566
vn -0.3028 -0.6944 -0.6528
vn 0.7277 -0.1426 0.6709
vn 0.8163 -0.3711 0.4426
vn 0.7875 -0.2896 0.5440
vn -0.7538 0.1159 -0.6468
vn -0.7255 0.6686 -0.1631
vn -0.6134 -0.0658 -0.7871
vn 0.0003 -0.5358 -0.8443
vn 0.5585 -0.8095 0.1812
vn 0.8313 -0.5554 -0.0227
vn -0.0598 -0.9935 0.0974
vn 0.3906 -0.7457 0.5397
vn 0.2501 -0.8824 0.3986
vn -0.1551 0.9733 0.1691
vn 0.6476 0.1922 0.7373
vn 0.6906 0.2090 0.6924
vn 0.7324 0.2311 0.6404
vn -0.4341 -0.7749 -0.4594
vn -0.7493 -0.0993 -0.6547
vn -0.7064 -0.1421 -0.6934
vn -0.5955 -0.4440 -0.6695
vn 0.7979 -0.3362 0.5003
vn 0.8162 -0.4054 0.4118
vn 0.7801 -0.3000 0.5491
vn 0.7035 0.1489 0.6949
vn 0.6980 0.1246 0.7052
vn 0.8417 0.3317 0.4260
vn -0.7773 0.0820 -0.6237
vn -0.6986 0.7037 -0.1292
vn -0.5550 0.8272 -0.0878
vn -0.4192 -0.8625 -0.2834
vn 0.3796 -0.8542 0.3553
vn 0.2497 -0.8896 0.3825
vn 0.0921 0.7255 0.6820
vn 0.0069 0.8517 0.5239
vn -0.1413 0.9739 0.1778
vn 0.6861 0.2244 0.6920
vn 0.7272 0.2479 0.6401
vn 0.6925 -0.1902 0.6959
vn 0.7055 -0.2351 0.6686
vn 0.7679 -0.3026 0.5646
vn -0.5869 -0.6484 -0.4849
vn -0.7477 -0.1103 -0.6548
vn -0.7560 -0.0986 -0.6471
vn -0.6979 0.1586 -0.6984
vn -0.6277 0.7373 -0.2497
vn -0.6611 0.5638 -0.4950
vn 0.5415 -0.5974 0.5915
vn 0.6493 -0.1369 0.7481
vn 0.2699 -0.8855 0.3781
vn 0.6991 0.1557 0.6978
vn 0.2474 0.7388 0.6269
vn 0.6379 0.1288 0.7593
vn 0.5008 0.5561 0.6633
vn 0.7579 0.0997 0.6447
vn 0.8480 0.3137 0.4271
vn -0.6508 0.1084 -0.7515
vn 0.8369 0.0066 0.5474
vn 0.8504 -0.0110 0.5261
vn 0.8337 -0.0197 0.5519
vn -0.7893 0.0838 -0.6083
vn -0.6745 0.7276 -0.1254
vn 0.6036 0.0798 0.7933
vn 0.2781 -0.9021 -0.3299
vn 0.3085 -0.7962 -0.5204
vn 0.5060 -0.8189 -0.2709
vn 0.1142 0.7339 0.6696
vn 0.1479 0.3766 -0.9145
vn -0.7679 -0.1157 -0.6300
vn -0.4439 0.1249 -0.8873
vn 0.8893 0.0979 0.4467
vn 0.4883 0.2175 0.8451
vn 0.7664 -0.6072 0.2095
vn -0.4290 -0.9031 -0.0211
vn 0.8080 -0.5101 -0.2949
vn 0.3123 -0.7962 0.5182
vn 0.6429 0.0819 0.7615
vn 0.8713 -0.4105 -0.2689
vn 0.7938 0.5672 -0.2195
vn -0.9666 -0.0794 -0.2438
vn -0.8298 0.3951 0.3942
vn -0.5240 0.6648 -0.5324
vn 0.9239 0.3485 -0.1580
vn 0.6158 -0.0878 0.7830
vn 0.8025 -0.5532 -0.2234
vn 0.9763 0.0891 -0.1972
vn 0.3463 -0.2921 -0.8915
vn 0.2554 0.6524 -0.7135
vn -0.9183 0.3892 0.0730
vn 0.2408 -0.5660 -0.7885
vn -0.8060 -0.5794 0.1207
vn 0.7898 -0.5929 0.1569
vn 0.4245 -0.2127 -0.8801
vn 0.8505 0.5211 0.0718
vn 0.9976 0.0336 -0.0601
vn -0.5803 -0.2024 -0.7889
vn 0.0066 0.2052 -0.9787
vn -0.5280 -0.3087 -0.7911
vn -0.2816 0.3505 -0.8932
vn -0.4006 -0.3778 -0.8348
vn 0.7126 -0.4385 0.5477
vn 0.3992 0.1039 0.9110
vn 0.3954 0.0177 0.9183
vn 0.4062 0.3462 -0.8456
vn -0.6532 0.5427 -0.5280
vn 0.2380 0.1284 0.9627
vn -0.1463 0.7511 0.6438
vn 0.3838 0.0156 0.9233
vn 0.3656 -0.5214 -0.7711
vn -0.0945 -0.8184 0.5669
vn -0.5405 -0.7860 -0.3003
vn -0.0281 0.9987 -0.0422
vn -0.2648 0.7669 0.5846
vn -0.0124 0.9994 -0.0317
vn -0.5811 0.8131 0.0338
vn 0.0857 0.9961 0.0216
vn 0.1312 0.9913 -0.0131
vn 0.5499 0.7828 0.2913
vn 0.0558 -0.9910 -0.1214
vn 0.7542 -0.6269 0.1955
vn -0.2098 -0.7472 0.6306
vn -0.6722 -0.1737 -0.7198
vn 0.6357 -0.1260 0.7616
vn 0.7684 0.0863 0.6341
vn -0.7711 0.0584 -0.6340
vn -0.8019 0.0851 -0.5913
vn -0.7936 0.0953 -0.6009
vn 0.6916 -0.2760 0.6675
vn 0.6055 -0.3280 0.7251
vn 0.6914 -0.0561 0.7203
vn 0.6958 0.1755 0.6965
vn -0.7903 0.0757 -0.6080
vn 0.0808 0.9352 -0.3447
vn 0.7306 0.2080 0.6503
vn 0.7973 0.0549 0.6011
vn 0.7742 0.3941 0.4953
vn 0.7548 0.0144 0.6558
vn 0.7814 -0.1090 0.6144
vn 0.6810 0.1317 0.7204
vn 0.6914 -0.0514 0.7206
vn 0.5830 -0.4561 0.6724
vn 0.5184 0.5239 0.6758
vn -0.7902 0.0631 -0.6096
vn -0.7461 0.2016 -0.6346
vn -0.1297 -0.9896 0.0620
vn 0.6826 0.0048 0.7308
vn 0.6795 -0.0480 0.7321
vn 0.5259 0.0071 0.8505
vn 0.5954 0.1821 0.7825
vn 0.7728 -0.1054 0.6259
vn 0.6824 0.0058 0.7310
vn 0.7547 0.0126 0.6559
vn 0.7694 0.2795 0.5744
vn 0.6632 -0.5737 0.4807
vn -0.7188 -0.0956 -0.6887
vn -0.6562 -0.1299 -0.7433
vn 0.5867 -0.2656 0.7650
vn 0.6184 -0.3470 0.7051
vn 0.6918 -0.0454 0.7207
vn -0.7878 0.0675 -0.6122
vn -0.1455 0.9770 0.1555
vn 0.7135 0.1957 0.6728
vn 0.6031 0.1984 0.7726
vn -0.6758 -0.1691 -0.7174
vn 0.7334 -0.2767 0.6209
vn -0.7875 0.0689 -0.6125
vn 0.6037 0.4740 -0.6410
vn 0.6168 0.4804 -0.6235
vn 0.3594 0.6795 -0.6395
vn -0.1501 0.9745 0.1665
vn 0.7139 0.2091 0.6684
vn -0.3907 -0.8774 -0.2785
vn -0.7558 0.1312 -0.6415
vn -0.6624 -0.1771 -0.7279
vn -0.6537 -0.1555 -0.7406
vn -0.6874 -0.1465 -0.7114
vn -0.4303 0.3132 -0.8466
vn 0.8439 -0.0328 0.5355
vn -0.6087 -0.0837 -0.7889
vn 0.3453 -0.8776 -0.3325
vn 0.2406 -0.5656 -0.7888
vn 0.0954 -0.4779 -0.8732
vn 0.9142 -0.1979 0.3538
vn -0.9805 0.1386 0.1393
vn 0.9103 0.1148 0.3976
vn 0.8040 -0.1134 -0.5837
vn 0.1624 0.5550 -0.8158
vn 0.0763 -0.5825 0.8092
vn -0.3086 0.5647 -0.7654
vn 0.7177 -0.2011 0.6667
vn 0.3351 -0.6696 0.6628
vn 0.6856 -0.1706 0.7077
vn -0.2777 0.2901 0.9158
vn 0.3149 -0.1714 0.9335
vn 0.8653 -0.5012 0.0069
vn 0.0002 -0.9989 -0.0458
vn -0.5603 -0.5092 0.6532
vn -0.6689 -0.5955 -0.4450
vn -0.4472 0.6758 0.5860
vn 0.0920 -0.9863 -0.1370
vn -0.8124 0.1516 0.5630
vn -0.6713 0.2900 0.6821
vn -0.8239 0.2599 0.5037
vn -0.5600 -0.6412 -0.5247
vn 0.0241 -0.4067 -0.9133
vn 0.4511 0.2198 -0.8650
vn -0.6862 0.2860 0.6688
vn -0.7619 0.2343 0.6038
vn -0.6981 0.1590 0.6981
vn -0.6198 -0.6325 -0.4646
vn -0.5618 -0.4092 -0.7190
vn -0.6639 -0.3783 -0.6450
vn 0.8579 0.4262 -0.2868
vn 0.6624 0.6414 -0.3871
vn -0.7307 0.1873 -0.6565
vn -0.7095 0.1646 -0.6853
vn -0.7335 0.1727 -0.6573
vn -0.6535 -0.1247 -0.7466
vn -0.6129 -0.0706 -0.7870
vn -0.4400 -0.1688 -0.8820
vn 0.8113 0.0993 0.5762
vn 0.7622 0.0907 0.6410
vn 0.8247 0.0535 0.5630
vn 0.6664 -0.3753 0.6442
vn 0.6259 -0.2662 0.7330
vn 0.7482 -0.2372 0.6196
vn -0.6471 -0.1746 -0.7422
vn -0.6128 -0.0638 -0.7876
vn -0.4179 -0.2065 -0.8847
vn -0.0890 0.6977 0.7108
vn -0.3626 0.7798 0.5103
vn 0.1112 0.7091 0.6963
vn 0.8037 -0.1307 0.5805
vn 0.7180 -0.1114 0.6871
vn 0.7452 -0.1770 0.6429
vn -0.5615 -0.0427 -0.8264
vn -0.6132 -0.0614 -0.7875
vn -0.5502 0.0170 -0.8349
vn -0.7144 -0.1560 -0.6821
vn -0.7522 -0.0843 -0.6536
vn -0.7333 -0.1332 -0.6667
vn 0.7935 -0.1155 0.5975
vn 0.3727 0.8188 0.4366
vn 0.6991 0.1156 0.7056
vn 0.7239 0.6836 0.0932
vn -0.6798 0.0460 -0.7319
vn -0.6429 0.0929 -0.7603
vn -0.5719 0.3647 -0.7348
vn -0.1150 0.9748 0.1911
vn -0.1206 0.9767 0.1774
vn 0.6789 0.1637 0.7157
vn 0.7163 0.2154 0.6637
vn 0.7359 0.2308 0.6365
vn 0.7587 -0.1373 0.6368
vn 0.7467 -0.1023 0.6573
vn 0.7258 -0.1564 0.6699
vn -0.7373 0.1448 -0.6599
vn -0.7182 0.1100 -0.6871
vn -0.7360 0.0963 -0.6701
vn 0.7117 0.1190 0.6923
vn 0.7077 0.2019 0.6771
vn 0.6355 0.2333 0.7360
vn 0.6450 -0.3594 0.6744
vn 0.6607 -0.2940 0.6906
vn 0.7460 -0.1711 0.6436
vn -0.0819 -0.2728 -0.9586
vn -0.6137 -0.0659 -0.7868
vn -0.6106 -0.0340 -0.7912
vn 0.8184 -0.0781 0.5694
vn 0.6856 0.1485 0.7127
vn 0.6821 0.1540 0.7149
vn 0.6775 0.1413 0.7218
vn 0.7287 -0.4871 -0.4813
vn 0.6361 -0.3749 -0.6744
vn 0.7108 -0.2173 0.6690
vn 0.6969 -0.5896 0.4083
vn 0.7450 -0.1782 0.6428
vn -0.6957 0.1472 -0.7031
vn -0.7154 0.1500 -0.6825
vn -0.7259 0.1521 -0.6707
vn 0.7945 -0.1041 0.5983
vn 0.6767 0.1589 0.7189
vn 0.7102 0.1329 0.6913
vn 0.6765 0.1595 0.7190
vn -0.6450 0.1007 -0.7575
vn 0.7431 -0.2014 0.6381
vn 0.7945 -0.1100 0.5972
vn 0.6836 -0.2455 0.6873
vn 0.9315 0.3513 0.0943
vn 0.7609 0.0969 0.6416
vn 0.7649 0.0859 0.6384
vn -0.1204 0.7055 -0.6984
vn 0.6996 0.7069 0.1041
vn -0.1188 0.3539 -0.9277
vn -0.6489 0.1066 -0.7533
vn -0.7266 -0.6821 0.0827
vn 0.7338 -0.3770 0.5651
vn 0.2909 -0.6753 0.6777
vn -0.6046 -0.6974 -0.3849
vn -0.1783 -0.6952 0.6963
vn 0.4546 -0.3578 0.8156
vn -0.8165 -0.3412 -0.4658
vn 0.4421 0.2504 -0.8613
vn -0.6699 0.7187 0.1861
vn 0.2556 0.6524 -0.7135
vn 0.9213 0.3612 0.1444
vn 0.2028 0.4101 0.8892
vn -0.9181 0.3926 -0.0549
vn -0.8312 0.1985 0.5193
vn 0.3654 -0.5214 -0.7711
vn 0.9778 0.0737 -0.1963
vn 0.8653 -0.5011 0.0069
vn 0.0809 0.1638 0.9832
vn -0.8370 0.0396 -0.5457
vn -0.6756 -0.6224 -0.3953
vn -0.7204 0.1693 -0.6726
vn -0.6247 -0.1012 -0.7743
vn 0.7804 0.4118 0.4706
vn -0.7100 -0.2211 -0.6686
vn -0.6553 -0.1320 -0.7438
vn 0.5644 0.2093 0.7985
vn 0.7603 0.1233 0.6377
vn 0.7513 0.1894 0.6322
vn 0.7694 0.0801 0.6338
vn -0.4818 -0.3128 -0.8186
vn -0.7085 -0.1718 -0.6845
vn -0.7212 -0.2403 -0.6498
vn -0.6385 -0.2214 -0.7371
vn -0.6896 -0.2574 -0.6769
vn -0.6675 0.0980 -0.7381
vn 0.6949 0.3819 0.6093
vn 0.7850 0.3241 0.5279
vn -0.7124 0.1421 -0.6872
vn -0.6345 -0.1038 -0.7659
vn -0.6573 -0.1192 -0.7442
vn -0.7277 -0.0266 -0.6854
vn 0.6424 0.2045 0.7386
vn 0.7719 0.0710 0.6317
vn -0.7905 0.0569 -0.6098
vn -0.7878 0.0656 -0.6125
vn -0.7694 0.0437 -0.6373
vn -0.6286 -0.0756 -0.7741
vn 0.0003 -0.5359 -0.8443
vn 0.6715 0.1832 0.7180
vn 0.1046 0.9311 -0.3495
vn 0.0629 0.9977 -0.0259
vn 0.0417 0.9985 -0.0344
vn 0.6816 0.0079 0.7317
vn 0.6884 0.0404 0.7242
vn 0.7633 0.2964 0.5741
vn 0.7947 0.2879 0.5344
vn 0.6444 -0.5978 0.4768
vn -0.7220 0.1507 -0.6752
vn 0.8775 -0.2081 0.4321
vn 0.6994 -0.0437 0.7134
vn 0.6921 -0.0448 0.7204
vn 0.6651 -0.0610 0.7442
vn 0.6744 0.1721 0.7181
vn 0.1021 -0.9876 -0.1193
vn 0.6814 0.0126 0.7318
vn 0.6918 0.0448 0.7207
vn 0.7567 0.3152 0.5727
vn 0.7945 0.3022 0.5267
vn 0.8924 -0.2094 0.3996
vn -0.6397 0.0903 -0.7633
vn -0.0080 0.2780 -0.9606
vn 0.5810 0.1708 -0.7958
vn 0.0795 -0.6124 0.7865
vn 0.2598 -0.9506 -0.1700
vn 0.4287 -0.7773 -0.4604
vn 0.4498 -0.7713 -0.4503
vn 0.1957 -0.9584 -0.2079
vn 0.5419 -0.8065 -0.2363
vn 0.8548 -0.5183 -0.0267
vn -0.0640 -0.9968 0.0473
vn 0.2102 -0.9091 0.3596
vn 0.4388 -0.8347 0.3328
vn 0.4797 -0.4764 0.7368
vn 0.9016 -0.3902 0.1867
vn 0.9185 -0.3932 0.0410
vn 0.8111 -0.3830 -0.4421
vn 0.9444 -0.3126 -0.1022
vn 0.5997 -0.3339 -0.7273
vn 0.5566 -0.3661 0.7458
vn 0.1616 -0.9426 -0.2922
vn 0.4531 -0.7674 -0.4536
vn -0.1576 -0.6746 -0.7211
vn 0.1070 -0.4480 -0.8876
vn -0.2629 -0.9493 -0.1723
vn -0.3547 -0.7988 -0.4859
vn -0.0669 -0.3405 -0.9378
vn -0.1863 -0.3438 -0.9204
vn -0.0272 -0.4295 -0.9027
vn -0.0747 -0.2641 -0.9616
vt 0.354339 0.009267
vt 0.352795 0.011215
vt 0.352606 0.011179
vt 0.477432 0.027962
vt 0.479463 0.029572
vt 0.479425 0.029770
vt 0.009658 0.039665
vt 0.011781 0.037994
vt 0.009683 0.040169
vt 0.850253 0.006690
vt 0.850613 0.009351
vt 0.850529 0.009370
vt 0.492758 0.045553
vt 0.494815 0.043922
vt 0.492785 0.046042
vt 0.354824 0.009267
vt 0.354350 0.006684
vt 0.354819 0.006658
vt 0.477431 0.027457
vt 0.438171 0.038806
vt 0.440750 0.039299
vt 0.440691 0.039421
vt 0.850607 0.006357
vt 0.780368 0.033986
vt 0.779887 0.036526
vt 0.779767 0.036469
vt 0.599701 0.005258
vt 0.614485 0.007549
vt 0.599403 0.008105
vt 0.837609 0.425622
vt 0.831292 0.409352
vt 0.836782 0.408000
vt 0.831507 0.474362
vt 0.832480 0.461542
vt 0.836204 0.460532
vt 0.836121 0.442851
vt 0.840155 0.442989
vt 0.829376 0.391710
vt 0.561903 0.636152
vt 0.536555 0.642554
vt 0.546542 0.625598
vt 0.588746 0.629904
vt 0.592922 0.654316
vt 0.577428 0.645194
vt 0.621766 0.643402
vt 0.639641 0.641126
vt 0.635406 0.660843
vt 0.672337 0.640605
vt 0.661306 0.661971
vt 0.655356 0.649528
vt 0.800031 0.066039
vt 0.809960 0.043126
vt 0.816107 0.060854
vt 0.826349 0.098044
vt 0.815857 0.120990
vt 0.811215 0.102403
vt 0.830926 0.138015
vt 0.816449 0.157886
vt 0.816099 0.139307
vt 0.800936 0.193974
vt 0.795987 0.174218
vt 0.809392 0.174892
vt 0.794874 0.213069
vt 0.784921 0.203124
vt 0.517342 0.670293
vt 0.521423 0.696027
vt 0.507505 0.684350
vt 0.532857 0.708915
vt 0.557973 0.703942
vt 0.544444 0.721518
vt 0.586998 0.710470
vt 0.601608 0.742410
vt 0.574163 0.731001
vt 0.626006 0.750242
vt 0.640405 0.778160
vt 0.616363 0.771307
vt 0.634495 0.798444
vt 0.668871 0.764709
vt 0.686532 0.788043
vt 0.662699 0.784385
vt 0.674139 0.674865
vt 0.642971 0.674853
vt 0.687510 0.713461
vt 0.685900 0.687243
vt 0.698353 0.692289
vt 0.710185 0.771653
vt 0.731247 0.755560
vt 0.730067 0.773177
vt 0.715697 0.719212
vt 0.709822 0.698706
vt 0.724030 0.700467
vt 0.751831 0.703521
vt 0.743189 0.683874
vt 0.757330 0.686060
vt 0.747870 0.773683
vt 0.766853 0.791077
vt 0.747489 0.791625
vt 0.767128 0.705670
vt 0.783132 0.690503
vt 0.780841 0.710595
vt 0.781294 0.772257
vt 0.795285 0.755385
vt 0.796909 0.770497
vt 0.823744 0.712457
vt 0.808320 0.726158
vt 0.809800 0.710650
vt 0.782641 0.788767
vt 0.768555 0.809991
vt 0.814687 0.768685
vt 0.835263 0.780089
vt 0.816719 0.783205
vt 0.825537 0.338047
vt 0.842233 0.321548
vt 0.844976 0.338742
vt 0.896712 0.171754
vt 0.875088 0.154144
vt 0.897426 0.153334
vt 0.898161 0.113489
vt 0.919792 0.132342
vt 0.897975 0.133473
vt 0.845299 0.194597
vt 0.824356 0.178404
vt 0.849350 0.175282
vt 0.853735 0.136219
vt 0.853287 0.156509
vt 0.878800 0.092561
vt 0.899008 0.091423
vt 0.850783 0.073588
vt 0.852570 0.095283
vt 0.899805 0.069130
vt 0.884612 0.048880
vt 0.902488 0.050102
vt 0.557183 0.676934
vt 0.553534 0.652945
vt 0.569424 0.661308
vt 0.599984 0.690513
vt 0.585208 0.669544
vt 0.612839 0.671094
vt 0.636130 0.730026
vt 0.623442 0.702031
vt 0.646241 0.711375
vt 0.674949 0.746930
vt 0.663801 0.725546
vt 0.679740 0.728563
vt 0.715058 0.736479
vt 0.700307 0.718272
vt 0.747850 0.739286
vt 0.732188 0.738180
vt 0.763950 0.740165
vt 0.776527 0.724352
vt 0.778359 0.740444
vt 0.811063 0.740087
vt 0.793797 0.740132
vt 0.857271 0.048795
vt 0.867084 0.034581
vt 0.837272 0.055128
vt 0.821806 0.078244
vt 0.882092 0.337927
vt 0.864622 0.353408
vt 0.863685 0.337655
vt 0.798471 0.226219
vt 0.772695 0.228169
vt 0.847517 0.210381
vt 0.825765 0.228911
vt 0.821894 0.213381
vt 0.896177 0.206392
vt 0.871828 0.191091
vt 0.895820 0.190255
vt 0.805367 0.250445
vt 0.779611 0.249662
vt 0.802771 0.239464
vt 0.851338 0.239091
vt 0.875581 0.250038
vt 0.852887 0.252082
vt 0.874394 0.236470
vt 0.896385 0.222524
vt 0.896930 0.236066
vt 0.710204 0.671690
vt 0.715981 0.641288
vt 0.725587 0.645700
vt 0.788128 0.277761
vt 0.807709 0.261153
vt 0.810238 0.270613
vt 0.876982 0.261498
vt 0.856728 0.274153
vt 0.854561 0.262463
vt 0.897525 0.249669
vt 0.898244 0.261473
vt 0.792720 0.295412
vt 0.813049 0.280196
vt 0.814998 0.290390
vt 0.878683 0.286922
vt 0.859560 0.296300
vt 0.858654 0.283894
vt 0.899051 0.273344
vt 0.899297 0.286548
vt 0.880788 0.310204
vt 0.862341 0.322486
vt 0.861707 0.310458
vt 0.899589 0.298089
vt 0.900414 0.310228
vt 0.777074 0.661830
vt 0.794318 0.666484
vt 0.810472 0.695552
vt 0.803288 0.667738
vt 0.813388 0.668597
vt 0.486411 0.782385
vt 0.459703 0.775142
vt 0.477854 0.766436
vt 0.364965 0.789044
vt 0.357304 0.765507
vt 0.371144 0.776051
vt 0.672020 0.869444
vt 0.661641 0.846948
vt 0.679090 0.854908
vt 0.713884 0.867081
vt 0.728089 0.885367
vt 0.709227 0.880750
vt 0.749007 0.870705
vt 0.766811 0.884981
vt 0.747383 0.884988
vt 0.822159 0.846964
vt 0.799571 0.854540
vt 0.810391 0.837769
vt 0.511396 0.828028
vt 0.487561 0.822559
vt 0.503088 0.812993
vt 0.482167 0.850195
vt 0.457160 0.841227
vt 0.472434 0.831893
vt 0.409269 0.872796
vt 0.429149 0.845764
vt 0.438324 0.868068
vt 0.385130 0.877806
vt 0.366103 0.900124
vt 0.362412 0.881871
vt 0.389870 0.924370
vt 0.365708 0.925854
vt 0.322475 0.901762
vt 0.343072 0.924811
vt 0.320040 0.924775
vt 0.341648 0.884375
vt 0.321061 0.884962
vt 0.362507 0.815578
vt 0.349890 0.798121
vt 0.336624 0.807048
vt 0.329148 0.829997
vt 0.321591 0.810310
vt 0.302962 0.901119
vt 0.302120 0.885300
vt 0.283463 0.868210
vt 0.302168 0.869331
vt 0.307777 0.814055
vt 0.298728 0.833345
vt 0.293047 0.814077
vt 0.265171 0.896286
vt 0.242537 0.921006
vt 0.246862 0.892776
vt 0.263705 0.813212
vt 0.274651 0.794395
vt 0.277597 0.814694
vt 0.265690 0.881257
vt 0.248124 0.878241
vt 0.232169 0.814077
vt 0.246046 0.795474
vt 0.247141 0.814465
vt 0.229687 0.890485
vt 0.214103 0.874408
vt 0.232307 0.862230
vt 0.231008 0.876394
vt 0.201724 0.830058
vt 0.187552 0.816252
vt 0.201305 0.814958
vt 0.196247 0.871905
vt 0.176556 0.882844
vt 0.178690 0.869247
vt 0.950106 0.872542
vt 0.934826 0.893000
vt 0.938291 0.871664
vt 0.781644 0.949712
vt 0.763695 0.928204
vt 0.782337 0.926540
vt 0.787208 0.876937
vt 0.804780 0.897508
vt 0.784932 0.902249
vt 0.745728 0.907160
vt 0.744233 0.929398
vt 0.702873 0.932069
vt 0.723677 0.951366
vt 0.701765 0.952156
vt 0.684570 0.904432
vt 0.705655 0.906308
vt 0.659350 0.937717
vt 0.679572 0.953024
vt 0.660530 0.955024
vt 0.461801 0.814225
vt 0.468625 0.790460
vt 0.478010 0.806449
vt 0.419014 0.824098
vt 0.434191 0.802825
vt 0.445652 0.821924
vt 0.371019 0.837308
vt 0.401615 0.849607
vt 0.378898 0.857606
vt 0.352296 0.845984
vt 0.338336 0.867643
vt 0.334900 0.849676
vt 0.298959 0.851145
vt 0.314377 0.833743
vt 0.316615 0.851760
vt 0.281973 0.850792
vt 0.267052 0.866138
vt 0.266056 0.849435
vt 0.232843 0.846672
vt 0.249391 0.832241
vt 0.249761 0.847742
vt 0.216364 0.845312
vt 0.198183 0.858171
vt 0.199843 0.843909
vt 0.663582 0.912010
vt 0.645673 0.918775
vt 0.666682 0.891118
vt 0.689593 0.876203
vt 0.947141 0.969759
vt 0.932537 0.953100
vt 0.946555 0.952198
vt 0.960328 0.915060
vt 0.947410 0.932969
vt 0.946699 0.915897
vt 0.835816 0.850208
vt 0.836321 0.825839
vt 0.847108 0.829127
vt 0.821149 0.899420
vt 0.840959 0.876767
vt 0.837561 0.901477
vt 0.816540 0.948995
vt 0.801132 0.924847
vt 0.817401 0.925288
vt 0.860676 0.856429
vt 0.857626 0.832175
vt 0.867044 0.834262
vt 0.851050 0.903001
vt 0.861747 0.928190
vt 0.847755 0.926945
vt 0.832848 0.949151
vt 0.846953 0.949954
vt 0.313916 0.762029
vt 0.313077 0.789241
vt 0.302788 0.764714
vt 0.871905 0.858377
vt 0.886406 0.838189
vt 0.882500 0.860127
vt 0.874234 0.905564
vt 0.885451 0.930086
vt 0.873434 0.928916
vt 0.872418 0.950958
vt 0.891695 0.861706
vt 0.907050 0.843244
vt 0.901183 0.864543
vt 0.910580 0.909772
vt 0.898459 0.930674
vt 0.901228 0.908970
vt 0.895739 0.951855
vt 0.915636 0.864345
vt 0.930436 0.849449
vt 0.928523 0.869910
vt 0.935357 0.914338
vt 0.921188 0.932415
vt 0.922532 0.910605
vt 0.909061 0.952031
vt 0.920910 0.951956
vt 0.243026 0.772165
vt 0.230806 0.796482
vt 0.228690 0.772784
vt 0.202141 0.775831
vt 0.216095 0.796813
vt 0.202615 0.799016
vt 0.416044 0.897193
vt 0.447561 0.915928
vt 0.415700 0.923194
vt 0.447749 0.891711
vt 0.478707 0.883248
vt 0.188197 0.779628
vt 0.188401 0.802173
vt 0.213910 0.774926
vt 0.260392 0.794949
vt 0.268003 0.771039
vt 0.255247 0.771702
vt 0.933389 0.933344
vt 0.920517 0.971101
vt 0.933364 0.971429
vt 0.909489 0.931239
vt 0.922607 0.890960
vt 0.910995 0.888842
vt 0.940714 0.853120
vt 0.887848 0.906333
vt 0.899441 0.886696
vt 0.888822 0.884409
vt 0.918051 0.845697
vt 0.287830 0.793177
vt 0.291769 0.767585
vt 0.300906 0.792244
vt 0.280059 0.769172
vt 0.884767 0.951654
vt 0.864375 0.904658
vt 0.877619 0.882662
vt 0.866744 0.881017
vt 0.896326 0.840015
vt 0.335835 0.781364
vt 0.336320 0.754822
vt 0.346671 0.776082
vt 0.325268 0.786631
vt 0.325078 0.758395
vt 0.860720 0.950380
vt 0.833805 0.925796
vt 0.853817 0.878916
vt 0.876440 0.836186
vt 0.849512 0.854208
vt 0.824485 0.873255
vt 0.949656 0.896912
vt 0.963316 0.899360
vt 0.959033 0.934018
vt 0.958564 0.951521
vt 0.680536 0.933563
vt 0.643308 0.890954
vt 0.649074 0.876729
vt 0.635272 0.903598
vt 0.180900 0.855606
vt 0.183050 0.842952
vt 0.185238 0.830330
vt 0.249664 0.863895
vt 0.215258 0.860599
vt 0.232940 0.831797
vt 0.266728 0.832199
vt 0.281922 0.833510
vt 0.319812 0.869293
vt 0.344966 0.827330
vt 0.357710 0.864548
vt 0.393079 0.826715
vt 0.409115 0.802181
vt 0.451429 0.796746
vt 0.494617 0.797722
vt 0.637921 0.942671
vt 0.640944 0.957688
vt 0.726458 0.907949
vt 0.724763 0.930423
vt 0.765401 0.906676
vt 0.743466 0.951009
vt 0.763159 0.950437
vt 0.800269 0.948814
vt 0.953069 0.853532
vt 0.965462 0.853604
vt 0.962132 0.875050
vt 0.194670 0.885490
vt 0.224005 0.916774
vt 0.212662 0.888003
vt 0.216535 0.814174
vt 0.217495 0.830485
vt 0.262336 0.923194
vt 0.283064 0.899212
vt 0.281210 0.924601
vt 0.282964 0.883720
vt 0.301127 0.925904
vt 0.344263 0.901810
vt 0.390311 0.899004
vt 0.467736 0.861942
vt 0.496706 0.838318
vt 0.506036 0.854136
vt 0.492008 0.868447
vt 0.790888 0.839471
vt 0.798510 0.828066
vt 0.805427 0.816282
vt 0.822015 0.822640
vt 0.808048 0.869784
vt 0.766455 0.869590
vt 0.731969 0.871642
vt 0.695332 0.862758
vt 0.382791 0.801983
vt 0.427621 0.787465
vt 0.385269 0.786287
vt 0.406650 0.785127
vt 0.443548 0.781308
vt 0.816347 0.647875
vt 0.807021 0.641117
vt 0.832675 0.653310
vt 0.825760 0.675964
vt 0.797192 0.637166
vt 0.797332 0.693480
vt 0.767614 0.659375
vt 0.770775 0.688138
vt 0.756615 0.656846
vt 0.881831 0.323191
vt 0.900987 0.323114
vt 0.841456 0.308867
vt 0.839629 0.296055
vt 0.879927 0.297552
vt 0.818253 0.309483
vt 0.819732 0.321484
vt 0.919002 0.284737
vt 0.919146 0.273351
vt 0.919407 0.298250
vt 0.837609 0.284460
vt 0.835870 0.273265
vt 0.878470 0.273011
vt 0.816718 0.300156
vt 0.794827 0.303780
vt 0.746126 0.653584
vt 0.731422 0.680225
vt 0.735614 0.650533
vt 0.719727 0.676896
vt 0.919207 0.261239
vt 0.919221 0.249078
vt 0.833123 0.263467
vt 0.830422 0.253762
vt 0.790506 0.287034
vt 0.706084 0.635582
vt 0.700457 0.666611
vt 0.691630 0.658958
vt 0.695584 0.630219
vt 0.682400 0.651191
vt 0.919276 0.235454
vt 0.919447 0.221835
vt 0.828091 0.241284
vt 0.849666 0.226092
vt 0.782520 0.259263
vt 0.919713 0.205572
vt 0.919913 0.189303
vt 0.873300 0.222983
vt 0.818200 0.197939
vt 0.872500 0.206966
vt 0.776165 0.238896
vt 0.847597 0.354878
vt 0.882022 0.352166
vt 0.902956 0.336880
vt 0.904569 0.350552
vt 0.823930 0.037703
vt 0.837755 0.032029
vt 0.851233 0.024581
vt 0.791542 0.725461
vt 0.825600 0.726699
vt 0.827786 0.739947
vt 0.812319 0.754342
vt 0.780132 0.755785
vt 0.765031 0.756702
vt 0.747353 0.722430
vt 0.732188 0.720760
vt 0.762688 0.723733
vt 0.747920 0.756244
vt 0.711910 0.754017
vt 0.697214 0.734830
vt 0.673488 0.708828
vt 0.657027 0.691629
vt 0.614004 0.721092
vt 0.571493 0.686623
vt 0.544909 0.693138
vt 0.531961 0.681679
vt 0.527060 0.656228
vt 0.542738 0.667229
vt 0.921083 0.033963
vt 0.905610 0.030855
vt 0.919062 0.068554
vt 0.919907 0.051253
vt 0.880404 0.070013
vt 0.877116 0.114710
vt 0.831254 0.117475
vt 0.854323 0.116136
vt 0.919202 0.090463
vt 0.919513 0.112382
vt 0.831154 0.158690
vt 0.876083 0.134417
vt 0.873460 0.172566
vt 0.920027 0.152449
vt 0.920060 0.170872
vt 0.825627 0.350261
vt 0.798330 0.786269
vt 0.829743 0.753075
vt 0.802345 0.807752
vt 0.821475 0.804437
vt 0.796174 0.709236
vt 0.823095 0.697469
vt 0.766071 0.773638
vt 0.785511 0.808841
vt 0.728335 0.791513
vt 0.738108 0.702706
vt 0.707569 0.790522
vt 0.690406 0.768625
vt 0.648241 0.759337
vt 0.656128 0.741818
vt 0.591951 0.763520
vt 0.561574 0.751824
vt 0.530515 0.739771
vt 0.768943 0.214695
vt 0.786320 0.185913
vt 0.775444 0.193753
vt 0.801032 0.159070
vt 0.802111 0.144230
vt 0.800169 0.127071
vt 0.797657 0.106474
vt 0.792411 0.088053
vt 0.807161 0.083177
vt 0.776302 0.054712
vt 0.784867 0.071355
vt 0.664711 0.626800
vt 0.683236 0.622498
vt 0.653358 0.634525
vt 0.613520 0.659279
vt 0.603964 0.638661
vt 0.499389 0.884619
vt 0.492894 0.904565
vt 0.480575 0.905993
vt 0.918624 0.408460
vt 0.920623 0.392406
vt 0.924798 0.406869
vt 0.648771 0.591199
vt 0.637554 0.574704
vt 0.676560 0.583304
vt 0.543289 0.568380
vt 0.531439 0.558410
vt 0.545586 0.561570
vt 0.559565 0.564242
vt 0.568920 0.577977
vt 0.556887 0.573899
vt 0.952884 0.416057
vt 0.949705 0.401647
vt 0.641975 0.599552
vt 0.624993 0.588844
vt 0.945345 0.385869
vt 0.840716 0.802005
vt 0.935550 0.556871
vt 0.942611 0.536114
vt 0.943624 0.536695
vt 0.281157 0.925867
vt 0.262212 0.924486
vt 0.242320 0.922336
vt 0.206258 0.913476
vt 0.206520 0.912245
vt 0.952820 0.528794
vt 0.953659 0.529553
vt 0.343019 0.926015
vt 0.223714 0.918042
vt 0.959331 0.523345
vt 0.958963 0.522368
vt 0.852762 0.568386
vt 0.869159 0.584772
vt 0.852762 0.584076
vt 0.852762 0.403249
vt 0.869159 0.418024
vt 0.852762 0.417803
vt 0.852762 0.462155
vt 0.869159 0.449232
vt 0.869159 0.462106
vt 0.852762 0.438446
vt 0.852762 0.448079
vt 0.886719 0.435366
vt 0.903973 0.424259
vt 0.903973 0.436999
vt 0.903973 0.462986
vt 0.886719 0.449613
vt 0.903973 0.447777
vt 0.886719 0.583675
vt 0.903973 0.566544
vt 0.903973 0.583414
vt 0.903973 0.613107
vt 0.886719 0.601479
vt 0.903973 0.598585
vt 0.886719 0.524083
vt 0.903973 0.509929
vt 0.903973 0.524402
vt 0.886719 0.539857
vt 0.903973 0.539924
vt 0.903973 0.552571
vt 0.886719 0.640772
vt 0.870126 0.628923
vt 0.886719 0.623112
vt 0.886719 0.492901
vt 0.903973 0.478670
vt 0.903973 0.493648
vt 0.903973 0.404605
vt 0.886719 0.385328
vt 0.903973 0.387147
vt 0.886719 0.418913
vt 0.870126 0.382384
vt 0.886719 0.364813
vt 0.869159 0.363604
vt 0.869159 0.382341
vt 0.870126 0.584869
vt 0.870126 0.568845
vt 0.886719 0.556945
vt 0.886719 0.569729
vt 0.870126 0.476111
vt 0.886719 0.462230
vt 0.886719 0.477999
vt 0.870126 0.435524
vt 0.870126 0.615914
vt 0.886719 0.614260
vt 0.870126 0.417997
vt 0.886719 0.404979
vt 0.870126 0.540083
vt 0.870126 0.507880
vt 0.886719 0.508617
vt 0.870126 0.553013
vt 0.870126 0.461949
vt 0.870126 0.602759
vt 0.870126 0.404140
vt 0.870126 0.449118
vt 0.870126 0.490732
vt 0.903973 0.624430
vt 0.903973 0.364813
vt 0.905688 0.566507
vt 0.905688 0.524449
vt 0.905688 0.583748
vt 0.905688 0.613209
vt 0.905688 0.552295
vt 0.905688 0.598567
vt 0.869159 0.404158
vt 0.869159 0.476212
vt 0.869159 0.507853
vt 0.869159 0.552930
vt 0.869159 0.568784
vt 0.869159 0.628977
vt 0.869159 0.490735
vt 0.869159 0.539999
vt 0.869159 0.641999
vt 0.870126 0.640772
vt 0.886719 0.363604
vt 0.870126 0.364813
vt 0.886719 0.641999
vt 0.903973 0.641999
vt 0.905688 0.640772
vt 0.905688 0.641999
vt 0.903973 0.363604
vt 0.614931 0.003918
vt 0.835293 0.426109
vt 0.792756 0.048721
vt 0.832384 0.766619
vt 0.785349 0.268861
vt 0.655027 0.862576
vt 0.960130 0.970287
vt 0.625064 0.915976
vt 0.782995 0.861862
vt 0.350493 0.748387
vt 0.693730 0.750838
vt 0.673905 0.614695
vt 0.914109 0.393285
vt 0.529783 0.564213
vt 0.389897 0.925671
vt 0.301155 0.927121
vt 0.852762 0.525540
vt 0.852762 0.508872
vt 0.870126 0.523398
vt 0.905688 0.539662
vt 0.905688 0.624902
vt 0.479257 0.276101
vt 0.482086 0.255755
vt 0.481580 0.276541
vt 0.480076 0.181300
vt 0.482012 0.202733
vt 0.479823 0.202391
vt 0.479764 0.223459
vt 0.471016 0.238222
vt 0.471150 0.222082
vt 0.463139 0.199502
vt 0.461047 0.177793
vt 0.463393 0.178076
vt 0.463765 0.156821
vt 0.482213 0.144701
vt 0.480166 0.128554
vt 0.482205 0.128837
vt 0.461688 0.140287
vt 0.464554 0.124645
vt 0.464100 0.140942
vt 0.480233 0.107604
vt 0.482176 0.107917
vt 0.459164 0.274158
vt 0.459893 0.295622
vt 0.457452 0.295197
vt 0.461576 0.274382
vt 0.468730 0.296314
vt 0.478260 0.297081
vt 0.456149 0.316437
vt 0.458635 0.316735
vt 0.464919 0.085568
vt 0.465470 0.103726
vt 0.463199 0.103450
vt 0.468500 0.669430
vt 0.469475 0.660467
vt 0.470897 0.668619
vt 0.485191 0.664628
vt 0.481870 0.657206
vt 0.483449 0.656692
vt 0.480501 0.641535
vt 0.482205 0.640790
vt 0.464487 0.646255
vt 0.466951 0.661375
vt 0.479302 0.619610
vt 0.481245 0.619245
vt 0.472602 0.105520
vt 0.480426 0.089067
vt 0.473473 0.087302
vt 0.477158 0.667107
vt 0.475684 0.658829
vt 0.473689 0.643560
vt 0.470852 0.254229
vt 0.470100 0.275141
vt 0.480724 0.297505
vt 0.477508 0.317859
vt 0.479451 0.338608
vt 0.476078 0.358359
vt 0.476845 0.338131
vt 0.478401 0.372935
vt 0.475513 0.381601
vt 0.475721 0.372839
vt 0.480061 0.318350
vt 0.467703 0.317189
vt 0.455032 0.337156
vt 0.457556 0.337446
vt 0.453603 0.357703
vt 0.453022 0.381854
vt 0.455925 0.372846
vt 0.455687 0.381891
vt 0.475274 0.395277
vt 0.465678 0.381824
vt 0.477649 0.414157
vt 0.475073 0.433431
vt 0.475029 0.414075
vt 0.477940 0.395232
vt 0.478185 0.381720
vt 0.465038 0.395649
vt 0.455315 0.415021
vt 0.452746 0.395813
vt 0.455337 0.395850
vt 0.455576 0.434682
vt 0.452746 0.415244
vt 0.453015 0.434965
vt 0.456454 0.453890
vt 0.453908 0.454232
vt 0.457556 0.473685
vt 0.455010 0.473983
vt 0.478327 0.452222
vt 0.476830 0.471750
vt 0.475810 0.452326
vt 0.459387 0.513850
vt 0.455851 0.494210
vt 0.458367 0.493801
vt 0.479272 0.471496
vt 0.477686 0.491582
vt 0.465909 0.453123
vt 0.467145 0.472814
vt 0.480419 0.526215
vt 0.478148 0.539623
vt 0.478088 0.526647
vt 0.480173 0.560804
vt 0.477969 0.561072
vt 0.458189 0.543964
vt 0.460824 0.564370
vt 0.458672 0.565062
vt 0.478074 0.511400
vt 0.467964 0.492759
vt 0.459908 0.529551
vt 0.457251 0.514177
vt 0.469013 0.541321
vt 0.469073 0.562687
vt 0.478587 0.600157
vt 0.462603 0.603849
vt 0.469788 0.582423
vt 0.470525 0.601996
vt 0.460333 0.604773
vt 0.464487 0.623444
vt 0.462186 0.624896
vt 0.478312 0.580666
vt 0.471708 0.621374
vt 0.467093 0.645183
vt 0.466028 0.372988
vt 0.468641 0.512703
vt 0.462440 0.253320
vt 0.472095 0.126447
vt 0.468894 0.528307
vt 0.460214 0.542773
vt 0.457772 0.529633
vt 0.479466 0.491478
vt 0.480307 0.510797
vt 0.465001 0.434034
vt 0.477657 0.433431
vt 0.464837 0.414485
vt 0.466132 0.358262
vt 0.453245 0.372563
vt 0.456179 0.358053
vt 0.478744 0.358716
vt 0.466869 0.337707
vt 0.459960 0.253008
vt 0.463087 0.220899
vt 0.460884 0.199294
vt 0.482243 0.160529
vt 0.480084 0.160239
vt 0.461144 0.156367
vt 0.480106 0.144560
vt 0.462201 0.124199
vt 0.482235 0.089216
vt 0.480702 0.599725
vt 0.461755 0.584061
vt 0.426645 0.381862
vt 0.398169 0.398985
vt 0.398787 0.382115
vt 0.373653 0.399119
vt 0.351989 0.382576
vt 0.374718 0.381899
vt 0.350508 0.399275
vt 0.328568 0.382435
vt 0.308266 0.354018
vt 0.329052 0.370754
vt 0.307187 0.370724
vt 0.305869 0.398516
vt 0.284279 0.381437
vt 0.306725 0.382159
vt 0.283721 0.397458
vt 0.261096 0.380871
vt 0.261178 0.396237
vt 0.238166 0.379651
vt 0.235188 0.025935
vt 0.264610 0.006318
vt 0.261908 0.026561
vt 0.293235 0.008604
vt 0.288716 0.028749
vt 0.320438 0.013875
vt 0.314624 0.033030
vt 0.345892 0.021759
vt 0.339787 0.040006
vt 0.353173 0.680501
vt 0.333534 0.706714
vt 0.328717 0.687677
vt 0.383510 0.056176
vt 0.368383 0.030521
vt 0.390218 0.039381
vt 0.403946 0.064767
vt 0.409902 0.049193
vt 0.451325 0.677828
vt 0.426697 0.676235
vt 0.448287 0.668209
vt 0.425260 0.436796
vt 0.397536 0.420448
vt 0.425610 0.416785
vt 0.371122 0.463456
vt 0.397268 0.440444
vt 0.397648 0.460411
vt 0.372023 0.483609
vt 0.345773 0.465898
vt 0.324109 0.508333
vt 0.346420 0.486021
vt 0.348148 0.506517
vt 0.301960 0.465570
vt 0.322679 0.487428
vt 0.301298 0.487458
vt 0.283311 0.552079
vt 0.303449 0.531881
vt 0.304797 0.549607
vt 0.285210 0.570482
vt 0.263158 0.555406
vt 0.288627 0.595854
vt 0.264975 0.574160
vt 0.268005 0.599956
vt 0.244524 0.576244
vt 0.271087 0.624732
vt 0.246527 0.602435
vt 0.224572 0.628789
vt 0.224073 0.603276
vt 0.248470 0.627606
vt 0.224758 0.653982
vt 0.223076 0.557416
vt 0.201605 0.576616
vt 0.201843 0.557900
vt 0.243244 0.556687
vt 0.223500 0.577123
vt 0.242306 0.535469
vt 0.262004 0.534769
vt 0.282232 0.533511
vt 0.281480 0.509554
vt 0.261826 0.509301
vt 0.301938 0.509338
vt 0.281562 0.486475
vt 0.303308 0.443147
vt 0.322769 0.466412
vt 0.304626 0.420641
vt 0.324578 0.444092
vt 0.346830 0.444621
vt 0.371346 0.443393
vt 0.348661 0.421862
vt 0.372365 0.422019
vt 0.326521 0.421512
vt 0.281994 0.464283
vt 0.222331 0.536355
vt 0.201397 0.537316
vt 0.221088 0.509993
vt 0.241874 0.509182
vt 0.241472 0.484830
vt 0.219964 0.485120
vt 0.262004 0.485440
vt 0.261945 0.462883
vt 0.240861 0.461729
vt 0.261535 0.440563
vt 0.282477 0.441941
vt 0.283028 0.419502
vt 0.327898 0.399133
vt 0.261327 0.418147
vt 0.218981 0.461387
vt 0.239871 0.439335
vt 0.217783 0.438248
vt 0.239082 0.416971
vt 0.238501 0.395039
vt 0.345877 0.656059
vt 0.322769 0.662477
vt 0.430286 0.687536
vt 0.405204 0.683091
vt 0.443709 0.652501
vt 0.438244 0.630978
vt 0.420838 0.658427
vt 0.414488 0.635564
vt 0.435296 0.610587
vt 0.410155 0.614987
vt 0.434008 0.590218
vt 0.432169 0.569551
vt 0.449612 0.546205
vt 0.450565 0.566603
vt 0.405606 0.573683
vt 0.431499 0.548073
vt 0.403775 0.551736
vt 0.430703 0.534799
vt 0.402450 0.538120
vt 0.429065 0.518317
vt 0.401050 0.522061
vt 0.427777 0.497330
vt 0.399502 0.500978
vt 0.426519 0.476358
vt 0.398355 0.480155
vt 0.425655 0.456674
vt 0.373542 0.504008
vt 0.349987 0.527801
vt 0.325962 0.530012
vt 0.327474 0.548408
vt 0.306211 0.566752
vt 0.309100 0.590985
vt 0.292342 0.620362
vt 0.273454 0.648793
vt 0.249758 0.676912
vt 0.249631 0.652203
vt 0.334375 0.609381
vt 0.330973 0.586198
vt 0.221959 0.704726
vt 0.248894 0.722176
vt 0.220076 0.723673
vt 0.276946 0.699403
vt 0.249348 0.702693
vt 0.303598 0.694221
vt 0.278070 0.719064
vt 0.306651 0.713987
vt 0.339437 0.632519
vt 0.317617 0.638534
vt 0.376646 0.672743
vt 0.358816 0.698934
vt 0.399003 0.665507
vt 0.382654 0.690156
vt 0.391558 0.641929
vt 0.385870 0.619900
vt 0.382260 0.598928
vt 0.407438 0.594811
vt 0.378038 0.556240
vt 0.376780 0.541790
vt 0.375343 0.525188
vt 0.351341 0.545200
vt 0.328732 0.563164
vt 0.354796 0.581828
vt 0.352689 0.559754
vt 0.313113 0.615128
vt 0.295841 0.644073
vt 0.275182 0.673324
vt 0.224081 0.679503
vt 0.299429 0.668321
vt 0.368799 0.648905
vt 0.361943 0.626005
vt 0.357372 0.603671
vt 0.379907 0.577837
vt 0.426169 0.396945
vt 0.441952 0.098425
vt 0.423786 0.072569
vt 0.445227 0.080617
vt 0.418672 0.092521
vt 0.377078 0.078719
vt 0.356478 0.071400
vt 0.362032 0.048165
vt 0.309405 0.059005
vt 0.334144 0.064588
vt 0.284510 0.054873
vt 0.259205 0.052156
vt 0.233528 0.050912
vt 0.201992 0.209255
vt 0.172883 0.188193
vt 0.203571 0.189846
vt 0.226404 0.164631
vt 0.250257 0.139572
vt 0.248328 0.165778
vt 0.275718 0.116322
vt 0.272941 0.141686
vt 0.278137 0.097777
vt 0.252475 0.114156
vt 0.254418 0.095477
vt 0.301767 0.101604
vt 0.298975 0.119925
vt 0.304901 0.083409
vt 0.280810 0.079426
vt 0.329000 0.088739
vt 0.351885 0.094851
vt 0.371852 0.101902
vt 0.397856 0.085799
vt 0.392645 0.108215
vt 0.415024 0.113940
vt 0.390039 0.125219
vt 0.413520 0.130117
vt 0.368792 0.119106
vt 0.348594 0.112741
vt 0.325352 0.106815
vt 0.322061 0.125018
vt 0.295476 0.145193
vt 0.270231 0.167631
vt 0.267796 0.194261
vt 0.246512 0.192973
vt 0.245269 0.213469
vt 0.225272 0.191536
vt 0.204203 0.163909
vt 0.227572 0.138589
vt 0.167683 0.250123
vt 0.199960 0.228544
vt 0.197578 0.253938
vt 0.170165 0.224947
vt 0.238166 0.367262
vt 0.261089 0.369109
vt 0.284666 0.369995
vt 0.309152 0.331788
vt 0.330042 0.353869
vt 0.352875 0.370687
vt 0.375507 0.370359
vt 0.399263 0.370263
vt 0.427077 0.371268
vt 0.427635 0.355187
vt 0.399502 0.353103
vt 0.428075 0.334349
vt 0.399650 0.331163
vt 0.429593 0.313623
vt 0.402584 0.287879
vt 0.431343 0.292324
vt 0.404698 0.266230
vt 0.433055 0.270786
vt 0.434477 0.249330
vt 0.406887 0.245124
vt 0.435527 0.233190
vt 0.408577 0.229199
vt 0.436390 0.216983
vt 0.409842 0.212843
vt 0.436949 0.195326
vt 0.410594 0.191127
vt 0.437403 0.173751
vt 0.411145 0.169381
vt 0.438028 0.151714
vt 0.412299 0.146965
vt 0.438728 0.135209
vt 0.439733 0.119136
vt 0.387441 0.165242
vt 0.388573 0.142453
vt 0.364951 0.160268
vt 0.366804 0.136683
vt 0.341373 0.155749
vt 0.345192 0.131301
vt 0.291858 0.170684
vt 0.317885 0.149950
vt 0.313887 0.174689
vt 0.288739 0.196085
vt 0.266717 0.214496
vt 0.244144 0.233205
vt 0.223716 0.211779
vt 0.242700 0.258591
vt 0.222026 0.231314
vt 0.165206 0.275269
vt 0.195493 0.278901
vt 0.220098 0.256611
vt 0.241211 0.283360
vt 0.265176 0.260118
vt 0.266054 0.234455
vt 0.286669 0.234910
vt 0.287116 0.215248
vt 0.308452 0.216685
vt 0.310581 0.198691
vt 0.338261 0.179416
vt 0.363067 0.183384
vt 0.386563 0.187330
vt 0.385156 0.209143
vt 0.360655 0.205771
vt 0.335484 0.202272
vt 0.307514 0.235058
vt 0.308326 0.259931
vt 0.286691 0.260691
vt 0.286818 0.285601
vt 0.264260 0.284886
vt 0.263181 0.308516
vt 0.239879 0.306982
vt 0.218304 0.281350
vt 0.238896 0.329235
vt 0.216733 0.304965
vt 0.262310 0.330805
vt 0.286632 0.309290
vt 0.309584 0.284931
vt 0.333697 0.219112
vt 0.332283 0.236138
vt 0.358838 0.222380
vt 0.357163 0.238893
vt 0.383577 0.225626
vt 0.381694 0.241640
vt 0.379170 0.262805
vt 0.355347 0.260877
vt 0.353977 0.283680
vt 0.331457 0.259380
vt 0.309710 0.309223
vt 0.286155 0.331662
vt 0.285292 0.353505
vt 0.261565 0.352209
vt 0.238412 0.350400
vt 0.331993 0.283941
vt 0.353195 0.307422
vt 0.376840 0.284477
vt 0.375269 0.306967
vt 0.400760 0.309506
vt 0.375329 0.330463
vt 0.353255 0.331163
vt 0.331725 0.308441
vt 0.353143 0.353892
vt 0.331017 0.331260
vt 0.376088 0.353371
vt 0.256495 0.077006
vt 0.231808 0.075994
vt 0.173722 0.163725
vt 0.229121 0.113344
vt 0.230454 0.094606
vt 0.462990 0.671731
vt 0.462008 0.663355
vt 0.463891 0.671366
vt 0.444669 0.381303
vt 0.446478 0.372496
vt 0.446456 0.381266
vt 0.460578 0.663809
vt 0.459387 0.648764
vt 0.457712 0.649277
vt 0.456424 0.627412
vt 0.454578 0.627866
vt 0.454005 0.606909
vt 0.452292 0.607132
vt 0.453335 0.586645
vt 0.451630 0.586786
vt 0.452404 0.566454
vt 0.451600 0.545914
vt 0.449180 0.530757
vt 0.448652 0.515249
vt 0.451012 0.530377
vt 0.448153 0.494702
vt 0.450543 0.514914
vt 0.447699 0.474229
vt 0.449962 0.494330
vt 0.447267 0.454091
vt 0.449538 0.473819
vt 0.446344 0.434295
vt 0.449166 0.453733
vt 0.445220 0.414604
vt 0.448451 0.434042
vt 0.444587 0.395262
vt 0.447185 0.414462
vt 0.446448 0.395180
vt 0.444661 0.372370
vt 0.447639 0.357681
vt 0.445868 0.357480
vt 0.448622 0.337290
vt 0.446731 0.337014
vt 0.449873 0.316459
vt 0.447960 0.316124
vt 0.451377 0.295234
vt 0.450789 0.273622
vt 0.449434 0.294929
vt 0.451786 0.252152
vt 0.452761 0.273905
vt 0.452300 0.235862
vt 0.453625 0.252367
vt 0.452784 0.219558
vt 0.454176 0.236071
vt 0.455002 0.198214
vt 0.454615 0.219789
vt 0.453104 0.197976
vt 0.455114 0.176543
vt 0.453253 0.176312
vt 0.455159 0.154789
vt 0.453796 0.138247
vt 0.453394 0.154625
vt 0.454481 0.122077
vt 0.455628 0.138448
vt 0.456082 0.101656
vt 0.456335 0.122412
vt 0.458256 0.084496
vt 0.457653 0.101946
vt 0.487983 0.432665
vt 0.488169 0.451693
vt 0.488191 0.471005
vt 0.488176 0.490764
vt 0.488146 0.510321
vt 0.488161 0.524927
vt 0.480448 0.539236
vt 0.488221 0.539743
vt 0.488414 0.559397
vt 0.488519 0.578582
vt 0.488526 0.597849
vt 0.488667 0.616982
vt 0.488868 0.637917
vt 0.489025 0.654146
vt 0.488913 0.662834
vt 0.488630 0.109056
vt 0.488541 0.130415
vt 0.488511 0.146027
vt 0.488533 0.161780
vt 0.482272 0.181605
vt 0.488429 0.183005
vt 0.488467 0.204036
vt 0.488303 0.277084
vt 0.488191 0.297922
vt 0.488139 0.318626
vt 0.487901 0.338771
vt 0.487930 0.358589
vt 0.487916 0.373010
vt 0.488117 0.381549
vt 0.488109 0.395054
vt 0.488005 0.413829
vt 0.174096 0.138703
vt 0.204754 0.138262
vt 0.490424 0.373114
vt 0.490424 0.381616
vt 0.490424 0.653670
vt 0.490424 0.616632
vt 0.490424 0.637470
vt 0.490424 0.597439
vt 0.490424 0.578135
vt 0.490424 0.559039
vt 0.490424 0.539296
vt 0.490424 0.509926
vt 0.490424 0.524466
vt 0.490424 0.490503
vt 0.490424 0.470782
vt 0.490424 0.451515
vt 0.490424 0.432523
vt 0.490424 0.395061
vt 0.490424 0.413725
vt 0.490424 0.358731
vt 0.490424 0.339025
vt 0.490424 0.318946
vt 0.490424 0.277389
vt 0.490424 0.298220
vt 0.488400 0.256164
vt 0.490424 0.240679
vt 0.490424 0.256477
vt 0.488444 0.240426
vt 0.490424 0.225075
vt 0.488474 0.224829
vt 0.490424 0.204349
vt 0.490424 0.183310
vt 0.490424 0.162107
vt 0.490424 0.146310
vt 0.490424 0.130713
vt 0.488705 0.090042
vt 0.490424 0.109413
vt 0.460608 0.220623
vt 0.459715 0.084689
vt 0.467495 0.018588
vt 0.476483 0.003908
vt 0.477970 0.018588
vt 0.459459 0.018588
vt 0.466110 0.003908
vt 0.486965 0.003908
vt 0.488503 0.018588
vt 0.529838 0.018588
vt 0.536087 0.004121
vt 0.537215 0.018588
vt 0.542210 0.017767
vt 0.497337 0.003908
vt 0.548979 0.013277
vt 0.545499 0.005886
vt 0.548898 0.008765
vt 0.993702 0.049957
vt 0.991459 0.051418
vt 0.993381 0.049647
vt 0.437540 0.047503
vt 0.439730 0.049064
vt 0.439321 0.049410
vt 0.439731 0.051907
vt 0.439610 0.051954
vt 0.993902 0.047122
vt 0.339065 0.004771
vt 0.352595 0.004746
vt 0.433161 0.051550
vt 0.337293 0.006713
vt 0.337314 0.009290
vt 0.437454 0.053952
vt 0.474738 0.027952
vt 0.472748 0.043888
vt 0.472718 0.029782
vt 0.795315 0.033985
vt 0.796908 0.031743
vt 0.797262 0.032161
vt 0.799459 0.038457
vt 0.474772 0.045735
vt 0.438264 0.032109
vt 0.438659 0.032033
vt 0.439801 0.032130
vt 0.459327 0.046595
vt 0.462097 0.046086
vt 0.462125 0.046589
vt 0.464143 0.029691
vt 0.464175 0.044203
vt 0.436323 0.036825
vt 0.442721 0.034606
vt 0.462061 0.027790
vt 0.459293 0.027459
vt 0.462086 0.027453
vt 0.459326 0.046075
vt 0.693683 0.021942
vt 0.695394 0.019798
vt 0.695604 0.019838
vt 0.520214 0.027812
vt 0.520616 0.027735
vt 0.521776 0.027833
vt 0.693144 0.024821
vt 0.693662 0.024794
vt 0.848376 0.004668
vt 0.845709 0.004127
vt 0.848703 0.004328
vt 0.710539 0.019870
vt 0.710527 0.026961
vt 0.695592 0.026940
vt 0.525122 0.029997
vt 0.522884 0.028314
vt 0.523235 0.027956
vt 0.518244 0.032606
vt 0.524745 0.030348
vt 0.520124 0.034619
vt 0.712478 0.021978
vt 0.712491 0.024824
vt 0.004878 0.023268
vt 0.006887 0.039644
vt 0.004843 0.037778
vt 0.559413 0.004255
vt 0.562032 0.003904
vt 0.562050 0.003987
vt 0.011767 0.023281
vt 0.011743 0.037791
vt 0.423148 0.038806
vt 0.425867 0.032604
vt 0.427697 0.034606
vt 0.006927 0.021385
vt 0.009692 0.021373
vt 0.488054 0.029639
vt 0.490066 0.045543
vt 0.488074 0.043737
vt 0.782315 0.032163
vt 0.779987 0.033574
vt 0.781961 0.031745
vt 0.749367 0.037378
vt 0.751523 0.039018
vt 0.751206 0.039347
vt 0.490038 0.027802
vt 0.492724 0.027780
vt 0.504932 0.044812
vt 0.502991 0.043260
vt 0.503028 0.043070
vt 0.503067 0.029540
vt 0.010741 0.052029
vt 0.006091 0.053538
vt 0.010482 0.049501
vt 0.507540 0.045302
vt 0.507516 0.044833
vt 0.008723 0.047569
vt 0.708581 0.034253
vt 0.707124 0.036467
vt 0.706782 0.036179
vt 0.504979 0.027785
vt 0.685203 0.010109
vt 0.690626 0.005072
vt 0.685223 0.004997
vt 0.703340 0.009890
vt 0.701949 0.005195
vt 0.701818 0.010027
vt 0.705045 0.005729
vt 0.703483 0.005831
vt 0.678901 0.009217
vt 0.677234 0.005016
vt 0.677245 0.009415
vt 0.679962 0.005017
vt 0.678889 0.005065
vt 0.696188 0.010082
vt 0.696310 0.004876
vt 0.706148 0.009901
vt 0.706342 0.006101
vt 0.675912 0.009243
vt 0.675904 0.005125
vt 0.679985 0.009640
vt 0.690549 0.009962
vt 0.728965 0.031473
vt 0.724085 0.036541
vt 0.728965 0.036728
vt 0.728965 0.049714
vt 0.724085 0.047621
vt 0.724085 0.049549
vt 0.724085 0.050774
vt 0.728965 0.050894
vt 0.728965 0.024820
vt 0.724085 0.023302
vt 0.724085 0.024630
vt 0.724085 0.051896
vt 0.728965 0.053705
vt 0.728965 0.052018
vt 0.728965 0.019945
vt 0.724085 0.022100
vt 0.728965 0.022292
vt 0.724085 0.054714
vt 0.724085 0.053516
vt 0.724085 0.026035
vt 0.728965 0.042249
vt 0.724085 0.042089
vt 0.728965 0.026225
vt 0.724085 0.031284
vt 0.727819 0.010050
vt 0.733193 0.005060
vt 0.727839 0.004986
vt 0.745789 0.009833
vt 0.744410 0.005182
vt 0.744281 0.009969
vt 0.747478 0.005711
vt 0.745931 0.005811
vt 0.721576 0.009166
vt 0.719924 0.005004
vt 0.719935 0.009363
vt 0.722650 0.009585
vt 0.721564 0.005053
vt 0.738823 0.004865
vt 0.738703 0.010024
vt 0.747318 0.009931
vt 0.748763 0.006080
vt 0.718607 0.005112
vt 0.718614 0.009192
vt 0.722627 0.005005
vt 0.733116 0.009905
vt 0.898501 0.003911
vt 0.903461 0.008687
vt 0.903644 0.003911
vt 0.916354 0.003911
vt 0.914306 0.008687
vt 0.916193 0.008687
vt 0.917391 0.008687
vt 0.917509 0.003911
vt 0.891990 0.003911
vt 0.890504 0.008687
vt 0.891804 0.008687
vt 0.889515 0.003911
vt 0.887036 0.008687
vt 0.889328 0.008687
vt 0.921248 0.008687
vt 0.920260 0.003911
vt 0.920075 0.008687
vt 0.893365 0.003911
vt 0.893179 0.008687
vt 0.914486 0.003911
vt 0.908891 0.008687
vt 0.890692 0.003911
vt 0.898316 0.008687
vt 0.909048 0.003911
vt 0.812571 0.010042
vt 0.817938 0.005058
vt 0.812591 0.004983
vt 0.829013 0.009961
vt 0.830661 0.005808
vt 0.829142 0.005180
vt 0.830519 0.009826
vt 0.832207 0.005708
vt 0.806335 0.009159
vt 0.804685 0.005002
vt 0.804696 0.009355
vt 0.835141 0.009991
vt 0.833490 0.006076
vt 0.833298 0.009836
vt 0.800878 0.004924
vt 0.803377 0.009185
vt 0.803369 0.005110
vt 0.817862 0.009897
vt 0.812752 0.011035
vt 0.817842 0.011035
vt 0.812845 0.003902
vt 0.830629 0.011035
vt 0.830844 0.003902
vt 0.828725 0.003902
vt 0.832180 0.003902
vt 0.831928 0.011035
vt 0.832047 0.009923
vt 0.806091 0.011035
vt 0.835438 0.005708
vt 0.833487 0.003902
vt 0.833265 0.011035
vt 0.807385 0.005003
vt 0.806100 0.003902
vt 0.806323 0.005050
vt 0.807408 0.009578
vt 0.807742 0.011035
vt 0.823442 0.010016
vt 0.828480 0.011035
vt 0.823562 0.004863
vt 0.823396 0.003902
vt 0.804647 0.011035
vt 0.807787 0.003902
vt 0.817979 0.003902
vt 0.823179 0.011035
vt 0.015894 0.010158
vt 0.021356 0.005086
vt 0.021279 0.010010
vt 0.032759 0.005210
vt 0.034160 0.009938
vt 0.032627 0.010075
vt 0.035878 0.005747
vt 0.035715 0.010037
vt 0.007869 0.005029
vt 0.009548 0.009259
vt 0.007880 0.009459
vt 0.010617 0.005030
vt 0.010640 0.009685
vt 0.026958 0.010131
vt 0.037183 0.006122
vt 0.006530 0.005139
vt 0.006538 0.009286
vt 0.015914 0.005010
vt 0.027080 0.004888
vt 0.064726 0.008818
vt 0.059619 0.003901
vt 0.064914 0.003901
vt 0.078000 0.003901
vt 0.075891 0.008818
vt 0.076077 0.003901
vt 0.079068 0.008818
vt 0.079190 0.003901
vt 0.052916 0.003901
vt 0.051386 0.008818
vt 0.051579 0.003901
vt 0.080198 0.008818
vt 0.082022 0.003901
vt 0.081832 0.008818
vt 0.050175 0.008818
vt 0.048003 0.003901
vt 0.050368 0.003901
vt 0.054140 0.008818
vt 0.054332 0.003901
vt 0.070478 0.003901
vt 0.080321 0.003901
vt 0.059429 0.008818
vt 0.070317 0.008818
vt 0.985576 0.015700
vt 0.990563 0.021070
vt 0.985721 0.020994
vt 0.990441 0.032282
vt 0.985792 0.033660
vt 0.985657 0.032152
vt 0.989913 0.035349
vt 0.985695 0.035189
vt 0.990619 0.007809
vt 0.986459 0.009460
vt 0.986263 0.007820
vt 0.989544 0.036632
vt 0.985626 0.038284
vt 0.985782 0.036440
vt 0.984582 0.015881
vt 0.991720 0.015974
vt 0.990638 0.015720
vt 0.984582 0.031619
vt 0.991720 0.033984
vt 0.989812 0.033801
vt 0.991720 0.035321
vt 0.984582 0.035070
vt 0.984582 0.009216
vt 0.991720 0.009225
vt 0.990571 0.009448
vt 0.984582 0.036407
vt 0.984582 0.038134
vt 0.984582 0.006386
vt 0.986170 0.003913
vt 0.986433 0.006500
vt 0.990618 0.010510
vt 0.986041 0.010533
vt 0.985602 0.026578
vt 0.990758 0.026698
vt 0.991720 0.031865
vt 0.991720 0.036629
vt 0.990511 0.006492
vt 0.991720 0.007760
vt 0.984582 0.007771
vt 0.991720 0.010912
vt 0.984582 0.010868
vt 0.991720 0.021111
vt 0.984582 0.020974
vt 0.770212 0.010051
vt 0.775579 0.005068
vt 0.775503 0.009906
vt 0.786653 0.009970
vt 0.788301 0.005818
vt 0.788159 0.009835
vt 0.789847 0.005717
vt 0.789687 0.009932
vt 0.762327 0.005011
vt 0.763976 0.009168
vt 0.762337 0.009365
vt 0.763964 0.005060
vt 0.765049 0.009587
vt 0.781082 0.010025
vt 0.786782 0.005189
vt 0.791130 0.006086
vt 0.770232 0.004993
vt 0.781202 0.004873
vt 0.809177 0.023631
vt 0.804253 0.018890
vt 0.809359 0.018890
vt 0.821817 0.023631
vt 0.820122 0.018890
vt 0.821977 0.018890
vt 0.823007 0.023631
vt 0.823124 0.018890
vt 0.797789 0.018890
vt 0.796314 0.023631
vt 0.796500 0.018890
vt 0.824097 0.023631
vt 0.825855 0.018890
vt 0.825672 0.023631
vt 0.795332 0.018890
vt 0.792870 0.023631
vt 0.793052 0.018890
vt 0.797604 0.023631
vt 0.799154 0.018890
vt 0.798970 0.023631
vt 0.819944 0.023631
vt 0.814724 0.018890
vt 0.824216 0.018890
vt 0.795146 0.023631
vt 0.804070 0.023631
vt 0.814568 0.023631
vt 0.443277 0.013402
vt 0.451652 0.021568
vt 0.442885 0.021107
vt 0.433769 0.005934
vt 0.443940 0.005899
vt 0.423543 0.005990
vt 0.433029 0.013346
vt 0.422837 0.013290
vt 0.413491 0.005962
vt 0.412953 0.013318
vt 0.422201 0.020932
vt 0.412114 0.020925
vt 0.432491 0.021037
vt 0.392611 0.013450
vt 0.383327 0.005962
vt 0.393191 0.005906
vt 0.370439 0.013367
vt 0.374609 0.020946
vt 0.369636 0.020268
vt 0.370481 0.007184
vt 0.366988 0.011446
vt 0.366925 0.008484
vt 0.382727 0.013457
vt 0.375594 0.006144
vt 0.391808 0.021120
vt 0.381965 0.021030
vt 0.402929 0.013478
vt 0.383551 0.003908
vt 0.393107 0.003908
vt 0.375986 0.003908
vt 0.403124 0.003908
vt 0.403397 0.005983
vt 0.366080 0.006737
vt 0.370362 0.005173
vt 0.364257 0.011089
vt 0.366520 0.014491
vt 0.364208 0.015211
vt 0.362713 0.010461
vt 0.362574 0.015602
vt 0.365535 0.019451
vt 0.366339 0.017851
vt 0.369741 0.023083
vt 0.374931 0.023083
vt 0.382126 0.023083
vt 0.401741 0.023083
vt 0.391724 0.023083
vt 0.401978 0.021051
vt 0.375622 0.013485
vt 0.479808 0.255368
vt 0.466921 0.085545
vt 0.483464 0.665522
vt 0.236551 0.003906
vt 0.171719 0.206351
vt 0.490424 0.090340
vt 0.498853 0.018588
vt 0.546115 0.016449
vt 0.991773 0.051754
vt 0.437944 0.047132
vt 0.434924 0.053477
vt 0.801774 0.036992
vt 0.801427 0.036652
vt 0.801799 0.036702
vt 0.801892 0.035577
vt 0.766915 0.034588
vt 0.768869 0.036413
vt 0.766722 0.038715
vt 0.794935 0.033572
vt 0.479445 0.043875
vt 0.477459 0.045713
vt 0.440891 0.032604
vt 0.441237 0.032251
vt 0.440942 0.032226
vt 0.457253 0.029704
vt 0.459296 0.027813
vt 0.693148 0.021941
vt 0.522936 0.027930
vt 0.424777 0.032130
vt 0.425918 0.032227
vt 0.559086 0.003907
vt 0.428068 0.034261
vt 0.749709 0.037056
vt 0.749367 0.034478
vt 0.494748 0.029627
vt 0.504931 0.045296
vt 0.004314 0.051626
vt 0.507557 0.027775
vt 0.704884 0.009989
vt 0.728965 0.047805
vt 0.728965 0.023494
vt 0.724085 0.019758
vt 0.728965 0.054714
vt 0.748571 0.009844
vt 0.918489 0.008687
vt 0.887219 0.003911
vt 0.921248 0.003911
vt 0.835141 0.003902
vt 0.834990 0.011035
vt 0.803262 0.011035
vt 0.034304 0.005849
vt 0.009536 0.005078
vt 0.036988 0.009948
vt 0.077834 0.008818
vt 0.052724 0.008818
vt 0.047815 0.008818
vt 0.984582 0.033770
vt 0.984582 0.004059
vt 0.984582 0.026314
vt 0.991720 0.026532
vt 0.991720 0.006363
vt 0.765026 0.005013
vt 0.790938 0.009846
vt 0.507759 0.729869
vt 0.509650 0.711584
vt 0.520238 0.725951
vt 0.658927 0.804922
vt 0.684515 0.809663
vt 0.748441 0.810958
vt 0.919345 0.323594
vt 0.921433 0.337571
vt 0.721268 0.612798
vt 0.761365 0.625726
vt 0.779101 0.631851
vt 0.742555 0.972792
vt 0.511167 0.788688
vt 0.313324 0.735484
vt 0.272041 0.744393
vt 0.249915 0.748138
vt 0.519560 0.842861
vt 0.517290 0.861875
vt 0.188019 0.757339
vt 0.200800 0.755538
vt 0.225109 0.751612
vt 0.213633 0.753466
vt 0.238277 0.749456
vt 0.261717 0.746997
vt 0.894910 0.972384
vt 0.282406 0.741899
vt 0.883453 0.972646
vt 0.871251 0.972343
vt 0.292119 0.739484
vt 0.301967 0.737192
vt 0.325095 0.734019
vt 0.859061 0.972133
vt 0.845380 0.972175
vt 0.831767 0.972355
vt 0.815526 0.972590
vt 0.631847 0.928297
vt 0.518431 0.803454
vt 0.679016 0.972265
vt 0.661730 0.971926
vt 0.722687 0.972505
vt 0.700850 0.972249
vt 0.615570 0.923725
vt 0.623330 0.933510
vt 0.762570 0.972928
vt 0.799292 0.972808
vt 0.780916 0.972928
vt 0.340252 0.730840
vt 0.770736 0.628761
vt 0.798651 0.323018
vt 0.752294 0.622619
vt 0.732533 0.616086
vt 0.742458 0.619274
vt 0.709929 0.609609
vt 0.920282 0.350680
vt 0.804592 0.349390
vt 0.801703 0.333501
vt 0.728238 0.811422
vt 0.706409 0.811174
vt 0.607779 0.793167
vt 0.496949 0.699117
vt 0.497981 0.717257
vt 0.486846 0.706308
vt 0.956656 0.503806
vt 0.940307 0.493759
vt 0.955402 0.490047
vt 0.927459 0.482811
vt 0.939096 0.478823
vt 0.928283 0.513375
vt 0.942476 0.509296
vt 0.516944 0.559698
vt 0.620444 0.571976
vt 0.614123 0.584974
vt 0.689031 0.553112
vt 0.702629 0.571555
vt 0.602949 0.569103
vt 0.598844 0.581707
vt 0.608168 0.599017
vt 0.595031 0.596745
vt 0.587620 0.567524
vt 0.583823 0.579668
vt 0.572497 0.565295
vt 0.928491 0.421918
vt 0.928375 0.498139
vt 0.926583 0.467211
vt 0.953702 0.470174
vt 0.539483 0.590872
vt 0.551764 0.592398
vt 0.565187 0.592958
vt 0.581550 0.594926
vt 0.365766 0.927121
vt 0.320027 0.925905
vt 0.852762 0.641999
vt 0.852762 0.363604
vt 0.852762 0.384313
vt 0.852762 0.492920
vt 0.830407 0.624429
vt 0.829417 0.614399
vt 0.830407 0.613100
vt 0.504101 0.773904
vt 0.529315 0.851544
vt 0.631737 0.945222
vt 0.581378 0.787257
vt 0.518059 0.553408
vt 0.664366 0.565891
vt 0.952426 0.432422
vt 0.480338 0.907457
vt 0.852762 0.622506
vt 0.829417 0.625370
vt 0.905688 0.493492
vt 0.905688 0.509736
vt 0.481960 0.223742
vt 0.479756 0.239384
vt 0.471440 0.179550
vt 0.471202 0.200790
vt 0.462745 0.237121
vt 0.471857 0.142743
vt 0.480463 0.580249
vt 0.459544 0.584821
vt 0.481990 0.239600
vt 0.471649 0.158415
vt 0.480501 0.076053
vt 0.481714 0.076545
vt 0.474165 0.074274
vt 0.466393 0.073492
vt 0.248165 0.736582
vt 0.278145 0.733463
vt 0.307678 0.728437
vt 0.336378 0.721469
vt 0.386756 0.703892
vt 0.362293 0.713377
vt 0.460817 0.072428
vt 0.461904 0.072539
vt 0.449136 0.068236
vt 0.507739 0.003908
vt 0.509299 0.018588
vt 0.518228 0.003908
vt 0.519766 0.018588
vt 0.541397 0.004648
vt 0.528315 0.003908
vt 0.336979 0.006688
vt 0.339076 0.011195
vt 0.352785 0.004709
vt 0.796875 0.038731
vt 0.464214 0.044406
vt 0.464185 0.029615
vt 0.695382 0.026979
vt 0.457275 0.044216
vt 0.525025 0.033014
vt 0.522685 0.035242
vt 0.519697 0.035011
vt 0.494777 0.043724
vt 0.509497 0.043275
vt 0.008517 0.054135
vt 0.005686 0.053908
vt 0.708010 0.010058
vt 0.685386 0.011113
vt 0.690529 0.011113
vt 0.685479 0.003904
vt 0.701280 0.011113
vt 0.703451 0.011113
vt 0.703668 0.003904
vt 0.701527 0.003904
vt 0.705018 0.003904
vt 0.704764 0.011113
vt 0.677196 0.011113
vt 0.678655 0.011113
vt 0.677185 0.003904
vt 0.708310 0.005729
vt 0.706339 0.003904
vt 0.706114 0.011113
vt 0.678664 0.003904
vt 0.680323 0.011113
vt 0.696142 0.003904
vt 0.675773 0.003904
vt 0.680368 0.003904
vt 0.690668 0.003904
vt 0.695922 0.011113
vt 0.728965 0.018895
vt 0.724085 0.018895
vt 0.750416 0.010000
vt 0.728000 0.011045
vt 0.733097 0.011045
vt 0.728093 0.003902
vt 0.745899 0.011045
vt 0.746113 0.003902
vt 0.743993 0.003902
vt 0.747451 0.003902
vt 0.721332 0.011045
vt 0.721341 0.003902
vt 0.719876 0.003902
vt 0.722985 0.011045
vt 0.743747 0.011045
vt 0.738657 0.003902
vt 0.718477 0.003902
vt 0.719886 0.011045
vt 0.723029 0.003902
vt 0.733234 0.003902
vt 0.738440 0.011045
vt 0.918609 0.003911
vt 0.886191 0.008687
vt 0.800791 0.009448
vt 0.803240 0.003902
vt 0.761600 0.018889
vt 0.766532 0.023637
vt 0.766714 0.018889
vt 0.777493 0.018889
vt 0.779190 0.023637
vt 0.779350 0.018889
vt 0.780382 0.023637
vt 0.780499 0.018889
vt 0.781473 0.023637
vt 0.783234 0.018889
vt 0.781592 0.018889
vt 0.784216 0.023637
vt 0.783050 0.023637
vt 0.777314 0.023637
vt 0.772086 0.018889
vt 0.771931 0.023637
vt 0.756494 0.018889
vt 0.761417 0.023637
vt 0.016079 0.011169
vt 0.016173 0.003909
vt 0.034272 0.011169
vt 0.032334 0.003909
vt 0.035850 0.003909
vt 0.035594 0.011169
vt 0.007831 0.011169
vt 0.007820 0.003909
vt 0.009310 0.003909
vt 0.009300 0.011169
vt 0.032085 0.011169
vt 0.037180 0.003909
vt 0.036954 0.011169
vt 0.011025 0.003909
vt 0.010981 0.011169
vt 0.026911 0.003909
vt 0.026690 0.011169
vt 0.083038 0.008818
vt 0.083038 0.003901
vt 0.046945 0.008818
vt 0.990697 0.003999
vt 0.991720 0.004022
vt 0.736776 0.036162
vt 0.741551 0.031203
vt 0.741551 0.036345
vt 0.741551 0.049050
vt 0.736776 0.047003
vt 0.741551 0.047183
vt 0.736776 0.050087
vt 0.741551 0.050205
vt 0.741551 0.024694
vt 0.736776 0.023209
vt 0.741551 0.023397
vt 0.736776 0.024508
vt 0.741551 0.026069
vt 0.736776 0.025883
vt 0.741551 0.041746
vt 0.736776 0.031019
vt 0.736776 0.041590
vt 0.770393 0.011045
vt 0.770486 0.003911
vt 0.788269 0.011045
vt 0.763742 0.003911
vt 0.786120 0.011045
vt 0.786365 0.003911
vt 0.790904 0.011045
vt 0.761011 0.005119
vt 0.762278 0.003911
vt 0.761018 0.009194
vt 0.765428 0.003911
vt 0.765384 0.011045
vt 0.775620 0.003911
vt 0.775483 0.011045
vt 0.826836 0.023631
vt 0.826836 0.018890
vt 0.451652 0.013604
vt 0.451652 0.005620
vt 0.434049 0.003908
vt 0.423682 0.003908
vt 0.432589 0.023083
vt 0.442767 0.023083
vt 0.422215 0.023083
vt 0.467837 0.073090
vt 0.459459 0.003908
vt 0.520255 0.027704
vt 0.004836 0.023193
vt 0.509461 0.043086
vt 0.708917 0.034566
vt 0.708010 0.003904
vt 0.707858 0.011113
vt 0.675796 0.011113
vt 0.750713 0.005711
vt 0.718500 0.011045
vt 0.886191 0.003911
vt 0.800937 0.011035
vt 0.800901 0.003902
vt 0.784216 0.018889
vt 0.756309 0.023637
vt 0.021259 0.011169
vt 0.021398 0.003909
vt 0.034490 0.003909
vt 0.006398 0.003909
vt 0.006421 0.011169
vt 0.046945 0.003901
vt 0.736776 0.048889
vt 0.780819 0.011045
vt 0.781037 0.003911
vt 0.760881 0.003911
vt 0.535683 0.770138
vt 0.521240 0.768739
vt 0.514253 0.743407
vt 0.511669 0.645341
vt 0.173262 0.906755
vt 0.509157 0.873304
vt 0.533611 0.832881
vt 0.525263 0.817908
vt 0.863121 0.014630
vt 0.502875 0.658984
vt 0.876337 0.022306
vt 0.869266 0.005617
vt 0.880787 0.014505
vt 0.520303 0.631540
vt 0.531993 0.615701
vt 0.921737 0.424073
vt 0.933544 0.435347
vt 0.924415 0.437466
vt 0.937162 0.449955
vt 0.925367 0.451854
vt 0.951945 0.447393
vt 0.938224 0.464279
vt 0.952498 0.457767
vt 0.189831 0.911315
vt 0.172916 0.908018
vt 0.852762 0.552207
vt 0.852762 0.479187
vt 0.869159 0.435556
vt 0.869159 0.615868
vt 0.852762 0.539849
vt 0.869159 0.523352
vt 0.903973 0.640772
vt 0.905688 0.364813
vt 0.905688 0.402157
vt 0.905688 0.479113
vt 0.542294 0.842817
vt 0.934424 0.556501
vt 0.852762 0.600632
vt 0.852762 0.613976
vt 0.905688 0.387003
vt 0.905688 0.363604
vt 0.460340 0.236778
vt 0.987275 0.046940
vt 0.986702 0.049488
vt 0.986991 0.046630
vt 0.561795 0.010762
vt 0.564065 0.009217
vt 0.562066 0.011087
vt 0.673299 0.009509
vt 0.673387 0.004937
vt 0.716113 0.004926
vt 0.747200 0.011045
vt 0.748537 0.011045
vt 0.716026 0.009456
vt 0.804637 0.003902
vt 0.038863 0.010106
vt 0.003907 0.009554
vt 0.003995 0.004950
vt 0.736776 0.022033
vt 0.789568 0.011045
vt 0.762289 0.011045
vt 0.769052 0.032295
vt 0.750265 0.011045
vt 0.716172 0.011045
vt 0.716135 0.003902
vt 0.752666 0.018889
vt 0.750383 0.018889
vt 0.750201 0.023637
vt 0.039165 0.005747
vt 0.004055 0.011169
vt 0.989913 0.038581
vt 0.741551 0.022221
vt 0.760904 0.011045
vt 0.444136 0.003908
vt 0.748760 0.003902
vt 0.754942 0.023637
vt 0.411954 0.023083
vt 0.673447 0.011113
vt 0.750416 0.003902
vt 0.755127 0.018889
vt 0.413351 0.003908
vt 0.558435 0.779253
vt 0.889891 0.027764
vt 0.892303 0.021885
vt 0.494360 0.673364
vt 0.484611 0.687276
vt 0.475774 0.695453
vt 0.632988 0.604371
vt 0.618736 0.601610
vt 0.510896 0.583840
vt 0.524552 0.588453
vt 0.830407 0.641999
vt 0.834994 0.363604
vt 0.833819 0.383944
vt 0.833819 0.363604
vt 0.834994 0.385066
vt 0.905688 0.447779
vt 0.905688 0.423557
vt 0.905688 0.463441
vt 0.905688 0.436735
vt 0.906752 0.024966
vt 0.921329 0.027772
vt 0.190118 0.910057
vt 0.635164 0.958777
vt 0.512304 0.765251
vt 0.492861 0.905882
vt 0.415726 0.924581
vt 0.447613 0.917338
vt 0.869159 0.602690
vt 0.503845 0.746300
vt 0.829417 0.641999
vt 0.989179 0.045147
vt 0.988919 0.044834
vt 0.432803 0.051882
vt 0.434591 0.053816
vt 0.432791 0.049053
vt 0.432896 0.049023
vt 0.437415 0.054055
vt 0.993824 0.047099
vt 0.991782 0.044850
vt 0.991796 0.044739
vt 0.764342 0.034308
vt 0.764779 0.036880
vt 0.796906 0.038839
vt 0.801910 0.034065
vt 0.801985 0.034453
vt 0.769353 0.038987
vt 0.770428 0.037866
vt 0.771015 0.034111
vt 0.766426 0.032004
vt 0.769347 0.031983
vt 0.765384 0.033156
vt 0.799799 0.038822
vt 0.766428 0.039065
vt 0.771503 0.036744
vt 0.771463 0.035257
vt 0.442995 0.037230
vt 0.408215 0.032018
vt 0.406213 0.036851
vt 0.405890 0.034151
vt 0.410725 0.039285
vt 0.407764 0.039116
vt 0.408084 0.038819
vt 0.435897 0.037185
vt 0.443092 0.034261
vt 0.405889 0.037122
vt 0.848226 0.011601
vt 0.845216 0.011424
vt 0.845542 0.011123
vt 0.517812 0.032972
vt 0.843643 0.009120
vt 0.843313 0.009395
vt 0.843303 0.009091
vt 0.843260 0.007909
vt 0.428080 0.037199
vt 0.427971 0.037230
vt 0.563769 0.008896
vt 0.423241 0.032109
vt 0.423635 0.032033
vt 0.564243 0.006256
vt 0.425667 0.039420
vt 0.422728 0.039192
vt 0.421299 0.036825
vt 0.420874 0.037185
vt 0.426213 0.032252
vt 0.561767 0.011097
vt 0.560604 0.011138
vt 0.784511 0.038459
vt 0.781959 0.038841
vt 0.781928 0.038733
vt 0.786963 0.034066
vt 0.787038 0.034455
vt 0.786945 0.035579
vt 0.754105 0.039548
vt 0.751683 0.032304
vt 0.754598 0.032482
vt 0.754282 0.032773
vt 0.784852 0.038824
vt 0.786480 0.036654
vt 0.786827 0.036993
vt 0.756437 0.034451
vt 0.756117 0.034717
vt 0.756446 0.034746
vt 0.756485 0.035891
vt 0.006194 0.047086
vt 0.004031 0.049080
vt 0.010846 0.051999
vt 0.711433 0.034139
vt 0.713401 0.038743
vt 0.006232 0.046984
vt 0.009057 0.047230
vt 0.706859 0.039038
vt 0.711626 0.040663
vt 0.709051 0.041140
vt 0.706779 0.039021
vt 0.711410 0.034061
vt 0.509491 0.029555
vt 0.713796 0.036162
vt 0.713706 0.039032
vt 0.709044 0.041252
vt 0.003904 0.051971
vt 0.711907 0.040957
vt 0.749361 0.023637
vt 0.038863 0.003909
vt 0.038710 0.011169
vt 0.004018 0.003909
vt 0.991720 0.038284
vt 0.736776 0.019742
vt 0.741551 0.019925
vt 0.736776 0.018897
vt 0.792781 0.010001
vt 0.788484 0.003911
vt 0.789819 0.003911
vt 0.763733 0.011045
vt 0.793077 0.005717
vt 0.791127 0.003911
vt 0.792781 0.003911
vt 0.792630 0.011045
vt 0.792032 0.023631
vt 0.435057 0.047030
vt 0.986813 0.049481
vt 0.802015 0.034104
vt 0.766411 0.031891
vt 0.764459 0.037225
vt 0.771345 0.034117
vt 0.435898 0.034232
vt 0.438304 0.032002
vt 0.410863 0.032465
vt 0.410733 0.039401
vt 0.412987 0.037087
vt 0.405775 0.034136
vt 0.405790 0.034497
vt 0.405878 0.036823
vt 0.517810 0.029971
vt 0.843202 0.006359
vt 0.843319 0.006374
vt 0.843216 0.006727
vt 0.425726 0.039299
vt 0.420874 0.034232
vt 0.423280 0.032003
vt 0.564358 0.006248
vt 0.557421 0.006099
vt 0.559094 0.011078
vt 0.786852 0.036703
vt 0.751676 0.032191
vt 0.490036 0.027458
vt 0.756425 0.037377
vt 0.010841 0.049169
vt 0.713685 0.036177
vt 0.008574 0.054017
vt 0.673410 0.003904
vt 0.749361 0.018889
vt 0.741551 0.018897
vt 0.792032 0.018890
vt 0.451652 0.023083
vt 0.451652 0.003908
vt 0.638199 0.972355
vt 0.502398 0.902338
vt 0.644399 0.971966
vt 0.511058 0.887982
vt 0.517043 0.878696
vt 0.503287 0.902701
vt 0.988920 0.051670
vt 0.435113 0.046913
vt 0.338995 0.004732
vt 0.799864 0.031862
vt 0.794714 0.036467
vt 0.771316 0.033823
vt 0.436024 0.034183
vt 0.457236 0.044420
vt 0.443104 0.037199
vt 0.408238 0.031937
vt 0.411184 0.032129
vt 0.457211 0.029629
vt 0.412713 0.034451
vt 0.405834 0.035660
vt 0.517938 0.029921
vt 0.845685 0.004210
vt 0.421000 0.034183
vt 0.004804 0.037981
vt 0.556967 0.008747
vt 0.784917 0.031864
vt 0.749449 0.034461
vt 0.784868 0.031740
vt 0.754128 0.039467
vt 0.003910 0.049127
vt 0.509530 0.029485
vt 0.504978 0.027455
vt 0.507582 0.027461
vt 0.503028 0.029470
vt 0.753650 0.023637
vt 0.752480 0.023637
vt 0.753836 0.018889
vt 0.736776 0.051185
vt 0.741551 0.052955
vt 0.736776 0.052770
vt 0.736776 0.053942
vt 0.741551 0.053942
vt 0.741551 0.051304
vt 0.758520 0.004934
vt 0.758433 0.009458
vt 0.758542 0.003911
vt 0.794834 0.036524
vt 0.769335 0.039069
vt 0.522744 0.035118
vt 0.848234 0.011719
vt 0.006886 0.040164
vt 0.559079 0.011193
vt 0.559441 0.011179
vt 0.787068 0.034105
vt 0.756538 0.037391
vt 0.756525 0.037036
vt 0.758579 0.011045
vt 0.175267 0.968264
vt 0.172234 0.952604
vt 0.182058 0.951174
vt 0.182061 0.967507
vt 0.169773 0.970413
vt 0.164740 0.954990
vt 0.182067 0.994253
vt 0.179439 0.994392
vt 0.173591 0.994585
vt 0.181879 0.525462
vt 0.194407 0.506401
vt 0.187094 0.526952
vt 0.353735 0.073868
vt 0.358935 0.059170
vt 0.369603 0.059529
vt 0.365304 0.076513
vt 0.343583 0.089517
vt 0.362986 0.089288
vt 0.333365 0.122209
vt 0.359760 0.035525
vt 0.360421 0.012578
vt 0.370403 0.017774
vt 0.188856 0.968261
vt 0.191882 0.952599
vt 0.194351 0.970407
vt 0.199377 0.954982
vt 0.184696 0.994392
vt 0.190544 0.994581
vt 0.963951 0.496180
vt 0.952331 0.493770
vt 0.948378 0.510839
vt 0.959051 0.510980
vt 0.973782 0.480326
vt 0.954388 0.480951
s 1
usemtl avaturn_look_0_material
f 14/1/1 13/2/2 16/3/3
f 19/4/4 18/5/5 21/6/6
f 38/7/7 37/8/8 35/9/9
f 33/10/10 32/11/11 34/12/12
f 45/13/13 44/14/14 41/15/15
f 12/16/16 15/17/17 11/18/18
f 14/1/1 12/16/16 13/2/2
f 19/4/4 17/19/19 18/5/5
f 26/20/20 27/21/21 24/22/22
f 33/10/10 29/23/23 32/11/11
f 48/24/24 50/25/25 43/26/26
f 12/16/16 14/1/1 15/17/17
f 79/27/27 73/28/28 72/29/29
f 54/30/30 76/31/31 401/32/32
f 67/33/33 74/34/34 55/35/35
f 75/36/36 54/30/30 66/37/37
f 55/35/35 75/36/36 66/37/37
f 76/31/31 170/38/38 401/32/32
f 239/39/39 240/40/40 669/41/41
f 61/42/42 242/43/43 668/44/44
f 244/45/45 84/46/46 245/47/47
f 250/48/48 249/49/49 666/50/50
f 664/51/51 81/52/52 251/53/53
f 253/54/54 254/55/55 663/56/56
f 256/57/57 257/58/58 662/59/59
f 260/60/60 261/61/61 661/62/62
f 260/60/60 262/63/63 660/64/64
f 334/65/65 325/66/66 659/67/67
f 658/68/68 133/69/69 326/70/70
f 336/71/71 327/72/72 657/73/73
f 656/74/74 98/75/75 271/76/76
f 100/77/77 271/76/76 98/75/75
f 655/78/78 101/79/79 273/80/80
f 654/81/81 85/82/82 249/49/49
f 275/83/83 276/84/84 653/85/85
f 652/86/86 137/87/87 330/88/88
f 282/89/89 278/90/90 651/91/91
f 650/92/92 107/93/93 288/94/94
f 649/95/95 108/96/96 286/97/97
f 289/98/98 292/99/99 648/100/100
f 647/101/101 139/102/102 332/103/103
f 298/104/104 299/105/105 646/106/106
f 294/107/107 109/108/108 108/96/96
f 645/109/109 118/110/110 301/111/111
f 644/112/112 160/113/113 380/114/114
f 643/115/115 127/116/116 314/117/117
f 315/118/118 310/119/119 642/120/120
f 313/121/121 259/122/122 641/123/123
f 640/124/124 127/116/116 307/125/125
f 315/118/118 319/126/126 639/127/127
f 253/54/54 321/128/128 638/129/129
f 320/130/130 323/131/131 637/132/132
f 635/133/133 80/134/134 243/135/135
f 634/136/136 83/137/137 246/138/138
f 337/139/139 269/140/140 633/141/141
f 338/142/142 270/143/143 632/144/144
f 631/145/145 102/146/146 282/89/89
f 630/147/147 137/87/87 283/148/148
f 290/149/149 291/150/150 629/151/151
f 628/152/152 139/102/102 296/153/153
f 323/131/131 343/154/154 627/155/155
f 626/156/156 89/157/157 251/53/53
f 344/158/158 347/159/159 624/160/160
f 623/161/161 86/162/162 262/63/63
f 622/163/163 144/164/164 304/165/165
f 621/166/166 126/167/167 306/168/168
f 620/169/169 143/170/170 352/171/171
f 619/172/172 149/173/173 360/174/174
f 357/175/175 354/176/176 618/177/177
f 279/178/178 362/179/179 616/180/180
f 364/181/181 359/182/182 615/183/183
f 366/184/184 369/185/185 614/186/186
f 366/184/184 361/187/187 613/188/188
f 372/189/189 368/190/190 611/191/191
f 374/192/192 377/193/193 610/194/194
f 374/192/192 370/195/195 609/196/196
f 381/197/197 384/198/198 607/199/199
f 381/197/197 378/200/200 606/201/201
f 292/99/99 386/202/202 604/203/203
f 297/204/204 387/205/205 603/206/206
f 390/207/207 389/208/208 602/209/209
f 398/210/210 397/211/211 599/212/212
f 402/213/213 391/214/214 597/215/215
f 596/216/216 171/217/217 404/218/218
f 595/219/219 173/220/220 407/221/221
f 413/222/222 410/223/223 593/224/224
f 592/225/225 213/226/226 416/227/227
f 591/228/228 214/229/229 419/230/230
f 423/231/231 422/232/232 590/233/233
f 589/234/234 182/235/235 425/236/236
f 182/235/235 427/237/237 184/238/238
f 185/239/239 428/240/240 186/241/241
f 588/242/242 185/239/239 431/243/243
f 398/210/210 433/244/244 587/245/245
f 432/246/246 436/247/247 586/248/248
f 186/241/241 438/249/249 185/239/239
f 585/250/250 218/251/251 440/252/252
f 435/253/253 443/254/254 584/255/255
f 446/256/256 195/257/257 194/258/258
f 583/259/259 193/260/260 442/261/261
f 582/262/262 194/258/258 451/263/263
f 581/264/264 196/265/265 449/266/266
f 195/257/257 455/267/267 194/258/258
f 458/268/268 457/269/269 580/270/270
f 461/271/271 460/272/272 579/273/273
f 578/274/274 204/275/275 464/276/276
f 577/277/277 236/278/278 466/279/279
f 576/280/280 209/281/281 470/282/282
f 409/283/283 475/284/284 573/285/285
f 572/286/286 209/281/281 472/287/287
f 478/288/288 473/289/289 571/290/290
f 480/291/291 404/218/218 570/292/292
f 481/293/293 479/294/294 569/295/295
f 567/296/296 163/297/297 483/298/298
f 566/299/299 165/300/300 484/301/301
f 565/302/302 215/303/303 424/304/304
f 486/305/305 430/306/306 564/307/307
f 563/308/308 187/309/309 487/310/310
f 488/311/311 450/312/312 562/313/313
f 561/314/314 197/315/315 489/316/316
f 490/317/317 463/318/318 560/319/319
f 492/320/320 481/293/293 559/321/321
f 558/322/322 169/323/323 480/291/291
f 382/324/324 494/325/325 557/326/326
f 497/327/327 493/328/328 556/329/329
f 555/330/330 167/331/331 499/332/332
f 554/333/333 224/334/334 502/335/335
f 553/336/336 208/337/337 501/338/338
f 552/339/339 223/340/340 505/341/341
f 551/342/342 228/343/343 507/344/344
f 503/345/345 507/344/344 550/346/346
f 510/347/347 437/348/348 548/349/349
f 504/350/350 513/351/351 547/352/352
f 546/353/353 231/354/354 515/355/355
f 545/356/356 228/343/343 515/355/355
f 512/357/357 520/358/358 543/359/359
f 523/360/360 522/361/361 542/362/362
f 541/363/363 231/354/354 522/361/361
f 519/364/364 525/365/365 540/366/366
f 496/367/367 527/368/368 539/369/369
f 524/370/370 527/368/368 538/371/371
f 528/372/372 453/373/373 536/374/374
f 535/375/375 198/376/376 459/377/377
f 180/378/378 670/379/379 181/380/380
f 670/379/379 421/381/381 177/382/382
f 530/383/383 459/377/377 202/384/384
f 536/374/374 198/376/376 529/385/385
f 448/386/386 518/387/387 193/260/260
f 196/265/265 537/388/388 448/386/386
f 538/371/371 237/389/389 494/325/325
f 375/390/390 494/325/325 162/391/391
f 375/390/390 524/370/370 538/371/371
f 539/369/369 234/392/392 523/360/360
f 526/393/393 523/360/360 233/394/394
f 236/278/278 539/369/369 526/393/393
f 540/366/366 235/395/395 466/279/279
f 526/393/393 466/279/279 236/278/278
f 233/394/394 540/366/366 526/393/393
f 524/370/370 522/361/361 234/392/392
f 516/396/396 522/361/361 231/354/354
f 521/397/397 516/396/396 230/398/398
f 233/394/394 542/362/362 521/397/397
f 543/359/359 232/399/399 519/364/364
f 521/397/397 519/364/364 233/394/394
f 230/398/398 543/359/359 521/397/397
f 444/400/400 511/401/401 189/402/402
f 193/260/260 544/403/403 444/400/400
f 517/404/404 515/355/355 231/354/354
f 508/405/405 515/355/355 228/343/343
f 514/406/406 508/405/405 227/407/407
f 230/398/398 546/353/353 514/406/406
f 547/352/352 229/408/408 512/357/357
f 514/406/406 512/357/357 230/398/398
f 227/407/407 547/352/352 514/406/406
f 548/349/349 189/402/402 511/401/401
f 434/409/409 400/410/410 168/411/411
f 188/412/412 549/413/413 434/409/409
f 509/414/414 507/344/344 228/343/343
f 502/335/335 507/344/344 225/415/415
f 506/416/416 502/335/335 224/334/334
f 227/407/407 551/342/342 506/416/416
f 552/339/339 226/417/417 504/350/350
f 227/407/407 552/339/339 504/350/350
f 506/416/416 498/418/418 552/339/339
f 503/345/345 501/338/338 225/415/415
f 554/333/333 225/415/415 501/338/338
f 475/284/284 501/338/338 208/337/337
f 475/284/284 500/419/419 554/333/333
f 498/418/418 499/332/332 223/340/340
f 224/334/334 555/330/330 498/418/418
f 500/419/419 413/222/222 555/330/330
f 556/329/329 237/389/389 496/367/367
f 467/420/420 496/367/367 236/278/278
f 205/421/421 556/329/329 467/420/420
f 557/326/326 237/389/389 493/328/328
f 222/422/422 557/326/326 493/328/328
f 495/423/423 382/324/324 557/326/326
f 492/320/320 480/291/291 211/424/424
f 212/425/425 558/322/322 492/320/320
f 482/426/426 402/213/213 558/322/322
f 212/425/425 559/321/321 415/427/427
f 560/319/319 221/428/428 491/429/429
f 203/430/430 560/319/319 491/429/429
f 461/271/271 490/317/317 560/319/319
f 457/269/269 489/316/316 219/431/431
f 220/432/432 561/314/314 457/269/269
f 490/317/317 452/433/433 561/314/314
f 562/313/313 219/431/431 489/316/316
f 447/434/434 489/316/316 197/315/315
f 192/435/435 562/313/313 447/434/434
f 440/252/252 487/310/310 217/436/436
f 218/251/251 563/308/308 440/252/252
f 192/435/435 563/308/308 488/311/311
f 564/307/307 217/436/436 487/310/310
f 436/247/247 487/310/310 187/309/309
f 183/437/437 564/307/307 436/247/247
f 486/305/305 424/304/304 216/438/438
f 183/437/437 565/302/302 486/305/305
f 433/244/244 485/439/439 565/302/302
f 422/232/232 484/301/301 214/229/229
f 215/303/303 566/299/299 422/232/232
f 485/439/439 395/440/440 566/299/299
f 419/230/230 483/298/298 213/226/226
f 214/229/229 567/296/296 419/230/230
f 484/301/301 393/441/441 567/296/296
f 483/298/298 416/227/227 213/226/226
f 163/297/297 568/442/442 483/298/298
f 207/443/443 569/295/295 474/444/444
f 570/292/292 171/217/217 477/445/445
f 210/446/446 570/292/292 477/445/445
f 478/288/288 480/291/291 570/292/292
f 211/424/424 571/290/290 479/294/294
f 477/445/445 472/287/287 210/446/446
f 171/217/217 572/286/286 477/445/445
f 407/221/221 476/447/447 572/286/286
f 573/285/285 208/337/337 470/282/282
f 476/447/447 470/282/282 209/281/281
f 173/220/220 573/285/285 476/447/447
f 575/448/448 210/446/446 472/287/287
f 471/449/449 472/287/287 209/281/281
f 469/450/450 470/282/282 208/337/337
f 465/451/451 466/279/279 235/395/395
f 206/452/452 577/277/277 465/451/451
f 468/453/453 467/420/420 577/277/277
f 463/318/318 464/276/276 221/428/428
f 220/432/432 578/274/274 463/318/318
f 458/268/268 462/454/454 578/274/274
f 456/455/455 200/456/456 455/267/267
f 579/273/273 202/384/384 459/377/377
f 454/457/457 459/377/377 198/376/376
f 199/458/458 579/273/273 454/457/457
f 580/270/270 219/431/431 451/263/263
f 455/267/267 451/263/263 194/258/258
f 200/456/456 580/270/270 455/267/267
f 445/459/459 190/460/460 191/461/461
f 452/433/433 449/266/266 197/315/315
f 199/458/458 581/264/264 452/433/433
f 198/376/376 581/264/264 454/457/457
f 450/312/312 451/263/263 219/431/431
f 218/251/251 582/262/262 450/312/312
f 441/462/462 446/256/256 582/262/262
f 447/434/434 442/261/261 192/435/435
f 197/315/315 583/259/259 447/434/434
f 449/266/266 448/386/386 583/259/259
f 439/463/463 190/460/460 438/249/249
f 584/255/255 192/435/435 442/261/261
f 444/400/400 442/261/261 193/260/260
f 189/402/402 584/255/255 444/400/400
f 431/243/243 440/252/252 217/436/436
f 438/249/249 431/243/243 185/239/239
f 190/460/460 585/250/250 438/249/249
f 429/464/464 184/238/238 428/240/240
f 586/248/248 187/309/309 435/253/253
f 437/348/348 435/253/253 189/402/402
f 188/412/412 586/248/248 437/348/348
f 432/246/246 433/244/244 183/437/437
f 434/409/409 432/246/246 188/412/412
f 168/411/411 587/245/245 434/409/409
f 430/306/306 431/243/243 217/436/436
f 216/438/438 588/242/242 430/306/306
f 425/236/236 429/464/464 588/242/242
f 426/465/465 181/380/380 427/237/237
f 424/304/304 425/236/236 216/438/438
f 215/303/303 589/234/234 424/304/304
f 423/231/231 426/465/465 589/234/234
f 590/233/233 214/229/229 420/466/466
f 421/381/381 420/466/466 177/382/382
f 180/378/378 590/233/233 421/381/381
f 417/467/467 419/230/230 213/226/226
f 178/468/468 591/228/228 417/467/467
f 418/469/469 420/466/466 591/228/228
f 593/224/224 176/470/470 412/471/471
f 58/472/472 593/224/224 412/471/471
f 399/473/473 413/222/222 593/224/224
f 409/283/283 410/223/223 175/474/474
f 408/475/475 409/283/283 173/220/220
f 405/476/476 407/221/221 171/217/217
f 403/477/477 404/218/218 169/323/323
f 169/323/323 597/215/215 403/477/477
f 400/410/410 397/211/211 168/411/411
f 166/478/478 398/210/210 599/212/212
f 395/440/440 392/479/479 165/300/300
f 166/478/478 394/480/480 600/481/481
f 393/441/441 389/208/208 163/297/297
f 165/300/300 601/482/482 393/441/441
f 303/483/483 387/205/205 159/484/484
f 121/485/485 603/206/206 303/483/483
f 388/486/486 297/204/204 603/206/206
f 159/484/484 604/203/203 379/487/487
f 112/488/488 604/203/203 387/205/205
f 605/489/489 110/490/490 288/94/94
f 371/491/491 288/94/94 107/93/93
f 161/492/492 606/201/201 385/493/493
f 607/199/199 160/113/113 373/494/494
f 377/193/193 373/494/494 156/495/495
f 157/496/496 607/199/199 377/193/193
f 608/497/497 156/495/495 373/494/494
f 383/498/498 373/494/494 160/113/113
f 367/499/499 370/195/195 154/500/500
f 158/501/501 609/196/196 367/499/499
f 157/496/496 609/196/196 378/200/200
f 610/194/194 156/495/495 365/502/502
f 369/185/185 365/502/502 152/503/503
f 153/504/504 610/194/194 369/185/185
f 365/502/502 368/190/190 152/503/503
f 376/505/505 365/502/502 156/495/495
f 155/506/506 611/191/191 376/505/505
f 612/507/507 107/93/93 285/508/508
f 363/509/509 285/508/508 104/510/510
f 358/511/511 361/187/187 150/512/512
f 370/195/195 358/511/511 154/500/500
f 153/504/504 613/188/188 370/195/195
f 614/186/186 152/503/503 356/513/513
f 360/174/174 356/513/513 148/514/514
f 149/173/173 614/186/186 360/174/174
f 356/513/513 359/182/182 148/514/514
f 152/503/503 615/183/183 356/513/513
f 151/515/515 615/183/183 368/190/190
f 104/510/510 616/180/180 363/509/509
f 617/516/516 103/517/517 277/518/518
f 248/519/519 277/518/518 88/520/520
f 351/521/521 354/176/176 146/522/522
f 150/512/512 618/177/177 351/521/521
f 149/173/173 618/177/177 361/187/187
f 619/172/172 148/514/514 349/523/523
f 353/524/524 349/523/523 144/164/164
f 353/524/524 357/175/175 619/172/172
f 349/523/523 352/171/171 144/164/164
f 148/514/514 620/169/169 349/523/523
f 359/182/182 355/525/525 620/169/169
f 345/526/526 306/168/168 123/527/527
f 146/522/522 621/166/166 345/526/526
f 145/528/528 621/166/166 354/176/176
f 313/121/121 304/165/165 93/529/529
f 350/530/530 313/121/121 126/167/167
f 145/528/528 622/163/163 350/530/530
f 304/165/165 262/63/63 93/529/529
f 144/164/164 623/161/161 304/165/165
f 352/171/171 348/531/531 623/161/161
f 624/160/160 120/532/532 380/114/114
f 384/198/198 380/114/114 160/113/113
f 161/492/492 624/160/160 384/198/198
f 142/533/533 625/534/534 346/535/535
f 344/158/158 385/493/493 625/534/534
f 324/536/536 251/53/53 81/52/52
f 131/537/537 626/156/156 324/536/536
f 343/154/154 321/128/128 626/156/156
f 264/538/538 343/154/154 131/537/537
f 299/105/105 296/153/153 113/539/539
f 117/540/540 628/152/152 299/105/105
f 302/541/541 342/542/542 628/152/152
f 629/151/151 113/539/539 296/153/153
f 341/543/543 296/153/153 139/102/102
f 138/544/544 629/151/151 341/543/543
f 287/545/545 283/148/148 106/546/546
f 111/547/547 630/147/147 287/545/545
f 290/149/149 340/548/548 630/147/147
f 631/145/145 106/546/546 283/148/148
f 339/549/549 283/148/148 137/87/87
f 339/549/549 274/550/550 631/145/145
f 632/144/144 99/551/551 275/83/83
f 274/550/550 275/83/83 102/146/146
f 274/550/550 338/142/142 632/144/144
f 272/552/552 269/140/140 85/82/82
f 99/551/551 633/141/141 272/552/552
f 270/143/143 337/139/139 633/141/141
f 269/140/140 246/138/138 85/82/82
f 134/553/553 634/136/136 269/140/140
f 336/71/71 266/554/554 634/136/136
f 266/554/554 243/135/135 83/137/137
f 335/555/555 266/554/554 133/69/69
f 132/556/556 635/133/133 335/555/555
f 636/557/557 80/134/134 265/558/558
f 334/65/65 265/558/558 132/556/556
f 125/559/559 637/132/132 312/560/560
f 130/561/561 637/132/132 322/562/562
f 319/126/126 321/128/128 129/563/563
f 128/564/564 638/129/129 319/126/126
f 91/565/565 638/129/129 309/566/566
f 639/127/127 129/563/563 320/130/130
f 318/567/567 320/130/130 130/561/561
f 124/568/568 639/127/127 318/567/567
f 256/57/57 307/125/125 92/569/569
f 91/565/565 640/124/124 256/57/57
f 309/566/566 317/570/570 640/124/124
f 641/123/123 92/569/569 307/125/125
f 316/571/571 307/125/125 127/116/116
f 126/167/167 641/123/123 316/571/571
f 642/120/120 122/572/572 314/117/117
f 317/570/570 314/117/117 127/116/116
f 128/564/564 642/120/120 317/570/570
f 308/573/573 314/117/117 122/572/572
f 123/527/527 643/115/115 308/573/573
f 306/168/168 316/571/571 643/115/115
f 305/574/574 380/114/114 120/532/532
f 332/103/103 301/111/111 114/575/575
f 342/542/542 332/103/103 139/102/102
f 140/576/576 645/109/109 342/542/542
f 115/577/577 301/111/111 300/578/578
f 293/579/579 299/105/105 113/539/539
f 297/204/204 293/579/579 112/488/488
f 116/580/580 646/106/106 297/204/204
f 647/101/101 114/575/575 294/107/107
f 331/581/581 294/107/107 108/96/96
f 138/544/544 647/101/101 331/581/581
f 114/575/575 295/582/582 294/107/107
f 648/100/100 112/488/488 293/579/579
f 113/539/539 648/100/100 293/579/579
f 291/150/150 289/98/98 648/100/100
f 330/88/88 286/97/97 105/583/583
f 340/548/548 330/88/88 137/87/87
f 138/544/544 649/95/95 340/548/548
f 289/98/98 288/94/94 110/490/490
f 111/547/547 650/92/92 289/98/98
f 287/545/545 284/584/584 650/92/92
f 651/91/91 104/510/510 285/508/508
f 284/584/584 285/508/508 107/93/93
f 106/546/546 651/91/91 284/584/584
f 652/86/86 105/583/583 280/585/585
f 329/586/586 280/585/585 101/79/79
f 329/586/586 339/549/549 652/86/86
f 653/85/85 103/517/517 279/178/178
f 278/90/90 279/178/178 104/510/510
f 102/146/146 653/85/85 278/90/90
f 654/81/81 88/520/520 277/518/518
f 276/84/84 277/518/518 103/517/517
f 276/84/84 272/552/552 654/81/81
f 328/587/587 273/80/80 98/75/75
f 135/588/588 655/78/78 328/587/587
f 338/142/142 329/586/586 655/78/78
f 327/72/72 271/76/76 97/589/589
f 134/553/553 656/74/74 327/72/72
f 657/73/73 97/589/589 267/590/590
f 326/70/70 267/590/590 95/591/591
f 133/69/69 657/73/73 326/70/70
f 325/66/66 335/555/555 658/68/68
f 247/592/592 262/63/63 86/162/162
f 94/593/593 660/64/64 65/594/594
f 661/62/62 53/595/595 257/58/58
f 259/122/122 257/58/58 92/569/569
f 93/529/529 661/62/62 259/122/122
f 258/596/596 257/58/58 53/595/595
f 52/597/597 662/59/59 258/596/596
f 254/55/55 256/57/57 662/59/59
f 255/598/598 254/55/55 52/597/597
f 90/599/599 663/56/56 255/598/598
f 252/600/600 253/54/54 663/56/56
f 252/600/600 251/53/53 89/157/157
f 90/599/599 664/51/51 252/600/600
f 78/601/601 664/51/51 64/602/602
f 250/48/48 248/519/519 88/520/520
f 87/603/603 665/604/604 250/48/48
f 666/50/50 249/49/49 85/82/82
f 84/46/46 666/50/50 245/47/47
f 62/605/605 250/48/48 666/50/50
f 667/606/606 245/47/47 85/82/82
f 242/43/43 246/138/138 83/137/137
f 82/607/607 244/45/45 667/606/606
f 243/135/135 242/43/43 83/137/137
f 80/134/134 668/44/44 243/135/135
f 532/608/608 533/609/609 238/610/610
f 667/606/606 244/45/45 245/47/47
f 246/138/138 667/606/606 85/82/82
f 245/47/47 666/50/50 85/82/82
f 395/440/440 166/478/478 600/481/481
f 394/480/480 166/478/478 599/212/212
f 242/43/43 82/607/607 667/606/606
f 135/588/588 656/74/74 337/139/139
f 684/611/611 683/612/612 701/613/613
f 681/614/614 675/615/615 702/616/616
f 692/617/617 693/618/618 680/619/619
f 691/620/620 685/621/621 700/622/622
f 680/619/619 700/622/622 692/617/617
f 789/623/623 701/613/613 800/624/624
f 681/614/614 696/625/625 695/626/626
f 701/613/613 705/627/627 800/624/624
f 300/578/578 118/110/110 119/628/628
f 268/629/629 673/630/630 96/631/631
f 439/463/463 677/632/632 191/461/461
f 195/257/257 689/633/633 678/634/634
f 456/455/455 679/635/635 201/636/636
f 96/631/631 682/637/637 263/638/638
f 184/238/238 687/639/639 428/240/240
f 445/459/459 677/632/632 689/633/633
f 195/257/257 690/640/640 456/455/455
f 671/641/641 682/637/637 703/642/642
f 730/643/643 728/644/644 729/645/645
f 734/646/646 716/647/647 733/648/648
f 731/649/649 717/650/650 725/651/651
f 732/652/652 717/650/650 738/653/653
f 771/654/654 784/655/655 797/656/656
f 799/657/657 780/658/658 786/659/659
f 764/660/660 791/661/661 805/662/662
f 807/663/663 763/664/664 793/665/665
f 776/666/666 790/667/667 803/668/668
f 775/669/669 803/668/668 792/670/670
f 802/671/671 775/669/669 792/670/670
f 781/672/672 753/673/673 765/674/674
f 778/675/675 788/676/676 801/677/677
f 798/678/678 766/679/679 783/680/680
f 772/681/681 798/678/678 784/655/655
f 745/682/682 779/683/683 766/679/679
f 714/684/684 745/682/682 715/685/685
f 763/664/664 761/686/686 764/660/660
f 750/687/687 768/688/688 767/689/689
f 748/690/690 770/691/691 769/692/692
f 755/693/693 772/681/681 771/654/654
f 765/674/674 762/694/694 773/695/695
f 761/686/686 767/689/689 764/660/660
f 746/696/696 774/697/697 772/681/681
f 751/698/698 776/666/666 775/669/669
f 749/699/699 778/675/675 777/700/700
f 759/701/701 775/669/669 768/688/688
f 757/702/702 780/658/658 770/691/691
f 773/695/695 752/703/703 763/664/664
f 756/704/704 766/679/679 774/697/697
f 776/666/666 749/699/699 777/700/700
f 747/705/705 771/654/654 780/658/658
f 758/706/706 769/692/692 778/675/675
f 777/700/700 801/677/677 790/667/667
f 791/661/661 768/688/688 802/671/671
f 765/674/674 807/663/663 794/707/707
f 769/692/692 799/657/657 788/676/676
f 763/664/664 805/662/662 793/665/665
f 786/659/659 771/654/654 797/656/656
f 766/679/679 782/708/708 783/680/680
f 802/671/671 706/709/709 791/661/661
f 713/710/710 792/670/670 803/668/668
f 804/711/711 793/665/665 805/662/662
f 806/712/712 794/707/707 807/663/663
f 792/670/670 712/713/713 802/671/671
f 790/667/667 713/710/710 803/668/668
f 706/709/709 805/662/662 791/661/661
f 708/714/714 807/663/663 793/665/665
f 724/715/715 746/696/696 716/647/647
f 725/651/651 748/690/690 718/716/716
f 719/717/717 758/706/706 749/699/699
f 727/718/718 750/687/687 720/719/719
f 722/720/720 762/694/694 753/673/673
f 715/685/685 756/704/704 724/715/715
f 717/650/650 757/702/702 725/651/651
f 718/716/716 758/706/706 726/721/721
f 721/722/722 759/701/701 727/718/718
f 720/719/719 761/686/686 728/644/644
f 723/723/723 753/673/673 754/724/724
f 737/725/725 744/726/726 714/684/684
f 723/723/723 781/672/672 739/727/727
f 742/728/728 709/729/729 672/730/730
f 740/731/731 779/683/683 737/725/725
f 177/382/382 532/608/608 238/610/610
f 675/615/615 681/614/614 695/626/626
f 238/610/610 670/379/379 177/382/382
f 79/27/27 60/732/732 73/28/28
f 54/30/30 77/733/733 76/31/31
f 75/36/36 77/733/733 54/30/30
f 55/35/35 74/34/34 75/36/36
f 239/39/39 80/134/134 240/40/40
f 61/42/42 82/607/607 242/43/43
f 250/48/48 88/520/520 249/49/49
f 664/51/51 241/734/734 81/52/52
f 253/54/54 91/565/565 254/55/55
f 256/57/57 92/569/569 257/58/58
f 260/60/60 94/593/593 261/61/61
f 260/60/60 93/529/529 262/63/63
f 334/65/65 132/556/556 325/66/66
f 658/68/68 335/555/555 133/69/69
f 336/71/71 134/553/553 327/72/72
f 656/74/74 328/587/587 98/75/75
f 655/78/78 329/586/586 101/79/79
f 654/81/81 272/552/552 85/82/82
f 275/83/83 99/551/551 276/84/84
f 652/86/86 339/549/549 137/87/87
f 282/89/89 102/146/146 278/90/90
f 650/92/92 284/584/584 107/93/93
f 649/95/95 331/581/581 108/96/96
f 289/98/98 110/490/490 292/99/99
f 647/101/101 341/543/543 139/102/102
f 298/104/104 117/540/540 299/105/105
f 294/107/107 295/582/582 109/108/108
f 645/109/109 333/735/735 118/110/110
f 644/112/112 383/498/498 160/113/113
f 643/115/115 316/571/571 127/116/116
f 315/118/118 124/568/568 310/119/119
f 313/121/121 93/529/529 259/122/122
f 640/124/124 317/570/570 127/116/116
f 315/118/118 128/564/564 319/126/126
f 253/54/54 89/157/157 321/128/128
f 320/130/130 129/563/563 323/131/131
f 635/133/133 265/558/558 80/134/134
f 634/136/136 266/554/554 83/137/137
f 337/139/139 134/553/553 269/140/140
f 338/142/142 135/588/588 270/143/143
f 631/145/145 274/550/550 102/146/146
f 630/147/147 340/548/548 137/87/87
f 290/149/149 111/547/547 291/150/150
f 628/152/152 342/542/542 139/102/102
f 323/131/131 129/563/563 343/154/154
f 626/156/156 321/128/128 89/157/157
f 344/158/158 142/533/533 347/159/159
f 623/161/161 348/531/531 86/162/162
f 622/163/163 353/524/524 144/164/164
f 621/166/166 350/530/530 126/167/167
f 620/169/169 355/525/525 143/170/170
f 619/172/172 357/175/175 149/173/173
f 357/175/175 145/528/528 354/176/176
f 279/178/178 103/517/517 362/179/179
f 364/181/181 147/736/736 359/182/182
f 366/184/184 153/504/504 369/185/185
f 366/184/184 149/173/173 361/187/187
f 372/189/189 151/515/515 368/190/190
f 374/192/192 157/496/496 377/193/193
f 374/192/192 153/504/504 370/195/195
f 381/197/197 161/492/492 384/198/198
f 381/197/197 157/496/496 378/200/200
f 292/99/99 110/490/490 386/202/202
f 297/204/204 112/488/488 387/205/205
f 390/207/207 163/297/297 389/208/208
f 398/210/210 168/411/411 397/211/211
f 402/213/213 164/737/737 391/214/214
f 596/216/216 405/476/476 171/217/217
f 595/219/219 408/475/475 173/220/220
f 413/222/222 175/474/474 410/223/223
f 592/225/225 417/467/467 213/226/226
f 591/228/228 420/466/466 214/229/229
f 423/231/231 215/303/303 422/232/232
f 589/234/234 426/465/465 182/235/235
f 182/235/235 426/465/465 427/237/237
f 185/239/239 429/464/464 428/240/240
f 588/242/242 429/464/464 185/239/239
f 398/210/210 166/478/478 433/244/244
f 432/246/246 183/437/437 436/247/247
f 186/241/241 439/463/463 438/249/249
f 585/250/250 441/462/462 218/251/251
f 435/253/253 187/309/309 443/254/254
f 446/256/256 445/459/459 195/257/257
f 583/259/259 448/386/386 193/260/260
f 582/262/262 446/256/256 194/258/258
f 581/264/264 453/373/373 196/265/265
f 195/257/257 456/455/455 455/267/267
f 458/268/268 220/432/432 457/269/269
f 461/271/271 203/430/430 460/272/272
f 578/274/274 462/454/454 204/275/275
f 577/277/277 467/420/420 236/278/278
f 576/280/280 471/449/449 209/281/281
f 409/283/283 175/474/474 475/284/284
f 572/286/286 476/447/447 209/281/281
f 478/288/288 210/446/446 473/289/289
f 480/291/291 169/323/323 404/218/218
f 481/293/293 211/424/424 479/294/294
f 567/296/296 393/441/441 163/297/297
f 566/299/299 395/440/440 165/300/300
f 565/302/302 485/439/439 215/303/303
f 486/305/305 216/438/438 430/306/306
f 563/308/308 443/254/254 187/309/309
f 488/311/311 218/251/251 450/312/312
f 561/314/314 452/433/433 197/315/315
f 490/317/317 220/432/432 463/318/318
f 492/320/320 211/424/424 481/293/293
f 558/322/322 402/213/213 169/323/323
f 382/324/324 162/391/391 494/325/325
f 497/327/327 222/422/422 493/328/328
f 555/330/330 413/222/222 167/331/331
f 554/333/333 500/419/419 224/334/334
f 553/336/336 469/450/450 208/337/337
f 552/339/339 498/418/418 223/340/340
f 551/342/342 508/405/405 228/343/343
f 503/345/345 225/415/415 507/344/344
f 510/347/347 188/412/412 437/348/348
f 504/350/350 226/417/417 513/351/351
f 546/353/353 516/396/396 231/354/354
f 545/356/356 509/414/414 228/343/343
f 512/357/357 229/408/408 520/358/358
f 523/360/360 234/392/392 522/361/361
f 541/363/363 517/404/404 231/354/354
f 519/364/364 232/399/399 525/365/365
f 496/367/367 237/389/389 527/368/368
f 524/370/370 234/392/392 527/368/368
f 528/372/372 196/265/265 453/373/373
f 535/375/375 529/385/385 198/376/376
f 532/608/608 177/382/382 418/469/469
f 180/378/378 421/381/381 670/379/379
f 462/454/454 200/456/456 201/636/636
f 530/383/383 535/375/375 459/377/377
f 536/374/374 453/373/373 198/376/376
f 448/386/386 537/388/388 518/387/387
f 196/265/265 528/372/372 537/388/388
f 538/371/371 527/368/368 237/389/389
f 375/390/390 538/371/371 494/325/325
f 539/369/369 527/368/368 234/392/392
f 526/393/393 539/369/369 523/360/360
f 236/278/278 496/367/367 539/369/369
f 540/366/366 525/365/365 235/395/395
f 526/393/393 540/366/366 466/279/279
f 233/394/394 519/364/364 540/366/366
f 524/370/370 541/363/363 522/361/361
f 516/396/396 542/362/362 522/361/361
f 521/397/397 542/362/362 516/396/396
f 233/394/394 523/360/360 542/362/362
f 543/359/359 520/358/358 232/399/399
f 521/397/397 543/359/359 519/364/364
f 230/398/398 512/357/357 543/359/359
f 444/400/400 544/403/403 511/401/401
f 193/260/260 518/387/387 544/403/403
f 517/404/404 545/356/356 515/355/355
f 508/405/405 546/353/353 515/355/355
f 514/406/406 546/353/353 508/405/405
f 230/398/398 516/396/396 546/353/353
f 547/352/352 513/351/351 229/408/408
f 514/406/406 547/352/352 512/357/357
f 227/407/407 504/350/350 547/352/352
f 548/349/349 437/348/348 189/402/402
f 434/409/409 549/413/413 400/410/410
f 188/412/412 510/347/347 549/413/413
f 509/414/414 550/346/346 507/344/344
f 502/335/335 551/342/342 507/344/344
f 506/416/416 551/342/342 502/335/335
f 227/407/407 508/405/405 551/342/342
f 552/339/339 505/341/341 226/417/417
f 227/407/407 506/416/416 552/339/339
f 506/416/416 224/334/334 498/418/418
f 503/345/345 553/336/336 501/338/338
f 554/333/333 502/335/335 225/415/415
f 475/284/284 554/333/333 501/338/338
f 475/284/284 175/474/474 500/419/419
f 498/418/418 555/330/330 499/332/332
f 224/334/334 500/419/419 555/330/330
f 500/419/419 175/474/474 413/222/222
f 556/329/329 493/328/328 237/389/389
f 467/420/420 556/329/329 496/367/367
f 205/421/421 497/327/327 556/329/329
f 557/326/326 494/325/325 237/389/389
f 222/422/422 495/423/423 557/326/326
f 495/423/423 141/738/738 382/324/324
f 492/320/320 558/322/322 480/291/291
f 212/425/425 482/426/426 558/322/322
f 482/426/426 164/737/737 402/213/213
f 559/321/321 481/293/293 207/443/443
f 179/739/739 415/427/427 559/321/321
f 212/425/425 492/320/320 559/321/321
f 560/319/319 463/318/318 221/428/428
f 203/430/430 461/271/271 560/319/319
f 461/271/271 199/458/458 490/317/317
f 457/269/269 561/314/314 489/316/316
f 220/432/432 490/317/317 561/314/314
f 490/317/317 199/458/458 452/433/433
f 562/313/313 450/312/312 219/431/431
f 447/434/434 562/313/313 489/316/316
f 192/435/435 488/311/311 562/313/313
f 440/252/252 563/308/308 487/310/310
f 218/251/251 488/311/311 563/308/308
f 192/435/435 443/254/254 563/308/308
f 564/307/307 430/306/306 217/436/436
f 436/247/247 564/307/307 487/310/310
f 183/437/437 486/305/305 564/307/307
f 486/305/305 565/302/302 424/304/304
f 183/437/437 433/244/244 565/302/302
f 433/244/244 166/478/478 485/439/439
f 422/232/232 566/299/299 484/301/301
f 215/303/303 485/439/439 566/299/299
f 485/439/439 166/478/478 395/440/440
f 419/230/230 567/296/296 483/298/298
f 214/229/229 484/301/301 567/296/296
f 484/301/301 165/300/300 393/441/441
f 483/298/298 568/442/442 416/227/227
f 163/297/297 390/207/207 568/442/442
f 207/443/443 481/293/293 569/295/295
f 570/292/292 404/218/218 171/217/217
f 210/446/446 478/288/288 570/292/292
f 478/288/288 211/424/424 480/291/291
f 211/424/424 478/288/288 571/290/290
f 477/445/445 572/286/286 472/287/287
f 171/217/217 407/221/221 572/286/286
f 407/221/221 173/220/220 476/447/447
f 573/285/285 475/284/284 208/337/337
f 476/447/447 573/285/285 470/282/282
f 173/220/220 409/283/283 573/285/285
f 575/448/448 473/289/289 210/446/446
f 471/449/449 575/448/448 472/287/287
f 469/450/450 576/280/280 470/282/282
f 465/451/451 577/277/277 466/279/279
f 206/452/452 468/453/453 577/277/277
f 468/453/453 205/421/421 467/420/420
f 463/318/318 578/274/274 464/276/276
f 220/432/432 458/268/268 578/274/274
f 458/268/268 200/456/456 462/454/454
f 456/455/455 201/636/636 200/456/456
f 579/273/273 460/272/272 202/384/384
f 454/457/457 579/273/273 459/377/377
f 199/458/458 461/271/271 579/273/273
f 580/270/270 457/269/269 219/431/431
f 455/267/267 580/270/270 451/263/263
f 200/456/456 458/268/268 580/270/270
f 445/459/459 446/256/256 190/460/460
f 452/433/433 581/264/264 449/266/266
f 199/458/458 454/457/457 581/264/264
f 198/376/376 453/373/373 581/264/264
f 450/312/312 582/262/262 451/263/263
f 218/251/251 441/462/462 582/262/262
f 441/462/462 190/460/460 446/256/256
f 447/434/434 583/259/259 442/261/261
f 197/315/315 449/266/266 583/259/259
f 449/266/266 196/265/265 448/386/386
f 439/463/463 191/461/461 190/460/460
f 584/255/255 443/254/254 192/435/435
f 444/400/400 584/255/255 442/261/261
f 189/402/402 435/253/253 584/255/255
f 431/243/243 585/250/250 440/252/252
f 438/249/249 585/250/250 431/243/243
f 190/460/460 441/462/462 585/250/250
f 429/464/464 182/235/235 184/238/238
f 586/248/248 436/247/247 187/309/309
f 437/348/348 586/248/248 435/253/253
f 188/412/412 432/246/246 586/248/248
f 432/246/246 587/245/245 433/244/244
f 434/409/409 587/245/245 432/246/246
f 168/411/411 398/210/210 587/245/245
f 430/306/306 588/242/242 431/243/243
f 216/438/438 425/236/236 588/242/242
f 425/236/236 182/235/235 429/464/464
f 426/465/465 180/378/378 181/380/380
f 424/304/304 589/234/234 425/236/236
f 215/303/303 423/231/231 589/234/234
f 423/231/231 180/378/378 426/465/465
f 590/233/233 422/232/232 214/229/229
f 421/381/381 590/233/233 420/466/466
f 180/378/378 423/231/231 590/233/233
f 417/467/467 591/228/228 419/230/230
f 178/468/468 418/469/469 591/228/228
f 418/469/469 177/382/382 420/466/466
f 593/224/224 410/223/223 176/470/470
f 58/472/472 399/473/473 593/224/224
f 399/473/473 167/331/331 413/222/222
f 409/283/283 594/740/740 410/223/223
f 408/475/475 594/740/740 409/283/283
f 405/476/476 595/219/219 407/221/221
f 403/477/477 596/216/216 404/218/218
f 169/323/323 402/213/213 597/215/215
f 400/410/410 598/741/741 397/211/211
f 395/440/440 600/481/481 392/479/479
f 393/441/441 601/482/482 389/208/208
f 165/300/300 392/479/479 601/482/482
f 303/483/483 603/206/206 387/205/205
f 121/485/485 388/486/486 603/206/206
f 388/486/486 116/580/580 297/204/204
f 159/484/484 387/205/205 604/203/203
f 112/488/488 292/99/99 604/203/203
f 605/489/489 386/202/202 110/490/490
f 371/491/491 605/489/489 288/94/94
f 606/201/201 378/200/200 158/501/501
f 161/492/492 381/197/197 606/201/201
f 607/199/199 384/198/198 160/113/113
f 377/193/193 607/199/199 373/494/494
f 157/496/496 381/197/197 607/199/199
f 608/497/497 376/505/505 156/495/495
f 383/498/498 608/497/497 373/494/494
f 367/499/499 609/196/196 370/195/195
f 158/501/501 378/200/200 609/196/196
f 157/496/496 374/192/192 609/196/196
f 610/194/194 377/193/193 156/495/495
f 369/185/185 610/194/194 365/502/502
f 153/504/504 374/192/192 610/194/194
f 365/502/502 611/191/191 368/190/190
f 376/505/505 611/191/191 365/502/502
f 155/506/506 372/189/189 611/191/191
f 612/507/507 371/491/491 107/93/93
f 363/509/509 612/507/507 285/508/508
f 358/511/511 613/188/188 361/187/187
f 370/195/195 613/188/188 358/511/511
f 153/504/504 366/184/184 613/188/188
f 614/186/186 369/185/185 152/503/503
f 360/174/174 614/186/186 356/513/513
f 149/173/173 366/184/184 614/186/186
f 356/513/513 615/183/183 359/182/182
f 152/503/503 368/190/190 615/183/183
f 151/515/515 364/181/181 615/183/183
f 104/510/510 279/178/178 616/180/180
f 617/516/516 362/179/179 103/517/517
f 248/519/519 617/516/516 277/518/518
f 351/521/521 618/177/177 354/176/176
f 150/512/512 361/187/187 618/177/177
f 149/173/173 357/175/175 618/177/177
f 619/172/172 360/174/174 148/514/514
f 353/524/524 619/172/172 349/523/523
f 353/524/524 145/528/528 357/175/175
f 349/523/523 620/169/169 352/171/171
f 148/514/514 359/182/182 620/169/169
f 359/182/182 147/736/736 355/525/525
f 345/526/526 621/166/166 306/168/168
f 146/522/522 354/176/176 621/166/166
f 145/528/528 350/530/530 621/166/166
f 313/121/121 622/163/163 304/165/165
f 350/530/530 622/163/163 313/121/121
f 145/528/528 353/524/524 622/163/163
f 304/165/165 623/161/161 262/63/63
f 144/164/164 352/171/171 623/161/161
f 352/171/171 143/170/170 348/531/531
f 624/160/160 347/159/159 120/532/532
f 384/198/198 624/160/160 380/114/114
f 161/492/492 344/158/158 624/160/160
f 142/533/533 344/158/158 625/534/534
f 344/158/158 161/492/492 385/493/493
f 324/536/536 626/156/156 251/53/53
f 131/537/537 343/154/154 626/156/156
f 343/154/154 129/563/563 321/128/128
f 264/538/538 627/155/155 343/154/154
f 299/105/105 628/152/152 296/153/153
f 117/540/540 302/541/541 628/152/152
f 302/541/541 140/576/576 342/542/542
f 629/151/151 291/150/150 113/539/539
f 341/543/543 629/151/151 296/153/153
f 138/544/544 290/149/149 629/151/151
f 287/545/545 630/147/147 283/148/148
f 111/547/547 290/149/149 630/147/147
f 290/149/149 138/544/544 340/548/548
f 631/145/145 282/89/89 106/546/546
f 339/549/549 631/145/145 283/148/148
f 339/549/549 136/742/742 274/550/550
f 632/144/144 270/143/143 99/551/551
f 274/550/550 632/144/144 275/83/83
f 274/550/550 136/742/742 338/142/142
f 272/552/552 633/141/141 269/140/140
f 99/551/551 270/143/143 633/141/141
f 270/143/143 135/588/588 337/139/139
f 269/140/140 634/136/136 246/138/138
f 134/553/553 336/71/71 634/136/136
f 336/71/71 133/69/69 266/554/554
f 266/554/554 635/133/133 243/135/135
f 335/555/555 635/133/133 266/554/554
f 132/556/556 265/558/558 635/133/133
f 636/557/557 240/40/40 80/134/134
f 334/65/65 636/557/557 265/558/558
f 125/559/559 322/562/562 637/132/132
f 130/561/561 320/130/130 637/132/132
f 319/126/126 638/129/129 321/128/128
f 128/564/564 309/566/566 638/129/129
f 91/565/565 253/54/54 638/129/129
f 639/127/127 319/126/126 129/563/563
f 318/567/567 639/127/127 320/130/130
f 124/568/568 315/118/118 639/127/127
f 256/57/57 640/124/124 307/125/125
f 91/565/565 309/566/566 640/124/124
f 309/566/566 128/564/564 317/570/570
f 641/123/123 259/122/122 92/569/569
f 316/571/571 641/123/123 307/125/125
f 126/167/167 313/121/121 641/123/123
f 642/120/120 310/119/119 122/572/572
f 317/570/570 642/120/120 314/117/117
f 128/564/564 315/118/118 642/120/120
f 308/573/573 643/115/115 314/117/117
f 123/527/527 306/168/168 643/115/115
f 306/168/168 126/167/167 316/571/571
f 305/574/574 644/112/112 380/114/114
f 332/103/103 645/109/109 301/111/111
f 342/542/542 645/109/109 332/103/103
f 140/576/576 333/735/735 645/109/109
f 115/577/577 114/575/575 301/111/111
f 293/579/579 646/106/106 299/105/105
f 297/204/204 646/106/106 293/579/579
f 116/580/580 298/104/104 646/106/106
f 647/101/101 332/103/103 114/575/575
f 331/581/581 647/101/101 294/107/107
f 138/544/544 341/543/543 647/101/101
f 114/575/575 115/577/577 295/582/582
f 648/100/100 292/99/99 112/488/488
f 113/539/539 291/150/150 648/100/100
f 291/150/150 111/547/547 289/98/98
f 330/88/88 649/95/95 286/97/97
f 340/548/548 649/95/95 330/88/88
f 138/544/544 331/581/581 649/95/95
f 289/98/98 650/92/92 288/94/94
f 111/547/547 287/545/545 650/92/92
f 287/545/545 106/546/546 284/584/584
f 651/91/91 278/90/90 104/510/510
f 284/584/584 651/91/91 285/508/508
f 106/546/546 282/89/89 651/91/91
f 652/86/86 330/88/88 105/583/583
f 329/586/586 652/86/86 280/585/585
f 329/586/586 136/742/742 339/549/549
f 653/85/85 276/84/84 103/517/517
f 278/90/90 653/85/85 279/178/178
f 102/146/146 275/83/83 653/85/85
f 654/81/81 249/49/49 88/520/520
f 276/84/84 654/81/81 277/518/518
f 276/84/84 99/551/551 272/552/552
f 328/587/587 655/78/78 273/80/80
f 135/588/588 338/142/142 655/78/78
f 338/142/142 136/742/742 329/586/586
f 100/77/77 98/75/75 273/80/80
f 327/72/72 656/74/74 271/76/76
f 134/553/553 337/139/139 656/74/74
f 657/73/73 327/72/72 97/589/589
f 326/70/70 657/73/73 267/590/590
f 133/69/69 336/71/71 657/73/73
f 325/66/66 132/556/556 335/555/555
f 247/592/592 660/64/64 262/63/63
f 94/593/593 260/60/60 660/64/64
f 661/62/62 261/61/61 53/595/595
f 259/122/122 661/62/62 257/58/58
f 93/529/529 260/60/60 661/62/62
f 258/596/596 662/59/59 257/58/58
f 52/597/597 254/55/55 662/59/59
f 254/55/55 91/565/565 256/57/57
f 255/598/598 663/56/56 254/55/55
f 90/599/599 252/600/600 663/56/56
f 252/600/600 89/157/157 253/54/54
f 252/600/600 664/51/51 251/53/53
f 90/599/599 64/602/602 664/51/51
f 78/601/601 241/734/734 664/51/51
f 250/48/48 665/604/604 248/519/519
f 87/603/603 63/743/743 665/604/604
f 84/46/46 62/605/605 666/50/50
f 62/605/605 87/603/603 250/48/48
f 242/43/43 667/606/606 246/138/138
f 243/135/135 668/44/44 242/43/43
f 80/134/134 239/39/39 668/44/44
f 135/588/588 328/587/587 656/74/74
f 684/611/611 674/744/744 683/612/612
f 692/617/617 699/745/745 693/618/618
f 680/619/619 691/620/620 700/622/622
f 701/613/613 683/612/612 705/627/627
f 300/578/578 301/111/111 118/110/110
f 184/238/238 427/237/237 686/746/746
f 186/241/241 428/240/240 687/639/639
f 439/463/463 688/747/747 677/632/632
f 195/257/257 445/459/459 689/633/633
f 456/455/455 690/640/640 679/635/635
f 96/631/631 673/630/630 682/637/637
f 445/459/459 191/461/461 677/632/632
f 195/257/257 678/634/634 690/640/640
f 671/641/641 263/638/638 682/637/637
f 731/649/649 725/651/651 718/716/716
f 730/643/643 720/719/719 728/644/644
f 734/646/646 724/715/715 716/647/647
f 731/649/649 738/653/653 717/650/650
f 735/748/748 736/749/749 719/717/750
f 771/654/654 772/681/681 784/655/655
f 799/657/657 770/691/691 780/658/658
f 764/660/660 767/689/689 791/661/661
f 781/672/672 765/674/674 794/707/707
f 807/663/663 773/695/695 763/664/664
f 776/666/666 777/700/700 790/667/667
f 775/669/669 776/666/666 803/668/668
f 802/671/671 768/688/688 775/669/669
f 781/672/672 754/724/724 753/673/673
f 778/675/675 769/692/692 788/676/676
f 798/678/678 774/697/697 766/679/679
f 772/681/681 774/697/697 798/678/678
f 745/682/682 744/726/726 779/683/683
f 714/684/684 744/726/726 745/682/682
f 763/664/664 752/703/703 761/686/686
f 750/687/687 759/701/701 768/688/688
f 748/690/690 757/702/702 770/691/691
f 755/693/693 746/696/696 772/681/681
f 765/674/674 753/673/673 762/694/694
f 761/686/686 750/687/687 767/689/689
f 746/696/696 756/704/704 774/697/697
f 751/698/698 760/750/751 776/666/666
f 749/699/699 758/706/706 778/675/675
f 759/701/701 751/698/698 775/669/669
f 757/702/702 747/705/705 780/658/658
f 773/695/695 762/694/694 752/703/703
f 756/704/704 745/682/682 766/679/679
f 776/666/666 760/750/751 749/699/699
f 747/705/705 755/693/693 771/654/654
f 758/706/706 748/690/690 769/692/692
f 777/700/700 778/675/675 801/677/677
f 791/661/661 767/689/689 768/688/688
f 765/674/674 773/695/695 807/663/663
f 769/692/692 770/691/691 799/657/657
f 763/664/664 764/660/660 805/662/662
f 786/659/659 780/658/658 771/654/654
f 766/679/679 779/683/683 782/708/708
f 802/671/671 712/713/713 706/709/709
f 713/710/710 707/751/752 792/670/670
f 804/711/711 708/714/714 793/665/665
f 806/712/712 795/752/753 794/707/707
f 792/670/670 707/751/752 712/713/713
f 706/709/709 804/711/711 805/662/662
f 708/714/714 806/712/712 807/663/663
f 724/715/715 756/704/704 746/696/696
f 725/651/651 757/702/702 748/690/690
f 719/717/717 726/721/721 758/706/706
f 727/718/718 759/701/701 750/687/687
f 716/647/647 746/696/696 755/693/693
f 715/685/685 745/682/682 756/704/704
f 717/650/650 747/705/705 757/702/702
f 718/716/716 748/690/690 758/706/706
f 721/722/722 751/698/698 759/701/701
f 719/717/717 749/699/699 760/750/751
f 720/719/719 750/687/687 761/686/686
f 723/723/723 722/720/720 753/673/673
f 737/725/725 779/683/683 744/726/726
f 723/723/723 754/724/724 781/672/672
f 740/731/731 782/708/708 779/683/683
f 742/728/754 739/727/727 781/672/672
f 892/753/755 893/754/756 888/755/757
f 910/756/758 906/757/759 903/758/760
f 902/759/761 898/760/762 901/761/763
f 904/762/764 908/763/765 909/764/766
f 908/763/765 913/765/767 909/764/766
f 918/766/768 923/767/769 919/768/770
f 917/769/771 921/770/772 916/771/773
f 919/768/770 928/772/774 924/773/775
f 889/774/776 886/775/777 885/776/778
f 890/777/779 887/778/780 886/775/777
f 888/755/757 883/779/781 892/753/755
f 881/780/782 886/775/777 880/781/783
f 930/782/784 926/783/785 925/784/786
f 937/785/787 941/786/788 936/787/789
f 938/788/790 939/789/791 943/790/792
f 943/790/792 948/791/793 944/792/794
f 945/793/795 941/786/788 942/794/796
f 944/792/794 953/795/797 949/796/798
f 923/767/769 927/797/799 928/772/774
f 933/798/800 927/797/799 932/799/801
f 939/789/791 935/800/802 940/801/803
f 948/791/793 940/801/803 947/802/804
f 896/803/805 892/753/755 891/804/806
f 884/805/807 878/806/808 883/779/781
f 878/806/808 887/778/780 883/779/781
f 877/807/809 868/808/810 873/809/811
f 864/810/812 858/811/813 863/812/814
f 882/813/815 873/809/811 878/806/808
f 873/809/811 879/814/816 878/806/808
f 880/781/783 876/815/817 881/780/782
f 875/816/818 871/817/819 876/815/817
f 861/818/820 866/819/821 860/820/822
f 879/814/816 886/775/777 887/778/780
f 853/821/823 859/822/824 858/811/813
f 852/823/825 843/824/826 848/825/827
f 857/826/828 848/825/827 853/821/823
f 862/827/829 853/821/823 858/811/813
f 848/825/827 854/828/830 853/821/823
f 850/829/831 856/830/832 855/831/833
f 860/820/822 854/828/830 855/831/833
f 845/832/834 851/833/835 850/829/831
f 846/834/836 841/835/837 840/836/838
f 840/836/838 836/837/839 835/838/840
f 839/839/841 833/840/842 838/841/843
f 825/842/844 831/843/845 830/844/846
f 834/845/847 828/846/848 833/840/842
f 830/844/846 835/838/840 836/837/839
f 842/847/849 833/840/842 837/848/850
f 822/849/851 808/850/852 818/851/853
f 808/850/852 814/852/854 813/853/855
f 811/854/856 816/855/857 815/856/858
f 823/857/859 829/858/860 828/846/848
f 828/846/848 837/848/850 833/840/842
f 820/859/861 826/860/862 825/842/844
f 816/855/857 812/861/863 817/862/864
f 954/863/865 949/796/798 953/795/797
f 957/864/866 961/865/867 958/866/868
f 956/867/869 951/868/870 950/869/871
f 959/870/872 958/866/868 961/865/867
f 951/868/870 958/866/868 952/871/873
f 946/872/874 952/871/873 947/802/804
f 867/873/875 858/811/813 859/822/824
f 812/861/863 813/853/855 817/862/864
f 824/874/876 830/844/846 829/858/860
f 829/858/860 836/837/839 837/848/850
f 841/835/837 837/848/850 836/837/839
f 860/820/822 867/873/875 859/822/824
f 895/875/877 891/804/806 890/777/779
f 922/876/878 926/783/785 927/797/799
f 926/783/785 932/799/801 927/797/799
f 940/801/803 936/787/789 941/786/788
f 941/786/788 947/802/804 940/801/803
f 819/877/879 808/850/852 812/861/863
f 820/859/861 812/861/863 810/878/880
f 821/879/881 810/878/880 811/854/856
f 824/874/876 818/851/853 819/877/879
f 825/842/844 819/877/879 820/859/861
f 823/857/859 822/849/851 818/851/853
f 823/857/859 832/880/882 827/881/883
f 842/847/849 845/832/834 844/882/884
f 838/841/843 844/882/884 843/824/826
f 838/841/843 847/883/885 839/839/841
f 849/884/886 843/824/826 844/882/884
f 850/829/831 844/882/884 845/832/834
f 855/831/833 849/884/886 850/829/831
f 861/818/820 855/831/833 856/830/832
f 868/808/810 867/873/875 869/885/887
f 866/819/821 869/885/887 867/873/875
f 865/886/888 870/887/889 866/819/821
f 863/812/814 872/888/890 864/810/812
f 873/809/811 869/885/887 874/889/891
f 874/889/891 870/887/889 875/816/818
f 880/781/783 874/889/891 875/816/818
f 883/779/781 891/804/806 892/753/755
f 890/777/779 894/890/892 895/875/877
f 900/891/893 905/892/894 904/762/764
f 911/893/895 910/756/758 914/894/896
f 912/895/897 916/771/773 913/765/767
f 915/896/898 911/893/895 914/894/896
f 920/897/899 926/783/785 921/770/772
f 924/773/775 933/798/800 929/898/900
f 946/872/874 950/869/871 951/868/870
f 953/795/797 947/802/804 952/871/873
f 954/863/865 952/871/873 958/866/868
f 959/870/872 955/899/901 954/863/865
f 817/862/864 960/900/902 816/855/857
f 813/853/855 961/865/867 817/862/864
f 1392/901/903 1017/902/904 966/903/905
f 1059/904/906 966/903/905 1017/902/904
f 1059/904/906 970/905/907 968/906/908
f 1058/907/909 972/908/910 970/905/907
f 1311/909/911 973/910/912 975/911/913
f 1076/912/914 976/913/915 974/914/916
f 1075/915/917 978/916/918 976/913/915
f 1077/917/919 980/918/920 978/916/918
f 1318/919/921 985/920/922 1317/921/923
f 1317/921/923 987/922/924 1316/923/925
f 1316/923/925 989/924/926 1314/925/927
f 1314/925/927 991/926/928 1191/927/929
f 1086/928/930 990/929/931 1085/930/932
f 1174/931/933 993/932/934 995/933/935
f 1173/934/936 995/933/935 997/935/937
f 1394/936/938 998/937/939 1393/938/940
f 1102/939/941 1018/940/942 1014/941/943
f 1022/942/944 1019/943/945 1100/944/946
f 1104/945/947 1024/946/948 1022/942/944
f 1028/947/949 1025/948/950 1105/949/951
f 1053/950/952 1027/951/953 1029/952/954
f 1034/953/955 1031/954/956 1107/955/957
f 1109/956/958 1035/957/959 1034/953/955
f 1110/958/960 1037/959/961 1109/956/958
f 1111/960/962 1039/961/963 1037/959/961
f 1112/962/964 1040/963/965 1111/960/962
f 1040/963/965 1042/964/966 1041/965/967
f 1113/966/968 1115/967/969 1042/964/966
f 1045/968/970 1043/969/971 1066/970/972
f 1041/965/967 1039/961/963 1040/963/965
f 1038/971/973 1044/972/974 1045/968/970
f 1039/961/963 1035/957/959 1037/959/961
f 1047/973/975 1035/957/959 1038/971/973
f 1034/953/955 1036/974/976 1033/975/977
f 1032/976/978 1036/974/976 1049/977/979
f 1030/978/980 1033/975/977 1032/976/978
f 1029/952/954 1032/976/978 1051/979/981
f 1054/980/982 1026/981/983 1053/950/952
f 1061/982/984 1055/983/985 1054/980/982
f 1025/948/950 1026/981/983 1024/946/948
f 1055/983/985 1024/946/948 1026/981/983
f 1022/942/944 1023/984/986 1021/985/987
f 1057/986/988 1021/985/987 1023/984/986
f 1019/943/945 1020/987/989 1018/940/942
f 1017/902/904 1020/987/989 1059/904/906
f 1020/987/989 1058/907/909 1059/904/906
f 1023/984/986 1056/988/990 1057/986/988
f 1076/912/914 1056/988/990 1061/982/984
f 1029/952/954 1052/989/991 1053/950/952
f 1049/977/979 1051/979/981 1032/976/978
f 1047/973/975 1049/977/979 1036/974/976
f 1038/971/973 1046/990/992 1047/973/975
f 1045/968/970 1067/991/993 1046/990/992
f 1047/973/975 1065/992/994 1048/993/995
f 1064/994/996 1065/992/994 1068/995/997
f 1050/996/998 1048/993/995 1064/994/996
f 1063/997/999 1064/994/996 1070/998/1000
f 1052/989/991 1050/996/998 1063/997/999
f 1072/999/1001 1052/989/991 1063/997/999
f 1053/950/952 1062/1000/1002 1054/980/982
f 1074/1001/1003 1054/980/982 1062/1000/1002
f 974/914/916 1060/1002/1004 1076/912/914
f 972/908/910 975/911/913 973/910/912
f 1061/982/984 1075/915/917 1076/912/914
f 1062/1000/1002 1073/1003/1005 1074/1001/1003
f 1070/998/1000 1072/999/1001 1063/997/999
f 1064/994/996 1069/1004/1006 1070/998/1000
f 1071/1005/1007 1069/1004/1006 1079/1006/1008
f 1072/999/1001 1078/1007/1009 1073/1003/1005
f 1080/1008/1010 1073/1003/1005 1078/1007/1009
f 1074/1001/1003 1077/917/919 1075/915/917
f 1057/986/988 1060/1002/1004 1058/907/909
f 1121/1009/1011 1085/930/932 1120/1010/1012
f 999/1011/1013 996/1012/1014 998/937/939
f 998/937/939 1000/1013/1015 1393/938/940
f 1091/1014/1016 1089/1015/1017 1090/1016/1018
f 1090/1016/1018 1092/1017/1019 1091/1014/1016
f 1124/1018/1020 1093/1019/1021 1092/1017/1019
f 1094/1020/1022 1006/1021/1023 1005/1022/1024
f 1126/1023/1025 1095/1024/1026 1094/1020/1022
f 1127/1025/1027 1096/1026/1028 1095/1024/1026
f 1128/1027/1029 1097/1028/1030 1096/1026/1028
f 1130/1029/1031 1098/1030/1032 1097/1028/1030
f 1132/1031/1033 1099/1032/1034 1098/1030/1032
f 1103/1033/1035 1101/1034/1036 1099/1032/1034
f 1101/1034/1036 1019/943/945 1102/939/941
f 1100/944/946 1104/945/947 1022/942/944
f 1131/1035/1037 1103/1033/1035 1132/1031/1033
f 1104/945/947 1105/949/951 1025/948/950
f 1131/1035/1037 1133/1036/1038 1105/949/951
f 1105/949/951 1106/1037/1039 1028/947/949
f 1133/1036/1038 1135/1038/1040 1106/1037/1039
f 1030/978/980 1027/951/953 1028/947/949
f 1031/954/956 1028/947/949 1106/1037/1039
f 1108/1039/1041 1034/953/955 1107/955/957
f 1137/1040/1042 1109/956/958 1108/1039/1041
f 1138/1041/1043 1111/960/962 1110/958/960
f 1140/1042/1044 1113/966/968 1112/962/964
f 1117/1043/1045 1115/967/969 1114/1044/1046
f 1152/1045/1047 1137/1040/1042 1151/1046/1048
f 1081/1047/1049 984/1048/1050 982/1049/1051
f 1083/1050/1052 984/1048/1050 1082/1051/1053
f 1084/1052/1054 986/1053/1055 1083/1050/1052
f 1085/930/932 988/1054/1056 1084/1052/1054
f 1142/1055/1057 1120/1010/1012 1141/1056/1058
f 1087/1057/1059 992/1058/1060 1086/928/930
f 1088/1059/1061 994/1060/1062 1087/1057/1059
f 1089/1015/1017 996/1012/1014 1088/1059/1061
f 1123/1061/1063 1089/1015/1017 1088/1059/1061
f 1090/1016/1018 1144/1062/1064 1124/1018/1020
f 1124/1018/1020 1145/1063/1065 1125/1064/1066
f 1125/1064/1066 1094/1020/1022 1093/1019/1021
f 1126/1023/1025 1149/1065/1067 1127/1025/1027
f 1149/1065/1067 1128/1027/1029 1127/1025/1027
f 1150/1066/1068 1130/1029/1031 1128/1027/1029
f 1129/1067/1069 1132/1031/1033 1130/1029/1031
f 1134/1068/1070 1129/1067/1069 1150/1066/1068
f 1134/1068/1070 1136/1069/1071 1135/1038/1040
f 1146/1070/1072 1136/1069/1071 1148/1071/1073
f 1106/1037/1039 1107/955/957 1031/954/956
f 1108/1039/1041 1135/1038/1040 1136/1069/1071
f 1153/1072/1074 1110/958/960 1137/1040/1042
f 1141/1056/1058 1138/1041/1043 1153/1072/1074
f 1139/1073/1075 1112/962/964 1138/1041/1043
f 1139/1073/1075 1118/1074/1076 1140/1042/1044
f 1118/1074/1076 1114/1044/1046 1140/1042/1044
f 1116/1075/1077 1082/1051/1053 1081/1047/1049
f 1118/1074/1076 1082/1051/1053 1117/1043/1045
f 1119/1076/1078 1083/1050/1052 1118/1074/1076
f 1153/1072/1074 1142/1055/1057 1141/1056/1058
f 1122/1077/1079 1086/928/930 1121/1009/1011
f 1122/1077/1079 1088/1059/1061 1087/1057/1059
f 1144/1062/1064 1122/1077/1079 1143/1078/1080
f 1144/1062/1064 1154/1079/1081 1145/1063/1065
f 1125/1064/1066 1147/1080/1082 1126/1023/1025
f 1147/1080/1082 1148/1071/1073 1149/1065/1067
f 1148/1071/1073 1150/1066/1068 1149/1065/1067
f 1154/1079/1081 1151/1046/1048 1146/1070/1072
f 1108/1039/1041 1151/1046/1048 1137/1040/1042
f 1141/1056/1058 1119/1076/1078 1139/1073/1075
f 1152/1045/1047 1143/1078/1080 1142/1055/1057
f 1143/1078/1080 1121/1009/1011 1142/1055/1057
f 1145/1063/1065 1146/1070/1072 1147/1080/1082
f 1014/941/943 1017/902/904 1015/1081/1083
f 1169/1082/1084 1172/1083/1085 1171/1084/1086
f 1195/1085/1087 1173/934/936 1172/1083/1085
f 1173/934/936 1193/1086/1088 1174/931/933
f 1174/931/933 1192/1087/1089 1175/1088/1090
f 1189/1089/1091 1191/927/929 1190/1090/1092
f 1314/925/927 1315/1091/1093 1316/923/925
f 1316/923/925 1323/1092/1094 1317/921/923
f 1317/921/923 1324/1093/1095 1318/919/921
f 1207/1094/1096 1446/1095/1097 1176/1096/1098
f 1179/1097/1099 1181/1098/1100 1204/1099/1101
f 1181/1098/1100 1183/1100/1102 1203/1101/1103
f 1185/1102/1104 1182/1103/1105 1184/1104/1106
f 1183/1100/1102 1187/1105/1107 1202/1106/1108
f 1188/1107/1109 1185/1102/1104 1186/1108/1110
f 1200/1109/1111 1187/1105/1107 1188/1107/1109
f 1190/1090/1092 1188/1107/1109 1189/1089/1091
f 1191/927/929 993/932/934 1175/1088/1090
f 1199/1110/1112 1193/1086/1088 1198/1111/1113
f 1198/1111/1113 1194/1112/1114 1197/1113/1115
f 1196/1114/1116 1194/1112/1114 1195/1085/1087
f 1234/1115/1117 1196/1114/1116 1230/1116/1118
f 1236/1117/1119 1197/1113/1115 1234/1115/1117
f 1238/1118/1120 1198/1111/1113 1236/1117/1119
f 1175/1088/1090 1190/1090/1092 1191/927/929
f 1201/1119/1121 1202/1106/1108 1187/1105/1107
f 1239/1120/1122 1241/1121/1123 1202/1106/1108
f 1202/1106/1108 1203/1101/1103 1183/1100/1102
f 1241/1121/1123 1243/1122/1124 1203/1101/1103
f 1203/1101/1103 1204/1099/1101 1181/1098/1100
f 1244/1123/1125 1204/1099/1101 1243/1122/1124
f 1245/1124/1126 1179/1097/1099 1204/1099/1101
f 1246/1125/1127 1205/1126/1128 1245/1124/1126
f 1177/1127/1129 1180/1128/1130 1179/1097/1099
f 1176/1096/1098 1179/1097/1099 1205/1126/1128
f 1449/1129/1131 1208/1130/1132 1250/1131/1133
f 1448/1132/1134 1207/1094/1096 1208/1130/1132
f 978/916/918 981/1133/1135 979/1134/1136
f 976/913/915 979/1134/1136 977/1135/1137
f 974/914/916 977/1135/1137 975/911/913
f 1300/1136/1138 1310/1137/1139 1311/909/911
f 970/905/907 973/910/912 971/1138/1140
f 968/906/908 971/1138/1140 969/1139/1141
f 966/903/905 969/1139/1141 967/1140/1142
f 966/903/905 1391/1141/1143 1392/901/903
f 967/1140/1142 1212/1142/1144 1391/1141/1143
f 1211/1143/1145 1214/1144/1146 1212/1142/1144
f 1213/1145/1147 1215/1146/1148 1214/1144/1146
f 1215/1146/1148 1216/1147/1149 1217/1148/1150
f 1217/1148/1150 1218/1149/1151 1219/1150/1152
f 1218/1149/1151 1220/1151/1153 1219/1150/1152
f 1287/1152/1154 1221/1153/1155 1220/1151/1153
f 1285/1154/1156 1223/1155/1157 1221/1153/1155
f 1222/1156/1158 1225/1157/1159 1223/1155/1157
f 1224/1158/1160 1227/1159/1161 1225/1157/1159
f 1226/1160/1162 1229/1161/1163 1227/1159/1161
f 1228/1162/1164 1231/1163/1165 1229/1161/1163
f 1231/1163/1165 1196/1114/1116 1232/1164/1166
f 1228/1162/1164 1261/1165/1167 1233/1166/1168
f 1230/1116/1118 1233/1166/1168 1234/1115/1117
f 1233/1166/1168 1260/1167/1169 1235/1168/1170
f 1234/1115/1117 1235/1168/1170 1236/1117/1119
f 1235/1168/1170 1259/1169/1171 1237/1170/1172
f 1236/1117/1119 1237/1170/1172 1238/1118/1120
f 1201/1119/1121 1199/1110/1112 1238/1118/1120
f 1200/1109/1111 1192/1087/1089 1199/1110/1112
f 1242/1171/1173 1240/1172/1174 1258/1173/1175
f 1257/1174/1176 1243/1122/1124 1242/1171/1173
f 1254/1175/1177 1245/1124/1126 1244/1123/1125
f 1247/1176/1178 1206/1177/1179 1246/1125/1127
f 1253/1178/1180 1248/1179/1181 1247/1176/1178
f 1176/1096/1098 1206/1177/1179 1207/1094/1096
f 1248/1179/1181 1207/1094/1096 1206/1177/1179
f 1450/1180/1182 1250/1131/1133 1251/1181/1183
f 1208/1130/1132 1249/1182/1184 1250/1131/1133
f 1273/1183/1185 1249/1182/1184 1253/1178/1180
f 1271/1184/1186 1247/1176/1178 1255/1185/1187
f 1246/1125/1127 1255/1185/1187 1247/1176/1178
f 1269/1186/1188 1254/1175/1177 1256/1187/1189
f 1244/1123/1125 1256/1187/1189 1254/1175/1177
f 1267/1188/1190 1257/1174/1176 1266/1189/1191
f 1242/1171/1173 1266/1189/1191 1257/1174/1176
f 1240/1172/1174 1237/1170/1172 1259/1169/1171
f 1239/1120/1122 1238/1118/1120 1237/1170/1172
f 1264/1190/1192 1260/1167/1169 1263/1191/1193
f 1263/1191/1193 1261/1165/1167 1262/1192/1194
f 1226/1160/1162 1262/1192/1194 1261/1165/1167
f 1284/1193/1195 1224/1158/1160 1222/1156/1158
f 1282/1194/1196 1262/1192/1194 1284/1193/1195
f 1265/1195/1197 1263/1191/1193 1282/1194/1196
f 1259/1169/1171 1258/1173/1175 1240/1172/1174
f 1268/1196/1198 1256/1187/1189 1267/1188/1190
f 1279/1197/1199 1269/1186/1188 1268/1196/1198
f 1270/1198/1200 1255/1185/1187 1269/1186/1188
f 1278/1199/1201 1271/1184/1186 1270/1198/1200
f 1272/1200/1202 1253/1178/1180 1271/1184/1186
f 1277/1201/1203 1273/1183/1185 1272/1200/1202
f 1274/1202/1204 1252/1203/1205 1273/1183/1185
f 1276/1204/1206 1275/1205/1207 1274/1202/1204
f 1250/1131/1133 1252/1203/1205 1251/1181/1183
f 1275/1205/1207 1251/1181/1183 1252/1203/1205
f 1297/1206/1208 1274/1202/1204 1277/1201/1203
f 1295/1207/1209 1272/1200/1202 1278/1199/1201
f 1293/1208/1210 1270/1198/1200 1279/1197/1199
f 1267/1188/1190 1265/1195/1197 1280/1209/1211
f 1266/1189/1191 1264/1190/1192 1265/1195/1197
f 1281/1210/1212 1283/1211/1213 1289/1212/1214
f 1282/1194/1196 1280/1209/1211 1265/1195/1197
f 1289/1212/1214 1286/1213/1215 1288/1214/1216
f 1284/1193/1195 1283/1211/1213 1282/1194/1196
f 1285/1154/1156 1288/1214/1216 1286/1213/1215
f 1222/1156/1158 1286/1213/1215 1284/1193/1195
f 1218/1149/1151 1288/1214/1216 1287/1152/1154
f 1303/1215/1217 1289/1212/1214 1288/1214/1216
f 1290/1216/1218 1281/1210/1212 1289/1212/1214
f 1302/1217/1219 1291/1218/1220 1290/1216/1218
f 1267/1188/1190 1281/1210/1212 1268/1196/1198
f 1291/1218/1220 1268/1196/1198 1281/1210/1212
f 1294/1219/1221 1278/1199/1201 1293/1208/1210
f 1300/1136/1138 1295/1207/1209 1294/1219/1221
f 1296/1220/1222 1277/1201/1203 1295/1207/1209
f 1209/1221/1223 1297/1206/1208 1296/1220/1222
f 1298/1222/1224 1276/1204/1206 1297/1206/1208
f 979/1134/1136 1299/1223/1225 1298/1222/1224
f 977/1135/1137 1298/1222/1224 1209/1221/1223
f 1311/909/911 1296/1220/1222 1300/1136/1138
f 1279/1197/1199 1292/1224/1226 1293/1208/1210
f 1307/1225/1227 1292/1224/1226 1302/1217/1219
f 1306/1226/1228 1290/1216/1218 1303/1215/1217
f 1305/1227/1229 1302/1217/1219 1306/1226/1228
f 1216/1147/1149 1303/1215/1217 1218/1149/1151
f 1304/1228/1230 1306/1226/1228 1216/1147/1149
f 1213/1145/1147 1305/1227/1229 1304/1228/1230
f 1312/1229/1231 1307/1225/1227 1305/1227/1229
f 1308/1230/1232 1301/1231/1233 1307/1225/1227
f 1210/1232/1234 1309/1233/1235 1308/1230/1232
f 1293/1208/1210 1301/1231/1233 1294/1219/1221
f 1309/1233/1235 1294/1219/1221 1301/1231/1233
f 975/911/913 1209/1221/1223 1311/909/911
f 971/1138/1140 1310/1137/1139 1210/1232/1234
f 1313/1234/1236 1308/1230/1232 1312/1229/1231
f 1211/1143/1145 1312/1229/1231 1213/1145/1147
f 969/1139/1141 1211/1143/1145 967/1140/1142
f 969/1139/1141 1210/1232/1234 1313/1234/1236
f 1232/1164/1166 1195/1085/1087 1169/1082/1084
f 1186/1108/1110 1189/1089/1091 1188/1107/1109
f 1315/1091/1093 1322/1235/1237 1323/1092/1094
f 1323/1092/1094 1321/1236/1238 1324/1093/1095
f 1176/1096/1098 1445/1237/1239 1177/1127/1129
f 1182/1103/1105 1180/1128/1130 1319/1238/1240
f 1184/1104/1106 1319/1238/1240 1320/1239/1241
f 1184/1104/1106 1186/1108/1110 1185/1102/1104
f 1322/1235/1237 1320/1239/1241 1321/1236/1238
f 962/1240/1242 1387/1241/1243 1388/1242/1244
f 965/1243/1245 1371/1244/1246 1372/1245/1247
f 963/1246/1248 1386/1247/1249 1387/1241/1243
f 1001/1248/1250 1385/1249/1251 1386/1247/1249
f 1002/1250/1252 1384/1251/1253 1385/1249/1251
f 1003/1252/1254 1383/1253/1255 1384/1251/1253
f 1004/1254/1256 1382/1255/1257 1383/1253/1255
f 1005/1022/1024 1381/1256/1258 1382/1255/1257
f 1007/1257/1259 1381/1256/1258 1006/1021/1023
f 1008/1258/1260 1380/1259/1261 1007/1257/1259
f 1009/1260/1262 1379/1261/1263 1008/1258/1260
f 1010/1262/1264 1378/1263/1265 1009/1260/1262
f 1011/1264/1266 1377/1265/1267 1010/1262/1264
f 1012/1266/1268 1376/1267/1269 1011/1264/1266
f 1013/1268/1270 1375/1269/1271 1012/1266/1268
f 1016/1270/1272 1374/1271/1273 1013/1268/1270
f 1016/1270/1272 1372/1245/1247 1373/1272/1274
f 964/1273/1275 1370/1274/1276 1371/1244/1246
f 1155/1275/1277 1369/1276/1278 1370/1274/1276
f 1156/1277/1279 1368/1278/1280 1369/1276/1278
f 1157/1279/1281 1367/1280/1282 1368/1278/1280
f 1159/1281/1283 1367/1280/1282 1158/1282/1284
f 1160/1283/1285 1366/1284/1286 1159/1281/1283
f 1161/1285/1287 1365/1286/1288 1160/1283/1285
f 1162/1287/1289 1364/1288/1290 1161/1285/1287
f 1162/1287/1289 1362/1289/1291 1363/1290/1292
f 1163/1291/1293 1361/1292/1294 1362/1289/1291
f 1164/1293/1295 1360/1294/1296 1361/1292/1294
f 1166/1295/1297 1360/1294/1296 1165/1296/1298
f 1167/1297/1299 1359/1298/1300 1166/1295/1297
f 1168/1299/1301 1358/1300/1302 1167/1297/1299
f 1170/1301/1303 1390/1302/1304 1168/1299/1301
f 839/839/841 1340/1303/1305 1339/1304/1306
f 834/845/847 1339/1304/1306 1338/1305/1307
f 834/845/847 1337/1306/1308 832/880/882
f 827/881/883 1337/1306/1308 1336/1307/1309
f 822/849/851 1336/1307/1309 1335/1308/1310
f 809/1309/1311 1335/1308/1310 1334/1310/1312
f 814/852/854 1334/1310/1312 1333/1311/1313
f 955/899/901 1332/1312/1314 1331/1313/1315
f 949/796/798 1331/1313/1315 1330/1314/1316
f 949/796/798 1329/1315/1317 944/792/794
f 944/792/794 1325/1316/1318 943/790/792
f 1326/1317/1319 943/790/792 1325/1316/1318
f 929/898/900 1356/1318/1320 924/773/775
f 924/773/775 1355/1319/1321 919/768/770
f 919/768/770 1354/1320/1322 918/766/768
f 911/893/895 1354/1320/1322 1353/1321/1323
f 907/1322/1324 1353/1321/1323 1352/1323/1325
f 906/757/759 1352/1323/1325 1351/1324/1326
f 893/754/756 1347/1325/1327 888/755/757
f 888/755/757 1346/1326/1328 884/805/807
f 884/805/807 1345/1327/1329 882/813/815
f 882/813/815 1344/1328/1330 877/807/809
f 872/888/890 1344/1328/1330 1343/1329/1331
f 864/810/812 1343/1329/1331 1327/1330/1332
f 862/827/829 1327/1330/1332 1328/1331/1333
f 857/826/828 1328/1331/1333 1342/1332/1334
f 852/823/825 1342/1332/1334 1341/1333/1335
f 847/883/885 1341/1333/1335 1340/1303/1305
f 1169/1082/1084 1167/1297/1299 1232/1164/1166
f 1232/1164/1166 1166/1295/1297 1231/1163/1165
f 1229/1161/1163 1166/1295/1297 1165/1296/1298
f 1227/1159/1161 1165/1296/1298 1164/1293/1295
f 1225/1157/1159 1164/1293/1295 1163/1291/1293
f 1223/1155/1157 1163/1291/1293 1162/1287/1289
f 1221/1153/1155 1162/1287/1289 1161/1285/1287
f 1220/1151/1153 1161/1285/1287 1160/1283/1285
f 1220/1151/1153 1159/1281/1283 1219/1150/1152
f 1219/1150/1152 1158/1282/1284 1217/1148/1150
f 1217/1148/1150 1157/1279/1281 1215/1146/1148
f 1214/1144/1146 1157/1279/1281 1156/1277/1279
f 1212/1142/1144 1156/1277/1279 1155/1275/1277
f 1391/1141/1143 1155/1275/1277 964/1273/1275
f 1392/901/903 964/1273/1275 965/1243/1245
f 1015/1081/1083 965/1243/1245 1016/1270/1272
f 1015/1081/1083 1013/1268/1270 1014/941/943
f 1014/941/943 1012/1266/1268 1102/939/941
f 1102/939/941 1011/1264/1266 1101/1034/1036
f 1101/1034/1036 1010/1262/1264 1099/1032/1034
f 1099/1032/1034 1009/1260/1262 1098/1030/1032
f 1098/1030/1032 1008/1258/1260 1097/1028/1030
f 1097/1028/1030 1007/1257/1259 1096/1026/1028
f 1096/1026/1028 1006/1021/1023 1095/1024/1026
f 1177/1127/1129 1444/1334/1336 1178/1335/1337
f 1093/1019/1021 1005/1022/1024 1004/1254/1256
f 1092/1017/1019 1004/1254/1256 1003/1252/1254
f 1091/1014/1016 1003/1252/1254 1002/1250/1252
f 1000/1013/1015 1002/1250/1252 1001/1248/1250
f 1393/938/940 1001/1248/1250 963/1246/1248
f 1394/936/938 963/1246/1248 962/1240/1242
f 1171/1084/1086 1168/1299/1301 1169/1082/1084
f 1328/1331/1333 1397/1336/1338 1398/1337/1339
f 1329/1315/1317 1395/1338/1340 1325/1316/1318
f 1329/1315/1317 1400/1339/1341 1399/1340/1342
f 1331/1313/1315 1400/1339/1341 1330/1314/1316
f 1332/1312/1314 1401/1341/1343 1331/1313/1315
f 1333/1311/1313 1402/1342/1344 1332/1312/1314
f 1334/1310/1312 1403/1343/1345 1333/1311/1313
f 1335/1308/1310 1404/1344/1346 1334/1310/1312
f 1335/1308/1310 1406/1345/1347 1405/1346/1348
f 1336/1307/1309 1407/1347/1349 1406/1345/1347
f 1337/1306/1308 1408/1348/1350 1407/1347/1349
f 1338/1305/1307 1409/1349/1351 1408/1348/1350
f 1339/1304/1306 1410/1350/1352 1409/1349/1351
f 1341/1333/1335 1410/1350/1352 1340/1303/1305
f 1341/1333/1335 1412/1351/1353 1411/1352/1354
f 1342/1332/1334 1398/1337/1339 1412/1351/1353
f 1327/1330/1332 1413/1353/1355 1397/1336/1338
f 1343/1329/1331 1414/1354/1356 1413/1353/1355
f 1345/1327/1329 1414/1354/1356 1344/1328/1330
f 1346/1326/1328 1415/1355/1357 1345/1327/1329
f 1346/1326/1328 1417/1356/1358 1416/1357/1359
f 1348/1358/1360 1417/1356/1358 1347/1325/1327
f 1348/1358/1360 1419/1359/1361 1418/1360/1362
f 1349/1361/1363 1420/1362/1364 1419/1359/1361
f 1350/1363/1365 1421/1364/1366 1420/1362/1364
f 1351/1324/1326 1422/1365/1367 1421/1364/1366
f 1352/1323/1325 1423/1366/1368 1422/1365/1367
f 1353/1321/1323 1424/1367/1369 1423/1366/1368
f 1355/1319/1321 1424/1367/1369 1354/1320/1322
f 1356/1318/1320 1425/1368/1370 1355/1319/1321
f 1357/1369/1371 1426/1370/1372 1356/1318/1320
f 1383/1253/1255 956/867/869 1384/1251/1253
f 1381/1256/1258 815/856/858 1382/1255/1257
f 1380/1259/1261 811/854/856 1381/1256/1258
f 1380/1259/1261 826/860/862 821/879/881
f 1379/1261/1263 831/843/845 826/860/862
f 1378/1263/1265 835/838/840 831/843/845
f 1377/1265/1267 840/836/838 835/838/840
f 1376/1267/1269 846/834/836 840/836/838
f 1375/1269/1271 851/833/835 846/834/836
f 1374/1271/1273 856/830/832 851/833/835
f 1373/1272/1274 861/818/820 856/830/832
f 1372/1245/1247 865/886/888 861/818/820
f 1371/1244/1246 871/817/819 865/886/888
f 1370/1274/1276 876/815/817 871/817/819
f 1368/1278/1280 876/815/817 1369/1276/1278
f 1367/1280/1282 881/780/782 1368/1278/1280
f 1366/1284/1286 885/776/778 1367/1280/1282
f 1365/1286/1288 889/774/776 1366/1284/1286
f 1364/1288/1290 894/890/892 1365/1286/1288
f 1363/1290/1292 905/892/894 899/1371/1373
f 1362/1289/1291 908/763/765 905/892/894
f 1361/1292/1294 912/895/897 908/763/765
f 1360/1294/1296 917/769/771 912/895/897
f 1359/1298/1300 920/897/899 917/769/771
f 1390/1302/1304 920/897/899 1358/1300/1302
f 1389/1372/1374 925/784/786 1390/1302/1304
f 1388/1242/1244 942/794/796 937/785/787
f 1386/1247/1249 942/794/796 1387/1241/1243
f 1385/1249/1251 945/793/795 1386/1247/1249
f 1385/1249/1251 956/867/869 950/869/871
f 1900/1373/1375 1429/1374/1376 1901/1375/1377
f 1430/1376/1378 1428/1377/1379 1900/1373/1375
f 1901/1375/1377 1431/1378/1380 1941/1379/1381
f 1436/1380/1382 1437/1381/1383 1435/1382/1384
f 1437/1381/1383 1439/1383/1385 1435/1382/1384
f 1432/1384/1386 1941/1379/1381 1431/1378/1380
f 1442/1385/1387 1441/1386/1388 1443/1387/1389
f 1120/1010/1012 1084/1052/1054 1119/1076/1078
f 1453/1388/1390 1459/1389/1391 1463/1390/1392
f 1466/1391/1393 1451/1392/1394 1467/1393/1395
f 1467/1393/1395 1456/1394/1396 1470/1395/1397
f 1463/1390/1392 1457/1396/1398 1453/1388/1390
f 1462/17/1399 1472/1397/1400 1469/1398/1401
f 1467/1393/1395 1460/1399/1402 1466/1391/1393
f 1465/1400/1403 1458/1/1404 1464/1401/1405
f 1471/1402/1406 1467/1393/1395 1470/1395/1397
f 1483/1403/1407 1492/1404/1408 1491/1405/1409
f 1487/1406/1410 1473/1407/1411 1488/1408/1412
f 1488/1408/1412 1481/1409/1413 1487/1406/1410
f 1480/4/1414 1486/1410/1415 1483/1403/1407
f 1513/1411/1416 1499/1412/1417 1510/1413/1418
f 1494/1414/1419 1504/1415/1420 1493/1416/1421
f 1504/1415/1420 1514/1417/1422 1512/1418/1423
f 1509/1419/1424 1502/1420/1425 1508/20/1426
f 1507/1421/1427 1496/1422/1428 1495/1423/1429
f 1500/1424/1430 1507/1421/1427 1504/1415/1420
f 1525/1425/1431 1521/1426/1432 1537/1427/1433
f 1539/1428/1434 1524/1429/1435 1535/1430/1436
f 1515/1431/1437 1525/1425/1431 1528/1432/1438
f 1529/1433/1439 1522/1434/1440 1517/1435/1441
f 1536/1436/1442 1525/1425/1431 1537/1427/1433
f 1528/1432/1438 1540/1437/1443 1538/1438/1444
f 1520/1439/1445 1527/1440/1446 1519/1441/1447
f 1534/1442/1448 1526/1443/1449 1533/1444/1450
f 1528/1432/1438 1530/1445/1451 1531/1446/1452
f 1558/1447/1453 1548/1448/1454 1559/1449/1455
f 1549/1450/1456 1546/1451/1457 1560/1452/1458
f 1552/7/1459 1562/1453/1460 1561/1454/1461
f 1556/1455/1462 1551/1456/1463 1550/1457/1464
f 1552/7/1459 1553/1458/1465 1554/1459/1466
f 1577/1460/1467 1568/1461/1468 1578/1462/1469
f 1576/1463/1470 1564/1464/1471 1563/1465/1472
f 1566/1466/1473 1572/1467/1474 1565/1468/1475
f 1571/13/1476 1573/1469/1477 1574/1470/1478
f 1585/1471/1479 1584/1472/1480 1595/1473/1481
f 1594/1474/1482 1585/1471/1479 1595/1473/1481
f 1596/1475/1483 1592/1476/1484 1586/1477/1485
f 1580/1478/1486 1585/1471/1479 1588/1479/1487
f 1592/1476/1484 1587/1480/1488 1586/1477/1485
f 1583/1481/1489 1589/1482/1490 1582/1483/1491
f 1590/1484/1492 1588/1479/1487 1585/1471/1479
f 1645/1485/1493 1604/1486/1494 1642/1487/1495
f 1601/1488/1496 1633/1489/1497 1632/1490/1498
f 1601/1488/1496 1635/1491/1499 1600/1492/1500
f 1603/1493/1501 1638/1494/1502 1641/1495/1503
f 1603/1493/1501 1626/1496/1504 1602/1497/1505
f 1649/1498/1506 1633/1489/1497 1646/1499/1507
f 1635/1491/1499 1607/1500/1508 1606/1501/1509
f 1609/1502/1510 1638/1494/1502 1608/1503/1511
f 1629/1504/1512 1642/1487/1495 1626/1496/1504
f 1605/1505/1513 1646/1499/1507 1604/1486/1494
f 1644/1506/1514 1612/1507/1515 1613/1508/1516
f 1617/1509/1517 1630/1510/1518 1616/1511/1519
f 1617/1509/1517 1634/1512/1520 1637/1513/1521
f 1614/1514/1522 1639/1515/1523 1615/1516/1524
f 1618/1517/1525 1623/1518/1526 1619/1519/1527
f 1624/1520/1528 1621/1521/1529 1620/1522/1530
f 1610/1523/1531 1623/1518/1526 1622/1524/1532
f 1627/1525/1533 1614/1514/1522 1615/1516/1524
f 1630/1510/1518 1648/1526/1534 1647/1527/1535
f 1619/1519/1527 1634/1512/1520 1618/1517/1525
f 1639/1515/1523 1620/1522/1530 1621/1521/1529
f 1628/1528/1536 1643/1529/1537 1644/1506/1514
f 1613/1508/1516 1647/1527/1535 1648/1526/1534
f 1695/1530/1538 1654/1531/1539 1692/1532/1540
f 1651/1533/1541 1683/1534/1542 1682/1535/1543
f 1651/1533/1541 1685/1536/1544 1650/1537/1545
f 1653/1538/1546 1688/1539/1547 1691/1540/1548
f 1679/1541/1549 1652/1542/1550 1653/1538/1546
f 1682/1535/1543 1696/1543/1551 1699/1544/1552
f 1686/1545/1553 1656/1546/1554 1685/1536/1544
f 1691/1540/1548 1658/1547/1555 1659/1548/1556
f 1679/1541/1549 1692/1532/1540 1676/1549/1557
f 1655/1550/1558 1696/1543/1551 1654/1531/1539
f 1694/1551/1559 1663/1552/1560 1664/1553/1561
f 1668/1554/1562 1680/1555/1563 1667/1556/1564
f 1668/1554/1562 1684/1557/1565 1687/1558/1566
f 1665/1559/1567 1689/1560/1568 1666/1561/1569
f 1670/1562/1570 1675/1563/1571 1671/1564/1572
f 1660/1565/1573 1673/1566/1574 1672/1567/1575
f 1678/1568/1576 1666/1561/1569 1677/1569/1577
f 1681/1570/1578 1697/1571/1579 1680/1555/1563
f 1690/1572/1580 1671/1564/1572 1689/1560/1568
f 1678/1568/1576 1693/1573/1581 1694/1551/1559
f 1664/1553/1561 1697/1571/1579 1698/1574/1582
f 1744/1575/1583 1704/1576/1584 1741/1577/1585
f 1732/1578/1586 1700/1579/1587 1733/1580/1588
f 1701/1581/1589 1735/1582/1590 1700/1579/1587
f 1703/1583/1591 1738/1584/1592 1740/1585/1593
f 1711/1586/1594 1706/1587/1595 1707/1588/1596
f 1712/1589/1597 1709/1590/1598 1708/1591/1599
f 1705/1592/1600 1743/1593/1601 1714/1594/1602
f 1704/1576/1584 1742/1595/1603 1741/1577/1585
f 1732/1578/1586 1718/1596/1604 1701/1581/1589
f 1733/1580/1588 1717/1597/1605 1730/1598/1606
f 1700/1579/1587 1734/1599/1607 1717/1597/1605
f 1701/1581/1589 1737/1600/1608 1736/1601/1609
f 1740/1585/1593 1715/1602/1610 1703/1583/1591
f 1710/1603/1611 1719/1604/1612 1706/1587/1595
f 1720/1605/1613 1711/1586/1594 1707/1588/1596
f 1726/1606/1614 1716/1607/1615 1702/1608/1616
f 1729/1609/1617 1715/1602/1610 1728/1610/1618
f 1729/1609/1617 1702/1608/1616 1703/1583/1591
f 1748/1611/1619 1731/1612/1620 1732/1578/1586
f 1748/1611/1619 1733/1580/1588 1745/1613/1621
f 1745/1613/1621 1730/1598/1606 1746/1614/1622
f 1735/1582/1590 1719/1604/1612 1734/1599/1607
f 1736/1601/1609 1706/1587/1595 1735/1582/1590
f 1736/1601/1609 1720/1605/1613 1707/1588/1596
f 1709/1590/1598 1739/1615/1623 1740/1585/1593
f 1740/1585/1593 1708/1591/1599 1709/1590/1598
f 1741/1577/1585 1727/1616/1624 1726/1606/1614
f 1744/1575/1583 1728/1610/1618 1743/1593/1601
f 1729/1609/1617 1741/1577/1585 1726/1606/1614
f 1745/1613/1621 1713/1617/1625 1704/1576/1584
f 1748/1611/1619 1714/1594/1602 1747/1618/1626
f 1705/1592/1600 1745/1613/1621 1704/1576/1584
f 1792/1619/1627 1753/1620/1628 1754/1621/1629
f 1780/1622/1630 1750/1623/1631 1779/1624/1632
f 1750/1623/1631 1782/1625/1633 1783/1626/1634
f 1785/1627/1635 1752/1628/1636 1788/1629/1637
f 1752/1628/1636 1773/1630/1638 1776/1631/1639
f 1796/1632/1640 1780/1622/1630 1779/1624/1632
f 1755/1633/1641 1783/1626/1634 1782/1625/1633
f 1757/1634/1642 1788/1629/1637 1758/1635/1643
f 1776/1631/1639 1789/1636/1644 1792/1619/1627
f 1754/1621/1629 1793/1637/1645 1796/1632/1640
f 1759/1638/1646 1791/1639/1647 1760/1640/1648
f 1764/1641/1649 1777/1642/1650 1778/1643/1651
f 1781/1644/1652 1764/1641/1649 1784/1645/1653
f 1761/1646/1654 1786/1647/1655 1787/1648/1656
f 1765/1649/1657 1770/1650/1658 1769/1651/1659
f 1768/1652/1660 1771/1653/1661 1767/1654/1662
f 1774/1655/1663 1761/1646/1654 1775/1656/1664
f 1777/1642/1650 1795/1657/1665 1778/1643/1651
f 1766/1658/1666 1781/1644/1652 1784/1645/1653
f 1768/1652/1660 1787/1648/1656 1786/1647/1655
f 1790/1659/1667 1775/1656/1664 1791/1639/1647
f 1794/1660/1668 1760/1640/1648 1795/1657/1665
f 1842/1661/1669 1801/1662/1670 1802/1663/1671
f 1830/1664/1672 1798/1665/1673 1829/1666/1674
f 1798/1665/1673 1832/1667/1675 1833/1668/1676
f 1835/1669/1677 1800/1670/1678 1838/1671/1679
f 1803/1672/1680 1807/1673/1681 1804/1674/1682
f 1802/1663/1671 1841/1675/1683 1842/1661/1669
f 1840/1676/1684 1801/1662/1670 1839/1677/1685
f 1798/1665/1673 1828/1678/1686 1829/1666/1674
f 1830/1664/1672 1813/1679/1687 1797/1680/1688
f 1797/1680/1688 1831/1681/1689 1832/1667/1675
f 1834/1682/1690 1798/1665/1673 1833/1668/1676
f 1811/1683/1691 1838/1671/1679 1800/1670/1678
f 1835/1669/1677 1812/1684/1692 1799/1685/1693
f 1816/1686/1694 1807/1673/1681 1820/1687/1695
f 1817/1688/1696 1808/1689/1697 1806/1690/1698
f 1812/1684/1692 1823/1691/1699 1799/1685/1693
f 1826/1692/1700 1811/1683/1691 1800/1670/1678
f 1799/1685/1693 1826/1692/1700 1800/1670/1678
f 1828/1678/1686 1846/1693/1701 1829/1666/1674
f 1846/1693/1701 1830/1664/1672 1829/1666/1674
f 1843/1694/1702 1827/1695/1703 1830/1664/1672
f 1832/1667/1675 1815/1696/1704 1803/1672/1680
f 1803/1672/1680 1833/1668/1676 1832/1667/1675
f 1816/1686/1694 1833/1668/1676 1804/1674/1682
f 1805/1697/1705 1836/1698/1706 1835/1669/1677
f 1837/1699/1707 1806/1690/1698 1838/1671/1679
f 1805/1697/1705 1838/1671/1679 1806/1690/1698
f 1824/1700/1708 1839/1677/1685 1823/1691/1699
f 1842/1661/1669 1825/1701/1709 1826/1692/1700
f 1826/1692/1700 1839/1677/1685 1842/1661/1669
f 1809/1702/1710 1843/1694/1702 1801/1662/1670
f 1846/1693/1701 1810/1703/1711 1802/1663/1671
f 1802/1663/1671 1843/1694/1702 1846/1693/1701
f 1889/1704/1712 1851/1705/1713 1852/1706/1714
f 1876/1707/1715 1847/1708/1716 1848/1709/1717
f 1848/1709/1717 1879/1710/1718 1880/1711/1719
f 1882/1712/1720 1850/1713/1721 1885/1714/1722
f 1849/1715/1723 1873/1716/1724 1850/1713/1721
f 1893/1717/1725 1877/1718/1726 1876/1707/1715
f 1853/1719/1727 1880/1711/1719 1879/1710/1718
f 1873/1716/1724 1886/1720/1728 1889/1704/1712
f 1852/1706/1714 1890/1721/1729 1893/1717/1725
f 1856/1722/1730 1888/1723/1731 1857/1724/1732
f 1860/1725/1733 1875/1726/1734 1861/1727/1735
f 1878/1728/1736 1861/1727/1735 1881/1729/1737
f 1858/1730/1738 1883/1731/1739 1884/1732/1740
f 1862/1733/1741 1867/1734/1742 1866/1735/1743
f 1864/1736/1744 1869/1737/1745 1868/1738/1746
f 1859/1739/1747 1872/1740/1748 1871/1741/1749
f 1874/1742/1750 1892/1743/1751 1875/1726/1734
f 1862/1733/1741 1881/1729/1737 1863/1744/1752
f 1865/1745/1753 1884/1732/1740 1883/1731/1739
f 1887/1746/1754 1872/1740/1748 1888/1723/1731
f 1891/1747/1755 1857/1724/1732 1892/1743/1751
f 1894/1748/1756 1904/1749/1757 1903/1750/1758
f 1894/1748/1756 1897/1751/1759 1899/1752/1760
f 1896/1753/1761 1905/1754/1762 1906/1755/1763
f 1898/1756/1764 1906/1755/1763 1907/1757/1765
f 1907/1757/1765 1940/1758/1766 1939/1759/1767
f 1906/1755/1763 1902/1760/1768 1940/1758/1766
f 1905/1754/1762 1903/1750/1758 1902/1760/1768
f 1909/1761/1769 1917/1762/1770 1915/1763/1771
f 1912/1764/1772 1934/1765/1773 1933/1766/1774
f 1919/1767/1775 1914/1768/1776 1942/1769/1777
f 1910/1770/1778 1918/1771/1779 1917/1762/1770
f 1910/1770/1778 1937/1772/1780 1935/1773/1781
f 1915/1763/1771 1908/1774/1782 1909/1761/1769
f 1915/1763/1771 1921/1775/1783 1922/1776/1784
f 1918/1771/1779 1912/1764/1772 1919/1767/1775
f 1917/1762/1770 1920/1777/1785 1921/1775/1783
f 1923/1778/1786 1915/1763/1771 1922/1776/1784
f 1916/1779/1787 1907/1757/1765 1908/1774/1782
f 1919/1767/1775 1943/1780/1788 1926/1781/1789
f 1931/1782/1790 1913/1783/1791 1932/1784/1792
f 1933/1766/1774 1913/1783/1791 1912/1764/1772
f 1927/1785/1793 1932/1784/1792 1928/1786/1794
f 1926/1781/1789 1918/1771/1779 1919/1767/1775
f 1933/1766/1774 1944/1787/1795 1945/1788/1796
f 1929/1789/1797 1934/1765/1773 1930/1790/1798
f 1930/1790/1798 1935/1773/1781 1925/1791/1799
f 1937/1772/1780 1924/1792/1800 1936/1793/1801
f 1938/1794/1802 1909/1761/1769 1908/1774/1782
f 1939/1759/1767 1908/1774/1782 1907/1757/1765
f 1935/1773/1781 1911/1795/1803 1910/1770/1778
f 1925/1791/1799 1937/1772/1780 1936/1793/1801
f 1943/1780/1788 1931/1782/1790 1927/1785/1793
f 1945/1788/1796 1928/1786/1794 1932/1784/1792
f 1913/1783/1791 1945/1788/1796 1932/1784/1792
f 1912/1764/1772 1913/1783/1791 1914/1768/1776
f 1942/1769/1777 1914/1768/1776 1931/1782/1790
f 892/753/755 897/1796/1804 893/754/756
f 910/756/758 907/1322/1324 906/757/759
f 904/762/764 905/892/894 908/763/765
f 908/763/765 912/895/897 913/765/767
f 918/766/768 915/896/898 923/767/769
f 917/769/771 920/897/899 921/770/772
f 919/768/770 923/767/769 928/772/774
f 889/774/776 890/777/779 886/775/777
f 890/777/779 891/804/806 887/778/780
f 888/755/757 884/805/807 883/779/781
f 881/780/782 885/776/778 886/775/777
f 930/782/784 931/1797/1805 926/783/785
f 937/785/787 942/794/796 941/786/788
f 938/788/790 934/1798/1806 939/789/791
f 943/790/792 939/789/791 948/791/793
f 945/793/795 946/872/874 941/786/788
f 944/792/794 948/791/793 953/795/797
f 922/876/878 923/767/769 915/896/898
f 923/767/769 922/876/878 927/797/799
f 933/798/800 928/772/774 927/797/799
f 939/789/791 934/1798/1806 935/800/802
f 948/791/793 939/789/791 940/801/803
f 896/803/805 897/1796/1804 892/753/755
f 884/805/807 882/813/815 878/806/808
f 878/806/808 879/814/816 887/778/780
f 877/807/809 872/888/890 868/808/810
f 864/810/812 862/827/829 858/811/813
f 882/813/815 877/807/809 873/809/811
f 873/809/811 874/889/891 879/814/816
f 880/781/783 875/816/818 876/815/817
f 875/816/818 870/887/889 871/817/819
f 861/818/820 865/886/888 866/819/821
f 879/814/816 880/781/783 886/775/777
f 853/821/823 854/828/830 859/822/824
f 852/823/825 847/883/885 843/824/826
f 857/826/828 852/823/825 848/825/827
f 862/827/829 857/826/828 853/821/823
f 848/825/827 849/884/886 854/828/830
f 850/829/831 851/833/835 856/830/832
f 860/820/822 859/822/824 854/828/830
f 845/832/834 846/834/836 851/833/835
f 846/834/836 845/832/834 841/835/837
f 840/836/838 841/835/837 836/837/839
f 839/839/841 834/845/847 833/840/842
f 825/842/844 826/860/862 831/843/845
f 834/845/847 832/880/882 828/846/848
f 830/844/846 831/843/845 835/838/840
f 842/847/849 838/841/843 833/840/842
f 822/849/851 809/1309/1311 808/850/852
f 808/850/852 809/1309/1311 814/852/854
f 811/854/856 810/878/880 816/855/857
f 823/857/859 824/874/876 829/858/860
f 828/846/848 829/858/860 837/848/850
f 820/859/861 821/879/881 826/860/862
f 816/855/857 810/878/880 812/861/863
f 954/863/865 955/899/901 949/796/798
f 957/864/866 960/900/902 961/865/867
f 956/867/869 957/864/866 951/868/870
f 959/870/872 954/863/865 958/866/868
f 951/868/870 957/864/866 958/866/868
f 946/872/874 951/868/870 952/871/873
f 867/873/875 863/812/814 858/811/813
f 812/861/863 808/850/852 813/853/855
f 824/874/876 825/842/844 830/844/846
f 829/858/860 830/844/846 836/837/839
f 841/835/837 842/847/849 837/848/850
f 860/820/822 866/819/821 867/873/875
f 895/875/877 896/803/805 891/804/806
f 922/876/878 921/770/772 926/783/785
f 926/783/785 931/1797/1805 932/799/801
f 940/801/803 935/800/802 936/787/789
f 941/786/788 946/872/874 947/802/804
f 819/877/879 818/851/853 808/850/852
f 820/859/861 819/877/879 812/861/863
f 821/879/881 820/859/861 810/878/880
f 824/874/876 823/857/859 818/851/853
f 825/842/844 824/874/876 819/877/879
f 823/857/859 827/881/883 822/849/851
f 823/857/859 828/846/848 832/880/882
f 842/847/849 841/835/837 845/832/834
f 838/841/843 842/847/849 844/882/884
f 838/841/843 843/824/826 847/883/885
f 849/884/886 848/825/827 843/824/826
f 850/829/831 849/884/886 844/882/884
f 855/831/833 854/828/830 849/884/886
f 861/818/820 860/820/822 855/831/833
f 868/808/810 863/812/814 867/873/875
f 866/819/821 870/887/889 869/885/887
f 865/886/888 871/817/819 870/887/889
f 863/812/814 868/808/810 872/888/890
f 873/809/811 868/808/810 869/885/887
f 874/889/891 869/885/887 870/887/889
f 880/781/783 879/814/816 874/889/891
f 883/779/781 887/778/780 891/804/806
f 890/777/779 889/774/776 894/890/892
f 897/1796/1804 896/803/805 898/760/1807
f 900/891/893 899/1371/1373 905/892/894
f 903/758/1808 902/759/761 901/761/763
f 911/893/895 907/1322/1324 910/756/758
f 912/895/897 917/769/771 916/771/773
f 915/896/898 918/766/768 911/893/895
f 920/897/899 925/784/786 926/783/785
f 924/773/775 928/772/774 933/798/800
f 946/872/874 945/793/795 950/869/871
f 953/795/797 948/791/793 947/802/804
f 954/863/865 953/795/797 952/871/873
f 817/862/864 961/865/867 960/900/902
f 813/853/855 959/870/872 961/865/867
f 1392/901/903 1015/1081/1083 1017/902/904
f 1059/904/906 968/906/908 966/903/905
f 1059/904/906 1058/907/909 970/905/907
f 1058/907/909 1060/1002/1004 972/908/910
f 1311/909/911 1310/1137/1139 973/910/912
f 1076/912/914 1075/915/917 976/913/915
f 1075/915/917 1077/917/919 978/916/918
f 1077/917/919 1080/1008/1010 980/918/920
f 1318/919/921 983/1799/1809 985/920/922
f 1317/921/923 985/920/922 987/922/924
f 1316/923/925 987/922/924 989/924/926
f 1314/925/927 989/924/926 991/926/928
f 1086/928/930 992/1058/1060 990/929/931
f 1174/931/933 1175/1088/1090 993/932/934
f 1173/934/936 1174/931/933 995/933/935
f 1172/1083/1085 1173/934/936 997/935/937
f 1394/936/938 999/1011/1013 998/937/939
f 1102/939/941 1019/943/945 1018/940/942
f 1022/942/944 1021/985/987 1019/943/945
f 1104/945/947 1025/948/950 1024/946/948
f 1028/947/949 1027/951/953 1025/948/950
f 1053/950/952 1026/981/983 1027/951/953
f 1034/953/955 1033/975/977 1031/954/956
f 1109/956/958 1037/959/961 1035/957/959
f 1110/958/960 1111/960/962 1037/959/961
f 1111/960/962 1040/963/965 1039/961/963
f 1112/962/964 1113/966/968 1040/963/965
f 1040/963/965 1113/966/968 1042/964/966
f 1113/966/968 1114/1044/1046 1115/967/969
f 1045/968/970 1044/972/974 1043/969/971
f 1041/965/967 1044/972/974 1039/961/963
f 1038/971/973 1039/961/963 1044/972/974
f 1039/961/963 1038/971/973 1035/957/959
f 1047/973/975 1036/974/976 1035/957/959
f 1034/953/955 1035/957/959 1036/974/976
f 1032/976/978 1033/975/977 1036/974/976
f 1030/978/980 1031/954/956 1033/975/977
f 1029/952/954 1030/978/980 1032/976/978
f 1054/980/982 1055/983/985 1026/981/983
f 1061/982/984 1056/988/990 1055/983/985
f 1025/948/950 1027/951/953 1026/981/983
f 1055/983/985 1023/984/986 1024/946/948
f 1022/942/944 1024/946/948 1023/984/986
f 1057/986/988 1020/987/989 1021/985/987
f 1019/943/945 1021/985/987 1020/987/989
f 1017/902/904 1018/940/942 1020/987/989
f 1020/987/989 1057/986/988 1058/907/909
f 1023/984/986 1055/983/985 1056/988/990
f 1076/912/914 1060/1002/1004 1056/988/990
f 1029/952/954 1051/979/981 1052/989/991
f 1049/977/979 1050/996/998 1051/979/981
f 1047/973/975 1048/993/995 1049/977/979
f 1038/971/973 1045/968/970 1046/990/992
f 1045/968/970 1066/970/972 1067/991/993
f 1047/973/975 1046/990/992 1065/992/994
f 1064/994/996 1048/993/995 1065/992/994
f 1050/996/998 1049/977/979 1048/993/995
f 1063/997/999 1050/996/998 1064/994/996
f 1052/989/991 1051/979/981 1050/996/998
f 1072/999/1001 1062/1000/1002 1052/989/991
f 1053/950/952 1052/989/991 1062/1000/1002
f 1074/1001/1003 1061/982/984 1054/980/982
f 974/914/916 972/908/910 1060/1002/1004
f 972/908/910 974/914/916 975/911/913
f 1061/982/984 1074/1001/1003 1075/915/917
f 1062/1000/1002 1072/999/1001 1073/1003/1005
f 1070/998/1000 1071/1005/1007 1072/999/1001
f 1064/994/996 1068/995/997 1069/1004/1006
f 1071/1005/1007 1070/998/1000 1069/1004/1006
f 1078/1007/1009 1071/1005/1007 1079/1006/1008
f 1072/999/1001 1071/1005/1007 1078/1007/1009
f 1080/1008/1010 1077/917/919 1073/1003/1005
f 1074/1001/1003 1073/1003/1005 1077/917/919
f 1057/986/988 1056/988/990 1060/1002/1004
f 1121/1009/1011 1086/928/930 1085/930/932
f 998/937/939 1089/1015/1017 1000/1013/1015
f 1091/1014/1016 1000/1013/1015 1089/1015/1017
f 1090/1016/1018 1124/1018/1020 1092/1017/1019
f 1124/1018/1020 1125/1064/1066 1093/1019/1021
f 1094/1020/1022 1095/1024/1026 1006/1021/1023
f 1126/1023/1025 1127/1025/1027 1095/1024/1026
f 1127/1025/1027 1128/1027/1029 1096/1026/1028
f 1128/1027/1029 1130/1029/1031 1097/1028/1030
f 1130/1029/1031 1132/1031/1033 1098/1030/1032
f 1132/1031/1033 1103/1033/1035 1099/1032/1034
f 1103/1033/1035 1100/944/946 1101/1034/1036
f 1101/1034/1036 1100/944/946 1019/943/945
f 1100/944/946 1103/1033/1035 1104/945/947
f 1131/1035/1037 1104/945/947 1103/1033/1035
f 1104/945/947 1131/1035/1037 1105/949/951
f 1131/1035/1037 1129/1067/1069 1133/1036/1038
f 1105/949/951 1133/1036/1038 1106/1037/1039
f 1133/1036/1038 1134/1068/1070 1135/1038/1040
f 1030/978/980 1029/952/954 1027/951/953
f 1031/954/956 1030/978/980 1028/947/949
f 1108/1039/1041 1109/956/958 1034/953/955
f 1137/1040/1042 1110/958/960 1109/956/958
f 1138/1041/1043 1112/962/964 1111/960/962
f 1140/1042/1044 1114/1044/1046 1113/966/968
f 1117/1043/1045 1116/1075/1077 1115/967/969
f 1152/1045/1047 1153/1072/1074 1137/1040/1042
f 1081/1047/1049 1082/1051/1053 984/1048/1050
f 1083/1050/1052 986/1053/1055 984/1048/1050
f 1084/1052/1054 988/1054/1056 986/1053/1055
f 1085/930/932 990/929/931 988/1054/1056
f 1142/1055/1057 1121/1009/1011 1120/1010/1012
f 1087/1057/1059 994/1060/1062 992/1058/1060
f 1088/1059/1061 996/1012/1014 994/1060/1062
f 1089/1015/1017 998/937/939 996/1012/1014
f 1123/1061/1063 1090/1016/1018 1089/1015/1017
f 1090/1016/1018 1123/1061/1063 1144/1062/1064
f 1124/1018/1020 1144/1062/1064 1145/1063/1065
f 1125/1064/1066 1126/1023/1025 1094/1020/1022
f 1126/1023/1025 1147/1080/1082 1149/1065/1067
f 1149/1065/1067 1150/1066/1068 1128/1027/1029
f 1150/1066/1068 1129/1067/1069 1130/1029/1031
f 1129/1067/1069 1131/1035/1037 1132/1031/1033
f 1134/1068/1070 1133/1036/1038 1129/1067/1069
f 1134/1068/1070 1148/1071/1073 1136/1069/1071
f 1146/1070/1072 1151/1046/1048 1136/1069/1071
f 1106/1037/1039 1135/1038/1040 1107/955/957
f 1108/1039/1041 1107/955/957 1135/1038/1040
f 1153/1072/1074 1138/1041/1043 1110/958/960
f 1141/1056/1058 1139/1073/1075 1138/1041/1043
f 1139/1073/1075 1140/1042/1044 1112/962/964
f 1139/1073/1075 1119/1076/1078 1118/1074/1076
f 1118/1074/1076 1117/1043/1045 1114/1044/1046
f 1116/1075/1077 1117/1043/1045 1082/1051/1053
f 1118/1074/1076 1083/1050/1052 1082/1051/1053
f 1119/1076/1078 1084/1052/1054 1083/1050/1052
f 1153/1072/1074 1152/1045/1047 1142/1055/1057
f 1122/1077/1079 1087/1057/1059 1086/928/930
f 1122/1077/1079 1123/1061/1063 1088/1059/1061
f 1144/1062/1064 1123/1061/1063 1122/1077/1079
f 1144/1062/1064 1143/1078/1080 1154/1079/1081
f 1125/1064/1066 1145/1063/1065 1147/1080/1082
f 1147/1080/1082 1146/1070/1072 1148/1071/1073
f 1148/1071/1073 1134/1068/1070 1150/1066/1068
f 1154/1079/1081 1152/1045/1047 1151/1046/1048
f 1108/1039/1041 1136/1069/1071 1151/1046/1048
f 1141/1056/1058 1120/1010/1012 1119/1076/1078
f 1152/1045/1047 1154/1079/1081 1143/1078/1080
f 1143/1078/1080 1122/1077/1079 1121/1009/1011
f 1145/1063/1065 1154/1079/1081 1146/1070/1072
f 1014/941/943 1018/940/942 1017/902/904
f 1169/1082/1084 1195/1085/1087 1172/1083/1085
f 1195/1085/1087 1194/1112/1114 1173/934/936
f 1173/934/936 1194/1112/1114 1193/1086/1088
f 1174/931/933 1193/1086/1088 1192/1087/1089
f 1189/1089/1091 1314/925/927 1191/927/929
f 1314/925/927 1189/1089/1091 1315/1091/1093
f 1316/923/925 1315/1091/1093 1323/1092/1094
f 1317/921/923 1323/1092/1094 1324/1093/1095
f 1207/1094/1096 1447/1800/1810 1446/1095/1097
f 1319/1238/1240 1180/1128/1130 1178/1335/1337
f 1179/1097/1099 1180/1128/1130 1181/1098/1100
f 1181/1098/1100 1182/1103/1105 1183/1100/1102
f 1185/1102/1104 1183/1100/1102 1182/1103/1105
f 1183/1100/1102 1185/1102/1104 1187/1105/1107
f 1188/1107/1109 1187/1105/1107 1185/1102/1104
f 1200/1109/1111 1201/1119/1121 1187/1105/1107
f 1190/1090/1092 1200/1109/1111 1188/1107/1109
f 1191/927/929 991/926/928 993/932/934
f 1199/1110/1112 1192/1087/1089 1193/1086/1088
f 1198/1111/1113 1193/1086/1088 1194/1112/1114
f 1196/1114/1116 1197/1113/1115 1194/1112/1114
f 1234/1115/1117 1197/1113/1115 1196/1114/1116
f 1236/1117/1119 1198/1111/1113 1197/1113/1115
f 1238/1118/1120 1199/1110/1112 1198/1111/1113
f 1175/1088/1090 1192/1087/1089 1190/1090/1092
f 1201/1119/1121 1239/1120/1122 1202/1106/1108
f 1239/1120/1122 1240/1172/1174 1241/1121/1123
f 1202/1106/1108 1241/1121/1123 1203/1101/1103
f 1241/1121/1123 1242/1171/1173 1243/1122/1124
f 1203/1101/1103 1243/1122/1124 1204/1099/1101
f 1244/1123/1125 1245/1124/1126 1204/1099/1101
f 1245/1124/1126 1205/1126/1128 1179/1097/1099
f 1246/1125/1127 1206/1177/1179 1205/1126/1128
f 1177/1127/1129 1178/1335/1337 1180/1128/1130
f 1176/1096/1098 1177/1127/1129 1179/1097/1099
f 1449/1129/1131 1448/1132/1134 1208/1130/1132
f 1448/1132/1134 1447/1800/1810 1207/1094/1096
f 978/916/918 980/918/920 981/1133/1135
f 976/913/915 978/916/918 979/1134/1136
f 974/914/916 976/913/915 977/1135/1137
f 1300/1136/1138 1309/1233/1235 1310/1137/1139
f 970/905/907 972/908/910 973/910/912
f 968/906/908 970/905/907 971/1138/1140
f 966/903/905 968/906/908 969/1139/1141
f 966/903/905 967/1140/1142 1391/1141/1143
f 967/1140/1142 1211/1143/1145 1212/1142/1144
f 1211/1143/1145 1213/1145/1147 1214/1144/1146
f 1213/1145/1147 1304/1228/1230 1215/1146/1148
f 1215/1146/1148 1304/1228/1230 1216/1147/1149
f 1217/1148/1150 1216/1147/1149 1218/1149/1151
f 1218/1149/1151 1287/1152/1154 1220/1151/1153
f 1287/1152/1154 1285/1154/1156 1221/1153/1155
f 1285/1154/1156 1222/1156/1158 1223/1155/1157
f 1222/1156/1158 1224/1158/1160 1225/1157/1159
f 1224/1158/1160 1226/1160/1162 1227/1159/1161
f 1226/1160/1162 1228/1162/1164 1229/1161/1163
f 1228/1162/1164 1230/1116/1118 1231/1163/1165
f 1231/1163/1165 1230/1116/1118 1196/1114/1116
f 1228/1162/1164 1226/1160/1162 1261/1165/1167
f 1230/1116/1118 1228/1162/1164 1233/1166/1168
f 1233/1166/1168 1261/1165/1167 1260/1167/1169
f 1234/1115/1117 1233/1166/1168 1235/1168/1170
f 1235/1168/1170 1260/1167/1169 1259/1169/1171
f 1236/1117/1119 1235/1168/1170 1237/1170/1172
f 1201/1119/1121 1200/1109/1111 1199/1110/1112
f 1200/1109/1111 1190/1090/1092 1192/1087/1089
f 1242/1171/1173 1241/1121/1123 1240/1172/1174
f 1257/1174/1176 1244/1123/1125 1243/1122/1124
f 1254/1175/1177 1246/1125/1127 1245/1124/1126
f 1247/1176/1178 1248/1179/1181 1206/1177/1179
f 1253/1178/1180 1249/1182/1184 1248/1179/1181
f 1176/1096/1098 1205/1126/1128 1206/1177/1179
f 1248/1179/1181 1208/1130/1132 1207/1094/1096
f 1450/1180/1182 1449/1129/1131 1250/1131/1133
f 1208/1130/1132 1248/1179/1181 1249/1182/1184
f 1273/1183/1185 1252/1203/1205 1249/1182/1184
f 1271/1184/1186 1253/1178/1180 1247/1176/1178
f 1246/1125/1127 1254/1175/1177 1255/1185/1187
f 1269/1186/1188 1255/1185/1187 1254/1175/1177
f 1244/1123/1125 1257/1174/1176 1256/1187/1189
f 1267/1188/1190 1256/1187/1189 1257/1174/1176
f 1242/1171/1173 1258/1173/1175 1266/1189/1191
f 1240/1172/1174 1239/1120/1122 1237/1170/1172
f 1239/1120/1122 1201/1119/1121 1238/1118/1120
f 1264/1190/1192 1259/1169/1171 1260/1167/1169
f 1263/1191/1193 1260/1167/1169 1261/1165/1167
f 1226/1160/1162 1224/1158/1160 1262/1192/1194
f 1284/1193/1195 1262/1192/1194 1224/1158/1160
f 1282/1194/1196 1263/1191/1193 1262/1192/1194
f 1265/1195/1197 1264/1190/1192 1263/1191/1193
f 1259/1169/1171 1264/1190/1192 1258/1173/1175
f 1268/1196/1198 1269/1186/1188 1256/1187/1189
f 1279/1197/1199 1270/1198/1200 1269/1186/1188
f 1270/1198/1200 1271/1184/1186 1255/1185/1187
f 1278/1199/1201 1272/1200/1202 1271/1184/1186
f 1272/1200/1202 1273/1183/1185 1253/1178/1180
f 1277/1201/1203 1274/1202/1204 1273/1183/1185
f 1274/1202/1204 1275/1205/1207 1252/1203/1205
f 1250/1131/1133 1249/1182/1184 1252/1203/1205
f 1297/1206/1208 1276/1204/1206 1274/1202/1204
f 1295/1207/1209 1277/1201/1203 1272/1200/1202
f 1293/1208/1210 1278/1199/1201 1270/1198/1200
f 1267/1188/1190 1266/1189/1191 1265/1195/1197
f 1266/1189/1191 1258/1173/1175 1264/1190/1192
f 1281/1210/1212 1280/1209/1211 1283/1211/1213
f 1282/1194/1196 1283/1211/1213 1280/1209/1211
f 1289/1212/1214 1283/1211/1213 1286/1213/1215
f 1284/1193/1195 1286/1213/1215 1283/1211/1213
f 1285/1154/1156 1287/1152/1154 1288/1214/1216
f 1222/1156/1158 1285/1154/1156 1286/1213/1215
f 1218/1149/1151 1303/1215/1217 1288/1214/1216
f 1303/1215/1217 1290/1216/1218 1289/1212/1214
f 1290/1216/1218 1291/1218/1220 1281/1210/1212
f 1302/1217/1219 1292/1224/1226 1291/1218/1220
f 1267/1188/1190 1280/1209/1211 1281/1210/1212
f 1291/1218/1220 1279/1197/1199 1268/1196/1198
f 1294/1219/1221 1295/1207/1209 1278/1199/1201
f 1300/1136/1138 1296/1220/1222 1295/1207/1209
f 1296/1220/1222 1297/1206/1208 1277/1201/1203
f 1209/1221/1223 1298/1222/1224 1297/1206/1208
f 1298/1222/1224 1299/1223/1225 1276/1204/1206
f 979/1134/1136 981/1133/1135 1299/1223/1225
f 977/1135/1137 979/1134/1136 1298/1222/1224
f 1311/909/911 1209/1221/1223 1296/1220/1222
f 1279/1197/1199 1291/1218/1220 1292/1224/1226
f 1307/1225/1227 1301/1231/1233 1292/1224/1226
f 1306/1226/1228 1302/1217/1219 1290/1216/1218
f 1305/1227/1229 1307/1225/1227 1302/1217/1219
f 1216/1147/1149 1306/1226/1228 1303/1215/1217
f 1304/1228/1230 1305/1227/1229 1306/1226/1228
f 1213/1145/1147 1312/1229/1231 1305/1227/1229
f 1312/1229/1231 1308/1230/1232 1307/1225/1227
f 1308/1230/1232 1309/1233/1235 1301/1231/1233
f 1210/1232/1234 1310/1137/1139 1309/1233/1235
f 1293/1208/1210 1292/1224/1226 1301/1231/1233
f 1309/1233/1235 1300/1136/1138 1294/1219/1221
f 975/911/913 977/1135/1137 1209/1221/1223
f 971/1138/1140 973/910/912 1310/1137/1139
f 1313/1234/1236 1210/1232/1234 1308/1230/1232
f 1211/1143/1145 1313/1234/1236 1312/1229/1231
f 969/1139/1141 1313/1234/1236 1211/1143/1145
f 969/1139/1141 971/1138/1140 1210/1232/1234
f 1232/1164/1166 1196/1114/1116 1195/1085/1087
f 1186/1108/1110 1315/1091/1093 1189/1089/1091
f 1315/1091/1093 1186/1108/1110 1322/1235/1237
f 1323/1092/1094 1322/1235/1237 1321/1236/1238
f 1176/1096/1098 1446/1095/1097 1445/1237/1239
f 1182/1103/1105 1181/1098/1100 1180/1128/1130
f 1184/1104/1106 1182/1103/1105 1319/1238/1240
f 1184/1104/1106 1322/1235/1237 1186/1108/1110
f 1322/1235/1237 1184/1104/1106 1320/1239/1241
f 962/1240/1242 963/1246/1248 1387/1241/1243
f 965/1243/1245 964/1273/1275 1371/1244/1246
f 963/1246/1248 1001/1248/1250 1386/1247/1249
f 1001/1248/1250 1002/1250/1252 1385/1249/1251
f 1002/1250/1252 1003/1252/1254 1384/1251/1253
f 1003/1252/1254 1004/1254/1256 1383/1253/1255
f 1004/1254/1256 1005/1022/1024 1382/1255/1257
f 1005/1022/1024 1006/1021/1023 1381/1256/1258
f 1007/1257/1259 1380/1259/1261 1381/1256/1258
f 1008/1258/1260 1379/1261/1263 1380/1259/1261
f 1009/1260/1262 1378/1263/1265 1379/1261/1263
f 1010/1262/1264 1377/1265/1267 1378/1263/1265
f 1011/1264/1266 1376/1267/1269 1377/1265/1267
f 1012/1266/1268 1375/1269/1271 1376/1267/1269
f 1013/1268/1270 1374/1271/1273 1375/1269/1271
f 1016/1270/1272 1373/1272/1274 1374/1271/1273
f 1016/1270/1272 965/1243/1245 1372/1245/1247
f 964/1273/1275 1155/1275/1277 1370/1274/1276
f 1155/1275/1277 1156/1277/1279 1369/1276/1278
f 1156/1277/1279 1157/1279/1281 1368/1278/1280
f 1157/1279/1281 1158/1282/1284 1367/1280/1282
f 1159/1281/1283 1366/1284/1286 1367/1280/1282
f 1160/1283/1285 1365/1286/1288 1366/1284/1286
f 1161/1285/1287 1364/1288/1290 1365/1286/1288
f 1162/1287/1289 1363/1290/1292 1364/1288/1290
f 1162/1287/1289 1163/1291/1293 1362/1289/1291
f 1163/1291/1293 1164/1293/1295 1361/1292/1294
f 1164/1293/1295 1165/1296/1298 1360/1294/1296
f 1166/1295/1297 1359/1298/1300 1360/1294/1296
f 1167/1297/1299 1358/1300/1302 1359/1298/1300
f 1168/1299/1301 1390/1302/1304 1358/1300/1302
f 1170/1301/1303 1389/1372/1374 1390/1302/1304
f 839/839/841 847/883/885 1340/1303/1305
f 834/845/847 839/839/841 1339/1304/1306
f 834/845/847 1338/1305/1307 1337/1306/1308
f 827/881/883 832/880/882 1337/1306/1308
f 822/849/851 827/881/883 1336/1307/1309
f 809/1309/1311 822/849/851 1335/1308/1310
f 814/852/854 809/1309/1311 1334/1310/1312
f 949/796/798 955/899/901 1331/1313/1315
f 949/796/798 1330/1314/1316 1329/1315/1317
f 944/792/794 1329/1315/1317 1325/1316/1318
f 1326/1317/1319 938/788/790 943/790/792
f 929/898/900 1357/1369/1371 1356/1318/1320
f 924/773/775 1356/1318/1320 1355/1319/1321
f 919/768/770 1355/1319/1321 1354/1320/1322
f 911/893/895 918/766/768 1354/1320/1322
f 907/1322/1324 911/893/895 1353/1321/1323
f 906/757/759 907/1322/1324 1352/1323/1325
f 893/754/756 1348/1358/1360 1347/1325/1327
f 888/755/757 1347/1325/1327 1346/1326/1328
f 884/805/807 1346/1326/1328 1345/1327/1329
f 882/813/815 1345/1327/1329 1344/1328/1330
f 872/888/890 877/807/809 1344/1328/1330
f 864/810/812 872/888/890 1343/1329/1331
f 862/827/829 864/810/812 1327/1330/1332
f 857/826/828 862/827/829 1328/1331/1333
f 852/823/825 857/826/828 1342/1332/1334
f 847/883/885 852/823/825 1341/1333/1335
f 1169/1082/1084 1168/1299/1301 1167/1297/1299
f 1232/1164/1166 1167/1297/1299 1166/1295/1297
f 1229/1161/1163 1231/1163/1165 1166/1295/1297
f 1227/1159/1161 1229/1161/1163 1165/1296/1298
f 1225/1157/1159 1227/1159/1161 1164/1293/1295
f 1223/1155/1157 1225/1157/1159 1163/1291/1293
f 1221/1153/1155 1223/1155/1157 1162/1287/1289
f 1220/1151/1153 1221/1153/1155 1161/1285/1287
f 1220/1151/1153 1160/1283/1285 1159/1281/1283
f 1219/1150/1152 1159/1281/1283 1158/1282/1284
f 1217/1148/1150 1158/1282/1284 1157/1279/1281
f 1214/1144/1146 1215/1146/1148 1157/1279/1281
f 1212/1142/1144 1214/1144/1146 1156/1277/1279
f 1391/1141/1143 1212/1142/1144 1155/1275/1277
f 1392/901/903 1391/1141/1143 964/1273/1275
f 1015/1081/1083 1392/901/903 965/1243/1245
f 1015/1081/1083 1016/1270/1272 1013/1268/1270
f 1014/941/943 1013/1268/1270 1012/1266/1268
f 1102/939/941 1012/1266/1268 1011/1264/1266
f 1101/1034/1036 1011/1264/1266 1010/1262/1264
f 1099/1032/1034 1010/1262/1264 1009/1260/1262
f 1098/1030/1032 1009/1260/1262 1008/1258/1260
f 1097/1028/1030 1008/1258/1260 1007/1257/1259
f 1096/1026/1028 1007/1257/1259 1006/1021/1023
f 1177/1127/1129 1445/1237/1239 1444/1334/1336
f 1093/1019/1021 1094/1020/1022 1005/1022/1024
f 1092/1017/1019 1093/1019/1021 1004/1254/1256
f 1091/1014/1016 1092/1017/1019 1003/1252/1254
f 1000/1013/1015 1091/1014/1016 1002/1250/1252
f 1393/938/940 1000/1013/1015 1001/1248/1250
f 1394/936/938 1393/938/940 963/1246/1248
f 1171/1084/1086 1170/1301/1303 1168/1299/1301
f 1328/1331/1333 1327/1330/1332 1397/1336/1338
f 1329/1315/1317 1399/1340/1342 1395/1338/1340
f 1329/1315/1317 1330/1314/1316 1400/1339/1341
f 1331/1313/1315 1401/1341/1343 1400/1339/1341
f 1332/1312/1314 1402/1342/1344 1401/1341/1343
f 1333/1311/1313 1403/1343/1345 1402/1342/1344
f 1334/1310/1312 1404/1344/1346 1403/1343/1345
f 1335/1308/1310 1405/1346/1348 1404/1344/1346
f 1335/1308/1310 1336/1307/1309 1406/1345/1347
f 1336/1307/1309 1337/1306/1308 1407/1347/1349
f 1337/1306/1308 1338/1305/1307 1408/1348/1350
f 1338/1305/1307 1339/1304/1306 1409/1349/1351
f 1339/1304/1306 1340/1303/1305 1410/1350/1352
f 1341/1333/1335 1411/1352/1354 1410/1350/1352
f 1341/1333/1335 1342/1332/1334 1412/1351/1353
f 1342/1332/1334 1328/1331/1333 1398/1337/1339
f 1327/1330/1332 1343/1329/1331 1413/1353/1355
f 1343/1329/1331 1344/1328/1330 1414/1354/1356
f 1345/1327/1329 1415/1355/1357 1414/1354/1356
f 1346/1326/1328 1416/1357/1359 1415/1355/1357
f 1346/1326/1328 1347/1325/1327 1417/1356/1358
f 1348/1358/1360 1418/1360/1362 1417/1356/1358
f 1348/1358/1360 1349/1361/1363 1419/1359/1361
f 1349/1361/1363 1350/1363/1365 1420/1362/1364
f 1350/1363/1365 1351/1324/1326 1421/1364/1366
f 1351/1324/1326 1352/1323/1325 1422/1365/1367
f 1352/1323/1325 1353/1321/1323 1423/1366/1368
f 1353/1321/1323 1354/1320/1322 1424/1367/1369
f 1355/1319/1321 1425/1368/1370 1424/1367/1369
f 1356/1318/1320 1426/1370/1372 1425/1368/1370
f 1357/1369/1371 1427/1801/1811 1426/1370/1372
f 1383/1253/1255 1382/1255/1257 815/856/858
f 1381/1256/1258 811/854/856 815/856/858
f 1380/1259/1261 821/879/881 811/854/856
f 1380/1259/1261 1379/1261/1263 826/860/862
f 1379/1261/1263 1378/1263/1265 831/843/845
f 1378/1263/1265 1377/1265/1267 835/838/840
f 1377/1265/1267 1376/1267/1269 840/836/838
f 1376/1267/1269 1375/1269/1271 846/834/836
f 1375/1269/1271 1374/1271/1273 851/833/835
f 1374/1271/1273 1373/1272/1274 856/830/832
f 1373/1272/1274 1372/1245/1247 861/818/820
f 1372/1245/1247 1371/1244/1246 865/886/888
f 1371/1244/1246 1370/1274/1276 871/817/819
f 1370/1274/1276 1369/1276/1278 876/815/817
f 1368/1278/1280 881/780/782 876/815/817
f 1367/1280/1282 885/776/778 881/780/782
f 1366/1284/1286 889/774/776 885/776/778
f 1365/1286/1288 894/890/892 889/774/776
f 1364/1288/1290 1363/1290/1292 899/1371/1373
f 1363/1290/1292 1362/1289/1291 905/892/894
f 1362/1289/1291 1361/1292/1294 908/763/765
f 1361/1292/1294 1360/1294/1296 912/895/897
f 1360/1294/1296 1359/1298/1300 917/769/771
f 1359/1298/1300 1358/1300/1302 920/897/899
f 1390/1302/1304 925/784/786 920/897/899
f 1389/1372/1374 930/782/784 925/784/786
f 1388/1242/1244 1387/1241/1243 942/794/796
f 1386/1247/1249 945/793/795 942/794/796
f 1385/1249/1251 950/869/871 945/793/795
f 1385/1249/1251 1384/1251/1253 956/867/869
f 1900/1373/1375 1428/1377/1379 1429/1374/1376
f 1901/1375/1377 1429/1374/1376 1431/1378/1380
f 1432/1384/1386 1434/1802/1812 1941/1379/1381
f 1442/1385/1387 1440/1803/1813 1441/1386/1388
f 1120/1010/1012 1085/930/932 1084/1052/1054
f 1453/1388/1390 1454/1804/1814 1459/1389/1391
f 1466/1391/1393 1452/1805/1815 1451/1392/1394
f 1467/1393/1395 1451/1392/1394 1456/1394/1396
f 1462/17/1399 1465/1400/1403 1472/1397/1400
f 1467/1393/1395 1461/1806/1816 1460/1399/1402
f 1465/1400/1403 1462/17/1399 1458/1/1404
f 1471/1402/1406 1461/1806/1816 1467/1393/1395
f 1477/1807/1817 1482/1808/1818 1478/1809/1819
f 1489/1810/1820 1478/1809/1819 1482/1808/1818
f 1597/1811/1821 1598/1812/1822 1484/1813/1823
f 1483/1403/1407 1486/1410/1415 1492/1404/1408
f 1487/1406/1410 1474/1814/1824 1473/1407/1411
f 1490/1815/1825 1485/1816/1826 1480/4/1414
f 1488/1408/1412 1482/1808/1827 1481/1409/1413
f 1480/4/1414 1485/1816/1826 1486/1410/1415
f 1513/1411/1416 1503/1817/1828 1509/1419/1424
f 1497/1818/1829 1503/1817/1828 1498/1819/1830
f 1503/1817/1828 1513/1411/1416 1510/1413/1418
f 1510/1413/1418 1498/1819/1830 1503/1817/1828
f 1494/1414/1419 1500/1424/1430 1504/1415/1420
f 1504/1415/1420 1507/1421/1427 1514/1417/1422
f 1511/1820/1831 1506/1821/1832 1500/1424/1430
f 1509/1419/1424 1503/1817/1828 1502/1420/1425
f 1507/1421/1427 1506/1821/1832 1496/1422/1428
f 1500/1424/1430 1506/1821/1832 1507/1421/1427
f 1539/1428/1434 1527/1440/1446 1534/1442/1448
f 1525/1425/1431 1516/1822/1833 1521/1426/1432
f 1519/1441/1447 1527/1440/1446 1523/1823/1834
f 1527/1440/1446 1539/1428/1434 1535/1430/1436
f 1535/1430/1436 1523/1823/1834 1527/1440/1446
f 1515/1431/1437 1516/1822/1833 1525/1425/1431
f 1536/1436/1442 1530/1445/1451 1525/1425/1431
f 1528/1432/1438 1531/1446/1452 1540/1437/1443
f 1520/1439/1445 1526/1443/1449 1527/1440/1446
f 1534/1442/1448 1527/1440/1446 1526/1443/1449
f 1528/1432/1438 1525/1425/1431 1530/1445/1451
f 1558/1447/1453 1553/1458/1465 1548/1448/1454
f 1557/1824/1835 1547/1825/1836 1551/1456/1837
f 1549/1450/1456 1544/1826/1838 1546/1451/1457
f 1552/7/1459 1554/1459/1466 1562/1453/1460
f 1545/1827/1839 1550/1457/1464 1551/1456/1463
f 1552/7/1459 1548/1448/1454 1553/1458/1465
f 1577/1460/1467 1573/1469/1477 1568/1461/1468
f 1569/1828/1840 1566/1466/1473 1567/1829/1841
f 1571/13/1476 1574/1470/1478 1579/1830/1842
f 1576/1463/1470 1575/24/1843 1564/1464/1471
f 1566/1466/1473 1569/1828/1840 1572/1467/1474
f 1571/13/1476 1568/1461/1468 1573/1469/1477
f 1585/1471/1479 1581/1831/1844 1584/1472/1480
f 1594/1474/1482 1590/1484/1492 1585/1471/1479
f 1580/1478/1486 1581/1831/1844 1585/1471/1479
f 1592/1476/1484 1593/1832/1845 1587/1480/1488
f 1590/1484/1492 1591/1833/1846 1588/1479/1487
f 1645/1485/1493 1605/1505/1513 1604/1486/1494
f 1601/1488/1496 1600/1492/1500 1633/1489/1497
f 1601/1488/1496 1636/1834/1847 1635/1491/1499
f 1603/1493/1501 1602/1497/1505 1638/1494/1502
f 1603/1493/1501 1629/1504/1512 1626/1496/1504
f 1649/1498/1506 1632/1490/1498 1633/1489/1497
f 1635/1491/1499 1636/1834/1847 1607/1500/1508
f 1609/1502/1510 1641/1495/1503 1638/1494/1502
f 1629/1504/1512 1645/1485/1493 1642/1487/1495
f 1605/1505/1513 1649/1498/1506 1646/1499/1507
f 1644/1506/1514 1643/1529/1537 1612/1507/1515
f 1617/1509/1517 1631/1835/1848 1630/1510/1518
f 1617/1509/1517 1616/1511/1519 1634/1512/1520
f 1614/1514/1522 1640/1836/1849 1639/1515/1523
f 1618/1517/1525 1622/1524/1532 1623/1518/1526
f 1624/1520/1528 1625/1837/1850 1621/1521/1529
f 1610/1523/1531 1611/1838/1851 1623/1518/1526
f 1627/1525/1533 1628/1528/1536 1614/1514/1522
f 1630/1510/1518 1631/1835/1848 1648/1526/1534
f 1619/1519/1527 1637/1513/1521 1634/1512/1520
f 1639/1515/1523 1640/1836/1849 1620/1522/1530
f 1628/1528/1536 1627/1525/1533 1643/1529/1537
f 1613/1508/1516 1612/1507/1515 1647/1527/1535
f 1695/1530/1538 1655/1550/1558 1654/1531/1539
f 1651/1533/1541 1650/1537/1545 1683/1534/1542
f 1651/1533/1541 1686/1545/1553 1685/1536/1544
f 1653/1538/1546 1652/1542/1550 1688/1539/1547
f 1679/1541/1549 1676/1549/1557 1652/1542/1550
f 1682/1535/1543 1683/1534/1542 1696/1543/1551
f 1686/1545/1553 1657/1839/1852 1656/1546/1554
f 1691/1540/1548 1688/1539/1547 1658/1547/1555
f 1679/1541/1549 1695/1530/1538 1692/1532/1540
f 1655/1550/1558 1699/1544/1552 1696/1543/1551
f 1694/1551/1559 1693/1573/1581 1663/1552/1560
f 1668/1554/1562 1681/1570/1578 1680/1555/1563
f 1668/1554/1562 1667/1556/1564 1684/1557/1565
f 1665/1559/1567 1690/1572/1580 1689/1560/1568
f 1669/1840/1853 1672/1567/1575 1673/1566/1574
f 1670/1562/1570 1674/1841/1854 1675/1563/1571
f 1660/1565/1573 1661/1842/1855 1673/1566/1574
f 1678/1568/1576 1665/1559/1567 1666/1561/1569
f 1681/1570/1578 1698/1574/1582 1697/1571/1579
f 1687/1558/1566 1684/1557/1565 1669/1840/1856
f 1690/1572/1580 1670/1562/1570 1671/1564/1572
f 1678/1568/1576 1677/1569/1577 1693/1573/1581
f 1664/1553/1561 1663/1552/1560 1697/1571/1579
f 1744/1575/1583 1705/1592/1600 1704/1576/1584
f 1732/1578/1586 1701/1581/1589 1700/1579/1587
f 1701/1581/1589 1736/1601/1609 1735/1582/1590
f 1703/1583/1591 1702/1608/1616 1738/1584/1592
f 1711/1586/1594 1710/1603/1611 1706/1587/1595
f 1705/1592/1600 1744/1575/1583 1743/1593/1601
f 1704/1576/1584 1713/1617/1625 1742/1595/1603
f 1732/1578/1586 1731/1612/1620 1718/1596/1604
f 1733/1580/1588 1700/1579/1587 1717/1597/1605
f 1700/1579/1587 1735/1582/1590 1734/1599/1607
f 1701/1581/1589 1718/1596/1604 1737/1600/1608
f 1740/1585/1593 1739/1615/1623 1715/1602/1610
f 1738/1584/1592 1702/1608/1616 1716/1607/1615
f 1710/1603/1611 1722/1843/1857 1719/1604/1612
f 1720/1605/1613 1723/1844/1858 1711/1586/1594
f 1726/1606/1614 1727/1616/1624 1716/1607/1615
f 1729/1609/1617 1703/1583/1591 1715/1602/1610
f 1729/1609/1617 1726/1606/1614 1702/1608/1616
f 1748/1611/1619 1747/1618/1626 1731/1612/1620
f 1748/1611/1619 1732/1578/1586 1733/1580/1588
f 1745/1613/1621 1733/1580/1588 1730/1598/1606
f 1735/1582/1590 1706/1587/1595 1719/1604/1612
f 1736/1601/1609 1707/1588/1596 1706/1587/1595
f 1736/1601/1609 1737/1600/1608 1720/1605/1613
f 1709/1590/1598 1721/1845/1859 1739/1615/1623
f 1740/1585/1593 1738/1584/1592 1708/1591/1599
f 1741/1577/1585 1742/1595/1603 1727/1616/1624
f 1744/1575/1583 1729/1609/1617 1728/1610/1618
f 1729/1609/1617 1744/1575/1583 1741/1577/1585
f 1745/1613/1621 1746/1614/1622 1713/1617/1625
f 1748/1611/1619 1705/1592/1600 1714/1594/1602
f 1705/1592/1600 1748/1611/1619 1745/1613/1621
f 1792/1619/1627 1789/1636/1644 1753/1620/1628
f 1780/1622/1630 1749/1846/1860 1750/1623/1631
f 1750/1623/1631 1749/1846/1860 1782/1625/1633
f 1785/1627/1635 1751/1847/1861 1752/1628/1636
f 1752/1628/1636 1751/1847/1861 1773/1630/1638
f 1796/1632/1640 1793/1637/1645 1780/1622/1630
f 1755/1633/1641 1756/1848/1862 1783/1626/1634
f 1757/1634/1642 1785/1627/1635 1788/1629/1637
f 1776/1631/1639 1773/1630/1638 1789/1636/1644
f 1754/1621/1629 1753/1620/1628 1793/1637/1645
f 1759/1638/1646 1790/1659/1667 1791/1639/1647
f 1764/1641/1649 1763/1849/1863 1777/1642/1650
f 1781/1644/1652 1763/1849/1863 1764/1641/1649
f 1761/1646/1654 1762/1850/1864 1786/1647/1655
f 1765/1649/1657 1766/1658/1666 1770/1650/1658
f 1768/1652/1660 1772/1851/1865 1771/1653/1661
f 1774/1655/1663 1762/1850/1864 1761/1646/1654
f 1777/1642/1650 1794/1660/1668 1795/1657/1665
f 1766/1658/1666 1765/1649/1657 1781/1644/1652
f 1768/1652/1660 1767/1654/1662 1787/1648/1656
f 1790/1659/1667 1774/1655/1663 1775/1656/1664
f 1794/1660/1668 1759/1638/1646 1760/1640/1648
f 1842/1661/1669 1839/1677/1685 1801/1662/1670
f 1830/1664/1672 1797/1680/1688 1798/1665/1673
f 1798/1665/1673 1797/1680/1688 1832/1667/1675
f 1835/1669/1677 1799/1685/1693 1800/1670/1678
f 1805/1697/1705 1806/1690/1698 1808/1689/1697
f 1802/1663/1671 1810/1703/1711 1841/1675/1683
f 1840/1676/1684 1809/1702/1710 1801/1662/1670
f 1798/1665/1673 1814/1852/1866 1828/1678/1686
f 1830/1664/1672 1827/1695/1703 1813/1679/1687
f 1797/1680/1688 1813/1679/1687 1831/1681/1689
f 1834/1682/1690 1814/1852/1866 1798/1665/1673
f 1811/1683/1691 1837/1699/1707 1838/1671/1679
f 1835/1669/1677 1836/1698/1706 1812/1684/1692
f 1816/1686/1694 1804/1674/1682 1807/1673/1681
f 1817/1688/1696 1821/1853/1867 1808/1689/1697
f 1812/1684/1692 1824/1700/1708 1823/1691/1699
f 1826/1692/1700 1825/1701/1709 1811/1683/1691
f 1799/1685/1693 1823/1691/1699 1826/1692/1700
f 1828/1678/1686 1845/1854/1868 1846/1693/1701
f 1846/1693/1701 1843/1694/1702 1830/1664/1672
f 1843/1694/1702 1844/1855/1869 1827/1695/1703
f 1832/1667/1675 1831/1681/1689 1815/1696/1704
f 1803/1672/1680 1804/1674/1682 1833/1668/1676
f 1816/1686/1694 1834/1682/1690 1833/1668/1676
f 1805/1697/1705 1818/1856/1870 1836/1698/1706
f 1837/1699/1707 1817/1688/1696 1806/1690/1698
f 1805/1697/1705 1835/1669/1677 1838/1671/1679
f 1824/1700/1708 1840/1676/1684 1839/1677/1685
f 1842/1661/1669 1841/1675/1683 1825/1701/1709
f 1826/1692/1700 1823/1691/1699 1839/1677/1685
f 1809/1702/1710 1844/1855/1869 1843/1694/1702
f 1846/1693/1701 1845/1854/1868 1810/1703/1711
f 1802/1663/1671 1801/1662/1670 1843/1694/1702
f 1889/1704/1712 1886/1720/1728 1851/1705/1713
f 1876/1707/1715 1877/1718/1726 1847/1708/1716
f 1848/1709/1717 1847/1708/1716 1879/1710/1718
f 1882/1712/1720 1849/1715/1723 1850/1713/1721
f 1849/1715/1723 1870/1857/1871 1873/1716/1724
f 1893/1717/1725 1890/1721/1729 1877/1718/1726
f 1853/1719/1727 1854/1858/1872 1880/1711/1719
f 1873/1716/1724 1870/1857/1871 1886/1720/1728
f 1852/1706/1714 1851/1705/1713 1890/1721/1729
f 1856/1722/1730 1887/1746/1754 1888/1723/1731
f 1860/1725/1733 1874/1742/1750 1875/1726/1734
f 1878/1728/1736 1860/1725/1733 1861/1727/1735
f 1858/1730/1738 1859/1739/1747 1883/1731/1739
f 1862/1733/1741 1863/1744/1752 1867/1734/1742
f 1864/1736/1744 1865/1745/1753 1869/1737/1745
f 1859/1739/1747 1858/1730/1738 1872/1740/1748
f 1874/1742/1750 1891/1747/1755 1892/1743/1751
f 1862/1733/1741 1878/1728/1736 1881/1729/1737
f 1865/1745/1753 1864/1736/1744 1884/1732/1740
f 1887/1746/1754 1871/1741/1749 1872/1740/1748
f 1891/1747/1755 1856/1722/1730 1857/1724/1732
f 1894/1748/1756 1905/1754/1762 1897/1751/1759
f 1896/1753/1761 1897/1751/1759 1905/1754/1762
f 1898/1756/1764 1896/1753/1761 1906/1755/1763
f 1907/1757/1765 1906/1755/1763 1940/1758/1766
f 1906/1755/1763 1905/1754/1762 1902/1760/1768
f 1905/1754/1762 1894/1748/1756 1903/1750/1758
f 1909/1761/1769 1910/1770/1778 1917/1762/1770
f 1912/1764/1772 1911/1795/1803 1934/1765/1773
f 1919/1767/1775 1912/1764/1772 1914/1768/1776
f 1910/1770/1778 1911/1795/1803 1918/1771/1779
f 1910/1770/1778 1909/1761/1769 1937/1772/1780
f 1915/1763/1771 1916/1779/1787 1908/1774/1782
f 1915/1763/1771 1917/1762/1770 1921/1775/1783
f 1918/1771/1779 1911/1795/1803 1912/1764/1772
f 1917/1762/1770 1918/1771/1779 1920/1777/1785
f 1923/1778/1786 1916/1779/1787 1915/1763/1771
f 1916/1779/1787 1898/1756/1764 1907/1757/1765
f 1919/1767/1775 1942/1769/1777 1943/1780/1788
f 1931/1782/1790 1914/1768/1776 1913/1783/1791
f 1933/1766/1774 1945/1788/1796 1913/1783/1791
f 1927/1785/1793 1931/1782/1790 1932/1784/1792
f 1926/1781/1789 1920/1777/1785 1918/1771/1779
f 1933/1766/1774 1929/1789/1797 1944/1787/1795
f 1929/1789/1797 1933/1766/1774 1934/1765/1773
f 1930/1790/1798 1934/1765/1773 1935/1773/1781
f 1937/1772/1780 1938/1794/1802 1924/1792/1800
f 1938/1794/1802 1937/1772/1780 1909/1761/1769
f 1939/1759/1767 1938/1794/1802 1908/1774/1782
f 1935/1773/1781 1934/1765/1773 1911/1795/1803
f 1925/1791/1799 1935/1773/1781 1937/1772/1780
f 1943/1780/1788 1942/1769/1777 1931/1782/1790
f 1945/1788/1796 1944/1787/1795 1928/1786/1794
f 2144/1859/1873 1979/1860/1874 2029/1861/1875
f 2033/1862/1876 1983/79/1877 1984/1863/1878
f 2035/585/1879 1984/1863/1878 1983/79/1877
f 2037/1864/1880 1987/96/1881 1988/108/1882
f 2140/534/1883 2004/1865/1884 2064/1866/1885
f 2051/1867/1886 2055/179/1887 2139/516/1888
f 2057/1868/1889 2059/491/1890 2137/507/1891
f 2060/1869/1892 2067/202/1893 2134/489/1894
f 2042/1870/119 2086/289/1895 2126/448/1896
f 2069/207/1897 2090/1871/1898 2121/442/1899
f 2095/347/1900 2091/1872/1901 2117/413/1902
f 2099/387/1903 2097/1873/1904 2114/403/1905
f 2103/372/1906 2100/1874/1907 2112/388/1908
f 2075/1875/1909 2106/1876/1910 2007/468/1911
f 2014/1877/1912 2110/375/1913 2105/383/1914
f 2083/1878/1915 2104/385/1916 2110/375/1913
f 2102/1879/1917 2104/385/1916 2021/1880/1918
f 2020/1881/1919 2111/374/1920 2102/1879/1917
f 2112/388/1908 2019/1882/1921 2099/387/1903
f 2058/1883/1922 2098/404/1923 2113/363/1924
f 2114/403/1905 2018/1884/1925 2096/401/1926
f 2000/1885/500 2115/356/1927 2098/404/1923
f 2054/1886/1928 2094/414/1929 2115/356/1927
f 2093/1887/1930 2096/401/1926 2018/1884/1925
f 2017/1888/340 2116/349/1931 2093/1887/1930
f 2117/413/1902 2006/1889/1932 2074/410/1933
f 1998/1890/512 2118/346/1934 2094/414/1929
f 2052/1891/1935 2092/345/1936 2118/346/1934
f 1996/1892/1937 2119/336/1938 2092/345/1936
f 2049/1893/526 2084/450/1939 2119/336/1938
f 2120/321/1940 2015/443/1941 2087/1894/1942
f 2008/739/1943 2120/321/1940 2087/1894/1942
f 2121/442/1899 2016/1895/1944 2077/227/1945
f 2122/295/1946 1993/1896/1947 2045/1897/1948
f 2123/290/1949 1992/1898/1950 2044/1899/567
f 2089/294/1951 2044/1899/567 1993/1896/1947
f 2087/1894/1942 2076/1900/1952 2008/739/1943
f 2015/443/1941 2125/1901/1953 2087/1894/1942
f 1990/1902/1954 2126/448/1896 2085/449/1955
f 1991/1903/1956 2127/280/1957 2084/450/1939
f 2041/1904/573 2085/449/1955 2127/280/1957
f 2075/1875/1909 2078/467/1958 2128/225/1959
f 2074/410/1933 2073/1905/1960 2129/741/1961
f 1999/1906/1962 2134/489/1894 2059/491/1890
f 2003/1907/1963 2136/497/1964 2065/498/1965
f 1997/1908/1966 2137/507/1891 2056/509/1967
f 2138/180/1968 1995/1909/1969 2053/1910/1970
f 2056/509/1967 2053/1910/1970 1997/1908/1966
f 1976/1911/1971 2139/516/1888 2024/519/1972
f 2050/535/1973 2064/1866/1885 1994/1912/1974
f 1989/1913/1975 2142/112/1976 2040/574/1977
f 2039/1914/1978 2065/498/1965 2142/112/1976
f 2037/1864/1880 1985/583/1979 2038/97/1980
f 2035/585/1879 1986/1915/1981 2036/1916/1982
f 1982/77/1983 2034/80/1984 2033/1862/1876
f 2032/1917/1985 1980/589/1986 2031/76/1987
f 2029/1861/1875 2048/70/1988 1977/591/1989
f 1979/1860/1874 2143/68/1990 2029/1861/1875
f 2145/67/1991 1979/1860/1874 2026/1918/1992
f 2026/1918/1992 2027/1919/1993 2146/1920/1994
f 2193/1921/1995 2190/1922/1996 2199/1923/1997
f 2190/1922/1996 2154/1924/1998 2168/1925/1999
f 2152/1926/2000 2166/1927/2001 2153/630/2002
f 2171/1928/2003 2181/618/2004 2187/745/2005
f 2174/1929/2006 2183/626/2007 2185/1930/2008
f 2191/616/2009 2159/1931/2010 2160/1932/2011
f 2157/1933/2012 2185/1930/2008 2182/1934/2013
f 2182/1934/2013 2256/1935/2014 2197/1936/2015
f 2182/1934/2013 2173/1937/2016 2157/1933/2012
f 2186/1938/2017 2158/1939/2018 2173/1937/2016
f 2170/1940/2019 2172/611/2020 2189/613/2021
f 2166/1927/2001 2169/1941/2022 2190/1922/1996
f 2167/1942/2023 2168/1925/1999 2154/1924/1998
f 2199/1923/1997 2168/1925/1999 2242/1943/2024
f 2196/1944/2025 2187/745/2026 2180/617/2027
f 2180/617/2027 2201/1945/2028 2196/1944/2025
f 2188/622/2029 2195/1946/2030 2201/1945/2028
f 2182/1934/2013 2255/1947/2031 2186/1938/2017
f 2166/1927/2001 2192/642/2032 2165/637/2033
f 2010/238/2034 2176/746/2035 2161/1948/2036
f 2011/241/2037 2177/639/2038 2162/1949/2039
f 2081/463/2040 2162/1949/2039 2178/747/2041
f 2225/1950/2042 2209/720/2043 2210/723/2044
f 2224/1951/2045 2204/685/2046 2216/1952/2047
f 2223/1953/2048 2206/717/2049 2222/749/2050
f 2216/1952/2047 2211/715/2051 2221/646/2052
f 2229/1954/2053 2231/1955/2054 2232/1956/2055
f 2144/1859/1873 2027/1919/1993 1979/1860/1874
f 1982/77/2056 2032/1917/1985 2031/76/1987
f 2033/1862/1876 2034/80/1984 1983/79/1877
f 2035/585/1879 2036/1916/1982 1984/1863/1878
f 2037/1864/1880 2038/97/1980 1987/96/1881
f 2140/534/1883 2066/493/2057 2004/1865/1884
f 2051/1867/1886 1995/1909/1969 2055/179/1887
f 2057/1868/1889 1999/1906/1962 2059/491/1890
f 2042/1870/119 1992/1898/1950 2086/289/1895
f 2069/207/1897 2005/1957/2058 2090/1871/1898
f 2095/347/1900 2017/1888/340 2091/1872/1901
f 2099/387/1903 2019/1882/1921 2097/1873/1904
f 2103/372/1906 2020/1881/1919 2100/1874/1907
f 2075/1875/1909 2109/1958/2059 2106/1876/1910
f 2014/1877/1912 2083/1878/1915 2110/375/1913
f 2083/1878/1915 2021/1880/1918 2104/385/1916
f 2102/1879/1917 2111/374/1920 2104/385/1916
f 2020/1881/1919 2103/372/1906 2111/374/1920
f 2112/388/1908 2100/1874/1907 2019/1882/1921
f 2058/1883/1922 2000/1885/500 2098/404/1923
f 2114/403/1905 2097/1873/1904 2018/1884/1925
f 2000/1885/500 2054/1886/1928 2115/356/1927
f 2054/1886/1928 1998/1890/512 2094/414/1929
f 2093/1887/1930 2116/349/1931 2096/401/1926
f 2017/1888/340 2095/347/1900 2116/349/1931
f 2117/413/1902 2091/1872/1901 2006/1889/1932
f 1998/1890/512 2052/1891/1935 2118/346/1934
f 2052/1891/1935 1996/1892/1937 2092/345/1936
f 1996/1892/1937 2049/1893/526 2119/336/1938
f 2049/1893/526 1991/1903/1956 2084/450/1939
f 2121/442/1899 2090/1871/1898 2016/1895/1944
f 2122/295/1946 2089/294/1951 1993/1896/1947
f 2123/290/1949 2086/289/1895 1992/1898/1950
f 2089/294/1951 2123/290/1949 2044/1899/567
f 2087/1894/1942 2125/1901/1953 2076/1900/1952
f 2015/443/1941 2088/1959/2060 2125/1901/1953
f 1990/1902/1954 2042/1870/119 2126/448/1896
f 1991/1903/1956 2041/1904/573 2127/280/1957
f 2041/1904/573 1990/1902/1954 2085/449/1955
f 2075/1875/1909 2007/468/1911 2078/467/1958
f 2074/410/1933 2006/1889/1932 2073/1905/1960
f 1999/1906/1962 2060/1869/1892 2134/489/1894
f 1997/1908/1966 2057/1868/1889 2137/507/1891
f 2138/180/1968 2055/179/1887 1995/1909/1969
f 2056/509/1967 2138/180/1968 2053/1910/1970
f 1976/1911/1971 2051/1867/1886 2139/516/1888
f 2050/535/1973 2140/534/1883 2064/1866/1885
f 1989/1913/1975 2039/1914/1978 2142/112/1976
f 2039/1914/1978 2003/1907/1963 2065/498/1965
f 2037/1864/1880 1986/1915/1981 1985/583/1979
f 2035/585/1879 1985/583/1979 1986/1915/1981
f 2032/1917/1985 1981/1960/2061 1980/589/1986
f 2029/1861/1875 2143/68/1990 2048/70/1988
f 1979/1860/1874 2047/66/2062 2143/68/1990
f 2145/67/1991 2047/66/2062 1979/1860/1874
f 2026/1918/1992 1979/1860/1874 2027/1919/1993
f 2193/1921/1995 2166/1927/2001 2190/1922/1996
f 2190/1922/1996 2169/1941/2022 2154/1924/1998
f 2171/1928/2003 2155/1961/2063 2181/618/2004
f 2174/1929/2006 2156/615/2064 2183/626/2007
f 2191/616/2009 2175/1962/2065 2159/1931/2010
f 2157/1933/2012 2174/1929/2006 2185/1930/2008
f 2182/1934/2013 2185/1930/2008 2256/1935/2014
f 2182/1934/2013 2186/1938/2017 2173/1937/2016
f 2246/623/2066 2170/1940/2019 2189/613/2021
f 2166/1927/2001 2152/1926/2000 2169/1941/2022
f 2199/1923/1997 2190/1922/1996 2168/1925/1999
f 2180/617/2027 2188/622/2029 2201/1945/2028
f 2170/1940/2019 2246/623/2066 2200/1963/2067
f 2182/1934/2013 2197/1936/2015 2255/1947/2031
f 2166/1927/2001 2193/1921/1995 2192/642/2032
f 2010/238/2034 2161/1948/2036 2177/639/2068
f 2081/463/2040 2011/241/2037 2162/1949/2039
f 2149/379/2069 2022/610/2070 2164/1964/2071
f 2225/1950/2042 2215/1965/2072 2209/720/2043
f 2224/1951/2045 2203/684/2073 2204/685/2046
f 2216/1952/2047 2204/685/2046 2211/715/2051
f 2229/1954/2053 2230/1966/2074 2231/1955/2054
f 2254/677/2075 2253/1967/2076 2194/1968/2077
f 2156/615/2078 2175/1962/2065 2191/616/2009
f 2166/1927/2001 2165/637/2033 2153/630/2002
f 2270/1969/2079 2274/758/2080 2277/757/2081
f 2270/1969/2079 2266/1970/2082 2273/759/2083
f 2279/1971/2084 2276/762/2085 2278/764/2086
f 2280/756/2087 2275/1972/2088 2279/1971/2084
f 2268/1973/2089 2272/761/2090 2267/760/2091
f 2288/876/2092 2284/896/2093 2285/1974/2094
f 2257/853/2095 2303/1975/2096 2302/870/2097
f 2304/1976/2098 2301/864/2099 2300/867/2100
f 2287/770/2101 2285/1974/2094 2286/771/2102
f 2264/803/2103 2268/1973/2089 2267/760/2091
f 2265/1796/2104 2267/760/2105 2266/1970/2082
f 2269/1977/2106 2265/1796/2104 2266/1970/2082
f 2274/758/2107 2272/761/2090 2275/1972/2088
f 2271/891/2108 2275/1972/2088 2272/761/2090
f 2282/1978/2109 2278/764/2086 2281/765/2110
f 2279/1971/2084 2283/894/2111 2280/756/2087
f 2285/1974/2094 2281/765/2110 2286/771/2102
f 2284/896/2093 2282/1978/2109 2285/1974/2094
f 2289/898/2112 2294/1979/2113 2298/1980/2114
f 2294/1979/2113 2292/799/2115 2295/1981/2116
f 2291/1797/2117 2295/1981/2116 2292/799/2115
f 2297/1982/787 2291/1797/2117 2290/782/2118
f 2304/1976/2098 2260/855/2119 2305/900/2120
f 2308/1983/2121 2309/1053/2122 2310/1984/2123
f 2310/1984/2123 2311/1054/2124 2312/1985/926
f 2314/1986/928 2311/1054/2124 2313/929/2125
f 2318/1987/2126 2315/1058/2127 2317/1060/2128
f 2314/1986/928 2315/1058/2127 2316/1988/2129
f 2337/1372/2130 2306/1989/2131 2336/1990/2132
f 2303/1975/2096 2328/1311/2133 2327/1312/2134
f 2270/1969/2079 2332/1324/2135 2331/1363/2136
f 2269/1977/2106 2331/1363/2136 2330/1361/2137
f 2269/1977/2106 2329/1358/2138 2261/754/2139
f 2322/1301/2140 2338/1991/2141 2306/1989/2131
f 2335/1253/2142 2259/856/2143 2304/1976/2098
f 2336/1990/2132 2290/782/2118 2337/1372/2130
f 2347/1992/2144 2349/1802/2145 2346/1384/2146
f 2348/1993/2147 2353/1994/2148 2354/1995/2149
f 2357/1803/2150 2355/1996/2151 2358/1386/2152
f 2351/1997/2153 2354/1995/2149 2353/1994/2148
f 2364/1401/2154 2360/1998/2155 2365/1400/2156
f 2366/1999/2157 2362/1/2158 2367/3/2159
f 2363/17/2160 2361/2000/2161 2359/18/2162
f 2385/2001/2163 2380/1406/2164 2375/1409/2165
f 2383/1815/2166 2374/4/2167 2384/6/2168
f 2396/1415/2169 2392/2002/2170 2389/1416/2171
f 2398/1421/2172 2393/2003/2173 2404/1417/2174
f 2413/1432/2175 2409/2004/2176 2405/1431/2177
f 2401/1820/2178 2394/1424/2179 2402/2005/2180
f 2420/2006/2181 2417/1444/2182 2412/1443/2183
f 2417/1444/2184 2407/2007/2185 2406/2008/2186
f 2450/13/2187 2459/1830/2188 2458/2009/2189
f 2470/1479/2190 2466/2010/2191 2460/1478/2192
f 2475/1476/2193 2464/2011/2194 2461/2012/2195
f 2492/2013/2196 2487/1501/2197 2488/1500/2198
f 2486/1505/2199 2527/2014/2200 2496/2015/2201
f 2485/1486/2202 2526/2016/2203 2525/1487/2204
f 2482/1488/2205 2514/2017/1848 2500/2018/2206
f 2516/1489/2207 2499/2019/2208 2513/2020/2209
f 2481/1492/2210 2517/2021/2211 2499/2019/2208
f 2482/1488/2205 2520/2022/2212 2519/1834/2213
f 2484/1493/2214 2523/2023/2215 2497/2024/1522
f 2483/1497/2216 2522/2025/2217 2521/1494/2218
f 2491/2026/2219 2501/2027/2220 2487/1501/2197
f 2502/2028/2221 2492/2013/2196 2488/1500/2198
f 2509/1496/2222 2498/2029/2223 2483/1497/2216
f 2512/1504/2224 2497/2024/1522 2511/2030/1536
f 2532/1498/2225 2514/2017/1848 2515/1490/2226
f 2529/1499/2227 2513/2020/2209 2530/2031/1535
f 2518/1491/2228 2501/2027/2220 2517/2021/2211
f 2519/1834/2213 2502/2028/2221 2488/1500/2198
f 2489/1503/2229 2522/2025/2217 2504/2032/2230
f 2490/1502/2231 2523/2023/2215 2524/1495/2232
f 2525/1487/2204 2510/2033/2233 2509/1496/2222
f 2528/1485/2234 2511/2030/1536 2527/2014/2200
f 2485/1486/2202 2530/2031/1535 2495/2034/1515
f 2486/1505/2199 2531/2035/2235 2532/1498/2225
f 2508/1837/2236 2494/2036/2237 2493/2037/2238
f 2544/2038/2239 2539/1546/2240 2540/1839/2241
f 2538/1550/2242 2579/2039/2243 2548/2040/2244
f 2537/1531/2245 2578/2041/2246 2577/1532/2247
f 2567/1535/2248 2552/2042/2249 2534/1533/2250
f 2568/1534/2251 2551/2043/2252 2565/2044/2253
f 2533/1537/2254 2569/2045/2255 2551/2043/2252
f 2576/1540/2256 2549/2046/2257 2536/1538/2258
f 2573/1539/2259 2550/2047/2260 2574/2048/2261
f 2561/1549/2262 2550/2047/2260 2535/1542/2263
f 2564/1541/2264 2549/2046/2257 2563/2049/1576
f 2584/1544/2265 2566/2050/2266 2567/1535/2248
f 2581/1543/2267 2565/2044/2253 2582/2051/2268
f 2541/1547/2269 2574/2048/2261 2556/2052/2270
f 2542/1548/2271 2575/2053/2272 2576/1540/2256
f 2577/1532/2247 2562/2054/2273 2561/1549/2262
f 2580/1530/2274 2563/2049/1576 2579/2039/2243
f 2581/1543/2267 2547/2055/1560 2537/1531/2245
f 2584/1544/2265 2548/2040/2244 2583/2056/1582
f 2553/1840/2275 2558/1566/2276 2554/2057/2277
f 2559/1841/2278 2545/2058/2279 2560/1563/2280
f 2572/1558/2281 2553/1840/2275 2554/2057/2277
f 2590/2059/2282 2599/1845/2283 2586/1590/2284
f 2600/2060/2285 2589/1589/2286 2585/1591/2287
f 2614/2061/2288 2591/2062/2289 2592/2063/2290
f 2608/2064/2291 2595/2065/2292 2596/2066/2293
f 2596/2066/2293 2609/2067/2294 2610/2068/2295
f 2597/2069/1612 2602/2070/2296 2598/2071/2297
f 2587/2072/2298 2602/2070/2296 2601/2073/2299
f 2607/2074/2300 2616/2075/2301 2615/2076/1622
f 2610/2068/2295 2597/2069/1612 2598/2071/2297
f 2606/2077/2302 2613/2078/2303 2614/2061/2288
f 2592/2063/2290 2615/2076/1622 2616/2075/2301
f 2622/1621/2304 2663/2079/2305 2664/1619/2306
f 2662/2080/2307 2621/1620/2308 2661/1636/2309
f 2636/2081/2310 2651/1624/2311 2618/1623/2312
f 2649/2082/2313 2617/1846/2314 2652/1622/2315
f 2617/1846/2314 2653/2083/2316 2654/1625/2317
f 2656/2084/2318 2618/1623/2312 2655/1626/2319
f 2620/1628/2320 2659/2085/2321 2660/1629/2322
f 2658/2086/1655 2619/1847/2323 2657/1627/2324
f 2634/2087/2325 2645/1630/2326 2619/1847/2323
f 2648/1631/2327 2633/2088/2328 2620/1628/2320
f 2650/2089/2329 2668/1632/2330 2651/1624/2311
f 2665/1637/2331 2649/2082/2313 2652/1622/2315
f 2654/1625/2317 2637/2090/2332 2623/1633/2333
f 2638/2091/2334 2655/1626/2319 2624/1848/2335
f 2625/1634/2336 2658/2086/1655 2657/1627/2324
f 2659/2085/2321 2626/1635/2337 2660/1629/2322
f 2646/2092/2338 2661/1636/2309 2645/1630/2326
f 2664/1619/2306 2647/2093/2339 2648/1631/2327
f 2621/1620/2308 2666/2094/1668 2665/1637/2331
f 2667/2095/2340 2622/1621/2304 2668/1632/2330
f 2627/2096/2341 2642/1650/2342 2628/2097/2343
f 2629/2098/2344 2643/1653/2345 2644/1851/2346
f 2670/1697/2347 2672/1689/2348 2671/2099/2349
f 2681/1856/2350 2671/2099/2349 2684/2100/2351
f 2673/2101/2352 2694/2102/2353 2674/2103/2354
f 2678/2104/1866 2687/2105/2355 2688/2106/2356
f 2689/2107/2357 2678/2104/1866 2690/2108/2358
f 2675/2109/2359 2691/2110/2360 2692/2111/2361
f 2676/2112/1692 2686/2113/2362 2685/2114/2363
f 2687/2105/2355 2696/2115/2364 2688/2106/2356
f 2693/2116/2365 2686/2113/2362 2694/2102/2353
f 2695/2117/2366 2674/2103/2354 2696/2115/2364
f 2702/1706/2367 2734/2118/2368 2735/1704/2369
f 2733/2119/2370 2701/1705/2371 2732/1720/2372
f 2714/2120/2373 2725/1707/2374 2698/1709/2375
f 2729/1712/2376 2713/2121/2377 2699/1715/2378
f 2713/2121/2377 2719/1857/2379 2699/1715/2378
f 2724/2122/2380 2739/1717/2381 2725/1707/2374
f 2736/1721/2382 2723/2123/2383 2726/1718/2384
f 2715/2124/2385 2728/1711/2386 2704/1858/2387
f 2705/2125/2388 2730/2126/2389 2729/1712/2376
f 2705/2125/2388 2731/1714/2390 2706/2127/2391
f 2720/2128/2392 2732/1720/2372 2719/1857/2379
f 2735/1704/2369 2721/2129/2393 2722/1716/2394
f 2711/2130/2395 2736/1721/2382 2701/1705/2371
f 2739/1717/2381 2712/2131/2396 2702/1706/2367
f 2707/2132/2397 2718/1734/2398 2708/2133/2399
f 2740/2134/2400 2747/1752/2401 2743/2135/2402
f 2343/2136/2403 2747/1752/2404 2745/1751/2405
f 2745/1751/2405 2345/2137/2406 2343/2136/2403
f 2749/2138/1377 2751/1750/2407 2748/2139/2408
f 2752/1749/2409 2748/2139/2408 2751/1750/2407
f 2750/1760/2410 2759/2140/2411 2758/1758/2412
f 2270/1969/2079 2273/759/2083 2274/758/2080
f 2270/1969/2079 2269/1977/2106 2266/1970/2082
f 2273/759/2083 2266/1970/2082 2267/760/2105
f 2279/1971/2084 2275/1972/2088 2276/762/2085
f 2280/756/2087 2274/758/2107 2275/1972/2088
f 2268/1973/2089 2271/891/2108 2272/761/2090
f 2257/853/2095 2258/852/2413 2303/1975/2096
f 2304/1976/2098 2305/900/2120 2301/864/2099
f 2287/770/2101 2288/876/2092 2285/1974/2094
f 2264/803/2103 2263/875/2414 2268/1973/2089
f 2269/1977/2106 2261/754/2139 2265/1796/2104
f 2271/891/2108 2276/762/2085 2275/1972/2088
f 2282/1978/2109 2279/1971/2084 2278/764/2086
f 2279/1971/2084 2282/1978/2109 2283/894/2111
f 2285/1974/2094 2282/1978/2109 2281/765/2110
f 2284/896/2093 2283/894/2111 2282/1978/2109
f 2289/898/2112 2293/798/2415 2294/1979/2113
f 2294/1979/2113 2293/798/2415 2292/799/2115
f 2291/1797/2117 2296/2141/2416 2295/1981/2116
f 2297/1982/787 2296/2141/2416 2291/1797/2117
f 2302/870/2097 2303/1975/2096 2299/899/2417
f 2304/1976/2098 2259/856/2143 2260/855/2119
f 2308/1983/2121 2307/1048/2418 2309/1053/2122
f 2310/1984/2123 2309/1053/2122 2311/1054/2124
f 2314/1986/928 2312/1985/926 2311/1054/2124
f 2318/1987/2126 2316/1988/2129 2315/1058/2127
f 2318/1987/2126 2317/1060/2128 2319/1012/2419
f 2314/1986/928 2313/929/2125 2315/1058/2127
f 2337/1372/2130 2322/1301/2140 2306/1989/2131
f 2303/1975/2096 2258/852/2413 2328/1311/2133
f 2299/899/2417 2303/1975/2096 2327/1312/2134
f 2333/1369/2420 2289/898/2112 2298/1980/2114
f 2270/1969/2079 2277/757/2081 2332/1324/2135
f 2269/1977/2106 2270/1969/2079 2331/1363/2136
f 2269/1977/2106 2330/1361/2137 2329/1358/2138
f 2322/1301/2140 2323/1084/2421 2338/1991/2141
f 2335/1253/2142 2304/1976/2098 2300/867/2100
f 2336/1990/2132 2297/1982/787 2290/782/2118
f 2344/1376/2422 2742/2142/2423 2342/1377/2424
f 2347/1992/2144 2348/1993/2147 2349/1802/2145
f 2350/1380/2425 2351/1997/2153 2352/1381/2426
f 2348/1993/2147 2347/1992/2144 2353/1994/2148
f 2352/1381/2427 2355/1996/2151 2356/1383/2428
f 2357/1803/2150 2356/1383/2428 2355/1996/2151
f 2351/1997/2153 2350/1380/2425 2354/1995/2149
f 2366/1999/2157 2364/1401/2429 2362/1/2158
f 2363/17/2160 2368/1398/2430 2361/2000/2161
f 2396/1415/2169 2403/1418/2431 2392/2002/2170
f 2413/1432/2175 2421/1438/2432 2409/2004/2176
f 2422/1428/2433 2408/2143/2434 2410/1429/2435
f 2418/1442/2436 2417/1444/2184 2406/2008/2186
f 2433/1458/2437 2436/1447/2438 2428/2144/2439
f 2470/1479/2190 2477/2145/2440 2466/2010/2191
f 2463/1481/2441 2467/2146/2442 2471/1482/2443
f 2492/2013/2196 2491/2026/2219 2487/1501/2197
f 2486/1505/2199 2528/1485/2234 2527/2014/2200
f 2485/1486/2202 2495/2034/1515 2526/2016/2203
f 2482/1488/2205 2515/1490/2226 2514/2017/1848
f 2516/1489/2207 2481/1492/2210 2499/2019/2208
f 2481/1492/2210 2518/1491/2228 2517/2021/2211
f 2482/1488/2205 2500/2018/2206 2520/2022/2212
f 2484/1493/2214 2524/1495/2232 2523/2023/2215
f 2483/1497/2216 2498/2029/2223 2522/2025/2217
f 2491/2026/2219 2505/2147/2444 2501/2027/2220
f 2502/2028/2221 2506/2148/2445 2492/2013/2196
f 2509/1496/2222 2510/2033/2233 2498/2029/2223
f 2512/1504/2224 2484/1493/2214 2497/2024/1522
f 2532/1498/2225 2531/2035/2235 2514/2017/1848
f 2529/1499/2227 2516/1489/2207 2513/2020/2209
f 2518/1491/2228 2487/1501/2197 2501/2027/2220
f 2519/1834/2213 2520/2022/2212 2502/2028/2221
f 2489/1503/2229 2521/1494/2218 2522/2025/2217
f 2490/1502/2231 2503/2149/2446 2523/2023/2215
f 2525/1487/2204 2526/2016/2203 2510/2033/2233
f 2528/1485/2234 2512/1504/2224 2511/2030/1536
f 2485/1486/2202 2529/1499/2227 2530/2031/1535
f 2486/1505/2199 2496/2015/2201 2531/2035/2235
f 2508/1837/2236 2507/1520/2447 2494/2036/2237
f 2544/2038/2239 2543/2150/2448 2539/1546/2240
f 2538/1550/2242 2580/1530/2274 2579/2039/2243
f 2537/1531/2245 2547/2055/1560 2578/2041/2246
f 2567/1535/2248 2566/2050/2266 2552/2042/2249
f 2568/1534/2251 2533/1537/2254 2551/2043/2252
f 2533/1537/2254 2570/1536/2449 2569/2045/2255
f 2576/1540/2256 2575/2053/2272 2549/2046/2257
f 2573/1539/2259 2535/1542/2263 2550/2047/2260
f 2561/1549/2262 2562/2054/2273 2550/2047/2260
f 2564/1541/2264 2536/1538/2258 2549/2046/2257
f 2584/1544/2265 2583/2056/1582 2566/2050/2266
f 2581/1543/2267 2568/1534/2251 2565/2044/2253
f 2541/1547/2269 2573/1539/2259 2574/2048/2261
f 2542/1548/2271 2555/2151/2450 2575/2053/2272
f 2577/1532/2247 2578/2041/2246 2562/2054/2273
f 2580/1530/2274 2564/1541/2264 2563/2049/1576
f 2581/1543/2267 2582/2051/2268 2547/2055/1560
f 2584/1544/2265 2538/1550/2242 2548/2040/2244
f 2559/1841/2278 2546/2152/2451 2545/2058/2279
f 2589/1589/2452 2590/2059/2282 2586/1590/2284
f 2590/2059/2282 2603/2153/2453 2599/1845/2283
f 2600/2060/2285 2604/2154/2454 2589/1589/2286
f 2614/2061/2288 2613/2078/2303 2591/2062/2289
f 2608/2064/2291 2607/2074/2300 2595/2065/2292
f 2596/2066/2293 2595/2065/2292 2609/2067/2294
f 2597/2069/1612 2601/2073/2299 2602/2070/2296
f 2587/2072/2298 2588/2155/2455 2602/2070/2296
f 2607/2074/2300 2608/2064/2291 2616/2075/2301
f 2610/2068/2295 2609/2067/2294 2597/2069/1612
f 2606/2077/2302 2605/2156/2456 2613/2078/2303
f 2592/2063/2290 2591/2062/2289 2615/2076/1622
f 2622/1621/2304 2632/2157/2457 2663/2079/2305
f 2662/2080/2307 2631/2158/2458 2621/1620/2308
f 2636/2081/2310 2650/2089/2329 2651/1624/2311
f 2649/2082/2313 2635/2159/2459 2617/1846/2314
f 2617/1846/2314 2635/2159/2459 2653/2083/2316
f 2656/2084/2318 2636/2081/2310 2618/1623/2312
f 2620/1628/2320 2633/2088/2328 2659/2085/2321
f 2658/2086/1655 2634/2087/2325 2619/1847/2323
f 2634/2087/2325 2646/2092/2338 2645/1630/2326
f 2648/1631/2327 2647/2093/2339 2633/2088/2328
f 2650/2089/2329 2667/2095/2340 2668/1632/2330
f 2665/1637/2331 2666/2094/1668 2649/2082/2313
f 2654/1625/2317 2653/2083/2316 2637/2090/2332
f 2638/2091/2334 2656/2084/2318 2655/1626/2319
f 2625/1634/2336 2640/2160/2460 2658/2086/1655
f 2659/2085/2321 2639/2161/2461 2626/1635/2337
f 2646/2092/2338 2662/2080/2307 2661/1636/2309
f 2664/1619/2306 2663/2079/2305 2647/2093/2339
f 2621/1620/2308 2631/2158/2458 2666/2094/1668
f 2667/2095/2340 2632/2157/2457 2622/1621/2304
f 2627/2096/2341 2641/1651/2462 2642/1650/2342
f 2629/2098/2344 2630/2162/2463 2643/1653/2345
f 2681/1856/2350 2670/1697/2347 2671/2099/2349
f 2673/2101/2352 2693/2116/2365 2694/2102/2353
f 2678/2104/1866 2677/2163/2464 2687/2105/2355
f 2689/2107/2357 2677/2163/2464 2678/2104/1866
f 2675/2109/2359 2676/2112/1692 2691/2110/2360
f 2676/2112/1692 2675/2109/2359 2686/2113/2362
f 2687/2105/2355 2695/2117/2366 2696/2115/2364
f 2693/2116/2365 2685/2114/2363 2686/2113/2362
f 2695/2117/2366 2673/2101/2352 2674/2103/2354
f 2702/1706/2367 2712/2131/2396 2734/2118/2368
f 2733/2119/2370 2711/2130/2395 2701/1705/2371
f 2714/2120/2373 2724/2122/2380 2725/1707/2374
f 2729/1712/2376 2730/2126/2389 2713/2121/2377
f 2713/2121/2377 2720/2128/2392 2719/1857/2379
f 2724/2122/2380 2738/2164/2465 2739/1717/2381
f 2736/1721/2382 2737/2165/2466 2723/2123/2383
f 2705/2125/2388 2716/2166/2467 2730/2126/2389
f 2705/2125/2388 2729/1712/2376 2731/1714/2390
f 2720/2128/2392 2733/2119/2370 2732/1720/2372
f 2735/1704/2369 2734/2118/2368 2721/2129/2393
f 2711/2130/2395 2737/2165/2466 2736/1721/2382
f 2739/1717/2381 2738/2164/2465 2712/2131/2396
f 2707/2132/2397 2717/1735/2468 2718/1734/2398
f 2741/1748/2469 2740/2134/2400 2752/1749/2470
f 2740/2134/2400 2741/1748/2469 2747/1752/2401
f 2745/1751/2405 2744/1753/2471 2345/2137/2406
f 2749/2138/1377 2750/1760/2410 2751/1750/2407
f 2345/2137/2406 2744/1753/2471 2746/1756/2472
f 2757/1759/2473 2758/1758/2412 2759/2140/2411
f 2750/1760/2410 2749/2138/1377 2759/2140/2411
f 2768/2167/2474 2792/2168/2475 2793/2169/2476
f 2804/2170/2477 2787/40/2478 2834/557/2479
f 2818/454/2480 2783/2171/2481 2782/275/2482
f 2825/2172/2483 2778/468/2484 2822/1876/2485
f 2779/2173/2486 2826/1958/2487 2813/1875/2488
f 2815/2174/2489 2816/227/2490 2785/1895/2491
f 2779/2173/2486 2829/225/2492 2815/2174/2489
f 2769/2175/2493 2833/155/2494 2796/538/2495
f 2773/2176/2496 2834/557/2479 2805/65/2497
f 2800/2177/2498 2795/2178/2499 2836/2179/2500
f 2793/2169/2476 2797/1861/2501 2767/591/2502
f 2843/41/2503 2764/2180/2504 2788/2181/2505
f 2849/2182/2506 2867/2183/2507 2857/2184/2508
f 2857/2184/2508 2855/2185/2509 2848/2186/2510
f 2867/2183/2507 2925/2187/2511 2855/2185/2509
f 2848/2186/2510 2868/2188/2512 2853/1942/2513
f 2855/2185/2509 2932/2189/2514 2868/2188/2512
f 2868/2188/2512 2923/1943/2515 2854/1925/2516
f 2858/1940/2517 2875/1963/2518 2867/2183/2507
f 2783/2171/2519 2861/2190/2520 2851/2191/2521
f 2895/2192/2522 2881/719/2523 2894/643/2524
f 2897/649/2525 2879/716/2526 2896/2193/2527
f 2899/648/2528 2884/2194/2529 2898/652/2530
f 2892/1965/2531 2889/2195/2532 2883/720/2533
f 2902/748/2534 2882/722/2535 2901/2196/2536
f 2901/2196/2536 2886/718/2537 2895/2192/2522
f 2902/748/2534 2880/717/2538 2887/2197/2539
f 2896/2193/2527 2885/721/2540 2903/1953/2541
f 2919/672/2542 2929/707/2543 2931/2198/2544
f 2869/2199/2545 2921/680/2546 2920/708/2547
f 2937/677/2548 2871/1968/2549 2928/667/2550
f 2921/680/2546 2874/2200/2551 2934/678/2552
f 2927/2201/2553 2937/677/2554 2926/676/2555
f 2930/752/2556 2931/2198/2544 2929/707/2543
f 2884/2194/2529 2912/705/2557 2878/650/2558
f 2887/2197/2539 2913/698/2559 2882/722/2535
f 2877/647/2560 2915/693/2561 2884/2194/2529
f 2880/717/2538 2916/750/2562 2887/2197/2539
f 2889/2195/2532 2914/703/2563 2918/694/2564
f 2906/731/2565 2869/2199/2545 2920/708/2547
f 2910/728/2566 2919/672/2542 2931/2198/2544
f 2767/591/2502 2768/2167/2474 2793/2169/2476
f 2804/2170/2477 2764/2180/2504 2787/40/2478
f 2779/2173/2486 2814/2202/2567 2826/1958/2487
f 2819/1959/2568 2784/443/2569 2820/444/2570
f 2815/2174/2489 2829/225/2492 2816/227/2490
f 2779/2173/2486 2813/1875/2488 2829/225/2492
f 2769/2175/2493 2800/2177/2498 2833/155/2494
f 2773/2176/2496 2804/2170/2477 2834/557/2479
f 2800/2177/2498 2769/2175/2493 2795/2178/2499
f 2793/2169/2476 2837/1859/2571 2797/1861/2501
f 2843/41/2503 2787/40/2478 2764/2180/2504
f 2847/630/2572 2856/2203/2573 2846/1926/2574
f 2858/1940/2517 2849/2182/2506 2859/611/2575
f 2849/2182/2506 2858/1940/2517 2867/2183/2507
f 2857/2184/2508 2867/2183/2507 2855/2185/2509
f 2867/2183/2507 2875/1963/2518 2925/2187/2511
f 2848/2186/2510 2855/2185/2509 2868/2188/2512
f 2853/1942/2513 2868/2188/2512 2854/1925/2516
f 2855/2185/2509 2925/2187/2511 2932/2189/2514
f 2868/2188/2512 2932/2189/2514 2923/1943/2515
f 2799/629/2576 2856/2203/2573 2847/630/2572
f 2890/2204/2577 2891/645/2578 2888/644/2579
f 2895/2192/2522 2886/718/2537 2881/719/2523
f 2899/648/2528 2877/647/2560 2884/2194/2529
f 2892/1965/2531 2900/2205/2580 2889/2195/2532
f 2902/748/2534 2887/2197/2539 2882/722/2535
f 2903/1953/2541 2885/721/2540 2880/717/2581
f 2901/2196/2536 2882/722/2535 2886/718/2537
f 2898/652/2530 2884/2194/2529 2878/650/2558
f 2896/2193/2527 2879/716/2526 2885/721/2540
f 2869/2199/2545 2870/2206/2582 2921/680/2546
f 2921/680/2546 2870/2206/2582 2874/2200/2551
f 2927/2201/2553 2936/1967/2583 2937/677/2554
f 2928/667/2550 2871/1968/2549 2876/710/2584
f 2930/752/2556 2873/729/2585 2931/2198/2544
f 2884/2194/2529 2915/693/2561 2912/705/2557
f 2887/2197/2539 2916/750/2562 2913/698/2559
f 2883/720/2533 2889/2195/2532 2918/694/2564
f 2906/731/2565 2845/2207/641 2869/2199/2545
f 2910/728/2566 2931/2198/2544 2873/729/2585
f 2943/2208/2586 2941/875/2587 2940/890/2588
f 2972/2209/2589 2967/2210/2590 2963/2211/2591
f 2983/2212/2592 2981/2213/2593 2980/2214/2594
f 2998/2215/2595 2995/1503/2596 2997/2216/2597
f 2998/2215/2595 2999/2149/2598 2996/1502/2599
f 3006/2217/2600 3003/1548/2601 3002/1547/2602
f 3000/1533/2603 3017/2218/2604 3016/1545/2605
f 3009/2219/2606 3005/2038/2607 3001/1839/2608
f 3007/2220/2609 3010/2151/2610 3003/1548/2601
f 3011/2052/2611 3006/2217/2600 3002/1547/2602
f 3016/1545/2605 3009/2219/2606 3001/1839/2608
f 3027/1584/2612 3021/1607/2613 3028/2221/2614
f 3030/1633/2615 3035/2222/2616 3031/1848/2617
f 3032/1634/2618 3037/2223/2619 3036/2224/2620
f 3038/2161/2621 3037/2223/2619 3033/1635/2622
f 3047/2225/2623 3053/2111/2624 3052/2110/2625
f 3073/2226/2626 3055/1709/2627 3072/1711/2628
f 3074/2227/2629 3059/2127/2630 3075/1714/2631
f 2943/2208/2586 2942/1973/2632 2941/875/2587
f 2954/1288/2633 2943/2208/2586 2940/890/2588
f 2994/1812/2634 2993/1811/2635 2975/2228/2636
f 2998/2215/2595 2996/1502/2599 2995/1503/2596
f 3006/2217/2600 3007/2220/2609 3003/1548/2601
f 3000/1533/2603 3008/2042/2637 3017/2218/2604
f 3009/2219/2606 3013/2229/2638 3005/2038/2607
f 3007/2220/2609 3014/2230/2639 3010/2151/2610
f 3011/2052/2611 3015/2231/2640 3006/2217/2600
f 3016/1545/2605 3017/2218/2604 3009/2219/2606
f 3018/1591/2641 3027/1584/2612 3028/2221/2614
f 3022/2232/2642 3023/2233/2643 3024/2234/2644
f 3030/1633/2615 3034/2235/2645 3035/2222/2616
f 3032/1634/2618 3033/1635/2622 3037/2223/2619
f 3038/2161/2621 3039/2236/2646 3037/2223/2619
f 3040/1672/2647 3041/2237/2648 3042/1673/2649
f 3047/2225/2623 3046/2238/2650 3053/2111/2624
f 3073/2226/2626 3061/2120/2651 3055/1709/2627
f 3074/2227/2629 3062/2239/2652 3059/2127/2630
f 2960/2136/2653 2959/2240/2654 3076/1752/2655
f 3132/2150/2656 3133/2241/2657 3131/1546/2658
f 3136/1536/2659 3133/2241/2657 3135/2045/2660
f 3144/2077/2661 3139/2242/2662 3143/2156/2663
f 3178/1794/2664 3113/2243/2665 3177/1792/2666
f 3127/2215/2667 3129/2244/2668 3128/2149/2669
f 3132/2150/2656 3134/2245/2670 3133/2241/2657
f 3136/1536/2659 3131/1546/2658 3133/2241/2657
f 3144/2077/2661 3138/2246/2671 3139/2242/2662
f 3175/1779/2672 3176/1778/2673 3112/2247/2674
f 3303/591/2675 3316/590/2676 3317/2248/2677
f 3328/608/2678 3324/469/2679 3330/2172/2680
f 3308/2249/2681 3332/155/2682 3318/2177/2683
f 3333/132/2684 3308/2249/2681 3320/560/2685
f 3319/2250/2686 3320/560/2685 3308/2249/2681
f 3308/2249/2681 3335/2179/2687 3319/2250/2686
f 3306/589/2688 3317/2248/2677 3316/590/2676
f 3315/2251/2689 3313/1918/2690 3305/2252/2691
f 3315/2251/2689 3323/65/2692 3336/67/2693
f 3305/2252/2691 3337/1920/2694 3314/2253/2695
f 3386/1947/2696 3343/621/2697 3349/1938/2698
f 3346/626/2699 3355/2254/2700 3381/2255/2701
f 3352/2256/2702 3350/745/2703 3358/2257/2704
f 3348/1930/2705 3381/2255/2701 3387/1935/2706
f 3371/2258/2707 3362/1965/2708 3366/1950/2709
f 3367/2259/2710 3369/2260/2711 3339/2261/2712
f 3367/2259/2710 3363/1952/2713 3368/2262/2714
f 3383/656/2715 3378/2263/2511 3377/659/2716
f 3384/678/2717 3376/2264/2718 3375/655/2719
f 3357/2265/2720 3379/676/2721 3385/657/2722
f 3375/655/2719 3382/2266/2723 3383/656/2715
f 3378/2263/2511 3385/657/2722 3377/659/2716
f 3304/2167/2724 3303/591/2675 3317/2248/2677
f 3308/2249/2681 3322/131/2725 3332/155/2682
f 3333/132/2684 3322/131/2725 3308/2249/2681
f 3319/2250/2686 3334/2267/2726 3320/560/2685
f 3308/2249/2681 3318/2177/2683 3335/2179/2687
f 3306/589/2688 3307/1960/2727 3317/2248/2677
f 3315/2251/2689 3336/67/2693 3313/1918/2690
f 3315/2251/2689 3310/2176/2728 3323/65/2692
f 3305/2252/2691 3313/1918/2690 3337/1920/2694
f 3386/1947/2696 3353/1946/2729 3343/621/2697
f 3346/626/2699 3347/625/2730 3355/2254/2700
f 3349/1938/2698 3343/621/2697 3340/1939/2731
f 3345/620/2732 3340/1939/2731 3343/621/2697
f 3352/2256/2702 3342/1928/2733 3350/745/2703
f 3354/1944/2734 3358/2257/2704 3350/745/2703
f 3348/1930/2705 3346/626/2699 3381/2255/2701
f 3351/622/2735 3343/621/2697 3353/1946/2729
f 3367/2259/2710 3368/2262/2714 3369/2260/2711
f 3367/2259/2710 3365/1951/2736 3363/1952/2713
f 3383/656/2715 3382/2266/2723 3378/2263/2511
f 3384/678/2717 3356/2200/2737 3376/2264/2718
f 3357/2265/2720 3380/2201/2738 3379/676/2721
f 3375/655/2719 3376/2264/2718 3382/2266/2723
f 3378/2263/2511 3357/2265/2720 3385/657/2722
f 3400/2268/2739 3401/560/2740 3426/2267/2741
f 3413/454/2742 3395/636/2743 3412/2269/2744
f 3414/1959/2745 3415/444/2746 3422/2270/2747
f 3428/2271/2712 3399/2169/2748 3398/2168/2749
f 3397/610/2750 3435/2272/2751 3432/1964/2752
f 3411/237/2753 3430/2273/2754 3433/746/2755
f 3412/2269/2744 3431/635/2756 3434/2190/2757
f 3394/380/2758 3436/2274/2759 3430/2273/2754
f 3427/379/2760 3432/1964/2761 3436/2274/2759
f 3441/2204/2762 3439/644/2763 3438/2275/2764
f 3443/2205/2765 3438/2275/2764 3440/2195/2766
f 3447/2258/2767 3446/1966/2768 3445/1954/2769
f 3438/2275/2764 3450/686/2770 3449/703/2771
f 3400/2268/2739 3388/559/2772 3401/560/2740
f 3413/454/2742 3412/2269/2744 3396/2171/2773
f 3419/2172/2774 3410/469/2775 3393/468/2776
f 3428/2271/2712 3444/2276/2777 3399/2169/2748
f 3396/2171/2773 3412/2269/2744 3434/2190/2757
f 3397/610/2750 3418/609/2778 3435/2272/2751
f 3411/237/2753 3394/380/2758 3430/2273/2754
f 3412/2269/2744 3395/636/2743 3431/635/2756
f 3394/380/2758 3427/379/2760 3436/2274/2759
f 3447/2258/2767 3445/1954/2769 3442/1965/2779
f 3443/2205/2765 3441/2204/2762 3438/2275/2764
f 3447/2258/2767 3429/2277/2780 3446/1966/2768
f 3438/2275/2764 3439/644/2763 3450/686/2770
f 3440/2195/2766 3438/2275/2764 3449/703/2771
f 3451/1973/2781 3453/1371/2782 3454/891/2783
f 3465/1288/2784 3453/1371/2782 3452/2208/2785
f 3497/2278/2786 3480/2211/2787 3479/2279/2788
f 3482/2280/2789 3491/1806/2790 3481/2281/2791
f 3490/1399/2792 3483/2282/2793 3503/2283/2794
f 3503/2283/2794 3499/1391/2795 3490/1399/2792
f 3491/1806/2790 3485/2284/2796 3481/2281/2791
f 3506/2285/2797 3497/2278/2786 3505/2286/2798
f 3496/2209/2799 3493/1390/2800 3489/1389/2801
f 3497/2278/2786 3487/2287/2802 3505/2286/2798
f 3539/2288/2803 3722/1811/2804 3522/2289/2805
f 3523/1409/2806 3515/2290/2807 3538/2001/2808
f 3541/2291/2809 3520/2292/2810 3534/1810/2811
f 3543/2293/2812 3723/1812/2813 3725/2294/2814
f 3722/1811/2804 3526/1813/2815 3522/2289/2805
f 3723/1812/2813 3529/2228/2816 3530/2295/2817
f 3531/2296/2818 3512/2297/2819 3529/2228/2816
f 3531/2296/2818 3722/1811/2804 3724/2298/2820
f 3514/2299/2821 3524/1808/2822 3513/1807/2823
f 3510/2300/2824 3522/2289/2805 3526/1813/2815
f 3542/2301/2825 3530/2295/2817 3535/2302/2826
f 3574/2303/2827 3570/20/2828 3562/1420/2829
f 3578/2304/2830 3568/2305/2831 3577/2306/2832
f 3569/2307/2833 3550/2308/2834 3567/2309/2835
f 3570/20/2836 3545/2310/2837 3571/1419/2838
f 3552/2311/2839 3563/1817/2840 3551/1818/2841
f 3568/2305/2831 3550/2308/2834 3549/2312/2842
f 3598/2313/2843 3583/2314/2844 3596/2315/2845
f 3600/1442/2846 3580/2008/2847 3579/2316/2848
f 3597/2317/2849 3583/2314/2844 3582/2318/2850
f 3581/1435/2851 3591/10/2852 3593/1433/2853
f 3596/2315/2845 3593/1433/2853 3591/10/2852
f 3597/2317/2849 3589/2319/2854 3601/2320/2855
f 3626/1457/2856 3614/2321/2857 3641/2322/2858
f 3642/1452/2859 3632/2323/2860 3625/1450/2861
f 3641/2322/2858 3635/1455/2862 3626/1457/2856
f 3644/2324/2863 3623/2325/2864 3637/1824/2865
f 3634/2326/2866 3611/2213/2867 3632/2323/2860
f 3635/1455/2862 3615/2327/2868 3608/2328/2869
f 3636/2329/2870 3608/2328/2869 3607/2330/2871
f 3613/1827/2872 3627/1456/2873 3612/2331/2874
f 3633/2212/2875 3625/1450/2861 3632/2323/2860
f 3633/2212/2876 3622/2332/2877 3638/2333/2878
f 3664/2334/2879 3654/2335/2880 3679/2336/2881
f 3542/2301/2825 3723/1812/2813 3530/2295/2817
f 3679/2336/2881 3673/24/2882 3664/2334/2879
f 3682/2337/2883 3661/2338/2884 3674/2339/2885
f 3667/1467/2886 3657/2340/2887 3648/1468/2888
f 3672/2341/2889 3651/2342/2890 3670/2343/2891
f 3653/2344/2892 3665/2345/2893 3652/2346/2894
f 3673/24/2882 3665/2345/2893 3664/2334/2879
f 3670/2343/2891 3650/2347/2895 3671/2348/2896
f 3671/2348/2896 3663/1828/2897 3670/2343/2891
f 3671/2348/2896 3660/2349/2898 3675/2350/2899
f 3718/2351/2900 3711/1832/2901 3717/2352/2902
f 3701/1477/2903 3693/2353/2904 3714/1475/2905
f 3715/2354/2906 3707/2355/2907 3700/2146/2908
f 3702/1480/2909 3697/2356/2910 3691/2357/2911
f 3720/2358/2912 3708/2359/2913 3719/2360/2914
f 3704/1482/2915 3698/2361/2916 3687/1483/2917
f 3700/2146/2908 3696/2362/2918 3715/2354/2906
f 3703/1479/2919 3721/2363/2920 3716/2145/2921
f 3707/2355/2907 3695/2364/2922 3690/2365/2923
f 3708/2359/2913 3699/2366/2924 3719/2360/2914
f 3711/1832/2925 3686/2012/2926 3685/2367/2927
f 3691/2357/2911 3701/1477/2903 3702/1480/2909
f 3707/2355/2907 3689/2368/2928 3708/2359/2913
f 3708/2359/2913 3700/2146/2908 3707/2355/2907
f 3728/2032/2929 3727/2216/2930 3726/1503/2931
f 3730/1591/2932 3739/2221/2933 3736/2060/2934
f 3737/2233/2935 3731/2369/2936 3738/2234/2937
f 3744/2235/2938 3747/2090/2939 3750/2370/2940
f 3748/2091/2941 3745/2222/2942 3751/2371/2943
f 3749/2160/2944 3746/2224/2945 3752/2372/2946
f 3754/2237/2947 3758/1696/2948 3762/2373/2949
f 3760/2238/2950 3765/2374/2951 3764/2375/2952
f 3756/2376/2953 3764/2375/2952 3765/2374/2951
f 3770/1719/2954 3775/2377/2955 3771/1858/2956
f 3791/1718/2957 3779/2378/2958 3768/1708/2959
f 3768/1708/2959 3792/2379/2960 3793/1710/2961
f 3778/2380/2962 3797/1714/2963 3769/1713/2964
f 3774/2381/2965 3780/2382/1741 3784/2383/2966
f 3781/2124/2967 3775/2377/2955 3785/2384/2968
f 3789/1716/2969 3778/2380/2962 3769/1713/2964
f 3793/1710/2961 3780/2382/1741 3770/1719/2954
f 3776/2385/2970 3786/1738/2971 3787/1737/2972
f 3804/1779/2973 3473/2247/2974 3800/1756/2975
f 3470/2240/2976 3799/2135/2977 3801/1752/2978
f 3472/2137/2979 3800/1756/2975 3473/2247/2974
f 3806/1759/2980 3807/2140/2981 3474/2243/2982
f 3451/1973/2781 3452/2208/2785 3453/1371/2782
f 3497/2278/2786 3496/2209/2799 3480/2211/2787
f 3482/2280/2789 3490/1399/2792 3491/1806/2790
f 3490/1399/2792 3482/2280/2789 3483/2282/2793
f 3503/2283/2794 3502/2386/2983 3499/1391/2795
f 3491/1806/2790 3504/1402/2984 3485/2284/2796
f 3506/2285/2797 3493/1390/2800 3497/2278/2786
f 3493/1390/2800 3506/2285/2797 3486/1396/2985
f 3496/2209/2799 3497/2278/2786 3493/1390/2800
f 3497/2278/2786 3479/2279/2788 3487/2287/2802
f 3496/2209/2986 3498/2387/2987 3484/2210/2988
f 3539/2288/2803 3724/2298/2820 3722/1811/2804
f 3541/2291/2809 3524/1808/2989 3533/1408/2990
f 3523/1409/2806 3514/2299/2821 3515/2290/2807
f 3524/1808/2989 3541/2291/2809 3534/1810/2811
f 3541/2291/2809 3517/2388/2991 3520/2292/2810
f 3543/2293/2812 3526/1813/2992 3723/1812/2813
f 3531/2296/2818 3516/2389/2993 3512/2297/2819
f 3531/2296/2818 3529/2228/2816 3722/1811/2804
f 3514/2299/2821 3523/1409/2806 3524/1808/2822
f 3530/2295/2817 3529/2228/2816 3512/2297/2819
f 3510/2300/2824 3511/2390/2994 3522/2289/2805
f 3519/2391/2995 3535/2302/2826 3530/2295/2817
f 3566/1421/2996 3547/1423/2997 3556/2003/2998
f 3571/1419/2838 3545/2310/2837 3555/2392/2999
f 3576/1411/3000 3554/2393/3001 3559/1412/3002
f 3578/2304/2830 3564/2394/3003 3568/2305/2831
f 3569/2307/2833 3553/2395/3004 3550/2308/2834
f 3575/2396/3005 3569/2307/2833 3567/2309/2835
f 3552/2311/2839 3562/1420/3006 3563/1817/2840
f 3568/2305/2831 3567/2309/2835 3550/2308/2834
f 3567/2309/2835 3568/2305/2831 3564/2394/3003
f 3557/2397/3007 3577/2306/3008 3560/2398/3009
f 3568/2305/2831 3549/2312/2842 3558/2399/3010
f 3600/1442/2846 3579/2316/2848 3587/2400/3011
f 3597/2317/2849 3596/2315/2845 3583/2314/2844
f 3596/2315/2845 3597/2317/2849 3593/1433/2853
f 3588/2401/3012 3605/2402/3013 3590/2403/3014
f 3605/2402/3013 3597/2317/2849 3601/2320/2855
f 3597/2317/2849 3582/2318/2850 3589/2319/2854
f 3601/2320/2855 3590/2403/3014 3605/2402/3013
f 3644/2324/2863 3627/1456/3015 3636/2329/2870
f 3626/1457/2856 3613/1827/3016 3614/2321/2857
f 3642/1452/2859 3634/2326/2866 3632/2323/2860
f 3641/2322/2858 3640/2404/3017 3635/1455/2862
f 3636/2329/2870 3607/2330/2871 3619/2405/3018
f 3612/2331/2874 3627/1456/2873 3621/1825/3019
f 3627/1456/3015 3644/2324/2863 3637/1824/2865
f 3644/2324/2863 3618/2406/3020 3623/2325/2864
f 3634/2326/2866 3616/2407/3021 3611/2213/2867
f 3635/1455/2862 3640/2404/3017 3615/2327/2868
f 3636/2329/2870 3635/1455/2862 3608/2328/2869
f 3635/1455/2862 3636/2329/2870 3627/1456/3015
f 3633/2212/2875 3632/2323/2860 3611/2213/2867
f 3633/2212/2875 3629/2408/3022 3625/1450/2861
f 3645/2409/3023 3633/2212/2876 3638/2333/2878
f 3633/2212/2876 3610/2214/3024 3622/2332/2877
f 3664/2334/2879 3653/2344/2892 3654/2335/2880
f 3542/2301/2825 3725/2294/2814 3723/1812/2813
f 3679/2336/2881 3678/25/3025 3673/24/2882
f 3652/2346/2894 3665/2345/2893 3659/2410/3026
f 3665/2345/2893 3682/2337/2883 3674/2339/2885
f 3674/2339/2885 3659/2410/3026 3665/2345/2893
f 3672/2341/2889 3655/2411/3027 3651/2342/2890
f 3653/2344/2892 3664/2334/2879 3665/2345/2893
f 3670/2343/2891 3651/2342/2890 3650/2347/2895
f 3669/1470/3028 3668/1469/3029 3649/2412/3030
f 3671/2348/2896 3667/1467/3031 3663/1828/2897
f 3683/2413/3032 3671/2348/2896 3675/2350/2899
f 3671/2348/2896 3650/2347/2895 3660/2349/2898
f 3718/2351/2900 3702/1480/2909 3711/1832/2901
f 3701/1477/2903 3692/2414/3033 3693/2353/2904
f 3715/2354/2906 3709/2415/3034 3707/2355/2907
f 3714/1475/3035 3713/2416/3036 3710/1476/3037
f 3702/1480/2909 3718/2351/2900 3697/2356/2910
f 3720/2358/2912 3704/1482/2915 3708/2359/2913
f 3704/1482/2915 3720/2358/2912 3698/2361/2916
f 3700/2146/2908 3688/1481/3038 3696/2362/2918
f 3703/1479/2919 3706/1833/3039 3721/2363/2920
f 3707/2355/2907 3709/2415/3034 3695/2364/2922
f 3708/2359/2913 3689/2368/2928 3699/2366/2924
f 3710/1476/3037 3713/2416/3036 3694/2011/3040
f 3711/1832/2925 3710/1476/3041 3686/2012/2926
f 3691/2357/2911 3692/2414/3033 3701/1477/2903
f 3707/2355/2907 3690/2365/2923 3689/2368/2928
f 3708/2359/2913 3704/1482/2915 3700/2146/2908
f 3728/2032/2929 3729/2417/3042 3727/2216/2930
f 3737/2233/2935 3732/2418/3043 3731/2369/2936
f 3744/2235/2938 3741/1633/3044 3747/2090/2939
f 3748/2091/2941 3742/1848/3045 3745/2222/2942
f 3749/2160/2944 3743/1634/3046 3746/2224/2945
f 3754/2237/2947 3753/1672/3047 3758/1696/2948
f 3760/2238/2950 3761/2225/3048 3765/2374/2951
f 3756/2376/2953 3757/2419/3049 3764/2375/2952
f 3770/1719/2954 3774/2381/2965 3775/2377/2955
f 3791/1718/2957 3790/2123/3050 3779/2378/2958
f 3768/1708/2959 3779/2378/2958 3792/2379/2960
f 3778/2380/2962 3796/2227/3051 3797/1714/2963
f 3774/2381/2965 3770/1719/2954 3780/2382/1741
f 3781/2124/2967 3771/1858/2956 3775/2377/2955
f 3789/1716/2969 3788/2129/3052 3778/2380/2962
f 3793/1710/2961 3792/2379/2960 3780/2382/1741
f 3781/2124/3053 3795/2226/3054 3794/1711/3055
f 3776/2385/2970 3777/2420/3056 3786/1738/2971
f 3803/1749/3057 3471/2421/3058 3802/2139/3059
f 3470/2240/2976 3798/2422/3060 3799/2135/2977
f 3805/1794/3061 3806/1759/2980 3474/2243/2982
f 3822/444/3062 3813/2423/3063 3829/2270/3064
f 3824/608/3065 3833/2424/3066 3825/609/3067
f 3808/2425/3068 3828/295/3069 3814/1897/3070
f 3836/2426/3071 3826/2172/3072 3837/2427/3073
f 3833/2424/3066 3834/2272/3074 3825/609/3067
f 3822/444/3062 3808/2425/3068 3813/2423/3063
f 3824/608/3065 3836/2426/3071 3833/2424/3066
f 3808/2425/3068 3822/444/3062 3828/295/3069
f 3836/2426/3071 3824/608/3065 3826/2172/3072
f 3833/2424/3066 3835/2428/3075 3834/2272/3074
f 3869/2429/3076 3863/2209/3077 3859/1389/3078
f 3865/1391/3079 3856/2430/3080 3853/1805/3081
f 3862/1400/3082 3857/2431/3083 3870/1397/3084
f 3897/2291/3085 3888/1408/3086 3896/2432/3087
f 3887/1406/3088 3875/2433/3089 3872/1814/3090
f 3886/2295/3091 3874/2297/3092 3873/2434/3093
f 3927/1411/3094 3920/1419/3095 3926/2435/3096
f 3912/1424/3097 3906/2436/3098 3923/2005/3099
f 3914/1420/3100 3905/2437/3101 3925/2303/3102
f 3920/1419/3095 3908/2392/3103 3926/2435/3096
f 3915/2394/3104 3909/2438/3105 3902/2439/3106
f 3916/1821/3107 3907/2440/3108 3903/1422/3109
f 3902/2439/3106 3913/2441/3110 3915/2394/3104
f 3917/2309/3111 3915/2394/3104 3913/2441/3110
f 3918/2305/3112 3910/2399/3113 3921/2442/3114
f 3950/1428/3115 3944/1442/3116 3949/2443/3117
f 3948/12/3118 3940/2315/3119 3935/10/3120
f 3952/2444/3121 3941/2317/3122 3951/2402/3123
f 3974/2324/3124 3969/2329/3125 3973/2445/3126
f 3962/1448/3127 3957/2446/3128 3971/1449/3129
f 3969/2329/3125 3959/2405/3130 3973/2445/3126
f 3976/2447/3131 3968/2212/3132 3975/2409/3133
f 3954/9/3134 3962/1448/3127 3964/7/3135
f 4005/2337/3136 3998/1463/3137 4004/2448/3138
f 4002/2449/3139 3994/2343/3140 3988/1828/3141
f 3998/1463/3137 3983/2450/3142 4004/2448/3138
f 4007/2451/3143 3995/2348/3144 4006/2413/3145
f 3988/1828/3141 3981/1829/3146 4002/2449/3139
f 4017/1832/3147 4013/2452/3148 4019/2352/3149
f 4016/1833/3150 4014/2453/3151 4020/2363/3152
f 4016/1833/3150 4011/2454/3153 4010/2455/3154
f 4015/1484/3155 4012/2456/3156 4011/2454/3153
f 4021/2246/3157 4026/2457/3158 4022/2242/3159
f 4023/2232/3160 4025/2234/3161 4024/2458/3162
f 4027/2459/3163 4024/2458/3162 4026/2457/3158
f 4030/2460/3164 4033/2461/3165 4032/2462/3166
f 4028/2463/3167 4033/2461/3165 4029/2464/3168
f 4030/2460/3164 4035/2108/3169 4031/2465/3170
f 4038/2466/3171 4037/2127/3172 4039/2467/3173
f 4040/2239/3174 4039/2467/3173 4037/2127/3172
f 4041/2166/3175 4038/2466/3171 4043/2468/3176
f 3869/2429/3076 3864/2387/3177 3863/2209/3077
f 3865/1391/3079 3868/2386/3178 3856/2430/3080
f 3862/1400/3082 3854/1998/3179 3857/2431/3083
f 3893/2001/3180 3892/2469/3181 3887/1406/3088
f 3887/1406/3088 3892/2469/3181 3875/2433/3089
f 3873/2434/3093 3878/2391/3182 3886/2295/3091
f 3883/1813/3183 3898/2293/3184 3876/2470/3185
f 3912/1424/3097 3901/1414/3186 3906/2436/3098
f 3914/1420/3100 3904/2311/3187 3905/2437/3101
f 3925/2303/3188 3924/21/3189 3919/20/3190
f 3916/1821/3107 3922/1820/3191 3907/2440/3108
f 3928/2306/3192 3918/2305/3112 3921/2442/3114
f 3921/2442/3114 3911/2398/3193 3928/2306/3192
f 3948/12/3118 3942/2313/3194 3940/2315/3119
f 3947/2006/3195 3946/2471/3196 3943/1444/3197
f 3952/2444/3121 3937/1433/3198 3941/2317/3122
f 3937/1433/3198 3952/2444/3121 3934/1434/3199
f 3942/2313/3200 3933/2472/3201 3930/2314/3202
f 3943/1444/3197 3946/2471/3196 3932/2007/3203
f 3962/1448/3127 3955/2473/3204 3957/2446/3128
f 3976/2447/3131 3965/2408/3205 3968/2212/3132
f 3954/9/3134 3955/2473/3204 3962/1448/3127
f 3956/1826/3206 3963/1450/3207 3965/2408/3208
f 3960/2474/3209 3975/2409/3210 3961/2475/3211
f 3970/2333/3212 3961/2475/3211 3975/2409/3210
f 4005/2337/3136 3989/2345/3213 3998/1463/3137
f 4002/2449/3139 3996/2341/3214 3994/2343/3140
f 3998/1463/3137 3978/1465/3215 3983/2450/3142
f 4005/2337/3216 3982/2476/3217 3985/2338/3218
f 4007/2451/3143 3991/1467/3219 3995/2348/3144
f 3997/24/3220 3998/1463/3137 3989/2345/3213
f 3984/2477/3221 4006/2413/3222 3986/2478/3223
f 3999/2350/3224 3986/2478/3223 4006/2413/3222
f 4017/1832/3147 4009/2367/3225 4013/2452/3148
f 4016/1833/3150 4010/2455/3154 4014/2453/3151
f 4016/1833/3150 4015/1484/3155 4011/2454/3153
f 4015/1484/3155 4018/1474/3226 4012/2456/3156
f 4021/2246/3157 4027/2459/3163 4026/2457/3158
f 4027/2459/3163 4023/2232/3160 4024/2458/3162
f 4030/2460/3164 4031/2465/3170 4033/2461/3165
f 4028/2463/3167 4032/2462/3166 4033/2461/3165
f 4030/2460/3164 4034/2107/3227 4035/2108/3169
f 4038/2466/3171 4036/2125/3228 4037/2127/3172
f 4040/2239/3174 4042/2479/3229 4039/2467/3173
f 4041/2166/3175 4036/2125/3228 4038/2466/3171
usemtl Body
f 1947/2480/3230 1949/2481/3231 1960/2482/3232
f 1947/2480/3230 1960/2482/3232 1961/2483/3233
f 1946/2484/3234 1950/2485/3235 1949/2481/3231
f 1946/2484/3234 1949/2481/3231 1947/2480/3230
f 1961/2483/3233 1962/2486/3236 1952/2487/3237
f 1961/2483/3233 1952/2487/3237 1947/2480/3230
f 1947/2480/3230 1952/2487/3237 1951/2488/3238
f 1947/2480/3230 1951/2488/3238 1946/2484/3234
f 1952/2489/3237 1953/2490/3239 1951/2491/3238
f 1950/2492/3235 1946/2493/3234 1955/2494/3240
f 1950/2492/3235 1955/2494/3240 1957/2495/3241
f 1948/2496/3242 1950/2492/3235 1957/2495/3241
f 1948/2496/3242 1957/2495/3241 1956/2497/3243
f 1954/2498/3244 1948/2496/3242 1956/2497/3243
f 1951/2499/3238 1953/2500/3239 1958/2501/3245
f 1964/2502/3246 1961/2483/3233 1960/2482/3232
f 1964/2502/3246 1960/2482/3232 1966/2503/3247
f 1963/2504/3248 1964/2502/3246 1966/2503/3247
f 1963/2504/3248 1966/2503/3247 1967/2505/3249
f 1961/2483/3233 1964/2502/3246 1969/2506/3250
f 1961/2483/3233 1969/2506/3250 1962/2486/3236
f 1964/2502/3246 1963/2504/3248 1968/2507/3251
f 1964/2502/3246 1968/2507/3251 1969/2506/3250
f 1967/2508/3249 1972/2509/3252 1970/2510/3253
f 1967/2508/3249 1970/2510/3253 1963/2511/3248
f 1965/2512/3254 1971/2513/3255 1972/2509/3252
f 1965/2512/3254 1972/2509/3252 1967/2508/3249
l 1 5
l 25 28
l 57 68
l 57 396
l 721 735
l 785 796
l 1433 1438
l 1529 1532
l 1433 1434
l 1721 1724
l 1977 2030
l 2009 2149
l 2009 2080
l 2001 2062
l 2241 2250
l 2241 2251
l 2209 2237
l 1977 1978
l 2233 2235
l 2377 2386
l 2425 2435
l 2433 2434
l 2449 2457
l 2489 2490
l 2625 2626
l 2697 2726
l 2697 2727
l 2465 2474
l 2585 2611
l 2593 2612
l 2593 2606
l 2753 2754
l 2809 2832
l 2777 2811
l 2825 2911
l 2865 2938
l 2817 2860
l 2945 2946
l 2961 2970
l 3025 3026
l 3041 3048
l 3057 3060
l 3065 3066
l 2953 2958
l 3089 3093
l 3081 3088
l 3097 3106
l 3169 3170
l 3113 3179
l 3121 3124
l 3137 3141
l 3153 3154
l 3185 3186
l 3193 3194
l 3201 3202
l 3209 3210
l 3193 3195
l 3209 3215
l 3225 3229
l 3233 3234
l 3273 3276
l 3281 3286
l 3289 3299
l 3289 3295
l 3321 3331
l 3361 3364
l 3409 3423
l 3417 3419
l 3417 3418
l 3457 3459
l 3521 3537
l 3521 3525
l 3561 3573
l 3585 3599
l 3609 3629
l 3617 3630
l 3681 3682
l 3705 3712
l 3705 3706
l 3817 3823
l 3809 3818
l 3841 3844
l 3881 3894
l 3993 4008
l 3929 3935
l 4049 4050
l 2 10
l 42 47
l 170 406
l 474 574
l 178 531
l 1458 1468
l 1570 1575
l 1818 1822
l 1978 2025
l 2002 2135
l 2066 2135
l 2218 2219
l 2234 2236
l 2234 2237
l 2226 2239
l 2242 2249
l 2194 2202
l 2370 2381
l 2378 2379
l 2418 2422
l 2434 2441
l 2426 2427
l 2442 2454
l 2594 2611
l 2698 2728
l 2746 2753
l 2362 2363
l 2378 2383
l 2762 2842
l 2802 2828
l 2810 2830
l 2770 2798
l 2794 2838
l 2794 2839
l 2786 2824
l 2866 2872
l 2786 2852
l 2850 2861
l 2922 2933
l 2922 2934
l 2914 2917
l 2770 2771
l 2890 2900
l 2946 2948
l 2962 2963
l 2978 2979
l 2986 2987
l 3050 3051
l 3058 3059
l 2962 2969
l 3058 3063
l 3082 3093
l 3098 3099
l 3114 3115
l 3122 3123
l 3154 3159
l 3106 3110
l 3114 3116
l 3138 3145
l 3146 3149
l 3226 3232
l 3266 3269
l 3274 3277
l 3282 3287
l 3298 3299
l 3266 3270
l 3282 3285
l 3290 3291
l 3330 3372
l 3338 3341
l 3370 3371
l 3402 3421
l 3458 3461
l 3586 3591
l 3594 3595
l 3666 3680
l 3546 3561
l 3594 3602
l 3658 3683
l 3818 3832
l 3810 3831
l 3850 3851
l 3858 3867
l 3882 3895
l 3938 3939
l 3858 3860
l 3938 3945
l 3 7
l 59 396
l 59 69
l 179 414
l 531 534
l 787 796
l 1475 1484
l 1475 1476
l 1971 1974
l 2067 2133
l 2107 2108
l 2243 2252
l 2243 2250
l 2195 2255
l 2227 2228
l 2323 2324
l 2379 2388
l 2371 2380
l 2395 2399
l 2411 2414
l 2443 2445
l 2539 2570
l 2755 2756
l 2435 2438
l 2427 2430
l 2803 2835
l 2803 2833
l 2811 2831
l 2763 2840
l 2907 2908
l 2947 2950
l 2971 2972
l 3067 3068
l 2971 2973
l 3019 3023
l 3043 3044
l 3091 3092
l 3083 3094
l 3099 3101
l 3147 3150
l 3155 3160
l 3163 3172
l 3171 3172
l 3211 3214
l 3211 3215
l 3227 3231
l 3219 3226
l 3235 3240
l 3243 3244
l 3251 3252
l 3259 3260
l 3283 3286
l 3403 3420
l 3419 3448
l 3435 3437
l 3475 3492
l 3571 3576
l 3595 3606
l 3755 3763
l 3819 3830
l 3811 3832
l 3843 3848
l 3843 3844
l 3939 3953
l 3987 3990
l 3979 3997
l 3931 3936
l 4 8
l 20 22
l 36 39
l 172 406
l 676 702
l 732 733
l 900 901
l 1396 1427
l 1436 1438
l 2012 2082
l 2068 2132
l 2028 2043
l 1980 2030
l 2012 2163
l 2244 2249
l 2340 2341
l 2444 2451
l 2452 2453
l 2468 2469
l 2540 2571
l 2700 2731
l 2700 2722
l 2372 2373
l 2452 2455
l 2756 2757
l 2812 2830
l 2780 2844
l 2820 2828
l 2780 2817
l 2844 2852
l 2892 2905
l 2924 2935
l 2924 2933
l 2772 2801
l 2892 2909
l 2964 2965
l 2964 2968
l 3060 3064
l 2988 2989
l 3004 3012
l 3020 3029
l 3020 3026
l 3084 3089
l 3100 3103
l 3140 3142
l 3148 3151
l 3156 3161
l 3164 3174
l 3164 3170
l 3140 3145
l 3180 3187
l 3188 3189
l 3196 3197
l 3204 3205
l 3220 3231
l 3236 3241
l 3236 3237
l 3268 3269
l 3292 3293
l 3252 3253
l 3260 3261
l 3404 3409
l 3460 3466
l 3460 3461
l 3468 3469
l 3476 3499
l 3532 3538
l 3508 3533
l 3548 3565
l 3628 3643
l 3772 3773
l 3620 3645
l 3668 3676
l 3772 3783
l 3812 3820
l 3820 3831
l 3852 3860
l 3884 3885
l 3900 3919
l 3964 3972
l 3980 3992
l 3980 3993
l 3884 3890
l 4044 4047
l 5 10
l 685 698
l 741 743
l 709 795
l 1501 1505
l 1541 1542
l 1549 1555
l 1517 1518
l 1973 1975
l 2077 2128
l 2013 2082
l 2061 2101
l 2101 2113
l 2205 2219
l 2245 2254
l 2245 2252
l 2205 2235
l 2213 2214
l 2213 2220
l 2325 2326
l 2325 2339
l 2365 2369
l 2381 2387
l 2429 2437
l 2429 2432
l 2453 2459
l 2541 2542
l 2669 2679
l 2333 2341
l 2397 2401
l 2709 2710
l 2805 2838
l 2781 2818
l 2821 2827
l 2765 2790
l 2789 2840
l 2781 2850
l 2893 2904
l 2893 2907
l 2949 2955
l 2949 2950
l 2957 2958
l 3045 3051
l 3069 3070
l 3077 3078
l 2965 2966
l 3045 3049
l 3085 3092
l 3109 3110
l 3117 3118
l 3125 3126
l 3141 3142
l 3149 3152
l 3157 3162
l 3173 3174
l 3157 3160
l 3165 3166
l 3181 3184
l 3213 3214
l 3197 3198
l 3205 3206
l 3229 3230
l 3221 3232
l 3245 3246
l 3309 3320
l 3325 3344
l 3373 3374
l 3405 3416
l 3389 3406
l 3477 3494
l 3477 3495
l 3525 3540
l 3509 3532
l 3669 3684
l 3733 3734
l 3773 3782
l 3565 3572
l 3733 3740
l 3821 3830
l 3845 3846
l 3845 3849
l 3885 3899
l 3861 3866
l 3877 3879
l 3997 4001
l 4045 4051
l 6 9
l 30 31
l 46 51
l 70 172
l 174 411
l 70 174
l 694 697
l 710 785
l 694 698
l 1598 1599
l 1542 1556
l 1662 1674
l 1958 1959
l 2046 2141
l 2062 2136
l 2070 2132
l 2070 2131
l 2022 2108
l 2238 2247
l 2158 2179
l 2198 2248
l 2150 2226
l 2262 2263
l 2262 2334
l 2478 2480
l 2374 2377
l 2430 2439
l 2446 2448
l 2462 2471
l 2534 2571
l 2478 2479
l 2390 2394
l 2470 2473
l 2766 2791
l 2806 2827
l 2774 2809
l 2862 2864
l 2862 2863
l 2926 2935
l 2790 2841
l 2974 2993
l 2982 2983
l 2990 2992
l 3054 3070
l 3054 3071
l 2974 2994
l 2990 2991
l 3022 3029
l 3078 3079
l 3086 3090
l 3102 3107
l 3102 3103
l 3158 3161
l 3118 3119
l 3126 3130
l 3182 3186
l 3190 3191
l 3222 3227
l 3238 3239
l 3238 3242
l 3254 3255
l 3262 3267
l 3294 3295
l 3246 3300
l 3278 3279
l 3326 3327
l 3406 3425
l 3390 3424
l 3462 3463
l 3462 3467
l 3630 3631
l 3662 3677
l 3662 3666
l 3766 3767
l 3478 3489
l 3494 3500
l 3518 3542
l 3838 3847
l 3854 3861
l 3958 3966
l 3966 3967
l 3990 4003
l 4046 4049
l 7 9
l 23 26
l 39 40
l 47 49
l 311 627
l 695 697
l 71 73
l 711 787
l 711 789
l 703 704
l 1455 1461
l 1479 1489
l 1543 1544
l 1815 1819
l 1855 1885
l 1895 1899
l 1439 1440
l 2079 2107
l 2071 2130
l 2071 2131
l 2063 2133
l 2023 2147
l 2183 2184
l 2207 2217
l 2239 2240
l 2247 2248
l 2207 2212
l 2007 2079
l 2215 2229
l 2215 2220
l 2151 2230
l 2319 2321
l 2391 2397
l 2399 2400
l 2415 2416
l 2431 2435
l 2447 2456
l 2447 2450
l 2623 2624
l 2679 2682
l 2703 2704
l 2703 2727
l 2375 2376
l 2415 2419
l 2543 2557
l 2767 2798
l 2807 2812
l 2823 2825
l 2823 2824
l 2775 2831
l 2951 2952
l 2951 2956
l 3079 3080
l 3087 3091
l 3095 3096
l 3167 3168
l 3111 3112
l 3183 3185
l 3199 3200
l 3207 3212
l 3191 3216
l 3223 3230
l 3279 3284
l 3247 3302
l 3247 3301
l 3255 3258
l 3263 3268
l 3271 3274
l 3311 3338
l 3327 3331
l 3311 3325
l 3359 3361
l 3359 3374
l 3415 3421
l 3407 3423
l 3391 3425
l 3455 3464
l 3495 3507
l 3527 3528
l 3599 3603
l 3631 3646
l 3647 3673
l 3735 3738
l 3759 3767
l 3527 3536
l 3735 3740
l 3759 3763
l 3823 3827
l 3815 3827
l 3839 3840
l 3871 3888
l 3967 3977
l 3847 3851
l 3855 3859
l 3879 3889
l 4047 4051
l 56 68
l 56 67
l 280 281
l 704 710
l 1712 1725
l 1968 1973
l 2072 2130
l 2088 2124
l 2072 2129
l 2080 2176
l 2216 2227
l 2240 2251
l 2208 2212
l 2024 2148
l 2200 2244
l 2320 2324
l 2416 2423
l 2432 2440
l 2424 2425
l 2680 2690
l 2376 2381
l 2376 2382
l 2448 2451
l 2472 2476
l 2472 2473
l 2680 2683
l 2760 2761
l 2808 2821
l 2776 2832
l 2864 2939
l 2888 2917
l 2872 2938
l 2944 2953
l 2976 2977
l 3056 3075
l 3056 3068
l 2984 2985
l 3088 3094
l 3104 3105
l 3104 3108
l 3120 3121
l 3184 3187
l 3192 3218
l 3192 3217
l 3200 3203
l 3208 3213
l 3224 3228
l 3248 3249
l 3256 3257
l 3264 3265
l 3272 3275
l 3280 3285
l 3288 3297
l 3296 3297
l 3240 3244
l 3248 3250
l 3264 3270
l 3328 3329
l 3312 3329
l 3312 3341
l 3360 3364
l 3360 3373
l 3416 3420
l 3392 3408
l 3408 3424
l 3456 3457
l 3488 3501
l 3528 3544
l 3600 3604
l 3592 3603
l 3624 3639
l 3624 3628
l 3656 3663
l 3464 3469
l 3488 3492
l 3584 3592
l 3816 3821
l 3840 3842
l 3880 3891
l 3880 3882
l 3936 3947
l 3992 4000
l 4048 4050
