# Blender 4.5.4 LTS
# www.blender.org
mtllib PataTraizq.mtl
o 13463_Australian_Cattle_Dog_v3.003
v 0.529006 1.768885 -0.928640
v 0.529922 1.790541 -0.928516
v 0.547464 1.774397 -0.977033
v 0.508842 1.760744 -0.887277
v 0.528160 1.747657 -0.928911
v 0.507745 1.739443 -0.888463
v 0.527355 1.726329 -0.929277
v 0.547173 1.753305 -0.976682
v 0.546840 1.731850 -0.976449
v 0.563604 1.757059 -1.030760
v 0.563133 1.777909 -1.031426
v 0.563965 1.735609 -1.030291
v 0.576289 1.759521 -1.090131
v 0.574970 1.780080 -1.090750
v 0.584074 1.761320 -1.153765
v 0.577482 1.738222 -1.089720
v 0.578509 1.715853 -1.089360
v 0.586101 1.740307 -1.153679
v 0.588571 1.742452 -1.221094
v 0.587974 1.718128 -1.153557
v 0.591222 1.720572 -1.221325
v 0.589667 1.694440 -1.153255
v 0.591152 1.668912 -1.152599
v 0.579398 1.692057 -1.088917
v 0.593706 1.697117 -1.221208
v 0.591263 1.699602 -1.289726
v 0.595996 1.671740 -1.220611
v 0.594386 1.674418 -1.289271
v 0.597952 1.644663 -1.219690
v 0.597203 1.647452 -1.288353
v 0.599437 1.616131 -1.218590
v 0.592332 1.641764 -1.151719
v 0.580563 1.639339 -1.087394
v 0.593109 1.613245 -1.150730
v 0.593400 1.583587 -1.149734
v 0.580730 1.610874 -1.086447
v 0.563910 1.608671 -1.027359
v 0.580536 1.581327 -1.085481
v 0.579897 1.550933 -1.084540
v 0.563341 1.579345 -1.026424
v 0.562522 1.549188 -1.025391
v 0.543453 1.577387 -0.974308
v 0.522470 1.575197 -0.930877
v 0.542551 1.547645 -0.973324
v 0.544245 1.606314 -0.975027
v 0.523344 1.603440 -0.931070
v 0.544911 1.634204 -0.975533
v 0.524177 1.630676 -0.930953
v 0.564229 1.636958 -1.028177
v 0.545493 1.660862 -0.975876
v 0.564368 1.663942 -1.028874
v 0.525010 1.656736 -0.930619
v 0.546007 1.686051 -0.976110
v 0.546451 1.709575 -0.976284
v 0.525801 1.681382 -0.930175
v 0.564354 1.689430 -1.029446
v 0.564215 1.713199 -1.029874
v 0.505206 1.674886 -0.892910
v 0.526578 1.704404 -0.929716
v 0.505983 1.697123 -0.891340
v 0.506815 1.718444 -0.889835
v 0.485471 1.688325 -0.859917
v 0.484888 1.667132 -0.862798
v 0.465848 1.678547 -0.834195
v 0.486040 1.708716 -0.856910
v 0.486623 1.729014 -0.853707
v 0.465903 1.697641 -0.829276
v 0.465487 1.716663 -0.822981
v 0.448517 1.686350 -0.807634
v 0.449096 1.688424 -0.807847
v 0.448255 1.685410 -0.807509
v 0.447578 1.682991 -0.807411
v 0.442511 1.664876 -0.806616
v 0.447917 1.668380 -0.812935
v 0.447723 1.650073 -0.818077
v 0.447293 1.630314 -0.822900
v 0.436749 1.644276 -0.805607
v 0.465501 1.658676 -0.838350
v 0.465043 1.637364 -0.842381
v 0.484250 1.644454 -0.865652
v 0.464487 1.614835 -0.846153
v 0.483584 1.620530 -0.868316
v 0.446668 1.609383 -0.827327
v 0.463849 1.591369 -0.849548
v 0.463169 1.567177 -0.852456
v 0.482890 1.595556 -0.870682
v 0.445919 1.587573 -0.831307
v 0.445086 1.565160 -0.834804
v 0.429348 1.584571 -0.813623
v 0.428085 1.564021 -0.816975
v 0.419695 1.583290 -0.802189
v 0.430542 1.604630 -0.809791
v 0.425274 1.603246 -0.803599
v 0.431541 1.623866 -0.805430
v 0.431621 1.625944 -0.804859
v 0.430974 1.623630 -0.804768
v 0.431137 1.624214 -0.804770
v 0.430669 1.622541 -0.804725
v 0.422485 1.593268 -0.802773
v 0.414271 1.563880 -0.800509
v 0.413803 1.562204 -0.800303
v 0.411839 1.555174 -0.799620
v 0.409150 1.545539 -0.798228
v 0.410904 1.545194 -0.800814
v 0.426864 1.543354 -0.819866
v 0.408906 1.525915 -0.803023
v 0.425324 1.521620 -0.822709
v 0.404138 1.527584 -0.795878
v 0.406200 1.505354 -0.805486
v 0.402397 1.482826 -0.808425
v 0.399015 1.509255 -0.794483
v 0.423117 1.497936 -0.825891
v 0.441270 1.491783 -0.844015
v 0.419884 1.471379 -0.829824
v 0.415262 1.441011 -0.834908
v 0.438591 1.461678 -0.848424
v 0.434747 1.426921 -0.854370
v 0.457826 1.454746 -0.864354
v 0.460005 1.487431 -0.860091
v 0.477519 1.450211 -0.881273
v 0.454690 1.417140 -0.870539
v 0.475035 1.411000 -0.887178
v 0.450984 1.375953 -0.878961
v 0.447071 1.332524 -0.889964
v 0.472342 1.368908 -0.895014
v 0.429917 1.388482 -0.862801
v 0.409461 1.408199 -0.842334
v 0.424324 1.347287 -0.874624
v 0.417441 1.300601 -0.892854
v 0.402661 1.374251 -0.853320
v 0.382052 1.406551 -0.827229
v 0.393765 1.346140 -0.867648
v 0.381691 1.330853 -0.885061
v 0.372837 1.385197 -0.841670
v 0.362956 1.370312 -0.862810
v 0.366875 1.395366 -0.833515
v 0.365434 1.390397 -0.841233
v 0.369207 1.403527 -0.826171
v 0.373778 1.419586 -0.814676
v 0.377898 1.434167 -0.808863
v 0.380815 1.444445 -0.802729
v 0.384583 1.457807 -0.798644
v 0.390240 1.431626 -0.817910
v 0.397040 1.457648 -0.812107
v 0.387441 1.467967 -0.796596
v 0.390391 1.478487 -0.795903
v 0.393552 1.489745 -0.794569
v 0.396295 1.499538 -0.794307
v 0.360776 1.374202 -0.860333
v 0.358430 1.366138 -0.874104
v 0.355877 1.357349 -0.888299
v 0.355130 1.354754 -0.891505
v 0.353425 1.348886 -0.901125
v 0.368299 1.323913 -0.905891
v 0.381067 1.286383 -0.922904
v 0.355434 1.320888 -0.930445
v 0.366287 1.285879 -0.944021
v 0.345267 1.320923 -0.952216
v 0.349592 1.335739 -0.924824
v 0.348064 1.330533 -0.935686
v 0.343942 1.316354 -0.959359
v 0.352089 1.288031 -0.968546
v 0.340790 1.305524 -0.977895
v 0.337339 1.293604 -0.995553
v 0.337739 1.292115 -0.995966
v 0.336991 1.292410 -0.997536
v 0.333538 1.280498 -1.015834
v 0.330081 1.268547 -1.033074
v 0.329879 1.267847 -1.034067
v 0.344345 1.261865 -1.005147
v 0.349716 1.232710 -1.015181
v 0.359389 1.256281 -0.979281
v 0.374572 1.252396 -0.956861
v 0.365121 1.225883 -0.990500
v 0.369867 1.197008 -1.002621
v 0.380900 1.220512 -0.969593
v 0.385910 1.190325 -0.982842
v 0.397276 1.216590 -0.952822
v 0.402508 1.184841 -0.967221
v 0.414443 1.214084 -0.940546
v 0.390434 1.250521 -0.938296
v 0.407504 1.251009 -0.924022
v 0.426392 1.251165 -0.916377
v 0.397151 1.290297 -0.905751
v 0.432610 1.212242 -0.933627
v 0.447695 1.248267 -0.917683
v 0.445225 1.289182 -0.903038
v 0.469900 1.245057 -0.926868
v 0.452011 1.210284 -0.932939
v 0.455675 1.175667 -0.947798
v 0.472176 1.209000 -0.939258
v 0.492646 1.209208 -0.953448
v 0.474563 1.175078 -0.952604
v 0.494062 1.175755 -0.965442
v 0.476617 1.142237 -0.967525
v 0.458548 1.143034 -0.963500
v 0.477866 1.109465 -0.984640
v 0.495311 1.142948 -0.979253
v 0.514781 1.145067 -1.000391
v 0.495935 1.109780 -0.995334
v 0.496102 1.077525 -1.013055
v 0.514892 1.111842 -1.015068
v 0.514615 1.079350 -1.031328
v 0.534946 1.115520 -1.045604
v 0.535210 1.148506 -1.032602
v 0.554847 1.120259 -1.084808
v 0.534238 1.083300 -1.059954
v 0.533170 1.052940 -1.075059
v 0.553793 1.088569 -1.096835
v 0.572112 1.094374 -1.139903
v 0.552238 1.058603 -1.109394
v 0.570127 1.064824 -1.149499
v 0.550226 1.031190 -1.122001
v 0.531796 1.025519 -1.090359
v 0.547839 1.007186 -1.134199
v 0.567518 1.037400 -1.158969
v 0.582645 1.042951 -1.199325
v 0.564340 1.012679 -1.167961
v 0.578731 1.017366 -1.204693
v 0.560440 0.990637 -1.176115
v 0.555652 0.971256 -1.183055
v 0.573763 0.993979 -1.209115
v 0.545036 0.986387 -1.145693
v 0.541746 0.968536 -1.156188
v 0.528326 0.982345 -1.119731
v 0.511201 0.979783 -1.100042
v 0.530172 1.002158 -1.105303
v 0.526272 0.965571 -1.133507
v 0.524038 0.951311 -1.146470
v 0.510105 0.963708 -1.116552
v 0.509022 0.949832 -1.132714
v 0.494075 0.964290 -1.106916
v 0.493756 0.950541 -1.125177
v 0.494520 0.979957 -1.088455
v 0.478449 0.967189 -1.103264
v 0.463502 0.972278 -1.104316
v 0.478615 0.953319 -1.122869
v 0.478449 0.982715 -1.083468
v 0.463155 0.987932 -1.083607
v 0.478532 1.000826 -1.063512
v 0.478629 1.022438 -1.043399
v 0.495019 0.998433 -1.069797
v 0.462878 1.005837 -1.062759
v 0.448139 1.013328 -1.065966
v 0.462614 1.026908 -1.041859
v 0.462267 1.052032 -1.020950
v 0.447404 1.033894 -1.044612
v 0.433012 1.043260 -1.050019
v 0.446529 1.058010 -1.023449
v 0.431402 1.066347 -1.028962
v 0.445308 1.085042 -1.002937
v 0.429376 1.091987 -1.008675
v 0.443518 1.114387 -0.983468
v 0.461615 1.080339 -1.000587
v 0.478490 1.077844 -1.003386
v 0.460463 1.110958 -0.981267
v 0.478685 1.048465 -1.023160
v 0.495907 1.047389 -1.031788
v 0.495505 1.020618 -1.050902
v 0.514032 1.048854 -1.048513
v 0.513213 1.021600 -1.066009
v 0.512256 0.998836 -1.083199
v 0.440950 1.145411 -0.965502
v 0.426836 1.119827 -0.989524
v 0.423644 1.149485 -0.971852
v 0.410460 1.126915 -0.999456
v 0.413777 1.100642 -1.017969
v 0.406713 1.155034 -0.982448
v 0.394445 1.135276 -1.013339
v 0.378805 1.144521 -1.031195
v 0.390212 1.161880 -0.997206
v 0.398470 1.110476 -1.030991
v 0.383412 1.120960 -1.047913
v 0.402217 1.087498 -1.049982
v 0.405547 1.066288 -1.070103
v 0.387825 1.099011 -1.066020
v 0.416678 1.076386 -1.037713
v 0.419162 1.054291 -1.058414
v 0.421244 1.034530 -1.079797
v 0.408365 1.046839 -1.091116
v 0.423006 1.016368 -1.101764
v 0.434372 1.023121 -1.071534
v 0.435552 1.005143 -1.093338
v 0.436620 0.988521 -1.115307
v 0.448805 0.995454 -1.087398
v 0.449458 0.979441 -1.108753
v 0.450193 0.964444 -1.129919
v 0.437661 0.972510 -1.137301
v 0.463960 0.958003 -1.124774
v 0.451054 0.949621 -1.150755
v 0.464640 0.944177 -1.144935
v 0.452316 0.936185 -1.170104
v 0.438744 0.956293 -1.159194
v 0.427267 0.964277 -1.170211
v 0.440590 0.941063 -1.179509
v 0.443893 0.927984 -1.196796
v 0.429570 0.946907 -1.192124
v 0.418607 0.954376 -1.207739
v 0.433900 0.930782 -1.211284
v 0.441811 0.916891 -1.225294
v 0.423075 0.935141 -1.229923
v 0.431930 0.917809 -1.246063
v 0.411085 0.943340 -1.251007
v 0.407241 0.964283 -1.225788
v 0.418746 0.919864 -1.275819
v 0.397595 0.957674 -1.272900
v 0.395042 0.977473 -1.245716
v 0.383828 0.975631 -1.295443
v 0.399649 0.939976 -1.299762
v 0.384730 0.960080 -1.323303
v 0.400135 0.926578 -1.325997
v 0.399871 0.915272 -1.350993
v 0.417719 0.908304 -1.307015
v 0.385091 0.947332 -1.349702
v 0.371963 0.969686 -1.374701
v 0.385230 0.936000 -1.374643
v 0.372462 0.959088 -1.400432
v 0.385438 0.924750 -1.398099
v 0.373170 0.948352 -1.424634
v 0.385868 0.912521 -1.420469
v 0.399677 0.903836 -1.374058
v 0.399635 0.891417 -1.396202
v 0.416539 0.886203 -1.354172
v 0.416178 0.873675 -1.376189
v 0.417052 0.897548 -1.331578
v 0.436690 0.872403 -1.340145
v 0.436176 0.859877 -1.362079
v 0.459186 0.862910 -1.331876
v 0.437398 0.883438 -1.318531
v 0.459880 0.873623 -1.311186
v 0.438438 0.893321 -1.296173
v 0.441339 0.900693 -1.273727
v 0.461032 0.882740 -1.291160
v 0.463238 0.889974 -1.271667
v 0.484194 0.877618 -1.289704
v 0.485443 0.885012 -1.271297
v 0.483500 0.868738 -1.308874
v 0.507246 0.878081 -1.292391
v 0.507398 0.885699 -1.273878
v 0.507384 0.869186 -1.311645
v 0.529548 0.884245 -1.299807
v 0.528521 0.891929 -1.280698
v 0.530686 0.875410 -1.319575
v 0.550420 0.895641 -1.310971
v 0.548269 0.903236 -1.290708
v 0.569169 0.911803 -1.324861
v 0.552557 0.886927 -1.331685
v 0.554486 0.876804 -1.353511
v 0.572125 0.903339 -1.347037
v 0.574735 0.893431 -1.370047
v 0.588571 0.924192 -1.364679
v 0.585129 0.932221 -1.340496
v 0.601020 0.949032 -1.383658
v 0.591485 0.914615 -1.389277
v 0.603698 0.939944 -1.410305
v 0.593720 0.903241 -1.414938
v 0.605572 0.928919 -1.437334
v 0.595080 0.889796 -1.442254
v 0.576788 0.881801 -1.394551
v 0.578107 0.868159 -1.421225
v 0.556027 0.864969 -1.377109
v 0.556998 0.851159 -1.403128
v 0.532629 0.853147 -1.363481
v 0.507856 0.846664 -1.354602
v 0.533114 0.839155 -1.388871
v 0.531768 0.865135 -1.340593
v 0.507648 0.858796 -1.332202
v 0.483153 0.858226 -1.329263
v 0.482918 0.845932 -1.351368
v 0.482598 0.831697 -1.375643
v 0.458728 0.850481 -1.353840
v 0.458256 0.836171 -1.377628
v 0.435732 0.845521 -1.385409
v 0.457715 0.820617 -1.402698
v 0.435316 0.829952 -1.409715
v 0.457063 0.804452 -1.428437
v 0.482099 0.816186 -1.401380
v 0.507537 0.817118 -1.405742
v 0.481349 0.800064 -1.427828
v 0.506802 0.801026 -1.432801
v 0.480295 0.783984 -1.454276
v 0.456244 0.788328 -1.454259
v 0.505580 0.784979 -1.459708
v 0.478851 0.768625 -1.479974
v 0.503748 0.769603 -1.485614
v 0.455217 0.772852 -1.479595
v 0.476936 0.753222 -1.505824
v 0.453801 0.757299 -1.505331
v 0.501320 0.754214 -1.511478
v 0.474438 0.737077 -1.532771
v 0.471260 0.719424 -1.561702
v 0.498280 0.738059 -1.538216
v 0.451803 0.740888 -1.532356
v 0.431458 0.748828 -1.536807
v 0.449041 0.722896 -1.561586
v 0.429085 0.730167 -1.566233
v 0.445336 0.702543 -1.593923
v 0.467305 0.699565 -1.593535
v 0.441186 0.681213 -1.627200
v 0.425587 0.708985 -1.599012
v 0.409211 0.718288 -1.608541
v 0.421466 0.686757 -1.632869
v 0.405076 0.694898 -1.642918
v 0.417247 0.664926 -1.665512
v 0.413444 0.644922 -1.694691
v 0.400690 0.671987 -1.676151
v 0.437051 0.660253 -1.659290
v 0.433442 0.641007 -1.688053
v 0.458922 0.658352 -1.657797
v 0.455411 0.639612 -1.686195
v 0.463044 0.678761 -1.626238
v 0.481655 0.659590 -1.661360
v 0.478171 0.640995 -1.689455
v 0.504040 0.664351 -1.670290
v 0.485860 0.679907 -1.630271
v 0.508439 0.685119 -1.639613
v 0.490328 0.700619 -1.598107
v 0.494617 0.720440 -1.566773
v 0.513241 0.706308 -1.607902
v 0.517987 0.726578 -1.577048
v 0.534419 0.715780 -1.621722
v 0.529187 0.693612 -1.653082
v 0.539734 0.736933 -1.591246
v 0.552252 0.728116 -1.638359
v 0.565131 0.742475 -1.656615
v 0.546534 0.704632 -1.669555
v 0.558192 0.750581 -1.608171
v 0.563785 0.770342 -1.580833
v 0.571709 0.766604 -1.626569
v 0.578648 0.784107 -1.645190
v 0.578024 0.787953 -1.599678
v 0.583769 0.807157 -1.574662
v 0.585657 0.807516 -1.618753
v 0.592138 0.828718 -1.594524
v 0.587821 0.828275 -1.637711
v 0.594969 0.851821 -1.614331
v 0.580189 0.802501 -1.663701
v 0.585643 0.849474 -1.656151
v 0.580258 0.870343 -1.673682
v 0.577510 0.821209 -1.681734
v 0.593317 0.875503 -1.633622
v 0.600187 0.899453 -1.612400
v 0.588238 0.898801 -1.651920
v 0.580785 0.920709 -1.668776
v 0.595482 0.925077 -1.631782
v 0.601755 0.949205 -1.611411
v 0.588155 0.949120 -1.649525
v 0.578038 0.970570 -1.665693
v 0.594705 0.975379 -1.630318
v 0.600256 0.999520 -1.609280
v 0.584574 0.998778 -1.647632
v 0.590403 1.025043 -1.628064
v 0.571182 1.018192 -1.663526
v 0.554334 1.032397 -1.678156
v 0.576886 1.046329 -1.645561
v 0.565020 0.988383 -1.680349
v 0.548963 1.001518 -1.693544
v 0.558345 0.956701 -1.697859
v 0.551100 0.923001 -1.717886
v 0.570863 0.940315 -1.684104
v 0.543120 0.968940 -1.709969
v 0.536695 0.934394 -1.729244
v 0.525093 0.976103 -1.720374
v 0.505053 0.978695 -1.728042
v 0.529728 1.008961 -1.705328
v 0.519764 0.941298 -1.738631
v 0.513588 0.904262 -1.761912
v 0.501070 0.944104 -1.745234
v 0.481363 0.943159 -1.748298
v 0.496046 0.907247 -1.767826
v 0.477672 0.906840 -1.770344
v 0.489801 0.867841 -1.797657
v 0.483167 0.828591 -1.831696
v 0.472578 0.867978 -1.799963
v 0.506358 0.864669 -1.792059
v 0.521568 0.858343 -1.783655
v 0.498974 0.825253 -1.826096
v 0.492299 0.788749 -1.861089
v 0.513630 0.819261 -1.817698
v 0.526508 0.810606 -1.806904
v 0.506649 0.783038 -1.852446
v 0.501528 0.752395 -1.884994
v 0.519403 0.775234 -1.841419
v 0.514337 0.745223 -1.873590
v 0.530589 0.765695 -1.828207
v 0.540248 0.754804 -1.813014
v 0.525648 0.736634 -1.859994
v 0.537666 0.799811 -1.794003
v 0.546035 0.836517 -1.760138
v 0.547187 0.787373 -1.779183
v 0.555472 0.822311 -1.745576
v 0.555111 0.773827 -1.762718
v 0.548394 0.742933 -1.796011
v 0.561509 0.759655 -1.744826
v 0.563174 0.806787 -1.729477
v 0.569225 0.790592 -1.712117
v 0.571806 0.839683 -1.698928
v 0.564270 0.857333 -1.714914
v 0.572764 0.890125 -1.689943
v 0.554792 0.873386 -1.729454
v 0.563091 0.907950 -1.704725
v 0.543259 0.887069 -1.742299
v 0.529562 0.897623 -1.753197
v 0.534752 0.848743 -1.772927
v 0.572389 0.774164 -1.693905
v 0.571432 0.757979 -1.675268
v 0.565103 0.745264 -1.726028
v 0.564659 0.731032 -1.706872
v 0.559025 0.717758 -1.757815
v 0.558941 0.705163 -1.737940
v 0.555083 0.730469 -1.777387
v 0.554820 0.693631 -1.787001
v 0.550684 0.705092 -1.807369
v 0.553154 0.674857 -1.811289
v 0.554917 0.682245 -1.766385
v 0.549685 0.671305 -1.746332
v 0.553196 0.664202 -1.790131
v 0.547881 0.653951 -1.769647
v 0.552835 0.649572 -1.810263
v 0.547339 0.639715 -1.789495
v 0.552946 0.659859 -1.831803
v 0.552863 0.636973 -1.827906
v 0.547228 0.627314 -1.806961
v 0.553099 0.647062 -1.849665
v 0.552308 0.624969 -1.844173
v 0.546756 0.615491 -1.823176
v 0.550212 0.612137 -1.860174
v 0.552516 0.634890 -1.865969
v 0.548672 0.645065 -1.887590
v 0.550115 0.621783 -1.881854
v 0.546520 0.607487 -1.897481
v 0.546118 0.631809 -1.903209
v 0.539540 0.642153 -1.923195
v 0.541830 0.617307 -1.918707
v 0.536098 0.601326 -1.934649
v 0.534807 0.627924 -1.938171
v 0.527716 0.612517 -1.953805
v 0.527077 0.639532 -1.954377
v 0.531685 0.652708 -1.940756
v 0.518293 0.650953 -1.967957
v 0.519667 0.626217 -1.967982
v 0.508065 0.615486 -1.981510
v 0.511506 0.639899 -1.978675
v 0.501098 0.631243 -1.988813
v 0.502805 0.650993 -1.987418
v 0.492479 0.659025 -1.995118
v 0.494367 0.643558 -1.994580
v 0.508065 0.661023 -1.979484
v 0.495921 0.669056 -1.989406
v 0.511215 0.672122 -1.969364
v 0.498086 0.679821 -1.980764
v 0.512575 0.683502 -1.956806
v 0.522331 0.662889 -1.956089
v 0.524135 0.674910 -1.942599
v 0.524163 0.686249 -1.927042
v 0.533905 0.665372 -1.926362
v 0.542038 0.655288 -1.908046
v 0.534155 0.677161 -1.910466
v 0.533669 0.690036 -1.892106
v 0.542468 0.667416 -1.891865
v 0.542093 0.680401 -1.873618
v 0.549213 0.657291 -1.871286
v 0.548935 0.670231 -1.853219
v 0.549032 0.685584 -1.832282
v 0.542121 0.696067 -1.852257
v 0.543814 0.716308 -1.826732
v 0.533683 0.705973 -1.870374
v 0.535460 0.726904 -1.844322
v 0.523733 0.715070 -1.886520
v 0.523636 0.698960 -1.908609
v 0.512228 0.723150 -1.900593
v 0.499183 0.729994 -1.912477
v 0.511978 0.706908 -1.923054
v 0.512450 0.694390 -1.941574
v 0.498641 0.713689 -1.935340
v 0.498933 0.701334 -1.954042
v 0.483625 0.719081 -1.945420
v 0.483514 0.706776 -1.964401
v 0.467485 0.722765 -1.952582
v 0.484583 0.735395 -1.922072
v 0.468984 0.739045 -1.928788
v 0.487206 0.757875 -1.894063
v 0.471926 0.761465 -1.900293
v 0.476936 0.792221 -1.866928
v 0.456230 0.762924 -1.903193
v 0.440687 0.762039 -1.902261
v 0.452927 0.740664 -1.932039
v 0.461115 0.793339 -1.869489
v 0.466805 0.829255 -1.834055
v 0.445405 0.792000 -1.868353
v 0.430403 0.788073 -1.863075
v 0.450512 0.827254 -1.832712
v 0.434900 0.822581 -1.827240
v 0.455328 0.865202 -1.798482
v 0.438716 0.859660 -1.792730
v 0.459172 0.903272 -1.768876
v 0.461379 0.938879 -1.747039
v 0.441256 0.896820 -1.762787
v 0.441908 0.931628 -1.740644
v 0.424685 0.887845 -1.752765
v 0.410252 0.876684 -1.739440
v 0.423894 0.921750 -1.729939
v 0.423367 0.851674 -1.783253
v 0.420453 0.815575 -1.818101
v 0.409864 0.841611 -1.770560
v 0.407629 0.806574 -1.805788
v 0.398831 0.829835 -1.755224
v 0.398733 0.863725 -1.723459
v 0.390865 0.816696 -1.737768
v 0.396915 0.795902 -1.790765
v 0.388783 0.783897 -1.773496
v 0.393432 0.764013 -1.826857
v 0.404021 0.773755 -1.841863
v 0.388866 0.736268 -1.860264
v 0.385105 0.752967 -1.809523
v 0.380276 0.725908 -1.842665
v 0.379096 0.741011 -1.790437
v 0.373975 0.714692 -1.823288
v 0.375529 0.728521 -1.770175
v 0.383176 0.770952 -1.754572
v 0.385730 0.802531 -1.718766
v 0.380040 0.757403 -1.734568
v 0.379276 0.743640 -1.714060
v 0.383176 0.787731 -1.698780
v 0.384439 0.817565 -1.665759
v 0.382968 0.772620 -1.678400
v 0.384953 0.800945 -1.645142
v 0.384855 0.757576 -1.658173
v 0.387353 0.784307 -1.624789
v 0.389449 0.743134 -1.639124
v 0.380859 0.730015 -1.693652
v 0.375960 0.703452 -1.728483
v 0.385327 0.717022 -1.674311
v 0.393210 0.705156 -1.657073
v 0.380525 0.691689 -1.708665
v 0.375599 0.668892 -1.739541
v 0.388616 0.681055 -1.690867
v 0.384120 0.659199 -1.721136
v 0.380289 0.641259 -1.745342
v 0.396610 0.651072 -1.705827
v 0.393349 0.633738 -1.729545
v 0.410571 0.628205 -1.718116
v 0.391031 0.618944 -1.748827
v 0.408656 0.613843 -1.737267
v 0.389727 0.605702 -1.765237
v 0.377333 0.626081 -1.765047
v 0.367425 0.634822 -1.784629
v 0.375404 0.612584 -1.781772
v 0.364746 0.621121 -1.801849
v 0.374683 0.599626 -1.797077
v 0.375363 0.586125 -1.812496
v 0.363372 0.607990 -1.817526
v 0.389532 0.592998 -1.780283
v 0.407837 0.588494 -1.768748
v 0.390559 0.579834 -1.795514
v 0.408962 0.575661 -1.784041
v 0.392530 0.565989 -1.810747
v 0.410918 0.562203 -1.799378
v 0.395195 0.551273 -1.825811
v 0.377153 0.571862 -1.827791
v 0.365149 0.579662 -1.848715
v 0.379762 0.556677 -1.842721
v 0.367716 0.564151 -1.863972
v 0.382899 0.540391 -1.857075
v 0.398317 0.535480 -1.840536
v 0.370936 0.547367 -1.878276
v 0.386271 0.522831 -1.870601
v 0.401634 0.518420 -1.854751
v 0.374461 0.528977 -1.890898
v 0.389671 0.502630 -1.883536
v 0.392891 0.478508 -1.896079
v 0.404979 0.498746 -1.868501
v 0.377972 0.507910 -1.902609
v 0.371088 0.514247 -1.924575
v 0.381122 0.483043 -1.914153
v 0.374239 0.488416 -1.934962
v 0.383759 0.452940 -1.925904
v 0.376667 0.457575 -1.946075
v 0.385660 0.416192 -1.938198
v 0.395694 0.449101 -1.908454
v 0.397873 0.413099 -1.920901
v 0.411099 0.446317 -1.894716
v 0.408198 0.475151 -1.881817
v 0.428627 0.444875 -1.885653
v 0.413541 0.410896 -1.907271
v 0.431236 0.409843 -1.898229
v 0.415665 0.372399 -1.918825
v 0.399635 0.374015 -1.932638
v 0.417580 0.334307 -1.928748
v 0.433609 0.371695 -1.909636
v 0.435802 0.333954 -1.919358
v 0.452816 0.371781 -1.905058
v 0.455231 0.334139 -1.914614
v 0.472676 0.372503 -1.905043
v 0.450249 0.409787 -1.893786
v 0.447542 0.444666 -1.881249
v 0.469914 0.410617 -1.893927
v 0.467138 0.445578 -1.881488
v 0.489579 0.412209 -1.898662
v 0.492521 0.373737 -1.909591
v 0.508550 0.414436 -1.907975
v 0.486706 0.447500 -1.886355
v 0.484083 0.476091 -1.873062
v 0.505525 0.450321 -1.895860
v 0.502930 0.479397 -1.882604
v 0.522151 0.453862 -1.909209
v 0.519528 0.483604 -1.895994
v 0.535113 0.457942 -1.925636
v 0.525370 0.417203 -1.921172
v 0.528840 0.377310 -1.931617
v 0.538582 0.420368 -1.937554
v 0.546743 0.423848 -1.956399
v 0.542440 0.379547 -1.947884
v 0.546257 0.339234 -1.956351
v 0.551100 0.382041 -1.966808
v 0.555486 0.340796 -1.975340
v 0.553376 0.384731 -1.987804
v 0.548394 0.427518 -1.976997
v 0.549754 0.387413 -2.009272
v 0.558497 0.342563 -1.996721
v 0.563091 0.304934 -2.003391
v 0.555624 0.344359 -2.018783
v 0.547173 0.346036 -2.039802
v 0.560940 0.305957 -2.025966
v 0.553085 0.306914 -2.047610
v 0.564909 0.276213 -2.030354
v 0.567920 0.252911 -2.032432
v 0.566505 0.275807 -2.007416
v 0.557512 0.276593 -2.052444
v 0.544383 0.276844 -2.071757
v 0.560912 0.252799 -2.054847
v 0.563715 0.233245 -2.055357
v 0.548005 0.252613 -2.074498
v 0.550989 0.232680 -2.075293
v 0.529159 0.252321 -2.089428
v 0.532129 0.232106 -2.090467
v 0.506177 0.251980 -2.098805
v 0.525565 0.276877 -2.086387
v 0.502777 0.276735 -2.095518
v 0.520916 0.308102 -2.080736
v 0.498433 0.308229 -2.089581
v 0.539693 0.307660 -2.066473
v 0.514837 0.348353 -2.071894
v 0.533475 0.347417 -2.058080
v 0.492826 0.348791 -2.080425
v 0.508245 0.393436 -2.060741
v 0.486762 0.394198 -2.069042
v 0.502083 0.439171 -2.048171
v 0.526717 0.391979 -2.047319
v 0.540720 0.389907 -2.029639
v 0.520374 0.437210 -2.034961
v 0.534599 0.434463 -2.017726
v 0.515434 0.479014 -2.021748
v 0.529770 0.475639 -2.004709
v 0.512839 0.513241 -2.008435
v 0.497267 0.481362 -2.035034
v 0.494755 0.515802 -2.022225
v 0.476603 0.482522 -2.043536
v 0.474160 0.516977 -2.031394
v 0.454745 0.482375 -2.046213
v 0.481072 0.440183 -2.056406
v 0.458742 0.440126 -2.058751
v 0.463724 0.394141 -2.071331
v 0.436454 0.438849 -2.054258
v 0.432998 0.480746 -2.042018
v 0.440590 0.393200 -2.066747
v 0.415567 0.436232 -2.041981
v 0.412695 0.477515 -2.029938
v 0.418815 0.391278 -2.054413
v 0.397706 0.432637 -2.024077
v 0.400107 0.388628 -2.036458
v 0.395375 0.473127 -2.012117
v 0.384481 0.428482 -2.002707
v 0.386202 0.385543 -2.015039
v 0.382566 0.468028 -1.990757
v 0.377500 0.424116 -1.980029
v 0.378805 0.382302 -1.992284
v 0.375821 0.462691 -1.968018
v 0.378388 0.419942 -1.958214
v 0.379623 0.379157 -1.970322
v 0.387104 0.376327 -1.950129
v 0.380664 0.338866 -1.981301
v 0.381761 0.302697 -1.990094
v 0.379943 0.340978 -2.003562
v 0.388311 0.336931 -1.960735
v 0.401190 0.335362 -1.942884
v 0.389574 0.301574 -1.969127
v 0.402730 0.300679 -1.950872
v 0.391114 0.273813 -1.974343
v 0.404479 0.273464 -1.955834
v 0.383148 0.274278 -1.995616
v 0.392780 0.251680 -1.976985
v 0.406325 0.251806 -1.958304
v 0.394459 0.233236 -1.977599
v 0.384689 0.251614 -1.998470
v 0.384009 0.251558 -2.021594
v 0.386202 0.232666 -1.999269
v 0.385452 0.232134 -2.022606
v 0.387548 0.215410 -1.998629
v 0.386673 0.214431 -2.022152
v 0.395999 0.216498 -1.976774
v 0.388547 0.197852 -1.997136
v 0.387534 0.196368 -2.020886
v 0.388991 0.180039 -1.994389
v 0.397235 0.199512 -1.975069
v 0.398289 0.182648 -1.972021
v 0.411390 0.201159 -1.955959
v 0.409891 0.217572 -1.957833
v 0.428793 0.202532 -1.941077
v 0.412861 0.184978 -1.952743
v 0.430486 0.186783 -1.937799
v 0.414443 0.169469 -1.947762
v 0.399247 0.166277 -1.967163
v 0.416331 0.155043 -1.940581
v 0.432318 0.171662 -1.932868
v 0.434386 0.157523 -1.925900
v 0.450929 0.172834 -1.923590
v 0.449000 0.187831 -1.928477
v 0.453094 0.158790 -1.916735
v 0.470094 0.173274 -1.919364
v 0.472287 0.159215 -1.912537
v 0.489634 0.173241 -1.919669
v 0.468151 0.188286 -1.924210
v 0.466389 0.203911 -1.927389
v 0.487719 0.188364 -1.924476
v 0.507440 0.188244 -1.928707
v 0.485985 0.204103 -1.927559
v 0.484402 0.220033 -1.929257
v 0.505761 0.204080 -1.931764
v 0.525384 0.203950 -1.939479
v 0.504234 0.220137 -1.933409
v 0.502846 0.235977 -1.933996
v 0.523858 0.220033 -1.941208
v 0.541913 0.219737 -1.952626
v 0.522498 0.235927 -1.941907
v 0.540511 0.235683 -1.953506
v 0.521124 0.253581 -1.941236
v 0.539096 0.253472 -1.953074
v 0.519514 0.274960 -1.938844
v 0.501417 0.253537 -1.933171
v 0.481308 0.253266 -1.929085
v 0.499793 0.274725 -1.930595
v 0.497823 0.301463 -1.925915
v 0.479601 0.274330 -1.926493
v 0.477630 0.300860 -1.921740
v 0.459450 0.273881 -1.926748
v 0.461282 0.252874 -1.929272
v 0.457451 0.300356 -1.921994
v 0.439868 0.273499 -1.931585
v 0.421368 0.273320 -1.941215
v 0.437869 0.300057 -1.926847
v 0.441797 0.252425 -1.934011
v 0.423325 0.252039 -1.943581
v 0.443670 0.234967 -1.934546
v 0.445475 0.219244 -1.933643
v 0.425254 0.234402 -1.944030
v 0.463016 0.235442 -1.929947
v 0.464696 0.219743 -1.929196
v 0.482876 0.235804 -1.929898
v 0.427086 0.218528 -1.943040
v 0.408157 0.233822 -1.958788
v 0.447223 0.203414 -1.931724
v 0.419439 0.300115 -1.936425
v 0.475285 0.334753 -1.914445
v 0.495324 0.335644 -1.918793
v 0.514781 0.336674 -1.927570
v 0.517460 0.302013 -1.934407
v 0.532226 0.337868 -1.940251
v 0.511714 0.375358 -1.918658
v 0.535182 0.302573 -1.946784
v 0.549615 0.303221 -1.962676
v 0.537403 0.275110 -1.950951
v 0.552086 0.275249 -1.966597
v 0.562244 0.275451 -1.985519
v 0.553973 0.253296 -1.968478
v 0.555541 0.235303 -1.968698
v 0.564423 0.253099 -1.987269
v 0.566213 0.234831 -1.987345
v 0.569086 0.252995 -2.009253
v 0.571223 0.234324 -2.009364
v 0.570418 0.233792 -2.032701
v 0.573277 0.217661 -2.008193
v 0.567976 0.218544 -1.986139
v 0.572805 0.216655 -2.031673
v 0.575637 0.200806 -2.006200
v 0.578315 0.184239 -2.002907
v 0.570016 0.202148 -1.984071
v 0.575498 0.199256 -2.029837
v 0.569308 0.197688 -2.052918
v 0.578634 0.181990 -2.026753
v 0.582367 0.165229 -2.021957
v 0.572972 0.179498 -2.050248
v 0.577774 0.161125 -2.046269
v 0.560704 0.177403 -2.071085
v 0.565978 0.157792 -2.068013
v 0.556832 0.196309 -2.073297
v 0.541205 0.176344 -2.086945
v 0.537791 0.195311 -2.088880
v 0.516863 0.175921 -2.097000
v 0.545424 0.156946 -2.084362
v 0.548852 0.137819 -2.082133
v 0.519625 0.157255 -2.094612
v 0.492105 0.157440 -2.098072
v 0.521956 0.139037 -2.091982
v 0.493937 0.139672 -2.095187
v 0.523358 0.121623 -2.089437
v 0.524149 0.105028 -2.086866
v 0.549907 0.119666 -2.081239
v 0.495505 0.122660 -2.091900
v 0.467666 0.123053 -2.087909
v 0.496823 0.106400 -2.088474
v 0.497864 0.090833 -2.085144
v 0.469275 0.106932 -2.084486
v 0.443004 0.106878 -2.074019
v 0.470816 0.091502 -2.081242
v 0.472245 0.076702 -2.078454
v 0.445003 0.091392 -2.071510
v 0.447057 0.076551 -2.069443
v 0.421674 0.090361 -2.057569
v 0.419315 0.105968 -2.058748
v 0.424283 0.075459 -2.056528
v 0.402078 0.088240 -2.040998
v 0.387437 0.084904 -2.023391
v 0.405062 0.073372 -2.041137
v 0.399497 0.104006 -2.040361
v 0.397359 0.120844 -2.038829
v 0.384980 0.100453 -2.020974
v 0.383343 0.117050 -2.016730
v 0.377222 0.094812 -2.002657
v 0.378999 0.080196 -2.006341
v 0.374336 0.087835 -1.985205
v 0.377084 0.109664 -1.996702
v 0.380470 0.122672 -1.986131
v 0.375821 0.100623 -1.978280
v 0.376862 0.091867 -1.961003
v 0.380970 0.111715 -1.967785
v 0.390976 0.120064 -1.952520
v 0.382843 0.101833 -1.950598
v 0.385383 0.092620 -1.933992
v 0.393404 0.109578 -1.936417
v 0.396152 0.099831 -1.920204
v 0.407546 0.115357 -1.920549
v 0.410405 0.105210 -1.904883
v 0.404798 0.126118 -1.935268
v 0.424241 0.119407 -1.905050
v 0.442505 0.121982 -1.891995
v 0.427169 0.108986 -1.889948
v 0.421368 0.130338 -1.918801
v 0.418690 0.142108 -1.930791
v 0.439590 0.132993 -1.905178
v 0.436856 0.144732 -1.916584
v 0.458381 0.134350 -1.896417
v 0.477574 0.134789 -1.892233
v 0.455606 0.146065 -1.907601
v 0.461337 0.123321 -1.883456
v 0.480544 0.123801 -1.879259
v 0.464363 0.112708 -1.868961
v 0.445475 0.111414 -1.877335
v 0.467416 0.102203 -1.853164
v 0.483653 0.113203 -1.864737
v 0.503124 0.113220 -1.864598
v 0.486817 0.102713 -1.848912
v 0.506385 0.102786 -1.848733
v 0.490079 0.092126 -1.832308
v 0.509813 0.092009 -1.831904
v 0.470511 0.091496 -1.836322
v 0.493409 0.081238 -1.815463
v 0.473730 0.080303 -1.818721
v 0.496754 0.070345 -1.799631
v 0.513421 0.080522 -1.814395
v 0.533170 0.079689 -1.817405
v 0.515989 0.068901 -1.798160
v 0.516336 0.057748 -1.785127
v 0.537541 0.063284 -1.796446
v 0.529381 0.051328 -1.784772
v 0.556443 0.068716 -1.810358
v 0.550129 0.051559 -1.790259
v 0.539221 0.042535 -1.789605
v 0.535515 0.038967 -1.785166
v 0.544647 0.039193 -1.787197
v 0.539332 0.025933 -1.790406
v 0.538790 0.011171 -1.794518
v 0.537444 0.024147 -1.787167
v 0.542593 0.024282 -1.788127
v 0.541039 0.010368 -1.792143
v 0.546618 0.020578 -1.782076
v 0.544231 0.008387 -1.785999
v 0.550809 0.016189 -1.774012
v 0.550420 0.032501 -1.780604
v 0.556929 0.042212 -1.782339
v 0.555180 0.026017 -1.772488
v 0.561842 0.033935 -1.773621
v 0.559247 0.019984 -1.764006
v 0.565561 0.026670 -1.764963
v 0.562924 0.014658 -1.756342
v 0.554972 0.011632 -1.765308
v 0.558927 0.007477 -1.757346
v 0.552197 0.002553 -1.768345
v 0.550379 -0.006381 -1.772537
v 0.556305 -0.000439 -1.759822
v 0.548061 0.005629 -1.777564
v 0.546298 -0.004456 -1.782484
v 0.544883 -0.012876 -1.788129
v 0.542649 -0.002807 -1.791537
v 0.539706 -0.001653 -1.798138
v 0.541233 -0.011725 -1.797894
v 0.540678 -0.018592 -1.805109
v 0.538374 -0.010900 -1.804989
v 0.536625 -0.010563 -1.807771
v 0.537347 -0.017716 -1.813259
v 0.536945 -0.022431 -1.823471
v 0.535071 -0.017332 -1.816501
v 0.534474 -0.017605 -1.812526
v 0.533045 -0.021927 -1.827700
v 0.529728 -0.024742 -1.845456
v 0.531421 -0.022306 -1.821960
v 0.531602 -0.023413 -1.810572
v 0.525440 -0.025113 -1.830334
v 0.525551 -0.026690 -1.816618
v 0.514892 -0.026285 -1.835114
v 0.502111 -0.025966 -1.837383
v 0.513963 -0.025000 -1.848880
v 0.515933 -0.028230 -1.821045
v 0.518140 -0.030792 -1.807325
v 0.504637 -0.028150 -1.823490
v 0.507218 -0.030846 -1.810239
v 0.493534 -0.026514 -1.823576
v 0.496587 -0.029537 -1.810014
v 0.484555 -0.023041 -1.820406
v 0.489440 -0.024316 -1.838233
v 0.479698 -0.020897 -1.835020
v 0.485651 -0.023029 -1.852567
v 0.470233 -0.020490 -1.853392
v 0.499793 -0.024454 -1.850861
v 0.483528 -0.022750 -1.865162
v 0.468970 -0.021900 -1.870230
v 0.482446 -0.023084 -1.875691
v 0.497850 -0.023804 -1.862880
v 0.496296 -0.023815 -1.873165
v 0.512089 -0.024421 -1.861730
v 0.509966 -0.024462 -1.872889
v 0.526037 -0.024815 -1.863500
v 0.523372 -0.024980 -1.875350
v 0.539484 -0.025185 -1.869989
v 0.552530 -0.025277 -1.879370
v 0.543342 -0.025702 -1.857501
v 0.536417 -0.025321 -1.881035
v 0.548880 -0.025462 -1.889333
v 0.533753 -0.025952 -1.889574
v 0.531505 -0.027045 -1.896077
v 0.545660 -0.026137 -1.897232
v 0.521193 -0.025591 -1.884306
v 0.519444 -0.026674 -1.891045
v 0.508300 -0.024999 -1.881624
v 0.507010 -0.026013 -1.888379
v 0.495130 -0.024317 -1.881484
v 0.481766 -0.023667 -1.883856
v 0.494325 -0.025217 -1.888074
v 0.481460 -0.024464 -1.890129
v 0.493826 -0.026450 -1.893187
v 0.481474 -0.025484 -1.894996
v 0.493243 -0.027963 -1.897670
v 0.506052 -0.027430 -1.893613
v 0.505053 -0.029196 -1.898258
v 0.518043 -0.028214 -1.896236
v 0.529659 -0.028581 -1.901018
v 0.516724 -0.030146 -1.900864
v 0.528077 -0.030481 -1.905424
v 0.515239 -0.032406 -1.905916
v 0.513324 -0.034900 -1.912379
v 0.503596 -0.031260 -1.903258
v 0.526606 -0.032696 -1.910338
v 0.525079 -0.035176 -1.916774
v 0.537056 -0.032486 -1.916199
v 0.546021 -0.032103 -1.923230
v 0.538707 -0.030447 -1.911796
v 0.535807 -0.034722 -1.922224
v 0.544730 -0.033987 -1.928234
v 0.535071 -0.037107 -1.931021
v 0.545105 -0.035832 -1.936361
v 0.534516 -0.039278 -1.941780
v 0.523358 -0.037842 -1.925788
v 0.510687 -0.037591 -1.921240
v 0.521457 -0.040306 -1.936625
v 0.519417 -0.042152 -1.948541
v 0.507607 -0.040065 -1.931854
v 0.504290 -0.041948 -1.943548
v 0.493590 -0.038121 -1.928101
v 0.489065 -0.039815 -1.939299
v 0.480225 -0.035166 -1.925186
v 0.497823 -0.035920 -1.917982
v 0.501320 -0.033514 -1.909518
v 0.485582 -0.033452 -1.915876
v 0.489815 -0.031573 -1.908152
v 0.474743 -0.030850 -1.914800
v 0.479545 -0.029659 -1.908243
v 0.468304 -0.031862 -1.922929
v 0.466361 -0.028484 -1.913692
v 0.472301 -0.028345 -1.909239
v 0.458673 -0.028854 -1.920931
v 0.461434 -0.026709 -1.911546
v 0.452192 -0.026747 -1.918805
v 0.471149 -0.027082 -1.906264
v 0.458686 -0.025406 -1.908669
v 0.469997 -0.025782 -1.902777
v 0.448014 -0.025327 -1.916388
v 0.456868 -0.024470 -1.905397
v 0.469123 -0.024755 -1.899048
v 0.445280 -0.024358 -1.913533
v 0.455647 -0.023714 -1.901330
v 0.468540 -0.023921 -1.894553
v 0.454745 -0.022991 -1.896041
v 0.443421 -0.023583 -1.909939
v 0.432485 -0.023227 -1.919856
v 0.441839 -0.022788 -1.905262
v 0.430223 -0.022235 -1.915821
v 0.440492 -0.022135 -1.899250
v 0.428016 -0.021278 -1.910620
v 0.454190 -0.022375 -1.889016
v 0.439410 -0.021813 -1.891663
v 0.438660 -0.022240 -1.882550
v 0.454051 -0.021938 -1.879738
v 0.425698 -0.020474 -1.903958
v 0.414235 -0.017815 -1.916986
v 0.424241 -0.020568 -1.894851
v 0.409628 -0.015641 -1.908296
v 0.424602 -0.022346 -1.882256
v 0.425768 -0.025224 -1.868350
v 0.412487 -0.018424 -1.889311
v 0.438314 -0.023835 -1.871999
v 0.438341 -0.026307 -1.860918
v 0.452053 -0.023203 -1.860448
v 0.463100 -0.020228 -1.847539
v 0.453579 -0.022085 -1.869713
v 0.450637 -0.025271 -1.851498
v 0.460754 -0.021986 -1.840580
v 0.450512 -0.028253 -1.842421
v 0.450568 -0.031607 -1.834696
v 0.460241 -0.024953 -1.832918
v 0.438716 -0.029328 -1.850215
v 0.439216 -0.032516 -1.841022
v 0.426711 -0.028660 -1.855336
v 0.416053 -0.025674 -1.858223
v 0.427836 -0.032231 -1.844359
v 0.417261 -0.030451 -1.843407
v 0.429598 -0.035529 -1.836580
v 0.431569 -0.038231 -1.831116
v 0.422062 -0.035431 -1.835041
v 0.439590 -0.035476 -1.834513
v 0.449694 -0.034848 -1.829819
v 0.439896 -0.037998 -1.829816
v 0.448403 -0.037592 -1.826617
v 0.440187 -0.039886 -1.826103
v 0.440548 -0.041183 -1.822678
v 0.447237 -0.039512 -1.823903
v 0.433317 -0.040071 -1.827071
v 0.434539 -0.041242 -1.823607
v 0.427974 -0.040222 -1.826235
v 0.430472 -0.041037 -1.823763
v 0.425143 -0.038403 -1.829920
v 0.425476 -0.040468 -1.823024
v 0.429473 -0.041487 -1.821104
v 0.425435 -0.040618 -1.818441
v 0.422298 -0.038614 -1.825626
v 0.419259 -0.035622 -1.828916
v 0.422437 -0.038766 -1.819627
v 0.424977 -0.038788 -1.813353
v 0.420022 -0.035927 -1.820694
v 0.423159 -0.036142 -1.812875
v 0.417857 -0.031964 -1.821087
v 0.416136 -0.031283 -1.831468
v 0.415581 -0.026703 -1.820310
v 0.421632 -0.032474 -1.811916
v 0.420064 -0.027696 -1.810284
v 0.427350 -0.032819 -1.804345
v 0.426212 -0.028321 -1.802111
v 0.434886 -0.032952 -1.798832
v 0.428405 -0.036267 -1.806182
v 0.435510 -0.036302 -1.801309
v 0.429640 -0.038753 -1.807732
v 0.436107 -0.038719 -1.803652
v 0.431277 -0.040334 -1.809119
v 0.432998 -0.041105 -1.810270
v 0.436829 -0.040331 -1.805996
v 0.427419 -0.040513 -1.813529
v 0.431000 -0.041506 -1.813205
v 0.436218 -0.041987 -1.812183
v 0.429515 -0.041706 -1.817213
v 0.435177 -0.042225 -1.816037
v 0.434886 -0.041978 -1.819887
v 0.441630 -0.042218 -1.814899
v 0.448098 -0.041726 -1.813826
v 0.441047 -0.041945 -1.818874
v 0.442213 -0.041992 -1.810989
v 0.442741 -0.041341 -1.807323
v 0.448167 -0.041574 -1.810136
v 0.448292 -0.041024 -1.806677
v 0.453357 -0.040779 -1.809180
v 0.453774 -0.040818 -1.812788
v 0.457090 -0.039667 -1.807632
v 0.452108 -0.040567 -1.806727
v 0.454232 -0.039792 -1.804618
v 0.456175 -0.038216 -1.801996
v 0.449249 -0.040064 -1.803585
v 0.450401 -0.038468 -1.800631
v 0.443129 -0.040297 -1.804150
v 0.443365 -0.038646 -1.801252
v 0.443407 -0.036220 -1.798396
v 0.451040 -0.036025 -1.797608
v 0.443212 -0.032876 -1.795474
v 0.442768 -0.028473 -1.792364
v 0.451248 -0.032592 -1.794411
v 0.451109 -0.028030 -1.790956
v 0.457965 -0.032090 -1.795780
v 0.458117 -0.027272 -1.791942
v 0.462267 -0.031385 -1.799680
v 0.457354 -0.035691 -1.799086
v 0.461309 -0.035222 -1.802981
v 0.459658 -0.037921 -1.805555
v 0.462850 -0.034719 -1.808765
v 0.461962 -0.034298 -1.815949
v 0.460796 -0.037626 -1.810585
v 0.464279 -0.030597 -1.805774
v 0.464127 -0.029842 -1.813700
v 0.465334 -0.024969 -1.800979
v 0.466125 -0.023616 -1.808097
v 0.465806 -0.018299 -1.795343
v 0.462767 -0.026226 -1.795445
v 0.462780 -0.020102 -1.790784
v 0.462295 -0.013396 -1.786218
v 0.457882 -0.021576 -1.787953
v 0.457285 -0.015342 -1.784127
v 0.450665 -0.022663 -1.787447
v 0.442144 -0.023307 -1.789267
v 0.449999 -0.016772 -1.784170
v 0.441422 -0.017632 -1.786361
v 0.449166 -0.010682 -1.781368
v 0.456355 -0.008881 -1.780833
v 0.448236 -0.004674 -1.779273
v 0.440687 -0.011742 -1.783875
v 0.440021 -0.005890 -1.781957
v 0.431805 -0.011965 -1.788382
v 0.431361 -0.006114 -1.786534
v 0.432485 -0.017824 -1.790716
v 0.423464 -0.011240 -1.794933
v 0.416567 -0.009457 -1.803558
v 0.423159 -0.005194 -1.793005
v 0.424144 -0.017279 -1.797222
v 0.417372 -0.015913 -1.805895
v 0.425102 -0.023057 -1.799682
v 0.433276 -0.023453 -1.793346
v 0.418593 -0.022078 -1.808209
v 0.413472 -0.020523 -1.818648
v 0.411834 -0.013792 -1.816442
v 0.409461 -0.018402 -1.830695
v 0.406117 -0.015612 -1.844113
v 0.407213 -0.010978 -1.828584
v 0.412653 -0.025364 -1.831856
v 0.410502 -0.023205 -1.844874
v 0.408337 -0.019781 -1.859290
v 0.402966 -0.012052 -1.858671
v 0.406033 -0.015740 -1.874842
v 0.399955 -0.007882 -1.874045
v 0.403480 -0.011771 -1.891281
v 0.414485 -0.021789 -1.873203
v 0.397013 -0.003293 -1.889954
v 0.400329 -0.007265 -1.907952
v 0.396249 -0.001669 -1.924241
v 0.394001 0.001836 -1.905998
v 0.389449 0.011707 -1.902920
v 0.390795 0.007663 -1.921777
v 0.387825 0.013788 -1.937230
v 0.386590 0.017829 -1.918538
v 0.383704 0.028480 -1.914545
v 0.384078 0.024231 -1.934023
v 0.381316 0.035240 -1.930175
v 0.382024 0.030676 -1.949398
v 0.385508 0.019892 -1.952348
v 0.380595 0.036902 -1.964643
v 0.379374 0.042056 -1.945806
v 0.377902 0.048747 -1.961435
v 0.377819 0.053588 -1.941440
v 0.378180 0.064731 -1.935665
v 0.376168 0.060814 -1.957413
v 0.379818 0.046347 -1.925565
v 0.382232 0.039200 -1.909831
v 0.380345 0.057021 -1.919601
v 0.383620 0.066746 -1.911662
v 0.382843 0.049487 -1.903790
v 0.386229 0.058782 -1.895843
v 0.385771 0.042210 -1.888303
v 0.385105 0.032328 -1.894240
v 0.389199 0.051100 -1.880529
v 0.389241 0.035302 -1.873169
v 0.392613 0.043725 -1.865844
v 0.388478 0.025869 -1.878837
v 0.393127 0.028759 -1.858570
v 0.392294 0.019833 -1.863803
v 0.397332 0.022605 -1.844658
v 0.396416 0.036698 -1.851889
v 0.402716 0.043130 -1.843361
v 0.400496 0.030030 -1.838759
v 0.406408 0.036012 -1.831319
v 0.404756 0.023747 -1.826552
v 0.409100 0.017876 -1.815352
v 0.401773 0.016852 -1.831587
v 0.410238 0.029278 -1.820256
v 0.414152 0.022983 -1.810187
v 0.418732 0.033032 -1.812442
v 0.415595 0.040086 -1.821984
v 0.428904 0.034824 -1.804147
v 0.421937 0.026448 -1.803755
v 0.431264 0.028143 -1.796957
v 0.425129 0.020465 -1.796329
v 0.428210 0.015144 -1.790608
v 0.433539 0.021956 -1.790776
v 0.418107 0.017369 -1.801573
v 0.413680 0.012701 -1.805553
v 0.422132 0.012705 -1.794893
v 0.425490 0.009533 -1.790781
v 0.418579 0.008506 -1.797522
v 0.416872 0.003085 -1.799378
v 0.424255 0.005770 -1.790891
v 0.423367 0.000565 -1.791600
v 0.431125 0.004943 -1.785324
v 0.438397 0.005355 -1.781112
v 0.430445 0.010106 -1.786850
v 0.431139 -0.000430 -1.785432
v 0.439299 -0.000180 -1.780939
v 0.447001 0.001050 -1.778214
v 0.453357 0.003248 -1.777228
v 0.445253 0.006292 -1.778492
v 0.450790 0.008212 -1.777514
v 0.443657 0.011331 -1.779932
v 0.448098 0.011588 -1.778840
v 0.437189 0.010794 -1.782698
v 0.442852 0.016451 -1.782304
v 0.449305 0.015098 -1.779669
v 0.435538 0.016258 -1.785965
v 0.442158 0.021882 -1.785820
v 0.440923 0.027899 -1.790693
v 0.449916 0.019980 -1.782092
v 0.449680 0.025601 -1.785861
v 0.455730 0.015976 -1.780199
v 0.459922 0.010398 -1.780109
v 0.456355 0.021109 -1.783376
v 0.454079 0.011573 -1.778160
v 0.457479 0.006426 -1.778009
v 0.459797 0.000278 -1.779449
v 0.461309 -0.006479 -1.782266
v 0.455120 -0.002577 -1.778438
v 0.462753 0.003718 -1.781789
v 0.464529 -0.003575 -1.785082
v 0.464474 0.007602 -1.784915
v 0.465459 0.011786 -1.788311
v 0.466500 -0.000338 -1.788682
v 0.461185 0.014937 -1.783109
v 0.461795 0.019899 -1.786477
v 0.456424 0.026799 -1.787147
v 0.462253 0.025127 -1.789711
v 0.462947 0.029968 -1.792119
v 0.466181 0.016100 -1.791431
v 0.456452 0.032905 -1.790952
v 0.448486 0.038669 -1.795238
v 0.457132 0.039134 -1.794080
v 0.459186 0.045195 -1.795831
v 0.448805 0.046067 -1.799706
v 0.437273 0.049444 -1.809180
v 0.450873 0.054162 -1.803285
v 0.458340 0.064172 -1.804665
v 0.437620 0.058010 -1.815794
v 0.422756 0.058043 -1.830425
v 0.437592 0.067441 -1.825158
v 0.420869 0.066794 -1.842025
v 0.435663 0.077798 -1.839953
v 0.432804 0.088456 -1.857197
v 0.454440 0.078803 -1.826203
v 0.418496 0.076049 -1.856369
v 0.404063 0.072317 -1.871887
v 0.415845 0.085607 -1.872301
v 0.413167 0.095311 -1.888625
v 0.401426 0.081201 -1.887502
v 0.398817 0.090365 -1.903746
v 0.390407 0.074978 -1.901169
v 0.387867 0.083670 -1.917446
v 0.393071 0.066569 -1.885411
v 0.395986 0.058451 -1.870394
v 0.406769 0.063746 -1.857334
v 0.399219 0.050633 -1.856382
v 0.409600 0.055481 -1.844271
v 0.412556 0.047593 -1.832534
v 0.424533 0.049784 -1.820721
v 0.426628 0.042035 -1.812013
v 0.438064 0.041639 -1.802691
v 0.439452 0.034482 -1.796465
v 0.449069 0.031859 -1.790447
v 0.381261 0.074939 -1.927874
v 0.379040 0.083321 -1.944368
v 0.376265 0.072534 -1.951954
v 0.374502 0.080320 -1.968380
v 0.374849 0.067858 -1.973479
v 0.375293 0.074412 -1.989757
v 0.376945 0.055105 -1.977044
v 0.377847 0.060920 -1.992726
v 0.379887 0.042700 -1.979798
v 0.383468 0.031029 -1.981871
v 0.381122 0.047929 -1.994928
v 0.384953 0.035782 -1.996464
v 0.385480 0.052504 -2.010128
v 0.394168 0.056298 -2.025523
v 0.381927 0.066039 -2.008562
v 0.389491 0.039910 -2.011115
v 0.398151 0.043353 -2.025948
v 0.393807 0.028574 -2.011598
v 0.389171 0.024812 -1.997454
v 0.398234 0.018816 -2.011625
v 0.402314 0.031722 -2.025954
v 0.415623 0.034196 -2.040672
v 0.406533 0.021680 -2.025559
v 0.410655 0.013533 -2.024769
v 0.419301 0.023952 -2.039912
v 0.422840 0.015605 -2.038688
v 0.435746 0.025577 -2.053309
v 0.438508 0.017085 -2.051679
v 0.455134 0.026468 -2.064333
v 0.432873 0.035967 -2.054391
v 0.429945 0.047959 -2.055155
v 0.453191 0.036949 -2.065735
v 0.475743 0.037086 -2.073331
v 0.451178 0.049004 -2.066862
v 0.474688 0.049161 -2.074846
v 0.449125 0.062323 -2.067984
v 0.473536 0.062471 -2.076440
v 0.427058 0.061231 -2.055791
v 0.408393 0.059213 -2.041193
v 0.411945 0.046056 -2.041073
v 0.499196 0.061672 -2.079798
v 0.498669 0.075939 -2.082174
v 0.524663 0.059941 -2.078864
v 0.499516 0.048357 -2.077774
v 0.524205 0.046659 -2.076521
v 0.499668 0.036318 -2.075815
v 0.499682 0.025864 -2.073663
v 0.523511 0.034711 -2.074161
v 0.545827 0.032329 -2.069369
v 0.522636 0.024361 -2.071650
v 0.544133 0.022150 -2.066626
v 0.521651 0.015932 -2.068842
v 0.542274 0.013889 -2.063751
v 0.520596 0.009119 -2.065759
v 0.499613 0.017334 -2.071061
v 0.499488 0.010381 -2.068017
v 0.477588 0.018006 -2.069269
v 0.476700 0.026597 -2.071594
v 0.456993 0.017899 -2.062341
v 0.478393 0.010994 -2.066404
v 0.479129 0.005255 -2.063021
v 0.458728 0.010910 -2.059782
v 0.460338 0.005178 -2.056718
v 0.441117 0.010170 -2.049552
v 0.443532 0.004513 -2.046962
v 0.426198 0.008834 -2.037049
v 0.429307 0.003306 -2.035044
v 0.414582 0.006946 -2.023647
v 0.418232 0.001587 -2.022256
v 0.406908 0.004578 -2.010707
v 0.402494 0.001759 -1.998093
v 0.402647 0.010924 -2.011311
v 0.410904 -0.000598 -2.009889
v 0.414540 -0.004939 -2.008962
v 0.406686 -0.003178 -1.997849
v 0.410544 -0.007364 -1.997549
v 0.404909 -0.006094 -1.985996
v 0.404965 -0.009289 -1.974208
v 0.400676 -0.001480 -1.985652
v 0.408864 -0.010042 -1.986283
v 0.408906 -0.012859 -1.975085
v 0.412417 -0.013698 -1.986618
v 0.416483 -0.017058 -1.987374
v 0.412514 -0.016221 -1.975966
v 0.413930 -0.011162 -1.997256
v 0.417705 -0.008822 -2.007987
v 0.417746 -0.014579 -1.997400
v 0.422881 -0.017568 -1.998372
v 0.421146 -0.012210 -2.007300
v 0.427294 -0.010215 -2.017220
v 0.425601 -0.015082 -2.007246
v 0.431999 -0.017264 -2.008899
v 0.430875 -0.013117 -2.015778
v 0.439382 -0.012080 -2.024181
v 0.434442 -0.015181 -2.014809
v 0.441186 -0.015219 -2.019847
v 0.441228 -0.018596 -2.013330
v 0.452344 -0.015300 -2.026397
v 0.453219 -0.019357 -2.019173
v 0.466639 -0.015347 -2.032684
v 0.450970 -0.011617 -2.032101
v 0.449319 -0.008038 -2.036707
v 0.465459 -0.011359 -2.039143
v 0.481932 -0.011300 -2.044197
v 0.464293 -0.007602 -2.044585
v 0.481113 -0.007492 -2.049903
v 0.463100 -0.003773 -2.049195
v 0.480433 -0.003670 -2.054832
v 0.461795 0.000386 -2.053173
v 0.447598 -0.004321 -2.040607
v 0.434497 -0.005320 -2.030150
v 0.445711 -0.000206 -2.043959
v 0.432096 -0.001301 -2.032723
v 0.421521 -0.002881 -2.020646
v 0.424352 -0.006818 -2.018907
v 0.436829 -0.008876 -2.027308
v 0.479809 0.000483 -2.059157
v 0.499183 0.000038 -2.060689
v 0.518556 -0.000925 -2.058756
v 0.499335 0.004727 -2.064553
v 0.499085 -0.003991 -2.056437
v 0.499141 -0.007692 -2.051662
v 0.517682 -0.004781 -2.054867
v 0.516988 -0.008255 -2.050583
v 0.534918 -0.006096 -2.050956
v 0.533225 -0.009320 -2.047399
v 0.536570 -0.002439 -2.054314
v 0.549449 -0.008008 -2.045549
v 0.551864 -0.004493 -2.048363
v 0.559927 -0.010561 -2.039519
v 0.546701 -0.011010 -2.042773
v 0.556249 -0.013491 -2.037341
v 0.543079 -0.013638 -2.040031
v 0.539373 -0.015609 -2.037773
v 0.551239 -0.016007 -2.035323
v 0.531282 -0.012303 -2.043609
v 0.530561 -0.015399 -2.039179
v 0.516530 -0.011649 -2.045759
v 0.499516 -0.011351 -2.046181
v 0.516808 -0.015293 -2.040180
v 0.500334 -0.015314 -2.039847
v 0.518279 -0.019488 -2.033648
v 0.501722 -0.019883 -2.032502
v 0.520430 -0.023985 -2.026180
v 0.532504 -0.018935 -2.033769
v 0.535585 -0.022799 -2.027326
v 0.543717 -0.017884 -2.033969
v 0.547992 -0.021164 -2.028259
v 0.551156 -0.024798 -2.021376
v 0.556707 -0.019037 -2.029562
v 0.562744 -0.016484 -2.031136
v 0.560426 -0.022409 -2.022794
v 0.567046 -0.019700 -2.024177
v 0.563035 -0.025709 -2.015182
v 0.569947 -0.022847 -2.016512
v 0.553571 -0.028372 -2.013536
v 0.565186 -0.028594 -2.006856
v 0.555680 -0.031460 -2.004956
v 0.572236 -0.025635 -2.008216
v 0.566685 -0.030937 -1.997748
v 0.573708 -0.027964 -1.999122
v 0.557276 -0.033909 -1.995597
v 0.567351 -0.032625 -1.987751
v 0.566977 -0.033531 -1.976768
v 0.558220 -0.035593 -1.985405
v 0.574179 -0.029721 -1.989123
v 0.579606 -0.027026 -1.989715
v 0.573458 -0.030820 -1.978040
v 0.578620 -0.028355 -1.978336
v 0.571334 -0.031133 -1.965778
v 0.567809 -0.030952 -1.953094
v 0.565381 -0.033556 -1.964733
v 0.576108 -0.028965 -1.965652
v 0.580522 -0.027167 -1.964491
v 0.572070 -0.029079 -1.952380
v 0.576108 -0.027503 -1.950508
v 0.566477 -0.028918 -1.939280
v 0.559330 -0.028705 -1.927096
v 0.570085 -0.027510 -1.936682
v 0.562869 -0.030557 -1.940818
v 0.558705 -0.032374 -1.941492
v 0.556388 -0.030236 -1.929525
v 0.553307 -0.031926 -1.931603
v 0.548227 -0.030292 -1.919849
v 0.550601 -0.028676 -1.916576
v 0.540608 -0.028694 -1.907845
v 0.553321 -0.027311 -1.912604
v 0.562494 -0.027380 -1.923776
v 0.542898 -0.027235 -1.903319
v 0.556582 -0.026237 -1.907113
v 0.560510 -0.025418 -1.899661
v 0.566227 -0.026306 -1.919021
v 0.574249 -0.026424 -1.932788
v 0.570779 -0.025388 -1.912195
v 0.576372 -0.024461 -1.902677
v 0.579078 -0.025583 -1.927127
v 0.585684 -0.025578 -1.943256
v 0.584671 -0.024950 -1.919227
v 0.591138 -0.025232 -1.937364
v 0.590694 -0.024737 -1.910792
v 0.596703 -0.025523 -1.929904
v 0.584616 -0.022510 -1.887333
v 0.596801 -0.025171 -1.903524
v 0.594330 -0.021355 -1.886425
v 0.602338 -0.026343 -1.896368
v 0.602074 -0.026687 -1.920846
v 0.608083 -0.026067 -1.936723
v 0.606987 -0.028545 -1.911012
v 0.611192 -0.030903 -1.901224
v 0.612913 -0.028604 -1.923878
v 0.619394 -0.026088 -1.933378
v 0.617312 -0.031697 -1.911814
v 0.620601 -0.034847 -1.901359
v 0.623946 -0.029894 -1.919343
v 0.628567 -0.034701 -1.905442
v 0.630038 -0.024676 -1.923146
v 0.635576 -0.017277 -1.923867
v 0.634313 -0.028314 -1.909046
v 0.625792 -0.020552 -1.937964
v 0.621448 -0.016551 -1.953474
v 0.631759 -0.012946 -1.938772
v 0.637033 -0.004196 -1.936950
v 0.627985 -0.008230 -1.953865
v 0.624460 -0.002972 -1.968884
v 0.633550 0.001065 -1.951858
v 0.638018 0.010768 -1.948097
v 0.630094 0.006855 -1.966666
v 0.626722 0.013233 -1.981220
v 0.634521 0.017002 -1.962954
v 0.637671 0.026974 -1.958157
v 0.630885 0.023792 -1.977724
v 0.633786 0.034189 -1.973185
v 0.626819 0.030903 -1.992362
v 0.629372 0.041737 -1.988275
v 0.622003 0.038103 -2.006779
v 0.623058 0.019922 -1.995447
v 0.618728 0.026674 -2.009273
v 0.618339 0.009375 -1.997596
v 0.614564 0.015719 -2.010957
v 0.612885 -0.000171 -1.998862
v 0.621448 0.003016 -1.983514
v 0.615203 -0.006343 -1.984451
v 0.617701 -0.012027 -1.969159
v 0.608500 -0.013740 -1.985146
v 0.609069 -0.020178 -1.966370
v 0.601866 -0.018031 -1.986731
v 0.607029 -0.008000 -1.999633
v 0.604475 -0.002516 -2.012255
v 0.601089 -0.013356 -2.000269
v 0.598993 -0.008649 -2.012113
v 0.595232 -0.017055 -2.000658
v 0.589598 -0.019859 -2.000661
v 0.595565 -0.020561 -1.988405
v 0.593442 -0.013178 -2.011612
v 0.590264 -0.009171 -2.021514
v 0.587960 -0.016649 -2.010881
v 0.582673 -0.019603 -2.010035
v 0.585046 -0.013172 -2.020204
v 0.580994 -0.009668 -2.028862
v 0.579994 -0.016548 -2.018878
v 0.576344 -0.013328 -2.027114
v 0.575276 -0.019788 -2.017694
v 0.572028 -0.016673 -2.025580
v 0.577746 -0.022614 -2.009216
v 0.579259 -0.025065 -1.999940
v 0.584241 -0.022338 -2.000379
v 0.584519 -0.024611 -1.989718
v 0.583339 -0.026263 -1.977819
v 0.589806 -0.022605 -1.989339
v 0.588460 -0.024659 -1.976683
v 0.585393 -0.025838 -1.962462
v 0.594164 -0.023304 -1.974682
v 0.590791 -0.024892 -1.959370
v 0.600659 -0.021927 -1.971599
v 0.596773 -0.024270 -1.954996
v 0.602727 -0.024485 -1.947913
v 0.580660 -0.026338 -1.947559
v 0.567185 -0.013518 -2.032857
v 0.570960 -0.010125 -2.034766
v 0.575054 -0.006264 -2.036878
v 0.563063 -0.007120 -2.041846
v 0.566477 -0.003113 -2.044322
v 0.554514 -0.000327 -2.051203
v 0.570016 0.001836 -2.046870
v 0.573555 0.008035 -2.049429
v 0.557276 0.004798 -2.054060
v 0.579287 -0.001558 -2.039090
v 0.585795 -0.005260 -2.030651
v 0.583505 0.004370 -2.041268
v 0.590583 0.000316 -2.032365
v 0.587544 0.011910 -2.043310
v 0.595191 0.007492 -2.033845
v 0.591263 0.021412 -2.045125
v 0.576955 0.015858 -2.051934
v 0.580064 0.025628 -2.054309
v 0.562716 0.019295 -2.059702
v 0.565159 0.029294 -2.062428
v 0.560052 0.011241 -2.056901
v 0.567310 0.040933 -2.064977
v 0.547284 0.044162 -2.071963
v 0.582812 0.037040 -2.056423
v 0.569086 0.053939 -2.067245
v 0.570418 0.067993 -2.069117
v 0.548450 0.057359 -2.074416
v 0.585101 0.049736 -2.058117
v 0.586850 0.063388 -2.059246
v 0.597286 0.044828 -2.047421
v 0.594539 0.032518 -2.046540
v 0.606418 0.039290 -2.035478
v 0.599382 0.057955 -2.047610
v 0.608861 0.051825 -2.034670
v 0.600742 0.071500 -2.046974
v 0.601408 0.084958 -2.044351
v 0.610429 0.064557 -2.032978
v 0.587974 0.077677 -2.059651
v 0.571237 0.082805 -2.070490
v 0.588710 0.092428 -2.058371
v 0.571876 0.098556 -2.070672
v 0.589320 0.107478 -2.054445
v 0.601450 0.097821 -2.038608
v 0.590250 0.120677 -2.044822
v 0.572708 0.115424 -2.069001
v 0.574637 0.135399 -2.063751
v 0.584005 0.144090 -2.039012
v 0.591929 0.129888 -2.026477
v 0.586822 0.149709 -2.014548
v 0.592068 0.136184 -2.003664
v 0.584685 0.153695 -1.990595
v 0.581327 0.168384 -1.997864
v 0.577580 0.156295 -1.968712
v 0.588418 0.140624 -1.980649
v 0.580522 0.143494 -1.959216
v 0.592387 0.128761 -1.968491
v 0.583616 0.131828 -1.947644
v 0.596495 0.117735 -1.954586
v 0.597647 0.124135 -1.990322
v 0.600104 0.117710 -2.011079
v 0.603018 0.113070 -1.975542
v 0.607098 0.106735 -1.995190
v 0.608125 0.102578 -1.959787
v 0.613204 0.096489 -1.978925
v 0.600617 0.107149 -1.939440
v 0.612885 0.092221 -1.943506
v 0.604656 0.096591 -1.923503
v 0.617423 0.082044 -1.927229
v 0.618728 0.086456 -1.962373
v 0.623738 0.076725 -1.946035
v 0.622503 0.079189 -1.978437
v 0.627901 0.069916 -1.962065
v 0.616396 0.088777 -1.995022
v 0.624570 0.070353 -1.990029
v 0.625070 0.060322 -1.998031
v 0.630094 0.061590 -1.973917
v 0.618173 0.079350 -2.006298
v 0.610762 0.088473 -2.022513
v 0.618658 0.068650 -2.013705
v 0.611067 0.076951 -2.029308
v 0.617937 0.057114 -2.018251
v 0.616119 0.045155 -2.020902
v 0.624168 0.049438 -2.003312
v 0.613302 0.033213 -2.022636
v 0.609666 0.021813 -2.023590
v 0.605377 0.011454 -2.023828
v 0.603240 0.027435 -2.035521
v 0.599465 0.016675 -2.034932
v 0.609735 0.005805 -2.011896
v 0.600603 0.002660 -2.023497
v 0.595510 -0.004043 -2.022665
v 0.609457 0.098589 -2.011514
v 0.600978 0.109080 -2.028061
v 0.634910 0.053139 -1.958130
v 0.630524 0.052076 -1.982387
v 0.635201 0.044078 -1.966887
v 0.639295 0.036450 -1.951671
v 0.639142 0.045095 -1.942865
v 0.643001 0.029342 -1.936825
v 0.641266 0.020311 -1.943250
v 0.642959 0.037537 -1.928302
v 0.646345 0.022669 -1.922459
v 0.649357 0.016347 -1.908656
v 0.646373 0.030424 -1.914484
v 0.644583 0.014088 -1.928601
v 0.641391 0.005033 -1.933305
v 0.647650 0.008274 -1.914321
v 0.644597 -0.000261 -1.918715
v 0.650481 0.002770 -1.900533
v 0.653104 -0.002481 -1.887346
v 0.652091 0.010332 -1.895510
v 0.647636 -0.005201 -1.904479
v 0.643847 -0.013296 -1.907604
v 0.650481 -0.009817 -1.890735
v 0.652562 -0.013739 -1.877697
v 0.647039 -0.017239 -1.893511
v 0.649440 -0.020460 -1.880126
v 0.643014 -0.024365 -1.895294
v 0.639337 -0.021129 -1.909332
v 0.638685 -0.030897 -1.895686
v 0.645873 -0.026838 -1.881992
v 0.642196 -0.032563 -1.883065
v 0.647233 -0.028413 -1.869637
v 0.650439 -0.022672 -1.867718
v 0.646470 -0.028818 -1.858581
v 0.643930 -0.033508 -1.871194
v 0.640849 -0.037692 -1.872227
v 0.643431 -0.033504 -1.860520
v 0.640239 -0.032364 -1.851491
v 0.640516 -0.037367 -1.862253
v 0.637560 -0.036128 -1.853836
v 0.637935 -0.040155 -1.863616
v 0.635159 -0.038902 -1.856006
v 0.638254 -0.040669 -1.872601
v 0.635534 -0.041951 -1.864666
v 0.633133 -0.042839 -1.865412
v 0.632939 -0.040787 -1.858080
v 0.635881 -0.042552 -1.872358
v 0.633452 -0.043453 -1.871536
v 0.634355 -0.042582 -1.879923
v 0.632203 -0.043591 -1.877461
v 0.631371 -0.042073 -1.886164
v 0.636436 -0.040537 -1.881945
v 0.638893 -0.037256 -1.883131
v 0.632800 -0.039867 -1.890661
v 0.634965 -0.036242 -1.894282
v 0.627860 -0.038833 -1.895524
v 0.622059 -0.037585 -1.893355
v 0.627277 -0.041103 -1.889208
v 0.622489 -0.039762 -1.887248
v 0.626569 -0.042288 -1.884245
v 0.625847 -0.042635 -1.880560
v 0.622655 -0.041172 -1.882461
v 0.629830 -0.043151 -1.882133
v 0.627693 -0.043316 -1.878368
v 0.624501 -0.042816 -1.874616
v 0.629594 -0.043729 -1.874418
v 0.626139 -0.043188 -1.870708
v 0.630732 -0.043544 -1.869716
v 0.627471 -0.043012 -1.866478
v 0.631024 -0.043029 -1.865909
v 0.628873 -0.042525 -1.862684
v 0.625570 -0.041499 -1.859011
v 0.630774 -0.041879 -1.860086
v 0.627180 -0.040648 -1.855820
v 0.628859 -0.039275 -1.852931
v 0.623169 -0.039218 -1.852835
v 0.622114 -0.040167 -1.856093
v 0.619255 -0.037963 -1.851748
v 0.624126 -0.037631 -1.849603
v 0.619436 -0.036154 -1.848534
v 0.625500 -0.035352 -1.846466
v 0.627277 -0.032225 -1.843263
v 0.630746 -0.037211 -1.850152
v 0.620282 -0.033609 -1.845305
v 0.621698 -0.030200 -1.841884
v 0.615883 -0.032296 -1.847092
v 0.615522 -0.035129 -1.850177
v 0.612441 -0.031490 -1.851521
v 0.616979 -0.028553 -1.843623
v 0.613066 -0.027375 -1.848211
v 0.618700 -0.023700 -1.839438
v 0.623599 -0.025757 -1.838081
v 0.614564 -0.021998 -1.843453
v 0.620865 -0.018067 -1.835073
v 0.623335 -0.011927 -1.831079
v 0.625833 -0.020578 -1.834291
v 0.616716 -0.015752 -1.838226
v 0.619283 -0.009029 -1.833479
v 0.613163 -0.013647 -1.842970
v 0.609957 -0.011623 -1.848310
v 0.615869 -0.006239 -1.837223
v 0.611053 -0.020698 -1.849654
v 0.609915 -0.026774 -1.855399
v 0.607848 -0.019316 -1.856689
v 0.607334 -0.026955 -1.866611
v 0.604586 -0.017396 -1.863180
v 0.604170 -0.023902 -1.874871
v 0.606890 -0.009550 -1.853290
v 0.600992 -0.015715 -1.868305
v 0.604031 -0.007870 -1.856972
v 0.599979 -0.022056 -1.881568
v 0.596759 -0.015061 -1.871218
v 0.601478 -0.006981 -1.858432
v 0.593498 -0.015340 -1.869048
v 0.599826 -0.007134 -1.856222
v 0.592873 -0.016512 -1.858935
v 0.599659 -0.008539 -1.848923
v 0.593942 -0.018639 -1.844945
v 0.583991 -0.022525 -1.865027
v 0.572570 -0.025857 -1.862064
v 0.585518 -0.024491 -1.848362
v 0.574943 -0.027876 -1.846050
v 0.587891 -0.027737 -1.833325
v 0.590958 -0.032548 -1.818883
v 0.577663 -0.030854 -1.831504
v 0.595815 -0.021838 -1.831130
v 0.601811 -0.014114 -1.826305
v 0.598119 -0.025252 -1.817686
v 0.600520 -0.028025 -1.804809
v 0.603296 -0.017557 -1.813651
v 0.604600 -0.020796 -1.801224
v 0.607167 -0.009298 -1.808419
v 0.609749 -0.000719 -1.803138
v 0.607764 -0.013050 -1.796718
v 0.606265 -0.005506 -1.820205
v 0.609249 0.003682 -1.814283
v 0.605377 -0.002058 -1.831082
v 0.604808 0.000634 -1.840085
v 0.600478 -0.010952 -1.838343
v 0.608708 0.007654 -1.824642
v 0.610554 0.017821 -1.820515
v 0.608416 0.010727 -1.833291
v 0.608625 0.012390 -1.839374
v 0.610526 0.021417 -1.829437
v 0.610998 0.023255 -1.835829
v 0.610804 0.032477 -1.828102
v 0.610429 0.027811 -1.817758
v 0.611886 0.034804 -1.835808
v 0.608902 0.043650 -1.828866
v 0.603046 0.052837 -1.827468
v 0.607848 0.036987 -1.815458
v 0.611164 0.047048 -1.839450
v 0.614898 0.044238 -1.843521
v 0.607848 0.062524 -1.849954
v 0.618020 0.064402 -1.876529
v 0.617298 0.052252 -1.852914
v 0.590292 0.068166 -1.836137
v 0.601880 0.077030 -1.870004
v 0.597481 0.088643 -1.887432
v 0.613218 0.074957 -1.890398
v 0.587114 0.079258 -1.853209
v 0.570127 0.080661 -1.838980
v 0.583158 0.090545 -1.870270
v 0.566560 0.091607 -1.855687
v 0.579633 0.101426 -1.886712
v 0.576428 0.112060 -1.902304
v 0.593692 0.099633 -1.904016
v 0.563188 0.102309 -1.872071
v 0.560024 0.112872 -1.887731
v 0.545036 0.102607 -1.860556
v 0.541802 0.113085 -1.876325
v 0.525870 0.102658 -1.852617
v 0.548477 0.091787 -1.843809
v 0.552113 0.080272 -1.826327
v 0.529395 0.091718 -1.835577
v 0.522567 0.113078 -1.868482
v 0.519458 0.123562 -1.883169
v 0.538804 0.123570 -1.890928
v 0.499987 0.123760 -1.879216
v 0.516558 0.134448 -1.896363
v 0.513879 0.146104 -1.907754
v 0.536029 0.134444 -1.904067
v 0.497018 0.134690 -1.892315
v 0.494270 0.146376 -1.903609
v 0.474799 0.146490 -1.903417
v 0.491799 0.159113 -1.912813
v 0.511465 0.158840 -1.917041
v 0.531144 0.158753 -1.924688
v 0.509341 0.173037 -1.923913
v 0.529020 0.172908 -1.931558
v 0.547367 0.172632 -1.942685
v 0.527105 0.188115 -1.936381
v 0.545355 0.187809 -1.947562
v 0.560870 0.187160 -1.962319
v 0.543537 0.203643 -1.950758
v 0.558858 0.203061 -1.965613
v 0.557068 0.219236 -1.967608
v 0.563077 0.171941 -1.957400
v 0.572306 0.186025 -1.980745
v 0.574832 0.170614 -1.975753
v 0.565450 0.157801 -1.950474
v 0.567948 0.145121 -1.941188
v 0.549546 0.158504 -1.935815
v 0.551877 0.145837 -1.926571
v 0.533475 0.146045 -1.915415
v 0.554389 0.134263 -1.915279
v 0.570599 0.133519 -1.929853
v 0.557096 0.123401 -1.902237
v 0.573430 0.122631 -1.916784
v 0.586864 0.120874 -1.934337
v 0.590222 0.110279 -1.919677
v 0.573638 0.069827 -1.822996
v 0.576886 0.059446 -1.808756
v 0.591471 0.057938 -1.819637
v 0.561994 0.057810 -1.798190
v 0.579828 0.049675 -1.795998
v 0.582409 0.040645 -1.784503
v 0.567435 0.047756 -1.788037
v 0.591985 0.048489 -1.804540
v 0.593165 0.039721 -1.791649
v 0.601977 0.044248 -1.811679
v 0.602144 0.036129 -1.798203
v 0.602740 0.028614 -1.786542
v 0.607736 0.030046 -1.802850
v 0.607958 0.023225 -1.791202
v 0.610470 0.022149 -1.806493
v 0.610817 0.013131 -1.810017
v 0.610582 0.016143 -1.795124
v 0.611026 0.007952 -1.798899
v 0.610387 0.010456 -1.784469
v 0.607889 0.016912 -1.780633
v 0.609402 0.005377 -1.774713
v 0.610928 0.002961 -1.788146
v 0.609971 -0.001569 -1.777971
v 0.609915 -0.005052 -1.792092
v 0.609208 -0.009004 -1.781469
v 0.607070 -0.012318 -1.771580
v 0.607459 -0.016463 -1.785439
v 0.604961 -0.023656 -1.789344
v 0.605669 -0.019279 -1.774948
v 0.603670 -0.025963 -1.778336
v 0.601797 -0.021215 -1.765585
v 0.595260 -0.021998 -1.757728
v 0.602935 -0.014666 -1.762764
v 0.600159 -0.027474 -1.768522
v 0.598175 -0.033148 -1.771317
v 0.593858 -0.027904 -1.760283
v 0.585851 -0.027540 -1.754196
v 0.592193 -0.033253 -1.762834
v 0.584435 -0.032665 -1.756557
v 0.590333 -0.037795 -1.765220
v 0.582909 -0.036996 -1.758850
v 0.595968 -0.037981 -1.773726
v 0.588377 -0.041262 -1.767266
v 0.593692 -0.041678 -1.775489
v 0.581354 -0.040312 -1.760968
v 0.586281 -0.043711 -1.769108
v 0.583977 -0.045161 -1.770927
v 0.591180 -0.044254 -1.776662
v 0.579786 -0.042712 -1.763158
v 0.572764 -0.041505 -1.759488
v 0.578260 -0.044300 -1.765724
v 0.576775 -0.045222 -1.768996
v 0.572236 -0.043126 -1.762290
v 0.571459 -0.044062 -1.765589
v 0.566713 -0.042040 -1.761352
v 0.566227 -0.040383 -1.758843
v 0.562466 -0.041445 -1.763681
v 0.567657 -0.043021 -1.764110
v 0.565186 -0.042920 -1.766124
v 0.569766 -0.044396 -1.769345
v 0.563119 -0.042732 -1.770223
v 0.568059 -0.044270 -1.773761
v 0.562550 -0.042474 -1.775738
v 0.559871 -0.041159 -1.768448
v 0.559261 -0.040987 -1.774863
v 0.557942 -0.039259 -1.767830
v 0.556901 -0.039100 -1.775690
v 0.561162 -0.039663 -1.761910
v 0.556887 -0.036732 -1.767739
v 0.556485 -0.033320 -1.767150
v 0.560801 -0.037211 -1.760692
v 0.554958 -0.036509 -1.777431
v 0.553501 -0.032940 -1.778067
v 0.556235 -0.036637 -1.788034
v 0.558664 -0.039233 -1.784293
v 0.561981 -0.037167 -1.797823
v 0.552391 -0.032684 -1.793410
v 0.559732 -0.034345 -1.805829
v 0.549477 -0.029441 -1.808544
v 0.549227 -0.027128 -1.787947
v 0.545632 -0.025440 -1.800943
v 0.548422 -0.021129 -1.782576
v 0.552613 -0.028105 -1.775589
v 0.552460 -0.022268 -1.771478
v 0.556513 -0.028783 -1.765000
v 0.561592 -0.029597 -1.757322
v 0.556971 -0.023326 -1.761936
v 0.557887 -0.017143 -1.758609
v 0.562383 -0.024415 -1.754809
v 0.569031 -0.025521 -1.750861
v 0.563410 -0.018563 -1.752114
v 0.564617 -0.012240 -1.749525
v 0.570127 -0.019898 -1.748550
v 0.571251 -0.013875 -1.746386
v 0.578371 -0.021080 -1.748653
v 0.579411 -0.015143 -1.746640
v 0.577219 -0.026659 -1.750867
v 0.587100 -0.021862 -1.751900
v 0.588099 -0.015854 -1.749791
v 0.588779 -0.009756 -1.748017
v 0.596273 -0.015777 -1.755345
v 0.596828 -0.009493 -1.753297
v 0.603462 -0.008083 -1.760319
v 0.596801 -0.003402 -1.751939
v 0.603115 -0.001885 -1.758449
v 0.589168 -0.003712 -1.746991
v 0.596065 0.002267 -1.751614
v 0.595399 0.007627 -1.753018
v 0.601686 0.003562 -1.757371
v 0.589237 0.002115 -1.747128
v 0.589015 0.007760 -1.748829
v 0.582076 0.002399 -1.744537
v 0.575553 0.003630 -1.744061
v 0.582340 0.007628 -1.746273
v 0.581146 -0.003131 -1.744074
v 0.580300 -0.009074 -1.744948
v 0.573721 -0.001651 -1.743615
v 0.567865 0.000721 -1.745977
v 0.572375 -0.007637 -1.744559
v 0.565991 -0.005648 -1.747316
v 0.560759 -0.003206 -1.752609
v 0.563091 0.003811 -1.750713
v 0.559177 -0.010379 -1.755390
v 0.554556 -0.008388 -1.763283
v 0.553182 -0.015680 -1.767270
v 0.548963 -0.014244 -1.777360
v 0.566588 0.010082 -1.750121
v 0.571792 0.014978 -1.751087
v 0.570599 0.006287 -1.745970
v 0.574818 0.010471 -1.747131
v 0.581174 0.012638 -1.749267
v 0.577441 0.007280 -1.745558
v 0.588488 0.013259 -1.752457
v 0.579189 0.017910 -1.753890
v 0.577024 0.023921 -1.760526
v 0.587613 0.018999 -1.757991
v 0.586323 0.025331 -1.765341
v 0.595829 0.018354 -1.762865
v 0.595565 0.012844 -1.756836
v 0.602713 0.015836 -1.767635
v 0.595427 0.024631 -1.770866
v 0.594483 0.031724 -1.780562
v 0.603032 0.021811 -1.776241
v 0.584602 0.032480 -1.774274
v 0.574485 0.030820 -1.768733
v 0.571445 0.038766 -1.778056
v 0.601464 0.010836 -1.761060
v 0.607112 0.011351 -1.771424
v 0.605197 0.006745 -1.763829
v 0.607140 0.001152 -1.766043
v 0.607667 -0.005351 -1.768628
v 0.599701 0.007371 -1.757053
v 0.568795 0.020374 -1.757239
v 0.576025 -0.031657 -1.753120
v 0.574832 -0.035889 -1.755317
v 0.568045 -0.030547 -1.753168
v 0.567171 -0.034764 -1.755269
v 0.561051 -0.033925 -1.759379
v 0.566463 -0.038003 -1.756985
v 0.573680 -0.039133 -1.757298
v 0.544439 -0.019807 -1.794329
v 0.541622 -0.023670 -1.813232
v 0.545396 -0.027069 -1.822066
v 0.553307 -0.028935 -1.831359
v 0.539748 -0.025410 -1.834353
v 0.548352 -0.026975 -1.844624
v 0.560163 -0.027135 -1.853962
v 0.556374 -0.025764 -1.867521
v 0.563715 -0.029217 -1.839793
v 0.566796 -0.031878 -1.826141
v 0.556971 -0.031499 -1.817722
v 0.569128 -0.034809 -1.814316
v 0.579620 -0.034318 -1.819294
v 0.570405 -0.037687 -1.805628
v 0.579731 -0.037788 -1.810290
v 0.571043 -0.040272 -1.799126
v 0.578884 -0.040812 -1.803488
v 0.571473 -0.042326 -1.793855
v 0.563840 -0.039690 -1.792418
v 0.565436 -0.041626 -1.788343
v 0.566616 -0.043023 -1.784333
v 0.560995 -0.041089 -1.781843
v 0.563188 -0.042204 -1.780587
v 0.571959 -0.043887 -1.788981
v 0.567254 -0.043856 -1.779127
v 0.572819 -0.044954 -1.783701
v 0.578690 -0.045620 -1.788116
v 0.573971 -0.045549 -1.778346
v 0.580078 -0.046320 -1.783259
v 0.575317 -0.045636 -1.773333
v 0.580952 -0.046376 -1.778067
v 0.582020 -0.045946 -1.773605
v 0.586087 -0.046481 -1.782215
v 0.585615 -0.046120 -1.777697
v 0.585629 -0.046362 -1.787755
v 0.590153 -0.045800 -1.784407
v 0.588307 -0.045669 -1.777344
v 0.589862 -0.045467 -1.791117
v 0.593414 -0.044135 -1.785160
v 0.593192 -0.043498 -1.793444
v 0.596190 -0.041285 -1.784935
v 0.598730 -0.037264 -1.783691
v 0.596037 -0.040330 -1.794780
v 0.593400 -0.039090 -1.804200
v 0.598827 -0.035928 -1.794682
v 0.601949 -0.030255 -1.792650
v 0.596481 -0.034269 -1.806219
v 0.601297 -0.032058 -1.781373
v 0.588030 -0.038066 -1.810313
v 0.590680 -0.042517 -1.800389
v 0.587738 -0.044609 -1.796463
v 0.585906 -0.041507 -1.804308
v 0.583797 -0.043632 -1.799147
v 0.581923 -0.044596 -1.795034
v 0.577982 -0.042928 -1.797869
v 0.577691 -0.044432 -1.792913
v 0.583963 -0.045574 -1.792378
v 0.569641 -0.024823 -1.877366
v 0.565242 -0.024805 -1.889831
v 0.608791 0.085917 -1.907064
v 0.621809 0.072080 -1.911484
v 0.628304 0.067370 -1.930357
v 0.626125 0.062541 -1.897454
v 0.632537 0.058479 -1.915825
v 0.630399 0.053684 -1.886379
v 0.623238 0.054905 -1.868468
v 0.634438 0.045457 -1.877189
v 0.636492 0.050100 -1.902899
v 0.640142 0.042209 -1.891370
v 0.640877 0.044574 -1.917162
v 0.644402 0.037041 -1.904252
v 0.636977 0.052545 -1.931122
v 0.632689 0.061009 -1.946187
v 0.647553 0.029893 -1.892293
v 0.650342 0.023075 -1.881256
v 0.643445 0.034754 -1.880974
v 0.649426 0.023658 -1.901421
v 0.652146 0.017196 -1.889169
v 0.654547 0.010968 -1.877755
v 0.652757 0.016534 -1.871029
v 0.656143 0.005497 -1.867423
v 0.654561 0.004552 -1.883118
v 0.656240 -0.000521 -1.871572
v 0.654950 -0.007010 -1.874922
v 0.656615 -0.004364 -1.861021
v 0.655463 -0.010391 -1.863379
v 0.655213 -0.006461 -1.851391
v 0.656407 0.001278 -1.858433
v 0.655074 -0.001042 -1.850325
v 0.654714 0.006068 -1.854622
v 0.651466 0.009525 -1.848607
v 0.654367 0.010719 -1.862023
v 0.654034 0.003120 -1.849709
v 0.651702 0.004469 -1.844321
v 0.651896 -0.000815 -1.842626
v 0.647691 0.006403 -1.838125
v 0.647442 0.000988 -1.835983
v 0.643001 0.008269 -1.833315
v 0.647108 0.011912 -1.841919
v 0.645748 0.017700 -1.847177
v 0.642140 0.013478 -1.836132
v 0.637449 0.013370 -1.831453
v 0.640294 0.019084 -1.839929
v 0.635118 0.018502 -1.833936
v 0.638004 0.025136 -1.845122
v 0.643694 0.023963 -1.853692
v 0.632592 0.024159 -1.837969
v 0.635257 0.031660 -1.851073
v 0.629789 0.030317 -1.842734
v 0.632065 0.038682 -1.857159
v 0.641058 0.030670 -1.861035
v 0.637977 0.037812 -1.868802
v 0.646359 0.027685 -1.871487
v 0.648871 0.020979 -1.862673
v 0.650675 0.014849 -1.854910
v 0.626611 0.036948 -1.847382
v 0.628151 0.046372 -1.863062
v 0.622600 0.044208 -1.851071
v 0.619033 0.038274 -1.843271
v 0.622489 0.032212 -1.840854
v 0.616507 0.029894 -1.839339
v 0.614106 0.020394 -1.838912
v 0.613926 0.033520 -1.839171
v 0.619241 0.025265 -1.837462
v 0.622017 0.020214 -1.834384
v 0.616410 0.016873 -1.837153
v 0.618992 0.012764 -1.834204
v 0.613510 0.007829 -1.839803
v 0.616063 0.004613 -1.836592
v 0.611331 0.010498 -1.841851
v 0.610096 -0.001060 -1.845342
v 0.612885 -0.003583 -1.841450
v 0.607723 0.000986 -1.848017
v 0.605918 0.002183 -1.848609
v 0.609652 0.012175 -1.841966
v 0.604891 0.002185 -1.846249
v 0.612247 0.022715 -1.838733
v 0.618825 0.001280 -1.832991
v 0.621684 0.008662 -1.830879
v 0.622031 -0.002132 -1.829845
v 0.624751 0.004621 -1.827959
v 0.625917 -0.005581 -1.827977
v 0.630705 -0.009028 -1.828218
v 0.628456 0.000655 -1.826302
v 0.633064 -0.003184 -1.826703
v 0.631079 0.006277 -1.826254
v 0.635326 0.002190 -1.826608
v 0.633924 0.010741 -1.828059
v 0.627665 0.010687 -1.827960
v 0.624737 0.015337 -1.830934
v 0.631024 0.015508 -1.829938
v 0.628276 0.020707 -1.833283
v 0.625486 0.026283 -1.837204
v 0.637519 0.006629 -1.828232
v 0.639267 0.009497 -1.830742
v 0.642334 0.003426 -1.831032
v 0.640752 -0.001492 -1.829774
v 0.638837 -0.006868 -1.829979
v 0.646470 -0.004426 -1.835272
v 0.651549 -0.006285 -1.842649
v 0.644860 -0.009903 -1.835725
v 0.650245 -0.011825 -1.843490
v 0.642779 -0.015384 -1.837108
v 0.648219 -0.017349 -1.844983
v 0.636644 -0.012460 -1.831388
v 0.640391 -0.020780 -1.839159
v 0.645762 -0.022771 -1.846909
v 0.634243 -0.018027 -1.833686
v 0.637838 -0.025880 -1.841687
v 0.631801 -0.023328 -1.836613
v 0.635270 -0.030457 -1.844489
v 0.643042 -0.027851 -1.849132
v 0.629428 -0.028137 -1.839896
v 0.632856 -0.034300 -1.847374
v 0.628248 -0.014921 -1.830870
v 0.649412 -0.023547 -1.856555
v 0.652021 -0.017903 -1.854606
v 0.654075 -0.012152 -1.852853
v 0.653284 -0.016567 -1.865583
v 0.606585 -0.028356 -1.888224
v 0.609763 -0.030916 -1.881097
v 0.614426 -0.033477 -1.892626
v 0.612053 -0.033782 -1.876949
v 0.616452 -0.035971 -1.886417
v 0.613773 -0.036443 -1.874512
v 0.609652 -0.031916 -1.866921
v 0.611331 -0.035062 -1.866682
v 0.610068 -0.031255 -1.858286
v 0.611109 -0.034488 -1.859711
v 0.612649 -0.034577 -1.854060
v 0.612566 -0.036831 -1.861041
v 0.614648 -0.038660 -1.863089
v 0.613010 -0.037238 -1.866516
v 0.613662 -0.036912 -1.856459
v 0.615619 -0.038823 -1.859200
v 0.615994 -0.037239 -1.853149
v 0.617548 -0.038947 -1.856157
v 0.619561 -0.039027 -1.854518
v 0.620407 -0.040574 -1.859306
v 0.623932 -0.041984 -1.862708
v 0.618672 -0.040596 -1.862734
v 0.617507 -0.040349 -1.866611
v 0.622336 -0.042086 -1.866690
v 0.620879 -0.041786 -1.870734
v 0.619644 -0.041039 -1.874607
v 0.616507 -0.039679 -1.870121
v 0.623141 -0.042096 -1.878432
v 0.618686 -0.039855 -1.878099
v 0.617729 -0.038176 -1.881823
v 0.615258 -0.038390 -1.872491
v 0.614592 -0.038529 -1.866534
v 0.640489 -0.008972 -1.922148
v 0.549754 0.102578 -2.080546
v 0.549615 0.086618 -2.078917
v 0.524649 0.089242 -2.084087
v 0.549254 0.071598 -2.076735
v 0.524829 0.074233 -2.081337
v 0.540331 0.007241 -2.060727
v 0.538402 0.001914 -2.057587
v 0.519556 0.003602 -2.062380
v 0.614606 -0.022844 -1.948498
v 0.550517 -0.033346 -1.933298
v 0.553085 -0.034199 -1.940347
v 0.555638 -0.035265 -1.950627
v 0.557429 -0.036135 -1.962353
v 0.546090 -0.037483 -1.946741
v 0.562605 -0.033054 -1.952639
v 0.546673 -0.038757 -1.958501
v 0.546659 -0.039259 -1.970582
v 0.533767 -0.040930 -1.953714
v 0.532726 -0.041629 -1.965916
v 0.517252 -0.042991 -1.960810
v 0.531241 -0.040985 -1.977545
v 0.545924 -0.038554 -1.981894
v 0.529423 -0.039164 -1.988587
v 0.515004 -0.042408 -1.972689
v 0.497989 -0.042341 -1.967637
v 0.512672 -0.040580 -1.984118
v 0.495200 -0.040615 -1.979288
v 0.510327 -0.037702 -1.995054
v 0.507981 -0.033953 -2.005423
v 0.492646 -0.037840 -1.990555
v 0.527327 -0.036360 -1.998994
v 0.525079 -0.032752 -2.008763
v 0.542746 -0.034159 -2.002311
v 0.540595 -0.030803 -2.011423
v 0.544578 -0.036793 -1.992476
v 0.538235 -0.026892 -2.019824
v 0.522734 -0.028521 -2.017850
v 0.505677 -0.029527 -2.015194
v 0.488080 -0.029751 -2.011581
v 0.503540 -0.024726 -2.024264
v 0.486109 -0.024931 -2.021110
v 0.484402 -0.020027 -2.029821
v 0.469359 -0.024509 -2.016301
v 0.471010 -0.029049 -2.006708
v 0.454023 -0.023530 -2.010712
v 0.467929 -0.019841 -2.025022
v 0.455161 -0.027561 -2.001309
v 0.440812 -0.022068 -2.005214
v 0.441242 -0.025479 -1.996073
v 0.430264 -0.020083 -2.000782
v 0.429945 -0.022955 -1.991720
v 0.430736 -0.025521 -1.981928
v 0.422007 -0.020155 -1.988954
v 0.422493 -0.022510 -1.979055
v 0.416733 -0.019422 -1.977184
v 0.423853 -0.024332 -1.968792
v 0.426365 -0.025650 -1.958343
v 0.432304 -0.027398 -1.971663
v 0.417941 -0.021434 -1.966736
v 0.420383 -0.023057 -1.956212
v 0.413625 -0.018602 -1.965192
v 0.416095 -0.020691 -1.954410
v 0.410016 -0.015703 -1.963844
v 0.412570 -0.018382 -1.952621
v 0.406186 -0.012664 -1.962346
v 0.408948 -0.015941 -1.950515
v 0.402175 -0.009010 -1.960721
v 0.398026 -0.004285 -1.958921
v 0.400787 -0.005080 -1.973245
v 0.405173 -0.012953 -1.948086
v 0.401190 -0.009001 -1.945314
v 0.410169 -0.016616 -1.935345
v 0.417621 -0.019533 -1.922756
v 0.413638 -0.018832 -1.938773
v 0.406325 -0.013746 -1.931040
v 0.401800 -0.009132 -1.926975
v 0.396929 -0.003424 -1.942489
v 0.392294 0.004369 -1.939927
v 0.393793 0.001956 -1.956969
v 0.392169 0.006931 -1.970817
v 0.389532 0.010157 -1.954818
v 0.387936 0.015566 -1.969215
v 0.387520 0.020466 -1.983367
v 0.384009 0.025709 -1.967197
v 0.391850 0.011410 -1.984434
v 0.393612 0.015378 -1.997972
v 0.396277 0.004221 -1.985161
v 0.396499 0.000188 -1.972135
v 0.398095 0.007823 -1.998164
v 0.420605 -0.021031 -1.927184
v 0.416927 -0.020673 -1.941501
v 0.423436 -0.022357 -1.930546
v 0.420230 -0.022394 -1.943704
v 0.426406 -0.023586 -1.933188
v 0.424408 -0.024250 -1.945724
v 0.430292 -0.025002 -1.935425
v 0.430278 -0.026497 -1.947889
v 0.438702 -0.029350 -1.950543
v 0.435871 -0.026902 -1.937610
v 0.443976 -0.029544 -1.940087
v 0.443435 -0.026898 -1.927699
v 0.438341 -0.025275 -1.925481
v 0.450929 -0.029286 -1.929973
v 0.461573 -0.032736 -1.932601
v 0.455370 -0.033224 -1.943169
v 0.474563 -0.036499 -1.935668
v 0.469234 -0.037179 -1.946830
v 0.484722 -0.040644 -1.951026
v 0.464904 -0.036959 -1.958132
v 0.481002 -0.040279 -1.962734
v 0.461476 -0.035850 -1.969396
v 0.450526 -0.033079 -1.954013
v 0.446876 -0.032255 -1.964924
v 0.434886 -0.028659 -1.961132
v 0.444226 -0.030735 -1.975696
v 0.442408 -0.028486 -1.986148
v 0.458784 -0.033905 -1.980467
v 0.456730 -0.031133 -1.991151
v 0.475187 -0.036415 -1.985556
v 0.472939 -0.033119 -1.996403
v 0.477852 -0.038842 -1.974282
v 0.490273 -0.034169 -2.001339
v 0.501001 -0.042827 -1.955705
v 0.434941 -0.024145 -1.922962
v 0.483001 -0.015369 -2.037556
v 0.558331 -0.036386 -1.974341
v 0.390559 0.070250 -2.024672
v 0.430001 0.098763 -1.873934
v 0.448389 0.100966 -1.861497
v 0.451345 0.090234 -1.844460
v 0.477963 0.069150 -1.801954
v 0.472523 0.053621 -1.788368
v 0.463044 0.047947 -1.794147
v 0.466583 0.035134 -1.791272
v 0.469151 0.044237 -1.786930
v 0.470178 0.032720 -1.785952
v 0.475729 0.037215 -1.777138
v 0.480975 0.030005 -1.767746
v 0.480475 0.044514 -1.776525
v 0.474396 0.027919 -1.778395
v 0.474688 0.017870 -1.781400
v 0.478518 0.022134 -1.770028
v 0.477935 0.013173 -1.773484
v 0.482418 0.016116 -1.761532
v 0.481280 0.008082 -1.765089
v 0.485249 0.023075 -1.758997
v 0.485943 0.010572 -1.753642
v 0.488885 0.016837 -1.751122
v 0.489579 0.005704 -1.746709
v 0.484527 0.003277 -1.757046
v 0.484139 -0.004481 -1.761454
v 0.488136 -0.000988 -1.749763
v 0.487650 -0.008153 -1.753655
v 0.492632 -0.004510 -1.743604
v 0.492188 -0.011179 -1.746950
v 0.498475 -0.007061 -1.738962
v 0.493826 0.001713 -1.741110
v 0.499280 -0.001153 -1.737031
v 0.496074 0.007043 -1.739668
v 0.492355 0.011449 -1.744539
v 0.499904 0.010890 -1.738782
v 0.500751 0.004009 -1.736336
v 0.502472 0.007571 -1.736652
v 0.507079 0.002700 -1.734327
v 0.514115 0.002447 -1.733781
v 0.507162 0.007748 -1.735337
v 0.506482 -0.002636 -1.734686
v 0.506191 -0.008398 -1.736258
v 0.514435 -0.003014 -1.734082
v 0.514698 -0.008703 -1.735447
v 0.522137 -0.002576 -1.735173
v 0.522928 -0.008139 -1.736499
v 0.528562 -0.001280 -1.737890
v 0.520929 0.002607 -1.734839
v 0.526550 0.003659 -1.737232
v 0.519958 0.007503 -1.735791
v 0.524302 0.007099 -1.737407
v 0.513644 0.007757 -1.734851
v 0.519889 0.012175 -1.738376
v 0.512922 0.012925 -1.737599
v 0.525884 0.010042 -1.739627
v 0.519944 0.017190 -1.742620
v 0.526980 0.014280 -1.743856
v 0.511867 0.018395 -1.742017
v 0.519389 0.023034 -1.748544
v 0.527244 0.019513 -1.749811
v 0.510382 0.024583 -1.748087
v 0.518376 0.029934 -1.755919
v 0.526994 0.025788 -1.757188
v 0.517044 0.038075 -1.764495
v 0.508439 0.031745 -1.755591
v 0.498641 0.031208 -1.756081
v 0.505983 0.040132 -1.764353
v 0.503124 0.049507 -1.774494
v 0.495116 0.039412 -1.765020
v 0.486207 0.036016 -1.766220
v 0.490426 0.048587 -1.775449
v 0.484125 0.058534 -1.787640
v 0.500029 0.059673 -1.786121
v 0.490439 0.028313 -1.757249
v 0.493895 0.021519 -1.749405
v 0.501472 0.024092 -1.748370
v 0.496948 0.015696 -1.743092
v 0.503818 0.017961 -1.742218
v 0.505900 0.012669 -1.737913
v 0.516114 0.047374 -1.774246
v 0.527022 0.041725 -1.774988
v 0.526564 0.033195 -1.765682
v 0.533420 0.032082 -1.776987
v 0.532823 0.025417 -1.768160
v 0.536598 0.020319 -1.780308
v 0.536445 0.015857 -1.771716
v 0.537750 0.008322 -1.784998
v 0.537625 -0.002694 -1.790706
v 0.537847 0.010336 -1.791629
v 0.538069 0.005600 -1.776161
v 0.538332 -0.004254 -1.781308
v 0.538332 0.002584 -1.766639
v 0.538124 -0.000266 -1.757952
v 0.536473 0.011305 -1.762720
v 0.538943 -0.006049 -1.771100
v 0.538957 -0.007900 -1.761682
v 0.538790 -0.013787 -1.775925
v 0.539082 -0.015026 -1.765686
v 0.537902 -0.012562 -1.786941
v 0.537639 -0.020635 -1.780670
v 0.535238 -0.026655 -1.784916
v 0.538444 -0.021567 -1.769576
v 0.536306 -0.019483 -1.792614
v 0.535057 -0.018372 -1.803767
v 0.533156 -0.025091 -1.797840
v 0.527438 -0.028999 -1.802722
v 0.530824 -0.032169 -1.788089
v 0.520360 -0.033572 -1.795586
v 0.535418 -0.032264 -1.774582
v 0.529589 -0.035948 -1.781564
v 0.534363 -0.035779 -1.773253
v 0.521443 -0.036238 -1.787444
v 0.528840 -0.038336 -1.777148
v 0.527716 -0.039916 -1.774037
v 0.533239 -0.038232 -1.770806
v 0.521818 -0.038507 -1.781822
v 0.521901 -0.040150 -1.777627
v 0.513602 -0.038656 -1.784623
v 0.515115 -0.040400 -1.779885
v 0.505677 -0.038711 -1.785330
v 0.511798 -0.036367 -1.790634
v 0.502499 -0.036052 -1.790890
v 0.509660 -0.033702 -1.798873
v 0.499335 -0.032881 -1.798736
v 0.490190 -0.030872 -1.793721
v 0.487858 -0.026300 -1.806881
v 0.485013 -0.023876 -1.789243
v 0.489815 -0.032195 -1.781273
v 0.495616 -0.035884 -1.787812
v 0.493159 -0.036506 -1.780971
v 0.499571 -0.038900 -1.783550
v 0.503193 -0.040749 -1.780003
v 0.496893 -0.039479 -1.778861
v 0.500820 -0.041284 -1.776676
v 0.497087 -0.040139 -1.772589
v 0.500834 -0.041833 -1.771877
v 0.499613 -0.040614 -1.766042
v 0.494034 -0.037418 -1.772556
v 0.497156 -0.038160 -1.764714
v 0.491591 -0.033520 -1.771171
v 0.489690 -0.028294 -1.767826
v 0.495255 -0.034607 -1.762462
v 0.500890 -0.035227 -1.755496
v 0.493798 -0.029825 -1.759136
v 0.499696 -0.030781 -1.752289
v 0.492799 -0.024130 -1.755148
v 0.492257 -0.017819 -1.750935
v 0.498836 -0.025468 -1.748738
v 0.488372 -0.022088 -1.763292
v 0.487719 -0.015278 -1.758366
v 0.485138 -0.019529 -1.772723
v 0.487067 -0.026374 -1.778009
v 0.482515 -0.016542 -1.782994
v 0.484250 -0.012148 -1.766947
v 0.481405 -0.008657 -1.776215
v 0.478712 -0.005002 -1.785708
v 0.481169 -0.000391 -1.769914
v 0.478296 0.003876 -1.778558
v 0.475645 0.007765 -1.786626
v 0.473328 0.010736 -1.793288
v 0.476242 -0.001655 -1.794515
v 0.474119 0.000890 -1.801738
v 0.477311 -0.010141 -1.803782
v 0.479906 -0.013228 -1.793633
v 0.479615 -0.017436 -1.813112
v 0.474729 -0.007849 -1.812597
v 0.472453 -0.006734 -1.818336
v 0.475687 -0.015257 -1.825076
v 0.471760 -0.014282 -1.833062
v 0.468720 -0.014686 -1.833165
v 0.470802 -0.007168 -1.819286
v 0.466763 -0.016309 -1.828638
v 0.466083 -0.018988 -1.822675
v 0.469636 -0.008803 -1.816868
v 0.470344 -0.000046 -1.806524
v 0.468901 -0.011248 -1.812519
v 0.469567 -0.002624 -1.803339
v 0.468262 -0.013921 -1.807001
v 0.466070 -0.021745 -1.815697
v 0.467430 -0.016253 -1.801003
v 0.468693 -0.005555 -1.799009
v 0.467513 -0.008396 -1.794292
v 0.467666 0.003088 -1.792521
v 0.468526 0.006591 -1.796001
v 0.469289 0.009626 -1.798472
v 0.470205 0.011679 -1.799288
v 0.466916 0.019877 -1.793625
v 0.467915 0.022475 -1.794242
v 0.469456 0.023227 -1.792604
v 0.464279 0.033769 -1.792981
v 0.471468 0.012221 -1.797771
v 0.471787 0.021452 -1.788046
v 0.472412 0.002162 -1.806467
v 0.471232 0.001707 -1.807805
v 0.465556 -0.011047 -1.789815
v 0.461157 -0.029239 -1.824566
v 0.457840 -0.034241 -1.823348
v 0.455495 -0.037283 -1.821973
v 0.453163 -0.039229 -1.820618
v 0.459519 -0.037359 -1.816336
v 0.456646 -0.039330 -1.816369
v 0.457882 -0.039551 -1.811812
v 0.452761 -0.040570 -1.816596
v 0.451026 -0.040207 -1.819490
v 0.447293 -0.041463 -1.817606
v 0.446696 -0.040751 -1.821103
v 0.482626 -0.020598 -1.801061
v 0.498336 -0.019557 -1.745142
v 0.506940 -0.025875 -1.744511
v 0.506441 -0.020266 -1.741450
v 0.515906 -0.025630 -1.742572
v 0.507662 -0.030930 -1.747623
v 0.508592 -0.035163 -1.750598
v 0.516488 -0.030512 -1.745299
v 0.517141 -0.034629 -1.747998
v 0.524954 -0.029780 -1.745521
v 0.525315 -0.033864 -1.747915
v 0.524524 -0.024932 -1.743071
v 0.531838 -0.028974 -1.748437
v 0.531907 -0.033136 -1.750552
v 0.531615 -0.024045 -1.746113
v 0.535932 -0.028346 -1.754236
v 0.535987 -0.023193 -1.751834
v 0.535682 -0.032657 -1.756141
v 0.537541 -0.027834 -1.762533
v 0.537014 -0.027418 -1.772951
v 0.538110 -0.022384 -1.759802
v 0.536792 -0.032392 -1.764280
v 0.536140 -0.035769 -1.764509
v 0.535071 -0.038204 -1.764061
v 0.535307 -0.035913 -1.757302
v 0.534419 -0.038274 -1.758160
v 0.531824 -0.036291 -1.752298
v 0.531269 -0.038571 -1.753977
v 0.525592 -0.036959 -1.750120
v 0.517807 -0.037702 -1.750523
v 0.525551 -0.039180 -1.752369
v 0.524996 -0.040670 -1.754895
v 0.518417 -0.039900 -1.753050
v 0.510937 -0.040477 -1.755704
v 0.518834 -0.041339 -1.755744
v 0.512325 -0.041798 -1.758039
v 0.518973 -0.042215 -1.758850
v 0.524496 -0.041557 -1.757808
v 0.518764 -0.042688 -1.762617
v 0.513116 -0.042529 -1.760802
v 0.508786 -0.042511 -1.762828
v 0.512589 -0.042960 -1.764555
v 0.506968 -0.042782 -1.766155
v 0.511645 -0.043010 -1.768746
v 0.505580 -0.042725 -1.770542
v 0.511187 -0.042574 -1.772877
v 0.518237 -0.042766 -1.766821
v 0.524538 -0.042110 -1.765126
v 0.517432 -0.042419 -1.771256
v 0.516377 -0.041640 -1.775684
v 0.523455 -0.041873 -1.769517
v 0.528424 -0.040993 -1.768506
v 0.522276 -0.041232 -1.773859
v 0.526314 -0.040742 -1.772161
v 0.529770 -0.041117 -1.763992
v 0.531463 -0.039866 -1.769082
v 0.533114 -0.039905 -1.763751
v 0.532601 -0.039902 -1.759102
v 0.529451 -0.041059 -1.760121
v 0.529909 -0.040078 -1.755892
v 0.528132 -0.040918 -1.757778
v 0.524621 -0.042023 -1.761214
v 0.510382 -0.041733 -1.776932
v 0.506177 -0.041601 -1.777295
v 0.508425 -0.040529 -1.780868
v 0.505414 -0.042231 -1.774604
v 0.502763 -0.042068 -1.766584
v 0.506607 -0.042046 -1.761685
v 0.504290 -0.040768 -1.760113
v 0.502402 -0.038536 -1.758072
v 0.509688 -0.038308 -1.753260
v 0.538249 -0.016259 -1.756641
v 0.535793 -0.017453 -1.749192
v 0.537888 -0.009689 -1.753390
v 0.535279 -0.011338 -1.746530
v 0.536959 -0.002859 -1.750366
v 0.534363 -0.005088 -1.744093
v 0.535085 0.003756 -1.747700
v 0.532712 0.000862 -1.742094
v 0.536181 0.007249 -1.754649
v 0.531893 0.009640 -1.745547
v 0.532698 0.014047 -1.751889
v 0.530020 0.006093 -1.740734
v 0.532865 0.019318 -1.759510
v 0.529839 -0.006888 -1.739381
v 0.530644 -0.012770 -1.741437
v 0.523497 -0.013880 -1.738446
v 0.531227 -0.018559 -1.743731
v 0.524038 -0.019557 -1.740672
v 0.515392 -0.020196 -1.739939
v 0.514976 -0.014474 -1.737519
v 0.506177 -0.014356 -1.738645
v 0.498211 -0.013332 -1.741788
v 0.536889 -0.011529 -1.797051
v 0.536292 -0.010822 -1.804560
v 0.537292 -0.001603 -1.797708
v 0.537819 -0.001187 -1.800714
v 0.416289 -0.003018 -1.801388
v 0.411307 0.006840 -1.808706
v 0.406352 0.011510 -1.819523
v 0.410488 0.000223 -1.811442
v 0.405423 0.004312 -1.822942
v 0.410793 -0.006778 -1.813963
v 0.405867 -0.003321 -1.825881
v 0.401467 0.000778 -1.839033
v 0.400843 0.009045 -1.835661
v 0.397290 0.005360 -1.853151
v 0.403160 -0.007536 -1.842015
v 0.399372 -0.003543 -1.856442
v 0.395833 0.001005 -1.871601
v 0.393376 0.010413 -1.868000
v 0.392530 0.006100 -1.887186
v 0.389782 0.015958 -1.883344
v 0.386535 0.021983 -1.898933
v 0.396430 0.014231 -1.849333
v 0.434122 -0.028584 -1.796109
v 0.437078 -0.041339 -1.808711
v 0.468401 -0.022514 -1.880851
v 0.468276 -0.023174 -1.888723
v 0.481544 -0.026728 -1.899150
v 0.481349 -0.028193 -1.903287
v 0.492133 -0.029702 -1.902371
v 0.402397 0.137875 -1.948659
v 0.400496 0.151106 -1.959649
v 0.389282 0.131743 -1.968616
v 0.388464 0.145471 -1.982003
v 0.388672 0.162063 -1.989974
v 0.382677 0.136702 -2.008642
v 0.396138 0.138693 -2.038162
v 0.386437 0.158575 -2.014768
v 0.396305 0.157519 -2.040164
v 0.387603 0.177799 -2.018513
v 0.396763 0.176620 -2.043046
v 0.413958 0.176088 -2.065703
v 0.396416 0.195322 -2.045018
v 0.413056 0.194642 -2.067381
v 0.395500 0.213666 -2.046123
v 0.394251 0.231649 -2.046402
v 0.411931 0.213098 -2.068377
v 0.410516 0.231279 -2.068507
v 0.433845 0.212784 -2.086735
v 0.459117 0.212694 -2.099045
v 0.432179 0.231050 -2.086769
v 0.435288 0.194285 -2.085807
v 0.436620 0.175813 -2.084172
v 0.460949 0.194181 -2.098131
v 0.462683 0.175723 -2.096441
v 0.487886 0.194300 -2.102172
v 0.485638 0.212868 -2.103129
v 0.514157 0.194654 -2.098792
v 0.490065 0.175732 -2.100439
v 0.511520 0.213276 -2.099847
v 0.534877 0.213888 -2.090086
v 0.508980 0.231608 -2.100049
v 0.483375 0.231217 -2.103193
v 0.457160 0.231016 -2.099053
v 0.480822 0.251647 -2.101797
v 0.454926 0.251406 -2.097573
v 0.477755 0.276488 -2.098331
v 0.452247 0.276193 -2.094023
v 0.473897 0.308069 -2.092215
v 0.448958 0.307637 -2.087793
v 0.468998 0.348704 -2.082853
v 0.444919 0.348053 -2.078315
v 0.422146 0.346811 -2.066008
v 0.425282 0.306963 -2.075538
v 0.402508 0.345105 -2.048029
v 0.387825 0.343105 -2.026519
v 0.404798 0.306077 -2.057532
v 0.389435 0.305037 -2.035887
v 0.406921 0.275564 -2.063696
v 0.408837 0.251362 -2.067146
v 0.427961 0.275894 -2.081775
v 0.391100 0.275193 -2.041897
v 0.382510 0.274782 -2.018501
v 0.392738 0.251451 -2.045202
v 0.381108 0.303886 -2.012699
v 0.430250 0.251329 -2.085315
v 0.553779 0.214674 -2.074694
v 0.566366 0.215633 -2.054530
v 0.464363 0.157542 -2.094090
v 0.437967 0.157615 -2.082001
v 0.466014 0.139898 -2.091207
v 0.439438 0.139936 -2.079465
v 0.415651 0.139594 -2.061317
v 0.441131 0.123039 -2.076735
v 0.417247 0.122382 -2.059872
v 0.414693 0.157613 -2.063471
v 0.559372 0.303978 -1.981678
v 0.373545 0.494300 -1.957419
v 0.380373 0.500339 -1.980448
v 0.370575 0.520943 -1.948116
v 0.377930 0.527288 -1.971886
v 0.366772 0.544623 -1.939937
v 0.375293 0.550746 -1.965161
v 0.367230 0.536808 -1.914599
v 0.361332 0.569479 -1.932696
v 0.355712 0.585783 -1.911332
v 0.363206 0.556496 -1.903097
v 0.363830 0.592656 -1.947036
v 0.374058 0.571834 -1.962763
v 0.389824 0.576014 -1.984981
v 0.375835 0.591629 -1.967143
v 0.391309 0.594769 -1.986385
v 0.379290 0.609428 -1.974346
v 0.383079 0.624515 -1.980359
v 0.367966 0.610197 -1.958425
v 0.393710 0.612068 -1.989872
v 0.396221 0.627757 -1.993356
v 0.410516 0.615998 -2.002465
v 0.429071 0.619822 -2.010253
v 0.411931 0.631773 -2.004327
v 0.409156 0.598992 -2.001093
v 0.408226 0.580690 -2.001488
v 0.428752 0.602994 -2.009774
v 0.428599 0.584814 -2.011087
v 0.449541 0.605499 -2.010917
v 0.450235 0.587356 -2.012522
v 0.448722 0.622177 -2.011297
v 0.470566 0.607514 -2.005610
v 0.468165 0.624074 -2.007043
v 0.472370 0.589131 -2.006601
v 0.490883 0.610058 -1.994928
v 0.494270 0.590932 -1.994114
v 0.486137 0.626530 -1.998899
v 0.481710 0.640234 -2.002389
v 0.479032 0.652196 -2.004083
v 0.465889 0.638932 -2.008958
v 0.447945 0.637577 -2.012416
v 0.464390 0.652516 -2.009974
v 0.464293 0.665226 -2.008712
v 0.447418 0.651891 -2.012974
v 0.429737 0.649969 -2.011856
v 0.447320 0.665309 -2.011711
v 0.429848 0.663594 -2.010652
v 0.447556 0.677940 -2.008004
v 0.429973 0.676404 -2.007032
v 0.448056 0.689852 -2.001175
v 0.464973 0.677251 -2.004730
v 0.465778 0.688780 -1.997588
v 0.481322 0.674389 -1.998180
v 0.482695 0.685401 -1.990474
v 0.479504 0.663451 -2.002696
v 0.483473 0.696283 -1.979322
v 0.499072 0.690756 -1.969017
v 0.466472 0.699836 -1.986800
v 0.448750 0.701153 -1.990600
v 0.466847 0.710427 -1.971854
v 0.449555 0.711953 -1.975630
v 0.432263 0.711050 -1.974919
v 0.450818 0.724392 -1.956151
v 0.434220 0.723656 -1.955430
v 0.436995 0.739957 -1.931248
v 0.418274 0.720222 -1.949717
v 0.421715 0.736644 -1.925815
v 0.403396 0.714509 -1.939769
v 0.415609 0.707386 -1.968924
v 0.400066 0.701431 -1.958542
v 0.413874 0.696202 -1.983651
v 0.431000 0.700029 -1.989844
v 0.397901 0.690085 -1.973016
v 0.413208 0.684695 -1.994111
v 0.397276 0.678644 -1.983616
v 0.430292 0.688521 -2.000331
v 0.413139 0.672674 -2.000855
v 0.413222 0.659976 -2.004436
v 0.397554 0.666978 -1.990672
v 0.383704 0.659530 -1.977666
v 0.398095 0.654899 -1.994556
v 0.397970 0.641974 -1.995412
v 0.385188 0.648795 -1.982463
v 0.385577 0.637461 -1.983612
v 0.374586 0.640761 -1.969627
v 0.366411 0.629896 -1.957501
v 0.371963 0.650267 -1.963030
v 0.377556 0.634161 -1.973696
v 0.372990 0.624447 -1.967643
v 0.370741 0.661067 -1.954056
v 0.362664 0.639054 -1.947983
v 0.361082 0.650083 -1.937154
v 0.356100 0.626514 -1.931898
v 0.354365 0.638316 -1.919029
v 0.352506 0.613227 -1.914217
v 0.360430 0.616519 -1.944662
v 0.356433 0.600931 -1.929729
v 0.350951 0.626312 -1.899539
v 0.352547 0.600396 -1.894351
v 0.351201 0.614627 -1.878515
v 0.356850 0.589186 -1.871698
v 0.355489 0.603821 -1.855800
v 0.359583 0.573681 -1.888135
v 0.355712 0.617704 -1.840026
v 0.363608 0.594220 -1.833190
v 0.351770 0.628353 -1.862974
v 0.357738 0.630897 -1.824018
v 0.361179 0.644746 -1.806301
v 0.354365 0.641492 -1.846854
v 0.358432 0.655404 -1.828791
v 0.354587 0.652477 -1.868920
v 0.351673 0.639579 -1.884754
v 0.359056 0.666390 -1.850802
v 0.358140 0.663523 -1.889988
v 0.364760 0.674286 -1.909788
v 0.362789 0.677364 -1.871952
v 0.355101 0.650981 -1.905301
v 0.361748 0.662129 -1.924566
v 0.371338 0.672623 -1.942473
v 0.374169 0.684439 -1.928091
v 0.383551 0.682087 -1.958959
v 0.386091 0.693639 -1.944627
v 0.382954 0.670682 -1.969906
v 0.389990 0.706944 -1.926317
v 0.378513 0.697974 -1.910104
v 0.394681 0.723665 -1.903476
v 0.407490 0.731073 -1.916370
v 0.399552 0.745381 -1.875508
v 0.383648 0.714755 -1.887750
v 0.374780 0.704735 -1.869796
v 0.368299 0.693956 -1.850093
v 0.369354 0.688001 -1.891846
v 0.364455 0.682770 -1.829134
v 0.363497 0.671514 -1.807424
v 0.370159 0.703000 -1.802680
v 0.369007 0.691210 -1.781390
v 0.374447 0.715875 -1.749341
v 0.370686 0.679699 -1.759994
v 0.365634 0.660569 -1.785441
v 0.371144 0.650343 -1.764361
v 0.411987 0.752937 -1.887933
v 0.425809 0.758612 -1.897006
v 0.416483 0.781883 -1.854090
v 0.412972 0.646410 -2.005419
v 0.429445 0.635432 -2.011335
v 0.488830 0.651599 -1.998075
v 0.494589 0.569292 -2.000138
v 0.516599 0.594116 -1.972978
v 0.530741 0.583132 -1.950093
v 0.513560 0.567518 -1.983573
v 0.527605 0.562009 -1.964121
v 0.512325 0.542033 -1.995549
v 0.526467 0.537537 -1.977560
v 0.494034 0.544463 -2.010377
v 0.473134 0.545188 -2.020662
v 0.451165 0.544510 -2.024994
v 0.472884 0.568793 -2.012010
v 0.450609 0.567554 -2.017401
v 0.428724 0.565108 -2.015342
v 0.429362 0.542273 -2.022177
v 0.408184 0.560985 -2.004938
v 0.408948 0.538302 -2.011054
v 0.390018 0.555948 -1.987688
v 0.391336 0.533130 -1.993621
v 0.393182 0.506062 -2.001862
v 0.410474 0.511008 -2.019512
v 0.430708 0.514691 -2.031199
v 0.452372 0.516637 -2.034775
v 0.535945 0.531815 -1.957646
v 0.527119 0.509370 -1.991207
v 0.536903 0.504596 -1.971755
v 0.541511 0.499272 -1.951321
v 0.539595 0.471531 -1.985256
v 0.544217 0.467014 -1.964712
v 0.544147 0.431139 -1.997926
v 0.542954 0.462381 -1.944402
v 0.540248 0.493776 -1.931134
v 0.532448 0.488475 -1.912422
v 0.538652 0.519373 -1.916870
v 0.530616 0.513322 -1.898185
v 0.538152 0.540515 -1.901884
v 0.540206 0.525660 -1.937044
v 0.540262 0.547494 -1.922168
v 0.541594 0.566156 -1.906900
v 0.536556 0.554681 -1.943192
v 0.538721 0.574293 -1.928330
v 0.542385 0.591776 -1.913040
v 0.544161 0.582988 -1.891501
v 0.540511 0.574766 -1.870874
v 0.547270 0.598227 -1.875933
v 0.542815 0.589495 -1.855130
v 0.545091 0.602977 -1.839238
v 0.531921 0.581243 -1.836099
v 0.516058 0.573861 -1.819597
v 0.530519 0.566956 -1.851976
v 0.533420 0.594381 -1.820090
v 0.534558 0.606660 -1.803954
v 0.516724 0.586764 -1.803500
v 0.517321 0.598877 -1.787332
v 0.496546 0.580514 -1.790280
v 0.496657 0.567750 -1.806380
v 0.474396 0.576047 -1.781189
v 0.496587 0.592572 -1.774126
v 0.473952 0.588144 -1.765160
v 0.496698 0.604170 -1.758032
v 0.473925 0.599837 -1.749221
v 0.517557 0.610477 -1.771170
v 0.497170 0.616234 -1.740795
v 0.517932 0.622584 -1.753850
v 0.474494 0.611967 -1.732124
v 0.498350 0.629688 -1.721211
v 0.518889 0.636205 -1.734227
v 0.475840 0.625406 -1.712622
v 0.500529 0.645414 -1.698115
v 0.520929 0.652319 -1.711166
v 0.524524 0.671962 -1.683507
v 0.537833 0.661147 -1.727571
v 0.535932 0.644449 -1.750690
v 0.541552 0.681747 -1.699916
v 0.553543 0.693034 -1.718420
v 0.558886 0.717366 -1.687878
v 0.535168 0.630563 -1.770378
v 0.534932 0.618343 -1.787764
v 0.452955 0.623856 -1.709401
v 0.430819 0.624847 -1.711321
v 0.451470 0.610226 -1.728760
v 0.450845 0.597906 -1.745590
v 0.429168 0.610887 -1.730521
v 0.428446 0.598280 -1.747082
v 0.407740 0.600906 -1.753655
v 0.428627 0.586155 -1.762416
v 0.450984 0.586024 -1.761234
v 0.429695 0.573637 -1.777924
v 0.451803 0.573765 -1.777024
v 0.431444 0.560494 -1.793489
v 0.453177 0.560867 -1.792843
v 0.433692 0.546506 -1.808996
v 0.454967 0.547083 -1.808577
v 0.436287 0.531424 -1.824317
v 0.413472 0.547885 -1.814658
v 0.416414 0.532503 -1.829709
v 0.419509 0.515837 -1.844403
v 0.422645 0.496555 -1.858674
v 0.439035 0.515015 -1.839322
v 0.441866 0.495964 -1.853902
v 0.459367 0.515890 -1.839296
v 0.457077 0.532177 -1.824095
v 0.461837 0.496905 -1.854031
v 0.479656 0.518369 -1.844103
v 0.477880 0.534700 -1.828778
v 0.481738 0.499271 -1.858919
v 0.499058 0.522399 -1.853520
v 0.500765 0.502980 -1.868427
v 0.516183 0.527648 -1.866804
v 0.497809 0.538954 -1.838102
v 0.497045 0.553988 -1.822364
v 0.515517 0.544579 -1.851323
v 0.515559 0.559891 -1.835563
v 0.529617 0.551229 -1.867687
v 0.529659 0.533798 -1.883173
v 0.538763 0.558541 -1.886465
v 0.476381 0.549594 -1.813107
v 0.475215 0.563284 -1.797219
v 0.517529 0.507757 -1.881772
v 0.464432 0.473906 -1.868136
v 0.444725 0.472953 -1.867910
v 0.425726 0.473340 -1.872442
v 0.397373 0.729845 -1.622248
v 0.400496 0.753508 -1.588904
v 0.402050 0.774458 -1.559562
v 0.412542 0.740587 -1.575407
v 0.392322 0.768283 -1.605697
v 0.393376 0.790755 -1.576661
v 0.387811 0.808422 -1.596186
v 0.393085 0.811137 -1.551014
v 0.391933 0.830017 -1.527783
v 0.402425 0.793409 -1.533264
v 0.386757 0.830399 -1.571333
v 0.382746 0.850411 -1.593179
v 0.384730 0.850758 -1.549184
v 0.379720 0.872386 -1.572170
v 0.382246 0.869976 -1.528652
v 0.376182 0.893079 -1.552929
v 0.379859 0.888558 -1.508733
v 0.390407 0.847981 -1.505978
v 0.388963 0.865632 -1.484640
v 0.401342 0.827989 -1.486104
v 0.415776 0.810850 -1.470253
v 0.400704 0.844972 -1.463365
v 0.402050 0.811029 -1.509093
v 0.415789 0.794635 -1.494255
v 0.433859 0.781729 -1.484396
v 0.415484 0.778028 -1.519181
v 0.432957 0.765765 -1.509819
v 0.414513 0.760249 -1.545931
v 0.434400 0.797459 -1.459607
v 0.434886 0.813721 -1.434578
v 0.415776 0.827398 -1.446242
v 0.415831 0.843735 -1.422422
v 0.400177 0.861520 -1.440826
v 0.415956 0.859329 -1.399005
v 0.399816 0.877150 -1.418450
v 0.386646 0.898320 -1.442163
v 0.375765 0.922188 -1.468578
v 0.387686 0.882558 -1.463454
v 0.377667 0.906098 -1.488877
v 0.369423 0.931390 -1.515610
v 0.372698 0.912900 -1.534309
v 0.362276 0.957698 -1.542209
v 0.366495 0.948062 -1.496113
v 0.364052 0.962458 -1.475130
v 0.358182 0.975319 -1.523201
v 0.352242 1.003622 -1.549990
v 0.354685 0.990104 -1.502198
v 0.347190 1.019481 -1.528729
v 0.351978 1.001402 -1.478381
v 0.362234 0.974092 -1.451958
v 0.343083 1.030208 -1.503514
v 0.349980 1.010398 -1.452204
v 0.339988 1.037655 -1.475531
v 0.348592 1.018236 -1.424103
v 0.360930 0.984054 -1.426798
v 0.360028 0.993397 -1.399863
v 0.359403 1.003214 -1.371369
v 0.358945 1.014569 -1.341515
v 0.371519 0.981188 -1.347404
v 0.347732 1.026061 -1.394503
v 0.347329 1.035043 -1.363883
v 0.336824 1.049351 -1.415438
v 0.326956 1.072722 -1.432779
v 0.336421 1.055862 -1.384092
v 0.337962 1.043659 -1.446049
v 0.328427 1.069177 -1.464375
v 0.320295 1.094247 -1.477723
v 0.331369 1.065333 -1.495673
v 0.324208 1.092664 -1.510562
v 0.336255 1.060420 -1.526909
v 0.342652 1.050751 -1.554948
v 0.330995 1.090742 -1.544408
v 0.343263 1.087584 -1.583575
v 0.326790 1.119850 -1.551835
v 0.340224 1.124205 -1.584854
v 0.323168 1.147443 -1.552682
v 0.318616 1.118840 -1.518128
v 0.313855 1.118365 -1.484737
v 0.314036 1.144052 -1.520083
v 0.308568 1.141845 -1.486534
v 0.309900 1.168463 -1.518095
v 0.303891 1.165027 -1.484190
v 0.305695 1.192490 -1.513119
v 0.319601 1.173218 -1.550483
v 0.334173 1.180029 -1.581258
v 0.315743 1.198125 -1.545727
v 0.330578 1.205613 -1.576654
v 0.312338 1.216846 -1.540625
v 0.305723 1.192592 -1.513238
v 0.305707 1.192533 -1.513171
v 0.314583 1.224987 -1.545939
v 0.322170 1.252491 -1.563670
v 0.326262 1.231302 -1.570150
v 0.347149 1.242090 -1.599819
v 0.372351 1.254827 -1.625471
v 0.351298 1.215784 -1.605895
v 0.342333 1.268570 -1.592553
v 0.323836 1.258492 -1.565938
v 0.336921 1.295176 -1.584540
v 0.367633 1.282056 -1.618969
v 0.395625 1.296923 -1.639039
v 0.362317 1.309477 -1.611859
v 0.356461 1.337042 -1.604488
v 0.390337 1.325298 -1.632905
v 0.384495 1.353830 -1.626538
v 0.419356 1.341991 -1.645111
v 0.424769 1.312537 -1.650295
v 0.447820 1.358965 -1.645955
v 0.413458 1.371628 -1.639750
v 0.441686 1.389848 -1.641519
v 0.406977 1.401308 -1.634376
v 0.435024 1.420745 -1.637097
v 0.399580 1.430794 -1.628901
v 0.378097 1.382416 -1.620199
v 0.354050 1.367194 -1.600482
v 0.370811 1.410838 -1.613802
v 0.368412 1.418751 -1.611949
v 0.365157 1.407058 -1.608972
v 0.359707 1.387490 -1.604399
v 0.373369 1.436495 -1.613664
v 0.377063 1.449730 -1.615489
v 0.390865 1.459855 -1.623209
v 0.384642 1.476893 -1.619594
v 0.387477 1.487006 -1.619150
v 0.389989 1.495980 -1.619159
v 0.408170 1.510801 -1.622936
v 0.399580 1.530233 -1.619255
v 0.401778 1.538048 -1.617723
v 0.403935 1.545728 -1.616636
v 0.413310 1.579081 -1.611061
v 0.423353 1.561527 -1.614387
v 0.451262 1.581790 -1.601814
v 0.435496 1.532649 -1.618457
v 0.462656 1.552397 -1.604528
v 0.445780 1.502500 -1.622241
v 0.418634 1.481490 -1.627915
v 0.472426 1.521507 -1.607090
v 0.454551 1.471354 -1.625839
v 0.480877 1.489480 -1.609561
v 0.462170 1.439573 -1.629328
v 0.427475 1.451380 -1.632601
v 0.488288 1.456648 -1.612031
v 0.468956 1.407430 -1.632796
v 0.494978 1.423344 -1.614548
v 0.475257 1.375259 -1.636348
v 0.501236 1.389912 -1.617188
v 0.481238 1.343214 -1.639790
v 0.507287 1.356524 -1.619772
v 0.487039 1.311466 -1.642960
v 0.453524 1.328251 -1.650255
v 0.458895 1.297875 -1.654242
v 0.429723 1.283410 -1.655097
v 0.464057 1.267981 -1.657752
v 0.469109 1.238723 -1.660622
v 0.492840 1.280185 -1.645682
v 0.434289 1.254751 -1.659352
v 0.404618 1.241121 -1.649646
v 0.438536 1.226716 -1.662869
v 0.408337 1.213938 -1.653609
v 0.442477 1.199156 -1.666284
v 0.446168 1.171919 -1.670205
v 0.473827 1.209992 -1.663543
v 0.411806 1.187122 -1.657302
v 0.415262 1.160534 -1.661415
v 0.383148 1.174763 -1.638958
v 0.357807 1.162964 -1.613628
v 0.386410 1.147986 -1.642776
v 0.379943 1.201301 -1.635288
v 0.354754 1.189690 -1.610350
v 0.376459 1.227879 -1.631021
v 0.360749 1.134739 -1.616212
v 0.390365 1.121194 -1.648121
v 0.418954 1.134049 -1.666668
v 0.395625 1.094627 -1.656343
v 0.364968 1.106317 -1.621179
v 0.371852 1.079013 -1.631637
v 0.379693 1.052272 -1.644700
v 0.355462 1.058949 -1.603710
v 0.364371 1.033094 -1.619844
v 0.350133 1.032649 -1.576653
v 0.357835 1.009818 -1.594426
v 0.357863 0.984136 -1.568532
v 0.364913 0.985947 -1.610638
v 0.372088 1.007250 -1.634714
v 0.371588 0.961105 -1.626124
v 0.363650 0.962511 -1.585633
v 0.369506 0.939356 -1.602164
v 0.366772 0.937863 -1.560064
v 0.371491 0.916439 -1.577599
v 0.376209 0.894060 -1.595643
v 0.375307 0.915237 -1.619010
v 0.380345 0.870372 -1.615481
v 0.380442 0.889822 -1.637636
v 0.383287 0.844988 -1.638425
v 0.384300 0.862793 -1.659494
v 0.384675 0.826743 -1.617126
v 0.386257 0.833802 -1.686049
v 0.388366 0.879752 -1.679784
v 0.390878 0.849305 -1.705479
v 0.383912 0.908314 -1.659078
v 0.396152 0.895473 -1.698704
v 0.391656 0.925401 -1.679218
v 0.408323 0.909592 -1.715693
v 0.404534 0.940621 -1.697463
v 0.421368 0.953715 -1.712850
v 0.399358 0.970083 -1.682923
v 0.417497 0.983999 -1.699617
v 0.393279 0.998288 -1.670234
v 0.385771 0.953793 -1.663215
v 0.378125 0.935329 -1.641731
v 0.379068 0.980986 -1.648980
v 0.386784 1.025522 -1.657527
v 0.412653 1.012941 -1.688357
v 0.407241 1.040813 -1.677175
v 0.435607 1.024849 -1.701849
v 0.460560 1.033929 -1.709180
v 0.431735 1.053186 -1.691772
v 0.438785 0.995343 -1.712084
v 0.461851 1.003902 -1.719087
v 0.440992 0.964369 -1.724375
v 0.462198 0.972309 -1.731074
v 0.483833 0.977262 -1.731957
v 0.485277 1.009476 -1.719427
v 0.485915 1.040099 -1.708837
v 0.508203 1.011388 -1.714396
v 0.510687 1.042480 -1.702455
v 0.533822 1.040210 -1.691683
v 0.512700 1.072326 -1.690365
v 0.537583 1.070149 -1.677596
v 0.514032 1.101431 -1.678567
v 0.485943 1.069471 -1.698321
v 0.458548 1.062718 -1.699444
v 0.485263 1.097945 -1.688372
v 0.483764 1.125898 -1.679537
v 0.455980 1.090594 -1.690289
v 0.427489 1.080652 -1.682275
v 0.452969 1.117869 -1.682094
v 0.449652 1.144869 -1.675254
v 0.423131 1.107517 -1.673767
v 0.481377 1.153696 -1.672295
v 0.477991 1.181691 -1.667195
v 0.513338 1.159490 -1.658592
v 0.544744 1.161263 -1.634917
v 0.514518 1.130355 -1.667516
v 0.509688 1.189197 -1.653190
v 0.504512 1.219280 -1.650030
v 0.540192 1.193799 -1.628957
v 0.566338 1.197395 -1.595336
v 0.533156 1.226613 -1.626695
v 0.526231 1.258703 -1.625294
v 0.557887 1.232264 -1.594514
v 0.576775 1.236494 -1.554465
v 0.550157 1.265780 -1.594084
v 0.543162 1.298977 -1.593577
v 0.569267 1.270336 -1.555109
v 0.562564 1.304299 -1.555241
v 0.583811 1.272812 -1.509391
v 0.594108 1.273603 -1.457965
v 0.577871 1.307225 -1.509962
v 0.590528 1.239135 -1.508029
v 0.597508 1.205681 -1.505198
v 0.599840 1.240008 -1.456659
v 0.605683 1.207119 -1.454021
v 0.605100 1.239500 -1.401225
v 0.600423 1.273134 -1.401852
v 0.606723 1.237968 -1.342580
v 0.609860 1.206741 -1.399796
v 0.613954 1.174426 -1.396904
v 0.610443 1.205139 -1.342718
v 0.613454 1.172950 -1.341966
v 0.607265 1.202481 -1.284163
v 0.604503 1.235524 -1.282265
v 0.600173 1.198964 -1.225563
v 0.609346 1.170277 -1.285714
v 0.601478 1.166648 -1.229403
v 0.610026 1.138616 -1.286457
v 0.615022 1.141037 -1.339817
v 0.609319 1.107665 -1.286353
v 0.601519 1.135059 -1.233007
v 0.600367 1.104392 -1.236239
v 0.589362 1.130607 -1.180637
v 0.573402 1.125488 -1.130530
v 0.589709 1.162344 -1.174315
v 0.588030 1.099908 -1.187061
v 0.585768 1.070572 -1.193371
v 0.598050 1.074845 -1.238979
v 0.607223 1.077605 -1.285349
v 0.594608 1.046670 -1.241105
v 0.590084 1.020036 -1.242455
v 0.603726 1.048589 -1.283435
v 0.610290 1.048819 -1.325469
v 0.598827 1.020826 -1.280544
v 0.605322 1.019860 -1.318267
v 0.592235 0.994721 -1.276602
v 0.598369 0.992488 -1.310026
v 0.584199 0.995281 -1.242800
v 0.583686 0.970733 -1.271547
v 0.572889 0.949307 -1.265277
v 0.576636 0.972687 -1.241865
v 0.589182 0.967258 -1.300867
v 0.593636 0.962423 -1.329440
v 0.577469 0.944720 -1.290953
v 0.581368 0.938977 -1.316123
v 0.563008 0.925471 -1.280379
v 0.566061 0.919083 -1.302871
v 0.559566 0.930876 -1.257716
v 0.546271 0.909974 -1.270249
v 0.544147 0.915934 -1.249859
v 0.527785 0.898753 -1.261615
v 0.508023 0.892287 -1.255553
v 0.527036 0.904936 -1.242658
v 0.508772 0.898331 -1.237344
v 0.526009 0.910725 -1.223958
v 0.524427 0.916355 -1.205602
v 0.509300 0.904305 -1.219161
v 0.541552 0.921137 -1.229829
v 0.555333 0.935237 -1.235199
v 0.538208 0.925620 -1.210452
v 0.549879 0.938452 -1.213120
v 0.533780 0.929462 -1.191979
v 0.542801 0.940445 -1.191795
v 0.529423 0.932916 -1.178691
v 0.521998 0.922088 -1.187719
v 0.520471 0.929217 -1.171584
v 0.508370 0.917964 -1.182562
v 0.507593 0.926678 -1.164847
v 0.509286 0.910696 -1.200930
v 0.493826 0.916746 -1.180125
v 0.479406 0.918040 -1.179982
v 0.493506 0.908654 -1.198768
v 0.493659 0.926462 -1.161511
v 0.479351 0.928242 -1.161350
v 0.493617 0.937837 -1.143290
v 0.479004 0.940173 -1.142279
v 0.508009 0.937392 -1.148515
v 0.521637 0.939080 -1.158498
v 0.533545 0.940795 -1.173007
v 0.537930 0.953415 -1.165386
v 0.549837 0.954541 -1.188407
v 0.559608 0.954362 -1.213694
v 0.567476 0.972919 -1.212235
v 0.567115 0.952578 -1.239423
v 0.465403 0.931702 -1.164135
v 0.466153 0.921464 -1.181712
v 0.465279 0.913813 -1.198267
v 0.454246 0.925339 -1.186808
v 0.456410 0.918562 -1.198189
v 0.450221 0.917262 -1.209089
v 0.461171 0.909084 -1.214419
v 0.475507 0.903905 -1.216002
v 0.454912 0.906235 -1.231758
v 0.471496 0.899296 -1.233933
v 0.447570 0.904223 -1.251889
v 0.467055 0.895077 -1.252552
v 0.487497 0.891082 -1.253144
v 0.489843 0.896554 -1.235118
v 0.492008 0.902165 -1.217039
v 0.478393 0.909831 -1.198193
v 0.597619 0.956443 -1.356868
v 0.603101 0.988747 -1.342478
v 0.606918 0.983701 -1.373449
v 0.610012 1.017290 -1.354891
v 0.614606 1.047392 -1.366320
v 0.613288 1.013269 -1.389726
v 0.617007 1.044393 -1.405143
v 0.615286 1.007446 -1.422889
v 0.609804 0.977066 -1.403279
v 0.616174 0.999487 -1.454527
v 0.617784 1.039380 -1.441792
v 0.617632 1.072034 -1.459292
v 0.617271 1.031884 -1.476131
v 0.615508 1.064862 -1.496358
v 0.615786 1.021476 -1.508057
v 0.612455 1.054187 -1.529944
v 0.616077 0.989027 -1.484758
v 0.613635 1.007687 -1.537435
v 0.608999 1.039421 -1.559610
v 0.610679 0.990834 -1.564368
v 0.615161 0.975731 -1.513729
v 0.612996 0.944690 -1.489373
v 0.613274 0.959868 -1.541194
v 0.612066 0.929389 -1.517238
v 0.610248 0.941705 -1.566951
v 0.605932 0.921468 -1.590768
v 0.606765 0.971235 -1.588988
v 0.609901 0.912220 -1.543971
v 0.604933 0.884085 -1.520822
v 0.606349 0.893473 -1.569051
v 0.602116 0.866498 -1.546979
v 0.601255 0.873447 -1.591984
v 0.597744 0.848199 -1.571082
v 0.588654 0.824906 -1.550271
v 0.592346 0.841834 -1.525241
v 0.573014 0.804724 -1.530158
v 0.568809 0.788156 -1.555209
v 0.576136 0.820803 -1.504528
v 0.552516 0.788338 -1.511891
v 0.528868 0.776407 -1.496650
v 0.555153 0.803937 -1.485962
v 0.548949 0.772470 -1.537386
v 0.525884 0.760881 -1.522401
v 0.544633 0.755577 -1.563486
v 0.522234 0.744523 -1.548872
v 0.531088 0.791813 -1.470648
v 0.556693 0.820021 -1.458528
v 0.532448 0.807839 -1.443380
v 0.557262 0.835963 -1.430592
v 0.577926 0.837108 -1.477182
v 0.594539 0.858618 -1.498306
v 0.578537 0.853080 -1.449094
v 0.595399 0.874754 -1.470332
v 0.606335 0.900601 -1.493341
v 0.606501 0.915671 -1.465264
v 0.533087 0.823842 -1.415820
v 0.612844 0.957838 -1.460900
v 0.611789 0.968544 -1.432311
v 0.604975 1.021026 -1.585876
v 0.595718 1.048965 -1.606120
v 0.582423 1.073188 -1.625448
v 0.600673 1.070171 -1.580961
v 0.605585 1.087132 -1.551212
v 0.588099 1.099174 -1.602211
v 0.569766 1.120947 -1.624117
v 0.594649 1.120281 -1.572691
v 0.576636 1.156389 -1.597738
v 0.602838 1.132513 -1.533749
v 0.610387 1.138692 -1.488877
v 0.610734 1.098388 -1.515471
v 0.593623 1.167068 -1.547537
v 0.584907 1.201900 -1.553196
v 0.604281 1.172268 -1.499357
v 0.610984 1.174464 -1.449262
v 0.615050 1.141613 -1.441613
v 0.616646 1.142121 -1.391930
v 0.617590 1.108822 -1.431453
v 0.617756 1.110019 -1.385031
v 0.615078 1.105192 -1.475095
v 0.618339 1.076334 -1.419174
v 0.617132 1.078379 -1.376433
v 0.613510 1.078786 -1.331496
v 0.615064 1.109594 -1.336303
v 0.544217 1.130034 -1.647466
v 0.564423 1.091007 -1.644255
v 0.541025 1.099765 -1.662907
v 0.559385 1.061861 -1.661993
v 0.589015 1.194769 -1.168326
v 0.573916 1.157577 -1.121716
v 0.555333 1.152820 -1.073768
v 0.573610 1.190093 -1.113827
v 0.555180 1.185396 -1.064186
v 0.572875 1.223467 -1.106842
v 0.572125 1.258142 -1.100770
v 0.554722 1.218641 -1.055866
v 0.587766 1.228184 -1.162840
v 0.586503 1.262891 -1.158073
v 0.598244 1.232235 -1.221838
v 0.596301 1.266734 -1.218525
v 0.594941 1.302746 -1.215975
v 0.601741 1.269732 -1.280445
v 0.603032 1.271859 -1.342114
v 0.599659 1.305387 -1.279152
v 0.598979 1.342815 -1.278822
v 0.600117 1.307161 -1.341883
v 0.596551 1.308118 -1.402336
v 0.598730 1.344268 -1.342407
v 0.598397 1.382308 -1.343491
v 0.594233 1.344855 -1.403312
v 0.592984 1.382571 -1.404639
v 0.585670 1.344612 -1.459593
v 0.589154 1.308318 -1.458681
v 0.573180 1.342930 -1.510433
v 0.583172 1.381793 -1.460632
v 0.581202 1.419165 -1.461772
v 0.569336 1.379387 -1.510820
v 0.565936 1.416038 -1.511184
v 0.551836 1.374756 -1.554513
v 0.531033 1.367330 -1.591061
v 0.547103 1.410496 -1.553888
v 0.556874 1.339227 -1.555004
v 0.536875 1.332921 -1.592502
v 0.513324 1.323403 -1.622098
v 0.519569 1.290735 -1.624002
v 0.525343 1.401978 -1.589402
v 0.542343 1.446055 -1.553259
v 0.519528 1.436572 -1.587714
v 0.537194 1.481044 -1.552730
v 0.562550 1.452357 -1.511540
v 0.579314 1.456024 -1.462930
v 0.558789 1.487800 -1.511951
v 0.554445 1.522187 -1.512383
v 0.577024 1.491717 -1.464067
v 0.590833 1.493361 -1.409311
v 0.574179 1.526120 -1.465165
v 0.570627 1.559177 -1.466239
v 0.589376 1.527632 -1.410782
v 0.587239 1.560461 -1.412184
v 0.598716 1.527346 -1.349384
v 0.597703 1.559911 -1.350767
v 0.602269 1.525825 -1.283479
v 0.599118 1.493310 -1.347959
v 0.601908 1.492075 -1.282351
v 0.599049 1.457706 -1.346477
v 0.601158 1.456631 -1.281233
v 0.591763 1.457634 -1.407785
v 0.598660 1.420411 -1.344922
v 0.592318 1.420422 -1.406176
v 0.600145 1.419341 -1.280108
v 0.599271 1.381103 -1.279230
v 0.596690 1.417465 -1.213891
v 0.595482 1.379058 -1.213884
v 0.588238 1.415035 -1.148358
v 0.598064 1.454796 -1.214281
v 0.589764 1.452577 -1.147863
v 0.599243 1.490097 -1.214855
v 0.600117 1.523619 -1.215576
v 0.591152 1.487875 -1.147840
v 0.577649 1.485877 -1.083676
v 0.592304 1.521237 -1.148212
v 0.578912 1.519256 -1.083867
v 0.593095 1.553038 -1.148859
v 0.600520 1.555625 -1.216450
v 0.602088 1.558103 -1.284635
v 0.600339 1.586379 -1.217453
v 0.601228 1.589075 -1.285850
v 0.599548 1.618936 -1.287156
v 0.595926 1.591117 -1.352153
v 0.593234 1.621059 -1.353544
v 0.584283 1.591875 -1.413547
v 0.580355 1.621888 -1.414883
v 0.566186 1.590778 -1.467271
v 0.560704 1.620838 -1.468275
v 0.543301 1.587034 -1.513271
v 0.536126 1.617119 -1.513706
v 0.517307 1.579909 -1.551517
v 0.549338 1.555339 -1.512833
v 0.524885 1.548255 -1.551900
v 0.531449 1.515198 -1.552284
v 0.498752 1.537203 -1.583341
v 0.489857 1.568613 -1.581941
v 0.506496 1.504517 -1.584732
v 0.513338 1.470858 -1.586173
v 0.479573 1.598386 -1.580497
v 0.466375 1.627427 -1.578803
v 0.508481 1.609898 -1.551118
v 0.497781 1.638823 -1.550505
v 0.484611 1.667297 -1.549466
v 0.528063 1.645683 -1.513794
v 0.519306 1.672857 -1.513259
v 0.554597 1.649294 -1.468944
v 0.548283 1.676027 -1.468970
v 0.575748 1.650351 -1.415926
v 0.570793 1.677102 -1.416452
v 0.589875 1.649547 -1.354740
v 0.586073 1.676390 -1.355546
v 0.582034 1.701399 -1.355747
v 0.565769 1.702022 -1.416222
v 0.578010 1.724383 -1.355148
v 0.573999 1.745714 -1.353783
v 0.588002 1.722800 -1.289562
v 0.561009 1.724934 -1.414983
v 0.556471 1.746198 -1.412797
v 0.536709 1.724026 -1.465977
v 0.531768 1.745504 -1.462740
v 0.542177 1.700973 -1.468088
v 0.505108 1.722328 -1.507961
v 0.500251 1.744515 -1.503183
v 0.511215 1.698471 -1.511515
v 0.466181 1.720453 -1.540823
v 0.453406 1.720799 -1.546532
v 0.472800 1.694707 -1.546673
v 0.462281 1.744141 -1.533685
v 0.460044 1.744232 -1.534671
v 0.461426 1.749108 -1.532132
v 0.465117 1.762091 -1.523336
v 0.466028 1.765295 -1.521237
v 0.495880 1.765131 -1.497751
v 0.471563 1.784751 -1.507605
v 0.476873 1.803394 -1.493755
v 0.491869 1.784594 -1.491659
v 0.522969 1.784905 -1.453355
v 0.488066 1.803292 -1.484914
v 0.518889 1.803463 -1.447399
v 0.484333 1.821292 -1.477615
v 0.483308 1.825960 -1.475529
v 0.481982 1.821314 -1.479492
v 0.514837 1.821395 -1.440765
v 0.510660 1.838740 -1.433620
v 0.539693 1.821573 -1.395434
v 0.535446 1.838951 -1.389442
v 0.543800 1.803676 -1.400917
v 0.558206 1.821532 -1.341730
v 0.554140 1.839101 -1.337421
v 0.570530 1.821323 -1.282124
v 0.562147 1.803470 -1.345614
v 0.574110 1.802947 -1.284252
v 0.566061 1.784891 -1.348974
v 0.547908 1.785209 -1.405723
v 0.577649 1.784077 -1.286094
v 0.570016 1.765754 -1.351713
v 0.552113 1.766174 -1.409699
v 0.581160 1.764671 -1.287662
v 0.584616 1.744356 -1.288839
v 0.585768 1.763115 -1.220646
v 0.582867 1.782904 -1.220112
v 0.581896 1.781526 -1.153988
v 0.579869 1.802179 -1.219625
v 0.576816 1.820983 -1.219114
v 0.579606 1.801268 -1.154522
v 0.573513 1.800258 -1.091722
v 0.577260 1.820576 -1.155215
v 0.572014 1.820154 -1.092912
v 0.574915 1.839551 -1.155943
v 0.572639 1.858209 -1.156568
v 0.570530 1.839840 -1.094208
v 0.573749 1.839358 -1.218499
v 0.566852 1.839218 -1.279709
v 0.570654 1.857307 -1.217695
v 0.567587 1.874913 -1.216634
v 0.563091 1.856660 -1.277035
v 0.559177 1.873676 -1.274118
v 0.549865 1.856191 -1.332770
v 0.530936 1.855838 -1.383067
v 0.545327 1.872813 -1.327903
v 0.540470 1.889318 -1.322644
v 0.526050 1.872256 -1.376474
v 0.520818 1.888557 -1.369476
v 0.501389 1.871907 -1.418317
v 0.506233 1.855564 -1.426091
v 0.496501 1.871896 -1.424140
v 0.498827 1.879975 -1.414219
v 0.501212 1.888209 -1.401868
v 0.503934 1.897596 -1.387354
v 0.506047 1.904898 -1.376780
v 0.510388 1.919891 -1.354586
v 0.515323 1.905092 -1.361858
v 0.535307 1.906055 -1.316848
v 0.529797 1.923359 -1.310369
v 0.550545 1.907661 -1.267089
v 0.545591 1.925272 -1.262794
v 0.555028 1.890560 -1.270837
v 0.560745 1.910103 -1.213486
v 0.564340 1.892414 -1.215253
v 0.565631 1.913570 -1.156988
v 0.556596 1.928230 -1.211311
v 0.562425 1.932525 -1.156550
v 0.551739 1.947101 -1.208637
v 0.558400 1.952097 -1.155804
v 0.546118 1.966398 -1.205526
v 0.540081 1.943701 -1.257821
v 0.523913 1.941568 -1.303060
v 0.534183 1.962617 -1.252038
v 0.528229 1.981103 -1.245442
v 0.522375 1.961054 -1.282837
v 0.520156 1.953468 -1.297600
v 0.524950 1.969850 -1.265402
v 0.517902 1.945701 -1.309933
v 0.516566 1.941114 -1.317956
v 0.511096 1.922321 -1.350254
v 0.510845 1.921458 -1.351668
v 0.528420 1.981750 -1.243929
v 0.531590 1.992477 -1.218087
v 0.539706 1.985854 -1.201988
v 0.534077 2.000918 -1.198923
v 0.546867 1.992539 -1.153864
v 0.538874 2.013141 -1.152929
v 0.549282 2.001676 -1.100706
v 0.553293 1.972143 -1.154872
v 0.555278 1.980145 -1.100110
v 0.552904 1.989216 -1.043828
v 0.559594 1.959041 -1.099648
v 0.562661 1.938396 -1.099153
v 0.556193 1.966836 -1.042578
v 0.549060 1.974393 -0.987086
v 0.558178 1.944871 -1.041406
v 0.559399 1.923283 -1.040157
v 0.549810 1.950935 -0.985622
v 0.549962 1.927753 -0.984177
v 0.538430 1.955614 -0.934088
v 0.537403 1.930808 -0.932668
v 0.524885 1.957895 -0.889116
v 0.539068 1.980599 -0.935580
v 0.530985 1.983126 -0.905245
v 0.538527 2.005803 -0.937215
v 0.537330 2.006399 -0.931986
v 0.538164 2.009505 -0.937492
v 0.547034 1.998155 -0.988667
v 0.543079 2.022300 -0.990504
v 0.547756 2.012007 -1.045307
v 0.541887 2.023820 -0.981818
v 0.542259 2.025355 -0.990780
v 0.542294 2.025827 -1.005922
v 0.542159 2.024907 -0.986823
v 0.542601 2.027858 -1.046586
v 0.542353 2.027280 -1.059906
v 0.541172 2.023982 -1.099839
v 0.541111 2.023803 -1.101612
v 0.541205 2.023604 -1.101600
v 0.538196 2.014570 -1.152877
v 0.537090 2.010913 -1.165537
v 0.537763 2.007997 -0.934242
v 0.535744 2.000596 -0.925882
v 0.529580 1.977990 -0.900170
v 0.525244 1.962254 -0.889348
v 0.524044 1.957910 -0.886731
v 0.518960 1.939508 -0.876033
v 0.516626 1.931091 -0.872513
v 0.512611 1.916610 -0.866465
v 0.522553 1.931532 -0.887820
v 0.520152 1.905416 -0.886737
v 0.517793 1.879669 -0.885897
v 0.536112 1.906264 -0.931378
v 0.509028 1.903671 -0.860139
v 0.507127 1.896804 -0.856835
v 0.501318 1.875878 -0.849038
v 0.499245 1.868410 -0.846245
v 0.494790 1.852365 -0.840320
v 0.497004 1.848927 -0.846237
v 0.515545 1.854443 -0.885427
v 0.494256 1.822933 -0.846752
v 0.493475 1.847636 -0.839010
v 0.491321 1.839895 -0.836858
v 0.485596 1.819293 -0.830096
v 0.482423 1.807875 -0.826402
v 0.477714 1.790968 -0.822475
v 0.491744 1.797695 -0.847698
v 0.470373 1.764622 -0.816876
v 0.469802 1.762570 -0.816311
v 0.489426 1.773269 -0.848965
v 0.469481 1.761414 -0.815993
v 0.467998 1.756096 -0.815082
v 0.462024 1.734677 -0.811332
v 0.465959 1.737478 -0.817345
v 0.487622 1.750207 -0.850853
v 0.457436 1.718224 -0.808415
v 0.454813 1.708864 -0.808834
v 0.510174 1.782970 -0.886331
v 0.511742 1.806038 -0.885678
v 0.530936 1.812651 -0.928580
v 0.513532 1.829876 -0.885358
v 0.532060 1.835257 -0.928876
v 0.533309 1.858385 -0.929418
v 0.548269 1.838304 -0.979180
v 0.561370 1.839628 -1.034782
v 0.548672 1.860104 -0.980225
v 0.547964 1.816806 -0.978294
v 0.561953 1.819109 -1.033498
v 0.547714 1.795540 -0.977579
v 0.562564 1.798559 -1.032352
v 0.560870 1.860229 -1.036151
v 0.549213 1.882304 -0.981429
v 0.560523 1.881010 -1.037510
v 0.549699 1.904863 -0.982765
v 0.534696 1.882091 -0.930276
v 0.560121 1.902000 -1.038859
v 0.566560 1.898463 -1.097646
v 0.564909 1.918254 -1.098486
v 0.567879 1.878882 -1.096643
v 0.568240 1.894996 -1.157114
v 0.570502 1.876621 -1.156966
v 0.569128 1.859388 -1.095488
v 0.491797 1.855539 -1.443363
v 0.486959 1.838689 -1.462104
v 0.527230 1.765695 -1.458508
v 0.482248 1.822248 -1.478716
v 0.445244 1.691987 -1.561321
v 0.442481 1.682225 -1.565802
v 0.450178 1.709411 -1.552687
v 0.438671 1.668842 -1.575632
v 0.448764 1.656589 -1.576639
v 0.432578 1.647303 -1.585225
v 0.429177 1.635264 -1.589985
v 0.426104 1.624432 -1.596080
v 0.418331 1.596877 -1.605182
v 0.436412 1.610170 -1.598428
v 0.415735 1.587669 -1.607811
v 0.561467 1.517666 -1.024651
v 0.560232 1.484257 -1.024584
v 0.541524 1.516455 -0.972632
v 0.520610 1.515627 -0.929893
v 0.540345 1.483167 -0.972762
v 0.519500 1.482748 -0.930461
v 0.539026 1.447147 -0.974285
v 0.518154 1.446799 -0.932595
v 0.537541 1.407773 -0.977743
v 0.558844 1.448441 -1.025583
v 0.576219 1.450361 -1.084208
v 0.557345 1.409696 -1.028040
v 0.555958 1.369401 -1.031773
v 0.574693 1.412288 -1.085665
v 0.573277 1.372836 -1.088067
v 0.572236 1.333202 -1.091382
v 0.586864 1.376260 -1.149482
v 0.585934 1.337290 -1.151380
v 0.585712 1.299163 -1.154196
v 0.594774 1.340487 -1.214498
v 0.571779 1.294577 -1.095618
v 0.554237 1.289768 -1.042256
v 0.554847 1.328961 -1.036573
v 0.534211 1.285534 -0.996052
v 0.554306 1.253214 -1.048612
v 0.534169 1.248791 -1.003585
v 0.534530 1.214282 -1.011951
v 0.512880 1.245574 -0.967644
v 0.512811 1.282630 -0.958979
v 0.491536 1.244246 -0.942801
v 0.513435 1.210946 -0.977132
v 0.514185 1.177766 -0.987896
v 0.534974 1.181138 -1.021508
v 0.491189 1.281836 -0.933022
v 0.492035 1.322944 -0.923654
v 0.468817 1.283804 -0.915319
v 0.469955 1.325798 -0.904552
v 0.513588 1.323093 -0.950668
v 0.493673 1.365604 -0.915176
v 0.514934 1.365152 -0.943179
v 0.495685 1.407849 -0.908065
v 0.497642 1.447687 -0.902810
v 0.516544 1.406991 -0.937004
v 0.499141 1.483165 -0.899862
v 0.500279 1.515184 -0.898529
v 0.479295 1.484649 -0.877556
v 0.480558 1.515352 -0.875338
v 0.481460 1.543375 -0.873916
v 0.461476 1.516330 -0.857103
v 0.462447 1.542538 -0.854774
v 0.443046 1.518358 -0.840623
v 0.444226 1.542453 -0.837727
v 0.501195 1.544674 -0.898106
v 0.482182 1.569759 -0.872589
v 0.502000 1.572550 -0.897848
v 0.502805 1.599715 -0.897077
v 0.503610 1.625957 -0.895900
v 0.504415 1.651093 -0.894466
v 0.521582 1.546185 -0.930254
v 0.536098 1.366635 -0.982766
v 0.534918 1.325350 -0.988979
v 0.498780 1.249525 -1.647776
v 0.401481 1.067942 -1.666395
v 0.337309 1.153314 -1.583980
v 0.400385 1.268821 -1.644706
v 0.351546 1.358215 -1.598902
v 0.346652 1.340609 -1.593301
v 0.343523 1.329361 -1.590145
v 0.335624 1.300980 -1.582730
v 0.334372 1.296463 -1.580787
v 0.333465 1.293192 -1.579480
v 0.323149 1.256016 -1.564974
v 0.301537 1.176909 -1.481430
v 0.300480 1.172814 -1.467451
v 0.299186 1.167731 -1.447331
v 0.300449 1.162118 -1.448852
v 0.297985 1.162738 -1.416720
v 0.297734 1.161716 -1.411282
v 0.297619 1.161186 -1.406063
v 0.298423 1.158998 -1.412177
v 0.304044 1.138457 -1.416528
v 0.298104 1.155243 -1.375269
v 0.299825 1.150459 -1.339243
v 0.304044 1.136158 -1.381215
v 0.297130 1.158699 -1.373866
v 0.297334 1.158849 -1.348770
v 0.297342 1.158568 -1.335222
v 0.298376 1.161338 -1.295093
v 0.303891 1.144235 -1.305231
v 0.298443 1.161547 -1.293813
v 0.298523 1.161795 -1.292131
v 0.304807 1.154047 -1.262107
v 0.300702 1.168683 -1.253261
v 0.301427 1.171058 -1.243914
v 0.304382 1.180818 -1.209399
v 0.308609 1.163599 -1.219478
v 0.313883 1.144581 -1.232240
v 0.319587 1.153470 -1.190196
v 0.324805 1.134345 -1.204247
v 0.314591 1.173741 -1.177220
v 0.331925 1.142943 -1.162197
v 0.337059 1.123627 -1.177522
v 0.345178 1.132248 -1.134973
v 0.326887 1.163374 -1.148058
v 0.340099 1.152838 -1.119754
v 0.321960 1.185059 -1.135179
v 0.317172 1.208094 -1.123601
v 0.335075 1.174736 -1.105879
v 0.309789 1.195240 -1.165378
v 0.309334 1.197468 -1.164334
v 0.308912 1.196042 -1.167922
v 0.309104 1.196691 -1.166340
v 0.304920 1.182618 -1.204145
v 0.304682 1.181825 -1.206540
v 0.313383 1.211217 -1.133399
v 0.314237 1.214131 -1.127437
v 0.315331 1.217857 -1.119536
v 0.318387 1.228310 -1.099548
v 0.325582 1.223018 -1.082474
v 0.322260 1.241595 -1.075683
v 0.323938 1.247374 -1.066363
v 0.334908 1.240620 -1.042881
v 0.339571 1.213666 -1.053206
v 0.344123 1.188172 -1.064918
v 0.354379 1.204895 -1.026323
v 0.358834 1.178677 -1.038882
v 0.374239 1.169830 -1.016051
v 0.363622 1.154302 -1.053100
v 0.349008 1.164424 -1.078246
v 0.368535 1.131563 -1.068875
v 0.354032 1.142217 -1.093087
v 0.373364 1.110298 -1.086066
v 0.359070 1.121371 -1.109327
v 0.377916 1.090298 -1.104571
v 0.363927 1.101682 -1.126866
v 0.391892 1.078524 -1.085377
v 0.381997 1.071360 -1.124248
v 0.395403 1.059349 -1.105827
v 0.385563 1.053048 -1.145296
v 0.368452 1.082955 -1.145617
v 0.372532 1.064866 -1.165879
v 0.355101 1.094246 -1.169119
v 0.342278 1.105332 -1.193963
v 0.359639 1.076495 -1.188415
v 0.350202 1.112772 -1.151461
v 0.363608 1.059301 -1.209776
v 0.347218 1.087991 -1.212115
v 0.351562 1.071550 -1.232546
v 0.335575 1.099437 -1.236216
v 0.325166 1.110272 -1.261139
v 0.340238 1.083837 -1.255553
v 0.330287 1.116297 -1.219346
v 0.319587 1.126726 -1.245927
v 0.310636 1.136190 -1.274350
v 0.316437 1.119959 -1.287290
v 0.321683 1.105825 -1.300921
v 0.309845 1.127745 -1.315668
v 0.315465 1.113413 -1.325006
v 0.305848 1.132862 -1.347285
v 0.311996 1.116769 -1.352788
v 0.318754 1.101638 -1.352103
v 0.310539 1.117721 -1.383648
v 0.310344 1.118086 -1.416954
v 0.317908 1.099610 -1.380493
v 0.317700 1.097619 -1.412131
v 0.326498 1.081502 -1.369731
v 0.336185 1.063388 -1.353376
v 0.326568 1.086926 -1.341600
v 0.326471 1.076804 -1.400681
v 0.325388 1.094554 -1.318076
v 0.335561 1.072141 -1.324598
v 0.333798 1.082650 -1.299171
v 0.345858 1.056720 -1.304421
v 0.357085 1.041124 -1.282546
v 0.343804 1.069565 -1.278051
v 0.346857 1.045242 -1.333439
v 0.358293 1.027259 -1.311520
v 0.370228 1.009686 -1.289165
v 0.382538 0.992942 -1.267019
v 0.368882 1.025766 -1.260496
v 0.371033 0.994676 -1.318506
v 0.366758 1.042450 -1.233656
v 0.380983 1.010996 -1.238914
v 0.378916 1.029219 -1.212214
v 0.393085 0.997163 -1.218502
v 0.391128 1.016405 -1.192238
v 0.404895 0.984600 -1.199904
v 0.403105 1.004147 -1.174381
v 0.416136 0.973671 -1.183794
v 0.414568 0.992587 -1.159383
v 0.412806 1.010640 -1.135790
v 0.425934 0.981961 -1.147082
v 0.424547 0.999085 -1.124234
v 0.400968 1.022738 -1.150257
v 0.410766 1.028512 -1.113026
v 0.398414 1.040944 -1.127415
v 0.388616 1.034875 -1.167888
v 0.376057 1.047062 -1.187978
v 0.354962 1.055946 -1.255825
v 0.330107 1.095472 -1.278450
v 0.319809 1.103211 -1.331715
v 0.318393 1.095797 -1.445146
v 0.311441 1.118185 -1.451171
v 0.305626 1.140198 -1.452011
v 0.330204 1.198065 -1.093419
v 0.374225 0.936409 -1.447342
v 0.507856 0.832544 -1.379393
v 0.419675 1.180567 -0.956010
v 0.437384 1.177510 -0.949457
v 0.402395 1.521350 -0.795482
v 0.405448 1.532274 -0.796436
v 0.439612 1.654503 -0.805736
v 0.580091 1.666474 -1.088232
vn 0.9195 -0.0412 0.3909
vn 0.9250 -0.0413 0.3777
vn 0.8949 -0.0739 0.4400
vn 0.8868 -0.0720 0.4565
vn 0.9485 -0.0055 0.3167
vn 0.9537 -0.0024 0.3007
vn 0.9135 -0.0412 0.4046
vn 0.9443 -0.0085 0.3291
vn 0.8801 -0.0721 0.4692
vn 0.9085 -0.0407 0.4159
vn 0.8723 -0.0693 0.4841
vn 0.9397 -0.0123 0.3418
vn 0.9645 0.0192 0.2632
vn 0.9676 0.0260 0.2513
vn 0.9708 0.0334 0.2375
vn 0.9839 0.0632 0.1671
vn 0.9853 0.0731 0.1543
vn 0.9823 0.0536 0.1794
vn 0.9917 0.1111 0.0642
vn 0.9919 0.1019 0.0759
vn 0.9921 0.0899 0.0878
vn 0.9614 0.0135 0.2750
vn 0.9805 0.0445 0.1912
vn 0.9920 0.0782 0.0993
vn 0.9918 0.1273 -0.0069
vn 0.9900 0.1397 -0.0178
vn 0.9936 0.1130 0.0041
vn 0.9916 0.0667 0.1108
vn 0.9951 0.0978 0.0152
vn 0.9786 0.0363 0.2027
vn 0.9911 0.0539 0.1221
vn 0.9963 0.0818 0.0269
vn 0.9765 0.0287 0.2136
vn 0.9879 0.1311 -0.0823
vn 0.9845 0.1482 -0.0943
vn 0.9913 0.1118 -0.0699
vn 0.9904 0.0402 0.1325
vn 0.9973 0.0633 0.0383
vn 0.9942 0.0914 -0.0570
vn 0.9978 0.0442 0.0488
vn 0.9968 0.0671 -0.0441
vn 0.9896 0.0232 0.1420
vn 0.9745 0.0187 0.2236
vn 0.9729 0.0077 0.2312
vn 0.9888 0.0051 0.1489
vn 0.9981 0.0201 0.0584
vn 0.9713 -0.0059 0.2378
vn 0.9485 -0.0114 0.3167
vn 0.9498 -0.0050 0.3128
vn 0.9524 0.0006 0.3048
vn 0.9705 -0.0183 0.2406
vn 0.9878 -0.0133 0.1549
vn 0.9474 -0.0191 0.3194
vn 0.9184 -0.0149 0.3955
vn 0.9175 -0.0185 0.3973
vn 0.9209 -0.0153 0.3894
vn 0.8773 -0.0221 0.4795
vn 0.8814 -0.0267 0.4716
vn 0.8733 -0.0192 0.4868
vn 0.8869 -0.0325 0.4608
vn 0.9238 -0.0154 0.3826
vn 0.9278 -0.0156 0.3727
vn 0.8922 -0.0355 0.4503
vn 0.9551 0.0052 0.2962
vn 0.9583 0.0094 0.2856
vn 0.9316 -0.0150 0.3631
vn 0.8979 -0.0381 0.4386
vn 0.9358 -0.0139 0.3523
vn 0.9031 -0.0397 0.4276
vn 0.8573 -0.0641 0.5108
vn 0.8491 -0.0609 0.5247
vn 0.8654 -0.0679 0.4965
vn 0.8408 -0.1070 0.5306
vn 0.8280 -0.1012 0.5515
vn 0.8172 -0.0978 0.5680
vn 0.8025 -0.1435 0.5792
vn 0.7859 -0.1355 0.6033
vn 0.8180 -0.1523 0.5547
vn 0.8514 -0.1072 0.5134
vn 0.8393 -0.1585 0.5201
vn 0.8180 -0.1824 0.5456
vn 0.8064 -0.1756 0.5647
vn 0.8296 -0.1817 0.5280
vn 0.8014 -0.1727 0.5727
vn 0.8006 -0.1766 0.5726
vn 0.7929 -0.1779 0.5828
vn -0.9629 0.2696 0.0062
vn 0.7916 -0.1889 0.5811
vn 0.7895 -0.1850 0.5853
vn 0.7762 -0.1812 0.6039
vn 0.7772 -0.1682 0.6063
vn 0.7590 -0.1616 0.6307
vn 0.7703 -0.1286 0.6246
vn 0.7716 -0.1815 0.6097
vn 0.7701 -0.1812 0.6116
vn 0.8043 -0.0922 0.5870
vn 0.7435 -0.1498 0.6518
vn 0.7530 -0.1205 0.6469
vn 0.7909 -0.0852 0.6060
vn 0.7348 -0.1081 0.6696
vn 0.7758 -0.0744 0.6266
vn 0.7274 -0.1397 0.6719
vn 0.7602 -0.0620 0.6468
vn 0.7156 -0.0945 0.6921
vn 0.7109 -0.1223 0.6925
vn 0.7567 -0.1682 0.6318
vn 0.7489 -0.1550 0.6443
vn 0.7398 -0.1429 0.6575
vn 0.7628 -0.1593 0.6267
vn 0.7575 -0.1459 0.6363
vn 0.7668 -0.1679 0.6196
vn 0.7675 -0.1721 0.6175
vn 0.7688 -0.1792 0.6139
vn 0.7753 -0.1857 0.6037
vn 0.7866 -0.1972 0.5851
vn 0.7557 -0.1403 0.6397
vn 0.7613 -0.1407 0.6329
vn 0.7814 -0.1446 0.6070
vn 0.7301 -0.1352 0.6698
vn 0.8089 -0.1475 0.5691
vn 0.7721 -0.1595 0.6151
vn 0.7165 -0.1493 0.6814
vn 0.8081 -0.1504 0.5695
vn 0.8016 -0.1634 0.5750
vn 0.7556 -0.1896 0.6270
vn 0.6962 -0.1721 0.6969
vn 0.7953 -0.1758 0.5802
vn 0.7875 -0.1940 0.5850
vn 0.7282 -0.2257 0.6472
vn 0.6686 -0.2045 0.7150
vn 0.7783 -0.2144 0.5902
vn 0.7634 -0.2313 0.6030
vn 0.6734 -0.1267 0.7283
vn 0.6475 -0.1528 0.7466
vn 0.6151 -0.1827 0.7670
vn 0.6803 -0.2844 0.6755
vn 0.6188 -0.2502 0.7447
vn 0.5750 -0.2225 0.7873
vn 0.5668 -0.1978 0.7998
vn 0.6080 -0.1606 0.7775
vn 0.6417 -0.1258 0.7566
vn 0.6725 -0.1340 0.7279
vn 0.7013 -0.0965 0.7063
vn 0.6418 -0.1674 0.7484
vn 0.5983 -0.1994 0.7761
vn 0.5155 -0.2362 0.8237
vn 0.4930 -0.2771 0.8248
vn 0.3760 -0.3479 0.8588
vn 0.4076 -0.2866 0.8670
vn 0.5519 -0.2157 0.8055
vn 0.5371 -0.3171 0.7817
vn 0.3097 -0.4256 0.8502
vn -0.0137 -0.4391 0.8983
vn 0.3003 -0.2982 0.9060
vn -0.1093 -0.5547 0.8248
vn -0.1422 -0.6274 0.7656
vn 0.3099 -0.5197 0.7961
vn 0.5504 -0.3780 0.7444
vn -0.4806 -0.5660 0.6698
vn -0.4274 -0.5030 0.7512
vn -0.5031 -0.6292 0.5925
vn -0.4235 -0.6554 0.6253
vn -0.4672 -0.6552 0.5937
vn 0.0431 -0.6455 0.7625
vn 0.1653 -0.6175 0.7690
vn 0.3983 -0.5025 0.7674
vn 0.4598 -0.4636 0.7574
vn 0.6211 -0.3740 0.6887
vn 0.6700 -0.3406 0.6596
vn 0.7170 -0.2861 0.6357
vn 0.7406 -0.2561 0.6213
vn -0.6375 -0.5672 0.5214
vn -0.6407 -0.5600 0.5254
vn -0.6677 -0.5480 0.5038
vn -0.6830 -0.5111 0.5219
vn -0.7467 -0.5058 0.4319
vn -0.7698 -0.4861 0.4136
vn -0.7873 -0.4457 0.4260
vn -0.6653 -0.4589 0.5888
vn -0.7771 -0.4063 0.4806
vn -0.8231 -0.4006 0.4026
vn -0.8316 -0.3823 0.4028
vn -0.8363 -0.3570 0.4162
vn -0.8249 -0.4324 0.3641
vn -0.8565 -0.3511 0.3782
vn -0.8613 -0.3464 0.3718
vn -0.8654 -0.3273 0.3793
vn -0.8785 -0.3064 0.3666
vn -0.8798 -0.2978 0.3705
vn -0.8780 -0.2919 0.3793
vn -0.8640 -0.3061 0.3998
vn -0.8827 -0.2865 0.3725
vn -0.8870 -0.2875 0.3614
vn -0.8587 -0.3056 0.4115
vn -0.8174 -0.3321 0.4707
vn -0.8259 -0.3335 0.4546
vn -0.7628 -0.3765 0.5257
vn -0.7473 -0.3681 0.5532
vn -0.8545 -0.3231 0.4066
vn -0.8087 -0.3478 0.4744
vn -0.7406 -0.3786 0.5551
vn -0.6392 -0.4029 0.6550
vn -0.6323 -0.4126 0.6557
vn -0.6448 -0.4221 0.6372
vn -0.4747 -0.4350 0.7651
vn -0.4652 -0.4312 0.7731
vn -0.4556 -0.4443 0.7714
vn -0.2142 -0.4194 0.8821
vn -0.1694 -0.4364 0.8837
vn 0.0961 -0.3723 0.9231
vn 0.1768 -0.3470 0.9210
vn 0.4978 -0.2398 0.8335
vn 0.4546 -0.2541 0.8537
vn 0.4143 -0.2959 0.8607
vn -0.2520 -0.4419 0.8609
vn 0.0505 -0.4091 0.9111
vn 0.3805 -0.3387 0.8605
vn 0.6536 -0.2164 0.7252
vn 0.6674 -0.1923 0.7194
vn 0.6390 -0.2586 0.7244
vn 0.3472 -0.3982 0.8491
vn 0.6204 -0.3084 0.7211
vn 0.0086 -0.4579 0.8890
vn -0.0437 -0.5098 0.8592
vn 0.3022 -0.4567 0.8367
vn 0.5897 -0.3673 0.7193
vn 0.7824 -0.2308 0.5785
vn 0.7663 -0.2753 0.5805
vn 0.7941 -0.1877 0.5781
vn 0.7433 -0.3247 0.5849
vn 0.5508 -0.4217 0.7203
vn 0.2413 -0.5172 0.8212
vn 0.8562 -0.2107 0.4717
vn 0.8672 -0.1720 0.4673
vn 0.8436 -0.2482 0.4761
vn 0.9135 -0.1267 0.3866
vn 0.9047 -0.1631 0.3935
vn 0.8952 -0.1976 0.3994
vn 0.7160 -0.3733 0.5899
vn 0.8273 -0.2908 0.4806
vn 0.8843 -0.2332 0.4046
vn 0.9296 -0.1550 0.3344
vn 0.9378 -0.1201 0.3257
vn 0.9208 -0.1885 0.3415
vn 0.8704 -0.2738 0.4092
vn 0.9100 -0.2250 0.3481
vn 0.8075 -0.3378 0.4836
vn 0.7769 -0.3994 0.4866
vn 0.8526 -0.3190 0.4139
vn 0.8963 -0.2669 0.3541
vn 0.9395 -0.1854 0.2880
vn 0.9272 -0.2280 0.2972
vn 0.9485 -0.1498 0.2791
vn 0.9105 -0.2826 0.3020
vn 0.8778 -0.3161 0.3599
vn 0.8274 -0.3737 0.4192
vn 0.7976 -0.4275 0.4255
vn 0.8536 -0.3767 0.3599
vn 0.8844 -0.3525 0.3058
vn 0.7408 -0.4590 0.4904
vn 0.6901 -0.5290 0.4938
vn 0.5571 -0.5939 0.5804
vn 0.4824 -0.6621 0.5735
vn 0.6245 -0.5127 0.5891
vn 0.7586 -0.4918 0.4274
vn 0.6346 -0.5868 0.5029
vn 0.4097 -0.7173 0.5636
vn 0.1736 -0.7680 0.6165
vn 0.0940 -0.8055 0.5851
vn 0.2528 -0.7157 0.6510
vn -0.1873 -0.8048 0.5631
vn -0.1559 -0.7916 0.5909
vn -0.0886 -0.7570 0.6473
vn -0.3821 -0.7215 0.5774
vn -0.4067 -0.7403 0.5354
vn -0.4185 -0.7523 0.5088
vn -0.0135 -0.7105 0.7036
vn -0.3281 -0.6903 0.6448
vn 0.3443 -0.6438 0.6834
vn 0.0798 -0.6450 0.7600
vn -0.2621 -0.6500 0.7133
vn 0.4279 -0.5612 0.7085
vn -0.5732 -0.6500 0.4989
vn -0.5471 -0.6317 0.5493
vn -0.4986 -0.6061 0.6198
vn 0.1670 -0.5775 0.7992
vn -0.1823 -0.6022 0.7772
vn -0.4404 -0.5781 0.6869
vn -0.6489 -0.5561 0.5193
vn -0.6781 -0.5699 0.4641
vn -0.6041 -0.5401 0.5860
vn -0.3801 -0.5478 0.7452
vn -0.5586 -0.5222 0.6444
vn -0.1083 -0.5573 0.8232
vn -0.3248 -0.5150 0.7932
vn -0.5189 -0.4958 0.6963
vn -0.2826 -0.4741 0.8339
vn 0.4959 -0.4883 0.7181
vn 0.6742 -0.4427 0.5912
vn -0.4884 -0.4647 0.7386
vn -0.6803 -0.4920 0.5433
vn -0.6531 -0.4715 0.5926
vn -0.6385 -0.4379 0.6328
vn -0.7439 -0.4446 0.4990
vn -0.7566 -0.4707 0.4539
vn -0.7363 -0.4115 0.5371
vn -0.8040 -0.4511 0.3874
vn -0.8010 -0.4249 0.4216
vn -0.8047 -0.3830 0.4536
vn -0.7740 -0.4822 0.4104
vn -0.7116 -0.5067 0.4867
vn -0.8090 -0.4713 0.3512
vn -0.7388 -0.5146 0.4352
vn -0.7921 -0.4891 0.3653
vn -0.8162 -0.4776 0.3251
vn -0.8035 -0.4911 0.3364
vn -0.7613 -0.5198 0.3876
vn -0.7719 -0.5235 0.3607
vn -0.8140 -0.4881 0.3149
vn -0.6988 -0.5781 0.4212
vn -0.7793 -0.5223 0.3464
vn -0.7040 -0.5861 0.4010
vn -0.5878 -0.6628 0.4640
vn -0.5833 -0.6725 0.4555
vn -0.7035 -0.5887 0.3982
vn -0.6920 -0.6019 0.3986
vn -0.5693 -0.6864 0.4524
vn -0.4067 -0.7651 0.4993
vn -0.5423 -0.7179 0.4366
vn -0.3848 -0.7924 0.4732
vn -0.6699 -0.6346 0.3854
vn -0.7579 -0.5603 0.3341
vn -0.7772 -0.5255 0.3462
vn -0.7795 -0.5215 0.3470
vn -0.6215 -0.6951 0.3614
vn -0.5003 -0.7657 0.4042
vn -0.7085 -0.6339 0.3101
vn -0.8189 -0.4952 0.2903
vn -0.7729 -0.5696 0.2796
vn -0.8264 -0.4745 0.3033
vn -0.6040 -0.7431 0.2882
vn -0.5219 -0.7861 0.3311
vn -0.6565 -0.7087 0.2585
vn -0.8517 -0.4553 0.2594
vn -0.8373 -0.4900 0.2425
vn -0.7471 -0.6121 0.2591
vn -0.8763 -0.4215 0.2332
vn -0.8681 -0.4435 0.2230
vn -0.8590 -0.4591 0.2265
vn -0.8885 -0.4091 0.2080
vn -0.8951 -0.3995 0.1980
vn -0.8973 -0.4012 0.1838
vn -0.9026 -0.3932 0.1755
vn -0.8534 -0.4729 0.2192
vn -0.7402 -0.6157 0.2702
vn -0.7514 -0.5896 0.2961
vn -0.8583 -0.4604 0.2265
vn -0.9095 -0.3799 0.1685
vn -0.9162 -0.3717 0.1498
vn -0.9237 -0.3598 0.1315
vn -0.9327 -0.3393 0.1222
vn -0.9414 -0.3168 0.1156
vn -0.9190 -0.3559 0.1696
vn -0.8679 -0.4382 0.2338
vn -0.9277 -0.3315 0.1716
vn -0.9506 -0.2880 0.1158
vn -0.8784 -0.4108 0.2443
vn -0.7704 -0.5439 0.3326
vn -0.7631 -0.5636 0.3163
vn -0.5912 -0.6884 0.4203
vn -0.5863 -0.7069 0.3956
vn -0.5786 -0.7275 0.3688
vn -0.3470 -0.8076 0.4767
vn -0.3538 -0.8186 0.4525
vn -0.3508 -0.8374 0.4191
vn -0.3468 -0.8562 0.3830
vn -0.5631 -0.7547 0.3367
vn -0.3267 -0.8860 0.3290
vn -0.5471 -0.7793 0.3055
vn -0.0794 -0.8949 0.4391
vn -0.0784 -0.9142 0.3977
vn -0.0732 -0.9339 0.3498
vn 0.2227 -0.9116 0.3455
vn 0.2148 -0.8955 0.3898
vn 0.2192 -0.8771 0.4274
vn 0.4789 -0.7982 0.3655
vn 0.4803 -0.8125 0.3304
vn 0.4786 -0.7849 0.3935
vn 0.6672 -0.6797 0.3046
vn 0.6689 -0.6640 0.3341
vn 0.6702 -0.6532 0.3524
vn 0.7987 -0.5250 0.2939
vn 0.7938 -0.5414 0.2769
vn 0.8042 -0.5094 0.3064
vn 0.6711 -0.6460 0.3638
vn 0.8071 -0.5049 0.3061
vn 0.4820 -0.7724 0.4137
vn 0.8951 -0.3714 0.2465
vn 0.9030 -0.3554 0.2415
vn 0.8871 -0.3879 0.2502
vn 0.9510 -0.2478 0.1851
vn 0.9419 -0.2746 0.1932
vn 0.9588 -0.2315 0.1645
vn 0.9076 -0.3545 0.2247
vn 0.9653 -0.2167 0.1456
vn 0.8100 -0.5025 0.3023
vn 0.9119 -0.3528 0.2096
vn 0.9691 -0.2156 0.1198
vn 0.8109 -0.5070 0.2923
vn 0.6722 -0.6431 0.3668
vn 0.6735 -0.6429 0.3649
vn 0.4848 -0.7646 0.4247
vn 0.4907 -0.7579 0.4299
vn 0.2351 -0.8486 0.4739
vn 0.2244 -0.8625 0.4536
vn 0.2458 -0.8401 0.4836
vn -0.0712 -0.8792 0.4712
vn -0.0601 -0.8666 0.4953
vn -0.0462 -0.8583 0.5110
vn -0.3375 -0.8003 0.4955
vn -0.5874 -0.6815 0.4365
vn -0.3242 -0.7993 0.5060
vn -0.5810 -0.6788 0.4490
vn -0.0306 -0.8545 0.5185
vn -0.5715 -0.6833 0.4544
vn -0.3094 -0.8020 0.5110
vn -0.0165 -0.8534 0.5209
vn 0.2577 -0.8340 0.4879
vn 0.2686 -0.8318 0.4859
vn -0.2975 -0.8073 0.5096
vn -0.0043 -0.8562 0.5167
vn 0.2761 -0.8329 0.4797
vn -0.2870 -0.8124 0.5076
vn 0.0017 -0.8585 0.5127
vn 0.2816 -0.8348 0.4730
vn 0.2831 -0.8352 0.4715
vn 0.0068 -0.8586 0.5126
vn -0.2796 -0.8126 0.5113
vn -0.2721 -0.8108 0.5183
vn 0.0090 -0.8555 0.5177
vn 0.2833 -0.8334 0.4745
vn -0.2640 -0.8056 0.5303
vn 0.0102 -0.8516 0.5241
vn 0.2788 -0.8300 0.4830
vn -0.5442 -0.6993 0.4636
vn -0.5349 -0.6976 0.4767
vn -0.5240 -0.6945 0.4931
vn -0.5102 -0.6926 0.5099
vn -0.2550 -0.8022 0.5398
vn 0.0098 -0.8455 0.5339
vn -0.2445 -0.7985 0.5501
vn 0.0087 -0.8423 0.5389
vn -0.4940 -0.6950 0.5224
vn -0.7482 -0.5215 0.4102
vn -0.7382 -0.5184 0.4317
vn -0.7254 -0.5222 0.4484
vn -0.7113 -0.5282 0.4637
vn -0.4775 -0.6973 0.5346
vn -0.2323 -0.7976 0.5567
vn -0.2191 -0.7931 0.5684
vn -0.4596 -0.6994 0.5474
vn -0.6958 -0.5345 0.4799
vn 0.0101 -0.8363 0.5481
vn 0.0136 -0.8317 0.5550
vn 0.2413 -0.8180 0.5221
vn 0.2467 -0.8241 0.5100
vn 0.2591 -0.8248 0.5025
vn 0.4400 -0.7643 0.4714
vn 0.4558 -0.7633 0.4578
vn 0.4720 -0.7622 0.4430
vn 0.4881 -0.7598 0.4296
vn 0.2701 -0.8280 0.4913
vn 0.4997 -0.7601 0.4154
vn 0.6610 -0.6686 0.3406
vn 0.6520 -0.6689 0.3571
vn 0.6385 -0.6726 0.3741
vn 0.7807 -0.5569 0.2836
vn 0.7873 -0.5565 0.2654
vn 0.7930 -0.5561 0.2486
vn 0.9032 -0.4024 0.1492
vn 0.9039 -0.4055 0.1364
vn 0.9031 -0.4118 0.1217
vn 0.7964 -0.5573 0.2350
vn 0.6668 -0.6695 0.3274
vn 0.9038 -0.4130 0.1124
vn 0.9674 -0.2521 -0.0233
vn 0.9647 -0.2618 -0.0291
vn 0.9705 -0.2405 -0.0159
vn 0.9052 -0.4102 0.1110
vn 0.8001 -0.5539 0.2303
vn 0.9652 -0.2606 -0.0221
vn 0.9805 -0.1230 -0.1536
vn 0.9782 -0.1382 -0.1552
vn 0.9786 -0.1462 -0.1451
vn 0.9643 -0.0505 -0.2601
vn 0.9661 -0.0614 -0.2507
vn 0.9662 -0.0267 -0.2565
vn 0.9413 -0.0020 -0.3375
vn 0.9389 0.0121 -0.3439
vn 0.9420 0.0391 -0.3333
vn 0.9495 -0.0022 -0.3138
vn 0.9732 -0.0615 -0.2215
vn 0.9830 -0.1405 -0.1178
vn 0.9060 0.0687 -0.4177
vn 0.9049 0.0533 -0.4223
vn 0.9145 0.0509 -0.4014
vn 0.9644 0.0080 -0.2642
vn 0.9309 0.0637 -0.3596
vn 0.9837 -0.0481 -0.1734
vn 0.8511 0.1165 -0.5119
vn 0.8568 0.1132 -0.5030
vn 0.8778 0.1211 -0.4635
vn 0.9514 0.0742 -0.2988
vn 0.9785 0.0219 -0.2052
vn 0.9019 0.1388 -0.4090
vn 0.7912 0.1884 -0.5818
vn 0.8236 0.1996 -0.5309
vn 0.7740 0.1781 -0.6076
vn 0.6745 0.2482 -0.6953
vn 0.6504 0.2454 -0.7189
vn 0.6990 0.2652 -0.6641
vn 0.6427 0.2626 -0.7197
vn 0.7657 0.1892 -0.6148
vn 0.8531 0.1355 -0.5038
vn 0.7708 0.2142 -0.6000
vn 0.6416 0.3024 -0.7050
vn 0.4645 0.3831 -0.7984
vn 0.4723 0.3304 -0.8172
vn 0.4933 0.2974 -0.8174
vn 0.2633 0.3763 -0.8883
vn 0.2883 0.3336 -0.8975
vn 0.2393 0.4460 -0.8625
vn 0.6484 0.3508 -0.6757
vn 0.4619 0.4482 -0.7653
vn 0.2320 0.5240 -0.8195
vn -0.0186 0.4766 -0.8789
vn 0.0079 0.3966 -0.9180
vn -0.0360 0.5655 -0.8240
vn 0.4692 0.5027 -0.7260
vn 0.2376 0.5876 -0.7735
vn -0.0280 0.6358 -0.7714
vn 0.2579 0.6294 -0.7331
vn 0.4805 0.5398 -0.6912
vn -0.0054 0.6825 -0.7308
vn 0.6571 0.4348 -0.6157
vn 0.6536 0.3964 -0.6447
vn 0.6583 0.4727 -0.5858
vn 0.4927 0.5765 -0.6518
vn 0.2822 0.6636 -0.6929
vn 0.7833 0.2920 -0.5488
vn 0.7829 0.3289 -0.5282
vn 0.7782 0.3739 -0.5046
vn 0.6529 0.5308 -0.5403
vn 0.4992 0.6236 -0.6016
vn 0.7685 0.4351 -0.4692
vn 0.8494 0.3488 -0.3961
vn 0.8583 0.2850 -0.4268
vn 0.8627 0.2405 -0.4450
vn 0.9131 0.1664 -0.3722
vn 0.9104 0.2095 -0.3567
vn 0.9043 0.2721 -0.3289
vn 0.8640 0.2025 -0.4609
vn 0.9134 0.1310 -0.3854
vn 0.9451 0.1044 -0.3098
vn 0.9444 0.0711 -0.3211
vn 0.9443 0.1450 -0.2953
vn 0.9704 0.0319 -0.2393
vn 0.9719 0.0669 -0.2256
vn 0.9687 0.0018 -0.2481
vn 0.9105 0.0960 -0.4023
vn 0.8603 0.1669 -0.4817
vn 0.7790 0.2516 -0.5743
vn 0.9841 -0.0998 -0.1468
vn 0.9873 -0.0775 -0.1387
vn 0.9745 -0.2242 -0.0054
vn 0.9785 -0.2063 0.0080
vn 0.9909 -0.0473 -0.1262
vn 0.9947 -0.0050 -0.1025
vn 0.9844 -0.1735 0.0303
vn 0.9723 0.1202 -0.2006
vn 0.9962 0.0460 -0.0737
vn 0.9698 0.1762 -0.1684
vn 0.9886 -0.1391 0.0570
vn 0.9053 -0.3804 0.1890
vn 0.9042 -0.3929 0.1672
vn 0.9082 -0.3596 0.2142
vn 0.9959 0.0731 -0.0542
vn 0.9902 -0.1172 0.0759
vn 0.9091 -0.3466 0.2313
vn 0.9067 -0.3495 0.2361
vn 0.9893 -0.1243 0.0757
vn 0.9967 0.0587 -0.0559
vn 0.9038 -0.3672 0.2200
vn 0.9840 -0.1703 0.0530
vn 0.9961 -0.0010 -0.0879
vn 0.9019 -0.3822 0.2012
vn 0.9784 -0.2056 0.0198
vn 0.9896 -0.0688 -0.1266
vn 0.9754 0.1170 -0.1871
vn 0.9691 0.1951 -0.1508
vn 0.9703 0.0348 -0.2393
vn 0.9826 -0.0814 -0.1672
vn 0.9796 -0.2010 -0.0013
vn 0.9581 -0.0188 -0.2858
vn 0.9446 0.2079 -0.2541
vn 0.9455 0.0943 -0.3117
vn 0.9250 0.0291 -0.3788
vn 0.9787 -0.0430 -0.2008
vn 0.9364 0.0047 -0.3510
vn 0.8925 -0.0147 -0.4507
vn 0.8277 0.0121 -0.5610
vn 0.8910 0.0582 -0.4502
vn 0.9107 0.1709 -0.3761
vn 0.8360 0.1357 -0.5317
vn 0.8593 0.2557 -0.4429
vn 0.7640 0.0157 -0.6451
vn 0.7880 0.0874 -0.6094
vn 0.6916 -0.0191 -0.7220
vn 0.6505 -0.0390 -0.7585
vn 0.5844 -0.0125 -0.8114
vn 0.6957 0.0834 -0.7134
vn 0.7603 0.2158 -0.6127
vn 0.6417 0.3063 -0.7032
vn 0.5945 0.1423 -0.7914
vn 0.5502 0.0381 -0.8342
vn 0.7750 0.3606 -0.5189
vn 0.6559 0.4604 -0.5982
vn 0.6407 0.5831 -0.4995
vn 0.7594 0.4886 -0.4296
vn 0.8468 0.3856 -0.3663
vn 0.9067 0.2884 -0.3077
vn 0.7387 0.5583 -0.3775
vn 0.8255 0.4656 -0.3191
vn 0.8900 0.3722 -0.2634
vn 0.9333 0.2885 -0.2136
vn 0.9295 0.3031 -0.2102
vn 0.8847 0.3841 -0.2641
vn 0.8237 0.4669 -0.3217
vn 0.9664 0.2104 -0.1474
vn 0.9346 0.2672 -0.2346
vn 0.9417 0.2020 -0.2690
vn 0.8945 0.3392 -0.2911
vn 0.8348 0.4208 -0.3550
vn 0.7369 0.5567 -0.3834
vn 0.7527 0.5059 -0.4214
vn 0.6253 0.6422 -0.4433
vn 0.6402 0.5941 -0.4871
vn 0.6220 0.6501 -0.4365
vn 0.4773 0.7265 -0.4942
vn 0.4827 0.7216 -0.4962
vn 0.4924 0.6814 -0.5415
vn 0.2988 0.7897 -0.5359
vn 0.2963 0.7878 -0.5400
vn 0.3055 0.7559 -0.5791
vn 0.3001 0.7084 -0.6388
vn 0.0652 0.8066 -0.5874
vn 0.0530 0.7638 -0.6432
vn 0.0259 0.7208 -0.6926
vn -0.2293 0.7672 -0.5991
vn -0.2556 0.7245 -0.6401
vn -0.2120 0.8068 -0.5515
vn -0.2829 0.6817 -0.6747
vn -0.4780 0.7130 -0.5130
vn -0.5004 0.6705 -0.5477
vn -0.5204 0.6290 -0.5775
vn -0.5341 0.5786 -0.6164
vn -0.3040 0.6323 -0.7126
vn -0.3076 0.5581 -0.7706
vn -0.5381 0.5066 -0.6736
vn -0.2938 0.4661 -0.8345
vn -0.5244 0.4165 -0.7426
vn -0.7029 0.4311 -0.5657
vn -0.6937 0.3449 -0.6323
vn -0.7004 0.5004 -0.5090
vn -0.8190 0.4103 -0.4011
vn -0.8249 0.3407 -0.4510
vn -0.8200 0.2594 -0.5102
vn -0.6893 0.5487 -0.4730
vn -0.8083 0.4585 -0.3693
vn -0.9139 0.2424 -0.3257
vn -0.9053 0.3107 -0.2896
vn -0.8919 0.3658 -0.2659
vn -0.9586 0.2198 -0.1808
vn -0.9677 0.1465 -0.2053
vn -0.9459 0.2769 -0.1693
vn -0.8761 0.4120 -0.2503
vn -0.9308 0.3290 -0.1591
vn -0.7928 0.5018 -0.3460
vn -0.8563 0.4619 -0.2310
vn -0.7740 0.5453 -0.3217
vn -0.9125 0.3822 -0.1457
vn -0.9761 0.2014 -0.0821
vn -0.9641 0.2540 -0.0775
vn -0.9505 0.3038 -0.0657
vn -0.9741 0.2257 0.0106
vn -0.9839 0.1785 -0.0007
vn -0.9909 0.1343 -0.0048
vn -0.9857 0.1435 -0.0881
vn -0.9968 0.0800 -0.0074
vn -0.9958 0.0642 0.0656
vn -0.9979 0.0252 0.0604
vn -0.9921 0.1025 0.0725
vn -0.9922 0.0738 -0.1008
vn -0.9997 0.0174 -0.0176
vn -0.9983 -0.0296 0.0494
vn -0.9903 -0.0498 0.1300
vn -0.9895 -0.0859 0.1158
vn -0.9900 -0.0187 0.1398
vn -0.9623 -0.1863 0.1984
vn -0.9633 -0.1589 0.2164
vn -0.9621 -0.1471 0.2297
vn -0.9886 -0.0016 0.1505
vn -0.9599 -0.1369 0.2445
vn -0.8861 -0.3168 0.3383
vn -0.8911 -0.3214 0.3203
vn -0.8782 -0.3215 0.3541
vn -0.9551 -0.1380 0.2622
vn -0.9858 0.0180 0.1668
vn -0.8693 -0.3259 0.3717
vn -0.9492 -0.1428 0.2805
vn -0.8579 -0.3370 0.3879
vn -0.6807 -0.5414 0.4936
vn -0.4437 -0.6986 0.5613
vn -0.6655 -0.5515 0.5029
vn -0.4270 -0.7000 0.5723
vn -0.8439 -0.3604 0.3974
vn -0.6471 -0.5722 0.5038
vn -0.4117 -0.7041 0.5786
vn -0.8282 -0.3947 0.3978
vn -0.9407 -0.1700 0.2936
vn -0.9302 -0.2198 0.2941
vn -0.9157 -0.2860 0.2824
vn -0.8068 -0.4461 0.3873
vn -0.6287 -0.5980 0.4971
vn -0.8976 -0.3498 0.2683
vn -0.7886 -0.4854 0.3776
vn -0.6098 -0.6212 0.4923
vn -0.3930 -0.7145 0.5788
vn -0.3783 -0.7209 0.5807
vn -0.5985 -0.6262 0.4997
vn -0.3656 -0.7158 0.5949
vn -0.7761 -0.5042 0.3788
vn -0.5901 -0.6189 0.5184
vn -0.3576 -0.6990 0.6193
vn -0.7706 -0.5056 0.3879
vn -0.8871 -0.3847 0.2550
vn -0.8875 -0.3871 0.2500
vn -0.8910 -0.3740 0.2574
vn -0.7718 -0.4861 0.4099
vn -0.5849 -0.5975 0.5485
vn -0.7697 -0.4540 0.4488
vn -0.5807 -0.5590 0.5919
vn -0.8984 -0.3357 0.2832
vn -0.5786 -0.4947 0.6485
vn -0.7662 -0.4044 0.4993
vn -0.8985 -0.2983 0.3220
vn -0.8963 -0.2518 0.3651
vn -0.7603 -0.3446 0.5506
vn -0.5701 -0.4233 0.7041
vn -0.9766 -0.1877 0.1053
vn -0.9796 -0.1510 0.1324
vn -0.9701 -0.2287 0.0811
vn -0.8918 -0.2082 0.4018
vn -0.9806 -0.1151 0.1590
vn -0.7492 -0.2870 0.5969
vn -0.9804 -0.0931 0.1737
vn -0.8857 -0.1751 0.4299
vn -0.7415 -0.2406 0.6264
vn -0.5637 -0.3460 0.7500
vn -0.5553 -0.2894 0.7796
vn -0.3348 -0.3833 0.8608
vn -0.3393 -0.4683 0.8158
vn -0.3361 -0.3137 0.8880
vn -0.5531 -0.2507 0.7945
vn -0.3376 -0.2711 0.9014
vn -0.7347 -0.2133 0.6440
vn -0.7325 -0.1922 0.6531
vn -0.5523 -0.2236 0.8031
vn -0.3415 -0.2375 0.9094
vn -0.1075 -0.2698 0.9569
vn -0.1153 -0.2354 0.9650
vn -0.0990 -0.3166 0.9434
vn 0.1088 -0.2166 0.9702
vn 0.1209 -0.2513 0.9603
vn 0.1340 -0.2949 0.9461
vn -0.0936 -0.3872 0.9172
vn 0.1457 -0.3667 0.9188
vn 0.3645 -0.3224 0.8736
vn 0.3512 -0.2570 0.9004
vn 0.3341 -0.2151 0.9177
vn 0.5234 -0.1683 0.8353
vn 0.5411 -0.2040 0.8158
vn 0.5564 -0.2637 0.7879
vn 0.3707 -0.4112 0.8328
vn 0.1493 -0.4578 0.8764
vn 0.5604 -0.3457 0.7526
vn 0.7220 -0.1921 0.6648
vn 0.7269 -0.2640 0.6340
vn 0.7101 -0.1407 0.6899
vn 0.8696 -0.1020 0.4831
vn 0.8714 -0.1626 0.4628
vn 0.8598 -0.0639 0.5067
vn 0.6939 -0.1109 0.7115
vn 0.8482 -0.0418 0.5280
vn 0.9622 0.0410 0.2694
vn 0.9692 0.0301 0.2445
vn 0.9740 0.0071 0.2263
vn 0.6774 -0.0898 0.7301
vn 0.8352 -0.0271 0.5493
vn 0.9548 0.0457 0.2938
vn 0.9928 0.1191 0.0144
vn 0.9924 0.1218 -0.0152
vn 0.9918 0.1218 -0.0392
vn 0.9466 0.1878 -0.2622
vn 0.9385 0.1949 -0.2851
vn 0.9550 0.1794 -0.2362
vn 0.9633 0.1662 -0.2108
vn 0.9928 0.1123 0.0407
vn 0.9472 0.0504 0.3166
vn 0.8561 0.2264 -0.4647
vn 0.8425 0.2402 -0.4822
vn 0.8690 0.2094 -0.4483
vn 0.9698 0.1501 -0.1921
vn 0.8811 0.1831 -0.4360
vn 0.9922 0.1087 0.0603
vn 0.9746 0.1363 -0.1777
vn 0.9911 0.1097 0.0757
vn 0.8912 0.1540 -0.4266
vn 0.7019 0.2348 -0.6725
vn 0.7135 0.2026 -0.6707
vn 0.7255 0.1581 -0.6699
vn 0.9779 0.1283 -0.1652
vn 0.8997 0.1272 -0.4176
vn 0.7359 0.1140 -0.6674
vn 0.5043 0.0872 -0.8591
vn 0.4956 0.1471 -0.8560
vn 0.4862 0.2004 -0.8505
vn 0.2451 0.1264 -0.9612
vn 0.2519 0.0588 -0.9660
vn 0.2379 0.1855 -0.9534
vn 0.2318 0.2278 -0.9457
vn 0.4776 0.2403 -0.8451
vn 0.2268 0.2546 -0.9401
vn 0.4723 0.2656 -0.8404
vn 0.6896 0.2590 -0.6763
vn 0.6814 0.2717 -0.6796
vn 0.4697 0.2841 -0.8359
vn 0.2273 0.2751 -0.9342
vn 0.2315 0.2947 -0.9271
vn 0.4741 0.3004 -0.8276
vn 0.6754 0.2873 -0.6792
vn 0.8335 0.2485 -0.4935
vn 0.6781 0.2997 -0.6711
vn 0.8277 0.2595 -0.4976
vn 0.4826 0.3230 -0.8141
vn 0.6880 0.3075 -0.6573
vn 0.8359 0.2560 -0.4856
vn 0.5031 0.3359 -0.7963
vn 0.2469 0.3216 -0.9141
vn 0.2699 0.3439 -0.8994
vn -0.0457 0.2968 -0.9539
vn -0.0204 0.3236 -0.9460
vn -0.0526 0.2710 -0.9611
vn -0.0525 0.2488 -0.9671
vn -0.3659 0.2492 -0.8966
vn -0.3655 0.2238 -0.9035
vn -0.3511 0.2116 -0.9121
vn -0.6185 0.1752 -0.7660
vn -0.6309 0.1843 -0.7536
vn -0.6008 0.1659 -0.7820
vn -0.7986 0.1293 -0.5879
vn -0.7897 0.1287 -0.5999
vn -0.7728 0.1274 -0.6217
vn -0.9038 0.0817 -0.4201
vn -0.9126 0.0764 -0.4016
vn -0.9187 0.0675 -0.3893
vn -0.9904 0.0071 -0.1382
vn -0.9916 0.0021 -0.1296
vn -0.9912 -0.0172 -0.1315
vn -0.9801 -0.0794 0.1820
vn -0.8820 -0.1561 0.4447
vn -0.9888 0.0097 -0.1492
vn -0.9799 -0.0763 0.1842
vn -0.8792 -0.1442 0.4540
vn -0.8777 -0.1373 0.4591
vn -0.9798 -0.0785 0.1841
vn -0.9872 -0.0061 -0.1592
vn -0.7314 -0.1753 0.6590
vn -0.8768 -0.1282 0.4635
vn -0.7317 -0.1525 0.6643
vn -0.9787 -0.0870 0.1858
vn -0.8767 -0.1084 0.4687
vn -0.7333 -0.1153 0.6701
vn -0.9780 -0.0881 0.1889
vn -0.8771 -0.0762 0.4742
vn -0.7347 -0.0654 0.6753
vn -0.9779 -0.0777 0.1943
vn -0.9847 -0.0536 -0.1656
vn -0.9858 -0.0275 -0.1656
vn -0.9843 -0.0681 -0.1630
vn -0.9853 -0.0661 -0.1577
vn -0.9780 -0.0537 0.2016
vn -0.8764 -0.0357 0.4802
vn -0.9869 -0.0408 -0.1563
vn -0.9780 -0.0154 0.2080
vn -0.8760 0.0079 0.4822
vn -0.9880 -0.0055 -0.1544
vn -0.9757 0.0395 0.2156
vn -0.8688 0.0695 0.4903
vn -0.7309 0.1042 0.6745
vn -0.7335 0.0401 0.6785
vn -0.7341 -0.0137 0.6789
vn -0.5588 0.0145 0.8292
vn -0.5583 0.0764 0.8261
vn -0.5555 0.1550 0.8170
vn -0.7203 0.1915 0.6667
vn -0.5480 0.2517 0.7977
vn -0.8581 0.1339 0.4957
vn -0.8274 0.2516 0.5021
vn -0.7029 0.2926 0.6483
vn -0.5280 0.3750 0.7620
vn -0.3302 0.3151 0.8898
vn -0.3380 0.2041 0.9187
vn -0.3151 0.4469 0.8373
vn -0.1044 0.2405 0.9650
vn -0.0994 0.3601 0.9276
vn -0.0932 0.4999 0.8611
vn 0.1002 0.5251 0.8451
vn 0.1066 0.3828 0.9177
vn 0.1082 0.2599 0.9596
vn -0.1086 0.1439 0.9836
vn -0.3420 0.1145 0.9327
vn 0.1066 0.1604 0.9813
vn 0.2791 0.2679 0.9221
vn 0.2683 0.3886 0.8815
vn 0.2847 0.1684 0.9437
vn -0.1133 0.0680 0.9912
vn 0.1036 0.0832 0.9911
vn 0.2873 0.0953 0.9531
vn 0.4314 0.2711 0.8605
vn 0.4440 0.1797 0.8778
vn 0.4524 0.1079 0.8853
vn 0.2889 0.0195 0.9572
vn 0.1000 0.0072 0.9950
vn 0.4606 0.0417 0.8866
vn 0.6201 0.1257 0.7744
vn 0.6085 0.1883 0.7709
vn 0.6306 0.0652 0.7734
vn 0.6404 0.0043 0.7680
vn 0.4671 -0.0304 0.8837
vn 0.2915 -0.0554 0.9550
vn 0.6494 -0.0430 0.7592
vn 0.4764 -0.0837 0.8752
vn 0.2941 -0.1187 0.9484
vn 0.0967 -0.0758 0.9924
vn 0.0968 -0.1407 0.9853
vn 0.3029 -0.1562 0.9401
vn 0.4871 -0.1190 0.8652
vn 0.0990 -0.1857 0.9776
vn -0.1214 -0.0901 0.9885
vn -0.1229 -0.1570 0.9799
vn -0.1208 -0.2015 0.9720
vn -0.3471 -0.1646 0.9233
vn -0.3483 -0.1030 0.9317
vn -0.3453 -0.2064 0.9155
vn -0.5582 -0.1125 0.8221
vn -0.5558 -0.1637 0.8151
vn -0.5538 -0.1976 0.8089
vn -0.3476 -0.0269 0.9373
vn -0.1182 -0.0080 0.9930
vn -0.5596 -0.0479 0.8274
vn -0.3444 0.0451 0.9377
vn 0.3164 -0.1861 0.9302
vn 0.5048 -0.1420 0.8515
vn 0.6616 -0.0708 0.7465
vn 0.8230 -0.0147 0.5679
vn 0.8133 0.0058 0.5818
vn 0.8047 0.0412 0.5922
vn 0.9410 0.0578 0.3335
vn 0.9351 0.0784 0.3457
vn 0.7955 0.0897 0.5993
vn 0.9282 0.1084 0.3559
vn 0.9887 0.1213 0.0877
vn 0.9795 0.1311 -0.1532
vn 0.9852 0.1399 0.0991
vn 0.9202 0.1438 0.3641
vn 0.9117 0.1828 0.3680
vn 0.9803 0.1659 0.1070
vn 0.9789 0.1440 -0.1448
vn 0.9768 0.1726 -0.1264
vn 0.9731 0.2000 0.1143
vn 0.8983 0.2373 0.3699
vn 0.9092 0.1177 -0.3995
vn 0.9058 0.1144 -0.4081
vn 0.9110 0.1399 -0.3879
vn 0.9729 0.2053 -0.1066
vn 0.9177 0.1857 -0.3512
vn 0.9582 0.2561 0.1275
vn 0.7492 0.0794 -0.6576
vn 0.7460 0.1312 -0.6529
vn 0.7469 0.0741 -0.6608
vn 0.4948 -0.0079 -0.8690
vn 0.5098 -0.0004 -0.8603
vn 0.5119 0.0134 -0.8589
vn 0.2550 -0.0684 -0.9645
vn 0.2593 -0.0364 -0.9651
vn 0.2480 -0.0971 -0.9639
vn 0.7460 0.1747 -0.6427
vn 0.4708 -0.0160 -0.8821
vn 0.2229 -0.1106 -0.9686
vn -0.0154 -0.1760 -0.9843
vn -0.0102 -0.1426 -0.9897
vn -0.0079 -0.1111 -0.9938
vn 0.3987 -0.0155 -0.9170
vn 0.1852 -0.1342 -0.9735
vn -0.0302 -0.1924 -0.9809
vn 0.1455 -0.1487 -0.9781
vn 0.3152 -0.0696 -0.9465
vn -0.0482 -0.2108 -0.9763
vn -0.2705 -0.1902 -0.9438
vn -0.2621 -0.2174 -0.9402
vn -0.2539 -0.2182 -0.9423
vn 0.1064 -0.1732 -0.9791
vn -0.0555 -0.2008 -0.9781
vn -0.2455 -0.2126 -0.9458
vn -0.4464 -0.1984 -0.8726
vn -0.4751 -0.1862 -0.8600
vn -0.4265 -0.1871 -0.8849
vn -0.2379 -0.1778 -0.9549
vn -0.0611 -0.1825 -0.9813
vn -0.4077 -0.1668 -0.8977
vn -0.5513 -0.1513 -0.8205
vn -0.5676 -0.1512 -0.8093
vn -0.6078 -0.1345 -0.7826
vn -0.7029 -0.1094 -0.7028
vn -0.7368 -0.0619 -0.6733
vn -0.6717 -0.1410 -0.7273
vn -0.8715 -0.0086 -0.4902
vn -0.8252 -0.0831 -0.5587
vn -0.7998 -0.1436 -0.5828
vn -0.7974 -0.0228 -0.6030
vn -0.6467 -0.1281 -0.7519
vn -0.9088 0.0788 -0.4096
vn -0.9335 -0.0828 -0.3488
vn -0.9610 0.0274 -0.2753
vn -0.9850 0.1361 -0.1065
vn -0.9979 0.0304 -0.0572
vn -0.9840 -0.0837 -0.1574
vn -0.9754 0.2006 0.0910
vn -0.9115 0.3275 0.2489
vn -0.9385 0.3101 0.1517
vn -0.9786 0.1385 -0.1522
vn -0.9962 0.0440 0.0751
vn -0.9621 0.1946 0.1909
vn -0.8757 0.3625 0.3190
vn -0.8112 0.4273 0.3992
vn -0.8754 0.3437 0.3400
vn -0.7811 0.4653 0.4163
vn -0.8621 0.3776 0.3379
vn -0.9478 0.2147 0.2357
vn -0.7518 0.5063 0.4224
vn -0.7267 0.4697 0.5013
vn -0.6803 0.5387 0.4969
vn -0.6494 0.5874 0.4830
vn -0.5353 0.6547 0.5337
vn -0.5707 0.6024 0.5580
vn -0.6156 0.5198 0.5923
vn -0.4578 0.6000 0.6561
vn -0.4237 0.6705 0.6091
vn -0.3922 0.7218 0.5703
vn -0.4978 0.4956 0.7117
vn -0.6592 0.4235 0.6214
vn -0.7841 0.3578 0.5071
vn -0.2675 0.6692 0.6932
vn -0.2907 0.5759 0.7641
vn -0.2451 0.7368 0.6302
vn -0.0809 0.7184 0.6909
vn -0.0778 0.7766 0.6252
vn -0.0858 0.6270 0.7743
vn -0.2302 0.7762 0.5869
vn -0.0758 0.8125 0.5781
vn -0.3728 0.7484 0.5486
vn -0.2185 0.7998 0.5591
vn -0.0760 0.8291 0.5539
vn 0.0558 0.8284 0.5573
vn 0.0642 0.7959 0.6020
vn 0.0520 0.8426 0.5360
vn -0.0715 0.8332 0.5484
vn 0.0523 0.8427 0.5358
vn -0.2128 0.8065 0.5516
vn -0.0664 0.8235 0.5634
vn 0.0668 0.8265 0.5589
vn -0.2074 0.7981 0.5657
vn -0.0542 0.7952 0.6039
vn -0.2013 0.7682 0.6078
vn 0.0876 0.7899 0.6069
vn 0.1624 0.8417 0.5149
vn 0.1755 0.8137 0.5541
vn 0.2038 0.6738 0.7103
vn -0.0318 0.7652 0.6430
vn 0.1564 0.7183 0.6779
vn 0.4788 0.4890 0.7291
vn 0.2570 0.7973 0.5461
vn 0.2644 0.8198 0.5080
vn 0.7905 0.2046 0.5773
vn 0.2138 0.2183 0.9522
vn -0.0395 0.5272 0.8488
vn 0.2251 0.7482 0.6241
vn -0.4496 0.2078 0.8687
vn 0.2134 -0.0674 0.9746
vn 0.9486 0.0050 0.3166
vn -0.7275 -0.0264 0.6855
vn 0.2085 -0.3668 0.9066
vn -0.8262 -0.1208 0.5503
vn 0.9870 -0.0651 0.1471
vn -0.8301 0.0870 0.5509
vn -0.6171 0.3103 0.7231
vn -0.9021 -0.0220 0.4310
vn -0.9069 0.0226 0.4207
vn -0.8427 0.1706 0.5106
vn -0.6602 0.3938 0.6396
vn -0.2224 0.6043 0.7651
vn -0.2768 0.6437 0.7135
vn -0.2950 0.6763 0.6750
vn -0.6462 0.4431 0.6213
vn -0.8310 0.2083 0.5158
vn -0.6096 0.4554 0.6489
vn -0.2637 0.6754 0.6887
vn -0.7949 0.2218 0.5648
vn -0.8983 0.0539 0.4361
vn -0.8669 0.0526 0.4957
vn -0.9202 -0.0346 0.3900
vn -0.9283 -0.0528 0.3681
vn -0.8913 -0.0404 0.4516
vn -0.9220 -0.0884 0.3769
vn -0.9240 -0.1825 0.3362
vn -0.9329 -0.1436 0.3302
vn -0.9274 -0.1217 0.3537
vn -0.8678 -0.1749 0.4651
vn -0.8697 -0.2694 0.4136
vn -0.8779 -0.3860 0.2833
vn -0.7865 -0.4969 0.3667
vn -0.9005 -0.3395 0.2719
vn 0.1171 -0.9259 0.3591
vn 0.1821 -0.7463 0.6402
vn 0.2069 -0.5146 0.8321
vn 0.0527 -0.9807 0.1881
vn -0.5218 -0.8154 0.2508
vn -0.6794 -0.7128 0.1742
vn 0.9841 -0.1778 -0.0031
vn 0.9185 -0.3954 0.0002
vn 0.6286 -0.7775 0.0203
vn -0.0203 -0.9998 0.0078
vn -0.2499 -0.9651 0.0783
vn 0.2570 -0.9662 -0.0206
vn 0.4033 -0.9020 -0.1543
vn 0.7440 -0.6565 -0.1239
vn 0.9502 -0.2890 -0.1164
vn 0.0563 -0.9932 -0.1017
vn 0.0022 -0.9976 -0.0685
vn 0.1295 -0.9767 -0.1713
vn -0.0625 -0.9962 -0.0612
vn -0.0617 -0.9907 -0.1217
vn -0.0548 -0.9855 -0.1605
vn 0.4978 -0.8312 -0.2478
vn 0.1762 -0.9570 -0.2305
vn -0.0300 -0.9764 -0.2138
vn -0.2537 -0.9487 -0.1889
vn -0.2639 -0.9585 -0.1082
vn -0.2077 -0.9774 -0.0395
vn -0.5518 -0.8340 -0.0016
vn -0.5888 -0.8013 -0.1059
vn -0.4483 -0.8835 0.1358
vn -0.0602 -0.9921 0.1104
vn -0.1301 -0.9911 -0.0266
vn -0.0652 -0.9950 0.0757
vn -0.0888 -0.9956 0.0289
vn -0.0564 -0.9982 -0.0181
vn -0.0555 -0.9961 0.0681
vn -0.0616 -0.9965 0.0562
vn -0.0576 -0.9974 0.0422
vn -0.0393 -0.9985 0.0383
vn -0.0288 -0.9995 -0.0103
vn -0.0194 -0.9989 0.0416
vn -0.0240 -0.9996 0.0135
vn -0.0261 -0.9997 -0.0026
vn -0.0734 -0.9964 -0.0431
vn 0.0022 -0.9992 0.0400
vn -0.0090 -0.9983 -0.0583
vn 0.0045 -0.9999 -0.0135
vn 0.0328 -0.9986 0.0418
vn 0.0346 -0.9937 0.1062
vn 0.0643 -0.9928 0.1008
vn -0.0024 -0.9938 0.1113
vn 0.1249 -0.9758 0.1796
vn 0.0808 -0.9765 0.2000
vn 0.0240 -0.9773 0.2103
vn -0.0369 -0.9933 0.1093
vn -0.0320 -0.9778 0.2069
vn -0.0737 -0.9791 0.1894
vn -0.0584 -0.9930 0.1029
vn -0.0730 -0.9920 0.1027
vn -0.0908 -0.9821 0.1652
vn -0.1232 -0.9626 0.2414
vn -0.0909 -0.9549 0.2826
vn -0.0296 -0.9500 0.3107
vn -0.1077 -0.9309 0.3489
vn -0.1549 -0.9390 0.3071
vn -0.0347 -0.9265 0.3748
vn 0.0536 -0.9461 0.3193
vn 0.0655 -0.9244 0.3758
vn 0.1320 -0.9457 0.2969
vn 0.1619 -0.9216 0.3528
vn 0.0556 -0.9271 0.3707
vn 0.1580 -0.9261 0.3425
vn -0.0489 -0.9262 0.3739
vn 0.0312 -0.9483 0.3159
vn -0.0743 -0.9402 0.3325
vn 0.1365 -0.9464 0.2926
vn 0.2155 -0.9387 0.2689
vn 0.2368 -0.9195 0.3137
vn 0.2331 -0.9196 0.3163
vn 0.2771 -0.9286 0.2470
vn 0.2948 -0.9134 0.2808
vn 0.2850 -0.9186 0.2738
vn 0.1944 -0.9575 0.2129
vn 0.2600 -0.9446 0.2005
vn 0.1129 -0.9665 0.2306
vn 0.1762 -0.9722 0.1544
vn 0.2462 -0.9582 0.1458
vn 0.0930 -0.9808 0.1714
vn -0.0156 -0.9803 0.1971
vn 0.0059 -0.9661 0.2580
vn -0.0380 -0.9913 0.1264
vn 0.0696 -0.9927 0.0989
vn 0.1555 -0.9842 0.0844
vn -0.1190 -0.9665 0.2273
vn -0.1360 -0.9776 0.1608
vn -0.0969 -0.9553 0.2794
vn -0.1840 -0.9507 0.2494
vn -0.2018 -0.9602 0.1931
vn -0.1674 -0.9407 0.2950
vn -0.1447 -0.9313 0.3344
vn -0.1932 -0.9254 0.3262
vn -0.2073 -0.9303 0.3027
vn -0.2234 -0.9376 0.2664
vn -0.2079 -0.9243 0.3200
vn -0.2162 -0.9309 0.2943
vn -0.2275 -0.9372 0.2645
vn -0.1946 -0.9336 0.3008
vn -0.1951 -0.9421 0.2726
vn -0.2064 -0.9484 0.2408
vn -0.1771 -0.9629 0.2038
vn -0.1608 -0.9606 0.2268
vn -0.1625 -0.9515 0.2612
vn -0.1240 -0.9722 0.1988
vn -0.1243 -0.9767 0.1749
vn -0.1443 -0.9765 0.1599
vn -0.0945 -0.9848 0.1455
vn -0.0954 -0.9863 0.1343
vn -0.1323 -0.9821 0.1339
vn -0.0703 -0.9923 0.1021
vn -0.0786 -0.9917 0.1018
vn -0.1155 -0.9879 0.1039
vn -0.1979 -0.9716 0.1295
vn -0.2013 -0.9682 0.1483
vn -0.2054 -0.9724 0.1107
vn -0.0973 -0.9933 0.0618
vn -0.1914 -0.9787 0.0745
vn -0.0555 -0.9964 0.0638
vn -0.0460 -0.9989 -0.0083
vn -0.1986 -0.9799 0.0174
vn -0.0050 -0.9998 0.0214
vn 0.0211 -0.9957 -0.0904
vn -0.1522 -0.9847 -0.0847
vn 0.1027 -0.9932 -0.0540
vn -0.3673 -0.9275 0.0701
vn -0.3838 -0.9226 0.0383
vn -0.5082 -0.8610 -0.0193
vn -0.1037 -0.9814 -0.1613
vn -0.4185 -0.9027 -0.0995
vn 0.1107 -0.9773 -0.1806
vn -0.3959 -0.9037 -0.1630
vn -0.0749 -0.9720 -0.2226
vn 0.1501 -0.9593 -0.2394
vn 0.2144 -0.9698 -0.1162
vn 0.3709 -0.9028 -0.2177
vn 0.6078 -0.7839 -0.1267
vn 0.3017 -0.9487 0.0946
vn 0.4214 -0.8484 -0.3203
vn 0.1782 -0.9367 -0.3015
vn 0.7361 -0.6121 -0.2889
vn 0.1894 -0.9056 -0.3795
vn 0.4277 -0.8088 -0.4035
vn 0.7888 -0.4987 -0.3593
vn -0.0610 -0.9586 -0.2783
vn -0.0585 -0.9399 -0.3364
vn -0.3984 -0.8902 -0.2211
vn -0.5053 -0.8379 -0.2064
vn -0.0111 -0.9025 -0.4305
vn -0.2898 -0.8887 -0.3553
vn 0.1773 -0.8785 -0.4435
vn -0.2374 -0.9045 -0.3544
vn 0.0214 -0.8992 -0.4370
vn 0.1686 -0.8640 -0.4744
vn 0.3961 -0.7714 -0.4981
vn 0.2966 -0.8076 -0.5098
vn 0.2378 -0.8739 -0.4240
vn 0.1302 -0.9015 -0.4128
vn 0.0248 -0.9239 -0.3817
vn 0.0988 -0.9529 -0.2868
vn 0.0092 -0.9650 -0.2619
vn 0.1800 -0.9380 -0.2964
vn -0.1221 -0.9455 -0.3019
vn -0.0688 -0.9696 -0.2348
vn -0.1333 -0.9834 -0.1232
vn -0.3275 -0.9366 -0.1244
vn -0.5273 -0.8367 -0.1482
vn -0.1891 -0.9811 0.0406
vn -0.4360 -0.8949 0.0954
vn -0.6735 -0.7260 0.1391
vn -0.8291 -0.5298 0.1786
vn -0.6892 -0.7183 -0.0944
vn -0.4154 -0.8662 0.2777
vn -0.6318 -0.6783 0.3751
vn -0.7536 -0.5075 0.4178
vn -0.8666 -0.4500 0.2155
vn -0.7971 -0.4256 0.4283
vn -0.8331 -0.5527 -0.0185
vn -0.8810 -0.3954 0.2597
vn -0.8670 -0.4905 0.0879
vn -0.8043 -0.4004 0.4391
vn -0.6196 -0.4898 0.6134
vn -0.6487 -0.4454 0.6171
vn -0.5714 -0.5649 0.5952
vn -0.4033 -0.5614 0.7226
vn -0.4379 -0.5051 0.7437
vn -0.3526 -0.6440 0.6789
vn -0.4700 -0.7103 0.5240
vn -0.2704 -0.7684 0.5800
vn -0.3021 -0.8670 0.3964
vn -0.1827 -0.8861 0.4261
vn -0.1841 -0.9441 0.2736
vn -0.2057 -0.9580 0.2000
vn -0.1098 -0.9560 0.2719
vn -0.0746 -0.9873 0.1404
vn -0.0495 -0.9987 0.0091
vn -0.0179 -0.9918 -0.1262
vn 0.0402 -0.9991 -0.0115
vn 0.0655 -0.9879 -0.1407
vn 0.0144 -0.9934 0.1140
vn 0.1242 -0.9918 -0.0306
vn 0.0947 -0.9908 0.0962
vn 0.1473 -0.9761 -0.1597
vn -0.0200 -0.9681 0.2498
vn 0.0703 -0.9730 0.2198
vn 0.2397 -0.9696 -0.0491
vn 0.1942 -0.9759 0.0994
vn 0.1425 -0.9703 0.1954
vn 0.4627 -0.8838 -0.0697
vn 0.3696 -0.9183 0.1417
vn 0.2064 -0.9324 0.2966
vn 0.0590 -0.9235 0.3790
vn 0.3180 -0.8318 0.4549
vn 0.5877 -0.7731 0.2386
vn 0.0686 -0.8355 0.5451
vn -0.1097 -0.8084 0.5784
vn -0.0609 -0.9083 0.4139
vn -0.1480 -0.7034 0.6952
vn 0.0704 -0.7286 0.6813
vn -0.1879 -0.6146 0.7661
vn 0.0637 -0.6411 0.7649
vn -0.2206 -0.5492 0.8060
vn 0.0332 -0.5755 0.8171
vn 0.4098 -0.6144 0.6742
vn 0.3986 -0.5455 0.7373
vn 0.3948 -0.7071 0.5866
vn 0.7766 -0.4739 0.4152
vn 0.7509 -0.4364 0.4957
vn 0.7210 -0.6024 0.3423
vn 0.9336 -0.3436 0.1013
vn 0.8914 -0.4530 0.0101
vn 0.7082 -0.7051 -0.0365
vn 0.6645 -0.6705 -0.3300
vn 0.8397 -0.4742 -0.2645
vn 0.9528 -0.2508 -0.1713
vn 0.9707 -0.2396 -0.0191
vn 0.9381 -0.2848 0.1970
vn 0.9111 -0.2682 0.3131
vn 0.9700 -0.2065 0.1284
vn 0.7119 -0.3925 0.5824
vn 0.3489 -0.5011 0.7919
vn 0.8741 -0.2238 0.4311
vn 0.6556 -0.3480 0.6701
vn 0.2909 -0.4400 0.8496
vn -0.0451 -0.4604 0.8866
vn -0.0016 -0.5159 0.8566
vn -0.2531 -0.4944 0.8316
vn -0.2858 -0.4346 0.8541
vn 0.2291 -0.3659 0.9020
vn -0.0944 -0.3854 0.9179
vn -0.3180 -0.3676 0.8739
vn 0.1553 -0.2476 0.9563
vn -0.1430 -0.2829 0.9484
vn -0.3544 -0.2690 0.8956
vn -0.5344 -0.2407 0.8102
vn -0.5137 -0.3310 0.7915
vn -0.4900 -0.4004 0.7743
vn -0.6963 -0.2889 0.6570
vn -0.7065 -0.1964 0.6799
vn -0.6837 -0.3515 0.6395
vn -0.8309 -0.2443 0.4999
vn -0.8233 -0.3113 0.4746
vn -0.8334 -0.1565 0.5300
vn -0.6664 -0.4047 0.6262
vn -0.8157 -0.3562 0.4558
vn -0.4666 -0.4531 0.7596
vn -0.8859 -0.3550 0.2986
vn -0.8946 -0.2904 0.3397
vn -0.9244 -0.2992 0.2367
vn -0.9033 -0.3862 0.1867
vn -0.8916 -0.4420 0.0984
vn -0.8003 -0.5996 0.0029
vn -0.9310 -0.3196 0.1763
vn -0.7235 -0.6870 -0.0678
vn -0.8695 -0.4912 0.0512
vn -0.8542 -0.5196 0.0183
vn -0.6868 -0.7228 -0.0763
vn -0.8518 -0.5239 -0.0009
vn -0.7071 -0.7056 -0.0463
vn -0.8694 -0.4940 0.0085
vn -0.7483 -0.6622 -0.0399
vn -0.8946 -0.4467 0.0055
vn -0.8259 -0.5636 0.0169
vn -0.7505 -0.6595 0.0423
vn -0.9272 -0.3689 0.0651
vn -0.9317 -0.3609 0.0410
vn -0.9427 -0.3318 0.0353
vn -0.9211 -0.3893 0.0085
vn -0.8815 -0.4721 0.0105
vn -0.9548 -0.2968 0.0174
vn -0.9771 -0.2071 0.0487
vn -0.9719 -0.2259 0.0665
vn -0.9661 -0.2408 0.0925
vn -0.9816 -0.1894 0.0248
vn -0.9629 -0.2698 -0.0001
vn -0.9400 -0.3408 -0.0162
vn -0.9460 -0.3194 -0.0553
vn -0.9680 -0.2492 -0.0308
vn -0.9826 -0.1857 0.0006
vn -0.9932 -0.0885 0.0756
vn -0.9946 -0.0897 0.0520
vn -0.9911 -0.0913 0.0963
vn -0.9902 0.0428 0.1330
vn -0.9864 0.0605 0.1530
vn -0.9829 0.0605 0.1741
vn -0.9872 -0.1030 0.1214
vn -0.9788 0.0579 0.1967
vn -0.9326 0.2430 0.2668
vn -0.9404 0.2308 0.2497
vn -0.9277 0.2390 0.2867
vn -0.9733 0.0467 0.2247
vn -0.9217 0.2308 0.3117
vn -0.9823 -0.1151 0.1479
vn -0.9761 -0.1213 0.1803
vn -0.9662 0.0378 0.2551
vn -0.9148 0.2174 0.3404
vn -0.9578 0.0319 0.2857
vn -0.9052 0.2110 0.3689
vn -0.9695 -0.1223 0.2126
vn -0.9620 -0.1185 0.2462
vn -0.9478 0.0313 0.3173
vn -0.8940 0.2040 0.3990
vn -0.8081 0.3765 0.4529
vn -0.8170 0.3906 0.4242
vn -0.7915 0.3749 0.4827
vn -0.7751 0.3686 0.5132
vn -0.8790 0.2059 0.4300
vn -0.9362 0.0314 0.3501
vn -0.9183 0.0293 0.3947
vn -0.8603 0.1957 0.4707
vn -0.7492 0.3683 0.5505
vn -0.6267 0.4730 0.6193
vn -0.6499 0.4825 0.5872
vn -0.6786 0.4791 0.5568
vn -0.5435 0.5267 0.6536
vn -0.5718 0.5279 0.6280
vn -0.5055 0.5278 0.6826
vn -0.7241 0.3330 0.6040
vn -0.5981 0.4424 0.6683
vn -0.4884 0.4887 0.7230
vn -0.6799 0.2823 0.6768
vn -0.5829 0.3616 0.7277
vn -0.4730 0.4076 0.7811
vn -0.8284 0.1749 0.5321
vn -0.7743 0.1285 0.6197
vn -0.6440 0.2181 0.7333
vn -0.5692 0.2431 0.7854
vn -0.6780 0.1006 0.7282
vn -0.7039 -0.0696 0.7069
vn -0.8208 -0.0272 0.5706
vn -0.8847 0.0060 0.4661
vn -0.5527 -0.1019 0.8272
vn -0.5618 0.0647 0.8247
vn -0.4606 0.2508 0.8515
vn -0.4317 0.0578 0.9002
vn -0.3930 -0.1285 0.9105
vn -0.2095 -0.1263 0.9696
vn -0.2802 0.0660 0.9577
vn 0.0550 -0.0680 0.9962
vn -0.0892 0.1270 0.9879
vn -0.2057 0.2659 0.9418
vn -0.3254 0.2586 0.9095
vn -0.1373 0.3835 0.9133
vn -0.3425 0.4193 0.8408
vn -0.0986 0.5119 0.8534
vn -0.3400 0.5181 0.7848
vn -0.1011 0.5690 0.8161
vn -0.3691 0.5526 0.7473
vn 0.2686 0.4203 0.8667
vn 0.3020 0.5069 0.8074
vn 0.1241 0.2733 0.9539
vn 0.5768 0.2254 0.7852
vn 0.3676 0.0671 0.9276
vn 0.6633 0.3241 0.6745
vn 0.5080 -0.1278 0.8518
vn 0.7492 0.0157 0.6621
vn 0.8313 -0.1301 0.5403
vn 0.5846 -0.2698 0.7652
vn 0.9302 -0.0328 0.3655
vn 0.8588 0.1202 0.4980
vn 0.6753 0.3571 0.6453
vn 0.8848 0.1600 0.4376
vn 0.9612 0.0144 0.2755
vn 0.2604 0.5207 0.8131
vn 0.6036 0.3338 0.7240
vn 0.1512 0.4816 0.8633
vn 0.8768 0.1454 0.4584
vn 0.3937 0.2272 0.8907
vn 0.7642 0.0385 0.6439
vn -0.0649 0.3696 0.9269
vn -0.3579 0.4785 0.8018
vn -0.2478 0.5223 0.8160
vn -0.1624 0.5671 0.8075
vn -0.2531 0.0092 0.9674
vn -0.3683 0.2807 0.8863
vn -0.4487 0.4445 0.7753
vn -0.5031 0.5300 0.6826
vn -0.4631 0.5338 0.7075
vn -0.5366 0.5577 0.6333
vn -0.4104 0.6105 0.6774
vn -0.6219 0.1972 0.7579
vn -0.5189 0.6401 0.5666
vn -0.6038 0.5326 0.5931
vn -0.6136 0.5618 0.5549
vn -0.6089 0.6012 0.5175
vn -0.3596 0.7507 0.5542
vn -0.4938 0.6918 0.5269
vn -0.6057 0.6270 0.4899
vn -0.6104 0.6320 0.4776
vn -0.4958 0.7000 0.5141
vn -0.3595 0.7613 0.5396
vn -0.7194 0.5468 0.4284
vn -0.7128 0.5451 0.4414
vn -0.7103 0.5287 0.4647
vn -0.6247 0.6186 0.4766
vn -0.7338 0.5325 0.4218
vn -0.5105 0.6863 0.5181
vn -0.8368 0.4148 0.3574
vn -0.8456 0.4055 0.3472
vn -0.8285 0.4168 0.3739
vn -0.8243 0.4040 0.3965
vn -0.7069 0.5059 0.4943
vn -0.6948 0.4906 0.5259
vn -0.4048 0.5520 0.7290
vn -0.9953 -0.0964 -0.0122
vn -0.9813 -0.1796 -0.0689
vn -0.9626 -0.1726 -0.2088
vn -0.9415 -0.2295 -0.2467
vn -0.9643 -0.2433 -0.1046
vn -0.9434 -0.3030 -0.1352
vn -0.9169 -0.2905 -0.2736
vn -0.9033 -0.1562 -0.3997
vn -0.8802 -0.2122 -0.4246
vn -0.8535 -0.2697 -0.4459
vn -0.7592 -0.2386 -0.6056
vn -0.7753 -0.1902 -0.6023
vn -0.7393 -0.2981 -0.6038
vn -0.8272 -0.3304 -0.4545
vn -0.8863 -0.3550 -0.2973
vn -0.8455 -0.4329 -0.3126
vn -0.7907 -0.4057 -0.4584
vn -0.7165 -0.3674 -0.5930
vn -0.6491 -0.2034 -0.7330
vn -0.6433 -0.2519 -0.7229
vn -0.6310 -0.3231 -0.7053
vn -0.6833 -0.4502 -0.5748
vn -0.7481 -0.4852 -0.4528
vn -0.6071 -0.4092 -0.6811
vn -0.5277 -0.2774 -0.8029
vn -0.5123 -0.3710 -0.7746
vn -0.5338 -0.2069 -0.8199
vn -0.3907 -0.2395 -0.8888
vn -0.3780 -0.3430 -0.8599
vn -0.3955 -0.1737 -0.9019
vn -0.5361 -0.1701 -0.8269
vn -0.3962 -0.1440 -0.9068
vn -0.2208 -0.1400 -0.9652
vn -0.2113 -0.1587 -0.9645
vn -0.2038 -0.2289 -0.9519
vn -0.4019 -0.1456 -0.9040
vn -0.2291 -0.1469 -0.9623
vn -0.5371 -0.1522 -0.8297
vn -0.6602 -0.1679 -0.7321
vn -0.0518 -0.1582 -0.9860
vn -0.0405 -0.1561 -0.9869
vn 0.0986 -0.1720 -0.9802
vn 0.0943 -0.1735 -0.9803
vn 0.1062 -0.1864 -0.9767
vn 0.1181 -0.2207 -0.9682
vn -0.0262 -0.1822 -0.9829
vn -0.0128 -0.2458 -0.9692
vn 0.1260 -0.2845 -0.9503
vn 0.2295 -0.2160 -0.9490
vn 0.2344 -0.2598 -0.9368
vn 0.2351 -0.3267 -0.9154
vn 0.2257 -0.4103 -0.8836
vn 0.1285 -0.3757 -0.9178
vn -0.0092 -0.3466 -0.9380
vn 0.1177 -0.4791 -0.8699
vn 0.2108 -0.5025 -0.8385
vn -0.0067 -0.4607 -0.8875
vn -0.1826 -0.4527 -0.8728
vn -0.1933 -0.3311 -0.9236
vn -0.3577 -0.4561 -0.8149
vn -0.1683 -0.5734 -0.8018
vn -0.3272 -0.5697 -0.7539
vn -0.0121 -0.5776 -0.8162
vn -0.4834 -0.4725 -0.7369
vn -0.4475 -0.5697 -0.6893
vn -0.5354 -0.5763 -0.6174
vn -0.5756 -0.4973 -0.6491
vn -0.6447 -0.5268 -0.5539
vn -0.6073 -0.5905 -0.5315
vn -0.6625 -0.6120 -0.4319
vn -0.7017 -0.5587 -0.4421
vn -0.7401 -0.5890 -0.3246
vn -0.7931 -0.5164 -0.3231
vn -0.7003 -0.6378 -0.3207
vn -0.5770 -0.6284 -0.5217
vn -0.6461 -0.6330 -0.4265
vn -0.6886 -0.6512 -0.3189
vn -0.7037 -0.6768 -0.2162
vn -0.7111 -0.6666 -0.2234
vn -0.7559 -0.6164 -0.2206
vn -0.7507 -0.6437 -0.1486
vn -0.7012 -0.6958 -0.1555
vn -0.6853 -0.7137 -0.1445
vn -0.6784 -0.7037 -0.2113
vn -0.6596 -0.7400 -0.1314
vn -0.6693 -0.6728 -0.3153
vn -0.5614 -0.8162 -0.1364
vn -0.5882 -0.7795 -0.2151
vn -0.5821 -0.7490 -0.3163
vn -0.6192 -0.6599 -0.4255
vn -0.5449 -0.7277 -0.4165
vn -0.4630 -0.8267 -0.3198
vn -0.4612 -0.8566 -0.2314
vn -0.4434 -0.8008 -0.4027
vn -0.4779 -0.7303 -0.4882
vn -0.5436 -0.6658 -0.5111
vn -0.3958 -0.7946 -0.4605
vn -0.3573 -0.8728 -0.3326
vn -0.3525 -0.8439 -0.4045
vn -0.3478 -0.8281 -0.4396
vn -0.3972 -0.7502 -0.5286
vn -0.3414 -0.8042 -0.4865
vn -0.3031 -0.8382 -0.4535
vn -0.2926 -0.8619 -0.4141
vn -0.2468 -0.8486 -0.4680
vn -0.2334 -0.8700 -0.4344
vn -0.2684 -0.8219 -0.5025
vn -0.1800 -0.8566 -0.4836
vn -0.1780 -0.8705 -0.4589
vn -0.1954 -0.8368 -0.5114
vn -0.3124 -0.7766 -0.5470
vn -0.2191 -0.8006 -0.5577
vn -0.1080 -0.8573 -0.5034
vn -0.1091 -0.8445 -0.5243
vn -0.1200 -0.8116 -0.5718
vn -0.2557 -0.7411 -0.6208
vn -0.1344 -0.7569 -0.6396
vn -0.3601 -0.7167 -0.5972
vn -0.1515 -0.6766 -0.7206
vn -0.2925 -0.6654 -0.6868
vn -0.4046 -0.6495 -0.6438
vn -0.4554 -0.6884 -0.5645
vn -0.4993 -0.6352 -0.5892
vn -0.0171 -0.6793 -0.7336
vn -0.0234 -0.7565 -0.6536
vn 0.0799 -0.6745 -0.7339
vn 0.0580 -0.7472 -0.6620
vn 0.1025 -0.5835 -0.8056
vn -0.0283 -0.8110 -0.5844
vn 0.0382 -0.7981 -0.6014
vn 0.1564 -0.6696 -0.7260
vn 0.1234 -0.7317 -0.6704
vn 0.0914 -0.7815 -0.6171
vn 0.1395 -0.7657 -0.6278
vn 0.1822 -0.7184 -0.6713
vn 0.2166 -0.6685 -0.7115
vn 0.2829 -0.6826 -0.6738
vn 0.2457 -0.7196 -0.6495
vn 0.1890 -0.7654 -0.6151
vn 0.1326 -0.8041 -0.5795
vn 0.0976 -0.7997 -0.5924
vn 0.0669 -0.8127 -0.5788
vn 0.0779 -0.8173 -0.5709
vn 0.0499 -0.8252 -0.5626
vn 0.0849 -0.8234 -0.5611
vn 0.0120 -0.8391 -0.5439
vn 0.0216 -0.8275 -0.5610
vn -0.0326 -0.8396 -0.5423
vn -0.0382 -0.8507 -0.5243
vn 0.0058 -0.8484 -0.5294
vn -0.0431 -0.8593 -0.5097
vn 0.0487 -0.8377 -0.5439
vn 0.0057 -0.8677 -0.4971
vn -0.0462 -0.8766 -0.4790
vn 0.0520 -0.8574 -0.5121
vn 0.1010 -0.8465 -0.5227
vn 0.1643 -0.8244 -0.5416
vn 0.1191 -0.8726 -0.4736
vn 0.0610 -0.8839 -0.4637
vn 0.1981 -0.8533 -0.4823
vn 0.2446 -0.7867 -0.5668
vn 0.2927 -0.8165 -0.4976
vn 0.3279 -0.8447 -0.4230
vn 0.2311 -0.8815 -0.4117
vn 0.1433 -0.9030 -0.4049
vn 0.3591 -0.8712 -0.3348
vn 0.2620 -0.9073 -0.3287
vn 0.1720 -0.9305 -0.3234
vn 0.2039 -0.9517 -0.2297
vn 0.2945 -0.9275 -0.2302
vn 0.3820 -0.8938 -0.2350
vn 0.4002 -0.9083 -0.1216
vn 0.3225 -0.9384 -0.1242
vn 0.2387 -0.9629 -0.1256
vn 0.4065 -0.9136 -0.0123
vn 0.3478 -0.9375 -0.0118
vn 0.2710 -0.9624 -0.0162
vn 0.4358 -0.8675 -0.2399
vn 0.4343 -0.8913 -0.1305
vn 0.4177 -0.9084 -0.0185
vn 0.3878 -0.9193 0.0671
vn 0.3987 -0.9134 0.0821
vn 0.3588 -0.9299 0.0810
vn 0.3808 -0.9130 0.1461
vn 0.3460 -0.9298 0.1255
vn 0.3595 -0.9210 0.1499
vn 0.2629 -0.9610 0.0858
vn 0.3100 -0.9501 0.0359
vn 0.3602 -0.9318 -0.0443
vn 0.3043 -0.9382 0.1649
vn 0.3512 -0.9155 0.1965
vn 0.2185 -0.9690 0.1155
vn 0.3191 -0.9185 0.2334
vn 0.2628 -0.9453 0.1931
vn 0.1853 -0.9731 0.1368
vn 0.3283 -0.9130 0.2421
vn 0.3516 -0.9140 0.2023
vn 0.2330 -0.9456 0.2269
vn 0.1912 -0.9453 0.2644
vn 0.1567 -0.9751 0.1571
vn 0.1185 -0.9890 0.0888
vn 0.0961 -0.9908 0.0951
vn 0.0601 -0.9967 0.0541
vn 0.0765 -0.9952 0.0603
vn 0.1382 -0.9877 0.0730
vn 0.0833 -0.9955 0.0461
vn 0.0886 -0.9941 0.0630
vn 0.0691 -0.9975 0.0130
vn 0.0192 -0.9989 0.0428
vn 0.1017 -0.9947 0.0134
vn 0.1690 -0.9847 0.0426
vn 0.0236 -0.9996 -0.0130
vn -0.0711 -0.9970 -0.0320
vn -0.0789 -0.9958 0.0462
vn 0.1432 -0.9840 0.1063
vn -0.2017 -0.9784 -0.0449
vn -0.2066 -0.9756 0.0745
vn -0.1041 -0.9535 0.2827
vn -0.5295 -0.8037 0.2714
vn -0.4316 -0.8973 0.0925
vn -0.3107 -0.9489 -0.0559
vn 0.0643 -0.9896 -0.1283
vn -0.0187 -0.9878 -0.1548
vn -0.1143 -0.9774 -0.1776
vn -0.4266 -0.9017 -0.0704
vn -0.5929 -0.8041 0.0441
vn -0.1953 -0.9594 -0.2034
vn 0.2616 -0.9176 -0.2993
vn 0.2058 -0.9151 -0.3466
vn 0.3243 -0.9088 -0.2624
vn -0.5197 -0.8460 -0.1194
vn -0.2754 -0.9342 -0.2268
vn 0.2555 -0.8929 -0.3707
vn 0.6090 -0.6999 -0.3732
vn 0.6764 -0.6427 -0.3597
vn 0.5955 -0.7182 -0.3600
vn 0.8069 -0.4849 -0.3373
vn 0.7895 -0.5079 -0.3447
vn 0.7809 -0.5152 -0.3532
vn 0.6323 -0.6949 -0.3424
vn 0.7827 -0.5087 -0.3587
vn 0.8702 -0.3678 -0.3278
vn 0.8737 -0.3674 -0.3188
vn 0.8715 -0.3572 -0.3359
vn 0.8052 -0.4773 -0.3517
vn 0.6702 -0.6535 -0.3519
vn 0.8751 -0.3400 -0.3444
vn 0.9230 -0.2428 -0.2983
vn 0.9228 -0.2322 -0.3074
vn 0.9248 -0.2126 -0.3154
vn 0.8273 -0.4300 -0.3615
vn 0.8861 -0.3040 -0.3500
vn 0.9256 -0.1852 -0.3302
vn 0.9585 -0.0762 -0.2747
vn 0.9595 -0.0941 -0.2656
vn 0.9566 -0.0500 -0.2870
vn 0.9228 -0.1504 -0.3548
vn 0.9494 -0.0190 -0.3135
vn 0.8890 -0.2586 -0.3779
vn 0.9103 -0.1129 -0.3982
vn 0.9359 0.0059 -0.3522
vn 0.8808 -0.2170 -0.4209
vn 0.8478 -0.3697 -0.3802
vn 0.8464 -0.3113 -0.4321
vn 0.7956 -0.4787 -0.3713
vn 0.7964 -0.4185 -0.4366
vn 0.7536 -0.5657 -0.3346
vn 0.4246 -0.8726 -0.2414
vn 0.6508 -0.6985 -0.2977
vn 0.7041 -0.6120 -0.3601
vn 0.2819 -0.9479 -0.1486
vn 0.4852 -0.8350 -0.2596
vn 0.5874 -0.7343 -0.3402
vn 0.6083 -0.6664 -0.4312
vn 0.7220 -0.5374 -0.4358
vn 0.4695 -0.8246 -0.3154
vn 0.5037 -0.7612 -0.4084
vn 0.3839 -0.9002 -0.2057
vn 0.4106 -0.8683 -0.2782
vn 0.4299 -0.8171 -0.3842
vn 0.3601 -0.9156 -0.1789
vn 0.4992 -0.7102 -0.4964
vn 0.5975 -0.6116 -0.5185
vn 0.4333 -0.7709 -0.4668
vn 0.4205 -0.8694 -0.2593
vn 0.4271 -0.8298 -0.3593
vn 0.4177 -0.7897 -0.4494
vn 0.4128 -0.7264 -0.5495
vn 0.4754 -0.6609 -0.5807
vn 0.3957 -0.7522 -0.5269
vn 0.4052 -0.8050 -0.4334
vn 0.3677 -0.7736 -0.5161
vn 0.4234 -0.8363 -0.3483
vn 0.3975 -0.9059 -0.1461
vn 0.2843 -0.9559 -0.0739
vn 0.2719 -0.9555 -0.1140
vn 0.2222 -0.9750 -0.0019
vn 0.1582 -0.9869 -0.0318
vn 0.1357 -0.9878 -0.0765
vn 0.3427 -0.7132 -0.6115
vn 0.3148 -0.7413 -0.5928
vn 0.3723 -0.6793 -0.6325
vn 0.3095 -0.6381 -0.7050
vn 0.2509 -0.6088 -0.7526
vn 0.2799 -0.5306 -0.8001
vn 0.3507 -0.5659 -0.7462
vn 0.4190 -0.6119 -0.6708
vn 0.3076 -0.4451 -0.8410
vn 0.3917 -0.4793 -0.7854
vn 0.4810 -0.5188 -0.7067
vn 0.5547 -0.5655 -0.6103
vn 0.5446 -0.4156 -0.7285
vn 0.4308 -0.3878 -0.8149
vn 0.6388 -0.4478 -0.6256
vn 0.5968 -0.3184 -0.7365
vn 0.7046 -0.3410 -0.6223
vn 0.4693 -0.3045 -0.8289
vn 0.3289 -0.3602 -0.8730
vn 0.3429 -0.2915 -0.8930
vn 0.3603 -0.2302 -0.9040
vn 0.4997 -0.2363 -0.8334
vn 0.2341 -0.1804 -0.9553
vn 0.3749 -0.1820 -0.9090
vn 0.5382 -0.1692 -0.8256
vn 0.4073 -0.1289 -0.9042
vn 0.5749 -0.1029 -0.8117
vn 0.2401 -0.1566 -0.9580
vn 0.7262 -0.0843 -0.6823
vn 0.6838 -0.1600 -0.7119
vn 0.6429 -0.2381 -0.7280
vn 0.7926 -0.1653 -0.5869
vn 0.7534 -0.2468 -0.6094
vn 0.8285 -0.0763 -0.5547
vn 0.7696 0.0193 -0.6382
vn 0.8643 0.0258 -0.5022
vn 0.6289 -0.0183 -0.7773
vn 0.8232 0.1379 -0.5507
vn 0.6868 0.0934 -0.7208
vn 0.8933 0.1674 -0.4172
vn 0.5150 0.0165 -0.8570
vn 0.4416 -0.0668 -0.8947
vn 0.7794 0.2031 -0.5927
vn 0.8640 0.2884 -0.4127
vn 0.5834 0.1042 -0.8055
vn 0.8869 0.3789 -0.2643
vn 0.8578 0.3535 -0.3731
vn 0.9270 0.2243 -0.3005
vn 0.9061 0.3692 -0.2063
vn 0.9540 0.2921 -0.0681
vn 0.9283 0.3713 -0.0199
vn 0.9361 0.3233 0.1383
vn 0.8880 0.4306 0.1613
vn 0.8409 0.4029 0.3614
vn 0.8787 0.3049 0.3674
vn 0.7935 0.4972 0.3509
vn 0.8837 0.4671 0.0300
vn 0.8435 0.5049 0.1833
vn 0.7331 0.5886 0.3406
vn 0.6884 0.6438 0.3340
vn 0.7926 0.5762 0.1994
vn 0.8496 0.5217 0.0778
vn 0.8903 0.4437 -0.1025
vn 0.8799 0.4728 -0.0467
vn 0.8238 0.5566 0.1071
vn 0.8653 0.5012 0.0035
vn 0.7588 0.6135 0.2186
vn 0.8026 0.5806 0.1369
vn 0.8567 0.5146 0.0364
vn 0.7316 0.6406 0.2333
vn 0.7863 0.5977 0.1566
vn 0.7114 0.6585 0.2457
vn 0.8438 0.5327 0.0649
vn 0.9027 0.4159 -0.1104
vn 0.8994 0.4319 -0.0672
vn 0.9018 0.4304 -0.0385
vn 0.9434 0.2982 -0.1452
vn 0.9373 0.2998 -0.1779
vn 0.9253 0.3063 -0.2238
vn 0.9304 0.1593 -0.3301
vn 0.9478 0.1559 -0.2781
vn 0.9614 0.1337 -0.2406
vn 0.9072 0.2940 -0.3010
vn 0.8950 0.4149 -0.1636
vn 0.9117 0.0266 -0.4099
vn 0.8840 -0.0903 -0.4587
vn 0.8543 -0.1799 -0.4877
vn 0.8169 -0.2747 -0.5071
vn 0.7711 -0.3697 -0.5184
vn 0.6956 -0.4902 -0.5252
vn 0.8985 0.4387 -0.0173
vn 0.9511 0.2831 -0.1235
vn 0.9690 0.1143 -0.2188
vn 0.9742 0.0927 -0.2056
vn 0.9544 0.2762 -0.1132
vn 0.9769 0.0762 -0.1996
vn 0.9587 0.2641 -0.1059
vn 0.9793 0.0603 -0.1933
vn 0.9599 -0.1103 -0.2579
vn 0.9621 0.2536 -0.1007
vn 0.9810 0.0455 -0.1885
vn 0.9603 -0.1212 -0.2512
vn 0.9663 0.2399 -0.0934
vn 0.9237 -0.2512 -0.2894
vn 0.9241 -0.2567 -0.2830
vn 0.9601 -0.1314 -0.2468
vn 0.9823 0.0342 -0.1840
vn 0.9862 0.0123 -0.1653
vn 0.9623 -0.1521 -0.2253
vn 0.9270 -0.2729 -0.2574
vn 0.8792 -0.3651 -0.3062
vn 0.8864 -0.3690 -0.2795
vn 0.9328 -0.3094 -0.1851
vn 0.8974 -0.3936 -0.1992
vn 0.9679 -0.1954 -0.1578
vn 0.8578 -0.4663 -0.2162
vn 0.8340 -0.4652 -0.2968
vn 0.7494 -0.5681 -0.3402
vn 0.8181 -0.5264 -0.2315
vn 0.8638 -0.5004 -0.0595
vn 0.8274 -0.5581 -0.0625
vn 0.8961 -0.4409 -0.0516
vn 0.8065 -0.5606 0.1880
vn 0.8438 -0.5002 0.1944
vn 0.7659 -0.6159 0.1846
vn 0.7572 -0.6058 -0.2443
vn 0.7852 -0.6161 -0.0626
vn 0.7081 -0.6800 0.1903
vn 0.6646 -0.5967 0.4498
vn 0.6103 -0.6573 0.4420
vn 0.5406 -0.7228 0.4304
vn 0.6088 -0.7690 0.1949
vn 0.6918 -0.7208 -0.0437
vn 0.4367 -0.8027 0.4061
vn 0.4286 -0.8838 0.1876
vn 0.2765 -0.8922 0.3572
vn 0.4979 -0.8672 -0.0073
vn 0.1847 -0.9674 0.1730
vn 0.2239 -0.9739 0.0378
vn 0.1066 -0.9552 0.2761
vn 0.4357 -0.8834 -0.1728
vn 0.6552 -0.7177 -0.2359
vn 0.1701 -0.9821 -0.0808
vn 0.0105 -0.9849 -0.1726
vn 0.2041 -0.9333 -0.2956
vn 0.4163 -0.8372 -0.3546
vn 0.6489 -0.6575 -0.3829
vn -0.1468 -0.9357 -0.3208
vn -0.0842 -0.9237 -0.3737
vn -0.3970 -0.8751 -0.2767
vn -0.4516 -0.8550 -0.2551
vn -0.2430 -0.9454 -0.2171
vn -0.4279 -0.8800 -0.2060
vn -0.2574 -0.9568 -0.1353
vn -0.1562 -0.9842 -0.0830
vn -0.3477 -0.9298 -0.1210
vn -0.0552 -0.9985 -0.0040
vn -0.2581 -0.9654 -0.0368
vn -0.1720 -0.9842 0.0408
vn 0.0122 -0.9962 0.0858
vn -0.1034 -0.9877 0.1175
vn 0.0276 -0.9889 0.1459
vn -0.0271 -0.9812 0.1913
vn -0.1017 -0.9653 0.2404
vn -0.1802 -0.9716 0.1531
vn 0.0032 -0.9377 0.3475
vn 0.1304 -0.8784 0.4597
vn -0.0389 -0.8460 0.5317
vn -0.1103 -0.9106 0.3982
vn -0.1825 -0.9419 0.2820
vn -0.2586 -0.9153 0.3087
vn -0.2664 -0.8680 0.4190
vn -0.2848 -0.7665 0.5757
vn 0.2395 -0.8032 0.5455
vn 0.0290 -0.7647 0.6437
vn -0.2784 -0.6632 0.6947
vn 0.3343 -0.7284 0.5981
vn 0.0832 -0.6957 0.7135
vn -0.2506 -0.5969 0.7622
vn -0.6226 -0.3972 0.6742
vn -0.6204 -0.4842 0.6170
vn -0.5864 -0.6252 0.5150
vn -0.7915 -0.5038 0.3460
vn -0.8585 -0.2942 0.4200
vn -0.8398 -0.2429 0.4855
vn -0.2126 -0.5469 0.8097
vn -0.5766 -0.3826 0.7219
vn -0.8085 -0.2169 0.5471
vn -0.1439 -0.5065 0.8502
vn -0.5207 -0.3461 0.7804
vn -0.7536 -0.2071 0.6239
vn -0.0603 -0.4420 0.8950
vn -0.4440 -0.2975 0.8452
vn -0.6925 -0.1590 0.7036
vn -0.8053 -0.0797 0.5875
vn -0.8487 -0.1531 0.5063
vn -0.8960 -0.1785 0.4067
vn -0.8741 -0.1554 0.4601
vn -0.8908 -0.2765 0.3606
vn -0.8356 -0.0765 0.5440
vn -0.9429 -0.1541 0.2953
vn -0.9044 -0.4036 0.1386
vn -0.8502 -0.3685 0.3759
vn -0.7824 -0.5903 0.1986
vn -0.8440 -0.2386 0.4803
vn -0.6344 -0.6209 0.4605
vn -0.6974 -0.4185 0.5818
vn -0.0038 -0.8075 0.5899
vn -0.0798 -0.9035 0.4210
vn 0.7303 -0.6674 0.1460
vn 0.5313 -0.8347 0.1449
vn 0.8733 -0.4711 -0.1241
vn 0.7202 -0.6882 -0.0880
vn 0.4265 -0.9032 -0.0481
vn 0.8782 -0.4397 -0.1883
vn 0.7260 -0.6580 -0.1999
vn 0.4438 -0.8739 -0.1984
vn 0.1298 -0.9864 -0.1004
vn 0.0761 -0.9956 -0.0551
vn 0.1438 -0.9728 -0.1814
vn 0.4372 -0.8455 -0.3065
vn 0.1014 -0.9620 -0.2536
vn 0.7461 -0.6083 -0.2707
vn 0.4639 -0.8025 -0.3751
vn 0.7890 -0.5515 -0.2708
vn 0.0366 -0.9488 -0.3138
vn 0.8984 -0.3859 -0.2095
vn 0.8808 -0.4228 -0.2133
vn 0.8575 -0.4555 -0.2392
vn 0.7798 -0.5291 -0.3346
vn 0.9194 -0.3621 -0.1539
vn 0.9510 -0.2717 -0.1477
vn 0.9591 -0.2656 -0.0980
vn 0.9456 -0.2804 -0.1651
vn 0.9819 -0.1646 -0.0941
vn 0.9781 -0.1736 -0.1146
vn 0.9844 -0.1716 -0.0394
vn 0.9411 -0.2978 -0.1602
vn 0.9753 -0.1910 -0.1113
vn 0.9362 -0.3333 -0.1111
vn 0.9714 -0.2260 -0.0731
vn 0.9970 -0.0657 -0.0421
vn 0.9981 -0.0448 -0.0422
vn 0.9945 -0.1050 0.0038
vn 0.9297 -0.3327 0.1580
vn 0.8691 -0.4807 0.1166
vn 0.9639 -0.1604 0.2127
vn 0.9898 0.1199 0.0773
vn 0.9905 0.0754 0.1147
vn 0.9388 0.0614 0.3390
vn 0.9043 0.3284 0.2729
vn 0.8972 0.3731 0.2364
vn 0.8576 0.3378 0.3879
vn 0.7069 0.6063 0.3644
vn 0.7056 0.5916 0.3901
vn 0.6619 0.6386 0.3926
vn 0.6679 0.1164 0.7351
vn 0.6959 0.3882 0.6042
vn 0.7019 0.5364 0.4686
vn 0.7068 0.6530 0.2723
vn 0.6994 0.6672 0.2563
vn 0.6012 0.7243 0.3376
vn 0.7188 0.6226 0.3094
vn 0.4916 0.7623 0.4211
vn 0.5079 0.7392 0.4422
vn 0.4865 0.7737 0.4057
vn 0.6069 0.7225 0.3312
vn 0.4887 0.7739 0.4028
vn 0.3736 0.7943 0.4790
vn 0.3741 0.8069 0.4570
vn 0.3721 0.8108 0.4518
vn 0.4949 0.7670 0.4084
vn 0.3745 0.8061 0.4581
vn 0.6267 0.7050 0.3319
vn 0.3817 0.7925 0.4756
vn 0.5123 0.7481 0.4217
vn 0.6477 0.6869 0.3297
vn 0.2630 0.8308 0.4905
vn 0.2661 0.8315 0.4877
vn 0.2662 0.8182 0.5096
vn 0.1648 0.8290 0.5344
vn 0.1600 0.8429 0.5137
vn 0.1760 0.7995 0.5742
vn 0.2815 0.7878 0.5479
vn 0.1962 0.7440 0.6387
vn 0.3068 0.7340 0.6060
vn 0.0759 0.7406 0.6676
vn 0.2213 0.6580 0.7198
vn 0.0881 0.6524 0.7527
vn 0.3422 0.6478 0.6806
vn 0.2481 0.5307 0.8104
vn 0.3813 0.5240 0.7616
vn 0.4122 0.3877 0.8245
vn 0.5927 0.2724 0.7580
vn 0.5685 0.3763 0.7316
vn 0.5299 0.5041 0.6819
vn 0.7318 0.3531 0.5829
vn 0.7576 0.2613 0.5981
vn 0.7733 0.1922 0.6042
vn 0.7847 0.1390 0.6041
vn 0.6927 0.4622 0.5537
vn 0.6357 0.5766 0.5133
vn 0.4812 0.6213 0.6184
vn 0.4354 0.7078 0.5562
vn 0.5846 0.6578 0.4749
vn 0.4018 0.7614 0.5088
vn 0.5383 0.7182 0.4408
vn 0.3610 0.7850 0.5034
vn 0.3413 0.7746 0.5324
vn 0.5021 0.7386 0.4498
vn 0.1333 0.7501 0.6478
vn 0.3071 0.7779 0.5482
vn 0.4950 0.7343 0.4645
vn 0.0877 0.7660 0.6369
vn 0.7006 0.6156 0.3609
vn 0.8922 0.3954 0.2181
vn 0.6985 0.6110 0.3724
vn 0.8887 0.3973 0.2286
vn 0.4846 0.7317 0.4793
vn 0.9838 0.1576 0.0860
vn 0.9855 0.1532 0.0725
vn 0.9991 -0.0354 -0.0212
vn 0.8870 0.3779 0.2653
vn 0.9804 0.1445 0.1335
vn 0.9986 -0.0424 0.0301
vn 0.9689 0.1048 0.2242
vn 0.8805 0.3285 0.3418
vn 0.9880 -0.0746 0.1356
vn 0.9781 -0.1970 0.0672
vn 0.9585 -0.2848 0.0130
vn 0.9382 -0.2449 0.2447
vn 0.9267 -0.3247 0.1894
vn 0.9446 -0.1279 0.3021
vn 0.9333 -0.3562 -0.0450
vn 0.9120 -0.3846 0.1426
vn 0.8086 -0.4371 0.3938
vn 0.8188 -0.3735 0.4359
vn 0.8248 -0.2985 0.4802
vn 0.6341 -0.3985 0.6626
vn 0.6301 -0.4568 0.6279
vn 0.6362 -0.3277 0.6985
vn 0.7935 -0.4937 0.3559
vn 0.8893 -0.4458 0.1024
vn 0.6153 -0.5182 0.5941
vn 0.4110 -0.4469 0.7946
vn 0.4159 -0.3892 0.8219
vn 0.4041 -0.5032 0.7639
vn 0.3854 -0.5730 0.7233
vn 0.5877 -0.5894 0.5543
vn 0.7578 -0.5629 0.3299
vn 0.3375 -0.6788 0.6522
vn 0.5185 -0.6889 0.5066
vn 0.6839 -0.6671 0.2953
vn 0.5235 -0.8161 0.2449
vn 0.3837 -0.8249 0.4151
vn 0.2391 -0.8118 0.5328
vn 0.1005 -0.9275 0.3600
vn 0.2053 -0.9358 0.2865
vn 0.2829 -0.9432 0.1741
vn 0.0954 -0.6144 0.7832
vn 0.0502 -0.7802 0.6236
vn -0.0303 -0.9118 0.4095
vn -0.0280 -0.9804 0.1948
vn 0.0528 -0.9868 0.1531
vn -0.1170 -0.9665 0.2285
vn -0.1932 -0.9504 0.2438
vn -0.2151 -0.8852 0.4124
vn -0.2852 -0.6908 0.6645
vn -0.6352 -0.5760 0.5146
vn -0.4385 -0.8436 0.3100
vn -0.2744 -0.9457 0.1741
vn -0.1883 -0.9761 0.1082
vn -0.3437 -0.9373 0.0572
vn -0.2485 -0.9686 0.0117
vn -0.5509 -0.8232 0.1374
vn -0.3709 -0.9273 -0.0508
vn -0.2908 -0.9539 -0.0741
vn -0.5360 -0.8439 -0.0234
vn -0.7874 -0.5628 0.2514
vn -0.7233 -0.6905 -0.0104
vn -0.9112 -0.2688 0.3121
vn -0.8620 -0.5040 0.0541
vn -0.7188 -0.3066 0.6239
vn -0.9093 -0.1903 0.3700
vn -0.9450 -0.2979 0.1348
vn -0.7319 -0.2086 0.6487
vn -0.5639 -0.8089 -0.1665
vn -0.5878 -0.7923 -0.1635
vn -0.6795 -0.7328 -0.0349
vn -0.4067 -0.8796 -0.2468
vn -0.4004 -0.8765 -0.2671
vn -0.3442 -0.9214 -0.1805
vn -0.5337 -0.8451 -0.0305
vn -0.2728 -0.9529 -0.1327
vn -0.8636 -0.4671 0.1897
vn -0.7981 -0.5863 0.1386
vn -0.9261 -0.2761 0.2571
vn -0.9249 -0.2515 0.2852
vn -0.9121 -0.2000 0.3579
vn -0.8555 -0.1723 0.4884
vn -0.8856 -0.1806 0.4279
vn -0.6994 -0.2367 0.6744
vn -0.6728 -0.2224 0.7056
vn -0.8295 -0.1337 0.5423
vn -0.9061 -0.1049 0.4098
vn -0.6423 -0.2048 0.7386
vn -0.2947 -0.3378 0.8939
vn -0.3168 -0.3544 0.8798
vn -0.2720 -0.3000 0.9144
vn -0.8118 -0.0811 0.5783
vn -0.6123 -0.1648 0.7732
vn -0.2460 -0.2621 0.9332
vn 0.1309 -0.3675 0.9208
vn 0.1444 -0.3128 0.9388
vn 0.1201 -0.4084 0.9049
vn 0.4206 -0.3322 0.8442
vn 0.4285 -0.2391 0.8713
vn 0.1623 -0.2304 0.9595
vn 0.6408 -0.2301 0.7324
vn 0.8258 -0.1899 0.5310
vn 0.8118 -0.0256 0.5833
vn 0.6377 -0.0676 0.7673
vn 0.4421 -0.0838 0.8930
vn 0.7526 0.1900 0.6305
vn 0.6154 0.1483 0.7741
vn 0.4426 0.1442 0.8851
vn 0.4129 0.4069 0.8148
vn 0.5745 0.3809 0.7245
vn 0.6765 0.3542 0.6456
vn 0.2181 0.4176 0.8821
vn 0.2259 0.1640 0.9602
vn 0.1930 -0.0655 0.9790
vn -0.1604 -0.0033 0.9870
vn -0.0560 0.2364 0.9700
vn 0.0385 0.4127 0.9101
vn -0.2153 -0.1731 0.9611
vn -0.3508 0.3366 0.8739
vn -0.5104 0.1013 0.8539
vn -0.5822 -0.0745 0.8096
vn -0.7827 0.0119 0.6223
vn -0.7095 0.1847 0.6801
vn -0.5233 0.4247 0.7388
vn -0.2057 0.6370 0.7429
vn -0.0814 0.5295 0.8444
vn 0.1651 0.6144 0.7715
vn 0.1062 0.7188 0.6870
vn 0.3591 0.6106 0.7059
vn 0.3157 0.7157 0.6230
vn 0.0703 0.7651 0.6401
vn 0.2941 0.7614 0.5777
vn 0.4986 0.6637 0.5576
vn 0.4860 0.7136 0.5045
vn 0.5283 0.5595 0.6387
vn 0.7024 0.5393 0.4645
vn 0.6970 0.4433 0.5636
vn 0.6980 0.5922 0.4026
vn 0.2965 0.7750 0.5581
vn 0.0651 0.7717 0.6326
vn 0.8475 0.2541 0.4661
vn 0.9249 0.0409 0.3780
vn 0.1144 -0.4587 0.8812
vn 0.1100 -0.5130 0.8513
vn -0.3143 -0.3860 0.8673
vn -0.3099 -0.4721 0.8253
vn -0.4143 -0.9100 0.0173
vn -0.2100 -0.9732 -0.0942
vn -0.1273 -0.9902 -0.0576
vn -0.0352 -0.9930 -0.1131
vn -0.0570 -0.9871 -0.1497
vn -0.0979 -0.9762 -0.1933
vn -0.1693 -0.9527 -0.2525
vn -0.2434 -0.9215 -0.3026
vn -0.0889 -0.9089 -0.4074
vn -0.3072 -0.8913 -0.3336
vn -0.2101 -0.8928 -0.3985
vn -0.2261 -0.9134 -0.3384
vn -0.3178 -0.9018 -0.2929
vn -0.3876 -0.8903 -0.2392
vn -0.4518 -0.8790 -0.1526
vn -0.2815 -0.9367 -0.2084
vn -0.3378 -0.9276 -0.1598
vn -0.3763 -0.9185 -0.1217
vn -0.2344 -0.9661 -0.1077
vn -0.1805 -0.9834 -0.0186
vn -0.2158 -0.9439 -0.2499
vn -0.1653 -0.9751 -0.1481
vn -0.1050 -0.9932 -0.0500
vn -0.0357 -0.9982 0.0479
vn -0.1182 -0.9902 0.0745
vn 0.1137 -0.9872 0.1122
vn 0.0974 -0.9947 0.0333
vn 0.0313 -0.9951 -0.0934
vn 0.3283 -0.9444 0.0171
vn 0.2800 -0.9487 -0.1466
vn 0.5989 -0.8003 0.0271
vn 0.5516 -0.8135 -0.1843
vn 0.7669 -0.6129 -0.1903
vn 0.7790 -0.6252 0.0474
vn 0.8564 -0.4938 -0.1508
vn 0.8609 -0.5045 0.0657
vn 0.3423 -0.8592 -0.3802
vn 0.5657 -0.7351 -0.3737
vn 0.9063 -0.4106 -0.1007
vn 0.1458 -0.8637 -0.4824
vn 0.0490 -0.8961 -0.4412
vn 0.1276 -0.9505 -0.2834
vn -0.1036 -0.9264 -0.3620
vn -0.1389 -0.9529 -0.2695
vn -0.0638 -0.9757 -0.2095
vn 0.7725 0.6107 0.1740
vn 0.7654 0.6152 0.1890
vn 0.8279 0.5519 0.1003
vn 0.8372 0.5404 0.0838
vn 0.7600 0.6161 0.2070
vn 0.8250 0.5536 0.1133
vn 0.7579 0.6107 0.2297
vn 0.6979 0.6239 0.3516
vn 0.8210 0.5562 0.1290
vn 0.9019 0.4316 0.0160
vn 0.8980 0.4400 0.0055
vn 0.9002 0.4354 -0.0039
vn 0.8218 0.5503 0.1477
vn 0.9032 0.4285 0.0268
vn 0.9077 0.4175 0.0430
vn 0.9695 0.2293 -0.0871
vn 0.8188 0.5485 0.1694
vn 0.9759 0.2086 -0.0642
vn 0.9127 0.4028 0.0685
vn 0.9243 0.3611 0.1237
vn 0.9859 0.1671 -0.0079
vn 0.9943 -0.0326 -0.1014
vn 0.9952 -0.0934 0.0285
vn 0.9663 -0.2568 -0.0160
vn 0.9884 0.1086 0.1066
vn 0.9557 -0.1492 0.2536
vn 0.9206 -0.3194 0.2247
vn 0.9558 0.0704 0.2855
vn 0.9313 0.2926 0.2168
vn 0.9258 0.2260 0.3030
vn 0.8338 0.4915 0.2514
vn 0.8547 0.4066 0.3227
vn 0.8766 0.2626 0.4032
vn 0.8817 0.0490 0.4692
vn 0.7923 0.3000 0.5313
vn 0.7775 0.0686 0.6251
vn 0.7696 0.4707 0.4314
vn 0.6783 0.3361 0.6534
vn 0.6458 0.1186 0.7543
vn 0.6659 0.5011 0.5527
vn 0.7465 0.5589 0.3611
vn 0.6350 0.5994 0.4874
vn 0.5735 0.3655 0.7332
vn 0.5054 0.4835 0.7147
vn 0.4402 0.6043 0.6641
vn 0.6276 0.6409 0.4419
vn 0.4179 0.6569 0.6276
vn 0.7334 0.6021 0.3156
vn 0.7395 0.6108 0.2829
vn 0.6387 0.6479 0.4151
vn 0.4575 0.6559 0.6004
vn 0.6731 0.6332 0.3821
vn 0.5313 0.6174 0.5802
vn 0.7455 0.6148 0.2575
vn 0.8228 0.5319 0.2000
vn 0.6262 0.5759 0.5256
vn 0.4472 0.4409 0.7783
vn 0.2170 0.5357 0.8161
vn 0.0832 0.2332 0.9689
vn -0.2400 0.3253 0.9147
vn -0.3280 -0.0303 0.9442
vn -0.6006 0.1010 0.7931
vn 0.5404 -0.1613 0.8258
vn -0.3652 0.3704 0.8541
vn 0.0914 0.5772 0.8115
vn -0.6499 0.1529 0.7445
vn -0.5718 -0.1841 0.7995
vn -0.7561 -0.0292 0.6538
vn -0.7784 0.0189 0.6275
vn -0.8166 -0.1206 0.5645
vn -0.6770 -0.2892 0.6768
vn 0.3160 -0.4773 0.8199
vn 0.1319 -0.6899 0.7118
vn -0.7414 0.0101 0.6710
vn -0.6190 0.1548 0.7700
vn -0.6139 -0.0636 0.7868
vn -0.4776 0.0903 0.8739
vn -0.3389 -0.2040 0.9184
vn -0.2095 -0.0461 0.9767
vn 0.0372 -0.3482 0.9367
vn 0.1579 -0.2024 0.9665
vn 0.3052 0.0036 0.9523
vn -0.0072 0.1700 0.9854
vn -0.2439 0.3080 0.9196
vn 0.4671 0.2251 0.8551
vn 0.2609 0.3812 0.8869
vn 0.1073 0.5129 0.8517
vn -0.3522 0.3719 0.8589
vn 0.0462 0.5798 0.8134
vn 0.5551 -0.1085 0.8247
vn 0.7222 -0.1577 0.6735
vn 0.4538 -0.2955 0.8407
vn 0.6499 -0.3339 0.6827
vn 0.8547 -0.1693 0.4907
vn 0.8037 -0.3461 0.4841
vn 0.5830 -0.4544 0.6735
vn 0.7549 -0.4565 0.4709
vn 0.3682 -0.4251 0.8269
vn 0.5261 -0.5359 0.6603
vn 0.7090 -0.5344 0.4601
vn 0.2835 -0.5180 0.8071
vn 0.4652 -0.6051 0.6461
vn 0.2126 -0.5823 0.7847
vn 0.1467 -0.6409 0.7535
vn 0.4045 -0.6643 0.6286
vn 0.8804 -0.4269 0.2067
vn 0.9297 -0.3663 -0.0386
vn -0.7033 -0.7107 -0.0143
vn -0.5789 -0.7969 -0.1727
vn -0.7622 -0.6386 -0.1063
vn -0.8952 -0.4447 -0.0305
vn -0.6049 -0.7693 -0.2055
vn -0.7244 -0.6689 -0.1668
vn -0.8413 -0.5377 -0.0554
vn -0.8832 -0.4553 0.1125
vn -0.9315 -0.2975 0.2093
vn -0.7326 -0.6756 0.0826
vn -0.6606 -0.7116 0.2394
vn -0.7190 -0.6913 -0.0715
vn -0.4698 -0.8688 0.1564
vn -0.5630 -0.8256 0.0381
vn -0.5939 -0.8037 -0.0370
vn -0.3495 -0.9007 0.2581
vn -0.4814 -0.7945 0.3702
vn -0.3442 -0.9329 0.1063
vn -0.2585 -0.9465 0.1934
vn -0.2585 -0.9632 0.0732
vn -0.4363 -0.8996 0.0168
vn -0.3428 -0.9394 -0.0090
vn -0.4535 -0.8855 -0.1012
vn -0.5426 -0.8368 -0.0731
vn -0.6521 -0.7453 -0.1387
vn -0.5488 -0.8164 -0.1798
vn 0.2751 -0.1195 -0.9539
vn 0.1835 -0.5927 -0.7842
vn 0.3143 -0.9202 0.2334
vn 0.3126 -0.9289 0.1987
vn 0.3080 -0.9403 0.1448
vn 0.2956 -0.9521 0.0785
vn 0.2270 -0.9708 0.0780
vn 0.1980 -0.9801 -0.0165
vn 0.1243 -0.9922 -0.0112
vn 0.0400 -0.9992 0.0025
vn 0.0114 -0.9946 -0.1034
vn 0.0894 -0.9886 -0.1211
vn 0.1620 -0.9787 -0.1261
vn 0.0603 -0.9737 -0.2198
vn 0.1284 -0.9653 -0.2274
vn -0.0127 -0.9790 -0.2035
vn -0.0957 -0.9812 -0.1678
vn -0.0834 -0.9938 -0.0729
vn -0.0606 -0.9976 0.0336
vn -0.1051 -0.9604 -0.2581
vn -0.0285 -0.9568 -0.2894
vn 0.0360 -0.9500 -0.3103
vn 0.0197 -0.9217 -0.3874
vn -0.0402 -0.9287 -0.3688
vn -0.1092 -0.9359 -0.3349
vn 0.0995 -0.9427 -0.3183
vn 0.0761 -0.9134 -0.3999
vn 0.0092 -0.8918 -0.4524
vn -0.0454 -0.9012 -0.4309
vn -0.1111 -0.8858 -0.4505
vn -0.1114 -0.9086 -0.4026
vn -0.1091 -0.8677 -0.4850
vn -0.1762 -0.9145 -0.3641
vn -0.1758 -0.8906 -0.4194
vn -0.2306 -0.8927 -0.3871
vn -0.2282 -0.9175 -0.3258
vn -0.2817 -0.9156 -0.2870
vn -0.2830 -0.8901 -0.3572
vn -0.3530 -0.9010 -0.2521
vn -0.3450 -0.9233 -0.1690
vn -0.4448 -0.8841 -0.1430
vn -0.2782 -0.9389 -0.2025
vn -0.3292 -0.9411 -0.0772
vn -0.4096 -0.9097 -0.0689
vn -0.5122 -0.8568 -0.0594
vn -0.4401 -0.8979 0.0072
vn -0.3625 -0.9319 0.0140
vn -0.3106 -0.9505 -0.0011
vn -0.6018 -0.7958 -0.0669
vn -0.5148 -0.8573 0.0047
vn -0.5588 -0.8292 -0.0122
vn -0.6404 -0.7635 -0.0838
vn -0.5992 -0.8003 -0.0216
vn -0.6659 -0.7399 -0.0955
vn -0.7292 -0.6789 -0.0857
vn -0.6676 -0.7443 -0.0194
vn -0.7528 -0.6582 0.0003
vn -0.7984 -0.5984 -0.0664
vn -0.8159 -0.5637 -0.1286
vn -0.5389 -0.8413 0.0421
vn -0.6287 -0.7771 0.0306
vn -0.4867 -0.8726 0.0420
vn -0.3311 -0.9390 0.0926
vn -0.8225 -0.5687 0.0062
vn -0.9069 -0.4205 -0.0279
vn -0.8639 -0.5022 -0.0392
vn -0.8745 -0.4741 -0.1021
vn -0.9189 -0.3873 -0.0756
vn -0.9136 -0.3733 -0.1613
vn -0.8718 -0.4531 -0.1864
vn -0.8146 -0.5418 -0.2072
vn -0.4436 -0.8946 0.0531
vn -0.3143 -0.9435 0.1054
vn -0.4080 -0.9106 0.0662
vn -0.2863 -0.9511 0.1161
vn -0.2761 -0.9519 0.1331
vn -0.3526 -0.9325 0.0779
vn -0.3152 -0.9457 0.0794
vn -0.2641 -0.9526 0.1511
vn -0.2874 -0.9542 0.0830
vn -0.2639 -0.9520 0.1548
vn -0.2299 -0.9516 0.2039
vn -0.2098 -0.9617 0.1762
vn -0.2427 -0.9446 0.2211
vn -0.2365 -0.9475 0.2151
vn -0.2527 -0.9566 0.1451
vn -0.2144 -0.9703 0.1121
vn -0.1560 -0.9850 0.0733
vn -0.2264 -0.9738 0.0201
vn -0.1676 -0.9855 -0.0258
vn -0.2635 -0.9629 0.0577
vn -0.2286 -0.9709 -0.0709
vn -0.1746 -0.9771 -0.1213
vn -0.2715 -0.9621 -0.0255
vn -0.2753 -0.9545 -0.1143
vn -0.2290 -0.9602 -0.1597
vn -0.2287 -0.9416 -0.2472
vn -0.1754 -0.9396 -0.2938
vn -0.1751 -0.9622 -0.2087
vn -0.4689 0.5065 0.7236
vn -0.2160 0.7106 0.6697
vn -0.7356 0.1567 0.6591
vn -0.7136 -0.1164 0.6908
vn -0.8740 -0.1181 0.4713
vn -0.8945 -0.0464 0.4446
vn -0.7519 0.2126 0.6241
vn -0.4934 0.5125 0.7028
vn -0.8970 0.0202 0.4416
vn -0.7621 0.2587 0.5936
vn -0.4949 0.5223 0.6945
vn -0.9387 -0.1755 0.2968
vn -0.9429 -0.1289 0.3071
vn -0.9130 -0.2329 0.3349
vn -0.8941 0.0596 0.4439
vn -0.9418 -0.0894 0.3241
vn -0.7528 0.2922 0.5899
vn -0.9261 -0.0802 0.3687
vn -0.8747 0.0784 0.4783
vn -0.7377 0.3023 0.6037
vn -0.8275 0.0482 0.5594
vn -0.6927 0.2698 0.6689
vn -0.8765 -0.1106 0.4686
vn -0.8909 -0.2144 0.4004
vn -0.9398 -0.1718 0.2955
vn -0.9539 -0.1708 0.2466
vn -0.7577 -0.1847 0.6258
vn -0.7117 -0.0226 0.7022
vn -0.7714 -0.2899 0.5664
vn -0.5416 -0.3662 0.7567
vn -0.5217 -0.2693 0.8095
vn -0.4854 -0.1071 0.8677
vn -0.5948 0.1921 0.7806
vn -0.4027 0.1153 0.9080
vn -0.4458 0.4935 0.7469
vn -0.3826 0.3916 0.8368
vn -0.3150 0.2898 0.9038
vn -0.1805 0.0695 0.9811
vn -0.1618 0.3144 0.9354
vn -0.2097 -0.1500 0.9662
vn 0.0425 0.3403 0.9393
vn 0.0390 0.0722 0.9966
vn 0.0301 -0.1446 0.9890
vn -0.2367 -0.3039 0.9228
vn 0.0194 -0.2861 0.9580
vn 0.2771 -0.2372 0.9311
vn 0.2768 -0.0953 0.9562
vn 0.2571 0.1093 0.9602
vn 0.5584 -0.0011 0.8296
vn 0.5849 -0.1404 0.7989
vn 0.4851 0.2018 0.8508
vn 0.4015 0.3537 0.8448
vn 0.2465 0.3541 0.9021
vn 0.4729 0.4740 0.7427
vn 0.2531 0.5527 0.7940
vn 0.0479 0.5572 0.8290
vn 0.0501 0.6711 0.7397
vn 0.2714 0.6616 0.6990
vn 0.5382 0.5810 0.6106
vn 0.5694 0.6212 0.5384
vn 0.2855 0.7103 0.6434
vn 0.0494 0.7177 0.6946
vn 0.5977 0.6248 0.5024
vn 0.2899 0.7174 0.6335
vn 0.0401 0.7287 0.6837
vn 0.6051 0.5930 0.5312
vn 0.2772 0.7143 0.6426
vn 0.0289 0.7321 0.6806
vn -0.1994 0.6817 0.7039
vn -0.1881 0.6737 0.7146
vn -0.2112 0.6799 0.7022
vn -0.0042 0.7368 0.6761
vn 0.2476 0.7047 0.6649
vn -0.2189 0.6908 0.6891
vn -0.4905 0.5372 0.6862
vn -0.4745 0.5373 0.6973
vn -0.1721 0.6251 0.7613
vn -0.1592 0.5121 0.8441
vn 0.5857 0.5568 0.5890
vn 0.8708 0.3869 0.3032
vn 0.8732 0.3029 0.3817
vn 0.9812 0.1267 0.1459
vn 0.9704 0.2123 0.1153
vn 0.9959 0.0906 0.0012
vn 0.9991 0.0425 0.0019
vn 0.9981 -0.0092 -0.0604
vn 0.9941 -0.1001 0.0429
vn 0.9977 0.0254 -0.0631
vn 0.9573 0.2510 0.1433
vn 0.9918 0.1224 0.0376
vn 0.9991 0.0374 -0.0201
vn 0.9387 0.2628 0.2231
vn 0.9847 0.1181 0.1280
vn 0.9972 0.0262 0.0694
vn 0.9968 -0.0529 -0.0604
vn 0.9933 -0.0622 -0.0976
vn 0.9987 -0.0470 0.0198
vn 0.9754 -0.1859 -0.1180
vn 0.9883 -0.1494 -0.0316
vn 0.9574 -0.2566 -0.1324
vn 0.8939 -0.4124 -0.1755
vn 0.8259 -0.5248 -0.2061
vn 0.9628 -0.2387 -0.1270
vn 0.9912 -0.0887 -0.0977
vn 0.6236 -0.7208 -0.3027
vn 0.2199 -0.9298 -0.2952
vn 0.4585 -0.8078 -0.3703
vn 0.2369 -0.8989 -0.3686
vn 0.9257 -0.2926 -0.2396
vn 0.8066 -0.5231 -0.2753
vn 0.4154 -0.8386 -0.3525
vn 0.6396 -0.7195 -0.2706
vn 0.2063 -0.9058 -0.3700
vn 0.2983 -0.9109 -0.2851
vn 0.1970 -0.9229 -0.3307
vn 0.4401 -0.8756 -0.1988
vn 0.0920 -0.9191 -0.3832
vn 0.1106 -0.9324 -0.3441
vn 0.0524 -0.9381 -0.3423
vn 0.0176 -0.9380 -0.3463
vn -0.0167 -0.9169 -0.3988
vn -0.1296 -0.9195 -0.3710
vn 0.0094 -0.9586 -0.2845
vn -0.2079 -0.9437 -0.2572
vn -0.6181 -0.7695 -0.1607
vn -0.3535 -0.8636 -0.3594
vn -0.8672 -0.4961 0.0431
vn -0.8429 -0.5369 0.0363
vn -0.8547 -0.5190 -0.0140
vn -0.9017 -0.4218 0.0948
vn -0.6557 -0.7456 -0.1186
vn -0.2403 -0.9078 -0.3438
vn -0.4501 -0.8711 -0.1962
vn -0.0865 -0.9417 -0.3252
vn -0.2385 -0.9547 -0.1780
vn -0.5434 -0.8385 0.0411
vn -0.7500 -0.6526 0.1078
vn -0.3070 -0.9516 -0.0130
vn -0.2897 -0.9469 0.1397
vn -0.5015 -0.8321 0.2368
vn -0.6608 -0.6786 0.3208
vn -0.8389 -0.5151 0.1758
vn -0.7433 -0.5543 0.3746
vn -0.8787 -0.4142 0.2375
vn -0.7680 -0.4820 0.4217
vn -0.5392 -0.6174 0.5728
vn -0.4801 -0.7191 0.5023
vn -0.5642 -0.5470 0.6184
vn -0.5642 -0.4892 0.6651
vn -0.7792 -0.4190 0.4662
vn -0.8881 -0.3537 0.2935
vn -0.5552 -0.4343 0.7093
vn -0.7789 -0.3604 0.5133
vn -0.8924 -0.2870 0.3482
vn -0.9396 -0.2430 0.2409
vn -0.9267 -0.3278 0.1839
vn -0.9349 -0.3305 0.1293
vn -0.9528 -0.2350 0.1921
vn -0.9530 -0.2449 0.1782
vn -0.9264 -0.3561 0.1226
vn -0.9560 -0.1901 0.2234
vn -0.9489 -0.2224 0.2240
vn -0.9496 -0.2583 0.1775
vn -0.9312 -0.2683 0.2468
vn -0.9291 -0.2980 0.2189
vn -0.9174 -0.3676 0.1525
vn -0.8931 -0.3953 0.2148
vn -0.8005 -0.5905 0.1027
vn -0.7424 -0.6343 0.2156
vn -0.5423 -0.7091 0.4506
vn -0.7427 -0.4979 0.4478
vn -0.3469 -0.8673 0.3571
vn 0.5011 -0.7616 0.4110
vn 0.4359 -0.8706 0.2282
vn 0.9402 -0.3264 0.0969
vn 0.8298 -0.5580 -0.0032
vn 0.9727 -0.2313 0.0185
vn 0.9216 -0.3700 -0.1169
vn 0.9598 -0.1916 0.2051
vn 0.9850 -0.1026 0.1390
vn 0.3792 -0.6871 0.6198
vn 0.9823 -0.1841 0.0338
vn 0.9822 -0.1002 0.1590
vn 0.9414 -0.3216 -0.1017
vn 0.9610 -0.1265 0.2459
vn 0.9626 0.0057 0.2709
vn 0.9194 -0.0921 0.3823
vn 0.1986 -0.5042 0.8404
vn -0.0551 -0.2325 0.9710
vn -0.7847 -0.3993 0.4741
vn -0.7897 -0.3064 0.5315
vn 0.6123 -0.6039 -0.5103
vn 0.4987 -0.7275 -0.4712
vn 0.3354 -0.8545 -0.3966
vn 0.4409 -0.8607 -0.2545
vn 0.2544 -0.9462 -0.2002
vn 0.2387 -0.9277 -0.2871
vn -0.2991 -0.5035 0.8106
vn -0.2786 -0.4507 0.8481
vn -0.3086 -0.5598 0.7691
vn -0.0432 -0.4669 0.8833
vn -0.0214 -0.4145 0.9098
vn -0.0645 -0.5223 0.8503
vn -0.0759 -0.5955 0.7998
vn -0.3064 -0.6324 0.7115
vn 0.2088 -0.5165 0.8304
vn 0.2314 -0.4519 0.8615
vn 0.2487 -0.3969 0.8835
vn 0.6074 -0.3813 0.6969
vn 0.6235 -0.3275 0.7099
vn 0.6141 -0.3044 0.7282
vn 0.9209 -0.2078 0.3298
vn 0.9048 -0.2105 0.3701
vn 0.8934 -0.1802 0.4116
vn 0.9834 -0.1298 0.1267
vn 0.9864 -0.1544 0.0567
vn 0.9814 -0.1918 -0.0054
vn 0.9533 -0.2972 -0.0540
vn 0.8892 -0.3304 0.3164
vn 0.8017 -0.5958 -0.0488
vn 0.7543 -0.6010 0.2642
vn 0.4702 -0.7022 0.5346
vn 0.5730 -0.4838 0.6615
vn 0.1805 -0.6256 0.7590
vn 0.1390 -0.7867 0.6015
vn -0.0758 -0.7011 0.7090
vn -0.0479 -0.8214 0.5684
vn -0.0076 -0.9264 0.3764
vn 0.1192 -0.9124 0.3916
vn 0.2877 -0.8925 0.3475
vn -0.2699 -0.7257 0.6328
vn -0.2007 -0.8415 0.5016
vn -0.1107 -0.9347 0.3376
vn 0.0331 -0.9792 0.2001
vn -0.0420 -0.9831 0.1783
vn 0.1180 -0.9703 0.2113
vn 0.0601 -0.9959 0.0679
vn 0.1368 -0.9875 0.0783
vn -0.0135 -0.9979 0.0633
vn -0.1003 -0.9822 0.1587
vn -0.2042 -0.9442 0.2585
vn -0.1133 -0.9901 0.0828
vn -0.1051 -0.9935 -0.0445
vn 0.0068 -0.9989 -0.0469
vn 0.0811 -0.9958 -0.0419
vn -0.0705 -0.9822 -0.1738
vn 0.0259 -0.9874 -0.1564
vn 0.0981 -0.9843 -0.1469
vn 0.1563 -0.9870 -0.0386
vn 0.1647 -0.9764 -0.1399
vn 0.1063 -0.9610 -0.2554
vn 0.0364 -0.9638 -0.2643
vn 0.1761 -0.9553 -0.2376
vn 0.2740 -0.9611 -0.0349
vn 0.2563 -0.9544 -0.1529
vn 0.2313 -0.9475 -0.2208
vn 0.5212 -0.8522 -0.0467
vn 0.4754 -0.8641 0.1652
vn 0.2502 -0.9619 0.1105
vn 0.1979 -0.9590 0.2028
vn -0.0298 -0.9670 -0.2531
vn -0.3656 -0.8414 0.3980
vn 0.9784 -0.0805 0.1904
vn 0.8764 -0.1555 0.4558
vn 0.9712 -0.0187 0.2374
vn 0.8589 -0.1068 0.5009
vn 0.9531 0.0748 0.2933
vn 0.8412 -0.0220 0.5403
vn 0.9026 0.2203 0.3698
vn 0.7924 0.1274 0.5965
vn 0.7719 0.4106 0.4853
vn 0.6801 0.3134 0.6628
vn 0.8174 0.4450 0.3659
vn 0.8445 0.4356 0.3115
vn 0.5956 -0.2235 0.7716
vn 0.2692 -0.3077 0.9126
vn 0.2595 -0.3580 0.8969
vn 0.6063 -0.2589 0.7519
vn -0.0006 -0.3663 0.9305
vn -0.2553 -0.3918 0.8839
vn -0.9021 -0.1249 0.4130
vn -0.9367 -0.1121 0.3318
vn -0.9012 -0.2223 0.3721
vn -0.9346 -0.2136 0.2843
vn -0.9485 -0.2209 0.2271
vn -0.9528 -0.1114 0.2825
vn -0.9540 -0.2333 0.1885
vn -0.9297 -0.3456 0.1272
vn -0.9581 -0.2429 0.1521
vn -0.9263 -0.3655 0.0912
vn -0.9614 -0.2477 0.1196
vn -0.1738 -0.9247 0.3388
vn -0.1276 -0.9235 0.3617
vn -0.9427 0.1754 0.2839
vn -0.9628 0.1157 0.2441
vn -0.9846 0.0780 -0.1564
vn -0.8469 -0.0433 -0.5299
vn -0.8635 -0.0472 -0.5021
vn -0.8740 -0.0596 -0.4823
vn -0.8762 -0.0710 -0.4767
vn -0.7141 -0.1037 -0.6924
vn -0.7229 -0.0890 -0.6852
vn -0.7041 -0.1168 -0.7004
vn -0.8778 -0.0704 -0.4739
vn -0.7258 -0.0719 -0.6842
vn -0.8780 -0.0540 -0.4755
vn -0.7283 -0.0379 -0.6842
vn -0.5456 -0.0218 -0.8378
vn -0.5416 -0.0677 -0.8379
vn -0.5358 -0.0983 -0.8386
vn -0.2966 -0.0538 -0.9535
vn -0.2915 -0.0949 -0.9519
vn -0.3012 0.0016 -0.9536
vn -0.5287 -0.1260 -0.8394
vn -0.2851 -0.1294 -0.9497
vn -0.0131 -0.0295 -0.9995
vn -0.0098 -0.0722 -0.9973
vn 0.2568 0.0033 -0.9665
vn -0.2783 -0.1640 -0.9464
vn 0.5110 0.0415 -0.8586
vn -0.0178 0.0301 -0.9994
vn -0.0235 0.1002 -0.9947
vn -0.3058 0.0689 -0.9496
vn -0.3108 0.1274 -0.9419
vn -0.0291 0.1610 -0.9865
vn -0.3199 0.1699 -0.9321
vn -0.0364 0.2028 -0.9786
vn -0.3350 0.1933 -0.9222
vn -0.0446 0.2310 -0.9719
vn -0.5797 0.1560 -0.7997
vn -0.5621 0.1330 -0.8163
vn -0.7554 0.1209 -0.6440
vn -0.7420 0.0993 -0.6630
vn -0.8941 0.0764 -0.4414
vn -0.8856 0.0598 -0.4606
vn -0.7337 0.0622 -0.6766
vn -0.8821 0.0240 -0.4704
vn -0.5538 0.0929 -0.8274
vn -0.7310 0.0117 -0.6822
vn -0.5488 0.0385 -0.8351
vn -0.8793 -0.0159 -0.4761
vn 0.7436 0.0816 -0.6636
vn -0.5161 -0.1496 -0.8434
vn -0.5004 -0.1751 -0.8479
vn -0.6804 -0.1175 -0.7233
vn -0.9892 -0.0427 -0.1403
vn -0.9177 0.0528 -0.3937
vn -0.9840 -0.0754 -0.1614
vn -0.9132 0.0299 -0.4065
vn -0.9743 -0.1270 -0.1863
vn -0.8980 0.0037 -0.4399
vn -0.9647 -0.1526 -0.2145
vn -0.8787 -0.0099 -0.4773
vn -0.9655 -0.2501 0.0719
vn -0.9774 -0.2028 -0.0594
vn -0.9636 -0.0950 -0.2499
vn -0.8933 -0.1252 -0.4316
vn -0.9516 -0.2916 0.0973
vn -0.8261 -0.0746 -0.5585
vn -0.7522 0.0380 -0.6579
vn -0.7793 0.0959 -0.6193
vn -0.7121 -0.0177 -0.7019
vn -0.6650 -0.0630 -0.7442
vn -0.7687 -0.0843 -0.6340
vn -0.8599 -0.0806 -0.5040
vn -0.8109 -0.0440 -0.5835
vn -0.7456 -0.0484 -0.6646
vn -0.6294 -0.0544 -0.7751
vn -0.4656 -0.0511 -0.8835
vn -0.4903 -0.0445 -0.8704
vn -0.5279 0.0026 -0.8493
vn -0.2170 -0.0489 -0.9749
vn -0.2388 0.0238 -0.9708
vn -0.2101 -0.0466 -0.9766
vn -0.5696 0.0955 -0.8164
vn -0.2725 0.1341 -0.9528
vn 0.0909 0.0281 -0.9955
vn 0.0817 0.1660 -0.9827
vn 0.0857 -0.0434 -0.9954
vn 0.3597 0.1642 -0.9185
vn 0.3579 0.0288 -0.9333
vn 0.3255 -0.0587 -0.9437
vn 0.4964 -0.0630 -0.8658
vn 0.5535 -0.0028 -0.8328
vn 0.5876 0.1510 -0.7949
vn 0.4659 -0.0460 -0.8836
vn 0.2898 -0.0589 -0.9553
vn 0.2753 0.0297 -0.9609
vn 0.4421 0.0311 -0.8964
vn 0.0720 -0.0565 -0.9958
vn 0.0525 0.0296 -0.9982
vn 0.2736 0.1958 -0.9417
vn 0.4609 0.1833 -0.8683
vn 0.0488 0.1915 -0.9803
vn -0.2145 0.0265 -0.9764
vn -0.2283 0.1789 -0.9570
vn -0.2383 0.3751 -0.8958
vn 0.0494 0.3914 -0.9189
vn 0.2931 0.3908 -0.8725
vn -0.2385 0.5706 -0.7858
vn 0.0546 0.5920 -0.8041
vn 0.3047 0.5745 -0.7597
vn 0.4988 0.5306 -0.6853
vn 0.4866 0.3665 -0.7930
vn 0.3000 0.7177 -0.6284
vn 0.4910 0.6619 -0.5664
vn 0.0603 0.7457 -0.6636
vn 0.0616 0.8236 -0.5638
vn 0.0678 0.8320 -0.5507
vn -0.2088 0.8264 -0.5229
vn -0.2134 0.8119 -0.5434
vn -0.2280 0.7304 -0.6438
vn -0.4539 0.7663 -0.4547
vn -0.4615 0.7491 -0.4752
vn -0.4607 0.7495 -0.4753
vn -0.6254 0.6865 -0.3709
vn -0.6357 0.6682 -0.3865
vn -0.6308 0.6693 -0.3925
vn -0.4826 0.6663 -0.5685
vn -0.6535 0.5901 -0.4740
vn -0.4977 0.5177 -0.6959
vn -0.6717 0.4510 -0.5878
vn -0.6650 0.2913 -0.6877
vn -0.4936 0.3329 -0.8035
vn -0.4775 0.1560 -0.8647
vn -0.6398 0.1324 -0.7571
vn -0.7786 0.2471 -0.5768
vn -0.7860 0.3871 -0.4821
vn -0.7534 0.1099 -0.6483
vn -0.6259 0.0111 -0.7798
vn -0.4600 0.0185 -0.8877
vn -0.7296 0.0013 -0.6839
vn -0.7940 0.0065 -0.6079
vn -0.8235 0.0751 -0.5624
vn -0.8581 0.1972 -0.4742
vn -0.8808 0.0281 -0.4726
vn -0.9197 0.1255 -0.3721
vn -0.9218 -0.0515 -0.3843
vn -0.8681 0.3187 -0.3806
vn -0.9293 0.2407 -0.2801
vn -0.9635 0.0472 -0.2633
vn -0.9747 0.1426 -0.1722
vn -0.9894 -0.0572 -0.1332
vn -0.9974 0.0362 -0.0627
vn -0.9872 -0.1592 0.0002
vn -0.9945 -0.0893 0.0554
vn -0.9517 -0.2750 0.1368
vn -0.9630 -0.2161 0.1608
vn -0.9958 0.0082 0.0909
vn -0.9730 -0.1363 0.1863
vn -0.9780 -0.0542 0.2016
vn -0.9887 0.0962 0.1150
vn -0.9831 0.1401 0.1179
vn -0.9797 -0.0003 0.2002
vn -0.9741 0.2243 0.0297
vn -0.9901 0.1403 -0.0040
vn -0.9636 0.2646 0.0375
vn -0.9615 0.2554 -0.1016
vn -0.9396 0.3380 -0.0539
vn -0.9313 0.3618 -0.0414
vn -0.8842 0.4510 -0.1216
vn -0.8920 0.4304 -0.1385
vn -0.9150 0.3531 -0.1949
vn -0.8519 0.4372 -0.2884
vn -0.8286 0.5137 -0.2226
vn -0.7701 0.5127 -0.3796
vn -0.7460 0.5911 -0.3069
vn -0.7418 0.6062 -0.2868
vn -0.8240 0.5288 -0.2036
vn -0.8363 0.5057 -0.2117
vn -0.7542 0.5855 -0.2971
vn -0.6542 0.6317 -0.4160
vn -0.8950 0.4271 -0.1286
vn -0.9359 0.3487 -0.0496
vn -0.9666 0.2550 0.0276
vn -0.9826 0.1533 0.1046
vn -0.9879 0.1291 0.0863
vn -0.9822 0.0178 0.1869
vn -0.6735 0.5899 -0.4454
vn 0.5552 0.2690 -0.7870
vn 0.3372 0.2891 -0.8960
vn 0.7417 0.2135 -0.6359
vn 0.9103 0.1043 -0.4005
vn 0.8824 0.1698 -0.4388
vn 0.7116 0.2858 -0.6418
vn 0.8514 0.2335 -0.4696
vn 0.5268 0.3253 -0.7853
vn 0.3009 0.3385 -0.8915
vn 0.0095 0.3226 -0.9465
vn 0.0442 0.2768 -0.9599
vn -0.3042 0.2329 -0.9237
vn -0.3320 0.2713 -0.9034
vn -0.5957 0.1648 -0.7861
vn -0.6160 0.1937 -0.7635
vn -0.7920 0.1178 -0.5990
vn -0.8016 0.1260 -0.5844
vn -0.6260 0.1975 -0.7544
vn -0.3561 0.2683 -0.8951
vn 0.9493 0.1568 -0.2726
vn 0.9615 0.1107 -0.2517
vn 0.9373 0.1907 -0.2918
vn 0.9354 0.1963 -0.2941
vn 0.9971 0.0565 -0.0512
vn 0.9941 0.0924 -0.0566
vn 0.9916 0.1156 -0.0574
vn 0.9764 -0.0304 0.2137
vn 0.9738 -0.0914 0.2084
vn 0.8679 -0.2327 0.4388
vn 0.9663 -0.1605 0.2010
vn 0.8529 -0.3166 0.4151
vn 0.9991 -0.0095 -0.0404
vn 0.9728 0.0249 -0.2302
vn 0.9961 -0.0828 -0.0317
vn 0.9494 -0.2465 0.1944
vn 0.9867 -0.1610 -0.0209
vn 0.9305 -0.3138 0.1891
vn 0.9122 -0.3628 0.1905
vn 0.7660 -0.5335 0.3587
vn 0.7833 -0.5050 0.3625
vn 0.8063 -0.4586 0.3735
vn 0.6373 -0.6028 0.4800
vn 0.6178 -0.6332 0.4663
vn 0.6622 -0.5569 0.5014
vn 0.7582 -0.5398 0.3656
vn 0.6071 -0.6476 0.4604
vn 0.4482 -0.7219 0.5272
vn 0.4629 -0.7023 0.5409
vn 0.4821 -0.6720 0.5621
vn 0.3045 -0.7245 0.6183
vn 0.2871 -0.7519 0.5935
vn 0.2710 -0.7697 0.5780
vn 0.5998 -0.6581 0.4551
vn 0.4397 -0.7350 0.5162
vn 0.2570 -0.7860 0.5623
vn 0.2473 -0.7988 0.5484
vn 0.4327 -0.7499 0.5005
vn 0.6002 -0.6657 0.4435
vn 0.6014 -0.6747 0.4279
vn 0.4352 -0.7577 0.4864
vn 0.2393 -0.8121 0.5321
vn 0.6111 -0.6771 0.4100
vn 0.6236 -0.6762 0.3923
vn 0.7621 -0.5484 0.3442
vn 0.7658 -0.5557 0.3237
vn 0.7723 -0.5593 0.3012
vn 0.7586 -0.5419 0.3616
vn 0.7594 -0.5358 0.3691
vn 0.0238 -0.8223 0.5686
vn 0.0362 -0.8129 0.5813
vn -0.2043 -0.7884 0.5803
vn -0.1891 -0.7816 0.5944
vn 0.0513 -0.8005 0.5971
vn -0.1719 -0.7768 0.6058
vn -0.1559 -0.7746 0.6130
vn 0.0683 -0.7905 0.6087
vn -0.1387 -0.7701 0.6226
vn 0.0839 -0.7770 0.6239
vn -0.1262 -0.7557 0.6427
vn 0.1009 -0.7553 0.6476
vn -0.1139 -0.7323 0.6714
vn 0.1152 -0.7253 0.6787
vn -0.1047 -0.6995 0.7070
vn 0.1297 -0.6873 0.7147
vn -0.3497 -0.6727 0.6521
vn -0.3458 -0.6251 0.6997
vn -0.0964 -0.6488 0.7549
vn -0.3413 -0.5555 0.7583
vn -0.0933 -0.5705 0.8160
vn 0.1482 -0.5514 0.8210
vn 0.1398 -0.6315 0.7626
vn 0.3399 -0.6454 0.6841
vn 0.3564 -0.5846 0.7288
vn 0.3659 -0.5026 0.7832
vn 0.5422 -0.5174 0.6620
vn 0.5251 -0.5816 0.6213
vn 0.5568 -0.4334 0.7086
vn 0.7207 -0.3474 0.5999
vn 0.7076 -0.4288 0.5616
vn 0.6844 -0.5024 0.5285
vn 0.5030 -0.6320 0.5895
vn 0.3239 -0.6883 0.6491
vn 0.8327 -0.3915 0.3916
vn -0.0903 -0.4807 0.8722
vn -0.8946 -0.3306 0.3005
vn -0.8952 -0.3488 0.2774
vn -0.9604 -0.2136 0.1791
vn -0.7556 -0.5268 0.3893
vn -0.9865 -0.1314 0.0982
vn -0.9562 -0.2431 0.1632
vn -0.9820 -0.1683 0.0857
vn -0.8951 -0.3613 0.2612
vn -0.9525 -0.2612 0.1565
vn -0.9765 -0.2004 0.0796
vn -0.8934 -0.3732 0.2501
vn -0.9906 -0.1346 0.0238
vn -0.9959 -0.0834 0.0352
vn -0.9849 -0.1718 0.0206
vn -0.9484 -0.2747 0.1584
vn -0.9722 -0.2177 0.0865
vn -0.9798 -0.1979 0.0279
vn -0.9678 -0.2323 0.0970
vn -0.9759 -0.2139 0.0431
vn -0.9452 -0.2801 0.1677
vn -0.8925 -0.3744 0.2516
vn -0.8907 -0.3773 0.2534
vn -0.7685 -0.5297 0.3589
vn -0.7648 -0.5330 0.3619
vn -0.7725 -0.5229 0.3602
vn -0.7606 -0.5326 0.3713
vn -0.5527 -0.6976 0.4559
vn -0.5609 -0.6911 0.4557
vn -0.7746 -0.5239 0.3543
vn -0.8890 -0.3804 0.2549
vn -0.7755 -0.5273 0.3472
vn -0.8841 -0.3941 0.2509
vn -0.9356 -0.3070 0.1745
vn -0.9405 -0.2932 0.1717
vn -0.9574 -0.2661 0.1125
vn -0.9633 -0.2459 0.1074
vn -0.9710 -0.2330 0.0543
vn -0.9656 -0.2518 0.0652
vn -0.9759 -0.2181 -0.0059
vn -0.9794 -0.2009 -0.0223
vn -0.9703 -0.2417 0.0064
vn -0.9581 -0.2780 0.0687
vn -0.9643 -0.2641 0.0206
vn -0.9769 -0.1871 -0.1029
vn -0.9753 -0.2064 -0.0783
vn -0.9675 -0.2451 -0.0615
vn -0.9499 -0.3036 0.0745
vn -0.9534 -0.3006 0.0264
vn -0.9591 -0.2811 -0.0333
vn -0.9404 -0.3302 0.0808
vn -0.9434 -0.3289 0.0432
vn -0.9459 -0.3242 -0.0138
vn -0.9334 -0.3540 0.0580
vn -0.9349 -0.3543 0.0195
vn -0.9314 -0.3513 0.0953
vn -0.9230 -0.3671 0.1156
vn -0.9244 -0.3721 0.0838
vn -0.9137 -0.3828 0.1368
vn -0.9160 -0.3862 0.1084
vn -0.9080 -0.3848 0.1656
vn -0.9278 -0.3700 0.0489
vn -0.9177 -0.3895 0.0782
vn -0.9324 -0.3611 0.0137
vn -0.9410 -0.3374 -0.0273
vn -0.9241 -0.3794 0.0457
vn -0.9453 -0.3175 -0.0743
vn -0.9523 -0.2717 -0.1389
vn -0.9483 -0.3094 -0.0709
vn -0.9449 -0.3267 -0.0217
vn -0.9426 -0.2440 -0.2281
vn -0.9556 -0.2629 -0.1334
vn -0.9687 -0.1851 -0.1655
vn -0.9146 -0.1188 -0.3865
vn -0.9389 -0.1588 -0.3053
vn -0.8740 -0.0819 -0.4789
vn -0.9555 -0.2243 -0.1916
vn -0.8637 -0.0641 -0.4999
vn -0.9271 -0.1158 -0.3565
vn -0.9610 -0.1634 -0.2233
vn -0.9624 -0.2503 -0.1060
vn -0.9695 -0.2052 -0.1339
vn -0.9743 -0.1700 -0.1479
vn -0.9612 -0.1276 -0.2447
vn -0.9254 -0.0854 -0.3693
vn -0.9752 -0.1581 -0.1551
vn -0.9594 -0.1124 -0.2585
vn -0.9480 -0.0959 -0.3034
vn -0.9479 -0.0946 -0.3041
vn -0.9243 -0.0682 -0.3756
vn -0.8572 -0.0385 -0.5135
vn -0.8585 -0.0235 -0.5124
vn -0.9163 -0.0573 -0.3963
vn -0.8963 -0.0400 -0.4416
vn -0.8599 -0.0154 -0.5102
vn -0.8450 -0.0028 -0.5347
vn -0.7736 0.0262 -0.6332
vn -0.7667 0.0171 -0.6418
vn -0.8214 0.0114 -0.5703
vn -0.8218 0.0098 -0.5697
vn -0.7799 0.0262 -0.6253
vn -0.6446 0.0456 -0.7631
vn -0.6584 0.0593 -0.7503
vn -0.6714 0.0581 -0.7388
vn -0.7846 0.0182 -0.6197
vn -0.8242 0.0028 -0.5663
vn -0.6844 0.0498 -0.7274
vn -0.5093 0.0882 -0.8561
vn -0.4847 0.0848 -0.8705
vn -0.5294 0.0800 -0.8446
vn -0.7668 0.0202 -0.6416
vn -0.7454 0.0233 -0.6662
vn -0.6929 0.0341 -0.7202
vn -0.5484 0.0648 -0.8337
vn -0.3019 0.1067 -0.9473
vn -0.2751 0.1172 -0.9542
vn -0.2418 0.1205 -0.9628
vn 0.0649 0.1527 -0.9861
vn 0.1005 0.1514 -0.9834
vn 0.0309 0.1480 -0.9885
vn -0.3298 0.0945 -0.9393
vn -0.0032 0.1416 -0.9899
vn -0.5612 0.0473 -0.8263
vn -0.3502 0.0786 -0.9334
vn -0.0409 0.1377 -0.9896
vn -0.5691 0.0237 -0.8220
vn -0.6670 0.0326 -0.7444
vn -0.6426 0.0337 -0.7654
vn -0.6491 0.0158 -0.7605
vn -0.6478 0.0083 -0.7618
vn -0.4953 0.0292 -0.8682
vn -0.3659 0.0604 -0.9287
vn -0.5311 0.0244 -0.8470
vn -0.4964 0.0359 -0.8674
vn -0.3086 0.0730 -0.9484
vn -0.2546 0.0915 -0.9627
vn -0.2551 0.0870 -0.9630
vn -0.1093 0.1236 -0.9863
vn -0.0776 0.1320 -0.9882
vn -0.0539 0.1444 -0.9881
vn -0.0011 0.1661 -0.9861
vn 0.1251 0.2059 -0.9705
vn 0.1777 0.1925 -0.9651
vn 0.0049 0.1647 -0.9863
vn 0.1459 0.2363 -0.9607
vn 0.2020 0.2560 -0.9453
vn 0.1929 0.2588 -0.9465
vn 0.2865 0.2901 -0.9131
vn 0.3625 0.2557 -0.8962
vn 0.4310 0.2279 -0.8731
vn 0.4807 0.2067 -0.8522
vn 0.2300 0.1858 -0.9553
vn 0.2763 0.1770 -0.9446
vn 0.5263 0.1919 -0.8284
vn 0.5612 0.1800 -0.8079
vn 0.3179 0.1728 -0.9323
vn 0.3511 0.1717 -0.9204
vn 0.5919 0.1755 -0.7867
vn 0.6169 0.1725 -0.7679
vn 0.3829 0.1719 -0.9076
vn 0.4105 0.1694 -0.8960
vn 0.6402 0.1716 -0.7488
vn 0.6576 0.1701 -0.7339
vn 0.4380 0.1634 -0.8840
vn 0.1335 0.1465 -0.9802
vn -0.2089 0.1172 -0.9709
vn 0.4582 0.1565 -0.8750
vn 0.1673 0.1341 -0.9767
vn -0.1760 0.1057 -0.9787
vn 0.4760 0.1530 -0.8661
vn 0.1902 0.1304 -0.9730
vn -0.1501 0.1003 -0.9836
vn -0.4615 0.0758 -0.8839
vn -0.4448 0.0649 -0.8933
vn -0.1385 0.1117 -0.9840
vn 0.2043 0.1434 -0.9683
vn -0.4384 0.0743 -0.8957
vn -0.1369 0.1442 -0.9800
vn -0.4425 0.0944 -0.8918
vn 0.2035 0.1775 -0.9629
vn -0.6366 0.0283 -0.7707
vn -0.6353 0.0352 -0.7715
vn -0.6479 0.0429 -0.7605
vn -0.7647 -0.0146 -0.6443
vn -0.7638 -0.0012 -0.6454
vn -0.7811 -0.0221 -0.6240
vn -0.6597 0.0743 -0.7478
vn -0.8070 0.0026 -0.5906
vn -0.4535 0.1377 -0.8805
vn -0.4601 0.1832 -0.8688
vn -0.6658 0.1137 -0.7374
vn -0.8073 0.0374 -0.5889
vn -0.9046 -0.0708 -0.4204
vn -0.9066 -0.0352 -0.4205
vn -0.8022 0.0633 -0.5937
vn -0.6621 0.1432 -0.7356
vn -0.9626 -0.1618 -0.2175
vn -0.9611 -0.1254 -0.2460
vn -0.9015 -0.0127 -0.4326
vn -0.9607 -0.1031 -0.2578
vn -0.9790 -0.1635 -0.1217
vn -0.8992 0.0046 -0.4374
vn -0.9586 -0.0833 -0.2721
vn -0.9801 -0.1447 -0.1362
vn -0.9827 -0.1815 -0.0377
vn -0.9829 -0.1146 -0.1442
vn -0.9872 -0.1530 -0.0461
vn -0.9933 -0.1072 -0.0431
vn -0.9886 -0.0645 -0.1364
vn -0.9925 -0.0004 -0.1220
vn -0.9983 -0.0497 -0.0317
vn -0.9652 -0.0009 -0.2614
vn -0.9697 0.0697 -0.2343
vn -0.9135 0.1600 -0.3740
vn -0.9076 0.0891 -0.4104
vn -0.8076 0.1817 -0.5611
vn -0.6773 0.2634 -0.6870
vn -0.8993 0.0324 -0.4361
vn -0.7971 0.1240 -0.5910
vn -0.6607 0.2007 -0.7234
vn -0.6558 0.1735 -0.7347
vn -0.7933 0.0953 -0.6013
vn -0.9606 -0.0528 -0.2729
vn -0.7986 0.0819 -0.5963
vn -0.6569 0.1606 -0.7366
vn -0.4669 0.2342 -0.8527
vn -0.4697 0.2407 -0.8494
vn -0.4825 0.2682 -0.8338
vn -0.2150 0.3014 -0.9289
vn -0.2364 0.3187 -0.9179
vn -0.1968 0.2957 -0.9348
vn -0.5033 0.3309 -0.7982
vn -0.2652 0.3816 -0.8854
vn 0.0434 0.3439 -0.9380
vn 0.0710 0.3305 -0.9411
vn 0.3191 0.3278 -0.8892
vn 0.5146 0.2991 -0.8036
vn 0.3465 0.3353 -0.8761
vn 0.5469 0.3102 -0.7776
vn 0.0991 0.3348 -0.9370
vn 0.3854 0.3304 -0.8616
vn 0.5766 0.3156 -0.7536
vn 0.1304 0.3171 -0.9394
vn -0.1816 0.2816 -0.9422
vn 0.1603 0.2891 -0.9438
vn 0.4294 0.2976 -0.8527
vn -0.1627 0.2455 -0.9556
vn -0.4618 0.2121 -0.8612
vn -0.1492 0.1960 -0.9692
vn 0.1936 0.2301 -0.9537
vn 0.4622 0.2487 -0.8512
vn 0.4830 0.1932 -0.8540
vn 0.6750 0.2433 -0.6966
vn 0.6278 0.2977 -0.7192
vn 0.6815 0.2086 -0.7015
vn 0.4813 0.1661 -0.8607
vn 0.6828 0.1865 -0.7064
vn 0.8245 0.2005 -0.5292
vn 0.8262 0.2254 -0.5163
vn 0.8490 0.2266 -0.4774
vn 0.6797 0.1740 -0.7126
vn 0.8202 0.1884 -0.5401
vn 0.9103 0.1980 -0.3635
vn 0.9215 0.1973 -0.3344
vn 0.9063 0.1846 -0.3801
vn 0.8147 0.1728 -0.5535
vn 0.6726 0.1698 -0.7203
vn 0.9037 0.1631 -0.3959
vn 0.9551 0.1819 -0.2337
vn 0.9525 0.1698 -0.2528
vn 0.9517 0.1403 -0.2730
vn 0.9785 0.1127 -0.1725
vn 0.9769 0.1486 -0.1539
vn 0.9773 0.1624 -0.1359
vn 0.9621 0.1702 -0.2129
vn 0.9809 0.1547 -0.1179
vn 0.9886 0.1387 -0.0584
vn 0.9904 0.1320 -0.0412
vn 0.9895 0.1228 -0.0756
vn 0.9954 0.0955 -0.0083
vn 0.9939 0.1102 0.0082
vn 0.9943 0.1032 0.0254
vn 0.9945 0.1024 -0.0225
vn 0.9964 0.0730 0.0431
vn 0.9876 0.1228 -0.0974
vn 0.9934 0.0396 0.1073
vn 0.9935 0.0690 0.0905
vn 0.9943 0.0777 0.0736
vn 0.9890 0.0420 0.1418
vn 0.9870 0.0307 0.1578
vn 0.9848 0.0007 0.1735
vn 0.9814 -0.0374 0.1882
vn 0.9922 -0.0016 0.1247
vn 0.9975 0.0319 0.0626
vn 0.9890 -0.0418 0.1419
vn 0.9964 -0.0131 0.0840
vn 0.9761 -0.0767 0.2031
vn 0.9566 -0.1139 0.2683
vn 0.9631 -0.0787 0.2574
vn 0.9688 -0.0409 0.2446
vn 0.9448 -0.0848 0.3165
vn 0.9696 -0.1141 0.2163
vn 0.9610 -0.1541 0.2298
vn 0.9834 -0.0855 0.1601
vn 0.9759 -0.1283 0.1764
vn 0.9497 -0.2002 0.2406
vn 0.9642 -0.1813 0.1937
vn 0.9856 -0.1075 0.1305
vn 0.9927 -0.0572 0.1061
vn 0.9748 -0.1623 0.1529
vn 0.9463 -0.2475 0.2081
vn 0.9555 -0.2348 0.1788
vn 0.9317 -0.2621 0.2514
vn 0.9152 -0.3343 0.2251
vn 0.9246 -0.3220 0.2036
vn 0.9041 -0.3413 0.2572
vn 0.8654 -0.4403 0.2391
vn 0.8711 -0.4323 0.2333
vn 0.8575 -0.4416 0.2639
vn 0.9644 -0.2120 0.1579
vn 0.9321 -0.3024 0.1993
vn 0.8787 -0.4141 0.2374
vn 0.7893 -0.5577 0.2569
vn 0.7870 -0.5616 0.2554
vn 0.6686 -0.6882 0.2817
vn 0.6711 -0.6914 0.2676
vn 0.5029 -0.8166 0.2833
vn 0.4891 -0.8202 0.2967
vn 0.2374 -0.9209 0.3092
vn 0.2624 -0.9197 0.2919
vn 0.6752 -0.6861 0.2708
vn 0.5101 -0.8118 0.2844
vn 0.2879 -0.9080 0.3044
vn 0.6726 -0.6804 0.2909
vn 0.5135 -0.8009 0.3081
vn 0.2884 -0.8955 0.3390
vn 0.7858 -0.5590 0.2648
vn 0.7818 -0.5510 0.2916
vn 0.7646 -0.5456 0.3430
vn 0.6571 -0.6740 0.3376
vn 0.4953 -0.7903 0.3608
vn 0.6393 -0.6624 0.3906
vn 0.7008 -0.5749 0.4223
vn 0.4974 -0.7485 0.4385
vn 0.2777 -0.8305 0.4828
vn 0.2722 -0.8748 0.4009
vn 0.0145 -0.8672 0.4977
vn 0.0348 -0.9020 0.4304
vn 0.0569 -0.9298 0.3637
vn -0.1681 -0.9121 0.3739
vn -0.1755 -0.8790 0.4433
vn -0.1982 -0.8456 0.4956
vn 0.3230 -0.7746 0.5437
vn 0.0498 -0.8281 0.5584
vn -0.2077 -0.8211 0.5316
vn 0.5671 -0.6622 0.4898
vn 0.8204 -0.4456 0.3583
vn 0.8463 -0.4404 0.2998
vn -0.3604 -0.8263 0.4329
vn -0.3489 -0.8584 0.3761
vn -0.4730 -0.7973 0.3749
vn -0.3850 -0.8672 0.3158
vn -0.4318 -0.8613 0.2677
vn -0.1844 -0.9329 0.3094
vn -0.2399 -0.9299 0.2789
vn -0.5012 -0.8237 0.2650
vn -0.2905 -0.9122 0.2890
vn -0.0410 -0.9520 0.3034
vn 0.0008 -0.9560 0.2935
vn 0.0325 -0.9500 0.3107
vn 0.9722 -0.1855 0.1430
vn 0.9821 -0.1431 0.1223
vn 0.9892 -0.1147 0.0916
vn 0.9928 -0.0822 0.0867
vn 0.9972 -0.0574 0.0477
vn 0.9995 -0.0304 0.0069
vn 0.9941 -0.0879 0.0631
vn 0.9800 -0.1588 0.1195
vn 0.9861 -0.1343 0.0973
vn 0.9974 -0.0652 0.0299
vn 0.9996 -0.0066 -0.0283
vn 0.9990 0.0213 -0.0403
vn 1.0000 -0.0045 0.0044
vn 0.9949 0.0464 -0.0898
vn 0.9978 0.0109 -0.0661
vn 0.9890 0.0705 -0.1299
vn 0.9990 -0.0442 0.0011
vn 0.9944 0.0243 -0.1032
vn 0.9801 0.0782 -0.1827
vn 0.9988 -0.0354 -0.0340
vn 0.9880 0.0250 -0.1524
vn 0.9679 0.0832 -0.2370
vn 0.9969 -0.0311 -0.0722
vn 0.9903 -0.1204 0.0688
vn 0.9931 -0.1093 0.0417
vn 0.9938 -0.1107 0.0069
vn 0.9930 -0.1146 -0.0301
vn 0.9920 -0.0378 -0.1207
vn 0.9886 -0.1292 -0.0772
vn 0.9719 -0.2152 0.0953
vn 0.9723 -0.2251 0.0637
vn 0.9710 -0.2371 0.0299
vn 0.9671 -0.2543 -0.0039
vn 0.9087 -0.3991 0.1227
vn 0.9118 -0.3847 0.1439
vn 0.8081 -0.5330 0.2508
vn 0.8035 -0.5464 0.2362
vn 0.6695 -0.6688 0.3232
vn 0.6723 -0.6647 0.3258
vn 0.6743 -0.6566 0.3380
vn 0.5047 -0.7579 0.4133
vn 0.5061 -0.7614 0.4050
vn 0.5068 -0.7628 0.4016
vn 0.5043 -0.7621 0.4061
vn 0.6752 -0.6492 0.3502
vn 0.5012 -0.7545 0.4236
vn 0.8105 -0.5208 0.2680
vn 0.6747 -0.6447 0.3595
vn 0.4958 -0.7555 0.4282
vn 0.8116 -0.5117 0.2818
vn 0.9133 -0.3605 0.1895
vn 0.9141 -0.3681 0.1700
vn 0.9285 0.1396 -0.3442
vn 0.9518 0.1439 -0.2710
vn 0.8537 0.2104 -0.4763
vn 0.8953 0.1948 -0.4007
vn 0.9691 0.1256 -0.2124
vn 0.9353 0.1943 -0.2957
vn 0.7408 0.2679 -0.6160
vn 0.7736 0.2652 -0.5755
vn 0.9427 0.1618 -0.2919
vn 0.9630 0.1478 -0.2252
vn 0.9836 0.1040 -0.1477
vn 0.9930 0.0714 -0.0943
vn 0.9840 0.1074 -0.1422
vn 0.9719 0.1485 -0.1825
vn 0.9940 0.0861 -0.0680
vn 0.9983 0.0588 -0.0007
vn 0.9996 0.0159 0.0252
vn 0.9987 0.0394 -0.0328
vn 0.9979 -0.0337 0.0551
vn 0.9728 -0.0116 0.2313
vn 0.9506 -0.0534 0.3057
vn 0.9205 -0.0947 0.3791
vn 0.9762 0.0035 0.2170
vn 0.9552 -0.0356 0.2937
vn 0.9260 -0.0727 0.3704
vn 0.9792 0.0039 0.2029
vn 0.9590 -0.0295 0.2819
vn 0.9306 -0.0628 0.3605
vn 0.9913 0.0362 0.1265
vn 0.9961 0.0667 0.0572
vn 0.9816 -0.0097 0.1906
vn 0.9936 0.0146 0.1122
vn 0.9984 0.0373 0.0435
vn 0.9979 0.0598 -0.0243
vn 0.9995 0.0052 0.0310
vn 0.9947 -0.0095 0.1025
vn 0.9990 0.0237 -0.0381
vn 0.9919 0.0855 -0.0936
vn 0.9927 0.0442 -0.1118
vn 0.9997 -0.0137 0.0221
vn 0.9987 -0.0007 -0.0509
vn 0.9911 0.0226 -0.1308
vn 0.9776 0.0757 -0.1964
vn 0.9740 0.0519 -0.2206
vn 0.9491 0.1087 -0.2955
vn 0.9411 0.0909 -0.3257
vn 0.9677 0.0445 -0.2482
vn 0.9887 0.0097 -0.1497
vn 0.9309 0.0830 -0.3557
vn 0.8855 0.1283 -0.4466
vn 0.8689 0.1236 -0.4792
vn 0.8964 0.1401 -0.4206
vn 0.7904 0.1566 -0.5922
vn 0.7714 0.1578 -0.6165
vn 0.8060 0.1640 -0.5687
vn 0.7482 0.1586 -0.6443
vn 0.8501 0.1279 -0.5109
vn 0.9170 0.0879 -0.3891
vn 0.7223 0.1683 -0.6707
vn 0.8276 0.1379 -0.5441
vn 0.9018 0.0999 -0.4205
vn 0.9602 0.0468 -0.2753
vn 0.9507 0.0620 -0.3039
vn 0.8835 0.1187 -0.4531
vn 0.8036 0.1547 -0.5747
vn 0.9405 0.0788 -0.3306
vn 0.9853 0.0155 -0.1699
vn 0.9815 0.0256 -0.1897
vn 0.9765 0.0463 -0.2107
vn 0.8639 0.1423 -0.4831
vn 0.9275 0.1051 -0.3588
vn 0.9706 0.0674 -0.2311
vn 0.9923 0.0402 -0.1168
vn 0.9946 0.0172 -0.1020
vn 0.9961 0.0034 -0.0885
vn 0.9999 -0.0018 -0.0115
vn 0.9996 0.0160 -0.0211
vn 0.9999 -0.0160 -0.0019
vn 0.9997 -0.0231 0.0060
vn 0.9971 -0.0094 -0.0752
vn 0.9996 -0.0246 0.0141
vn 0.9980 -0.0091 -0.0631
vn 0.9959 -0.0336 0.0841
vn 0.9955 -0.0328 0.0891
vn 0.9952 -0.0250 0.0949
vn 0.9842 -0.0359 0.1732
vn 0.9849 -0.0407 0.1684
vn 0.9855 -0.0403 0.1650
vn 0.9965 -0.0273 0.0786
vn 0.9861 -0.0356 0.1620
vn 0.9870 -0.0260 0.1586
vn 0.9972 -0.0173 0.0730
vn 0.9691 -0.0382 0.2437
vn 0.9684 -0.0454 0.2453
vn 0.9697 -0.0299 0.2426
vn 0.9978 -0.0007 0.0658
vn 0.9986 0.0417 -0.0324
vn 0.9891 0.0666 -0.1314
vn 0.9843 0.0969 -0.1476
vn 0.9624 0.0996 -0.2528
vn 0.9531 0.1285 -0.2741
vn 0.9130 0.1348 -0.3850
vn 0.8948 0.1684 -0.4136
vn 0.8395 0.1736 -0.5148
vn 0.8132 0.2073 -0.5439
vn 0.7424 0.2065 -0.6373
vn 0.6993 0.2443 -0.6718
vn 0.7741 0.1769 -0.6078
vn 0.6907 0.1809 -0.7002
vn 0.6559 0.2024 -0.7272
vn 0.6109 0.2270 -0.7585
vn 0.5602 0.2663 -0.7844
vn 0.4806 0.3080 -0.8210
vn 0.6499 0.2911 -0.7020
vn 0.7762 0.2445 -0.5811
vn 0.4038 0.3416 -0.8487
vn 0.5804 0.3226 -0.7477
vn 0.7402 0.2633 -0.6186
vn 0.8562 0.2191 -0.4679
vn 0.8768 0.1923 -0.4407
vn 0.9423 0.1576 -0.2953
vn 0.9319 0.1785 -0.3157
vn 0.9730 0.1453 -0.1793
vn 0.9790 0.1214 -0.1639
vn 0.9671 0.1644 -0.1943
vn 0.9217 0.2008 -0.3319
vn 0.9611 0.1842 -0.2059
vn 0.9122 0.2192 -0.3462
vn 0.9808 0.1649 -0.1046
vn 0.9550 0.2028 -0.2166
vn 0.9030 0.2412 -0.3555
vn 0.8240 0.2545 -0.5063
vn 0.8105 0.2774 -0.5158
vn 0.8378 0.2331 -0.4938
vn 0.6762 0.3055 -0.6704
vn 0.6881 0.2846 -0.6675
vn 0.7105 0.2787 -0.6461
vn 0.5075 0.3117 -0.8033
vn 0.4941 0.3245 -0.8066
vn 0.5366 0.3265 -0.7781
vn 0.4096 0.3149 -0.8562
vn 0.3923 0.3284 -0.8592
vn 0.4194 0.3093 -0.8535
vn 0.4368 0.3428 -0.8317
vn 0.5613 0.3285 -0.7596
vn 0.5878 0.3260 -0.7404
vn 0.5854 0.3339 -0.7388
vn 0.6646 0.3277 -0.6715
vn 0.6556 0.3560 -0.6659
vn 0.5785 0.3589 -0.7325
vn 0.5729 0.3869 -0.7226
vn 0.6470 0.3805 -0.6608
vn 0.7877 0.3274 -0.5218
vn 0.7996 0.3018 -0.5192
vn 0.7774 0.3516 -0.5215
vn 0.6396 0.4109 -0.6496
vn 0.7642 0.3768 -0.5235
vn 0.5688 0.4156 -0.7097
vn 0.6809 0.4159 -0.6028
vn 0.6980 0.4190 -0.5807
vn 0.7533 0.4045 -0.5186
vn 0.5682 0.4341 -0.6991
vn 0.8636 0.3281 -0.3829
vn 0.8748 0.3042 -0.3770
vn 0.8493 0.3573 -0.3887
vn 0.9192 0.2897 -0.2666
vn 0.9292 0.2677 -0.2547
vn 0.9369 0.2496 -0.2448
vn 0.9662 0.2119 -0.1471
vn 0.9609 0.2257 -0.1604
vn 0.9703 0.2001 -0.1356
vn 0.9737 0.1902 -0.1250
vn 0.9433 0.2344 -0.2350
vn 0.8847 0.2826 -0.3706
vn 0.9490 0.2202 -0.2258
vn 0.8936 0.2625 -0.3641
vn 0.9770 0.1794 -0.1149
vn 0.9883 0.1499 -0.0288
vn 0.9867 0.1574 -0.0398
vn 0.9915 0.1193 0.0519
vn 0.9851 0.1640 -0.0517
vn 0.9917 0.1223 0.0389
vn 0.9869 0.0793 0.1404
vn 0.9885 0.0827 0.1263
vn 0.9921 0.1228 0.0256
vn 0.9906 0.0796 0.1112
vn 0.9833 0.1698 -0.0658
vn 0.9928 0.1192 0.0096
vn 0.9813 0.1745 -0.0809
vn 0.9927 0.0734 0.0961
vn 0.9541 0.2417 -0.1771
vn 0.9778 0.1837 -0.1006
vn 0.9929 0.1189 -0.0069
vn 0.9456 0.2604 -0.1952
vn 0.9068 0.3157 -0.2793
vn 0.8921 0.3422 -0.2952
vn 0.8334 0.3867 -0.3948
vn 0.8147 0.4138 -0.4063
vn 0.9345 0.2823 -0.2168
vn 0.8758 0.3676 -0.3129
vn 0.8007 0.4344 -0.4125
vn 0.7357 0.4361 -0.5181
vn 0.7232 0.4641 -0.5115
vn 0.7587 0.4610 -0.4603
vn 0.7437 0.4656 -0.4797
vn 0.6735 0.4769 -0.5648
vn 0.6861 0.4482 -0.5731
vn 0.7469 0.4749 -0.4653
vn 0.7461 0.4756 -0.4659
vn 0.7879 0.4502 -0.4201
vn 0.8014 0.4426 -0.4023
vn 0.8606 0.3870 -0.3312
vn 0.8167 0.4317 -0.3828
vn 0.8154 0.4321 -0.3853
vn 0.8467 0.4009 -0.3497
vn 0.9071 0.3300 -0.2614
vn 0.9213 0.3059 -0.2399
vn 0.9524 0.2535 -0.1692
vn 0.9637 0.2245 -0.1447
vn 0.9723 0.1997 -0.1216
vn 0.9909 0.1316 -0.0263
vn 0.9870 0.1532 -0.0475
vn 0.9800 0.1862 -0.0705
vn 0.9387 0.2868 -0.1912
vn 0.9692 0.2267 -0.0959
vn 0.8919 0.3518 -0.2843
vn 0.9539 0.2761 -0.1177
vn 0.9229 0.3208 -0.2129
vn 0.8756 0.3768 -0.3023
vn 0.8319 0.4164 -0.3669
vn 0.8528 0.3981 -0.3380
vn 0.8407 0.4096 -0.3542
vn 0.8912 0.3660 -0.2681
vn 0.9041 0.3617 -0.2277
vn 0.8792 0.3774 -0.2909
vn 0.8379 0.4155 -0.3540
vn 0.8054 0.4375 -0.3999
vn 0.7877 0.4552 -0.4152
vn 0.8989 0.3787 -0.2206
vn 0.8752 0.3956 -0.2785
vn 0.9088 0.3713 -0.1903
vn 0.9061 0.3932 -0.1560
vn 0.9337 0.3290 -0.1414
vn 0.9202 0.3812 -0.0888
vn 0.9516 0.3013 -0.0606
vn 0.9719 0.2332 -0.0328
vn 0.9849 0.1731 -0.0030
vn 0.9821 0.1833 0.0438
vn 0.9897 0.1211 0.0765
vn 0.9635 0.2677 0.0066
vn 0.9913 0.1296 0.0224
vn 0.9916 0.0783 0.1034
vn 0.9843 0.1345 0.1147
vn 0.9865 0.0663 0.1496
vn 0.9834 0.0301 0.1790
vn 0.9908 0.0524 0.1252
vn 0.9941 0.0987 0.0442
vn 0.9798 0.0093 0.2000
vn 0.9677 -0.0184 0.2514
vn 0.9605 -0.0298 0.2768
vn 0.9744 0.0192 0.2238
vn 0.9487 -0.0550 0.3115
vn 0.9399 -0.0638 0.3353
vn 0.9581 -0.0394 0.2837
vn 0.9630 -0.0177 0.2690
vn 0.9611 -0.0354 0.2741
vn 0.9668 0.0348 0.2533
vn 0.9788 0.0841 0.1869
vn 0.9700 0.0454 0.2390
vn 0.9798 0.1283 0.1537
vn 0.9780 0.0792 0.1928
vn 0.9720 0.2233 0.0739
vn 0.9783 0.1650 0.1250
vn 0.9509 0.3087 0.0222
vn 0.9607 0.2735 0.0481
vn 0.9486 0.3163 -0.0116
vn 0.9700 0.2298 0.0796
vn 0.9441 0.3268 -0.0432
vn 0.9455 0.3228 -0.0420
vn 0.8993 0.4258 -0.1001
vn 0.8901 0.4271 -0.1592
vn 0.9389 -0.0721 0.3364
vn 0.9378 -0.0778 0.3384
vn 0.9285 -0.0772 0.3631
vn 0.9234 -0.0769 0.3762
vn 0.9195 -0.0836 0.3842
vn 0.9312 -0.0682 0.3580
vn 0.9546 -0.0394 0.2952
vn 0.9176 -0.0868 0.3880
vn 0.9119 -0.0884 0.4008
vn 0.9241 -0.0736 0.3751
vn 0.9487 -0.0427 0.3134
vn 0.9088 -0.0918 0.4070
vn 0.9030 -0.0990 0.4180
vn 0.9168 -0.0740 0.3925
vn 0.9078 -0.1114 0.4043
vn 0.8977 -0.1076 0.4273
vn 0.8938 -0.0998 0.4372
vn 0.9097 -0.0737 0.4087
vn 0.8923 -0.1057 0.4389
vn 0.8892 -0.1142 0.4431
vn 0.8877 -0.1180 0.4450
vn 0.8780 -0.1229 0.4626
vn 0.8853 -0.1058 0.4529
vn 0.8732 -0.1252 0.4710
vn 0.8650 -0.1295 0.4847
vn 0.8750 -0.1100 0.4714
vn 0.8615 -0.1314 0.4905
vn 0.8611 -0.1337 0.4905
vn 0.8553 -0.1465 0.4971
vn 0.8636 -0.1111 0.4917
vn 0.8543 -0.1723 0.4904
vn 0.8526 -0.1800 0.4905
vn 0.9022 -0.0734 0.4250
vn 0.9315 -0.0411 0.3615
vn 0.9373 -0.0421 0.3460
vn 0.9432 -0.0436 0.3294
vn 0.9634 -0.0040 0.2680
vn 0.9678 -0.0079 0.2516
vn 0.9586 -0.0017 0.2849
vn 0.9840 0.0313 0.1754
vn 0.9808 0.0380 0.1913
vn 0.9775 0.0402 0.2072
vn 0.9740 0.0392 0.2232
vn 0.9868 0.0285 0.1597
vn 0.9718 -0.0097 0.2354
vn 0.9890 0.0352 0.1434
vn 0.9757 -0.0029 0.2193
vn 0.9949 0.0785 0.0636
vn 0.9943 0.0699 0.0804
vn 0.4453 0.3596 -0.8200
vn 0.3986 0.3472 -0.8488
vn 0.3258 0.3243 -0.8881
vn 0.3345 0.3262 -0.8842
vn 0.2846 0.3112 -0.9067
vn 0.9470 -0.0291 0.3199
vn 0.9466 -0.0400 0.3200
vn 0.9166 -0.0278 0.3988
vn 0.9152 -0.0434 0.4007
vn 0.8696 -0.0324 0.4926
vn 0.8650 -0.0501 0.4992
vn 0.8569 -0.0795 0.5094
vn 0.9130 -0.0603 0.4034
vn 0.9454 -0.0518 0.3219
vn 0.8474 -0.1011 0.5213
vn 0.9084 -0.0775 0.4108
vn 0.9438 -0.0599 0.3251
vn 0.9674 -0.0493 0.2482
vn 0.9411 -0.0650 0.3318
vn 0.9036 -0.0861 0.4197
vn 0.9664 -0.0482 0.2526
vn 0.9382 -0.0652 0.3400
vn 0.9645 -0.0440 0.2603
vn 0.9834 -0.0255 0.1796
vn 0.9622 -0.0350 0.2701
vn 0.9345 -0.0626 0.3503
vn 0.8978 -0.0924 0.4305
vn 0.8923 -0.0929 0.4418
vn 0.8874 -0.0961 0.4508
vn 0.8820 -0.1111 0.4580
vn 0.8023 -0.1563 0.5761
vn 0.8088 -0.1381 0.5717
vn 0.8165 -0.1308 0.5623
vn 0.6827 -0.1771 0.7089
vn 0.8757 -0.1360 0.4633
vn 0.8252 -0.1266 0.5504
vn 0.7034 -0.1721 0.6896
vn 0.7281 -0.1542 0.6679
vn 0.8360 -0.1186 0.5358
vn 0.7494 -0.1360 0.6480
vn 0.7709 -0.1031 0.6285
vn 0.7876 -0.0716 0.6120
vn 0.8012 -0.0437 0.5968
vn 0.7242 -0.0708 0.6859
vn 0.6709 -0.1002 0.7348
vn 0.7433 -0.0557 0.6666
vn 0.6944 -0.0876 0.7142
vn 0.8115 -0.0335 0.5835
vn 0.6939 -0.1186 0.7102
vn 0.8208 -0.0349 0.5701
vn 0.8307 -0.0470 0.5548
vn 0.8398 -0.0539 0.5402
vn -0.7506 0.0082 -0.6607
vn -0.8279 -0.0045 -0.5608
vn -0.9765 -0.1827 -0.1140
vn -0.9748 -0.2044 -0.0893
vn -0.9770 -0.1926 -0.0920
vn -0.9769 -0.2015 -0.0718
vn -0.9694 -0.2404 -0.0503
vn -0.9713 -0.2321 -0.0515
vn -0.9659 -0.2564 -0.0352
vn -0.9598 -0.2803 -0.0121
vn -0.9628 -0.2699 -0.0104
vn -0.9502 -0.3116 -0.0011
vn -0.9606 -0.2753 -0.0382
vn -0.9687 -0.2370 -0.0744
vn -0.9350 -0.3528 0.0369
vn -0.9474 -0.3188 0.0293
vn -0.9604 -0.2786 0.0058
vn -0.9501 -0.3101 0.0340
vn -0.9292 -0.3618 0.0751
vn -0.9312 -0.3540 0.0864
vn -0.9250 -0.3658 0.1029
vn -0.9089 -0.3986 0.1227
vn -0.9219 -0.3643 0.1319
vn -0.9268 -0.3608 0.1040
vn -0.9243 -0.3518 0.1483
vn -0.9206 -0.3542 0.1645
vn -0.9018 -0.3944 0.1768
vn -0.9141 -0.3589 0.1889
vn -0.9150 -0.3484 0.2035
vn -0.8819 -0.4207 0.2127
vn -0.8948 -0.3860 0.2245
vn -0.9100 -0.3550 0.2140
vn -0.9060 -0.3532 0.2334
vn -0.9120 -0.3488 0.2157
vn -0.8673 -0.4379 0.2366
vn -0.8776 -0.4095 0.2493
vn -0.8899 -0.3762 0.2581
vn -0.8535 -0.4536 0.2565
vn -0.8631 -0.4282 0.2677
vn -0.8738 -0.3985 0.2788
vn -0.8857 -0.3621 0.2905
vn -0.9012 -0.3421 0.2663
vn -0.9165 -0.3203 0.2396
vn -0.9152 -0.3077 0.2600
vn -0.9173 -0.3098 0.2501
vn -0.9113 -0.3067 0.2747
vn -0.8965 -0.3232 0.3032
vn -0.9301 -0.2903 0.2249
vn -0.9215 -0.3184 0.2224
vn -0.9227 -0.2808 0.2642
vn -0.9127 -0.2919 0.2860
vn -0.9105 -0.2898 0.2950
vn -0.9033 -0.2908 0.3153
vn -0.9015 -0.2816 0.3287
vn -0.8977 -0.2821 0.3385
vn -0.8834 -0.3049 0.3558
vn -0.8762 -0.3406 0.3408
vn -0.8476 -0.3607 0.3891
vn -0.8402 -0.4021 0.3638
vn -0.8659 -0.3835 0.3211
vn -0.8334 -0.4375 0.3377
vn -0.8562 -0.4175 0.3044
vn -0.8468 -0.4469 0.2885
vn -0.8307 -0.4584 0.3159
vn -0.8424 -0.4634 0.2749
vn -0.8296 -0.4736 0.2958
vn -0.8404 -0.4743 0.2622
vn -0.8327 -0.4769 0.2814
vn -0.8238 -0.4801 0.3015
vn -0.8305 -0.4764 0.2885
vn -0.8382 -0.4741 0.2694
vn -0.8449 -0.4731 0.2497
vn -0.8503 -0.4671 0.2426
vn -0.8505 -0.4734 0.2293
vn -0.8588 -0.4693 0.2055
vn -0.8592 -0.4608 0.2226
vn -0.8588 -0.4648 0.2154
vn -0.8529 -0.4639 0.2394
vn -0.8630 -0.4680 0.1901
vn -0.8669 -0.4652 0.1790
vn -0.8706 -0.4641 0.1632
vn -0.8728 -0.4470 0.1959
vn -0.8813 -0.4483 0.1492
vn -0.8884 -0.4291 0.1629
vn -0.8771 -0.4608 0.1354
vn -0.8966 -0.4276 0.1155
vn -0.9171 -0.3911 0.0765
vn -0.8914 -0.4401 0.1086
vn -0.9037 -0.4206 0.0798
vn -0.9226 -0.3828 0.0477
vn -0.9350 -0.3542 0.0161
vn -0.9007 -0.4268 0.0818
vn -0.9061 -0.4179 0.0660
vn -0.9227 -0.3834 0.0414
vn -0.9492 -0.3143 -0.0153
vn -0.9333 -0.3589 0.0133
vn -0.9109 -0.4065 0.0710
vn -0.9017 -0.4229 0.0899
vn -0.9081 -0.4069 0.0993
vn -0.8950 -0.4313 0.1136
vn -0.8854 -0.4477 0.1253
vn -0.8895 -0.4459 0.0995
vn -0.8931 -0.4275 0.1402
vn -0.8787 -0.4532 0.1501
vn -0.9045 -0.4074 0.1261
vn -0.9028 -0.4018 0.1532
vn -0.8893 -0.4260 0.1663
vn -0.8758 -0.4486 0.1779
vn -0.8983 -0.4002 0.1812
vn -0.8856 -0.4222 0.1938
vn -0.8798 -0.4211 0.2206
vn -0.8707 -0.4472 0.2047
vn -0.8660 -0.4439 0.2301
vn -0.8693 -0.4286 0.2462
vn -0.8587 -0.4445 0.2552
vn -0.8473 -0.4525 0.2780
vn -0.8559 -0.4397 0.2723
vn -0.8253 -0.4738 0.3073
vn -0.8194 -0.4843 0.3068
vn -0.8389 -0.4660 0.2811
vn -0.8470 -0.4634 0.2606
vn -0.9576 -0.2833 -0.0521
vt 0.611500 0.707400
vt 0.608500 0.706700
vt 0.609800 0.700800
vt 0.612800 0.701600
vt 0.610400 0.714000
vt 0.607500 0.713400
vt 0.614500 0.708200
vt 0.613400 0.714700
vt 0.615800 0.702500
vt 0.617500 0.708900
vt 0.618700 0.703300
vt 0.616400 0.715500
vt 0.615400 0.722700
vt 0.612400 0.722000
vt 0.609400 0.721300
vt 0.611400 0.729800
vt 0.608400 0.729100
vt 0.614400 0.730500
vt 0.607200 0.737100
vt 0.610100 0.737900
vt 0.613200 0.738700
vt 0.618600 0.723500
vt 0.617600 0.731400
vt 0.616300 0.739600
vt 0.611600 0.747000
vt 0.608600 0.746100
vt 0.614700 0.747900
vt 0.619700 0.740500
vt 0.618000 0.748900
vt 0.621000 0.732300
vt 0.623300 0.741600
vt 0.621500 0.749900
vt 0.624700 0.733400
vt 0.616100 0.757200
vt 0.612800 0.756200
vt 0.619600 0.758200
vt 0.627100 0.742700
vt 0.625300 0.751100
vt 0.623300 0.759300
vt 0.629200 0.752300
vt 0.627100 0.760500
vt 0.631000 0.744000
vt 0.628600 0.734500
vt 0.632600 0.735800
vt 0.635100 0.745300
vt 0.633200 0.753600
vt 0.636900 0.737100
vt 0.638400 0.729300
vt 0.634000 0.727900
vt 0.629800 0.726600
vt 0.641200 0.738600
vt 0.639300 0.746800
vt 0.642800 0.730800
vt 0.639700 0.722100
vt 0.644300 0.723700
vt 0.635300 0.720700
vt 0.640900 0.715800
vt 0.636400 0.714400
vt 0.645600 0.717400
vt 0.632000 0.713000
vt 0.630900 0.719400
vt 0.626900 0.718200
vt 0.627900 0.711800
vt 0.625800 0.725500
vt 0.622100 0.724500
vt 0.623100 0.717200
vt 0.624100 0.710800
vt 0.619600 0.716300
vt 0.620600 0.709800
vt 0.625200 0.705300
vt 0.629000 0.706500
vt 0.621800 0.704300
vt 0.620200 0.698600
vt 0.623200 0.699700
vt 0.626500 0.700800
vt 0.624800 0.695800
vt 0.627900 0.697100
vt 0.621900 0.694500
vt 0.617400 0.697500
vt 0.619300 0.693100
vt 0.623488 0.691366
vt 0.623791 0.691380
vt 0.620515 0.691112
vt 0.623935 0.691388
vt 0.624307 0.691435
vt 0.626500 0.692700
vt 0.111883 0.397878
vt 0.112053 0.397345
vt 0.113716 0.391700
vt 0.114439 0.388543
vt 0.115703 0.385360
vt 0.117386 0.379782
vt 0.117605 0.379037
vt 0.117751 0.378750
vt 0.118030 0.378115
vt 0.119993 0.371824
vt 0.120274 0.368921
vt 0.123356 0.363911
vt 0.127333 0.357388
vt 0.128307 0.355768
vt 0.128604 0.355419
vt 0.129130 0.354800
vt 0.134722 0.346801
vt 0.138546 0.341677
vt 0.141866 0.338243
vt 0.147925 0.332050
vt 0.149926 0.329713
vt 0.151145 0.328285
vt 0.156330 0.323478
vt 0.158768 0.321242
vt 0.165580 0.314975
vt 0.168343 0.312937
vt 0.173619 0.309100
vt 0.178795 0.304780
vt 0.181806 0.302269
vt 0.190515 0.296856
vt 0.192635 0.295581
vt 0.201266 0.290995
vt 0.205175 0.289537
vt 0.220860 0.284666
vt 0.225538 0.283029
vt 0.227233 0.282592
vt 0.229626 0.282210
vt 0.261880 0.278918
vt 0.265489 0.278710
vt 0.268317 0.278673
vt 0.279062 0.278914
vt 0.307964 0.279325
vt 0.317355 0.279844
vt 0.345411 0.281883
vt 0.346654 0.281984
vt 0.382363 0.286146
vt 0.391096 0.287600
vt 0.414104 0.291541
vt 0.427145 0.294639
vt 0.444770 0.298614
vt 0.445800 0.298853
vt 0.459230 0.302840
vt 0.471024 0.306003
vt 0.481003 0.308724
vt 0.489251 0.311440
vt 0.494645 0.313062
vt 0.516339 0.319694
vt 0.517287 0.319997
vt 0.519255 0.320556
vt 0.534034 0.325756
vt 0.541066 0.328282
vt 0.550757 0.331554
vt 0.558988 0.334413
vt 0.565510 0.337163
vt 0.578102 0.342709
vt 0.590323 0.348394
vt 0.599037 0.352671
vt 0.601063 0.353899
vt 0.601554 0.354208
vt 0.610540 0.360109
vt 0.619189 0.366224
vt 0.627633 0.372584
vt 0.628920 0.373628
vt 0.634343 0.377864
vt 0.635838 0.379436
vt 0.642783 0.386980
vt 0.646435 0.390656
vt 0.651468 0.396261
vt 0.654035 0.399392
vt 0.660165 0.403779
vt 0.665622 0.410679
vt 0.668246 0.414521
vt 0.671890 0.418024
vt 0.676628 0.426771
vt 0.677919 0.429684
vt 0.679688 0.432421
vt 0.681571 0.442870
vt 0.681866 0.445270
vt 0.682467 0.447724
vt 0.680281 0.458307
vt 0.679720 0.461079
vt 0.679410 0.464216
vt 0.674825 0.472504
vt 0.672715 0.476548
vt 0.670405 0.481987
vt 0.667575 0.485524
vt 0.663129 0.491454
vt 0.659103 0.497625
vt 0.657430 0.500360
vt 0.652378 0.505657
vt 0.649449 0.509052
vt 0.642447 0.517632
vt 0.640793 0.518979
vt 0.639665 0.519956
vt 0.627937 0.530333
vt 0.627101 0.531073
vt 0.625961 0.532129
vt 0.611713 0.540175
vt 0.607449 0.542555
vt 0.586568 0.549350
vt 0.586518 0.549367
vt 0.586478 0.549379
vt 0.563089 0.553384
vt 0.552943 0.554292
vt 0.538390 0.555349
vt 0.516419 0.556110
vt 0.512507 0.556287
vt 0.508782 0.556317
vt 0.485842 0.556263
vt 0.468092 0.555576
vt 0.458487 0.555317
vt 0.430260 0.553436
vt 0.429367 0.553338
vt 0.428191 0.553219
vt 0.401110 0.550097
vt 0.394643 0.549125
vt 0.370820 0.545227
vt 0.368859 0.544843
vt 0.367213 0.544537
vt 0.342409 0.539463
vt 0.341330 0.539222
vt 0.339958 0.538931
vt 0.318916 0.533892
vt 0.314877 0.532840
vt 0.309516 0.531486
vt 0.296017 0.527745
vt 0.279949 0.523031
vt 0.273711 0.521007
vt 0.252121 0.513856
vt 0.251462 0.513614
vt 0.240000 0.509481
vt 0.227788 0.505332
vt 0.226459 0.504912
vt 0.214699 0.500778
vt 0.202251 0.496958
vt 0.197478 0.495364
vt 0.186375 0.491972
vt 0.179010 0.490086
vt 0.163051 0.485418
vt 0.156606 0.483359
vt 0.154497 0.482475
vt 0.144995 0.479396
vt 0.135749 0.476553
vt 0.123233 0.471060
vt 0.118078 0.469328
vt 0.113386 0.466619
vt 0.106244 0.461363
vt 0.103031 0.456708
vt 0.099326 0.453376
vt 0.097261 0.449142
vt 0.096440 0.445951
vt 0.096599 0.442682
vt 0.096352 0.439169
vt 0.096772 0.436136
vt 0.097497 0.433138
vt 0.098951 0.429426
vt 0.099617 0.427510
vt 0.100302 0.426075
vt 0.102390 0.422022
vt 0.103971 0.419080
vt 0.104888 0.416925
vt 0.105138 0.416412
vt 0.107527 0.410457
vt 0.108557 0.407389
vt 0.109759 0.404327
vt 0.111748 0.398393
vt 0.111846 0.398058
vt 0.627131 0.691753
vt 0.628832 0.691877
vt 0.630534 0.692087
vt 0.629400 0.694000
vt 0.632700 0.695300
vt 0.631400 0.698400
vt 0.633743 0.692450
vt 0.634100 0.692600
vt 0.630200 0.702100
vt 0.636400 0.696700
vt 0.635300 0.699800
vt 0.634200 0.703500
vt 0.639400 0.701300
vt 0.638400 0.704900
vt 0.640300 0.698200
vt 0.642900 0.706500
vt 0.643700 0.702900
vt 0.644400 0.699700
vt 0.637500 0.693900
vt 0.641200 0.695200
vt 0.645100 0.696500
vt 0.641721 0.693309
vt 0.645548 0.693725
vt 0.639789 0.693084
vt 0.637874 0.692891
vt 0.634354 0.692522
vt 0.634155 0.692498
vt 0.634051 0.692484
vt 0.645888 0.693768
vt 0.647322 0.693959
vt 0.649300 0.694600
vt 0.649100 0.698000
vt 0.649312 0.694161
vt 0.653200 0.695900
vt 0.653200 0.699500
vt 0.652132 0.694517
vt 0.653134 0.694652
vt 0.657200 0.697300
vt 0.657600 0.701300
vt 0.654418 0.694878
vt 0.656913 0.695289
vt 0.661300 0.698900
vt 0.662200 0.703400
vt 0.658820 0.695731
vt 0.660731 0.696228
vt 0.653100 0.703100
vt 0.657800 0.705100
vt 0.662700 0.707600
vt 0.665700 0.700800
vt 0.667000 0.705900
vt 0.667900 0.710500
vt 0.668100 0.714600
vt 0.662700 0.711300
vt 0.657600 0.708700
vt 0.662400 0.715100
vt 0.657200 0.712300
vt 0.667800 0.718400
vt 0.673300 0.722200
vt 0.673700 0.718300
vt 0.673400 0.714000
vt 0.679200 0.717800
vt 0.679400 0.722400
vt 0.678600 0.726200
vt 0.672100 0.708700
vt 0.677400 0.711700
vt 0.685800 0.722400
vt 0.684700 0.726800
vt 0.682500 0.714200
vt 0.679500 0.706700
vt 0.674900 0.704800
vt 0.670200 0.702800
vt 0.686900 0.715200
vt 0.690000 0.721900
vt 0.684200 0.708200
vt 0.680101 0.705339
vt 0.683941 0.707454
vt 0.678706 0.704573
vt 0.676976 0.703576
vt 0.673757 0.701836
vt 0.671052 0.700559
vt 0.669061 0.699437
vt 0.666639 0.698320
vt 0.664751 0.697597
vt 0.662817 0.696965
vt 0.686162 0.708723
vt 0.688505 0.710043
vt 0.689074 0.710391
vt 0.691000 0.715500
vt 0.690572 0.711284
vt 0.694167 0.713328
vt 0.694900 0.715700
vt 0.693500 0.721400
vt 0.697000 0.721000
vt 0.698154 0.715621
vt 0.699223 0.716282
vt 0.700600 0.720500
vt 0.695730 0.714180
vt 0.701878 0.717945
vt 0.704438 0.719684
vt 0.704500 0.719900
vt 0.704722 0.719863
vt 0.707389 0.721501
vt 0.709901 0.723122
vt 0.706000 0.724000
vt 0.710046 0.723218
vt 0.711500 0.726900
vt 0.707800 0.728000
vt 0.704300 0.729100
vt 0.702400 0.724900
vt 0.699100 0.725800
vt 0.701300 0.730200
vt 0.709600 0.731700
vt 0.706400 0.732900
vt 0.703600 0.734200
vt 0.698600 0.731300
vt 0.701200 0.735500
vt 0.696100 0.726700
vt 0.699100 0.736900
vt 0.696200 0.732600
vt 0.693100 0.727600
vt 0.694200 0.734100
vt 0.690700 0.729100
vt 0.692500 0.736000
vt 0.689000 0.731400
vt 0.683500 0.730300
vt 0.687600 0.734300
vt 0.691100 0.738300
vt 0.697300 0.738500
vt 0.695700 0.740100
vt 0.694300 0.742100
vt 0.689600 0.741100
vt 0.686100 0.737600
vt 0.692800 0.744600
vt 0.697300 0.745800
vt 0.696000 0.748100
vt 0.698700 0.744000
vt 0.701800 0.747800
vt 0.700500 0.749500
vt 0.699300 0.751700
vt 0.694500 0.751200
vt 0.697800 0.754600
vt 0.691300 0.747900
vt 0.701200 0.757900
vt 0.702500 0.755200
vt 0.703800 0.753100
vt 0.696200 0.758400
vt 0.692800 0.755300
vt 0.699500 0.761600
vt 0.690900 0.760200
vt 0.694300 0.763000
vt 0.697700 0.765900
vt 0.704400 0.761200
vt 0.702800 0.764600
vt 0.701000 0.768600
vt 0.695900 0.770600
vt 0.692500 0.768100
vt 0.699300 0.773000
vt 0.704200 0.771100
vt 0.702500 0.775200
vt 0.705900 0.767400
vt 0.708600 0.769800
vt 0.707100 0.773300
vt 0.705600 0.777100
vt 0.701000 0.779500
vt 0.704300 0.781000
vt 0.697600 0.777700
vt 0.707500 0.782300
vt 0.708500 0.778600
vt 0.709700 0.775200
vt 0.712200 0.776800
vt 0.711200 0.779900
vt 0.710600 0.783200
vt 0.711100 0.772000
vt 0.713300 0.773900
vt 0.712500 0.769300
vt 0.714600 0.771400
vt 0.710100 0.766900
vt 0.714400 0.778100
vt 0.715400 0.775600
vt 0.716500 0.773500
vt 0.715700 0.769400
vt 0.717700 0.771700
vt 0.713600 0.767100
vt 0.718800 0.770200
vt 0.716900 0.767800
vt 0.714700 0.765300
vt 0.715800 0.763800
vt 0.718000 0.766400
vt 0.720000 0.768900
vt 0.712400 0.762700
vt 0.713400 0.761000
vt 0.711300 0.764600
vt 0.709800 0.759800
vt 0.710800 0.758100
vt 0.708700 0.761800
vt 0.716900 0.762300
vt 0.714500 0.759500
vt 0.711900 0.756500
vt 0.706900 0.756600
vt 0.707900 0.754900
vt 0.709000 0.753300
vt 0.713000 0.754800
vt 0.715600 0.757800
vt 0.710300 0.751600
vt 0.706100 0.749900
vt 0.707500 0.748200
vt 0.704900 0.751400
vt 0.703100 0.746200
vt 0.704600 0.744600
vt 0.700100 0.742400
vt 0.705700 0.758600
vt 0.707400 0.764200
vt 0.701800 0.740900
vt 0.709000 0.746500
vt 0.706400 0.743000
vt 0.703700 0.739400
vt 0.708400 0.741500
vt 0.710900 0.744900
vt 0.706000 0.737900
vt 0.713200 0.743300
vt 0.710800 0.740000
vt 0.708600 0.736500
vt 0.713500 0.748100
vt 0.711700 0.749800
vt 0.715600 0.746500
vt 0.714400 0.753000
vt 0.716000 0.751200
vt 0.718000 0.749600
vt 0.718500 0.754300
vt 0.716900 0.756000
vt 0.719500 0.759000
vt 0.721100 0.757300
vt 0.718100 0.760600
vt 0.721900 0.761900
vt 0.720400 0.763500
vt 0.719200 0.765000
vt 0.721300 0.767600
vt 0.722700 0.766300
vt 0.724800 0.769300
vt 0.723300 0.770300
vt 0.721900 0.771400
vt 0.725000 0.772900
vt 0.723700 0.773800
vt 0.726600 0.772200
vt 0.728500 0.771400
vt 0.726500 0.768200
vt 0.724200 0.765000
vt 0.728000 0.774800
vt 0.726500 0.775100
vt 0.730000 0.774600
vt 0.730600 0.770600
vt 0.732400 0.774300
vt 0.728400 0.767000
vt 0.730800 0.777400
vt 0.728700 0.777000
vt 0.733300 0.777800
vt 0.733000 0.769500
vt 0.735200 0.773500
vt 0.736900 0.778200
vt 0.735700 0.767800
vt 0.738100 0.771600
vt 0.740500 0.775200
vt 0.738400 0.765800
vt 0.741200 0.769200
vt 0.743800 0.772400
vt 0.746200 0.775300
vt 0.742800 0.778200
vt 0.739700 0.781100
vt 0.741900 0.783800
vt 0.745000 0.781000
vt 0.748400 0.778000
vt 0.747200 0.769700
vt 0.749700 0.772400
vt 0.752000 0.775000
vt 0.754200 0.777600
vt 0.750500 0.780700
vt 0.747100 0.783700
vt 0.752500 0.783500
vt 0.756200 0.780400
vt 0.749000 0.786500
vt 0.745800 0.789300
vt 0.743900 0.786500
vt 0.742900 0.791900
vt 0.741000 0.789100
vt 0.739100 0.786500
vt 0.740200 0.794400
vt 0.738300 0.791500
vt 0.736500 0.789000
vt 0.734800 0.786700
vt 0.737200 0.784000
vt 0.733000 0.784800
vt 0.735000 0.782000
vt 0.733900 0.791400
vt 0.732300 0.789100
vt 0.730800 0.787100
vt 0.728200 0.789200
vt 0.729700 0.791300
vt 0.731200 0.793600
vt 0.726700 0.793400
vt 0.725400 0.791100
vt 0.728100 0.795800
vt 0.722300 0.792900
vt 0.723400 0.795300
vt 0.724700 0.797800
vt 0.719800 0.797000
vt 0.718800 0.794300
vt 0.721000 0.799600
vt 0.726100 0.800500
vt 0.722300 0.802400
vt 0.729600 0.798400
vt 0.716900 0.801200
vt 0.718100 0.804100
vt 0.715900 0.798300
vt 0.712400 0.802400
vt 0.711600 0.799400
vt 0.713400 0.805500
vt 0.719500 0.807200
vt 0.714800 0.808700
vt 0.723900 0.805400
vt 0.721400 0.810600
vt 0.716600 0.812000
vt 0.725800 0.808800
vt 0.727800 0.803500
vt 0.729800 0.806800
vt 0.731400 0.801300
vt 0.733400 0.804600
vt 0.734600 0.799000
vt 0.732800 0.796200
vt 0.736600 0.802300
vt 0.735600 0.793900
vt 0.737500 0.796700
vt 0.739500 0.799900
vt 0.742200 0.797600
vt 0.744900 0.795100
vt 0.744300 0.801000
vt 0.747000 0.798500
vt 0.741700 0.803400
vt 0.749100 0.802000
vt 0.746600 0.804600
vt 0.744000 0.807000
vt 0.738800 0.805800
vt 0.741200 0.809400
vt 0.748900 0.808200
vt 0.746400 0.810700
vt 0.743600 0.813000
vt 0.751100 0.811800
vt 0.748700 0.814300
vt 0.746000 0.816600
vt 0.748600 0.820200
vt 0.751200 0.817900
vt 0.753500 0.815500
vt 0.756200 0.819400
vt 0.753900 0.821800
vt 0.751400 0.824000
vt 0.759300 0.823700
vt 0.757000 0.826000
vt 0.754500 0.828100
vt 0.755800 0.813000
vt 0.758400 0.817000
vt 0.761400 0.821500
vt 0.765000 0.826400
vt 0.762800 0.828500
vt 0.760600 0.830600
vt 0.766700 0.833600
vt 0.764400 0.835500
vt 0.768900 0.831600
vt 0.763600 0.819100
vt 0.767200 0.824300
vt 0.771100 0.829700
vt 0.775000 0.834900
vt 0.772700 0.836700
vt 0.770500 0.838500
vt 0.774000 0.843000
vt 0.776300 0.841400
vt 0.778600 0.839800
vt 0.768300 0.840300
vt 0.771800 0.844700
vt 0.769600 0.846600
vt 0.766000 0.842200
vt 0.762100 0.837500
vt 0.767300 0.848500
vt 0.763600 0.844200
vt 0.759600 0.839600
vt 0.755600 0.834800
vt 0.758200 0.832700
vt 0.751800 0.830300
vt 0.748700 0.832400
vt 0.752700 0.836900
vt 0.756900 0.841600
vt 0.754100 0.843700
vt 0.749600 0.838900
vt 0.745400 0.834400
vt 0.751200 0.845700
vt 0.746500 0.840800
vt 0.742000 0.836200
vt 0.741800 0.830300
vt 0.745300 0.828300
vt 0.738000 0.832000
vt 0.738400 0.837700
vt 0.734100 0.833500
vt 0.743200 0.842500
vt 0.734500 0.828300
vt 0.738500 0.826600
vt 0.730300 0.829700
vt 0.734700 0.839200
vt 0.730100 0.834800
vt 0.726000 0.830900
vt 0.726100 0.836000
vt 0.721600 0.832000
vt 0.731100 0.840500
vt 0.717400 0.832900
vt 0.722200 0.837100
vt 0.727600 0.841700
vt 0.713200 0.829200
vt 0.717700 0.828300
vt 0.722300 0.827300
vt 0.718600 0.838200
vt 0.713500 0.833900
vt 0.709000 0.830000
vt 0.709500 0.825600
vt 0.705000 0.826400
vt 0.714200 0.824700
vt 0.709900 0.835000
vt 0.705200 0.831000
vt 0.701000 0.827300
vt 0.701500 0.822800
vt 0.706200 0.822000
vt 0.697300 0.823700
vt 0.697500 0.828500
vt 0.693600 0.824800
vt 0.701900 0.832200
vt 0.694600 0.830100
vt 0.699100 0.833700
vt 0.690500 0.826500
vt 0.704100 0.837700
vt 0.706800 0.836200
vt 0.715200 0.839300
vt 0.712300 0.840600
vt 0.709700 0.842000
vt 0.707800 0.843700
vt 0.702100 0.839500
vt 0.697000 0.835700
vt 0.700500 0.841600
vt 0.695400 0.838000
vt 0.706200 0.845600
vt 0.716100 0.847000
vt 0.714200 0.848600
vt 0.712700 0.850400
vt 0.705000 0.847800
vt 0.699300 0.843900
vt 0.711400 0.852400
vt 0.721300 0.854400
vt 0.719900 0.856100
vt 0.718600 0.857900
vt 0.727300 0.862100
vt 0.728800 0.860500
vt 0.726100 0.863700
vt 0.730400 0.858900
vt 0.723100 0.852800
vt 0.737400 0.864900
vt 0.735900 0.866400
vt 0.734500 0.868000
vt 0.725300 0.851300
vt 0.732400 0.857400
vt 0.739200 0.863300
vt 0.743500 0.870100
vt 0.742100 0.871700
vt 0.745100 0.868500
vt 0.746900 0.866800
vt 0.741100 0.861700
vt 0.734600 0.855900
vt 0.737100 0.854300
vt 0.743300 0.860000
vt 0.748800 0.865100
vt 0.727800 0.849900
vt 0.730600 0.848500
vt 0.739700 0.852700
vt 0.733600 0.847100
vt 0.745600 0.858200
vt 0.742500 0.851100
vt 0.748100 0.856400
vt 0.736700 0.845700
vt 0.724300 0.843000
vt 0.721200 0.844200
vt 0.718400 0.845600
vt 0.740000 0.844100
vt 0.745400 0.849400
vt 0.748300 0.847600
vt 0.753300 0.852500
vt 0.750600 0.854500
vt 0.755400 0.859200
vt 0.757700 0.857100
vt 0.753100 0.861200
vt 0.759200 0.863100
vt 0.757000 0.865200
vt 0.761400 0.860900
vt 0.760100 0.854900
vt 0.755900 0.850500
vt 0.763600 0.858700
vt 0.762300 0.866400
vt 0.764400 0.864200
vt 0.766600 0.862000
vt 0.769200 0.865000
vt 0.767000 0.867200
vt 0.765000 0.869400
vt 0.771600 0.868000
vt 0.769500 0.870200
vt 0.767400 0.872300
vt 0.774000 0.871100
vt 0.771900 0.873200
vt 0.769900 0.875400
vt 0.765400 0.874300
vt 0.763000 0.871500
vt 0.767900 0.877300
vt 0.772400 0.878600
vt 0.774400 0.876500
vt 0.770300 0.880600
vt 0.763500 0.876200
vt 0.765900 0.879100
vt 0.768200 0.882200
vt 0.774900 0.882100
vt 0.772800 0.884200
vt 0.770500 0.885700
vt 0.768000 0.886400
vt 0.766100 0.883400
vt 0.763900 0.880500
vt 0.764000 0.884200
vt 0.762100 0.881800
vt 0.765500 0.886700
vt 0.772700 0.890200
vt 0.769000 0.889500
vt 0.766300 0.889100
vt 0.764200 0.888800
vt 0.763500 0.887000
vt 0.762100 0.885000
vt 0.760400 0.885900
vt 0.761800 0.887500
vt 0.762700 0.888700
vt 0.760300 0.882900
vt 0.758700 0.884100
vt 0.756700 0.882100
vt 0.758200 0.880700
vt 0.759900 0.879300
vt 0.761600 0.877800
vt 0.755900 0.878400
vt 0.757500 0.876900
vt 0.759200 0.875200
vt 0.761000 0.873400
vt 0.758300 0.870500
vt 0.756500 0.872400
vt 0.754800 0.874200
vt 0.760300 0.868500
vt 0.755000 0.867200
vt 0.750900 0.863200
vt 0.753100 0.869100
vt 0.751300 0.870900
vt 0.753200 0.875800
vt 0.749700 0.872600
vt 0.751700 0.877400
vt 0.748200 0.874200
vt 0.754500 0.879900
vt 0.753200 0.881400
vt 0.750400 0.878900
vt 0.746800 0.875800
vt 0.749100 0.880400
vt 0.751900 0.882900
vt 0.745500 0.877300
vt 0.740700 0.873200
vt 0.744300 0.878800
vt 0.739500 0.874700
vt 0.733200 0.869500
vt 0.738200 0.876200
vt 0.732000 0.871100
vt 0.743000 0.880300
vt 0.725000 0.865500
vt 0.736900 0.877800
vt 0.730800 0.872800
vt 0.723800 0.867300
vt 0.716600 0.861700
vt 0.717600 0.859700
vt 0.710400 0.854400
vt 0.709500 0.856600
vt 0.704100 0.850000
vt 0.703200 0.852500
vt 0.708700 0.859000
vt 0.702500 0.855100
vt 0.715600 0.863800
vt 0.714600 0.866100
vt 0.707900 0.861400
vt 0.701800 0.857800
vt 0.722700 0.869100
vt 0.721600 0.871200
vt 0.707100 0.864100
vt 0.713600 0.868400
vt 0.720400 0.873300
vt 0.712600 0.871000
vt 0.706300 0.866800
vt 0.719100 0.875700
vt 0.726900 0.878300
vt 0.725400 0.880500
vt 0.728300 0.876300
vt 0.732600 0.882900
vt 0.734200 0.881100
vt 0.730900 0.885000
vt 0.717700 0.878100
vt 0.723900 0.882800
vt 0.729300 0.887200
vt 0.728000 0.889800
vt 0.722500 0.885400
vt 0.716300 0.880600
vt 0.711400 0.873500
vt 0.709900 0.875900
vt 0.714800 0.883200
vt 0.708400 0.878300
vt 0.721300 0.888100
vt 0.705400 0.869500
vt 0.704100 0.872000
vt 0.701900 0.873400
vt 0.771500 0.807600
vt 0.776200 0.814700
vt 0.774100 0.817300
vt 0.770400 0.811300
vt 0.781000 0.821800
vt 0.778500 0.823800
vt 0.768300 0.814200
vt 0.771900 0.819800
vt 0.776000 0.825700
vt 0.785800 0.828900
vt 0.782900 0.830100
vt 0.780000 0.831500
vt 0.773500 0.827700
vt 0.769600 0.822100
vt 0.777400 0.833200
vt 0.783800 0.836700
vt 0.786800 0.835700
vt 0.781100 0.838100
vt 0.787000 0.840900
vt 0.784200 0.842300
vt 0.781700 0.843800
vt 0.779300 0.845300
vt 0.784300 0.847300
vt 0.781900 0.848800
vt 0.786900 0.845800
vt 0.786700 0.850400
vt 0.784300 0.851900
vt 0.789300 0.849000
vt 0.789700 0.844300
vt 0.792100 0.847400
vt 0.794500 0.850500
vt 0.791600 0.852000
vt 0.788900 0.853500
vt 0.796800 0.853700
vt 0.793900 0.855200
vt 0.791200 0.856700
vt 0.786500 0.855000
vt 0.788800 0.858200
vt 0.793500 0.860100
vt 0.791100 0.861600
vt 0.796200 0.858600
vt 0.795900 0.863600
vt 0.793500 0.865100
vt 0.798600 0.862200
vt 0.799100 0.857100
vt 0.801500 0.860700
vt 0.803900 0.864300
vt 0.801000 0.865800
vt 0.798400 0.867300
vt 0.803600 0.869600
vt 0.801100 0.871100
vt 0.806300 0.868100
vt 0.804000 0.875200
vt 0.806400 0.873700
vt 0.809000 0.872200
vt 0.812000 0.876600
vt 0.809600 0.878200
vt 0.807300 0.879800
vt 0.811600 0.870600
vt 0.814200 0.874700
vt 0.809200 0.866600
vt 0.815700 0.881500
vt 0.817600 0.879500
vt 0.813400 0.883300
vt 0.822400 0.885300
vt 0.820200 0.887300
vt 0.818000 0.889000
vt 0.811200 0.884900
vt 0.815700 0.890700
vt 0.809100 0.886400
vt 0.805200 0.881200
vt 0.813600 0.892200
vt 0.820500 0.896700
vt 0.818400 0.898300
vt 0.822800 0.895000
vt 0.827500 0.900700
vt 0.825200 0.902400
vt 0.823000 0.904100
vt 0.816400 0.899900
vt 0.821000 0.905800
vt 0.811600 0.893800
vt 0.819100 0.907600
vt 0.814500 0.901600
vt 0.809700 0.895400
vt 0.807100 0.887900
vt 0.805200 0.889500
vt 0.803300 0.891200
vt 0.807800 0.897200
vt 0.812600 0.903500
vt 0.810700 0.905500
vt 0.805900 0.899200
vt 0.801400 0.893200
vt 0.799300 0.886000
vt 0.801200 0.884300
vt 0.797400 0.887900
vt 0.799400 0.895200
vt 0.795400 0.889900
vt 0.804000 0.901300
vt 0.797400 0.897400
vt 0.793400 0.892100
vt 0.802000 0.903500
vt 0.808800 0.907600
vt 0.806800 0.909900
vt 0.804700 0.912200
vt 0.800000 0.905800
vt 0.795400 0.899600
vt 0.813300 0.913700
vt 0.811300 0.916000
vt 0.809200 0.918300
vt 0.807000 0.920700
vt 0.802500 0.914500
vt 0.797800 0.908100
vt 0.800300 0.916800
vt 0.795600 0.910300
vt 0.804700 0.923000
vt 0.808500 0.928400
vt 0.810900 0.926100
vt 0.813200 0.923700
vt 0.802300 0.925200
vt 0.798000 0.919000
vt 0.806100 0.930700
vt 0.811400 0.932500
vt 0.808800 0.934800
vt 0.813800 0.930100
vt 0.813500 0.935600
vt 0.816000 0.933200
vt 0.810900 0.937900
vt 0.803500 0.932800
vt 0.806200 0.937000
vt 0.808200 0.940200
vt 0.815200 0.938100
vt 0.812500 0.940400
vt 0.809800 0.942700
vt 0.807000 0.944800
vt 0.805500 0.942300
vt 0.803600 0.939100
vt 0.802800 0.944300
vt 0.804200 0.946800
vt 0.801000 0.941200
vt 0.798500 0.937000
vt 0.801000 0.934900
vt 0.795000 0.931300
vt 0.797400 0.929300
vt 0.799900 0.927300
vt 0.795600 0.921000
vt 0.793300 0.923000
vt 0.791000 0.924800
vt 0.786700 0.918100
vt 0.789000 0.916500
vt 0.791200 0.914500
vt 0.793400 0.912500
vt 0.786900 0.908300
vt 0.789000 0.906200
vt 0.784800 0.910300
vt 0.783100 0.903000
vt 0.785200 0.900900
vt 0.781100 0.905100
vt 0.782600 0.912000
vt 0.779000 0.907000
vt 0.780300 0.913200
vt 0.776900 0.908600
vt 0.784400 0.919500
vt 0.788600 0.926600
vt 0.777500 0.912900
vt 0.781900 0.920600
vt 0.786300 0.928300
vt 0.830500 0.869100
vt 0.836700 0.875400
vt 0.833600 0.877300
vt 0.827500 0.871000
vt 0.842900 0.881700
vt 0.839600 0.883500
vt 0.824500 0.872900
vt 0.830500 0.879300
vt 0.836400 0.885500
vt 0.833300 0.887400
vt 0.827500 0.881200
vt 0.821500 0.874800
vt 0.830400 0.889400
vt 0.824700 0.883200
vt 0.818500 0.876700
vt 0.827700 0.891300
vt 0.825200 0.893200
vt 0.835500 0.895000
vt 0.832600 0.897000
vt 0.830000 0.898900
vt 0.834200 0.903700
vt 0.836900 0.901800
vt 0.839800 0.899700
vt 0.831700 0.905600
vt 0.837500 0.907400
vt 0.834900 0.909400
vt 0.840200 0.905300
vt 0.840000 0.910100
vt 0.837400 0.912200
vt 0.842800 0.908000
vt 0.842000 0.912200
vt 0.839400 0.914400
vt 0.844900 0.910000
vt 0.845800 0.905800
vt 0.843200 0.903200
vt 0.847900 0.907700
vt 0.849800 0.909300
vt 0.846700 0.911700
vt 0.843900 0.914000
vt 0.851700 0.910900
vt 0.848600 0.913400
vt 0.845700 0.915800
vt 0.853600 0.912500
vt 0.850400 0.915000
vt 0.847400 0.917500
vt 0.844600 0.919900
vt 0.842900 0.918100
vt 0.841100 0.916200
vt 0.838600 0.918400
vt 0.840300 0.920300
vt 0.842000 0.922100
vt 0.846100 0.921700
vt 0.843600 0.924000
vt 0.849000 0.919300
vt 0.850400 0.921100
vt 0.847500 0.923500
vt 0.845000 0.925800
vt 0.841300 0.926100
vt 0.839700 0.924200
vt 0.842800 0.928000
vt 0.837600 0.926300
vt 0.839300 0.928200
vt 0.840900 0.930100
vt 0.839000 0.932100
vt 0.837300 0.930200
vt 0.835700 0.928300
vt 0.836000 0.924300
vt 0.838100 0.922300
vt 0.834000 0.926300
vt 0.833700 0.930300
vt 0.835400 0.932300
vt 0.832000 0.928300
vt 0.834300 0.922300
vt 0.832300 0.924200
vt 0.830300 0.926200
vt 0.831600 0.932400
vt 0.829900 0.930400
vt 0.828300 0.928400
vt 0.828600 0.924200
vt 0.830600 0.922200
vt 0.826600 0.926300
vt 0.826200 0.930600
vt 0.827800 0.932600
vt 0.824600 0.928500
vt 0.822700 0.926100
vt 0.824700 0.923900
vt 0.826700 0.921700
vt 0.820400 0.923000
vt 0.822400 0.920800
vt 0.824300 0.918700
vt 0.828600 0.919800
vt 0.826200 0.916800
vt 0.821200 0.914700
vt 0.819300 0.916800
vt 0.823100 0.912800
vt 0.830600 0.917900
vt 0.828200 0.914900
vt 0.825100 0.911000
vt 0.830300 0.913100
vt 0.832700 0.916000
vt 0.827100 0.909200
vt 0.834900 0.914200
vt 0.832500 0.911300
vt 0.829300 0.907500
vt 0.834700 0.918400
vt 0.832600 0.920300
vt 0.836900 0.916400
vt 0.836400 0.920400
vt 0.817200 0.909500
vt 0.815300 0.911500
vt 0.817300 0.919000
vt 0.815300 0.921300
vt 0.818300 0.925400
vt 0.820600 0.928400
vt 0.816100 0.927800
vt 0.818400 0.930800
vt 0.822400 0.930800
vt 0.820100 0.933200
vt 0.817700 0.935600
vt 0.816600 0.940200
vt 0.819200 0.937700
vt 0.821700 0.935300
vt 0.823200 0.937300
vt 0.820600 0.939800
vt 0.818000 0.942200
vt 0.819500 0.944200
vt 0.822100 0.941700
vt 0.824700 0.939300
vt 0.815200 0.944700
vt 0.813900 0.942500
vt 0.816700 0.946800
vt 0.821000 0.946100
vt 0.818300 0.948800
vt 0.823700 0.943500
vt 0.813800 0.949200
vt 0.815400 0.951400
vt 0.812400 0.947000
vt 0.812300 0.953700
vt 0.810900 0.951500
vt 0.809600 0.949200
vt 0.807900 0.953600
vt 0.806700 0.951300
vt 0.809200 0.955800
vt 0.817300 0.953800
vt 0.813600 0.956000
vt 0.810400 0.958000
vt 0.807400 0.960100
vt 0.806200 0.957900
vt 0.805000 0.955600
vt 0.814500 0.958300
vt 0.811600 0.960200
vt 0.808700 0.962200
vt 0.812600 0.962300
vt 0.815300 0.960600
vt 0.809900 0.964200
vt 0.804400 0.962300
vt 0.805800 0.964200
vt 0.807100 0.966200
vt 0.813700 0.964200
vt 0.811100 0.966100
vt 0.808500 0.968100
vt 0.873100 0.907300
vt 0.870300 0.909800
vt 0.868700 0.908500
vt 0.871700 0.905800
vt 0.874600 0.908800
vt 0.871900 0.911000
vt 0.809900 0.970000
vt 0.812300 0.967900
vt 0.876000 0.910200
vt 0.873500 0.912300
vt 0.871100 0.914400
vt 0.869400 0.913300
vt 0.867600 0.912200
vt 0.867200 0.915500
vt 0.865200 0.914600
vt 0.869000 0.916400
vt 0.863400 0.916900
vt 0.865500 0.917600
vt 0.867300 0.918400
vt 0.863000 0.913800
vt 0.865800 0.911100
vt 0.860900 0.916400
vt 0.864300 0.919600
vt 0.862200 0.919100
vt 0.859900 0.918900
vt 0.861600 0.921100
vt 0.863600 0.921400
vt 0.859500 0.921200
vt 0.857100 0.921800
vt 0.857200 0.919400
vt 0.857600 0.916200
vt 0.861400 0.923000
vt 0.859400 0.923200
vt 0.857200 0.923900
vt 0.854600 0.923200
vt 0.854300 0.920900
vt 0.855000 0.925300
vt 0.857500 0.925800
vt 0.859500 0.925100
vt 0.855400 0.927200
vt 0.852100 0.925100
vt 0.852700 0.927100
vt 0.853400 0.929000
vt 0.851500 0.931100
vt 0.850600 0.929200
vt 0.849700 0.927300
vt 0.847500 0.929500
vt 0.848600 0.931400
vt 0.849800 0.933300
vt 0.846300 0.927700
vt 0.848700 0.925400
vt 0.851300 0.923100
vt 0.845600 0.931700
vt 0.844200 0.929900
vt 0.846900 0.933600
vt 0.843800 0.933800
vt 0.845300 0.935600
vt 0.842400 0.932000
vt 0.848200 0.935400
vt 0.846800 0.937500
vt 0.851000 0.935200
vt 0.849700 0.937300
vt 0.848500 0.939400
vt 0.845400 0.939400
vt 0.843800 0.937600
vt 0.847200 0.941300
vt 0.850200 0.941300
vt 0.849100 0.943300
vt 0.851300 0.939200
vt 0.851900 0.943100
vt 0.851100 0.945200
vt 0.852900 0.941000
vt 0.853600 0.944600
vt 0.854400 0.942700
vt 0.853100 0.946800
vt 0.847800 0.945100
vt 0.850100 0.947100
vt 0.853100 0.949700
vt 0.855000 0.945800
vt 0.854800 0.947700
vt 0.855300 0.949600
vt 0.850400 0.950500
vt 0.848300 0.948600
vt 0.856900 0.951300
vt 0.856300 0.951900
vt 0.854100 0.952200
vt 0.852000 0.952400
vt 0.856400 0.953000
vt 0.858800 0.953500
vt 0.859100 0.952900
vt 0.858900 0.954300
vt 0.861400 0.955100
vt 0.861300 0.955700
vt 0.861300 0.954200
vt 0.859000 0.955200
vt 0.857000 0.954400
vt 0.861100 0.956200
vt 0.861000 0.956700
vt 0.859300 0.956000
vt 0.857600 0.955500
vt 0.855100 0.953900
vt 0.856000 0.955300
vt 0.856800 0.956300
vt 0.858200 0.956500
vt 0.859600 0.956800
vt 0.858700 0.957300
vt 0.857600 0.957300
vt 0.859800 0.957600
vt 0.860900 0.957300
vt 0.861000 0.957900
vt 0.862200 0.957700
vt 0.862700 0.957500
vt 0.862200 0.958300
vt 0.863200 0.957300
vt 0.859000 0.974900
vt 0.857700 0.974800
vt 0.859100 0.973900
vt 0.860400 0.974000
vt 0.861700 0.973100
vt 0.860300 0.973000
vt 0.857700 0.975800
vt 0.856400 0.975700
vt 0.863600 0.957100
vt 0.856400 0.974700
vt 0.855000 0.975600
vt 0.857800 0.973800
vt 0.853600 0.976500
vt 0.855000 0.976600
vt 0.856400 0.976700
vt 0.852100 0.976500
vt 0.853600 0.975400
vt 0.855100 0.974400
vt 0.867800 0.956200
vt 0.866000 0.956600
vt 0.865300 0.955500
vt 0.866900 0.955400
vt 0.868500 0.955000
vt 0.869700 0.955900
vt 0.850700 0.976400
vt 0.852200 0.974900
vt 0.871500 0.955600
vt 0.869700 0.954200
vt 0.868400 0.953500
vt 0.867300 0.954300
vt 0.866000 0.954600
vt 0.870500 0.952500
vt 0.871900 0.952400
vt 0.869200 0.952200
vt 0.872200 0.950000
vt 0.870900 0.950300
vt 0.869600 0.950500
vt 0.867200 0.953000
vt 0.868000 0.952000
vt 0.868400 0.950600
vt 0.868500 0.949200
vt 0.869700 0.948900
vt 0.871000 0.948300
vt 0.869200 0.947500
vt 0.868100 0.947900
vt 0.870500 0.946700
vt 0.872000 0.945100
vt 0.872300 0.947600
vt 0.873500 0.944500
vt 0.873500 0.946900
vt 0.873400 0.949300
vt 0.874400 0.943900
vt 0.874500 0.946200
vt 0.874500 0.948400
vt 0.874500 0.950600
vt 0.873200 0.951700
vt 0.874500 0.952800
vt 0.873000 0.954200
vt 0.849500 0.976700
vt 0.848000 0.975400
vt 0.849300 0.974800
vt 0.848300 0.977100
vt 0.846800 0.975800
vt 0.847800 0.973400
vt 0.846500 0.974100
vt 0.845400 0.974600
vt 0.845800 0.976200
vt 0.844400 0.975100
vt 0.847000 0.977500
vt 0.843600 0.975500
vt 0.844800 0.976600
vt 0.845800 0.977800
vt 0.877400 0.949900
vt 0.875900 0.951300
vt 0.875700 0.949500
vt 0.876700 0.948500
vt 0.876300 0.946800
vt 0.875500 0.947500
vt 0.875300 0.945500
vt 0.876000 0.944900
vt 0.876600 0.944500
vt 0.877000 0.946300
vt 0.877400 0.948000
vt 0.877500 0.946000
vt 0.877100 0.944200
vt 0.877900 0.947700
vt 0.877900 0.949700
vt 0.878400 0.949400
vt 0.845200 0.978000
vt 0.844200 0.976900
vt 0.844700 0.978300
vt 0.843600 0.977100
vt 0.844100 0.978500
vt 0.843000 0.977400
vt 0.878400 0.947500
vt 0.878900 0.949100
vt 0.879400 0.948900
vt 0.878900 0.947300
vt 0.843600 0.978700
vt 0.842100 0.977600
vt 0.841100 0.976500
vt 0.841900 0.976300
vt 0.842500 0.976100
vt 0.840200 0.975600
vt 0.840900 0.975400
vt 0.841300 0.975100
vt 0.839900 0.976700
vt 0.839100 0.975700
vt 0.840800 0.977900
vt 0.838500 0.976800
vt 0.837800 0.975600
vt 0.839200 0.978200
vt 0.839800 0.979700
vt 0.841500 0.979200
vt 0.838200 0.980100
vt 0.837500 0.978500
vt 0.836900 0.977000
vt 0.840400 0.981200
vt 0.838800 0.981800
vt 0.842000 0.980600
vt 0.840800 0.982800
vt 0.839300 0.983500
vt 0.842300 0.982000
vt 0.843700 0.981200
vt 0.843600 0.979900
vt 0.843800 0.982400
vt 0.842500 0.983400
vt 0.841200 0.984400
vt 0.843800 0.983700
vt 0.842700 0.984900
vt 0.841600 0.986000
vt 0.877300 0.942400
vt 0.877000 0.942300
vt 0.876700 0.940300
vt 0.877000 0.940400
vt 0.876800 0.938300
vt 0.876400 0.938300
vt 0.876100 0.938300
vt 0.876300 0.940300
vt 0.876700 0.942300
vt 0.876300 0.942500
vt 0.875900 0.940400
vt 0.875600 0.938400
vt 0.875700 0.942800
vt 0.875500 0.940700
vt 0.875200 0.938500
vt 0.875100 0.943300
vt 0.874900 0.941000
vt 0.874600 0.938700
vt 0.874900 0.936400
vt 0.875400 0.936300
vt 0.874400 0.936500
vt 0.874100 0.939000
vt 0.873800 0.936700
vt 0.874300 0.941500
vt 0.873400 0.939400
vt 0.873100 0.936900
vt 0.873500 0.942000
vt 0.872700 0.939800
vt 0.872400 0.937300
vt 0.872600 0.942300
vt 0.873500 0.934500
vt 0.872700 0.934600
vt 0.871700 0.934600
vt 0.871700 0.938000
vt 0.871000 0.936100
vt 0.871900 0.940100
vt 0.870400 0.937100
vt 0.871000 0.938700
vt 0.871200 0.940500
vt 0.871800 0.942300
vt 0.871100 0.942100
vt 0.870400 0.943400
vt 0.871100 0.943900
vt 0.870400 0.942200
vt 0.870600 0.940800
vt 0.869800 0.943300
vt 0.870100 0.941100
vt 0.869900 0.942200
vt 0.869200 0.943200
vt 0.870400 0.939400
vt 0.869900 0.939900
vt 0.869800 0.938000
vt 0.869300 0.938800
vt 0.869500 0.940300
vt 0.869100 0.939600
vt 0.869700 0.941300
vt 0.869000 0.940100
vt 0.869300 0.940600
vt 0.869400 0.941400
vt 0.869600 0.942200
vt 0.869400 0.942100
vt 0.869100 0.942000
vt 0.869100 0.941400
vt 0.869000 0.940800
vt 0.868900 0.941400
vt 0.868800 0.941000
vt 0.868900 0.941900
vt 0.868900 0.940400
vt 0.868700 0.940600
vt 0.868500 0.940500
vt 0.868600 0.940200
vt 0.868600 0.939800
vt 0.868200 0.940600
vt 0.868200 0.940200
vt 0.868200 0.939900
vt 0.868100 0.939600
vt 0.868600 0.939400
vt 0.867900 0.940400
vt 0.867800 0.940100
vt 0.867600 0.939900
vt 0.867800 0.939300
vt 0.867200 0.939700
vt 0.868400 0.939000
vt 0.867300 0.938900
vt 0.867900 0.938400
vt 0.866800 0.939400
vt 0.866800 0.940200
vt 0.866400 0.940000
vt 0.867200 0.940300
vt 0.866500 0.940700
vt 0.866100 0.940600
vt 0.866900 0.940800
vt 0.867400 0.940500
vt 0.867200 0.940900
vt 0.867600 0.940700
vt 0.867500 0.941000
vt 0.867800 0.940800
vt 0.868000 0.940700
vt 0.867700 0.941100
vt 0.868000 0.941100
vt 0.868300 0.941000
vt 0.868600 0.941000
vt 0.868300 0.941500
vt 0.868600 0.941500
vt 0.868000 0.941500
vt 0.868300 0.941900
vt 0.868000 0.941900
vt 0.868600 0.941900
vt 0.867700 0.941500
vt 0.867700 0.941800
vt 0.868400 0.942400
vt 0.868000 0.942200
vt 0.867800 0.942100
vt 0.868400 0.942600
vt 0.868000 0.942500
vt 0.867600 0.942200
vt 0.867500 0.941800
vt 0.867400 0.942300
vt 0.867800 0.942600
vt 0.867200 0.941900
vt 0.867100 0.941400
vt 0.867400 0.941400
vt 0.866800 0.941300
vt 0.866900 0.941800
vt 0.866400 0.941300
vt 0.866400 0.941800
vt 0.865900 0.941200
vt 0.865900 0.941800
vt 0.866700 0.942300
vt 0.866100 0.942300
vt 0.867100 0.942300
vt 0.867100 0.942800
vt 0.866400 0.942800
vt 0.867500 0.942700
vt 0.867600 0.943100
vt 0.868100 0.943000
vt 0.868300 0.942900
vt 0.868800 0.942900
vt 0.868700 0.943100
vt 0.868300 0.943300
vt 0.867500 0.943400
vt 0.866900 0.943200
vt 0.865900 0.943200
vt 0.866300 0.943500
vt 0.865600 0.942800
vt 0.865400 0.942300
vt 0.864900 0.943100
vt 0.864800 0.942700
vt 0.864700 0.942300
vt 0.864700 0.941700
vt 0.865300 0.941800
vt 0.865400 0.941100
vt 0.864800 0.941100
vt 0.864000 0.942200
vt 0.864100 0.941600
vt 0.864200 0.941000
vt 0.863300 0.942000
vt 0.863500 0.941500
vt 0.863700 0.940900
vt 0.863800 0.940100
vt 0.864400 0.940200
vt 0.865000 0.940300
vt 0.864600 0.939500
vt 0.864000 0.939400
vt 0.865200 0.939600
vt 0.864900 0.938800
vt 0.865500 0.939000
vt 0.864200 0.938700
vt 0.865800 0.939800
vt 0.866200 0.939200
vt 0.865500 0.940500
vt 0.866600 0.938600
vt 0.865900 0.938300
vt 0.866300 0.937500
vt 0.867100 0.937900
vt 0.867600 0.937200
vt 0.868500 0.937800
vt 0.866600 0.936700
vt 0.869000 0.937000
vt 0.868000 0.936200
vt 0.868300 0.935100
vt 0.869500 0.936000
vt 0.868600 0.933900
vt 0.869900 0.934800
vt 0.868700 0.932500
vt 0.870200 0.933300
vt 0.868700 0.931000
vt 0.870100 0.931700
vt 0.871400 0.932300
vt 0.867200 0.933300
vt 0.867200 0.931900
vt 0.867100 0.930400
vt 0.868500 0.929400
vt 0.870000 0.930000
vt 0.867000 0.928900
vt 0.865300 0.928500
vt 0.865500 0.930000
vt 0.865600 0.931500
vt 0.865100 0.926900
vt 0.866800 0.927300
vt 0.868400 0.927800
vt 0.868300 0.926200
vt 0.866800 0.925700
vt 0.865100 0.925300
vt 0.863400 0.926600
vt 0.863300 0.924900
vt 0.863600 0.928200
vt 0.861400 0.924800
vt 0.861600 0.926600
vt 0.861800 0.928200
vt 0.863800 0.929800
vt 0.862100 0.929800
vt 0.860000 0.928600
vt 0.859700 0.926900
vt 0.860400 0.930200
vt 0.862400 0.931300
vt 0.860900 0.931700
vt 0.864000 0.931300
vt 0.864200 0.932600
vt 0.862700 0.932700
vt 0.861300 0.933000
vt 0.863000 0.933900
vt 0.861700 0.934200
vt 0.864400 0.933900
vt 0.864400 0.935100
vt 0.863200 0.935100
vt 0.862100 0.935300
vt 0.860500 0.934900
vt 0.860000 0.933800
vt 0.861000 0.935900
vt 0.861500 0.936800
vt 0.862400 0.936300
vt 0.863400 0.936100
vt 0.863500 0.937000
vt 0.862600 0.937200
vt 0.861900 0.937700
vt 0.861200 0.938400
vt 0.860700 0.937700
vt 0.860100 0.937000
vt 0.860100 0.938800
vt 0.859500 0.938200
vt 0.860700 0.939300
vt 0.862200 0.938400
vt 0.861600 0.939000
vt 0.861300 0.939800
vt 0.862400 0.938900
vt 0.862000 0.939500
vt 0.861700 0.940100
vt 0.862800 0.938000
vt 0.862900 0.938700
vt 0.862600 0.939300
vt 0.862400 0.939800
vt 0.862900 0.939300
vt 0.863400 0.939300
vt 0.863500 0.938600
vt 0.863500 0.937900
vt 0.863300 0.940100
vt 0.862800 0.940000
vt 0.862200 0.940400
vt 0.862700 0.940600
vt 0.863100 0.940700
vt 0.863000 0.941300
vt 0.862500 0.941100
vt 0.862700 0.941800
vt 0.862200 0.941600
vt 0.861900 0.941300
vt 0.862000 0.940900
vt 0.861600 0.941300
vt 0.861600 0.940700
vt 0.861100 0.941300
vt 0.861100 0.940600
vt 0.860600 0.941200
vt 0.860500 0.940300
vt 0.861500 0.941900
vt 0.861000 0.941900
vt 0.861900 0.941800
vt 0.862100 0.942400
vt 0.862400 0.942200
vt 0.861700 0.942500
vt 0.863100 0.942400
vt 0.862900 0.942700
vt 0.863900 0.942900
vt 0.863900 0.942600
vt 0.863800 0.943200
vt 0.862700 0.942900
vt 0.861300 0.942500
vt 0.862400 0.943000
vt 0.863700 0.943400
vt 0.860400 0.941900
vt 0.860800 0.942500
vt 0.859800 0.941800
vt 0.862100 0.943100
vt 0.860300 0.942600
vt 0.861800 0.943200
vt 0.859100 0.941700
vt 0.858300 0.940600
vt 0.859200 0.940800
vt 0.859900 0.941000
vt 0.859800 0.942700
vt 0.858300 0.941800
vt 0.857300 0.940500
vt 0.858300 0.939100
vt 0.859100 0.939600
vt 0.857300 0.938700
vt 0.855800 0.940900
vt 0.857800 0.942200
vt 0.856100 0.938000
vt 0.858700 0.937500
vt 0.857900 0.936700
vt 0.857000 0.935700
vt 0.853900 0.938900
vt 0.854900 0.936500
vt 0.856000 0.934300
vt 0.855100 0.932700
vt 0.853700 0.934800
vt 0.852400 0.937000
vt 0.856700 0.930800
vt 0.857400 0.932400
vt 0.858100 0.933900
vt 0.854200 0.930900
vt 0.856000 0.929100
vt 0.852500 0.933000
vt 0.858300 0.929400
vt 0.857900 0.927700
vt 0.858800 0.931000
vt 0.859400 0.932500
vt 0.858800 0.935100
vt 0.859500 0.936100
vt 0.859900 0.940000
vt 0.863300 0.923200
vt 0.865200 0.923600
vt 0.865500 0.922000
vt 0.867200 0.922600
vt 0.866900 0.924100
vt 0.868500 0.924700
vt 0.868800 0.923200
vt 0.866200 0.920200
vt 0.867900 0.920900
vt 0.869500 0.921600
vt 0.870600 0.920000
vt 0.869000 0.919200
vt 0.871900 0.920800
vt 0.870900 0.922300
vt 0.870200 0.923800
vt 0.871500 0.924400
vt 0.872100 0.923000
vt 0.873100 0.921500
vt 0.872100 0.918300
vt 0.873500 0.919100
vt 0.874600 0.920000
vt 0.874100 0.922100
vt 0.873100 0.923500
vt 0.875500 0.920700
vt 0.876400 0.918400
vt 0.877200 0.919200
vt 0.875300 0.917500
vt 0.878600 0.916800
vt 0.879300 0.917700
vt 0.877500 0.915800
vt 0.874100 0.916500
vt 0.876200 0.914700
vt 0.878600 0.912800
vt 0.879800 0.914100
vt 0.881100 0.915400
vt 0.874900 0.913500
vt 0.877300 0.911500
vt 0.872600 0.915500
vt 0.870600 0.917400
vt 0.813600 0.969600
vt 0.811200 0.971500
vt 0.812600 0.973100
vt 0.814800 0.971200
vt 0.814800 0.966100
vt 0.815900 0.967800
vt 0.816900 0.969400
vt 0.817900 0.970800
vt 0.815900 0.972700
vt 0.813900 0.974700
vt 0.815300 0.976200
vt 0.817000 0.974000
vt 0.818900 0.972100
vt 0.819000 0.967800
vt 0.819900 0.969200
vt 0.820700 0.970400
vt 0.821400 0.971500
vt 0.819700 0.973100
vt 0.817900 0.974900
vt 0.820400 0.973900
vt 0.822000 0.972400
vt 0.818700 0.975700
vt 0.817000 0.977600
vt 0.816100 0.976900
vt 0.881400 0.916200
vt 0.881800 0.917100
vt 0.879800 0.918500
vt 0.882100 0.917900
vt 0.880200 0.919300
vt 0.819500 0.976400
vt 0.817900 0.978200
vt 0.877900 0.919900
vt 0.878400 0.920600
vt 0.876800 0.921900
vt 0.876200 0.921300
vt 0.874900 0.922700
vt 0.875500 0.923200
vt 0.874600 0.924500
vt 0.873900 0.924000
vt 0.873300 0.925300
vt 0.872500 0.924900
vt 0.874000 0.925700
vt 0.876000 0.923700
vt 0.875200 0.924900
vt 0.874600 0.926100
vt 0.874300 0.927200
vt 0.873700 0.927000
vt 0.873000 0.926600
vt 0.872900 0.928000
vt 0.873600 0.928200
vt 0.874200 0.928500
vt 0.874900 0.927500
vt 0.874800 0.928700
vt 0.875200 0.926400
vt 0.875300 0.928800
vt 0.875400 0.927700
vt 0.875600 0.926600
vt 0.875600 0.925300
vt 0.876000 0.925600
vt 0.876100 0.926900
vt 0.875900 0.927900
vt 0.876300 0.925900
vt 0.876700 0.924600
vt 0.876400 0.924200
vt 0.876900 0.925000
vt 0.876400 0.927100
vt 0.876500 0.926300
vt 0.876500 0.925400
vt 0.877900 0.923600
vt 0.878000 0.924100
vt 0.878000 0.924700
vt 0.828600 0.989600
vt 0.827200 0.987500
vt 0.828500 0.987500
vt 0.829800 0.989600
vt 0.825800 0.985400
vt 0.827300 0.985400
vt 0.879600 0.923900
vt 0.879400 0.923300
vt 0.824400 0.983300
vt 0.826200 0.983400
vt 0.881000 0.922400
vt 0.881100 0.923200
vt 0.879300 0.922600
vt 0.880900 0.921600
vt 0.882600 0.922500
vt 0.882600 0.921600
vt 0.882500 0.920600
vt 0.880700 0.920800
vt 0.882500 0.919700
vt 0.879100 0.922000
vt 0.882400 0.918800
vt 0.880500 0.920100
vt 0.878800 0.921300
vt 0.877600 0.923100
vt 0.877200 0.922500
vt 0.818700 0.978900
vt 0.820300 0.977000
vt 0.821100 0.977600
vt 0.819800 0.979500
vt 0.821700 0.975300
vt 0.822400 0.975800
vt 0.821100 0.974600
vt 0.820900 0.980000
vt 0.822000 0.978100
vt 0.823100 0.976400
vt 0.823100 0.973700
vt 0.823700 0.974300
vt 0.824200 0.974800
vt 0.825200 0.973700
vt 0.824800 0.973100
vt 0.824400 0.972500
vt 0.825600 0.971700
vt 0.825900 0.972300
vt 0.826200 0.972900
vt 0.826400 0.973600
vt 0.825500 0.974300
vt 0.824700 0.975400
vt 0.825800 0.974800
vt 0.825400 0.975700
vt 0.826400 0.974600
vt 0.824800 0.977200
vt 0.823900 0.976800
vt 0.822900 0.978600
vt 0.824000 0.979000
vt 0.825900 0.977400
vt 0.825500 0.979200
vt 0.826200 0.975800
vt 0.827100 0.977400
vt 0.827000 0.979300
vt 0.827200 0.975700
vt 0.827300 0.974300
vt 0.827300 0.973300
vt 0.828300 0.974300
vt 0.828300 0.975700
vt 0.828200 0.973200
vt 0.827100 0.972500
vt 0.828100 0.972300
vt 0.829100 0.972300
vt 0.829200 0.973100
vt 0.829400 0.974300
vt 0.830100 0.972300
vt 0.830300 0.973100
vt 0.830500 0.974300
vt 0.831700 0.974300
vt 0.831400 0.973200
vt 0.831300 0.972300
vt 0.832500 0.972500
vt 0.832700 0.973300
vt 0.832900 0.974300
vt 0.833800 0.972600
vt 0.834000 0.973400
vt 0.834300 0.974300
vt 0.831100 0.971700
vt 0.832400 0.971800
vt 0.833800 0.972000
vt 0.835300 0.972300
vt 0.835400 0.972900
vt 0.835500 0.973600
vt 0.837000 0.973200
vt 0.837000 0.972700
vt 0.837100 0.973800
vt 0.837200 0.972200
vt 0.835400 0.971800
vt 0.833800 0.971500
vt 0.838700 0.973300
vt 0.838600 0.973700
vt 0.839000 0.972800
vt 0.840000 0.974300
vt 0.840300 0.973900
vt 0.840700 0.973500
vt 0.839800 0.974700
vt 0.838500 0.974200
vt 0.841800 0.974800
vt 0.843000 0.975800
vt 0.842300 0.974400
vt 0.841300 0.973100
vt 0.842900 0.974000
vt 0.843800 0.973500
vt 0.842000 0.972500
vt 0.839400 0.972300
vt 0.840100 0.971700
vt 0.843000 0.971700
vt 0.844900 0.972800
vt 0.840800 0.971000
vt 0.838000 0.971200
vt 0.837500 0.971700
vt 0.838500 0.970500
vt 0.839100 0.969900
vt 0.841600 0.970200
vt 0.844500 0.970300
vt 0.839800 0.969200
vt 0.842000 0.969400
vt 0.844000 0.969000
vt 0.843900 0.968300
vt 0.842300 0.968700
vt 0.840400 0.968600
vt 0.836800 0.969300
vt 0.837700 0.968700
vt 0.838700 0.968100
vt 0.841100 0.968100
vt 0.842700 0.968200
vt 0.839600 0.967700
vt 0.837300 0.967400
vt 0.838400 0.966900
vt 0.836000 0.967800
vt 0.841700 0.967700
vt 0.840400 0.967300
vt 0.839500 0.966600
vt 0.837600 0.966000
vt 0.838800 0.965700
vt 0.836400 0.966300
vt 0.838400 0.964800
vt 0.837200 0.965000
vt 0.835900 0.965200
vt 0.835000 0.966700
vt 0.834500 0.965300
vt 0.835700 0.963900
vt 0.837000 0.963900
vt 0.834300 0.963900
vt 0.833100 0.965300
vt 0.833600 0.966800
vt 0.832800 0.963800
vt 0.835600 0.962600
vt 0.834300 0.962500
vt 0.832800 0.962300
vt 0.831600 0.965200
vt 0.831400 0.963600
vt 0.831300 0.962100
vt 0.832900 0.960800
vt 0.834400 0.961100
vt 0.831400 0.960600
vt 0.829700 0.961800
vt 0.829700 0.960300
vt 0.829900 0.963400
vt 0.828100 0.961700
vt 0.828100 0.960000
vt 0.828300 0.963300
vt 0.830100 0.965000
vt 0.828600 0.964800
vt 0.830400 0.966500
vt 0.828900 0.966300
vt 0.832000 0.966700
vt 0.834400 0.968400
vt 0.832300 0.968000
vt 0.830600 0.967800
vt 0.834200 0.969500
vt 0.832400 0.969100
vt 0.830800 0.968800
vt 0.829400 0.968600
vt 0.829200 0.967600
vt 0.830900 0.969700
vt 0.829600 0.969500
vt 0.832400 0.969900
vt 0.831000 0.970400
vt 0.829700 0.970300
vt 0.832300 0.970600
vt 0.828400 0.969500
vt 0.828100 0.968600
vt 0.828600 0.970300
vt 0.831000 0.971000
vt 0.829900 0.971000
vt 0.828800 0.970900
vt 0.827500 0.970300
vt 0.827200 0.969500
vt 0.827700 0.971000
vt 0.829000 0.971600
vt 0.827900 0.971700
vt 0.830000 0.971600
vt 0.832300 0.971200
vt 0.833900 0.970900
vt 0.834000 0.970200
vt 0.835600 0.971300
vt 0.835900 0.970700
vt 0.836300 0.970000
vt 0.826700 0.971200
vt 0.826900 0.971900
vt 0.826400 0.970600
vt 0.825200 0.971100
vt 0.824000 0.971900
vt 0.823500 0.971100
vt 0.824900 0.970300
vt 0.826100 0.969800
vt 0.823000 0.970200
vt 0.824400 0.969400
vt 0.825700 0.968900
vt 0.826900 0.968600
vt 0.825300 0.967800
vt 0.823900 0.968300
vt 0.826600 0.967500
vt 0.824700 0.966500
vt 0.826100 0.966200
vt 0.823300 0.967000
vt 0.822400 0.969200
vt 0.821700 0.967900
vt 0.820900 0.966500
vt 0.822600 0.965600
vt 0.818100 0.966200
vt 0.820100 0.964900
vt 0.822000 0.964000
vt 0.819300 0.963200
vt 0.821300 0.962300
vt 0.817100 0.964400
vt 0.823100 0.961800
vt 0.823600 0.963500
vt 0.824200 0.965100
vt 0.825200 0.963200
vt 0.825700 0.964800
vt 0.824800 0.961600
vt 0.822600 0.960000
vt 0.824500 0.959900
vt 0.820700 0.960500
vt 0.822400 0.958200
vt 0.820200 0.958500
vt 0.824400 0.958100
vt 0.817800 0.959300
vt 0.818500 0.961300
vt 0.820000 0.956300
vt 0.822500 0.956200
vt 0.817400 0.956900
vt 0.823200 0.954100
vt 0.820600 0.953900
vt 0.820100 0.950400
vt 0.822300 0.951300
vt 0.822800 0.947600
vt 0.824700 0.948800
vt 0.825400 0.945100
vt 0.827200 0.946300
vt 0.828000 0.942700
vt 0.826300 0.941100
vt 0.829700 0.944100
vt 0.826800 0.949600
vt 0.829100 0.947400
vt 0.831600 0.945300
vt 0.833500 0.946500
vt 0.831100 0.948400
vt 0.828900 0.950400
vt 0.824700 0.951900
vt 0.826900 0.952400
vt 0.831000 0.951100
vt 0.829100 0.952900
vt 0.833200 0.949400
vt 0.833100 0.952000
vt 0.831100 0.953600
vt 0.835300 0.950500
vt 0.835100 0.953000
vt 0.837400 0.951700
vt 0.833200 0.954300
vt 0.827600 0.954700
vt 0.829600 0.955200
vt 0.831600 0.955700
vt 0.830600 0.957200
vt 0.828700 0.956800
vt 0.826700 0.956500
vt 0.826300 0.958200
vt 0.828200 0.958400
vt 0.830000 0.958700
vt 0.824700 0.956300
vt 0.825500 0.954400
vt 0.826300 0.959900
vt 0.826500 0.961500
vt 0.826800 0.963200
vt 0.827100 0.964700
vt 0.827500 0.966200
vt 0.827800 0.967500
vt 0.833400 0.956300
vt 0.832300 0.957700
vt 0.831700 0.959100
vt 0.833300 0.959400
vt 0.834000 0.958100
vt 0.834800 0.959800
vt 0.835500 0.958600
vt 0.836200 0.960200
vt 0.835800 0.961400
vt 0.836800 0.959100
vt 0.837500 0.960600
vt 0.837100 0.961600
vt 0.838100 0.959600
vt 0.837000 0.962700
vt 0.838200 0.962800
vt 0.838300 0.961900
vt 0.838600 0.960900
vt 0.839700 0.961300
vt 0.839500 0.962100
vt 0.839400 0.962900
vt 0.838200 0.963800
vt 0.839400 0.963700
vt 0.840500 0.962900
vt 0.840500 0.963700
vt 0.840600 0.962200
vt 0.840500 0.964400
vt 0.839500 0.964600
vt 0.839800 0.965300
vt 0.840700 0.965000
vt 0.841600 0.964200
vt 0.841600 0.964700
vt 0.841500 0.963600
vt 0.842500 0.964000
vt 0.842500 0.963500
vt 0.842500 0.964500
vt 0.840900 0.965500
vt 0.841700 0.965200
vt 0.842500 0.964900
vt 0.843400 0.963900
vt 0.843300 0.964400
vt 0.843300 0.964800
vt 0.842500 0.965300
vt 0.841800 0.965500
vt 0.843200 0.965200
vt 0.842600 0.965600
vt 0.843200 0.965500
vt 0.842000 0.965800
vt 0.842600 0.965800
vt 0.842200 0.965900
vt 0.843100 0.965700
vt 0.841400 0.966000
vt 0.841200 0.965800
vt 0.841800 0.966200
vt 0.841500 0.966400
vt 0.841100 0.966300
vt 0.840600 0.966200
vt 0.840100 0.965900
vt 0.841100 0.966700
vt 0.840500 0.966700
vt 0.841100 0.967100
vt 0.841600 0.967000
vt 0.841600 0.966700
vt 0.842000 0.966900
vt 0.841900 0.966700
vt 0.842000 0.966500
vt 0.842200 0.966800
vt 0.842200 0.966300
vt 0.842400 0.966600
vt 0.842600 0.966400
vt 0.842400 0.966100
vt 0.842900 0.966200
vt 0.842700 0.965900
vt 0.843000 0.965900
vt 0.843500 0.966000
vt 0.843300 0.966300
vt 0.843600 0.965700
vt 0.843700 0.965500
vt 0.844200 0.965600
vt 0.844000 0.965800
vt 0.843800 0.966100
vt 0.844100 0.966200
vt 0.844300 0.966000
vt 0.844500 0.965800
vt 0.843800 0.965100
vt 0.844300 0.965200
vt 0.844700 0.965500
vt 0.843900 0.964700
vt 0.844500 0.964800
vt 0.844900 0.965000
vt 0.845200 0.965500
vt 0.844900 0.965900
vt 0.844700 0.966200
vt 0.844700 0.966600
vt 0.844900 0.966400
vt 0.845200 0.966000
vt 0.845200 0.964500
vt 0.845500 0.964800
vt 0.845700 0.965300
vt 0.845500 0.963800
vt 0.845900 0.964000
vt 0.846100 0.964300
vt 0.845700 0.963100
vt 0.846100 0.963200
vt 0.846400 0.963300
vt 0.846600 0.963500
vt 0.846200 0.964700
vt 0.845600 0.965800
vt 0.846200 0.965100
vt 0.845500 0.966400
vt 0.846700 0.963700
vt 0.845100 0.966700
vt 0.844500 0.967400
vt 0.845300 0.966800
vt 0.844200 0.967800
vt 0.846200 0.965400
vt 0.845300 0.967200
vt 0.846300 0.965600
vt 0.846500 0.965900
vt 0.845500 0.967700
vt 0.847100 0.966000
vt 0.846100 0.968000
vt 0.848100 0.966000
vt 0.847400 0.967900
vt 0.847200 0.969700
vt 0.849400 0.965900
vt 0.849100 0.967500
vt 0.849100 0.969200
vt 0.848000 0.971300
vt 0.846300 0.972000
vt 0.849800 0.970600
vt 0.850800 0.968600
vt 0.851500 0.970000
vt 0.850700 0.967100
vt 0.852500 0.968000
vt 0.852200 0.966700
vt 0.852800 0.969500
vt 0.852300 0.965500
vt 0.850800 0.965700
vt 0.853700 0.966300
vt 0.853800 0.967100
vt 0.853800 0.965200
vt 0.852500 0.964200
vt 0.853900 0.964100
vt 0.851100 0.964200
vt 0.852700 0.962900
vt 0.851300 0.962700
vt 0.854100 0.963100
vt 0.849800 0.964200
vt 0.850000 0.962500
vt 0.848600 0.964100
vt 0.848900 0.962300
vt 0.849900 0.960900
vt 0.851200 0.961300
vt 0.848700 0.960600
vt 0.848000 0.962200
vt 0.847700 0.964100
vt 0.847800 0.960300
vt 0.849700 0.959400
vt 0.848300 0.958800
vt 0.847300 0.958500
vt 0.847700 0.957100
vt 0.849500 0.957900
vt 0.846300 0.956700
vt 0.849600 0.956600
vt 0.847500 0.955500
vt 0.844500 0.954300
vt 0.846700 0.958700
vt 0.845700 0.957000
vt 0.844200 0.955900
vt 0.841200 0.954500
vt 0.839500 0.953100
vt 0.842000 0.952100
vt 0.842100 0.955700
vt 0.846300 0.952700
vt 0.848500 0.954200
vt 0.844200 0.951000
vt 0.839700 0.950500
vt 0.842000 0.949200
vt 0.848200 0.951500
vt 0.846200 0.949700
vt 0.844100 0.947900
vt 0.839900 0.947600
vt 0.842000 0.946200
vt 0.837600 0.949000
vt 0.840000 0.944500
vt 0.837800 0.946100
vt 0.835500 0.947700
vt 0.844000 0.944700
vt 0.846100 0.946600
vt 0.842000 0.942900
vt 0.843900 0.941300
vt 0.845700 0.943100
vt 0.842100 0.939500
vt 0.840200 0.941200
vt 0.840400 0.937700
vt 0.838400 0.939600
vt 0.842100 0.935800
vt 0.838700 0.936000
vt 0.840600 0.934000
vt 0.836700 0.937900
vt 0.837100 0.934200
vt 0.835000 0.936200
vt 0.833300 0.934400
vt 0.829400 0.934600
vt 0.831100 0.936500
vt 0.832800 0.938300
vt 0.828800 0.938700
vt 0.827100 0.936900
vt 0.825600 0.934900
vt 0.824000 0.932900
vt 0.830400 0.940400
vt 0.832200 0.941900
vt 0.834500 0.939900
vt 0.836300 0.941400
vt 0.834000 0.943300
vt 0.838100 0.943000
vt 0.835800 0.944700
vt 0.850100 0.953100
vt 0.851700 0.954600
vt 0.850400 0.955500
vt 0.853300 0.954100
vt 0.853100 0.955900
vt 0.852100 0.956700
vt 0.854500 0.955400
vt 0.851400 0.957700
vt 0.851100 0.958800
vt 0.852900 0.958600
vt 0.852600 0.959600
vt 0.853500 0.957800
vt 0.852600 0.960600
vt 0.851100 0.960000
vt 0.852600 0.961700
vt 0.854000 0.960200
vt 0.854000 0.961100
vt 0.854000 0.962100
vt 0.855300 0.961400
vt 0.855200 0.960600
vt 0.855400 0.962200
vt 0.855500 0.963100
vt 0.855400 0.964000
vt 0.856900 0.963000
vt 0.856900 0.963900
vt 0.856700 0.962200
vt 0.855300 0.965000
vt 0.856700 0.964700
vt 0.858300 0.964500
vt 0.858300 0.963600
vt 0.858300 0.962700
vt 0.860000 0.963700
vt 0.859200 0.963300
vt 0.860000 0.962700
vt 0.860700 0.963100
vt 0.859400 0.962200
vt 0.858000 0.965200
vt 0.856600 0.965500
vt 0.861300 0.963400
vt 0.860700 0.964000
vt 0.861400 0.962500
vt 0.860800 0.962000
vt 0.861900 0.962800
vt 0.862400 0.963200
vt 0.861800 0.963700
vt 0.861300 0.964200
vt 0.859800 0.967500
vt 0.859500 0.967700
vt 0.858600 0.967100
vt 0.858800 0.966600
vt 0.857800 0.965800
vt 0.857500 0.966600
vt 0.857400 0.967100
vt 0.858300 0.967400
vt 0.859100 0.968000
vt 0.858800 0.968200
vt 0.858100 0.967800
vt 0.857300 0.967500
vt 0.860300 0.968500
vt 0.859700 0.968600
vt 0.859300 0.968700
vt 0.858400 0.968400
vt 0.857800 0.968000
vt 0.858900 0.968800
vt 0.859100 0.969200
vt 0.859500 0.969200
vt 0.860000 0.969300
vt 0.859700 0.969900
vt 0.859300 0.969800
vt 0.858900 0.969500
vt 0.858400 0.969100
vt 0.858400 0.969900
vt 0.857900 0.969400
vt 0.858800 0.970200
vt 0.857900 0.970100
vt 0.857400 0.969700
vt 0.858100 0.970500
vt 0.859100 0.970500
vt 0.858200 0.970800
vt 0.859400 0.970700
vt 0.858300 0.971200
vt 0.860300 0.970000
vt 0.859800 0.970800
vt 0.858600 0.971600
vt 0.860900 0.970000
vt 0.857200 0.970900
vt 0.857100 0.971400
vt 0.856900 0.972200
vt 0.855800 0.971000
vt 0.856200 0.970600
vt 0.855100 0.971600
vt 0.855300 0.973000
vt 0.853800 0.972300
vt 0.858000 0.972600
vt 0.856600 0.973500
vt 0.859300 0.971800
vt 0.859100 0.972800
vt 0.860200 0.971900
vt 0.861200 0.970900
vt 0.860500 0.970900
vt 0.861500 0.970000
vt 0.862100 0.969900
vt 0.862000 0.970900
vt 0.861200 0.971900
vt 0.862800 0.969800
vt 0.863000 0.968900
vt 0.862400 0.969000
vt 0.863600 0.968700
vt 0.862900 0.970800
vt 0.863500 0.969700
vt 0.864100 0.968500
vt 0.862000 0.960200
vt 0.862400 0.960700
vt 0.861600 0.961400
vt 0.861100 0.961000
vt 0.862700 0.961200
vt 0.862000 0.961800
vt 0.860300 0.961600
vt 0.859800 0.961200
vt 0.860500 0.960600
vt 0.858900 0.961700
vt 0.857900 0.962100
vt 0.857500 0.961500
vt 0.858500 0.961200
vt 0.859200 0.960700
vt 0.857200 0.960900
vt 0.858000 0.960700
vt 0.858600 0.960300
vt 0.858000 0.959800
vt 0.857400 0.960200
vt 0.857000 0.960500
vt 0.858500 0.959400
vt 0.859100 0.959800
vt 0.859800 0.960200
vt 0.860100 0.959600
vt 0.859400 0.959300
vt 0.858800 0.959100
vt 0.861000 0.959900
vt 0.859400 0.958700
vt 0.860200 0.958900
vt 0.861100 0.959200
vt 0.862100 0.959600
vt 0.862100 0.959000
vt 0.861100 0.958600
vt 0.860100 0.958300
vt 0.862300 0.972000
vt 0.859100 0.958100
vt 0.858200 0.958000
vt 0.858600 0.958700
vt 0.857900 0.958900
vt 0.857300 0.958300
vt 0.857300 0.959300
vt 0.856500 0.958700
vt 0.856500 0.957500
vt 0.855500 0.957900
vt 0.855800 0.959200
vt 0.854700 0.958600
vt 0.856700 0.959700
vt 0.855400 0.959900
vt 0.856300 0.960300
vt 0.854200 0.959300
vt 0.854400 0.957000
vt 0.855500 0.956600
vt 0.856300 0.960900
vt 0.856500 0.961500
vt 0.863000 0.961700
vt 0.862400 0.962200
vt 0.862900 0.962700
vt 0.863400 0.962200
vt 0.861900 0.969200
vt 0.860600 0.969200
vt 0.860900 0.968400
vt 0.853800 0.973900
vt 0.852300 0.973100
vt 0.850800 0.974000
vt 0.849400 0.972700
vt 0.851000 0.971900
vt 0.852500 0.971300
vt 0.853800 0.970700
vt 0.854700 0.970300
vt 0.853900 0.969300
vt 0.855300 0.970000
vt 0.854600 0.969200
vt 0.855300 0.969100
vt 0.855800 0.969700
vt 0.856500 0.970200
vt 0.857300 0.970500
vt 0.856300 0.969500
vt 0.856900 0.969900
vt 0.857400 0.970200
vt 0.856800 0.969200
vt 0.857400 0.969000
vt 0.855800 0.969000
vt 0.856300 0.968800
vt 0.856800 0.968500
vt 0.857300 0.968200
vt 0.857900 0.968700
vt 0.857300 0.967800
vt 0.856800 0.967900
vt 0.856200 0.968000
vt 0.856500 0.967500
vt 0.855800 0.967700
vt 0.856400 0.967100
vt 0.855500 0.967400
vt 0.855200 0.967000
vt 0.856400 0.966700
vt 0.855100 0.966500
vt 0.856400 0.966100
vt 0.854700 0.967900
vt 0.854200 0.967600
vt 0.855100 0.965800
vt 0.853600 0.968300
vt 0.854400 0.968500
vt 0.855300 0.968100
vt 0.855000 0.968600
vt 0.855500 0.968600
vt 0.855800 0.968300
vt 0.837100 0.954000
vt 0.838700 0.955000
vt 0.836700 0.955900
vt 0.835000 0.955100
vt 0.839900 0.956000
vt 0.838100 0.956700
vt 0.840900 0.956900
vt 0.842700 0.956700
vt 0.839200 0.957500
vt 0.837800 0.958200
vt 0.836500 0.957600
vt 0.835100 0.956900
vt 0.840200 0.958200
vt 0.839000 0.958800
vt 0.840000 0.959400
vt 0.839200 0.960100
vt 0.841100 0.958900
vt 0.840200 0.960600
vt 0.840800 0.960000
vt 0.841600 0.960400
vt 0.841100 0.961000
vt 0.840700 0.961600
vt 0.841700 0.961800
vt 0.841600 0.962300
vt 0.841900 0.961200
vt 0.842600 0.961900
vt 0.842500 0.962400
vt 0.842600 0.961400
vt 0.842200 0.960800
vt 0.842700 0.961000
vt 0.842400 0.960000
vt 0.842900 0.960500
vt 0.843200 0.960900
vt 0.843400 0.961300
vt 0.844000 0.960700
vt 0.844200 0.961200
vt 0.843700 0.960200
vt 0.844600 0.960600
vt 0.844800 0.961000
vt 0.844400 0.960100
vt 0.843300 0.959700
vt 0.844300 0.959600
vt 0.845000 0.960500
vt 0.845100 0.960200
vt 0.845100 0.959700
vt 0.844000 0.959000
vt 0.845000 0.959200
vt 0.842900 0.959200
vt 0.842300 0.958500
vt 0.843600 0.958400
vt 0.844800 0.958600
vt 0.843200 0.957600
vt 0.844600 0.957900
vt 0.841700 0.957800
vt 0.841800 0.959500
vt 0.844300 0.957000
vt 0.845600 0.957800
vt 0.845600 0.958500
vt 0.846500 0.959000
vt 0.846400 0.959500
vt 0.847000 0.960500
vt 0.846900 0.960800
vt 0.847300 0.960300
vt 0.846400 0.960000
vt 0.845800 0.959100
vt 0.846800 0.961000
vt 0.847200 0.962200
vt 0.847000 0.962200
vt 0.846900 0.962300
vt 0.846800 0.963800
vt 0.846900 0.963900
vt 0.847500 0.962100
vt 0.847200 0.964000
vt 0.846800 0.962300
vt 0.846700 0.961200
vt 0.846600 0.962300
vt 0.846500 0.961400
vt 0.846300 0.962300
vt 0.846200 0.961600
vt 0.845800 0.962400
vt 0.845800 0.961800
vt 0.845600 0.961200
vt 0.846000 0.960900
vt 0.846300 0.960700
vt 0.845400 0.960800
vt 0.845700 0.960500
vt 0.845800 0.960100
vt 0.846400 0.960300
vt 0.845800 0.959600
vt 0.845000 0.961400
vt 0.844300 0.961700
vt 0.845200 0.962000
vt 0.844400 0.962100
vt 0.843500 0.961800
vt 0.843500 0.962300
vt 0.844400 0.962700
vt 0.843500 0.962800
vt 0.845200 0.962500
vt 0.844300 0.963200
vt 0.843500 0.963300
vt 0.845100 0.963100
vt 0.844200 0.963800
vt 0.844900 0.963700
vt 0.844700 0.964300
vt 0.844100 0.964300
vt 0.842500 0.962900
vt 0.841500 0.962900
vt 0.843000 0.967800
vt 0.842100 0.967500
vt 0.843200 0.967600
vt 0.844200 0.967500
vt 0.842400 0.967300
vt 0.843200 0.967400
vt 0.844000 0.967400
vt 0.844500 0.967100
vt 0.844700 0.967000
vt 0.844200 0.967000
vt 0.844400 0.966700
vt 0.843800 0.967300
vt 0.844100 0.966700
vt 0.843900 0.967000
vt 0.843700 0.967100
vt 0.844100 0.966400
vt 0.844400 0.966300
vt 0.843600 0.966600
vt 0.843700 0.966300
vt 0.843100 0.966500
vt 0.843500 0.966900
vt 0.843000 0.966800
vt 0.842800 0.967000
vt 0.843300 0.967100
vt 0.843300 0.967300
vt 0.842600 0.967100
vt 0.816200 0.962600
vt 0.822600 0.973100
vt 0.839500 0.975000
vt 0.838600 0.974800
vt 0.837300 0.974600
vt 0.835800 0.974400
vt 0.836300 0.975600
vt 0.834800 0.975600
vt 0.835300 0.977100
vt 0.835900 0.978800
vt 0.834400 0.979000
vt 0.833800 0.977200
vt 0.833300 0.975600
vt 0.832400 0.977300
vt 0.832000 0.975700
vt 0.832900 0.979100
vt 0.833400 0.981100
vt 0.835000 0.980800
vt 0.836600 0.980500
vt 0.831900 0.981300
vt 0.831400 0.979300
vt 0.831000 0.977400
vt 0.829700 0.977500
vt 0.829900 0.979400
vt 0.830300 0.981400
vt 0.830700 0.975700
vt 0.829500 0.975700
vt 0.828300 0.977500
vt 0.828500 0.979400
vt 0.827200 0.981400
vt 0.828800 0.981400
vt 0.825500 0.981300
vt 0.829500 0.983400
vt 0.827900 0.983400
vt 0.828800 0.985500
vt 0.830300 0.985500
vt 0.823000 0.981200
vt 0.831200 0.987500
vt 0.829900 0.987500
vt 0.831000 0.989600
vt 0.832300 0.989600
vt 0.876400 0.928000
vt 0.876400 0.928900
vt 0.875900 0.928900
vt 0.833500 0.989600
vt 0.832600 0.987500
vt 0.876400 0.930200
vt 0.875800 0.930100
vt 0.875300 0.930000
vt 0.875400 0.931400
vt 0.875900 0.931500
vt 0.876300 0.931600
vt 0.874800 0.929900
vt 0.874800 0.931200
vt 0.874300 0.931100
vt 0.874200 0.929700
vt 0.873700 0.931000
vt 0.873600 0.929600
vt 0.872900 0.929400
vt 0.873000 0.930900
vt 0.872200 0.930700
vt 0.872000 0.929100
vt 0.872000 0.927700
vt 0.873200 0.932600
vt 0.872400 0.932500
vt 0.873900 0.932600
vt 0.874100 0.934400
vt 0.871200 0.930400
vt 0.869800 0.928300
vt 0.871000 0.928800
vt 0.871000 0.927300
vt 0.869800 0.926800
vt 0.869900 0.925300
vt 0.871100 0.925800
vt 0.872100 0.926200
vt 0.874400 0.932700
vt 0.874600 0.934400
vt 0.875000 0.932700
vt 0.875100 0.934400
vt 0.875600 0.934400
vt 0.875400 0.932800
vt 0.875900 0.932900
vt 0.876000 0.934400
vt 0.876300 0.932900
vt 0.876300 0.934200
vt 0.876200 0.936300
vt 0.875800 0.936300
vt 0.876600 0.936300
vt 0.840500 0.987200
vt 0.839900 0.985400
vt 0.839300 0.988400
vt 0.838600 0.986200
vt 0.837900 0.984200
vt 0.837200 0.982300
vt 0.836400 0.984700
vt 0.835700 0.982700
vt 0.837100 0.986700
vt 0.834800 0.985000
vt 0.834100 0.983000
vt 0.835600 0.987000
vt 0.837900 0.988700
vt 0.836400 0.989000
vt 0.835000 0.989300
vt 0.834100 0.987300
vt 0.833300 0.985200
vt 0.831800 0.985400
vt 0.831000 0.983400
vt 0.832500 0.983200
vt 0.821900 0.980600
vt 0.856700 0.943100
vt 0.855600 0.944200
vt 0.858100 0.943100
vt 0.859600 0.943000
vt 0.859700 0.943600
vt 0.860100 0.944300
vt 0.858700 0.944200
vt 0.857600 0.944500
vt 0.860400 0.945100
vt 0.859300 0.945100
vt 0.858400 0.945500
vt 0.861600 0.944700
vt 0.861700 0.945300
vt 0.861400 0.944100
vt 0.860800 0.945800
vt 0.861900 0.945900
vt 0.859900 0.945900
vt 0.862000 0.946400
vt 0.861100 0.946400
vt 0.860300 0.946500
vt 0.861300 0.946900
vt 0.860600 0.947000
vt 0.862000 0.947000
vt 0.862800 0.947100
vt 0.862900 0.946600
vt 0.863000 0.946100
vt 0.862000 0.947500
vt 0.861400 0.947500
vt 0.862700 0.947600
vt 0.862500 0.948200
vt 0.861900 0.948000
vt 0.861400 0.948000
vt 0.860800 0.947500
vt 0.860900 0.948000
vt 0.860100 0.947300
vt 0.860400 0.947700
vt 0.860600 0.948000
vt 0.860800 0.948500
vt 0.860400 0.948400
vt 0.861300 0.948600
vt 0.860300 0.948900
vt 0.860700 0.949000
vt 0.861100 0.949200
vt 0.861800 0.948700
vt 0.861600 0.949300
vt 0.861400 0.949900
vt 0.861000 0.949700
vt 0.860500 0.949500
vt 0.860800 0.950200
vt 0.861300 0.950500
vt 0.860400 0.950000
vt 0.860100 0.949700
vt 0.860200 0.949400
vt 0.859800 0.949800
vt 0.859800 0.949300
vt 0.859800 0.948700
vt 0.859400 0.948500
vt 0.859300 0.949200
vt 0.859500 0.949900
vt 0.859000 0.949900
vt 0.858800 0.949100
vt 0.858800 0.948200
vt 0.858400 0.949900
vt 0.858100 0.948800
vt 0.858100 0.947800
vt 0.857600 0.949800
vt 0.857200 0.948500
vt 0.857300 0.947300
vt 0.858500 0.946900
vt 0.859100 0.947400
vt 0.857700 0.946200
vt 0.856200 0.946700
vt 0.856200 0.948200
vt 0.856700 0.945400
vt 0.859100 0.946200
vt 0.859600 0.946800
vt 0.859600 0.947800
vt 0.860000 0.948200
vt 0.856600 0.949700
vt 0.858500 0.950900
vt 0.857800 0.951100
vt 0.859400 0.952300
vt 0.859800 0.951900
vt 0.861200 0.952700
vt 0.861200 0.953400
vt 0.863000 0.954200
vt 0.863400 0.955200
vt 0.862700 0.953300
vt 0.860100 0.951600
vt 0.861200 0.952200
vt 0.862400 0.952700
vt 0.860300 0.951300
vt 0.861200 0.951800
vt 0.862200 0.952200
vt 0.863500 0.953100
vt 0.864000 0.953700
vt 0.863100 0.952500
vt 0.864600 0.953200
vt 0.864000 0.952600
vt 0.865300 0.953800
vt 0.865400 0.953100
vt 0.866300 0.953600
vt 0.864700 0.952700
vt 0.864600 0.954500
vt 0.866200 0.952800
vt 0.867100 0.951800
vt 0.866000 0.952300
vt 0.866500 0.951700
vt 0.865200 0.952600
vt 0.865400 0.952400
vt 0.865800 0.952100
vt 0.865400 0.952200
vt 0.866200 0.951500
vt 0.865700 0.951800
vt 0.866000 0.951400
vt 0.865400 0.951900
vt 0.866500 0.950700
vt 0.866200 0.950800
vt 0.866900 0.950700
vt 0.866400 0.950100
vt 0.866700 0.949900
vt 0.867000 0.949700
vt 0.867500 0.950600
vt 0.867600 0.949400
vt 0.867200 0.948200
vt 0.866900 0.948900
vt 0.866500 0.947400
vt 0.867300 0.947000
vt 0.866300 0.948200
vt 0.865700 0.947700
vt 0.866400 0.948600
vt 0.866600 0.949300
vt 0.866400 0.949000
vt 0.866400 0.949600
vt 0.866200 0.949400
vt 0.866000 0.949000
vt 0.865900 0.948700
vt 0.865900 0.949400
vt 0.865600 0.949500
vt 0.865500 0.949200
vt 0.865400 0.948900
vt 0.865600 0.948400
vt 0.865100 0.948700
vt 0.865100 0.948000
vt 0.864600 0.948400
vt 0.864600 0.949100
vt 0.864900 0.949300
vt 0.864200 0.948800
vt 0.863600 0.948600
vt 0.864000 0.948100
vt 0.864400 0.947700
vt 0.863100 0.948300
vt 0.863300 0.947800
vt 0.863600 0.947400
vt 0.863900 0.946900
vt 0.864900 0.947300
vt 0.865400 0.946800
vt 0.864300 0.946400
vt 0.864600 0.945900
vt 0.866000 0.946400
vt 0.863100 0.945600
vt 0.863200 0.945100
vt 0.864900 0.945500
vt 0.863300 0.944600
vt 0.865200 0.945000
vt 0.866600 0.945900
vt 0.867200 0.945400
vt 0.868100 0.946500
vt 0.869100 0.945800
vt 0.867500 0.944900
vt 0.865400 0.944600
vt 0.869700 0.945100
vt 0.867500 0.944500
vt 0.869500 0.944500
vt 0.867300 0.944200
vt 0.869000 0.944100
vt 0.867000 0.943900
vt 0.868600 0.943800
vt 0.865400 0.944000
vt 0.865300 0.943800
vt 0.865400 0.944300
vt 0.866700 0.943700
vt 0.865200 0.943600
vt 0.868100 0.943600
vt 0.865000 0.943400
vt 0.863600 0.943500
vt 0.863500 0.943700
vt 0.863400 0.943900
vt 0.861600 0.943400
vt 0.863300 0.944200
vt 0.861400 0.943600
vt 0.869300 0.942900
vt 0.869200 0.942700
vt 0.869000 0.942500
vt 0.868700 0.942700
vt 0.868700 0.942400
vt 0.868900 0.942300
vt 0.863300 0.949100
vt 0.862800 0.948900
vt 0.863800 0.949300
vt 0.863100 0.949700
vt 0.862600 0.949600
vt 0.863500 0.949900
vt 0.863900 0.950000
vt 0.864200 0.949500
vt 0.863800 0.950600
vt 0.863400 0.950500
vt 0.862900 0.950300
vt 0.863800 0.951100
vt 0.863400 0.951000
vt 0.862900 0.951000
vt 0.864100 0.951700
vt 0.863600 0.951600
vt 0.863100 0.951500
vt 0.863500 0.952100
vt 0.864100 0.952200
vt 0.864500 0.952200
vt 0.864800 0.952100
vt 0.864300 0.951700
vt 0.864900 0.952000
vt 0.864600 0.951600
vt 0.864400 0.951200
vt 0.864100 0.951200
vt 0.864100 0.950700
vt 0.864300 0.950800
vt 0.864200 0.950200
vt 0.864500 0.950300
vt 0.864700 0.950400
vt 0.864600 0.950800
vt 0.864600 0.951200
vt 0.864500 0.949700
vt 0.864700 0.949900
vt 0.864900 0.950100
vt 0.864900 0.950500
vt 0.865100 0.950200
vt 0.864800 0.950900
vt 0.865200 0.950600
vt 0.865000 0.951000
vt 0.865400 0.950200
vt 0.865300 0.949900
vt 0.865200 0.949700
vt 0.865500 0.949800
vt 0.865800 0.949800
vt 0.865600 0.950200
vt 0.865500 0.950700
vt 0.866100 0.949800
vt 0.865900 0.950300
vt 0.865700 0.950800
vt 0.865300 0.951200
vt 0.865600 0.951200
vt 0.866000 0.950800
vt 0.866100 0.950300
vt 0.865800 0.951300
vt 0.865100 0.951600
vt 0.865400 0.951600
vt 0.865600 0.951600
vt 0.865000 0.951800
vt 0.864700 0.951500
vt 0.864900 0.951400
vt 0.864700 0.951100
vt 0.866200 0.949900
vt 0.865100 0.949500
vt 0.862800 0.951900
vt 0.862500 0.951400
vt 0.862000 0.951700
vt 0.861900 0.951200
vt 0.861200 0.951400
vt 0.861300 0.950900
vt 0.860500 0.951000
vt 0.860700 0.950600
vt 0.859900 0.950500
vt 0.860200 0.950300
vt 0.859500 0.950600
vt 0.859100 0.950800
vt 0.861900 0.950700
vt 0.861900 0.950100
vt 0.862400 0.950200
vt 0.862400 0.950800
vt 0.862100 0.949400
vt 0.862300 0.948800
vt 0.864100 0.956900
vt 0.864300 0.937900
vt 0.864400 0.937100
vt 0.865100 0.938000
vt 0.865300 0.937200
vt 0.865500 0.936300
vt 0.864500 0.936100
vt 0.865700 0.935300
vt 0.866900 0.935700
vt 0.865700 0.934200
vt 0.867100 0.934500
vt 0.865700 0.932900
vt 0.877500 0.944100
vt 0.877900 0.945800
vt 0.878300 0.945700
vt 0.877800 0.944000
vt 0.853600 0.918700
vt 0.852200 0.916800
vt 0.855500 0.914200
vt 0.860800 0.912800
vt 0.858700 0.911400
vt 0.856800 0.909800
vt 0.854900 0.908300
vt 0.860000 0.907100
vt 0.858100 0.905700
vt 0.861900 0.908500
vt 0.853000 0.906800
vt 0.856200 0.904200
vt 0.851100 0.905300
vt 0.854300 0.902800
vt 0.857700 0.900300
vt 0.859600 0.901600
vt 0.861400 0.903000
vt 0.862900 0.898900
vt 0.864800 0.900300
vt 0.861000 0.897700
vt 0.863300 0.904400
vt 0.866600 0.901700
vt 0.799600 0.953000
vt 0.802500 0.951100
vt 0.803700 0.953400
vt 0.800800 0.955400
vt 0.802000 0.957700
vt 0.805400 0.949100
vt 0.803200 0.960000
vt 0.808300 0.947000
vt 0.801300 0.948800
vt 0.800100 0.946300
vt 0.797400 0.948400
vt 0.798500 0.950700
vt 0.796300 0.946000
vt 0.798600 0.943500
vt 0.795100 0.943700
vt 0.796300 0.939600
vt 0.790700 0.936000
vt 0.792800 0.933600
vt 0.849100 0.887900
vt 0.845300 0.889400
vt 0.855300 0.894200
vt 0.850100 0.894200
vt 0.841700 0.891100
vt 0.846200 0.895700
vt 0.838500 0.893000
vt 0.842900 0.897600
vt 0.849600 0.898900
vt 0.846300 0.901000
vt 0.853300 0.897100
vt 0.852200 0.901100
vt 0.855600 0.898800
vt 0.848900 0.903400
vt 0.859100 0.896600
vt 0.857200 0.895400
vt 0.811100 0.944800
vt 0.868400 0.903000
vt 0.865200 0.905800
vt 0.870300 0.904400
vt 0.867000 0.907100
vt 0.863900 0.909900
vt 0.767700 0.922700
vt 0.764600 0.920000
vt 0.767100 0.917500
vt 0.770100 0.920200
vt 0.816400 0.872800
vt 0.761500 0.917300
vt 0.764200 0.914700
vt 0.814300 0.869000
vt 0.758400 0.914500
vt 0.761300 0.912000
vt 0.812200 0.865100
vt 0.755300 0.911800
vt 0.758900 0.909200
vt 0.810000 0.861300
vt 0.806900 0.862800
vt 0.751100 0.909800
vt 0.751100 0.906700
vt 0.754400 0.907200
vt 0.804500 0.859200
vt 0.807700 0.857700
vt 0.757300 0.906200
vt 0.761800 0.906900
vt 0.764100 0.909500
vt 0.759900 0.904300
vt 0.758500 0.901800
vt 0.756300 0.903300
vt 0.753900 0.904100
vt 0.753500 0.901700
vt 0.755400 0.901000
vt 0.757100 0.899700
vt 0.758800 0.898000
vt 0.760500 0.900000
vt 0.762200 0.902100
vt 0.762300 0.897900
vt 0.764300 0.899800
vt 0.760400 0.896200
vt 0.764300 0.904500
vt 0.766500 0.902000
vt 0.766100 0.897500
vt 0.768500 0.899600
vt 0.763900 0.895800
vt 0.770200 0.897000
vt 0.767600 0.895100
vt 0.765300 0.893600
vt 0.766200 0.891400
vt 0.768800 0.892400
vt 0.771600 0.894100
vt 0.764000 0.890600
vt 0.763100 0.892400
vt 0.761200 0.891200
vt 0.762100 0.889800
vt 0.761900 0.894300
vt 0.760000 0.892900
vt 0.759500 0.889900
vt 0.760600 0.888600
vt 0.758300 0.891400
vt 0.758700 0.894600
vt 0.757000 0.893000
vt 0.755300 0.891500
vt 0.756600 0.889900
vt 0.757800 0.888500
vt 0.753600 0.889900
vt 0.754800 0.888300
vt 0.756000 0.886800
vt 0.757300 0.885400
vt 0.759000 0.887100
vt 0.754100 0.885000
vt 0.755400 0.883500
vt 0.752900 0.886500
vt 0.750700 0.884400
vt 0.747900 0.881900
vt 0.746600 0.883400
vt 0.749400 0.886000
vt 0.751600 0.888000
vt 0.745200 0.885000
vt 0.741600 0.881800
vt 0.748000 0.887500
vt 0.743800 0.886600
vt 0.740200 0.883300
vt 0.746500 0.889100
vt 0.750200 0.889600
vt 0.748700 0.891300
vt 0.752200 0.891400
vt 0.750800 0.893100
vt 0.752600 0.894700
vt 0.754000 0.893100
vt 0.755700 0.894600
vt 0.754300 0.896200
vt 0.751300 0.896400
vt 0.749400 0.894800
vt 0.753000 0.897700
vt 0.755800 0.897800
vt 0.757300 0.896200
vt 0.754400 0.899200
vt 0.753300 0.900100
vt 0.752000 0.899400
vt 0.750100 0.898200
vt 0.751400 0.901400
vt 0.749200 0.900300
vt 0.751200 0.903800
vt 0.748000 0.896700
vt 0.746700 0.898800
vt 0.748400 0.902600
vt 0.745500 0.901000
vt 0.747700 0.905200
vt 0.744200 0.903400
vt 0.747000 0.907900
vt 0.742900 0.905900
vt 0.805300 0.854100
vt 0.802200 0.855600
vt 0.799800 0.852100
vt 0.803000 0.850500
vt 0.800600 0.846900
vt 0.797500 0.848800
vt 0.795100 0.845800
vt 0.798100 0.844200
vt 0.795600 0.841400
vt 0.792600 0.842900
vt 0.738800 0.903900
vt 0.736000 0.901200
vt 0.738000 0.898900
vt 0.740900 0.901300
vt 0.733300 0.898500
vt 0.735100 0.896200
vt 0.742600 0.899000
vt 0.739900 0.896700
vt 0.736900 0.894000
vt 0.738800 0.891900
vt 0.741600 0.894600
vt 0.744200 0.896900
vt 0.745700 0.894900
vt 0.743300 0.892700
vt 0.747200 0.893000
vt 0.744900 0.890900
vt 0.742200 0.888200
vt 0.740500 0.890000
vt 0.737100 0.886800
vt 0.738700 0.885000
vt 0.735600 0.879400
vt 0.735300 0.888800
vt 0.733600 0.890900
vt 0.732000 0.893300
vt 0.730500 0.895700
vt 0.727700 0.893000
vt 0.790500 0.836000
vt 0.793100 0.838700
vt 0.790000 0.839700
vt 0.729600 0.874500
vt 0.774600 0.897000
vt 0.772900 0.899600
vt 0.776400 0.894300
vt 0.775400 0.888000
vt 0.778400 0.891900
vt 0.779700 0.898400
vt 0.781700 0.896200
vt 0.777800 0.900700
vt 0.775800 0.903000
vt 0.773800 0.905200
vt 0.771000 0.902200
vt 0.768900 0.904600
vt 0.771600 0.907400
vt 0.766600 0.907000
vt 0.769300 0.909800
vt 0.766800 0.912200
vt 0.769600 0.915000
vt 0.772100 0.912500
vt 0.772600 0.917800
vt 0.775100 0.915300
vt 0.774500 0.910300
vt 0.783700 0.893900
vt 0.780500 0.889700
vt 0.787200 0.898700
vt 0.791200 0.904100
vt 0.785800 0.891700
vt 0.789300 0.896500
vt 0.793300 0.901900
vt 0.791400 0.894300
vt 0.787800 0.889500
vt 0.789900 0.887300
vt 0.784600 0.885300
vt 0.786700 0.883100
vt 0.782600 0.887400
vt 0.777600 0.885800
vt 0.779700 0.883600
vt 0.781700 0.881400
vt 0.777000 0.879900
vt 0.779000 0.877700
vt 0.776400 0.874300
vt 0.776100 0.868900
vt 0.778500 0.872200
vt 0.781100 0.875600
vt 0.780600 0.870100
vt 0.778200 0.866800
vt 0.783200 0.873600
vt 0.773700 0.865800
vt 0.775800 0.863700
vt 0.778000 0.861700
vt 0.780300 0.864800
vt 0.782800 0.868100
vt 0.784800 0.866300
vt 0.782400 0.863000
vt 0.780100 0.859800
vt 0.773500 0.860700
vt 0.775600 0.858600
vt 0.777800 0.856700
vt 0.775300 0.853600
vt 0.773200 0.855600
vt 0.771000 0.857600
vt 0.768200 0.854300
vt 0.770400 0.852300
vt 0.772600 0.850300
vt 0.764900 0.850600
vt 0.761100 0.846300
vt 0.765900 0.856500
vt 0.762500 0.852800
vt 0.758500 0.848400
vt 0.768800 0.859800
vt 0.771300 0.862800
vt 0.774800 0.848500
vt 0.777500 0.851900
vt 0.777000 0.846900
vt 0.779700 0.850300
vt 0.779900 0.855000
vt 0.782000 0.853400
vt 0.784300 0.856500
vt 0.782200 0.858100
vt 0.786600 0.859700
vt 0.784500 0.861300
vt 0.788900 0.863000
vt 0.786900 0.864600
vt 0.791400 0.866600
vt 0.789400 0.868100
vt 0.794000 0.870200
vt 0.792000 0.871800
vt 0.796100 0.868700
vt 0.798800 0.872600
vt 0.796700 0.874000
vt 0.801800 0.876700
vt 0.799700 0.878200
vt 0.797800 0.879700
vt 0.794700 0.875600
vt 0.790000 0.873400
vt 0.792800 0.877300
vt 0.795900 0.881400
vt 0.790800 0.879100
vt 0.787900 0.875300
vt 0.793900 0.883300
vt 0.791900 0.885200
vt 0.788700 0.881000
vt 0.785900 0.877200
vt 0.785300 0.871600
vt 0.787300 0.869800
vt 0.783800 0.879200
vt 0.803200 0.882700
vt 0.766000 0.816800
vt 0.763100 0.812000
vt 0.765500 0.809300
vt 0.760600 0.814600
vt 0.767800 0.806400
vt 0.763300 0.804900
vt 0.766000 0.802000
vt 0.760600 0.807700
vt 0.761400 0.800900
vt 0.764300 0.797800
vt 0.758500 0.803800
vt 0.768700 0.799000
vt 0.770100 0.803300
vt 0.767300 0.794700
vt 0.759600 0.797100
vt 0.762700 0.793900
vt 0.765900 0.790400
vt 0.761100 0.790300
vt 0.764500 0.787000
vt 0.757800 0.793400
vt 0.756600 0.800100
vt 0.754700 0.796400
vt 0.753800 0.802900
vt 0.755900 0.806600
vt 0.751800 0.799300
vt 0.758100 0.810400
vt 0.753500 0.809300
vt 0.751300 0.805600
vt 0.749700 0.795800
vt 0.752800 0.792900
vt 0.747700 0.792400
vt 0.750900 0.789600
vt 0.754300 0.786600
vt 0.756100 0.789900
vt 0.758000 0.783500
vt 0.759600 0.786800
vt 0.763100 0.783600
vt 0.761800 0.780300
vt 0.682900 0.868300
vt 0.681400 0.864500
vt 0.684800 0.864500
vt 0.686000 0.868100
vt 0.679800 0.868400
vt 0.678000 0.864600
vt 0.760400 0.776900
vt 0.676700 0.868500
vt 0.675000 0.865300
vt 0.679900 0.860600
vt 0.676300 0.860700
vt 0.673000 0.861500
vt 0.674400 0.870300
vt 0.672300 0.866700
vt 0.670200 0.863000
vt 0.672100 0.872200
vt 0.669900 0.868600
vt 0.667700 0.865000
vt 0.667600 0.870600
vt 0.665400 0.867300
vt 0.669800 0.874000
vt 0.755700 0.772000
vt 0.753300 0.769500
vt 0.758000 0.774400
vt 0.750900 0.767000
vt 0.667500 0.875900
vt 0.665400 0.872700
vt 0.747000 0.764000
vt 0.749200 0.760900
vt 0.752500 0.763200
vt 0.744300 0.766700
vt 0.754100 0.759400
vt 0.750900 0.757700
vt 0.663200 0.869600
vt 0.661100 0.866400
vt 0.663200 0.864100
vt 0.752400 0.754500
vt 0.755700 0.755600
vt 0.665400 0.861700
vt 0.662900 0.858800
vt 0.660800 0.861400
vt 0.658900 0.863200
vt 0.665300 0.855900
vt 0.667900 0.859200
vt 0.670900 0.857300
vt 0.668400 0.852300
vt 0.662200 0.853500
vt 0.664000 0.849800
vt 0.660100 0.856800
vt 0.660500 0.848100
vt 0.658900 0.851900
vt 0.657200 0.855200
vt 0.658200 0.859600
vt 0.655500 0.858400
vt 0.652800 0.857300
vt 0.654300 0.854100
vt 0.655700 0.850600
vt 0.651314 0.856839
vt 0.651210 0.853103
vt 0.651208 0.853095
vt 0.651205 0.853085
vt 0.652500 0.849500
vt 0.657100 0.846800
vt 0.653700 0.845700
vt 0.650032 0.848827
vt 0.649470 0.847722
vt 0.650400 0.844700
vt 0.647525 0.843879
vt 0.651400 0.840300
vt 0.654900 0.841400
vt 0.647222 0.843461
vt 0.647009 0.843166
vt 0.647800 0.839300
vt 0.655900 0.836900
vt 0.652300 0.835700
vt 0.648600 0.834600
vt 0.644200 0.838300
vt 0.644070 0.839033
vt 0.644900 0.833500
vt 0.649200 0.829800
vt 0.653000 0.831000
vt 0.645300 0.828600
vt 0.643396 0.838083
vt 0.640796 0.834885
vt 0.641100 0.832400
vt 0.641400 0.827400
vt 0.641500 0.822500
vt 0.645600 0.823700
vt 0.649600 0.825000
vt 0.645500 0.819100
vt 0.649700 0.820300
vt 0.641300 0.817900
vt 0.637400 0.821400
vt 0.637100 0.816700
vt 0.637500 0.826300
vt 0.633300 0.820300
vt 0.632800 0.815600
vt 0.633500 0.825200
vt 0.638187 0.831557
vt 0.637329 0.830587
vt 0.635356 0.828392
vt 0.633480 0.826231
vt 0.629293 0.821716
vt 0.629100 0.819300
vt 0.632372 0.824946
vt 0.630609 0.823112
vt 0.626579 0.818820
vt 0.625557 0.817796
vt 0.624660 0.816888
vt 0.624200 0.813800
vt 0.628500 0.814600
vt 0.621170 0.813387
vt 0.619532 0.811800
vt 0.618900 0.808500
vt 0.623300 0.809200
vt 0.620338 0.812585
vt 0.616026 0.808308
vt 0.615126 0.807398
vt 0.614177 0.806453
vt 0.613800 0.803500
vt 0.618300 0.803900
vt 0.622700 0.804700
vt 0.627100 0.805600
vt 0.627700 0.810100
vt 0.632200 0.811100
vt 0.631600 0.806600
vt 0.636200 0.807800
vt 0.636600 0.812300
vt 0.641000 0.813400
vt 0.640800 0.808900
vt 0.645300 0.810100
vt 0.645400 0.814600
vt 0.649800 0.815800
vt 0.649900 0.811200
vt 0.654400 0.812400
vt 0.654100 0.817000
vt 0.653900 0.821600
vt 0.653500 0.826200
vt 0.658400 0.818200
vt 0.657900 0.822800
vt 0.657400 0.827500
vt 0.662500 0.819400
vt 0.661900 0.824100
vt 0.661200 0.828800
vt 0.656700 0.832200
vt 0.660300 0.833500
vt 0.664900 0.830200
vt 0.665700 0.825500
vt 0.663900 0.834900
vt 0.668500 0.831600
vt 0.667500 0.836200
vt 0.669600 0.826900
vt 0.662900 0.839500
vt 0.659400 0.838200
vt 0.666500 0.840900
vt 0.661800 0.844000
vt 0.658300 0.842600
vt 0.665400 0.845500
vt 0.670200 0.842200
vt 0.669300 0.846900
vt 0.671200 0.837600
vt 0.675100 0.839000
vt 0.674200 0.843400
vt 0.673500 0.847800
vt 0.673500 0.852200
vt 0.677900 0.852700
vt 0.677900 0.848600
vt 0.678300 0.844500
vt 0.674600 0.856600
vt 0.678700 0.856700
vt 0.682300 0.853400
vt 0.682800 0.857200
vt 0.683700 0.860900
vt 0.686700 0.854500
vt 0.687000 0.858100
vt 0.687600 0.861600
vt 0.688300 0.865000
vt 0.689200 0.868000
vt 0.691500 0.862800
vt 0.691900 0.866100
vt 0.692400 0.869400
vt 0.695500 0.870700
vt 0.695600 0.867500
vt 0.695700 0.864400
vt 0.700300 0.866500
vt 0.699500 0.869300
vt 0.698700 0.872000
vt 0.695800 0.861200
vt 0.700800 0.863600
vt 0.701300 0.860600
vt 0.696000 0.858000
vt 0.696400 0.854900
vt 0.696900 0.852000
vt 0.691200 0.856000
vt 0.691400 0.852700
vt 0.691800 0.849500
vt 0.687100 0.847500
vt 0.686700 0.851000
vt 0.691300 0.859400
vt 0.682300 0.849700
vt 0.682600 0.845900
vt 0.683300 0.842200
vt 0.687700 0.844100
vt 0.692500 0.846400
vt 0.688600 0.840800
vt 0.693200 0.843400
vt 0.684200 0.838600
vt 0.697600 0.849100
vt 0.698400 0.846400
vt 0.694200 0.840600
vt 0.689500 0.837700
vt 0.690700 0.834800
vt 0.692400 0.832200
vt 0.686400 0.831800
vt 0.688200 0.828900
vt 0.685200 0.835100
vt 0.682400 0.829000
vt 0.684200 0.825600
vt 0.681100 0.832700
vt 0.680000 0.836600
vt 0.677200 0.830500
vt 0.678500 0.826300
vt 0.676100 0.834800
vt 0.679100 0.840500
vt 0.672300 0.833100
vt 0.673400 0.828600
vt 0.674600 0.824000
vt 0.670700 0.822200
vt 0.676300 0.819400
vt 0.680300 0.822300
vt 0.672000 0.817400
vt 0.666600 0.820800
vt 0.667500 0.816000
vt 0.668500 0.811200
vt 0.673200 0.812500
vt 0.678900 0.814300
vt 0.663200 0.814700
vt 0.664000 0.810000
vt 0.669400 0.806300
vt 0.674100 0.807500
vt 0.664900 0.805100
vt 0.659500 0.808900
vt 0.658900 0.813600
vt 0.660400 0.804000
vt 0.670500 0.801300
vt 0.666000 0.800100
vt 0.661500 0.798900
vt 0.662800 0.793500
vt 0.667300 0.794800
vt 0.671600 0.796100
vt 0.674900 0.802400
vt 0.675900 0.797300
vt 0.672900 0.790700
vt 0.677000 0.792100
vt 0.668700 0.789200
vt 0.670200 0.783200
vt 0.674400 0.784900
vt 0.678400 0.786500
vt 0.681100 0.793300
vt 0.682400 0.788000
vt 0.680100 0.798300
vt 0.683800 0.782500
vt 0.679900 0.780700
vt 0.675900 0.778800
vt 0.677700 0.772700
vt 0.681600 0.774800
vt 0.685400 0.776900
vt 0.689000 0.778900
vt 0.687600 0.784200
vt 0.686300 0.789400
vt 0.691400 0.785700
vt 0.690300 0.790700
vt 0.692700 0.780700
vt 0.694200 0.775600
vt 0.690700 0.773500
vt 0.687100 0.771200
vt 0.689000 0.765500
vt 0.696300 0.782400
vt 0.699800 0.783900
vt 0.695100 0.787100
vt 0.698900 0.788200
vt 0.703400 0.785100
vt 0.702800 0.789100
vt 0.698300 0.792500
vt 0.694300 0.791700
vt 0.702500 0.793000
vt 0.706600 0.789600
vt 0.706600 0.793300
vt 0.706900 0.786000
vt 0.710300 0.789900
vt 0.710600 0.793100
vt 0.710300 0.786500
vt 0.713800 0.789700
vt 0.714400 0.792600
vt 0.713500 0.786700
vt 0.706800 0.796700
vt 0.711000 0.796300
vt 0.715100 0.795500
vt 0.717900 0.791700
vt 0.717100 0.789100
vt 0.721200 0.790400
vt 0.720200 0.788100
vt 0.722900 0.786800
vt 0.724100 0.788900
vt 0.726800 0.787200
vt 0.725400 0.785300
vt 0.719300 0.785800
vt 0.721800 0.784700
vt 0.724000 0.783400
vt 0.718600 0.783500
vt 0.720700 0.782600
vt 0.722600 0.781500
vt 0.716500 0.786400
vt 0.716100 0.783900
vt 0.716000 0.781400
vt 0.718000 0.781400
vt 0.719800 0.780600
vt 0.717700 0.779700
vt 0.716300 0.779100
vt 0.718700 0.778700
vt 0.719900 0.777400
vt 0.721300 0.779400
vt 0.721200 0.776100
vt 0.722800 0.778200
vt 0.724300 0.780200
vt 0.725700 0.779000
vt 0.724000 0.777100
vt 0.722400 0.774900
vt 0.718300 0.775400
vt 0.719500 0.773900
vt 0.720700 0.772600
vt 0.717200 0.777100
vt 0.713700 0.780800
vt 0.713500 0.783800
vt 0.725200 0.776000
vt 0.726700 0.777700
vt 0.727300 0.776600
vt 0.728500 0.778900
vt 0.730400 0.779900
vt 0.727400 0.780500
vt 0.729200 0.781900
vt 0.732700 0.780800
vt 0.731100 0.783300
vt 0.729100 0.785400
vt 0.727500 0.783700
vt 0.725900 0.782000
vt 0.707100 0.800100
vt 0.702400 0.796900
vt 0.702500 0.800500
vt 0.698000 0.796600
vt 0.697800 0.800500
vt 0.698000 0.804300
vt 0.702800 0.803900
vt 0.707700 0.803300
vt 0.708600 0.806600
vt 0.703500 0.807400
vt 0.698500 0.807900
vt 0.693200 0.804400
vt 0.693200 0.800400
vt 0.693600 0.808200
vt 0.699600 0.811400
vt 0.694600 0.811900
vt 0.704700 0.810800
vt 0.701200 0.815000
vt 0.696300 0.815600
vt 0.706400 0.814200
vt 0.703400 0.818500
vt 0.698600 0.819200
vt 0.708500 0.817700
vt 0.709800 0.809800
vt 0.711500 0.813200
vt 0.713700 0.816700
vt 0.716200 0.820300
vt 0.711100 0.821200
vt 0.719100 0.823800
vt 0.718700 0.815500
vt 0.721200 0.819100
vt 0.724000 0.822700
vt 0.727000 0.826100
vt 0.731500 0.824800
vt 0.728600 0.821300
vt 0.732900 0.819600
vt 0.735600 0.823000
vt 0.742200 0.824600
vt 0.739500 0.821100
vt 0.736900 0.817600
vt 0.740400 0.815400
vt 0.742900 0.818900
vt 0.745600 0.822500
vt 0.748500 0.826200
vt 0.734400 0.813900
vt 0.738000 0.811700
vt 0.730400 0.815900
vt 0.732000 0.810300
vt 0.735600 0.808100
vt 0.728000 0.812300
vt 0.723500 0.814100
vt 0.726000 0.817700
vt 0.694100 0.820000
vt 0.691500 0.816200
vt 0.690000 0.821100
vt 0.686900 0.817200
vt 0.689600 0.812400
vt 0.684600 0.813000
vt 0.686700 0.822900
vt 0.683000 0.819000
vt 0.678900 0.808300
vt 0.683800 0.808500
vt 0.688700 0.808400
vt 0.688500 0.804200
vt 0.683900 0.803900
vt 0.679300 0.803300
vt 0.684400 0.799200
vt 0.685300 0.794500
vt 0.689400 0.795400
vt 0.688800 0.799900
vt 0.693700 0.796200
vt 0.683400 0.768900
vt 0.685400 0.762900
vt 0.687400 0.757300
vt 0.679600 0.766500
vt 0.681700 0.760300
vt 0.683900 0.754500
vt 0.675600 0.764000
vt 0.677900 0.757700
vt 0.680200 0.751700
vt 0.673600 0.770500
vt 0.671800 0.776900
vt 0.671400 0.761600
vt 0.669300 0.768300
vt 0.667500 0.775000
vt 0.665800 0.781500
vt 0.662800 0.773100
vt 0.664700 0.766100
vt 0.661100 0.779900
vt 0.664200 0.787800
vt 0.659500 0.786300
vt 0.658000 0.771200
vt 0.656300 0.778200
vt 0.654600 0.784900
vt 0.658000 0.792200
vt 0.653200 0.790900
vt 0.656800 0.797700
vt 0.651900 0.796500
vt 0.648300 0.789600
vt 0.649700 0.783500
vt 0.647000 0.795300
vt 0.650900 0.801700
vt 0.646100 0.800500
vt 0.655700 0.802800
vt 0.650200 0.806600
vt 0.645500 0.805400
vt 0.654900 0.807700
vt 0.640800 0.804300
vt 0.641300 0.799400
vt 0.642200 0.794100
vt 0.636100 0.803100
vt 0.636500 0.798200
vt 0.637400 0.792900
vt 0.643400 0.788400
vt 0.638700 0.787100
vt 0.632800 0.791700
vt 0.631900 0.797000
vt 0.634100 0.785800
vt 0.644900 0.782100
vt 0.640200 0.780700
vt 0.635700 0.779400
vt 0.628300 0.790600
vt 0.629600 0.784600
vt 0.631300 0.778100
vt 0.633200 0.770900
vt 0.637500 0.772200
vt 0.642000 0.773600
vt 0.639500 0.764500
vt 0.635300 0.763100
vt 0.643900 0.766100
vt 0.648500 0.767700
vt 0.646600 0.775100
vt 0.653200 0.769400
vt 0.651400 0.776700
vt 0.650500 0.760000
vt 0.655200 0.761900
vt 0.660000 0.764000
vt 0.662100 0.756600
vt 0.657300 0.754300
vt 0.652600 0.752100
vt 0.645900 0.758200
vt 0.648000 0.750200
vt 0.643600 0.748400
vt 0.641600 0.756500
vt 0.650100 0.742200
vt 0.654800 0.744300
vt 0.645600 0.740300
vt 0.637300 0.755000
vt 0.631100 0.761800
vt 0.629100 0.769600
vt 0.625000 0.768400
vt 0.627100 0.776900
vt 0.623000 0.775800
vt 0.625400 0.783500
vt 0.621200 0.782400
vt 0.623900 0.789500
vt 0.619700 0.788500
vt 0.622900 0.794900
vt 0.618600 0.794000
vt 0.627300 0.795900
vt 0.631500 0.802000
vt 0.626900 0.800900
vt 0.622500 0.800000
vt 0.618100 0.799100
vt 0.613600 0.798500
vt 0.614300 0.793200
vt 0.615600 0.787500
vt 0.608800 0.798300
vt 0.609900 0.792600
vt 0.611700 0.786700
vt 0.613500 0.780400
vt 0.617300 0.781400
vt 0.619100 0.774700
vt 0.615400 0.773600
vt 0.617500 0.766200
vt 0.621200 0.767300
vt 0.614000 0.765100
vt 0.612000 0.772600
vt 0.610800 0.764100
vt 0.608700 0.771600
vt 0.609700 0.755200
vt 0.607800 0.763100
vt 0.605700 0.770500
vt 0.606700 0.778300
vt 0.603700 0.777200
vt 0.610000 0.779400
vt 0.601500 0.783200
vt 0.604600 0.784500
vt 0.608000 0.785700
vt 0.602100 0.790400
vt 0.598900 0.788700
vt 0.605700 0.791800
vt 0.601126 0.791903
vt 0.598727 0.788959
vt 0.602293 0.793324
vt 0.604087 0.795455
vt 0.598220 0.788348
vt 0.596855 0.786578
vt 0.596516 0.786147
vt 0.598600 0.781900
vt 0.595900 0.780500
vt 0.594460 0.783380
vt 0.592424 0.780652
vt 0.593200 0.779100
vt 0.598100 0.774800
vt 0.600800 0.776000
vt 0.595400 0.773500
vt 0.590600 0.777700
vt 0.592700 0.772100
vt 0.590441 0.778025
vt 0.589929 0.777297
vt 0.588527 0.775046
vt 0.590100 0.770800
vt 0.590338 0.777880
vt 0.594700 0.766000
vt 0.597400 0.767200
vt 0.592000 0.764800
vt 0.593900 0.758000
vt 0.596600 0.759100
vt 0.599300 0.760100
vt 0.598300 0.751600
vt 0.595600 0.750800
vt 0.601100 0.752500
vt 0.604000 0.753400
vt 0.602100 0.761200
vt 0.600100 0.768400
vt 0.604900 0.762200
vt 0.602800 0.769500
vt 0.606800 0.754300
vt 0.605700 0.745300
vt 0.602800 0.744600
vt 0.604300 0.736400
vt 0.600000 0.743800
vt 0.601400 0.735800
vt 0.605500 0.728400
vt 0.602500 0.727800
vt 0.598500 0.735200
vt 0.599600 0.727300
vt 0.597200 0.743100
vt 0.595700 0.734600
vt 0.594400 0.742400
vt 0.596700 0.726800
vt 0.592900 0.749900
vt 0.591700 0.741700
vt 0.592900 0.734100
vt 0.590300 0.749000
vt 0.591200 0.757000
vt 0.588600 0.755900
vt 0.589400 0.763500
vt 0.586900 0.762300
vt 0.587600 0.748100
vt 0.586100 0.754800
vt 0.584400 0.761000
vt 0.587600 0.769400
vt 0.585100 0.768000
vt 0.582964 0.765467
vt 0.583856 0.767303
vt 0.584767 0.768867
vt 0.586630 0.771971
vt 0.581979 0.763268
vt 0.581217 0.761650
vt 0.581900 0.759600
vt 0.579656 0.758305
vt 0.583500 0.753600
vt 0.579507 0.757882
vt 0.579426 0.757672
vt 0.581000 0.752300
vt 0.582400 0.746100
vt 0.585000 0.747100
vt 0.583600 0.739400
vt 0.586300 0.740200
vt 0.589000 0.741000
vt 0.590100 0.733500
vt 0.587400 0.732900
vt 0.584600 0.732200
vt 0.580900 0.738500
vt 0.581800 0.731600
vt 0.579700 0.744900
vt 0.578900 0.730800
vt 0.578200 0.737500
vt 0.577100 0.743700
vt 0.578300 0.750900
vt 0.576082 0.747772
vt 0.576663 0.749893
vt 0.574528 0.742025
vt 0.575400 0.736500
vt 0.574571 0.742241
vt 0.575448 0.745237
vt 0.577718 0.752900
vt 0.577329 0.751731
vt 0.573372 0.735720
vt 0.573872 0.738415
vt 0.573016 0.731104
vt 0.573100 0.729400
vt 0.576000 0.730100
vt 0.573100 0.722500
vt 0.576200 0.723000
vt 0.579300 0.723500
vt 0.582300 0.724100
vt 0.579400 0.716000
vt 0.582500 0.716500
vt 0.576200 0.715600
vt 0.585200 0.724700
vt 0.585600 0.717000
vt 0.579400 0.708600
vt 0.582700 0.709000
vt 0.585900 0.709500
vt 0.588600 0.717500
vt 0.588100 0.725200
vt 0.589100 0.710000
vt 0.586300 0.702600
vt 0.589600 0.703100
vt 0.583000 0.702100
vt 0.586900 0.696600
vt 0.590300 0.697000
vt 0.586323 0.696518
vt 0.583269 0.698060
vt 0.584041 0.697539
vt 0.580481 0.700339
vt 0.579500 0.701700
vt 0.579546 0.701004
vt 0.579006 0.701642
vt 0.579282 0.701261
vt 0.576100 0.708200
vt 0.576100 0.707034
vt 0.575237 0.710118
vt 0.575677 0.708163
vt 0.573951 0.715327
vt 0.575835 0.707661
vt 0.573094 0.722264
vt 0.573690 0.717053
vt 0.573072 0.722497
vt 0.572900 0.729352
vt 0.586941 0.696277
vt 0.589472 0.695249
vt 0.590603 0.694952
vt 0.592532 0.694463
vt 0.594264 0.693914
vt 0.593600 0.697500
vt 0.592900 0.703600
vt 0.595188 0.693645
vt 0.597930 0.693080
vt 0.597000 0.698100
vt 0.596100 0.704100
vt 0.598916 0.692862
vt 0.601400 0.693300
vt 0.600200 0.698700
vt 0.601039 0.692407
vt 0.601659 0.692325
vt 0.604800 0.694000
vt 0.603500 0.699400
vt 0.602699 0.692194
vt 0.605455 0.691706
vt 0.606989 0.691482
vt 0.609255 0.691334
vt 0.608100 0.694800
vt 0.612816 0.691102
vt 0.613093 0.691069
vt 0.611300 0.695600
vt 0.613251 0.691053
vt 0.613964 0.691039
vt 0.616400 0.691800
vt 0.614500 0.696500
vt 0.616860 0.690965
vt 0.619194 0.690903
vt 0.606700 0.700100
vt 0.605500 0.706000
vt 0.602400 0.705300
vt 0.599200 0.704700
vt 0.601400 0.712100
vt 0.598400 0.711500
vt 0.604500 0.712700
vt 0.597600 0.719000
vt 0.600500 0.719500
vt 0.603500 0.720100
vt 0.606500 0.720700
vt 0.594600 0.718500
vt 0.595300 0.711000
vt 0.591600 0.718000
vt 0.592200 0.710500
vt 0.591000 0.725700
vt 0.593800 0.726200
vt 0.605102 0.796591
vt 0.606539 0.798411
vt 0.608800 0.800894
vt 0.610058 0.802211
vt 0.611235 0.803500
vt 0.647400 0.732600
vt 0.652100 0.734600
vt 0.649000 0.725500
vt 0.653800 0.727500
vt 0.650400 0.719200
vt 0.655300 0.721400
vt 0.660400 0.724000
vt 0.658800 0.730000
vt 0.656900 0.736900
vt 0.665700 0.727200
vt 0.663900 0.733000
vt 0.661800 0.739600
vt 0.659600 0.746800
vt 0.666800 0.742500
vt 0.669000 0.736200
vt 0.664400 0.749400
vt 0.671600 0.745600
vt 0.669200 0.752200
vt 0.666900 0.759100
vt 0.673700 0.755000
vt 0.676100 0.748700
vt 0.673800 0.739600
vt 0.678400 0.743000
vt 0.682400 0.746200
vt 0.686000 0.749200
vt 0.688000 0.744700
vt 0.684400 0.741400
vt 0.680400 0.738000
vt 0.682100 0.733900
vt 0.689400 0.752200
vt 0.675900 0.734300
vt 0.677500 0.730000
vt 0.672300 0.726100
vt 0.670900 0.730700
vt 0.667000 0.722500
vt 0.661600 0.719200
vt 0.656400 0.716500
vt 0.651500 0.714200
vt 0.652300 0.710100
vt 0.652800 0.706500
vt 0.647500 0.708200
vt 0.648200 0.704600
vt 0.646700 0.712400
vt 0.648700 0.701300
vt 0.642000 0.710700
vt 0.637400 0.709200
vt 0.633100 0.707800
vt 0.639772 0.833603
vt 0.643785 0.838638
vt 0.651081 0.858246
vt 0.651300 0.860500
vt 0.650641 0.860246
vt 0.753552 0.742037
vt 0.756524 0.741714
vt 0.756600 0.742500
vt 0.753100 0.742500
vt 0.753022 0.742111
vt 0.752527 0.742122
vt 0.749600 0.742600
vt 0.749478 0.742095
vt 0.750100 0.745300
vt 0.753400 0.745400
vt 0.756800 0.745600
vt 0.747000 0.745400
vt 0.746200 0.742800
vt 0.747124 0.741763
vt 0.745856 0.741639
vt 0.743000 0.743200
vt 0.741964 0.740657
vt 0.741837 0.740610
vt 0.740000 0.743900
vt 0.738700 0.741200
vt 0.741669 0.740550
vt 0.737701 0.739049
vt 0.736692 0.738572
vt 0.735500 0.742100
vt 0.734100 0.739200
vt 0.732905 0.736726
vt 0.732400 0.743100
vt 0.730700 0.740200
vt 0.732568 0.736548
vt 0.729100 0.737200
vt 0.732284 0.736404
vt 0.729300 0.744200
vt 0.727500 0.741200
vt 0.725700 0.738200
vt 0.726200 0.745400
vt 0.724200 0.742400
vt 0.722200 0.739300
vt 0.720400 0.736100
vt 0.724000 0.735000
vt 0.727600 0.734100
vt 0.723597 0.731517
vt 0.727463 0.733787
vt 0.722400 0.731800
vt 0.718600 0.732800
vt 0.727708 0.733919
vt 0.727899 0.734027
vt 0.722829 0.731064
vt 0.721802 0.730485
vt 0.719153 0.728903
vt 0.717000 0.729400
vt 0.715867 0.726921
vt 0.714552 0.726117
vt 0.713200 0.730500
vt 0.715000 0.734000
vt 0.711600 0.735200
vt 0.713700 0.738600
vt 0.716900 0.737300
vt 0.715900 0.741800
vt 0.718900 0.740500
vt 0.721100 0.743600
vt 0.718100 0.745000
vt 0.723200 0.746700
vt 0.720500 0.748000
vt 0.725500 0.749700
vt 0.722800 0.751100
vt 0.720500 0.752600
vt 0.723000 0.755700
vt 0.725300 0.754100
vt 0.727900 0.752700
vt 0.728400 0.748400
vt 0.730600 0.751300
vt 0.733300 0.750000
vt 0.731300 0.747100
vt 0.732900 0.754300
vt 0.730300 0.755800
vt 0.735600 0.752800
vt 0.736000 0.748700
vt 0.738100 0.751400
vt 0.734200 0.746000
vt 0.738700 0.747500
vt 0.737000 0.744900
vt 0.740500 0.750000
vt 0.741300 0.746500
vt 0.744100 0.745700
vt 0.742700 0.748700
vt 0.745000 0.747900
vt 0.747500 0.747800
vt 0.750400 0.748000
vt 0.745600 0.749600
vt 0.747500 0.750000
vt 0.750200 0.750700
vt 0.753700 0.748300
vt 0.753400 0.751300
vt 0.749300 0.753400
vt 0.746600 0.752100
vt 0.747800 0.756000
vt 0.745000 0.754200
vt 0.757300 0.751800
vt 0.742500 0.752200
vt 0.744400 0.750700
vt 0.743000 0.756300
vt 0.740400 0.753900
vt 0.746000 0.758600
vt 0.743800 0.761100
vt 0.740800 0.758400
vt 0.738000 0.755600
vt 0.741200 0.763500
vt 0.738200 0.760400
vt 0.735600 0.762300
vt 0.735500 0.757300
vt 0.732900 0.759000
vt 0.733000 0.764100
vt 0.730400 0.760600
vt 0.728100 0.762100
vt 0.730600 0.765700
vt 0.726000 0.763600
vt 0.723600 0.760400
vt 0.725500 0.758800
vt 0.727800 0.757300
vt 0.757000 0.748700
vt 0.656400 0.862300
vt 0.653800 0.861400
s 1
usemtl Australian_Cattle_Dog
f 1/1/1 2/2/2 3870/3/3 4/4/4
f 1/1/1 3/5/5 3881/6/6 2/2/2
f 1/1/1 5/7/7 8/8/8 3/5/5
f 1/1/1 4/4/4 6/9/9 5/7/7
f 7/10/10 5/7/7 6/9/9 61/11/11
f 7/10/10 9/12/12 8/8/8 5/7/7
f 12/13/13 10/14/14 8/8/8 9/12/12
f 11/15/15 3/5/5 8/8/8 10/14/14
f 11/15/15 10/14/14 13/16/16 14/17/17
f 12/13/13 16/18/18 13/16/16 10/14/14
f 3739/19/19 14/17/17 13/16/16 15/20/20
f 18/21/21 15/20/20 13/16/16 16/18/18
f 12/13/13 57/22/22 17/23/23 16/18/18
f 18/21/21 16/18/18 17/23/23 20/24/24
f 18/21/21 19/25/25 3737/26/26 15/20/20
f 18/21/21 20/24/24 21/27/27 19/25/25
f 22/28/28 25/29/29 21/27/27 20/24/24
f 22/28/28 20/24/24 17/23/23 24/30/30
f 22/28/28 23/31/31 27/32/32 25/29/29
f 22/28/28 24/30/30 4122/33/33 23/31/31
f 26/34/34 3693/35/35 21/27/27 25/29/29
f 26/34/34 25/29/29 27/32/32 28/36/36
f 32/37/37 29/38/38 27/32/32 23/31/31
f 30/39/39 28/36/36 27/32/32 29/38/38
f 30/39/39 29/38/38 31/40/40 3659/41/41
f 32/37/37 34/42/42 31/40/40 29/38/38
f 32/37/37 23/31/31 4122/33/33 33/43/43
f 32/37/37 33/43/43 36/44/44 34/42/42
f 35/45/45 3657/46/46 31/40/40 34/42/42
f 35/45/45 34/42/42 36/44/44 38/47/47
f 40/48/48 38/47/47 36/44/44 37/49/49
f 49/50/50 37/49/49 36/44/44 33/43/43
f 35/45/45 38/47/47 39/51/51 3654/52/52
f 40/48/48 41/53/53 39/51/51 38/47/47
f 40/48/48 42/54/54 44/55/55 41/53/53
f 40/48/48 37/49/49 45/56/56 42/54/54
f 43/57/57 42/54/54 45/56/56 46/58/58
f 43/57/57 3968/59/59 44/55/55 42/54/54
f 48/60/60 46/58/58 45/56/56 47/61/61
f 49/50/50 47/61/61 45/56/56 37/49/49
f 48/60/60 47/61/61 50/62/62 52/63/63
f 49/50/50 51/64/64 50/62/62 47/61/61
f 56/65/65 53/66/66 50/62/62 51/64/64
f 55/67/67 52/63/63 50/62/62 53/66/66
f 56/65/65 57/22/22 54/68/68 53/66/66
f 55/67/67 53/66/66 54/68/68 59/69/69
f 56/65/65 51/64/64 4122/33/33 24/30/30
f 56/65/65 24/30/30 17/23/23 57/22/22
f 12/13/13 9/12/12 54/68/68 57/22/22
f 55/67/67 58/70/70 3967/71/71 52/63/63
f 55/67/67 59/69/69 60/72/72 58/70/70
f 7/10/10 59/69/69 54/68/68 9/12/12
f 7/10/10 61/11/11 60/72/72 59/69/69
f 65/73/73 62/74/74 60/72/72 61/11/11
f 63/75/75 58/70/70 60/72/72 62/74/74
f 63/75/75 62/74/74 64/76/76 78/77/77
f 65/73/73 67/78/78 64/76/76 62/74/74
f 65/73/73 66/79/79 68/80/80 67/78/78
f 65/73/73 61/11/11 6/9/9 66/79/79
f 70/81/81 69/82/82 67/78/78 68/80/80 3869/83/83
f 71/84/84 72/85/85 74/86/86 64/76/76 67/78/78 69/82/82
s 0
f 97/87/87 95/88/87 77/89/87 4121/90/87 73/91/87 72/92/87 71/93/87 69/94/87 70/95/87 3869/96/87 3868/97/87 3865/98/87 3864/99/87 3863/100/87 3861/101/87 3860/102/87 3858/103/87 3857/104/87 3856/105/87 3855/106/87 3854/107/87 3850/108/87 3849/109/87 3848/110/87 3847/111/87 3846/112/87 3841/113/87 3840/114/87 3839/115/87 3838/116/87 3837/117/87 3836/118/87 3816/119/87 3835/120/87 3818/121/87 3834/122/87 3819/123/87 3823/124/87 3826/125/87 3824/126/87 3825/127/87 3827/128/87 3828/129/87 3829/130/87 3830/131/87 3832/132/87 3833/133/87 3797/134/87 3795/135/87 3794/136/87 3786/137/87 3789/138/87 3787/139/87 3788/140/87 3790/141/87 3791/142/87 3792/143/87 3793/144/87 3768/145/87 3767/146/87 3766/147/87 3765/148/87 3764/149/87 3763/150/87 3895/151/87 3896/152/87 3718/153/87 3898/154/87 3719/155/87 3712/156/87 3711/157/87 3709/158/87 3708/159/87 3707/160/87 3706/161/87 3703/162/87 3901/163/87 3899/164/87 3900/165/87 3902/166/87 3904/167/87 3905/168/87 3906/169/87 3907/170/87 3909/171/87 3264/172/87 3263/173/87 3262/174/87 3261/175/87 3259/176/87 3258/177/87 3257/178/87 3255/179/87 3254/180/87 3251/181/87 3252/182/87 3253/183/87 3249/184/87 3975/185/87 3976/186/87 3977/187/87 3978/188/87 3979/189/87 3980/190/87 3232/191/87 3981/192/87 3226/193/87 3225/194/87 3222/195/87 3223/196/87 3224/197/87 3217/198/87 3982/199/87 3983/200/87 3984/201/87 3986/202/87 3987/203/87 3988/204/87 3994/205/87 3995/206/87 3996/207/87 3997/208/87 3999/209/87 4000/210/87 4002/211/87 4003/212/87 4004/213/87 4023/214/87 4022/215/87 4020/216/87 4021/217/87 4019/218/87 4024/219/87 4025/220/87 4026/221/87 4027/222/87 4029/223/87 4030/224/87 169/225/87 168/226/87 167/227/87 166/228/87 164/229/87 163/230/87 161/231/87 158/232/87 160/233/87 159/234/87 153/235/87 152/236/87 151/237/87 150/238/87 149/239/87 137/240/87 136/241/87 138/242/87 139/243/87 140/244/87 141/245/87 142/246/87 145/247/87 146/248/87 147/249/87 148/250/87 111/251/87 4119/252/87 108/253/87 4120/254/87 103/255/87 102/256/87 101/257/87 100/258/87 91/259/87 99/260/87 93/261/87 98/262/87 96/263/87
s 1
f 74/86/86 72/85/85 73/264/88
f 73/264/88 4121/265/89 77/266/90 75/267/91 74/86/86
f 75/267/91 78/77/77 64/76/76 74/86/86
f 75/267/91 76/268/92 79/269/93 78/77/77
f 95/270/94 94/271/95 76/268/92 75/267/91 77/266/90
f 63/75/75 78/77/77 79/269/93 80/272/96
f 83/273/97 81/274/98 79/269/93 76/268/92
f 82/275/99 80/272/96 79/269/93 81/274/98
f 82/275/99 81/274/98 84/276/100 86/277/101
f 83/273/97 87/278/102 84/276/100 81/274/98
f 3963/279/103 86/277/101 84/276/100 85/280/104
f 88/281/105 85/280/104 84/276/100 87/278/102
f 83/273/97 92/282/106 89/283/107 87/278/102
f 88/281/105 87/278/102 89/283/107 90/284/108
f 90/284/108 89/283/107 91/285/109 100/286/110
f 99/287/111 91/285/109 89/283/107 92/282/106 93/288/112
f 98/289/113 93/288/112 92/282/106 94/271/95 96/290/114
f 83/273/97 76/268/92 94/271/95 92/282/106
f 96/290/114 94/271/95 95/270/94 97/291/115
f 101/292/116 102/293/117 104/294/118 105/295/119 90/284/108 100/286/110
f 104/294/118 102/293/117 103/296/120
f 106/297/121 107/298/122 105/295/119 104/294/118
f 4120/299/123 108/300/124 106/297/121 104/294/118 103/296/120
f 106/297/121 109/301/125 112/302/126 107/298/122
f 4119/303/127 111/304/128 109/301/125 106/297/121 108/300/124
f 110/305/129 114/306/130 112/302/126 109/301/125
f 111/304/128 148/307/131 147/308/132 110/305/129 109/301/125
f 3960/309/133 107/298/122 112/302/126 113/310/134
f 116/311/135 113/310/134 112/302/126 114/306/130
f 110/305/129 144/312/136 115/313/137 114/306/130
f 116/311/135 114/306/130 115/313/137 117/314/138
f 116/311/135 117/314/138 121/315/139 118/316/140
f 116/311/135 118/316/140 119/317/141 113/310/134
f 120/318/142 3955/319/143 119/317/141 118/316/140
f 120/318/142 118/316/140 121/315/139 122/320/144
f 125/321/145 122/320/144 121/315/139 123/322/146
f 126/323/147 123/322/146 121/315/139 117/314/138
f 126/323/147 128/324/148 124/325/149 123/322/146
f 125/321/145 123/322/146 124/325/149 3946/326/150
f 126/323/147 117/314/138 115/313/137 127/327/151
f 126/323/147 127/327/151 130/328/152 128/324/148
f 129/329/153 187/330/154 124/325/149 128/324/148
f 129/329/153 128/324/148 130/328/152 132/331/155
f 134/332/156 132/331/155 130/328/152 131/333/157
f 143/334/158 131/333/157 130/328/152 127/327/151
f 129/329/153 132/331/155 133/335/159 184/336/160
f 134/332/156 135/337/161 133/335/159 132/331/155
f 137/338/162 149/339/163 135/337/161 134/332/156 136/340/164
f 138/341/165 136/340/164 134/332/156 131/333/157 139/342/166
f 140/343/167 139/342/166 131/333/157 143/334/158 141/344/168
f 142/345/169 141/344/168 143/334/158 144/312/136 145/346/170
f 143/334/158 127/327/151 115/313/137 144/312/136
f 146/347/171 145/346/170 144/312/136 110/305/129 147/308/132
f 149/339/163 150/348/172 135/337/161
f 151/349/173 152/350/174 154/351/175 133/335/159 135/337/161 150/348/172
f 153/352/176 159/353/177 156/354/178 154/351/175 152/350/174
f 155/355/179 184/336/160 133/335/159 154/351/175
f 155/355/179 154/351/175 156/354/178 157/356/180
f 158/357/181 161/358/182 162/359/183 157/356/180 156/354/178
f 160/360/184 158/357/181 156/354/178 159/353/177
f 163/361/185 164/362/186 165/363/187 162/359/183 161/358/182
f 165/363/187 164/362/186 166/364/188
f 167/365/189 168/366/190 170/367/191 165/363/187 166/364/188
f 168/366/190 169/368/192 4031/369/193 171/370/194 170/367/191
f 174/371/195 172/372/196 170/367/191 171/370/194
f 162/359/183 165/363/187 170/367/191 172/372/196
f 162/359/183 172/372/196 173/373/197 157/356/180
f 174/371/195 176/374/198 173/373/197 172/372/196
f 174/371/195 171/370/194 4034/375/199 175/376/200
f 174/371/195 175/376/200 177/377/201 176/374/198
f 178/378/202 176/374/198 177/377/201 179/379/203
f 178/378/202 181/380/204 173/373/197 176/374/198
f 178/378/202 179/379/203 4117/381/205 180/382/206
f 178/378/202 180/382/206 182/383/207 181/380/204
f 155/355/179 157/356/180 173/373/197 181/380/204
f 155/355/179 181/380/204 182/383/207 184/336/160
f 185/384/208 183/385/209 182/383/207 180/382/206
f 129/329/153 184/336/160 182/383/207 183/385/209
f 185/384/208 189/386/210 186/387/211 183/385/209
f 129/329/153 183/385/209 186/387/211 187/330/154
f 3945/388/212 187/330/154 186/387/211 188/389/213
f 191/390/214 188/389/213 186/387/211 189/386/210
f 185/384/208 4118/391/215 190/392/216 189/386/210
f 191/390/214 189/386/210 190/392/216 193/393/217
f 191/390/214 192/394/218 3939/395/219 188/389/213
f 191/390/214 193/393/217 194/396/220 192/394/218
f 195/397/221 198/398/222 194/396/220 193/393/217
f 195/397/221 193/393/217 190/392/216 196/399/223
f 195/397/221 196/399/223 256/400/224 197/401/225
f 195/397/221 197/401/225 200/402/226 198/398/222
f 199/403/227 198/398/222 200/402/226 202/404/228
f 199/403/227 3941/405/229 194/396/220 198/398/222
f 203/406/230 202/404/228 200/402/226 201/407/231
f 255/408/232 201/407/231 200/402/226 197/401/225
f 199/403/227 202/404/228 204/409/233 205/410/234
f 203/406/230 207/411/235 204/409/233 202/404/228
f 3582/412/236 205/410/234 204/409/233 206/413/237
f 209/414/238 206/413/237 204/409/233 207/411/235
f 203/406/230 260/415/239 208/416/240 207/411/235
f 209/414/238 207/411/235 208/416/240 211/417/241
f 209/414/238 210/418/242 3416/419/243 206/413/237
f 209/414/238 211/417/241 212/420/244 210/418/242
f 213/421/245 216/422/246 212/420/244 211/417/241
f 213/421/245 211/417/241 208/416/240 214/423/247
f 213/421/245 214/423/247 227/424/248 215/425/249
f 213/421/245 215/425/249 218/426/250 216/422/246
f 217/427/251 216/422/246 218/426/250 219/428/252
f 217/427/251 3419/429/253 212/420/244 216/422/246
f 222/430/254 219/428/252 218/426/250 220/431/255
f 223/432/256 220/431/255 218/426/250 215/425/249
f 223/432/256 224/433/257 221/434/258 220/431/255
f 222/430/254 220/431/255 221/434/258 3475/435/259
f 223/432/256 225/436/260 228/437/261 224/433/257
f 223/432/256 215/425/249 227/424/248 225/436/260
f 226/438/262 230/439/263 228/437/261 225/436/260
f 226/438/262 225/436/260 227/424/248 262/440/264
f 3472/441/265 224/433/257 228/437/261 229/442/266
f 231/443/267 229/442/266 228/437/261 230/439/263
f 231/443/267 230/439/263 232/444/268 233/445/269
f 226/438/262 234/446/270 232/444/268 230/439/263
f 237/447/271 233/445/269 232/444/268 235/448/272
f 238/449/273 235/448/272 232/444/268 234/446/270
f 238/449/273 239/450/274 236/451/275 235/448/272
f 237/447/271 235/448/272 236/451/275 289/452/276
f 238/449/273 240/453/277 243/454/278 239/450/274
f 238/449/273 234/446/270 242/455/279 240/453/277
f 241/456/280 245/457/281 243/454/278 240/453/277
f 241/456/280 240/453/277 242/455/279 259/458/282
f 285/459/283 239/450/274 243/454/278 244/460/284
f 247/461/285 244/460/284 243/454/278 245/457/281
f 241/456/280 257/462/286 246/463/287 245/457/281
f 247/461/285 245/457/281 246/463/287 249/464/288
f 247/461/285 248/465/289 282/466/290 244/460/284
f 247/461/285 249/464/288 250/467/291 248/465/289
f 251/468/292 252/469/293 250/467/291 249/464/288
f 251/468/292 249/464/288 246/463/287 254/470/294
f 251/468/292 253/471/295 264/472/296 252/469/293
f 251/468/292 254/470/294 256/400/224 253/471/295
f 255/408/232 254/470/294 246/463/287 257/462/286
f 255/408/232 197/401/225 256/400/224 254/470/294
f 263/473/297 253/471/295 256/400/224 196/399/223
f 255/408/232 257/462/286 258/474/298 201/407/231
f 241/456/280 259/458/282 258/474/298 257/462/286
f 261/475/299 260/415/239 258/474/298 259/458/282
f 203/406/230 201/407/231 258/474/298 260/415/239
f 261/475/299 214/423/247 208/416/240 260/415/239
f 261/475/299 259/458/282 242/455/279 262/440/264
f 261/475/299 262/440/264 227/424/248 214/423/247
f 226/438/262 262/440/264 242/455/279 234/446/270
f 263/473/297 265/476/300 264/472/296 253/471/295
f 267/477/301 252/469/293 264/472/296 266/478/302
f 268/479/303 266/478/302 264/472/296 265/476/300
f 267/477/301 266/478/302 269/480/304 272/481/305
f 268/479/303 271/482/306 269/480/304 266/478/302
f 273/483/307 272/481/305 269/480/304 270/484/308
f 4036/485/309 270/484/308 269/480/304 271/482/306
f 267/477/301 272/481/305 274/486/310 277/487/311
f 273/483/307 276/488/312 274/486/310 272/481/305
f 278/489/313 277/487/311 274/486/310 275/490/314
f 4045/491/315 275/490/314 274/486/310 276/488/312
f 267/477/301 277/487/311 250/467/291 252/469/293
f 278/489/313 248/465/289 250/467/291 277/487/311
f 278/489/313 275/490/314 280/492/316 279/493/317
f 278/489/313 279/493/317 282/466/290 248/465/289
f 281/494/318 279/493/317 280/492/316 4104/495/319
f 281/494/318 283/496/320 282/466/290 279/493/317
f 285/459/283 244/460/284 282/466/290 283/496/320
f 281/494/318 4102/497/321 284/498/322 283/496/320
f 285/459/283 283/496/320 284/498/322 286/499/323
f 285/459/283 286/499/323 236/451/275 239/450/274
f 287/500/324 289/452/276 236/451/275 286/499/323
f 287/500/324 286/499/323 284/498/322 288/501/325
f 287/500/324 288/501/325 293/502/326 290/503/327
f 287/500/324 290/503/327 291/504/328 289/452/276
f 292/505/329 3477/506/330 291/504/328 290/503/327
f 292/505/329 290/503/327 293/502/326 295/507/331
f 297/508/332 295/507/331 293/502/326 294/509/333
f 4101/510/334 294/509/333 293/502/326 288/501/325
f 292/505/329 295/507/331 296/511/335 3480/512/336
f 297/508/332 299/513/337 296/511/335 295/507/331
f 297/508/332 298/514/338 301/515/339 299/513/337
f 297/508/332 294/509/333 4098/516/340 298/514/338
f 300/517/341 3482/518/342 296/511/335 299/513/337
f 300/517/341 299/513/337 301/515/339 302/519/343
f 304/520/344 303/521/345 301/515/339 298/514/338
f 305/522/346 302/519/343 301/515/339 303/521/345
f 304/520/344 307/523/347 306/524/348 303/521/345
f 305/522/346 303/521/345 306/524/348 309/525/349
f 4088/526/350 308/527/351 306/524/348 307/523/347
f 310/528/352 309/525/349 306/524/348 308/527/351
f 310/528/352 314/529/353 311/530/354 309/525/349
f 305/522/346 309/525/349 311/530/354 313/531/355
f 325/532/356 313/531/355 311/530/354 312/533/357
f 316/534/358 312/533/357 311/530/354 314/529/353
f 310/528/352 3193/535/359 315/536/360 314/529/353
f 316/534/358 314/529/353 315/536/360 317/537/361
f 316/534/358 317/537/361 319/538/362 318/539/363
f 316/534/358 318/539/363 321/540/364 312/533/357
f 320/541/365 318/539/363 319/538/362 4115/542/366
f 320/541/365 322/543/367 321/540/364 318/539/363
f 324/544/368 323/545/369 321/540/364 322/543/367
f 325/532/356 312/533/357 321/540/364 323/545/369
f 324/544/368 327/546/370 326/547/371 323/545/369
f 325/532/356 323/545/369 326/547/371 329/548/372
f 371/549/373 328/550/374 326/547/371 327/546/370
f 330/551/375 329/548/372 326/547/371 328/550/374
f 330/551/375 333/552/376 331/553/377 329/548/372
f 325/532/356 329/548/372 331/553/377 313/531/355
f 334/554/378 332/555/379 331/553/377 333/552/376
f 305/522/346 313/531/355 331/553/377 332/555/379
f 330/551/375 337/556/380 335/557/381 333/552/376
f 334/554/378 333/552/376 335/557/381 336/558/382
f 339/559/383 336/558/382 335/557/381 338/560/384
f 340/561/385 338/560/384 335/557/381 337/556/380
f 339/559/383 338/560/384 341/562/386 342/563/387
f 340/561/385 343/564/388 341/562/386 338/560/384
f 345/565/389 342/563/387 341/562/386 344/566/390
f 347/567/391 344/566/390 341/562/386 343/564/388
f 345/565/389 344/566/390 346/568/392 3439/569/393
f 347/567/391 349/570/394 346/568/392 344/566/390
f 347/567/391 348/571/395 350/572/396 349/570/394
f 347/567/391 343/564/388 366/573/397 348/571/395
f 351/574/398 349/570/394 350/572/396 354/575/399
f 351/574/398 352/576/400 346/568/392 349/570/394
f 351/574/398 353/577/401 3493/578/402 352/576/400
f 351/574/398 354/575/399 355/579/403 353/577/401
f 356/580/404 357/581/405 355/579/403 354/575/399
f 356/580/404 354/575/399 350/572/396 359/582/406
f 356/580/404 358/583/407 3547/584/408 357/581/405
f 356/580/404 359/582/406 360/585/409 358/583/407
f 361/586/410 362/587/411 360/585/409 359/582/406
f 361/586/410 359/582/406 350/572/396 348/571/395
f 361/586/410 363/588/412 365/589/413 362/587/411
f 361/586/410 348/571/395 366/573/397 363/588/412
f 364/590/414 363/588/412 366/573/397 367/591/415
f 364/590/414 4116/592/416 365/589/413 363/588/412
f 340/561/385 367/591/415 366/573/397 343/564/388
f 364/590/414 367/591/415 368/593/417 369/594/418
f 340/561/385 337/556/380 368/593/417 367/591/415
f 371/549/373 369/594/418 368/593/417 328/550/374
f 330/551/375 328/550/374 368/593/417 337/556/380
f 364/590/414 369/594/418 370/595/419 4116/592/416
f 371/549/373 372/596/420 370/595/419 369/594/418
f 371/549/373 327/546/370 373/597/421 372/596/420
f 374/598/422 372/596/420 373/597/421 375/599/423
f 374/598/422 377/600/424 370/595/419 372/596/420
f 374/598/422 375/599/423 3164/601/425 376/602/426
f 374/598/422 376/602/426 379/603/427 377/600/424
f 378/604/428 4116/592/416 370/595/419 377/600/424
f 378/604/428 377/600/424 379/603/427 380/605/429
f 382/606/430 381/607/431 379/603/427 376/602/426
f 383/608/432 380/605/429 379/603/427 381/607/431
f 382/606/430 386/609/433 384/610/434 381/607/431
f 383/608/432 381/607/431 384/610/434 385/611/435
f 389/612/436 385/611/435 384/610/434 387/613/437
f 388/614/438 387/613/437 384/610/434 386/609/433
f 388/614/438 393/615/439 390/616/440 387/613/437
f 389/612/436 387/613/437 390/616/440 392/617/441
f 395/618/442 391/619/443 390/616/440 393/615/439
f 418/620/444 392/617/441 390/616/440 391/619/443
f 388/614/438 3161/621/445 394/622/446 393/615/439
f 395/618/442 393/615/439 394/622/446 396/623/447
f 395/618/442 396/623/447 400/624/448 397/625/449
f 395/618/442 397/625/449 398/626/450 391/619/443
f 399/627/451 411/628/452 398/626/450 397/625/449
f 399/627/451 397/625/449 400/624/448 402/629/453
f 3138/630/454 401/631/455 400/624/448 396/623/447
f 403/632/456 402/629/453 400/624/448 401/631/455
f 403/632/456 406/633/457 404/634/458 402/629/453
f 399/627/451 402/629/453 404/634/458 407/635/459
f 408/636/460 407/635/459 404/634/458 405/637/461
f 640/638/462 405/637/461 404/634/458 406/633/457
f 399/627/451 407/635/459 409/639/463 411/628/452
f 408/636/460 410/640/464 409/639/463 407/635/459
f 413/641/465 412/642/466 409/639/463 410/640/464
f 415/643/467 411/628/452 409/639/463 412/642/466
f 413/641/465 3081/644/468 414/645/469 412/642/466
f 415/643/467 412/642/466 414/645/469 416/646/470
f 415/643/467 416/646/470 419/647/471 417/648/472
f 415/643/467 417/648/472 398/626/450 411/628/452
f 418/620/444 391/619/443 398/626/450 417/648/472
f 418/620/444 417/648/472 419/647/471 420/649/473
f 423/650/474 420/649/473 419/647/471 421/651/475
f 422/652/476 421/651/475 419/647/471 416/646/470
f 422/652/476 426/653/477 424/654/478 421/651/475
f 423/650/474 421/651/475 424/654/478 427/655/479
f 3088/656/480 425/657/481 424/654/478 426/653/477
f 429/658/482 427/655/479 424/654/478 425/657/481
f 423/650/474 427/655/479 428/659/483 3536/660/484
f 429/658/482 431/661/485 428/659/483 427/655/479
f 429/658/482 430/662/486 433/663/487 431/661/485
f 429/658/482 425/657/481 506/664/488 430/662/486
f 432/665/489 3529/666/490 428/659/483 431/661/485
f 432/665/489 431/661/485 433/663/487 434/667/491
f 437/668/492 435/669/493 433/663/487 430/662/486
f 436/670/494 434/667/491 433/663/487 435/669/493
f 436/670/494 435/669/493 438/671/495 441/672/496
f 437/668/492 440/673/497 438/671/495 435/669/493
f 443/674/498 441/672/496 438/671/495 439/675/499
f 497/676/500 439/675/499 438/671/495 440/673/497
f 443/674/498 445/677/501 442/678/502 441/672/496
f 436/670/494 441/672/496 442/678/502 3524/679/503
f 443/674/498 439/675/499 499/680/504 444/681/505
f 443/674/498 444/681/505 447/682/506 445/677/501
f 446/683/507 445/677/501 447/682/506 449/684/508
f 446/683/507 3518/685/509 442/678/502 445/677/501
f 460/686/510 448/687/511 447/682/506 444/681/505
f 451/688/512 449/684/508 447/682/506 448/687/511
f 446/683/507 449/684/508 450/689/513 3519/690/514
f 451/688/512 452/691/515 450/689/513 449/684/508
f 451/688/512 453/692/516 455/693/517 452/691/515
f 451/688/512 448/687/511 456/694/518 453/692/516
f 454/695/519 453/692/516 456/694/518 457/696/520
f 454/695/519 3579/697/521 455/693/517 453/692/516
f 461/698/522 457/696/520 456/694/518 458/699/523
f 460/686/510 458/699/523 456/694/518 448/687/511
f 460/686/510 501/700/524 459/701/525 458/699/523
f 461/698/522 458/699/523 459/701/525 462/702/526
f 461/698/522 462/702/526 466/703/527 463/704/528
f 461/698/522 463/704/528 465/705/529 457/696/520
f 464/706/530 3359/707/531 465/705/529 463/704/528
f 464/706/530 463/704/528 466/703/527 468/708/532
f 503/709/533 467/710/534 466/703/527 462/702/526
f 470/711/535 468/708/532 466/703/527 467/710/534
f 464/706/530 468/708/532 469/712/536 3356/713/537
f 470/711/535 471/714/538 469/712/536 468/708/532
f 470/711/535 467/710/534 475/715/539 472/716/540
f 470/711/535 472/716/540 474/717/541 471/714/538
f 473/718/542 472/716/540 475/715/539 477/719/543
f 473/718/542 589/720/544 474/717/541 472/716/540
f 479/721/545 477/719/543 475/715/539 476/722/546
f 503/709/533 476/722/546 475/715/539 467/710/534
f 479/721/545 481/723/547 478/724/548 477/719/543
f 473/718/542 477/719/543 478/724/548 584/725/549
f 479/721/545 476/722/546 504/726/550 480/727/551
f 479/721/545 480/727/551 483/728/552 481/723/547
f 482/729/553 582/730/554 478/724/548 481/723/547
f 482/729/553 481/723/547 483/728/552 484/731/555
f 487/732/556 484/731/555 483/728/552 485/733/557
f 488/734/558 485/733/557 483/728/552 480/727/551
f 488/734/558 490/735/559 486/736/560 485/733/557
f 487/732/556 485/733/557 486/736/560 568/737/561
f 488/734/558 489/738/562 491/739/563 490/735/559
f 488/734/558 480/727/551 504/726/550 489/738/562
f 492/740/564 490/735/559 491/739/563 495/741/565
f 492/740/564 493/742/566 486/736/560 490/735/559
f 492/740/564 494/743/567 511/744/568 493/742/566
f 492/740/564 495/741/565 496/745/569 494/743/567
f 497/676/500 440/673/497 496/745/569 495/741/565
f 497/676/500 495/741/565 491/739/563 498/746/570
f 497/676/500 498/746/570 499/680/504 439/675/499
f 500/747/571 501/700/524 499/680/504 498/746/570
f 500/747/571 498/746/570 491/739/563 489/738/562
f 500/747/571 502/748/572 459/701/525 501/700/524
f 500/747/571 489/738/562 504/726/550 502/748/572
f 503/709/533 502/748/572 504/726/550 476/722/546
f 503/709/533 462/702/526 459/701/525 502/748/572
f 460/686/510 444/681/505 499/680/504 501/700/524
f 437/668/492 505/749/573 496/745/569 440/673/497
f 507/750/574 494/743/567 496/745/569 505/749/573
f 437/668/492 430/662/486 506/664/488 505/749/573
f 507/750/574 505/749/573 506/664/488 508/751/575
f 507/750/574 508/751/575 510/752/576 509/753/577
f 507/750/574 509/753/577 511/744/568 494/743/567
f 512/754/578 509/753/577 510/752/576 515/755/579
f 512/754/578 513/756/580 511/744/568 509/753/577
f 512/754/578 514/757/581 564/758/582 513/756/580
f 512/754/578 515/755/579 517/759/583 514/757/581
f 516/760/584 515/755/579 510/752/576 3087/761/585
f 516/760/584 518/762/586 517/759/583 515/755/579
f 521/763/587 514/757/581 517/759/583 519/764/588
f 520/765/589 519/764/588 517/759/583 518/762/586
f 520/765/589 523/766/590 522/767/591 519/764/588
f 521/763/587 519/764/588 522/767/591 524/768/592
f 526/769/593 525/770/594 522/767/591 523/766/590
f 528/771/595 524/768/592 522/767/591 525/770/594
f 526/769/593 3059/772/596 527/773/597 525/770/594
f 528/771/595 525/770/594 527/773/597 530/774/598
f 528/771/595 529/775/599 562/776/600 524/768/592
f 528/771/595 530/774/598 532/777/601 529/775/599
f 531/778/602 530/774/598 527/773/597 3057/779/603
f 531/778/602 534/780/604 532/777/601 530/774/598
f 557/781/605 529/775/599 532/777/601 533/782/606
f 536/783/607 533/782/606 532/777/601 534/780/604
f 531/778/602 3054/784/608 535/785/609 534/780/604
f 536/783/607 534/780/604 535/785/609 537/786/610
f 536/783/607 537/786/610 541/787/611 538/788/612
f 536/783/607 538/788/612 539/789/613 533/782/606
f 540/790/614 553/791/615 539/789/613 538/788/612
f 540/790/614 538/788/612 541/787/611 543/792/616
f 3015/793/617 542/794/618 541/787/611 537/786/610
f 544/795/619 543/792/616 541/787/611 542/794/618
f 544/795/619 547/796/620 545/797/621 543/792/616
f 540/790/614 543/792/616 545/797/621 548/798/622
f 549/799/623 548/798/622 545/797/621 546/800/624
f 3013/801/625 546/800/624 545/797/621 547/796/620
f 540/790/614 548/798/622 550/802/626 553/791/615
f 549/799/623 551/803/627 550/802/626 548/798/622
f 2924/804/628 552/805/629 550/802/626 551/803/627
f 554/806/630 553/791/615 550/802/626 552/805/629
f 554/806/630 556/807/631 539/789/613 553/791/615
f 554/806/630 552/805/629 574/808/632 555/809/633
f 554/806/630 555/809/633 558/810/634 556/807/631
f 557/781/605 533/782/606 539/789/613 556/807/631
f 557/781/605 556/807/631 558/810/634 560/811/635
f 561/812/636 560/811/635 558/810/634 559/813/637
f 570/814/638 559/813/637 558/810/634 555/809/633
f 557/781/605 560/811/635 562/776/600 529/775/599
f 561/812/636 563/815/639 562/776/600 560/811/635
f 521/763/587 524/768/592 562/776/600 563/815/639
f 521/763/587 563/815/639 564/758/582 514/757/581
f 561/812/636 565/816/640 564/758/582 563/815/639
f 566/817/641 513/756/580 564/758/582 565/816/640
f 566/817/641 565/816/640 567/818/642 568/737/561
f 561/812/636 559/813/637 567/818/642 565/816/640
f 487/732/556 568/737/561 567/818/642 569/819/643
f 570/814/638 569/819/643 567/818/642 559/813/637
f 570/814/638 573/820/644 571/821/645 569/819/643
f 487/732/556 569/819/643 571/821/645 484/731/555
f 575/822/646 572/823/647 571/821/645 573/820/644
f 482/729/553 484/731/555 571/821/645 572/823/647
f 570/814/638 555/809/633 574/808/632 573/820/644
f 575/822/646 573/820/644 574/808/632 576/824/648
f 575/822/646 576/824/648 578/825/649 577/826/650
f 575/822/646 577/826/650 580/827/651 572/823/647
f 579/828/652 577/826/650 578/825/649 2927/829/653
f 579/828/652 581/830/654 580/827/651 577/826/650
f 482/729/553 572/823/647 580/827/651 582/730/554
f 583/831/655 582/730/554 580/827/651 581/830/654
f 583/831/655 584/725/549 478/724/548 582/730/554
f 583/831/655 581/830/654 587/832/656 585/833/657
f 583/831/655 585/833/657 588/834/658 584/725/549
f 586/835/659 590/836/660 588/834/658 585/833/657
f 586/835/659 585/833/657 587/832/656 2932/837/661
f 473/718/542 584/725/549 588/834/658 589/720/544
f 592/838/662 589/720/544 588/834/658 590/836/660
f 586/835/659 3009/839/663 591/840/664 590/836/660
f 592/838/662 590/836/660 591/840/664 593/841/665
f 592/838/662 593/841/665 595/842/666 594/843/667
f 592/838/662 594/843/667 474/717/541 589/720/544
f 596/844/668 594/843/667 595/842/666 598/845/669
f 596/844/668 471/714/538 474/717/541 594/843/667
f 596/844/668 597/846/670 469/712/536 471/714/538
f 596/844/668 598/845/669 599/847/671 597/846/670
f 600/848/672 602/849/673 599/847/671 598/845/669
f 600/848/672 598/845/669 595/842/666 603/850/674
f 600/848/672 603/850/674 605/851/675 601/852/676
f 600/848/672 601/852/676 3337/853/677 602/849/673
f 604/854/678 603/850/674 595/842/666 593/841/665
f 604/854/678 606/855/679 605/851/675 603/850/674
f 608/856/680 601/852/676 605/851/675 607/857/681
f 610/858/682 607/857/681 605/851/675 606/855/679
f 608/856/680 607/857/681 609/859/683 3333/860/684
f 610/858/682 611/861/685 609/859/683 607/857/681
f 610/858/682 612/862/686 615/863/687 611/861/685
f 610/858/682 606/855/679 613/864/688 612/862/686
f 614/865/689 612/862/686 613/864/688 2995/866/690
f 614/865/689 616/867/691 615/863/687 612/862/686
f 620/868/692 611/861/685 615/863/687 617/869/693
f 618/870/694 617/869/693 615/863/687 616/867/691
f 618/870/694 3002/871/695 619/872/696 617/869/693
f 620/868/692 617/869/693 619/872/696 622/873/697
f 620/868/692 621/874/698 609/859/683 611/861/685
f 620/868/692 622/873/697 624/875/699 621/874/698
f 623/876/700 626/877/701 624/875/699 622/873/697
f 623/876/700 622/873/697 619/872/696 3004/878/702
f 3331/879/703 621/874/698 624/875/699 625/880/704
f 627/881/705 625/880/704 624/875/699 626/877/701
f 627/882/705 626/883/701 628/884/706 629/885/707
f 623/886/700 631/887/708 628/884/706 626/883/701
f 3139/888/709 629/885/707 628/884/706 630/889/710
f 633/890/711 630/889/710 628/884/706 631/887/708
f 623/886/700 3004/891/702 632/892/712 631/887/708
f 633/890/711 631/887/708 632/892/712 635/893/713
f 633/890/711 634/894/714 3135/895/715 630/889/710
f 633/890/711 635/893/713 637/896/716 634/894/714
f 636/897/717 635/893/713 632/892/712 3005/898/718
f 636/897/717 638/899/719 637/896/716 635/893/713
f 640/638/462 406/633/457 637/896/716 638/899/719
f 403/632/456 634/894/714 637/896/716 406/633/457
f 636/897/717 3007/900/720 639/901/721 638/899/719
f 640/638/462 638/899/719 639/901/721 641/902/722
f 640/638/462 641/902/722 642/903/723 405/637/461
f 643/904/724 644/905/725 642/903/723 641/902/722
f 643/904/724 641/902/722 639/901/721 646/906/726
f 643/904/724 645/907/727 3097/908/728 644/905/725
f 643/904/724 646/906/726 648/909/729 645/907/727
f 647/910/730 649/911/731 648/909/729 646/906/726
f 647/910/730 646/906/726 639/901/721 3007/900/720
f 652/912/732 650/913/733 648/909/729 649/911/731
f 653/914/734 645/907/727 648/909/729 650/913/733
f 652/912/732 2972/915/735 651/916/736 650/913/733
f 653/914/734 650/913/733 651/916/736 655/917/737
f 653/914/734 654/918/738 3097/908/728 645/907/727
f 653/914/734 655/917/737 656/919/739 654/918/738
f 657/920/740 658/921/741 656/919/739 655/917/737
f 657/920/740 655/917/737 651/916/736 660/922/742
f 657/920/740 659/923/743 3107/924/744 658/921/741
f 657/920/740 660/922/742 662/925/745 659/923/743
f 661/926/746 660/922/742 651/916/736 2972/915/735
f 661/926/746 663/927/747 662/925/745 660/922/742
f 666/928/748 664/929/749 662/925/745 663/927/747
f 665/930/750 659/923/743 662/925/745 664/929/749
f 665/930/750 664/929/749 667/931/751 668/932/752
f 666/928/748 669/933/753 667/931/751 664/929/749
f 672/934/754 668/932/752 667/931/751 670/935/755
f 673/936/756 670/935/755 667/931/751 669/933/753
f 673/936/756 675/937/757 671/938/758 670/935/755
f 672/934/754 670/935/755 671/938/758 683/939/759
f 673/936/756 674/940/760 676/941/761 675/937/757
f 673/936/756 669/933/753 2875/942/762 674/940/760
f 677/943/763 675/937/757 676/941/761 678/944/764
f 677/943/763 680/945/765 671/938/758 675/937/757
f 677/943/763 678/944/764 779/946/766 679/947/767
f 677/943/763 679/947/767 681/948/768 680/945/765
f 682/949/769 680/945/765 681/948/768 685/950/770
f 682/949/769 683/939/759 671/938/758 680/945/765
f 682/949/769 684/951/771 3134/952/772 683/939/759
f 682/949/769 685/950/770 686/953/773 684/951/771
f 687/954/774 690/955/775 686/953/773 685/950/770
f 687/954/774 685/950/770 681/948/768 688/956/776
f 687/954/774 688/956/776 786/957/777 689/958/778
f 687/954/774 689/958/778 691/959/779 690/955/775
f 692/960/780 690/955/775 691/959/779 693/961/781
f 692/960/780 695/962/782 686/953/773 690/955/775
f 692/960/780 693/961/781 864/963/783 694/964/784
f 692/960/780 694/964/784 697/965/785 695/962/782
f 696/966/786 684/951/771 686/953/773 695/962/782
f 696/966/786 695/962/782 697/965/785 698/967/787
f 702/968/788 698/967/787 697/965/785 699/969/789
f 700/970/790 699/969/789 697/965/785 694/964/784
f 700/970/790 869/971/791 701/972/792 699/969/789
f 702/968/788 699/969/789 701/972/792 704/973/793
f 702/968/788 703/974/794 3132/975/795 698/967/787
f 702/968/788 704/973/793 705/976/796 703/974/794
f 706/977/797 707/978/798 705/976/796 704/973/793
f 706/977/797 704/973/793 701/972/792 709/979/799
f 706/977/797 708/980/800 3045/981/801 707/978/798
f 706/977/797 709/979/799 711/982/802 708/980/800
f 710/983/803 713/984/804 711/982/802 709/979/799
f 710/983/803 709/979/799 701/972/792 869/971/791
f 715/985/805 712/986/806 711/982/802 713/984/804
f 3043/987/807 708/980/800 711/982/802 712/986/806
f 710/983/803 868/988/808 714/989/809 713/984/804
f 715/985/805 713/984/804 714/989/809 716/990/810
f 715/985/805 716/990/810 720/991/811 717/992/812
f 715/985/805 717/992/812 718/993/813 712/986/806
f 719/994/814 3042/995/815 718/993/813 717/992/812
f 719/994/814 717/992/812 720/991/811 722/996/816
f 724/997/817 722/996/816 720/991/811 721/998/818
f 2868/999/819 721/998/818 720/991/811 716/990/810
f 719/994/814 722/996/816 723/1000/820 750/1001/821
f 724/997/817 725/1002/822 723/1000/820 722/996/816
f 724/997/817 726/1003/823 729/1004/824 725/1002/822
f 724/997/817 721/998/818 728/1005/825 726/1003/823
f 727/1006/826 726/1003/823 728/1005/825 879/1007/827
f 727/1006/826 731/1008/828 729/1004/824 726/1003/823
f 742/1009/829 725/1002/822 729/1004/824 730/1010/830
f 733/1011/831 730/1010/830 729/1004/824 731/1008/828
f 727/1006/826 881/1012/832 732/1013/833 731/1008/828
f 733/1011/831 731/1008/828 732/1013/833 734/1014/834
f 733/1011/831 734/1014/834 736/1015/835 735/1016/836
f 733/1011/831 735/1016/836 738/1017/837 730/1010/830
f 737/1018/838 735/1016/836 736/1015/835 2833/1019/839
f 737/1018/838 739/1020/840 738/1017/837 735/1016/836
f 741/1021/841 740/1022/842 738/1017/837 739/1020/840
f 742/1009/829 730/1010/830 738/1017/837 740/1022/842
f 741/1021/841 745/1023/843 743/1024/844 740/1022/842
f 742/1009/829 740/1022/842 743/1024/844 744/1025/845
f 749/1026/846 744/1025/845 743/1024/844 746/1027/847
f 747/1028/848 746/1027/847 743/1024/844 745/1023/843
f 747/1028/848 761/1029/849 748/1030/850 746/1027/847
f 749/1026/846 746/1027/847 748/1030/850 751/1031/851
f 749/1026/846 750/1001/821 723/1000/820 744/1025/845
f 749/1026/846 751/1031/851 752/1032/852 750/1001/821
f 753/1033/853 754/1034/854 752/1032/852 751/1031/851
f 753/1033/853 751/1031/851 748/1030/850 756/1035/855
f 753/1033/853 755/1036/856 3037/1037/857 754/1034/854
f 753/1033/853 756/1035/855 757/1038/858 755/1036/856
f 758/1039/859 759/1040/860 757/1038/858 756/1035/855
f 758/1039/859 756/1035/855 748/1030/850 761/1029/849
f 758/1039/859 760/1041/861 3035/1042/862 759/1040/860
f 758/1039/859 761/1029/849 762/1043/863 760/1041/861
f 747/1028/848 763/1044/864 762/1043/863 761/1029/849
f 765/1045/865 760/1041/861 762/1043/863 764/1046/866
f 766/1047/867 764/1046/866 762/1043/863 763/1044/864
f 765/1048/865 764/1049/866 767/1050/868 768/1051/869
f 766/1052/867 769/1053/870 767/1050/868 764/1049/866
f 772/1054/871 768/1051/869 767/1050/868 770/1055/872
f 771/1056/873 770/1055/872 767/1050/868 769/1053/870
f 771/1056/873 774/1057/874 773/1058/875 770/1055/872
f 772/1054/871 770/1055/872 773/1058/875 775/1059/876
f 777/1060/877 776/1061/878 773/1058/875 774/1057/874
f 778/1062/879 775/1059/876 773/1058/875 776/1061/878
f 777/1060/877 780/1063/880 779/946/766 776/1061/878
f 778/1062/879 776/1061/878 779/946/766 678/944/764
f 781/1064/881 679/947/767 779/946/766 780/1063/880
f 777/1060/877 784/1065/882 782/1066/883 780/1063/880
f 781/1064/881 780/1063/880 782/1066/883 785/1067/884
f 787/1068/885 785/1067/884 782/1066/883 783/1069/886
f 2856/1070/887 783/1069/886 782/1066/883 784/1065/882
f 787/1068/885 788/1071/888 786/957/777 785/1067/884
f 781/1064/881 785/1067/884 786/957/777 688/956/776
f 787/1068/885 789/1072/889 790/1073/890 788/1071/888
f 787/1068/885 783/1069/886 791/1074/891 789/1072/889
f 792/1075/892 793/1076/893 790/1073/890 789/1072/889
f 792/1075/892 789/1072/889 791/1074/891 795/1077/894
f 792/1075/892 794/1078/895 861/1079/896 793/1076/893
f 792/1075/892 795/1077/894 797/1080/897 794/1078/895
f 796/1081/898 795/1077/894 791/1074/891 2854/1082/899
f 796/1081/898 798/1083/900 797/1080/897 795/1077/894
f 800/1084/901 799/1085/902 797/1080/897 798/1083/900
f 801/1086/903 794/1078/895 797/1080/897 799/1085/902
f 800/1084/901 803/1087/904 802/1088/905 799/1085/902
f 801/1086/903 799/1085/902 802/1088/905 805/1089/906
f 2811/1090/907 804/1091/908 802/1088/905 803/1087/904
f 806/1092/909 805/1089/906 802/1088/905 804/1091/908
f 806/1092/909 810/1093/910 807/1094/911 805/1089/906
f 801/1086/903 805/1089/906 807/1094/911 808/1095/912
f 860/1096/913 808/1095/912 807/1094/911 809/1097/914
f 811/1098/915 809/1097/914 807/1094/911 810/1093/910
f 811/1098/915 810/1093/910 812/1099/916 815/1100/917
f 806/1092/909 813/1101/918 812/1099/916 810/1093/910
f 2803/1102/919 814/1103/920 812/1099/916 813/1101/918
f 816/1104/921 815/1100/917 812/1099/916 814/1103/920
f 811/1098/915 815/1100/917 817/1105/922 818/1106/923
f 816/1104/921 819/1107/924 817/1105/922 815/1100/917
f 823/1108/925 818/1106/923 817/1105/922 820/1109/926
f 821/1110/927 820/1109/926 817/1105/922 819/1107/924
f 821/1110/927 1950/1111/928 822/1112/929 820/1109/926
f 823/1108/925 820/1109/926 822/1112/929 825/1113/930
f 823/1108/925 824/1114/931 862/1115/932 818/1106/923
f 823/1108/925 825/1113/930 827/1116/933 824/1114/931
f 826/1117/934 825/1113/930 822/1112/929 1953/1118/935
f 826/1117/934 829/1119/936 827/1116/933 825/1113/930
f 858/1120/937 824/1114/931 827/1116/933 828/1121/938
f 831/1122/939 828/1121/938 827/1116/933 829/1119/936
f 826/1117/934 1956/1123/940 830/1124/941 829/1119/936
f 831/1122/939 829/1119/936 830/1124/941 833/1125/942
f 831/1122/939 832/1126/943 859/1127/944 828/1121/938
f 831/1122/939 833/1125/942 835/1128/945 832/1126/943
f 834/1129/946 833/1125/942 830/1124/941 1959/1130/947
f 834/1129/946 836/1131/948 835/1128/945 833/1125/942
f 838/1132/949 837/1133/950 835/1128/945 836/1131/948
f 840/1134/951 832/1126/943 835/1128/945 837/1133/950
f 838/1132/949 872/1135/952 839/1136/953 837/1133/950
f 840/1134/951 837/1133/950 839/1136/953 842/1137/954
f 840/1134/951 841/1138/955 859/1127/944 832/1126/943
f 840/1134/951 842/1137/954 844/1139/956 841/1138/955
f 843/1140/957 842/1137/954 839/1136/953 867/1141/958
f 843/1140/957 845/1142/959 844/1139/956 842/1137/954
f 847/1143/960 841/1138/955 844/1139/956 846/1144/961
f 848/1145/962 846/1144/961 844/1139/956 845/1142/959
f 847/1143/960 846/1144/961 849/1146/963 852/1147/964
f 848/1145/962 851/1148/965 849/1146/963 846/1144/961
f 853/1149/966 852/1147/964 849/1146/963 850/1150/967
f 863/1151/968 850/1150/967 849/1146/963 851/1148/965
f 847/1143/960 852/1147/964 854/1152/969 857/1153/970
f 853/1149/966 856/1154/971 854/1152/969 852/1147/964
f 858/1120/937 857/1153/970 854/1152/969 855/1155/972
f 860/1096/913 855/1155/972 854/1152/969 856/1154/971
f 858/1120/937 828/1121/938 859/1127/944 857/1153/970
f 847/1143/960 857/1153/970 859/1127/944 841/1138/955
f 858/1120/937 855/1155/972 862/1115/932 824/1114/931
f 860/1096/913 856/1154/971 861/1079/896 808/1095/912
f 853/1149/966 793/1076/893 861/1079/896 856/1154/971
f 801/1086/903 808/1095/912 861/1079/896 794/1078/895
f 860/1096/913 809/1097/914 862/1115/932 855/1155/972
f 811/1098/915 818/1106/923 862/1115/932 809/1097/914
f 853/1149/966 850/1150/967 790/1073/890 793/1076/893
f 848/1145/962 693/961/781 691/959/779 851/1148/965
f 863/1151/968 851/1148/965 691/959/779 689/958/778
f 863/1151/968 788/1071/888 790/1073/890 850/1150/967
f 863/1151/968 689/958/778 786/957/777 788/1071/888
f 848/1145/962 845/1142/959 864/963/783 693/961/781
f 843/1140/957 865/1156/973 864/963/783 845/1142/959
f 700/970/790 694/964/784 864/963/783 865/1156/973
f 843/1140/957 867/1141/958 866/1157/974 865/1156/973
f 700/970/790 865/1156/973 866/1157/974 869/971/791
f 870/1158/975 868/988/808 866/1157/974 867/1141/958
f 710/983/803 869/971/791 866/1157/974 868/988/808
f 870/1158/975 871/1159/976 714/989/809 868/988/808
f 870/1158/975 872/1135/952 873/1160/977 871/1159/976
f 870/1158/975 867/1141/958 839/1136/953 872/1135/952
f 838/1132/949 875/1161/978 873/1160/977 872/1135/952
f 2868/999/819 871/1159/976 873/1160/977 874/1162/979
f 877/1163/980 874/1162/979 873/1160/977 875/1161/978
f 838/1132/949 836/1131/948 876/1164/981 875/1161/978
f 877/1163/980 875/1161/978 876/1164/981 878/1165/982
f 877/1163/980 878/1165/982 880/1166/983 879/1007/827
f 877/1163/980 879/1007/827 728/1005/825 874/1162/979
f 727/1006/826 879/1007/827 880/1166/983 881/1012/832
f 884/1167/984 881/1012/832 880/1166/983 882/1168/985
f 883/1169/986 882/1168/985 880/1166/983 878/1165/982
f 883/1169/986 887/1170/987 885/1171/988 882/1168/985
f 884/1167/984 882/1168/985 885/1171/988 888/1172/989
f 890/1173/990 888/1172/989 885/1171/988 886/1174/991
f 1963/1175/992 886/1174/991 885/1171/988 887/1170/987
f 884/1167/984 888/1172/989 889/1176/993 2859/1177/994
f 890/1173/990 892/1178/995 889/1176/993 888/1172/989
f 890/1173/990 891/1179/996 893/1180/997 892/1178/995
f 890/1173/990 886/1174/991 1725/1181/998 891/1179/996
f 894/1182/999 892/1178/995 893/1180/997 895/1183/1000
f 894/1182/999 896/1184/1001 889/1176/993 892/1178/995
f 894/1182/999 895/1183/1000 900/1185/1002 897/1186/1003
f 894/1182/999 897/1186/1003 898/1187/1004 896/1184/1001
f 899/1188/1005 2829/1189/1006 898/1187/1004 897/1186/1003
f 899/1188/1005 897/1186/1003 900/1185/1002 902/1190/1007
f 1719/1191/1008 901/1192/1009 900/1185/1002 895/1183/1000
f 904/1193/1010 902/1190/1007 900/1185/1002 901/1192/1009
f 904/1193/1010 905/1194/1011 903/1195/1012 902/1190/1007
f 899/1188/1005 902/1190/1007 903/1195/1012 2830/1196/1013
f 904/1193/1010 901/1192/1009 908/1197/1014 906/1198/1015
f 904/1193/1010 906/1198/1015 909/1199/1016 905/1194/1011
f 907/1200/1017 906/1198/1015 908/1197/1014 2348/1201/1018
f 907/1200/1017 911/1202/1019 909/1199/1016 906/1198/1015
f 2862/1203/1020 905/1194/1011 909/1199/1016 910/1204/1021
f 913/1205/1022 910/1204/1021 909/1199/1016 911/1202/1019
f 907/1200/1017 2350/1206/1023 912/1207/1024 911/1202/1019
f 913/1205/1022 911/1202/1019 912/1207/1024 915/1208/1025
f 913/1209/1022 914/1210/1026 2865/1211/1027 910/1212/1021
f 913/1209/1022 915/1213/1025 917/1214/1028 914/1210/1026
f 916/1215/1029 915/1208/1025 912/1207/1024 1438/1216/1030
f 916/1217/1029 918/1218/1031 917/1214/1028 915/1213/1025
f 921/1219/1032 919/1220/1033 917/1214/1028 918/1218/1031
f 920/1221/1034 914/1210/1026 917/1214/1028 919/1220/1033
f 920/1221/1034 919/1220/1033 922/1222/1035 925/1223/1036
f 921/1219/1032 924/1224/1037 922/1222/1035 919/1220/1033
f 927/1225/1038 925/1223/1036 922/1222/1035 923/1226/1039
f 2474/1227/1040 923/1226/1039 922/1222/1035 924/1224/1037
f 920/1221/1034 925/1223/1036 926/1228/1041 2866/1229/1042
f 927/1225/1038 928/1230/1043 926/1228/1041 925/1223/1036
f 927/1225/1038 923/1226/1039 930/1231/1044 929/1232/1045
f 927/1225/1038 929/1232/1045 932/1233/1046 928/1230/1043
f 931/1234/1047 929/1232/1045 930/1231/1044 1402/1235/1048
f 931/1234/1047 934/1236/1049 932/1233/1046 929/1232/1045
f 936/1237/1050 933/1238/1051 932/1233/1046 934/1236/1049
f 2807/1239/1052 928/1230/1043 932/1233/1046 933/1238/1051
f 931/1234/1047 1400/1240/1053 935/1241/1054 934/1236/1049
f 936/1237/1050 934/1236/1049 935/1241/1054 938/1242/1055
f 936/1237/1050 937/1243/1056 2804/1244/1057 933/1238/1051
f 936/1237/1050 938/1242/1055 940/1245/1058 937/1243/1056
f 939/1246/1059 938/1242/1055 935/1241/1054 1398/1247/1060
f 939/1246/1059 941/1248/1061 940/1245/1058 938/1242/1055
f 944/1249/1062 937/1243/1056 940/1245/1058 942/1250/1063
f 943/1251/1064 942/1250/1063 940/1245/1058 941/1248/1061
f 943/1251/1064 947/1252/1065 945/1253/1066 942/1250/1063
f 944/1249/1062 942/1250/1063 945/1253/1066 948/1254/1067
f 950/1255/1068 948/1254/1067 945/1253/1066 946/1256/1069
f 958/1257/1070 946/1256/1069 945/1253/1066 947/1252/1065
f 950/1255/1068 951/1258/1071 949/1259/1072 948/1254/1067
f 944/1249/1062 948/1254/1067 949/1259/1072 2802/1260/1073
f 950/1255/1068 952/1261/1074 954/1262/1075 951/1258/1071
f 950/1255/1068 946/1256/1069 955/1263/1076 952/1261/1074
f 953/1264/1077 952/1261/1074 955/1263/1076 956/1265/1078
f 953/1264/1077 1949/1266/1079 954/1262/1075 952/1261/1074
f 958/1257/1070 957/1267/1080 955/1263/1076 946/1256/1069
f 960/1268/1081 956/1265/1078 955/1263/1076 957/1267/1080
f 958/1257/1070 2476/1269/1082 959/1270/1083 957/1267/1080
f 960/1268/1081 957/1267/1080 959/1270/1083 962/1271/1084
f 960/1268/1081 961/1272/1085 1943/1273/1086 956/1265/1078
f 960/1268/1081 962/1271/1084 963/1274/1087 961/1272/1085
f 964/1275/1088 965/1276/1089 963/1274/1087 962/1271/1084
f 964/1275/1088 962/1271/1084 959/1270/1083 966/1277/1090
f 964/1275/1088 967/1278/1091 970/1279/1092 965/1276/1089
f 964/1275/1088 966/1277/1090 968/1280/1093 967/1278/1091
f 969/1281/1094 967/1278/1091 968/1280/1093 2478/1282/1095
f 969/1281/1094 972/1283/1096 970/1279/1092 967/1278/1091
f 1939/1284/1097 965/1276/1089 970/1279/1092 971/1285/1098
f 974/1286/1099 971/1285/1098 970/1279/1092 972/1283/1096
f 969/1281/1094 2546/1287/1100 973/1288/1101 972/1283/1096
f 974/1286/1099 972/1283/1096 973/1288/1101 975/1289/1102
f 974/1286/1099 976/1290/1103 1938/1291/1104 971/1285/1098
f 974/1286/1099 975/1289/1102 979/1292/1105 978/1293/1106
f 974/1286/1099 977/1294/1107 1979/1295/1108 976/1290/1103
f 974/1286/1099 978/1293/1106 980/1296/1109 977/1294/1107
f 981/1297/1110 978/1293/1106 979/1292/1105 983/1298/1111
f 981/1297/1110 984/1299/1112 980/1296/1109 978/1293/1106
f 981/1297/1110 982/1300/1113 985/1301/1114 984/1299/1112
f 981/1297/1110 983/1298/1111 2562/1302/1115 982/1300/1113
f 986/1303/1116 989/1304/1117 980/1296/1109 984/1299/1112
f 986/1303/1116 984/1299/1112 985/1301/1114 987/1305/1118
f 986/1303/1116 987/1305/1118 1001/1306/1119 988/1307/1120
f 986/1303/1116 988/1307/1120 991/1308/1121 989/1304/1117
f 990/1309/1122 977/1294/1107 980/1296/1109 989/1304/1117
f 990/1309/1122 989/1304/1117 991/1308/1121 992/1310/1123
f 994/1311/1124 992/1310/1123 991/1308/1121 993/1312/1125
f 996/1313/1126 993/1312/1125 991/1308/1121 988/1307/1120
f 994/1311/1124 993/1312/1125 995/1314/1127 2128/1315/1128
f 996/1313/1126 997/1316/1129 995/1314/1127 993/1312/1125
f 996/1313/1126 998/1317/1130 1000/1318/1131 997/1316/1129
f 996/1313/1126 988/1307/1120 1001/1306/1119 998/1317/1130
f 999/1319/1132 998/1317/1130 1001/1306/1119 1002/1320/1133
f 999/1319/1132 2099/1321/1134 1000/1318/1131 998/1317/1130
f 1004/1322/1135 1002/1320/1133 1001/1306/1119 987/1305/1118
f 1004/1323/1135 1006/1324/1136 1003/1325/1137 1002/1326/1133
f 999/1327/1132 1002/1326/1133 1003/1325/1137 2101/1328/1138
f 1004/1323/1135 1005/1329/1139 1008/1330/1140 1006/1324/1136
f 1004/1322/1135 987/1305/1118 985/1301/1114 1005/1331/1139
f 1007/1332/1141 1006/1324/1136 1008/1330/1140 1010/1333/1142
f 1007/1332/1141 2136/1334/1143 1003/1325/1137 1006/1324/1136
f 1012/1335/1144 1010/1333/1142 1008/1330/1140 1009/1336/1145
f 2776/1337/1146 1009/1336/1145 1008/1330/1140 1005/1329/1139
f 1012/1335/1144 1014/1338/1147 1011/1339/1148 1010/1333/1142
f 1007/1332/1141 1010/1333/1142 1011/1339/1148 2137/1340/1149
f 1012/1341/1144 1009/1342/1145 2774/1343/1150 1013/1344/1151
f 1012/1341/1144 1013/1344/1151 1016/1345/1152 1014/1346/1147
f 1015/1347/1153 2140/1348/1154 1011/1339/1148 1014/1338/1147
f 1015/1349/1153 1014/1346/1147 1016/1345/1152 1018/1350/1155
f 1019/1351/1156 1018/1350/1155 1016/1345/1152 1017/1352/1157
f 2577/1353/1158 1017/1352/1157 1016/1345/1152 1013/1344/1151
f 1015/1349/1153 1018/1350/1155 1020/1354/1159 1022/1355/1160
f 1019/1351/1156 1023/1356/1161 1020/1354/1159 1018/1350/1155
f 1034/1357/1162 1022/1355/1160 1020/1354/1159 1021/1358/1163
f 1025/1359/1164 1021/1358/1163 1020/1354/1159 1023/1356/1161
f 1019/1351/1156 2579/1360/1165 1024/1361/1166 1023/1356/1161
f 1025/1359/1164 1023/1356/1161 1024/1361/1166 1026/1362/1167
f 1025/1359/1164 1026/1362/1167 1028/1363/1168 1027/1364/1169
f 1025/1359/1164 1027/1364/1169 1030/1365/1170 1021/1358/1163
f 1029/1366/1171 1027/1364/1169 1028/1363/1168 2599/1367/1172
f 1029/1366/1171 1031/1368/1173 1030/1365/1170 1027/1364/1169
f 1033/1369/1174 1032/1370/1175 1030/1365/1170 1031/1368/1173
f 1034/1357/1162 1021/1358/1163 1030/1365/1170 1032/1370/1175
f 1033/1369/1174 1036/1371/1176 1035/1372/1177 1032/1370/1175
f 1034/1357/1162 1032/1370/1175 1035/1372/1177 1038/1373/1178
f 2797/1374/1179 1037/1375/1180 1035/1372/1177 1036/1371/1176
f 1039/1376/1181 1038/1373/1178 1035/1372/1177 1037/1375/1180
f 1039/1376/1181 1041/1377/1182 1040/1378/1183 1038/1373/1178
f 1034/1357/1162 1038/1373/1178 1040/1378/1183 1022/1355/1160
f 1043/1379/1184 1042/1380/1185 1040/1378/1183 1041/1377/1182
f 1015/1349/1153 1022/1355/1160 1040/1378/1183 1042/1380/1185
f 1015/1347/1153 1042/1381/1185 1044/1382/1186 1046/1383/1187
f 1043/1384/1184 1047/1385/1188 1044/1382/1186 1042/1381/1185
f 2143/1386/1189 1046/1383/1187 1044/1382/1186 1045/1387/1190
f 1048/1388/1191 1045/1387/1190 1044/1382/1186 1047/1385/1188
f 1048/1388/1191 1047/1385/1188 1049/1389/1192 1051/1390/1193
f 1043/1384/1184 1052/1391/1194 1049/1389/1192 1047/1385/1188
f 1585/1392/1195 1051/1390/1193 1049/1389/1192 1050/1393/1196
f 1053/1394/1197 1050/1393/1196 1049/1389/1192 1052/1391/1194
f 1053/1395/1197 1052/1396/1194 1054/1397/1198 1055/1398/1199
f 1043/1379/1184 1041/1377/1182 1054/1397/1198 1052/1396/1194
f 1058/1399/1200 1055/1398/1199 1054/1397/1198 1056/1400/1201
f 1039/1376/1181 1056/1400/1201 1054/1397/1198 1041/1377/1182
f 1039/1376/1181 1037/1375/1180 1057/1401/1202 1056/1400/1201
f 1058/1399/1200 1056/1400/1201 1057/1401/1202 1059/1402/1203
f 1058/1399/1200 1059/1402/1203 1061/1403/1204 1060/1404/1205
f 1058/1399/1200 1060/1404/1205 1063/1405/1206 1055/1398/1199
f 1062/1406/1207 1060/1404/1205 1061/1403/1204 2799/1407/1208
f 1062/1406/1207 1064/1408/1209 1063/1405/1206 1060/1404/1205
f 1053/1395/1197 1055/1398/1199 1063/1405/1206 1065/1409/1210
f 1067/1410/1211 1065/1409/1210 1063/1405/1206 1064/1408/1209
f 1053/1394/1197 1065/1411/1210 1066/1412/1212 1050/1393/1196
f 1067/1413/1211 1068/1414/1213 1066/1412/1212 1065/1411/1210
f 1067/1413/1211 1069/1415/1214 1072/1416/1215 1068/1414/1213
f 1067/1410/1211 1064/1408/1209 1071/1417/1216 1069/1418/1214
f 1070/1419/1217 1069/1418/1214 1071/1417/1216 1092/1420/1218
f 1070/1421/1217 1073/1422/1219 1072/1416/1215 1069/1415/1214
f 1077/1423/1220 1074/1424/1221 1072/1416/1215 1073/1422/1219
f 1076/1425/1222 1068/1414/1213 1072/1416/1215 1074/1424/1221
f 1077/1423/1220 1078/1426/1223 1075/1427/1224 1074/1424/1221
f 1076/1425/1222 1074/1424/1221 1075/1427/1224 1580/1428/1225
f 1077/1423/1220 1079/1429/1226 1080/1430/1227 1078/1426/1223
f 1077/1423/1220 1073/1422/1219 1082/1431/1228 1079/1429/1226
f 1081/1432/1229 2361/1433/1230 1080/1430/1227 1079/1429/1226
f 1081/1432/1229 1079/1429/1226 1082/1431/1228 1084/1434/1231
f 1086/1435/1232 1084/1434/1231 1082/1431/1228 1083/1436/1233
f 1070/1421/1217 1083/1436/1233 1082/1431/1228 1073/1422/1219
f 1086/1435/1232 1087/1437/1234 1085/1438/1235 1084/1434/1231
f 1081/1432/1229 1084/1434/1231 1085/1438/1235 2365/1439/1236
f 1086/1435/1232 1088/1440/1237 1089/1441/1238 1087/1437/1234
f 1086/1435/1232 1083/1436/1233 1091/1442/1239 1088/1440/1237
f 1090/1443/1240 2453/1444/1241 1089/1441/1238 1088/1440/1237
f 1090/1443/1240 1088/1440/1237 1091/1442/1239 1093/1445/1242
f 1094/1446/1243 1093/1445/1242 1091/1442/1239 1092/1447/1218
f 1070/1421/1217 1092/1447/1218 1091/1442/1239 1083/1436/1233
f 1094/1446/1243 1096/1448/1244 1095/1449/1245 1093/1445/1242
f 1090/1443/1240 1093/1445/1242 1095/1449/1245 1097/1450/1246
f 1099/1451/1247 1098/1452/1248 1095/1449/1245 1096/1448/1244
f 1100/1453/1249 1097/1450/1246 1095/1449/1245 1098/1452/1248
f 1099/1454/1247 1103/1455/1250 1101/1456/1251 1098/1457/1248
f 1100/1458/1249 1098/1457/1248 1101/1456/1251 1102/1459/1252
f 1106/1460/1253 1102/1459/1252 1101/1456/1251 1104/1461/1254
f 1105/1462/1255 1104/1461/1254 1101/1456/1251 1103/1455/1250
f 1105/1462/1255 1108/1463/1256 1107/1464/1257 1104/1461/1254
f 1106/1460/1253 1104/1461/1254 1107/1464/1257 1109/1465/1258
f 1111/1466/1259 1110/1467/1260 1107/1464/1257 1108/1463/1256
f 1113/1468/1261 1109/1465/1258 1107/1464/1257 1110/1467/1260
f 1111/1466/1259 2798/1469/1262 1112/1470/1263 1110/1467/1260
f 1113/1468/1261 1110/1467/1260 1112/1470/1263 1115/1471/1264
f 1113/1468/1261 1114/1472/1265 2471/1473/1266 1109/1465/1258
f 1113/1468/1261 1115/1471/1264 1116/1474/1267 1114/1472/1265
f 1117/1475/1268 1118/1476/1269 1116/1474/1267 1115/1471/1264
f 1117/1475/1268 1115/1471/1264 1112/1470/1263 1119/1477/1270
f 1117/1475/1268 1120/1478/1271 1123/1479/1272 1118/1476/1269
f 1117/1475/1268 1119/1477/1270 1122/1480/1273 1120/1478/1271
f 1121/1481/1274 1125/1482/1275 1123/1479/1272 1120/1478/1271
f 1121/1481/1274 1120/1478/1271 1122/1480/1273 1134/1483/1276
f 2420/1484/1277 1118/1476/1269 1123/1479/1272 1124/1485/1278
f 1126/1486/1279 1124/1485/1278 1123/1479/1272 1125/1482/1275
f 1126/1486/1279 1125/1482/1275 1127/1487/1280 1129/1488/1281
f 1121/1481/1274 1130/1489/1282 1127/1487/1280 1125/1482/1275
f 1265/1490/1283 1129/1488/1281 1127/1487/1280 1128/1491/1284
f 1131/1492/1285 1128/1491/1284 1127/1487/1280 1130/1489/1282
f 1121/1481/1274 1134/1483/1276 1132/1493/1286 1130/1489/1282
f 1131/1492/1285 1130/1489/1282 1132/1493/1286 1135/1494/1287
f 1136/1495/1288 1135/1494/1287 1132/1493/1286 1133/1496/1289
f 1033/1369/1174 1133/1496/1289 1132/1493/1286 1134/1483/1276
f 1131/1492/1285 1135/1494/1287 1137/1497/1290 1140/1498/1291
f 1136/1495/1288 1139/1499/1292 1137/1497/1290 1135/1494/1287
f 1141/1500/1293 1140/1498/1291 1137/1497/1290 1138/1501/1294
f 2669/1502/1295 1138/1501/1294 1137/1497/1290 1139/1499/1292
f 1131/1492/1285 1140/1498/1291 1142/1503/1296 1128/1491/1284
f 1141/1500/1293 1144/1504/1297 1142/1503/1296 1140/1498/1291
f 1265/1490/1283 1128/1491/1284 1142/1503/1296 1143/1505/1298
f 1145/1506/1299 1143/1505/1298 1142/1503/1296 1144/1504/1297
f 1145/1506/1299 1144/1504/1297 1146/1507/1300 1148/1508/1301
f 1141/1500/1293 1149/1509/1302 1146/1507/1300 1144/1504/1297
f 1160/1510/1303 1148/1508/1301 1146/1507/1300 1147/1511/1304
f 1151/1512/1305 1147/1511/1304 1146/1507/1300 1149/1509/1302
f 1141/1500/1293 1138/1501/1294 1150/1513/1306 1149/1509/1302
f 1151/1512/1305 1149/1509/1302 1150/1513/1306 1152/1514/1307
f 1151/1512/1305 1152/1514/1307 1155/1515/1308 1153/1516/1309
f 1151/1512/1305 1153/1516/1309 1156/1517/1310 1147/1511/1304
f 1154/1518/1311 1157/1519/1312 1156/1517/1310 1153/1516/1309
f 1154/1518/1311 1153/1516/1309 1155/1515/1308 2679/1520/1313
f 1160/1510/1303 1147/1511/1304 1156/1517/1310 1158/1521/1314
f 1159/1522/1315 1158/1521/1314 1156/1517/1310 1157/1519/1312
f 1159/1522/1315 1162/1523/1316 1161/1524/1317 1158/1521/1314
f 1160/1510/1303 1158/1521/1314 1161/1524/1317 1164/1525/1318
f 1188/1526/1319 1163/1527/1320 1161/1524/1317 1162/1523/1316
f 1166/1528/1321 1164/1525/1318 1161/1524/1317 1163/1527/1320
f 1166/1528/1321 1168/1529/1322 1165/1530/1323 1164/1525/1318
f 1160/1510/1303 1164/1525/1318 1165/1530/1323 1148/1508/1301
f 1166/1528/1321 1163/1527/1320 1185/1531/1324 1167/1532/1325
f 1166/1528/1321 1167/1532/1325 1169/1533/1326 1168/1529/1322
f 1170/1534/1327 1168/1529/1322 1169/1533/1326 1173/1535/1328
f 1170/1534/1327 1171/1536/1329 1165/1530/1323 1168/1529/1322
f 1170/1534/1327 1172/1537/1330 1258/1538/1331 1171/1536/1329
f 1170/1534/1327 1173/1535/1328 1174/1539/1332 1172/1537/1330
f 1175/1540/1333 1176/1541/1334 1174/1539/1332 1173/1535/1328
f 1175/1540/1333 1173/1535/1328 1169/1533/1326 1178/1542/1335
f 1175/1540/1333 1177/1543/1336 2795/1544/1337 1176/1541/1334
f 1175/1540/1333 1178/1542/1335 1179/1545/1338 1177/1543/1336
f 1180/1546/1339 1181/1547/1340 1179/1545/1338 1178/1542/1335
f 1180/1546/1339 1178/1542/1335 1169/1533/1326 1167/1532/1325
f 1180/1546/1339 1182/1548/1341 1184/1549/1342 1181/1547/1340
f 1180/1546/1339 1167/1532/1325 1185/1531/1324 1182/1548/1341
f 1183/1550/1343 1182/1548/1341 1185/1531/1324 1186/1551/1344
f 1183/1550/1343 2796/1552/1345 1184/1549/1342 1182/1548/1341
f 1188/1526/1319 1186/1551/1344 1185/1531/1324 1163/1527/1320
f 1183/1550/1343 1186/1551/1344 1187/1553/1346 2796/1552/1345
f 1188/1526/1319 1189/1554/1347 1187/1553/1346 1186/1551/1344
f 1188/1526/1319 1162/1523/1316 1190/1555/1348 1189/1554/1347
f 1191/1556/1349 1189/1554/1347 1190/1555/1348 1193/1557/1350
f 1191/1556/1349 1194/1558/1351 1187/1553/1346 1189/1554/1347
f 1191/1556/1349 1192/1559/1352 1196/1560/1353 1194/1558/1351
f 1191/1556/1349 1193/1557/1350 2678/1561/1354 1192/1559/1352
f 1195/1562/1355 2796/1552/1345 1187/1553/1346 1194/1558/1351
f 1195/1562/1355 1194/1558/1351 1196/1560/1353 1197/1563/1356
f 1199/1564/1357 1198/1565/1358 1196/1560/1353 1192/1559/1352
f 1201/1566/1359 1197/1563/1356 1196/1560/1353 1198/1565/1358
f 1199/1564/1357 2675/1567/1360 1200/1568/1361 1198/1565/1358
f 1201/1566/1359 1198/1565/1358 1200/1568/1361 1202/1569/1362
f 1201/1566/1359 1202/1569/1362 1204/1570/1363 1197/1563/1356
f 1203/1571/1364 1202/1569/1362 1200/1568/1361 1219/1572/1365
f 1203/1571/1364 1205/1573/1366 1204/1570/1363 1202/1569/1362
f 1207/1574/1367 1206/1575/1368 1204/1570/1363 1205/1573/1366
f 1195/1562/1355 1197/1563/1356 1204/1570/1363 1206/1575/1368
f 1195/1562/1355 1206/1575/1368 1184/1549/1342 2796/1552/1345
f 1207/1574/1367 1181/1547/1340 1184/1549/1342 1206/1575/1368
f 1207/1574/1367 1208/1576/1369 1179/1545/1338 1181/1547/1340
f 1207/1574/1367 1205/1573/1366 1209/1577/1370 1208/1576/1369
f 1210/1578/1371 1208/1576/1369 1209/1577/1370 1212/1579/1372
f 1210/1578/1371 1177/1543/1336 1179/1545/1338 1208/1576/1369
f 1210/1578/1371 1211/1580/1373 2795/1544/1337 1177/1543/1336
f 1210/1578/1371 1212/1579/1372 1213/1581/1374 1211/1580/1373
f 1214/1582/1375 1215/1583/1376 1213/1581/1374 1212/1579/1372
f 1214/1582/1375 1212/1579/1372 1209/1577/1370 1217/1584/1377
f 1214/1582/1375 1216/1585/1378 1228/1586/1379 1215/1583/1376
f 1214/1582/1375 1217/1584/1377 1218/1587/1380 1216/1585/1378
f 1203/1571/1364 1219/1572/1365 1218/1587/1380 1217/1584/1377
f 1203/1571/1364 1217/1584/1377 1209/1577/1370 1205/1573/1366
f 1223/1588/1381 1216/1585/1378 1218/1587/1380 1220/1589/1382
f 1222/1590/1383 1220/1589/1382 1218/1587/1380 1219/1572/1365
f 1222/1590/1383 2673/1591/1384 1221/1592/1385 1220/1589/1382
f 1223/1588/1381 1220/1589/1382 1221/1592/1385 1224/1593/1386
f 1223/1588/1381 1224/1593/1386 1226/1594/1387 1225/1595/1388
f 1223/1588/1381 1225/1595/1388 1228/1586/1379 1216/1585/1378
f 1227/1596/1389 1225/1595/1388 1226/1594/1387 2653/1597/1390
f 1227/1596/1389 1229/1598/1391 1228/1586/1379 1225/1595/1388
f 1231/1599/1392 1215/1583/1376 1228/1586/1379 1229/1598/1391
f 1227/1596/1389 2668/1600/1393 1230/1601/1394 1229/1598/1391
f 1231/1599/1392 1229/1598/1391 1230/1601/1394 1232/1602/1395
f 1231/1599/1392 1232/1602/1395 1235/1603/1396 1233/1604/1397
f 1231/1599/1392 1233/1604/1397 1213/1581/1374 1215/1583/1376
f 1234/1605/1398 1211/1580/1373 1213/1581/1374 1233/1604/1397
f 1234/1605/1398 1233/1604/1397 1235/1603/1396 1236/1606/1399
f 1238/1607/1400 1237/1608/1401 1235/1603/1396 1232/1602/1395
f 1240/1609/1402 1236/1606/1399 1235/1603/1396 1237/1608/1401
f 1238/1607/1400 1351/1610/1403 1239/1611/1404 1237/1608/1401
f 1240/1609/1402 1237/1608/1401 1239/1611/1404 1241/1612/1405
f 1240/1609/1402 1241/1612/1405 1243/1613/1406 1242/1614/1407
f 1240/1609/1402 1242/1614/1407 1244/1615/1408 1236/1606/1399
f 1245/1616/1409 1242/1614/1407 1243/1613/1406 1247/1617/1410
f 1245/1616/1409 1248/1618/1411 1244/1615/1408 1242/1614/1407
f 1245/1616/1409 1246/1619/1412 1249/1620/1413 1248/1618/1411
f 1245/1616/1409 1247/1617/1410 2777/1621/1414 1246/1619/1412
f 1250/1622/1415 1248/1618/1411 1249/1620/1413 1252/1623/1416
f 1250/1622/1415 1251/1624/1417 1244/1615/1408 1248/1618/1411
f 1250/1622/1415 1176/1541/1334 2795/1544/1337 1251/1624/1417
f 1250/1622/1415 1252/1623/1416 1174/1539/1332 1176/1541/1334
f 1253/1625/1418 1252/1623/1416 1249/1620/1413 1254/1626/1419
f 1253/1625/1418 1172/1537/1330 1174/1539/1332 1252/1623/1416
f 1253/1625/1418 1254/1626/1419 1257/1627/1420 1255/1628/1421
f 1253/1625/1418 1255/1628/1421 1258/1538/1331 1172/1537/1330
f 1256/1629/1422 1259/1630/1423 1258/1538/1331 1255/1628/1421
f 1256/1629/1422 1255/1628/1421 1257/1627/1420 2787/1631/1424
f 1145/1506/1299 1171/1536/1329 1258/1538/1331 1259/1630/1423
f 1145/1506/1299 1259/1630/1423 1260/1632/1425 1143/1505/1298
f 1256/1629/1422 1261/1633/1426 1260/1632/1425 1259/1630/1423
f 1263/1634/1427 1262/1635/1428 1260/1632/1425 1261/1633/1426
f 1265/1490/1283 1143/1505/1298 1260/1632/1425 1262/1635/1428
f 1263/1634/1427 1266/1636/1429 1264/1637/1430 1262/1635/1428
f 1265/1490/1283 1262/1635/1428 1264/1637/1430 1129/1488/1281
f 1269/1638/1431 1267/1639/1432 1264/1637/1430 1266/1636/1429
f 1126/1486/1279 1129/1488/1281 1264/1637/1430 1267/1639/1432
f 1269/1638/1431 1271/1640/1433 1268/1641/1434 1267/1639/1432
f 1126/1486/1279 1267/1639/1432 1268/1641/1434 2423/1642/1435
f 1269/1638/1431 1266/1636/1429 2791/1643/1436 1270/1644/1437
f 1269/1638/1431 1270/1644/1437 1273/1645/1438 1271/1640/1433
f 1272/1646/1439 2425/1647/1440 1268/1641/1434 1271/1640/1433
f 1272/1646/1439 1271/1640/1433 1273/1645/1438 1275/1648/1441
f 1276/1649/1442 1275/1648/1441 1273/1645/1438 1274/1650/1443
f 2793/1651/1444 1274/1650/1443 1273/1645/1438 1270/1644/1437
f 1276/1649/1442 1280/1652/1445 1277/1653/1446 1275/1648/1441
f 1272/1646/1439 1275/1648/1441 1277/1653/1446 1278/1654/1447
f 2431/1655/1448 1278/1654/1447 1277/1653/1446 1279/1656/1449
f 1281/1657/1450 1279/1656/1449 1277/1653/1446 1280/1652/1445
f 1281/1657/1450 1280/1652/1445 1282/1658/1451 1284/1659/1452
f 1276/1649/1442 1285/1660/1453 1282/1658/1451 1280/1652/1445
f 1399/1661/1454 1284/1659/1452 1282/1658/1451 1283/1662/1455
f 1287/1663/1456 1283/1662/1455 1282/1658/1451 1285/1660/1453
f 1276/1649/1442 1274/1650/1443 1286/1664/1457 1285/1660/1453
f 1287/1663/1456 1285/1660/1453 1286/1664/1457 1289/1665/1458
f 1287/1663/1456 1288/1666/1459 1397/1667/1460 1283/1662/1455
f 1287/1663/1456 1289/1665/1458 1290/1668/1461 1288/1666/1459
f 1291/1669/1462 1293/1670/1463 1290/1668/1461 1289/1665/1458
f 1291/1669/1462 1289/1665/1458 1286/1664/1457 1292/1671/1464
f 1291/1669/1462 1292/1671/1464 1296/1672/1465 1294/1673/1466
f 1291/1669/1462 1294/1673/1466 1295/1674/1467 1293/1670/1463
f 1297/1675/1468 1300/1676/1469 1295/1674/1467 1294/1673/1466
f 1297/1675/1468 1294/1673/1466 1296/1672/1465 1298/1677/1470
f 1297/1675/1468 1298/1677/1470 2794/1678/1471 1299/1679/1472
f 1297/1675/1468 1299/1679/1472 1302/1680/1473 1300/1676/1469
f 1301/1681/1474 1389/1682/1475 1295/1674/1467 1300/1676/1469
f 1301/1681/1474 1300/1676/1469 1302/1680/1473 1303/1683/1476
f 1307/1684/1477 1303/1683/1476 1302/1680/1473 1304/1685/1478
f 1306/1686/1479 1304/1685/1478 1302/1680/1473 1299/1679/1472
f 1306/1686/1479 2779/1687/1480 1305/1688/1481 1304/1685/1478
f 1307/1684/1477 1304/1685/1478 1305/1688/1481 1308/1689/1482
f 1307/1684/1477 1308/1689/1482 1312/1690/1483 1309/1691/1484
f 1307/1684/1477 1309/1691/1484 1310/1692/1485 1303/1683/1476
f 1311/1693/1486 1393/1694/1487 1310/1692/1485 1309/1691/1484
f 1311/1693/1486 1309/1691/1484 1312/1690/1483 1313/1695/1488
f 1317/1696/1489 1314/1697/1490 1312/1690/1483 1308/1689/1482
f 1316/1698/1491 1313/1695/1488 1312/1690/1483 1314/1697/1490
f 1317/1696/1489 1319/1699/1492 1315/1700/1493 1314/1697/1490
f 1316/1698/1491 1314/1697/1490 1315/1700/1493 1339/1701/1494
f 1317/1696/1489 1308/1689/1482 1305/1688/1481 1318/1702/1495
f 1317/1696/1489 1318/1702/1495 1321/1703/1496 1319/1699/1492
f 1320/1704/1497 1327/1705/1498 1315/1700/1493 1319/1699/1492
f 1320/1704/1497 1319/1699/1492 1321/1703/1496 1323/1706/1499
f 1324/1707/1500 1323/1706/1499 1321/1703/1496 1322/1708/1501
f 2778/1709/1502 1322/1708/1501 1321/1703/1496 1318/1702/1495
f 1324/1707/1500 1328/1710/1503 1325/1711/1504 1323/1706/1499
f 1320/1704/1497 1323/1706/1499 1325/1711/1504 1327/1705/1498
f 1336/1712/1505 1327/1705/1498 1325/1711/1504 1326/1713/1506
f 1329/1714/1507 1326/1713/1506 1325/1711/1504 1328/1710/1503
f 1324/1707/1500 1247/1617/1410 1243/1613/1406 1328/1710/1503
f 1329/1714/1507 1328/1710/1503 1243/1613/1406 1241/1612/1405
f 1329/1714/1507 1330/1715/1508 1332/1716/1509 1326/1713/1506
f 1329/1714/1507 1241/1612/1405 1239/1611/1404 1330/1715/1508
f 1331/1717/1510 1333/1718/1511 1332/1716/1509 1330/1715/1508
f 1331/1717/1510 1330/1715/1508 1239/1611/1404 1351/1610/1403
f 1335/1719/1512 1334/1720/1513 1332/1716/1509 1333/1718/1511
f 1336/1712/1505 1326/1713/1506 1332/1716/1509 1334/1720/1513
f 1335/1719/1512 1338/1721/1514 1337/1722/1515 1334/1720/1513
f 1336/1712/1505 1334/1720/1513 1337/1722/1515 1339/1701/1494
f 1342/1723/1516 1340/1724/1517 1337/1722/1515 1338/1721/1514
f 1316/1698/1491 1339/1701/1494 1337/1722/1515 1340/1724/1517
f 1342/1723/1516 1343/1725/1518 1341/1726/1519 1340/1724/1517
f 1316/1698/1491 1340/1724/1517 1341/1726/1519 1313/1695/1488
f 1342/1723/1516 1344/1727/1520 1346/1728/1521 1343/1725/1518
f 1342/1723/1516 1338/1721/1514 1347/1729/1522 1344/1727/1520
f 1345/1730/1523 1344/1727/1520 1347/1729/1522 1348/1731/1524
f 1345/1730/1523 1357/1732/1525 1346/1728/1521 1344/1727/1520
f 1331/1717/1510 1348/1731/1524 1347/1729/1522 1333/1718/1511
f 1335/1719/1512 1333/1718/1511 1347/1729/1522 1338/1721/1514
f 1345/1730/1523 1348/1731/1524 1349/1733/1526 1352/1734/1527
f 1331/1717/1510 1351/1610/1403 1349/1733/1526 1348/1731/1524
f 1353/1735/1528 1352/1734/1527 1349/1733/1526 1350/1736/1529
f 1238/1607/1400 1350/1736/1529 1349/1733/1526 1351/1610/1403
f 1353/1735/1528 1356/1737/1530 1354/1738/1531 1352/1734/1527
f 1345/1730/1523 1352/1734/1527 1354/1738/1531 1357/1732/1525
f 1358/1739/1532 1357/1732/1525 1354/1738/1531 1355/1740/1533
f 2656/1741/1534 1355/1740/1533 1354/1738/1531 1356/1737/1530
f 1358/1739/1532 1359/1742/1535 1346/1728/1521 1357/1732/1525
f 1358/1739/1532 1360/1743/1536 1363/1744/1537 1359/1742/1535
f 1358/1739/1532 1355/1740/1533 1362/1745/1538 1360/1743/1536
f 1361/1746/1539 1360/1743/1536 1362/1745/1538 2660/1747/1540
f 1361/1746/1539 1365/1748/1541 1363/1744/1537 1360/1743/1536
f 1367/1749/1542 1364/1750/1543 1363/1744/1537 1365/1748/1541
f 1396/1751/1544 1359/1742/1535 1363/1744/1537 1364/1750/1543
f 1361/1746/1539 2663/1752/1545 1366/1753/1546 1365/1748/1541
f 1367/1749/1542 1365/1748/1541 1366/1753/1546 1369/1754/1547
f 1367/1749/1542 1368/1755/1548 1394/1756/1549 1364/1750/1543
f 1367/1749/1542 1369/1754/1547 1371/1757/1550 1368/1755/1548
f 1370/1758/1551 1369/1754/1547 1366/1753/1546 2480/1759/1552
f 1370/1758/1551 1373/1760/1553 1371/1757/1550 1369/1754/1547
f 1392/1761/1554 1368/1755/1548 1371/1757/1550 1372/1762/1555
f 1374/1763/1556 1372/1762/1555 1371/1757/1550 1373/1760/1553
f 1370/1758/1551 1377/1764/1557 1375/1765/1558 1373/1760/1553
f 1374/1763/1556 1373/1760/1553 1375/1765/1558 1378/1766/1559
f 1380/1767/1560 1378/1766/1559 1375/1765/1558 1376/1768/1561
f 2477/1769/1562 1376/1768/1561 1375/1765/1558 1377/1764/1557
f 1380/1767/1560 1382/1770/1563 1379/1771/1564 1378/1766/1559
f 1374/1763/1556 1378/1766/1559 1379/1771/1564 1388/1772/1565
f 1380/1767/1560 1381/1773/1566 1383/1774/1567 1382/1770/1563
f 1380/1767/1560 1376/1768/1561 2475/1775/1568 1381/1773/1566
f 1384/1776/1569 1382/1770/1563 1383/1774/1567 1385/1777/1570
f 1384/1776/1569 1386/1778/1571 1379/1771/1564 1382/1770/1563
f 1384/1776/1569 1385/1777/1570 1397/1667/1460 1288/1666/1459
f 1384/1776/1569 1288/1666/1459 1290/1668/1461 1386/1778/1571
f 1387/1779/1572 1388/1772/1565 1379/1771/1564 1386/1778/1571
f 1387/1779/1572 1386/1778/1571 1290/1668/1461 1293/1670/1463
f 1387/1779/1572 1389/1682/1475 1390/1780/1573 1388/1772/1565
f 1387/1779/1572 1293/1670/1463 1295/1674/1467 1389/1682/1475
f 1301/1681/1474 1391/1781/1574 1390/1780/1573 1389/1682/1475
f 1374/1763/1556 1388/1772/1565 1390/1780/1573 1372/1762/1555
f 1392/1761/1554 1372/1762/1555 1390/1780/1573 1391/1781/1574
f 1301/1681/1474 1303/1683/1476 1310/1692/1485 1391/1781/1574
f 1392/1761/1554 1391/1781/1574 1310/1692/1485 1393/1694/1487
f 1392/1761/1554 1393/1694/1487 1394/1756/1549 1368/1755/1548
f 1311/1693/1486 1395/1782/1575 1394/1756/1549 1393/1694/1487
f 1396/1751/1544 1364/1750/1543 1394/1756/1549 1395/1782/1575
f 1311/1693/1486 1313/1695/1488 1341/1726/1519 1395/1782/1575
f 1396/1751/1544 1395/1782/1575 1341/1726/1519 1343/1725/1518
f 1396/1751/1544 1343/1725/1518 1346/1728/1521 1359/1742/1535
f 939/1246/1059 1398/1247/1060 1397/1667/1460 1385/1777/1570
f 939/1246/1059 1385/1777/1570 1383/1774/1567 941/1248/1061
f 1399/1661/1454 1283/1662/1455 1397/1667/1460 1398/1247/1060
f 1399/1661/1454 1398/1247/1060 935/1241/1054 1400/1240/1053
f 1399/1661/1454 1400/1240/1053 1401/1783/1576 1284/1659/1452
f 931/1234/1047 1402/1235/1048 1401/1783/1576 1400/1240/1053
f 1281/1657/1450 1284/1659/1452 1401/1783/1576 1403/1784/1577
f 1404/1785/1578 1403/1784/1577 1401/1783/1576 1402/1235/1048
f 1404/1785/1578 1407/1786/1579 1405/1787/1580 1403/1784/1577
f 1281/1657/1450 1403/1784/1577 1405/1787/1580 1279/1656/1449
f 2431/1655/1448 1279/1656/1449 1405/1787/1580 1406/1788/1581
f 1408/1789/1582 1406/1788/1581 1405/1787/1580 1407/1786/1579
f 1404/1785/1578 1411/1790/1583 1409/1791/1584 1407/1786/1579
f 1408/1789/1582 1407/1786/1579 1409/1791/1584 1412/1792/1585
f 1413/1793/1586 1412/1792/1585 1409/1791/1584 1410/1794/1587
f 2474/1227/1040 1410/1794/1587 1409/1791/1584 1411/1790/1583
f 1413/1793/1586 1417/1795/1588 1414/1796/1589 1412/1792/1585
f 1408/1789/1582 1412/1792/1585 1414/1796/1589 1415/1797/1590
f 2433/1798/1591 1415/1797/1590 1414/1796/1589 1416/1799/1592
f 1419/1800/1593 1416/1799/1592 1414/1796/1589 1417/1795/1588
f 1413/1793/1586 1436/1801/1594 1418/1802/1595 1417/1795/1588
f 1419/1800/1593 1417/1795/1588 1418/1802/1595 1421/1803/1596
f 1419/1800/1593 1420/1804/1597 1468/1805/1598 1416/1799/1592
f 1419/1800/1593 1421/1803/1596 1422/1806/1599 1420/1804/1597
f 1423/1807/1600 1424/1808/1601 1422/1806/1599 1421/1803/1596
f 1423/1807/1600 1421/1803/1596 1418/1802/1595 1426/1809/1602
f 1423/1807/1600 1425/1810/1603 1455/1811/1604 1424/1808/1601
f 1423/1807/1600 1426/1809/1602 1428/1812/1605 1425/1810/1603
f 1427/1813/1606 1426/1809/1602 1418/1802/1595 1436/1801/1594
f 1427/1813/1606 1430/1814/1607 1428/1812/1605 1426/1809/1602
f 1431/1815/1608 1429/1816/1609 1428/1812/1605 1430/1814/1607
f 1454/1817/1610 1425/1810/1603 1428/1812/1605 1429/1816/1609
f 1431/1815/1608 1430/1814/1607 1432/1818/1611 1433/1819/1612
f 1427/1813/1606 1434/1820/1613 1432/1818/1611 1430/1814/1607
f 921/1219/1032 918/1218/1031 1432/1818/1611 1434/1820/1613
f 916/1217/1029 1433/1819/1612 1432/1818/1611 918/1218/1031
f 1427/1813/1606 1436/1801/1594 1435/1821/1614 1434/1820/1613
f 921/1219/1032 1434/1820/1613 1435/1821/1614 924/1224/1037
f 1413/1793/1586 1410/1794/1587 1435/1821/1614 1436/1801/1594
f 2474/1227/1040 924/1224/1037 1435/1821/1614 1410/1794/1587
f 916/1215/1029 1438/1216/1030 1437/1822/1615 1433/1823/1612
f 1431/1824/1608 1433/1823/1612 1437/1822/1615 1440/1825/1616
f 2352/1826/1617 1439/1827/1618 1437/1822/1615 1438/1216/1030
f 1441/1828/1619 1440/1825/1616 1437/1822/1615 1439/1827/1618
f 1441/1828/1619 1444/1829/1620 1442/1830/1621 1440/1825/1616
f 1431/1824/1608 1440/1825/1616 1442/1830/1621 1429/1831/1609
f 1454/1832/1610 1429/1831/1609 1442/1830/1621 1443/1833/1622
f 1446/1834/1623 1443/1833/1622 1442/1830/1621 1444/1829/1620
f 1441/1828/1619 1696/1835/1624 1445/1836/1625 1444/1829/1620
f 1446/1834/1623 1444/1829/1620 1445/1836/1625 1447/1837/1626
f 1446/1834/1623 1447/1837/1626 1449/1838/1627 1448/1839/1628
f 1446/1834/1623 1448/1839/1628 1451/1840/1629 1443/1833/1622
f 1450/1841/1630 1448/1839/1628 1449/1838/1627 2353/1842/1631
f 1450/1841/1630 1452/1843/1632 1451/1840/1629 1448/1839/1628
f 1456/1844/1633 1453/1845/1634 1451/1840/1629 1452/1843/1632
f 1454/1832/1610 1443/1833/1622 1451/1840/1629 1453/1845/1634
f 1454/1817/1610 1453/1846/1634 1455/1811/1604 1425/1810/1603
f 1456/1847/1633 1458/1848/1635 1455/1811/1604 1453/1846/1634
f 1456/1847/1633 1457/1849/1636 1459/1850/1637 1458/1848/1635
f 1456/1844/1633 1452/1843/1632 1516/1851/1638 1457/1852/1636
f 1460/1853/1639 1424/1808/1601 1455/1811/1604 1458/1848/1635
f 1460/1853/1639 1458/1848/1635 1459/1850/1637 1461/1854/1640
f 1460/1853/1639 1461/1854/1640 1463/1855/1641 1462/1856/1642
f 1460/1853/1639 1462/1856/1642 1422/1806/1599 1424/1808/1601
f 1464/1857/1643 1462/1856/1642 1463/1855/1641 1465/1858/1644
f 1464/1857/1643 1420/1804/1597 1422/1806/1599 1462/1856/1642
f 1464/1857/1643 1465/1858/1644 1469/1859/1645 1466/1860/1646
f 1464/1857/1643 1466/1860/1646 1468/1805/1598 1420/1804/1597
f 1467/1861/1647 2436/1862/1648 1468/1805/1598 1466/1860/1646
f 1467/1861/1647 1466/1860/1646 1469/1859/1645 1471/1863/1649
f 1510/1864/1650 1470/1865/1651 1469/1859/1645 1465/1858/1644
f 1472/1866/1652 1471/1863/1649 1469/1859/1645 1470/1865/1651
f 1472/1866/1652 1476/1867/1653 1473/1868/1654 1471/1863/1649
f 1467/1861/1647 1471/1863/1649 1473/1868/1654 1475/1869/1655
f 2416/1870/1656 1475/1869/1655 1473/1868/1654 1474/1871/1657
f 1477/1872/1658 1474/1871/1657 1473/1868/1654 1476/1867/1653
f 1477/1872/1658 1476/1867/1653 1478/1873/1659 1480/1874/1660
f 1472/1866/1652 1481/1875/1661 1478/1873/1659 1476/1867/1653
f 2402/1876/1662 1480/1874/1660 1478/1873/1659 1479/1877/1663
f 1483/1878/1664 1479/1877/1663 1478/1873/1659 1481/1875/1661
f 1472/1866/1652 1470/1865/1651 1482/1879/1665 1481/1875/1661
f 1483/1878/1664 1481/1875/1661 1482/1879/1665 1485/1880/1666
f 1483/1878/1664 1484/1881/1667 2400/1882/1668 1479/1877/1663
f 1483/1878/1664 1485/1880/1666 1487/1883/1669 1484/1881/1667
f 1486/1884/1670 1485/1880/1666 1482/1879/1665 1511/1885/1671
f 1486/1884/1670 1489/1886/1672 1487/1883/1669 1485/1880/1666
f 2397/1887/1673 1484/1881/1667 1487/1883/1669 1488/1888/1674
f 1491/1889/1675 1488/1888/1674 1487/1883/1669 1489/1886/1672
f 1486/1884/1670 1512/1890/1676 1490/1891/1677 1489/1886/1672
f 1491/1889/1675 1489/1886/1672 1490/1891/1677 1492/1892/1678
f 1491/1893/1675 1492/1894/1678 1493/1895/1679 1488/1896/1674
f 1494/1897/1680 1495/1898/1681 1493/1895/1679 1492/1894/1678
f 1494/1899/1680 1492/1892/1678 1490/1891/1677 1497/1900/1682
f 1494/1897/1680 1496/1901/1683 2393/1902/1684 1495/1898/1681
f 1494/1899/1680 1497/1900/1682 1499/1903/1685 1496/1904/1683
f 1498/1905/1686 1497/1900/1682 1490/1891/1677 1512/1890/1676
f 1498/1905/1686 1501/1906/1687 1499/1903/1685 1497/1900/1682
f 2472/1907/1688 1496/1904/1683 1499/1903/1685 1500/1908/1689
f 1502/1909/1690 1500/1908/1689 1499/1903/1685 1501/1906/1687
f 1502/1909/1690 1501/1906/1687 1503/1910/1691 1504/1911/1692
f 1498/1905/1686 1506/1912/1693 1503/1910/1691 1501/1906/1687
f 1513/1913/1694 1504/1911/1692 1503/1910/1691 1505/1914/1695
f 1508/1915/1696 1505/1914/1695 1503/1910/1691 1506/1912/1693
f 1498/1905/1686 1512/1890/1676 1507/1916/1697 1506/1912/1693
f 1508/1915/1696 1506/1912/1693 1507/1916/1697 1509/1917/1698
f 1508/1915/1696 1461/1854/1640 1459/1850/1637 1505/1914/1695
f 1508/1915/1696 1509/1917/1698 1463/1855/1641 1461/1854/1640
f 1510/1864/1650 1509/1917/1698 1507/1916/1697 1511/1885/1671
f 1510/1864/1650 1465/1858/1644 1463/1855/1641 1509/1917/1698
f 1510/1864/1650 1511/1885/1671 1482/1879/1665 1470/1865/1651
f 1486/1884/1670 1511/1885/1671 1507/1916/1697 1512/1890/1676
f 1513/1913/1694 1505/1914/1695 1459/1850/1637 1457/1849/1636
f 1513/1918/1694 1514/1919/1699 1517/1920/1700 1504/1921/1692
f 1513/1918/1694 1457/1852/1636 1516/1851/1638 1514/1919/1699
f 1515/1922/1701 1519/1923/1702 1517/1920/1700 1514/1919/1699
f 1515/1922/1701 1514/1919/1699 1516/1851/1638 2355/1924/1703
f 1502/1925/1690 1504/1921/1692 1517/1920/1700 1518/1926/1704
f 1520/1927/1705 1518/1926/1704 1517/1920/1700 1519/1923/1702
f 1515/1922/1701 1523/1928/1706 1521/1929/1707 1519/1923/1702
f 1520/1927/1705 1519/1923/1702 1521/1929/1707 1522/1930/1708
f 1527/1931/1709 1522/1930/1708 1521/1929/1707 1524/1932/1710
f 1525/1933/1711 1524/1932/1710 1521/1929/1707 1523/1928/1706
f 1525/1933/1711 1677/1934/1712 1526/1935/1713 1524/1932/1710
f 1527/1931/1709 1524/1932/1710 1526/1935/1713 1528/1936/1714
f 1527/1931/1709 1528/1936/1714 1531/1937/1715 1529/1938/1716
f 1527/1931/1709 1529/1938/1716 1532/1939/1717 1522/1930/1708
f 1530/1940/1718 1533/1941/1719 1532/1939/1717 1529/1938/1716
f 1530/1940/1718 1529/1938/1716 1531/1937/1715 1543/1942/1720
f 1536/1943/1721 1534/1944/1722 1532/1939/1717 1533/1941/1719
f 1520/1927/1705 1522/1930/1708 1532/1939/1717 1534/1944/1722
f 1520/1927/1705 1534/1944/1722 1535/1945/1723 1518/1926/1704
f 1536/1943/1721 1537/1946/1724 1535/1945/1723 1534/1944/1722
f 1536/1943/1721 1538/1947/1725 1539/1948/1726 1537/1946/1724
f 1536/1943/1721 1533/1941/1719 1541/1949/1727 1538/1947/1725
f 1540/1950/1728 2387/1951/1729 1539/1948/1726 1538/1947/1725
f 1540/1950/1728 1538/1947/1725 1541/1949/1727 1542/1952/1730
f 1530/1940/1718 1543/1942/1720 1541/1949/1727 1533/1941/1719
f 1544/1953/1731 1542/1952/1730 1541/1949/1727 1543/1942/1720
f 1544/1953/1731 1543/1942/1720 1531/1937/1715 1546/1954/1732
f 1544/1953/1731 1545/1955/1733 2383/1956/1734 1542/1952/1730
f 1544/1953/1731 1546/1954/1732 1548/1957/1735 1545/1955/1733
f 1547/1958/1736 1546/1954/1732 1531/1937/1715 1528/1936/1714
f 1547/1958/1736 1549/1959/1737 1548/1957/1735 1546/1954/1732
f 1551/1960/1738 1550/1961/1739 1548/1957/1735 1549/1959/1737
f 1552/1962/1740 1545/1955/1733 1548/1957/1735 1550/1961/1739
f 1551/1960/1738 1555/1963/1741 1553/1964/1742 1550/1961/1739
f 1552/1962/1740 1550/1961/1739 1553/1964/1742 1554/1965/1743
f 1558/1966/1744 1554/1965/1743 1553/1964/1742 1556/1967/1745
f 1557/1968/1746 1556/1967/1745 1553/1964/1742 1555/1963/1741
f 1557/1968/1746 1562/1969/1747 1559/1970/1748 1556/1967/1745
f 1558/1966/1744 1556/1967/1745 1559/1970/1748 1561/1971/1749
f 1564/1972/1750 1560/1973/1751 1559/1970/1748 1562/1969/1747
f 2473/1974/1752 1561/1971/1749 1559/1970/1748 1560/1973/1751
f 1557/1968/1746 1661/1975/1753 1563/1976/1754 1562/1969/1747
f 1564/1972/1750 1562/1969/1747 1563/1976/1754 1565/1977/1755
f 1564/1972/1750 1565/1977/1755 1569/1978/1756 1566/1979/1757
f 1564/1972/1750 1566/1979/1757 1568/1980/1758 1560/1973/1751
f 1567/1981/1759 1566/1979/1757 1569/1978/1756 1571/1982/1760
f 1567/1981/1759 2362/1983/1761 1568/1980/1758 1566/1979/1757
f 1572/1984/1762 1571/1982/1760 1569/1978/1756 1570/1985/1763
f 1664/1986/1764 1570/1985/1763 1569/1978/1756 1565/1977/1755
f 1567/1981/1759 1571/1982/1760 1573/1987/1765 1576/1988/1766
f 1572/1984/1762 1575/1989/1767 1573/1987/1765 1571/1982/1760
f 1578/1990/1768 1576/1988/1766 1573/1987/1765 1574/1991/1769
f 1584/1992/1770 1574/1991/1769 1573/1987/1765 1575/1989/1767
f 1578/1990/1768 1579/1993/1771 1577/1994/1772 1576/1988/1766
f 1567/1981/1759 1576/1988/1766 1577/1994/1772 2362/1983/1761
f 1578/1990/1768 1580/1428/1225 1075/1427/1224 1579/1993/1771
f 1578/1990/1768 1574/1991/1769 1581/1995/1773 1580/1428/1225
f 1076/1425/1222 1580/1428/1225 1581/1995/1773 1582/1996/1774
f 1584/1992/1770 1583/1997/1775 1581/1995/1773 1574/1991/1769
f 1585/1392/1195 1582/1996/1774 1581/1995/1773 1583/1997/1775
f 1584/1992/1770 1588/1998/1776 1586/1999/1777 1583/1997/1775
f 1585/1392/1195 1583/1997/1775 1586/1999/1777 1051/1390/1193
f 1048/1388/1191 1051/1390/1193 1586/1999/1777 1587/2000/1778
f 1590/2001/1779 1587/2000/1778 1586/1999/1777 1588/1998/1776
f 1590/2001/1779 1588/1998/1776 1589/2002/1780 1592/2003/1781
f 1584/1992/1770 1575/1989/1767 1589/2002/1780 1588/1998/1776
f 1590/2001/1779 1591/2004/1782 2194/2005/1783 1587/2000/1778
f 1590/2001/1779 1592/2003/1781 1594/2006/1784 1591/2004/1782
f 1593/2007/1785 1592/2003/1781 1589/2002/1780 1673/2008/1786
f 1593/2007/1785 1595/2009/1787 1594/2006/1784 1592/2003/1781
f 1597/2010/1788 1596/2011/1789 1594/2006/1784 1595/2009/1787
f 1598/2012/1790 1591/2004/1782 1594/2006/1784 1596/2011/1789
f 1597/2010/1788 1602/2013/1791 1599/2014/1792 1596/2011/1789
f 1598/2012/1790 1596/2011/1789 1599/2014/1792 1600/2015/1793
f 1875/2016/1794 1600/2015/1793 1599/2014/1792 1601/2017/1795
f 1604/2018/1796 1601/2017/1795 1599/2014/1792 1602/2013/1791
f 1597/2010/1788 1672/2019/1797 1603/2020/1798 1602/2013/1791
f 1604/2018/1796 1602/2013/1791 1603/2020/1798 1606/2021/1799
f 1604/2018/1796 1605/2022/1800 2315/2023/1801 1601/2017/1795
f 1604/2018/1796 1606/2021/1799 1608/2024/1802 1605/2022/1800
f 1607/2025/1803 1610/2026/1804 1608/2024/1802 1606/2021/1799
f 1607/2025/1803 1606/2021/1799 1603/2020/1798 2356/2027/1805
f 2317/2028/1806 1605/2022/1800 1608/2024/1802 1609/2029/1807
f 1611/2030/1808 1609/2029/1807 1608/2024/1802 1610/2026/1804
f 1611/2030/1808 1610/2026/1804 1612/2031/1809 1614/2032/1810
f 1607/2025/1803 1615/2033/1811 1612/2031/1809 1610/2026/1804
f 1792/2034/1812 1614/2032/1810 1612/2031/1809 1613/2035/1813
f 1617/2036/1814 1613/2035/1813 1612/2031/1809 1615/2033/1811
f 1607/2025/1803 2356/2027/1805 1616/2037/1815 1615/2033/1811
f 1617/2036/1814 1615/2033/1811 1616/2037/1815 1619/2038/1816
f 1617/2036/1814 1618/2039/1817 2347/2040/1818 1613/2035/1813
f 1617/2036/1814 1619/2038/1816 1621/2041/1819 1618/2039/1817
f 1620/2042/1820 1619/2038/1816 1616/2037/1815 1639/2043/1821
f 1620/2042/1820 1623/2044/1822 1621/2041/1819 1619/2038/1816
f 1779/2045/1823 1618/2039/1817 1621/2041/1819 1622/2046/1824
f 1625/2047/1825 1622/2046/1824 1621/2041/1819 1623/2044/1822
f 1620/2042/1820 1637/2048/1826 1624/2049/1827 1623/2044/1822
f 1625/2047/1825 1623/2044/1822 1624/2049/1827 1627/2050/1828
f 1625/2047/1825 1626/2051/1829 1773/2052/1830 1622/2046/1824
f 1625/2047/1825 1627/2050/1828 1628/2053/1831 1626/2051/1829
f 1629/2054/1832 1630/2055/1833 1628/2053/1831 1627/2050/1828
f 1629/2054/1832 1627/2050/1828 1624/2049/1827 1632/2056/1834
f 1629/2054/1832 1631/2057/1835 1756/2058/1836 1630/2055/1833
f 1629/2054/1832 1632/2056/1834 1633/2059/1837 1631/2057/1835
f 1634/2060/1838 1635/2061/1839 1633/2059/1837 1632/2056/1834
f 1634/2060/1838 1632/2056/1834 1624/2049/1827 1637/2048/1826
f 1634/2060/1838 1636/2062/1840 1762/2063/1841 1635/2061/1839
f 1634/2060/1838 1637/2048/1826 1638/2064/1842 1636/2062/1840
f 1620/2042/1820 1639/2043/1821 1638/2064/1842 1637/2048/1826
f 1641/2065/1843 1640/2066/1844 1638/2064/1842 1639/2043/1821
f 1643/2067/1845 1636/2062/1840 1638/2064/1842 1640/2066/1844
f 1641/2065/1843 1670/2068/1846 1642/2069/1847 1640/2066/1844
f 1643/2067/1845 1640/2066/1844 1642/2069/1847 1645/2070/1848
f 1643/2067/1845 1645/2070/1848 1646/2071/1849 1644/2072/1850
f 1643/2067/1845 1644/2072/1850 1762/2063/1841 1636/2062/1840
f 1647/2073/1851 1650/2074/1852 1646/2071/1849 1645/2070/1848
f 1647/2073/1851 1645/2070/1848 1642/2069/1847 1649/2075/1853
f 1647/2073/1851 1648/2076/1854 1652/2077/1855 1650/2074/1852
f 1647/2073/1851 1649/2075/1853 1665/2078/1856 1648/2076/1854
f 1651/2079/1857 1764/2080/1858 1646/2071/1849 1650/2074/1852
f 1651/2079/1857 1650/2074/1852 1652/2077/1855 1654/2081/1859
f 1662/2082/1860 1653/2083/1861 1652/2077/1855 1648/2076/1854
f 1656/2084/1862 1654/2081/1859 1652/2077/1855 1653/2083/1861
f 1651/2079/1857 1654/2081/1859 1655/2085/1863 1684/2086/1864
f 1656/2084/1862 1657/2087/1865 1655/2085/1863 1654/2081/1859
f 1656/2084/1862 1658/2088/1866 1659/2089/1867 1657/2087/1865
f 1656/2084/1862 1653/2083/1861 1660/2090/1868 1658/2088/1866
f 1551/1960/1738 1549/1959/1737 1659/2089/1867 1658/2088/1866
f 1551/1960/1738 1658/2088/1866 1660/2090/1868 1555/1963/1741
f 1662/2082/1860 1661/1975/1753 1660/2090/1868 1653/2083/1861
f 1557/1968/1746 1555/1963/1741 1660/2090/1868 1661/1975/1753
f 1662/2082/1860 1663/2091/1869 1563/1976/1754 1661/1975/1753
f 1662/2082/1860 1648/2076/1854 1665/2078/1856 1663/2091/1869
f 1664/1986/1764 1565/1977/1755 1563/1976/1754 1663/2091/1869
f 1664/1986/1764 1663/2091/1869 1665/2078/1856 1666/2092/1870
f 1668/2093/1871 1666/2092/1870 1665/2078/1856 1649/2075/1853
f 1664/1986/1764 1666/2092/1870 1667/2094/1872 1570/1985/1763
f 1668/2093/1871 1669/2095/1873 1667/2094/1872 1666/2092/1870
f 1668/2093/1871 1670/2068/1846 1671/2096/1874 1669/2095/1873
f 1668/2093/1871 1649/2075/1853 1642/2069/1847 1670/2068/1846
f 1641/2065/1843 1672/2019/1797 1671/2096/1874 1670/2068/1846
f 1593/2007/1785 1669/2095/1873 1671/2096/1874 1595/2009/1787
f 1597/2010/1788 1595/2009/1787 1671/2096/1874 1672/2019/1797
f 1641/2065/1843 2356/2027/1805 1603/2020/1798 1672/2019/1797
f 1593/2007/1785 1673/2008/1786 1667/2094/1872 1669/2095/1873
f 1572/1984/1762 1570/1985/1763 1667/2094/1872 1673/2008/1786
f 1572/1984/1762 1673/2008/1786 1589/2002/1780 1575/1989/1767
f 1675/2097/1875 1657/2087/1865 1659/2089/1867 1674/2098/1876
f 1547/1958/1736 1674/2098/1876 1659/2089/1867 1549/1959/1737
f 1675/2097/1875 1674/2098/1876 1526/1935/1713 1677/1934/1712
f 1547/1958/1736 1528/1936/1714 1526/1935/1713 1674/2098/1876
f 1675/2097/1875 1676/2099/1877 1655/2085/1863 1657/2087/1865
f 1675/2097/1875 1677/1934/1712 1678/2100/1878 1676/2099/1877
f 1525/1933/1711 1679/2101/1879 1678/2100/1878 1677/1934/1712
f 1682/2102/1880 1680/2103/1881 1678/2100/1878 1679/2101/1879
f 1683/2104/1882 1676/2099/1877 1678/2100/1878 1680/2103/1881
f 1682/2102/1880 1694/2105/1883 1681/2106/1884 1680/2103/1881
f 1683/2104/1882 1680/2103/1881 1681/2106/1884 1685/2107/1885
f 1683/2104/1882 1684/2086/1864 1655/2085/1863 1676/2099/1877
f 1683/2104/1882 1685/2107/1885 1686/2108/1886 1684/2086/1864
f 1687/2109/1887 1685/2107/1885 1681/2106/1884 1690/2110/1888
f 1687/2109/1887 1688/2111/1889 1686/2108/1886 1685/2107/1885
f 1687/2109/1887 1689/2112/1890 1761/2113/1891 1688/2111/1889
f 1687/2109/1887 1690/2110/1888 1691/2114/1892 1689/2112/1890
f 1692/2115/1893 1693/2116/1894 1691/2114/1892 1690/2110/1888
f 1692/2115/1893 1690/2110/1888 1681/2106/1884 1694/2105/1883
f 1692/2115/1893 1447/1837/1626 1445/1836/1625 1693/2116/1894
f 1692/2115/1893 1694/2105/1883 1449/1838/1627 1447/1837/1626
f 1682/2102/1880 2353/1842/1631 1449/1838/1627 1694/2105/1883
f 1695/2117/1895 1697/2118/1896 1691/2114/1892 1693/2116/1894
f 1695/2117/1895 1693/2116/1894 1445/1836/1625 1696/1835/1624
f 1695/2117/1895 1696/1835/1624 1700/2119/1897 1698/2120/1898
f 1695/2117/1895 1698/2120/1898 1701/2121/1899 1697/2118/1896
f 1699/2122/1900 1702/2123/1901 1701/2121/1899 1698/2120/1898
f 1699/2122/1900 1698/2120/1898 1700/2119/1897 2351/2124/1902
f 1706/2125/1903 1703/2126/1904 1701/2121/1899 1702/2123/1901
f 1704/2127/1905 1697/2118/1896 1701/2121/1899 1703/2126/1904
f 1704/2127/1905 1703/2126/1904 1705/2128/1906 1760/2129/1907
f 1706/2125/1903 1707/2130/1908 1705/2128/1906 1703/2126/1904
f 1706/2125/1903 1708/2131/1909 1710/2132/1910 1707/2130/1908
f 1706/2125/1903 1702/2123/1901 1711/2133/1911 1708/2131/1909
f 1709/2134/1912 1708/2131/1909 1711/2133/1911 1713/2135/1913
f 1709/2134/1912 1753/2136/1914 1710/2132/1910 1708/2131/1909
f 1714/2137/1915 1713/2135/1913 1711/2133/1911 1712/2138/1916
f 1699/2122/1900 1712/2138/1916 1711/2133/1911 1702/2123/1901
f 1709/2134/1912 1713/2135/1913 1715/2139/1917 1716/2140/1918
f 1714/2137/1915 1718/2141/1919 1715/2139/1917 1713/2135/1913
f 1766/2142/1920 1716/2140/1918 1715/2139/1917 1717/2143/1921
f 1719/1191/1008 1717/2143/1921 1715/2139/1917 1718/2141/1919
f 1714/2137/1915 2348/1201/1018 908/1197/1014 1718/2141/1919
f 1719/1191/1008 1718/2141/1919 908/1197/1014 901/1192/1009
f 1719/1191/1008 1720/2144/1922 1721/2145/1923 1717/2143/1921
f 1719/1191/1008 895/1183/1000 893/1180/997 1720/2144/1922
f 1722/2146/1924 1723/2147/1925 1721/2145/1923 1720/2144/1922
f 1722/2146/1924 1720/2144/1922 893/1180/997 891/1179/996
f 1722/2146/1924 1724/2148/1926 1727/2149/1927 1723/2147/1925
f 1722/2146/1924 891/1179/996 1725/1181/998 1724/2148/1926
f 1726/2150/1928 1724/2148/1926 1725/1181/998 1964/2151/1929
f 1726/2150/1928 1728/2152/1930 1727/2149/1927 1724/2148/1926
f 1732/2153/1931 1723/2147/1925 1727/2149/1927 1729/2154/1932
f 1730/2155/1933 1729/2154/1932 1727/2149/1927 1728/2152/1930
f 1730/2155/1933 1974/2156/1934 1731/2157/1935 1729/2154/1932
f 1732/2153/1931 1729/2154/1932 1731/2157/1935 1734/2158/1936
f 1732/2153/1931 1733/2159/1937 1721/2145/1923 1723/2147/1925
f 1732/2153/1931 1734/2158/1936 1735/2160/1938 1733/2159/1937
f 1736/2161/1939 1737/2162/1940 1735/2160/1938 1734/2158/1936
f 1736/2161/1939 1734/2158/1936 1731/2157/1935 1738/2163/1941
f 1736/2161/1939 1739/2164/1942 1742/2165/1943 1737/2162/1940
f 1736/2161/1939 1738/2163/1941 1740/2166/1944 1739/2164/1942
f 1741/2167/1945 1739/2164/1942 1740/2166/1944 2195/2168/1946
f 1741/2167/1945 1743/2169/1947 1742/2165/1943 1739/2164/1942
f 1746/2170/1948 1737/2162/1940 1742/2165/1943 1744/2171/1949
f 1745/2172/1950 1744/2171/1949 1742/2165/1943 1743/2169/1947
f 1745/2172/1950 1749/2173/1951 1747/2174/1952 1744/2171/1949
f 1746/2170/1948 1744/2171/1949 1747/2174/1952 1750/2175/1953
f 1752/2176/1954 1750/2175/1953 1747/2174/1952 1748/2177/1955
f 1768/2178/1956 1748/2177/1955 1747/2174/1952 1749/2173/1951
f 1752/2176/1954 1753/2136/1914 1751/2179/1957 1750/2175/1953
f 1746/2170/1948 1750/2175/1953 1751/2179/1957 1765/2180/1958
f 1752/2176/1954 1754/2181/1959 1710/2132/1910 1753/2136/1914
f 1752/2176/1954 1748/2177/1955 1756/2058/1836 1754/2181/1959
f 1755/2182/1960 1754/2181/1959 1756/2058/1836 1631/2057/1835
f 1755/2182/1960 1707/2130/1908 1710/2132/1910 1754/2181/1959
f 1768/2178/1956 1630/2055/1833 1756/2058/1836 1748/2177/1955
f 1755/2182/1960 1757/2183/1961 1705/2128/1906 1707/2130/1908
f 1755/2182/1960 1631/2057/1835 1633/2059/1837 1757/2183/1961
f 1758/2184/1962 1757/2183/1961 1633/2059/1837 1635/2061/1839
f 1758/2184/1962 1760/2129/1907 1705/2128/1906 1757/2183/1961
f 1758/2184/1962 1759/2185/1963 1761/2113/1891 1760/2129/1907
f 1758/2184/1962 1635/2061/1839 1762/2063/1841 1759/2185/1963
f 1704/2127/1905 1760/2129/1907 1761/2113/1891 1689/2112/1890
f 1763/2186/1964 1688/2111/1889 1761/2113/1891 1759/2185/1963
f 1763/2186/1964 1759/2185/1963 1762/2063/1841 1644/2072/1850
f 1763/2186/1964 1644/2072/1850 1646/2071/1849 1764/2080/1858
f 1763/2186/1964 1764/2080/1858 1686/2108/1886 1688/2111/1889
f 1651/2079/1857 1684/2086/1864 1686/2108/1886 1764/2080/1858
f 1709/2134/1912 1716/2140/1918 1751/2179/1957 1753/2136/1914
f 1766/2142/1920 1765/2180/1958 1751/2179/1957 1716/2140/1918
f 1746/2170/1948 1765/2180/1958 1735/2160/1938 1737/2162/1940
f 1766/2142/1920 1733/2159/1937 1735/2160/1938 1765/2180/1958
f 1766/2142/1920 1717/2143/1921 1721/2145/1923 1733/2159/1937
f 1745/2172/1950 2208/2187/1965 1767/2188/1966 1749/2173/1951
f 1768/2178/1956 1749/2173/1951 1767/2188/1966 1769/2189/1967
f 1768/2178/1956 1769/2189/1967 1628/2053/1831 1630/2055/1833
f 1770/2190/1968 1626/2051/1829 1628/2053/1831 1769/2189/1967
f 1770/2190/1968 1769/2189/1967 1767/2188/1966 1771/2191/1969
f 1770/2190/1968 1772/2192/1970 1773/2052/1830 1626/2051/1829
f 1770/2190/1968 1771/2191/1969 1774/2193/1971 1772/2192/1970
f 1775/2194/1972 1778/2195/1973 1773/2052/1830 1772/2192/1970
f 1775/2194/1972 1772/2192/1970 1774/2193/1971 1777/2196/1974
f 1775/2194/1972 1776/2197/1975 1780/2198/1976 1778/2195/1973
f 1775/2194/1972 1777/2196/1974 2212/2199/1977 1776/2197/1975
f 1779/2045/1823 1622/2046/1824 1773/2052/1830 1778/2195/1973
f 1779/2045/1823 1778/2195/1973 1780/2198/1976 1781/2200/1978
f 1785/2201/1979 1781/2200/1978 1780/2198/1976 1782/2202/1980
f 1784/2203/1981 1782/2202/1980 1780/2198/1976 1776/2197/1975
f 1784/2203/1981 2217/2204/1982 1783/2205/1983 1782/2202/1980
f 1785/2201/1979 1782/2202/1980 1783/2205/1983 1787/2206/1984
f 1785/2201/1979 1786/2207/1985 2347/2040/1818 1781/2200/1978
f 1785/2201/1979 1787/2206/1984 1789/2208/1986 1786/2207/1985
f 1788/2209/1987 1790/2210/1988 1789/2208/1986 1787/2206/1984
f 1788/2209/1987 1787/2206/1984 1783/2205/1983 2219/2211/1989
f 1794/2212/1990 1791/2213/1991 1789/2208/1986 1790/2210/1988
f 1792/2034/1812 1786/2207/1985 1789/2208/1986 1791/2213/1991
f 1792/2034/1812 1791/2213/1991 1793/2214/1992 1614/2032/1810
f 1794/2212/1990 1795/2215/1993 1793/2214/1992 1791/2213/1991
f 1794/2212/1990 1796/2216/1994 1799/2217/1995 1795/2215/1993
f 1794/2212/1990 1790/2210/1988 1797/2218/1996 1796/2216/1994
f 1798/2219/1997 1796/2216/1994 1797/2218/1996 2311/2220/1998
f 1798/2219/1997 1801/2221/1999 1799/2217/1995 1796/2216/1994
f 1817/2222/2000 1795/2215/1993 1799/2217/1995 1800/2223/2001
f 1803/2224/2002 1800/2223/2001 1799/2217/1995 1801/2221/1999
f 1798/2219/1997 2307/2225/2003 1802/2226/2004 1801/2221/1999
f 1803/2224/2002 1801/2221/1999 1802/2226/2004 1804/2227/2005
f 1803/2224/2002 1805/2228/2006 1807/2229/2007 1800/2223/2001
f 1803/2224/2002 1804/2227/2005 1806/2230/2008 1805/2228/2006
f 1808/2231/2009 1805/2228/2006 1806/2230/2008 1810/2232/2010
f 1808/2231/2009 1811/2233/2011 1807/2229/2007 1805/2228/2006
f 1808/2231/2009 1809/2234/2012 1812/2235/2013 1811/2233/2011
f 1808/2231/2009 1810/2232/2010 1837/2236/2014 1809/2234/2012
f 1813/2237/2015 1816/2238/2016 1807/2229/2007 1811/2233/2011
f 1813/2237/2015 1811/2233/2011 1812/2235/2013 1814/2239/2017
f 1813/2237/2015 1814/2239/2017 1827/2240/2018 1815/2241/2019
f 1813/2237/2015 1815/2241/2019 1818/2242/2020 1816/2238/2016
f 1817/2222/2000 1800/2223/2001 1807/2229/2007 1816/2238/2016
f 1817/2222/2000 1816/2238/2016 1818/2242/2020 1819/2243/2021
f 1822/2244/2022 1820/2245/2023 1818/2242/2020 1815/2241/2019
f 1611/2030/1808 1819/2243/2021 1818/2242/2020 1820/2245/2023
f 1611/2030/1808 1820/2245/2023 1821/2246/2024 1609/2029/1807
f 1822/2244/2022 1823/2247/2025 1821/2246/2024 1820/2245/2023
f 1822/2244/2022 1824/2248/2026 1826/2249/2027 1823/2247/2025
f 1822/2244/2022 1815/2241/2019 1827/2240/2018 1824/2248/2026
f 1825/2250/2028 1824/2248/2026 1827/2240/2018 1828/2251/2029
f 1825/2250/2028 2342/2252/2030 1826/2249/2027 1824/2248/2026
f 1830/2253/2031 1828/2251/2029 1827/2240/2018 1814/2239/2017
f 1825/2250/2028 1828/2251/2029 1829/2254/2032 2342/2252/2030
f 1830/2253/2031 1831/2255/2033 1829/2254/2032 1828/2251/2029
f 1830/2253/2031 1832/2256/2034 1833/2257/2035 1831/2255/2033
f 1830/2253/2031 1814/2239/2017 1812/2235/2013 1832/2256/2034
f 1834/2258/2036 1835/2259/2037 1833/2257/2035 1832/2256/2034
f 1834/2258/2036 1832/2256/2034 1812/2235/2013 1809/2234/2012
f 1834/2258/2036 1809/2234/2012 1837/2236/2014 1835/2259/2037
f 1836/2260/2038 2335/2261/2039 1833/2257/2035 1835/2259/2037
f 1836/2260/2038 1835/2259/2037 1837/2236/2014 1838/2262/2040
f 1839/2263/2041 1838/2262/2040 1837/2236/2014 1810/2232/2010
f 1839/2263/2041 1843/2264/2042 1840/2265/2043 1838/2262/2040
f 1836/2260/2038 1838/2262/2040 1840/2265/2043 1841/2266/2044
f 2333/2267/2045 1841/2266/2044 1840/2265/2043 1842/2268/2046
f 1844/2269/2047 1842/2268/2046 1840/2265/2043 1843/2264/2042
f 1839/2263/2041 1847/2270/2048 1845/2271/2049 1843/2264/2042
f 1844/2269/2047 1843/2264/2042 1845/2271/2049 1848/2272/2050
f 2309/2273/2051 1846/2274/2052 1845/2271/2049 1847/2270/2048
f 1849/2275/2053 1848/2272/2050 1845/2271/2049 1846/2274/2052
f 1849/2275/2053 1853/2276/2054 1850/2277/2055 1848/2272/2050
f 1844/2269/2047 1848/2272/2050 1850/2277/2055 1851/2278/2056
f 2325/2279/2057 1851/2278/2056 1850/2277/2055 1852/2280/2058
f 1854/2281/2059 1852/2280/2058 1850/2277/2055 1853/2276/2054
f 1849/2275/2053 1856/2282/2060 1855/2283/2061 1853/2276/2054
f 1854/2281/2059 1853/2276/2054 1855/2283/2061 1857/2284/2062
f 1860/2285/2063 1858/2286/2064 1855/2283/2061 1856/2282/2060
f 1861/2287/2065 1857/2284/2062 1855/2283/2061 1858/2286/2064
f 1860/2285/2063 2310/2288/2066 1859/2289/2067 1858/2286/2064
f 1861/2287/2065 1858/2286/2064 1859/2289/2067 1862/2290/2068
f 1861/2287/2065 1862/2290/2068 1865/2291/2069 1863/2292/2070
f 1861/2287/2065 1863/2292/2070 1866/2293/2071 1857/2284/2062
f 1864/2294/2072 1868/2295/2073 1866/2293/2071 1863/2292/2070
f 1864/2294/2072 1863/2292/2070 1865/2291/2069 2267/2296/2074
f 1854/2281/2059 1857/2284/2062 1866/2293/2071 1867/2297/2075
f 1869/2298/2076 1867/2297/2075 1866/2293/2071 1868/2295/2073
f 1869/2298/2076 1868/2295/2073 1870/2299/2077 1871/2300/2078
f 1864/2294/2072 1872/2301/2079 1870/2299/2077 1868/2295/2073
f 1875/2016/1794 1871/2300/2078 1870/2299/2077 1873/2302/2080
f 1874/2303/2081 1873/2302/2080 1870/2299/2077 1872/2301/2079
f 1874/2303/2081 1877/2304/2082 1876/2305/2083 1873/2302/2080
f 1875/2016/1794 1873/2302/2080 1876/2305/2083 1600/2015/1793
f 1879/2306/2084 1878/2307/2085 1876/2305/2083 1877/2304/2082
f 1598/2012/1790 1600/2015/1793 1876/2305/2083 1878/2307/2085
f 1879/2306/2084 1881/2308/2086 1880/2309/2087 1878/2307/2085
f 1598/2012/1790 1878/2307/2085 1880/2309/2087 1883/2310/2088
f 1903/2311/2089 1882/2312/2090 1880/2309/2087 1881/2308/2086
f 1885/2313/2091 1883/2310/2088 1880/2309/2087 1882/2312/2090
f 1598/2012/1790 1883/2310/2088 1884/2314/2092 2193/2315/2093
f 1885/2313/2091 1886/2316/2094 1884/2314/2092 1883/2310/2088
f 1885/2313/2091 1887/2317/2095 1889/2318/2096 1886/2316/2094
f 1885/2313/2091 1882/2312/2090 1890/2319/2097 1887/2317/2095
f 1888/2320/2098 1887/2317/2095 1890/2319/2097 1892/2321/2099
f 1888/2320/2098 2148/2322/2100 1889/2318/2096 1887/2317/2095
f 1894/2323/2101 1892/2321/2099 1890/2319/2097 1891/2324/2102
f 1903/2311/2089 1891/2324/2102 1890/2319/2097 1882/2312/2090
f 1888/2320/2098 1892/2321/2099 1893/2325/2103 2182/2326/2104
f 1894/2323/2101 1895/2327/2105 1893/2325/2103 1892/2321/2099
f 1894/2323/2101 1896/2328/2106 1898/2329/2107 1895/2327/2105
f 1894/2323/2101 1891/2324/2102 1899/2330/2108 1896/2328/2106
f 1897/2331/2109 1896/2328/2106 1899/2330/2108 1900/2332/2110
f 1897/2331/2109 1999/2333/2111 1898/2329/2107 1896/2328/2106
f 1903/2311/2089 1901/2334/2112 1899/2330/2108 1891/2324/2102
f 1904/2335/2113 1900/2332/2110 1899/2330/2108 1901/2334/2112
f 1903/2311/2089 1881/2308/2086 1902/2336/2114 1901/2334/2112
f 1904/2335/2113 1901/2334/2112 1902/2336/2114 1906/2337/2115
f 1904/2335/2113 1905/2338/2116 1991/2339/2117 1900/2332/2110
f 1904/2335/2113 1906/2337/2115 1908/2340/2118 1905/2338/2116
f 1907/2341/2119 1906/2337/2115 1902/2336/2114 2271/2342/2120
f 1907/2341/2119 1909/2343/2121 1908/2340/2118 1906/2337/2115
f 1911/2344/2122 1905/2338/2116 1908/2340/2118 1910/2345/2123
f 1912/2346/2124 1910/2345/2123 1908/2340/2118 1909/2343/2121
f 1911/2344/2122 1910/2345/2123 1913/2347/2125 1915/2348/2126
f 1912/2346/2124 1916/2349/2127 1913/2347/2125 1910/2345/2123
f 1985/2350/2128 1915/2348/2126 1913/2347/2125 1914/2351/2129
f 1918/2352/2130 1914/2351/2129 1913/2347/2125 1916/2349/2127
f 1912/2346/2124 2258/2353/2131 1917/2354/2132 1916/2349/2127
f 1918/2352/2130 1916/2349/2127 1917/2354/2132 1920/2355/2133
f 1918/2352/2130 1919/2356/2134 1924/2357/2135 1922/2358/2136
f 1918/2352/2130 1920/2355/2133 2201/2359/2137 1919/2356/2134
f 1918/2352/2130 1921/2360/2138 1978/2361/2139 1914/2351/2129
f 1918/2352/2130 1922/2358/2136 1925/2362/2140 1921/2360/2138
f 1923/2363/2141 1927/2364/2142 1925/2362/2140 1922/2358/2136
f 1923/2363/2141 1922/2358/2136 1924/2357/2135 2195/2168/1946
f 1976/2365/2143 1921/2360/2138 1925/2362/2140 1926/2366/2144
f 1928/2367/2145 1926/2366/2144 1925/2362/2140 1927/2364/2142
f 1928/2367/2145 1927/2364/2142 1929/2368/2146 1932/2369/2147
f 1923/2363/2141 1931/2370/2148 1929/2368/2146 1927/2364/2142
f 1933/2371/2149 1932/2369/2147 1929/2368/2146 1930/2372/2150
f 1975/2373/2151 1930/2372/2150 1929/2368/2146 1931/2370/2148
f 1928/2367/2145 1932/2369/2147 1934/2374/2152 1937/2375/2153
f 1933/2371/2149 1935/2376/2154 1934/2374/2152 1932/2369/2147
f 1940/2377/2155 1936/2378/2156 1934/2374/2152 1935/2376/2154
f 1939/1284/1097 1937/2375/2153 1934/2374/2152 1936/2378/2156
f 1928/2367/2145 1937/2375/2153 1938/1291/1104 1926/2366/2144
f 1939/1284/1097 971/1285/1098 1938/1291/1104 1937/2375/2153
f 1939/1284/1097 1936/2378/2156 963/1274/1087 965/1276/1089
f 1976/2365/2143 1926/2366/2144 1938/1291/1104 976/1290/1103
f 1940/2377/2155 961/1272/1085 963/1274/1087 1936/2378/2156
f 1940/2377/2155 1941/2379/2157 1943/1273/1086 961/1272/1085
f 1940/2377/2155 1935/2376/2154 1942/2380/2158 1941/2379/2157
f 1944/2381/2159 1941/2379/2157 1942/2380/2158 1946/2382/2160
f 1944/2381/2159 1947/2383/2161 1943/1273/1086 1941/2379/2157
f 1944/2381/2159 1945/2384/2162 1948/2385/2163 1947/2383/2161
f 1944/2381/2159 1946/2382/2160 1969/2386/2164 1945/2384/2162
f 953/1264/1077 1947/2383/2161 1948/2385/2163 1949/1266/1079
f 953/1264/1077 956/1265/1078 1943/1273/1086 1947/2383/2161
f 821/1110/927 1949/1266/1079 1948/2385/2163 1950/1111/928
f 1951/2387/2165 1950/1111/928 1948/2385/2163 1945/2384/2162
f 1951/2387/2165 1953/1118/935 822/1112/929 1950/1111/928
f 1951/2387/2165 1952/2388/2166 1954/2389/2167 1953/1118/935
f 1951/2387/2165 1945/2384/2162 1969/2386/2164 1952/2388/2166
f 826/1117/934 1953/1118/935 1954/2389/2167 1956/1123/940
f 1957/2390/2168 1956/1123/940 1954/2389/2167 1955/2391/2169
f 1967/2392/2170 1955/2391/2169 1954/2389/2167 1952/2388/2166
f 1957/2390/2168 1959/1130/947 830/1124/941 1956/1123/940
f 1957/2390/2168 1955/2391/2169 1962/2393/2171 1958/2394/2172
f 1957/2390/2168 1958/2394/2172 1960/2395/2173 1959/1130/947
f 834/1129/946 1959/1130/947 1960/2395/2173 1961/2396/2174
f 1963/1175/992 887/1170/987 1960/2395/2173 1958/2394/2172
f 883/1169/986 1961/2396/2174 1960/2395/2173 887/1170/987
f 883/1169/986 878/1165/982 876/1164/981 1961/2396/2174
f 834/1129/946 1961/2396/2174 876/1164/981 836/1131/948
f 1963/1175/992 1958/2394/2172 1962/2393/2171 1964/2151/1929
f 1963/1175/992 1964/2151/1929 1725/1181/998 886/1174/991
f 1726/2150/1928 1964/2151/1929 1962/2393/2171 1965/2397/2175
f 1967/2392/2170 1965/2397/2175 1962/2393/2171 1955/2391/2169
f 1726/2150/1928 1965/2397/2175 1966/2398/2176 1728/2152/1930
f 1967/2392/2170 1968/2399/2177 1966/2398/2176 1965/2397/2175
f 1967/2392/2170 1952/2388/2166 1969/2386/2164 1968/2399/2177
f 1970/2400/2178 1968/2399/2177 1969/2386/2164 1946/2382/2160
f 1970/2400/2178 1971/2401/2179 1966/2398/2176 1968/2399/2177
f 1970/2400/2178 1972/2402/2180 1973/2403/2181 1971/2401/2179
f 1970/2400/2178 1946/2382/2160 1942/2380/2158 1972/2402/2180
f 1933/2371/2149 1972/2402/2180 1942/2380/2158 1935/2376/2154
f 1933/2371/2149 1930/2372/2150 1973/2403/2181 1972/2402/2180
f 1730/2155/1933 1971/2401/2179 1973/2403/2181 1974/2156/1934
f 1975/2373/2151 1974/2156/1934 1973/2403/2181 1930/2372/2150
f 1975/2373/2151 1738/2163/1941 1731/2157/1935 1974/2156/1934
f 1975/2373/2151 1931/2370/2148 1740/2166/1944 1738/2163/1941
f 1730/2155/1933 1728/2152/1930 1966/2398/2176 1971/2401/2179
f 821/1110/927 819/1107/924 954/1262/1075 1949/1266/1079
f 1923/2363/2141 2195/2168/1946 1740/2166/1944 1931/2370/2148
f 1976/2365/2143 976/1290/1103 1979/1295/1108 1977/2404/2182
f 1976/2365/2143 1977/2404/2182 1978/2361/2139 1921/2360/2138
f 1980/2405/2183 1983/2406/2184 1978/2361/2139 1977/2404/2182
f 1980/2405/2183 1977/2404/2182 1979/1295/1108 1982/2407/2185
f 1980/2405/2183 1981/2408/2186 1984/2409/2187 1983/2406/2184
f 1980/2405/2183 1982/2407/2185 2121/2410/2188 1981/2408/2186
f 1985/2350/2128 1983/2406/2184 1984/2409/2187 1986/2411/2189
f 1985/2350/2128 1914/2351/2129 1978/2361/2139 1983/2406/2184
f 1985/2350/2128 1986/2411/2189 1988/2412/2190 1915/2348/2126
f 1987/2413/2191 1989/2414/2192 1988/2412/2190 1986/2411/2189
f 1987/2413/2191 1986/2411/2189 1984/2409/2187 2117/2415/2193
f 1992/2416/2194 1990/2417/2195 1988/2412/2190 1989/2414/2192
f 1911/2344/2122 1915/2348/2126 1988/2412/2190 1990/2417/2195
f 1911/2344/2122 1990/2417/2195 1991/2339/2117 1905/2338/2116
f 1992/2416/2194 1993/2418/2196 1991/2339/2117 1990/2417/2195
f 1992/2416/2194 1989/2414/2192 1995/2419/2197 1994/2420/2198
f 1992/2416/2194 1994/2420/2198 1997/2421/2199 1993/2418/2196
f 1996/2422/2200 1994/2420/2198 1995/2419/2197 2123/2423/2201
f 1996/2422/2200 1998/2424/2202 1997/2421/2199 1994/2420/2198
f 2000/2425/2203 1999/2333/2111 1997/2421/2199 1998/2424/2202
f 1897/2331/2109 1993/2418/2196 1997/2421/2199 1999/2333/2111
f 2000/2425/2203 2002/2426/2204 1898/2329/2107 1999/2333/2111
f 2000/2425/2203 2001/2427/2205 2004/2428/2206 2002/2426/2204
f 2000/2425/2203 1998/2424/2202 2126/2429/2207 2001/2427/2205
f 2003/2430/2208 2002/2426/2204 2004/2428/2206 2005/2431/2209
f 2003/2430/2208 1895/2327/2105 1898/2329/2107 2002/2426/2204
f 2009/2432/2210 2005/2431/2209 2004/2428/2206 2006/2433/2211
f 2008/2434/2212 2006/2433/2211 2004/2428/2206 2001/2427/2205
f 2009/2435/2210 2006/2436/2211 2007/2437/2213 2011/2438/2214
f 2008/2434/2212 2076/2439/2215 2007/2437/2213 2006/2436/2211
f 2009/2432/2210 2010/2440/2216 2183/2441/2217 2005/2431/2209
f 2009/2435/2210 2011/2438/2214 2013/2442/2218 2010/2443/2216
f 2012/2444/2219 2011/2438/2214 2007/2437/2213 2073/2445/2220
f 2012/2444/2219 2014/2446/2221 2013/2442/2218 2011/2438/2214
f 2016/2447/2222 2015/2448/2223 2013/2442/2218 2014/2446/2221
f 2017/2449/2224 2010/2443/2216 2013/2442/2218 2015/2448/2223
f 2016/2450/2222 2020/2451/2225 2018/2452/2226 2015/2453/2223
f 2017/2454/2224 2015/2453/2223 2018/2452/2226 2019/2455/2227
f 2023/2456/2228 2019/2455/2227 2018/2452/2226 2021/2457/2229
f 2024/2458/2230 2021/2457/2229 2018/2452/2226 2020/2451/2225
f 2024/2458/2230 2026/2459/2231 2022/2460/2232 2021/2457/2229
f 2023/2456/2228 2021/2457/2229 2022/2460/2232 2172/2461/2233
f 2024/2458/2230 2020/2451/2225 2135/2462/2234 2025/2463/2235
f 2024/2458/2230 2025/2463/2235 2028/2464/2236 2026/2459/2231
f 2027/2465/2237 2167/2466/2238 2022/2460/2232 2026/2459/2231
f 2027/2465/2237 2026/2459/2231 2028/2464/2236 2029/2467/2239
f 2033/2468/2240 2029/2467/2239 2028/2464/2236 2030/2469/2241
f 2031/2470/2242 2030/2469/2241 2028/2464/2236 2025/2463/2235
f 2031/2470/2242 2043/2471/2243 2032/2472/2244 2030/2469/2241
f 2033/2468/2240 2030/2469/2241 2032/2472/2244 2034/2473/2245
f 2033/2468/2240 2034/2473/2245 2035/2474/2246 2029/2467/2239
f 2036/2475/2247 2037/2476/2248 2035/2474/2246 2034/2473/2245
f 2036/2475/2247 2034/2473/2245 2032/2472/2244 2039/2477/2249
f 2036/2475/2247 2038/2478/2250 2160/2479/2251 2037/2476/2248
f 2036/2475/2247 2039/2477/2249 2040/2480/2252 2038/2478/2250
f 2041/2481/2253 2042/2482/2254 2040/2480/2252 2039/2477/2249
f 2041/2481/2253 2039/2477/2249 2032/2472/2244 2043/2471/2243
f 2041/2481/2253 2044/2483/2255 2047/2484/2256 2042/2482/2254
f 2041/2481/2253 2043/2471/2243 2046/2485/2257 2044/2483/2255
f 2045/2486/2258 2048/2487/2259 2047/2484/2256 2044/2483/2255
f 2045/2486/2258 2044/2483/2255 2046/2485/2257 2133/2488/2260
f 2050/2489/2261 2042/2482/2254 2047/2484/2256 2049/2490/2262
f 2052/2491/2263 2049/2490/2262 2047/2484/2256 2048/2487/2259
f 2050/2489/2261 2049/2490/2262 2051/2492/2264 2154/2493/2265
f 2052/2491/2263 2053/2494/2266 2051/2492/2264 2049/2490/2262
f 2052/2491/2263 2054/2495/2267 2146/2496/2268 2053/2494/2266
f 2052/2491/2263 2055/2497/2269 2056/2498/2270 2054/2495/2267
f 2052/2491/2263 2048/2487/2259 2058/2499/2271 2055/2497/2269
f 2057/2500/2272 2136/1334/1143 2056/2498/2270 2055/2497/2269
f 2057/2500/2272 2055/2497/2269 2058/2499/2271 2059/2501/2273
f 2062/2502/2274 2059/2501/2273 2058/2499/2271 2060/2503/2275
f 2045/2486/2258 2060/2503/2275 2058/2499/2271 2048/2487/2259
f 2045/2486/2258 2133/2488/2260 2061/2504/2276 2060/2503/2275
f 2062/2502/2274 2060/2503/2275 2061/2504/2276 2064/2505/2277
f 2062/2502/2274 2063/2506/2278 2100/2507/2279 2059/2501/2273
f 2062/2502/2274 2064/2505/2277 2066/2508/2280 2063/2506/2278
f 2065/2509/2281 2064/2505/2277 2061/2504/2276 2131/2510/2282
f 2065/2509/2281 2068/2511/2283 2066/2508/2280 2064/2505/2277
f 2098/2512/2284 2063/2506/2278 2066/2508/2280 2067/2513/2285
f 2069/2514/2286 2067/2513/2285 2066/2508/2280 2068/2511/2283
f 2069/2515/2286 2068/2516/2283 2070/2517/2287 2071/2518/2288
f 2065/2519/2281 2072/2520/2289 2070/2517/2287 2068/2516/2283
f 2074/2521/2290 2071/2518/2288 2070/2517/2287 2073/2445/2220
f 2012/2444/2219 2073/2445/2220 2070/2517/2287 2072/2520/2289
f 2074/2521/2290 2073/2445/2220 2007/2437/2213 2076/2439/2215
f 2074/2521/2290 2075/2522/2291 2091/2523/2292 2071/2518/2288
f 2074/2521/2290 2076/2439/2215 2077/2524/2293 2075/2522/2291
f 2008/2434/2212 2078/2525/2294 2077/2524/2293 2076/2439/2215
f 2080/2526/2295 2079/2527/2296 2077/2524/2293 2078/2525/2294
f 2081/2528/2297 2075/2522/2291 2077/2524/2293 2079/2527/2296
f 2080/2526/2295 2084/2529/2298 2082/2530/2299 2079/2527/2296
f 2081/2528/2297 2079/2527/2296 2082/2530/2299 2085/2531/2300
f 2086/2532/2301 2085/2531/2300 2082/2530/2299 2083/2533/2302
f 2127/2534/2303 2083/2533/2302 2082/2530/2299 2084/2529/2298
f 2086/2532/2301 2089/2535/2304 2087/2536/2305 2085/2531/2300
f 2081/2528/2297 2085/2531/2300 2087/2536/2305 2090/2537/2306
f 2092/2538/2307 2090/2537/2306 2087/2536/2305 2088/2539/2308
f 2107/2540/2309 2088/2539/2308 2087/2536/2305 2089/2535/2304
f 2092/2538/2307 2094/2541/2310 2091/2523/2292 2090/2537/2306
f 2081/2528/2297 2090/2537/2306 2091/2523/2292 2075/2522/2291
f 2092/2538/2307 2088/2539/2308 2104/2542/2311 2093/2543/2312
f 2092/2538/2307 2093/2543/2312 2095/2544/2313 2094/2541/2310
f 2069/2515/2286 2094/2541/2310 2095/2544/2313 2067/2545/2285
f 2069/2515/2286 2071/2518/2288 2091/2523/2292 2094/2541/2310
f 2098/2546/2284 2067/2545/2285 2095/2544/2313 2096/2547/2314
f 2097/2548/2315 2096/2547/2314 2095/2544/2313 2093/2543/2312
f 2097/2548/2315 997/1316/1129 1000/1318/1131 2096/2547/2314
f 2098/2546/2284 2096/2547/2314 1000/1318/1131 2099/1321/1134
f 2098/2512/2284 2099/2549/1134 2100/2507/2279 2063/2506/2278
f 999/1327/1132 2101/1328/1138 2100/2507/2279 2099/2549/1134
f 2057/2500/2272 2059/2501/2273 2100/2507/2279 2101/1328/1138
f 2057/2500/2272 2101/1328/1138 1003/1325/1137 2136/1334/1143
f 2097/2548/2315 2093/2543/2312 2104/2542/2311 2102/2550/2316
f 2097/2548/2315 2102/2550/2316 995/1314/1127 997/1316/1129
f 2103/2551/2317 2102/2550/2316 2104/2542/2311 2105/2552/2318
f 2103/2551/2317 2128/1315/1128 995/1314/1127 2102/2550/2316
f 2107/2540/2309 2105/2552/2318 2104/2542/2311 2088/2539/2308
f 2103/2551/2317 2105/2552/2318 2106/2553/2319 2109/2554/2320
f 2107/2540/2309 2089/2535/2304 2106/2553/2319 2105/2552/2318
f 2086/2532/2301 2108/2555/2321 2106/2553/2319 2089/2535/2304
f 2111/2556/2322 2109/2554/2320 2106/2553/2319 2108/2555/2321
f 2103/2551/2317 2109/2554/2320 2110/2557/2323 2128/1315/1128
f 2111/2556/2322 2112/2558/2324 2110/2557/2323 2109/2554/2320
f 2111/2556/2322 2113/2559/2325 2116/2560/2326 2112/2558/2324
f 2111/2556/2322 2108/2555/2321 2114/2561/2327 2113/2559/2325
f 2115/2562/2328 2113/2559/2325 2114/2561/2327 2122/2563/2329
f 2115/2562/2328 2118/2564/2330 2116/2560/2326 2113/2559/2325
f 2119/2565/2331 2112/2558/2324 2116/2560/2326 2117/2415/2193
f 1987/2413/2191 2117/2415/2193 2116/2560/2326 2118/2564/2330
f 1987/2413/2191 2118/2564/2330 1995/2419/2197 1989/2414/2192
f 2115/2562/2328 2123/2423/2201 1995/2419/2197 2118/2564/2330
f 2119/2565/2331 2117/2415/2193 1984/2409/2187 1981/2408/2186
f 2119/2565/2331 2120/2566/2332 2110/2557/2323 2112/2558/2324
f 2119/2565/2331 1981/2408/2186 2121/2410/2188 2120/2566/2332
f 994/1311/1124 2128/1315/1128 2110/2557/2323 2120/2566/2332
f 994/1311/1124 2120/2566/2332 2121/2410/2188 992/1310/1123
f 990/1309/1122 992/1310/1123 2121/2410/2188 1982/2407/2185
f 2115/2562/2328 2122/2563/2329 2124/2567/2333 2123/2423/2201
f 1996/2422/2200 2123/2423/2201 2124/2567/2333 2125/2568/2334
f 2080/2526/2295 2125/2568/2334 2124/2567/2333 2084/2529/2298
f 2127/2534/2303 2084/2529/2298 2124/2567/2333 2122/2563/2329
f 2080/2526/2295 2078/2525/2294 2126/2429/2207 2125/2568/2334
f 1996/2422/2200 2125/2568/2334 2126/2429/2207 1998/2424/2202
f 2008/2434/2212 2001/2427/2205 2126/2429/2207 2078/2525/2294
f 2127/2534/2303 2122/2563/2329 2114/2561/2327 2083/2533/2302
f 2086/2532/2301 2083/2533/2302 2114/2561/2327 2108/2555/2321
f 2065/2519/2281 2131/2569/2282 2129/2570/2335 2072/2520/2289
f 2012/2444/2219 2072/2520/2289 2129/2570/2335 2014/2446/2221
f 2016/2447/2222 2014/2446/2221 2129/2570/2335 2130/2571/2336
f 2132/2572/2337 2130/2571/2336 2129/2570/2335 2131/2569/2282
f 2132/2573/2337 2131/2510/2282 2061/2504/2276 2133/2488/2260
f 2132/2573/2337 2134/2574/2338 2135/2462/2234 2130/2575/2336
f 2132/2573/2337 2133/2488/2260 2046/2485/2257 2134/2574/2338
f 2031/2470/2242 2025/2463/2235 2135/2462/2234 2134/2574/2338
f 2031/2470/2242 2134/2574/2338 2046/2485/2257 2043/2471/2243
f 2016/2450/2222 2130/2575/2336 2135/2462/2234 2020/2451/2225
f 1007/1332/1141 2137/1340/1149 2056/2498/2270 2136/1334/1143
f 2138/2576/2339 2054/2495/2267 2056/2498/2270 2137/1340/1149
f 2138/2576/2339 2137/1340/1149 1011/1339/1148 2140/1348/1154
f 2138/2576/2339 2139/2577/2340 2146/2496/2268 2054/2495/2267
f 2138/2576/2339 2140/1348/1154 2141/2578/2341 2139/2577/2340
f 1015/1347/1153 1046/1383/1187 2141/2578/2341 2140/1348/1154
f 2143/1386/1189 2142/2579/2342 2141/2578/2341 1046/1383/1187
f 2144/2580/2343 2139/2577/2340 2141/2578/2341 2142/2579/2342
f 2143/1386/1189 2193/2315/2093 1884/2314/2092 2142/2579/2342
f 2144/2580/2343 2142/2579/2342 1884/2314/2092 1886/2316/2094
f 2144/2580/2343 2145/2581/2344 2146/2496/2268 2139/2577/2340
f 2144/2580/2343 1886/2316/2094 1889/2318/2096 2145/2581/2344
f 2147/2582/2345 2053/2494/2266 2146/2496/2268 2145/2581/2344
f 2147/2582/2345 2145/2581/2344 1889/2318/2096 2148/2322/2100
f 2147/2582/2345 2149/2583/2346 2051/2492/2264 2053/2494/2266
f 2147/2582/2345 2148/2322/2100 2150/2584/2347 2149/2583/2346
f 2151/2585/2348 2149/2583/2346 2150/2584/2347 2152/2586/2349
f 2151/2585/2348 2154/2493/2265 2051/2492/2264 2149/2583/2346
f 2151/2585/2348 2152/2586/2349 2190/2587/2350 2153/2588/2351
f 2151/2585/2348 2153/2588/2351 2155/2589/2352 2154/2493/2265
f 2050/2489/2261 2154/2493/2265 2155/2589/2352 2157/2590/2353
f 2159/2591/2354 2156/2592/2355 2155/2589/2352 2153/2588/2351
f 2158/2593/2356 2157/2590/2353 2155/2589/2352 2156/2592/2355
f 2158/2593/2356 2038/2478/2250 2040/2480/2252 2157/2590/2353
f 2050/2489/2261 2157/2590/2353 2040/2480/2252 2042/2482/2254
f 2158/2593/2356 2156/2592/2355 2160/2479/2251 2038/2478/2250
f 2159/2591/2354 2161/2594/2357 2160/2479/2251 2156/2592/2355
f 2163/2595/2358 2037/2476/2248 2160/2479/2251 2161/2594/2357
f 2159/2591/2354 2191/2596/2359 2162/2597/2360 2161/2594/2357
f 2163/2595/2358 2161/2594/2357 2162/2597/2360 2164/2598/2361
f 2163/2595/2358 2164/2598/2361 2166/2599/2362 2165/2600/2363
f 2163/2595/2358 2165/2600/2363 2035/2474/2246 2037/2476/2248
f 2027/2465/2237 2165/2600/2363 2166/2599/2362 2167/2466/2238
f 2027/2465/2237 2029/2467/2239 2035/2474/2246 2165/2600/2363
f 2169/2601/2364 2167/2466/2238 2166/2599/2362 2168/2602/2365
f 2170/2603/2366 2168/2602/2365 2166/2599/2362 2164/2598/2361
f 2169/2601/2364 2168/2602/2365 2171/2604/2367 2172/2461/2233
f 2170/2603/2366 2173/2605/2368 2171/2604/2367 2168/2602/2365
f 2023/2456/2228 2172/2461/2233 2171/2604/2367 2174/2606/2369
f 2175/2607/2370 2174/2606/2369 2171/2604/2367 2173/2605/2368
f 2175/2607/2370 2178/2608/2371 2176/2609/2372 2174/2606/2369
f 2023/2456/2228 2174/2606/2369 2176/2609/2372 2019/2455/2227
f 2180/2610/2373 2177/2611/2374 2176/2609/2372 2178/2608/2371
f 2017/2454/2224 2019/2455/2227 2176/2609/2372 2177/2611/2374
f 2175/2607/2370 2185/2612/2375 2179/2613/2376 2178/2608/2371
f 2180/2610/2373 2178/2608/2371 2179/2613/2376 2182/2326/2104
f 2180/2610/2373 2181/2614/2377 2183/2441/2217 2177/2611/2374
f 2180/2610/2373 2182/2326/2104 1893/2325/2103 2181/2614/2377
f 1888/2320/2098 2182/2326/2104 2179/2613/2376 2184/2615/2378
f 2003/2430/2208 2005/2431/2209 2183/2441/2217 2181/2614/2377
f 2003/2430/2208 2181/2614/2377 1893/2325/2103 1895/2327/2105
f 2017/2454/2224 2177/2611/2374 2183/2441/2217 2010/2440/2216
f 2187/2616/2379 2184/2615/2378 2179/2613/2376 2185/2612/2375
f 2175/2607/2370 2173/2605/2368 2186/2617/2380 2185/2612/2375
f 2187/2616/2379 2185/2612/2375 2186/2617/2380 2188/2618/2381
f 2187/2616/2379 2188/2618/2381 2190/2587/2350 2152/2586/2349
f 2187/2616/2379 2152/2586/2349 2150/2584/2347 2184/2615/2378
f 2189/2619/2382 2191/2596/2359 2190/2587/2350 2188/2618/2381
f 2189/2619/2382 2188/2618/2381 2186/2617/2380 2192/2620/2383
f 2159/2591/2354 2153/2588/2351 2190/2587/2350 2191/2596/2359
f 2189/2619/2382 2192/2620/2383 2162/2597/2360 2191/2596/2359
f 2170/2603/2366 2164/2598/2361 2162/2597/2360 2192/2620/2383
f 2170/2603/2366 2192/2620/2383 2186/2617/2380 2173/2605/2368
f 1888/2320/2098 2184/2615/2378 2150/2584/2347 2148/2322/2100
f 2169/2601/2364 2172/2461/2233 2022/2460/2232 2167/2466/2238
f 2143/1386/1189 1045/1387/1190 2194/2005/1783 2193/2315/2093
f 1598/2012/1790 2193/2315/2093 2194/2005/1783 1591/2004/1782
f 1048/1388/1191 1587/2000/1778 2194/2005/1783 1045/1387/1190
f 1897/2331/2109 1900/2332/2110 1991/2339/2117 1993/2418/2196
f 990/1309/1122 1982/2407/2185 1979/1295/1108 977/1294/1107
f 1741/2167/1945 2195/2168/1946 1924/2357/2135 2196/2621/2384
f 2198/2622/2385 2196/2621/2384 1924/2357/2135 1919/2356/2134
f 2198/2622/2385 2199/2623/2386 2197/2624/2387 2196/2621/2384
f 1741/2167/1945 2196/2621/2384 2197/2624/2387 1743/2169/1947
f 2198/2622/2385 2200/2625/2388 2203/2626/2389 2199/2623/2386
f 2198/2622/2385 1919/2356/2134 2201/2359/2137 2200/2625/2388
f 2202/2627/2390 2200/2625/2388 2201/2359/2137 2252/2628/2391
f 2202/2627/2390 2204/2629/2392 2203/2626/2389 2200/2625/2388
f 2206/2630/2393 2205/2631/2394 2203/2626/2389 2204/2629/2392
f 2207/2632/2395 2199/2623/2386 2203/2626/2389 2205/2631/2394
f 2206/2630/2393 1777/2196/1974 1774/2193/1971 2205/2631/2394
f 2207/2632/2395 2205/2631/2394 1774/2193/1971 1771/2191/1969
f 2207/2632/2395 2208/2187/1965 2197/2624/2387 2199/2623/2386
f 2207/2632/2395 1771/2191/1969 1767/2188/1966 2208/2187/1965
f 1745/2172/1950 1743/2169/1947 2197/2624/2387 2208/2187/1965
f 2206/2630/2393 2204/2629/2392 2211/2633/2396 2209/2634/2397
f 2206/2630/2393 2209/2634/2397 2212/2199/1977 1777/2196/1974
f 2210/2635/2398 2213/2636/2399 2212/2199/1977 2209/2634/2397
f 2210/2635/2398 2209/2634/2397 2211/2633/2396 2248/2637/2400
f 1784/2203/1981 1776/2197/1975 2212/2199/1977 2213/2636/2399
f 1784/2203/1981 2213/2636/2399 2214/2638/2401 2217/2204/1982
f 2210/2635/2398 2215/2639/2402 2214/2638/2401 2213/2636/2399
f 2227/2640/2403 2216/2641/2404 2214/2638/2401 2215/2639/2402
f 2218/2642/2405 2217/2204/1982 2214/2638/2401 2216/2641/2404
f 2218/2642/2405 2219/2211/1989 1783/2205/1983 2217/2204/1982
f 2218/2642/2405 2220/2643/2406 2221/2644/2407 2219/2211/1989
f 2218/2642/2405 2216/2641/2404 2223/2645/2408 2220/2643/2406
f 2222/2646/2409 2313/2647/2410 2221/2644/2407 2220/2643/2406
f 2222/2646/2409 2220/2643/2406 2223/2645/2408 2224/2648/2411
f 2227/2640/2403 2225/2649/2412 2223/2645/2408 2216/2641/2404
f 2228/2650/2413 2224/2648/2411 2223/2645/2408 2225/2649/2412
f 2227/2640/2403 2250/2651/2414 2226/2652/2415 2225/2649/2412
f 2228/2650/2413 2225/2649/2412 2226/2652/2415 2229/2653/2416
f 2228/2650/2413 2229/2653/2416 2230/2654/2417 2224/2648/2411
f 2231/2655/2418 2232/2656/2419 2230/2654/2417 2229/2653/2416
f 2231/2655/2418 2229/2653/2416 2226/2652/2415 2234/2657/2420
f 2231/2655/2418 2233/2658/2421 2291/2659/2422 2232/2656/2419
f 2231/2655/2418 2234/2657/2420 2236/2660/2423 2233/2658/2421
f 2235/2661/2424 2234/2657/2420 2226/2652/2415 2250/2651/2414
f 2235/2661/2424 2238/2662/2425 2236/2660/2423 2234/2657/2420
f 2290/2663/2426 2233/2658/2421 2236/2660/2423 2237/2664/2427
f 2239/2665/2428 2237/2664/2427 2236/2660/2423 2238/2662/2425
f 2239/2665/2428 2238/2662/2425 2240/2666/2429 2242/2667/2430
f 2235/2661/2424 2241/2668/2431 2240/2666/2429 2238/2662/2425
f 2246/2669/2432 2243/2670/2433 2240/2666/2429 2241/2668/2431
f 2244/2671/2434 2242/2667/2430 2240/2666/2429 2243/2670/2433
f 2244/2671/2434 2243/2670/2433 2245/2672/2435 2251/2673/2436
f 2246/2669/2432 2247/2674/2437 2245/2672/2435 2243/2670/2433
f 2246/2669/2432 2248/2637/2400 2211/2633/2396 2247/2674/2437
f 2246/2669/2432 2241/2668/2431 2249/2675/2438 2248/2637/2400
f 2210/2635/2398 2248/2637/2400 2249/2675/2438 2215/2639/2402
f 2227/2640/2403 2215/2639/2402 2249/2675/2438 2250/2651/2414
f 2235/2661/2424 2250/2651/2414 2249/2675/2438 2241/2668/2431
f 2202/2627/2390 2247/2674/2437 2211/2633/2396 2204/2629/2392
f 2202/2627/2390 2252/2628/2391 2245/2672/2435 2247/2674/2437
f 2253/2676/2439 2251/2673/2436 2245/2672/2435 2252/2628/2391
f 2253/2676/2439 2252/2628/2391 2201/2359/2137 1920/2355/2133
f 2253/2676/2439 1920/2355/2133 1917/2354/2132 2254/2677/2440
f 2253/2676/2439 2254/2677/2440 2255/2678/2441 2251/2673/2436
f 2256/2679/2442 2259/2680/2443 2255/2678/2441 2254/2677/2440
f 2256/2679/2442 2254/2677/2440 1917/2354/2132 2258/2353/2131
f 2256/2679/2442 2257/2681/2444 2261/2682/2445 2259/2680/2443
f 2256/2679/2442 2258/2353/2131 2272/2683/2446 2257/2681/2444
f 2260/2684/2447 2288/2685/2448 2255/2678/2441 2259/2680/2443
f 2260/2684/2447 2259/2680/2443 2261/2682/2445 2262/2686/2449
f 2265/2687/2450 2263/2688/2451 2261/2682/2445 2257/2681/2444
f 2264/2689/2452 2262/2686/2449 2261/2682/2445 2263/2688/2451
f 2264/2689/2452 2263/2688/2451 2266/2690/2453 2267/2296/2074
f 2265/2687/2450 2268/2691/2454 2266/2690/2453 2263/2688/2451
f 1864/2294/2072 2267/2296/2074 2266/2690/2453 1872/2301/2079
f 1874/2303/2081 1872/2301/2079 2266/2690/2453 2268/2691/2454
f 2265/2687/2450 2270/2692/2455 2269/2693/2456 2268/2691/2454
f 1874/2303/2081 2268/2691/2454 2269/2693/2456 1877/2304/2082
f 1907/2341/2119 2271/2342/2120 2269/2693/2456 2270/2692/2455
f 1879/2306/2084 1877/2304/2082 2269/2693/2456 2271/2342/2120
f 1879/2306/2084 2271/2342/2120 1902/2336/2114 1881/2308/2086
f 2265/2687/2450 2257/2681/2444 2272/2683/2446 2270/2692/2455
f 1907/2341/2119 2270/2692/2455 2272/2683/2446 1909/2343/2121
f 1912/2346/2124 1909/2343/2121 2272/2683/2446 2258/2353/2131
f 2264/2689/2452 2267/2296/2074 1865/2291/2069 2273/2694/2457
f 2264/2689/2452 2273/2694/2457 2274/2695/2458 2262/2686/2449
f 2275/2696/2459 2276/2697/2460 2274/2695/2458 2273/2694/2457
f 2275/2696/2459 2273/2694/2457 1865/2291/2069 1862/2290/2068
f 2275/2696/2459 2277/2698/2461 2279/2699/2462 2276/2697/2460
f 2275/2696/2459 1862/2290/2068 1859/2289/2067 2277/2698/2461
f 2278/2700/2463 2277/2698/2461 1859/2289/2067 2310/2288/2066
f 2278/2700/2463 2280/2701/2464 2279/2699/2462 2277/2698/2461
f 2282/2702/2465 2281/2703/2466 2279/2699/2462 2280/2701/2464
f 2284/2704/2467 2276/2697/2460 2279/2699/2462 2281/2703/2466
f 2282/2702/2465 2289/2705/2468 2283/2706/2469 2281/2703/2466
f 2284/2704/2467 2281/2703/2466 2283/2706/2469 2286/2707/2470
f 2284/2704/2467 2285/2708/2471 2274/2695/2458 2276/2697/2460
f 2284/2704/2467 2286/2707/2470 2287/2709/2472 2285/2708/2471
f 2239/2665/2428 2242/2667/2430 2287/2709/2472 2286/2707/2470
f 2239/2665/2428 2286/2707/2470 2283/2706/2469 2237/2664/2427
f 2260/2684/2447 2285/2708/2471 2287/2709/2472 2288/2685/2448
f 2244/2671/2434 2288/2685/2448 2287/2709/2472 2242/2667/2430
f 2244/2671/2434 2251/2673/2436 2255/2678/2441 2288/2685/2448
f 2260/2684/2447 2262/2686/2449 2274/2695/2458 2285/2708/2471
f 2290/2663/2426 2237/2664/2427 2283/2706/2469 2289/2705/2468
f 2290/2663/2426 2289/2705/2468 2291/2659/2422 2233/2658/2421
f 2282/2702/2465 2292/2710/2473 2291/2659/2422 2289/2705/2468
f 2294/2711/2474 2232/2656/2419 2291/2659/2422 2292/2710/2473
f 2282/2702/2465 2280/2701/2464 2293/2712/2475 2292/2710/2473
f 2294/2711/2474 2292/2710/2473 2293/2712/2475 2296/2713/2476
f 2294/2711/2474 2295/2714/2477 2230/2654/2417 2232/2656/2419
f 2294/2711/2474 2296/2713/2476 2297/2715/2478 2295/2714/2477
f 2298/2716/2479 2299/2717/2480 2297/2715/2478 2296/2713/2476
f 2298/2716/2479 2296/2713/2476 2293/2712/2475 2300/2718/2481
f 2298/2716/2479 2301/2719/2482 2302/2720/2483 2299/2717/2480
f 2298/2716/2479 2300/2718/2481 2303/2721/2484 2301/2719/2482
f 2304/2722/2485 2307/2225/2003 2302/2720/2483 2301/2719/2482
f 2304/2722/2485 2301/2719/2482 2303/2721/2484 2305/2723/2486
f 2304/2722/2485 2305/2723/2486 2308/2724/2487 2306/2725/2488
f 2304/2722/2485 2306/2725/2488 1802/2226/2004 2307/2225/2003
f 1798/2219/1997 2311/2220/1998 2302/2720/2483 2307/2225/2003
f 2309/2273/2051 2306/2725/2488 2308/2724/2487 1846/2274/2052
f 2309/2273/2051 1804/2227/2005 1802/2226/2004 2306/2725/2488
f 2309/2273/2051 1847/2270/2048 1806/2230/2008 1804/2227/2005
f 1849/2275/2053 1846/2274/2052 2308/2724/2487 1856/2282/2060
f 1860/2285/2063 1856/2282/2060 2308/2724/2487 2305/2723/2486
f 1860/2285/2063 2305/2723/2486 2303/2721/2484 2310/2288/2066
f 2278/2700/2463 2310/2288/2066 2303/2721/2484 2300/2718/2481
f 2312/2726/2489 2299/2717/2480 2302/2720/2483 2311/2220/1998
f 2312/2726/2489 2311/2220/1998 1797/2218/1996 2314/2727/2490
f 2312/2726/2489 2313/2647/2410 2297/2715/2478 2299/2717/2480
f 2312/2726/2489 2314/2727/2490 2221/2644/2407 2313/2647/2410
f 1788/2209/1987 2219/2211/1989 2221/2644/2407 2314/2727/2490
f 1788/2209/1987 2314/2727/2490 1797/2218/1996 1790/2210/1988
f 2222/2646/2409 2295/2714/2477 2297/2715/2478 2313/2647/2410
f 2278/2700/2463 2300/2718/2481 2293/2712/2475 2280/2701/2464
f 2222/2646/2409 2224/2648/2411 2230/2654/2417 2295/2714/2477
f 1875/2016/1794 1601/2017/1795 2315/2023/1801 1871/2300/2078
f 1869/2298/2076 1871/2300/2078 2315/2023/1801 2316/2728/2491
f 2317/2028/1806 2316/2728/2491 2315/2023/1801 1605/2022/1800
f 2317/2028/1806 2319/2729/2492 2318/2730/2493 2316/2728/2491
f 1869/2298/2076 2316/2728/2491 2318/2730/2493 2321/2731/2494
f 2344/2732/2495 2320/2733/2496 2318/2730/2493 2319/2729/2492
f 2322/2734/2497 2321/2731/2494 2318/2730/2493 2320/2733/2496
f 2322/2734/2497 2324/2735/2498 2323/2736/2499 2321/2731/2494
f 1869/2298/2076 2321/2731/2494 2323/2736/2499 1867/2297/2075
f 2325/2279/2057 1852/2280/2058 2323/2736/2499 2324/2735/2498
f 1854/2281/2059 1867/2297/2075 2323/2736/2499 1852/2280/2058
f 2325/2279/2057 2324/2735/2498 2326/2737/2500 2329/2738/2501
f 2322/2734/2497 2328/2739/2502 2326/2737/2500 2324/2735/2498
f 2330/2740/2503 2329/2738/2501 2326/2737/2500 2327/2741/2504
f 2346/2742/2505 2327/2741/2504 2326/2737/2500 2328/2739/2502
f 2330/2740/2503 2332/2743/2506 2331/2744/2507 2329/2738/2501
f 2325/2279/2057 2329/2738/2501 2331/2744/2507 1851/2278/2056
f 1844/2269/2047 1851/2278/2056 2331/2744/2507 1842/2268/2046
f 2333/2267/2045 1842/2268/2046 2331/2744/2507 2332/2743/2506
f 2330/2740/2503 2336/2745/2508 2334/2746/2509 2332/2743/2506
f 2333/2267/2045 2332/2743/2506 2334/2746/2509 1841/2266/2044
f 1836/2260/2038 1841/2266/2044 2334/2746/2509 2335/2261/2039
f 2338/2747/2510 2335/2261/2039 2334/2746/2509 2336/2745/2508
f 2330/2740/2503 2327/2741/2504 2337/2748/2511 2336/2745/2508
f 2338/2747/2510 2336/2745/2508 2337/2748/2511 2339/2749/2512
f 2338/2747/2510 2339/2749/2512 1829/2254/2032 1831/2255/2033
f 2338/2747/2510 1831/2255/2033 1833/2257/2035 2335/2261/2039
f 2340/2750/2513 2339/2749/2512 2337/2748/2511 2341/2751/2514
f 2340/2750/2513 2342/2252/2030 1829/2254/2032 2339/2749/2512
f 2340/2750/2513 2341/2751/2514 2345/2752/2515 2343/2753/2516
f 2340/2750/2513 2343/2753/2516 1826/2249/2027 2342/2252/2030
f 2344/2732/2495 1823/2247/2025 1826/2249/2027 2343/2753/2516
f 2344/2732/2495 2343/2753/2516 2345/2752/2515 2320/2733/2496
f 2346/2742/2505 2328/2739/2502 2345/2752/2515 2341/2751/2514
f 2322/2734/2497 2320/2733/2496 2345/2752/2515 2328/2739/2502
f 2344/2732/2495 2319/2729/2492 1821/2246/2024 1823/2247/2025
f 2346/2742/2505 2341/2751/2514 2337/2748/2511 2327/2741/2504
f 2317/2028/1806 1609/2029/1807 1821/2246/2024 2319/2729/2492
f 1839/2263/2041 1810/2232/2010 1806/2230/2008 1847/2270/2048
f 1817/2222/2000 1819/2243/2021 1793/2214/1992 1795/2215/1993
f 1611/2030/1808 1614/2032/1810 1793/2214/1992 1819/2243/2021
f 1792/2034/1812 1613/2035/1813 2347/2040/1818 1786/2207/1985
f 1779/2045/1823 1781/2200/1978 2347/2040/1818 1618/2039/1817
f 1714/2137/1915 1712/2138/1916 2349/2754/2517 2348/1201/1018
f 907/1200/1017 2348/1201/1018 2349/2754/2517 2350/1206/1023
f 1699/2122/1900 2351/2124/1902 2349/2754/2517 1712/2138/1916
f 2352/1826/1617 2350/1206/1023 2349/2754/2517 2351/2124/1902
f 2352/1826/1617 2351/2124/1902 1700/2119/1897 1439/1827/1618
f 2352/1826/1617 1438/1216/1030 912/1207/1024 2350/1206/1023
f 1704/2127/1905 1689/2112/1890 1691/2114/1892 1697/2118/1896
f 1441/1828/1619 1439/1827/1618 1700/2119/1897 1696/1835/1624
f 1682/2102/1880 1679/2101/1879 2354/2755/2518 2353/1842/1631
f 1450/1841/1630 2353/1842/1631 2354/2755/2518 2355/1924/1703
f 1515/1922/1701 2355/1924/1703 2354/2755/2518 1523/1928/1706
f 1525/1933/1711 1523/1928/1706 2354/2755/2518 1679/2101/1879
f 1450/1841/1630 2355/1924/1703 1516/1851/1638 1452/1843/1632
f 1641/2065/1843 1639/2043/1821 1616/2037/1815 2356/2027/1805
f 1585/1392/1195 1050/1393/1196 1066/1412/1212 1582/1996/1774
f 1076/1425/1222 1582/1996/1774 1066/1412/1212 1068/1414/1213
f 2357/2756/2519 2358/2757/2520 1577/1994/1772 1579/1993/1771
f 2357/2756/2519 1579/1993/1771 1075/1427/1224 1078/1426/1223
f 2357/2756/2519 1078/1426/1223 1080/1430/1227 2358/2757/2520
f 2359/2758/2521 2358/2757/2520 1080/1430/1227 2361/1433/1230
f 2359/2758/2521 2362/1983/1761 1577/1994/1772 2358/2757/2520
f 2359/2758/2521 2360/2759/2522 1568/1980/1758 2362/1983/1761
f 2359/2758/2521 2361/1433/1230 2363/2760/2523 2360/2759/2522
f 1081/1432/1229 2365/1439/1236 2363/2760/2523 2361/1433/1230
f 2473/1974/1752 2360/2759/2522 2363/2760/2523 2364/2761/2524
f 2366/2762/2525 2364/2761/2524 2363/2760/2523 2365/1439/1236
f 2366/2762/2525 2365/1439/1236 1085/1438/1235 2367/2763/2526
f 2366/2762/2525 2367/2763/2526 2371/2764/2527 2368/2765/2528
f 2366/2762/2525 2368/2765/2528 2369/2766/2529 2364/2761/2524
f 2370/2767/2530 2382/2768/2531 2369/2766/2529 2368/2765/2528
f 2370/2767/2530 2368/2765/2528 2371/2764/2527 2373/2769/2532
f 2374/2770/2533 2373/2769/2532 2371/2764/2527 2372/2771/2534
f 2470/2772/2535 2372/2771/2534 2371/2764/2527 2367/2763/2526
f 2374/2770/2533 2377/2773/2536 2375/2774/2537 2373/2769/2532
f 2370/2767/2530 2373/2769/2532 2375/2774/2537 2378/2775/2538
f 2379/2776/2539 2378/2775/2538 2375/2774/2537 2376/2777/2540
f 2469/2778/2541 2376/2777/2540 2375/2774/2537 2377/2773/2536
f 2370/2767/2530 2378/2775/2538 2380/2779/2542 2382/2768/2531
f 2379/2776/2539 2381/2780/2543 2380/2779/2542 2378/2775/2538
f 1558/1966/1744 2382/2768/2531 2380/2779/2542 1554/1965/1743
f 1552/1962/1740 1554/1965/1743 2380/2779/2542 2381/2780/2543
f 1558/1966/1744 1561/1971/1749 2369/2766/2529 2382/2768/2531
f 1552/1962/1740 2381/2780/2543 2383/1956/1734 1545/1955/1733
f 2379/2776/2539 2384/2781/2544 2383/1956/1734 2381/2780/2543
f 1540/1950/1728 1542/1952/1730 2383/1956/1734 2384/2781/2544
f 2379/2776/2539 2376/2777/2540 2385/2782/2545 2384/2781/2544
f 1540/1950/1728 2384/2781/2544 2385/2782/2545 2387/1951/1729
f 2388/2783/2546 2387/1951/1729 2385/2782/2545 2386/2784/2547
f 2469/2778/2541 2386/2784/2547 2385/2782/2545 2376/2777/2540
f 2388/2783/2546 2389/2785/2548 1539/1948/1726 2387/1951/1729
f 2388/2783/2546 2386/2784/2547 2391/2786/2549 2390/2787/2550
f 2388/2783/2546 2390/2787/2550 2393/1902/1684 2389/2785/2548
f 2392/2788/2551 2390/2787/2550 2391/2786/2549 2394/2789/2552
f 2392/2788/2551 1495/1898/1681 2393/1902/1684 2390/2787/2550
f 2472/2790/1688 2389/2785/2548 2393/1902/1684 1496/1901/1683
f 2392/2788/2551 2394/2789/2552 2396/2791/2553 2395/2792/2554
f 2392/2788/2551 2395/2792/2554 1493/1895/1679 1495/1898/1681
f 2397/2793/1673 2395/2792/2554 2396/2791/2553 2398/2794/2555
f 2397/2793/1673 1488/1896/1674 1493/1895/1679 2395/2792/2554
f 2397/1887/1673 2398/2795/2555 2400/1882/1668 1484/1881/1667
f 2399/2796/2556 2401/2797/2557 2400/1882/1668 2398/2795/2555
f 2399/2798/2556 2398/2794/2555 2396/2791/2553 2463/2799/2558
f 2402/1876/1662 1479/1877/1663 2400/1882/1668 2401/2797/2557
f 2399/2796/2556 2405/2800/2559 2403/2801/2560 2401/2797/2557
f 2402/1876/1662 2401/2797/2557 2403/2801/2560 2406/2802/2561
f 2407/2803/2562 2406/2802/2561 2403/2801/2560 2404/2804/2563
f 2461/2805/2564 2404/2804/2563 2403/2801/2560 2405/2800/2559
f 2402/1876/1662 2406/2802/2561 2408/2806/2565 1480/1874/1660
f 2407/2803/2562 2409/2807/2566 2408/2806/2565 2406/2802/2561
f 2411/2808/2567 2410/2809/2568 2408/2806/2565 2409/2807/2566
f 1477/1872/1658 1480/1874/1660 2408/2806/2565 2410/2809/2568
f 2411/2808/2567 2413/2810/2569 2412/2811/2570 2410/2809/2568
f 1477/1872/1658 2410/2809/2568 2412/2811/2570 1474/1871/1657
f 2416/1870/1656 1474/1871/1657 2412/2811/2570 2414/2812/2571
f 2417/2813/2572 2414/2812/2571 2412/2811/2570 2413/2810/2569
f 2417/2813/2572 2418/2814/2573 2415/2815/2574 2414/2812/2571
f 2416/1870/1656 2414/2812/2571 2415/2815/2574 2435/2816/2575
f 2417/2813/2572 2419/2817/2576 2422/2818/2577 2418/2814/2573
f 2417/2813/2572 2413/2810/2569 2421/2819/2578 2419/2817/2576
f 2420/1484/1277 1124/1485/1278 2422/2818/2577 2419/2817/2576
f 2420/1484/1277 2419/2817/2576 2421/2819/2578 2437/2820/2579
f 2424/2821/2580 2418/2814/2573 2422/2818/2577 2423/1642/1435
f 1126/1486/1279 2423/1642/1435 2422/2818/2577 1124/1485/1278
f 2424/2821/2580 2423/1642/1435 1268/1641/1434 2425/1647/1440
f 2424/2821/2580 2425/1647/1440 2428/2822/2581 2426/2823/2582
f 2424/2821/2580 2426/2823/2582 2415/2815/2574 2418/2814/2573
f 2427/2824/2583 2435/2816/2575 2415/2815/2574 2426/2823/2582
f 2427/2824/2583 2426/2823/2582 2428/2822/2581 2429/2825/2584
f 1272/1646/1439 1278/1654/1447 2428/2822/2581 2425/1647/1440
f 2431/1655/1448 2429/2825/2584 2428/2822/2581 1278/1654/1447
f 2427/2824/2583 2429/2825/2584 2430/2826/2585 2432/2827/2586
f 2431/1655/1448 1406/1788/1581 2430/2826/2585 2429/2825/2584
f 2433/1798/1591 2432/2827/2586 2430/2826/2585 1415/1797/1590
f 1408/1789/1582 1415/1797/1590 2430/2826/2585 1406/1788/1581
f 2427/2824/2583 2432/2827/2586 2434/2828/2587 2435/2816/2575
f 2433/1798/1591 2436/1862/1648 2434/2828/2587 2432/2827/2586
f 2416/1870/1656 2435/2816/2575 2434/2828/2587 1475/1869/1655
f 1467/1861/1647 1475/1869/1655 2434/2828/2587 2436/1862/1648
f 2433/1798/1591 1416/1799/1592 1468/1805/1598 2436/1862/1648
f 2411/2808/2567 2438/2829/2588 2421/2819/2578 2413/2810/2569
f 2439/2830/2589 2437/2820/2579 2421/2819/2578 2438/2829/2588
f 2439/2830/2589 2438/2829/2588 2440/2831/2590 2441/2832/2591
f 2411/2808/2567 2409/2807/2566 2440/2831/2590 2438/2829/2588
f 2443/2833/2592 2441/2832/2591 2440/2831/2590 2442/2834/2593
f 2407/2803/2562 2442/2834/2593 2440/2831/2590 2409/2807/2566
f 2443/2833/2592 2442/2834/2593 2444/2835/2594 2446/2836/2595
f 2407/2803/2562 2404/2804/2563 2444/2835/2594 2442/2834/2593
f 2461/2805/2564 2445/2837/2596 2444/2835/2594 2404/2804/2563
f 2447/2838/2597 2446/2836/2595 2444/2835/2594 2445/2837/2596
f 2443/2833/2592 2446/2836/2595 2448/2839/2598 2449/2840/2599
f 2447/2838/2597 2450/2841/2600 2448/2839/2598 2446/2836/2595
f 1106/1460/1253 2449/2840/2599 2448/2839/2598 1102/1459/1252
f 1100/1458/1249 1102/1459/1252 2448/2839/2598 2450/2841/2600
f 1100/1453/1249 2450/2842/2600 2451/2843/2601 1097/1450/1246
f 2447/2844/2597 2452/2845/2602 2451/2843/2601 2450/2842/2600
f 1090/1443/1240 1097/1450/1246 2451/2843/2601 2453/1444/1241
f 2454/2846/2603 2453/1444/1241 2451/2843/2601 2452/2845/2602
f 2454/2846/2603 2455/2847/2604 1089/1441/1238 2453/1444/1241
f 2454/2846/2603 2456/2848/2605 2457/2849/2606 2455/2847/2604
f 2454/2846/2603 2452/2845/2602 2459/2850/2607 2456/2848/2605
f 2458/2851/2608 2468/2852/2609 2457/2849/2606 2456/2848/2605
f 2458/2851/2608 2456/2848/2605 2459/2850/2607 2460/2853/2610
f 2447/2844/2597 2445/2854/2596 2459/2850/2607 2452/2845/2602
f 2461/2855/2564 2460/2853/2610 2459/2850/2607 2445/2854/2596
f 2461/2855/2564 2405/2856/2559 2462/2857/2611 2460/2853/2610
f 2458/2851/2608 2460/2853/2610 2462/2857/2611 2464/2858/2612
f 2465/2859/2613 2464/2858/2612 2462/2857/2611 2463/2799/2558
f 2399/2798/2556 2463/2799/2558 2462/2857/2611 2405/2856/2559
f 2465/2859/2613 2467/2860/2614 2466/2861/2615 2464/2858/2612
f 2458/2851/2608 2464/2858/2612 2466/2861/2615 2468/2852/2609
f 2469/2778/2541 2377/2773/2536 2466/2861/2615 2467/2860/2614
f 2374/2770/2533 2468/2852/2609 2466/2861/2615 2377/2773/2536
f 2374/2770/2533 2372/2771/2534 2457/2849/2606 2468/2852/2609
f 2465/2859/2613 2394/2789/2552 2391/2786/2549 2467/2860/2614
f 2469/2778/2541 2467/2860/2614 2391/2786/2549 2386/2784/2547
f 2465/2859/2613 2463/2799/2558 2396/2791/2553 2394/2789/2552
f 2470/2772/2535 2455/2847/2604 2457/2849/2606 2372/2771/2534
f 2470/2772/2535 1087/1437/1234 1089/1441/1238 2455/2847/2604
f 2470/2772/2535 2367/2763/2526 1085/1438/1235 1087/1437/1234
f 1106/1460/1253 1109/1465/1258 2471/1473/1266 2449/2840/2599
f 2443/2833/2592 2449/2840/2599 2471/1473/1266 2441/2832/2591
f 2439/2830/2589 2441/2832/2591 2471/1473/1266 1114/1472/1265
f 2439/2830/2589 1114/1472/1265 1116/1474/1267 2437/2820/2579
f 2420/1484/1277 2437/2820/2579 1116/1474/1267 1118/1476/1269
f 2472/2790/1688 1537/1946/1724 1539/1948/1726 2389/2785/2548
f 2472/2790/1688 1500/2862/1689 1535/1945/1723 1537/1946/1724
f 2473/1974/1752 2364/2761/2524 2369/2766/2529 1561/1971/1749
f 2473/1974/1752 1560/1973/1751 1568/1980/1758 2360/2759/2522
f 1502/1925/1690 1518/1926/1704 1535/1945/1723 1500/2862/1689
f 1404/1785/1578 1402/1235/1048 930/1231/1044 1411/1790/1583
f 2474/1227/1040 1411/1790/1583 930/1231/1044 923/1226/1039
f 943/1251/1064 941/1248/1061 1383/1774/1567 1381/1773/1566
f 943/1251/1064 1381/1773/1566 2475/1775/1568 947/1252/1065
f 958/1257/1070 947/1252/1065 2475/1775/1568 2476/1269/1082
f 2477/1769/1562 2476/1269/1082 2475/1775/1568 1376/1768/1561
f 2477/1769/1562 966/1277/1090 959/1270/1083 2476/1269/1082
f 2477/1769/1562 1377/1764/1557 968/1280/1093 966/1277/1090
f 1370/1758/1551 2478/1282/1095 968/1280/1093 1377/1764/1557
f 1370/1758/1551 2479/2863/2616 2545/2864/2617 2478/1282/1095
f 1370/1758/1551 2480/1759/1552 2482/2865/2618 2479/2863/2616
f 2481/2866/2619 2480/1759/1552 1366/1753/1546 2663/1752/1545
f 2481/2866/2619 2483/2867/2620 2482/2865/2618 2480/1759/1552
f 2487/2868/2621 2484/2869/2622 2482/2865/2618 2483/2867/2620
f 2486/2870/2623 2479/2863/2616 2482/2865/2618 2484/2869/2622
f 2487/2868/2621 2489/2871/2624 2485/2872/2625 2484/2869/2622
f 2486/2870/2623 2484/2869/2622 2485/2872/2625 2543/2873/2626
f 2487/2868/2621 2488/2874/2627 2490/2875/2628 2489/2871/2624
f 2487/2868/2621 2483/2867/2620 2665/2876/2629 2488/2874/2627
f 2491/2877/2630 2489/2871/2624 2490/2875/2628 2492/2878/2631
f 2491/2877/2630 2493/2879/2632 2485/2872/2625 2489/2871/2624
f 2491/2877/2630 2492/2878/2631 2497/2880/2633 2494/2881/2634
f 2491/2877/2630 2494/2881/2634 2495/2882/2635 2493/2879/2632
f 2496/2883/2636 2507/2884/2637 2495/2882/2635 2494/2881/2634
f 2496/2883/2636 2494/2881/2634 2497/2880/2633 2499/2885/2638
f 2500/2886/2639 2499/2885/2638 2497/2880/2633 2498/2887/2640
f 2630/2888/2641 2498/2887/2640 2497/2880/2633 2492/2878/2631
f 2496/2883/2636 2499/2885/2638 2501/2889/2642 2504/2890/2643
f 2500/2886/2639 2502/2891/2644 2501/2889/2642 2499/2885/2638
f 2772/2892/2645 2503/2893/2646 2501/2889/2642 2502/2891/2644
f 2505/2894/2647 2504/2890/2643 2501/2889/2642 2503/2893/2646
f 2496/2883/2636 2504/2890/2643 2506/2895/2648 2507/2884/2637
f 2505/2894/2647 2509/2896/2649 2506/2895/2648 2504/2890/2643
f 2550/2897/2650 2507/2884/2637 2506/2895/2648 2508/2898/2651
f 2510/2899/2652 2508/2898/2651 2506/2895/2648 2509/2896/2649
f 2510/2899/2652 2509/2896/2649 2511/2900/2653 2513/2901/2654
f 2505/2894/2647 2514/2902/2655 2511/2900/2653 2509/2896/2649
f 2525/2903/2656 2513/2901/2654 2511/2900/2653 2512/2904/2657
f 2516/2905/2658 2512/2904/2657 2511/2900/2653 2514/2902/2655
f 2505/2894/2647 2503/2893/2646 2515/2906/2659 2514/2902/2655
f 2516/2905/2658 2514/2902/2655 2515/2906/2659 2517/2907/2660
f 2516/2905/2658 2517/2907/2660 2519/2908/2661 2518/2909/2662
f 2516/2905/2658 2518/2909/2662 2521/2910/2663 2512/2904/2657
f 2520/2911/2664 2518/2909/2662 2519/2908/2661 2764/2912/2665
f 2520/2911/2664 2522/2913/2666 2521/2910/2663 2518/2909/2662
f 2524/2914/2667 2523/2915/2668 2521/2910/2663 2522/2913/2666
f 2525/2903/2656 2512/2904/2657 2521/2910/2663 2523/2915/2668
f 2524/2914/2667 2528/2916/2669 2526/2917/2670 2523/2915/2668
f 2525/2903/2656 2523/2915/2668 2526/2917/2670 2527/2918/2671
f 2531/2919/2672 2527/2918/2671 2526/2917/2670 2529/2920/2673
f 2530/2921/2674 2529/2920/2673 2526/2917/2670 2528/2916/2669
f 2530/2921/2674 2533/2922/2675 2532/2923/2676 2529/2920/2673
f 2531/2919/2672 2529/2920/2673 2532/2923/2676 2534/2924/2677
f 2536/2925/2678 2535/2926/2679 2532/2923/2676 2533/2922/2675
f 2538/2927/2680 2534/2924/2677 2532/2923/2676 2535/2926/2679
f 2536/2925/2678 2555/2928/2681 2537/2929/2682 2535/2926/2679
f 2538/2927/2680 2535/2926/2679 2537/2929/2682 2540/2930/2683
f 2538/2927/2680 2539/2931/2684 2549/2932/2685 2534/2924/2677
f 2538/2927/2680 2540/2930/2683 2542/2933/2686 2539/2931/2684
f 2541/2934/2687 2540/2930/2683 2537/2929/2682 2553/2935/2688
f 2541/2934/2687 2544/2936/2689 2542/2933/2686 2540/2930/2683
f 2547/2937/2690 2539/2931/2684 2542/2933/2686 2543/2873/2626
f 2486/2870/2623 2543/2873/2626 2542/2933/2686 2544/2936/2689
f 2541/2934/2687 2546/1287/1100 2545/2864/2617 2544/2936/2689
f 2486/2870/2623 2544/2936/2689 2545/2864/2617 2479/2863/2616
f 969/1281/1094 2478/1282/1095 2545/2864/2617 2546/1287/1100
f 2541/2934/2687 2553/2935/2688 973/1288/1101 2546/1287/1100
f 2547/2937/2690 2543/2873/2626 2485/2872/2625 2493/2879/2632
f 2547/2937/2690 2548/2938/2691 2549/2932/2685 2539/2931/2684
f 2547/2937/2690 2493/2879/2632 2495/2882/2635 2548/2938/2691
f 2550/2897/2650 2551/2939/2692 2549/2932/2685 2548/2938/2691
f 2550/2897/2650 2548/2938/2691 2495/2882/2635 2507/2884/2637
f 2550/2897/2650 2508/2898/2651 2552/2940/2693 2551/2939/2692
f 2531/2919/2672 2551/2939/2692 2552/2940/2693 2527/2918/2671
f 2531/2919/2672 2534/2924/2677 2549/2932/2685 2551/2939/2692
f 2510/2899/2652 2513/2901/2654 2552/2940/2693 2508/2898/2651
f 2525/2903/2656 2527/2918/2671 2552/2940/2693 2513/2901/2654
f 2554/2941/2694 2553/2935/2688 2537/2929/2682 2555/2928/2681
f 2554/2941/2694 975/1289/1102 973/1288/1101 2553/2935/2688
f 2554/2941/2694 2555/2928/2681 2557/2942/2695 2556/2943/2696
f 2554/2941/2694 2556/2943/2696 979/1292/1105 975/1289/1102
f 2558/2944/2697 2556/2943/2696 2557/2942/2695 2559/2945/2698
f 2558/2944/2697 983/1298/1111 979/1292/1105 2556/2943/2696
f 2558/2944/2697 2559/2945/2698 2563/2946/2699 2560/2947/2700
f 2558/2944/2697 2560/2947/2700 2562/1302/1115 983/1298/1111
f 2561/2948/2701 2775/2949/2702 2562/1302/1115 2560/2947/2700
f 2561/2948/2701 2560/2947/2700 2563/2946/2699 2564/2950/2703
f 2567/2951/2704 2565/2952/2705 2563/2946/2699 2559/2945/2698
f 2568/2953/2706 2564/2950/2703 2563/2946/2699 2565/2952/2705
f 2567/2951/2704 2759/2954/2707 2566/2955/2708 2565/2952/2705
f 2568/2953/2706 2565/2952/2705 2566/2955/2708 2569/2956/2709
f 2568/2953/2706 2570/2957/2710 2572/2958/2711 2564/2950/2703
f 2568/2953/2706 2569/2956/2709 2571/2959/2712 2570/2957/2710
f 2573/2960/2713 2570/2957/2710 2571/2959/2712 2575/2961/2714
f 2573/2960/2713 2576/2962/2715 2572/2958/2711 2570/2957/2710
f 2573/2960/2713 2574/2963/2716 2578/2964/2717 2576/2962/2715
f 2573/2960/2713 2575/2961/2714 2699/2965/2718 2574/2963/2716
f 2577/1353/1158 2576/2962/2715 2578/2964/2717 1017/1352/1157
f 2577/1353/1158 2773/2966/2719 2572/2958/2711 2576/2962/2715
f 2580/2967/2720 2579/1360/1165 2578/2964/2717 2574/2963/2716
f 1019/1351/1156 1017/1352/1157 2578/2964/2717 2579/1360/1165
f 2580/2967/2720 2581/2968/2721 1024/1361/1166 2579/1360/1165
f 2580/2967/2720 2583/2969/2722 2585/2970/2723 2581/2968/2721
f 2580/2967/2720 2582/2971/2724 2584/2972/2725 2583/2969/2722
f 2580/2967/2720 2574/2963/2716 2699/2965/2718 2582/2971/2724
f 2586/2973/2726 2583/2969/2722 2584/2972/2725 2588/2974/2727
f 2586/2973/2726 2589/2975/2728 2585/2970/2723 2583/2969/2722
f 2586/2973/2726 2587/2976/2729 2590/2977/2730 2589/2975/2728
f 2586/2973/2726 2588/2974/2727 2735/2978/2731 2587/2976/2729
f 2591/2979/2732 2589/2975/2728 2590/2977/2730 2592/2980/2733
f 2591/2979/2732 2594/2981/2734 2585/2970/2723 2589/2975/2728
f 2591/2979/2732 2592/2980/2733 2744/2982/2735 2593/2983/2736
f 2591/2979/2732 2593/2983/2736 2595/2984/2737 2594/2981/2734
f 2596/2985/2738 2594/2981/2734 2595/2984/2737 2597/2986/2739
f 2596/2985/2738 2581/2968/2721 2585/2970/2723 2594/2981/2734
f 2596/2985/2738 1026/1362/1167 1024/1361/1166 2581/2968/2721
f 2596/2985/2738 2597/2986/2739 1028/1363/1168 1026/1362/1167
f 2598/2987/2740 2597/2986/2739 2595/2984/2737 2602/2988/2741
f 2598/2987/2740 2599/1367/1172 1028/1363/1168 2597/2986/2739
f 2598/2987/2740 2600/2989/2742 2680/2990/2743 2599/1367/1172
f 2598/2987/2740 2601/2991/2744 2625/2992/2745 2600/2989/2742
f 2598/2987/2740 2602/2988/2741 2603/2993/2746 2601/2991/2744
f 2604/2994/2747 2602/2988/2741 2595/2984/2737 2593/2983/2736
f 2604/2994/2747 2606/2995/2748 2603/2993/2746 2602/2988/2741
f 2604/2994/2747 2605/2996/2749 2607/2997/2750 2606/2995/2748
f 2604/2994/2747 2593/2983/2736 2744/2982/2735 2605/2996/2749
f 2608/2998/2751 2611/2999/2752 2603/2993/2746 2606/2995/2748
f 2608/2998/2751 2606/2995/2748 2607/2997/2750 2609/3000/2753
f 2608/2998/2751 2609/3000/2753 2746/3001/2754 2610/3002/2755
f 2608/2998/2751 2610/3002/2755 2612/3003/2756 2611/2999/2752
f 2613/3004/2757 2611/2999/2752 2612/3003/2756 2615/3005/2758
f 2613/3004/2757 2601/2991/2744 2603/2993/2746 2611/2999/2752
f 2613/3004/2757 2614/3006/2759 2625/2992/2745 2601/2991/2744
f 2613/3004/2757 2615/3005/2758 2617/3007/2760 2614/3006/2759
f 2616/3008/2761 2615/3005/2758 2612/3003/2756 2749/3009/2762
f 2616/3008/2761 2618/3010/2763 2617/3007/2760 2615/3005/2758
f 2621/3011/2764 2619/3012/2765 2617/3007/2760 2618/3010/2763
f 2622/3013/2766 2614/3006/2759 2617/3007/2760 2619/3012/2765
f 2621/3011/2764 2681/3014/2767 2620/3015/2768 2619/3012/2765
f 2622/3013/2766 2619/3012/2765 2620/3015/2768 2623/3016/2769
f 2622/3013/2766 2623/3016/2769 2627/3017/2770 2624/3018/2771
f 2622/3013/2766 2624/3018/2771 2625/2992/2745 2614/3006/2759
f 2626/3019/2772 2600/2989/2742 2625/2992/2745 2624/3018/2771
f 2626/3019/2772 2624/3018/2771 2627/3017/2770 2628/3020/2773
f 2630/2888/2641 2628/3020/2773 2627/3017/2770 2498/2887/2640
f 2500/2886/2639 2498/2887/2640 2627/3017/2770 2623/3016/2769
f 2626/3019/2772 2628/3020/2773 2629/3021/2774 2637/3022/2775
f 2630/2888/2641 2631/3023/2776 2629/3021/2774 2628/3020/2773
f 2630/2888/2641 2492/2878/2631 2490/2875/2628 2631/3023/2776
f 2632/3024/2777 2631/3023/2776 2490/2875/2628 2488/2874/2627
f 2632/3024/2777 2634/3025/2778 2629/3021/2774 2631/3023/2776
f 2632/3024/2777 2633/3026/2779 2635/3027/2780 2634/3025/2778
f 2632/3024/2777 2488/2874/2627 2665/2876/2629 2633/3026/2779
f 2636/3028/2781 2637/3022/2775 2629/3021/2774 2634/3025/2778
f 2636/3028/2781 2634/3025/2778 2635/3027/2780 2639/3029/2782
f 2636/3028/2781 2638/3030/2783 2680/2990/2743 2637/3022/2775
f 2636/3028/2781 2639/3029/2782 2641/3031/2784 2638/3030/2783
f 2640/3032/2785 2639/3029/2782 2635/3027/2780 2666/3033/2786
f 2640/3032/2785 2642/3034/2787 2641/3031/2784 2639/3029/2782
f 1029/1366/1171 2638/3030/2783 2641/3031/2784 1031/1368/1173
f 1033/1369/1174 1031/1368/1173 2641/3031/2784 2642/3034/2787
f 2640/3032/2785 2644/3035/2788 2643/3036/2789 2642/3034/2787
f 1033/1369/1174 2642/3034/2787 2643/3036/2789 1133/1496/1289
f 2647/3037/2790 2645/3038/2791 2643/3036/2789 2644/3035/2788
f 1136/1495/1288 1133/1496/1289 2643/3036/2789 2645/3038/2791
f 2647/3037/2790 2649/3039/2792 2646/3040/2793 2645/3038/2791
f 1136/1495/1288 2645/3038/2791 2646/3040/2793 1139/1499/1292
f 2647/3037/2790 2648/3041/2794 2650/3042/2795 2649/3039/2792
f 2647/3037/2790 2644/3035/2788 2667/3043/2796 2648/3041/2794
f 2651/3044/2797 2649/3039/2792 2650/3042/2795 2654/3045/2798
f 2651/3044/2797 2652/3046/2799 2646/3040/2793 2649/3039/2792
f 2651/3044/2797 2653/1597/1390 1226/1594/1387 2652/3046/2799
f 2651/3044/2797 2654/3045/2798 2655/3047/2800 2653/1597/1390
f 2656/1741/1534 1356/1737/1530 2655/3047/2800 2654/3045/2798
f 2656/1741/1534 2654/3045/2798 2650/3042/2795 2657/3048/2801
f 2656/1741/1534 2657/3048/2801 1362/1745/1538 1355/1740/1533
f 2658/3049/2802 2657/3048/2801 2650/3042/2795 2648/3041/2794
f 2658/3049/2802 2660/1747/1540 1362/1745/1538 2657/3048/2801
f 2658/3049/2802 2659/3050/2803 2661/3051/2804 2660/1747/1540
f 2658/3049/2802 2648/3041/2794 2667/3043/2796 2659/3050/2803
f 1361/1746/1539 2660/1747/1540 2661/3051/2804 2663/1752/1545
f 2664/3052/2805 2662/3053/2806 2661/3051/2804 2659/3050/2803
f 2481/2866/2619 2663/1752/1545 2661/3051/2804 2662/3053/2806
f 2664/3052/2805 2633/3026/2779 2665/2876/2629 2662/3053/2806
f 2481/2866/2619 2662/3053/2806 2665/2876/2629 2483/2867/2620
f 2664/3052/2805 2666/3033/2786 2635/3027/2780 2633/3026/2779
f 2664/3052/2805 2659/3050/2803 2667/3043/2796 2666/3033/2786
f 2640/3032/2785 2666/3033/2786 2667/3043/2796 2644/3035/2788
f 1353/1735/1528 2668/1600/1393 2655/3047/2800 1356/1737/1530
f 1227/1596/1389 2653/1597/1390 2655/3047/2800 2668/1600/1393
f 1353/1735/1528 1350/1736/1529 1230/1601/1394 2668/1600/1393
f 2669/1502/1295 1139/1499/1292 2646/3040/2793 2652/3046/2799
f 2669/1502/1295 2652/3046/2799 1226/1594/1387 1224/1593/1386
f 2669/1502/1295 2670/3054/2807 1150/1513/1306 1138/1501/1294
f 2669/1502/1295 1224/1593/1386 1221/1592/1385 2670/3054/2807
f 2671/3055/2808 2670/3054/2807 1221/1592/1385 2673/1591/1384
f 2671/3055/2808 1152/1514/1307 1150/1513/1306 2670/3054/2807
f 2671/3055/2808 2672/3056/2809 1155/1515/1308 1152/1514/1307
f 2671/3055/2808 2673/1591/1384 2674/3057/2810 2672/3056/2809
f 1222/1590/1383 2675/1567/1360 2674/3057/2810 2673/1591/1384
f 1199/1564/1357 2676/3058/2811 2674/3057/2810 2675/1567/1360
f 2677/3059/2812 2672/3056/2809 2674/3057/2810 2676/3058/2811
f 2677/3059/2812 2676/3058/2811 2678/1561/1354 2679/1520/1313
f 1199/1564/1357 1192/1559/1352 2678/1561/1354 2676/3058/2811
f 1154/1518/1311 2679/1520/1313 2678/1561/1354 1193/1557/1350
f 2677/3059/2812 2679/1520/1313 1155/1515/1308 2672/3056/2809
f 1222/1590/1383 1219/1572/1365 1200/1568/1361 2675/1567/1360
f 1029/1366/1171 2599/1367/1172 2680/2990/2743 2638/3030/2783
f 2626/3019/2772 2637/3022/2775 2680/2990/2743 2600/2989/2742
f 2500/2886/2639 2623/3016/2769 2620/3015/2768 2502/2891/2644
f 2621/3011/2764 2682/3060/2813 2683/3061/2814 2681/3014/2767
f 2621/3011/2764 2618/3010/2763 2685/3062/2815 2682/3060/2813
f 2684/3063/2816 2769/3064/2817 2683/3061/2814 2682/3060/2813
f 2684/3063/2816 2682/3060/2813 2685/3062/2815 2687/3065/2818
f 2688/3066/2819 2687/3065/2818 2685/3062/2815 2686/3067/2820
f 2616/3008/2761 2686/3067/2820 2685/3062/2815 2618/3010/2763
f 2688/3066/2819 2690/3068/2821 2689/3069/2822 2687/3065/2818
f 2684/3063/2816 2687/3065/2818 2689/3069/2822 2691/3070/2823
f 2693/3071/2824 2692/3072/2825 2689/3069/2822 2690/3068/2821
f 2694/3073/2826 2691/3070/2823 2689/3069/2822 2692/3072/2825
f 2693/3071/2824 2697/3074/2827 2695/3075/2828 2692/3072/2825
f 2694/3073/2826 2692/3072/2825 2695/3075/2828 2696/3076/2829
f 2700/3077/2830 2696/3076/2829 2695/3075/2828 2698/3078/2831
f 2701/3079/2832 2698/3078/2831 2695/3075/2828 2697/3074/2827
f 2701/3079/2832 2582/2971/2724 2699/2965/2718 2698/3078/2831
f 2700/3077/2830 2698/3078/2831 2699/2965/2718 2575/2961/2714
f 2701/3079/2832 2702/3080/2833 2584/2972/2725 2582/2971/2724
f 2701/3079/2832 2697/3074/2827 2704/3081/2834 2702/3080/2833
f 2703/3082/2835 2588/2974/2727 2584/2972/2725 2702/3080/2833
f 2703/3082/2835 2702/3080/2833 2704/3081/2834 2705/3083/2836
f 2707/3084/2837 2705/3083/2836 2704/3081/2834 2706/3085/2838
f 2693/3071/2824 2706/3085/2838 2704/3081/2834 2697/3074/2827
f 2707/3084/2837 2706/3085/2838 2708/3086/2839 2710/3087/2840
f 2693/3071/2824 2690/3068/2821 2708/3086/2839 2706/3085/2838
f 2688/3066/2819 2709/3088/2841 2708/3086/2839 2690/3068/2821
f 2712/3089/2842 2710/3087/2840 2708/3086/2839 2709/3088/2841
f 2712/3089/2842 2714/3090/2843 2711/3091/2844 2710/3087/2840
f 2707/3084/2837 2710/3087/2840 2711/3091/2844 2739/3092/2845
f 2712/3089/2842 2709/3088/2841 2750/3093/2846 2713/3094/2847
f 2712/3089/2842 2713/3094/2847 2715/3095/2848 2714/3090/2843
f 2716/3096/2849 2714/3090/2843 2715/3095/2848 2719/3097/2850
f 2716/3096/2849 2717/3098/2851 2711/3091/2844 2714/3090/2843
f 2716/3096/2849 2718/3099/2852 2741/3100/2853 2717/3098/2851
f 2716/3096/2849 2719/3097/2850 2721/3101/2854 2718/3099/2852
f 2720/3102/2855 2719/3097/2850 2715/3095/2848 2747/3103/2856
f 2720/3102/2855 2722/3104/2857 2721/3101/2854 2719/3097/2850
f 2724/3105/2858 2723/3106/2859 2721/3101/2854 2722/3104/2857
f 2726/3107/2860 2718/3099/2852 2721/3101/2854 2723/3106/2859
f 2724/3105/2858 2745/3108/2861 2725/3109/2862 2723/3106/2859
f 2726/3107/2860 2723/3106/2859 2725/3109/2862 2728/3110/2863
f 2726/3107/2860 2727/3111/2864 2741/3100/2853 2718/3099/2852
f 2726/3107/2860 2728/3110/2863 2730/3112/2865 2727/3111/2864
f 2729/3113/2866 2728/3110/2863 2725/3109/2862 2742/3114/2867
f 2729/3113/2866 2732/3115/2868 2730/3112/2865 2728/3110/2863
f 2734/3116/2869 2727/3111/2864 2730/3112/2865 2731/3117/2870
f 2733/3118/2871 2731/3117/2870 2730/3112/2865 2732/3115/2868
f 2733/3118/2871 2732/3115/2868 2590/2977/2730 2587/2976/2729
f 2729/3113/2866 2592/2980/2733 2590/2977/2730 2732/3115/2868
f 2733/3118/2871 2587/2976/2729 2735/2978/2731 2731/3117/2870
f 2734/3116/2869 2731/3117/2870 2735/2978/2731 2736/3119/2872
f 2703/3082/2835 2736/3119/2872 2735/2978/2731 2588/2974/2727
f 2703/3082/2835 2705/3083/2836 2737/3120/2873 2736/3119/2872
f 2734/3116/2869 2736/3119/2872 2737/3120/2873 2738/3121/2874
f 2740/3122/2875 2738/3121/2874 2737/3120/2873 2739/3092/2845
f 2707/3084/2837 2739/3092/2845 2737/3120/2873 2705/3083/2836
f 2740/3122/2875 2739/3092/2845 2711/3091/2844 2717/3098/2851
f 2740/3122/2875 2717/3098/2851 2741/3100/2853 2738/3121/2874
f 2734/3116/2869 2738/3121/2874 2741/3100/2853 2727/3111/2864
f 2729/3113/2866 2742/3114/2867 2744/2982/2735 2592/2980/2733
f 2743/3123/2876 2605/2996/2749 2744/2982/2735 2742/3114/2867
f 2743/3123/2876 2742/3114/2867 2725/3109/2862 2745/3108/2861
f 2743/3123/2876 2745/3108/2861 2607/2997/2750 2605/2996/2749
f 2724/3105/2858 2609/3000/2753 2607/2997/2750 2745/3108/2861
f 2724/3105/2858 2722/3104/2857 2746/3001/2754 2609/3000/2753
f 2720/3102/2855 2747/3103/2856 2746/3001/2754 2722/3104/2857
f 2748/3124/2877 2610/3002/2755 2746/3001/2754 2747/3103/2856
f 2748/3124/2877 2747/3103/2856 2715/3095/2848 2713/3094/2847
f 2748/3124/2877 2749/3009/2762 2612/3003/2756 2610/3002/2755
f 2748/3124/2877 2713/3094/2847 2750/3093/2846 2749/3009/2762
f 2616/3008/2761 2749/3009/2762 2750/3093/2846 2686/3067/2820
f 2688/3066/2819 2686/3067/2820 2750/3093/2846 2709/3088/2841
f 2700/3077/2830 2575/2961/2714 2571/2959/2712 2751/3125/2878
f 2700/3077/2830 2751/3125/2878 2752/3126/2879 2696/3076/2829
f 2753/3127/2880 2751/3125/2878 2571/2959/2712 2569/2956/2709
f 2753/3127/2880 2754/3128/2881 2752/3126/2879 2751/3125/2878
f 2753/3127/2880 2755/3129/2882 2756/3130/2883 2754/3128/2881
f 2753/3127/2880 2569/2956/2709 2566/2955/2708 2755/3129/2882
f 2757/3131/2884 2758/3132/2885 2756/3130/2883 2755/3129/2882
f 2757/3131/2884 2755/3129/2882 2566/2955/2708 2759/2954/2707
f 2757/3131/2884 2760/3133/2886 2762/3134/2887 2758/3132/2885
f 2757/3131/2884 2759/2954/2707 2761/3135/2888 2760/3133/2886
f 2530/2921/2674 2528/2916/2669 2762/3134/2887 2760/3133/2886
f 2530/2921/2674 2760/3133/2886 2761/3135/2888 2533/2922/2675
f 2520/2911/2664 2758/3132/2885 2762/3134/2887 2522/2913/2666
f 2524/2914/2667 2522/2913/2666 2762/3134/2887 2528/2916/2669
f 2536/2925/2678 2533/2922/2675 2761/3135/2888 2763/3136/2889
f 2567/2951/2704 2763/3136/2889 2761/3135/2888 2759/2954/2707
f 2536/2925/2678 2763/3136/2889 2557/2942/2695 2555/2928/2681
f 2567/2951/2704 2559/2945/2698 2557/2942/2695 2763/3136/2889
f 2520/2911/2664 2764/2912/2665 2756/3130/2883 2758/3132/2885
f 2765/3137/2890 2754/3128/2881 2756/3130/2883 2764/2912/2665
f 2765/3137/2890 2764/2912/2665 2519/2908/2661 2766/3138/2891
f 2765/3137/2890 2766/3138/2891 2768/3139/2892 2767/3140/2893
f 2765/3137/2890 2767/3140/2893 2752/3126/2879 2754/3128/2881
f 2694/3073/2826 2696/3076/2829 2752/3126/2879 2767/3140/2893
f 2694/3073/2826 2767/3140/2893 2768/3139/2892 2691/3070/2823
f 2770/3141/2894 2769/3064/2817 2768/3139/2892 2766/3138/2891
f 2684/3063/2816 2691/3070/2823 2768/3139/2892 2769/3064/2817
f 2770/3141/2894 2771/3142/2895 2683/3061/2814 2769/3064/2817
f 2770/3141/2894 2517/2907/2660 2515/2906/2659 2771/3142/2895
f 2770/3141/2894 2766/3138/2891 2519/2908/2661 2517/2907/2660
f 2772/2892/2645 2771/3142/2895 2515/2906/2659 2503/2893/2646
f 2772/2892/2645 2681/3014/2767 2683/3061/2814 2771/3142/2895
f 2772/2892/2645 2502/2891/2644 2620/3015/2768 2681/3014/2767
f 2577/1353/1158 1013/1344/1151 2774/1343/1150 2773/2966/2719
f 2561/2948/2701 2564/2950/2703 2572/2958/2711 2773/2966/2719
f 2561/2948/2701 2773/2966/2719 2774/1343/1150 2775/2949/2702
f 2776/3143/1146 2775/2949/2702 2774/1343/1150 1009/1342/1145
f 2776/3143/1146 982/1300/1113 2562/1302/1115 2775/2949/2702
f 2776/3143/1146 1005/1331/1139 985/1301/1114 982/1300/1113
f 1238/1607/1400 1232/1602/1395 1230/1601/1394 1350/1736/1529
f 1336/1712/1505 1339/1701/1494 1315/1700/1493 1327/1705/1498
f 1324/1707/1500 1322/1708/1501 2777/1621/1414 1247/1617/1410
f 2778/1709/1502 2780/3144/2896 2777/1621/1414 1322/1708/1501
f 2778/1709/1502 2779/1687/1480 2781/3145/2897 2780/3144/2896
f 2778/1709/1502 1318/1702/1495 1305/1688/1481 2779/1687/1480
f 2782/3146/2898 2780/3144/2896 2781/3145/2897 2783/3147/2899
f 2782/3146/2898 1246/1619/1412 2777/1621/1414 2780/3144/2896
f 2782/3146/2898 2783/3147/2899 1257/1627/1420 1254/1626/1419
f 2782/3146/2898 1254/1626/1419 1249/1620/1413 1246/1619/1412
f 2784/3148/2900 2787/1631/1424 1257/1627/1420 2783/3147/2899
f 2784/3148/2900 2783/3147/2899 2781/3145/2897 2785/3149/2901
f 2784/3148/2900 2785/3149/2901 2794/1678/1471 2786/3150/2902
f 2784/3148/2900 2786/3150/2902 2788/3151/2903 2787/1631/1424
f 1256/1629/1422 2787/1631/1424 2788/3151/2903 1261/1633/1426
f 2790/3152/2904 2789/3153/2905 2788/3151/2903 2786/3150/2902
f 1263/1634/1427 1261/1633/1426 2788/3151/2903 2789/3153/2905
f 1263/1634/1427 2789/3153/2905 2791/1643/1436 1266/1636/1429
f 2790/3152/2904 2792/3154/2906 2791/1643/1436 2789/3153/2905
f 2793/1651/1444 1270/1644/1437 2791/1643/1436 2792/3154/2906
f 2793/1651/1444 2792/3154/2906 1296/1672/1465 1292/1671/1464
f 2790/3152/2904 1298/1677/1470 1296/1672/1465 2792/3154/2906
f 2793/1651/1444 1292/1671/1464 1286/1664/1457 1274/1650/1443
f 2790/3152/2904 2786/3150/2902 2794/1678/1471 1298/1677/1470
f 1306/1686/1479 1299/1679/1472 2794/1678/1471 2785/3149/2901
f 1306/1686/1479 2785/3149/2901 2781/3145/2897 2779/1687/1480
f 1234/1605/1398 1236/1606/1399 1244/1615/1408 1251/1624/1417
f 1234/1605/1398 1251/1624/1417 2795/1544/1337 1211/1580/1373
f 1154/1518/1311 1193/1557/1350 1190/1555/1348 1157/1519/1312
f 1159/1522/1315 1157/1519/1312 1190/1555/1348 1162/1523/1316
f 1145/1506/1299 1148/1508/1301 1165/1530/1323 1171/1536/1329
f 1033/1369/1174 1134/1483/1276 1122/1480/1273 1036/1371/1176
f 2797/1374/1179 1036/1371/1176 1122/1480/1273 1119/1477/1270
f 2797/1374/1179 1119/1477/1270 1112/1470/1263 2798/1469/1262
f 2797/1374/1179 2798/1469/1262 1057/1401/1202 1037/1375/1180
f 1111/1466/1259 1059/1402/1203 1057/1401/1202 2798/1469/1262
f 1111/1466/1259 1108/1463/1256 1061/1403/1204 1059/1402/1203
f 1105/1462/1255 2799/1407/1208 1061/1403/1204 1108/1463/1256
f 1105/1462/1255 1103/1455/1250 2800/3155/2907 2799/1407/1208
f 1062/1406/1207 2799/1407/1208 2800/3155/2907 2801/3156/2908
f 1094/3157/1243 2801/3156/2908 2800/3155/2907 1096/3158/1244
f 1099/1454/1247 1096/3158/1244 2800/3155/2907 1103/1455/1250
f 1062/1406/1207 2801/3156/2908 1071/1417/1216 1064/1408/1209
f 1094/3157/1243 1092/1420/1218 1071/1417/1216 2801/3156/2908
f 816/1104/921 951/1258/1071 954/1262/1075 819/1107/924
f 816/1104/921 814/1103/920 949/1259/1072 951/1258/1071
f 2803/1102/919 2802/1260/1073 949/1259/1072 814/1103/920
f 2803/1102/919 2805/3159/2909 2804/1244/1057 2802/1260/1073
f 944/1249/1062 2802/1260/1073 2804/1244/1057 937/1243/1056
f 2807/1239/1052 933/1238/1051 2804/1244/1057 2805/3159/2909
f 2803/1102/919 813/1101/918 2806/3160/2910 2805/3159/2909
f 2807/1239/1052 2805/3159/2909 2806/3160/2910 2809/3161/2911
f 2807/1239/1052 2808/3162/2912 926/1228/1041 928/1230/1043
f 2807/1239/1052 2809/3161/2911 2810/3163/2913 2808/3162/2912
f 2811/1090/907 2812/3164/2914 2810/3163/2913 2809/3161/2911
f 2811/1090/907 2809/3161/2911 2806/3160/2910 804/1091/908
f 2811/1090/907 803/1087/904 2814/3165/2915 2812/3164/2914
f 2813/3166/2916 2812/3164/2914 2814/3165/2915 2815/3167/2917
f 2813/3166/2916 2867/3168/2918 2810/3163/2913 2812/3164/2914
f 800/1084/901 2816/3169/2919 2814/3165/2915 803/1087/904
f 2818/3170/2920 2815/3167/2917 2814/3165/2915 2816/3169/2919
f 800/1084/901 798/1083/900 2817/3171/2921 2816/3169/2919
f 2818/3170/2920 2816/3169/2919 2817/3171/2921 2819/3172/2922
f 2818/3170/2920 2819/3172/2922 2822/3173/2923 2820/3174/2924
f 2818/3170/2920 2820/3174/2924 2823/3175/2925 2815/3167/2917
f 2821/3176/2926 2825/3177/2927 2823/3175/2925 2820/3174/2924
f 2821/3176/2926 2820/3174/2924 2822/3173/2923 2835/3178/2928
f 2813/3166/2916 2815/3167/2917 2823/3175/2925 2824/3179/2929
f 2826/3180/2930 2824/3179/2929 2823/3175/2925 2825/3177/2927
f 2821/3181/2926 2828/3182/2931 2827/3183/2932 2825/3184/2927
f 2826/3185/2930 2825/3184/2927 2827/3183/2932 2830/1196/1013
f 2831/3186/2933 2829/1189/1006 2827/3183/2932 2828/3182/2931
f 899/1188/1005 2830/1196/1013 2827/3183/2932 2829/1189/1006
f 2826/3185/2930 2830/1196/1013 903/1195/1012 2860/3187/2934
f 2831/3186/2933 2832/3188/2935 898/1187/1004 2829/1189/1006
f 2831/3186/2933 2833/1019/839 736/1015/835 2832/3188/2935
f 2831/3186/2933 2828/3182/2931 2834/3189/2936 2833/1019/839
f 737/1018/838 2833/1019/839 2834/3189/2936 2836/3190/2937
f 2837/3191/2938 2836/3190/2937 2834/3189/2936 2835/3192/2928
f 2821/3181/2926 2835/3192/2928 2834/3189/2936 2828/3182/2931
f 2837/3191/2938 2839/3193/2939 2838/3194/2940 2836/3190/2937
f 737/1018/838 2836/3190/2937 2838/3194/2940 739/1020/840
f 2841/3195/2941 2840/3196/2942 2838/3194/2940 2839/3193/2939
f 741/1021/841 739/1020/840 2838/3194/2940 2840/3196/2942
f 2841/3195/2941 2843/3197/2943 2842/3198/2944 2840/3196/2942
f 741/1021/841 2840/3196/2942 2842/3198/2944 745/1023/843
f 766/1047/867 763/1044/864 2842/3198/2944 2843/3197/2943
f 747/1028/848 745/1023/843 2842/3198/2944 763/1044/864
f 766/1052/867 2843/3199/2943 2844/3200/2945 769/1053/870
f 2841/3201/2941 2845/3202/2946 2844/3200/2945 2843/3199/2943
f 771/1056/873 769/1053/870 2844/3200/2945 2846/3203/2947
f 2848/3204/2948 2846/3203/2947 2844/3200/2945 2845/3202/2946
f 771/1056/873 2846/3203/2947 2847/3205/2949 774/1057/874
f 2848/3204/2948 2849/3206/2950 2847/3205/2949 2846/3203/2947
f 2848/3204/2948 2850/3207/2951 2853/3208/2952 2849/3206/2950
f 2848/3204/2948 2845/3202/2946 2852/3209/2953 2850/3207/2951
f 2851/3210/2954 2850/3207/2951 2852/3209/2953 2857/3211/2955
f 2851/3210/2954 2855/3212/2956 2853/3208/2952 2850/3207/2951
f 2856/1070/887 2849/3206/2950 2853/3208/2952 2854/1082/899
f 796/1081/898 2854/1082/899 2853/3208/2952 2855/3212/2956
f 2851/3210/2954 2819/3172/2922 2817/3171/2921 2855/3212/2956
f 796/1081/898 2855/3212/2956 2817/3171/2921 798/1083/900
f 2856/1070/887 2854/1082/899 791/1074/891 783/1069/886
f 2856/1070/887 784/1065/882 2847/3205/2949 2849/3206/2950
f 2837/3213/2938 2857/3211/2955 2852/3209/2953 2839/3214/2939
f 2841/3201/2941 2839/3214/2939 2852/3209/2953 2845/3202/2946
f 2851/3210/2954 2857/3211/2955 2822/3173/2923 2819/3172/2922
f 2837/3213/2938 2835/3178/2928 2822/3173/2923 2857/3211/2955
f 777/1060/877 774/1057/874 2847/3205/2949 784/1065/882
f 2858/3215/2957 896/1184/1001 898/1187/1004 2832/3188/2935
f 2858/3215/2957 2832/3188/2935 736/1015/835 734/1014/834
f 2858/3215/2957 2859/1177/994 889/1176/993 896/1184/1001
f 2858/3215/2957 734/1014/834 732/1013/833 2859/1177/994
f 884/1167/984 2859/1177/994 732/1013/833 881/1012/832
f 2826/3180/2930 2860/3216/2934 2861/3217/2958 2824/3179/2929
f 2862/1203/1020 2860/3187/2934 903/1195/1012 905/1194/1011
f 2862/3218/1020 2863/3219/2959 2861/3217/2958 2860/3216/2934
f 2862/3218/1020 910/1212/1021 2865/1211/1027 2863/3219/2959
f 2864/3220/2960 2867/3168/2918 2861/3217/2958 2863/3219/2959
f 2864/3220/2960 2863/3219/2959 2865/1211/1027 2866/1229/1042
f 920/1221/1034 2866/1229/1042 2865/1211/1027 914/1210/1026
f 2864/3220/2960 2866/1229/1042 926/1228/1041 2808/3162/2912
f 2864/3220/2960 2808/3162/2912 2810/3163/2913 2867/3168/2918
f 2813/3166/2916 2824/3179/2929 2861/3217/2958 2867/3168/2918
f 806/1092/909 804/1091/908 2806/3160/2910 813/1101/918
f 2868/999/819 874/1162/979 728/1005/825 721/998/818
f 2868/999/819 716/990/810 714/989/809 871/1159/976
f 781/1064/881 688/956/776 681/948/768 679/947/767
f 778/3221/879 2869/3222/2961 2870/3223/2962 775/3224/876
f 778/1062/879 678/944/764 676/941/761 2869/3225/2961
f 2871/3226/2963 2872/3227/2964 2870/3223/2962 2869/3222/2961
f 2871/3228/2963 2869/3225/2961 676/941/761 674/940/760
f 2871/3226/2963 2873/3229/2965 2874/3230/2966 2872/3227/2964
f 2871/3228/2963 674/940/760 2875/942/762 2873/3231/2965
f 2876/3232/2967 2880/3233/2968 2874/3230/2966 2873/3229/2965
f 2876/3234/2967 2873/3231/2965 2875/942/762 2878/3235/2969
f 2876/3232/2967 2877/3236/2970 2964/3237/2971 2879/3238/2972
f 2876/3234/2967 2878/3235/2969 2970/3239/2973 2877/3240/2970
f 2876/3232/2967 2879/3238/2972 2882/3241/2974 2880/3233/2968
f 2881/3242/2975 3030/3243/2976 2874/3230/2966 2880/3233/2968
f 2881/3242/2975 2880/3233/2968 2882/3241/2974 2883/3244/2977
f 2887/3245/2978 2883/3244/2977 2882/3241/2974 2884/3246/2979
f 2886/3247/2980 2884/3246/2979 2882/3241/2974 2879/3238/2972
f 2886/3247/2980 2956/3248/2981 2885/3249/2982 2884/3246/2979
f 2887/3245/2978 2884/3246/2979 2885/3249/2982 2888/3250/2983
f 2887/3245/2978 2888/3250/2983 2891/3251/2984 2889/3252/2985
f 2887/3245/2978 2889/3252/2985 2892/3253/2986 2883/3244/2977
f 2890/3254/2987 2894/3255/2988 2892/3253/2986 2889/3252/2985
f 2890/3254/2987 2889/3252/2985 2891/3251/2984 3012/3256/2989
f 2881/3242/2975 2883/3244/2977 2892/3253/2986 2893/3257/2990
f 2895/3258/2991 2893/3257/2990 2892/3253/2986 2894/3255/2988
f 2895/3258/2991 2894/3255/2988 2896/3259/2992 2897/3260/2993
f 2890/3254/2987 2898/3261/2994 2896/3259/2992 2894/3255/2988
f 2901/3262/2995 2897/3260/2993 2896/3259/2992 2899/3263/2996
f 2900/3264/2997 2899/3263/2996 2896/3259/2992 2898/3261/2994
f 2900/3264/2997 2904/3265/2998 2902/3266/2999 2899/3263/2996
f 2901/3262/2995 2899/3263/2996 2902/3266/2999 2903/3267/3000
f 3015/793/617 2903/3267/3000 2902/3266/2999 542/794/618
f 544/795/619 542/794/618 2902/3266/2999 2904/3265/2998
f 544/795/619 2904/3265/2998 2905/3268/3001 547/796/620
f 2900/3264/2997 2907/3269/3002 2905/3268/3001 2904/3265/2998
f 2909/3270/3003 2906/3271/3004 2905/3268/3001 2907/3269/3002
f 3013/801/625 547/796/620 2905/3268/3001 2906/3271/3004
f 2900/3264/2997 2898/3261/2994 2908/3272/3005 2907/3269/3002
f 2909/3270/3003 2907/3269/3002 2908/3272/3005 2911/3273/3006
f 2909/3270/3003 2910/3274/3007 2922/3275/3008 2906/3271/3004
f 2909/3270/3003 2911/3273/3006 2913/3276/3009 2910/3274/3007
f 2912/3277/3010 2911/3273/3006 2908/3272/3005 3012/3256/2989
f 2912/3277/3010 2914/3278/3011 2913/3276/3009 2911/3273/3006
f 2916/3279/3012 2915/3280/3013 2913/3276/3009 2914/3278/3011
f 2918/3281/3014 2910/3274/3007 2913/3276/3009 2915/3280/3013
f 2916/3279/3012 2943/3282/3015 2917/3283/3016 2915/3280/3013
f 2918/3281/3014 2915/3280/3013 2917/3283/3016 2919/3284/3017
f 2918/3281/3014 2919/3284/3017 2921/3285/3018 2920/3286/3019
f 2918/3281/3014 2920/3286/3019 2922/3275/3008 2910/3274/3007
f 549/799/623 2920/3286/3019 2921/3285/3018 551/803/627
f 549/799/623 546/800/624 2922/3275/3008 2920/3286/3019
f 3013/801/625 2906/3271/3004 2922/3275/3008 546/800/624
f 2925/3287/3020 2923/3288/3021 2921/3285/3018 2919/3284/3017
f 2924/804/628 551/803/627 2921/3285/3018 2923/3288/3021
f 2925/3287/3020 2927/829/653 578/825/649 2923/3288/3021
f 2924/804/628 2923/3288/3021 578/825/649 576/824/648
f 2925/3287/3020 2926/3289/3022 2928/3290/3023 2927/829/653
f 2925/3287/3020 2919/3284/3017 2917/3283/3016 2926/3289/3022
f 579/828/652 2927/829/653 2928/3290/3023 2930/3291/3024
f 2931/3292/3025 2930/3291/3024 2928/3290/3023 2929/3293/3026
f 2939/3294/3027 2929/3293/3026 2928/3290/3023 2926/3289/3022
f 579/828/652 2930/3291/3024 587/832/656 581/830/654
f 2931/3292/3025 2932/837/661 587/832/656 2930/3291/3024
f 2931/3292/3025 2933/3295/3028 2934/3296/3029 2932/837/661
f 2931/3292/3025 2929/3293/3026 2936/3297/3030 2933/3295/3028
f 2935/3298/3031 2994/3299/3032 2934/3296/3029 2933/3295/3028
f 2935/3298/3031 2933/3295/3028 2936/3297/3030 2937/3300/3033
f 2939/3294/3027 2938/3301/3034 2936/3297/3030 2929/3293/3026
f 2940/3302/3035 2937/3300/3033 2936/3297/3030 2938/3301/3034
f 2939/3294/3027 2943/3282/3015 2941/3303/3036 2938/3301/3034
f 2940/3302/3035 2938/3301/3034 2941/3303/3036 2942/3304/3037
f 2946/3305/3038 2942/3304/3037 2941/3303/3036 2944/3306/3039
f 2916/3279/3012 2944/3306/3039 2941/3303/3036 2943/3282/3015
f 2916/3279/3012 2914/3278/3011 2945/3307/3040 2944/3306/3039
f 2946/3305/3038 2944/3306/3039 2945/3307/3040 2948/3308/3041
f 2946/3305/3038 2947/3309/3042 2990/3310/3043 2942/3304/3037
f 2946/3305/3038 2948/3308/3041 2950/3311/3044 2947/3309/3042
f 2949/3312/3045 2948/3308/3041 2945/3307/3040 3011/3313/3046
f 2949/3312/3045 2951/3314/3047 2950/3311/3044 2948/3308/3041
f 2955/3315/3048 2952/3316/3049 2950/3311/3044 2951/3314/3047
f 2954/3317/3050 2947/3309/3042 2950/3311/3044 2952/3316/3049
f 2954/3317/3050 2952/3316/3049 2953/3318/3051 2958/3319/3052
f 2955/3315/3048 2956/3248/2981 2953/3318/3051 2952/3316/3049
f 2955/3315/3048 2951/3314/3047 2885/3249/2982 2956/3248/2981
f 2886/3247/2980 2963/3320/3053 2953/3318/3051 2956/3248/2981
f 2954/3317/3050 2957/3321/3054 2990/3310/3043 2947/3309/3042
f 2954/3317/3050 2958/3319/3052 2959/3322/3055 2957/3321/3054
f 2960/3323/3056 2961/3324/3057 2959/3322/3055 2958/3319/3052
f 2960/3323/3056 2958/3319/3052 2953/3318/3051 2963/3320/3053
f 2960/3323/3056 2962/3325/3058 2965/3326/3059 2961/3324/3057
f 2960/3323/3056 2963/3320/3053 2964/3237/2971 2962/3325/3058
f 2886/3247/2980 2879/3238/2972 2964/3237/2971 2963/3320/3053
f 2966/3327/3060 2962/3325/3058 2964/3237/2971 2877/3236/2970
f 2966/3327/3060 2967/3328/3061 2965/3326/3059 2962/3325/3058
f 2966/3329/3060 2968/3330/3062 2969/3331/3063 2967/3332/3061
f 2966/3329/3060 2877/3240/2970 2970/3239/2973 2968/3330/3062
f 661/926/746 2972/915/735 2969/3331/3063 2968/3330/3062
f 661/926/746 2968/3330/3062 2970/3239/2973 663/927/747
f 666/928/748 663/927/747 2970/3239/2973 2878/3235/2969
f 2973/3333/3064 2967/3332/3061 2969/3331/3063 2971/3334/3065
f 652/912/732 2971/3334/3065 2969/3331/3063 2972/915/735
f 2973/3333/3064 2971/3334/3065 2974/3335/3066 2976/3336/3067
f 652/912/732 649/911/731 2974/3335/3066 2971/3334/3065
f 2977/3337/3068 2976/3336/3067 2974/3335/3066 2975/3338/3069
f 647/910/730 2975/3338/3069 2974/3335/3066 649/911/731
f 2973/3339/3064 2976/3340/3067 2978/3341/3070 2979/3342/3071
f 2977/3343/3068 2980/3344/3072 2978/3341/3070 2976/3340/3067
f 2984/3345/3073 2979/3342/3071 2978/3341/3070 2981/3346/3074
f 2983/3347/3075 2981/3346/3074 2978/3341/3070 2980/3344/3072
f 2983/3347/3075 2999/3348/3076 2982/3349/3077 2981/3346/3074
f 2984/3345/3073 2981/3346/3074 2982/3349/3077 2985/3350/3078
f 2984/3345/3073 2961/3324/3057 2965/3326/3059 2979/3342/3071
f 2984/3345/3073 2985/3350/3078 2959/3322/3055 2961/3324/3057
f 2986/3351/3079 2985/3350/3078 2982/3349/3077 2987/3352/3080
f 2986/3351/3079 2957/3321/3054 2959/3322/3055 2985/3350/3078
f 2986/3351/3079 2988/3353/3081 2990/3310/3043 2957/3321/3054
f 2986/3351/3079 2987/3352/3080 2989/3354/3082 2988/3353/3081
f 2940/3302/3035 2988/3353/3081 2989/3354/3082 2937/3300/3033
f 2940/3302/3035 2942/3304/3037 2990/3310/3043 2988/3353/3081
f 2935/3298/3031 2937/3300/3033 2989/3354/3082 2991/3355/3083
f 2992/3356/3084 2991/3355/3083 2989/3354/3082 2987/3352/3080
f 2992/3356/3084 2996/3357/3085 2993/3358/3086 2991/3355/3083
f 2935/3298/3031 2991/3355/3083 2993/3358/3086 2994/3299/3032
f 3008/3359/3087 2994/3299/3032 2993/3358/3086 2995/866/690
f 614/865/689 2995/866/690 2993/3358/3086 2996/3357/3085
f 614/865/689 2996/3357/3085 2997/3360/3088 616/867/691
f 2992/3356/3084 2999/3348/3076 2997/3360/3088 2996/3357/3085
f 618/870/694 616/867/691 2997/3360/3088 2998/3361/3089
f 2983/3347/3075 2998/3361/3089 2997/3360/3088 2999/3348/3076
f 2992/3356/3084 2987/3352/3080 2982/3349/3077 2999/3348/3076
f 618/870/694 2998/3361/3089 3000/3362/3090 3002/871/695
f 2983/3347/3075 2980/3344/3072 3000/3362/3090 2998/3361/3089
f 2977/3343/3068 3001/3363/3091 3000/3362/3090 2980/3344/3072
f 3003/3364/3092 3002/871/695 3000/3362/3090 3001/3363/3091
f 3003/3364/3092 3004/878/702 619/872/696 3002/871/695
f 3003/3365/3092 3005/898/718 632/892/712 3004/891/702
f 3003/3365/3092 3001/3366/3091 3006/3367/3093 3005/898/718
f 636/897/717 3005/898/718 3006/3367/3093 3007/900/720
f 2977/3337/3068 2975/3338/3069 3006/3367/3093 3001/3366/3091
f 647/910/730 3007/900/720 3006/3367/3093 2975/3338/3069
f 3008/3359/3087 2995/866/690 613/864/688 3010/3368/3094
f 3008/3359/3087 3009/839/663 2934/3296/3029 2994/3299/3032
f 3008/3359/3087 3010/3368/3094 591/840/664 3009/839/663
f 604/854/678 593/841/665 591/840/664 3010/3368/3094
f 604/854/678 3010/3368/3094 613/864/688 606/855/679
f 586/835/659 2932/837/661 2934/3296/3029 3009/839/663
f 2973/3339/3064 2979/3342/3071 2965/3326/3059 2967/3328/3061
f 2949/3312/3045 2888/3250/2983 2885/3249/2982 2951/3314/3047
f 2949/3312/3045 3011/3313/3046 2891/3251/2984 2888/3250/2983
f 2912/3277/3010 3012/3256/2989 2891/3251/2984 3011/3313/3046
f 2912/3277/3010 3011/3313/3046 2945/3307/3040 2914/3278/3011
f 2939/3294/3027 2926/3289/3022 2917/3283/3016 2943/3282/3015
f 2924/804/628 576/824/648 574/808/632 552/805/629
f 2890/3254/2987 3012/3256/2989 2908/3272/3005 2898/3261/2994
f 2901/3262/2995 2903/3267/3000 3014/3369/3095 3024/3370/3096
f 3015/793/617 3017/3371/3097 3014/3369/3095 2903/3267/3000
f 3015/793/617 3016/3372/3098 3018/3373/3099 3017/3371/3097
f 3015/793/617 537/786/610 535/785/609 3016/3372/3098
f 3019/3374/3100 3017/3371/3097 3018/3373/3099 3020/3375/3101
f 3019/3374/3100 3021/3376/3102 3014/3369/3095 3017/3371/3097
f 3019/3374/3100 3020/3375/3101 3037/1037/857 755/1036/856
f 3019/3374/3100 755/1036/856 757/1038/858 3021/3376/3102
f 3022/3377/3103 3021/3376/3102 757/1038/858 759/1040/860
f 3022/3377/3103 3024/3370/3096 3014/3369/3095 3021/3376/3102
f 3022/3377/3103 759/1040/860 3035/1042/862 3023/3378/3104
f 3022/3377/3103 3023/3378/3104 3025/3379/3105 3024/3370/3096
f 2901/3262/2995 3024/3370/3096 3025/3379/3105 2897/3260/2993
f 2895/3258/2991 2897/3260/2993 3025/3379/3105 3026/3380/3106
f 3027/3381/3107 3026/3380/3106 3025/3379/3105 3023/3378/3104
f 2895/3258/2991 3026/3380/3106 3028/3382/3108 2893/3257/2990
f 3027/3381/3107 3029/3383/3109 3028/3382/3108 3026/3380/3106
f 2881/3242/2975 2893/3257/2990 3028/3382/3108 3030/3243/2976
f 3031/3384/3110 3030/3243/2976 3028/3382/3108 3029/3383/3109
f 3031/3384/3110 2872/3227/2964 2874/3230/2966 3030/3243/2976
f 3031/3384/3110 3032/3385/3111 2870/3223/2962 2872/3227/2964
f 3031/3384/3110 3029/3383/3109 3033/3386/3112 3032/3385/3111
f 772/3387/871 3032/3385/3111 3033/3386/3112 768/3388/869
f 772/3387/871 775/3224/876 2870/3223/2962 3032/3385/3111
f 3027/3381/3107 3034/3389/3113 3033/3386/3112 3029/3383/3109
f 765/1045/865 768/3388/869 3033/3386/3112 3034/3389/3113
f 765/1045/865 3034/3389/3113 3035/1042/862 760/1041/861
f 3027/3381/3107 3023/3378/3104 3035/1042/862 3034/3389/3113
f 3036/3390/3114 3020/3375/3101 3018/3373/3099 3052/3391/3115
f 3036/3390/3114 3038/3392/3116 3037/1037/857 3020/3375/3101
f 3040/3393/3117 754/1034/854 3037/1037/857 3038/3392/3116
f 3036/3390/3114 3049/3394/3118 3039/3395/3119 3038/3392/3116
f 3040/3393/3117 3038/3392/3116 3039/3395/3119 3041/3396/3120
f 3040/3393/3117 3041/3396/3120 718/993/813 3042/995/815
f 3040/3393/3117 3042/995/815 752/1032/852 754/1034/854
f 719/994/814 750/1001/821 752/1032/852 3042/995/815
f 3043/987/807 712/986/806 718/993/813 3041/3396/3120
f 3043/987/807 3041/3396/3120 3039/3395/3119 3044/3397/3121
f 3043/987/807 3044/3397/3121 3045/981/801 708/980/800
f 3046/3398/3122 3047/3399/3123 3045/981/801 3044/3397/3121
f 3046/3398/3122 3044/3397/3121 3039/3395/3119 3049/3394/3118
f 3046/3398/3122 3048/3400/3124 3127/3401/3125 3047/3399/3123
f 3046/3398/3122 3049/3394/3118 3050/3402/3126 3048/3400/3124
f 3036/3390/3114 3052/3391/3115 3050/3402/3126 3049/3394/3118
f 3053/3403/3127 3051/3404/3128 3050/3402/3126 3052/3391/3115
f 3128/3405/3129 3048/3400/3124 3050/3402/3126 3051/3404/3128
f 3053/3403/3127 3052/3391/3115 3018/3373/3099 3016/3372/3098
f 3053/3403/3127 3054/784/608 3055/3406/3130 3051/3404/3128
f 3053/3403/3127 3016/3372/3098 535/785/609 3054/784/608
f 531/778/602 3057/779/603 3055/3406/3130 3054/784/608
f 3128/3405/3129 3051/3404/3128 3055/3406/3130 3056/3407/3131
f 3058/3408/3132 3056/3407/3131 3055/3406/3130 3057/779/603
f 3058/3408/3132 3057/779/603 527/773/597 3059/772/596
f 3058/3408/3132 3059/772/596 3063/3409/3133 3060/3410/3134
f 3058/3408/3132 3060/3410/3134 3062/3411/3135 3056/3407/3131
f 3061/3412/3136 3060/3410/3134 3063/3409/3133 3065/3413/3137
f 3061/3412/3136 3125/3414/3138 3062/3411/3135 3060/3410/3134
f 526/769/593 3064/3415/3139 3063/3409/3133 3059/772/596
f 3066/3416/3140 3065/3413/3137 3063/3409/3133 3064/3415/3139
f 3066/3416/3140 3070/3417/3141 3067/3418/3142 3065/3413/3137
f 3061/3412/3136 3065/3413/3137 3067/3418/3142 3068/3419/3143
f 3130/3420/3144 3068/3419/3143 3067/3418/3142 3069/3421/3145
f 3071/3422/3146 3069/3421/3145 3067/3418/3142 3070/3417/3141
f 3066/3416/3140 3074/3423/3147 3072/3424/3148 3070/3417/3141
f 3071/3422/3146 3070/3417/3141 3072/3424/3148 3073/3425/3149
f 3077/3426/3150 3073/3425/3149 3072/3424/3148 3075/3427/3151
f 3076/3428/3152 3075/3427/3151 3072/3424/3148 3074/3423/3147
f 3076/3428/3152 3079/3429/3153 3078/3430/3154 3075/3427/3151
f 3077/3426/3150 3075/3427/3151 3078/3430/3154 3080/3431/3155
f 3082/3432/3156 3081/644/468 3078/3430/3154 3079/3429/3153
f 413/641/465 3080/3431/3155 3078/3430/3154 3081/644/468
f 3082/3432/3156 3083/3433/3157 414/645/469 3081/644/468
f 3082/3432/3156 3079/3429/3153 3085/3434/3158 3084/3435/3159
f 3082/3432/3156 3084/3435/3159 3086/3436/3160 3083/3433/3157
f 516/760/584 3087/761/585 3086/3436/3160 3084/3435/3159
f 516/760/584 3084/3435/3159 3085/3434/3158 518/762/586
f 422/652/476 3083/3433/3157 3086/3436/3160 426/653/477
f 3088/656/480 426/653/477 3086/3436/3160 3087/761/585
f 3088/656/480 3087/761/585 510/752/576 508/751/575
f 3088/656/480 508/751/575 506/664/488 425/657/481
f 520/765/589 518/762/586 3085/3434/3158 3089/3437/3161
f 3076/3428/3152 3089/3437/3161 3085/3434/3158 3079/3429/3153
f 520/765/589 3089/3437/3161 3090/3438/3162 523/766/590
f 3076/3428/3152 3074/3423/3147 3090/3438/3162 3089/3437/3161
f 3066/3416/3140 3064/3415/3139 3090/3438/3162 3074/3423/3147
f 526/769/593 523/766/590 3090/3438/3162 3064/3415/3139
f 422/652/476 416/646/470 414/645/469 3083/3433/3157
f 413/641/465 410/640/464 3091/3439/3163 3080/3431/3155
f 3077/3426/3150 3080/3431/3155 3091/3439/3163 3093/3440/3164
f 408/636/460 3092/3441/3165 3091/3439/3163 410/640/464
f 3095/3442/3166 3093/3440/3164 3091/3439/3163 3092/3441/3165
f 3077/3426/3150 3093/3440/3164 3094/3443/3167 3073/3425/3149
f 3095/3442/3166 3096/3444/3168 3094/3443/3167 3093/3440/3164
f 3095/3442/3166 644/905/725 3097/908/728 3096/3444/3168
f 3095/3442/3166 3092/3441/3165 642/903/723 644/905/725
f 3098/3445/3169 3096/3444/3168 3097/908/728 654/918/738
f 3098/3445/3169 3099/3446/3170 3094/3443/3167 3096/3444/3168
f 3098/3445/3169 3100/3447/3171 3101/3448/3172 3099/3446/3170
f 3098/3445/3169 654/918/738 656/919/739 3100/3447/3171
f 3102/3449/3173 3103/3450/3174 3101/3448/3172 3100/3447/3171
f 3102/3449/3173 3100/3447/3171 656/919/739 658/921/741
f 3102/3449/3173 3104/3451/3175 3105/3452/3176 3103/3450/3174
f 3102/3449/3173 658/921/741 3107/924/744 3104/3451/3175
f 3106/3453/3177 3114/3454/3178 3105/3452/3176 3104/3451/3175
f 3106/3453/3177 3104/3451/3175 3107/924/744 3108/3455/3179
f 665/930/750 3108/3455/3179 3107/924/744 659/923/743
f 665/930/750 668/932/752 3109/3456/3180 3108/3455/3179
f 3106/3453/3177 3108/3455/3179 3109/3456/3180 3111/3457/3181
f 672/934/754 3110/3458/3182 3109/3456/3180 668/932/752
f 3112/3459/3183 3111/3457/3181 3109/3456/3180 3110/3458/3182
f 3112/3459/3183 3115/3460/3184 3113/3461/3185 3111/3457/3181
f 3106/3453/3177 3111/3457/3181 3113/3461/3185 3114/3454/3178
f 3117/3462/3186 3114/3454/3178 3113/3461/3185 3116/3463/3187
f 3118/3464/3188 3116/3463/3187 3113/3461/3185 3115/3460/3184
f 3117/3462/3186 3116/3463/3187 3119/3465/3189 3122/3466/3190
f 3118/3464/3188 3120/3467/3191 3119/3465/3189 3116/3463/3187
f 3131/3468/3192 3121/3469/3193 3119/3465/3189 3120/3467/3191
f 3124/3470/3194 3122/3466/3190 3119/3465/3189 3121/3469/3193
f 3117/3462/3186 3122/3466/3190 3123/3471/3195 3129/3472/3196
f 3124/3470/3194 3125/3414/3138 3123/3471/3195 3122/3466/3190
f 3124/3470/3194 3126/3473/3197 3062/3411/3135 3125/3414/3138
f 3124/3470/3194 3121/3469/3193 3127/3401/3125 3126/3473/3197
f 3128/3405/3129 3056/3407/3131 3062/3411/3135 3126/3473/3197
f 3128/3405/3129 3126/3473/3197 3127/3401/3125 3048/3400/3124
f 3131/3468/3192 3047/3399/3123 3127/3401/3125 3121/3469/3193
f 3061/3412/3136 3068/3419/3143 3123/3471/3195 3125/3414/3138
f 3130/3420/3144 3129/3472/3196 3123/3471/3195 3068/3419/3143
f 3117/3462/3186 3129/3472/3196 3105/3452/3176 3114/3454/3178
f 3130/3420/3144 3103/3450/3174 3105/3452/3176 3129/3472/3196
f 3130/3420/3144 3069/3421/3145 3101/3448/3172 3103/3450/3174
f 3131/3468/3192 3120/3467/3191 705/976/796 707/978/798
f 3131/3468/3192 707/978/798 3045/981/801 3047/3399/3123
f 3118/3464/3188 703/974/794 705/976/796 3120/3467/3191
f 3118/3464/3188 3115/3460/3184 3132/975/795 703/974/794
f 3112/3459/3183 3133/3474/3198 3132/975/795 3115/3460/3184
f 696/966/786 698/967/787 3132/975/795 3133/3474/3198
f 3112/3459/3183 3110/3458/3182 3134/952/772 3133/3474/3198
f 696/966/786 3133/3474/3198 3134/952/772 684/951/771
f 672/934/754 683/939/759 3134/952/772 3110/3458/3182
f 3071/3422/3146 3099/3446/3170 3101/3448/3172 3069/3421/3145
f 3071/3422/3146 3073/3425/3149 3094/3443/3167 3099/3446/3170
f 408/636/460 405/637/461 642/903/723 3092/3441/3165
f 666/928/748 2878/3235/2969 2875/942/762 669/933/753
f 742/1009/829 744/1025/845 723/1000/820 725/1002/822
f 403/632/456 401/631/455 3135/895/715 634/894/714
f 3139/888/709 630/889/710 3135/895/715 3136/3475/3199
f 3138/630/454 3136/3475/3199 3135/895/715 401/631/455
f 3139/888/709 3136/3475/3199 3137/3476/3200 3140/3477/3201
f 3138/630/454 3162/3478/3202 3137/3476/3200 3136/3475/3199
f 3139/888/709 3140/3477/3201 3141/3479/3203 629/885/707
f 3142/3480/3204 3145/3481/3205 3141/3479/3203 3140/3477/3201
f 3142/3480/3204 3140/3477/3201 3137/3476/3200 3144/3482/3206
f 3142/3480/3204 3143/3483/3207 3147/3484/3208 3145/3481/3205
f 3142/3480/3204 3144/3482/3206 3157/3485/3209 3143/3483/3207
f 3146/3486/3210 3330/3487/3211 3141/3479/3203 3145/3481/3205
f 3146/3486/3210 3145/3481/3205 3147/3484/3208 3148/3488/3212
f 3152/3489/3213 3149/3490/3214 3147/3484/3208 3143/3483/3207
f 3150/3491/3215 3148/3488/3212 3147/3484/3208 3149/3490/3214
f 3150/3491/3215 3149/3490/3214 3151/3492/3216 3175/3493/3217
f 3152/3489/3213 3153/3494/3218 3151/3492/3216 3149/3490/3214
f 3152/3489/3213 3154/3495/3219 3156/3496/3220 3153/3494/3218
f 3152/3489/3213 3143/3483/3207 3157/3485/3209 3154/3495/3219
f 3155/3497/3221 3154/3495/3219 3157/3485/3209 3158/3498/3222
f 3155/3497/3221 3165/3499/3223 3156/3496/3220 3154/3495/3219
f 3160/3500/3224 3158/3498/3222 3157/3485/3209 3144/3482/3206
f 3155/3497/3221 3158/3498/3222 3159/3501/3225 3163/3502/3226
f 3160/3500/3224 3161/621/445 3159/3501/3225 3158/3498/3222
f 3160/3500/3224 3162/3478/3202 394/622/446 3161/621/445
f 3160/3500/3224 3144/3482/3206 3137/3476/3200 3162/3478/3202
f 3138/630/454 396/623/447 394/622/446 3162/3478/3202
f 388/614/438 386/609/433 3159/3501/3225 3161/621/445
f 382/606/430 3163/3502/3226 3159/3501/3225 386/609/433
f 382/606/430 376/602/426 3164/601/425 3163/3502/3226
f 3155/3497/3221 3163/3502/3226 3164/601/425 3165/3499/3223
f 3166/3503/3227 3165/3499/3223 3164/601/425 375/599/423
f 3166/3503/3227 3167/3504/3228 3156/3496/3220 3165/3499/3223
f 3166/3503/3227 3168/3505/3229 3169/3506/3230 3167/3504/3228
f 3166/3503/3227 375/599/423 373/597/421 3168/3505/3229
f 324/544/368 322/543/367 3169/3506/3230 3168/3505/3229
f 324/544/368 3168/3505/3229 373/597/421 327/546/370
f 320/541/365 3170/3507/3231 3169/3506/3230 322/543/367
f 3172/3508/3232 3167/3504/3228 3169/3506/3230 3170/3507/3231
f 320/541/365 4115/542/366 3171/3509/3233 3170/3507/3231
f 3172/3508/3232 3170/3507/3231 3171/3509/3233 3173/3510/3234
f 3172/3508/3232 3173/3510/3234 3151/3492/3216 3153/3494/3218
f 3172/3508/3232 3153/3494/3218 3156/3496/3220 3167/3504/3228
f 3174/3511/3235 3173/3510/3234 3171/3509/3233 3177/3512/3236
f 3174/3511/3235 3175/3493/3217 3151/3492/3216 3173/3510/3234
f 3174/3513/3235 3176/3514/3237 3322/3515/3238 3175/3516/3217
f 3174/3513/3235 3177/3517/3236 3179/3518/3239 3176/3514/3237
f 3178/3519/3240 3177/3512/3236 3171/3509/3233 4115/542/366
f 3178/3520/3240 3181/3521/3241 3179/3518/3239 3177/3517/3236
f 3316/3522/3242 3176/3514/3237 3179/3518/3239 3180/3523/3243
f 3182/3524/3244 3180/3523/3243 3179/3518/3239 3181/3521/3241
f 3178/3520/3240 3184/3525/3245 3183/3526/3246 3181/3521/3241
f 3182/3524/3244 3181/3521/3241 3183/3526/3246 3185/3527/3247
f 3189/3528/3248 3186/3529/3249 3183/3526/3246 3184/3525/3245
f 3187/3530/3250 3185/3527/3247 3183/3526/3246 3186/3529/3249
f 3187/3530/3250 3186/3529/3249 3188/3531/3251 3199/3532/3252
f 3189/3528/3248 3190/3533/3253 3188/3531/3251 3186/3529/3249
f 3189/3534/3248 317/537/361 315/536/360 3190/3535/3253
f 3189/3534/3248 3184/3536/3245 319/538/362 317/537/361
f 3191/3537/3254 3190/3535/3253 315/536/360 3193/535/359
f 3191/3538/3254 3194/3539/3255 3188/3531/3251 3190/3533/3253
f 3191/3537/3254 3192/3540/3256 3195/3541/3257 3194/3542/3255
f 3191/3537/3254 3193/535/359 4090/3543/3258 3192/3540/3256
f 3196/3544/3259 3194/3542/3255 3195/3541/3257 3198/3545/3260
f 3196/3546/3259 3199/3532/3252 3188/3531/3251 3194/3539/3255
f 3196/3546/3259 3197/3547/3261 3200/3548/3262 3199/3532/3252
f 3196/3544/3259 3198/3545/3260 4078/3549/3263 3197/3550/3261
f 3187/3530/3250 3199/3532/3252 3200/3548/3262 3202/3551/3264
f 3203/3552/3265 3202/3551/3264 3200/3548/3262 3201/3553/3266
f 4111/3554/3267 3201/3553/3266 3200/3548/3262 3197/3547/3261
f 3203/3552/3265 3206/3555/3268 3204/3556/3269 3202/3551/3264
f 3187/3530/3250 3202/3551/3264 3204/3556/3269 3185/3527/3247
f 3182/3524/3244 3185/3527/3247 3204/3556/3269 3205/3557/3270
f 3207/3558/3271 3205/3557/3270 3204/3556/3269 3206/3555/3268
f 3207/3558/3271 3206/3555/3268 3208/3559/3272 3209/3560/3273
f 3203/3552/3265 3211/3561/3274 3208/3559/3272 3206/3555/3268
f 3973/3562/3275 3209/3560/3273 3208/3559/3272 3210/3563/3276
f 3213/3564/3277 3210/3563/3276 3208/3559/3272 3211/3561/3274
f 3203/3552/3265 3201/3553/3266 3212/3565/3278 3211/3561/3274
f 3213/3564/3277 3211/3561/3274 3212/3565/3278 3214/3566/3279
f 3213/3564/3277 3214/3566/3279 3216/3567/3280 3215/3568/3281
f 3213/3564/3277 3215/3568/3281 3218/3569/3282 3210/3563/3276
f 3215/3568/3281 3216/3567/3280 3982/3570/3283 3217/3571/3284
f 3224/3572/3285 3223/3573/3286 3220/3574/3287 3218/3569/3282 3215/3568/3281 3217/3571/3284
f 3973/3562/3275 3210/3563/3276 3218/3569/3282 3219/3575/3288
f 3221/3576/3289 3219/3575/3288 3218/3569/3282 3220/3574/3287
f 3222/3577/3290 3225/3578/3291 3227/3579/3292 3221/3576/3289 3220/3574/3287
f 3220/3574/3287 3223/3573/3286 3222/3577/3290
f 3227/3579/3292 3225/3578/3291 3226/3580/3293
f 3221/3576/3289 3227/3579/3292 3228/3581/3294 3230/3582/3295
f 3981/3583/3296 3232/3584/3297 3231/3585/3298 3228/3581/3294 3227/3579/3292 3226/3580/3293
f 3304/3586/3299 3230/3582/3295 3228/3581/3294 3229/3587/3300
f 3234/3588/3301 3229/3587/3300 3228/3581/3294 3231/3585/3298
f 3233/3589/3302 3231/3585/3298 3232/3584/3297 3980/3590/3303
f 3234/3588/3301 3231/3585/3298 3233/3589/3302 3236/3591/3304
f 3234/3588/3301 3235/3592/3305 3974/3593/3306 3229/3587/3300
f 3234/3588/3301 3236/3591/3304 3238/3594/3307 3235/3592/3305
f 3978/3595/3308 3977/3596/3309 3237/3597/3310 3236/3591/3304 3233/3589/3302
f 3237/3597/3310 3239/3598/3311 3238/3594/3307 3236/3591/3304
f 3243/3599/3312 3240/3600/3313 3238/3594/3307 3239/3598/3311
f 3241/3601/3314 3235/3592/3305 3238/3594/3307 3240/3600/3313
f 3241/3601/3314 3240/3600/3313 3242/3602/3315 3284/3603/3316
f 3243/3599/3312 3244/3604/3317 3242/3602/3315 3240/3600/3313
f 3243/3599/3312 3245/3605/3318 3246/3606/3319 3244/3604/3317
f 3243/3599/3312 3239/3598/3311 3248/3607/3320 3245/3605/3318
f 3247/3608/3321 3275/3609/3322 3246/3606/3319 3245/3605/3318
f 3247/3608/3321 3245/3605/3318 3248/3607/3320 3250/3610/3323
f 3975/3611/3324 3249/3612/3325 3248/3607/3320 3239/3598/3311 3237/3597/3310
f 3253/3613/3326 3252/3614/3327 3250/3610/3323 3248/3607/3320 3249/3612/3325
f 3255/3615/3328 3256/3616/3329 3247/3608/3321 3250/3610/3323 3251/3617/3330 3254/3618/3331
f 3250/3610/3323 3252/3614/3327 3251/3617/3330
f 3256/3616/3329 3255/3615/3328 3257/3619/3332
f 3257/3619/3332 3258/3620/3333 3259/3621/3334 3260/3622/3335 3270/3623/3336 3256/3616/3329
f 3260/3622/3335 3259/3621/3334 3261/3624/3337
f 3263/3625/3338 3265/3626/3339 3267/3627/3340 3260/3622/3335 3261/3624/3337 3262/3628/3341
f 3265/3626/3339 3263/3625/3338 3264/3629/3342
f 3909/3630/3343 3907/3631/3344 3908/3632/3345 3266/3633/3346 3265/3626/3339 3264/3629/3342
f 3267/3627/3340 3265/3626/3339 3266/3633/3346 3268/3634/3347
f 3267/3627/3340 3268/3634/3347 3271/3635/3348 3269/3636/3349
f 3267/3627/3340 3269/3636/3349 3270/3623/3336 3260/3622/3335
f 3272/3637/3350 3275/3609/3322 3270/3623/3336 3269/3636/3349
f 3272/3637/3350 3269/3636/3349 3271/3635/3348 3273/3638/3351
f 3272/3637/3350 3273/3638/3351 3276/3639/3352 3274/3640/3353
f 3272/3637/3350 3274/3640/3353 3246/3606/3319 3275/3609/3322
f 3247/3608/3321 3256/3616/3329 3270/3623/3336 3275/3609/3322
f 3277/3641/3354 3274/3640/3353 3276/3639/3352 3278/3642/3355
f 3277/3641/3354 3244/3604/3317 3246/3606/3319 3274/3640/3353
f 3277/3641/3354 3278/3642/3355 3280/3643/3356 3279/3644/3357
f 3277/3641/3354 3279/3644/3357 3242/3602/3315 3244/3604/3317
f 3281/3645/3358 3284/3603/3316 3242/3602/3315 3279/3644/3357
f 3281/3645/3358 3279/3644/3357 3280/3643/3356 3282/3646/3359
f 3281/3645/3358 3282/3646/3359 3615/3647/3360 3283/3648/3361
f 3281/3645/3358 3283/3648/3361 3285/3649/3362 3284/3603/3316
f 3241/3601/3314 3284/3603/3316 3285/3649/3362 3286/3650/3363
f 3289/3651/3364 3287/3652/3365 3285/3649/3362 3283/3648/3361
f 3290/3653/3366 3286/3650/3363 3285/3649/3362 3287/3652/3365
f 3289/3651/3364 3971/3654/3367 3288/3655/3368 3287/3652/3365
f 3290/3653/3366 3287/3652/3365 3288/3655/3368 3292/3656/3369
f 3290/3653/3366 3291/3657/3370 3974/3593/3306 3286/3650/3363
f 3290/3653/3366 3292/3656/3369 3293/3658/3371 3291/3657/3370
f 3294/3659/3372 3292/3656/3369 3288/3655/3368 3296/3660/3373
f 3294/3659/3372 3297/3661/3374 3293/3658/3371 3292/3656/3369
f 3294/3659/3372 3295/3662/3375 3298/3663/3376 3297/3661/3374
f 3294/3659/3372 3296/3660/3373 3375/3664/3377 3295/3662/3375
f 3299/3665/3378 3302/3666/3379 3293/3658/3371 3297/3661/3374
f 3299/3665/3378 3297/3661/3374 3298/3663/3376 3301/3667/3380
f 3299/3665/3378 3300/3668/3381 3303/3669/3382 3302/3666/3379
f 3299/3665/3378 3301/3667/3380 3305/3670/3383 3300/3668/3381
f 3304/3586/3299 3302/3666/3379 3303/3669/3382 3230/3582/3295
f 3304/3586/3299 3291/3657/3370 3293/3658/3371 3302/3666/3379
f 3304/3586/3299 3229/3587/3300 3974/3593/3306 3291/3657/3370
f 3973/3562/3275 3219/3575/3288 3303/3669/3382 3300/3668/3381
f 3221/3576/3289 3230/3582/3295 3303/3669/3382 3219/3575/3288
f 3306/3671/3384 3309/3672/3385 3305/3670/3383 3301/3667/3380
f 3306/3671/3384 3301/3667/3380 3298/3663/3376 3307/3673/3386
f 3306/3671/3384 3307/3673/3386 3373/3674/3387 3308/3675/3388
f 3306/3671/3384 3308/3675/3388 3310/3676/3389 3309/3672/3385
f 3207/3558/3271 3309/3672/3385 3310/3676/3389 3312/3677/3390
f 3207/3558/3271 3209/3560/3273 3305/3670/3383 3309/3672/3385
f 3313/3678/3391 3312/3677/3390 3310/3676/3389 3311/3679/3392
f 3972/3680/3393 3311/3679/3392 3310/3676/3389 3308/3675/3388
f 3207/3558/3271 3312/3677/3390 3314/3681/3394 3205/3557/3270
f 3313/3678/3391 3315/3682/3395 3314/3681/3394 3312/3677/3390
f 3182/3524/3244 3205/3557/3270 3314/3681/3394 3180/3523/3243
f 3316/3522/3242 3180/3523/3243 3314/3681/3394 3315/3682/3395
f 3313/3678/3391 3318/3683/3396 3317/3684/3397 3315/3682/3395
f 3316/3522/3242 3315/3682/3395 3317/3684/3397 3320/3685/3398
f 3345/3686/3399 3319/3687/3400 3317/3684/3397 3318/3683/3396
f 3321/3688/3401 3320/3685/3398 3317/3684/3397 3319/3687/3400
f 3321/3688/3401 3323/3689/3402 3322/3515/3238 3320/3685/3398
f 3316/3522/3242 3320/3685/3398 3322/3515/3238 3176/3514/3237
f 3150/3690/3215 3175/3516/3217 3322/3515/3238 3323/3689/3402
f 3321/3688/3401 3325/3691/3403 3324/3692/3404 3323/3689/3402
f 3150/3690/3215 3323/3689/3402 3324/3692/3404 3148/3693/3212
f 3146/3694/3210 3148/3693/3212 3324/3692/3404 3326/3695/3405
f 3327/3696/3406 3326/3695/3405 3324/3692/3404 3325/3691/3403
f 3327/3696/3406 3329/3697/3407 3328/3698/3408 3326/3695/3405
f 3146/3694/3210 3326/3695/3405 3328/3698/3408 3330/3699/3211
f 3331/879/703 625/880/704 3328/3698/3408 3329/3697/3407
f 627/881/705 3330/3699/3211 3328/3698/3408 625/880/704
f 627/882/705 629/885/707 3141/3479/3203 3330/3487/3211
f 3327/3696/3406 3334/3700/3409 3332/3701/3410 3329/3697/3407
f 3331/879/703 3329/3697/3407 3332/3701/3410 3333/860/684
f 608/856/680 3333/860/684 3332/3701/3410 3335/3702/3411
f 3336/3703/3412 3335/3702/3411 3332/3701/3410 3334/3700/3409
f 3336/3703/3412 3338/3704/3413 3337/853/677 3335/3702/3411
f 608/856/680 3335/3702/3411 3337/853/677 601/852/676
f 3339/3705/3414 602/849/673 3337/853/677 3338/3704/3413
f 3336/3703/3412 3343/3706/3415 3340/3707/3416 3338/3704/3413
f 3339/3705/3414 3338/3704/3413 3340/3707/3416 3341/3708/3417
f 3347/3709/3418 3341/3708/3417 3340/3707/3416 3342/3710/3419
f 3345/3686/3399 3342/3710/3419 3340/3707/3416 3343/3706/3415
f 3336/3703/3412 3334/3700/3409 3344/3711/3420 3343/3706/3415
f 3345/3686/3399 3343/3706/3415 3344/3711/3420 3319/3687/3400
f 3345/3686/3399 3318/3683/3396 3346/3712/3421 3342/3710/3419
f 3327/3696/3406 3325/3691/3403 3344/3711/3420 3334/3700/3409
f 3321/3688/3401 3319/3687/3400 3344/3711/3420 3325/3691/3403
f 3347/3709/3418 3342/3710/3419 3346/3712/3421 3348/3713/3422
f 3347/3709/3418 3348/3713/3422 3351/3714/3423 3349/3715/3424
f 3347/3709/3418 3349/3715/3424 3352/3716/3425 3341/3708/3417
f 3350/3717/3426 3353/3718/3427 3352/3716/3425 3349/3715/3424
f 3350/3717/3426 3349/3715/3424 3351/3714/3423 3366/3719/3428
f 3339/3705/3414 3341/3708/3417 3352/3716/3425 3354/3720/3429
f 3355/3721/3430 3354/3720/3429 3352/3716/3425 3353/3718/3427
f 3355/3721/3430 597/846/670 599/847/671 3354/3720/3429
f 3339/3705/3414 3354/3720/3429 599/847/671 602/849/673
f 3355/3721/3430 3353/3718/3427 3357/3722/3431 3356/713/537
f 3355/3721/3430 3356/713/537 469/712/536 597/846/670
f 464/706/530 3356/713/537 3357/3722/3431 3359/707/531
f 3350/3717/3426 3358/3723/3432 3357/3722/3431 3353/3718/3427
f 3360/3724/3433 3359/707/531 3357/3722/3431 3358/3723/3432
f 3360/3724/3433 3361/3725/3434 465/705/529 3359/707/531
f 3360/3724/3433 3362/3726/3435 3363/3727/3436 3361/3725/3434
f 3360/3724/3433 3358/3723/3432 3365/3728/3437 3362/3726/3435
f 3364/3729/3438 3578/3730/3439 3363/3727/3436 3362/3726/3435
f 3364/3729/3438 3362/3726/3435 3365/3728/3437 3367/3731/3440
f 3369/3732/3441 3367/3731/3440 3365/3728/3437 3366/3719/3428
f 3350/3717/3426 3366/3719/3428 3365/3728/3437 3358/3723/3432
f 3364/3729/3438 3367/3731/3440 3368/3733/3442 3378/3734/3443
f 3369/3732/3441 3371/3735/3444 3368/3733/3442 3367/3731/3440
f 3369/3732/3441 3366/3719/3428 3351/3714/3423 3370/3736/3445
f 3369/3732/3441 3370/3736/3445 3373/3674/3387 3371/3735/3444
f 3372/3737/3446 3374/3738/3447 3368/3733/3442 3371/3735/3444
f 3372/3737/3446 3371/3735/3444 3373/3674/3387 3307/3673/3386
f 3972/3680/3393 3308/3675/3388 3373/3674/3387 3370/3736/3445
f 3372/3737/3446 3295/3662/3375 3375/3664/3377 3374/3738/3447
f 3372/3737/3446 3307/3673/3386 3298/3663/3376 3295/3662/3375
f 3376/3739/3448 3374/3738/3447 3375/3664/3377 3379/3740/3449
f 3376/3739/3448 3378/3734/3443 3368/3733/3442 3374/3738/3447
f 3376/3739/3448 3377/3741/3450 3576/3742/3451 3378/3734/3443
f 3376/3739/3448 3379/3740/3449 3381/3743/3452 3377/3741/3450
f 3380/3744/3453 3379/3740/3449 3375/3664/3377 3296/3660/3373
f 3380/3744/3453 3383/3745/3454 3381/3743/3452 3379/3740/3449
f 3385/3746/3455 3382/3747/3456 3381/3743/3452 3383/3745/3454
f 3559/3748/3457 3377/3741/3450 3381/3743/3452 3382/3747/3456
f 3380/3744/3453 3971/3654/3367 3384/3749/3458 3383/3745/3454
f 3385/3746/3455 3383/3745/3454 3384/3749/3458 3387/3750/3459
f 3385/3746/3455 3386/3751/3460 3564/3752/3461 3382/3747/3456
f 3385/3746/3455 3387/3750/3459 3389/3753/3462 3386/3751/3460
f 3388/3754/3463 3387/3750/3459 3384/3749/3458 3616/3755/3464
f 3388/3754/3463 3390/3756/3465 3389/3753/3462 3387/3750/3459
f 3394/3757/3466 3386/3751/3460 3389/3753/3462 3391/3758/3467
f 3393/3759/3468 3391/3758/3467 3389/3753/3462 3390/3756/3465
f 3393/3759/3468 3604/3760/3469 3392/3761/3470 3391/3758/3467
f 3394/3757/3466 3391/3758/3467 3392/3761/3470 3396/3762/3471
f 3394/3757/3466 3395/3763/3472 3564/3752/3461 3386/3751/3460
f 3394/3757/3466 3396/3762/3471 3397/3764/3473 3395/3763/3472
f 3398/3765/3474 3401/3766/3475 3397/3764/3473 3396/3762/3471
f 3398/3765/3474 3396/3762/3471 3392/3761/3470 3399/3767/3476
f 3398/3765/3474 3399/3767/3476 3594/3768/3477 3400/3769/3478
f 3398/3765/3474 3400/3769/3478 3403/3770/3479 3401/3766/3475
f 3402/3771/3480 3401/3766/3475 3403/3770/3479 3404/3772/3481
f 3402/3771/3480 3566/3773/3482 3397/3764/3473 3401/3766/3475
f 3408/3774/3483 3404/3772/3481 3403/3770/3479 3405/3775/3484
f 3406/3776/3485 3405/3775/3484 3403/3770/3479 3400/3769/3478
f 3406/3776/3485 3590/3777/3486 3407/3778/3487 3405/3775/3484
f 3408/3774/3483 3405/3775/3484 3407/3778/3487 3409/3779/3488
f 3408/3774/3483 3409/3779/3488 3413/3780/3489 3410/3781/3490
f 3408/3774/3483 3410/3781/3490 3411/3782/3491 3404/3772/3481
f 3412/3783/3492 3575/3784/3493 3411/3782/3491 3410/3781/3490
f 3412/3783/3492 3410/3781/3490 3413/3780/3489 3414/3785/3494
f 3418/3786/3495 3414/3785/3494 3413/3780/3489 3415/3787/3496
f 3417/3788/3497 3415/3787/3496 3413/3780/3489 3409/3779/3488
f 3418/3786/3495 3415/3787/3496 3416/419/243 210/418/242
f 3417/3788/3497 3581/3789/3498 3416/419/243 3415/3787/3496
f 3418/3786/3495 3419/429/253 3420/3790/3499 3414/3785/3494
f 3418/3786/3495 210/418/242 212/420/244 3419/429/253
f 217/427/251 3422/3791/3500 3420/3790/3499 3419/429/253
f 3412/3783/3492 3414/3785/3494 3420/3790/3499 3421/3792/3501
f 3424/3793/3502 3421/3792/3501 3420/3790/3499 3422/3791/3500
f 217/427/251 219/428/252 3423/3794/3503 3422/3791/3500
f 3424/3793/3502 3422/3791/3500 3423/3794/3503 3426/3795/3504
f 3424/3793/3502 3425/3796/3505 3574/3797/3506 3421/3792/3501
f 3424/3793/3502 3426/3795/3504 3427/3798/3507 3425/3796/3505
f 3428/3799/3508 3429/3800/3509 3427/3798/3507 3426/3795/3504
f 3428/3799/3508 3426/3795/3504 3423/3794/3503 3430/3801/3510
f 3428/3799/3508 3431/3802/3511 3434/3803/3512 3429/3800/3509
f 3428/3799/3508 3430/3801/3510 3433/3804/3513 3431/3802/3511
f 3432/3805/3514 3436/3806/3515 3434/3803/3512 3431/3802/3511
f 3432/3805/3514 3431/3802/3511 3433/3804/3513 3476/3807/3516
f 3494/3808/3517 3429/3800/3509 3434/3803/3512 3435/3809/3518
f 3437/3810/3519 3435/3809/3518 3434/3803/3512 3436/3806/3515
f 3437/3810/3519 3436/3806/3515 3438/3811/3520 3439/569/393
f 3432/3805/3514 3440/3812/3521 3438/3811/3520 3436/3806/3515
f 345/565/389 3439/569/393 3438/3811/3520 3441/3813/3522
f 3442/3814/3523 3441/3813/3522 3438/3811/3520 3440/3812/3521
f 3442/3814/3523 3445/3815/3524 3443/3816/3525 3441/3813/3522
f 345/565/389 3441/3813/3522 3443/3816/3525 342/563/387
f 339/559/383 342/563/387 3443/3816/3525 3444/3817/3526
f 3446/3818/3527 3444/3817/3526 3443/3816/3525 3445/3815/3524
f 3442/3814/3523 3450/3819/3528 3447/3820/3529 3445/3815/3524
f 3446/3818/3527 3445/3815/3524 3447/3820/3529 3449/3821/3530
f 3452/3822/3531 3448/3823/3532 3447/3820/3529 3450/3819/3528
f 3461/3824/3533 3449/3821/3530 3447/3820/3529 3448/3823/3532
f 3442/3814/3523 3440/3812/3521 3451/3825/3534 3450/3819/3528
f 3452/3822/3531 3450/3819/3528 3451/3825/3534 3453/3826/3535
f 3452/3822/3531 3453/3826/3535 3455/3827/3536 3454/3828/3537
f 3452/3822/3531 3454/3828/3537 3457/3829/3538 3448/3823/3532
f 3456/3830/3539 3454/3828/3537 3455/3827/3536 3471/3831/3540
f 3456/3830/3539 3458/3832/3541 3457/3829/3538 3454/3828/3537
f 3460/3833/3542 3459/3834/3543 3457/3829/3538 3458/3832/3541
f 3461/3824/3533 3448/3823/3532 3457/3829/3538 3459/3834/3543
f 3460/3833/3542 3465/3835/3544 3462/3836/3545 3459/3834/3543
f 3461/3824/3533 3459/3834/3543 3462/3836/3545 3464/3837/3546
f 3492/3838/3547 3464/3837/3546 3462/3836/3545 3463/3839/3548
f 3466/3840/3549 3463/3839/3548 3462/3836/3545 3465/3835/3544
f 3460/3833/3542 3469/3841/3550 3467/3842/3551 3465/3835/3544
f 3466/3840/3549 3465/3835/3544 3467/3842/3551 3468/3843/3552
f 237/447/271 3468/3843/3552 3467/3842/3551 233/445/269
f 231/443/267 233/445/269 3467/3842/3551 3469/3841/3550
f 231/443/267 3469/3841/3550 3470/3844/3553 229/442/266
f 3460/3833/3542 3458/3832/3541 3470/3844/3553 3469/3841/3550
f 3472/441/265 229/442/266 3470/3844/3553 3471/3831/3540
f 3456/3830/3539 3471/3831/3540 3470/3844/3553 3458/3832/3541
f 3472/441/265 3471/3831/3540 3455/3827/3536 3473/3845/3554
f 3472/441/265 3473/3845/3554 221/434/258 224/433/257
f 3474/3846/3555 3473/3845/3554 3455/3827/3536 3453/3826/3535
f 3474/3846/3555 3475/435/259 221/434/258 3473/3845/3554
f 3474/3846/3555 3476/3807/3516 3433/3804/3513 3475/435/259
f 3474/3846/3555 3453/3826/3535 3451/3825/3534 3476/3807/3516
f 3432/3805/3514 3476/3807/3516 3451/3825/3534 3440/3812/3521
f 222/430/254 3475/435/259 3433/3804/3513 3430/3801/3510
f 3466/3840/3549 3468/3843/3552 291/504/328 3477/506/330
f 237/447/271 289/452/276 291/504/328 3468/3843/3552
f 3466/3840/3549 3477/506/330 3478/3847/3556 3463/3839/3548
f 292/505/329 3480/512/336 3478/3847/3556 3477/506/330
f 3492/3838/3547 3463/3839/3548 3478/3847/3556 3479/3848/3557
f 3481/3849/3558 3479/3848/3557 3478/3847/3556 3480/512/336
f 3481/3849/3558 3480/512/336 296/511/335 3482/518/342
f 3481/3849/3558 3482/518/342 3483/3850/3559 3479/3848/3557
f 300/517/341 3485/3851/3560 3483/3850/3559 3482/518/342
f 3492/3838/3547 3479/3848/3557 3483/3850/3559 3484/3852/3561
f 3486/3853/3562 3484/3852/3561 3483/3850/3559 3485/3851/3560
f 300/517/341 302/519/343 3487/3854/3563 3485/3851/3560
f 3486/3853/3562 3485/3851/3560 3487/3854/3563 3488/3855/3564
f 334/554/378 3488/3855/3564 3487/3854/3563 332/555/379
f 305/522/346 332/555/379 3487/3854/3563 302/519/343
f 3486/3853/3562 3488/3855/3564 3489/3856/3565 3490/3857/3566
f 334/554/378 336/558/382 3489/3856/3565 3488/3855/3564
f 3446/3818/3527 3490/3857/3566 3489/3856/3565 3444/3817/3526
f 339/559/383 3444/3817/3526 3489/3856/3565 336/558/382
f 3446/3818/3527 3449/3821/3530 3491/3858/3567 3490/3857/3566
f 3486/3853/3562 3490/3857/3566 3491/3858/3567 3484/3852/3561
f 3492/3838/3547 3484/3852/3561 3491/3858/3567 3464/3837/3546
f 3461/3824/3533 3464/3837/3546 3491/3858/3567 3449/3821/3530
f 3437/3810/3519 3439/569/393 346/568/392 352/576/400
f 3437/3810/3519 352/576/400 3493/578/402 3435/3809/3518
f 3494/3808/3517 3435/3809/3518 3493/578/402 3495/3859/3568
f 3494/3808/3517 3496/3860/3569 3427/3798/3507 3429/3800/3509
f 3494/3808/3517 3495/3859/3568 3498/3861/3570 3496/3860/3569
f 3497/3862/3571 3496/3860/3569 3498/3861/3570 3499/3863/3572
f 3497/3862/3571 3425/3796/3505 3427/3798/3507 3496/3860/3569
f 3503/3864/3573 3499/3863/3572 3498/3861/3570 3500/3865/3574
f 3501/3866/3575 3500/3865/3574 3498/3861/3570 3495/3859/3568
f 3501/3866/3575 3550/3867/3576 3502/3868/3577 3500/3865/3574
f 3503/3864/3573 3500/3865/3574 3502/3868/3577 3505/3869/3578
f 3503/3864/3573 3504/3870/3579 3572/3871/3580 3499/3863/3572
f 3503/3864/3573 3505/3869/3578 3506/3872/3581 3504/3870/3579
f 3507/3873/3582 3508/3874/3583 3506/3872/3581 3505/3869/3578
f 3507/3873/3582 3505/3869/3578 3502/3868/3577 3509/3875/3584
f 3507/3873/3582 3510/3876/3585 3511/3877/3586 3508/3874/3583
f 3507/3873/3582 3509/3875/3584 3513/3878/3587 3510/3876/3585
f 3512/3879/3588 3551/3880/3589 3511/3877/3586 3510/3876/3585
f 3512/3879/3588 3510/3876/3585 3513/3878/3587 3515/3881/3590
f 3549/3882/3591 3514/3883/3592 3513/3878/3587 3509/3875/3584
f 3516/3884/3593 3515/3881/3590 3513/3878/3587 3514/3883/3592
f 3516/3884/3593 3520/3885/3594 3517/3886/3595 3515/3881/3590
f 3512/3879/3588 3515/3881/3590 3517/3886/3595 3519/690/514
f 3522/3887/3596 3518/685/509 3517/3886/3595 3520/3885/3594
f 446/683/507 3519/690/514 3517/3886/3595 3518/685/509
f 3516/3884/3593 3546/3888/3597 3521/3889/3598 3520/3885/3594
f 3522/3887/3596 3520/3885/3594 3521/3889/3598 3523/3890/3599
f 3522/3887/3596 3523/3890/3599 3525/3891/3600 3524/679/503
f 3522/3887/3596 3524/679/503 442/678/502 3518/685/509
f 436/670/494 3524/679/503 3525/3891/3600 434/667/491
f 432/665/489 434/667/491 3525/3891/3600 3526/3892/3601
f 3527/3893/3602 3526/3892/3601 3525/3891/3600 3523/3890/3599
f 3527/3893/3602 3530/3894/3603 3528/3895/3604 3526/3892/3601
f 432/665/489 3526/3892/3601 3528/3895/3604 3529/666/490
f 3534/3896/3605 3529/666/490 3528/3895/3604 3531/3897/3606
f 3533/3898/3607 3531/3897/3606 3528/3895/3604 3530/3894/3603
f 3533/3898/3607 3538/3899/3608 3532/3900/3609 3531/3897/3606
f 3534/3896/3605 3531/3897/3606 3532/3900/3609 3535/3901/3610
f 3534/3896/3605 3535/3901/3610 3537/3902/3611 3536/660/484
f 3534/3896/3605 3536/660/484 428/659/483 3529/666/490
f 423/650/474 3536/660/484 3537/3902/3611 420/649/473
f 418/620/444 420/649/473 3537/3902/3611 392/617/441
f 389/612/436 392/617/441 3537/3902/3611 3535/3901/3610
f 389/612/436 3535/3901/3610 3532/3900/3609 385/611/435
f 3533/3898/3607 3539/3903/3612 3540/3904/3613 3538/3899/3608
f 3533/3898/3607 3530/3894/3603 3542/3905/3614 3539/3903/3612
f 3541/3906/3615 3548/3907/3616 3540/3904/3613 3539/3903/3612
f 3541/3906/3615 3539/3903/3612 3542/3905/3614 3544/3908/3617
f 3545/3909/3618 3544/3908/3617 3542/3905/3614 3543/3910/3619
f 3527/3893/3602 3543/3910/3619 3542/3905/3614 3530/3894/3603
f 3545/3909/3618 358/583/407 360/585/409 3544/3908/3617
f 3541/3906/3615 3544/3908/3617 360/585/409 362/587/411
f 3545/3909/3618 3543/3910/3619 3521/3889/3598 3546/3888/3597
f 3545/3909/3618 3546/3888/3597 3547/584/408 358/583/407
f 3516/3884/3593 3514/3883/3592 3547/584/408 3546/3888/3597
f 3549/3882/3591 357/581/405 3547/584/408 3514/3883/3592
f 3527/3893/3602 3523/3890/3599 3521/3889/3598 3543/3910/3619
f 3541/3906/3615 362/587/411 365/589/413 3548/3907/3616
f 378/604/428 3548/3907/3616 365/589/413 4116/592/416
f 378/604/428 380/605/429 3540/3904/3613 3548/3907/3616
f 383/608/432 3538/3899/3608 3540/3904/3613 380/605/429
f 383/608/432 385/611/435 3532/3900/3609 3538/3899/3608
f 3512/3879/3588 3519/690/514 450/689/513 3551/3880/3589
f 3549/3882/3591 3509/3875/3584 3502/3868/3577 3550/3867/3576
f 3549/3882/3591 3550/3867/3576 355/579/403 357/581/405
f 3501/3866/3575 353/577/401 355/579/403 3550/3867/3576
f 3552/3911/3620 3551/3880/3589 450/689/513 452/691/515
f 3552/3911/3620 3554/3912/3621 3511/3877/3586 3551/3880/3589
f 3552/3911/3620 3553/3913/3622 3556/3914/3623 3554/3912/3621
f 3552/3911/3620 452/691/515 455/693/517 3553/3913/3622
f 3555/3915/3624 3508/3874/3583 3511/3877/3586 3554/3912/3621
f 3555/3915/3624 3554/3912/3621 3556/3914/3623 3558/3916/3625
f 3577/3917/3626 3557/3918/3627 3556/3914/3623 3553/3913/3622
f 3559/3748/3457 3558/3916/3625 3556/3914/3623 3557/3918/3627
f 3559/3748/3457 3563/3919/3628 3560/3920/3629 3558/3916/3625
f 3555/3915/3624 3558/3916/3625 3560/3920/3629 3562/3921/3630
f 3571/3922/3631 3562/3921/3630 3560/3920/3629 3561/3923/3632
f 3565/3924/3633 3561/3923/3632 3560/3920/3629 3563/3919/3628
f 3559/3748/3457 3382/3747/3456 3564/3752/3461 3563/3919/3628
f 3565/3924/3633 3563/3919/3628 3564/3752/3461 3395/3763/3472
f 3565/3924/3633 3566/3773/3482 3567/3925/3634 3561/3923/3632
f 3565/3924/3633 3395/3763/3472 3397/3764/3473 3566/3773/3482
f 3402/3771/3480 3568/3926/3635 3567/3925/3634 3566/3773/3482
f 3570/3927/3636 3569/3928/3637 3567/3925/3634 3568/3926/3635
f 3571/3922/3631 3561/3923/3632 3567/3925/3634 3569/3928/3637
f 3570/3927/3636 3573/3929/3638 3572/3871/3580 3569/3928/3637
f 3571/3922/3631 3569/3928/3637 3572/3871/3580 3504/3870/3579
f 3497/3862/3571 3499/3863/3572 3572/3871/3580 3573/3929/3638
f 3497/3862/3571 3573/3929/3638 3574/3797/3506 3425/3796/3505
f 3570/3927/3636 3575/3784/3493 3574/3797/3506 3573/3929/3638
f 3412/3783/3492 3421/3792/3501 3574/3797/3506 3575/3784/3493
f 3570/3927/3636 3568/3926/3635 3411/3782/3491 3575/3784/3493
f 3571/3922/3631 3504/3870/3579 3506/3872/3581 3562/3921/3630
f 3402/3771/3480 3404/3772/3481 3411/3782/3491 3568/3926/3635
f 3555/3915/3624 3562/3921/3630 3506/3872/3581 3508/3874/3583
f 3559/3748/3457 3557/3918/3627 3576/3742/3451 3377/3741/3450
f 3577/3917/3626 3578/3730/3439 3576/3742/3451 3557/3918/3627
f 3577/3917/3626 3579/697/521 3363/3727/3436 3578/3730/3439
f 3577/3917/3626 3553/3913/3622 455/693/517 3579/697/521
f 454/695/519 3361/3725/3434 3363/3727/3436 3579/697/521
f 3364/3729/3438 3378/3734/3443 3576/3742/3451 3578/3730/3439
f 3501/3866/3575 3495/3859/3568 3493/578/402 353/577/401
f 222/430/254 3430/3801/3510 3423/3794/3503 219/428/252
f 3417/3788/3497 3580/3930/3639 3583/3931/3640 3581/3789/3498
f 3417/3788/3497 3409/3779/3488 3407/3778/3487 3580/3930/3639
f 3582/412/236 206/413/237 3416/419/243 3581/3789/3498
f 3582/412/236 3581/3789/3498 3583/3931/3640 3584/3932/3641
f 3588/3933/3642 3585/3934/3643 3583/3931/3640 3580/3930/3639
f 3587/3935/3644 3584/3932/3641 3583/3931/3640 3585/3934/3643
f 3588/3933/3642 3589/3936/3645 3586/3937/3646 3585/3934/3643
f 3587/3935/3644 3585/3934/3643 3586/3937/3646 3934/3938/3647
f 3588/3933/3642 3590/3777/3486 3591/3939/3648 3589/3936/3645
f 3588/3933/3642 3580/3930/3639 3407/3778/3487 3590/3777/3486
f 3406/3776/3485 3593/3940/3649 3591/3939/3648 3590/3777/3486
f 3928/3941/3650 3589/3936/3645 3591/3939/3648 3592/3942/3651
f 3595/3943/3652 3592/3942/3651 3591/3939/3648 3593/3940/3649
f 3406/3776/3485 3400/3769/3478 3594/3768/3477 3593/3940/3649
f 3595/3943/3652 3593/3940/3649 3594/3768/3477 3597/3944/3653
f 3595/3943/3652 3596/3945/3654 3929/3946/3655 3592/3942/3651
f 3595/3943/3652 3597/3944/3653 3599/3947/3656 3596/3945/3654
f 3598/3948/3657 3597/3944/3653 3594/3768/3477 3399/3767/3476
f 3598/3948/3657 3601/3949/3658 3599/3947/3656 3597/3944/3653
f 3642/3950/3659 3596/3945/3654 3599/3947/3656 3600/3951/3660
f 3602/3952/3661 3600/3951/3660 3599/3947/3656 3601/3949/3658
f 3598/3948/3657 3604/3760/3469 3603/3953/3662 3601/3949/3658
f 3602/3952/3661 3601/3949/3658 3603/3953/3662 3606/3954/3663
f 3393/3759/3468 3605/3955/3664 3603/3953/3662 3604/3760/3469
f 3608/3956/3665 3606/3954/3663 3603/3953/3662 3605/3955/3664
f 3602/3952/3661 3606/3954/3663 3607/3957/3666 3640/3958/3667
f 3608/3956/3665 3609/3959/3668 3607/3957/3666 3606/3954/3663
f 3608/3956/3665 3610/3960/3669 3612/3961/3670 3609/3959/3668
f 3608/3956/3665 3605/3955/3664 3613/3962/3671 3610/3960/3669
f 3611/3963/3672 3617/3964/3673 3612/3961/3670 3610/3960/3669
f 3611/3963/3672 3610/3960/3669 3613/3962/3671 3614/3965/3674
f 3393/3759/3468 3390/3756/3465 3613/3962/3671 3605/3955/3664
f 3388/3754/3463 3614/3965/3674 3613/3962/3671 3390/3756/3465
f 3388/3754/3463 3616/3755/3464 3615/3647/3360 3614/3965/3674
f 3611/3963/3672 3614/3965/3674 3615/3647/3360 3282/3646/3359
f 3289/3651/3364 3283/3648/3361 3615/3647/3360 3616/3755/3464
f 3289/3651/3364 3616/3755/3464 3384/3749/3458 3971/3654/3367
f 3619/3966/3675 3618/3967/3676 3612/3961/3670 3617/3964/3673
f 3621/3968/3677 3609/3959/3668 3612/3961/3670 3618/3967/3676
f 3619/3966/3675 3675/3969/3678 3620/3970/3679 3618/3967/3676
f 3621/3968/3677 3618/3967/3676 3620/3970/3679 3623/3971/3680
f 3621/3968/3677 3622/3972/3681 3607/3957/3666 3609/3959/3668
f 3621/3968/3677 3623/3971/3680 3625/3973/3682 3622/3972/3681
f 3624/3974/3683 3623/3971/3680 3620/3970/3679 3671/3975/3684
f 3624/3974/3683 3627/3976/3685 3625/3973/3682 3623/3971/3680
f 3638/3977/3686 3622/3972/3681 3625/3973/3682 3626/3978/3687
f 3629/3979/3688 3626/3978/3687 3625/3973/3682 3627/3976/3685
f 3624/3974/3683 3669/3980/3689 3628/3981/3690 3627/3976/3685
f 3629/3979/3688 3627/3976/3685 3628/3981/3690 3630/3982/3691
f 3629/3979/3688 3630/3982/3691 3632/3983/3692 3631/3984/3693
f 3629/3979/3688 3631/3984/3693 3634/3985/3694 3626/3978/3687
f 3633/3986/3695 3631/3984/3693 3632/3983/3692 3656/3987/3696
f 3633/3986/3695 3635/3988/3697 3634/3985/3694 3631/3984/3693
f 3637/3989/3698 3636/3990/3699 3634/3985/3694 3635/3988/3697
f 3638/3977/3686 3626/3978/3687 3634/3985/3694 3636/3990/3699
f 3637/3989/3698 3641/3991/3700 3639/3992/3701 3636/3990/3699
f 3638/3977/3686 3636/3990/3699 3639/3992/3701 3640/3958/3667
f 3602/3952/3661 3640/3958/3667 3639/3992/3701 3600/3951/3660
f 3642/3950/3659 3600/3951/3660 3639/3992/3701 3641/3991/3700
f 3637/3989/3698 3646/3993/3702 3643/3994/3703 3641/3991/3700
f 3642/3950/3659 3641/3991/3700 3643/3994/3703 3644/3995/3704
f 3926/3996/3705 3644/3995/3704 3643/3994/3703 3645/3997/3706
f 3647/3998/3707 3645/3997/3706 3643/3994/3703 3646/3993/3702
f 3647/3998/3707 3646/3993/3702 3648/3999/3708 3650/4000/3709
f 3637/3989/3698 3635/3988/3697 3648/3999/3708 3646/3993/3702
f 3652/4001/3710 3650/4000/3709 3648/3999/3708 3649/4002/3711
f 3633/3986/3695 3649/4002/3711 3648/3999/3708 3635/3988/3697
f 3647/3998/3707 3650/4000/3709 3651/4003/3712 3920/4004/3713
f 3652/4001/3710 3653/4005/3714 3651/4003/3712 3650/4000/3709
f 3652/4001/3710 3654/52/52 39/51/51 3653/4005/3714
f 3652/4001/3710 3649/4002/3711 3655/4006/3715 3654/52/52
f 35/45/45 3654/52/52 3655/4006/3715 3657/46/46
f 3658/4007/3716 3657/46/46 3655/4006/3715 3656/3987/3696
f 3633/3986/3695 3656/3987/3696 3655/4006/3715 3649/4002/3711
f 3658/4007/3716 3659/41/41 31/40/40 3657/46/46
f 3658/4007/3716 3660/4008/3717 3661/4009/3718 3659/41/41
f 3658/4007/3716 3656/3987/3696 3632/3983/3692 3660/4008/3717
f 3662/4010/3719 3663/4011/3720 3661/4009/3718 3660/4008/3717
f 3662/4010/3719 3660/4008/3717 3632/3983/3692 3630/3982/3691
f 3662/4010/3719 3664/4012/3721 3665/4013/3722 3663/4011/3720
f 3662/4010/3719 3630/3982/3691 3628/3981/3690 3664/4012/3721
f 3666/4014/3723 3667/4015/3724 3665/4013/3722 3664/4012/3721
f 3666/4014/3723 3664/4012/3721 3628/3981/3690 3669/3980/3689
f 3666/4014/3723 3668/4016/3725 3678/4017/3726 3667/4015/3724
f 3666/4014/3723 3669/3980/3689 3670/4018/3727 3668/4016/3725
f 3624/3974/3683 3671/3975/3684 3670/4018/3727 3669/3980/3689
f 3674/4019/3728 3672/4020/3729 3670/4018/3727 3671/3975/3684
f 3673/4021/3730 3668/4016/3725 3670/4018/3727 3672/4020/3729
f 3673/4021/3730 3672/4020/3729 3271/3635/3348 3268/3634/3347
f 3674/4019/3728 3273/3638/3351 3271/3635/3348 3672/4020/3729
f 3674/4019/3728 3675/3969/3678 3276/3639/3352 3273/3638/3351
f 3674/4019/3728 3671/3975/3684 3620/3970/3679 3675/3969/3678
f 3619/3966/3675 3278/3642/3355 3276/3639/3352 3675/3969/3678
f 3673/4021/3730 3676/4022/3731 3678/4017/3726 3668/4016/3725
f 3673/4021/3730 3268/3634/3347 3266/3633/3346 3676/4022/3731
f 3677/4023/3732 3676/4022/3731 3266/3633/3346 3908/3632/3345
f 3677/4023/3732 3679/4024/3733 3678/4017/3726 3676/4022/3731
f 3681/4025/3734 3667/4015/3724 3678/4017/3726 3679/4024/3733
f 3677/4023/3732 3903/4026/3735 3680/4027/3736 3679/4024/3733
f 3681/4025/3734 3679/4024/3733 3680/4027/3736 3682/4028/3737
f 3681/4025/3734 3682/4028/3737 3684/4029/3738 3683/4030/3739
f 3681/4025/3734 3683/4030/3739 3665/4013/3722 3667/4015/3724
f 3685/4031/3740 3683/4030/3739 3684/4029/3738 3686/4032/3741
f 3685/4031/3740 3663/4011/3720 3665/4013/3722 3683/4030/3739
f 3685/4031/3740 3686/4032/3741 3688/4033/3742 3687/4034/3743
f 3685/4031/3740 3687/4034/3743 3661/4009/3718 3663/4011/3720
f 30/39/39 3687/4034/3743 3688/4033/3742 28/36/36
f 30/39/39 3659/41/41 3661/4009/3718 3687/4034/3743
f 26/34/34 28/36/36 3688/4033/3742 3689/4035/3744
f 3690/4036/3745 3689/4035/3744 3688/4033/3742 3686/4032/3741
f 26/34/34 3689/4035/3744 3691/4037/3746 3693/35/35
f 3690/4036/3745 3694/4038/3747 3691/4037/3746 3689/4035/3744
f 3736/4039/3748 3693/35/35 3691/4037/3746 3692/4040/3749
f 3695/4041/3750 3692/4040/3749 3691/4037/3746 3694/4038/3747
f 3695/4041/3750 3694/4038/3747 3696/4042/3751 3697/4043/3752
f 3690/4036/3745 3698/4044/3753 3696/4042/3751 3694/4038/3747
f 3700/4045/3754 3697/4043/3752 3696/4042/3751 3699/4046/3755
f 3701/4047/3756 3699/4046/3755 3696/4042/3751 3698/4044/3753
f 3700/4045/3754 3699/4046/3755 3702/4048/3757 3705/4049/3758
f 3701/4047/3756 3704/4050/3759 3702/4048/3757 3699/4046/3755
f 3705/4049/3758 3702/4048/3757 3703/4051/3760 3706/4052/3761
f 3901/4053/3762 3703/4051/3760 3702/4048/3757 3704/4050/3759 3899/4054/3763
f 3705/4049/3758 3706/4052/3761 3707/4055/3764
f 3708/4056/3765 3709/4057/3766 3710/4058/3767 3700/4045/3754 3705/4049/3758 3707/4055/3764
f 3713/4059/3768 3710/4058/3767 3709/4057/3766 3711/4060/3769
f 3712/4061/3770 3715/4062/3771 3713/4059/3768 3711/4060/3769
f 3713/4059/3768 3714/4063/3772 3897/4064/3773 3710/4058/3767
f 3713/4059/3768 3715/4062/3771 3716/4065/3774 3714/4063/3772
f 3717/4066/3775 3720/4067/3776 3716/4065/3774 3715/4062/3771
f 3717/4066/3775 3715/4062/3771 3712/4061/3770 3719/4068/3777
f 3718/4069/3778 3896/4070/3779 3721/4071/3780 3720/4067/3776 3717/4066/3775
f 3717/4066/3775 3719/4068/3777 3898/4072/3781 3718/4069/3778
f 3722/4073/3782 3724/4074/3783 3716/4065/3774 3720/4067/3776
f 3722/4073/3782 3720/4067/3776 3721/4071/3780 3723/4075/3784
f 3722/4073/3782 3723/4075/3784 3726/4076/3785 3725/4077/3786
f 3722/4073/3782 3725/4077/3786 3728/4078/3787 3724/4074/3783
f 3727/4079/3788 3725/4077/3786 3726/4076/3785 3750/4080/3789
f 3727/4079/3788 3729/4081/3790 3728/4078/3787 3725/4077/3786
f 3732/4082/3791 3730/4083/3792 3728/4078/3787 3729/4081/3790
f 3731/4084/3793 3724/4074/3783 3728/4078/3787 3730/4083/3792
f 3731/4084/3793 3730/4083/3792 3733/4085/3794 3734/4086/3795
f 3732/4082/3791 3735/4087/3796 3733/4085/3794 3730/4083/3792
f 3695/4041/3750 3734/4086/3795 3733/4085/3794 3692/4040/3749
f 3736/4039/3748 3692/4040/3749 3733/4085/3794 3735/4087/3796
f 3732/4082/3791 3738/4088/3797 3737/26/26 3735/4087/3796
f 3736/4039/3748 3735/4087/3796 3737/26/26 19/25/25
f 3739/19/19 15/20/20 3737/26/26 3738/4088/3797
f 3739/19/19 3738/4088/3797 3740/4089/3798 3742/4090/3799
f 3732/4082/3791 3729/4081/3790 3740/4089/3798 3738/4088/3797
f 3727/4079/3788 3741/4091/3800 3740/4089/3798 3729/4081/3790
f 3744/4092/3801 3742/4090/3799 3740/4089/3798 3741/4091/3800
f 3739/19/19 3742/4090/3799 3743/4093/3802 14/17/17
f 3744/4092/3801 3745/4094/3803 3743/4093/3802 3742/4090/3799
f 3744/4092/3801 3746/4095/3804 3748/4096/3805 3745/4094/3803
f 3744/4092/3801 3741/4091/3800 3749/4097/3806 3746/4095/3804
f 3747/4098/3807 3746/4095/3804 3749/4097/3806 3751/4099/3808
f 3747/4098/3807 3894/4100/3809 3748/4096/3805 3746/4095/3804
f 3753/4101/3810 3751/4099/3808 3749/4097/3806 3750/4080/3789
f 3727/4079/3788 3750/4080/3789 3749/4097/3806 3741/4091/3800
f 3747/4098/3807 3751/4099/3808 3752/4102/3811 3893/4103/3812
f 3753/4101/3810 3754/4104/3813 3752/4102/3811 3751/4099/3808
f 3753/4101/3810 3755/4105/3814 3757/4106/3815 3754/4104/3813
f 3753/4101/3810 3750/4080/3789 3726/4076/3785 3755/4105/3814
f 3756/4107/3816 3755/4105/3814 3726/4076/3785 3723/4075/3784
f 3756/4107/3816 3759/4108/3817 3757/4106/3815 3755/4105/3814
f 3774/4109/3818 3754/4104/3813 3757/4106/3815 3758/4110/3819
f 3760/4111/3820 3758/4110/3819 3757/4106/3815 3759/4108/3817
f 3756/4107/3816 3762/4112/3821 3761/4113/3822 3759/4108/3817
f 3765/4114/3823 3760/4111/3820 3759/4108/3817 3761/4113/3822 3764/4115/3824
f 3763/4116/3825 3761/4113/3822 3762/4112/3821 3895/4117/3826
f 3761/4113/3822 3763/4116/3825 3764/4115/3824
f 3766/4118/3827 3767/4119/3828 3769/4120/3829 3760/4111/3820 3765/4114/3823
f 3768/4121/3830 3769/4120/3829 3767/4119/3828
f 3760/4111/3820 3769/4120/3829 3770/4122/3831 3758/4110/3819
f 3793/4123/3832 3792/4124/3833 3771/4125/3834 3770/4122/3831 3769/4120/3829 3768/4121/3830
f 3773/4126/3835 3772/4127/3836 3770/4122/3831 3771/4125/3834
f 3774/4109/3818 3758/4110/3819 3770/4122/3831 3772/4127/3836
f 3773/4126/3835 3778/4128/3837 3775/4129/3838 3772/4127/3836
f 3774/4109/3818 3772/4127/3836 3775/4129/3838 3776/4130/3839
f 3892/4131/3840 3776/4130/3839 3775/4129/3838 3777/4132/3841
f 3779/4133/3842 3777/4132/3841 3775/4129/3838 3778/4128/3837
f 3779/4133/3842 3778/4128/3837 3780/4134/3843 3781/4135/3844
f 3773/4126/3835 3783/4136/3845 3780/4134/3843 3778/4128/3837
f 3801/4137/3846 3781/4135/3844 3780/4134/3843 3782/4138/3847
f 3785/4139/3848 3782/4138/3847 3780/4134/3843 3783/4136/3845
f 3773/4126/3835 3771/4125/3834 3784/4140/3849 3783/4136/3845
f 3787/4141/3850 3785/4139/3848 3783/4136/3845 3784/4140/3849 3788/4142/3851
f 3794/4143/3852 3796/4144/3853 3782/4138/3847 3785/4139/3848 3786/4145/3854
f 3786/4145/3854 3785/4139/3848 3787/4141/3850 3789/4146/3855
f 3784/4140/3849 3791/4147/3856 3790/4148/3857 3788/4142/3851
f 3791/4147/3856 3784/4140/3849 3771/4125/3834 3792/4124/3833
f 3797/4149/3858 3796/4144/3853 3794/4143/3852 3795/4150/3859
f 3833/4151/3860 3799/4152/3861 3798/4153/3862 3796/4144/3853 3797/4149/3858
f 3801/4137/3846 3782/4138/3847 3796/4144/3853 3798/4153/3862
f 3799/4152/3861 3831/4154/3863 3800/4155/3864 3798/4153/3862
f 3801/4137/3846 3798/4153/3862 3800/4155/3864 3802/4156/3865
f 3801/4137/3846 3802/4156/3865 3804/4157/3866 3781/4135/3844
f 3803/4158/3867 3806/4159/3868 3804/4157/3866 3802/4156/3865
f 3803/4158/3867 3802/4156/3865 3800/4155/3864 3822/4160/3869
f 3779/4133/3842 3781/4135/3844 3804/4157/3866 3805/4161/3870
f 3808/4162/3871 3805/4161/3870 3804/4157/3866 3806/4159/3868
f 3803/4158/3867 3820/4163/3872 3807/4164/3873 3806/4159/3868
f 3808/4162/3871 3806/4159/3868 3807/4164/3873 3810/4165/3874
f 3808/4162/3871 3809/4166/3875 3890/4167/3876 3805/4161/3870
f 3808/4162/3871 3810/4165/3874 3811/4168/3877 3809/4166/3875
f 3812/4169/3878 3813/4170/3879 3811/4168/3877 3810/4165/3874
f 3812/4169/3878 3810/4165/3874 3807/4164/3873 3815/4171/3880
f 3812/4169/3878 3814/4172/3881 3842/4173/3882 3813/4170/3879
f 3837/4174/3883 3814/4172/3881 3812/4169/3878 3815/4171/3880 3816/4175/3884 3836/4176/3885
f 3835/4177/3886 3816/4175/3884 3815/4171/3880 3817/4178/3887 3818/4179/3888
f 3817/4178/3887 3815/4171/3880 3807/4164/3873 3820/4163/3872
f 3817/4178/3887 3819/4180/3889 3834/4181/3890 3818/4179/3888
f 3819/4180/3889 3817/4178/3887 3820/4163/3872 3821/4182/3891 3823/4183/3892
f 3803/4158/3867 3822/4160/3869 3821/4182/3891 3820/4163/3872
f 3825/4184/3893 3824/4185/3894 3821/4182/3891 3822/4160/3869 3827/4186/3895
f 3821/4182/3891 3824/4185/3894 3826/4187/3896 3823/4183/3892
f 3827/4186/3895 3822/4160/3869 3800/4155/3864 3831/4154/3863 3829/4188/3897 3828/4189/3898
f 3831/4154/3863 3830/4190/3899 3829/4188/3897
f 3830/4190/3899 3831/4154/3863 3799/4152/3861 3832/4191/3900
f 3799/4152/3861 3833/4151/3860 3832/4191/3900
f 3814/4172/3881 3837/4174/3883 3838/4192/3901
f 3839/4193/3902 3840/4194/3903 3842/4173/3882 3814/4172/3881 3838/4192/3901
f 3841/4195/3904 3846/4196/3905 3843/4197/3906 3842/4173/3882 3840/4194/3903
f 3845/4198/3907 3813/4170/3879 3842/4173/3882 3843/4197/3906
f 3847/4199/3908 3848/4200/3909 3844/4201/3910 3843/4197/3906 3846/4196/3905
f 3845/4198/3907 3843/4197/3906 3844/4201/3910 3887/4202/3911
f 3848/4200/3909 3849/4203/3912 3851/4204/3913 3852/4205/3914 3844/4201/3910
f 3851/4204/3913 3849/4203/3912 3850/4206/3915 3854/4207/3916
f 3851/4204/3913 3853/4208/3917 3873/4209/3918 3852/4205/3914
f 3855/4210/3919 3856/4211/3920 3853/4208/3917 3851/4204/3913 3854/4207/3916
f 3857/4212/3921 3858/4213/3922 3859/4214/3923 3853/4208/3917 3856/4211/3920
f 3860/4215/3924 3861/4216/3925 3862/4217/3926 3859/4214/3923 3858/4213/3922
f 3863/4218/3927 3864/4219/3928 3866/4220/3929 3867/4221/3930 3862/4217/3926 3861/4216/3925
f 3866/4220/3929 3864/4219/3928 3865/4222/3931
f 3869/83/83 68/80/80 3866/4220/3929 3865/4222/3931 3868/4223/3932
f 3867/4221/3930 3866/4220/3929 68/80/80 66/79/79
f 3867/4221/3930 4/4/4 3870/3/3 3862/4217/3926
f 3867/4221/3930 66/79/79 6/9/9 4/4/4
f 3859/4214/3923 3862/4217/3926 3870/3/3 3871/4224/3933
f 3872/4225/3934 3871/4224/3933 3870/3/3 2/2/2
f 3859/4214/3923 3871/4224/3933 3873/4209/3918 3853/4208/3917
f 3872/4225/3934 3874/4226/3935 3873/4209/3918 3871/4224/3933
f 3875/4227/3936 3852/4205/3914 3873/4209/3918 3874/4226/3935
f 3875/4227/3936 3874/4226/3935 3876/4228/3937 3878/4229/3938
f 3872/4225/3934 3879/4230/3939 3876/4228/3937 3874/4226/3935
f 3883/4231/3940 3878/4229/3938 3876/4228/3937 3877/4232/3941
f 3880/4233/3942 3877/4232/3941 3876/4228/3937 3879/4230/3939
f 3880/4233/3942 3879/4230/3939 3881/6/6 3882/4234/3943
f 3872/4225/3934 2/2/2 3881/6/6 3879/4230/3939
f 11/15/15 3882/4234/3943 3881/6/6 3/5/5
f 11/15/15 14/17/17 3743/4093/3802 3882/4234/3943
f 3880/4233/3942 3882/4234/3943 3743/4093/3802 3745/4094/3803
f 3880/4233/3942 3745/4094/3803 3748/4096/3805 3877/4232/3941
f 3883/4231/3940 3885/4235/3944 3884/4236/3945 3878/4229/3938
f 3875/4227/3936 3878/4229/3938 3884/4236/3945 3887/4202/3911
f 3888/4237/3946 3886/4238/3947 3884/4236/3945 3885/4235/3944
f 3845/4198/3907 3887/4202/3911 3884/4236/3945 3886/4238/3947
f 3875/4227/3936 3887/4202/3911 3844/4201/3910 3852/4205/3914
f 3845/4198/3907 3886/4238/3947 3811/4168/3877 3813/4170/3879
f 3888/4237/3946 3809/4166/3875 3811/4168/3877 3886/4238/3947
f 3888/4237/3946 3889/4239/3948 3890/4167/3876 3809/4166/3875
f 3888/4237/3946 3885/4235/3944 3891/4240/3949 3889/4239/3948
f 3892/4131/3840 3777/4132/3841 3890/4167/3876 3889/4239/3948
f 3892/4131/3840 3889/4239/3948 3891/4240/3949 3893/4103/3812
f 3892/4131/3840 3893/4103/3812 3752/4102/3811 3776/4130/3839
f 3747/4098/3807 3893/4103/3812 3891/4240/3949 3894/4100/3809
f 3883/4231/3940 3894/4100/3809 3891/4240/3949 3885/4235/3944
f 3883/4231/3940 3877/4232/3941 3748/4096/3805 3894/4100/3809
f 3779/4133/3842 3805/4161/3870 3890/4167/3876 3777/4132/3841
f 3774/4109/3818 3776/4130/3839 3752/4102/3811 3754/4104/3813
f 3762/4112/3821 3721/4071/3780 3896/4070/3779 3895/4117/3826
f 3756/4107/3816 3723/4075/3784 3721/4071/3780 3762/4112/3821
f 3736/4039/3748 19/25/25 21/27/27 3693/35/35
f 3731/4084/3793 3734/4086/3795 3897/4064/3773 3714/4063/3772
f 3695/4041/3750 3697/4043/3752 3897/4064/3773 3734/4086/3795
f 3700/4045/3754 3710/4058/3767 3897/4064/3773 3697/4043/3752
f 3731/4084/3793 3714/4063/3772 3716/4065/3774 3724/4074/3783
f 3900/4241/3950 3899/4054/3763 3704/4050/3759 3680/4027/3736 3903/4026/3735 3902/4242/3951
f 3701/4047/3756 3682/4028/3737 3680/4027/3736 3704/4050/3759
f 3903/4026/3735 3904/4243/3952 3902/4242/3951
f 3905/4244/3953 3904/4243/3952 3903/4026/3735 3677/4023/3732 3908/3632/3345 3906/4245/3954
f 3908/3632/3345 3907/3631/3344 3906/4245/3954
f 3701/4047/3756 3698/4044/3753 3684/4029/3738 3682/4028/3737
f 3690/4036/3745 3686/4032/3741 3684/4029/3738 3698/4044/3753
f 3910/4246/3955 3653/4005/3714 39/51/51 41/53/53
f 3910/4246/3955 3911/4247/3956 3651/4003/3712 3653/4005/3714
f 3910/4246/3955 3912/4248/3957 3914/4249/3958 3911/4247/3956
f 3910/4246/3955 41/53/53 44/55/55 3912/4248/3957
f 3913/4250/3959 3915/4251/3960 3914/4249/3958 3912/4248/3957
f 3913/4250/3959 3912/4248/3957 44/55/55 3968/59/59
f 3917/4252/3961 3916/4253/3962 3914/4249/3958 3915/4251/3960
f 3919/4254/3963 3911/4247/3956 3914/4249/3958 3916/4253/3962
f 3917/4252/3961 3952/4255/3964 3918/4256/3965 3916/4253/3962
f 3919/4254/3963 3916/4253/3962 3918/4256/3965 3921/4257/3966
f 3919/4254/3963 3920/4004/3713 3651/4003/3712 3911/4247/3956
f 3919/4254/3963 3921/4257/3966 3923/4258/3967 3920/4004/3713
f 3922/4259/3968 3921/4257/3966 3918/4256/3965 3969/4260/3969
f 3922/4259/3968 3924/4261/3970 3923/4258/3967 3921/4257/3966
f 3647/3998/3707 3920/4004/3713 3923/4258/3967 3645/3997/3706
f 3926/3996/3705 3645/3997/3706 3923/4258/3967 3924/4261/3970
f 3922/4259/3968 3932/4262/3971 3925/4263/3972 3924/4261/3970
f 3926/3996/3705 3924/4261/3970 3925/4263/3972 3927/4264/3973
f 3926/3996/3705 3927/4264/3973 3929/3946/3655 3644/3995/3704
f 3928/3941/3650 3592/3942/3651 3929/3946/3655 3927/4264/3973
f 3928/3941/3650 3927/4264/3973 3925/4263/3972 3930/4265/3974
f 3642/3950/3659 3644/3995/3704 3929/3946/3655 3596/3945/3654
f 3928/3941/3650 3930/4265/3974 3586/3937/3646 3589/3936/3645
f 3931/4266/3975 3930/4265/3974 3925/4263/3972 3932/4262/3971
f 3931/4266/3975 3934/3938/3647 3586/3937/3646 3930/4265/3974
f 3931/4266/3975 3932/4262/3971 3970/4267/3976 3933/4268/3977
f 3931/4266/3975 3933/4268/3977 3935/4269/3978 3934/3938/3647
f 3587/3935/3644 3934/3938/3647 3935/4269/3978 3936/4270/3979
f 3940/4271/3980 3936/4270/3979 3935/4269/3978 3937/4272/3981
f 3938/4273/3982 3937/4272/3981 3935/4269/3978 3933/4268/3977
f 3938/4273/3982 3943/4274/3983 3939/395/219 3937/4272/3981
f 3940/4271/3980 3937/4272/3981 3939/395/219 192/394/218
f 3940/4271/3980 3941/405/229 3942/4275/3984 3936/4270/3979
f 3940/4271/3980 192/394/218 194/396/220 3941/405/229
f 199/403/227 205/410/234 3942/4275/3984 3941/405/229
f 3587/3935/3644 3936/4270/3979 3942/4275/3984 3584/3932/3641
f 3582/412/236 3584/3932/3641 3942/4275/3984 205/410/234
f 3945/388/212 188/389/213 3939/395/219 3943/4274/3983
f 3938/4273/3982 3947/4276/3985 3944/4277/3986 3943/4274/3983
f 3945/388/212 3943/4274/3983 3944/4277/3986 3946/326/150
f 3945/388/212 3946/326/150 124/325/149 187/330/154
f 125/321/145 3946/326/150 3944/4277/3986 3948/4278/3987
f 3949/4279/3988 3948/4278/3987 3944/4277/3986 3947/4276/3985
f 3949/4279/3988 3952/4255/3964 3950/4280/3989 3948/4278/3987
f 125/321/145 3948/4278/3987 3950/4280/3989 122/320/144
f 120/318/142 122/320/144 3950/4280/3989 3951/4281/3990
f 3917/4252/3961 3951/4281/3990 3950/4280/3989 3952/4255/3964
f 3949/4279/3988 3969/4260/3969 3918/4256/3965 3952/4255/3964
f 3917/4252/3961 3915/4251/3960 3953/4282/3991 3951/4281/3990
f 120/318/142 3951/4281/3990 3953/4282/3991 3955/319/143
f 3913/4250/3959 3954/4283/3992 3953/4282/3991 3915/4251/3960
f 3956/4284/3993 3955/319/143 3953/4282/3991 3954/4283/3992
f 3956/4284/3993 3958/4285/3994 119/317/141 3955/319/143
f 3956/4284/3993 3957/4286/3995 3959/4287/3996 3958/4285/3994
f 3956/4284/3993 3954/4283/3992 3962/4288/3997 3957/4286/3995
f 3960/309/133 3958/4285/3994 3959/4287/3996 3961/4289/3998
f 3960/309/133 113/310/134 119/317/141 3958/4285/3994
f 3960/309/133 3961/4289/3998 105/295/119 107/298/122
f 88/281/105 90/284/108 105/295/119 3961/4289/3998
f 88/281/105 3961/4289/3998 3959/4287/3996 85/280/104
f 3963/279/103 85/280/104 3959/4287/3996 3957/4286/3995
f 3963/279/103 3957/4286/3995 3962/4288/3997 3964/4290/3999
f 3963/279/103 3964/4290/3999 3965/4291/4000 86/277/101
f 43/57/57 46/58/58 3965/4291/4000 3964/4290/3999
f 43/57/57 3964/4290/3999 3962/4288/3997 3968/59/59
f 48/60/60 3966/4292/4001 3965/4291/4000 46/58/58
f 82/275/99 86/277/101 3965/4291/4000 3966/4292/4001
f 82/275/99 3966/4292/4001 3967/71/71 80/272/96
f 48/60/60 52/63/63 3967/71/71 3966/4292/4001
f 63/75/75 80/272/96 3967/71/71 58/70/70
f 3913/4250/3959 3968/59/59 3962/4288/3997 3954/4283/3992
f 3949/4279/3988 3947/4276/3985 3970/4267/3976 3969/4260/3969
f 3922/4259/3968 3969/4260/3969 3970/4267/3976 3932/4262/3971
f 3938/4273/3982 3933/4268/3977 3970/4267/3976 3947/4276/3985
f 3638/3977/3686 3640/3958/3667 3607/3957/3666 3622/3972/3681
f 3619/3966/3675 3617/3964/3673 3280/3643/3356 3278/3642/3355
f 3611/3963/3672 3282/3646/3359 3280/3643/3356 3617/3964/3673
f 3598/3948/3657 3399/3767/3476 3392/3761/3470 3604/3760/3469
f 3380/3744/3453 3296/3660/3373 3288/3655/3368 3971/3654/3367
f 3972/3680/3393 3370/3736/3445 3351/3714/3423 3348/3713/3422
f 3972/3680/3393 3348/3713/3422 3346/3712/3421 3311/3679/3392
f 454/695/519 457/696/520 465/705/529 3361/3725/3434
f 3313/3678/3391 3311/3679/3392 3346/3712/3421 3318/3683/3396
f 3331/879/703 3333/860/684 609/859/683 621/874/698
f 3973/3562/3275 3300/3668/3381 3305/3670/3383 3209/3560/3273
f 3241/3601/3314 3286/3650/3363 3974/3593/3306 3235/3592/3305
f 3237/3597/3310 3977/3596/3309 3976/4293/4002 3975/3611/3324
f 3233/3589/3302 3980/3590/3303 3979/4294/4003 3978/3595/3308
f 3983/4295/4004 3982/3570/3283 3216/3567/3280 3985/4296/4005 3984/4297/4006
f 3986/4298/4007 3984/4299/4006 3985/4300/4005 3989/4301/4008 3987/4302/4009
f 3988/4303/4010 3987/4302/4009 3989/4301/4008 3991/4304/4011 3994/4305/4012
f 3993/4306/4013 3991/4304/4011 3989/4301/4008 3990/4307/4014
f 4113/4308/4015 3990/4307/4014 3989/4301/4008 3985/4300/4005
f 3993/4306/4013 4068/4309/4016 3992/4310/4017 3991/4304/4011
f 3995/4311/4018 3994/4305/4012 3991/4304/4011 3992/4310/4017 3996/4312/4019
f 3992/4310/4017 3998/4313/4020 3997/4314/4021 3996/4312/4019
f 3999/4315/4022 3997/4314/4021 3998/4313/4020 4063/4316/4023 4001/4317/4024 4000/4318/4025
f 4001/4317/4024 4002/4319/4026 4000/4318/4025
f 4003/4320/4027 4002/4319/4026 4001/4317/4024 4006/4321/4028 4005/4322/4029
f 4005/4322/4029 4004/4323/4030 4003/4320/4027
f 4006/4321/4028 4008/4324/4031 4007/4325/4032 4005/4322/4029
f 4023/4326/4033 4004/4323/4030 4005/4322/4029 4007/4325/4032 4009/4327/4034 4022/4328/4035
f 4011/4329/4036 4010/4330/4037 4007/4325/4032 4008/4324/4031
f 4013/4331/4038 4009/4327/4034 4007/4325/4032 4010/4330/4037
f 4011/4329/4036 4054/4332/4039 4012/4333/4040 4010/4330/4037
f 4013/4331/4038 4010/4330/4037 4012/4333/4040 4014/4334/4041
f 4013/4331/4038 4014/4334/4041 4017/4335/4042 4015/4336/4043
f 4013/4331/4038 4015/4336/4043 4018/4337/4044 4009/4327/4034
f 4024/4338/4045 4019/4339/4046 4018/4337/4044 4015/4336/4043 4016/4340/4047
f 4016/4340/4047 4015/4336/4043 4017/4335/4042 4114/4341/4048
f 4021/4342/4049 4020/4343/4050 4018/4337/4044 4019/4339/4046
f 4022/4328/4035 4009/4327/4034 4018/4337/4044 4020/4343/4050
f 4025/4344/4051 4024/4338/4045 4016/4340/4047 4026/4345/4052
f 4027/4346/4053 4026/4345/4052 4016/4340/4047 4114/4341/4048 4028/4347/4054
f 4027/4346/4053 4028/4347/4054 4029/4348/4055
f 4030/4349/4056 4029/4348/4055 4028/4347/4054 4032/4350/4057 4031/369/193
f 4030/4349/4056 4031/369/193 169/368/192
f 4031/369/193 4032/4350/4057 4034/375/199 171/370/194
f 4033/4351/4058 4032/4350/4057 4028/4347/4054 4114/4341/4048
f 4033/4351/4058 4035/4352/4059 4034/375/199 4032/4350/4057
f 4036/485/309 175/376/200 4034/375/199 4035/4352/4059
f 4036/485/309 4035/4352/4059 4037/4353/4060 270/484/308
f 4033/4351/4058 4038/4354/4061 4037/4353/4060 4035/4352/4059
f 273/483/307 270/484/308 4037/4353/4060 4039/4355/4062
f 4040/4356/4063 4039/4355/4062 4037/4353/4060 4038/4354/4061
f 4040/4356/4063 4042/4357/4064 4041/4358/4065 4039/4355/4062
f 273/483/307 4039/4355/4062 4041/4358/4065 276/488/312
f 4044/4359/4066 4043/4360/4067 4041/4358/4065 4042/4357/4064
f 4045/491/315 276/488/312 4041/4358/4065 4043/4360/4067
f 4044/4359/4066 4049/4361/4068 4046/4362/4069 4043/4360/4067
f 4045/491/315 4043/4360/4067 4046/4362/4069 4047/4363/4070
f 4105/4364/4071 4047/4363/4070 4046/4362/4069 4048/4365/4072
f 4050/4366/4073 4048/4365/4072 4046/4362/4069 4049/4361/4068
f 4044/4359/4066 4054/4332/4039 4051/4367/4074 4049/4361/4068
f 4050/4366/4073 4049/4361/4068 4051/4367/4074 4053/4368/4075
f 4056/4369/4076 4053/4368/4075 4051/4367/4074 4052/4370/4077
f 4011/4329/4036 4052/4370/4077 4051/4367/4074 4054/4332/4039
f 4044/4359/4066 4042/4357/4064 4012/4333/4040 4054/4332/4039
f 4050/4366/4073 4053/4368/4075 4055/4371/4078 4107/4372/4079
f 4056/4369/4076 4057/4373/4080 4055/4371/4078 4053/4368/4075
f 4056/4369/4076 4058/4374/4081 4060/4375/4082 4057/4373/4080
f 4056/4369/4076 4052/4370/4077 4061/4376/4083 4058/4374/4081
f 4059/4377/4084 4058/4374/4081 4061/4376/4083 4062/4378/4085
f 4059/4377/4084 4109/4379/4086 4060/4375/4082 4058/4374/4081
f 4011/4329/4036 4008/4324/4031 4061/4376/4083 4052/4370/4077
f 4006/4321/4028 4062/4378/4085 4061/4376/4083 4008/4324/4031
f 4059/4377/4084 4062/4378/4085 4063/4316/4023 4064/4380/4087
f 4006/4321/4028 4001/4317/4024 4063/4316/4023 4062/4378/4085
f 4066/4381/4088 4064/4380/4087 4063/4316/4023 3998/4313/4020
f 4059/4377/4084 4064/4380/4087 4065/4382/4089 4109/4379/4086
f 4066/4381/4088 4067/4383/4090 4065/4382/4089 4064/4380/4087
f 4066/4381/4088 4068/4309/4016 4069/4384/4091 4067/4383/4090
f 4066/4381/4088 3998/4313/4020 3992/4310/4017 4068/4309/4016
f 3993/4306/4013 4071/4385/4092 4069/4384/4091 4068/4309/4016
f 4110/4386/4093 4067/4383/4090 4069/4384/4091 4070/4387/4094
f 4073/4388/4095 4070/4387/4094 4069/4384/4091 4071/4385/4092
f 3993/4306/4013 3990/4307/4014 4072/4389/4096 4071/4385/4092
f 4073/4388/4095 4071/4385/4092 4072/4389/4096 4074/4390/4097
f 4073/4388/4095 4074/4390/4097 4078/3549/3263 4075/4391/4098
f 4073/4388/4095 4075/4391/4098 4077/4392/4099 4070/4387/4094
f 4076/4393/4100 4075/4391/4098 4078/3549/3263 3198/3545/3260
f 4076/4393/4100 4080/4394/4101 4077/4392/4099 4075/4391/4098
f 4111/4395/3267 3197/3550/3261 4078/3549/3263 4074/4390/4097
f 4081/4396/4102 4079/4397/4103 4077/4392/4099 4080/4394/4101
f 4110/4386/4093 4070/4387/4094 4077/4392/4099 4079/4397/4103
f 4081/4396/4102 4080/4394/4101 4082/4398/4104 4084/4399/4105
f 4076/4393/4100 4085/4400/4106 4082/4398/4104 4080/4394/4101
f 4086/4401/4107 4083/4402/4108 4082/4398/4104 4085/4400/4106
f 4108/4403/4109 4084/4399/4105 4082/4398/4104 4083/4402/4108
f 4076/4393/4100 3198/3545/3260 3195/3541/3257 4085/4400/4106
f 4086/4401/4107 4085/4400/4106 3195/3541/3257 3192/3540/3256
f 4086/4401/4107 4087/4404/4110 4089/4405/4111 4083/4402/4108
f 4086/4401/4107 3192/3540/3256 4090/3543/3258 4087/4404/4110
f 4088/526/350 4087/4404/4110 4090/3543/3258 308/527/351
f 4088/526/350 4092/4406/4112 4089/4405/4111 4087/4404/4110
f 310/528/352 308/527/351 4090/3543/3258 3193/535/359
f 4108/4403/4109 4083/4402/4108 4089/4405/4111 4091/4407/4113
f 4093/4408/4114 4091/4407/4113 4089/4405/4111 4092/4406/4112
f 4093/4408/4114 4092/4406/4112 4094/4409/4115 4095/4410/4116
f 4088/526/350 307/523/347 4094/4409/4115 4092/4406/4112
f 4097/4411/4117 4095/4410/4116 4094/4409/4115 4096/4412/4118
f 304/520/344 4096/4412/4118 4094/4409/4115 307/523/347
f 4097/4411/4117 4096/4412/4118 4098/516/340 4099/4413/4119
f 304/520/344 298/514/338 4098/516/340 4096/4412/4118
f 4101/510/334 4099/4413/4119 4098/516/340 294/509/333
f 4097/4411/4117 4099/4413/4119 4100/4414/4120 4103/4415/4121
f 4101/510/334 4102/497/321 4100/4414/4120 4099/4413/4119
f 4101/510/334 288/501/325 284/498/322 4102/497/321
f 281/494/318 4104/495/319 4100/4414/4120 4102/497/321
f 4105/4364/4071 4103/4415/4121 4100/4414/4120 4104/495/319
f 4105/4364/4071 4104/495/319 280/492/316 4047/4363/4070
f 4105/4364/4071 4048/4365/4072 4106/4416/4122 4103/4415/4121
f 4097/4411/4117 4103/4415/4121 4106/4416/4122 4095/4410/4116
f 4093/4408/4114 4095/4410/4116 4106/4416/4122 4107/4372/4079
f 4050/4366/4073 4107/4372/4079 4106/4416/4122 4048/4365/4072
f 4093/4408/4114 4107/4372/4079 4055/4371/4078 4091/4407/4113
f 4108/4403/4109 4091/4407/4113 4055/4371/4078 4057/4373/4080
f 4108/4403/4109 4057/4373/4080 4060/4375/4082 4084/4399/4105
f 4081/4396/4102 4084/4399/4105 4060/4375/4082 4109/4379/4086
f 4081/4396/4102 4109/4379/4086 4065/4382/4089 4079/4397/4103
f 4110/4386/4093 4079/4397/4103 4065/4382/4089 4067/4383/4090
f 4111/4395/3267 4074/4390/4097 4072/4389/4096 4112/4417/4123
f 4111/3554/3267 4112/4418/4123 3212/3565/3278 3201/3553/3266
f 4113/4419/4015 3214/3566/3279 3212/3565/3278 4112/4418/4123
f 4113/4308/4015 4112/4417/4123 4072/4389/4096 3990/4307/4014
f 4113/4419/4015 3985/4296/4005 3216/3567/3280 3214/3566/3279
f 4045/491/315 4047/4363/4070 280/492/316 275/490/314
f 4040/4356/4063 4014/4334/4041 4012/4333/4040 4042/4357/4064
f 4040/4356/4063 4038/4354/4061 4017/4335/4042 4014/4334/4041
f 4033/4351/4058 4114/4341/4048 4017/4335/4042 4038/4354/4061
f 4036/485/309 271/482/306 177/377/201 175/376/200
f 3178/3519/3240 4115/542/366 319/538/362 3184/3536/3245
f 566/817/641 568/737/561 486/736/560 493/742/566
f 566/817/641 493/742/566 511/744/568 513/756/580
f 268/479/303 179/379/203 177/377/201 271/482/306
f 268/479/303 265/476/300 4117/381/205 179/379/203
f 263/473/297 4118/391/215 4117/381/205 265/476/300
f 185/384/208 180/382/206 4117/381/205 4118/391/215
f 263/473/297 196/399/223 190/392/216 4118/391/215
f 49/50/50 33/43/43 4122/33/33 51/64/64
