# Blender 4.5.4 LTS
# www.blender.org
mtllib PataFroder.mtl
o 13463_Australian_Cattle_Dog_v3.005
v -0.414977 0.026967 1.575801
v -0.412687 0.029323 1.562169
v -0.424983 0.022982 1.572739
v -0.408524 0.035821 1.574957
v -0.414616 0.028703 1.586263
v -0.420653 0.022152 1.583345
v -0.427717 0.020423 1.580657
v -0.424497 0.019120 1.588232
v -0.418335 0.023699 1.588896
v -0.422041 0.020316 1.592096
v -0.419390 0.025015 1.595437
v -0.422471 0.026050 1.601109
v -0.416670 0.029870 1.594528
v -0.422360 0.021459 1.596794
v -0.425719 0.018956 1.598048
v -0.424775 0.022513 1.601244
v -0.427495 0.019990 1.601430
v -0.428910 0.023301 1.604769
v -0.430798 0.020776 1.604122
v -0.434448 0.023628 1.606692
v -0.427273 0.026782 1.605370
v -0.433504 0.027172 1.607695
v -0.425802 0.031293 1.606105
v -0.424414 0.036879 1.607181
v -0.420431 0.030717 1.601258
v -0.432616 0.031620 1.608750
v -0.431783 0.037043 1.610010
v -0.440055 0.031673 1.609374
v -0.447299 0.031415 1.608171
v -0.439791 0.037097 1.610675
v -0.440346 0.027196 1.608250
v -0.447007 0.026830 1.607188
v -0.440596 0.023581 1.607151
v -0.446591 0.023190 1.606270
v -0.440762 0.020727 1.605927
v -0.435475 0.020928 1.605576
v -0.440818 0.018477 1.604387
v -0.445911 0.020464 1.605266
v -0.445439 0.018357 1.603917
v -0.450185 0.019865 1.603653
v -0.452933 0.018639 1.601149
v -0.451643 0.022415 1.604161
v -0.448631 0.018439 1.603096
v -0.449922 0.017174 1.601496
v -0.450574 0.015893 1.599063
v -0.445661 0.016559 1.602007
v -0.445869 0.015237 1.599617
v -0.440707 0.016620 1.602325
v -0.435600 0.017172 1.602121
v -0.440443 0.015283 1.599824
v -0.440055 0.014576 1.596922
v -0.434892 0.015959 1.599631
v -0.434642 0.015295 1.596770
v -0.429785 0.017211 1.599038
v -0.429646 0.016532 1.596067
v -0.430992 0.018275 1.601711
v -0.432519 0.019278 1.603414
v -0.436044 0.018847 1.604130
v -0.430368 0.016294 1.593767
v -0.425635 0.018071 1.594497
v -0.427759 0.017199 1.591654
v -0.432658 0.016232 1.590395
v -0.434129 0.015334 1.593646
v -0.430437 0.017946 1.586296
v -0.438944 0.015507 1.590256
v -0.438195 0.017107 1.585979
v -0.445287 0.015379 1.590800
v -0.439555 0.014628 1.593715
v -0.444926 0.014590 1.593910
v -0.448617 0.015066 1.594165
v -0.445370 0.014562 1.596881
v -0.449991 0.015176 1.596328
v -0.453280 0.016317 1.594960
v -0.455806 0.018388 1.592923
v -0.450477 0.015684 1.592293
v -0.453988 0.017292 1.598135
v -0.456500 0.019701 1.597049
v -0.458457 0.023387 1.596009
v -0.455029 0.021147 1.600950
v -0.456569 0.024852 1.600853
v -0.457818 0.029868 1.601135
v -0.452684 0.026047 1.604676
v -0.453488 0.030821 1.605364
v -0.454266 0.036754 1.606434
v -0.454918 0.043510 1.607696
v -0.447563 0.037017 1.609399
v -0.459012 0.036297 1.602014
v -0.460025 0.043719 1.603264
v -0.461912 0.035704 1.596237
v -0.463078 0.035087 1.589198
v -0.460178 0.028626 1.595550
v -0.463383 0.044043 1.597581
v -0.465313 0.044570 1.590825
v -0.464313 0.053065 1.599051
v -0.464549 0.062304 1.600281
v -0.460719 0.051752 1.604586
v -0.466534 0.054707 1.592566
v -0.467755 0.056710 1.585353
v -0.466742 0.065060 1.593956
v -0.467963 0.068191 1.586943
v -0.465979 0.075203 1.594503
v -0.463980 0.071311 1.600932
v -0.463772 0.084500 1.594371
v -0.467075 0.079567 1.587342
v -0.464619 0.090064 1.586786
v -0.467755 0.084281 1.579634
v -0.468602 0.071620 1.579481
v -0.465243 0.096086 1.578498
v -0.468352 0.088591 1.572516
v -0.466076 0.101796 1.570549
v -0.469226 0.091765 1.567100
v -0.469018 0.074796 1.572634
v -0.469601 0.077183 1.567440
v -0.468657 0.061390 1.570552
v -0.469115 0.063177 1.565161
v -0.466797 0.048981 1.566855
v -0.468338 0.059079 1.577660
v -0.466562 0.047214 1.574828
v -0.466228 0.045551 1.583173
v -0.462884 0.036564 1.571639
v -0.462981 0.038246 1.562072
v -0.463175 0.035128 1.580966
v -0.456431 0.028465 1.568292
v -0.457763 0.025414 1.579592
v -0.446355 0.024239 1.564956
v -0.456209 0.030175 1.557267
v -0.445481 0.025787 1.553448
v -0.457652 0.030701 1.545986
v -0.463828 0.029259 1.532674
v -0.445633 0.026520 1.541345
v -0.464272 0.039038 1.553146
v -0.467436 0.050276 1.560363
v -0.466895 0.039292 1.548186
v -0.468782 0.050881 1.557076
v -0.471058 0.039364 1.550544
v -0.475513 0.038782 1.557315
v -0.474514 0.031197 1.540591
v -0.471169 0.050578 1.558691
v -0.474208 0.049506 1.563736
v -0.471891 0.063432 1.563907
v -0.470059 0.064004 1.562578
v -0.474486 0.061859 1.568170
v -0.472737 0.077384 1.566257
v -0.470711 0.078220 1.564964
v -0.473154 0.091853 1.565835
v -0.475485 0.075156 1.570379
v -0.476346 0.088712 1.570099
v -0.478844 0.072048 1.576378
v -0.482632 0.068568 1.583300
v -0.480079 0.084413 1.576286
v -0.477706 0.059657 1.574388
v -0.481411 0.057209 1.581582
v -0.477497 0.047803 1.570680
v -0.479066 0.037119 1.565632
v -0.481064 0.046035 1.578556
v -0.482216 0.035482 1.574643
v -0.484964 0.044695 1.586381
v -0.485477 0.034995 1.583508
v -0.489655 0.043617 1.593328
v -0.485491 0.054914 1.588759
v -0.486712 0.065212 1.590219
v -0.490349 0.052798 1.595169
v -0.496358 0.050890 1.600035
v -0.491500 0.062079 1.596357
v -0.497426 0.059277 1.600948
v -0.492958 0.070992 1.596469
v -0.488253 0.075139 1.590339
v -0.498717 0.067343 1.601006
v -0.495289 0.079008 1.595375
v -0.499008 0.085627 1.592990
v -0.490751 0.084096 1.589076
v -0.500660 0.074624 1.599941
v -0.507460 0.071125 1.602101
v -0.503658 0.080631 1.597552
v -0.509500 0.076894 1.599621
v -0.508445 0.084721 1.594284
v -0.515815 0.086262 1.590604
v -0.511665 0.080752 1.596606
v -0.504754 0.090278 1.589364
v -0.501146 0.096794 1.582191
v -0.513150 0.092423 1.584535
v -0.522795 0.092392 1.579136
v -0.510277 0.099366 1.576480
v -0.520769 0.099442 1.570135
v -0.507099 0.107142 1.566966
v -0.497357 0.104212 1.573558
v -0.503519 0.115833 1.556588
v -0.518382 0.107272 1.559759
v -0.515704 0.115985 1.548340
v -0.529596 0.104841 1.552962
v -0.539158 0.100147 1.547608
v -0.527875 0.113247 1.540715
v -0.531192 0.097261 1.564082
v -0.540060 0.093048 1.559219
v -0.532302 0.090515 1.573730
v -0.532552 0.084594 1.581516
v -0.540351 0.086838 1.569357
v -0.539449 0.081716 1.577544
v -0.545639 0.081409 1.567029
v -0.548595 0.074632 1.566072
v -0.543973 0.076900 1.576065
v -0.545902 0.087015 1.556458
v -0.549191 0.079564 1.555167
v -0.545458 0.093459 1.544720
v -0.548969 0.085192 1.543542
v -0.544972 0.100457 1.532209
v -0.545014 0.107415 1.518990
v -0.548622 0.091269 1.531478
v -0.538242 0.107962 1.534942
v -0.537978 0.116094 1.520647
v -0.539074 0.124170 1.504117
v -0.526445 0.122164 1.526849
v -0.512664 0.125328 1.535757
v -0.525710 0.131249 1.510842
v -0.509181 0.135022 1.521918
v -0.523864 0.140558 1.493471
v -0.505115 0.144758 1.506580
v -0.543987 0.131786 1.480823
v -0.519076 0.150120 1.475485
v -0.513039 0.159446 1.457516
v -0.535313 0.144172 1.459425
v -0.500355 0.154253 1.489469
v -0.495275 0.163319 1.471686
v -0.480828 0.155883 1.502472
v -0.460663 0.155968 1.511479
v -0.486102 0.145872 1.520148
v -0.476207 0.165273 1.483448
v -0.471627 0.173756 1.465648
v -0.456361 0.165674 1.491560
v -0.452184 0.174249 1.473509
v -0.436238 0.164888 1.494795
v -0.416157 0.162819 1.494001
v -0.432519 0.173461 1.477368
v -0.439999 0.155477 1.513445
v -0.442469 0.145580 1.531299
v -0.419335 0.153601 1.511093
v -0.422291 0.144152 1.527661
v -0.399142 0.149558 1.507156
v -0.396380 0.159304 1.490096
v -0.379546 0.144764 1.500181
v -0.402695 0.139738 1.523982
v -0.382030 0.131017 1.520744
v -0.407955 0.130687 1.539558
v -0.413339 0.122193 1.553791
v -0.395242 0.122980 1.538619
v -0.424900 0.134798 1.542660
v -0.427245 0.125710 1.556265
v -0.442344 0.135574 1.546351
v -0.456680 0.131404 1.551218
v -0.441539 0.125878 1.559371
v -0.453794 0.122032 1.563010
v -0.441970 0.116882 1.571185
v -0.443024 0.108557 1.581805
v -0.452919 0.113351 1.573888
v -0.429466 0.117001 1.568656
v -0.431589 0.108826 1.579857
v -0.417253 0.114062 1.566615
v -0.407164 0.108348 1.565389
v -0.420362 0.106380 1.578195
v -0.410966 0.101460 1.577093
v -0.423318 0.099247 1.588697
v -0.414616 0.094997 1.587846
v -0.433643 0.101282 1.589908
v -0.426149 0.092708 1.597605
v -0.435489 0.094321 1.598491
v -0.418238 0.089184 1.596949
v -0.428869 0.086852 1.604404
v -0.437015 0.087910 1.605273
v -0.422013 0.084202 1.603704
v -0.430701 0.081265 1.609214
v -0.425274 0.080720 1.607545
v -0.430853 0.075560 1.612179
v -0.438125 0.081769 1.610176
v -0.438778 0.075675 1.613135
v -0.445259 0.082065 1.609685
v -0.450088 0.082069 1.608435
v -0.446341 0.076297 1.612277
v -0.445023 0.087842 1.605371
v -0.444898 0.094002 1.599274
v -0.451851 0.085954 1.605379
v -0.456472 0.081579 1.605974
v -0.453044 0.091475 1.599974
v -0.453280 0.097987 1.592621
v -0.458651 0.086463 1.600636
v -0.462162 0.079530 1.601029
v -0.459692 0.092302 1.593698
v -0.460108 0.098924 1.585524
v -0.453072 0.105346 1.583781
v -0.460483 0.106098 1.576452
v -0.461593 0.113474 1.567056
v -0.464230 0.120673 1.557886
v -0.468546 0.124172 1.552699
v -0.467561 0.106434 1.563967
v -0.469989 0.108468 1.560612
v -0.470711 0.093105 1.564507
v -0.473653 0.106361 1.562275
v -0.477942 0.101653 1.567346
v -0.474694 0.120471 1.555211
v -0.481133 0.113076 1.562122
v -0.479829 0.131172 1.545476
v -0.487573 0.121461 1.554734
v -0.465562 0.142579 1.536380
v -0.492611 0.135510 1.533930
v -0.498897 0.125329 1.545501
v -0.493124 0.112450 1.564258
v -0.486338 0.105494 1.570147
v -0.490765 0.098168 1.578487
v -0.482285 0.095853 1.574186
v -0.486588 0.089748 1.581753
v -0.484117 0.079645 1.583357
v -0.494845 0.091514 1.586370
v -0.459262 0.075371 1.606520
v -0.460622 0.068012 1.606393
v -0.454557 0.072215 1.610701
v -0.452559 0.078056 1.609815
v -0.447493 0.070295 1.613471
v -0.455431 0.065469 1.610688
v -0.455584 0.058197 1.610018
v -0.447965 0.063801 1.613578
v -0.448020 0.057016 1.612955
v -0.439180 0.063032 1.614772
v -0.439083 0.069468 1.614542
v -0.439222 0.056442 1.614201
v -0.430076 0.063170 1.613951
v -0.421611 0.064221 1.610794
v -0.430132 0.056512 1.613450
v -0.430298 0.069577 1.613637
v -0.422152 0.070809 1.610491
v -0.423540 0.076615 1.609245
v -0.415643 0.073313 1.604837
v -0.410342 0.076792 1.597082
v -0.417822 0.079505 1.604139
v -0.414769 0.066209 1.604997
v -0.414880 0.058610 1.604653
v -0.409231 0.068922 1.597104
v -0.404679 0.072147 1.587661
v -0.409370 0.060519 1.596844
v -0.410286 0.052053 1.596127
v -0.404901 0.062802 1.587488
v -0.401182 0.065302 1.577128
v -0.405956 0.053447 1.586787
v -0.402362 0.055030 1.576362
v -0.407955 0.044355 1.586013
v -0.411882 0.043861 1.595280
v -0.410994 0.035852 1.585574
v -0.404693 0.045102 1.575450
v -0.401696 0.046235 1.563991
v -0.405928 0.036776 1.562904
v -0.398809 0.047330 1.552700
v -0.399211 0.056726 1.565337
v -0.397907 0.067877 1.566323
v -0.396450 0.058252 1.554829
v -0.395034 0.070129 1.556093
v -0.393979 0.059308 1.545939
v -0.395867 0.047962 1.542694
v -0.391717 0.059567 1.539758
v -0.392481 0.071676 1.547500
v -0.390205 0.072163 1.541577
v -0.391037 0.084679 1.547299
v -0.388414 0.085402 1.541400
v -0.390177 0.098022 1.545302
v -0.393966 0.082466 1.555946
v -0.394118 0.094633 1.554873
v -0.397213 0.079286 1.566277
v -0.400780 0.075672 1.577213
v -0.397976 0.090283 1.565753
v -0.401016 0.100199 1.565277
v -0.401848 0.085537 1.576973
v -0.405026 0.094320 1.576810
v -0.405859 0.080960 1.587608
v -0.408982 0.088732 1.587574
v -0.413159 0.083714 1.596898
v -0.396353 0.106015 1.553370
v -0.390441 0.111443 1.541471
v -0.402237 0.115550 1.552610
v -0.384431 0.113660 1.533087
v -0.379421 0.109845 1.531701
v -0.386444 0.099246 1.538741
v -0.383252 0.097130 1.536921
v -0.380559 0.092979 1.538372
v -0.386069 0.084114 1.539342
v -0.388109 0.071192 1.539375
v -0.383918 0.081381 1.540170
v -0.386111 0.069191 1.539981
v -0.381850 0.077809 1.542916
v -0.384084 0.066587 1.542528
v -0.378325 0.088141 1.541669
v -0.379768 0.073951 1.546652
v -0.376340 0.083166 1.545814
v -0.381933 0.063794 1.546106
v -0.377548 0.070412 1.550424
v -0.374411 0.078647 1.549854
v -0.379532 0.061240 1.549845
v -0.374800 0.067241 1.553801
v -0.371150 0.064443 1.556365
v -0.372094 0.074631 1.553358
v -0.376535 0.058944 1.553261
v -0.377520 0.050228 1.551813
v -0.372566 0.056912 1.555908
v -0.373426 0.048991 1.554695
v -0.367250 0.055161 1.557329
v -0.366182 0.062108 1.557685
v -0.360242 0.053698 1.557037
v -0.368000 0.047896 1.556298
v -0.368402 0.040679 1.554837
v -0.360853 0.046908 1.556136
v -0.361297 0.040151 1.554819
v -0.352762 0.046094 1.554180
v -0.352262 0.052648 1.555030
v -0.344477 0.045580 1.550415
v -0.353261 0.039631 1.552968
v -0.345101 0.039188 1.549284
v -0.353761 0.033539 1.551541
v -0.361574 0.033793 1.553285
v -0.354205 0.028126 1.550059
v -0.345850 0.033195 1.548008
v -0.338662 0.032819 1.542727
v -0.346669 0.027883 1.546733
v -0.347502 0.023559 1.545606
v -0.339911 0.027486 1.541785
v -0.334734 0.026963 1.535312
v -0.341215 0.023198 1.541129
v -0.342728 0.019900 1.540663
v -0.336552 0.022606 1.535379
v -0.333832 0.021834 1.528967
v -0.338662 0.019310 1.535802
v -0.341285 0.016936 1.536512
v -0.336524 0.018521 1.530736
v -0.336608 0.017688 1.526241
v -0.339675 0.016155 1.532612
v -0.343686 0.014485 1.534628
v -0.339883 0.015510 1.529265
v -0.342367 0.014879 1.527431
v -0.343783 0.014031 1.531819
v -0.344754 0.013942 1.530030
v -0.348834 0.012851 1.534048
v -0.348640 0.013088 1.531157
v -0.348904 0.013263 1.536817
v -0.354483 0.012153 1.536116
v -0.354274 0.012445 1.533154
v -0.354705 0.012581 1.538967
v -0.360131 0.012150 1.538170
v -0.359964 0.012433 1.535458
v -0.365155 0.012803 1.539685
v -0.360478 0.012548 1.540897
v -0.365599 0.013229 1.542425
v -0.360173 0.013618 1.543209
v -0.354899 0.013657 1.541598
v -0.364794 0.014268 1.544571
v -0.359937 0.015210 1.545233
v -0.355010 0.015282 1.543886
v -0.363392 0.015373 1.545758
v -0.360464 0.017187 1.547057
v -0.365113 0.016759 1.547176
v -0.361213 0.019855 1.548700
v -0.354982 0.017371 1.545721
v -0.349417 0.017578 1.543440
v -0.354830 0.020106 1.547266
v -0.354580 0.023672 1.548671
v -0.348404 0.020152 1.544531
v -0.361574 0.023492 1.550201
v -0.367694 0.022990 1.550044
v -0.361671 0.028128 1.551683
v -0.368236 0.027861 1.551480
v -0.373065 0.027266 1.549381
v -0.368472 0.033874 1.553159
v -0.373648 0.033725 1.551121
v -0.373773 0.041117 1.552996
v -0.377256 0.033422 1.547504
v -0.379463 0.033039 1.542611
v -0.376118 0.026404 1.545566
v -0.377770 0.041556 1.549768
v -0.380684 0.042118 1.545635
v -0.383002 0.043021 1.541204
v -0.380643 0.051659 1.548150
v -0.383155 0.053335 1.544218
v -0.385417 0.055307 1.540531
v -0.385222 0.044540 1.537039
v -0.387540 0.057230 1.537955
v -0.389608 0.058774 1.537399
v -0.387540 0.046150 1.534053
v -0.390135 0.047355 1.533156
v -0.385417 0.036548 1.528263
v -0.389275 0.037443 1.526386
v -0.379879 0.029450 1.520553
v -0.382877 0.034802 1.532182
v -0.381073 0.033287 1.537249
v -0.377340 0.027423 1.525768
v -0.376202 0.024064 1.532437
v -0.367611 0.023705 1.517634
v -0.366112 0.020988 1.523778
v -0.369610 0.025827 1.510862
v -0.355579 0.022953 1.509306
v -0.343089 0.024490 1.502378
v -0.354732 0.020416 1.516918
v -0.356814 0.025178 1.500603
v -0.343699 0.027029 1.491171
v -0.358466 0.026912 1.491604
v -0.344171 0.029050 1.478933
v -0.373024 0.027048 1.504843
v -0.360270 0.028067 1.482782
v -0.376160 0.027729 1.498196
v -0.345337 0.030144 1.467614
v -0.361963 0.028594 1.474597
v -0.377340 0.028235 1.489566
v -0.363628 0.028749 1.467223
v -0.348071 0.029946 1.459220
v -0.351443 0.029172 1.452696
v -0.337093 0.032003 1.443691
v -0.330821 0.034975 1.451242
v -0.330474 0.034464 1.428252
v -0.341840 0.030009 1.438009
v -0.335636 0.031331 1.424021
v -0.346059 0.028503 1.433138
v -0.350083 0.027300 1.428913
v -0.340466 0.029011 1.420192
v -0.354524 0.028511 1.447032
v -0.357564 0.027962 1.442128
v -0.365349 0.028824 1.460823
v -0.378061 0.029170 1.473434
v -0.367250 0.028846 1.455284
v -0.369471 0.028853 1.450454
v -0.378811 0.029610 1.467290
v -0.391926 0.029945 1.477042
v -0.379963 0.029941 1.461926
v -0.392120 0.030307 1.471164
v -0.381989 0.029782 1.457113
v -0.385375 0.028754 1.452621
v -0.372663 0.028538 1.446226
v -0.392980 0.030067 1.465714
v -0.394715 0.028884 1.460308
v -0.405609 0.028929 1.470940
v -0.405734 0.027560 1.464539
v -0.419418 0.027013 1.473141
v -0.405748 0.029515 1.477050
v -0.406248 0.029482 1.483477
v -0.420334 0.028109 1.479811
v -0.421375 0.028612 1.486700
v -0.435392 0.026648 1.479671
v -0.436876 0.027684 1.486856
v -0.450421 0.025666 1.476844
v -0.433976 0.024991 1.472679
v -0.432283 0.022920 1.465055
v -0.448617 0.023648 1.469831
v -0.462690 0.023735 1.464860
v -0.446660 0.021270 1.462171
v -0.444315 0.018822 1.452972
v -0.460455 0.021474 1.457476
v -0.472862 0.022748 1.451331
v -0.458068 0.019184 1.448552
v -0.455445 0.017112 1.437167
v -0.470378 0.020805 1.443164
v -0.480329 0.022723 1.437326
v -0.468324 0.019092 1.432397
v -0.479232 0.021572 1.427700
v -0.466381 0.017627 1.420098
v -0.452656 0.015334 1.424388
v -0.464272 0.016348 1.407283
v -0.478649 0.020580 1.416170
v -0.489141 0.023473 1.413465
v -0.477456 0.019489 1.403795
v -0.475721 0.018447 1.391808
v -0.488891 0.022565 1.401267
v -0.498092 0.024836 1.400198
v -0.487656 0.021539 1.389363
v -0.485644 0.020639 1.379053
v -0.497301 0.023944 1.388083
v -0.495428 0.023165 1.377562
v -0.505267 0.025785 1.387827
v -0.503491 0.025331 1.376870
v -0.512192 0.027185 1.388453
v -0.505684 0.026422 1.400391
v -0.504407 0.026974 1.413678
v -0.512248 0.027487 1.401689
v -0.518396 0.028194 1.403897
v -0.510347 0.027873 1.415729
v -0.506211 0.028107 1.429758
v -0.515898 0.028402 1.418801
v -0.521602 0.028753 1.422750
v -0.511041 0.028624 1.433690
v -0.503616 0.028635 1.447723
v -0.515953 0.028965 1.438612
v -0.507779 0.029064 1.453587
v -0.521185 0.029233 1.444756
v -0.512359 0.029491 1.460866
v -0.527514 0.028872 1.427620
v -0.526931 0.029500 1.452399
v -0.533010 0.029358 1.459675
v -0.517730 0.030132 1.469946
v -0.533676 0.028745 1.433508
v -0.539865 0.028066 1.440266
v -0.538769 0.029081 1.414985
v -0.540809 0.030640 1.397356
v -0.546041 0.028578 1.421546
v -0.531483 0.028970 1.410531
v -0.532718 0.029806 1.394276
v -0.524752 0.028679 1.406845
v -0.525446 0.029051 1.391750
v -0.518715 0.028237 1.389808
v -0.523739 0.030148 1.378349
v -0.517008 0.028755 1.377389
v -0.530817 0.031643 1.379625
v -0.520089 0.031604 1.366384
v -0.526626 0.033979 1.366465
v -0.513664 0.029522 1.366381
v -0.515010 0.033098 1.355669
v -0.508945 0.034277 1.345944
v -0.520936 0.036286 1.354693
v -0.509098 0.030283 1.356568
v -0.503269 0.027471 1.357578
v -0.503658 0.030812 1.347702
v -0.497759 0.030869 1.339553
v -0.498426 0.027485 1.349416
v -0.492597 0.024367 1.351167
v -0.493180 0.027234 1.341911
v -0.487975 0.023987 1.344165
v -0.486907 0.026985 1.335225
v -0.479024 0.027045 1.329492
v -0.482466 0.023761 1.337992
v -0.490779 0.030774 1.332212
v -0.482105 0.030863 1.325812
v -0.494748 0.035043 1.328912
v -0.485311 0.035271 1.321760
v -0.498870 0.039958 1.325281
v -0.502409 0.034819 1.336995
v -0.507155 0.039319 1.334205
v -0.512012 0.044620 1.331108
v -0.514274 0.038198 1.344025
v -0.519631 0.042877 1.341856
v -0.526820 0.040248 1.353495
v -0.525002 0.048646 1.339347
v -0.517036 0.050954 1.327631
v -0.530387 0.055794 1.336369
v -0.532593 0.045382 1.351900
v -0.538172 0.052046 1.349764
v -0.539588 0.041393 1.365813
v -0.545528 0.047636 1.364129
v -0.545819 0.036953 1.381553
v -0.533204 0.037046 1.366436
v -0.538408 0.033572 1.381103
v -0.551204 0.031886 1.401649
v -0.552356 0.042860 1.379708
v -0.559003 0.038491 1.395585
v -0.557976 0.050488 1.377179
v -0.564721 0.045967 1.392295
v -0.562611 0.059050 1.375576
v -0.550898 0.055344 1.362111
v -0.543432 0.060054 1.347463
v -0.555603 0.064127 1.360449
v -0.548220 0.069149 1.345392
v -0.559530 0.073714 1.359479
v -0.566261 0.068324 1.374931
v -0.562598 0.083819 1.359499
v -0.552397 0.079101 1.343916
v -0.544847 0.084128 1.328373
v -0.555811 0.089697 1.343441
v -0.557976 0.100732 1.344943
v -0.548539 0.095363 1.327206
v -0.551037 0.107109 1.328098
v -0.540753 0.100556 1.310856
v -0.531164 0.105119 1.295030
v -0.543460 0.113244 1.310966
v -0.536882 0.088449 1.312927
v -0.527278 0.092101 1.298118
v -0.532371 0.077388 1.316006
v -0.540476 0.073688 1.330525
v -0.527417 0.067394 1.319718
v -0.522754 0.080338 1.302224
v -0.510485 0.082711 1.289562
v -0.517841 0.069835 1.306944
v -0.505809 0.071685 1.295264
v -0.512775 0.060572 1.311933
v -0.501076 0.062011 1.301219
v -0.522240 0.058571 1.323713
v -0.507821 0.052529 1.316830
v -0.503213 0.045727 1.321274
v -0.496524 0.053624 1.307052
v -0.492444 0.046478 1.312404
v -0.482299 0.054448 1.298361
v -0.464286 0.055252 1.290851
v -0.486157 0.063111 1.291718
v -0.478955 0.047152 1.304577
v -0.476040 0.041026 1.310326
v -0.461996 0.048011 1.297801
v -0.442788 0.048839 1.293066
v -0.460122 0.042068 1.304380
v -0.458568 0.037130 1.310552
v -0.442095 0.043199 1.300306
v -0.423123 0.044062 1.298902
v -0.441664 0.038595 1.307221
v -0.423845 0.039770 1.306241
v -0.441401 0.034621 1.313707
v -0.424636 0.036041 1.313209
v -0.457222 0.032920 1.316279
v -0.441193 0.030888 1.319690
v -0.441123 0.027453 1.325320
v -0.425427 0.032345 1.319677
v -0.456000 0.029131 1.321513
v -0.468921 0.027653 1.324872
v -0.454793 0.025904 1.326362
v -0.466520 0.024577 1.328885
v -0.453502 0.023366 1.330934
v -0.441276 0.024417 1.330734
v -0.463592 0.022397 1.332590
v -0.453336 0.021312 1.335442
v -0.442053 0.021782 1.336113
v -0.460747 0.021214 1.335430
v -0.455501 0.019580 1.340083
v -0.458776 0.018245 1.345188
v -0.464757 0.020187 1.338406
v -0.443871 0.019553 1.341610
v -0.430437 0.019813 1.343660
v -0.446314 0.017731 1.347391
v -0.432477 0.017611 1.349863
v -0.448950 0.016348 1.353607
v -0.434725 0.015802 1.356365
v -0.461954 0.017397 1.351047
v -0.451684 0.015389 1.360287
v -0.465063 0.016963 1.357579
v -0.454377 0.014801 1.367474
v -0.437085 0.014390 1.363262
v -0.439458 0.013361 1.370638
v -0.421916 0.014047 1.366461
v -0.406844 0.014444 1.369869
v -0.419959 0.015664 1.359380
v -0.423942 0.012800 1.374022
v -0.426121 0.011983 1.382365
v -0.408440 0.013351 1.377537
v -0.393605 0.014748 1.380995
v -0.410300 0.012716 1.385947
v -0.395131 0.014475 1.389453
v -0.412590 0.012601 1.395401
v -0.428564 0.011701 1.391795
v -0.415449 0.013122 1.406218
v -0.397255 0.014706 1.398888
v -0.383266 0.017419 1.402210
v -0.400155 0.015558 1.409588
v -0.404041 0.017145 1.421787
v -0.386236 0.018615 1.412779
v -0.374495 0.021560 1.415861
v -0.390441 0.020503 1.424722
v -0.379102 0.023612 1.427662
v -0.395409 0.022574 1.436774
v -0.384806 0.025618 1.439257
v -0.400641 0.024276 1.447666
v -0.408413 0.019158 1.434464
v -0.422943 0.016165 1.431757
v -0.412770 0.021271 1.446583
v -0.416323 0.023373 1.457329
v -0.426718 0.018304 1.444515
v -0.441331 0.016539 1.441411
v -0.429979 0.020627 1.455937
v -0.438001 0.014563 1.428469
v -0.434587 0.013011 1.415201
v -0.431353 0.012028 1.402644
v -0.419043 0.014366 1.418660
v -0.449825 0.013937 1.411255
v -0.447035 0.012997 1.398808
v -0.444412 0.012632 1.388099
v -0.462010 0.015371 1.395072
v -0.459581 0.014801 1.384575
v -0.473514 0.017658 1.381468
v -0.457027 0.014603 1.375473
v -0.470933 0.017116 1.372512
v -0.441886 0.012750 1.378811
v -0.483021 0.019889 1.370086
v -0.468088 0.016872 1.364632
v -0.479940 0.019339 1.362199
v -0.476568 0.019028 1.355153
v -0.489335 0.021955 1.360290
v -0.485533 0.021528 1.353038
v -0.492708 0.022508 1.368372
v -0.496899 0.024675 1.358782
v -0.500618 0.024986 1.367271
v -0.507391 0.027320 1.366644
v -0.510472 0.027177 1.376849
v -0.481480 0.021224 1.346395
v -0.476804 0.021200 1.340594
v -0.473043 0.018990 1.348658
v -0.469171 0.019343 1.342988
v -0.471100 0.021626 1.335894
v -0.475527 0.023914 1.332826
v -0.404596 0.025852 1.457047
v -0.418308 0.025365 1.465912
v -0.396700 0.027327 1.455715
v -0.391218 0.026900 1.449213
v -0.377506 0.027538 1.442441
v -0.370873 0.025613 1.430748
v -0.365016 0.026799 1.434099
v -0.365724 0.023642 1.418862
v -0.359201 0.025129 1.421929
v -0.362296 0.022305 1.408143
v -0.355357 0.024049 1.410887
v -0.371372 0.020156 1.405310
v -0.360298 0.021443 1.398415
v -0.369443 0.019285 1.395804
v -0.359409 0.020943 1.389444
v -0.353164 0.023431 1.400779
v -0.347391 0.025389 1.403061
v -0.352290 0.023075 1.391389
v -0.352387 0.022869 1.382523
v -0.346433 0.025370 1.393109
v -0.346614 0.025388 1.383642
v -0.341201 0.027899 1.394769
v -0.341423 0.028278 1.384560
v -0.335955 0.030777 1.396520
v -0.342312 0.027473 1.405423
v -0.345143 0.027212 1.416741
v -0.337246 0.029853 1.408030
v -0.332153 0.032875 1.410750
v -0.327018 0.036937 1.413465
v -0.330723 0.034377 1.398258
v -0.330848 0.035668 1.386324
v -0.325505 0.039085 1.399863
v -0.320343 0.045259 1.401220
v -0.325533 0.040845 1.387074
v -0.320246 0.047449 1.387646
v -0.326671 0.042156 1.374724
v -0.329502 0.043206 1.362532
v -0.332042 0.036549 1.374787
v -0.321273 0.049176 1.374538
v -0.315860 0.057915 1.374236
v -0.324034 0.050572 1.361562
v -0.318511 0.059658 1.360504
v -0.329169 0.051770 1.348339
v -0.337302 0.052873 1.334549
v -0.323660 0.061131 1.346416
v -0.334554 0.044157 1.350216
v -0.339758 0.037999 1.352010
v -0.342395 0.045183 1.337482
v -0.353594 0.046473 1.324036
v -0.347294 0.039004 1.340360
v -0.357966 0.040513 1.328228
v -0.351943 0.034045 1.343145
v -0.356315 0.029986 1.345816
v -0.344754 0.033034 1.353727
v -0.362129 0.035759 1.332342
v -0.366029 0.031808 1.336302
v -0.374856 0.037668 1.322284
v -0.371331 0.042147 1.316843
v -0.389677 0.039303 1.313939
v -0.378186 0.033893 1.327532
v -0.381239 0.030335 1.332484
v -0.392300 0.035673 1.320267
v -0.407941 0.036579 1.315239
v -0.394743 0.032064 1.326220
v -0.396977 0.028590 1.331947
v -0.409634 0.032925 1.321762
v -0.411258 0.029335 1.327991
v -0.426288 0.028781 1.325823
v -0.412867 0.025908 1.334052
v -0.414533 0.022773 1.340093
v -0.399017 0.025322 1.337630
v -0.427342 0.025435 1.331756
v -0.428688 0.022422 1.337656
v -0.386569 0.024157 1.342121
v -0.400849 0.022363 1.343431
v -0.388581 0.021642 1.347234
v -0.402459 0.019811 1.349517
v -0.416268 0.020015 1.346279
v -0.389816 0.019528 1.352951
v -0.403944 0.017654 1.355914
v -0.390663 0.017785 1.359215
v -0.418072 0.017649 1.352680
v -0.405373 0.015864 1.362680
v -0.391523 0.016439 1.365986
v -0.378936 0.017384 1.369009
v -0.392467 0.015437 1.373265
v -0.379366 0.016897 1.376402
v -0.380074 0.016668 1.384249
v -0.368125 0.018682 1.379076
v -0.368166 0.018721 1.371468
v -0.359340 0.020648 1.381066
v -0.368458 0.018832 1.387123
v -0.359770 0.020458 1.373060
v -0.361130 0.020527 1.365577
v -0.353123 0.022626 1.373978
v -0.355024 0.022571 1.365803
v -0.347585 0.025272 1.374442
v -0.342534 0.028399 1.374633
v -0.349861 0.025259 1.365517
v -0.345059 0.028551 1.364914
v -0.353941 0.025582 1.356808
v -0.349500 0.028983 1.355329
v -0.358563 0.022912 1.358024
v -0.360367 0.026521 1.348337
v -0.369624 0.028296 1.340045
v -0.364364 0.023774 1.350637
v -0.373010 0.025309 1.343626
v -0.368638 0.021868 1.352643
v -0.376327 0.022959 1.347113
v -0.363823 0.021025 1.358794
v -0.372413 0.020881 1.354064
v -0.378672 0.021076 1.351090
v -0.370442 0.019893 1.358413
v -0.379130 0.019477 1.356186
v -0.368860 0.019077 1.364508
v -0.378839 0.018215 1.362219
v -0.384043 0.027065 1.337306
v -0.340049 0.032452 1.364217
v -0.334845 0.037254 1.363420
v -0.337343 0.032066 1.374759
v -0.336150 0.031599 1.385484
v -0.381281 0.016813 1.392769
v -0.406164 0.040169 1.308260
v -0.404360 0.044281 1.300980
v -0.402639 0.049486 1.293540
v -0.386943 0.043525 1.307365
v -0.384182 0.048869 1.300672
v -0.367667 0.047776 1.311297
v -0.381448 0.055894 1.294004
v -0.363934 0.055072 1.305776
v -0.378825 0.065142 1.287488
v -0.401071 0.056357 1.286083
v -0.399753 0.065451 1.278751
v -0.422318 0.056325 1.283641
v -0.422416 0.065329 1.275950
v -0.443843 0.055918 1.285592
v -0.422582 0.049404 1.291335
v -0.445356 0.064839 1.277944
v -0.467103 0.064083 1.283566
v -0.447174 0.075427 1.270349
v -0.449089 0.087478 1.263045
v -0.470212 0.074427 1.276253
v -0.422790 0.076113 1.268434
v -0.423331 0.088360 1.261210
v -0.398670 0.076409 1.271649
v -0.397810 0.088844 1.264838
v -0.376410 0.076267 1.281173
v -0.374273 0.088911 1.275150
v -0.356620 0.075736 1.295133
v -0.353400 0.088524 1.290120
v -0.339938 0.074835 1.311612
v -0.360200 0.064479 1.300368
v -0.344421 0.063543 1.315667
v -0.349056 0.054015 1.319829
v -0.332056 0.062396 1.331596
v -0.326990 0.073613 1.328708
v -0.322383 0.086387 1.325930
v -0.318372 0.072103 1.344532
v -0.313251 0.070299 1.359473
v -0.313640 0.084604 1.342758
v -0.309809 0.098497 1.341195
v -0.308657 0.082386 1.358568
v -0.305049 0.095768 1.357902
v -0.306492 0.079782 1.373774
v -0.306173 0.076869 1.388763
v -0.310822 0.068181 1.373948
v -0.303231 0.092568 1.373869
v -0.303231 0.089069 1.389466
v -0.301399 0.106318 1.374335
v -0.301663 0.120371 1.376127
v -0.301774 0.102054 1.390612
v -0.302815 0.110309 1.357562
v -0.307242 0.113686 1.339927
v -0.302468 0.125428 1.358516
v -0.305993 0.130143 1.339648
v -0.304522 0.140534 1.361691
v -0.306145 0.147853 1.341039
v -0.310004 0.154380 1.368818
v -0.304674 0.134007 1.380176
v -0.305840 0.128040 1.397402
v -0.311114 0.146551 1.387410
v -0.321619 0.157298 1.398759
v -0.312640 0.139848 1.404622
v -0.323493 0.150085 1.415452
v -0.314292 0.133542 1.421535
v -0.307256 0.122441 1.414274
v -0.316013 0.127462 1.437944
v -0.325380 0.143120 1.432030
v -0.339675 0.151286 1.444163
v -0.327226 0.136315 1.448203
v -0.341687 0.143713 1.460100
v -0.328933 0.129565 1.463639
v -0.317775 0.121496 1.453698
v -0.343450 0.135964 1.475568
v -0.330474 0.122782 1.478048
v -0.319538 0.115485 1.468606
v -0.331737 0.115835 1.491114
v -0.344629 0.128092 1.489650
v -0.344851 0.120178 1.501444
v -0.361352 0.131201 1.503057
v -0.359562 0.121933 1.512959
v -0.360658 0.140622 1.488695
v -0.358604 0.149741 1.472285
v -0.377132 0.154811 1.482907
v -0.356356 0.158118 1.456250
v -0.353955 0.166031 1.440640
v -0.374564 0.163712 1.466667
v -0.371886 0.171851 1.451331
v -0.393480 0.168161 1.473775
v -0.412881 0.171421 1.477406
v -0.390496 0.176312 1.458313
v -0.387457 0.183968 1.443804
v -0.409551 0.179469 1.461599
v -0.406234 0.186981 1.446857
v -0.428841 0.181348 1.461148
v -0.448132 0.182020 1.456957
v -0.425219 0.188729 1.446047
v -0.421611 0.196549 1.432202
v -0.444204 0.189312 1.441581
v -0.440318 0.197059 1.427487
v -0.462939 0.188845 1.433622
v -0.467172 0.181539 1.449041
v -0.458776 0.196604 1.419500
v -0.480842 0.187027 1.422468
v -0.476373 0.194885 1.408386
v -0.485422 0.179623 1.437819
v -0.497329 0.183586 1.408416
v -0.492500 0.191624 1.394289
v -0.502256 0.176030 1.423784
v -0.511790 0.178252 1.391789
v -0.506544 0.186534 1.377380
v -0.517105 0.170491 1.407355
v -0.523656 0.170710 1.372872
v -0.529401 0.162765 1.388996
v -0.517883 0.179327 1.357804
v -0.532885 0.161358 1.353669
v -0.526404 0.170232 1.337514
v -0.539060 0.153287 1.370504
v -0.539449 0.150553 1.336200
v -0.532010 0.159508 1.318447
v -0.546055 0.142550 1.353658
v -0.543321 0.138679 1.322444
v -0.534939 0.147213 1.303685
v -0.550315 0.130988 1.340271
v -0.544487 0.126093 1.314433
v -0.551800 0.119079 1.332095
v -0.535438 0.133374 1.296225
v -0.534023 0.119008 1.294022
v -0.523628 0.141211 1.277313
v -0.506641 0.146817 1.260067
v -0.521477 0.124300 1.277781
v -0.524447 0.157356 1.283356
v -0.509001 0.172160 1.256930
v -0.523420 0.170330 1.300284
v -0.515301 0.184657 1.285485
v -0.519603 0.180806 1.322465
v -0.512928 0.194149 1.310001
v -0.512054 0.189471 1.344290
v -0.506128 0.202056 1.332826
v -0.501215 0.196245 1.364429
v -0.495692 0.208279 1.353212
v -0.487615 0.201034 1.381580
v -0.482480 0.212736 1.370424
v -0.471849 0.204115 1.395694
v -0.467103 0.215649 1.384514
v -0.454571 0.205764 1.406768
v -0.450199 0.217243 1.395533
v -0.436405 0.206233 1.414768
v -0.432394 0.217753 1.403546
v -0.417988 0.205783 1.419690
v -0.414311 0.217375 1.408620
v -0.399558 0.204308 1.421008
v -0.396200 0.216029 1.410130
v -0.402903 0.194946 1.433287
v -0.381350 0.201661 1.418254
v -0.384404 0.192102 1.430397
v -0.378297 0.213621 1.407524
v -0.363587 0.197736 1.410929
v -0.346530 0.192397 1.398522
v -0.360853 0.210056 1.400206
v -0.366362 0.187901 1.423202
v -0.369138 0.179589 1.436751
v -0.349001 0.182211 1.411315
v -0.351499 0.173744 1.425506
v -0.333221 0.174875 1.396766
v -0.319899 0.165708 1.381557
v -0.335373 0.166333 1.412152
v -0.331154 0.185348 1.382274
v -0.329169 0.198921 1.370195
v -0.318414 0.176267 1.363427
v -0.309643 0.164121 1.347746
v -0.317081 0.190745 1.348569
v -0.310461 0.178805 1.318615
v -0.315763 0.210956 1.341183
v -0.314181 0.234060 1.337824
v -0.327282 0.216744 1.362021
v -0.309268 0.208161 1.318527
v -0.307450 0.232183 1.317538
v -0.309781 0.212172 1.296174
v -0.314778 0.218815 1.275702
v -0.306881 0.232901 1.297176
v -0.316332 0.194477 1.289591
v -0.321828 0.204893 1.269756
v -0.329960 0.183640 1.273400
v -0.334221 0.195559 1.257507
v -0.327060 0.169325 1.287325
v -0.348584 0.177533 1.254012
v -0.350847 0.189717 1.242667
v -0.346988 0.164093 1.264270
v -0.370137 0.173969 1.237810
v -0.369818 0.160924 1.246118
v -0.394063 0.172428 1.226596
v -0.370609 0.186256 1.228976
v -0.371067 0.198105 1.220538
v -0.392661 0.184761 1.218773
v -0.416170 0.184805 1.214428
v -0.391162 0.196700 1.211431
v -0.412326 0.196788 1.207182
v -0.389719 0.208509 1.205284
v -0.408871 0.208598 1.201118
v -0.388470 0.220450 1.201022
v -0.371317 0.209827 1.213449
v -0.354843 0.212204 1.224079
v -0.371136 0.221757 1.208618
v -0.355301 0.223807 1.218810
v -0.370720 0.234345 1.205552
v -0.370220 0.248053 1.203742
v -0.387471 0.233044 1.198261
v -0.355010 0.236269 1.215663
v -0.340785 0.238153 1.228148
v -0.354469 0.250003 1.213783
v -0.353983 0.265303 1.212513
v -0.339619 0.252098 1.226417
v -0.338870 0.267667 1.224656
v -0.326532 0.253225 1.241443
v -0.328447 0.238911 1.242764
v -0.316040 0.252283 1.258672
v -0.323451 0.270548 1.239968
v -0.326185 0.288049 1.232383
v -0.313140 0.265852 1.258377
v -0.313459 0.281155 1.247557
v -0.308033 0.275710 1.259998
v -0.306492 0.288153 1.252174
v -0.316304 0.292837 1.239817
v -0.308824 0.298020 1.245342
v -0.317442 0.308201 1.235255
v -0.317706 0.324734 1.232324
v -0.327032 0.305300 1.228522
v -0.309990 0.311343 1.240735
v -0.310573 0.326551 1.237468
v -0.304036 0.314507 1.245909
v -0.304827 0.329118 1.242639
v -0.303162 0.302533 1.249894
v -0.298887 0.317408 1.251893
v -0.299692 0.332068 1.249011
v -0.293780 0.319776 1.259803
v -0.298457 0.305805 1.254927
v -0.293836 0.307295 1.261909
v -0.298304 0.298806 1.257736
v -0.301413 0.294058 1.255423
v -0.295057 0.297398 1.263342
v -0.291268 0.297628 1.271222
v -0.298013 0.289944 1.263328
v -0.294044 0.289752 1.272410
v -0.302426 0.283273 1.262134
v -0.297735 0.282987 1.273618
v -0.293530 0.286864 1.285025
v -0.302024 0.275584 1.274867
v -0.305923 0.265682 1.276106
v -0.297375 0.279846 1.289806
v -0.301247 0.269364 1.294193
v -0.294155 0.289168 1.302166
v -0.300178 0.279112 1.313750
v -0.290172 0.295051 1.294603
v -0.292420 0.304235 1.309242
v -0.288062 0.307669 1.300600
v -0.299220 0.301896 1.320071
v -0.291476 0.322429 1.312790
v -0.290699 0.341103 1.314566
v -0.298540 0.322420 1.322743
v -0.286813 0.323280 1.304085
v -0.286022 0.340488 1.306152
v -0.284357 0.324294 1.295960
v -0.285717 0.310491 1.293372
v -0.284052 0.324654 1.287667
v -0.283635 0.340750 1.297847
v -0.283177 0.358477 1.299432
v -0.283510 0.340834 1.288934
v -0.283344 0.358905 1.290374
v -0.285675 0.339713 1.278656
v -0.289506 0.337667 1.267964
v -0.285856 0.323621 1.278414
v -0.285925 0.357699 1.279251
v -0.286314 0.376582 1.280315
v -0.290200 0.355285 1.267372
v -0.291046 0.373910 1.267262
v -0.295390 0.352061 1.255995
v -0.294377 0.335021 1.257770
v -0.300775 0.348495 1.246401
v -0.296556 0.369997 1.254648
v -0.301982 0.365416 1.244170
v -0.298360 0.388466 1.252860
v -0.304244 0.382430 1.241049
v -0.301233 0.407132 1.249709
v -0.292184 0.393122 1.267362
v -0.286980 0.396160 1.282158
v -0.293683 0.412472 1.267390
v -0.295071 0.431389 1.267260
v -0.288062 0.416258 1.285059
v -0.289367 0.436051 1.287300
v -0.284954 0.415646 1.299950
v -0.283594 0.396415 1.295103
v -0.284898 0.407784 1.309286
v -0.287688 0.438453 1.308201
v -0.289575 0.420591 1.317278
v -0.295834 0.449972 1.325240
v -0.290061 0.460861 1.306257
v -0.295515 0.468546 1.323117
v -0.291449 0.478651 1.304510
v -0.290685 0.454731 1.287133
v -0.291990 0.472083 1.285699
v -0.295834 0.449301 1.266829
v -0.303953 0.443743 1.246432
v -0.296472 0.466096 1.266073
v -0.303661 0.460806 1.246628
v -0.297430 0.481746 1.264935
v -0.304175 0.476258 1.246062
v -0.293239 0.487919 1.284141
v -0.298915 0.496669 1.263560
v -0.301122 0.511313 1.262052
v -0.294807 0.502850 1.282434
v -0.305465 0.490787 1.245070
v -0.313473 0.485356 1.227765
v -0.307519 0.505077 1.243971
v -0.315277 0.498765 1.227029
v -0.310212 0.520333 1.242549
v -0.303703 0.526941 1.260526
v -0.313459 0.537772 1.240600
v -0.318011 0.512940 1.225697
v -0.321828 0.528829 1.223249
v -0.326005 0.504376 1.210782
v -0.329932 0.516876 1.208245
v -0.334096 0.495843 1.197574
v -0.323451 0.492349 1.211964
v -0.331917 0.486213 1.198475
v -0.321911 0.480490 1.212420
v -0.321023 0.468491 1.212838
v -0.330654 0.476252 1.198744
v -0.339550 0.472649 1.186416
v -0.329905 0.466180 1.199015
v -0.330293 0.456221 1.198673
v -0.338925 0.464463 1.186568
v -0.339120 0.456562 1.186410
v -0.347960 0.463042 1.175129
v -0.347821 0.456521 1.175265
v -0.348501 0.469718 1.175102
v -0.356870 0.461564 1.164344
v -0.366182 0.460391 1.155025
v -0.357341 0.467508 1.164483
v -0.356523 0.455644 1.164704
v -0.356217 0.449809 1.165923
v -0.365752 0.454556 1.155494
v -0.376118 0.453897 1.148413
v -0.365141 0.448553 1.157341
v -0.375688 0.447715 1.150388
v -0.363906 0.442369 1.161440
v -0.375036 0.441214 1.154590
v -0.361658 0.435923 1.168625
v -0.354913 0.444168 1.169360
v -0.349056 0.445886 1.175865
v -0.351540 0.438775 1.176386
v -0.344296 0.443127 1.182787
v -0.346628 0.432348 1.186083
v -0.358785 0.428472 1.177675
v -0.337482 0.438313 1.193315
v -0.340632 0.423581 1.197545
v -0.336164 0.411588 1.207235
v -0.355704 0.419269 1.187354
v -0.328989 0.431049 1.206512
v -0.323257 0.442681 1.210987
v -0.317026 0.418275 1.224211
v -0.321980 0.394939 1.221814
v -0.313570 0.440682 1.227361
v -0.308505 0.399141 1.235741
v -0.303620 0.425667 1.246976
v -0.313348 0.387402 1.229242
v -0.316124 0.373186 1.227633
v -0.308602 0.375184 1.234313
v -0.306451 0.360697 1.237498
v -0.311822 0.368665 1.231548
v -0.311142 0.357584 1.232823
v -0.310864 0.342384 1.235008
v -0.317248 0.357806 1.228349
v -0.317525 0.341546 1.230276
v -0.325894 0.359036 1.222816
v -0.324575 0.376810 1.221708
v -0.326518 0.341272 1.224507
v -0.338176 0.358918 1.214990
v -0.337246 0.377236 1.213316
v -0.338787 0.340374 1.216529
v -0.353178 0.358173 1.206286
v -0.369971 0.357550 1.198192
v -0.352845 0.376206 1.204188
v -0.353525 0.339336 1.207734
v -0.353747 0.320049 1.208870
v -0.369915 0.338600 1.199489
v -0.387152 0.338663 1.193213
v -0.369790 0.319046 1.200450
v -0.386707 0.318842 1.193957
v -0.369679 0.299530 1.201188
v -0.353858 0.300901 1.209949
v -0.369665 0.280763 1.201884
v -0.386360 0.299003 1.194493
v -0.403361 0.299549 1.191055
v -0.386208 0.279899 1.195002
v -0.403222 0.280137 1.191374
v -0.386305 0.262241 1.195664
v -0.403361 0.262282 1.191873
v -0.386735 0.246796 1.196604
v -0.369818 0.263372 1.202694
v -0.403833 0.246765 1.192704
v -0.421097 0.247391 1.192012
v -0.404790 0.233025 1.194264
v -0.422166 0.233621 1.193490
v -0.406414 0.220485 1.196941
v -0.423970 0.221289 1.196121
v -0.440138 0.222245 1.198282
v -0.427231 0.209763 1.200347
v -0.443246 0.211660 1.202338
v -0.432644 0.198456 1.206609
v -0.450255 0.201769 1.208574
v -0.439236 0.186831 1.214432
v -0.446008 0.174380 1.223339
v -0.459942 0.191286 1.217333
v -0.471100 0.178912 1.228946
v -0.475332 0.199286 1.220571
v -0.463064 0.207889 1.210736
v -0.482424 0.212005 1.221611
v -0.489585 0.188265 1.234754
v -0.495927 0.204705 1.236544
v -0.506017 0.200586 1.255359
v -0.495261 0.224906 1.236084
v -0.492777 0.245598 1.235158
v -0.502589 0.223708 1.253749
v -0.483979 0.228102 1.221381
v -0.482757 0.246274 1.220723
v -0.470406 0.231385 1.209799
v -0.469642 0.247429 1.208987
v -0.455209 0.233739 1.201316
v -0.469004 0.217980 1.210771
v -0.455084 0.221713 1.203233
v -0.454030 0.213672 1.205285
v -0.439041 0.234179 1.195853
v -0.454418 0.248292 1.200171
v -0.453225 0.265187 1.199551
v -0.438098 0.248076 1.194512
v -0.437307 0.264179 1.193851
v -0.420528 0.263062 1.191276
v -0.436668 0.282648 1.193535
v -0.436321 0.302787 1.193451
v -0.420209 0.281155 1.190897
v -0.452101 0.284280 1.199195
v -0.451226 0.304946 1.199074
v -0.465979 0.285745 1.207802
v -0.464410 0.307087 1.207474
v -0.467811 0.265697 1.208328
v -0.477553 0.287273 1.219058
v -0.486046 0.289095 1.232641
v -0.475235 0.309344 1.218369
v -0.480162 0.266135 1.219882
v -0.489377 0.266938 1.233956
v -0.494581 0.268573 1.250221
v -0.490668 0.291467 1.248240
v -0.494873 0.271466 1.268392
v -0.498661 0.246177 1.252040
v -0.499439 0.248767 1.271146
v -0.504268 0.226379 1.274173
v -0.495830 0.252654 1.291298
v -0.488572 0.257121 1.311300
v -0.490973 0.275152 1.287478
v -0.501173 0.231223 1.295778
v -0.494151 0.236502 1.316916
v -0.506836 0.211343 1.301561
v -0.500077 0.217935 1.323897
v -0.509237 0.204183 1.277876
v -0.489821 0.223515 1.344003
v -0.483951 0.241418 1.336396
v -0.476928 0.227621 1.361000
v -0.471322 0.245184 1.353024
v -0.461968 0.230407 1.374953
v -0.445536 0.231999 1.385917
v -0.456791 0.247841 1.366786
v -0.451906 0.267462 1.359758
v -0.440859 0.249474 1.377693
v -0.424039 0.250151 1.385745
v -0.436474 0.269137 1.370665
v -0.420153 0.269898 1.378784
v -0.432658 0.290428 1.364633
v -0.429702 0.312816 1.359385
v -0.416767 0.291275 1.372876
v -0.447660 0.288711 1.353657
v -0.461399 0.286211 1.340171
v -0.444384 0.311096 1.348230
v -0.442011 0.334427 1.343645
v -0.457805 0.308637 1.334714
v -0.469615 0.305571 1.319142
v -0.455195 0.332008 1.330018
v -0.453558 0.356160 1.326320
v -0.466728 0.329014 1.314583
v -0.464868 0.353181 1.310941
v -0.476276 0.325549 1.297755
v -0.483257 0.321851 1.280293
v -0.479482 0.302001 1.301858
v -0.474083 0.349696 1.294488
v -0.472973 0.374336 1.292349
v -0.480731 0.345911 1.277583
v -0.479302 0.370378 1.275878
v -0.484353 0.342074 1.260872
v -0.484492 0.338378 1.245007
v -0.482674 0.366260 1.259687
v -0.487087 0.318169 1.262942
v -0.490682 0.294621 1.265545
v -0.487212 0.314766 1.246418
v -0.483049 0.311864 1.231453
v -0.480703 0.335071 1.230619
v -0.479302 0.358509 1.230335
v -0.473487 0.332045 1.217974
v -0.463356 0.329225 1.207394
v -0.472598 0.355004 1.218005
v -0.463037 0.351673 1.207601
v -0.472834 0.377918 1.218592
v -0.479163 0.381991 1.230842
v -0.473931 0.400365 1.219506
v -0.463703 0.373947 1.208130
v -0.465146 0.395832 1.208625
v -0.451990 0.369988 1.199723
v -0.453641 0.391168 1.199676
v -0.450990 0.348425 1.199375
v -0.437973 0.366002 1.193635
v -0.436863 0.345180 1.193592
v -0.439444 0.386062 1.193039
v -0.422193 0.362369 1.190135
v -0.423318 0.381323 1.189032
v -0.421153 0.342263 1.190495
v -0.405221 0.359485 1.189536
v -0.406012 0.377708 1.187948
v -0.404402 0.339997 1.190288
v -0.387623 0.357742 1.192123
v -0.388081 0.375598 1.190166
v -0.370068 0.375373 1.196014
v -0.388428 0.391776 1.186839
v -0.388623 0.405796 1.181678
v -0.406553 0.394171 1.185031
v -0.370331 0.391575 1.192464
v -0.370859 0.405646 1.187039
v -0.352651 0.392998 1.201016
v -0.353345 0.407669 1.195760
v -0.335803 0.395471 1.211616
v -0.371775 0.417091 1.179219
v -0.372899 0.426461 1.170314
v -0.388609 0.417191 1.174151
v -0.406026 0.419740 1.173146
v -0.388456 0.426539 1.165551
v -0.404999 0.428970 1.164923
v -0.388248 0.434406 1.157188
v -0.388067 0.441343 1.150340
v -0.403847 0.436648 1.156854
v -0.374037 0.434309 1.161673
v -0.419085 0.440429 1.159352
v -0.402834 0.443410 1.150233
v -0.402237 0.449874 1.146281
v -0.417364 0.446598 1.153019
v -0.429702 0.450138 1.157492
v -0.416656 0.452762 1.149337
v -0.416476 0.458865 1.147613
v -0.429549 0.455814 1.154430
v -0.440277 0.457906 1.160970
v -0.430243 0.461870 1.153178
v -0.442150 0.464406 1.160405
v -0.430257 0.468026 1.152786
v -0.429757 0.474191 1.152935
v -0.416281 0.464853 1.147154
v -0.442497 0.471231 1.160194
v -0.441831 0.478144 1.160218
v -0.451809 0.473998 1.168624
v -0.458998 0.476686 1.178082
v -0.451060 0.482368 1.168662
v -0.451088 0.465765 1.168569
v -0.448215 0.457946 1.168339
v -0.457971 0.466491 1.177716
v -0.463703 0.467167 1.187920
v -0.454418 0.456481 1.176834
v -0.459956 0.454055 1.186720
v -0.447368 0.447282 1.174798
v -0.452281 0.441849 1.184213
v -0.435836 0.439563 1.171014
v -0.442247 0.450952 1.166929
v -0.432213 0.445152 1.163317
v -0.437654 0.453007 1.161713
v -0.421222 0.433412 1.167158
v -0.439319 0.432076 1.179690
v -0.441470 0.421112 1.187181
v -0.423193 0.424707 1.175288
v -0.424400 0.413428 1.182286
v -0.424247 0.398657 1.186628
v -0.406636 0.408352 1.180270
v -0.441068 0.405114 1.191254
v -0.455778 0.411845 1.198680
v -0.458471 0.433301 1.195532
v -0.467172 0.417168 1.208700
v -0.475568 0.421941 1.220520
v -0.469740 0.437313 1.208949
v -0.472779 0.455640 1.209968
v -0.477497 0.442130 1.221657
v -0.479482 0.460448 1.222926
v -0.482827 0.447472 1.234966
v -0.485519 0.453078 1.249034
v -0.481258 0.426996 1.233363
v -0.484312 0.465892 1.236497
v -0.486810 0.471642 1.250840
v -0.485436 0.482757 1.237988
v -0.481050 0.477253 1.224196
v -0.485949 0.498524 1.239415
v -0.487767 0.488498 1.252608
v -0.488183 0.504187 1.254342
v -0.487323 0.494130 1.268105
v -0.487601 0.509659 1.270134
v -0.484020 0.499425 1.284080
v -0.486518 0.477352 1.266057
v -0.483382 0.482768 1.281808
v -0.485366 0.458715 1.264059
v -0.484034 0.437609 1.262147
v -0.482341 0.464100 1.279643
v -0.481036 0.442785 1.277694
v -0.476429 0.468988 1.295418
v -0.467575 0.473109 1.310998
v -0.475152 0.447534 1.293471
v -0.477345 0.487630 1.297694
v -0.468352 0.491725 1.313344
v -0.477831 0.504166 1.300162
v -0.468685 0.508138 1.315967
v -0.477817 0.519273 1.302671
v -0.468546 0.523096 1.318659
v -0.484159 0.514736 1.286376
v -0.477234 0.533671 1.305109
v -0.467894 0.537316 1.321254
v -0.476013 0.548037 1.307340
v -0.483673 0.529365 1.288588
v -0.487198 0.524519 1.272092
v -0.482438 0.543951 1.290649
v -0.485921 0.539337 1.273939
v -0.480620 0.559592 1.292773
v -0.484006 0.555182 1.275865
v -0.474278 0.563472 1.309607
v -0.478358 0.577361 1.295149
v -0.472113 0.581037 1.312167
v -0.481619 0.573142 1.278015
v -0.475818 0.598333 1.298020
v -0.478982 0.594288 1.280578
v -0.473140 0.623592 1.301575
v -0.469670 0.601846 1.315264
v -0.467033 0.626959 1.319154
v -0.460622 0.604862 1.331850
v -0.458068 0.629840 1.335966
v -0.462967 0.584202 1.328598
v -0.448784 0.607398 1.347293
v -0.446341 0.632280 1.351452
v -0.434614 0.609256 1.360612
v -0.450977 0.586836 1.344039
v -0.452892 0.569491 1.341364
v -0.436627 0.588751 1.357468
v -0.438361 0.571450 1.354903
v -0.420403 0.589765 1.367901
v -0.418627 0.610209 1.370810
v -0.421916 0.572495 1.365557
v -0.402792 0.589649 1.374358
v -0.401279 0.610031 1.376907
v -0.404041 0.572442 1.372388
v -0.384251 0.588233 1.375855
v -0.383071 0.608509 1.377907
v -0.365738 0.585681 1.372946
v -0.385209 0.571133 1.374397
v -0.385986 0.556134 1.373205
v -0.366334 0.568717 1.372110
v -0.366820 0.553855 1.371568
v -0.348376 0.565315 1.366052
v -0.348487 0.550590 1.366187
v -0.332236 0.561102 1.356719
v -0.348196 0.582183 1.366224
v -0.332528 0.577930 1.356281
v -0.347793 0.602284 1.367113
v -0.332569 0.598021 1.356574
v -0.364933 0.605848 1.374417
v -0.347016 0.626694 1.369060
v -0.345809 0.654305 1.372182
v -0.363809 0.630283 1.376918
v -0.332139 0.622491 1.357992
v -0.331154 0.650147 1.360572
v -0.320107 0.617906 1.344363
v -0.319343 0.645719 1.346385
v -0.320190 0.593294 1.343475
v -0.311114 0.613077 1.328768
v -0.305382 0.608097 1.311816
v -0.310573 0.641116 1.330273
v -0.310892 0.588223 1.328343
v -0.304896 0.582917 1.311743
v -0.309948 0.567844 1.328958
v -0.308602 0.550769 1.330303
v -0.303564 0.562294 1.312641
v -0.319690 0.573101 1.343685
v -0.318886 0.556199 1.344638
v -0.318011 0.541427 1.345954
v -0.317331 0.527654 1.347279
v -0.331917 0.546403 1.357493
v -0.307172 0.535837 1.332011
v -0.299789 0.529851 1.316160
v -0.305937 0.521878 1.333756
v -0.298055 0.515647 1.318159
v -0.305243 0.507720 1.335213
v -0.305077 0.492766 1.336450
v -0.296903 0.501202 1.319914
v -0.317123 0.513750 1.348232
v -0.317456 0.499120 1.348962
v -0.331972 0.518996 1.358614
v -0.331750 0.532745 1.358261
v -0.332611 0.504506 1.358703
v -0.349181 0.523143 1.365921
v -0.367903 0.526201 1.369876
v -0.348709 0.536891 1.366262
v -0.349931 0.508641 1.365317
v -0.351013 0.492721 1.364642
v -0.368624 0.511617 1.368579
v -0.369540 0.495588 1.367253
v -0.387929 0.513485 1.368266
v -0.387304 0.528206 1.370199
v -0.407039 0.514338 1.364170
v -0.388581 0.497334 1.366360
v -0.389303 0.479037 1.364716
v -0.407427 0.498068 1.361821
v -0.425344 0.497912 1.353427
v -0.407746 0.479653 1.359777
v -0.408024 0.458402 1.358285
v -0.425316 0.479423 1.351161
v -0.425108 0.458043 1.349463
v -0.441484 0.478278 1.339634
v -0.440859 0.456799 1.337813
v -0.455751 0.476192 1.325987
v -0.441831 0.496825 1.342023
v -0.441845 0.513172 1.344745
v -0.456333 0.494767 1.328389
v -0.456514 0.511141 1.331097
v -0.456278 0.526031 1.333915
v -0.455598 0.540170 1.336608
v -0.441526 0.528048 1.347563
v -0.424789 0.529103 1.358745
v -0.440846 0.542173 1.350257
v -0.439777 0.556292 1.352603
v -0.424123 0.543226 1.361300
v -0.405901 0.543255 1.368822
v -0.423165 0.557341 1.363466
v -0.405068 0.557322 1.370657
v -0.386666 0.542188 1.371924
v -0.406539 0.529166 1.366586
v -0.367306 0.540046 1.370950
v -0.454446 0.554303 1.338996
v -0.466686 0.551518 1.323585
v -0.465021 0.566775 1.325952
v -0.425177 0.514229 1.356038
v -0.454793 0.454656 1.324112
v -0.466395 0.451586 1.309067
v -0.453780 0.431038 1.322969
v -0.453017 0.406189 1.322793
v -0.440207 0.433252 1.336753
v -0.465174 0.427980 1.307841
v -0.473889 0.424065 1.292118
v -0.464258 0.403157 1.307567
v -0.464050 0.377940 1.308523
v -0.473043 0.399404 1.291647
v -0.479121 0.395176 1.275513
v -0.479829 0.419563 1.276211
v -0.482327 0.390703 1.259676
v -0.482896 0.414705 1.260589
v -0.482396 0.386231 1.244615
v -0.482965 0.409764 1.245676
v -0.482799 0.362226 1.244313
v -0.484117 0.432251 1.247229
v -0.479912 0.404997 1.231926
v -0.452836 0.380946 1.323832
v -0.439763 0.383272 1.337697
v -0.439749 0.408460 1.336645
v -0.425219 0.384851 1.349452
v -0.440499 0.358540 1.340073
v -0.426066 0.360186 1.351688
v -0.410633 0.361018 1.360598
v -0.427537 0.336124 1.355037
v -0.412118 0.336994 1.363724
v -0.396103 0.336931 1.369319
v -0.414130 0.313696 1.367850
v -0.397990 0.313617 1.373293
v -0.400377 0.291180 1.378208
v -0.381642 0.312741 1.375474
v -0.383807 0.290288 1.380251
v -0.365405 0.311218 1.374156
v -0.379852 0.336016 1.371626
v -0.378270 0.359933 1.368696
v -0.363739 0.334386 1.370532
v -0.348126 0.332120 1.365897
v -0.362129 0.358139 1.367758
v -0.360422 0.382351 1.365753
v -0.346572 0.355560 1.363406
v -0.344740 0.379414 1.361560
v -0.331986 0.352277 1.355597
v -0.318733 0.348732 1.345572
v -0.330168 0.375540 1.354053
v -0.333388 0.329356 1.357551
v -0.334651 0.306735 1.360026
v -0.319940 0.326503 1.346708
v -0.308186 0.323986 1.334581
v -0.320926 0.304317 1.347940
v -0.322036 0.282016 1.349729
v -0.308921 0.302318 1.333791
v -0.310004 0.280160 1.333510
v -0.312002 0.257272 1.335060
v -0.304855 0.255224 1.315999
v -0.323618 0.259429 1.352523
v -0.325450 0.237393 1.356542
v -0.337690 0.262144 1.367130
v -0.353331 0.264886 1.377962
v -0.336011 0.284349 1.363177
v -0.339633 0.240989 1.372257
v -0.355648 0.244344 1.383952
v -0.341798 0.221737 1.378959
v -0.358174 0.225839 1.391292
v -0.344116 0.205255 1.387581
v -0.375258 0.228941 1.398355
v -0.392800 0.231081 1.400758
v -0.372358 0.246994 1.390593
v -0.369693 0.267138 1.384083
v -0.389511 0.248866 1.392751
v -0.386471 0.268797 1.385953
v -0.406831 0.249929 1.390941
v -0.403389 0.269760 1.384034
v -0.410522 0.232286 1.399084
v -0.428189 0.232579 1.393943
v -0.367334 0.288760 1.378655
v -0.351305 0.286726 1.373085
v -0.349639 0.309152 1.369087
v -0.304230 0.252850 1.296583
v -0.308491 0.251436 1.277301
v -0.311003 0.235060 1.277495
v -0.318358 0.237483 1.259281
v -0.321717 0.223910 1.258631
v -0.330710 0.226593 1.243951
v -0.327851 0.212868 1.254506
v -0.333138 0.218154 1.244677
v -0.338537 0.205606 1.244717
v -0.353150 0.201059 1.232351
v -0.341548 0.215264 1.235570
v -0.341867 0.225984 1.230623
v -0.307200 0.345390 1.334558
v -0.297721 0.342691 1.323809
v -0.305687 0.366811 1.334006
v -0.317026 0.371184 1.344474
v -0.296459 0.362874 1.323877
v -0.303356 0.388560 1.333171
v -0.314569 0.394051 1.343340
v -0.294446 0.383133 1.323528
v -0.300608 0.409988 1.331509
v -0.297819 0.430460 1.328449
v -0.311738 0.416625 1.342045
v -0.292045 0.402657 1.321693
v -0.286466 0.394646 1.314166
v -0.288187 0.378157 1.315667
v -0.284329 0.387610 1.308995
v -0.284329 0.375262 1.308545
v -0.282872 0.392709 1.304070
v -0.282608 0.376026 1.301146
v -0.283219 0.377469 1.292180
v -0.285328 0.358182 1.307419
v -0.289714 0.359813 1.315287
v -0.308935 0.438234 1.340449
v -0.324964 0.422524 1.351735
v -0.322272 0.444772 1.350863
v -0.339952 0.427400 1.359403
v -0.327712 0.399196 1.352780
v -0.342450 0.403611 1.360249
v -0.358424 0.406896 1.364505
v -0.375147 0.409108 1.365504
v -0.356315 0.430995 1.363889
v -0.354274 0.453854 1.363769
v -0.373537 0.433391 1.365108
v -0.372011 0.456437 1.365345
v -0.391065 0.434726 1.363001
v -0.390135 0.457903 1.363555
v -0.408371 0.435096 1.357497
v -0.392120 0.410300 1.363192
v -0.393286 0.385432 1.364238
v -0.408857 0.410556 1.357524
v -0.409578 0.385589 1.358516
v -0.424886 0.409928 1.348444
v -0.424900 0.434595 1.348498
v -0.376743 0.384353 1.366659
v -0.394562 0.360916 1.366291
v -0.370651 0.477439 1.366106
v -0.352443 0.474680 1.364061
v -0.335331 0.470666 1.358709
v -0.319954 0.465218 1.350163
v -0.337496 0.450002 1.358913
v -0.333707 0.488613 1.358680
v -0.318372 0.483141 1.349565
v -0.305465 0.476408 1.337601
v -0.306673 0.458345 1.338853
v -0.296112 0.485756 1.321534
v -0.292698 0.494498 1.302757
v -0.294183 0.509232 1.300901
v -0.296292 0.523671 1.298855
v -0.298624 0.539056 1.296889
v -0.297055 0.517502 1.280592
v -0.299553 0.533098 1.278817
v -0.301913 0.550907 1.277333
v -0.300789 0.556598 1.295258
v -0.303675 0.572154 1.276382
v -0.306326 0.544778 1.259055
v -0.308352 0.566317 1.258113
v -0.309185 0.593009 1.258130
v -0.316096 0.559471 1.239322
v -0.316970 0.587562 1.239909
v -0.327809 0.549723 1.218224
v -0.327393 0.583848 1.222350
v -0.342187 0.555709 1.201290
v -0.336386 0.527434 1.202760
v -0.346544 0.533578 1.192763
v -0.343200 0.512226 1.191064
v -0.351624 0.516633 1.183265
v -0.348987 0.501378 1.181758
v -0.337607 0.504909 1.195462
v -0.344712 0.495842 1.184818
v -0.351776 0.489671 1.175466
v -0.342214 0.488560 1.185856
v -0.350402 0.482991 1.175258
v -0.340577 0.480753 1.186293
v -0.349306 0.476353 1.175131
v -0.358035 0.473398 1.164748
v -0.358757 0.479586 1.165369
v -0.367195 0.471788 1.155825
v -0.366612 0.466116 1.155334
v -0.377243 0.471385 1.149101
v -0.367681 0.477956 1.156849
v -0.367819 0.485155 1.158783
v -0.377617 0.477682 1.150330
v -0.377687 0.485148 1.152467
v -0.388858 0.478500 1.146567
v -0.388983 0.486091 1.148674
v -0.401751 0.480161 1.146314
v -0.388623 0.472106 1.145284
v -0.388345 0.466262 1.144546
v -0.401793 0.473823 1.145100
v -0.401834 0.468037 1.144430
v -0.415601 0.476541 1.147950
v -0.428938 0.480249 1.153239
v -0.415116 0.482779 1.149000
v -0.416032 0.470744 1.147447
v -0.414616 0.490033 1.150933
v -0.427759 0.486482 1.154011
v -0.438681 0.491563 1.160801
v -0.426190 0.493199 1.155482
v -0.435780 0.497991 1.161584
v -0.425483 0.501124 1.158388
v -0.426912 0.511032 1.163478
v -0.414519 0.498936 1.154196
v -0.432727 0.502947 1.162380
v -0.436321 0.509882 1.167303
v -0.442733 0.505203 1.168737
v -0.440429 0.521297 1.175086
v -0.444565 0.536947 1.185135
v -0.448145 0.514984 1.177424
v -0.429438 0.524028 1.170413
v -0.416295 0.524366 1.165451
v -0.432019 0.541203 1.178851
v -0.433546 0.563295 1.186754
v -0.417281 0.542134 1.172213
v -0.402070 0.541572 1.168143
v -0.417725 0.564001 1.178469
v -0.401751 0.563411 1.173621
v -0.417142 0.590489 1.183181
v -0.432880 0.591016 1.192082
v -0.401002 0.589477 1.177994
v -0.416198 0.620009 1.186698
v -0.415574 0.650944 1.189412
v -0.431450 0.621870 1.195699
v -0.400141 0.618481 1.181410
v -0.399420 0.649108 1.184018
v -0.383862 0.617249 1.180864
v -0.384903 0.588247 1.177531
v -0.368000 0.616249 1.186046
v -0.382960 0.647847 1.183348
v -0.382294 0.678694 1.185106
v -0.366890 0.647038 1.188360
v -0.365863 0.678020 1.189935
v -0.351665 0.646827 1.197942
v -0.352914 0.615599 1.195830
v -0.337704 0.647361 1.210937
v -0.350305 0.678057 1.199345
v -0.336080 0.678824 1.212253
v -0.348668 0.707960 1.200357
v -0.364850 0.707827 1.190948
v -0.333929 0.708855 1.213387
v -0.346753 0.738859 1.201169
v -0.344574 0.773076 1.201976
v -0.363836 0.738722 1.191567
v -0.331279 0.739816 1.214560
v -0.328212 0.774086 1.216004
v -0.317983 0.741461 1.230589
v -0.321134 0.710449 1.228918
v -0.307394 0.743716 1.248078
v -0.314264 0.775842 1.232780
v -0.310073 0.816053 1.235724
v -0.303342 0.778223 1.251058
v -0.298748 0.818716 1.254982
v -0.295473 0.781196 1.270588
v -0.299664 0.746535 1.266792
v -0.290685 0.784757 1.291093
v -0.290713 0.822026 1.275450
v -0.285925 0.825992 1.296904
v -0.285453 0.871582 1.281578
v -0.293683 0.867697 1.260052
v -0.280693 0.876178 1.304021
v -0.280499 0.925409 1.288196
v -0.276627 0.979049 1.294499
v -0.288867 0.920697 1.265520
v -0.275808 0.930871 1.311691
v -0.272047 0.985657 1.319152
v -0.274642 0.937012 1.335882
v -0.279291 0.881453 1.327186
v -0.276821 0.943802 1.360601
v -0.271103 0.992902 1.344446
v -0.269438 1.044708 1.352129
v -0.273532 1.000643 1.370314
v -0.279888 1.008531 1.395874
v -0.271853 1.053514 1.379282
v -0.272339 1.098002 1.386810
v -0.278181 1.062217 1.406117
v -0.289131 1.070426 1.431768
v -0.278056 1.107495 1.415102
v -0.278528 1.146550 1.423771
v -0.288465 1.116131 1.442063
v -0.304522 1.123571 1.466673
v -0.287854 1.155619 1.452391
v -0.286453 1.191120 1.464014
v -0.303231 1.163013 1.478251
v -0.300844 1.198446 1.491472
v -0.325922 1.168403 1.500109
v -0.327143 1.129478 1.487925
v -0.353733 1.172111 1.516586
v -0.323479 1.203139 1.513912
v -0.319232 1.235991 1.530901
v -0.351832 1.205829 1.530172
v -0.348293 1.237354 1.546713
v -0.383418 1.207176 1.539113
v -0.415740 1.207794 1.539532
v -0.384459 1.174429 1.526287
v -0.380934 1.237414 1.554416
v -0.414283 1.237253 1.553225
v -0.376771 1.267368 1.573749
v -0.411466 1.266222 1.570355
v -0.342728 1.268963 1.567750
v -0.371525 1.297260 1.596525
v -0.335511 1.300813 1.592808
v -0.365765 1.327316 1.622172
v -0.407663 1.295094 1.590569
v -0.440596 1.296486 1.575108
v -0.403236 1.324337 1.613468
v -0.398559 1.354344 1.638686
v -0.437043 1.326169 1.595556
v -0.433116 1.356703 1.618515
v -0.466770 1.330976 1.568983
v -0.469559 1.299544 1.551482
v -0.463564 1.363341 1.589631
v -0.491972 1.336924 1.534324
v -0.493776 1.302392 1.521059
v -0.489738 1.372774 1.552048
v -0.510721 1.338134 1.493437
v -0.511957 1.383535 1.500073
v -0.512095 1.302160 1.485487
v -0.521130 1.328740 1.448140
v -0.523364 1.295965 1.446460
v -0.525418 1.313662 1.402449
v -0.519895 1.360554 1.440705
v -0.520464 1.389156 1.417283
v -0.521935 1.339922 1.391952
v -0.520797 1.320082 1.348418
v -0.519076 1.363782 1.371784
v -0.515856 1.386052 1.345260
v -0.515731 1.340134 1.330236
v -0.511068 1.318151 1.293945
v -0.509736 1.358578 1.306990
v -0.503255 1.333227 1.273149
v -0.502006 1.376007 1.279876
v -0.511304 1.407516 1.315670
v -0.493055 1.346595 1.248623
v -0.493166 1.395264 1.252548
v -0.483812 1.419234 1.228615
v -0.505212 1.429537 1.285472
v -0.477539 1.359202 1.218240
v -0.453017 1.346031 1.188504
v -0.467616 1.390578 1.202929
v -0.471516 1.324579 1.205296
v -0.486005 1.319987 1.226272
v -0.452559 1.321088 1.185512
v -0.466159 1.300397 1.194003
v -0.479496 1.297028 1.209834
v -0.449311 1.298149 1.178388
v -0.460733 1.281850 1.184868
v -0.456070 1.269817 1.178971
v -0.472099 1.278551 1.196326
v -0.446022 1.279253 1.172147
v -0.428633 1.273321 1.160695
v -0.444815 1.263879 1.168713
v -0.447812 1.251438 1.169986
v -0.428217 1.256094 1.157601
v -0.409176 1.248458 1.150067
v -0.430243 1.241146 1.157685
v -0.410411 1.232038 1.149374
v -0.433698 1.227518 1.160090
v -0.437598 1.214264 1.163918
v -0.412437 1.216777 1.150504
v -0.453044 1.240262 1.174330
v -0.458512 1.228626 1.180071
v -0.469296 1.254838 1.190840
v -0.462107 1.263659 1.183722
v -0.481258 1.271106 1.207249
v -0.476207 1.244525 1.199027
v -0.489322 1.261208 1.218344
v -0.482466 1.232475 1.207108
v -0.496344 1.248990 1.228593
v -0.487712 1.218485 1.213906
v -0.463619 1.216040 1.186205
v -0.467755 1.201970 1.191714
v -0.441276 1.200747 1.168487
v -0.444107 1.186299 1.173059
v -0.416906 1.187685 1.156543
v -0.391967 1.177944 1.152977
v -0.418349 1.172810 1.160540
v -0.414769 1.202167 1.153053
v -0.391370 1.193072 1.149919
v -0.390565 1.208512 1.147924
v -0.368735 1.187735 1.156986
v -0.367930 1.172613 1.160391
v -0.369360 1.203209 1.154630
v -0.347738 1.186919 1.172075
v -0.329266 1.191431 1.192979
v -0.345753 1.172317 1.176539
v -0.349736 1.201703 1.168427
v -0.332555 1.204855 1.187093
v -0.351471 1.216916 1.166201
v -0.369776 1.219307 1.153692
v -0.352373 1.232935 1.166235
v -0.335928 1.218162 1.182390
v -0.323687 1.224553 1.199871
v -0.337801 1.232057 1.180937
v -0.328364 1.233158 1.193853
v -0.336580 1.247245 1.184819
v -0.324270 1.243747 1.201221
v -0.351832 1.250109 1.169414
v -0.333374 1.263731 1.191313
v -0.329266 1.281575 1.197699
v -0.319399 1.259613 1.210975
v -0.350056 1.268034 1.174174
v -0.347183 1.286306 1.178942
v -0.368846 1.273114 1.161504
v -0.367070 1.291912 1.165457
v -0.388983 1.279020 1.155148
v -0.369693 1.254398 1.157494
v -0.389164 1.259932 1.151297
v -0.369901 1.236284 1.154527
v -0.389233 1.241623 1.148307
v -0.389774 1.224601 1.147291
v -0.409245 1.266558 1.153062
v -0.409703 1.285828 1.156978
v -0.430104 1.292534 1.165292
v -0.409648 1.305770 1.160479
v -0.431242 1.313505 1.169663
v -0.388137 1.298409 1.158784
v -0.408177 1.325873 1.162201
v -0.404388 1.345612 1.160792
v -0.430493 1.335288 1.171367
v -0.386027 1.317594 1.161120
v -0.364031 1.310300 1.168237
v -0.382100 1.336095 1.161053
v -0.359465 1.327730 1.168774
v -0.377034 1.352975 1.159642
v -0.354663 1.344114 1.167552
v -0.371566 1.367324 1.157931
v -0.398420 1.363697 1.157707
v -0.418946 1.377082 1.161664
v -0.390454 1.378848 1.154413
v -0.378617 1.389142 1.152611
v -0.408551 1.394087 1.155046
v -0.426787 1.413188 1.160353
v -0.394368 1.406605 1.149732
v -0.411577 1.428024 1.150569
v -0.375591 1.413239 1.147443
v -0.392550 1.437569 1.143589
v -0.352401 1.413411 1.146968
v -0.361102 1.392666 1.154045
v -0.338107 1.390062 1.158813
v -0.351943 1.374997 1.160787
v -0.350971 1.359337 1.165090
v -0.329225 1.370072 1.169845
v -0.367334 1.377214 1.156859
v -0.314616 1.365805 1.177600
v -0.328225 1.352804 1.177273
v -0.332000 1.336866 1.181581
v -0.307149 1.346856 1.192736
v -0.306257 1.344614 1.194219
v -0.308896 1.351247 1.189918
v -0.304933 1.341204 1.197716
v -0.309754 1.330971 1.201915
v -0.300389 1.329212 1.214445
v -0.298232 1.323601 1.221049
v -0.295999 1.317682 1.229702
v -0.299401 1.312578 1.230185
v -0.294076 1.312293 1.241921
v -0.292116 1.307015 1.250855
v -0.290440 1.302523 1.258169
v -0.294863 1.294519 1.255506
v -0.287564 1.294285 1.279331
v -0.286795 1.292188 1.283270
v -0.286281 1.290827 1.285251
v -0.293433 1.272054 1.271554
v -0.285407 1.288397 1.290469
v -0.282564 1.280301 1.310637
v -0.286799 1.268749 1.299793
v -0.281635 1.277345 1.322315
v -0.279268 1.270755 1.336604
v -0.282761 1.260603 1.322999
v -0.277166 1.264918 1.349078
v -0.276463 1.262181 1.366073
v -0.281678 1.243356 1.334536
v -0.275392 1.258818 1.378816
v -0.276807 1.243342 1.379259
v -0.274106 1.254932 1.391572
v -0.273804 1.253522 1.402703
v -0.272560 1.249379 1.421342
v -0.272188 1.247697 1.434165
v -0.274476 1.233022 1.416928
v -0.273490 1.247831 1.457822
v -0.278015 1.215499 1.376321
v -0.276086 1.201611 1.407964
v -0.275531 1.170003 1.400432
v -0.277238 1.214569 1.444158
v -0.277723 1.186542 1.371711
v -0.279972 1.169790 1.337544
v -0.275614 1.156939 1.367487
v -0.277099 1.142692 1.335883
v -0.272797 1.124753 1.363145
v -0.273824 1.112682 1.333596
v -0.270368 1.087989 1.358208
v -0.273935 1.136161 1.393622
v -0.271187 1.077794 1.330290
v -0.270243 1.036107 1.325597
v -0.275322 1.067947 1.303129
v -0.283302 1.058961 1.276757
v -0.277751 1.100725 1.304975
v -0.274628 1.028047 1.299735
v -0.282955 1.020806 1.274635
v -0.285051 0.973219 1.270636
v -0.295570 1.014690 1.250334
v -0.295654 1.051352 1.251247
v -0.312821 1.010007 1.226935
v -0.297597 0.968335 1.247643
v -0.314486 0.964539 1.225644
v -0.301108 0.916796 1.243842
v -0.317373 0.913749 1.223314
v -0.305479 0.864527 1.239638
v -0.320967 0.862090 1.220556
v -0.324756 0.814042 1.217925
v -0.339522 0.860678 1.204398
v -0.360478 0.860559 1.192768
v -0.337038 0.911951 1.205775
v -0.342159 0.812903 1.202983
v -0.361671 0.812830 1.192310
v -0.362782 0.772973 1.191970
v -0.382655 0.814027 1.187291
v -0.383210 0.862039 1.187272
v -0.404499 0.816702 1.189337
v -0.382225 0.773925 1.187219
v -0.402334 0.776082 1.188983
v -0.381989 0.739496 1.186916
v -0.400669 0.741286 1.188368
v -0.381989 0.708503 1.186258
v -0.399572 0.710037 1.187381
v -0.399128 0.680070 1.185968
v -0.416767 0.712355 1.193348
v -0.432713 0.715410 1.203133
v -0.418904 0.743960 1.194842
v -0.415629 0.682131 1.191552
v -0.431034 0.684873 1.200884
v -0.430728 0.653431 1.198513
v -0.444593 0.688319 1.212993
v -0.446563 0.719115 1.215750
v -0.455584 0.692451 1.226935
v -0.444190 0.656664 1.210362
v -0.455293 0.660734 1.223972
v -0.445106 0.624685 1.207473
v -0.456361 0.629033 1.221051
v -0.447049 0.592930 1.203928
v -0.458498 0.598147 1.217961
v -0.450061 0.559711 1.198522
v -0.461788 0.570715 1.215529
v -0.458887 0.539872 1.200585
v -0.466298 0.549392 1.214622
v -0.453183 0.527481 1.188115
v -0.464327 0.524405 1.201082
v -0.467880 0.510341 1.200913
v -0.470753 0.532119 1.214319
v -0.458804 0.515477 1.189033
v -0.453294 0.506421 1.178264
v -0.462357 0.503611 1.189115
v -0.456514 0.496929 1.178385
v -0.464244 0.491724 1.188795
v -0.458263 0.486890 1.178211
v -0.464924 0.479656 1.188506
v -0.469809 0.496881 1.200400
v -0.475763 0.502362 1.212943
v -0.470392 0.483227 1.199877
v -0.476262 0.487759 1.212174
v -0.469185 0.468791 1.199105
v -0.475291 0.472376 1.211225
v -0.465757 0.452999 1.197830
v -0.481716 0.492959 1.225347
v -0.481300 0.508026 1.226427
v -0.479607 0.522953 1.227467
v -0.485588 0.513707 1.240784
v -0.484089 0.528778 1.242114
v -0.487823 0.519265 1.256019
v -0.486477 0.534258 1.257627
v -0.484409 0.550265 1.259300
v -0.481855 0.568373 1.261198
v -0.481786 0.544864 1.243522
v -0.478996 0.563063 1.245126
v -0.476956 0.538852 1.228518
v -0.473612 0.556848 1.229654
v -0.470170 0.578308 1.231170
v -0.467242 0.604611 1.233387
v -0.476040 0.584503 1.247059
v -0.479093 0.589693 1.263438
v -0.473279 0.610281 1.249438
v -0.471030 0.639219 1.252286
v -0.476373 0.615285 1.266182
v -0.476290 0.619706 1.283742
v -0.474070 0.644009 1.269464
v -0.472543 0.674714 1.273293
v -0.473945 0.648273 1.287513
v -0.470780 0.652029 1.305848
v -0.472363 0.678878 1.291912
v -0.469185 0.682562 1.310832
v -0.471918 0.710383 1.296961
v -0.472154 0.706249 1.277702
v -0.473043 0.741679 1.302680
v -0.468768 0.714093 1.316519
v -0.469989 0.745499 1.322944
v -0.462731 0.717322 1.335655
v -0.453835 0.720072 1.353621
v -0.464064 0.748852 1.342744
v -0.463092 0.685780 1.329358
v -0.454196 0.688520 1.346838
v -0.464688 0.655293 1.323860
v -0.455764 0.658082 1.340950
v -0.444121 0.660427 1.356536
v -0.430257 0.662087 1.369677
v -0.442566 0.690785 1.362605
v -0.428688 0.692348 1.375749
v -0.442108 0.722315 1.369694
v -0.443219 0.753947 1.377836
v -0.428050 0.723797 1.382964
v -0.428744 0.755421 1.391412
v -0.412146 0.724337 1.392559
v -0.394882 0.723694 1.397540
v -0.412271 0.755880 1.401133
v -0.413034 0.692985 1.385356
v -0.414616 0.662838 1.379422
v -0.396089 0.692485 1.390515
v -0.378339 0.690621 1.390314
v -0.397713 0.662466 1.384828
v -0.380004 0.660734 1.384985
v -0.399517 0.634636 1.380349
v -0.381614 0.633022 1.380893
v -0.416587 0.634904 1.374611
v -0.432366 0.634052 1.364647
v -0.362393 0.657931 1.380540
v -0.360714 0.687698 1.385441
v -0.344143 0.684008 1.376570
v -0.358813 0.718533 1.391724
v -0.376785 0.721657 1.397023
v -0.356703 0.749368 1.399533
v -0.341937 0.714666 1.382329
v -0.327157 0.710361 1.369556
v -0.339175 0.745185 1.389562
v -0.336191 0.777897 1.398280
v -0.323951 0.740575 1.376086
v -0.320301 0.772898 1.384007
v -0.312127 0.735915 1.359850
v -0.308186 0.767846 1.366917
v -0.315444 0.705950 1.354092
v -0.303661 0.731314 1.341627
v -0.298568 0.726872 1.322208
v -0.299734 0.762896 1.347813
v -0.306909 0.701532 1.336685
v -0.301621 0.697201 1.318055
v -0.309185 0.671035 1.332908
v -0.303758 0.666592 1.314946
v -0.317831 0.675483 1.349621
v -0.329530 0.679825 1.364406
v -0.305007 0.636447 1.312871
v -0.301718 0.662250 1.296427
v -0.299706 0.693028 1.298936
v -0.303203 0.658091 1.278044
v -0.302856 0.631780 1.294816
v -0.304286 0.627252 1.276744
v -0.303092 0.603062 1.294087
v -0.302412 0.577525 1.294243
v -0.304466 0.598107 1.276190
v -0.308977 0.622963 1.258863
v -0.307894 0.654313 1.260042
v -0.316568 0.619097 1.241348
v -0.326685 0.616329 1.224618
v -0.315430 0.651130 1.242681
v -0.313515 0.682679 1.244106
v -0.325478 0.648742 1.226236
v -0.323660 0.680358 1.227535
v -0.310822 0.712707 1.245838
v -0.305951 0.685644 1.261707
v -0.301247 0.689137 1.280061
v -0.303176 0.715542 1.263899
v -0.298443 0.718893 1.282825
v -0.294890 0.749913 1.286439
v -0.296833 0.722684 1.302340
v -0.293225 0.753804 1.306771
v -0.294793 0.758173 1.327496
v -0.289020 0.788913 1.312308
v -0.284329 0.830611 1.319069
v -0.290505 0.793661 1.333970
v -0.285884 0.835891 1.341734
v -0.295404 0.798819 1.355264
v -0.304008 0.804245 1.375345
v -0.290949 0.841609 1.364031
v -0.299900 0.847567 1.385129
v -0.286633 0.893780 1.374164
v -0.281123 0.887404 1.350838
v -0.296250 0.900341 1.396306
v -0.282830 0.950905 1.384996
v -0.293156 0.958056 1.408251
v -0.290741 1.016245 1.420285
v -0.308255 0.964934 1.429513
v -0.310392 0.906809 1.416451
v -0.328628 0.971260 1.447967
v -0.306631 1.023449 1.442692
v -0.305410 1.077832 1.455296
v -0.328100 1.029810 1.462256
v -0.353470 1.035092 1.477551
v -0.327698 1.084057 1.475821
v -0.354177 1.089006 1.491844
v -0.354385 1.133933 1.504332
v -0.383044 1.092593 1.501854
v -0.412493 1.094694 1.504369
v -0.384265 1.136980 1.514381
v -0.381031 1.039074 1.487152
v -0.409079 1.041522 1.489660
v -0.378686 0.980953 1.471286
v -0.352651 0.976718 1.462315
v -0.405110 0.983646 1.473582
v -0.376465 0.922745 1.455255
v -0.374828 0.868994 1.440058
v -0.401168 0.925613 1.457201
v -0.352054 0.918400 1.447049
v -0.352068 0.864706 1.432628
v -0.329516 0.912961 1.433742
v -0.331015 0.859439 1.420345
v -0.313140 0.853585 1.404172
v -0.333360 0.815204 1.408523
v -0.353039 0.820163 1.419938
v -0.316568 0.809758 1.393370
v -0.354677 0.782481 1.408924
v -0.374259 0.824232 1.426719
v -0.395659 0.827004 1.428014
v -0.374536 0.786234 1.415156
v -0.394535 0.788793 1.416191
v -0.375438 0.752779 1.405286
v -0.394326 0.755069 1.406062
v -0.413492 0.789742 1.411218
v -0.415921 0.828062 1.422942
v -0.430826 0.789347 1.401232
v -0.434351 0.827660 1.412553
v -0.445939 0.787837 1.387185
v -0.450338 0.826096 1.397869
v -0.458263 0.785477 1.370031
v -0.463203 0.823611 1.379954
v -0.467214 0.782509 1.350765
v -0.455168 0.751682 1.361305
v -0.472321 0.820488 1.359843
v -0.473029 0.779002 1.330190
v -0.478053 0.816785 1.338384
v -0.475929 0.775001 1.309125
v -0.480800 0.812600 1.316406
v -0.476151 0.770590 1.288400
v -0.480953 0.807978 1.294769
v -0.473279 0.737435 1.282730
v -0.473903 0.765811 1.268806
v -0.468962 0.760890 1.250534
v -0.470808 0.732823 1.263869
v -0.478899 0.802989 1.274319
v -0.485977 0.846687 1.280418
v -0.474194 0.797844 1.255204
v -0.466409 0.792699 1.237561
v -0.481369 0.841301 1.260280
v -0.473473 0.835818 1.241630
v -0.490598 0.893635 1.265774
v -0.482341 0.887811 1.245922
v -0.500660 0.950313 1.271187
v -0.495317 0.899252 1.287129
v -0.505628 0.956176 1.293856
v -0.497288 0.904560 1.309821
v -0.487934 0.851861 1.301891
v -0.497329 0.909503 1.333742
v -0.507724 0.961648 1.317878
v -0.517896 1.018711 1.325380
v -0.507876 0.966712 1.343102
v -0.505309 0.971310 1.368667
v -0.518202 1.023939 1.351933
v -0.515606 1.028659 1.378787
v -0.526973 1.076852 1.359442
v -0.526528 1.071352 1.331659
v -0.524364 1.081733 1.387515
v -0.532871 1.121079 1.364893
v -0.530276 1.126202 1.394002
v -0.536229 1.158429 1.368473
v -0.532288 1.115157 1.336048
v -0.535480 1.151863 1.338599
v -0.529498 1.108478 1.308357
v -0.524017 1.065262 1.305053
v -0.532399 1.144333 1.309938
v -0.523378 1.100909 1.282014
v -0.525932 1.135761 1.282669
v -0.518285 1.058491 1.279805
v -0.512803 1.092368 1.257188
v -0.514996 1.126079 1.256963
v -0.508210 1.050928 1.256072
v -0.496649 1.082735 1.234076
v -0.498509 1.115209 1.232999
v -0.492666 1.042439 1.234035
v -0.473778 1.071916 1.212874
v -0.470489 1.032958 1.213849
v -0.475402 1.103056 1.210961
v -0.446411 1.061172 1.195709
v -0.447854 1.090994 1.193072
v -0.443857 1.023549 1.197534
v -0.416726 1.051751 1.184697
v -0.414894 1.015345 1.187082
v -0.386943 1.044926 1.181951
v -0.418058 1.080438 1.181553
v -0.418932 1.103466 1.177835
v -0.388192 1.072778 1.178642
v -0.389400 1.095024 1.174716
v -0.360422 1.069371 1.186534
v -0.359229 1.041959 1.189613
v -0.335511 1.069785 1.202808
v -0.361907 1.091176 1.182742
v -0.337232 1.091598 1.199418
v -0.363448 1.109501 1.178417
v -0.390482 1.113765 1.170370
v -0.339134 1.109886 1.195371
v -0.364808 1.126418 1.173771
v -0.365987 1.142334 1.169047
v -0.340813 1.126765 1.190879
v -0.391343 1.131072 1.165759
v -0.419529 1.140701 1.169313
v -0.391898 1.147295 1.161154
v -0.419196 1.157247 1.164855
v -0.392120 1.162802 1.156812
v -0.367028 1.157602 1.164501
v -0.344005 1.157650 1.181282
v -0.342395 1.142569 1.186129
v -0.324006 1.163336 1.204856
v -0.307977 1.175101 1.232911
v -0.326338 1.177666 1.199176
v -0.322064 1.148205 1.210024
v -0.305910 1.159449 1.238366
v -0.320259 1.132079 1.214655
v -0.318386 1.114736 1.218753
v -0.304050 1.142359 1.242682
v -0.293058 1.157599 1.272491
v -0.302051 1.123836 1.246081
v -0.290977 1.137004 1.274887
v -0.299553 1.103858 1.248826
v -0.316179 1.095938 1.222282
v -0.297194 1.080392 1.250651
v -0.288118 1.115035 1.276587
v -0.280957 1.128345 1.305599
v -0.285301 1.089703 1.277309
v -0.284010 1.152797 1.305324
v -0.285953 1.176031 1.304461
v -0.287355 1.197485 1.301924
v -0.281387 1.195912 1.338945
v -0.281803 1.220596 1.338485
v -0.294863 1.176491 1.268780
v -0.288729 1.216596 1.296613
v -0.290963 1.232030 1.286846
v -0.296861 1.193348 1.263122
v -0.299540 1.207838 1.254885
v -0.310614 1.189298 1.226040
v -0.303411 1.219618 1.243464
v -0.294918 1.242407 1.270884
v -0.314195 1.202076 1.217502
v -0.308588 1.229322 1.230125
v -0.315236 1.237571 1.216188
v -0.300789 1.249499 1.251445
v -0.318594 1.213718 1.208401
v -0.308741 1.255049 1.231242
v -0.302315 1.274806 1.244935
v -0.314056 1.277747 1.220215
v -0.307603 1.296088 1.227202
v -0.323951 1.299361 1.202448
v -0.317109 1.315685 1.203976
v -0.343047 1.304165 1.182399
v -0.337468 1.320838 1.183296
v -0.314181 1.073613 1.225001
v -0.312890 1.045660 1.226632
v -0.334318 1.042376 1.205304
v -0.334054 1.007242 1.206666
v -0.335081 0.962284 1.206684
v -0.358591 1.006882 1.191779
v -0.358715 0.961998 1.192809
v -0.385764 1.009412 1.184500
v -0.384751 0.964149 1.186092
v -0.412520 0.969178 1.188566
v -0.383904 0.913557 1.186951
v -0.409828 0.917696 1.189317
v -0.359423 0.911755 1.193036
v -0.407066 0.865384 1.189513
v -0.435392 0.923516 1.198481
v -0.440013 0.976163 1.198389
v -0.458776 0.930306 1.212762
v -0.430493 0.870137 1.197989
v -0.451892 0.875768 1.211210
v -0.425843 0.820540 1.197122
v -0.445356 0.825208 1.209319
v -0.421958 0.779254 1.196100
v -0.439943 0.783211 1.207353
v -0.455140 0.787765 1.221565
v -0.435697 0.747403 1.205285
v -0.450088 0.751468 1.218618
v -0.461107 0.756039 1.233746
v -0.457499 0.723423 1.230203
v -0.465562 0.728068 1.246301
v -0.463897 0.697002 1.242493
v -0.469448 0.701690 1.259479
v -0.463828 0.665320 1.239127
v -0.465049 0.634143 1.236113
v -0.469629 0.670082 1.255626
v -0.461690 0.830420 1.224602
v -0.469698 0.881822 1.227684
v -0.478205 0.937368 1.230509
v -0.486185 0.992459 1.232731
v -0.491833 0.944047 1.250025
v -0.500854 0.999954 1.253551
v -0.510305 1.006785 1.276035
v -0.515634 1.013006 1.300029
v -0.465243 0.984221 1.213729
v -0.446147 1.170725 1.177554
v -0.447479 1.153803 1.181895
v -0.470975 1.186294 1.196655
v -0.473320 1.168872 1.201033
v -0.491931 1.202475 1.219548
v -0.495150 1.184392 1.224188
v -0.507280 1.217818 1.243678
v -0.511096 1.198829 1.248862
v -0.517910 1.232461 1.269751
v -0.502339 1.234530 1.236968
v -0.512567 1.250293 1.262048
v -0.519284 1.265975 1.290211
v -0.506169 1.265778 1.252057
v -0.512914 1.283074 1.278927
v -0.498856 1.278912 1.239557
v -0.490126 1.289417 1.225245
v -0.505781 1.297819 1.264231
v -0.497079 1.310148 1.246554
v -0.517466 1.301097 1.310572
v -0.523392 1.281749 1.322606
v -0.525807 1.297830 1.360297
v -0.528555 1.260192 1.330766
v -0.532635 1.236522 1.335788
v -0.530345 1.273571 1.367176
v -0.524697 1.246545 1.298540
v -0.528943 1.224804 1.304289
v -0.531802 1.200802 1.307901
v -0.522060 1.212274 1.275443
v -0.524905 1.189708 1.279361
v -0.513747 1.177511 1.252729
v -0.526320 1.164782 1.281782
v -0.533065 1.174534 1.309792
v -0.515176 1.153868 1.255446
v -0.498620 1.141723 1.230909
v -0.497385 1.164154 1.227924
v -0.475666 1.128295 1.208243
v -0.448395 1.115057 1.189778
v -0.474861 1.149581 1.204876
v -0.448201 1.135321 1.186000
v -0.419404 1.122877 1.173698
v -0.536396 1.183177 1.339377
v -0.537326 1.190751 1.370425
v -0.535341 1.210823 1.338418
v -0.536493 1.219827 1.370966
v -0.534037 1.247506 1.370298
v -0.534259 1.227487 1.404414
v -0.532107 1.257047 1.406362
v -0.527625 1.233435 1.437603
v -0.534883 1.197127 1.401995
v -0.533662 1.164016 1.398670
v -0.528083 1.202176 1.433104
v -0.515967 1.205741 1.462798
v -0.526834 1.168565 1.428303
v -0.523503 1.130522 1.422501
v -0.514746 1.172032 1.456485
v -0.511610 1.134037 1.449517
v -0.496427 1.174402 1.482342
v -0.497537 1.207707 1.490105
v -0.493582 1.136717 1.474188
v -0.473056 1.175736 1.504040
v -0.445814 1.176126 1.519801
v -0.470642 1.138447 1.494754
v -0.473931 1.208456 1.513216
v -0.446286 1.208358 1.530291
v -0.473487 1.238811 1.523547
v -0.471918 1.268989 1.536324
v -0.497204 1.238860 1.498631
v -0.445495 1.237994 1.542329
v -0.443510 1.267228 1.557317
v -0.515606 1.237344 1.469385
v -0.495733 1.270064 1.509057
v -0.514011 1.269026 1.477221
v -0.525793 1.264452 1.442494
v -0.466506 1.094399 1.484053
v -0.443982 1.139151 1.509468
v -0.440707 1.095226 1.497877
v -0.414783 1.138687 1.516597
v -0.415879 1.175665 1.527818
v -0.435919 1.042187 1.483652
v -0.460441 1.041376 1.470647
v -0.430326 0.984485 1.467917
v -0.453308 0.983785 1.455687
v -0.424636 0.926595 1.451797
v -0.446008 0.926033 1.440272
v -0.419598 0.872966 1.436430
v -0.397824 0.871897 1.441655
v -0.439402 0.872527 1.425514
v -0.456472 0.870837 1.410069
v -0.470087 0.868210 1.391213
v -0.464410 0.924201 1.423900
v -0.473112 0.981824 1.438304
v -0.478982 0.921429 1.403950
v -0.488739 0.978931 1.417148
v -0.488864 0.918002 1.381680
v -0.479496 0.864930 1.370106
v -0.499203 0.975412 1.393645
v -0.494748 0.914008 1.357991
v -0.485241 0.861055 1.347609
v -0.487864 0.856684 1.324579
v -0.509250 1.032840 1.405054
v -0.517758 1.085978 1.414975
v -0.498203 1.036410 1.429820
v -0.506211 1.089557 1.440948
v -0.481564 1.039353 1.452196
v -0.488725 1.092439 1.464519
v -0.528985 1.285777 1.406244
v -0.338981 0.615401 1.209076
v -0.340063 0.583910 1.206289
v -0.354261 0.585685 1.192764
v -0.369277 0.587054 1.182828
v -0.356162 0.558853 1.188225
v -0.370775 0.560809 1.178514
v -0.359048 0.536869 1.181694
v -0.362254 0.519161 1.174418
v -0.372580 0.538900 1.172940
v -0.374425 0.520838 1.166835
v -0.386971 0.540250 1.167945
v -0.385986 0.562141 1.173270
v -0.387832 0.522140 1.162203
v -0.402112 0.523529 1.162233
v -0.388484 0.507365 1.156662
v -0.388886 0.495493 1.151942
v -0.401973 0.508821 1.156538
v -0.376077 0.506181 1.160904
v -0.365099 0.505113 1.167656
v -0.377243 0.494442 1.155875
v -0.367112 0.494018 1.162185
v -0.358729 0.494350 1.169563
v -0.353109 0.495045 1.175602
v -0.355926 0.503993 1.175325
v -0.359326 0.486397 1.166616
v -0.415227 0.510176 1.159247
v -0.401821 0.497030 1.151719
v -0.401751 0.487682 1.148409
v -0.473917 0.516798 1.213716
v -0.449547 0.490602 1.168800
v -0.446896 0.498321 1.168865
v -0.440624 0.484935 1.160397
v -0.283358 1.224918 1.478153
v -0.278584 1.181522 1.433142
v -0.277950 1.257860 1.495323
v -0.296639 1.232216 1.507777
v -0.289894 1.266625 1.528637
v -0.278926 1.259974 1.499266
v -0.286785 1.276699 1.535909
v -0.312668 1.269292 1.552614
v -0.302926 1.303601 1.579237
v -0.298837 1.303392 1.575024
v -0.301109 1.308360 1.583431
v -0.308015 1.323799 1.603542
v -0.313185 1.335419 1.617558
v -0.326976 1.333062 1.621398
v -0.321658 1.354359 1.642250
v -0.324472 1.360722 1.649235
v -0.325882 1.363934 1.652387
v -0.360062 1.357763 1.650101
v -0.329469 1.372082 1.660692
v -0.338261 1.391970 1.682441
v -0.355010 1.388838 1.679740
v -0.341814 1.400007 1.691254
v -0.350363 1.419573 1.708706
v -0.350790 1.420558 1.709434
v -0.389316 1.417912 1.693649
v -0.359826 1.441494 1.723710
v -0.364424 1.452217 1.729849
v -0.378400 1.484966 1.745878
v -0.384154 1.451303 1.720912
v -0.419626 1.455451 1.696961
v -0.413645 1.490404 1.722391
v -0.424678 1.421449 1.670402
v -0.451226 1.465342 1.667559
v -0.445550 1.500594 1.693428
v -0.478524 1.480714 1.633626
v -0.455917 1.430727 1.640872
v -0.459983 1.396654 1.614246
v -0.482646 1.445208 1.606040
v -0.486504 1.409044 1.577398
v -0.504143 1.465050 1.567653
v -0.501048 1.501335 1.596043
v -0.519714 1.490411 1.527482
v -0.507141 1.427308 1.536999
v -0.520450 1.453084 1.496738
v -0.520658 1.418242 1.460867
v -0.528083 1.482500 1.456673
v -0.531705 1.511713 1.416875
v -0.524960 1.447443 1.423402
v -0.530040 1.519211 1.486360
v -0.535813 1.549396 1.445072
v -0.530609 1.556103 1.513836
v -0.529457 1.592570 1.540085
v -0.518327 1.526971 1.555742
v -0.538172 1.587254 1.471504
v -0.541281 1.618945 1.429855
v -0.538561 1.624387 1.497005
v -0.543085 1.656867 1.454481
v -0.536701 1.659895 1.522439
v -0.542502 1.692638 1.479189
v -0.526223 1.628019 1.566089
v -0.532982 1.693803 1.546945
v -0.539935 1.726467 1.503155
v -0.521269 1.662280 1.590936
v -0.527764 1.726164 1.569634
v -0.535757 1.758587 1.525529
v -0.521435 1.757004 1.589616
v -0.514968 1.695184 1.613698
v -0.497621 1.666824 1.656062
v -0.507668 1.726561 1.633462
v -0.499758 1.756256 1.649330
v -0.489446 1.698942 1.675354
v -0.467144 1.675142 1.713622
v -0.480773 1.729206 1.690517
v -0.476622 1.725009 1.697300
v -0.479672 1.732703 1.691898
v -0.478473 1.729686 1.693913
v -0.482971 1.741122 1.684421
v -0.495045 1.771996 1.656160
v -0.500289 1.785652 1.639812
v -0.508580 1.807140 1.615707
v -0.514358 1.786375 1.606031
v -0.515928 1.826666 1.586456
v -0.519578 1.836429 1.570857
v -0.524086 1.818650 1.562221
v -0.524672 1.850747 1.537807
v -0.527174 1.857740 1.522247
v -0.528430 1.852238 1.519565
v -0.527681 1.859303 1.516692
v -0.528275 1.861217 1.508862
v -0.530662 1.869434 1.468736
v -0.532843 1.855944 1.461435
v -0.530677 1.870220 1.456473
v -0.530516 1.870567 1.444482
v -0.529573 1.870403 1.409988
v -0.528773 1.869134 1.399169
v -0.530997 1.857511 1.402469
v -0.533232 1.823505 1.381629
v -0.536882 1.824240 1.441996
v -0.528050 1.867909 1.390679
v -0.523282 1.859135 1.346016
v -0.523475 1.855716 1.344052
v -0.522909 1.858392 1.343420
v -0.522638 1.857847 1.341652
v -0.514368 1.840626 1.296902
v -0.512719 1.837087 1.289700
v -0.523628 1.818428 1.322899
v -0.521519 1.778582 1.301557
v -0.533634 1.787674 1.359727
v -0.531830 1.749380 1.337482
v -0.540462 1.756489 1.397965
v -0.539199 1.719359 1.374852
v -0.539560 1.791265 1.420595
v -0.543585 1.724819 1.437739
v -0.543127 1.688534 1.413805
v -0.541961 1.758941 1.461061
v -0.538630 1.791274 1.483001
v -0.533995 1.822235 1.502760
v -0.530345 1.789245 1.545487
v -0.540184 1.649656 1.390030
v -0.535036 1.609287 1.365908
v -0.535383 1.679360 1.351972
v -0.527403 1.707997 1.315544
v -0.529290 1.637679 1.328957
v -0.521213 1.595503 1.305479
v -0.520630 1.664839 1.293722
v -0.511804 1.621208 1.271840
v -0.509528 1.690628 1.260165
v -0.516731 1.735525 1.280663
v -0.496455 1.714880 1.228260
v -0.500133 1.645308 1.240008
v -0.488836 1.600965 1.220124
v -0.486629 1.667500 1.210029
v -0.474625 1.621148 1.192612
v -0.472265 1.687304 1.180026
v -0.457999 1.704268 1.148104
v -0.459595 1.638833 1.165105
v -0.482313 1.737281 1.196057
v -0.473566 1.749605 1.175041
v -0.489171 1.785003 1.212080
v -0.490002 1.786889 1.214046
v -0.479610 1.763335 1.189071
v -0.498189 1.805185 1.237940
v -0.503893 1.761872 1.247248
v -0.508792 1.806990 1.266951
v -0.510052 1.831316 1.278806
v -0.503621 1.817290 1.254394
v -0.461144 1.721012 1.152367
v -0.457581 1.712861 1.145021
v -0.455130 1.707232 1.140347
v -0.447362 1.689126 1.129874
v -0.435680 1.661945 1.113264
v -0.444745 1.653830 1.135607
v -0.430441 1.649608 1.108262
v -0.415929 1.615250 1.097318
v -0.428605 1.605908 1.124798
v -0.398566 1.573586 1.093335
v -0.395585 1.566467 1.092101
v -0.391849 1.557427 1.092479
v -0.409287 1.559594 1.116888
v -0.386541 1.513967 1.113032
v -0.427231 1.549612 1.140601
v -0.444995 1.536497 1.161569
v -0.408246 1.509101 1.133458
v -0.444468 1.592887 1.151566
v -0.460608 1.577310 1.176022
v -0.475888 1.558999 1.200445
v -0.489141 1.537771 1.227061
v -0.461468 1.520059 1.182307
v -0.445814 1.484811 1.167056
v -0.475624 1.500099 1.205401
v -0.487545 1.477566 1.230458
v -0.460705 1.466219 1.186113
v -0.473237 1.444133 1.206887
v -0.444412 1.436976 1.170626
v -0.429119 1.453916 1.156028
v -0.457041 1.415718 1.186651
v -0.438708 1.393893 1.171456
v -0.447937 1.370901 1.182322
v -0.426329 1.356974 1.167910
v -0.410550 1.466089 1.144072
v -0.428161 1.499243 1.150492
v -0.388664 1.472452 1.131752
v -0.363392 1.471910 1.116050
v -0.369651 1.440710 1.137091
v -0.342839 1.436293 1.128720
v -0.342503 1.436114 1.128624
v -0.342066 1.435004 1.129513
v -0.342426 1.435911 1.128866
v -0.331368 1.408110 1.147035
v -0.325690 1.393638 1.159591
v -0.322437 1.385553 1.163391
v -0.318801 1.376473 1.168341
v -0.342693 1.436595 1.128220
v -0.355639 1.468977 1.109678
v -0.365622 1.493408 1.104211
v -0.374866 1.516199 1.096371
v -0.500244 1.514472 1.255700
v -0.497343 1.453466 1.257113
v -0.509070 1.489929 1.286138
v -0.515482 1.464972 1.318195
v -0.519201 1.528337 1.314489
v -0.524211 1.501852 1.349475
v -0.527944 1.568485 1.340891
v -0.511443 1.554034 1.281183
v -0.501215 1.578418 1.249693
v -0.531580 1.540458 1.378044
v -0.537367 1.579817 1.404600
v -0.526140 1.475105 1.386020
v -0.519340 1.440458 1.351673
v -0.520908 1.415486 1.385159
v -0.462700 1.689990 1.720482
v -0.458019 1.678383 1.725512
v -0.452394 1.664388 1.732352
v -0.444400 1.644589 1.740587
v -0.450477 1.622659 1.729257
v -0.437988 1.628900 1.744050
v -0.431489 1.612941 1.748546
v -0.424510 1.595873 1.752195
v -0.430395 1.572506 1.739490
v -0.417998 1.580109 1.752943
v -0.412466 1.566670 1.754351
v -0.402688 1.543023 1.755119
v -0.398119 1.532074 1.753837
v -0.406484 1.526173 1.745489
v -0.438514 1.536536 1.717563
v -0.394937 1.524435 1.753158
v -0.378710 1.485703 1.746093
v -0.378591 1.485421 1.746014
v -0.466964 1.552008 1.685294
v -0.473514 1.516144 1.660075
v -0.459178 1.587726 1.708587
v -0.491320 1.572638 1.648932
v -0.497038 1.536952 1.622904
v -0.511082 1.598456 1.608725
v -0.484201 1.607917 1.673288
v -0.504948 1.633203 1.633549
v -0.476026 1.642248 1.695135
v -0.515648 1.562920 1.582487
v -0.429091 1.388502 1.643852
v -0.394007 1.385566 1.665824
v -0.292390 1.289136 1.553710
v -0.278243 1.258502 1.496367
v -0.277703 1.257352 1.493847
v -0.275357 1.252865 1.474680
v -0.273286 1.248869 1.458286
v -0.401848 0.462143 1.143998
v -0.388151 0.460325 1.144032
v -0.401945 0.456099 1.144416
v -0.388026 0.454239 1.144409
v -0.387998 0.447931 1.146290
v -0.376438 0.459858 1.147983
v -0.376771 0.465668 1.148430
v -0.301746 0.545000 1.314226
v -0.403777 0.319754 1.190748
v -0.420487 0.321528 1.190645
v -0.420195 0.300904 1.190738
v -0.436335 0.323872 1.193503
v -0.450796 0.326531 1.199144
v -0.486726 0.298249 1.283703
v -0.483604 0.279157 1.306475
v -0.473501 0.283002 1.324379
v -0.478400 0.261439 1.329985
v -0.466020 0.264891 1.346175
v -0.479801 0.164362 1.239960
v -0.482077 0.147349 1.246870
v -0.451310 0.160797 1.231879
v -0.422735 0.159285 1.229686
v -0.453447 0.145807 1.238640
v -0.424247 0.145209 1.236291
v -0.453502 0.130314 1.244453
v -0.424733 0.130636 1.242365
v -0.452545 0.115194 1.250189
v -0.480814 0.129869 1.251832
v -0.478844 0.113919 1.257001
v -0.504268 0.128209 1.263342
v -0.501493 0.111921 1.267462
v -0.498217 0.097537 1.272477
v -0.518507 0.108954 1.280357
v -0.514802 0.095109 1.284473
v -0.494401 0.084628 1.278422
v -0.476318 0.099408 1.262670
v -0.473362 0.086219 1.269190
v -0.450935 0.100788 1.256260
v -0.423942 0.101754 1.254451
v -0.397185 0.102370 1.258451
v -0.424525 0.115992 1.248287
v -0.396755 0.116598 1.252537
v -0.371206 0.117231 1.264184
v -0.396394 0.131121 1.246770
v -0.370345 0.132095 1.258841
v -0.395922 0.145542 1.240769
v -0.369887 0.146824 1.252973
v -0.395201 0.159452 1.234152
v -0.346683 0.148998 1.271311
v -0.326824 0.152060 1.294170
v -0.347349 0.133186 1.276449
v -0.348682 0.117586 1.280987
v -0.328170 0.134008 1.297449
v -0.313987 0.133388 1.319364
v -0.329974 0.117328 1.300702
v -0.332458 0.101928 1.304056
v -0.315888 0.116139 1.321087
v -0.318580 0.100608 1.323375
v -0.335872 0.087699 1.307722
v -0.350680 0.102580 1.285389
v -0.372510 0.102672 1.269467
v -0.312571 0.152748 1.318448
v -0.490293 0.073159 1.284951
v -0.419848 0.172387 1.222155
v -0.353858 0.282463 1.211194
v -0.339036 0.284734 1.222103
v -0.339411 0.302843 1.219573
v -0.339258 0.321536 1.217893
v -0.327018 0.323203 1.226162
v -0.305604 0.344987 1.239900
v -0.312349 0.457122 1.228429
v -0.321300 0.456008 1.212557
v -0.312404 0.471737 1.228393
v -0.332430 0.446601 1.197145
v -0.340535 0.449246 1.185644
v -0.348238 0.450405 1.175545
v -0.289270 0.321791 1.268884
v -0.286799 0.310461 1.278368
v -0.288395 0.300246 1.279155
v -0.289769 0.308376 1.270009
v -0.285301 0.311748 1.286353
v -0.286980 0.303741 1.284947
v -0.287771 0.299900 1.288905
v -0.290588 0.293029 1.281427
v -0.337538 0.158787 1.428074
v -0.558406 0.112016 1.349383
v -0.564443 0.105056 1.366210
v -0.556630 0.123360 1.357749
v -0.552147 0.134573 1.371032
v -0.562417 0.115903 1.374739
v -0.567788 0.108711 1.391044
v -0.557837 0.126726 1.387960
v -0.550732 0.136958 1.404454
v -0.563208 0.119045 1.404093
v -0.568315 0.111621 1.419097
v -0.556394 0.128711 1.420750
v -0.561917 0.120503 1.435422
v -0.547429 0.137054 1.440194
v -0.541087 0.146058 1.422829
v -0.553938 0.127724 1.454956
v -0.560405 0.118208 1.464267
v -0.566234 0.109173 1.470986
v -0.554826 0.119127 1.480073
v -0.567316 0.112411 1.447357
v -0.573284 0.104530 1.432638
v -0.572298 0.104674 1.457509
v -0.576614 0.097559 1.466775
v -0.577933 0.097832 1.444866
v -0.582429 0.089654 1.434317
v -0.582096 0.091584 1.455948
v -0.585621 0.085872 1.466035
v -0.586551 0.084264 1.446729
v -0.589216 0.076511 1.440391
v -0.589965 0.079368 1.458161
v -0.592532 0.074983 1.468625
v -0.592616 0.072327 1.452726
v -0.595086 0.068597 1.464094
v -0.593740 0.064921 1.449310
v -0.596196 0.061771 1.461278
v -0.593573 0.057308 1.447495
v -0.590312 0.068484 1.436418
v -0.586079 0.072531 1.422685
v -0.590020 0.060352 1.434321
v -0.588536 0.052232 1.433570
v -0.585621 0.063869 1.420389
v -0.583900 0.055318 1.419632
v -0.580528 0.067956 1.405836
v -0.578529 0.058976 1.405128
v -0.574907 0.072645 1.390772
v -0.581222 0.077120 1.408233
v -0.580389 0.086356 1.413016
v -0.575907 0.082280 1.393146
v -0.570314 0.088097 1.377519
v -0.575310 0.092075 1.398113
v -0.572867 0.101892 1.406495
v -0.570036 0.098350 1.382478
v -0.577822 0.095540 1.420910
v -0.568954 0.078034 1.375292
v -0.564374 0.094307 1.361441
v -0.585080 0.081178 1.427132
v -0.572604 0.063292 1.390196
v -0.569231 0.054319 1.390599
v -0.575462 0.050334 1.405400
v -0.571230 0.042315 1.407132
v -0.581125 0.047021 1.419801
v -0.577253 0.039349 1.421498
v -0.586065 0.044309 1.433690
v -0.582582 0.036856 1.435217
v -0.590090 0.042139 1.446875
v -0.587037 0.034930 1.448106
v -0.593060 0.040454 1.459232
v -0.592283 0.049662 1.446832
v -0.594975 0.047533 1.459267
v -0.596085 0.054692 1.459814
v -0.596335 0.045944 1.470817
v -0.597334 0.052669 1.471206
v -0.594670 0.039265 1.470706
v -0.596113 0.045017 1.481412
v -0.594045 0.044862 1.490992
v -0.597071 0.051393 1.481654
v -0.594628 0.038656 1.481211
v -0.592754 0.032547 1.481102
v -0.592630 0.038639 1.490719
v -0.590923 0.032634 1.490276
v -0.588411 0.039281 1.499133
v -0.582693 0.040494 1.506120
v -0.586745 0.033147 1.498456
v -0.589854 0.045576 1.499487
v -0.584289 0.047067 1.506539
v -0.591006 0.051737 1.499414
v -0.585677 0.053407 1.506351
v -0.595030 0.051027 1.491071
v -0.591644 0.057625 1.498833
v -0.586717 0.059413 1.505393
v -0.591561 0.063044 1.497594
v -0.595363 0.056896 1.490948
v -0.597223 0.057522 1.482109
v -0.594739 0.062192 1.490641
v -0.593545 0.066059 1.490319
v -0.596321 0.063174 1.482975
v -0.594239 0.068103 1.485299
v -0.596390 0.065482 1.474243
v -0.594031 0.071183 1.477787
v -0.597431 0.059240 1.472235
v -0.590118 0.076175 1.483441
v -0.585260 0.080020 1.490185
v -0.588327 0.080756 1.475305
v -0.590881 0.072093 1.490110
v -0.591172 0.067908 1.494949
v -0.586634 0.075089 1.495940
v -0.581916 0.077063 1.501330
v -0.587300 0.070189 1.500389
v -0.587300 0.064985 1.503484
v -0.582873 0.072131 1.504795
v -0.579376 0.073260 1.507314
v -0.582471 0.067247 1.507912
v -0.581250 0.061989 1.510300
v -0.577849 0.070250 1.510382
v -0.575934 0.065332 1.513125
v -0.574186 0.074385 1.510333
v -0.577516 0.077125 1.506173
v -0.571021 0.079414 1.508324
v -0.571493 0.069447 1.513479
v -0.567677 0.074180 1.511974
v -0.568995 0.062873 1.515267
v -0.573964 0.059099 1.514629
v -0.564735 0.067126 1.514091
v -0.566608 0.055164 1.515715
v -0.571924 0.051958 1.514998
v -0.564235 0.046764 1.514858
v -0.562015 0.058738 1.514622
v -0.559350 0.049515 1.513503
v -0.558101 0.062582 1.512315
v -0.554784 0.066610 1.509450
v -0.555145 0.052508 1.510976
v -0.561057 0.071745 1.511687
v -0.557851 0.076630 1.508667
v -0.564249 0.079416 1.509170
v -0.567913 0.085055 1.504887
v -0.561057 0.085070 1.505706
v -0.564721 0.091278 1.500677
v -0.557948 0.091057 1.502208
v -0.561335 0.098027 1.496373
v -0.554978 0.096687 1.499660
v -0.554978 0.081669 1.505658
v -0.552009 0.070721 1.506626
v -0.552564 0.086141 1.503576
v -0.550704 0.089329 1.503336
v -0.549816 0.074322 1.504712
v -0.546360 0.062104 1.503052
v -0.548289 0.076873 1.504568
v -0.547498 0.077794 1.507021
v -0.544847 0.064295 1.502942
v -0.540851 0.052274 1.498419
v -0.544167 0.065148 1.505508
v -0.544417 0.064137 1.511606
v -0.539602 0.053091 1.501332
v -0.539726 0.052393 1.508535
v -0.533814 0.042180 1.494540
v -0.536798 0.041447 1.490972
v -0.525571 0.032468 1.482867
v -0.533273 0.041876 1.504317
v -0.524239 0.033707 1.503178
v -0.534397 0.040492 1.517182
v -0.525626 0.032583 1.518107
v -0.536465 0.037939 1.529944
v -0.540795 0.050539 1.518564
v -0.545264 0.061802 1.520367
v -0.542336 0.047906 1.529953
v -0.546388 0.058709 1.530960
v -0.543959 0.045159 1.541983
v -0.538977 0.035395 1.542401
v -0.545292 0.042966 1.553892
v -0.547443 0.055385 1.542515
v -0.549483 0.065725 1.543210
v -0.548137 0.052382 1.554175
v -0.547748 0.049831 1.565521
v -0.549857 0.061857 1.554636
v -0.549205 0.058483 1.565776
v -0.550357 0.071048 1.554771
v -0.549635 0.066868 1.565814
v -0.550149 0.075804 1.543300
v -0.549705 0.080891 1.531726
v -0.548789 0.069873 1.531890
v -0.549288 0.085549 1.520993
v -0.548470 0.096950 1.519796
v -0.548026 0.073678 1.521534
v -0.549136 0.089019 1.512059
v -0.547512 0.076530 1.512958
v -0.549524 0.090528 1.505854
v -0.548844 0.101460 1.509301
v -0.549996 0.103375 1.501784
v -0.546138 0.113708 1.505117
v -0.548650 0.116344 1.494616
v -0.552827 0.112358 1.491470
v -0.557463 0.105112 1.492965
v -0.552189 0.101283 1.499047
v -0.560904 0.109821 1.483439
v -0.565484 0.101707 1.488254
v -0.569106 0.094549 1.493690
v -0.570827 0.101238 1.477963
v -0.574505 0.094232 1.484881
v -0.580236 0.091083 1.475307
v -0.577544 0.087954 1.491383
v -0.572257 0.088081 1.498918
v -0.583123 0.085304 1.483202
v -0.580014 0.082271 1.497027
v -0.575046 0.082291 1.503287
v -0.547276 0.063533 1.576078
v -0.542585 0.061288 1.585226
v -0.546846 0.055818 1.576194
v -0.546457 0.070666 1.575959
v -0.542086 0.068024 1.584656
v -0.540240 0.073990 1.583782
v -0.534786 0.067009 1.592045
v -0.534841 0.060391 1.592918
v -0.525765 0.067350 1.597702
v -0.533814 0.073169 1.590404
v -0.525793 0.073681 1.595530
v -0.532788 0.078994 1.587158
v -0.525349 0.079845 1.591876
v -0.537728 0.078234 1.582883
v -0.524336 0.085976 1.586390
v -0.517466 0.080490 1.595181
v -0.517286 0.074741 1.598772
v -0.516245 0.068707 1.601203
v -0.515301 0.062065 1.602312
v -0.506003 0.064330 1.603200
v -0.514385 0.055030 1.602457
v -0.525335 0.060707 1.598742
v -0.524599 0.053827 1.598981
v -0.534259 0.053469 1.593200
v -0.523656 0.046799 1.598765
v -0.513455 0.047790 1.602036
v -0.522601 0.039904 1.598172
v -0.533273 0.046375 1.593110
v -0.541017 0.046676 1.585428
v -0.532010 0.039428 1.592739
v -0.539504 0.039440 1.585216
v -0.530567 0.032935 1.592180
v -0.529068 0.027218 1.591523
v -0.537700 0.032689 1.584925
v -0.521477 0.033447 1.597320
v -0.520394 0.027724 1.596316
v -0.511707 0.034039 1.600044
v -0.502533 0.034580 1.600006
v -0.511041 0.028144 1.598765
v -0.512539 0.040695 1.601183
v -0.503116 0.041658 1.601429
v -0.503921 0.049216 1.602579
v -0.495594 0.042618 1.598565
v -0.495206 0.034883 1.596919
v -0.495261 0.028123 1.595407
v -0.489571 0.035014 1.591253
v -0.490140 0.027572 1.589643
v -0.486976 0.026742 1.581580
v -0.491417 0.021886 1.589152
v -0.489377 0.020809 1.582010
v -0.495816 0.022760 1.594396
v -0.493513 0.017707 1.589105
v -0.492444 0.016739 1.583335
v -0.496566 0.014786 1.588770
v -0.497135 0.018677 1.593501
v -0.499425 0.015810 1.592346
v -0.502894 0.019376 1.595986
v -0.504199 0.016610 1.594303
v -0.510388 0.019529 1.596039
v -0.502297 0.023273 1.597316
v -0.502242 0.028335 1.598568
v -0.510569 0.023332 1.597509
v -0.519409 0.023054 1.595251
v -0.518465 0.019324 1.593947
v -0.527597 0.022569 1.590846
v -0.533925 0.022023 1.584596
v -0.526001 0.018945 1.590025
v -0.524128 0.016259 1.588910
v -0.531816 0.018427 1.584552
v -0.529193 0.015912 1.584419
v -0.534730 0.017802 1.577804
v -0.531636 0.015187 1.579019
v -0.534869 0.017172 1.570848
v -0.537173 0.021558 1.576791
v -0.539338 0.026543 1.576115
v -0.537437 0.021095 1.568318
v -0.534800 0.020622 1.560054
v -0.539879 0.026417 1.566387
v -0.542738 0.033327 1.565509
v -0.537617 0.026295 1.556118
v -0.531677 0.025925 1.545173
v -0.541461 0.034007 1.554308
v -0.528138 0.030046 1.531660
v -0.518882 0.022357 1.546613
v -0.528902 0.019912 1.554737
v -0.519340 0.018809 1.555105
v -0.527014 0.016104 1.561179
v -0.525016 0.013659 1.566277
v -0.518882 0.015476 1.561760
v -0.532316 0.016643 1.564764
v -0.529457 0.014013 1.568880
v -0.525474 0.012359 1.572506
v -0.531650 0.014447 1.573564
v -0.527250 0.012669 1.576498
v -0.521116 0.011605 1.579738
v -0.527458 0.013542 1.580854
v -0.526570 0.014519 1.584153
v -0.521810 0.012651 1.583702
v -0.515357 0.012457 1.586732
v -0.522532 0.014253 1.586990
v -0.516536 0.014224 1.589919
v -0.517536 0.016447 1.592251
v -0.510305 0.014537 1.591843
v -0.505767 0.014994 1.592500
v -0.508820 0.012834 1.589070
v -0.510569 0.016690 1.594162
v -0.503172 0.013923 1.590882
v -0.507113 0.011703 1.585719
v -0.500979 0.012879 1.587779
v -0.514122 0.011290 1.582922
v -0.506225 0.011280 1.581673
v -0.500355 0.012388 1.583735
v -0.505281 0.011663 1.577599
v -0.512873 0.010865 1.578725
v -0.511693 0.011325 1.574371
v -0.519617 0.011267 1.575719
v -0.518340 0.011730 1.571546
v -0.523101 0.012506 1.569963
v -0.518327 0.013132 1.567064
v -0.510680 0.012786 1.570083
v -0.509639 0.015098 1.565307
v -0.503435 0.013001 1.574202
v -0.500993 0.015295 1.570647
v -0.498037 0.013521 1.579008
v -0.495927 0.014074 1.584106
v -0.494678 0.015898 1.576937
v -0.501007 0.012432 1.580167
v -0.491153 0.019646 1.573981
v -0.498231 0.018541 1.566103
v -0.486185 0.025486 1.570083
v -0.483673 0.028972 1.558997
v -0.495372 0.021962 1.559696
v -0.492625 0.024748 1.550566
v -0.506627 0.021151 1.551938
v -0.504185 0.023774 1.542215
v -0.508362 0.018071 1.559449
v -0.516703 0.025432 1.535827
v -0.501229 0.025815 1.531086
v -0.489238 0.026665 1.540176
v -0.497926 0.027124 1.519388
v -0.513955 0.027737 1.523236
v -0.511818 0.028991 1.509332
v -0.509264 0.029475 1.495817
v -0.494429 0.027907 1.507728
v -0.505281 0.029416 1.484436
v -0.490876 0.028354 1.496699
v -0.500854 0.029099 1.474851
v -0.497010 0.028754 1.466793
v -0.487406 0.028472 1.486633
v -0.484187 0.028267 1.477906
v -0.472682 0.027996 1.496109
v -0.469851 0.027818 1.486562
v -0.475790 0.027945 1.507561
v -0.457097 0.027711 1.502443
v -0.460039 0.027748 1.514852
v -0.441012 0.027671 1.504790
v -0.454529 0.027635 1.492395
v -0.452323 0.027078 1.484078
v -0.438764 0.027921 1.495083
v -0.422887 0.028439 1.494574
v -0.407247 0.028980 1.490816
v -0.424733 0.027844 1.503621
v -0.408579 0.028252 1.499435
v -0.426801 0.027067 1.514059
v -0.410106 0.027541 1.509706
v -0.443566 0.027291 1.516401
v -0.428910 0.026227 1.525637
v -0.445453 0.026871 1.528915
v -0.430909 0.025501 1.538088
v -0.412437 0.026971 1.521598
v -0.394340 0.029111 1.516492
v -0.416226 0.026667 1.535068
v -0.404471 0.030636 1.534314
v -0.420112 0.026133 1.548889
v -0.432782 0.024611 1.550638
v -0.409453 0.030486 1.548627
v -0.422749 0.024888 1.561793
v -0.434503 0.023263 1.562490
v -0.436002 0.021468 1.572711
v -0.447174 0.022049 1.574796
v -0.437223 0.019264 1.580331
v -0.446896 0.019405 1.581911
v -0.454585 0.020398 1.585293
v -0.446078 0.016959 1.586995
v -0.452475 0.017419 1.589318
v -0.458110 0.021826 1.590402
v -0.460455 0.027180 1.588720
v -0.402750 0.037818 1.550268
v -0.398518 0.038072 1.537840
v -0.393841 0.037835 1.528808
v -0.392939 0.048011 1.535614
v -0.393591 0.028133 1.501991
v -0.384431 0.030272 1.516984
v -0.392800 0.028625 1.491905
v -0.392189 0.029307 1.483786
v -0.377617 0.028681 1.480730
v -0.467269 0.027154 1.478510
v -0.464924 0.025706 1.471569
v -0.481175 0.027628 1.470395
v -0.478330 0.026371 1.464020
v -0.493485 0.028212 1.460043
v -0.490057 0.027261 1.454412
v -0.499536 0.027977 1.442919
v -0.486615 0.025958 1.449272
v -0.475568 0.024703 1.457943
v -0.495303 0.026971 1.438871
v -0.483076 0.024306 1.444056
v -0.490695 0.025544 1.435288
v -0.486588 0.024146 1.432497
v -0.495289 0.025888 1.424664
v -0.501090 0.027245 1.426748
v -0.488211 0.023999 1.424601
v -0.497537 0.025569 1.412774
v -0.479593 0.027748 1.519363
v -0.484478 0.027489 1.530014
v -0.479995 0.030805 1.549315
v -0.545514 0.041305 1.565332
v -0.541628 0.032854 1.575872
v -0.543793 0.040086 1.575932
v -0.545611 0.047876 1.576092
v -0.535799 0.026772 1.584688
v -0.504907 0.056891 1.603241
v -0.542100 0.054075 1.585471
v -0.535355 0.033067 1.479968
v -0.539227 0.028342 1.464760
v -0.540837 0.031271 1.481931
v -0.544903 0.026400 1.469307
v -0.544889 0.028058 1.486030
v -0.540726 0.039614 1.491673
v -0.544084 0.036602 1.494643
v -0.543057 0.050280 1.498664
v -0.545722 0.047462 1.500924
v -0.548914 0.044514 1.504337
v -0.548636 0.059073 1.504982
v -0.551592 0.055698 1.507905
v -0.547373 0.033657 1.499001
v -0.552647 0.042126 1.508033
v -0.557019 0.040116 1.511193
v -0.551051 0.032082 1.503875
v -0.555312 0.031189 1.508111
v -0.550773 0.023514 1.499926
v -0.554534 0.023538 1.504950
v -0.552231 0.017599 1.497593
v -0.548123 0.023237 1.491769
v -0.552925 0.019938 1.480088
v -0.552217 0.017116 1.491050
v -0.556214 0.016438 1.482971
v -0.555367 0.013558 1.490811
v -0.558212 0.011513 1.490544
v -0.554701 0.013768 1.496096
v -0.559086 0.013470 1.484567
v -0.564693 0.013620 1.478484
v -0.561473 0.011564 1.485838
v -0.566164 0.011784 1.481239
v -0.563291 0.010454 1.487357
v -0.560571 0.010702 1.490226
v -0.564471 0.009886 1.489658
v -0.567413 0.010580 1.483663
v -0.568676 0.010031 1.486227
v -0.571715 0.011213 1.480375
v -0.574838 0.011967 1.478404
v -0.572937 0.010747 1.482938
v -0.571243 0.012338 1.477453
v -0.575879 0.012927 1.475541
v -0.570994 0.014142 1.473672
v -0.570355 0.016642 1.468559
v -0.576822 0.014752 1.471426
v -0.577489 0.017466 1.465851
v -0.581028 0.015171 1.473042
v -0.582568 0.017979 1.468812
v -0.579196 0.013238 1.476562
v -0.583539 0.015484 1.477200
v -0.584233 0.015737 1.482567
v -0.581180 0.013461 1.479598
v -0.585566 0.018288 1.474955
v -0.587620 0.022070 1.473053
v -0.586412 0.018499 1.481808
v -0.585024 0.018642 1.488732
v -0.588494 0.022210 1.481337
v -0.587009 0.022371 1.489232
v -0.590659 0.026981 1.481123
v -0.590048 0.027042 1.471752
v -0.589021 0.027114 1.489768
v -0.584955 0.027494 1.497506
v -0.579279 0.028043 1.503895
v -0.583137 0.022573 1.496362
v -0.577627 0.022822 1.502257
v -0.581347 0.018718 1.495088
v -0.576156 0.018720 1.500390
v -0.579570 0.015807 1.493768
v -0.574810 0.015615 1.498366
v -0.577725 0.013728 1.492460
v -0.582957 0.015858 1.488353
v -0.580722 0.013926 1.488181
v -0.581777 0.013773 1.483673
v -0.578682 0.012842 1.488132
v -0.576156 0.012294 1.490752
v -0.578835 0.012376 1.485448
v -0.575199 0.011331 1.488243
v -0.578210 0.011984 1.482290
v -0.574297 0.010821 1.485449
v -0.576642 0.011867 1.479738
v -0.569925 0.010079 1.488836
v -0.565540 0.009906 1.492212
v -0.571160 0.010697 1.491434
v -0.572381 0.011812 1.493912
v -0.567066 0.010544 1.494435
v -0.568426 0.011668 1.496649
v -0.563486 0.011028 1.497285
v -0.561598 0.010408 1.495298
v -0.561071 0.012273 1.500038
v -0.565470 0.011810 1.498298
v -0.564665 0.012881 1.500624
v -0.569023 0.013172 1.499147
v -0.564138 0.015055 1.503345
v -0.569426 0.015386 1.501729
v -0.564235 0.018505 1.505974
v -0.559655 0.014585 1.502702
v -0.559059 0.018256 1.505285
v -0.556366 0.014107 1.500157
v -0.558559 0.011705 1.497869
v -0.554951 0.017952 1.502403
v -0.557421 0.011506 1.494625
v -0.560613 0.010359 1.492648
v -0.559295 0.023454 1.507894
v -0.564929 0.023284 1.508480
v -0.560377 0.030334 1.510598
v -0.562084 0.038291 1.513031
v -0.566192 0.029506 1.510863
v -0.567899 0.036678 1.512895
v -0.572770 0.028726 1.508490
v -0.571299 0.023066 1.506444
v -0.574449 0.035239 1.510159
v -0.576267 0.042201 1.511307
v -0.581000 0.034037 1.505213
v -0.569856 0.044325 1.514349
v -0.578071 0.049220 1.511815
v -0.579751 0.055905 1.511537
v -0.570189 0.018652 1.504181
v -0.573575 0.013381 1.496214
v -0.592519 0.032885 1.470977
v -0.587356 0.027316 1.461837
v -0.584469 0.021929 1.464755
v -0.583179 0.028210 1.450965
v -0.590478 0.033639 1.459998
v -0.578127 0.021737 1.456666
v -0.578113 0.030162 1.438742
v -0.572270 0.032688 1.425314
v -0.572187 0.025051 1.444570
v -0.564332 0.022307 1.452991
v -0.566136 0.027665 1.432112
v -0.559475 0.029949 1.418383
v -0.558823 0.024892 1.442713
v -0.551398 0.024438 1.455630
v -0.552730 0.027084 1.431512
v -0.545874 0.026582 1.447789
v -0.556172 0.021806 1.463341
v -0.549302 0.023424 1.474971
v -0.560016 0.018932 1.470057
v -0.568454 0.019486 1.461774
v -0.562750 0.016108 1.474940
v -0.565776 0.035278 1.410858
v -0.535133 0.154581 1.405708
v -0.528610 0.153687 1.441161
v -0.522629 0.162386 1.423802
v -0.507474 0.168036 1.440214
v -0.490265 0.171755 1.454358
v -0.544986 0.145152 1.387561
v -0.372288 0.119149 1.523699
v -0.357147 0.113232 1.520533
v -0.344754 0.112441 1.511595
v -0.368097 0.110411 1.528567
v -0.355912 0.105471 1.527910
v -0.355496 0.098549 1.534854
v -0.365752 0.102812 1.534191
v -0.344935 0.105130 1.520767
v -0.334193 0.102178 1.513535
v -0.345504 0.098343 1.529000
v -0.335733 0.095790 1.523065
v -0.346489 0.092165 1.536361
v -0.337690 0.089896 1.531545
v -0.347710 0.086480 1.542643
v -0.355496 0.092309 1.541105
v -0.363642 0.090136 1.545213
v -0.355648 0.086674 1.546360
v -0.362782 0.084832 1.549573
v -0.355634 0.081571 1.550355
v -0.355954 0.076671 1.553320
v -0.361533 0.080239 1.552629
v -0.348931 0.081187 1.547628
v -0.342214 0.079738 1.544337
v -0.350028 0.076009 1.551333
v -0.343894 0.075022 1.548270
v -0.350805 0.070640 1.553710
v -0.351374 0.065001 1.554994
v -0.357119 0.071674 1.555550
v -0.344227 0.069941 1.550488
v -0.338051 0.070274 1.545957
v -0.343963 0.064435 1.551451
v -0.343894 0.058428 1.551647
v -0.336941 0.064867 1.546322
v -0.336386 0.058730 1.546200
v -0.331015 0.066588 1.539627
v -0.330030 0.060011 1.539000
v -0.326019 0.069350 1.531386
v -0.332999 0.072373 1.540199
v -0.328739 0.075751 1.532974
v -0.336552 0.076895 1.541503
v -0.333249 0.080943 1.535293
v -0.339397 0.074079 1.545317
v -0.330154 0.085763 1.527249
v -0.339911 0.084547 1.538737
v -0.324964 0.079943 1.524040
v -0.327393 0.091165 1.517724
v -0.325061 0.096977 1.507067
v -0.321675 0.084747 1.513679
v -0.318899 0.089946 1.502173
v -0.318247 0.077001 1.510673
v -0.315319 0.081523 1.498568
v -0.316748 0.068369 1.508515
v -0.321786 0.072875 1.521687
v -0.320329 0.064959 1.519975
v -0.324714 0.062138 1.530202
v -0.320259 0.056594 1.518715
v -0.324575 0.054471 1.529220
v -0.316832 0.059290 1.506963
v -0.321273 0.048177 1.517678
v -0.318136 0.050232 1.505813
v -0.325325 0.046722 1.528268
v -0.323354 0.039979 1.517206
v -0.326824 0.039227 1.527547
v -0.326505 0.032255 1.517641
v -0.320842 0.041399 1.505520
v -0.325131 0.033021 1.506578
v -0.319066 0.043698 1.492568
v -0.317720 0.046561 1.478621
v -0.315805 0.052906 1.492841
v -0.324242 0.035243 1.493947
v -0.332028 0.028515 1.497154
v -0.323535 0.038077 1.479958
v -0.332028 0.031335 1.483873
v -0.322730 0.040725 1.464835
v -0.321342 0.043553 1.448986
v -0.331723 0.033602 1.469201
v -0.316540 0.049632 1.463892
v -0.312529 0.059512 1.464485
v -0.315236 0.052903 1.448701
v -0.311100 0.063135 1.449552
v -0.313487 0.056323 1.433341
v -0.309476 0.066739 1.434424
v -0.311780 0.059703 1.418052
v -0.318941 0.046903 1.432864
v -0.324922 0.039329 1.431617
v -0.316582 0.050315 1.417074
v -0.321828 0.042572 1.415719
v -0.315263 0.053286 1.402208
v -0.315027 0.055812 1.388017
v -0.310614 0.062852 1.403044
v -0.310212 0.065701 1.388333
v -0.306742 0.073667 1.403925
v -0.303994 0.085432 1.405094
v -0.307936 0.070273 1.419187
v -0.305299 0.081696 1.420654
v -0.304147 0.093643 1.422652
v -0.306923 0.077861 1.436077
v -0.308671 0.073965 1.451252
v -0.305854 0.089422 1.438277
v -0.307686 0.085139 1.453514
v -0.306867 0.100893 1.441575
v -0.310642 0.111757 1.446537
v -0.308768 0.096139 1.456835
v -0.305132 0.105610 1.425789
v -0.308866 0.117056 1.430684
v -0.303620 0.110361 1.409571
v -0.302426 0.115243 1.392990
v -0.302745 0.097844 1.406751
v -0.310711 0.091235 1.471515
v -0.312515 0.106432 1.461710
v -0.314431 0.100912 1.476096
v -0.321259 0.109290 1.482491
v -0.316526 0.095375 1.489607
v -0.323063 0.103074 1.495321
v -0.312849 0.086317 1.485459
v -0.311516 0.076408 1.482534
v -0.309518 0.080751 1.468323
v -0.312071 0.066154 1.480490
v -0.313875 0.072230 1.495979
v -0.314181 0.062535 1.494161
v -0.314014 0.056048 1.478985
v -0.310309 0.070009 1.466122
v -0.332930 0.108920 1.502916
v -0.331848 0.024854 1.510034
v -0.330071 0.025679 1.519304
v -0.343019 0.021612 1.511857
v -0.336441 0.019889 1.518427
v -0.344227 0.018593 1.518923
v -0.339550 0.016834 1.523605
v -0.333388 0.020951 1.522543
v -0.345962 0.015942 1.524136
v -0.354122 0.015299 1.526868
v -0.347557 0.014113 1.528028
v -0.354150 0.013515 1.530233
v -0.360783 0.013432 1.533218
v -0.366140 0.013662 1.536629
v -0.362296 0.015221 1.530895
v -0.364211 0.017956 1.527971
v -0.368791 0.015598 1.535510
v -0.371789 0.018832 1.534020
v -0.371941 0.016320 1.539994
v -0.372316 0.017282 1.543959
v -0.368902 0.014075 1.540147
v -0.374814 0.019938 1.539704
v -0.374509 0.021097 1.544541
v -0.377367 0.025347 1.540256
v -0.372066 0.022162 1.548074
v -0.370484 0.018352 1.546966
v -0.368139 0.015790 1.545806
v -0.366695 0.019300 1.548669
v -0.369443 0.014745 1.543341
v -0.354288 0.017732 1.522603
v -0.363920 0.012883 1.537282
v -0.331376 0.026349 1.527703
v -0.328947 0.032296 1.527301
v -0.333013 0.032509 1.535737
v -0.331542 0.038908 1.536478
v -0.337593 0.038919 1.543779
v -0.330460 0.045837 1.537376
v -0.336788 0.045462 1.544809
v -0.329905 0.052974 1.538270
v -0.336358 0.052168 1.545670
v -0.344060 0.052092 1.551251
v -0.351832 0.058970 1.555370
v -0.359506 0.060228 1.557374
v -0.358493 0.066286 1.556928
v -0.364600 0.068332 1.557250
v -0.362393 0.073498 1.555877
v -0.368985 0.071154 1.555949
v -0.365876 0.076597 1.554598
v -0.368166 0.080656 1.551927
v -0.369859 0.085402 1.548118
v -0.371358 0.090773 1.543591
v -0.364516 0.096118 1.539938
v -0.373093 0.096749 1.538774
v -0.375591 0.103165 1.534518
v -0.360103 0.076866 1.554093
v -0.349875 0.025628 1.413703
v -0.354233 0.026260 1.425240
v -0.360825 0.027494 1.437848
v -0.471127 0.031471 1.320470
v -0.473473 0.035864 1.315614
v -0.488739 0.040421 1.317305
v -0.535591 0.064204 1.333311
v -0.344574 0.017534 1.540332
v -0.349986 0.015676 1.541921
v -0.346350 0.016140 1.540025
v -0.349542 0.014217 1.539575
v -0.344796 0.015306 1.537695
v -0.414089 0.036312 1.594616
v -0.418530 0.036642 1.601925
v -0.416892 0.043489 1.602880
v -0.423207 0.043258 1.608367
v -0.415629 0.050934 1.603866
v -0.422263 0.050136 1.609502
v -0.421708 0.057218 1.610383
v -0.430479 0.049748 1.612521
v -0.439347 0.049748 1.613229
v -0.431048 0.043175 1.611325
v -0.439541 0.043215 1.612004
v -0.447798 0.043330 1.610711
v -0.447965 0.050099 1.611946
v -0.455390 0.050779 1.608963
v -0.460955 0.059991 1.605723
v -0.444121 0.100919 1.591289
vn 0.6528 -0.7575 -0.0123
vn 0.5829 -0.8124 0.0141
vn 0.8291 -0.5415 0.1389
vn 0.8587 -0.4827 0.1723
vn 0.2748 -0.9490 -0.1544
vn 0.2638 -0.9614 -0.0788
vn 0.4816 -0.8591 -0.1731
vn 0.2368 -0.9315 -0.2762
vn 0.8839 -0.3995 0.2432
vn 0.8613 -0.4840 0.1544
vn 0.7539 -0.6489 0.1026
vn 0.4274 -0.8869 -0.1751
vn 0.1932 -0.9336 -0.3018
vn 0.6432 -0.7633 0.0608
vn 0.7090 -0.6060 0.3607
vn 0.8116 -0.4587 0.3618
vn 0.8405 -0.3852 0.3809
vn 0.7248 -0.3181 0.6112
vn 0.6941 -0.3740 0.6150
vn 0.6205 -0.4859 0.6155
vn 0.5552 -0.7485 0.3626
vn 0.4973 -0.8616 0.1014
vn 0.4899 -0.6400 0.5919
vn 0.4179 -0.4113 0.8101
vn 0.4656 -0.3227 0.8241
vn 0.3279 -0.5603 0.7607
vn 0.1802 -0.3697 0.9115
vn 0.1584 -0.5039 0.8491
vn 0.1999 -0.2840 0.9378
vn 0.4878 -0.2850 0.8251
vn 0.2114 -0.2586 0.9426
vn 0.4983 -0.2651 0.8255
vn 0.2135 -0.2392 0.9472
vn 0.7307 -0.2875 0.6193
vn -0.0352 -0.2341 0.9716
vn -0.0380 -0.2211 0.9745
vn -0.0308 -0.2638 0.9641
vn -0.2714 -0.2188 0.9373
vn -0.2556 -0.2379 0.9371
vn -0.2733 -0.2122 0.9382
vn -0.0229 -0.3364 0.9415
vn -0.2232 -0.3218 0.9201
vn -0.1755 -0.4646 0.8680
vn -0.0084 -0.4793 0.8776
vn 0.0149 -0.6563 0.7543
vn 0.1502 -0.6698 0.7272
vn -0.1276 -0.6370 0.7602
vn -0.2457 -0.6245 0.7414
vn -0.3500 -0.4907 0.7979
vn -0.4646 -0.3235 0.8243
vn -0.7006 -0.3871 0.5994
vn -0.5321 -0.5844 0.6126
vn -0.2997 -0.7275 0.6172
vn -0.1063 -0.8003 0.5901
vn -0.3129 -0.8818 0.3529
vn -0.6059 -0.7332 0.3087
vn -0.0935 -0.9281 0.3603
vn 0.0408 -0.8155 0.5774
vn 0.0575 -0.9307 0.3613
vn 0.1962 -0.9125 0.3591
vn 0.1734 -0.8078 0.5634
vn 0.0675 -0.9902 0.1222
vn 0.1909 -0.9729 0.1307
vn -0.0696 -0.9918 0.1072
vn 0.3542 -0.8644 0.3570
vn 0.3310 -0.9358 0.1215
vn 0.3204 -0.7531 0.5746
vn 0.2587 -0.6697 0.6961
vn 0.2733 -0.9608 -0.0473
vn 0.3292 -0.9358 -0.1262
vn 0.1832 -0.9793 -0.0861
vn 0.1819 -0.9529 -0.2428
vn 0.0635 -0.9907 -0.1202
vn 0.0548 -0.9548 -0.2922
vn 0.0372 -0.9334 -0.3569
vn -0.0849 -0.9486 -0.3050
vn -0.1184 -0.9136 -0.3891
vn -0.0609 -0.9899 -0.1281
vn -0.1687 -0.9791 -0.1140
vn -0.2561 -0.9370 -0.2375
vn -0.2480 -0.9668 0.0613
vn -0.4943 -0.8691 -0.0167
vn -0.4024 -0.8490 -0.3425
vn -0.6910 -0.7120 -0.1245
vn -0.8074 -0.5297 0.2599
vn -0.9115 -0.3422 0.2280
vn -0.8268 -0.5517 -0.1096
vn -0.7687 -0.2646 0.5823
vn -0.5163 -0.2322 0.8243
vn -0.9224 -0.2823 0.2636
vn -0.7852 -0.2251 0.5769
vn -0.5288 -0.2149 0.8211
vn -0.5302 -0.2111 0.8212
vn -0.7699 -0.2223 0.5982
vn -0.5246 -0.1929 0.8292
vn -0.7605 -0.1874 0.6218
vn -0.2730 -0.1917 0.9427
vn -0.9194 -0.2337 0.3164
vn -0.9094 -0.1920 0.3690
vn -0.9642 -0.2010 0.1727
vn -0.9513 -0.2996 0.0721
vn -0.9318 -0.3579 -0.0604
vn -0.9039 -0.1189 0.4110
vn -0.9715 -0.1021 0.2141
vn -0.7568 -0.1409 0.6383
vn -0.9026 -0.0291 0.4295
vn -0.9674 0.0034 0.2532
vn -0.7508 -0.0691 0.6569
vn -0.9762 -0.2141 0.0333
vn -0.9912 -0.0923 0.0949
vn -0.9905 0.0166 0.1362
vn -0.8818 0.1025 0.4603
vn -0.9446 0.1363 0.2986
vn -0.9657 0.1526 0.2101
vn -0.8033 0.2914 0.5194
vn -0.8556 0.3343 0.3951
vn -0.8779 0.3465 0.3306
vn -0.8781 0.3467 0.3298
vn -0.9750 0.1416 0.1711
vn -0.9965 0.0176 0.0818
vn -0.9958 0.0055 0.0912
vn -0.9735 0.1244 0.1921
vn -0.8694 0.3201 0.3763
vn -0.7731 0.3154 0.5503
vn -0.9150 0.1158 0.3866
vn -0.9685 -0.0217 0.2481
vn -0.9762 -0.1264 0.1765
vn -0.9950 -0.0939 0.0325
vn -0.9955 -0.0885 0.0323
vn -0.9717 -0.2358 0.0155
vn -0.9452 -0.2773 0.1723
vn -0.9720 -0.2346 -0.0150
vn -0.8961 -0.4331 -0.0965
vn -0.9225 -0.3840 -0.0397
vn -0.8682 -0.4962 0.0008
vn -0.5979 -0.7998 -0.0532
vn -0.6397 -0.7415 -0.2026
vn -0.6996 -0.6694 -0.2500
vn -0.2696 -0.9444 -0.1880
vn -0.2606 -0.9245 -0.2783
vn -0.2598 -0.9605 -0.1001
vn -0.4692 -0.8658 0.1742
vn -0.1695 -0.9854 -0.0128
vn -0.7953 -0.5642 0.2218
vn -0.0793 -0.9791 0.1873
vn -0.2265 -0.7786 0.5852
vn -0.0937 -0.9948 -0.0389
vn -0.2655 -0.5662 0.7803
vn 0.7261 -0.3156 0.6108
vn 0.5447 -0.6282 0.5556
vn 0.2727 -0.8992 0.3422
vn 0.5391 -0.8260 0.1645
vn 0.7846 -0.5144 0.3462
vn 0.8780 -0.2261 0.4219
vn -0.2889 -0.2822 0.9148
vn 0.7552 -0.1344 0.6415
vn 0.8817 -0.0773 0.4654
vn -0.2871 -0.0305 0.9574
vn 0.7116 -0.0171 0.7024
vn 0.8464 0.0232 0.5320
vn -0.2785 0.1782 0.9438
vn 0.5926 0.1373 0.7937
vn 0.7700 0.1456 0.6212
vn 0.7939 0.1712 0.5835
vn 0.8642 0.0458 0.5011
vn 0.8951 -0.0522 0.4428
vn 0.8540 0.0621 0.5165
vn 0.8834 -0.0372 0.4671
vn 0.7874 0.1934 0.5853
vn 0.9058 -0.2024 0.3723
vn 0.9078 -0.1571 0.3889
vn 0.8963 -0.3419 0.2824
vn 0.8780 -0.4133 0.2413
vn 0.8655 -0.1283 0.4842
vn 0.9011 -0.2272 0.3693
vn 0.8423 -0.0293 0.5382
vn 0.7607 -0.1148 0.6388
vn 0.7983 -0.1588 0.5809
vn 0.7246 -0.0409 0.6880
vn 0.8085 0.0663 0.5848
vn 0.6922 0.0491 0.7200
vn 0.4546 0.0132 0.8906
vn 0.4959 -0.0702 0.8656
vn 0.5269 -0.1262 0.8405
vn 0.6288 0.1855 0.7552
vn 0.4015 0.1439 0.9045
vn 0.7467 0.1990 0.6347
vn 0.4913 0.3839 0.7818
vn 0.5910 0.4064 0.6968
vn 0.2914 0.3321 0.8971
vn 0.2475 0.5922 0.7668
vn 0.1071 0.5285 0.8421
vn 0.3161 0.6242 0.7145
vn -0.0002 0.2652 0.9642
vn 0.0706 0.0904 0.9934
vn -0.1028 0.4544 0.8848
vn -0.1809 0.5745 0.7982
vn -0.1084 0.6469 0.7549
vn -0.0373 0.7214 0.6915
vn -0.2468 0.7562 0.6060
vn -0.2728 0.6920 0.6684
vn -0.2936 0.5717 0.7662
vn -0.0099 0.7531 0.6579
vn -0.2399 0.7837 0.5730
vn -0.3808 0.7497 0.5412
vn -0.3966 0.6898 0.6057
vn -0.3779 0.7737 0.5085
vn -0.0162 0.7584 0.6516
vn -0.2496 0.7858 0.5659
vn -0.3898 0.7748 0.4976
vn -0.0491 0.7472 0.6628
vn -0.2712 0.7829 0.5599
vn -0.3994 0.7757 0.4887
vn -0.5204 0.7385 0.4287
vn -0.5123 0.7408 0.4345
vn -0.5037 0.7399 0.4458
vn -0.6706 0.6530 0.3520
vn -0.6630 0.6541 0.3640
vn -0.6754 0.6473 0.3533
vn -0.6581 0.6303 0.4119
vn -0.5013 0.7170 0.4843
vn -0.5124 0.6584 0.5513
vn -0.6430 0.5812 0.4988
vn -0.8290 0.4601 0.3178
vn -0.7918 0.4249 0.4387
vn -0.8408 0.4794 0.2516
vn -0.9448 0.2371 0.2259
vn -0.9590 0.2508 0.1322
vn -0.8964 0.2172 0.3864
vn -0.8458 0.4798 0.2333
vn -0.9648 0.2449 0.0957
vn -0.8521 0.4672 0.2360
vn -0.9679 0.2324 0.0955
vn -0.9750 0.1961 0.1041
vn -0.8539 0.4507 0.2601
vn -0.6769 0.6451 0.3545
vn -0.5211 0.7475 0.4120
vn -0.6705 0.6505 0.3568
vn -0.8572 0.4257 0.2899
vn -0.5132 0.7658 0.3875
vn -0.4089 0.7833 0.4682
vn -0.4038 0.8063 0.4322
vn -0.3902 0.8346 0.3889
vn -0.4900 0.8038 0.3374
vn -0.6571 0.6990 0.2821
vn -0.3760 0.8577 0.3506
vn -0.4827 0.8277 0.2861
vn -0.6006 0.7756 0.1944
vn -0.6009 0.7774 0.1856
vn -0.4835 0.8345 0.2644
vn -0.3662 0.8714 0.3266
vn -0.2861 0.8498 0.4427
vn -0.2556 0.8815 0.3970
vn -0.2441 0.8950 0.3734
vn -0.1076 0.9036 0.4147
vn -0.1070 0.8929 0.4374
vn -0.1346 0.8160 0.5621
vn -0.1129 0.9085 0.4024
vn -0.2411 0.9000 0.3631
vn -0.3637 0.8763 0.3159
vn 0.0367 0.8912 0.4521
vn 0.0226 0.8957 0.4440
vn 0.0542 0.8781 0.4754
vn 0.1791 0.8559 0.4851
vn 0.1988 0.8412 0.5029
vn 0.1615 0.8641 0.4768
vn 0.2136 0.8215 0.5288
vn 0.0746 0.8513 0.5193
vn 0.3413 0.7686 0.5411
vn 0.3229 0.7920 0.5182
vn 0.3083 0.8078 0.5024
vn 0.4217 0.7636 0.4890
vn 0.4219 0.7428 0.5198
vn 0.4549 0.6415 0.6176
vn 0.3653 0.7341 0.5725
vn 0.5507 0.5573 0.6214
vn 0.2226 0.8014 0.5552
vn 0.5807 0.5824 0.5689
vn 0.3798 0.7245 0.5752
vn 0.2158 0.7850 0.5807
vn 0.0656 0.8124 0.5793
vn 0.0363 0.7982 0.6014
vn -0.2358 0.7435 0.6258
vn -0.1708 0.7386 0.6521
vn 0.0105 0.7907 0.6121
vn 0.1970 0.7798 0.5942
vn -0.2782 0.7426 0.6093
vn 0.1715 0.7757 0.6074
vn -0.0213 0.7843 0.6200
vn -0.3102 0.7404 0.5964
vn 0.3675 0.7283 0.5784
vn 0.3439 0.7334 0.5865
vn 0.5727 0.6050 0.5532
vn 0.5552 0.6211 0.5531
vn 0.3129 0.7300 0.6076
vn 0.5198 0.6286 0.5786
vn 0.1387 0.7671 0.6264
vn 0.4752 0.6082 0.6358
vn 0.2721 0.7050 0.6549
vn 0.1117 0.7353 0.6684
vn 0.0830 0.6659 0.7414
vn 0.2387 0.6395 0.7308
vn 0.4021 0.5627 0.7223
vn 0.0514 0.5248 0.8497
vn 0.2161 0.5231 0.8244
vn 0.3389 0.5038 0.7946
vn 0.2096 0.3408 0.9165
vn 0.4061 0.3764 0.8327
vn 0.0176 0.3253 0.9454
vn -0.1222 0.5129 0.8497
vn -0.1713 0.3266 0.9295
vn -0.0843 0.6541 0.7517
vn -0.2535 0.5016 0.8271
vn -0.3011 0.5814 0.7559
vn -0.3644 0.3591 0.8592
vn -0.3264 0.6712 0.6655
vn -0.0706 0.7322 0.6774
vn -0.5236 0.4324 0.7341
vn -0.6171 0.5073 0.6015
vn -0.3275 0.7180 0.6142
vn -0.6472 0.5582 0.5192
vn -0.0466 0.7701 0.6363
vn -0.6832 0.2243 0.6949
vn -0.6476 0.5802 0.4939
vn -0.6416 0.5803 0.5015
vn -0.5873 0.5710 0.5737
vn -0.4759 0.5645 0.6744
vn -0.2092 0.6171 0.7586
vn -0.2476 0.4179 0.8741
vn 0.0714 0.5804 0.8112
vn 0.3818 0.3461 0.8570
vn 0.5701 0.3553 0.7408
vn 0.2185 0.5934 0.7747
vn -0.0934 0.7406 0.6654
vn -0.1551 0.7321 0.6633
vn -0.3041 0.8046 0.5101
vn -0.2862 0.7872 0.5462
vn 0.3009 0.6142 0.7295
vn 0.3213 0.6274 0.7093
vn 0.6132 0.3867 0.6888
vn 0.6268 0.4003 0.6685
vn -0.7407 0.0484 0.6701
vn -0.4624 0.1628 0.8716
vn -0.5092 -0.0064 0.8606
vn -0.2262 0.1264 0.9658
vn -0.2534 -0.0261 0.9670
vn -0.5166 -0.0995 0.8504
vn -0.2630 -0.1145 0.9580
vn -0.0312 -0.1142 0.9930
vn -0.0234 -0.0269 0.9994
vn -0.0069 0.1270 0.9919
vn 0.2234 -0.0122 0.9747
vn 0.2201 0.1475 0.9642
vn 0.2192 -0.1097 0.9695
vn 0.4756 0.1747 0.8622
vn 0.5051 0.0081 0.8630
vn 0.5101 -0.1026 0.8540
vn 0.7341 0.0290 0.6784
vn 0.6881 0.2019 0.6970
vn 0.5767 0.3993 0.7127
vn 0.8021 0.2187 0.5557
vn 0.8559 0.0440 0.5153
vn 0.6749 0.4297 0.5999
vn 0.8687 -0.0834 0.4882
vn 0.7441 -0.0906 0.6619
vn 0.9265 -0.0798 0.3678
vn 0.9136 0.0438 0.4043
vn 0.8587 0.2249 0.4604
vn 0.7434 -0.1762 0.6453
vn 0.8660 -0.1747 0.4686
vn 0.9226 -0.1810 0.3408
vn 0.9511 -0.0859 0.2968
vn 0.9398 0.0350 0.3398
vn 0.9449 -0.1869 0.2686
vn 0.9216 -0.3137 0.2286
vn 0.9069 -0.2825 0.3127
vn 0.8599 -0.2567 0.4412
vn 0.8548 -0.3156 0.4120
vn 0.9193 -0.3362 0.2045
vn 0.9532 -0.1912 0.2341
vn 0.9167 -0.3269 0.2300
vn 0.8006 -0.5613 0.2097
vn 0.9531 -0.1937 0.2325
vn 0.9593 -0.1094 0.2604
vn 0.9612 -0.0956 0.2588
vn 0.9366 -0.1928 0.2926
vn 0.9446 -0.1253 0.3034
vn 0.9004 -0.3111 0.3042
vn 0.7421 -0.3610 0.5648
vn 0.8311 -0.2165 0.5123
vn 0.8306 -0.1381 0.5395
vn 0.8125 -0.0457 0.5812
vn 0.9298 -0.0484 0.3648
vn 0.9519 -0.0185 0.3059
vn 0.7205 0.1146 0.6839
vn 0.8870 0.0823 0.4543
vn 0.9050 0.1316 0.4046
vn 0.9015 0.1845 0.3914
vn 0.9504 0.0100 0.3110
vn 0.8882 0.2084 0.4095
vn 0.7770 0.3586 0.5174
vn 0.7800 0.3965 0.4842
vn 0.7592 0.4277 0.4906
vn 0.7293 0.4365 0.5269
vn 0.7580 0.2998 0.5793
vn 0.6380 0.3255 0.6979
vn 0.3267 0.4130 0.8501
vn 0.3775 0.5407 0.7518
vn 0.2922 0.2205 0.9306
vn 0.2702 0.0686 0.9604
vn -0.2315 0.3396 0.9116
vn -0.4405 0.1643 0.8826
vn 0.0239 0.4776 0.8783
vn -0.5622 0.0088 0.8270
vn 0.2366 -0.0951 0.9669
vn -0.6900 0.2124 0.6919
vn -0.4711 0.3918 0.7903
vn -0.7956 0.0610 0.6028
vn -0.8241 0.0693 0.5622
vn -0.7351 0.2230 0.6402
vn -0.5526 0.4052 0.7283
vn -0.7056 0.2056 0.6781
vn -0.5434 0.3894 0.7437
vn -0.7797 0.0540 0.6238
vn -0.4620 0.3381 0.8199
vn -0.5906 0.1611 0.7907
vn -0.6558 0.0167 0.7547
vn -0.4237 -0.0357 0.9051
vn -0.3780 0.0930 0.9211
vn -0.2891 0.2513 0.9237
vn -0.8210 -0.0755 0.5660
vn -0.6897 -0.0961 0.7177
vn -0.4612 -0.1294 0.8778
vn -0.1337 -0.0799 0.9878
vn -0.0997 0.0240 0.9947
vn -0.1575 -0.1556 0.9752
vn 0.1243 -0.1038 0.9868
vn 0.1480 -0.0116 0.9889
vn 0.1072 -0.1698 0.9796
vn -0.1766 -0.2127 0.9610
vn 0.0957 -0.2173 0.9714
vn -0.4904 -0.1921 0.8500
vn 0.3208 -0.1098 0.9408
vn 0.3084 -0.1724 0.9355
vn 0.3003 -0.2194 0.9283
vn 0.4920 -0.1708 0.8537
vn 0.4995 -0.1058 0.8598
vn 0.4847 -0.2183 0.8470
vn 0.2946 -0.2569 0.9205
vn 0.4773 -0.2561 0.8406
vn 0.0918 -0.2555 0.9624
vn 0.2928 -0.2881 0.9117
vn 0.0922 -0.2860 0.9538
vn 0.4695 -0.2898 0.8340
vn 0.6671 -0.2187 0.7121
vn 0.6613 -0.2573 0.7046
vn 0.6500 -0.2901 0.7023
vn 0.2901 -0.3379 0.8954
vn 0.4552 -0.3347 0.8251
vn 0.6295 -0.3414 0.6980
vn 0.8048 -0.3081 0.5074
vn 0.8086 -0.2738 0.5208
vn 0.7771 -0.3735 0.5065
vn 0.5827 -0.4441 0.6806
vn 0.7071 -0.4987 0.5013
vn 0.4277 -0.4297 0.7953
vn 0.8775 -0.3851 0.2858
vn 0.8478 -0.4622 0.2599
vn 0.7437 -0.6161 0.2595
vn 0.4929 -0.5978 0.6322
vn 0.5819 -0.6576 0.4785
vn 0.5905 -0.7622 0.2651
vn 0.6116 -0.7885 -0.0646
vn 0.7341 -0.6784 -0.0287
vn 0.4717 -0.8817 -0.0060
vn 0.4043 -0.8763 0.2621
vn 0.4326 -0.7738 0.4628
vn 0.3152 -0.9486 0.0291
vn 0.2924 -0.8993 -0.3252
vn 0.2211 -0.9441 -0.2447
vn 0.1958 -0.9687 -0.1526
vn 0.1862 -0.9817 0.0403
vn 0.0966 -0.9774 -0.1878
vn 0.2689 -0.9258 0.2657
vn -0.0289 -0.9747 -0.2215
vn 0.0722 -0.9969 0.0312
vn 0.1505 -0.9511 0.2697
vn -0.0559 -0.9982 0.0194
vn -0.1428 -0.9639 -0.2247
vn 0.0202 -0.9608 0.2766
vn -0.2264 -0.9531 -0.2007
vn -0.2297 -0.9731 -0.0189
vn -0.1739 -0.9391 0.2964
vn 0.2099 -0.8529 0.4780
vn 0.0940 -0.8556 0.5091
vn -0.0590 -0.8185 0.5715
vn 0.2471 -0.7175 0.6513
vn 0.1382 -0.7180 0.6822
vn 0.0403 -0.7204 0.6924
vn 0.2719 -0.5610 0.7819
vn 0.1418 -0.5693 0.8098
vn -0.0269 -0.6147 0.7883
vn -0.1218 -0.4561 0.8815
vn 0.1245 -0.4304 0.8940
vn 0.2860 -0.4228 0.8599
vn 0.3430 -0.7150 0.6092
vn 0.3883 -0.5638 0.7290
vn 0.1048 -0.3305 0.9380
vn -0.1723 -0.3373 0.9255
vn -0.1878 -0.2859 0.9397
vn -0.1898 -0.2506 0.9493
vn -0.5571 -0.2814 0.7813
vn -0.5349 -0.3736 0.7578
vn -0.5234 -0.2525 0.8138
vn -0.8245 -0.3222 0.4652
vn -0.7925 -0.2417 0.5600
vn -0.7362 -0.1887 0.6499
vn -0.8506 -0.2005 0.4861
vn -0.8995 -0.3077 0.3102
vn -0.9321 -0.3519 0.0857
vn -0.8933 -0.2271 0.3879
vn -0.8798 -0.4222 0.2184
vn -0.8613 -0.0758 0.5024
vn -0.8408 -0.0904 0.5338
vn -0.8587 -0.2865 0.4249
vn -0.6266 -0.1664 0.7614
vn -0.6680 -0.3759 0.6423
vn 0.1863 -0.2658 0.9458
vn 0.0756 -0.4602 0.8846
vn -0.0770 -0.7454 0.6621
vn -0.6279 -0.6492 0.4292
vn -0.8433 -0.4976 0.2031
vn -0.4719 -0.8761 0.0989
vn -0.1142 -0.9266 0.3582
vn -0.6631 -0.7389 -0.1198
vn -0.7641 -0.6160 -0.1913
vn -0.3578 -0.9023 -0.2406
vn -0.4028 -0.8473 -0.3462
vn -0.2840 -0.9506 -0.1254
vn -0.1609 -0.9194 -0.3588
vn -0.1328 -0.9552 -0.2644
vn -0.0927 -0.9763 -0.1958
vn 0.1154 -0.9739 -0.1954
vn 0.1011 -0.9614 -0.2557
vn 0.0924 -0.9395 -0.3299
vn -0.0623 -0.9871 -0.1473
vn 0.1388 -0.9815 -0.1315
vn -0.1453 -0.9884 -0.0452
vn -0.0072 -0.9962 -0.0871
vn 0.1592 -0.9846 -0.0720
vn -0.0862 -0.9947 -0.0554
vn -0.0362 -0.9984 -0.0429
vn 0.0122 -0.9989 -0.0458
vn 0.1768 -0.9842 0.0109
vn 0.0124 -0.9998 -0.0129
vn -0.0429 -0.9975 -0.0559
vn 0.1265 -0.9907 0.0498
vn 0.2907 -0.9540 0.0730
vn 0.3504 -0.9348 0.0573
vn 0.5070 -0.8619 -0.0046
vn 0.5636 -0.8253 0.0361
vn 0.7229 -0.6901 0.0349
vn 0.4405 -0.8959 0.0583
vn 0.2180 -0.9716 0.0916
vn 0.3559 -0.9323 0.0647
vn 0.0889 -0.9939 0.0657
vn 0.1694 -0.9799 0.1050
vn 0.0410 -0.9957 0.0835
vn 0.2866 -0.9544 0.0841
vn -0.0270 -0.9996 0.0007
vn -0.0473 -0.9987 0.0196
vn -0.0656 -0.9961 -0.0595
vn -0.0931 -0.9943 -0.0526
vn -0.0537 -0.9967 0.0613
vn 0.0344 -0.9927 0.1153
vn -0.0554 -0.9985 0.0036
vn -0.0328 -0.9968 -0.0726
vn -0.0493 -0.9946 -0.0913
vn 0.0010 -0.9999 -0.0161
vn 0.0231 -0.9904 0.1366
vn 0.0186 -0.9945 0.1026
vn 0.0883 -0.9909 0.1012
vn 0.1704 -0.9654 0.1974
vn 0.1242 -0.9729 0.1951
vn 0.1026 -0.9727 0.2082
vn 0.0873 -0.9950 0.0489
vn 0.1529 -0.9772 0.1470
vn 0.1890 -0.9561 0.2239
vn 0.1396 -0.9678 0.2095
vn 0.1720 -0.9524 0.2516
vn 0.1066 -0.9858 0.1295
vn 0.0621 -0.9975 0.0335
vn 0.0313 -0.9989 -0.0356
vn 0.0416 -0.9950 0.0911
vn 0.0579 -0.9795 0.1928
vn 0.0818 -0.9618 0.2612
vn -0.0156 -0.9930 0.1168
vn -0.0306 -0.9738 0.2254
vn -0.0339 -0.9620 0.2708
vn -0.0245 -0.9622 0.2713
vn 0.0973 -0.9572 0.2726
vn -0.1445 -0.9596 0.2414
vn -0.1482 -0.9628 0.2259
vn -0.1169 -0.9732 0.1982
vn -0.0119 -0.9753 0.2208
vn 0.1183 -0.9609 0.2505
vn -0.1429 -0.9735 0.1784
vn -0.2053 -0.9614 0.1834
vn -0.2250 -0.9585 0.1751
vn -0.2219 -0.9654 0.1370
vn -0.2223 -0.9702 0.0963
vn -0.1362 -0.9824 0.1275
vn -0.0040 -0.9852 0.1715
vn -0.2663 -0.9588 0.0994
vn -0.2672 -0.9604 0.0786
vn -0.2567 -0.9582 0.1265
vn -0.2184 -0.9732 0.0719
vn -0.1345 -0.9866 0.0922
vn -0.2674 -0.9615 0.0641
vn -0.2112 -0.9762 0.0503
vn -0.1280 -0.9897 0.0645
vn -0.2562 -0.9652 0.0531
vn -0.2629 -0.9625 0.0668
vn -0.2693 -0.9605 0.0699
vn -0.2583 -0.9641 0.0614
vn -0.1927 -0.9809 0.0272
vn -0.2422 -0.9696 0.0358
vn -0.2528 -0.9666 0.0414
vn -0.2187 -0.9735 0.0670
vn -0.2256 -0.9725 0.0580
vn -0.2367 -0.9707 0.0420
vn -0.2487 -0.9683 0.0219
vn -0.2205 -0.9753 0.0099
vn -0.2573 -0.9663 0.0021
vn -0.2152 -0.9764 0.0178
vn -0.2561 -0.9664 -0.0215
vn -0.1762 -0.9831 0.0505
vn -0.1777 -0.9841 -0.0027
vn -0.2518 -0.9653 -0.0698
vn -0.1329 -0.9907 0.0306
vn -0.1640 -0.9848 0.0576
vn -0.1012 -0.9939 0.0437
vn -0.0630 -0.9976 0.0290
vn -0.0894 -0.9959 0.0133
vn -0.1539 -0.9875 -0.0352
vn -0.1677 -0.9840 0.0608
vn -0.1074 -0.9931 0.0464
vn -0.0577 -0.9978 0.0333
vn -0.0281 -0.9995 0.0165
vn -0.0681 -0.9977 -0.0065
vn -0.0313 -0.9992 0.0266
vn -0.0839 -0.9957 0.0384
vn -0.1359 -0.9891 0.0563
vn -0.0529 -0.9982 0.0288
vn -0.0024 -1.0000 0.0063
vn -0.0163 -0.9995 0.0259
vn -0.0459 -0.9985 0.0301
vn -0.1040 -0.9924 0.0665
vn 0.0283 -0.9987 0.0429
vn 0.0566 -0.9984 -0.0078
vn 0.1233 -0.9919 -0.0298
vn 0.1477 -0.9877 0.0517
vn -0.2341 -0.9542 0.1865
vn -0.0402 -0.9972 -0.0626
vn -0.0418 -0.9989 -0.0232
vn 0.0105 -0.9943 -0.1060
vn -0.1467 -0.9838 -0.1034
vn -0.1645 -0.9768 -0.1374
vn -0.2872 -0.9246 -0.2501
vn -0.1301 -0.9897 -0.0591
vn -0.2299 -0.9607 -0.1558
vn -0.2280 -0.9680 -0.1047
vn -0.2588 -0.9446 -0.2018
vn -0.3117 -0.9303 -0.1937
vn -0.3172 -0.9166 -0.2434
vn -0.3603 -0.8789 -0.3127
vn -0.4240 -0.8184 -0.3879
vn -0.3842 -0.8642 -0.3248
vn -0.3813 -0.8852 -0.2664
vn -0.4616 -0.7795 -0.4234
vn -0.4397 -0.8174 -0.3722
vn -0.4336 -0.8421 -0.3208
vn -0.3763 -0.9019 -0.2122
vn -0.3179 -0.9385 -0.1349
vn -0.4252 -0.8665 -0.2616
vn -0.4583 -0.8039 -0.3792
vn -0.4324 -0.8406 -0.3263
vn -0.4598 -0.7833 -0.4184
vn -0.3674 -0.9106 -0.1894
vn -0.3443 -0.9288 -0.1373
vn -0.3723 -0.8948 -0.2465
vn -0.4132 -0.7803 -0.4694
vn -0.3909 -0.8148 -0.4281
vn -0.3212 -0.8806 -0.3484
vn -0.3138 -0.7662 -0.5608
vn -0.2817 -0.8035 -0.5245
vn -0.2230 -0.8624 -0.4545
vn -0.4272 -0.7538 -0.4993
vn -0.3337 -0.7497 -0.5715
vn -0.4402 -0.7297 -0.5233
vn -0.3582 -0.7222 -0.5917
vn -0.4776 -0.7470 -0.4625
vn -0.4996 -0.7264 -0.4720
vn -0.5015 -0.7101 -0.4942
vn -0.4603 -0.6973 -0.5495
vn -0.4783 -0.7593 -0.4413
vn -0.5470 -0.6717 -0.4995
vn -0.5323 -0.6671 -0.5212
vn -0.5457 -0.6817 -0.4873
vn -0.5991 -0.6100 -0.5187
vn -0.5759 -0.6205 -0.5322
vn -0.6081 -0.6100 -0.5081
vn -0.5277 -0.7280 -0.4377
vn -0.6123 -0.6265 -0.4823
vn -0.4432 -0.8106 -0.3828
vn -0.4870 -0.7923 -0.3676
vn -0.5849 -0.6849 -0.4345
vn -0.3394 -0.8969 -0.2834
vn -0.5161 -0.7539 -0.4065
vn -0.6811 -0.5778 -0.4497
vn -0.6788 -0.5535 -0.4827
vn -0.6824 -0.5339 -0.4993
vn -0.7854 -0.4143 -0.4598
vn -0.7712 -0.4197 -0.4787
vn -0.7528 -0.4265 -0.5014
vn -0.6715 -0.5287 -0.5193
vn -0.7363 -0.4432 -0.5112
vn -0.8212 -0.3159 -0.4752
vn -0.8002 -0.3424 -0.4925
vn -0.8418 -0.2886 -0.4562
vn -0.9041 -0.1376 -0.4046
vn -0.8875 -0.1696 -0.4285
vn -0.8693 -0.2047 -0.4499
vn -0.7828 -0.3681 -0.5017
vn -0.7197 -0.4626 -0.5177
vn -0.8502 -0.2351 -0.4710
vn -0.9128 -0.0461 -0.4058
vn -0.9266 -0.0125 -0.3759
vn -0.9374 0.0199 -0.3476
vn -0.8826 -0.0659 -0.4655
vn -0.8163 -0.2584 -0.5166
vn -0.7482 -0.3900 -0.5368
vn -0.6750 -0.4070 -0.6154
vn -0.7386 -0.2780 -0.6142
vn -0.8180 -0.1126 -0.5642
vn -0.6156 -0.5013 -0.6081
vn -0.6873 -0.4835 -0.5421
vn -0.6580 -0.5433 -0.5215
vn -0.6273 -0.5597 -0.5415
vn -0.5631 -0.5745 -0.5940
vn -0.5585 -0.4210 -0.7147
vn -0.5101 -0.5119 -0.6912
vn -0.4648 -0.5852 -0.6645
vn -0.4302 -0.6369 -0.6397
vn -0.5160 -0.6305 -0.5799
vn -0.4840 -0.6690 -0.5640
vn -0.4027 -0.6723 -0.6211
vn -0.3800 -0.6991 -0.6057
vn -0.3037 -0.6780 -0.6694
vn -0.2797 -0.7082 -0.6482
vn -0.3274 -0.6395 -0.6956
vn -0.2073 -0.6857 -0.6978
vn -0.1737 -0.7326 -0.6581
vn -0.2232 -0.6329 -0.7414
vn -0.2447 -0.7395 -0.6271
vn -0.1355 -0.7718 -0.6213
vn -0.0433 -0.8102 -0.5846
vn -0.0796 -0.7597 -0.6454
vn -0.1006 -0.6922 -0.7147
vn -0.0035 -0.8424 -0.5388
vn -0.0911 -0.8006 -0.5923
vn -0.2101 -0.7610 -0.6137
vn 0.0339 -0.8406 -0.5406
vn 0.0509 -0.8710 -0.4886
vn 0.0227 -0.7778 -0.6281
vn 0.0262 -0.8488 -0.5281
vn 0.0730 -0.8767 -0.4755
vn -0.0483 -0.8121 -0.5816
vn 0.0852 -0.8668 -0.4913
vn 0.0572 -0.8488 -0.5256
vn -0.0176 -0.8230 -0.5677
vn 0.0713 -0.8605 -0.5044
vn 0.0979 -0.8706 -0.4822
vn 0.0198 -0.8506 -0.5254
vn -0.1752 -0.7807 -0.5999
vn -0.1370 -0.8024 -0.5809
vn -0.0929 -0.8507 -0.5174
vn 0.0840 -0.8848 -0.4584
vn 0.0361 -0.8890 -0.4564
vn -0.0356 -0.9041 -0.4259
vn 0.0734 -0.9163 -0.3936
vn 0.0395 -0.9264 -0.3744
vn -0.0041 -0.9304 -0.3665
vn 0.0535 -0.9460 -0.3197
vn 0.0103 -0.9544 -0.2982
vn -0.0479 -0.9530 -0.2991
vn -0.1166 -0.9709 -0.2090
vn -0.0297 -0.9763 -0.2145
vn 0.0175 -0.9681 -0.2499
vn 0.0916 -0.9089 -0.4069
vn 0.0728 -0.9360 -0.3443
vn 0.0505 -0.9570 -0.2857
vn 0.0207 -0.9745 -0.2233
vn -0.0215 -0.9818 -0.1890
vn -0.0816 -0.9861 -0.1447
vn -0.0641 -0.9889 -0.1343
vn -0.0090 -0.9850 -0.1724
vn -0.1273 -0.9872 -0.0962
vn -0.1045 -0.9905 -0.0890
vn -0.1641 -0.9848 -0.0569
vn -0.0406 -0.9927 -0.1138
vn 0.0400 -0.9836 -0.1756
vn 0.0272 -0.9921 -0.1226
vn 0.0539 -0.9694 -0.2393
vn 0.0820 -0.9852 -0.1506
vn 0.0840 -0.9927 -0.0865
vn 0.0744 -0.9759 -0.2053
vn 0.0115 -0.9985 -0.0542
vn -0.0709 -0.9955 -0.0636
vn 0.0861 -0.9960 -0.0242
vn 0.1107 -0.9894 -0.0945
vn 0.1266 -0.9911 -0.0401
vn 0.1349 -0.9906 0.0244
vn 0.1433 -0.9858 0.0875
vn 0.0869 -0.9953 0.0432
vn -0.0009 -1.0000 -0.0006
vn -0.0084 -0.9984 0.0567
vn 0.0914 -0.9909 0.0987
vn 0.1528 -0.9772 0.1477
vn 0.1691 -0.9832 0.0691
vn 0.1748 -0.9763 0.1278
vn 0.1808 -0.9655 0.1875
vn 0.1675 -0.9665 0.1946
vn 0.1016 -0.9837 0.1483
vn 0.1921 -0.9543 0.2289
vn 0.1745 -0.9640 0.2009
vn 0.1823 -0.9712 0.1534
vn 0.1701 -0.9556 0.2407
vn 0.1793 -0.9528 0.2448
vn 0.2094 -0.9458 0.2480
vn 0.1807 -0.9583 0.2214
vn 0.1964 -0.9508 0.2396
vn 0.2138 -0.9444 0.2499
vn 0.1898 -0.9516 0.2418
vn 0.1148 -0.9764 0.1831
vn 0.1200 -0.9695 0.2136
vn 0.1819 -0.9500 0.2539
vn 0.2121 -0.9453 0.2479
vn -0.0065 -0.9909 0.1346
vn -0.0094 -0.9954 0.0952
vn -0.1165 -0.9928 0.0274
vn -0.0958 -0.9953 -0.0110
vn -0.1704 -0.9854 -0.0058
vn -0.1391 -0.9894 -0.0427
vn -0.1973 -0.9801 -0.0199
vn -0.2396 -0.9708 -0.0153
vn -0.2280 -0.9727 -0.0442
vn -0.2028 -0.9755 -0.0848
vn -0.2872 -0.9543 -0.0828
vn -0.2931 -0.9490 -0.1159
vn -0.2759 -0.9607 -0.0312
vn -0.3040 -0.9487 -0.0867
vn -0.2719 -0.9465 -0.1735
vn -0.1680 -0.9774 -0.1285
vn -0.2239 -0.9394 -0.2596
vn -0.1417 -0.9211 -0.3627
vn 0.2055 -0.9484 0.2413
vn 0.1189 -0.9701 0.2116
vn 0.0573 -0.9839 0.1693
vn 0.1464 -0.9699 0.1947
vn 0.1348 -0.9777 0.1610
vn 0.1873 -0.9716 0.1449
vn 0.2018 -0.9704 0.1326
vn 0.2680 -0.9599 0.0818
vn 0.2182 -0.9705 0.1022
vn 0.1913 -0.9770 0.0943
vn 0.1930 -0.9800 0.0492
vn 0.2446 -0.9683 0.0504
vn 0.3167 -0.9476 0.0410
vn 0.3275 -0.9427 0.0638
vn 0.2419 -0.9647 0.1043
vn 0.3977 -0.9175 0.0108
vn 0.3515 -0.9362 0.0019
vn 0.2575 -0.9660 0.0221
vn 0.4478 -0.8938 -0.0235
vn 0.5149 -0.8553 -0.0570
vn 0.4635 -0.8860 -0.0154
vn 0.3879 -0.9210 0.0357
vn 0.5800 -0.8101 -0.0851
vn 0.5337 -0.8447 -0.0411
vn 0.4621 -0.8866 0.0190
vn 0.5626 -0.8267 0.0026
vn 0.6311 -0.7737 -0.0554
vn 0.6821 -0.7313 -0.0009
vn 0.7251 -0.6860 -0.0598
vn 0.6603 -0.7437 -0.1047
vn 0.7434 -0.6588 -0.1152
vn 0.7798 -0.6260 -0.0032
vn 0.8121 -0.5809 -0.0558
vn 0.8145 -0.5697 -0.1098
vn 0.7443 -0.6433 -0.1795
vn 0.8067 -0.5617 -0.1838
vn 0.6763 -0.7173 -0.1675
vn 0.7784 -0.5588 -0.2860
vn 0.7245 -0.6291 -0.2817
vn 0.6631 -0.6998 -0.2655
vn 0.8595 -0.4807 -0.1736
vn 0.8727 -0.4783 -0.0980
vn 0.8277 -0.4835 -0.2849
vn 0.7271 -0.5578 -0.4002
vn 0.7739 -0.4884 -0.4031
vn 0.6731 -0.6275 -0.3914
vn 0.6551 -0.5681 -0.4981
vn 0.5983 -0.6369 -0.4862
vn 0.7045 -0.4954 -0.5082
vn 0.5292 -0.7039 -0.4738
vn 0.6171 -0.6884 -0.3812
vn 0.4190 -0.7415 -0.5241
vn 0.4979 -0.6732 -0.5467
vn 0.5712 -0.5900 -0.5706
vn 0.5571 -0.7461 -0.3647
vn 0.4661 -0.7508 -0.4681
vn 0.3431 -0.7908 -0.5069
vn 0.4105 -0.7866 -0.4612
vn 0.2842 -0.8117 -0.5103
vn 0.5124 -0.7814 -0.3562
vn 0.1861 -0.8480 -0.4963
vn 0.2270 -0.8361 -0.4994
vn 0.3039 -0.7911 -0.5308
vn 0.1476 -0.8683 -0.4736
vn 0.1960 -0.8320 -0.5189
vn 0.1149 -0.8759 -0.4687
vn 0.2423 -0.8289 -0.5041
vn 0.1508 -0.8500 -0.5048
vn 0.1087 -0.8669 -0.4865
vn 0.0903 -0.8843 -0.4581
vn 0.0910 -0.8851 -0.4564
vn 0.0929 -0.8760 -0.4732
vn 0.0941 -0.8738 -0.4770
vn 0.0918 -0.8717 -0.4814
vn 0.1259 -0.8651 -0.4856
vn 0.0832 -0.8874 -0.4535
vn 0.0906 -0.8853 -0.4560
vn 0.0973 -0.8847 -0.4558
vn 0.0836 -0.9074 -0.4118
vn 0.0715 -0.9124 -0.4030
vn 0.0749 -0.9306 -0.3584
vn 0.0790 -0.9239 -0.3743
vn 0.0936 -0.8913 -0.4436
vn 0.0716 -0.9525 -0.2960
vn 0.0683 -0.9396 -0.3354
vn 0.0639 -0.9539 -0.2933
vn 0.0699 -0.9596 -0.2724
vn 0.0797 -0.9723 -0.2197
vn 0.0938 -0.9838 -0.1529
vn 0.0999 -0.9815 -0.1634
vn 0.1194 -0.9890 -0.0879
vn 0.1424 -0.9891 -0.0361
vn 0.1582 -0.9873 0.0111
vn 0.1857 -0.9826 0.0056
vn 0.1712 -0.9846 -0.0365
vn 0.2629 -0.9644 -0.0290
vn 0.3768 -0.9253 -0.0440
vn 0.1598 -0.9799 -0.1195
vn 0.2612 -0.9585 -0.1143
vn 0.3844 -0.9109 -0.1503
vn 0.4939 -0.8481 -0.1918
vn 0.4807 -0.8730 -0.0824
vn 0.5516 -0.8263 -0.1141
vn 0.5540 -0.8024 -0.2220
vn 0.3569 -0.8894 -0.2858
vn 0.4520 -0.8290 -0.3292
vn 0.3564 -0.8159 -0.4552
vn 0.2774 -0.8703 -0.4070
vn 0.1820 -0.8604 -0.4761
vn 0.1818 -0.9216 -0.3429
vn 0.1341 -0.9014 -0.4116
vn 0.2405 -0.9414 -0.2363
vn 0.1292 -0.9448 -0.3011
vn 0.0977 -0.9382 -0.3320
vn 0.1388 -0.9654 -0.2206
vn 0.0954 -0.9632 -0.2514
vn 0.6065 -0.7558 -0.2467
vn 0.6057 -0.7828 -0.1424
vn 0.1112 -0.8467 -0.5203
vn 0.1375 -0.7835 -0.6059
vn 0.2678 -0.7576 -0.5953
vn 0.3872 -0.7182 -0.5781
vn 0.4643 -0.6232 -0.6293
vn 0.3355 -0.6584 -0.6737
vn 0.1761 -0.6837 -0.7082
vn 0.3876 -0.5581 -0.7337
vn 0.5232 -0.5307 -0.6668
vn 0.2058 -0.5878 -0.7824
vn 0.0164 -0.6955 -0.7184
vn 0.0254 -0.6084 -0.7932
vn -0.1147 -0.6240 -0.7730
vn -0.1160 -0.5585 -0.8213
vn 0.0340 -0.5380 -0.8423
vn -0.2370 -0.5757 -0.7825
vn -0.1172 -0.4956 -0.8606
vn 0.0430 -0.4758 -0.8785
vn -0.2521 -0.5077 -0.8238
vn 0.2314 -0.5110 -0.8278
vn 0.2498 -0.4498 -0.8575
vn 0.4488 -0.4165 -0.7906
vn 0.4226 -0.4802 -0.7686
vn 0.5617 -0.4547 -0.6912
vn 0.5904 -0.3879 -0.7078
vn 0.6963 -0.3648 -0.6181
vn 0.6633 -0.4360 -0.6083
vn 0.6232 -0.5095 -0.5933
vn 0.7455 -0.4227 -0.5153
vn 0.8170 -0.4124 -0.4031
vn 0.7818 -0.3460 -0.5188
vn 0.8590 -0.3279 -0.3932
vn 0.8736 -0.4027 -0.2732
vn 0.9153 -0.3111 -0.2559
vn 0.8187 -0.2610 -0.5114
vn 0.8961 -0.2338 -0.3772
vn 0.9521 -0.2085 -0.2238
vn 0.9779 -0.1864 -0.0952
vn 0.9461 -0.2966 -0.1303
vn 0.9061 -0.3928 -0.1573
vn 0.9188 -0.3871 -0.0769
vn 0.9573 -0.2848 -0.0499
vn 0.9846 -0.1743 -0.0149
vn 0.9798 -0.0822 -0.1822
vn 0.9974 -0.0575 -0.0430
vn 0.9988 -0.0365 0.0316
vn 0.9878 0.1225 0.0957
vn 0.9935 0.1094 0.0300
vn 0.9944 0.0535 -0.0908
vn 0.9322 -0.1288 -0.3383
vn 0.9590 -0.0224 -0.2826
vn 0.9885 0.0922 -0.1199
vn 0.9715 0.2328 0.0448
vn 0.9547 0.2680 0.1294
vn 0.9115 0.3653 0.1887
vn 0.9470 0.2920 0.1341
vn 0.8693 0.4322 0.2397
vn 0.9374 0.3023 0.1732
vn 0.8518 0.4576 0.2550
vn 0.8186 0.4716 0.3280
vn 0.7829 0.5298 0.3261
vn 0.7506 0.5730 0.3290
vn 0.8303 0.4897 0.2660
vn 0.9283 0.3185 0.1918
vn 0.7261 0.6003 0.3353
vn 0.8156 0.5059 0.2807
vn 0.9183 0.3371 0.2076
vn 0.6995 0.6249 0.3467
vn 0.6601 0.6424 0.3893
vn 0.6327 0.6662 0.3948
vn 0.6058 0.6842 0.4061
vn 0.5797 0.6953 0.4250
vn 0.6785 0.6375 0.3649
vn 0.7978 0.5251 0.2963
vn 0.7862 0.5282 0.3208
vn 0.6557 0.6467 0.3896
vn 0.5595 0.6925 0.4554
vn 0.6413 0.6406 0.4224
vn 0.7709 0.5331 0.3485
vn 0.5362 0.6861 0.4917
vn 0.4858 0.7035 0.5187
vn 0.4659 0.6604 0.5889
vn 0.4980 0.7227 0.4793
vn 0.5204 0.7210 0.4575
vn 0.5398 0.7151 0.4442
vn 0.4329 0.7613 0.4828
vn 0.5650 0.6961 0.4430
vn 0.4417 0.7592 0.4780
vn 0.2987 0.8180 0.4916
vn 0.3016 0.8182 0.4894
vn 0.1502 0.8682 0.4730
vn 0.4630 0.7280 0.5057
vn 0.2992 0.8032 0.5152
vn 0.1379 0.8554 0.4993
vn -0.0083 0.8861 0.4634
vn 0.0077 0.8982 0.4396
vn -0.1203 0.9082 0.4010
vn -0.1353 0.8968 0.4213
vn 0.1259 0.8105 0.5720
vn -0.0341 0.8443 0.5347
vn -0.1659 0.8548 0.4918
vn -0.2867 0.8486 0.4445
vn -0.2542 0.8886 0.3818
vn -0.2417 0.9014 0.3594
vn -0.3627 0.8778 0.3130
vn -0.3759 0.8648 0.3329
vn -0.4119 0.8250 0.3869
vn -0.5390 0.7821 0.3127
vn -0.5001 0.8232 0.2686
vn -0.4854 0.8364 0.2544
vn -0.6599 0.7196 0.2161
vn -0.6238 0.7590 0.1865
vn -0.6067 0.7748 0.1776
vn -0.7590 0.6412 0.1133
vn -0.7234 0.6840 0.0945
vn -0.7096 0.6983 0.0944
vn -0.7869 0.6170 0.0130
vn -0.7961 0.6051 0.0062
vn -0.8216 0.5701 -0.0005
vn -0.8668 0.4843 -0.1191
vn -0.8556 0.5085 -0.0972
vn -0.8515 0.5193 -0.0725
vn -0.9003 0.3251 -0.2895
vn -0.9047 0.3659 -0.2181
vn -0.9090 0.3741 -0.1836
vn -0.8848 0.1187 -0.4506
vn -0.9206 0.1485 -0.3611
vn -0.9367 0.1745 -0.3036
vn -0.8011 -0.0107 -0.5984
vn -0.6825 -0.1758 -0.7094
vn -0.8963 0.2666 -0.3544
vn -0.5168 -0.2437 -0.8207
vn -0.5719 -0.1803 -0.8003
vn -0.8001 -0.0307 -0.5991
vn -0.8948 0.4154 -0.1637
vn -0.9445 0.2696 -0.1879
vn -0.8693 0.4942 0.0045
vn -0.9112 0.4105 0.0351
vn -0.8031 0.5791 0.1399
vn -0.8538 0.4894 0.1774
vn -0.7122 0.6507 0.2635
vn -0.7623 0.5620 0.3210
vn -0.5930 0.7118 0.3765
vn -0.6505 0.6135 0.4477
vn -0.4656 0.7508 0.4685
vn -0.5252 0.6432 0.5571
vn -0.3374 0.7711 0.5400
vn -0.3938 0.6553 0.6445
vn -0.2102 0.7751 0.5958
vn -0.2615 0.6519 0.7118
vn -0.0680 0.7607 0.6456
vn -0.1075 0.6342 0.7656
vn 0.1089 0.7224 0.6829
vn 0.0878 0.5927 0.8006
vn 0.3119 0.6542 0.6890
vn 0.3116 0.5196 0.7956
vn 0.3066 0.7479 0.5887
vn 0.4865 0.6661 0.5653
vn 0.5162 0.5543 0.6529
vn 0.5280 0.4226 0.7366
vn 0.6368 0.5747 0.5140
vn 0.6760 0.4637 0.5727
vn 0.7093 0.3119 0.6321
vn 0.5936 0.6600 0.4605
vn 0.7410 0.5198 0.4252
vn 0.6930 0.5977 0.4032
vn 0.8010 0.3786 0.4637
vn 0.8875 0.3468 0.3034
vn 0.8309 0.2369 0.5035
vn 0.9482 0.1169 0.2955
vn 0.9900 -0.0477 -0.1330
vn 0.9296 0.0204 0.3681
vn 0.8336 0.1128 0.5408
vn 0.9904 -0.0534 0.1276
vn 0.8087 0.0577 0.5854
vn 0.9079 -0.0181 0.4187
vn 0.9823 -0.0833 0.1680
vn 0.9683 -0.1615 -0.1907
vn 0.9865 -0.1336 -0.0948
vn 0.8724 -0.3164 -0.3725
vn 0.9377 -0.1575 -0.3098
vn 0.9043 -0.2323 -0.3581
vn 0.8376 -0.3239 -0.4399
vn 0.7784 -0.3809 -0.4991
vn 0.7282 -0.4205 -0.5412
vn 0.8373 -0.2361 -0.4931
vn 0.6208 -0.4658 -0.6306
vn 0.6568 -0.4252 -0.6227
vn 0.6784 -0.3493 -0.6463
vn 0.4877 -0.4844 -0.7263
vn 0.4735 -0.5001 -0.7250
vn 0.5108 -0.4164 -0.7522
vn 0.2754 -0.4649 -0.8414
vn 0.2705 -0.5203 -0.8100
vn 0.2707 -0.5363 -0.7995
vn 0.2794 -0.4995 -0.8200
vn 0.4648 -0.4798 -0.7442
vn 0.5990 -0.4441 -0.6663
vn 0.0352 -0.5244 -0.8507
vn 0.0523 -0.5340 -0.8439
vn 0.0753 -0.5066 -0.8589
vn 0.2936 -0.4139 -0.8617
vn 0.1032 -0.4139 -0.9044
vn 0.4665 -0.3958 -0.7910
vn 0.1214 -0.2864 -0.9504
vn 0.3082 -0.2882 -0.9066
vn 0.4742 -0.2807 -0.8345
vn 0.5988 -0.3657 -0.7125
vn 0.6026 -0.2601 -0.7544
vn 0.3134 -0.1804 -0.9323
vn 0.4764 -0.1778 -0.8611
vn 0.6042 -0.1716 -0.7781
vn 0.3128 -0.0990 -0.9446
vn 0.4725 -0.1038 -0.8752
vn 0.5994 -0.1086 -0.7930
vn 0.7109 -0.1719 -0.6819
vn 0.7054 -0.2391 -0.6673
vn 0.6980 -0.1342 -0.7034
vn 0.5814 -0.0806 -0.8096
vn 0.4646 -0.0591 -0.8836
vn 0.6737 -0.1092 -0.7309
vn 0.7502 -0.2103 -0.6269
vn 0.7944 -0.1759 -0.5814
vn 0.7954 -0.1745 -0.5805
vn 0.8751 -0.1749 -0.4513
vn 0.8731 -0.1741 -0.4554
vn 0.8508 -0.2696 -0.4511
vn 0.6438 -0.1793 -0.7439
vn 0.6674 -0.2129 -0.7136
vn 0.7496 -0.3226 -0.5780
vn 0.6268 -0.1103 -0.7714
vn 0.8041 -0.4055 -0.4347
vn 0.7373 -0.3423 -0.5824
vn 0.7834 -0.4536 -0.4249
vn 0.6951 -0.2346 -0.6796
vn 0.6009 -0.1241 -0.7896
vn 0.6124 -0.1560 -0.7750
vn 0.6615 -0.1553 -0.7337
vn 0.5637 -0.0996 -0.8200
vn 0.5833 -0.1159 -0.8040
vn 0.6471 -0.1212 -0.7527
vn 0.7441 -0.0887 -0.6621
vn 0.7369 -0.1359 -0.6622
vn 0.7422 -0.2018 -0.6390
vn 0.8156 -0.0925 -0.5712
vn 0.8265 -0.0489 -0.5608
vn 0.8063 -0.1599 -0.5695
vn 0.8820 -0.0151 -0.4711
vn 0.8742 -0.0568 -0.4822
vn 0.8691 -0.1318 -0.4768
vn 0.8063 -0.2336 -0.5435
vn 0.8454 -0.2567 -0.4685
vn 0.7692 -0.2951 -0.5667
vn 0.8079 -0.3936 -0.4385
vn 0.9054 -0.2683 -0.3291
vn 0.9213 -0.1194 -0.3701
vn 0.8573 -0.4354 -0.2747
vn 0.8287 -0.5071 -0.2369
vn 0.8605 -0.4460 -0.2461
vn 0.8769 -0.4788 -0.0428
vn 0.9028 -0.4297 -0.0187
vn 0.9112 -0.3995 -0.1003
vn 0.9165 -0.2886 -0.2770
vn 0.9624 -0.2670 -0.0506
vn 0.9343 -0.1944 0.2987
vn 0.9185 -0.3432 0.1964
vn 0.9216 -0.3518 0.1641
vn 0.8855 -0.1881 0.4249
vn 0.8282 -0.1437 0.5417
vn 0.9286 -0.2156 0.3021
vn 0.9232 -0.1119 0.3677
vn 0.8460 -0.1155 0.5205
vn 0.7957 -0.0817 0.6002
vn 0.9196 -0.0764 0.3854
vn 0.8327 -0.0722 0.5490
vn 0.7661 -0.0575 0.6402
vn 0.9831 -0.0928 0.1575
vn 0.9884 -0.0464 0.1446
vn 0.9753 -0.1735 0.1367
vn 0.9953 -0.0563 -0.0784
vn 0.9886 -0.1357 -0.0648
vn 0.9952 -0.0133 -0.0968
vn 0.9228 -0.0650 0.3797
vn 0.9919 -0.0400 0.1203
vn 0.9918 0.0011 -0.1278
vn 0.9650 -0.0367 -0.2597
vn 0.9618 0.0051 -0.2738
vn 0.9574 0.0296 -0.2872
vn 0.9234 0.0286 -0.3827
vn 0.9223 0.0075 -0.3864
vn 0.9228 -0.0406 -0.3831
vn 0.9530 0.0453 -0.2996
vn 0.9863 0.0284 -0.1626
vn 0.9233 0.0483 -0.3811
vn 0.8893 0.0147 -0.4570
vn 0.8967 0.0338 -0.4413
vn 0.8444 -0.0213 -0.5353
vn 0.8604 0.0074 -0.5096
vn 0.9246 0.0684 -0.3748
vn 0.8983 0.0548 -0.4360
vn 0.8499 0.0388 -0.5255
vn 0.8379 0.0419 -0.5443
vn 0.8894 0.0625 -0.4528
vn 0.9294 0.0690 -0.3625
vn 0.9504 0.0787 -0.3008
vn 0.9629 0.1028 -0.2494
vn 0.9385 0.0526 -0.3411
vn 0.8888 0.0249 -0.4576
vn 0.9796 0.0755 -0.1860
vn 0.9805 0.0896 0.1747
vn 0.9901 0.1210 -0.0715
vn 0.9873 0.0787 -0.1382
vn 0.9588 0.0657 0.2762
vn 0.9925 0.0451 0.1134
vn 0.8709 0.0774 0.4853
vn 0.8554 0.0234 0.5174
vn 0.7946 0.0180 0.6068
vn 0.9898 0.1008 0.1012
vn 0.9024 0.0562 0.4272
vn 0.9850 0.0631 -0.1603
vn 0.9925 0.0786 0.0936
vn 0.9281 0.0756 0.3645
vn 0.9873 0.0627 -0.1458
vn 0.9488 0.0273 -0.3147
vn 0.9546 0.0296 -0.2965
vn 0.9096 -0.0091 -0.4153
vn 0.9213 0.0021 -0.3888
vn 0.9201 0.0361 -0.3899
vn 0.9558 0.0525 -0.2894
vn 0.9864 0.0735 -0.1467
vn 0.9499 0.0891 -0.2994
vn 0.9145 0.0773 -0.3972
vn 0.9816 0.1073 -0.1577
vn 0.9436 0.1182 -0.3093
vn 0.9763 0.1319 -0.1716
vn 0.9060 0.1103 -0.4086
vn 0.8811 0.0704 -0.4677
vn 0.8889 0.0250 -0.4574
vn 0.8722 0.1069 -0.4774
vn 0.8595 0.1246 -0.4957
vn 0.9002 0.1206 -0.4184
vn 0.9396 0.1199 -0.3206
vn 0.8918 0.1047 -0.4401
vn 0.9401 0.0926 -0.3281
vn 0.8504 0.1225 -0.5117
vn 0.8372 0.1056 -0.5366
vn 0.8233 0.1328 -0.5518
vn 0.7981 0.1410 -0.5858
vn 0.7861 0.1380 -0.6025
vn 0.7580 0.1690 -0.6300
vn 0.8045 0.1062 -0.5844
vn 0.8161 0.0662 -0.5741
vn 0.8487 0.0671 -0.5247
vn 0.8560 0.0195 -0.5165
vn 0.8251 0.0160 -0.5647
vn 0.7869 0.0688 -0.6132
vn 0.7747 0.1076 -0.6231
vn 0.7959 0.0212 -0.6050
vn 0.8223 -0.0465 -0.5671
vn 0.8563 -0.0370 -0.5152
vn 0.7993 -0.0493 -0.5990
vn 0.7794 -0.0402 -0.6252
vn 0.7755 0.0307 -0.6306
vn 0.7650 0.0789 -0.6392
vn 0.7406 -0.0485 -0.6701
vn 0.7347 0.0379 -0.6774
vn 0.7244 0.0941 -0.6829
vn 0.6252 0.1078 -0.7730
vn 0.6350 0.0362 -0.7717
vn 0.6328 -0.0939 -0.7686
vn 0.7743 -0.1296 -0.6194
vn 0.7249 -0.1765 -0.6658
vn 0.6145 -0.2656 -0.7429
vn 0.4374 -0.1465 -0.8872
vn 0.4430 0.0250 -0.8962
vn 0.4110 -0.3594 -0.8378
vn 0.5714 -0.4494 -0.6867
vn 0.7001 -0.3140 -0.6413
vn 0.3649 -0.5639 -0.7408
vn 0.5327 -0.5522 -0.6413
vn 0.3317 -0.6620 -0.6721
vn 0.6732 -0.4050 -0.6187
vn 0.7546 -0.2357 -0.6124
vn 0.7522 -0.2507 -0.6094
vn 0.5195 -0.5485 -0.6551
vn 0.6579 -0.4089 -0.6324
vn 0.7486 -0.2638 -0.6083
vn 0.6475 -0.3583 -0.6725
vn 0.5189 -0.4806 -0.7070
vn 0.7411 -0.2210 -0.6340
vn 0.5153 -0.3444 -0.7847
vn 0.6431 -0.2533 -0.7227
vn 0.7894 -0.0746 -0.6093
vn 0.7992 -0.1467 -0.5829
vn 0.8262 -0.0980 -0.5547
vn 0.8777 -0.0530 -0.4763
vn 0.6044 -0.0616 -0.7943
vn 0.5808 -0.1444 -0.8011
vn 0.7056 -0.0200 -0.7083
vn 0.7688 -0.0019 -0.6395
vn 0.5612 -0.0816 -0.8236
vn 0.5979 -0.0532 -0.7998
vn 0.6649 -0.0548 -0.7449
vn 0.7789 -0.0332 -0.6263
vn 0.6591 -0.0740 -0.7484
vn 0.5620 -0.0898 -0.8222
vn 0.6465 -0.0955 -0.7569
vn 0.7603 -0.0664 -0.6462
vn 0.5620 -0.1066 -0.8202
vn 0.5446 -0.0949 -0.8333
vn 0.5313 -0.0953 -0.8418
vn 0.5238 -0.0949 -0.8465
vn 0.5269 -0.1123 -0.8425
vn 0.5314 -0.0809 -0.8432
vn 0.4757 -0.1341 -0.8693
vn 0.4697 -0.0935 -0.8779
vn 0.4840 -0.0661 -0.8726
vn 0.3966 -0.0519 -0.9165
vn 0.3820 -0.0842 -0.9203
vn 0.3683 -0.1515 -0.9173
vn 0.5520 -0.0761 -0.8304
vn 0.4996 -0.0541 -0.8646
vn 0.4137 -0.0379 -0.9096
vn 0.2540 -0.0393 -0.9664
vn 0.2717 -0.0259 -0.9620
vn 0.2320 -0.0746 -0.9698
vn 0.2865 -0.0227 -0.9578
vn 0.4306 -0.0326 -0.9019
vn 0.5262 -0.0574 -0.8484
vn 0.5553 -0.0618 -0.8294
vn 0.4488 -0.0429 -0.8926
vn 0.2985 -0.0301 -0.9539
vn 0.1085 -0.0142 -0.9940
vn 0.0938 -0.0167 -0.9955
vn 0.1179 -0.0226 -0.9928
vn 0.3067 -0.0522 -0.9504
vn 0.1254 -0.0432 -0.9912
vn 0.1302 -0.0889 -0.9875
vn 0.1316 -0.1725 -0.9762
vn -0.0599 -0.0322 -0.9977
vn -0.0541 -0.0735 -0.9958
vn -0.0514 -0.1511 -0.9872
vn -0.0525 -0.2661 -0.9625
vn -0.0719 -0.3902 -0.9179
vn -0.2214 -0.2308 -0.9475
vn -0.2283 -0.1256 -0.9655
vn -0.2248 -0.3483 -0.9100
vn -0.0988 -0.4821 -0.8705
vn -0.2616 -0.4201 -0.8689
vn -0.1398 -0.5147 -0.8459
vn -0.3054 -0.4617 -0.8328
vn -0.1789 -0.4883 -0.8541
vn -0.3750 -0.4355 -0.8184
vn -0.4963 -0.3303 -0.8029
vn -0.5688 -0.3139 -0.7602
vn -0.3896 -0.3326 -0.8589
vn -0.6381 -0.1718 -0.7505
vn -0.5090 -0.1800 -0.8417
vn -0.7896 -0.0612 -0.6106
vn -0.9455 0.0982 -0.3105
vn -0.4356 -0.3203 -0.8412
vn -0.9584 0.1315 -0.2535
vn -0.8686 0.0491 -0.4930
vn -0.7195 -0.0160 -0.6943
vn -0.9675 0.1568 -0.1985
vn -0.8833 0.1004 -0.4580
vn -0.7511 0.0489 -0.6584
vn -0.5875 0.0097 -0.8092
vn -0.5643 -0.0643 -0.8231
vn -0.3986 -0.0936 -0.9124
vn -0.4161 -0.0260 -0.9090
vn -0.3643 -0.2080 -0.9078
vn -0.3351 -0.2941 -0.8951
vn -0.2380 -0.0517 -0.9699
vn -0.4272 0.0037 -0.9042
vn -0.2458 -0.0176 -0.9692
vn -0.6015 0.0326 -0.7982
vn -0.4365 0.0110 -0.8997
vn -0.2524 -0.0036 -0.9676
vn -0.0662 -0.0142 -0.9977
vn -0.0749 -0.0072 -0.9972
vn -0.2599 0.0014 -0.9656
vn -0.4455 0.0130 -0.8952
vn -0.6118 0.0346 -0.7902
vn -0.6231 0.0304 -0.7816
vn -0.7824 0.0563 -0.6202
vn -0.7714 0.0659 -0.6329
vn -0.7607 0.0704 -0.6452
vn -0.8929 0.1132 -0.4357
vn -0.9004 0.1030 -0.4226
vn -0.9088 0.0878 -0.4078
vn -0.9707 0.1565 -0.1824
vn -0.9757 0.1423 -0.1665
vn -0.9792 0.1945 0.0571
vn -0.9826 0.1720 0.0704
vn -0.9777 0.2084 0.0257
vn -0.9770 0.2131 -0.0098
vn -0.9466 0.2278 0.2283
vn -0.9453 0.2579 0.1998
vn -0.9470 0.2850 0.1483
vn -0.8897 0.3551 0.2869
vn -0.8942 0.3009 0.3316
vn -0.8932 0.2588 0.3676
vn -0.9394 0.3323 0.0841
vn -0.8805 0.4111 0.2360
vn -0.9725 0.2143 -0.0910
vn -0.8149 0.3983 0.4211
vn -0.7969 0.4748 0.3734
vn -0.6919 0.5117 0.5094
vn -0.7158 0.4303 0.5499
vn -0.6019 0.4377 0.6680
vn -0.5707 0.5315 0.6259
vn -0.4408 0.5320 0.7230
vn -0.4737 0.4328 0.7670
vn -0.6239 0.3629 0.6921
vn -0.7320 0.3569 0.5803
vn -0.4995 0.3534 0.7909
vn -0.3332 0.4185 0.8449
vn -0.3033 0.5211 0.7978
vn -0.3568 0.3368 0.8714
vn -0.3764 0.2746 0.8848
vn -0.5215 0.2885 0.8030
vn -0.6428 0.2966 0.7062
vn -0.5412 0.2308 0.8086
vn -0.6596 0.2378 0.7130
vn -0.3946 0.2192 0.8923
vn -0.7428 0.2974 0.5998
vn -0.7553 0.2368 0.6111
vn -0.6729 0.1783 0.7179
vn -0.5579 0.1748 0.8113
vn -0.7655 0.1777 0.6185
vn -0.8403 0.1721 0.5140
vn -0.8327 0.2302 0.5037
vn -0.8277 0.2816 0.4854
vn -0.6822 0.1195 0.7213
vn -0.7714 0.1162 0.6257
vn -0.8456 0.1113 0.5221
vn -0.9076 0.1068 0.4060
vn -0.9020 0.1642 0.3992
vn -0.8975 0.2141 0.3856
vn -0.9535 0.1534 0.2594
vn -0.9482 0.1956 0.2505
vn -0.9584 0.1026 0.2664
vn -0.9613 0.0429 0.2721
vn -0.9099 0.0425 0.4127
vn -0.8461 0.0469 0.5310
vn -0.9946 0.0439 0.0940
vn -0.9915 0.0962 0.0871
vn -0.9868 0.1399 0.0816
vn -0.9809 0.1166 -0.1554
vn -0.9858 0.0858 -0.1442
vn -0.9908 0.0400 -0.1296
vn -0.9180 0.0634 -0.3916
vn -0.7947 0.0413 -0.6055
vn -0.8101 0.0190 -0.5860
vn -0.9274 0.0329 -0.3725
vn -0.6359 0.0222 -0.7715
vn -0.6520 0.0078 -0.7582
vn -0.8271 -0.0054 -0.5621
vn -0.6774 -0.0162 -0.7355
vn -0.9382 -0.0027 -0.3460
vn -0.8523 -0.0351 -0.5219
vn -0.9471 -0.0261 -0.3199
vn -0.7107 -0.0482 -0.7018
vn -0.5424 -0.0679 -0.8374
vn -0.4988 -0.0247 -0.8664
vn -0.4739 -0.0012 -0.8806
vn -0.3575 -0.0854 -0.9300
vn -0.3176 -0.0337 -0.9476
vn -0.2880 -0.0081 -0.9576
vn -0.1069 -0.0175 -0.9941
vn -0.1351 -0.0450 -0.9898
vn -0.1789 -0.1057 -0.9782
vn 0.0089 -0.1292 -0.9916
vn 0.0469 -0.0598 -0.9971
vn 0.0752 -0.0277 -0.9968
vn 0.2068 -0.1433 -0.9678
vn -0.0414 -0.2438 -0.9690
vn 0.1742 -0.2657 -0.9482
vn 0.3665 -0.2509 -0.8960
vn 0.1363 -0.4414 -0.8869
vn 0.3565 -0.4180 -0.8356
vn -0.1070 -0.4213 -0.9006
vn 0.4935 -0.2195 -0.8416
vn 0.3386 -0.5682 -0.7500
vn 0.0920 -0.6144 -0.7836
vn 0.3241 -0.6551 -0.6825
vn 0.0690 -0.6996 -0.7112
vn -0.1527 -0.5874 -0.7948
vn -0.1764 -0.6728 -0.7185
vn -0.1831 -0.6879 -0.7023
vn 0.0619 -0.7148 -0.6966
vn 0.0831 -0.6113 -0.7871
vn -0.1753 -0.5904 -0.7879
vn -0.3572 -0.6227 -0.6962
vn -0.3505 -0.6339 -0.6895
vn -0.3452 -0.5411 -0.7669
vn -0.3354 -0.3519 -0.8739
vn -0.1563 -0.3910 -0.9070
vn 0.1155 -0.4052 -0.9069
vn -0.4723 -0.4871 -0.7346
vn -0.4726 -0.3195 -0.8213
vn -0.4858 -0.5667 -0.6655
vn -0.3175 -0.1553 -0.9354
vn -0.1320 -0.1731 -0.9760
vn -0.4684 -0.1426 -0.8719
vn -0.5575 -0.4451 -0.7008
vn -0.5918 -0.3236 -0.7383
vn -0.6099 -0.1438 -0.7793
vn -0.5992 0.0015 -0.8006
vn -0.4467 -0.0007 -0.8947
vn -0.2946 -0.0016 -0.9556
vn -0.2737 0.0809 -0.9584
vn -0.4265 0.0787 -0.9011
vn -0.5757 0.0896 -0.8128
vn -0.7372 0.0026 -0.6757
vn -0.7117 0.1025 -0.6949
vn -0.7428 -0.1553 -0.6512
vn -0.8092 0.1064 -0.5779
vn -0.8362 -0.0012 -0.5485
vn -0.8292 -0.1468 -0.5393
vn -0.6933 -0.3238 -0.6438
vn -0.7627 -0.3299 -0.5563
vn -0.8833 -0.1399 -0.4475
vn -0.8842 -0.0011 -0.4671
vn -0.8178 -0.2689 -0.5087
vn -0.6449 -0.4635 -0.6078
vn -0.5912 -0.4736 -0.6528
vn -0.6626 -0.4077 -0.6283
vn -0.4982 -0.5593 -0.6625
vn -0.5185 -0.4827 -0.7058
vn -0.3521 -0.5312 -0.7706
vn -0.3070 -0.3751 -0.8747
vn -0.5027 -0.3186 -0.8036
vn -0.7105 -0.2433 -0.6602
vn -0.2398 -0.2101 -0.9478
vn -0.4197 -0.1738 -0.8909
vn -0.6003 -0.1466 -0.7862
vn -0.7683 -0.0920 -0.6334
vn -0.8230 -0.1011 -0.5589
vn -0.9037 -0.0732 -0.4219
vn -0.8764 -0.0503 -0.4790
vn -0.9244 -0.0657 -0.3757
vn -0.8786 -0.1193 -0.4624
vn -0.8622 -0.2121 -0.4600
vn -0.9567 -0.0493 -0.2867
vn -0.9639 -0.0548 -0.2606
vn -0.9710 -0.0559 -0.2323
vn -0.9959 -0.0639 -0.0639
vn -0.9968 -0.0573 -0.0549
vn -0.9954 -0.0526 -0.0804
vn -0.9980 -0.0363 -0.0517
vn -0.9750 -0.0288 -0.2202
vn -0.9374 -0.0405 -0.3459
vn -0.9739 0.0161 -0.2264
vn -0.9397 0.0171 -0.3415
vn -0.9983 0.0052 -0.0578
vn -0.9901 -0.0487 0.1317
vn -0.9921 -0.0117 0.1250
vn -0.9888 -0.0699 0.1319
vn -0.9521 -0.0653 0.2988
vn -0.9555 -0.0319 0.2933
vn -0.9507 -0.0821 0.2989
vn -0.9893 -0.0740 0.1257
vn -0.9511 -0.0863 0.2964
vn -0.9905 -0.0662 0.1206
vn -0.9534 -0.0764 0.2918
vn -0.8954 -0.0825 0.4376
vn -0.8913 -0.0951 0.4434
vn -0.8896 -0.0952 0.4468
vn -0.8154 -0.1000 0.5702
vn -0.8108 -0.1071 0.5755
vn -0.8226 -0.0838 0.5625
vn -0.8108 -0.1018 0.5765
vn -0.8906 -0.0831 0.4471
vn -0.8141 -0.0813 0.5750
vn -0.8947 -0.0557 0.4432
vn -0.8210 -0.0446 0.5692
vn -0.9002 -0.0137 0.4353
vn -0.9595 0.0160 0.2813
vn -0.8269 -0.0092 0.5623
vn -0.9054 0.0258 0.4238
vn -0.9617 0.0598 0.2675
vn -0.9929 0.0419 0.1115
vn -0.9916 0.0917 0.0914
vn -0.9634 0.0830 0.2550
vn -0.9901 0.1163 0.0781
vn -0.9086 0.0466 0.4150
vn -0.9652 0.0862 0.2469
vn -0.9905 0.1188 0.0695
vn -0.9119 0.0497 0.4073
vn -0.9671 0.0753 0.2428
vn -0.9149 0.0404 0.4016
vn -0.9921 0.1062 0.0662
vn -0.9690 0.0560 0.2407
vn -0.9940 0.0835 0.0705
vn -0.9175 0.0219 0.3972
vn -0.8386 0.0036 0.5447
vn -0.8413 -0.0150 0.5403
vn -0.8353 0.0115 0.5497
vn -0.7390 -0.0338 0.6728
vn -0.7402 -0.0505 0.6705
vn -0.7371 -0.0245 0.6753
vn -0.6093 -0.0661 0.7902
vn -0.6065 -0.0851 0.7905
vn -0.6106 -0.0587 0.7897
vn -0.6113 -0.0572 0.7893
vn -0.7340 -0.0270 0.6787
vn -0.8317 0.0095 0.5552
vn -0.4426 -0.0831 0.8929
vn -0.4343 -0.0959 0.8956
vn -0.4501 -0.0834 0.8891
vn -0.1993 -0.1124 0.9735
vn -0.2176 -0.1005 0.9709
vn -0.2361 -0.0910 0.9675
vn 0.0274 -0.0922 0.9954
vn 0.0538 -0.1141 0.9920
vn -0.0013 -0.0819 0.9966
vn 0.2745 -0.0950 0.9569
vn 0.2463 -0.0685 0.9668
vn 0.2140 -0.0478 0.9757
vn -0.2551 -0.1011 0.9616
vn -0.0306 -0.0816 0.9962
vn 0.1776 -0.0462 0.9830
vn 0.3764 0.0032 0.9265
vn 0.4117 -0.0046 0.9113
vn 0.4425 -0.0310 0.8962
vn 0.5969 0.0433 0.8011
vn 0.5653 0.0545 0.8231
vn 0.6239 0.0098 0.7815
vn 0.4696 -0.0669 0.8803
vn 0.6440 -0.0333 0.7643
vn 0.6624 -0.0740 0.7455
vn 0.4915 -0.1022 0.8649
vn 0.3000 -0.1252 0.9457
vn 0.3194 -0.1553 0.9348
vn 0.5093 -0.1365 0.8497
vn 0.6751 -0.1118 0.7292
vn 0.8040 -0.0457 0.5928
vn 0.8128 -0.0842 0.5764
vn 0.7942 0.0006 0.6076
vn 0.9118 -0.0601 0.4062
vn 0.9091 -0.0194 0.4161
vn 0.9034 0.0262 0.4281
vn 0.9729 0.0457 0.2267
vn 0.9741 -0.0027 0.2261
vn 0.9745 -0.0380 0.2210
vn 0.7785 0.0481 0.6258
vn 0.8961 0.0798 0.4367
vn 0.9680 0.0958 0.2321
vn 0.8829 0.1197 0.4541
vn 0.7601 0.0876 0.6439
vn 0.9612 0.1388 0.2384
vn 0.7350 0.1011 0.6704
vn 0.8682 0.1373 0.4768
vn 0.8494 0.1149 0.5151
vn 0.7047 0.0809 0.7048
vn 0.5276 0.0339 0.8488
vn 0.9539 0.1521 0.2588
vn 0.9479 0.1337 0.2893
vn 0.6700 0.0415 0.7412
vn 0.8274 0.0768 0.5563
vn 0.9393 0.0950 0.3296
vn 0.7979 0.0431 0.6012
vn 0.6322 0.0090 0.7748
vn 0.4489 -0.0221 0.8933
vn 0.4849 -0.0001 0.8746
vn 0.3342 -0.0171 0.9423
vn 0.2942 -0.0436 0.9547
vn 0.2552 -0.0558 0.9653
vn 0.0694 -0.0884 0.9937
vn 0.1006 -0.0868 0.9911
vn 0.1405 -0.0642 0.9880
vn 0.2268 -0.0527 0.9725
vn 0.4127 -0.0325 0.9103
vn 0.0377 -0.0750 0.9965
vn -0.1212 -0.1177 0.9856
vn -0.1451 -0.0959 0.9848
vn -0.0916 -0.1197 0.9886
vn -0.3106 -0.1336 0.9411
vn -0.2922 -0.1407 0.9460
vn -0.3310 -0.1130 0.9368
vn 0.0152 -0.0507 0.9986
vn -0.1712 -0.0650 0.9831
vn -0.3508 -0.0782 0.9332
vn -0.4794 -0.1393 0.8665
vn -0.4927 -0.1185 0.8621
vn -0.5079 -0.0897 0.8567
vn -0.3725 -0.0432 0.9270
vn -0.1918 -0.0316 0.9809
vn -0.5257 -0.0556 0.8489
vn -0.6295 -0.0965 0.7710
vn -0.6440 -0.0680 0.7620
vn -0.6175 -0.1206 0.7773
vn -0.7279 -0.1012 0.6782
vn -0.7395 -0.0771 0.6687
vn -0.7210 -0.1152 0.6833
vn -0.6108 -0.1312 0.7808
vn -0.7173 -0.1195 0.6865
vn -0.6073 -0.1278 0.7841
vn -0.7191 -0.1059 0.6868
vn -0.7240 -0.0759 0.6856
vn -0.6089 -0.1006 0.7868
vn -0.4700 -0.1384 0.8717
vn -0.4628 -0.1198 0.8783
vn -0.6104 -0.0733 0.7887
vn -0.7301 -0.0426 0.6820
vn -0.4573 -0.0919 0.8846
vn -0.2731 -0.1200 0.9545
vn -0.0629 -0.1035 0.9926
vn -0.8319 -0.0534 0.5523
vn -0.7527 -0.0460 0.6567
vn -0.6593 -0.0338 0.7511
vn -0.8409 -0.0120 0.5410
vn -0.7639 -0.0031 0.6454
vn -0.6741 0.0075 0.7386
vn -0.9011 -0.0561 0.4300
vn -0.9065 -0.0142 0.4219
vn -0.7726 0.0528 0.6327
vn -0.9603 -0.0129 0.2787
vn -0.9569 -0.0517 0.2858
vn -0.9946 -0.0073 0.1040
vn -0.9929 -0.0425 0.1112
vn -0.9949 -0.0344 -0.0949
vn -0.9935 -0.0000 -0.1140
vn -0.6814 0.0604 0.7294
vn -0.5691 0.0669 0.8196
vn -0.5583 0.0190 0.8294
vn -0.5661 0.1205 0.8155
vn -0.4082 0.1687 0.8972
vn -0.4180 0.1185 0.9007
vn -0.4163 0.0715 0.9064
vn -0.2285 0.1588 0.9605
vn -0.2343 0.1145 0.9654
vn -0.2157 0.2062 0.9544
vn -0.2014 0.2569 0.9452
vn -0.0244 0.1432 0.9894
vn -0.0112 0.1864 0.9824
vn 0.0052 0.2305 0.9731
vn 0.2308 0.1928 0.9537
vn 0.2103 0.1539 0.9654
vn 0.1906 0.1197 0.9743
vn -0.0351 0.1044 0.9939
vn 0.1764 0.0843 0.9807
vn 0.4031 0.0836 0.9113
vn 0.4261 0.1126 0.8976
vn 0.3814 0.0573 0.9226
vn -0.0376 0.0659 0.9971
vn 0.1651 0.0530 0.9849
vn 0.3667 0.0286 0.9299
vn 0.5452 0.0246 0.8379
vn 0.5254 0.0034 0.8508
vn 0.5680 0.0466 0.8217
vn 0.6315 -0.0199 0.7751
vn 0.6472 -0.0040 0.7623
vn 0.6780 0.0021 0.7350
vn 0.5986 0.0616 0.7987
vn 0.7150 0.0137 0.6990
vn 0.7429 -0.0419 0.6681
vn 0.7195 -0.0321 0.6937
vn 0.7953 -0.0598 0.6032
vn 0.7521 0.0172 0.6588
vn 0.6284 0.0806 0.7737
vn 0.8514 -0.0436 0.5226
vn 0.8846 -0.0430 0.4644
vn 0.9687 -0.1330 0.2096
vn 0.7828 0.0354 0.6213
vn 0.6569 0.0996 0.7473
vn 0.6824 0.1415 0.7172
vn 0.5033 0.2224 0.8350
vn 0.4790 0.1722 0.8608
vn 0.4525 0.1368 0.8812
vn 0.5235 0.3015 0.7969
vn 0.7011 0.2049 0.6830
vn 0.2764 0.3027 0.9121
vn 0.2970 0.3923 0.8706
vn 0.0633 0.4606 0.8853
vn 0.0418 0.3600 0.9320
vn 0.2537 0.2364 0.9380
vn 0.0223 0.2870 0.9577
vn -0.1855 0.3175 0.9299
vn -0.1662 0.3967 0.9028
vn -0.1412 0.5006 0.8541
vn 0.9838 -0.1607 -0.0799
vn 0.9422 -0.1704 -0.2884
vn 0.8492 -0.2241 -0.4782
vn 0.7814 -0.2341 -0.5784
vn 0.7857 -0.3229 -0.5277
vn 0.7631 -0.2861 -0.5795
vn 0.7103 -0.3869 -0.5881
vn 0.6982 -0.3283 -0.6362
vn 0.7522 -0.0565 0.6565
vn 0.7005 -0.0393 0.7125
vn 0.6966 -0.0394 0.7164
vn 0.6197 -0.0305 0.7842
vn 0.7439 -0.0461 0.6667
vn 0.6390 -0.0253 0.7688
vn 0.7150 -0.0151 0.6989
vn 0.7938 0.0029 0.6081
vn 0.6688 -0.0240 0.7431
vn 0.8700 0.0095 0.4929
vn 0.8236 -0.0533 0.5647
vn 0.9364 -0.0212 0.3503
vn 0.9307 -0.0503 0.3622
vn 0.9964 -0.0151 0.0838
vn 0.8205 -0.0723 0.5670
vn 0.5386 -0.0279 0.8421
vn 0.5171 -0.0262 0.8555
vn 0.5173 -0.0145 0.8557
vn 0.3607 -0.0123 0.9326
vn 0.3685 -0.0248 0.9293
vn 0.3576 0.0060 0.9338
vn 0.1681 -0.0000 0.9858
vn 0.1645 0.0228 0.9861
vn -0.0347 0.0334 0.9988
vn -0.0225 0.0032 0.9997
vn 0.1822 -0.0212 0.9830
vn -0.0078 -0.0230 0.9997
vn -0.2125 0.0007 0.9772
vn -0.2263 0.0337 0.9735
vn -0.3914 -0.0086 0.9202
vn -0.4089 0.0284 0.9121
vn -0.2361 0.0724 0.9690
vn -0.5442 -0.0209 0.8387
vn 0.1988 -0.0392 0.9793
vn 0.3892 -0.0323 0.9206
vn 0.5617 -0.0282 0.8269
vn 0.5984 -0.0118 0.8011
vn 0.7600 0.0116 0.6498
vn 0.7204 -0.0049 0.6935
vn 0.9928 0.0972 0.0699
vn 0.9909 0.1250 0.0492
vn 0.9883 0.1505 0.0259
vn 0.9906 0.1360 0.0168
vn 0.9761 0.1255 -0.1776
vn 0.9791 0.0954 -0.1796
vn 0.9948 0.1013 0.0138
vn 0.9985 0.0513 0.0193
vn 0.9830 0.0515 -0.1762
vn 0.9422 0.0535 -0.3306
vn 0.8890 0.0588 -0.4542
vn 0.9444 0.0157 -0.3283
vn 0.9855 0.0129 -0.1689
vn 0.8896 0.0249 -0.4561
vn 0.8180 0.0889 -0.5683
vn 0.8220 0.0414 -0.5680
vn 0.7362 0.0869 -0.6712
vn 0.7391 0.0514 -0.6717
vn 0.7532 0.1540 -0.6396
vn 0.7133 0.1523 -0.6841
vn 0.7341 0.1761 -0.6558
vn 0.6866 0.1957 -0.7002
vn 0.7129 0.1946 -0.6737
vn 0.6758 0.2164 -0.7046
vn 0.7372 0.1735 -0.6530
vn 0.7573 0.1451 -0.6367
vn 0.7360 0.1522 -0.6596
vn 0.7191 0.1807 -0.6710
vn 0.7103 0.1957 -0.6761
vn 0.7518 0.1155 -0.6492
vn 0.7103 0.1331 -0.6912
vn 0.6941 0.1686 -0.6998
vn 0.5976 0.1966 -0.7773
vn 0.6115 0.1529 -0.7764
vn 0.4419 0.1158 -0.8895
vn 0.4354 0.1644 -0.8851
vn 0.4284 0.2241 -0.8754
vn 0.5822 0.2360 -0.7780
vn 0.6791 0.2006 -0.7062
vn 0.4246 0.2708 -0.8639
vn 0.1858 0.2314 -0.9550
vn 0.1797 0.1640 -0.9699
vn 0.1916 0.2924 -0.9369
vn -0.0510 0.2274 -0.9725
vn -0.0389 0.2999 -0.9532
vn -0.0701 0.1501 -0.9862
vn 0.1738 0.1082 -0.9788
vn -0.0854 0.0931 -0.9920
vn -0.2280 0.2219 -0.9480
vn -0.2534 0.1398 -0.9572
vn -0.4040 0.1432 -0.9035
vn -0.3690 0.2287 -0.9009
vn -0.1038 0.0029 -0.9946
vn -0.2028 0.3015 -0.9316
vn -0.3337 0.3118 -0.8896
vn -0.4979 0.2507 -0.8302
vn -0.5474 0.1614 -0.8212
vn -0.4298 0.3394 -0.8367
vn -0.3947 0.3769 -0.8380
vn -0.3158 0.3767 -0.8709
vn -0.1992 0.3648 -0.9095
vn -0.3449 0.3870 -0.8552
vn -0.2194 0.3831 -0.8973
vn -0.4200 0.3898 -0.8195
vn -0.5242 0.3488 -0.7769
vn -0.4982 0.3690 -0.7846
vn -0.5938 0.3520 -0.7235
vn -0.3882 0.3657 -0.8459
vn -0.5535 0.3283 -0.7654
vn -0.4661 0.3094 -0.8289
vn -0.6806 0.3057 -0.6658
vn -0.2678 0.3534 -0.8963
vn -0.3259 0.2868 -0.9009
vn -0.6774 0.2223 -0.7012
vn -0.5336 0.2108 -0.8191
vn -0.3680 0.2135 -0.9050
vn -0.1129 0.2826 -0.9526
vn -0.0807 0.3353 -0.9386
vn -0.1440 0.2054 -0.9680
vn -0.3921 0.1452 -0.9084
vn -0.1566 0.1445 -0.9770
vn -0.5533 0.1484 -0.8197
vn -0.4007 0.1057 -0.9101
vn -0.5687 0.1043 -0.8159
vn -0.1657 0.1037 -0.9807
vn -0.4081 0.0753 -0.9098
vn -0.1733 0.0750 -0.9820
vn -0.5786 0.0715 -0.8125
vn 0.1464 0.0909 -0.9850
vn 0.1348 0.0652 -0.9887
vn 0.1572 0.1298 -0.9790
vn 0.4341 0.0663 -0.8984
vn 0.4446 0.0997 -0.8902
vn 0.4196 0.0424 -0.9067
vn 0.1201 0.0443 -0.9918
vn 0.4038 0.0252 -0.9145
vn -0.1811 0.0539 -0.9820
vn 0.5976 0.0030 -0.8018
vn 0.6096 0.0195 -0.7925
vn 0.6192 0.0411 -0.7842
vn 0.7332 0.0017 -0.6800
vn 0.7384 0.0223 -0.6740
vn 0.7265 -0.0173 -0.6869
vn 0.5856 -0.0097 -0.8106
vn 0.7205 -0.0293 -0.6928
vn 0.3877 0.0121 -0.9217
vn 0.5765 -0.0153 -0.8169
vn 0.3726 0.0028 -0.9280
vn 0.7156 -0.0346 -0.6977
vn 0.5698 -0.0153 -0.8217
vn 0.7141 -0.0307 -0.6994
vn 0.3645 -0.0010 -0.9312
vn 0.8167 -0.0508 -0.5749
vn 0.8180 -0.0476 -0.5733
vn 0.8165 -0.0468 -0.5755
vn 0.8940 -0.0665 -0.4430
vn 0.8917 -0.0593 -0.4488
vn 0.8975 -0.0633 -0.4365
vn 0.8213 -0.0378 -0.5692
vn 0.9011 -0.0544 -0.4301
vn 0.7150 -0.0231 -0.6987
vn 0.9573 -0.0724 -0.2800
vn 0.9541 -0.0802 -0.2884
vn 0.9514 -0.0813 -0.2972
vn 0.9861 -0.0986 -0.1339
vn 0.9851 -0.0979 -0.1415
vn 0.9877 -0.0906 -0.1271
vn 0.9606 -0.0617 -0.2709
vn 0.9900 -0.0793 -0.1166
vn 0.9052 -0.0442 -0.4228
vn 0.9642 -0.0480 -0.2609
vn 0.9096 -0.0330 -0.4142
vn 0.9923 -0.0638 -0.1065
vn 0.9675 -0.0268 -0.2513
vn 0.9943 -0.0396 -0.0990
vn 0.9155 -0.0175 -0.4019
vn 0.9960 -0.0798 0.0404
vn 0.9976 -0.0544 0.0437
vn 0.9949 -0.0960 0.0313
vn 0.9769 -0.0982 0.1898
vn 0.9765 -0.1144 0.1826
vn 0.9792 -0.0760 0.1879
vn 0.9994 -0.0124 0.0317
vn 0.9844 -0.0391 0.1714
vn 0.9950 0.0049 -0.1001
vn 0.9281 -0.1211 0.3521
vn 0.9302 -0.1051 0.3516
vn 0.9410 -0.0789 0.3292
vn 0.9917 0.0026 0.1289
vn 0.9535 -0.0574 0.2958
vn 0.9991 0.0431 0.0044
vn 0.8509 -0.1297 0.5091
vn 0.8431 -0.1379 0.5198
vn 0.8706 -0.1254 0.4757
vn 0.9694 -0.0511 0.2402
vn 0.9961 0.0288 0.0832
vn 0.8824 -0.1551 0.4442
vn 0.7190 -0.1741 0.6729
vn 0.7236 -0.1983 0.6611
vn 0.7338 -0.2412 0.6351
vn 0.9782 -0.0769 0.1927
vn 0.8983 -0.2001 0.3911
vn 0.7220 -0.3310 0.6076
vn 0.5238 -0.3927 0.7559
vn 0.5420 -0.3067 0.7824
vn 0.5555 -0.2400 0.7961
vn 0.3567 -0.3279 0.8748
vn 0.3758 -0.2684 0.8870
vn 0.3276 -0.4211 0.8458
vn 0.7199 -0.4120 0.5585
vn 0.4918 -0.4995 0.7132
vn 0.2951 -0.5165 0.8038
vn 0.0838 -0.5047 0.8592
vn 0.1151 -0.4105 0.9046
vn 0.1474 -0.3332 0.9313
vn -0.1148 -0.3156 0.9419
vn -0.1392 -0.3766 0.9159
vn -0.1764 -0.4467 0.8771
vn 0.0500 -0.5771 0.8151
vn -0.2076 -0.5137 0.8325
vn 0.2673 -0.6021 0.7524
vn -0.2460 -0.5523 0.7966
vn 0.0247 -0.6314 0.7751
vn 0.2360 -0.6569 0.7161
vn 0.2120 -0.6927 0.6894
vn -0.0091 -0.6609 0.7504
vn -0.2790 -0.5789 0.7662
vn -0.5046 -0.4298 0.7487
vn -0.4683 -0.3990 0.7883
vn -0.5428 -0.4442 0.7128
vn -0.3138 -0.5907 0.7434
vn -0.0447 -0.6788 0.7330
vn -0.5736 -0.4543 0.6816
vn -0.7010 -0.2845 0.6539
vn -0.7354 -0.2948 0.6101
vn -0.7514 -0.3220 0.5760
vn -0.8615 -0.1600 0.4819
vn -0.8336 -0.1534 0.5306
vn -0.8786 -0.1925 0.4370
vn -0.9300 -0.0416 0.3653
vn -0.9432 -0.0569 0.3273
vn -0.9628 -0.0975 0.2519
vn -0.9960 0.0498 0.0742
vn -0.9891 0.0487 0.1391
vn -0.9785 0.0529 0.1992
vn -0.9922 0.1136 0.0515
vn -0.9913 0.1312 0.0084
vn -0.9954 0.0895 -0.0335
vn -0.9913 -0.1025 0.0826
vn -0.9996 -0.0271 0.0123
vn -0.9955 0.0491 -0.0814
vn -0.9815 0.1468 -0.1232
vn -0.9833 0.1573 -0.0916
vn -0.9823 0.0932 -0.1622
vn -0.9908 -0.0043 -0.1354
vn -0.9958 -0.0634 -0.0661
vn -0.9737 0.0653 -0.2184
vn -0.9662 0.1604 -0.2017
vn -0.9598 0.1468 -0.2393
vn -0.9481 0.1111 -0.2978
vn -0.9786 -0.0385 -0.2019
vn -0.9581 0.0197 -0.2857
vn -0.9192 0.1011 -0.3806
vn -0.9611 -0.0475 -0.2719
vn -0.9344 -0.0288 -0.3551
vn -0.8490 0.0343 -0.5273
vn -0.9364 -0.0530 -0.3469
vn -0.8966 -0.0366 -0.4413
vn -0.8060 -0.0383 -0.5907
vn -0.6991 0.0189 -0.7148
vn -0.6399 0.1239 -0.7584
vn -0.7700 0.1099 -0.6285
vn -0.6747 -0.0691 -0.7349
vn -0.8716 0.1187 -0.4756
vn -0.7239 0.1479 -0.6739
vn -0.8081 0.1401 -0.5722
vn -0.5935 0.1588 -0.7890
vn -0.6757 0.1294 -0.7257
vn -0.7655 0.1012 -0.6354
vn -0.5728 0.1520 -0.8055
vn -0.6610 0.1021 -0.7434
vn -0.5732 0.1025 -0.8130
vn -0.7011 0.0623 -0.7103
vn -0.4264 0.1056 -0.8983
vn -0.4062 0.1688 -0.8981
vn -0.4244 0.1748 -0.8884
vn -0.6187 0.0326 -0.7850
vn -0.4718 0.0138 -0.8816
vn -0.1870 0.1091 -0.9763
vn -0.2427 0.0091 -0.9701
vn -0.1685 0.1789 -0.9693
vn -0.5232 -0.0525 -0.8506
vn -0.2933 -0.0752 -0.9531
vn -0.6614 -0.0206 -0.7497
vn -0.5620 -0.0981 -0.8213
vn -0.6919 -0.0517 -0.7201
vn -0.3363 -0.1424 -0.9309
vn -0.7511 0.0208 -0.6599
vn -0.7796 0.0048 -0.6263
vn -0.8142 0.0819 -0.5748
vn -0.8476 0.0626 -0.5269
vn -0.7931 -0.0014 -0.6091
vn -0.8621 0.0709 -0.5018
vn -0.7093 -0.0610 -0.7023
vn -0.7980 0.0017 -0.6026
vn -0.8691 0.0653 -0.4903
vn -0.7090 -0.0724 -0.7015
vn -0.5799 -0.1280 -0.8046
vn -0.5868 -0.1460 -0.7965
vn -0.3663 -0.1881 -0.9113
vn -0.3697 -0.2179 -0.9032
vn 0.0116 -0.2240 -0.9745
vn 0.0333 -0.1660 -0.9856
vn 0.0012 -0.2585 -0.9660
vn 0.0652 -0.0921 -0.9936
vn 0.4275 -0.0831 -0.9002
vn 0.4193 -0.1548 -0.8946
vn 0.4160 -0.1990 -0.8873
vn 0.6762 -0.1436 -0.7225
vn 0.6684 -0.1137 -0.7351
vn 0.6565 -0.0698 -0.7511
vn 0.7911 -0.0461 -0.6100
vn 0.8107 -0.0748 -0.5807
vn 0.8237 -0.0830 -0.5609
vn 0.6418 -0.0037 -0.7668
vn 0.7716 0.0035 -0.6361
vn 0.4362 -0.0035 -0.8999
vn 0.6402 0.0776 -0.7643
vn 0.4478 0.0911 -0.8895
vn 0.7530 0.0686 -0.6545
vn 0.8764 -0.0131 -0.4813
vn 0.8438 0.0235 -0.5361
vn 0.8208 0.0662 -0.5674
vn 0.7625 0.1031 -0.6387
vn 0.8359 0.0670 -0.5448
vn 0.6453 0.1277 -0.7532
vn 0.8555 0.0404 -0.5162
vn 0.7743 0.0721 -0.6287
vn 0.6532 0.1154 -0.7484
vn 0.6528 0.0459 -0.7562
vn 0.7769 -0.0040 -0.6296
vn 0.8644 -0.0573 -0.4996
vn 0.4629 0.1530 -0.8731
vn 0.4568 0.1000 -0.8839
vn 0.4596 0.1537 -0.8747
vn 0.1616 0.1835 -0.9696
vn 0.1539 0.1399 -0.9781
vn 0.1593 0.1753 -0.9715
vn 0.1394 0.1035 -0.9848
vn 0.1063 0.0046 -0.9943
vn -0.1775 0.1809 -0.9673
vn -0.4667 0.1195 -0.8763
vn -0.1874 0.1390 -0.9724
vn -0.4843 0.0222 -0.8746
vn -0.2117 0.0355 -0.9767
vn 0.1403 0.0275 -0.9897
vn -0.4752 -0.0730 -0.8768
vn -0.1884 -0.0797 -0.9789
vn 0.1371 -0.0770 -0.9876
vn 0.4355 -0.0092 -0.9001
vn 0.3958 -0.1380 -0.9079
vn 0.1354 -0.1646 -0.9770
vn 0.3663 -0.2046 -0.9077
vn -0.1308 -0.1348 -0.9822
vn 0.1698 -0.1792 -0.9691
vn 0.3134 -0.2518 -0.9156
vn -0.0676 -0.1819 -0.9810
vn -0.4071 -0.1322 -0.9038
vn -0.2907 -0.1402 -0.9465
vn 0.1623 -0.2210 -0.9617
vn 0.0726 -0.1713 -0.9825
vn -0.1524 -0.1804 -0.9717
vn -0.6129 -0.1009 -0.7837
vn -0.5115 -0.1273 -0.8498
vn -0.3541 -0.1355 -0.9253
vn -0.2539 -0.2293 -0.9396
vn -0.0221 -0.2380 -0.9710
vn 0.1207 -0.2856 -0.9507
vn -0.0894 -0.4438 -0.8917
vn -0.2822 -0.3872 -0.8777
vn 0.0892 -0.4512 -0.8879
vn 0.3526 -0.3234 -0.8781
vn 0.2735 -0.2223 -0.9358
vn 0.4003 -0.3697 -0.8385
vn 0.4819 -0.4217 -0.7681
vn 0.3730 -0.4163 -0.8292
vn 0.4277 -0.4017 -0.8098
vn 0.4968 -0.3258 -0.8044
vn 0.4988 -0.4276 -0.7539
vn 0.5399 -0.4575 -0.7066
vn 0.6218 -0.4417 -0.6467
vn 0.9236 0.3827 0.0234
vn 0.6843 -0.4734 -0.5546
vn 0.6940 -0.4594 -0.5543
vn 0.7239 -0.4937 -0.4819
vn 0.7829 -0.4130 -0.4653
vn 0.6970 -0.3255 -0.6389
vn 0.8394 -0.3753 -0.3931
vn 0.8505 -0.3440 -0.3979
vn 0.8657 -0.3693 -0.3379
vn 0.8998 -0.2558 -0.3534
vn 0.8462 -0.2133 -0.4884
vn 0.9335 -0.1904 -0.3040
vn 0.9381 -0.1596 -0.3074
vn 0.9490 -0.1696 -0.2658
vn 0.9540 -0.1001 -0.2826
vn 0.9208 -0.0826 -0.3812
vn 0.9566 -0.1775 -0.2312
vn 0.9706 -0.1327 -0.2007
vn 0.9703 -0.0993 -0.2207
vn 0.9772 -0.1071 -0.1832
vn 0.9812 -0.1051 -0.1616
vn 0.9787 -0.0638 -0.1952
vn 0.9831 -0.1041 -0.1507
vn 0.9906 -0.0697 -0.1179
vn 0.9877 -0.0552 -0.1462
vn 0.9908 -0.0879 -0.1026
vn 0.9933 -0.0662 -0.0947
vn 0.9913 -0.0079 -0.1312
vn 0.9870 -0.1298 -0.0944
vn 0.9939 -0.0744 -0.0815
vn 0.9921 -0.1229 -0.0269
vn 0.9963 -0.0837 -0.0215
vn 0.9961 -0.0076 -0.0873
vn 0.9842 -0.1761 0.0193
vn 0.9625 -0.2384 0.1294
vn 0.9736 -0.1980 0.1132
vn 0.9812 -0.1295 0.1430
vn 0.9999 -0.0173 -0.0004
vn 0.9960 0.0464 -0.0765
vn 0.9992 0.0214 0.0343
vn 0.9943 0.0874 -0.0617
vn 0.9866 0.0867 -0.1382
vn 0.9909 0.0332 -0.1301
vn 0.9843 0.1111 -0.1373
vn 0.9967 0.0755 -0.0300
vn 0.9868 0.1017 -0.1261
vn 0.9923 0.0563 -0.1100
vn 0.9702 0.0098 -0.2423
vn 0.9691 0.0601 -0.2392
vn 0.9667 0.0979 -0.2366
vn 0.9208 0.0103 -0.3900
vn 0.9262 0.0466 -0.3741
vn 0.9295 0.0791 -0.3602
vn 0.8499 0.0040 -0.5269
vn 0.8601 0.0242 -0.5095
vn 0.8394 -0.0114 -0.5434
vn 0.7521 -0.0069 -0.6591
vn 0.7668 -0.0020 -0.6418
vn 0.7397 -0.0096 -0.6728
vn 0.8318 -0.0208 -0.5547
vn 0.7285 -0.0121 -0.6849
vn 0.8254 -0.0282 -0.5639
vn 0.7211 -0.0161 -0.6927
vn 0.5844 -0.0070 -0.8114
vn 0.5747 -0.0067 -0.8184
vn 0.5706 -0.0103 -0.8212
vn 0.3597 -0.0010 -0.9331
vn 0.3644 -0.0007 -0.9312
vn 0.3720 -0.0057 -0.9282
vn 0.0717 0.0019 -0.9974
vn 0.0715 -0.0025 -0.9974
vn 0.0764 0.0061 -0.9971
vn -0.2205 -0.0058 -0.9754
vn -0.2204 -0.0118 -0.9753
vn -0.2149 0.0017 -0.9766
vn 0.0890 0.0151 -0.9959
vn -0.2059 0.0158 -0.9784
vn 0.1038 0.0294 -0.9942
vn -0.1936 0.0331 -0.9805
vn -0.4328 0.0039 -0.9015
vn -0.4237 0.0265 -0.9054
vn -0.4147 0.0498 -0.9086
vn -0.5876 0.0414 -0.8081
vn -0.5983 0.0129 -0.8012
vn -0.6083 -0.0147 -0.7936
vn -0.7226 0.0340 -0.6904
vn -0.7384 -0.0033 -0.6743
vn -0.7086 0.0672 -0.7025
vn -0.8328 0.0263 -0.5530
vn -0.8506 -0.0159 -0.5255
vn -0.8158 0.0641 -0.5748
vn -0.6961 0.1023 -0.7106
vn -0.8014 0.0983 -0.5900
vn -0.6821 0.1516 -0.7154
vn -0.7950 0.1339 -0.5916
vn -0.7952 0.1697 -0.5821
vn -0.7604 0.2627 -0.5940
vn -0.8076 0.2162 -0.5486
vn -0.8022 0.2377 -0.5477
vn -0.8414 0.2097 -0.4980
vn -0.7678 0.2676 -0.5821
vn -0.8231 0.1911 -0.5347
vn -0.8492 0.1801 -0.4964
vn -0.8676 0.1672 -0.4682
vn -0.7003 0.2782 -0.6574
vn -0.7696 0.1956 -0.6079
vn -0.8797 0.0998 -0.4649
vn -0.8620 0.1042 -0.4961
vn -0.9019 0.0001 -0.4319
vn -0.8950 0.0947 -0.4359
vn -0.9093 0.0120 -0.4159
vn -0.8945 -0.1022 -0.4352
vn -0.9109 -0.0703 -0.4066
vn -0.9261 0.0910 -0.3662
vn -0.9663 0.0811 -0.2444
vn -0.9080 0.1534 -0.3899
vn -0.9522 0.1401 -0.2716
vn -0.9948 0.0657 -0.0775
vn -0.9881 0.1186 -0.0978
vn -0.9827 0.1450 -0.1151
vn -0.9427 0.1654 -0.2898
vn -0.9815 0.1457 -0.1244
vn -0.9377 0.1659 -0.3051
vn -0.8871 0.1878 -0.4216
vn -0.8767 0.1816 -0.4455
vn -0.8746 0.1566 -0.4589
vn -0.9400 0.1431 -0.3097
vn -0.8799 0.1223 -0.4591
vn -0.9469 0.1163 -0.2998
vn -0.9840 0.1284 -0.1235
vn -0.9875 0.1051 -0.1172
vn -0.8898 0.0936 -0.4467
vn -0.9544 0.0882 -0.2851
vn -0.9919 0.0753 -0.1027
vn -0.9955 0.0563 0.0759
vn -0.9953 0.0424 -0.0871
vn -0.9639 0.0538 -0.2607
vn -0.9963 0.0187 0.0837
vn -0.9702 0.0271 0.2407
vn -0.9705 -0.0096 0.2408
vn -0.9692 -0.0593 0.2392
vn -0.9955 -0.0266 0.0906
vn -0.9978 -0.0050 -0.0665
vn -0.9921 -0.0807 0.0963
vn -0.9975 -0.0535 -0.0472
vn -0.9653 -0.1129 0.2356
vn -0.9181 -0.0960 0.3846
vn -0.9141 -0.1494 0.3769
vn -0.9199 -0.0449 0.3895
vn -0.8392 -0.1329 0.5274
vn -0.8424 -0.0825 0.5325
vn -0.8322 -0.1869 0.5220
vn -0.8430 -0.0427 0.5362
vn -0.9192 -0.0063 0.3937
vn -0.7394 -0.0793 0.6686
vn -0.7365 -0.1167 0.6663
vn -0.6021 -0.1109 0.7907
vn -0.5951 -0.1490 0.7897
vn -0.5847 -0.1958 0.7872
vn -0.7292 -0.1678 0.6634
vn -0.7193 -0.2170 0.6600
vn -0.5724 -0.2424 0.7834
vn -0.3913 -0.2201 0.8936
vn -0.3783 -0.2610 0.8881
vn -0.4037 -0.1749 0.8980
vn -0.1398 -0.2357 0.9617
vn -0.1518 -0.1944 0.9691
vn -0.1304 -0.2726 0.9532
vn -0.4152 -0.1406 0.8988
vn -0.1661 -0.1597 0.9731
vn 0.1111 -0.1982 0.9739
vn 0.1199 -0.2384 0.9637
vn 0.0965 -0.1651 0.9815
vn -0.1823 -0.1344 0.9740
vn 0.0767 -0.1367 0.9876
vn -0.4254 -0.1122 0.8980
vn 0.3332 -0.1901 0.9235
vn 0.5196 -0.1737 0.8365
vn 0.3366 -0.2312 0.9128
vn 0.5219 -0.2178 0.8248
vn 0.3361 -0.2646 0.9039
vn 0.1230 -0.2725 0.9543
vn 0.5174 -0.2527 0.8176
vn 0.6844 -0.1972 0.7019
vn 0.6837 -0.1516 0.7138
vn 0.6825 -0.2346 0.6922
vn 0.3362 -0.2769 0.9002
vn 0.5176 -0.2633 0.8141
vn 0.6846 -0.2439 0.6869
vn 0.8182 -0.2061 0.5368
vn 0.8226 -0.2168 0.5257
vn 0.8184 -0.1700 0.5489
vn 0.9158 -0.1841 0.3569
vn 0.9130 -0.1732 0.3695
vn 0.9133 -0.1394 0.3828
vn 0.9719 -0.1092 0.2085
vn 0.9700 -0.1399 0.1989
vn 0.9710 -0.1499 0.1863
vn 0.8176 -0.1248 0.5621
vn 0.9137 -0.0973 0.3945
vn 0.9737 -0.0734 0.2157
vn 0.9960 -0.0854 0.0262
vn 0.9983 -0.0531 0.0259
vn 0.9994 -0.0247 0.0256
vn 0.9865 -0.0404 -0.1585
vn 0.9860 -0.0652 -0.1534
vn 0.9864 -0.0153 -0.1639
vn 0.9997 0.0091 0.0225
vn 0.9457 -0.0086 -0.3249
vn 0.9465 -0.0310 -0.3211
vn 0.8886 -0.0010 -0.4587
vn 0.8890 -0.0222 -0.4573
vn 0.8214 0.0099 -0.5703
vn 0.8195 -0.0123 -0.5729
vn 0.9480 -0.0534 -0.3137
vn 0.8897 -0.0433 -0.4545
vn 0.8176 -0.0314 -0.5749
vn 0.9493 -0.0721 -0.3061
vn 0.9853 -0.0884 -0.1463
vn 0.9923 -0.1221 0.0226
vn 0.9938 -0.1085 0.0235
vn 0.9928 -0.1183 0.0192
vn 0.9729 -0.1460 0.1793
vn 0.9937 -0.1099 0.0235
vn 0.9760 -0.1300 0.1750
vn 0.9265 -0.1555 0.3426
vn 0.9222 -0.1747 0.3451
vn 0.8297 -0.2053 0.5191
vn 0.8377 -0.1812 0.5152
vn 0.9283 -0.1356 0.3463
vn 0.8393 -0.1606 0.5194
vn 0.8392 -0.1480 0.5233
vn 0.7074 -0.1772 0.6842
vn 0.7100 -0.1737 0.6824
vn 0.7047 -0.1870 0.6844
vn 0.5477 -0.2049 0.8112
vn 0.5409 -0.2132 0.8136
vn 0.5531 -0.2041 0.8077
vn 0.5558 -0.2131 0.8035
vn 0.3739 -0.2304 0.8984
vn 0.3806 -0.2303 0.8956
vn 0.3826 -0.2383 0.8926
vn 0.1660 -0.2802 0.9455
vn 0.1771 -0.2589 0.9495
vn 0.1761 -0.2534 0.9512
vn -0.0822 -0.2703 0.9593
vn -0.0778 -0.2711 0.9594
vn -0.0910 -0.2819 0.9551
vn 0.1692 -0.2544 0.9522
vn -0.0829 -0.2735 0.9583
vn 0.1583 -0.2602 0.9525
vn 0.3638 -0.2368 0.9009
vn -0.0917 -0.2790 0.9559
vn 0.3521 -0.2531 0.9011
vn 0.1444 -0.2725 0.9513
vn -0.1025 -0.2876 0.9522
vn 0.5317 -0.2320 0.8145
vn 0.6992 -0.2088 0.6837
vn 0.5227 -0.2540 0.8138
vn 0.6913 -0.2328 0.6841
vn 0.3413 -0.2706 0.9002
vn 0.1343 -0.2854 0.9490
vn 0.1271 -0.2872 0.9494
vn -0.1136 -0.2952 0.9487
vn -0.1219 -0.2918 0.9487
vn -0.3674 -0.2859 0.8850
vn -0.3573 -0.2945 0.8863
vn -0.5609 -0.2716 0.7820
vn -0.5524 -0.2855 0.7832
vn -0.7034 -0.2697 0.6576
vn -0.7102 -0.2522 0.6573
vn -0.8267 -0.2244 0.5160
vn -0.8224 -0.2482 0.5118
vn -0.9069 -0.2186 0.3602
vn -0.9097 -0.1915 0.3684
vn -0.9605 -0.1578 0.2292
vn -0.9568 -0.1889 0.2212
vn -0.9819 -0.1625 0.0976
vn -0.9872 -0.1260 0.0980
vn -0.9940 -0.1056 -0.0275
vn -0.9900 -0.1403 -0.0144
vn -0.9823 -0.1266 -0.1377
vn -0.9823 -0.0874 -0.1659
vn -0.9793 -0.0399 -0.1984
vn -0.9426 -0.0738 -0.3256
vn -0.9318 -0.0278 -0.3618
vn -0.9498 -0.1101 -0.2929
vn -0.9861 -0.1663 -0.0059
vn -0.9814 -0.1511 -0.1181
vn -0.9531 -0.1320 -0.2725
vn -0.8774 -0.0871 -0.4717
vn -0.8668 -0.0577 -0.4952
vn -0.8846 -0.1079 -0.4538
vn -0.9544 -0.1427 -0.2622
vn -0.8858 -0.1147 -0.4497
vn -0.9805 -0.1627 -0.1105
vn -0.9544 -0.1424 -0.2625
vn -0.8855 -0.1157 -0.4501
vn -0.9805 -0.1627 -0.1103
vn -0.9842 -0.1770 -0.0081
vn -0.9841 -0.1773 -0.0047
vn -0.9785 -0.1833 0.0940
vn -0.9771 -0.1932 0.0887
vn -0.9780 -0.1915 0.0824
vn -0.9859 -0.1666 -0.0143
vn -0.9814 -0.1533 -0.1156
vn -0.9806 -0.1808 0.0753
vn -0.9569 -0.2103 0.2004
vn -0.9550 -0.2134 0.2061
vn -0.9605 -0.1985 0.1949
vn -0.9668 -0.1729 0.1884
vn -0.9855 -0.1561 0.0669
vn -0.9894 -0.1433 -0.0240
vn -0.9916 -0.1167 0.0564
vn -0.9938 -0.1053 -0.0362
vn -0.9747 -0.1325 0.1799
vn -0.9826 -0.0811 0.1668
vn -0.9970 -0.0651 0.0427
vn -0.9971 -0.0553 -0.0524
vn -0.9868 -0.0477 -0.1546
vn -0.9859 -0.0945 -0.1381
vn -0.9835 -0.1306 -0.1249
vn -0.9549 -0.1145 -0.2741
vn -0.9550 -0.0825 -0.2849
vn -0.9541 -0.0447 -0.2962
vn -0.8843 -0.0466 -0.4646
vn -0.8849 -0.0750 -0.4598
vn -0.8839 -0.0957 -0.4579
vn -0.7769 -0.0617 -0.6266
vn -0.7689 -0.0709 -0.6354
vn -0.7656 -0.0803 -0.6382
vn -0.6437 -0.0850 -0.7605
vn -0.6298 -0.0775 -0.7729
vn -0.6165 -0.0684 -0.7843
vn -0.4507 -0.0634 -0.8904
vn -0.4659 -0.0877 -0.8805
vn -0.4898 -0.1142 -0.8643
vn -0.2690 -0.1404 -0.9529
vn -0.2464 -0.0946 -0.9645
vn -0.2292 -0.0590 -0.9716
vn 0.0795 -0.0484 -0.9957
vn 0.0744 -0.0908 -0.9931
vn 0.0642 -0.1376 -0.9884
vn -0.5142 -0.1402 -0.8462
vn -0.2966 -0.1823 -0.9374
vn 0.0473 -0.1966 -0.9793
vn 0.4131 -0.1480 -0.8986
vn 0.4091 -0.1058 -0.9063
vn 0.4021 -0.0635 -0.9134
vn 0.6411 -0.0523 -0.7656
vn 0.6257 -0.0344 -0.7793
vn 0.6556 -0.0806 -0.7508
vn 0.6654 -0.1098 -0.7383
vn 0.4134 -0.1926 -0.8900
vn 0.0315 -0.2353 -0.9714
vn 0.0144 -0.2646 -0.9643
vn 0.4132 -0.2176 -0.8843
vn 0.6754 -0.1371 -0.7246
vn 0.6788 -0.1523 -0.7184
vn 0.4128 -0.2324 -0.8807
vn 0.0063 -0.2688 -0.9632
vn -0.3242 -0.2168 -0.9208
vn -0.3463 -0.2298 -0.9095
vn -0.3658 -0.2330 -0.9010
vn 0.4131 -0.2257 -0.8823
vn 0.6811 -0.1540 -0.7158
vn 0.8269 -0.0858 -0.5557
vn 0.8272 -0.0753 -0.5569
vn 0.9093 -0.0160 -0.4159
vn 0.9112 -0.0258 -0.4111
vn 0.9065 -0.0337 -0.4209
vn 0.8197 -0.0582 -0.5698
vn 0.9043 0.0054 -0.4269
vn 0.8102 -0.0319 -0.5853
vn 0.8921 0.0322 -0.4506
vn 0.9558 0.0239 -0.2931
vn 0.9514 0.0438 -0.3049
vn 0.9424 0.0777 -0.3253
vn 0.8816 0.0488 -0.4695
vn 0.7957 -0.0100 -0.6056
vn 0.9336 0.0927 -0.3461
vn 0.8703 0.0433 -0.4906
vn 0.7819 -0.0030 -0.6234
vn 0.9708 0.0931 -0.2209
vn 0.9651 0.1173 -0.2340
vn 0.9772 0.0568 -0.2047
vn 0.9795 0.0223 -0.2003
vn 0.9770 0.0089 -0.2129
vn 0.9555 0.0071 -0.2951
vn 0.9727 -0.0117 -0.2319
vn 0.9507 0.0052 -0.3101
vn 0.9409 -0.0032 -0.3387
vn 0.9619 -0.0121 -0.2730
vn 0.8949 -0.0294 -0.4452
vn 0.9453 -0.0145 -0.3260
vn 0.9201 0.0107 -0.3914
vn 0.8905 0.0378 -0.4534
vn 0.9098 0.0035 -0.4149
vn 0.7598 -0.1572 -0.6309
vn 0.6282 -0.0805 -0.7739
vn 0.5856 -0.2179 -0.7808
vn 0.6107 -0.0190 -0.7917
vn 0.3925 -0.0352 -0.9191
vn 0.5963 -0.0110 -0.8027
vn 0.3820 -0.0149 -0.9240
vn 0.0789 -0.0237 -0.9966
vn -0.2221 -0.0339 -0.9744
vn 0.0756 -0.0091 -0.9971
vn -0.2201 -0.0204 -0.9753
vn -0.4398 -0.0364 -0.8974
vn -0.4409 -0.0461 -0.8964
vn -0.4408 -0.0292 -0.8971
vn -0.6116 -0.0570 -0.7891
vn -0.6124 -0.0624 -0.7881
vn -0.6144 -0.0527 -0.7873
vn -0.4421 -0.0228 -0.8967
vn -0.6170 -0.0466 -0.7856
vn -0.4394 -0.0128 -0.8982
vn -0.6140 -0.0344 -0.7885
vn -0.7662 -0.0754 -0.6381
vn -0.7623 -0.0623 -0.6442
vn -0.7515 -0.0350 -0.6588
vn -0.9175 0.0196 -0.3974
vn -0.9723 0.0125 -0.2335
vn -0.9020 0.0604 -0.4275
vn -0.7665 -0.0832 -0.6368
vn -0.7645 -0.0849 -0.6390
vn -0.7629 -0.0838 -0.6410
vn -0.8847 -0.1102 -0.4530
vn -0.9545 -0.1342 -0.2665
vn -0.5764 -0.1579 -0.8018
vn -0.5612 -0.1615 -0.8118
vn -0.6929 -0.0878 -0.7157
vn -0.7050 -0.0800 -0.7047
vn -0.7976 -0.0102 -0.6032
vn -0.7944 -0.0201 -0.6070
vn -0.8793 0.0329 -0.4752
vn -0.8754 0.0547 -0.4803
vn -0.9302 0.1070 -0.3512
vn -0.9385 0.0783 -0.3364
vn -0.9210 0.1298 -0.3673
vn -0.9125 0.1254 -0.3894
vn -0.9613 0.1461 -0.2335
vn -0.9517 0.1640 -0.2594
vn -0.9437 0.1693 -0.2841
vn -0.9346 0.1470 -0.3238
vn -0.8963 0.1298 -0.4240
vn -0.8699 0.1207 -0.4782
vn -0.9098 0.1494 -0.3872
vn -0.9690 0.1782 -0.1711
vn -0.9773 0.1546 -0.1445
vn -0.9870 0.1506 -0.0558
vn -0.9713 0.1058 -0.2130
vn -0.9861 0.1182 -0.1170
vn -0.9936 0.1093 -0.0266
vn -0.9452 0.0405 -0.3239
vn -0.9792 0.0598 -0.1940
vn -0.9936 0.0635 -0.0938
vn -0.8814 0.0106 -0.4723
vn -0.8840 -0.0183 -0.4672
vn -0.9505 0.0001 -0.3108
vn -0.9848 0.0051 -0.1734
vn -0.7894 -0.0346 -0.6129
vn -0.7824 -0.0466 -0.6210
vn -0.6779 -0.0911 -0.7295
vn -0.6622 -0.0906 -0.7439
vn -0.5386 -0.1553 -0.8281
vn -0.9974 0.0037 -0.0717
vn -0.9997 -0.0044 0.0243
vn -0.9983 0.0585 0.0016
vn -0.9918 0.0357 0.1224
vn -0.9918 0.0867 0.0938
vn -0.9886 -0.0211 0.1492
vn -0.9613 -0.0053 0.2753
vn -0.9709 0.0300 0.2377
vn -0.9523 -0.0545 0.3004
vn -0.9410 -0.1057 0.3214
vn -0.8930 -0.0738 0.4439
vn -0.8740 -0.1041 0.4747
vn -0.8587 -0.1426 0.4922
vn -0.9305 -0.1541 0.3324
vn -0.8432 -0.1807 0.5064
vn -0.7171 -0.2106 0.6644
vn -0.7329 -0.1864 0.6543
vn -0.7568 -0.1685 0.6316
vn -0.5777 -0.2331 0.7823
vn -0.5987 -0.2405 0.7640
vn -0.5555 -0.2397 0.7962
vn -0.3702 -0.2801 0.8857
vn -0.4003 -0.3113 0.8619
vn -0.3535 -0.2652 0.8971
vn -0.6311 -0.2569 0.7319
vn -0.4276 -0.3604 0.8290
vn -0.7785 -0.1614 0.6065
vn -0.6613 -0.2776 0.6969
vn -0.8076 -0.1572 0.5683
vn -0.9091 -0.0532 0.4132
vn -0.5436 -0.2545 0.7998
vn -0.7021 -0.2367 0.6716
vn -0.3379 -0.2676 0.9023
vn -0.3338 -0.2749 0.9017
vn -0.5351 -0.2687 0.8009
vn -0.5351 -0.2770 0.7981
vn -0.3344 -0.2805 0.8997
vn -0.5389 -0.2827 0.7935
vn -0.3405 -0.2855 0.8958
vn -0.5450 -0.2866 0.7880
vn -0.3488 -0.2918 0.8906
vn -0.6950 -0.2731 0.6651
vn -0.6989 -0.2755 0.6601
vn -0.8207 -0.2565 0.5105
vn -0.8196 -0.2582 0.5114
vn -0.8206 -0.2521 0.5130
vn -0.6929 -0.2676 0.6696
vn -0.9089 -0.2319 0.3467
vn -0.9069 -0.2358 0.3492
vn -0.9062 -0.2325 0.3532
vn -0.9549 -0.2067 0.2134
vn -0.9132 -0.2189 0.3438
vn -0.8233 -0.2401 0.5143
vn -0.9203 -0.1933 0.3400
vn -0.8318 -0.2158 0.5114
vn -0.6954 -0.2568 0.6712
vn 0.6277 0.0689 -0.7754
vn 0.6282 0.1179 -0.7691
vn 0.4535 0.1518 -0.8783
vn 0.6190 0.1732 -0.7660
vn 0.4493 0.2182 -0.8664
vn 0.6001 0.2283 -0.7667
vn 0.4407 0.2705 -0.8559
vn 0.1679 0.1905 -0.9672
vn 0.1778 0.2584 -0.9495
vn 0.1862 0.3175 -0.9298
vn 0.1921 0.3475 -0.9178
vn -0.0509 0.3732 -0.9264
vn 0.4304 0.3095 -0.8479
vn 0.1934 0.3411 -0.9199
vn 0.4226 0.3075 -0.8525
vn -0.0348 0.3547 -0.9343
vn 0.5778 0.2628 -0.7727
vn 0.5825 0.2629 -0.7691
vn 0.6686 0.2228 -0.7094
vn -0.6761 0.1821 -0.7139
vn -0.6111 0.2773 -0.7414
vn 0.8977 -0.2711 0.3475
vn 0.9516 -0.2285 0.2056
vn 0.8580 -0.3512 0.3748
vn 0.9515 -0.2292 0.2053
vn 0.8177 -0.3874 0.4259
vn 0.8132 -0.3985 0.4241
vn 0.6835 -0.5200 0.5123
vn 0.4682 -0.5828 0.6642
vn 0.5996 -0.5855 0.5456
vn 0.5460 -0.6136 0.5704
vn 0.4339 -0.6555 0.6181
vn 0.5536 -0.5978 0.5798
vn 0.3143 -0.6836 0.6588
vn 0.3086 -0.6917 0.6529
vn 0.3540 -0.6837 0.6382
vn 0.1273 -0.6994 0.7033
vn 0.0969 -0.6961 0.7113
vn 0.0824 -0.6999 0.7095
vn 0.0654 -0.7041 0.7070
vn 0.0168 -0.7015 0.7124
vn -0.0958 -0.6750 0.7315
vn -0.2083 -0.6418 0.7380
vn -0.0350 -0.6969 0.7163
vn -0.2631 -0.6124 0.7455
vn -0.3883 -0.5615 0.7307
vn -0.3482 -0.5840 0.7333
vn -0.3107 -0.5611 0.7672
vn -0.4223 -0.5140 0.7466
vn -0.2926 -0.5917 0.7512
vn -0.5067 -0.4531 0.7335
vn -0.6138 -0.4149 0.6716
vn -0.6062 -0.4400 0.6625
vn -0.5415 -0.4356 0.7191
vn -0.5471 -0.4092 0.7303
vn -0.6193 -0.3646 0.6954
vn -0.7443 -0.2923 0.6004
vn -0.7522 -0.3215 0.5752
vn -0.7547 -0.3429 0.5593
vn -0.8372 -0.2258 0.4982
vn -0.8477 -0.2498 0.4680
vn -0.8569 -0.2558 0.4475
vn -0.7596 -0.3365 0.5566
vn -0.5883 -0.4617 0.6638
vn -0.8663 -0.2464 0.4346
vn -0.9257 -0.1893 0.3274
vn -0.9372 -0.1653 0.3070
vn -0.9144 -0.1860 0.3594
vn -0.9581 -0.1378 0.2512
vn -0.9663 -0.1431 0.2141
vn -0.9794 -0.1236 0.1597
vn -0.9955 -0.0951 -0.0006
vn -0.9916 -0.1176 0.0543
vn -0.9876 -0.1141 0.1078
vn -0.9951 -0.0973 0.0171
vn -0.9945 -0.1004 -0.0312
vn -0.9919 -0.0976 -0.0814
vn -0.9820 -0.1063 0.1559
vn -0.9947 -0.0804 0.0647
vn -0.9762 -0.0857 0.1991
vn -0.9919 -0.0588 0.1129
vn -0.9489 -0.1203 0.2917
vn -0.9948 -0.0758 -0.0686
vn -0.9980 -0.0592 -0.0221
vn -0.9991 -0.0332 0.0268
vn -0.9868 -0.0342 0.1582
vn -0.9972 -0.0066 0.0746
vn -0.9680 -0.0633 0.2429
vn -0.9928 0.0206 0.1177
vn -0.9796 -0.0104 0.2007
vn -0.9584 -0.0391 0.2828
vn -0.9705 0.0166 0.2404
vn -0.9865 0.0453 0.1573
vn -0.9464 -0.0126 0.3227
vn -0.9780 0.0727 0.1957
vn -0.9589 0.0452 0.2802
vn -0.9314 0.0217 0.3634
vn -0.9260 -0.0738 0.3702
vn -0.9115 -0.0439 0.4089
vn -0.8937 -0.0066 0.4486
vn -0.9134 0.0615 0.4025
vn -0.9435 0.0820 0.3211
vn -0.8720 0.0397 0.4879
vn -0.8377 -0.0416 0.5446
vn -0.8590 -0.0854 0.5048
vn -0.8368 -0.0101 0.5474
vn -0.8561 0.0091 0.5167
vn -0.8305 0.0596 0.5538
vn -0.8677 0.0658 0.4926
vn -0.8875 0.0693 0.4555
vn -0.9061 0.0856 0.4143
vn -0.9180 0.0971 0.3844
vn -0.9361 0.1026 0.3363
vn -0.9491 0.1070 0.2964
vn -0.9592 0.1240 0.2541
vn -0.9667 0.1039 0.2341
vn -0.9673 0.1410 0.2108
vn -0.9746 0.1466 0.1696
vn -0.9805 0.1308 0.1467
vn -0.9809 0.1529 0.1204
vn -0.9872 0.1321 0.0888
vn -0.9892 0.1369 0.0521
vn -0.9911 0.1302 0.0276
vn -0.9887 0.1020 0.1094
vn -0.9886 0.1504 0.0011
vn -0.9901 0.1391 -0.0211
vn -0.9884 0.1434 -0.0493
vn -0.9874 0.1371 -0.0793
vn -0.9941 0.1086 -0.0063
vn -0.9822 0.1601 -0.0982
vn -0.9818 0.1461 -0.1216
vn -0.9957 0.0823 -0.0435
vn -0.9872 0.1099 -0.1159
vn -0.9785 0.1457 -0.1461
vn -0.9743 0.1355 -0.1800
vn -0.9686 0.1602 -0.1902
vn -0.9660 0.1420 -0.2163
vn -0.9607 0.1041 -0.2574
vn -0.9700 0.0998 -0.2214
vn -0.9581 0.0890 -0.2721
vn -0.9559 0.0913 -0.2791
vn -0.9474 0.0704 -0.3123
vn -0.9617 0.0579 -0.2679
vn -0.9779 0.0383 -0.2056
vn -0.9844 0.0770 -0.1582
vn -0.9907 0.0168 -0.1349
vn -0.9949 0.0510 -0.0867
vn -0.9984 -0.0087 -0.0567
vn -0.9997 0.0236 -0.0084
vn -0.9981 0.0512 0.0349
vn -0.9942 0.0777 0.0740
vn -0.9831 -0.0163 -0.1822
vn -0.9938 -0.0364 -0.1051
vn -0.9870 -0.0575 -0.1500
vn -0.9735 -0.0384 -0.2254
vn -0.9677 0.0033 -0.2519
vn -0.9557 -0.0237 -0.2934
vn -0.9625 -0.0532 -0.2661
vn -0.9789 -0.0674 -0.1927
vn -0.9409 -0.0400 -0.3362
vn -0.9343 -0.0115 -0.3562
vn -0.9165 -0.0332 -0.3987
vn -0.9496 0.0182 -0.3130
vn -0.9341 0.0261 -0.3561
vn -0.9173 -0.0107 -0.3980
vn -0.8944 -0.0385 -0.4456
vn -0.8905 -0.0447 -0.4529
vn -0.8635 -0.0603 -0.5007
vn -0.9241 -0.0477 -0.3791
vn -0.8564 -0.0969 -0.5072
vn -0.8899 -0.0635 -0.4518
vn -0.9132 -0.0214 -0.4069
vn -0.9131 -0.0347 -0.4063
vn -0.9086 -0.0585 -0.4135
vn -0.9040 -0.0936 -0.4171
vn -0.8733 -0.1456 -0.4648
vn -0.9238 -0.0068 -0.3827
vn -0.9211 0.0033 -0.3893
vn -0.9271 0.0226 -0.3742
vn -0.9356 0.0480 -0.3499
vn -0.9402 0.0682 -0.3337
vn -0.9269 -0.0860 -0.3653
vn -0.9116 -0.1170 -0.3941
vn -0.9008 -0.1366 -0.4121
vn -0.8846 -0.1763 -0.4317
vn -0.8462 -0.2403 -0.4757
vn -0.8289 -0.2028 -0.5213
vn -0.8715 -0.2052 -0.4454
vn -0.8202 -0.2726 -0.5030
vn -0.7937 -0.3116 -0.5225
vn -0.7627 -0.2635 -0.5906
vn -0.7656 -0.3491 -0.5404
vn -0.7242 -0.3906 -0.5683
vn -0.6769 -0.3412 -0.6522
vn -0.7258 -0.1667 -0.6674
vn -0.8052 -0.1332 -0.5778
vn -0.6090 -0.2157 -0.7633
vn -0.7382 -0.0884 -0.6688
vn -0.8134 -0.0739 -0.5770
vn -0.6236 -0.1150 -0.7733
vn -0.8549 -0.0481 -0.5166
vn -0.7943 -0.0561 -0.6050
vn -0.8978 -0.0476 -0.4379
vn -0.8585 -0.0501 -0.5104
vn -0.7044 -0.0650 -0.7068
vn -0.7910 -0.0609 -0.6087
vn -0.9025 -0.0494 -0.4279
vn -0.8516 -0.0527 -0.5216
vn -0.9320 -0.0537 -0.3584
vn -0.5584 -0.1071 -0.8227
vn -0.6803 -0.0850 -0.7280
vn -0.7608 -0.0731 -0.6449
vn -0.4520 -0.1606 -0.8775
vn -0.4630 -0.3005 -0.8339
vn -0.5759 -0.4492 -0.6831
vn -0.4541 -0.5620 -0.6914
vn -0.2564 -0.5461 -0.7975
vn -0.0732 -0.5314 -0.8440
vn -0.3871 -0.6649 -0.6388
vn -0.4879 -0.6315 -0.6027
vn -0.6426 -0.5578 -0.5253
vn -0.6578 -0.5097 -0.5545
vn 0.0174 -0.5212 -0.8532
vn -0.0058 -0.5699 -0.8217
vn -0.0145 -0.5878 -0.8089
vn -0.6767 -0.4331 -0.5954
vn -0.9570 -0.0603 -0.2838
vn -0.9755 -0.0728 -0.2075
vn -0.9841 -0.0815 -0.1581
vn -0.9697 -0.0696 -0.2343
vn -0.9495 -0.0550 -0.3090
vn -0.9897 -0.0865 -0.1137
vn -0.9885 -0.0701 -0.1339
vn -0.8099 -0.0774 0.5815
vn -0.7885 -0.0327 0.6141
vn -0.7853 -0.1298 0.6054
vn -0.7902 -0.1006 0.6045
vn -0.7480 -0.1615 0.6438
vn -0.7302 -0.1291 0.6709
vn -0.8053 -0.1667 0.5689
vn -0.7157 -0.2149 0.6645
vn -0.7284 -0.1844 0.6598
vn -0.6681 -0.2453 0.7025
vn -0.6540 -0.2162 0.7249
vn -0.7320 -0.2526 0.6328
vn -0.6184 -0.3126 0.7210
vn -0.6473 -0.2713 0.7123
vn -0.5538 -0.3476 0.7566
vn -0.5520 -0.3117 0.7734
vn -0.8229 -0.1972 0.5329
vn -0.9044 -0.1685 0.3920
vn -0.8915 -0.1439 0.4296
vn -0.8763 -0.1166 0.4675
vn -0.9386 -0.0978 0.3309
vn 0.1634 0.0143 -0.9865
vn 0.1445 -0.1734 -0.9742
vn -0.0867 -0.0079 -0.9962
vn -0.2718 -0.0005 -0.9623
vn -0.4568 0.0088 -0.8895
vn -0.8218 0.3397 0.4575
vn -0.1904 -0.4252 -0.8848
vn -0.1841 -0.3633 -0.9133
vn -0.3828 -0.2731 -0.8826
vn 0.0228 -0.4649 -0.8851
vn 0.0320 -0.4027 -0.9148
vn -0.1591 -0.3478 -0.9240
vn 0.0416 -0.3802 -0.9240
vn -0.3254 -0.3028 -0.8958
vn 0.0460 -0.3818 -0.9231
vn -0.1347 -0.3777 -0.9161
vn -0.2986 -0.3573 -0.8850
vn -0.4532 -0.3355 -0.8259
vn -0.6194 -0.3072 -0.7225
vn -0.4171 -0.4283 -0.8016
vn -0.2692 -0.4319 -0.8608
vn -0.3798 -0.5160 -0.7678
vn -0.1256 -0.4290 -0.8945
vn 0.0491 -0.4206 -0.9059
vn 0.2645 -0.3971 -0.8789
vn 0.2738 -0.3681 -0.8886
vn 0.2788 -0.3667 -0.8876
vn 0.4885 -0.3258 -0.8095
vn 0.4692 -0.3622 -0.8054
vn 0.5005 -0.3263 -0.8019
vn 0.2795 -0.4011 -0.8724
vn 0.5106 -0.3514 -0.7847
vn 0.6643 -0.2540 -0.7030
vn 0.6840 -0.2742 -0.6760
vn 0.8138 -0.1694 -0.5559
vn 0.7789 -0.1833 -0.5997
vn 0.6389 -0.2787 -0.7170
vn 0.7556 -0.2263 -0.6146
vn 0.8861 -0.1055 -0.4514
vn 0.9130 -0.0781 -0.4004
vn 0.8474 -0.1804 -0.4993
vn 0.6178 -0.3245 -0.7162
vn 0.7256 -0.2921 -0.6231
vn -0.3522 -0.5839 -0.7315
vn 0.5777 -0.0896 -0.8113
vn 0.8862 -0.0167 -0.4630
vn 0.7872 -0.1409 -0.6004
vn 0.9643 -0.1177 -0.2371
vn 0.9517 -0.2518 -0.1759
vn 0.9738 -0.2162 -0.0711
vn 0.9542 -0.2962 0.0428
vn -0.9423 0.1968 -0.2708
vn -0.9106 0.3845 -0.1517
vn -0.9086 0.3959 -0.1333
vn -0.9447 0.2237 -0.2399
vn -0.8523 0.5216 -0.0400
vn -0.8524 0.5201 -0.0544
vn -0.9047 0.4095 -0.1174
vn -0.8495 0.5266 -0.0331
vn -0.9429 0.2485 -0.2220
vn -0.7870 0.6161 0.0329
vn -0.7906 0.6111 0.0387
vn -0.7863 0.6173 0.0265
vn -0.8961 0.4292 -0.1131
vn -0.8453 0.5336 -0.0274
vn -0.7913 0.6097 0.0466
vn -0.7346 0.6670 0.1243
vn -0.7121 0.6935 0.1097
vn -0.7057 0.7008 0.1047
vn -0.7555 0.6340 0.1651
vn -0.7275 0.5983 0.3358
vn -0.7934 0.6056 0.0610
vn -0.6899 0.6106 0.3888
vn -0.7492 0.6284 0.2091
vn -0.7889 0.6079 0.0897
vn -0.8366 0.5475 -0.0195
vn -0.8286 0.5598 -0.0022
vn -0.7751 0.6189 0.1272
vn -0.7284 0.6368 0.2528
vn -0.8218 0.5691 0.0257
vn -0.8809 0.4641 -0.0931
vn -0.8865 0.4503 -0.1066
vn -0.8762 0.4767 -0.0711
vn -0.7618 0.6257 0.1678
vn -0.8126 0.5794 0.0631
vn -0.8798 0.4741 -0.0351
vn -0.9301 0.3164 -0.1864
vn -0.9336 0.3195 -0.1624
vn -0.9400 0.3168 -0.1266
vn -0.8837 0.4679 0.0135
vn -0.8126 0.5718 0.1125
vn -0.9527 0.2959 -0.0697
vn -0.9725 0.1256 -0.1961
vn -0.9853 0.1094 -0.1312
vn -0.9618 0.1337 -0.2388
vn -0.9687 -0.0540 -0.2423
vn -0.9836 -0.0622 -0.1694
vn -0.9541 -0.0555 -0.2943
vn -0.9546 0.1273 -0.2694
vn -0.9416 -0.0627 -0.3309
vn -0.9396 -0.2051 -0.2740
vn -0.9199 -0.2149 -0.3280
vn -0.8999 -0.2291 -0.3710
vn -0.9503 0.1142 -0.2897
vn -0.9294 -0.0810 -0.3602
vn -0.8814 -0.2443 -0.4044
vn -0.8622 -0.2658 -0.4313
vn -0.9182 -0.1036 -0.3824
vn -0.9480 0.0865 -0.3063
vn -0.9328 0.2988 -0.2016
vn -0.9379 0.2773 -0.2086
vn -0.9449 0.0570 -0.3223
vn -0.8075 -0.4062 -0.4278
vn -0.6817 -0.5936 -0.4276
vn -0.8304 -0.3929 -0.3950
vn -0.7071 -0.5839 -0.3989
vn -0.7488 -0.5517 -0.3672
vn -0.8581 -0.3713 -0.3546
vn -0.8025 -0.4979 -0.3287
vn -0.8914 -0.3432 -0.2959
vn -0.8702 -0.4271 -0.2456
vn -0.9241 -0.3127 -0.2197
vn -0.9616 -0.1967 -0.1913
vn -0.9784 -0.1932 -0.0729
vn -0.9955 -0.0768 -0.0548
vn -0.9556 -0.2811 -0.0884
vn -0.9761 -0.1907 0.1045
vn -0.9896 -0.0944 0.1086
vn -0.9602 -0.2642 0.0909
vn -0.9253 -0.1908 0.3276
vn -0.9109 -0.2516 0.3270
vn -0.9403 -0.1015 0.3249
vn -0.8941 -0.3113 0.3220
vn -0.9436 -0.3219 0.0771
vn -0.9221 -0.3674 -0.1215
vn -0.7783 -0.3044 0.5492
vn -0.7988 -0.2476 0.5482
vn -0.8190 -0.1829 0.5439
vn -0.6817 -0.1705 0.7115
vn -0.6541 -0.2390 0.7176
vn -0.6264 -0.3026 0.7184
vn -0.8400 -0.0964 0.5339
vn -0.7132 -0.0767 0.6968
vn -0.7472 0.0586 0.6620
vn -0.8591 0.0386 0.5104
vn -0.9475 0.0333 0.3181
vn -0.7714 0.2294 0.5936
vn -0.8630 0.2046 0.4618
vn -0.9294 0.2092 0.3042
vn -0.9918 0.0490 0.1178
vn -0.9640 0.2232 0.1445
vn -0.8966 0.3311 0.2941
vn -0.8510 0.3696 0.3732
vn -0.9010 0.3854 0.1994
vn -0.9964 0.0793 -0.0309
vn -0.9644 0.2641 0.0142
vn -0.8966 0.4332 0.0921
vn -0.8153 0.5489 0.1841
vn -0.8331 0.4792 0.2761
vn -0.7474 0.6015 0.2820
vn -0.7573 0.5375 0.3710
vn -0.7442 0.6311 0.2189
vn -0.7753 0.4034 0.4860
vn -0.6740 0.4339 0.5978
vn -0.6700 0.5605 0.4868
vn -0.6534 0.6362 0.4102
vn -0.6572 0.2724 0.7027
vn -0.5873 0.4547 0.6696
vn -0.5358 0.5437 0.6460
vn -0.5111 0.3497 0.7852
vn -0.4127 0.1919 0.8904
vn -0.6069 0.1036 0.7880
vn -0.1812 0.3090 0.9336
vn -0.3683 0.4649 0.8051
vn -0.5100 0.6329 0.5826
vn -0.2679 0.5638 0.7812
vn -0.0180 0.4142 0.9100
vn -0.3238 0.0324 0.9456
vn -0.0450 0.1387 0.9893
vn 0.1808 0.2307 0.9561
vn -0.2528 -0.0905 0.9633
vn 0.0550 -0.0096 0.9984
vn 0.3247 0.0701 0.9432
vn -0.1928 -0.1843 0.9638
vn 0.1486 -0.1189 0.9817
vn 0.4209 -0.0528 0.9055
vn 0.5959 -0.0076 0.8030
vn 0.4862 0.1223 0.8653
vn 0.3248 0.2870 0.9012
vn 0.5668 0.1452 0.8109
vn 0.3677 0.3095 0.8770
vn 0.6731 0.0090 0.7395
vn 0.0610 0.4964 0.8660
vn 0.0566 0.4749 0.8782
vn -0.3056 0.6254 0.7180
vn -0.2556 0.6209 0.7411
vn -0.0541 0.4791 0.8761
vn -0.4030 0.6028 0.6886
vn 0.3303 0.2962 0.8962
vn -0.2934 0.4205 0.8586
vn -0.5521 0.5351 0.6394
vn 0.0458 0.2363 0.9706
vn 0.3308 0.0676 0.9413
vn 0.5614 0.1371 0.8161
vn -0.5455 -0.1128 0.8305
vn -0.6496 0.1145 0.7516
vn -0.6974 0.3011 0.6504
vn 0.6759 0.0053 0.7370
vn 0.4988 -0.0839 0.8627
vn -0.4038 -0.3309 0.8529
vn -0.9676 -0.1951 0.1606
vn -0.9408 -0.3178 0.1179
vn -0.9734 -0.0338 0.2268
vn -0.8519 -0.4811 0.2067
vn -0.2251 -0.5146 0.8274
vn 0.5758 -0.2480 0.7791
vn -0.9522 -0.2816 -0.1181
vn -0.9799 -0.1819 -0.0820
vn -0.9030 -0.4137 -0.1158
vn -0.6640 -0.6947 0.2767
vn -0.7838 -0.6191 -0.0480
vn -0.0199 -0.7423 0.6698
vn 0.0887 -0.8978 0.4315
vn -0.5220 -0.8530 0.0033
vn -0.8903 -0.4145 -0.1885
vn -0.7529 -0.6308 -0.1879
vn -0.4873 -0.8541 -0.1816
vn -0.4523 -0.8382 -0.3048
vn -0.7515 -0.6037 -0.2661
vn -0.8852 -0.4127 -0.2149
vn -0.9464 -0.2733 -0.1720
vn -0.9501 -0.2618 -0.1696
vn -0.9029 -0.3815 -0.1982
vn -0.7970 -0.5486 -0.2527
vn -0.9584 -0.2486 -0.1403
vn -0.8671 -0.4556 -0.2014
vn -0.9328 -0.3406 -0.1178
vn -0.9700 -0.2319 -0.0731
vn -0.9878 -0.1266 -0.0910
vn -0.9829 -0.1412 -0.1180
vn -0.9929 -0.1162 -0.0240
vn -0.9881 -0.1112 0.1065
vn -0.9748 -0.2116 0.0709
vn -0.9543 -0.2979 0.0226
vn -0.9873 0.0349 0.1551
vn -0.9987 0.0355 0.0353
vn -0.9994 0.0293 -0.0162
vn -0.9993 0.0079 -0.0353
vn -0.9993 -0.0173 -0.0346
vn -0.9801 -0.1596 -0.1182
vn -0.9744 0.1666 0.1508
vn -0.9988 -0.0458 0.0167
vn -0.9093 0.2101 0.3592
vn -0.8050 0.4670 0.3659
vn -0.7062 0.4956 0.5057
vn -0.6260 0.6359 0.4514
vn -0.5655 0.6653 0.4874
vn -0.6922 0.6551 0.3029
vn -0.6692 0.6575 0.3462
vn -0.5138 0.6695 0.5364
vn -0.9375 0.0293 0.3467
vn -0.9423 -0.0999 0.3195
vn -0.7759 0.2021 0.5977
vn -0.8059 0.0329 0.5911
vn -0.8110 -0.0815 0.5793
vn -0.6998 0.4012 0.5910
vn -0.6097 0.1959 0.7681
vn -0.5776 0.3802 0.7223
vn -0.6175 0.0398 0.7856
vn -0.4456 0.1974 0.8732
vn -0.4339 0.0465 0.8998
vn -0.4446 0.3831 0.8097
vn -0.4240 0.5648 0.7080
vn -0.5408 0.5489 0.6374
vn -0.6223 0.5286 0.5773
vn -0.2922 0.4036 0.8670
vn -0.2617 0.2166 0.9405
vn -0.2245 0.0577 0.9728
vn 0.1160 -0.0247 0.9929
vn -0.1969 -0.0446 0.9794
vn -0.4162 -0.0511 0.9078
vn -0.6124 -0.0581 0.7884
vn -0.6057 -0.1259 0.7857
vn -0.3996 -0.1109 0.9100
vn -0.1672 -0.1115 0.9796
vn -0.3817 -0.1630 0.9098
vn -0.1409 -0.1603 0.9770
vn -0.5976 -0.1751 0.7824
vn -0.8060 -0.2147 0.5517
vn -0.8091 -0.1542 0.5671
vn -0.8013 -0.2581 0.5398
vn -0.5864 -0.2226 0.7788
vn -0.3644 -0.2055 0.9083
vn -0.3495 -0.2505 0.9029
vn -0.5726 -0.2657 0.7756
vn -0.7882 -0.2998 0.5374
vn -0.1039 -0.2409 0.9650
vn -0.1204 -0.2027 0.9718
vn 0.1822 -0.1538 0.9712
vn 0.2078 -0.1926 0.9590
vn 0.2134 -0.2226 0.9513
vn 0.1506 -0.1002 0.9835
vn 0.5551 -0.1732 0.8135
vn 0.8231 -0.2213 0.5230
vn 0.5803 -0.1941 0.7909
vn 0.9324 -0.2840 0.2235
vn 0.5606 -0.2790 0.7797
vn 0.8232 -0.3123 0.4742
vn 0.8571 -0.4989 0.1281
vn 0.7048 -0.5543 0.4428
vn 0.7261 -0.6854 0.0543
vn 0.4829 -0.4678 0.7402
vn 0.4858 -0.7878 0.3787
vn 0.5039 -0.8609 0.0697
vn 0.3122 -0.7072 0.6344
vn 0.1635 -0.4413 0.8823
vn 0.2069 -0.2871 0.9353
vn 0.0770 -0.6526 0.7537
vn -0.1052 -0.4515 0.8861
vn -0.1047 -0.6385 0.7625
vn -0.1045 -0.3066 0.9461
vn -0.3028 -0.4644 0.8322
vn -0.3293 -0.3280 0.8854
vn -0.5435 -0.3401 0.7674
vn -0.4814 -0.4924 0.7252
vn -0.6699 -0.5317 0.5182
vn -0.7574 -0.3748 0.5346
vn -0.3889 -0.6799 0.6217
vn -0.2524 -0.6550 0.7123
vn -0.5035 -0.7278 0.4656
vn -0.8766 -0.4314 0.2133
vn -0.7720 -0.5949 0.2241
vn -0.5768 -0.7829 0.2331
vn -0.7213 -0.6897 -0.0629
vn -0.5294 -0.8484 -0.0057
vn -0.8525 -0.5144 -0.0929
vn -0.9011 -0.4281 -0.0691
vn -0.9144 -0.3455 0.2111
vn -0.7956 -0.5288 -0.2957
vn -0.6540 -0.6887 -0.3131
vn -0.5070 -0.8058 -0.3059
vn -0.9223 -0.3083 0.2331
vn -0.9339 -0.3567 -0.0250
vn -0.5001 -0.7854 -0.3648
vn -0.2629 -0.8547 -0.4476
vn -0.1378 -0.9573 -0.2542
vn -0.0922 -0.9371 -0.3366
vn -0.0068 -0.9018 -0.4321
vn -0.2128 -0.8828 -0.4188
vn 0.0444 -0.9018 -0.4298
vn -0.1350 -0.9363 -0.3241
vn -0.3651 -0.9083 -0.2043
vn 0.0316 -0.9329 -0.3588
vn -0.3122 -0.9477 0.0658
vn -0.2101 -0.9710 -0.1141
vn -0.1098 -0.9687 -0.2225
vn -0.3716 -0.8898 0.2648
vn -0.0949 -0.9945 -0.0445
vn -0.1720 -0.9768 0.1277
vn -0.2306 -0.9264 0.2978
vn -0.3714 -0.8394 0.3968
vn -0.2919 -0.8375 0.4620
vn -0.1912 -0.8234 0.5343
vn -0.1305 -0.9271 0.3512
vn -0.0662 -0.9821 0.1765
vn -0.0247 -0.9106 0.4126
vn -0.0800 -0.8024 0.5913
vn 0.0181 -0.7877 0.6159
vn 0.1113 -0.8497 0.5154
vn 0.2162 -0.9312 0.2935
vn 0.0443 -0.9733 0.2252
vn 0.1115 -0.9932 0.0325
vn 0.2676 -0.9622 0.0505
vn 0.0027 -1.0000 -0.0019
vn 0.2689 -0.9574 -0.1055
vn 0.1908 -0.9696 -0.1535
vn 0.0879 -0.9769 -0.1946
vn -0.0222 -0.9759 -0.2170
vn 0.1592 -0.9244 -0.3466
vn 0.1978 -0.8909 -0.4088
vn 0.3414 -0.8645 -0.3688
vn 0.2794 -0.9121 -0.2999
vn 0.3921 -0.9018 -0.1820
vn 0.5585 -0.7984 -0.2249
vn 0.6419 -0.7327 -0.2261
vn 0.4065 -0.8479 -0.3404
vn 0.7777 -0.6280 -0.0269
vn 0.3930 -0.8927 -0.2205
vn 0.6751 -0.7375 0.0161
vn 0.3345 -0.9344 -0.1225
vn 0.1465 -0.9452 -0.2918
vn 0.0918 -0.9765 -0.1951
vn 0.1835 -0.9091 -0.3739
vn 0.0395 -0.9913 -0.1253
vn -0.1846 -0.9690 -0.1644
vn 0.2555 -0.9664 -0.0267
vn 0.0107 -0.9962 -0.0860
vn 0.1139 -0.9930 0.0312
vn -0.1849 -0.9800 -0.0730
vn -0.0230 -0.9986 -0.0469
vn -0.1098 -0.9929 -0.0447
vn -0.0889 -0.9960 -0.0038
vn -0.0234 -0.9992 -0.0339
vn -0.0396 -0.9992 -0.0046
vn -0.0533 -0.9985 0.0124
vn -0.0664 -0.9974 0.0265
vn -0.0563 -0.9979 0.0306
vn -0.0384 -0.9987 0.0346
vn -0.0243 -0.9997 -0.0008
vn -0.0024 -1.0000 -0.0015
vn -0.0093 -0.9999 -0.0038
vn -0.0061 -0.9994 0.0338
vn -0.0319 -0.9986 0.0411
vn 0.0051 -0.9996 -0.0283
vn -0.0358 -0.9990 -0.0279
vn 0.0234 -0.9997 0.0037
vn -0.0736 -0.9905 0.1162
vn 0.0101 -0.9980 -0.0617
vn 0.0279 -0.9988 -0.0395
vn 0.0070 -0.9974 -0.0714
vn -0.0040 -0.9970 -0.0770
vn 0.0399 -0.9985 -0.0375
vn -0.0072 -0.9972 -0.0747
vn -0.0015 -0.9988 -0.0496
vn 0.0781 -0.9968 -0.0158
vn -0.0096 -0.9978 -0.0662
vn 0.1861 -0.9816 0.0425
vn 0.1626 -0.9533 0.2546
vn 0.0336 -0.9993 0.0149
vn 0.4965 -0.8247 0.2709
vn 0.0023 -0.9968 -0.0801
vn 0.2470 -0.9690 -0.0047
vn 0.5516 -0.8263 0.1140
vn 0.0082 -0.9901 -0.1404
vn 0.0162 -0.9729 -0.2307
vn 0.0305 -0.9498 -0.3113
vn -0.2067 -0.8986 -0.3871
vn -0.4908 -0.7860 -0.3758
vn 0.7742 -0.5369 0.3352
vn 0.5702 -0.6028 0.5581
vn -0.0256 -0.9974 -0.0672
vn -0.1062 -0.9904 0.0889
vn -0.1653 -0.9743 0.1530
vn -0.1058 -0.9926 0.0603
vn -0.1689 -0.9809 0.0964
vn -0.2003 -0.9767 0.0768
vn -0.2283 -0.9662 0.1200
vn -0.2532 -0.9640 0.0811
vn -0.2752 -0.9576 0.0848
vn -0.2291 -0.9707 0.0718
vn 0.0463 -0.9989 -0.0027
vn -0.9319 -0.2519 0.2610
vn -0.9388 -0.1899 0.2875
vn 0.2612 -0.9626 0.0713
vn 0.5839 -0.7486 0.3140
vn 0.4689 -0.8824 0.0396
vn 0.6081 -0.4902 0.6244
vn 0.8149 -0.5579 0.1574
vn 0.5676 -0.8203 -0.0696
vn 0.8226 -0.3113 0.4758
vn 0.7557 -0.1446 0.6388
vn 0.7601 -0.1103 0.6403
vn 0.8272 -0.2680 0.4939
vn 0.6779 -0.1176 0.7257
vn 0.7772 -0.2049 0.5949
vn 0.5136 -0.1433 0.8460
vn 0.5956 -0.2055 0.7766
vn 0.8731 -0.4721 0.1216
vn 0.8590 -0.2680 0.4363
vn 0.6455 -0.3087 0.6986
vn 0.6539 -0.4445 0.6123
vn 0.8210 -0.4967 0.2816
vn 0.7934 -0.5903 -0.1485
vn 0.6036 -0.7793 -0.1681
vn 0.6009 -0.7400 -0.3023
vn 0.6754 -0.7128 -0.1889
vn 0.7215 -0.6811 0.1246
vn 0.5035 -0.7764 -0.3790
vn 0.4765 -0.8515 -0.2190
vn 0.3880 -0.8601 -0.3311
vn 0.4830 -0.8733 0.0644
vn 0.3420 -0.8474 -0.4061
vn 0.2560 -0.8884 -0.3810
vn 0.3496 -0.8662 -0.3570
vn 0.3056 -0.9374 -0.1668
vn 0.2379 -0.9444 -0.2269
vn 0.1341 -0.9550 -0.2645
vn 0.2535 -0.9671 -0.0193
vn 0.0954 -0.9934 -0.0635
vn -0.0171 -0.9943 -0.1048
vn -0.1132 -0.9842 -0.1359
vn 0.0142 -0.9603 -0.2785
vn 0.1196 -0.9145 -0.3864
vn -0.0762 -0.9565 -0.2814
vn -0.0743 -0.9339 -0.3497
vn -0.2087 -0.9601 -0.1859
vn 0.1531 -0.8955 -0.4178
vn -0.1012 -0.9017 -0.4204
vn -0.1300 -0.9007 -0.4145
vn 0.1474 -0.9063 -0.3961
vn -0.3142 -0.9121 -0.2633
vn -0.4071 -0.8447 -0.3475
vn -0.5382 -0.7608 -0.3628
vn -0.6418 -0.7493 -0.1635
vn -0.7677 -0.6080 -0.2023
vn -0.4884 -0.8658 -0.1089
vn -0.7254 -0.6860 0.0572
vn -0.8342 -0.5496 0.0454
vn -0.5635 -0.8229 0.0727
vn -0.8339 -0.5188 -0.1883
vn -0.6754 -0.6344 -0.3759
vn -0.8931 -0.4478 0.0419
vn -0.6906 -0.6654 0.2834
vn -0.7876 -0.5357 0.3045
vn -0.8421 -0.4395 0.3125
vn -0.8750 -0.3667 0.3162
vn -0.9201 -0.3871 0.0589
vn -0.8872 -0.4336 -0.1576
vn -0.7182 -0.4458 0.5343
vn -0.7532 -0.3676 0.5455
vn -0.5978 -0.3684 0.7120
vn -0.5663 -0.4506 0.6901
vn -0.6658 -0.5455 0.5090
vn -0.5234 -0.5574 0.6445
vn -0.4723 -0.6729 0.5693
vn -0.5847 -0.6695 0.4582
vn -0.4866 -0.7894 0.3742
vn -0.4005 -0.7932 0.4587
vn -0.5467 -0.7997 0.2482
vn -0.4404 -0.8731 0.2091
vn -0.3909 -0.8812 0.2660
vn -0.4175 -0.9024 0.1070
vn -0.3201 -0.9358 0.1475
vn -0.3353 -0.9411 -0.0432
vn -0.2350 -0.9720 0.0077
vn -0.1412 -0.9884 0.0563
vn -0.2451 -0.9480 0.2031
vn -0.0385 -0.9930 0.1117
vn -0.1595 -0.9501 0.2680
vn -0.3245 -0.8850 0.3340
vn -0.2446 -0.8859 0.3941
vn 0.1088 -0.9737 0.2000
vn -0.0572 -0.9285 0.3669
vn -0.1650 -0.8861 0.4331
vn 0.3463 -0.8746 0.3394
vn 0.0940 -0.8502 0.5180
vn -0.1466 -0.8153 0.5602
vn -0.2972 -0.7976 0.5249
vn -0.1024 -0.6792 0.7268
vn -0.3321 -0.6784 0.6553
vn 0.2291 -0.6802 0.6964
vn -0.0790 -0.5361 0.8405
vn -0.3546 -0.5511 0.7553
vn 0.2971 -0.5012 0.8127
vn 0.5336 -0.6872 0.4929
vn 0.3185 -0.3547 0.8791
vn -0.0791 -0.4210 0.9036
vn 0.2788 -0.2766 0.9196
vn -0.0962 -0.3314 0.9386
vn -0.1381 -0.2620 0.9551
vn 0.2182 -0.1973 0.9557
vn -0.4305 -0.2918 0.8541
vn -0.3999 -0.3622 0.8419
vn -0.3715 -0.4466 0.8140
vn -0.4673 -0.2248 0.8550
vn -0.5102 -0.1444 0.8479
vn -0.5542 -0.0383 0.8315
vn -0.7734 -0.5560 -0.3045
vn -0.3325 -0.8641 -0.3778
vn -0.6609 -0.6653 -0.3473
vn -0.5461 -0.7519 -0.3694
vn -0.2131 -0.9209 -0.3263
vn -0.2109 -0.9370 -0.2783
vn -0.4939 -0.7900 -0.3632
vn 0.0676 -0.9808 -0.1828
vn 0.0756 -0.9682 -0.2385
vn 0.0792 -0.9456 -0.3157
vn -0.2319 -0.9416 -0.2442
vn 0.0397 -0.9893 -0.1400
vn -0.5023 -0.7829 -0.3672
vn 0.2713 -0.9569 -0.1039
vn 0.3161 -0.9334 -0.1697
vn 0.2280 -0.9719 -0.0581
vn 0.3455 -0.9006 -0.2638
vn -0.6033 0.7767 0.1809
vn -0.7073 0.6997 0.1011
vn -0.4828 0.8374 0.2562
vn 0.5141 0.6728 0.5320
vn 0.3982 0.6629 0.6340
vn 0.2558 0.5992 0.7586
vn 0.3509 0.6734 0.6507
vn 0.4747 0.6734 0.5668
vn 0.1413 0.6353 0.7592
vn 0.4525 0.6621 0.5973
vn 0.2989 0.6796 0.6700
vn 0.0712 0.6631 0.7452
vn 0.5780 0.6176 0.5334
vn 0.6030 0.6259 0.4946
vn 0.6196 0.6385 0.4566
vn 0.4238 0.6480 0.6328
vn 0.5596 0.5949 0.5770
vn 0.2754 0.6678 0.6915
vn 0.4130 0.6046 0.6810
vn 0.5349 0.5573 0.6351
vn 0.2595 0.6279 0.7337
vn 0.0406 0.6076 0.7932
vn 0.0330 0.6526 0.7570
vn 0.0846 0.5111 0.8553
vn 0.2690 0.5437 0.7950
vn 0.4024 0.5290 0.7472
vn 0.3951 0.4009 0.8265
vn 0.2611 0.4157 0.8712
vn 0.1469 0.4233 0.8940
vn 0.5191 0.4837 0.7046
vn 0.5074 0.3811 0.7728
vn 0.3774 0.2474 0.8924
vn 0.5069 0.2391 0.8282
vn 0.2321 0.2662 0.9356
vn 0.3567 0.0983 0.9290
vn 0.1851 0.1151 0.9760
vn 0.5097 0.1004 0.8545
vn 0.5865 0.3525 0.7292
vn 0.6237 0.2525 0.7397
vn 0.6594 0.1083 0.7439
vn 0.3363 -0.0219 0.9415
vn 0.5073 -0.0197 0.8615
vn 0.6736 -0.0073 0.7391
vn 0.8067 0.0053 0.5910
vn 0.7812 0.1284 0.6109
vn 0.7250 0.2698 0.6337
vn 0.8567 0.1504 0.4934
vn 0.8882 0.0185 0.4590
vn 0.7860 0.3082 0.5359
vn 0.6706 0.4552 0.5857
vn 0.6246 0.4061 0.6671
vn 0.6978 0.4932 0.5194
vn 0.8248 0.3323 0.4575
vn 0.7234 0.5091 0.4664
vn 0.8497 0.3500 0.3944
vn 0.7402 0.5241 0.4212
vn 0.8700 0.3545 0.3427
vn 0.9294 0.1748 0.3251
vn 0.9475 0.1755 0.2672
vn 0.9006 0.1699 0.4001
vn 0.9638 0.0215 0.2656
vn 0.9797 0.0111 0.2003
vn 0.9365 0.0218 0.3499
vn 0.9707 -0.1084 0.2142
vn 0.9460 -0.0960 0.3097
vn 0.8993 -0.0912 0.4277
vn 0.8991 -0.1772 0.4002
vn 0.9423 -0.2031 0.2661
vn 0.9588 -0.2300 0.1670
vn 0.9214 -0.3769 0.0949
vn 0.9257 -0.3068 0.2211
vn 0.8956 -0.2577 0.3626
vn 0.8923 -0.3138 0.3246
vn 0.8902 -0.4367 0.1299
vn 0.8344 -0.5510 0.0093
vn 0.7513 -0.6544 -0.0851
vn 0.9020 -0.4312 0.0219
vn 0.9619 -0.2589 0.0885
vn 0.8846 -0.4659 -0.0182
vn 0.9584 -0.2818 0.0449
vn 0.7110 -0.6969 -0.0938
vn 0.4218 -0.8932 -0.1561
vn 0.4225 -0.8792 -0.2203
vn 0.5496 -0.8129 -0.1927
vn 0.4468 -0.8907 -0.0836
vn 0.7257 -0.6854 -0.0598
vn 0.8778 -0.4782 -0.0287
vn 0.8879 -0.4600 -0.0037
vn 0.7543 -0.6554 -0.0379
vn 0.9533 -0.3012 0.0246
vn 0.9553 -0.2943 0.0261
vn 0.9015 -0.4328 0.0055
vn 0.9548 -0.2951 0.0345
vn 0.8204 -0.5716 0.0146
vn 0.9152 -0.4030 0.0043
vn 0.9580 -0.2860 0.0208
vn 0.8616 -0.5075 -0.0024
vn 0.8727 -0.4861 -0.0449
vn 0.9225 -0.3849 -0.0292
vn 0.9590 -0.2833 -0.0050
vn 0.9843 -0.1684 0.0520
vn 0.9856 -0.1670 0.0256
vn 0.9834 -0.1691 0.0655
vn 0.9973 -0.0305 0.0667
vn 0.9955 -0.0275 0.0904
vn 0.9939 -0.0282 0.1066
vn 0.9842 -0.1635 0.0684
vn 0.9932 -0.0246 0.1142
vn 0.9726 0.1533 0.1747
vn 0.9759 0.1490 0.1594
vn 0.9791 0.1443 0.1436
vn 0.9117 0.3427 0.2266
vn 0.9039 0.3510 0.2444
vn 0.9826 0.1405 0.1217
vn 0.9679 0.1609 0.1931
vn 0.9918 -0.0129 0.1271
vn 0.8957 0.3537 0.2697
vn 0.7586 0.5273 0.3828
vn 0.8837 0.3580 0.3016
vn 0.9600 0.1685 0.2235
vn 0.9879 -0.0006 0.1553
vn 0.9854 -0.1382 0.0991
vn 0.9854 -0.1534 0.0738
vn 0.9819 -0.1221 0.1449
vn 0.8542 -0.5196 0.0202
vn 0.3388 -0.8815 -0.3288
vn 0.0270 -0.9023 -0.4302
vn 0.0040 -0.8986 -0.4388
vn 0.0259 -0.9309 -0.3643
vn -0.1673 -0.8619 -0.4787
vn -0.1123 -0.9061 -0.4078
vn -0.1710 -0.8791 -0.4448
vn -0.2406 -0.8825 -0.4042
vn -0.3112 -0.8132 -0.4918
vn -0.5167 -0.7607 -0.3930
vn -0.3535 -0.8801 -0.3170
vn -0.3879 -0.7942 -0.4678
vn -0.6085 -0.6842 -0.4019
vn -0.6922 -0.7112 -0.1228
vn -0.8349 -0.5495 -0.0315
vn -0.4752 -0.8780 -0.0584
vn -0.6892 -0.6355 0.3479
vn -0.4693 -0.8282 0.3064
vn -0.8284 -0.4130 0.3784
vn -0.4568 -0.5276 0.7162
vn -0.2700 -0.7171 0.6426
vn 0.8134 -0.2228 0.5373
vn 0.8155 -0.1683 0.5538
vn 0.6724 -0.1661 0.7213
vn 0.6753 -0.0993 0.7308
vn 0.8145 -0.0902 0.5731
vn -0.0373 0.1668 0.9853
vn 0.0580 0.3178 0.9464
vn -0.1197 0.4148 0.9020
vn -0.2415 0.5059 0.8281
vn -0.2777 0.5607 0.7801
vn -0.2518 0.5714 0.7811
vn -0.1638 0.5497 0.8192
vn 0.1332 -0.9822 0.1322
vn 0.4155 -0.7054 0.5743
vn 0.3122 -0.8329 0.4570
vn 0.7376 -0.2369 0.6324
vn 0.5037 -0.2274 0.8334
vn 0.5072 -0.1758 0.8437
vn 0.2166 -0.1691 0.9615
vn 0.2150 -0.2107 0.9536
vn -0.0380 -0.1978 0.9795
vn -0.0368 -0.1628 0.9860
vn -0.2687 -0.1608 0.9497
vn -0.5193 -0.1563 0.8402
vt 0.034300 0.337300
vt 0.034400 0.336600
vt 0.035700 0.336600
vt 0.035600 0.337400
vt 0.033200 0.337700
vt 0.033100 0.337000
vt 0.033800 0.338000
vt 0.033100 0.338200
vt 0.035500 0.338100
vt 0.034700 0.338000
vt 0.034200 0.338100
vt 0.033600 0.338400
vt 0.033100 0.338700
vt 0.033900 0.338500
vt 0.034100 0.338800
vt 0.034400 0.338600
vt 0.034900 0.338600
vt 0.034900 0.339200
vt 0.034500 0.339100
vt 0.034200 0.339200
vt 0.033800 0.339000
vt 0.033700 0.338800
vt 0.033900 0.339300
vt 0.034100 0.339700
vt 0.034400 0.339700
vt 0.033900 0.339700
vt 0.033900 0.340100
vt 0.033700 0.340100
vt 0.034200 0.340200
vt 0.034700 0.339800
vt 0.034500 0.340400
vt 0.035100 0.340000
vt 0.034800 0.340600
vt 0.035400 0.339300
vt 0.034100 0.340900
vt 0.034400 0.341200
vt 0.033900 0.340700
vt 0.033700 0.341400
vt 0.033500 0.341100
vt 0.034000 0.341700
vt 0.033700 0.340600
vt 0.033300 0.340900
vt 0.033200 0.340700
vt 0.033500 0.340400
vt 0.033300 0.340300
vt 0.033500 0.340000
vt 0.033100 0.340600
vt 0.032900 0.340700
vt 0.032900 0.340900
vt 0.032900 0.341100
vt 0.032500 0.341100
vt 0.032600 0.340900
vt 0.032700 0.340700
vt 0.032900 0.340400
vt 0.032500 0.340600
vt 0.032300 0.340800
vt 0.032700 0.340300
vt 0.033200 0.340100
vt 0.033000 0.340000
vt 0.033300 0.339600
vt 0.033400 0.339800
vt 0.032900 0.339800
vt 0.033200 0.339400
vt 0.032600 0.340100
vt 0.033600 0.339300
vt 0.033500 0.339100
vt 0.033700 0.339500
vt 0.033700 0.339700
vt 0.033300 0.339000
vt 0.033400 0.338800
vt 0.033100 0.339200
vt 0.033000 0.339000
vt 0.032700 0.339600
vt 0.032600 0.339400
vt 0.032500 0.339100
vt 0.032300 0.339800
vt 0.032000 0.339700
vt 0.032400 0.339900
vt 0.032300 0.340200
vt 0.032000 0.340300
vt 0.032300 0.340400
vt 0.032100 0.340600
vt 0.031800 0.340300
vt 0.031800 0.340700
vt 0.032100 0.341000
vt 0.032100 0.341300
vt 0.031600 0.340900
vt 0.032500 0.341400
vt 0.033000 0.341300
vt 0.032100 0.341600
vt 0.032700 0.341700
vt 0.033200 0.341600
vt 0.033500 0.342000
vt 0.032900 0.342200
vt 0.033800 0.342500
vt 0.033300 0.342800
vt 0.034300 0.342000
vt 0.032400 0.342200
vt 0.032800 0.342900
vt 0.032300 0.342900
vt 0.031800 0.342100
vt 0.031600 0.341300
vt 0.033400 0.343600
vt 0.033000 0.343800
vt 0.033800 0.343300
vt 0.034000 0.344200
vt 0.033700 0.344500
vt 0.034300 0.343800
vt 0.031800 0.342900
vt 0.032600 0.344000
vt 0.033500 0.344900
vt 0.034700 0.344700
vt 0.034600 0.345100
vt 0.034600 0.345600
vt 0.035500 0.345000
vt 0.035500 0.345500
vt 0.035700 0.346000
vt 0.036000 0.346600
vt 0.034600 0.346000
vt 0.033300 0.345200
vt 0.033100 0.345500
vt 0.034600 0.346500
vt 0.036300 0.347200
vt 0.036500 0.347800
vt 0.034500 0.347000
vt 0.032700 0.345900
vt 0.031200 0.344500
vt 0.031700 0.344300
vt 0.032100 0.344100
vt 0.030600 0.342800
vt 0.030000 0.342800
vt 0.031200 0.342800
vt 0.030700 0.341500
vt 0.031200 0.341800
vt 0.029900 0.341200
vt 0.029800 0.339600
vt 0.030500 0.340100
vt 0.031100 0.340600
vt 0.031000 0.338900
vt 0.031400 0.339400
vt 0.030500 0.338200
vt 0.028700 0.338900
vt 0.029700 0.337300
vt 0.029000 0.340900
vt 0.026500 0.338000
vt 0.028000 0.340800
vt 0.029100 0.336300
vt 0.029300 0.343000
vt 0.028600 0.343500
vt 0.027300 0.341500
vt 0.026000 0.339300
vt 0.025500 0.340700
vt 0.026700 0.342500
vt 0.028000 0.344200
vt 0.030700 0.344800
vt 0.030100 0.345200
vt 0.029400 0.345700
vt 0.032300 0.346300
vt 0.031600 0.346600
vt 0.030900 0.347000
vt 0.034100 0.347400
vt 0.033400 0.347800
vt 0.032500 0.348100
vt 0.031500 0.348500
vt 0.030000 0.347500
vt 0.028700 0.346300
vt 0.029100 0.347900
vt 0.027900 0.346900
vt 0.030400 0.348800
vt 0.027400 0.344900
vt 0.026800 0.345800
vt 0.025600 0.344600
vt 0.026200 0.343500
vt 0.026200 0.346600
vt 0.025100 0.345600
vt 0.027200 0.347500
vt 0.025500 0.347400
vt 0.024600 0.346600
vt 0.026500 0.348200
vt 0.028300 0.348400
vt 0.027400 0.348900
vt 0.026700 0.349600
vt 0.025800 0.349000
vt 0.025000 0.348400
vt 0.028400 0.349500
vt 0.027500 0.350100
vt 0.029300 0.349100
vt 0.029300 0.350100
vt 0.030400 0.349800
vt 0.028300 0.350600
vt 0.030000 0.350800
vt 0.029000 0.351100
vt 0.031200 0.350600
vt 0.027600 0.351200
vt 0.026800 0.350800
vt 0.028300 0.351600
vt 0.028800 0.351900
vt 0.029500 0.351800
vt 0.030600 0.351600
vt 0.030800 0.352600
vt 0.029600 0.352600
vt 0.028700 0.352500
vt 0.031900 0.351500
vt 0.032200 0.352700
vt 0.030800 0.353700
vt 0.029500 0.353600
vt 0.032300 0.353900
vt 0.033400 0.351500
vt 0.033800 0.352800
vt 0.034000 0.354200
vt 0.035200 0.351500
vt 0.035700 0.352900
vt 0.035900 0.354400
vt 0.035700 0.355900
vt 0.033700 0.355500
vt 0.032000 0.355200
vt 0.033200 0.356800
vt 0.031600 0.356300
vt 0.035100 0.357300
vt 0.030100 0.355800
vt 0.030600 0.354800
vt 0.029400 0.354500
vt 0.029100 0.355300
vt 0.029500 0.356500
vt 0.028400 0.355900
vt 0.030800 0.357100
vt 0.028600 0.357000
vt 0.029900 0.357700
vt 0.027600 0.356200
vt 0.032400 0.357700
vt 0.031400 0.358400
vt 0.034100 0.358200
vt 0.032900 0.359000
vt 0.034400 0.359600
vt 0.035900 0.358900
vt 0.037100 0.357900
vt 0.037800 0.356400
vt 0.039400 0.358700
vt 0.037700 0.359600
vt 0.040200 0.357000
vt 0.038000 0.354700
vt 0.040400 0.354900
vt 0.042900 0.355200
vt 0.042700 0.357600
vt 0.042000 0.360200
vt 0.045500 0.355500
vt 0.045300 0.358000
vt 0.045300 0.360600
vt 0.047800 0.361000
vt 0.047900 0.358400
vt 0.048100 0.355900
vt 0.042800 0.352800
vt 0.045600 0.353000
vt 0.048400 0.353400
vt 0.048900 0.351000
vt 0.046000 0.350600
vt 0.042300 0.350000
vt 0.051400 0.351300
vt 0.050900 0.353700
vt 0.050600 0.356300
vt 0.049800 0.348700
vt 0.052200 0.348900
vt 0.047100 0.348400
vt 0.050900 0.346400
vt 0.048600 0.346100
vt 0.053100 0.346600
vt 0.046400 0.345800
vt 0.044700 0.347900
vt 0.047600 0.343700
vt 0.049800 0.343800
vt 0.052000 0.344000
vt 0.053100 0.341600
vt 0.051000 0.341500
vt 0.048400 0.341100
vt 0.045600 0.343700
vt 0.045900 0.342000
vt 0.044500 0.345500
vt 0.044100 0.342300
vt 0.043700 0.343700
vt 0.042800 0.345100
vt 0.042900 0.347200
vt 0.041500 0.346400
vt 0.039900 0.347200
vt 0.041000 0.348300
vt 0.040300 0.345800
vt 0.041400 0.344800
vt 0.038900 0.346500
vt 0.040200 0.344400
vt 0.039200 0.345300
vt 0.038100 0.345900
vt 0.042200 0.343600
vt 0.040900 0.343400
vt 0.042500 0.342300
vt 0.041300 0.342300
vt 0.039900 0.343200
vt 0.040200 0.342300
vt 0.039200 0.344100
vt 0.039300 0.342200
vt 0.039000 0.343000
vt 0.038500 0.343800
vt 0.037800 0.343500
vt 0.038300 0.342800
vt 0.038500 0.342200
vt 0.037300 0.343200
vt 0.037700 0.342700
vt 0.038000 0.342300
vt 0.037300 0.342400
vt 0.037800 0.341900
vt 0.036800 0.342900
vt 0.036900 0.343700
vt 0.036400 0.343500
vt 0.037300 0.344000
vt 0.036600 0.344100
vt 0.036700 0.344400
vt 0.036200 0.344100
vt 0.037000 0.344900
vt 0.037800 0.344400
vt 0.036100 0.344600
vt 0.036200 0.345000
vt 0.037500 0.345400
vt 0.036500 0.345600
vt 0.038400 0.344800
vt 0.035500 0.344500
vt 0.036900 0.346100
vt 0.037500 0.346700
vt 0.038100 0.347500
vt 0.038800 0.348300
vt 0.038800 0.349200
vt 0.036300 0.348400
vt 0.037600 0.349800
vt 0.035400 0.348800
vt 0.034200 0.349100
vt 0.035800 0.350100
vt 0.037100 0.351300
vt 0.039400 0.351000
vt 0.040200 0.352800
vt 0.037800 0.352900
vt 0.034200 0.350300
vt 0.032600 0.350500
vt 0.032900 0.349400
vt 0.031600 0.349600
vt 0.034900 0.344200
vt 0.035700 0.343900
vt 0.035100 0.343700
vt 0.036000 0.343300
vt 0.035500 0.343000
vt 0.034700 0.343300
vt 0.035100 0.342700
vt 0.035600 0.342100
vt 0.036000 0.342400
vt 0.036400 0.342700
vt 0.036500 0.341700
vt 0.036900 0.342100
vt 0.036100 0.341400
vt 0.037500 0.341500
vt 0.037100 0.341200
vt 0.036600 0.340800
vt 0.037700 0.340700
vt 0.038100 0.341200
vt 0.038400 0.341700
vt 0.038800 0.340900
vt 0.038300 0.340300
vt 0.039200 0.341500
vt 0.037700 0.339800
vt 0.037100 0.340300
vt 0.038200 0.339400
vt 0.039000 0.340000
vt 0.039700 0.340700
vt 0.036500 0.339900
vt 0.036900 0.339400
vt 0.037300 0.338800
vt 0.038800 0.339000
vt 0.039800 0.339700
vt 0.037800 0.338300
vt 0.036700 0.337700
vt 0.036400 0.338400
vt 0.036200 0.339000
vt 0.035500 0.338700
vt 0.037000 0.337100
vt 0.038200 0.337700
vt 0.037400 0.336400
vt 0.036000 0.335800
vt 0.038700 0.337200
vt 0.040100 0.338100
vt 0.039400 0.338600
vt 0.039200 0.336700
vt 0.040600 0.337700
vt 0.037700 0.335700
vt 0.038100 0.335100
vt 0.039500 0.336200
vt 0.041100 0.337300
vt 0.042600 0.338300
vt 0.042100 0.338700
vt 0.041400 0.339000
vt 0.044300 0.339300
vt 0.043600 0.339700
vt 0.042600 0.340000
vt 0.041600 0.340300
vt 0.040600 0.339400
vt 0.040600 0.340500
vt 0.043600 0.341100
vt 0.042300 0.341300
vt 0.041100 0.341400
vt 0.040100 0.341400
vt 0.045000 0.340700
vt 0.046100 0.340200
vt 0.046200 0.339400
vt 0.047800 0.339400
vt 0.044500 0.338800
vt 0.042900 0.337900
vt 0.044400 0.338200
vt 0.042900 0.337500
vt 0.045800 0.338600
vt 0.041500 0.336600
vt 0.041300 0.336900
vt 0.042800 0.337100
vt 0.044100 0.337700
vt 0.041500 0.336400
vt 0.041600 0.336100
vt 0.042700 0.336800
vt 0.043800 0.337200
vt 0.042600 0.336500
vt 0.043600 0.336800
vt 0.041700 0.335900
vt 0.043500 0.336400
vt 0.042700 0.336100
vt 0.041800 0.335700
vt 0.042100 0.335400
vt 0.042800 0.335800
vt 0.043400 0.336100
vt 0.040700 0.335300
vt 0.041000 0.335100
vt 0.041400 0.334900
vt 0.042400 0.335000
vt 0.043000 0.335400
vt 0.041800 0.334600
vt 0.042700 0.334500
vt 0.043300 0.334900
vt 0.042200 0.334200
vt 0.041200 0.334200
vt 0.041700 0.333800
vt 0.040700 0.334400
vt 0.043200 0.334000
vt 0.042700 0.333700
vt 0.042300 0.333300
vt 0.043200 0.333100
vt 0.043700 0.333400
vt 0.042800 0.332700
vt 0.041800 0.333000
vt 0.042300 0.332500
vt 0.041300 0.333500
vt 0.041400 0.332800
vt 0.040900 0.333200
vt 0.041900 0.332300
vt 0.043200 0.332100
vt 0.042700 0.331900
vt 0.042300 0.331700
vt 0.041100 0.332500
vt 0.041600 0.332100
vt 0.041900 0.331600
vt 0.042600 0.331100
vt 0.043100 0.331200
vt 0.042200 0.331000
vt 0.041600 0.331500
vt 0.041900 0.331000
vt 0.041300 0.332000
vt 0.042800 0.330400
vt 0.042300 0.330500
vt 0.041900 0.330600
vt 0.041400 0.331500
vt 0.041500 0.331100
vt 0.041600 0.330800
vt 0.041800 0.330300
vt 0.042200 0.330000
vt 0.041500 0.330600
vt 0.041200 0.331100
vt 0.041200 0.331300
vt 0.041100 0.330900
vt 0.041500 0.330200
vt 0.041200 0.330600
vt 0.041000 0.330800
vt 0.040700 0.331200
vt 0.040700 0.331100
vt 0.040800 0.331400
vt 0.040200 0.331400
vt 0.040200 0.331600
vt 0.040300 0.331800
vt 0.039800 0.331900
vt 0.039700 0.331800
vt 0.039900 0.332100
vt 0.039400 0.332000
vt 0.039400 0.332200
vt 0.039500 0.332400
vt 0.040400 0.331900
vt 0.040000 0.332200
vt 0.039700 0.332500
vt 0.040500 0.332100
vt 0.040200 0.332400
vt 0.039900 0.332500
vt 0.040700 0.332200
vt 0.040300 0.332500
vt 0.039900 0.332700
vt 0.039900 0.332900
vt 0.040400 0.332700
vt 0.040900 0.332400
vt 0.040900 0.331800
vt 0.041100 0.331900
vt 0.040600 0.332900
vt 0.040100 0.333100
vt 0.040400 0.333400
vt 0.040700 0.333800
vt 0.039800 0.333500
vt 0.039500 0.333200
vt 0.040200 0.333900
vt 0.039200 0.333400
vt 0.039700 0.333900
vt 0.040300 0.334500
vt 0.039900 0.334500
vt 0.039200 0.333800
vt 0.038800 0.333200
vt 0.039500 0.334500
vt 0.038800 0.333600
vt 0.040500 0.335400
vt 0.040300 0.335500
vt 0.039200 0.334500
vt 0.040100 0.335700
vt 0.038900 0.334600
vt 0.039800 0.335900
vt 0.038500 0.334800
vt 0.037500 0.333500
vt 0.038000 0.333500
vt 0.038400 0.333500
vt 0.037900 0.332200
vt 0.037200 0.332100
vt 0.038200 0.332300
vt 0.038400 0.332600
vt 0.038900 0.331100
vt 0.039000 0.331400
vt 0.038600 0.330700
vt 0.040000 0.330400
vt 0.040000 0.329900
vt 0.039900 0.329300
vt 0.041600 0.328100
vt 0.041400 0.328900
vt 0.041200 0.329600
vt 0.039900 0.328700
vt 0.041800 0.327200
vt 0.038100 0.330400
vt 0.039700 0.328000
vt 0.041800 0.326200
vt 0.037700 0.329900
vt 0.037500 0.329100
vt 0.039600 0.327200
vt 0.041600 0.325400
vt 0.039400 0.326500
vt 0.037500 0.328200
vt 0.041200 0.324800
vt 0.042900 0.323200
vt 0.043400 0.323800
vt 0.044200 0.324600
vt 0.044900 0.322400
vt 0.045900 0.323000
vt 0.044200 0.321800
vt 0.042400 0.322600
vt 0.043500 0.321300
vt 0.040900 0.324200
vt 0.041900 0.322100
vt 0.040600 0.323600
vt 0.042900 0.320900
vt 0.039300 0.325800
vt 0.039100 0.325200
vt 0.037500 0.327400
vt 0.037400 0.326700
vt 0.038900 0.324600
vt 0.040200 0.323100
vt 0.037300 0.326100
vt 0.035600 0.328100
vt 0.035500 0.328900
vt 0.035600 0.327300
vt 0.038500 0.324200
vt 0.037100 0.325500
vt 0.035500 0.326700
vt 0.035400 0.326000
vt 0.036700 0.325000
vt 0.037900 0.323700
vt 0.033800 0.328300
vt 0.033800 0.327500
vt 0.033900 0.326700
vt 0.032000 0.328000
vt 0.032200 0.327100
vt 0.031900 0.329000
vt 0.031800 0.330000
vt 0.033700 0.329100
vt 0.029800 0.330600
vt 0.029900 0.329500
vt 0.030100 0.328500
vt 0.027900 0.331000
vt 0.028000 0.329900
vt 0.028100 0.328800
vt 0.028200 0.327700
vt 0.030200 0.327400
vt 0.021400 0.377400
vt 0.023200 0.376900
vt 0.023700 0.377800
vt 0.021900 0.378300
vt 0.020900 0.376500
vt 0.022800 0.376000
vt 0.028300 0.326600
vt 0.030600 0.326100
vt 0.022400 0.379300
vt 0.024300 0.378900
vt 0.025000 0.376400
vt 0.025400 0.377300
vt 0.026000 0.378300
vt 0.026900 0.379500
vt 0.025300 0.380300
vt 0.023700 0.381100
vt 0.027300 0.377900
vt 0.028200 0.378900
vt 0.026900 0.377000
vt 0.028000 0.380800
vt 0.026500 0.381800
vt 0.029200 0.379900
vt 0.029100 0.382100
vt 0.027700 0.383400
vt 0.030400 0.381000
vt 0.030300 0.379100
vt 0.029100 0.378200
vt 0.031400 0.380100
vt 0.030200 0.383300
vt 0.031400 0.382100
vt 0.032500 0.381100
vt 0.030900 0.378300
vt 0.032200 0.379300
vt 0.033300 0.380300
vt 0.033400 0.382000
vt 0.032400 0.383100
vt 0.034200 0.381200
vt 0.033900 0.379600
vt 0.034900 0.380500
vt 0.032700 0.378600
vt 0.034400 0.379000
vt 0.035400 0.379900
vt 0.033100 0.377900
vt 0.031400 0.377600
vt 0.031700 0.376900
vt 0.031800 0.376200
vt 0.033400 0.377300
vt 0.034800 0.378400
vt 0.029900 0.376800
vt 0.030000 0.376100
vt 0.030100 0.375300
vt 0.031900 0.375500
vt 0.033600 0.376600
vt 0.030000 0.374500
vt 0.028200 0.374700
vt 0.028300 0.375500
vt 0.028000 0.373800
vt 0.032000 0.374600
vt 0.029900 0.373600
vt 0.027800 0.372800
vt 0.027600 0.371500
vt 0.029800 0.372500
vt 0.032000 0.373800
vt 0.032000 0.372900
vt 0.029900 0.371400
vt 0.027500 0.369500
vt 0.034100 0.375000
vt 0.033900 0.375800
vt 0.034200 0.374200
vt 0.035500 0.377000
vt 0.036000 0.376300
vt 0.036600 0.375300
vt 0.035100 0.377700
vt 0.036400 0.378700
vt 0.035900 0.379300
vt 0.036900 0.378100
vt 0.036800 0.380200
vt 0.037400 0.379600
vt 0.037900 0.379100
vt 0.038800 0.380000
vt 0.038200 0.380500
vt 0.037600 0.381000
vt 0.039500 0.380900
vt 0.038800 0.381400
vt 0.038200 0.381900
vt 0.037000 0.381500
vt 0.036300 0.380700
vt 0.037500 0.382300
vt 0.038700 0.382700
vt 0.038000 0.383100
vt 0.039400 0.382300
vt 0.036900 0.382800
vt 0.036400 0.382100
vt 0.037400 0.383600
vt 0.039100 0.383600
vt 0.038400 0.383900
vt 0.037700 0.384300
vt 0.039300 0.384700
vt 0.038600 0.384900
vt 0.038000 0.385200
vt 0.039800 0.383300
vt 0.040100 0.384400
vt 0.040600 0.382900
vt 0.041000 0.384100
vt 0.040100 0.381900
vt 0.040300 0.380400
vt 0.041000 0.381400
vt 0.041500 0.382500
vt 0.039500 0.379500
vt 0.041200 0.379900
vt 0.042000 0.380900
vt 0.040400 0.378900
vt 0.042300 0.379300
vt 0.043100 0.380400
vt 0.041400 0.378300
vt 0.039400 0.377900
vt 0.040300 0.377300
vt 0.038600 0.378500
vt 0.038200 0.376700
vt 0.039200 0.376200
vt 0.037400 0.377400
vt 0.038200 0.375100
vt 0.039400 0.374600
vt 0.040400 0.375600
vt 0.041400 0.376600
vt 0.040500 0.374100
vt 0.041500 0.375000
vt 0.042500 0.376000
vt 0.042400 0.377700
vt 0.043600 0.377000
vt 0.043600 0.375200
vt 0.044800 0.376200
vt 0.042500 0.374300
vt 0.043500 0.373400
vt 0.044700 0.374400
vt 0.045900 0.375400
vt 0.045900 0.377200
vt 0.044600 0.378000
vt 0.047100 0.376400
vt 0.048300 0.375400
vt 0.046900 0.374300
vt 0.045700 0.373400
vt 0.049700 0.376500
vt 0.048300 0.377500
vt 0.047000 0.378300
vt 0.048000 0.379600
vt 0.049500 0.378800
vt 0.051000 0.377900
vt 0.046500 0.380300
vt 0.045600 0.379100
vt 0.043400 0.378700
vt 0.044300 0.379800
vt 0.045100 0.381000
vt 0.048800 0.381200
vt 0.047200 0.381800
vt 0.045700 0.382400
vt 0.044300 0.382900
vt 0.043800 0.381500
vt 0.042600 0.382100
vt 0.043100 0.383400
vt 0.042000 0.383800
vt 0.043400 0.385000
vt 0.042200 0.385300
vt 0.044700 0.384600
vt 0.043500 0.386900
vt 0.042300 0.387100
vt 0.044800 0.386700
vt 0.041200 0.385500
vt 0.041200 0.387300
vt 0.041000 0.389200
vt 0.042100 0.389200
vt 0.043300 0.389100
vt 0.040000 0.389200
vt 0.040200 0.387400
vt 0.040200 0.385800
vt 0.040600 0.391200
vt 0.039600 0.391100
vt 0.041700 0.391300
vt 0.039100 0.389200
vt 0.038600 0.391000
vt 0.039300 0.387500
vt 0.037800 0.390800
vt 0.038200 0.389100
vt 0.038500 0.387500
vt 0.037500 0.389000
vt 0.036900 0.390600
vt 0.037800 0.387500
vt 0.039400 0.385900
vt 0.038700 0.386100
vt 0.038000 0.386200
vt 0.036700 0.388900
vt 0.037200 0.387600
vt 0.037400 0.386500
vt 0.036000 0.388600
vt 0.036600 0.387400
vt 0.036900 0.386700
vt 0.035400 0.388200
vt 0.036100 0.387100
vt 0.036700 0.386100
vt 0.036400 0.385500
vt 0.035600 0.386500
vt 0.034800 0.387700
vt 0.035400 0.390100
vt 0.034600 0.389600
vt 0.033900 0.389100
vt 0.033200 0.388600
vt 0.034100 0.387200
vt 0.035100 0.386000
vt 0.033500 0.386600
vt 0.032400 0.388000
vt 0.034500 0.385300
vt 0.032800 0.385900
vt 0.033900 0.384700
vt 0.031600 0.387300
vt 0.031300 0.389500
vt 0.030400 0.388700
vt 0.032100 0.390000
vt 0.033600 0.314600
vt 0.035500 0.315100
vt 0.035100 0.316000
vt 0.033100 0.315600
vt 0.033900 0.313800
vt 0.035800 0.314300
vt 0.029500 0.388000
vt 0.030800 0.386500
vt 0.032600 0.316500
vt 0.034700 0.317000
vt 0.037400 0.315600
vt 0.037100 0.316500
vt 0.036700 0.317500
vt 0.036200 0.318500
vt 0.034200 0.318100
vt 0.032100 0.317500
vt 0.031600 0.318500
vt 0.033600 0.319300
vt 0.035500 0.319800
vt 0.038500 0.317900
vt 0.038000 0.319000
vt 0.037300 0.320200
vt 0.034800 0.321300
vt 0.032800 0.320900
vt 0.036500 0.321700
vt 0.038900 0.320600
vt 0.039500 0.319400
vt 0.038000 0.322000
vt 0.037000 0.323400
vt 0.035600 0.323100
vt 0.033900 0.322900
vt 0.036000 0.324600
vt 0.034800 0.324500
vt 0.033100 0.324500
vt 0.032000 0.322700
vt 0.031200 0.324500
vt 0.032500 0.325900
vt 0.034100 0.325700
vt 0.029900 0.322500
vt 0.029100 0.324500
vt 0.025000 0.382900
vt 0.030800 0.320500
vt 0.026300 0.384700
vt 0.027600 0.386500
vt 0.028900 0.384700
vt 0.029900 0.385700
vt 0.028600 0.387200
vt 0.031200 0.384300
vt 0.032000 0.385200
vt 0.033200 0.383900
vt 0.034200 0.382900
vt 0.034800 0.383600
vt 0.035400 0.384300
vt 0.035700 0.382800
vt 0.036200 0.383500
vt 0.035000 0.382000
vt 0.035700 0.381300
vt 0.036700 0.384100
vt 0.035900 0.384900
vt 0.037100 0.384800
vt 0.037300 0.385600
vt 0.035200 0.325500
vt 0.039000 0.322300
vt 0.039700 0.322700
vt 0.040000 0.320900
vt 0.040800 0.321300
vt 0.040700 0.319700
vt 0.041600 0.320100
vt 0.042300 0.319000
vt 0.041300 0.318600
vt 0.040100 0.318300
vt 0.040500 0.317300
vt 0.041700 0.317700
vt 0.042700 0.318000
vt 0.043000 0.319400
vt 0.042300 0.320500
vt 0.043600 0.318400
vt 0.043100 0.317100
vt 0.042000 0.316800
vt 0.044000 0.317400
vt 0.044900 0.317700
vt 0.044400 0.318700
vt 0.043800 0.319800
vt 0.045800 0.318100
vt 0.045200 0.319100
vt 0.044500 0.320200
vt 0.045200 0.320700
vt 0.046100 0.319600
vt 0.046100 0.321200
vt 0.047100 0.320100
vt 0.046800 0.318500
vt 0.047900 0.319000
vt 0.047100 0.321800
vt 0.048200 0.320700
vt 0.049100 0.319600
vt 0.048500 0.317900
vt 0.049900 0.318500
vt 0.047300 0.317400
vt 0.050500 0.317300
vt 0.049000 0.316700
vt 0.047700 0.316300
vt 0.051400 0.319300
vt 0.050500 0.320400
vt 0.052200 0.318100
vt 0.051000 0.316100
vt 0.052800 0.316900
vt 0.049400 0.315500
vt 0.051200 0.314500
vt 0.049700 0.314200
vt 0.053500 0.315600
vt 0.048300 0.313900
vt 0.048000 0.315100
vt 0.035300 0.401000
vt 0.036600 0.399100
vt 0.037500 0.399800
vt 0.036000 0.401800
vt 0.036700 0.402600
vt 0.038500 0.400500
vt 0.046700 0.314700
vt 0.046800 0.313600
vt 0.034600 0.400200
vt 0.035900 0.398500
vt 0.033900 0.399500
vt 0.035200 0.397900
vt 0.045300 0.313200
vt 0.045500 0.314500
vt 0.036300 0.396300
vt 0.037000 0.396700
vt 0.037900 0.397200
vt 0.038100 0.394900
vt 0.039000 0.395300
vt 0.037200 0.394600
vt 0.034600 0.397400
vt 0.035500 0.395800
vt 0.036400 0.394200
vt 0.038000 0.392800
vt 0.038900 0.393100
vt 0.037100 0.392500
vt 0.036300 0.392300
vt 0.035600 0.393900
vt 0.034900 0.395400
vt 0.034900 0.393500
vt 0.035500 0.392000
vt 0.036100 0.390400
vt 0.034600 0.391700
vt 0.034100 0.393200
vt 0.033800 0.391100
vt 0.033600 0.394600
vt 0.034200 0.395000
vt 0.038400 0.312400
vt 0.038200 0.313100
vt 0.036400 0.312600
vt 0.036700 0.311800
vt 0.034900 0.311300
vt 0.034600 0.312100
vt 0.034200 0.312900
vt 0.036100 0.313400
vt 0.038000 0.313900
vt 0.037700 0.314700
vt 0.039700 0.314400
vt 0.039500 0.315200
vt 0.039200 0.316000
vt 0.038900 0.316900
vt 0.040800 0.316400
vt 0.041000 0.315600
vt 0.042300 0.315900
vt 0.043300 0.316200
vt 0.041200 0.314700
vt 0.042400 0.315000
vt 0.043500 0.315200
vt 0.044400 0.315400
vt 0.044300 0.316400
vt 0.045200 0.316700
vt 0.045400 0.315600
vt 0.043600 0.314300
vt 0.044500 0.314400
vt 0.044500 0.313300
vt 0.043700 0.313300
vt 0.033600 0.399000
vt 0.033300 0.398500
vt 0.034100 0.397000
vt 0.032900 0.398000
vt 0.033600 0.396500
vt 0.042600 0.314200
vt 0.042800 0.313400
vt 0.032600 0.397600
vt 0.033100 0.396100
vt 0.042000 0.313400
vt 0.041500 0.314000
vt 0.039900 0.313600
vt 0.040200 0.312900
vt 0.046500 0.315900
vt 0.046200 0.317000
vt 0.033000 0.390600
vt 0.040000 0.393300
vt 0.041100 0.393500
vt 0.040100 0.395700
vt 0.038900 0.397800
vt 0.040000 0.398300
vt 0.041300 0.396100
vt 0.042300 0.393800
vt 0.042600 0.396500
vt 0.041200 0.398900
vt 0.043600 0.394000
vt 0.043000 0.391400
vt 0.044300 0.391500
vt 0.044700 0.389000
vt 0.046200 0.388900
vt 0.045800 0.391600
vt 0.046300 0.386400
vt 0.047800 0.388700
vt 0.047400 0.391600
vt 0.047900 0.386000
vt 0.045100 0.394300
vt 0.046700 0.394500
vt 0.045500 0.397400
vt 0.044000 0.397000
vt 0.042600 0.399600
vt 0.044100 0.400200
vt 0.042400 0.403000
vt 0.041000 0.402200
vt 0.039700 0.401300
vt 0.039300 0.404800
vt 0.038000 0.403700
vt 0.055800 0.316700
vt 0.054900 0.317900
vt 0.058100 0.317800
vt 0.057000 0.319100
vt 0.040600 0.405800
vt 0.054000 0.319100
vt 0.055900 0.320300
vt 0.060400 0.318800
vt 0.059100 0.320500
vt 0.057800 0.321700
vt 0.056500 0.322800
vt 0.054800 0.321400
vt 0.053000 0.320300
vt 0.052000 0.321300
vt 0.053600 0.322400
vt 0.055200 0.323700
vt 0.059700 0.323400
vt 0.058200 0.324300
vt 0.056700 0.325200
vt 0.058100 0.326900
vt 0.059700 0.326200
vt 0.061500 0.325400
vt 0.061300 0.322400
vt 0.063300 0.324600
vt 0.065200 0.326900
vt 0.062900 0.327600
vt 0.060900 0.328300
vt 0.063700 0.330200
vt 0.066300 0.329600
vt 0.061500 0.330600
vt 0.059100 0.328800
vt 0.059600 0.331000
vt 0.063700 0.333000
vt 0.061500 0.333300
vt 0.059600 0.333600
vt 0.057700 0.331400
vt 0.057300 0.329300
vt 0.057600 0.333800
vt 0.056000 0.331800
vt 0.055700 0.329800
vt 0.055800 0.334100
vt 0.059100 0.336300
vt 0.057100 0.336400
vt 0.055200 0.336500
vt 0.053400 0.336600
vt 0.054100 0.334300
vt 0.054400 0.332100
vt 0.052900 0.332400
vt 0.052600 0.334400
vt 0.051800 0.336600
vt 0.051200 0.334500
vt 0.051500 0.332800
vt 0.050500 0.336400
vt 0.050500 0.338800
vt 0.049300 0.338200
vt 0.052300 0.339000
vt 0.054300 0.339100
vt 0.056300 0.339100
vt 0.055200 0.341700
vt 0.058200 0.339100
vt 0.057300 0.341800
vt 0.056300 0.344400
vt 0.054200 0.344200
vt 0.055300 0.346800
vt 0.059200 0.341900
vt 0.058300 0.344500
vt 0.057400 0.347100
vt 0.056600 0.349500
vt 0.054500 0.349200
vt 0.053700 0.351600
vt 0.055900 0.352000
vt 0.059400 0.347400
vt 0.058600 0.349900
vt 0.058000 0.352400
vt 0.057400 0.355000
vt 0.055300 0.354500
vt 0.053200 0.354100
vt 0.052800 0.356700
vt 0.054900 0.357200
vt 0.057000 0.357700
vt 0.056600 0.360500
vt 0.054600 0.359900
vt 0.052600 0.359300
vt 0.056200 0.363400
vt 0.054200 0.362700
vt 0.052300 0.362100
vt 0.055800 0.366400
vt 0.053800 0.365600
vt 0.051900 0.364900
vt 0.051500 0.367700
vt 0.053400 0.368500
vt 0.055300 0.369400
vt 0.054600 0.372300
vt 0.052700 0.371200
vt 0.051000 0.370200
vt 0.053700 0.374800
vt 0.051900 0.373500
vt 0.050300 0.372400
vt 0.052500 0.376600
vt 0.050900 0.375200
vt 0.049400 0.374100
vt 0.054100 0.378300
vt 0.052200 0.379600
vt 0.055700 0.376500
vt 0.053000 0.381800
vt 0.055200 0.380700
vt 0.058400 0.379200
vt 0.056700 0.373600
vt 0.059100 0.374600
vt 0.057300 0.370300
vt 0.059600 0.371100
vt 0.057800 0.367100
vt 0.060100 0.367800
vt 0.058200 0.364000
vt 0.060500 0.364700
vt 0.058600 0.361100
vt 0.060900 0.361700
vt 0.059100 0.358300
vt 0.061400 0.358900
vt 0.059600 0.355600
vt 0.062000 0.356200
vt 0.060100 0.353000
vt 0.062600 0.353600
vt 0.060800 0.350400
vt 0.063200 0.351100
vt 0.061500 0.347900
vt 0.063900 0.348500
vt 0.062400 0.345200
vt 0.064800 0.345800
vt 0.060300 0.344800
vt 0.061200 0.342100
vt 0.063400 0.342400
vt 0.065700 0.343100
vt 0.062200 0.339100
vt 0.064400 0.339500
vt 0.066900 0.340100
vt 0.060200 0.339100
vt 0.063100 0.336100
vt 0.061000 0.336200
vt 0.065400 0.336300
vt 0.066200 0.332900
vt 0.068000 0.336900
vt 0.069100 0.333300
vt 0.070000 0.328600
vt 0.072100 0.334800
vt 0.070900 0.338100
vt 0.073400 0.331300
vt 0.074000 0.339800
vt 0.075300 0.336900
vt 0.076700 0.334000
vt 0.057200 0.412600
vt 0.053900 0.411700
vt 0.056400 0.409500
vt 0.059000 0.410500
vt 0.050600 0.410700
vt 0.054800 0.407900
vt 0.060700 0.408400
vt 0.058700 0.407500
vt 0.057400 0.406000
vt 0.054700 0.405100
vt 0.057200 0.403800
vt 0.052100 0.406000
vt 0.057500 0.401100
vt 0.055400 0.401800
vt 0.053300 0.402200
vt 0.056300 0.398400
vt 0.058200 0.398200
vt 0.054400 0.398600
vt 0.055400 0.395000
vt 0.057200 0.395100
vt 0.059000 0.395100
vt 0.060700 0.395200
vt 0.060100 0.397900
vt 0.059500 0.400500
vt 0.058000 0.391700
vt 0.059700 0.392100
vt 0.061400 0.392500
vt 0.062400 0.395300
vt 0.063000 0.392900
vt 0.061900 0.397700
vt 0.064600 0.393100
vt 0.064100 0.395400
vt 0.063600 0.397700
vt 0.061400 0.400100
vt 0.063100 0.400000
vt 0.065800 0.395600
vt 0.065400 0.397800
vt 0.064900 0.400100
vt 0.067700 0.395800
vt 0.067300 0.398000
vt 0.066800 0.400300
vt 0.064300 0.402300
vt 0.062600 0.402000
vt 0.066200 0.402600
vt 0.068900 0.400600
vt 0.069400 0.398300
vt 0.068400 0.402900
vt 0.067800 0.405400
vt 0.065400 0.404800
vt 0.063400 0.404400
vt 0.064100 0.407000
vt 0.062200 0.406400
vt 0.065900 0.407500
vt 0.070700 0.405200
vt 0.070900 0.406700
vt 0.068800 0.407100
vt 0.071000 0.403200
vt 0.067200 0.408300
vt 0.069500 0.408200
vt 0.068100 0.409100
vt 0.071300 0.407800
vt 0.073400 0.405300
vt 0.073400 0.406800
vt 0.073400 0.407900
vt 0.076200 0.405800
vt 0.075900 0.407100
vt 0.075800 0.408200
vt 0.075800 0.409200
vt 0.073600 0.408800
vt 0.071600 0.408700
vt 0.073600 0.409800
vt 0.075800 0.410200
vt 0.071800 0.409600
vt 0.075700 0.411400
vt 0.073400 0.410900
vt 0.071600 0.410500
vt 0.070600 0.409500
vt 0.070100 0.410100
vt 0.070100 0.409000
vt 0.069000 0.409700
vt 0.069600 0.411000
vt 0.071200 0.411400
vt 0.068400 0.410600
vt 0.067400 0.410300
vt 0.066200 0.410000
vt 0.067100 0.411700
vt 0.065800 0.411800
vt 0.068300 0.411800
vt 0.064800 0.409600
vt 0.064000 0.411700
vt 0.063800 0.414400
vt 0.066200 0.413600
vt 0.067600 0.413200
vt 0.067700 0.415100
vt 0.066400 0.415700
vt 0.068900 0.414500
vt 0.070800 0.415700
vt 0.069900 0.416400
vt 0.069000 0.417100
vt 0.073000 0.416900
vt 0.072300 0.417700
vt 0.071500 0.418400
vt 0.071600 0.415000
vt 0.073700 0.416100
vt 0.069900 0.413900
vt 0.072300 0.414100
vt 0.070600 0.413300
vt 0.074400 0.415100
vt 0.075400 0.418000
vt 0.076100 0.417200
vt 0.076900 0.416300
vt 0.072800 0.413100
vt 0.075000 0.414000
vt 0.077500 0.415000
vt 0.077900 0.413600
vt 0.075400 0.412700
vt 0.073100 0.412000
vt 0.080200 0.416200
vt 0.079500 0.417500
vt 0.080700 0.414600
vt 0.078200 0.412100
vt 0.081000 0.412900
vt 0.078300 0.410700
vt 0.081000 0.411400
vt 0.083600 0.415800
vt 0.083900 0.413800
vt 0.083800 0.412100
vt 0.086700 0.412400
vt 0.087000 0.414600
vt 0.086600 0.417000
vt 0.083000 0.417600
vt 0.086100 0.419300
vt 0.089700 0.418300
vt 0.090100 0.415500
vt 0.089200 0.421000
vt 0.088800 0.424100
vt 0.085000 0.421000
vt 0.082200 0.419100
vt 0.083100 0.421300
vt 0.080900 0.419800
vt 0.085100 0.423000
vt 0.112000 0.350200
vt 0.111700 0.352500
vt 0.107800 0.351600
vt 0.107800 0.349300
vt 0.115100 0.351000
vt 0.115200 0.353300
vt 0.092100 0.422300
vt 0.091700 0.425100
vt 0.118200 0.351700
vt 0.118300 0.354100
vt 0.094500 0.426100
vt 0.095000 0.423400
vt 0.092600 0.419600
vt 0.095500 0.420700
vt 0.093100 0.416800
vt 0.096000 0.418200
vt 0.098800 0.419300
vt 0.098300 0.421800
vt 0.097900 0.424400
vt 0.101200 0.422700
vt 0.101500 0.420300
vt 0.100800 0.425300
vt 0.104100 0.423500
vt 0.103800 0.426000
vt 0.104300 0.421000
vt 0.101800 0.418000
vt 0.099300 0.417100
vt 0.104400 0.418700
vt 0.107200 0.419300
vt 0.107400 0.421700
vt 0.107300 0.424100
vt 0.111000 0.422300
vt 0.110900 0.424900
vt 0.110600 0.419700
vt 0.104300 0.416600
vt 0.106700 0.417000
vt 0.109300 0.417300
vt 0.105900 0.415000
vt 0.107900 0.415100
vt 0.104000 0.414600
vt 0.102200 0.414100
vt 0.102000 0.415900
vt 0.099800 0.415100
vt 0.100300 0.413400
vt 0.102300 0.412400
vt 0.103900 0.412800
vt 0.100800 0.411800
vt 0.098600 0.412600
vt 0.097600 0.414100
vt 0.099500 0.411200
vt 0.100200 0.409900
vt 0.101400 0.410400
vt 0.102600 0.410800
vt 0.100900 0.408600
vt 0.101900 0.409000
vt 0.102900 0.409300
vt 0.103400 0.407900
vt 0.102400 0.407600
vt 0.101400 0.407200
vt 0.099200 0.409400
vt 0.099800 0.408200
vt 0.100300 0.406900
vt 0.102000 0.405800
vt 0.103000 0.406200
vt 0.100800 0.405500
vt 0.099000 0.406700
vt 0.098700 0.408000
vt 0.099500 0.405100
vt 0.097500 0.406600
vt 0.098000 0.404800
vt 0.097300 0.408200
vt 0.098400 0.409000
vt 0.097500 0.409500
vt 0.095700 0.406500
vt 0.095600 0.408500
vt 0.096000 0.410200
vt 0.093400 0.408800
vt 0.093600 0.406400
vt 0.093900 0.411100
vt 0.091200 0.406000
vt 0.090800 0.408800
vt 0.090500 0.412200
vt 0.097000 0.411500
vt 0.095400 0.412800
vt 0.094000 0.414500
vt 0.087100 0.409900
vt 0.088000 0.407900
vt 0.085400 0.410700
vt 0.083100 0.410700
vt 0.084400 0.408400
vt 0.083400 0.409400
vt 0.082400 0.409800
vt 0.080700 0.410300
vt 0.080600 0.409300
vt 0.081000 0.408500
vt 0.078300 0.408700
vt 0.078300 0.409700
vt 0.078500 0.407700
vt 0.078900 0.406500
vt 0.081700 0.407300
vt 0.082300 0.405600
vt 0.085200 0.406700
vt 0.079400 0.404700
vt 0.085800 0.404400
vt 0.082900 0.403500
vt 0.080000 0.402600
vt 0.080600 0.400300
vt 0.083600 0.401100
vt 0.086500 0.401900
vt 0.076500 0.404000
vt 0.077000 0.401900
vt 0.077600 0.399600
vt 0.081300 0.397900
vt 0.078200 0.397300
vt 0.084300 0.398600
vt 0.075200 0.396800
vt 0.074700 0.399100
vt 0.074200 0.401400
vt 0.071400 0.401000
vt 0.071900 0.398700
vt 0.072400 0.396400
vt 0.075800 0.394500
vt 0.078800 0.395000
vt 0.072900 0.394100
vt 0.069900 0.396100
vt 0.070300 0.393800
vt 0.068200 0.393600
vt 0.066300 0.393400
vt 0.070800 0.391600
vt 0.068600 0.391400
vt 0.066700 0.391200
vt 0.065100 0.391000
vt 0.063500 0.390600
vt 0.065400 0.389000
vt 0.067000 0.389100
vt 0.064000 0.388600
vt 0.062000 0.389900
vt 0.062700 0.387700
vt 0.060400 0.389100
vt 0.061200 0.386500
vt 0.058700 0.388300
vt 0.059500 0.385000
vt 0.062400 0.384400
vt 0.060800 0.382300
vt 0.063600 0.386100
vt 0.064100 0.383200
vt 0.065000 0.385200
vt 0.063000 0.380800
vt 0.062100 0.378100
vt 0.057500 0.383900
vt 0.065200 0.377600
vt 0.065600 0.380200
vt 0.066300 0.382600
vt 0.068300 0.377500
vt 0.068500 0.380100
vt 0.068700 0.382500
vt 0.069000 0.384800
vt 0.066800 0.384800
vt 0.067100 0.387000
vt 0.069100 0.387000
vt 0.065500 0.387100
vt 0.064300 0.387200
vt 0.068900 0.389200
vt 0.071400 0.387200
vt 0.071200 0.389400
vt 0.071500 0.384900
vt 0.074200 0.387500
vt 0.073900 0.389700
vt 0.073400 0.391900
vt 0.076300 0.392300
vt 0.076900 0.390100
vt 0.077300 0.387900
vt 0.074400 0.385300
vt 0.077700 0.385800
vt 0.078000 0.383600
vt 0.074600 0.383000
vt 0.071500 0.382600
vt 0.071500 0.380300
vt 0.074700 0.380700
vt 0.078300 0.381400
vt 0.071500 0.377800
vt 0.075000 0.378400
vt 0.071700 0.375200
vt 0.075300 0.375900
vt 0.068400 0.374800
vt 0.065100 0.374700
vt 0.072100 0.372600
vt 0.068600 0.372100
vt 0.065400 0.371700
vt 0.065700 0.368700
vt 0.069000 0.369200
vt 0.072500 0.369900
vt 0.062400 0.371500
vt 0.062700 0.368300
vt 0.062000 0.374800
vt 0.066200 0.365800
vt 0.063200 0.365200
vt 0.063600 0.362400
vt 0.066700 0.363000
vt 0.067300 0.360400
vt 0.064200 0.359600
vt 0.064700 0.357000
vt 0.067900 0.357800
vt 0.070600 0.361300
vt 0.070000 0.363800
vt 0.071300 0.358800
vt 0.068500 0.355300
vt 0.065400 0.354400
vt 0.071900 0.356400
vt 0.075600 0.357600
vt 0.074900 0.359900
vt 0.074300 0.362300
vt 0.078800 0.361200
vt 0.078200 0.363600
vt 0.079500 0.358900
vt 0.073700 0.364800
vt 0.077500 0.366000
vt 0.082200 0.365000
vt 0.082900 0.362600
vt 0.081600 0.367300
vt 0.080900 0.369700
vt 0.076900 0.368400
vt 0.073100 0.367300
vt 0.086500 0.366400
vt 0.085800 0.368800
vt 0.085100 0.371100
vt 0.084400 0.373400
vt 0.080200 0.372100
vt 0.076300 0.370900
vt 0.079600 0.374500
vt 0.075700 0.373400
vt 0.083700 0.375700
vt 0.087900 0.377000
vt 0.088600 0.374800
vt 0.089400 0.372600
vt 0.087100 0.379100
vt 0.083000 0.377900
vt 0.079100 0.376800
vt 0.078600 0.379200
vt 0.082500 0.380100
vt 0.086400 0.381200
vt 0.082000 0.382200
vt 0.081500 0.384300
vt 0.085300 0.385100
vt 0.085800 0.383100
vt 0.081100 0.386400
vt 0.084700 0.387100
vt 0.089100 0.386000
vt 0.088400 0.387900
vt 0.089800 0.384100
vt 0.093000 0.386900
vt 0.093800 0.385100
vt 0.092200 0.388700
vt 0.091300 0.390600
vt 0.087700 0.389800
vt 0.084100 0.389100
vt 0.090200 0.392600
vt 0.086800 0.391800
vt 0.083400 0.391200
vt 0.082700 0.393300
vt 0.086000 0.394000
vt 0.089100 0.394700
vt 0.088100 0.397000
vt 0.085100 0.396200
vt 0.082000 0.395600
vt 0.087200 0.399400
vt 0.091000 0.397800
vt 0.090000 0.400200
vt 0.089200 0.402700
vt 0.092600 0.400900
vt 0.091800 0.403400
vt 0.093600 0.398600
vt 0.088600 0.405300
vt 0.094100 0.404000
vt 0.094800 0.401700
vt 0.096200 0.404400
vt 0.096900 0.402300
vt 0.095800 0.399500
vt 0.097700 0.400300
vt 0.099400 0.401100
vt 0.098600 0.402900
vt 0.100100 0.403400
vt 0.100900 0.401700
vt 0.098800 0.398400
vt 0.100300 0.399300
vt 0.101600 0.400100
vt 0.102800 0.400700
vt 0.102100 0.402300
vt 0.101400 0.403900
vt 0.102300 0.398800
vt 0.103400 0.399300
vt 0.101300 0.398000
vt 0.103900 0.401200
vt 0.103200 0.402800
vt 0.104500 0.399600
vt 0.102800 0.397900
vt 0.103700 0.398000
vt 0.104900 0.398200
vt 0.106100 0.398600
vt 0.105500 0.400100
vt 0.104900 0.401600
vt 0.105800 0.402000
vt 0.106500 0.400500
vt 0.107300 0.399100
vt 0.106600 0.397300
vt 0.108100 0.398000
vt 0.105100 0.396900
vt 0.108900 0.396900
vt 0.107000 0.396100
vt 0.105200 0.395600
vt 0.103600 0.396700
vt 0.103300 0.395500
vt 0.105200 0.394400
vt 0.107500 0.395000
vt 0.102700 0.394100
vt 0.101600 0.395800
vt 0.102300 0.397000
vt 0.100400 0.394400
vt 0.100100 0.396900
vt 0.098500 0.395600
vt 0.097000 0.397400
vt 0.094800 0.396400
vt 0.096400 0.394400
vt 0.098800 0.392500
vt 0.092100 0.395500
vt 0.093600 0.393400
vt 0.094900 0.391500
vt 0.095900 0.389600
vt 0.099500 0.390400
vt 0.100400 0.388700
vt 0.096800 0.387800
vt 0.103800 0.389500
vt 0.102900 0.391100
vt 0.102500 0.392600
vt 0.097700 0.386100
vt 0.101400 0.387000
vt 0.104800 0.387900
vt 0.102500 0.385400
vt 0.105900 0.386300
vt 0.098700 0.384400
vt 0.109000 0.387200
vt 0.107900 0.388800
vt 0.106900 0.390200
vt 0.110900 0.389600
vt 0.109900 0.391100
vt 0.112000 0.388100
vt 0.110100 0.385600
vt 0.113100 0.386400
vt 0.107000 0.384700
vt 0.111200 0.383800
vt 0.114100 0.384700
vt 0.108100 0.382900
vt 0.103600 0.383700
vt 0.104700 0.381900
vt 0.099700 0.382600
vt 0.100800 0.380800
vt 0.101800 0.378900
vt 0.105700 0.380100
vt 0.109200 0.381100
vt 0.106700 0.378100
vt 0.110200 0.379100
vt 0.102800 0.376800
vt 0.113300 0.380000
vt 0.112300 0.382000
vt 0.116200 0.380800
vt 0.115200 0.382800
vt 0.118900 0.381600
vt 0.118000 0.383600
vt 0.116900 0.385500
vt 0.121700 0.382400
vt 0.120700 0.384500
vt 0.119800 0.386500
vt 0.115900 0.387300
vt 0.118700 0.388300
vt 0.122800 0.387500
vt 0.121800 0.389400
vt 0.123700 0.385500
vt 0.126300 0.388700
vt 0.125300 0.390700
vt 0.127200 0.386600
vt 0.130400 0.390100
vt 0.131300 0.387900
vt 0.129400 0.392200
vt 0.135400 0.391800
vt 0.134500 0.394000
vt 0.136300 0.389600
vt 0.132200 0.385700
vt 0.137100 0.387300
vt 0.128100 0.384400
vt 0.133000 0.383500
vt 0.138000 0.385000
vt 0.129000 0.382200
vt 0.133900 0.381200
vt 0.138800 0.382700
vt 0.129800 0.379900
vt 0.126400 0.378900
vt 0.125600 0.381200
vt 0.124700 0.383400
vt 0.130600 0.377600
vt 0.134600 0.378800
vt 0.127200 0.376500
vt 0.135300 0.376500
vt 0.131300 0.375200
vt 0.127900 0.374100
vt 0.131900 0.372800
vt 0.135900 0.374100
vt 0.128500 0.371800
vt 0.136400 0.371700
vt 0.132300 0.370400
vt 0.128900 0.369400
vt 0.124900 0.373200
vt 0.125500 0.370800
vt 0.126000 0.368400
vt 0.126400 0.366000
vt 0.129300 0.367000
vt 0.132700 0.368000
vt 0.129700 0.364600
vt 0.126700 0.363700
vt 0.133100 0.365700
vt 0.136800 0.369300
vt 0.137100 0.367000
vt 0.142000 0.368500
vt 0.141600 0.370900
vt 0.141200 0.373300
vt 0.146700 0.374900
vt 0.147100 0.372600
vt 0.147400 0.370200
vt 0.142300 0.366200
vt 0.147700 0.367800
vt 0.137400 0.364600
vt 0.148000 0.365400
vt 0.142400 0.363800
vt 0.137500 0.362200
vt 0.137200 0.359800
vt 0.142400 0.361400
vt 0.148200 0.363100
vt 0.133300 0.363300
vt 0.133400 0.361000
vt 0.133300 0.358600
vt 0.130100 0.359900
vt 0.129900 0.362200
vt 0.130100 0.357600
vt 0.126900 0.361300
vt 0.127100 0.359000
vt 0.124200 0.358100
vt 0.124100 0.360500
vt 0.123900 0.362800
vt 0.127200 0.356600
vt 0.124300 0.355700
vt 0.121300 0.359700
vt 0.121400 0.357300
vt 0.121400 0.354900
vt 0.118400 0.356500
vt 0.118400 0.358900
vt 0.118300 0.361300
vt 0.121200 0.362000
vt 0.123600 0.365200
vt 0.120900 0.364400
vt 0.118000 0.363600
vt 0.117600 0.366000
vt 0.120500 0.366800
vt 0.123200 0.367600
vt 0.114900 0.362800
vt 0.115200 0.360400
vt 0.114500 0.365200
vt 0.117100 0.368400
vt 0.114000 0.367500
vt 0.120000 0.369200
vt 0.116500 0.370800
vt 0.119400 0.371600
vt 0.113400 0.369900
vt 0.111000 0.364200
vt 0.110500 0.366500
vt 0.109900 0.368900
vt 0.115800 0.373200
vt 0.112700 0.372300
vt 0.109200 0.371200
vt 0.105800 0.367700
vt 0.106500 0.365300
vt 0.105200 0.370000
vt 0.108500 0.373600
vt 0.104400 0.372300
vt 0.112000 0.374600
vt 0.107600 0.375900
vt 0.103600 0.374600
vt 0.111100 0.376900
vt 0.115100 0.375500
vt 0.114200 0.377800
vt 0.117900 0.376400
vt 0.117100 0.378600
vt 0.119800 0.379400
vt 0.120700 0.377100
vt 0.118700 0.374000
vt 0.121400 0.374800
vt 0.123400 0.378000
vt 0.122600 0.380200
vt 0.124200 0.375600
vt 0.122100 0.372400
vt 0.122700 0.370000
vt 0.098400 0.375500
vt 0.099300 0.373300
vt 0.100100 0.371000
vt 0.093900 0.374000
vt 0.094700 0.371800
vt 0.095500 0.369500
vt 0.097500 0.377600
vt 0.093100 0.376200
vt 0.090200 0.370300
vt 0.092200 0.378300
vt 0.096600 0.379600
vt 0.091400 0.380300
vt 0.095600 0.381500
vt 0.094700 0.383300
vt 0.090600 0.382200
vt 0.090900 0.368000
vt 0.091600 0.365700
vt 0.096200 0.367200
vt 0.087200 0.364100
vt 0.083600 0.360400
vt 0.087900 0.361900
vt 0.092300 0.363400
vt 0.084200 0.358100
vt 0.088500 0.359700
vt 0.080100 0.356700
vt 0.076200 0.355300
vt 0.084800 0.355900
vt 0.080700 0.354400
vt 0.076900 0.353000
vt 0.077600 0.350600
vt 0.081400 0.352200
vt 0.085400 0.353700
vt 0.089100 0.357500
vt 0.089600 0.355300
vt 0.086100 0.351600
vt 0.082200 0.349900
vt 0.090200 0.353200
vt 0.093500 0.359000
vt 0.094000 0.356800
vt 0.094500 0.354700
vt 0.090800 0.351000
vt 0.094900 0.352500
vt 0.086900 0.349400
vt 0.095200 0.350400
vt 0.091300 0.348900
vt 0.087700 0.347200
vt 0.083100 0.347700
vt 0.084100 0.345500
vt 0.088500 0.345100
vt 0.091800 0.346800
vt 0.085200 0.343300
vt 0.080700 0.343600
vt 0.079500 0.346000
vt 0.082000 0.341400
vt 0.089300 0.343000
vt 0.086300 0.341200
vt 0.083400 0.339400
vt 0.078600 0.339200
vt 0.080100 0.336700
vt 0.077300 0.341700
vt 0.076000 0.344200
vt 0.072700 0.342600
vt 0.071600 0.345300
vt 0.074900 0.346700
vt 0.078500 0.348300
vt 0.068500 0.344000
vt 0.069600 0.341200
vt 0.070600 0.347900
vt 0.067500 0.346700
vt 0.066700 0.349300
vt 0.069800 0.350400
vt 0.074000 0.349200
vt 0.073200 0.351600
vt 0.072500 0.354000
vt 0.069100 0.352900
vt 0.066000 0.351900
vt 0.060500 0.413500
vt 0.061600 0.411300
vt 0.062800 0.409100
vt 0.060500 0.405700
vt 0.061800 0.403900
vt 0.059400 0.404600
vt 0.060700 0.403600
vt 0.059200 0.402800
vt 0.060900 0.402100
vt 0.092200 0.344700
vt 0.095200 0.346500
vt 0.095400 0.348300
vt 0.099400 0.349600
vt 0.099400 0.351700
vt 0.099400 0.347400
vt 0.103600 0.352900
vt 0.103600 0.350600
vt 0.103600 0.348400
vt 0.107800 0.353900
vt 0.081400 0.421900
vt 0.080500 0.420900
vt 0.077800 0.420900
vt 0.077700 0.420000
vt 0.079800 0.419900
vt 0.077900 0.419200
vt 0.078600 0.418400
vt 0.074800 0.418900
vt 0.074100 0.419800
vt 0.107800 0.356200
vt 0.103600 0.355100
vt 0.099200 0.353900
vt 0.103400 0.357400
vt 0.107700 0.358500
vt 0.098900 0.356100
vt 0.103100 0.359600
vt 0.098600 0.358300
vt 0.098100 0.360400
vt 0.102600 0.361800
vt 0.107400 0.360800
vt 0.107000 0.363100
vt 0.102100 0.364000
vt 0.097500 0.362600
vt 0.101500 0.366300
vt 0.096900 0.364900
vt 0.092900 0.361200
vt 0.100800 0.368600
vt 0.111400 0.361900
vt 0.111700 0.359500
vt 0.111800 0.357200
vt 0.115300 0.358100
vt 0.115200 0.355700
vt 0.111700 0.354800
vt 0.121300 0.352500
vt 0.124400 0.353300
vt 0.097400 0.427200
vt 0.100300 0.428200
vt 0.127300 0.354200
vt 0.103400 0.428600
vt 0.130200 0.355200
vt 0.106500 0.429100
vt 0.106900 0.426600
vt 0.110300 0.427200
vt 0.109500 0.429500
vt 0.112600 0.430000
vt 0.114500 0.428200
vt 0.115200 0.425900
vt 0.115500 0.423300
vt 0.120700 0.427400
vt 0.120000 0.429700
vt 0.121100 0.424900
vt 0.115100 0.420000
vt 0.121700 0.422300
vt 0.117600 0.417800
vt 0.122900 0.420000
vt 0.111800 0.416900
vt 0.113700 0.415700
vt 0.109600 0.414700
vt 0.111000 0.413700
vt 0.108100 0.413000
vt 0.109100 0.412100
vt 0.106800 0.413200
vt 0.105400 0.413100
vt 0.105000 0.411400
vt 0.106300 0.411700
vt 0.107300 0.411900
vt 0.103800 0.411100
vt 0.104000 0.409600
vt 0.105100 0.409900
vt 0.105400 0.408500
vt 0.104300 0.408200
vt 0.103900 0.406500
vt 0.104800 0.406800
vt 0.105900 0.407200
vt 0.106600 0.409000
vt 0.106300 0.410300
vt 0.107100 0.407700
vt 0.106500 0.405800
vt 0.105400 0.405400
vt 0.107700 0.406200
vt 0.107100 0.404300
vt 0.108400 0.404800
vt 0.106100 0.403900
vt 0.104500 0.405100
vt 0.105100 0.403500
vt 0.107800 0.402900
vt 0.106800 0.402400
vt 0.107600 0.401000
vt 0.108600 0.401500
vt 0.104200 0.403200
vt 0.109000 0.403300
vt 0.109800 0.402100
vt 0.109600 0.400400
vt 0.108500 0.399700
vt 0.110700 0.401100
vt 0.111600 0.401700
vt 0.111100 0.402500
vt 0.110600 0.403800
vt 0.112900 0.402800
vt 0.112600 0.404300
vt 0.112900 0.401500
vt 0.112100 0.400400
vt 0.115000 0.401400
vt 0.113900 0.400000
vt 0.115300 0.403100
vt 0.117900 0.401400
vt 0.118600 0.403500
vt 0.116300 0.399600
vt 0.115200 0.404800
vt 0.118500 0.405600
vt 0.122300 0.401500
vt 0.122800 0.404400
vt 0.122700 0.406800
vt 0.118000 0.407800
vt 0.114700 0.406700
vt 0.122200 0.409100
vt 0.127800 0.408500
vt 0.127200 0.410900
vt 0.128200 0.406200
vt 0.133600 0.410600
vt 0.134300 0.408400
vt 0.132900 0.412900
vt 0.139700 0.412800
vt 0.139000 0.415100
vt 0.140500 0.410600
vt 0.132100 0.415200
vt 0.138200 0.417400
vt 0.126400 0.413100
vt 0.131200 0.417500
vt 0.125500 0.415400
vt 0.137300 0.419700
vt 0.144300 0.419600
vt 0.143500 0.421900
vt 0.145100 0.417300
vt 0.142600 0.424300
vt 0.136400 0.422000
vt 0.130200 0.419800
vt 0.135400 0.424300
vt 0.129100 0.422100
vt 0.141600 0.426600
vt 0.148400 0.426600
vt 0.147500 0.429000
vt 0.149300 0.424300
vt 0.154300 0.429200
vt 0.155300 0.426700
vt 0.153400 0.431600
vt 0.160600 0.432000
vt 0.159600 0.434500
vt 0.161600 0.429400
vt 0.152400 0.434000
vt 0.158700 0.437000
vt 0.146600 0.431300
vt 0.151500 0.436400
vt 0.145700 0.433700
vt 0.157700 0.439500
vt 0.165700 0.440500
vt 0.164700 0.443100
vt 0.166700 0.437900
vt 0.163400 0.445500
vt 0.156500 0.441800
vt 0.150500 0.438700
vt 0.155100 0.444000
vt 0.149500 0.441000
vt 0.161700 0.447600
vt 0.171700 0.449800
vt 0.170300 0.452200
vt 0.172800 0.447300
vt 0.180600 0.454500
vt 0.181500 0.451700
vt 0.179800 0.457300
vt 0.189400 0.459000
vt 0.189200 0.462200
vt 0.190000 0.455900
vt 0.179000 0.460000
vt 0.189200 0.465600
vt 0.168700 0.454500
vt 0.197500 0.365800
vt 0.198400 0.368700
vt 0.190200 0.368500
vt 0.189100 0.365600
vt 0.205800 0.366100
vt 0.206400 0.368800
vt 0.214100 0.366300
vt 0.213100 0.368400
vt 0.199500 0.471100
vt 0.197500 0.466400
vt 0.199300 0.371600
vt 0.207200 0.371600
vt 0.214000 0.371200
vt 0.217400 0.367400
vt 0.219100 0.370200
vt 0.215900 0.364700
vt 0.215400 0.374200
vt 0.208300 0.374600
vt 0.221000 0.373300
vt 0.222900 0.368700
vt 0.220300 0.365900
vt 0.225500 0.371900
vt 0.217100 0.377500
vt 0.223000 0.376700
vt 0.227900 0.375400
vt 0.226100 0.366800
vt 0.229200 0.369900
vt 0.232000 0.373400
vt 0.234500 0.377700
vt 0.230000 0.379400
vt 0.224800 0.380500
vt 0.231800 0.383700
vt 0.226400 0.384500
vt 0.236600 0.382300
vt 0.235900 0.370900
vt 0.238700 0.375300
vt 0.241000 0.380300
vt 0.242800 0.385600
vt 0.238100 0.387100
vt 0.233200 0.388100
vt 0.234100 0.392400
vt 0.239200 0.391900
vt 0.244000 0.390800
vt 0.247500 0.383500
vt 0.248900 0.389300
vt 0.245500 0.377700
vt 0.253900 0.387300
vt 0.252300 0.380900
vt 0.250200 0.374600
vt 0.255100 0.371200
vt 0.257200 0.378100
vt 0.258900 0.384900
vt 0.255000 0.393300
vt 0.249800 0.394800
vt 0.260200 0.391500
vt 0.263900 0.382500
vt 0.262200 0.375400
vt 0.265300 0.389300
vt 0.255600 0.399100
vt 0.261100 0.397900
vt 0.266600 0.396100
vt 0.261700 0.404300
vt 0.255700 0.404700
vt 0.267700 0.403100
vt 0.255000 0.410000
vt 0.261300 0.410500
vt 0.268900 0.411400
vt 0.264700 0.418400
vt 0.259200 0.416200
vt 0.253500 0.415000
vt 0.251400 0.419500
vt 0.256300 0.421300
vt 0.260800 0.423700
vt 0.274300 0.417400
vt 0.269500 0.422300
vt 0.264900 0.427200
vt 0.257100 0.428100
vt 0.253200 0.425600
vt 0.260600 0.431300
vt 0.268800 0.431200
vt 0.273900 0.427000
vt 0.263800 0.435000
vt 0.253500 0.431700
vt 0.256500 0.434700
vt 0.259100 0.438100
vt 0.272600 0.435600
vt 0.266900 0.439300
vt 0.261500 0.442100
vt 0.276700 0.440100
vt 0.270500 0.443600
vt 0.263900 0.447200
vt 0.281300 0.444400
vt 0.275200 0.447700
vt 0.270000 0.450900
vt 0.261700 0.451800
vt 0.257100 0.450700
vt 0.257500 0.447300
vt 0.266400 0.454100
vt 0.256600 0.443700
vt 0.253100 0.447400
vt 0.252400 0.444600
vt 0.252900 0.450200
vt 0.249800 0.447600
vt 0.249100 0.445400
vt 0.249500 0.449800
vt 0.247600 0.447700
vt 0.246700 0.449200
vt 0.246500 0.446400
vt 0.245400 0.451300
vt 0.248500 0.452200
vt 0.252000 0.453000
vt 0.244400 0.448000
vt 0.242700 0.450100
vt 0.244200 0.453600
vt 0.241200 0.452400
vt 0.247400 0.454700
vt 0.240300 0.448800
vt 0.238400 0.451300
vt 0.242400 0.446600
vt 0.237900 0.447400
vt 0.240300 0.445000
vt 0.235800 0.450100
vt 0.244800 0.444700
vt 0.243000 0.442900
vt 0.247700 0.443200
vt 0.245900 0.441000
vt 0.240900 0.441100
vt 0.243800 0.439000
vt 0.238100 0.443500
vt 0.238500 0.439500
vt 0.241300 0.437200
vt 0.235600 0.442100
vt 0.235500 0.446100
vt 0.233000 0.444900
vt 0.233200 0.448900
vt 0.230500 0.447900
vt 0.231200 0.451800
vt 0.234000 0.452800
vt 0.228500 0.451000
vt 0.236800 0.453800
vt 0.235500 0.456400
vt 0.232600 0.455600
vt 0.229700 0.454800
vt 0.228700 0.457900
vt 0.231600 0.458500
vt 0.234500 0.459100
vt 0.234000 0.461800
vt 0.231100 0.461500
vt 0.228200 0.461200
vt 0.237500 0.459800
vt 0.236900 0.462100
vt 0.238500 0.457400
vt 0.240500 0.460700
vt 0.241600 0.458400
vt 0.239600 0.462800
vt 0.234200 0.464500
vt 0.236900 0.464400
vt 0.239000 0.464300
vt 0.242100 0.464000
vt 0.240400 0.465700
vt 0.243500 0.462000
vt 0.242600 0.467700
vt 0.244700 0.465700
vt 0.246500 0.463500
vt 0.249600 0.465100
vt 0.247500 0.467600
vt 0.245100 0.469800
vt 0.248100 0.461000
vt 0.251400 0.462500
vt 0.244800 0.459600
vt 0.249500 0.458400
vt 0.253000 0.459700
vt 0.246200 0.457200
vt 0.242900 0.456000
vt 0.239800 0.454900
vt 0.250900 0.455700
vt 0.255800 0.453900
vt 0.254500 0.456900
vt 0.259900 0.455300
vt 0.258100 0.458300
vt 0.256400 0.461200
vt 0.263900 0.457200
vt 0.261800 0.460100
vt 0.259800 0.462800
vt 0.254600 0.464000
vt 0.257800 0.465700
vt 0.262900 0.464600
vt 0.260900 0.467300
vt 0.265200 0.462000
vt 0.265700 0.466200
vt 0.263800 0.468700
vt 0.268100 0.464100
vt 0.267800 0.459600
vt 0.271100 0.462200
vt 0.267600 0.467400
vt 0.270000 0.466500
vt 0.273500 0.465100
vt 0.270900 0.457100
vt 0.274700 0.460200
vt 0.277700 0.463500
vt 0.279800 0.466800
vt 0.274900 0.468200
vt 0.270600 0.469200
vt 0.275100 0.471700
vt 0.280900 0.470500
vt 0.270000 0.472400
vt 0.265600 0.472400
vt 0.267000 0.469500
vt 0.261900 0.471600
vt 0.259741 0.474257
vt 0.264346 0.474282
vt 0.260744 0.474290
vt 0.258700 0.470200
vt 0.259228 0.474254
vt 0.258332 0.474286
vt 0.256100 0.473100
vt 0.649332 0.481714
vt 0.649485 0.481569
vt 0.649725 0.481236
vt 0.659775 0.459447
vt 0.661340 0.443575
vt 0.664734 0.428585
vt 0.663608 0.402155
vt 0.663025 0.396392
vt 0.661485 0.391955
vt 0.654757 0.365772
vt 0.643800 0.344690
vt 0.639108 0.337191
vt 0.624825 0.321042
vt 0.615727 0.310246
vt 0.611898 0.306983
vt 0.605944 0.302298
vt 0.587246 0.285655
vt 0.576048 0.277874
vt 0.557763 0.265650
vt 0.556198 0.264583
vt 0.537605 0.254559
vt 0.524848 0.247970
vt 0.506291 0.240690
vt 0.498056 0.237752
vt 0.492638 0.235984
vt 0.459418 0.228030
vt 0.458119 0.227802
vt 0.456215 0.227503
vt 0.423851 0.224905
vt 0.417741 0.224692
vt 0.409982 0.224606
vt 0.385608 0.226797
vt 0.377173 0.227815
vt 0.368586 0.229130
vt 0.341023 0.237016
vt 0.335674 0.238752
vt 0.331898 0.240113
vt 0.321567 0.245588
vt 0.299574 0.256875
vt 0.289476 0.264111
vt 0.270655 0.278452
vt 0.255652 0.293696
vt 0.245391 0.303453
vt 0.228335 0.324931
vt 0.223846 0.330773
vt 0.222707 0.332822
vt 0.220755 0.336016
vt 0.207675 0.359789
vt 0.205214 0.367491
vt 0.201700 0.376830
vt 0.197744 0.389947
vt 0.196774 0.400136
vt 0.195098 0.410566
vt 0.194125 0.421643
vt 0.195079 0.431700
vt 0.195347 0.440325
vt 0.197028 0.455387
vt 0.198962 0.462251
vt 0.200159 0.467055
vt 0.208788 0.491172
vt 0.208870 0.491346
vt 0.209009 0.491626
vt 0.223406 0.511348
vt 0.228749 0.517747
vt 0.240798 0.530086
vt 0.241404 0.530663
vt 0.255567 0.541922
vt 0.262546 0.546438
vt 0.279773 0.557616
vt 0.286404 0.562236
vt 0.288932 0.564065
vt 0.294462 0.567639
vt 0.313679 0.578019
vt 0.324668 0.584463
vt 0.340321 0.592925
vt 0.346724 0.595520
vt 0.363115 0.603151
vt 0.376855 0.609862
vt 0.404302 0.618041
vt 0.406488 0.618782
vt 0.407285 0.619120
vt 0.408375 0.619345
vt 0.422332 0.620918
vt 0.434284 0.622364
vt 0.451428 0.621503
vt 0.460325 0.619582
vt 0.473098 0.615712
vt 0.480826 0.614076
vt 0.489469 0.610761
vt 0.498152 0.607778
vt 0.509895 0.604910
vt 0.518155 0.600375
vt 0.527627 0.595241
vt 0.535595 0.592587
vt 0.549076 0.586106
vt 0.552533 0.584216
vt 0.553804 0.583221
vt 0.556389 0.581627
vt 0.570559 0.574990
vt 0.575301 0.571652
vt 0.581114 0.567707
vt 0.589236 0.563473
vt 0.594791 0.559140
vt 0.598927 0.555139
vt 0.609613 0.546414
vt 0.611762 0.544017
vt 0.612599 0.542494
vt 0.614176 0.539519
vt 0.621506 0.529459
vt 0.627042 0.522071
vt 0.629685 0.515978
vt 0.631609 0.510593
vt 0.639115 0.500570
vt 0.648961 0.482333
vt 0.254609 0.474358
vt 0.253030 0.474392
vt 0.251208 0.474498
vt 0.250300 0.473800
vt 0.253200 0.471300
vt 0.248978 0.474631
vt 0.247131 0.474787
vt 0.245618 0.474925
vt 0.244600 0.474000
vt 0.247700 0.471900
vt 0.242011 0.475479
vt 0.241227 0.475563
vt 0.240780 0.475589
vt 0.239000 0.473300
vt 0.242200 0.471600
vt 0.239857 0.475734
vt 0.236501 0.476379
vt 0.235700 0.475000
vt 0.235004 0.476991
vt 0.232783 0.477617
vt 0.232200 0.476100
vt 0.231113 0.478252
vt 0.229748 0.479284
vt 0.228600 0.476200
vt 0.228557 0.480172
vt 0.226200 0.479700
vt 0.224900 0.475600
vt 0.225500 0.355200
vt 0.226796 0.353727
vt 0.227340 0.354932
vt 0.228007 0.355865
vt 0.229207 0.357830
vt 0.227800 0.359400
vt 0.223300 0.357600
vt 0.230180 0.359169
vt 0.232296 0.361294
vt 0.232200 0.361400
vt 0.229100 0.364400
vt 0.225200 0.361900
vt 0.221100 0.360000
vt 0.222800 0.364100
vt 0.219400 0.361600
vt 0.218300 0.478200
vt 0.217300 0.474000
vt 0.221200 0.475000
vt 0.222200 0.479000
vt 0.213600 0.476400
vt 0.213100 0.472700
vt 0.208900 0.474700
vt 0.208600 0.471100
vt 0.217600 0.363100
vt 0.204200 0.472900
vt 0.203700 0.469200
vt 0.197300 0.462800
vt 0.203500 0.465600
vt 0.208500 0.467600
vt 0.197600 0.459500
vt 0.203700 0.462200
vt 0.208600 0.464100
vt 0.198400 0.456300
vt 0.204300 0.458900
vt 0.190800 0.452900
vt 0.199200 0.453000
vt 0.205000 0.455400
vt 0.191800 0.449700
vt 0.182400 0.448800
vt 0.183400 0.445800
vt 0.173800 0.444500
vt 0.174800 0.441800
vt 0.184500 0.442800
vt 0.175900 0.438900
vt 0.167700 0.435200
vt 0.168800 0.432500
vt 0.177000 0.436000
vt 0.185600 0.439700
vt 0.169800 0.429800
vt 0.178100 0.433100
vt 0.162600 0.426900
vt 0.170900 0.427100
vt 0.179300 0.430200
vt 0.163600 0.424300
vt 0.156200 0.424300
vt 0.157100 0.421900
vt 0.150200 0.421900
vt 0.151100 0.419600
vt 0.158000 0.419500
vt 0.151900 0.417300
vt 0.145900 0.415100
vt 0.146700 0.412900
vt 0.152700 0.415000
vt 0.158900 0.417100
vt 0.147600 0.410700
vt 0.153600 0.412800
vt 0.141300 0.408500
vt 0.148500 0.408600
vt 0.154600 0.410700
vt 0.142200 0.406400
vt 0.135000 0.406200
vt 0.136000 0.404100
vt 0.128800 0.403900
vt 0.129900 0.401900
vt 0.124500 0.399700
vt 0.118600 0.398900
vt 0.120500 0.397700
vt 0.115800 0.397200
vt 0.117200 0.396000
vt 0.114100 0.398100
vt 0.112000 0.396800
vt 0.113200 0.395800
vt 0.114400 0.394600
vt 0.112400 0.398800
vt 0.110700 0.397700
vt 0.110700 0.394700
vt 0.109800 0.395800
vt 0.108100 0.393800
vt 0.111700 0.393500
vt 0.108900 0.392500
vt 0.105400 0.393100
vt 0.106100 0.391700
vt 0.112700 0.392100
vt 0.113800 0.390600
vt 0.115500 0.393200
vt 0.116600 0.391700
vt 0.114800 0.389000
vt 0.117700 0.390000
vt 0.120700 0.391200
vt 0.119700 0.392900
vt 0.124300 0.392600
vt 0.123200 0.394400
vt 0.118500 0.394500
vt 0.121900 0.396100
vt 0.126100 0.397900
vt 0.127300 0.396100
vt 0.131200 0.400000
vt 0.132400 0.398000
vt 0.128400 0.394200
vt 0.133500 0.396000
vt 0.137100 0.402200
vt 0.138100 0.400100
vt 0.139200 0.398100
vt 0.140100 0.395900
vt 0.145200 0.400200
vt 0.144200 0.402300
vt 0.146200 0.397900
vt 0.141000 0.393600
vt 0.147100 0.395600
vt 0.153200 0.397500
vt 0.152400 0.399900
vt 0.151400 0.402200
vt 0.158400 0.401800
vt 0.157500 0.404200
vt 0.159300 0.399400
vt 0.154100 0.395100
vt 0.160200 0.396900
vt 0.147900 0.393200
vt 0.154900 0.392600
vt 0.148700 0.390800
vt 0.161000 0.394400
vt 0.142700 0.389000
vt 0.141900 0.391300
vt 0.143500 0.386700
vt 0.149500 0.388500
vt 0.144300 0.384300
vt 0.150300 0.386100
vt 0.156400 0.387800
vt 0.155600 0.390200
vt 0.161700 0.391900
vt 0.162400 0.389400
vt 0.157000 0.385400
vt 0.163000 0.387000
vt 0.151000 0.383700
vt 0.157600 0.383000
vt 0.151600 0.381400
vt 0.163600 0.384500
vt 0.145000 0.382000
vt 0.145700 0.379700
vt 0.152100 0.379000
vt 0.158100 0.380600
vt 0.146200 0.377300
vt 0.140200 0.378000
vt 0.140800 0.375600
vt 0.139500 0.380300
vt 0.152500 0.376600
vt 0.152900 0.374200
vt 0.158500 0.378200
vt 0.158800 0.375700
vt 0.164300 0.379500
vt 0.164000 0.382000
vt 0.164600 0.377000
vt 0.159100 0.373300
vt 0.153200 0.371800
vt 0.164900 0.374400
vt 0.170400 0.380700
vt 0.170600 0.378000
vt 0.170700 0.375300
vt 0.165100 0.371900
vt 0.170800 0.372700
vt 0.159400 0.370800
vt 0.170900 0.370000
vt 0.165300 0.369400
vt 0.159700 0.368400
vt 0.160100 0.366100
vt 0.165600 0.366900
vt 0.170900 0.367400
vt 0.153500 0.369400
vt 0.153900 0.367000
vt 0.154300 0.364700
vt 0.160900 0.364300
vt 0.154700 0.362500
vt 0.148400 0.360700
vt 0.138500 0.437600
vt 0.132000 0.435700
vt 0.132500 0.433500
vt 0.138600 0.435700
vt 0.125600 0.433800
vt 0.126200 0.431500
vt 0.119100 0.431900
vt 0.142200 0.358900
vt 0.135900 0.357100
vt 0.126800 0.429200
vt 0.133100 0.356200
vt 0.133100 0.431200
vt 0.127400 0.426800
vt 0.133700 0.429000
vt 0.128100 0.424400
vt 0.134500 0.426600
vt 0.139200 0.433500
vt 0.139900 0.431200
vt 0.140800 0.428900
vt 0.144900 0.436000
vt 0.144200 0.438200
vt 0.148500 0.443300
vt 0.143500 0.440400
vt 0.170900 0.364800
vt 0.165900 0.364600
vt 0.153500 0.446100
vt 0.175800 0.365100
vt 0.176400 0.367800
vt 0.180800 0.365400
vt 0.182600 0.368200
vt 0.158400 0.449000
vt 0.183400 0.371000
vt 0.176800 0.370600
vt 0.177000 0.373300
vt 0.183900 0.373800
vt 0.191200 0.371400
vt 0.191900 0.374300
vt 0.200200 0.374600
vt 0.201100 0.377700
vt 0.209500 0.377800
vt 0.192400 0.377300
vt 0.201900 0.380900
vt 0.192900 0.380300
vt 0.210600 0.381200
vt 0.218500 0.381100
vt 0.202500 0.384200
vt 0.211600 0.384600
vt 0.219700 0.384800
vt 0.227500 0.388500
vt 0.220700 0.388500
vt 0.212200 0.388100
vt 0.221200 0.392300
vt 0.212600 0.391600
vt 0.228200 0.392500
vt 0.202900 0.387400
vt 0.203100 0.390700
vt 0.193500 0.386500
vt 0.193300 0.383400
vt 0.193500 0.389600
vt 0.184600 0.382600
vt 0.184600 0.385500
vt 0.184400 0.388400
vt 0.184400 0.379600
vt 0.184200 0.376700
vt 0.177100 0.378900
vt 0.177100 0.376100
vt 0.177100 0.381700
vt 0.176900 0.384400
vt 0.170200 0.383300
vt 0.176600 0.387200
vt 0.169800 0.385900
vt 0.169300 0.388500
vt 0.176200 0.389900
vt 0.168700 0.391000
vt 0.175700 0.392500
vt 0.175000 0.395100
vt 0.168100 0.393500
vt 0.167300 0.396100
vt 0.174300 0.397700
vt 0.173500 0.400400
vt 0.166500 0.398600
vt 0.165700 0.401200
vt 0.172600 0.403000
vt 0.171700 0.405500
vt 0.164800 0.403700
vt 0.163800 0.406100
vt 0.170700 0.408000
vt 0.169700 0.410300
vt 0.162800 0.408300
vt 0.156500 0.406400
vt 0.161800 0.410500
vt 0.155500 0.408600
vt 0.168700 0.412500
vt 0.178500 0.410000
vt 0.177500 0.412300
vt 0.176400 0.414600
vt 0.167600 0.414700
vt 0.160800 0.412700
vt 0.175300 0.416900
vt 0.185400 0.417000
vt 0.184300 0.419400
vt 0.186500 0.414600
vt 0.195000 0.419500
vt 0.193700 0.422000
vt 0.196100 0.417000
vt 0.197200 0.414400
vt 0.187600 0.412200
vt 0.179500 0.407500
vt 0.188600 0.409600
vt 0.198300 0.411700
vt 0.206800 0.416600
vt 0.205600 0.419300
vt 0.207800 0.413800
vt 0.199300 0.408900
vt 0.189600 0.406900
vt 0.208800 0.410900
vt 0.217600 0.412600
vt 0.216600 0.415600
vt 0.215400 0.418600
vt 0.223800 0.417100
vt 0.222600 0.420200
vt 0.224900 0.414000
vt 0.231000 0.415100
vt 0.229800 0.418400
vt 0.228500 0.421500
vt 0.227000 0.424500
vt 0.221200 0.423000
vt 0.214200 0.421400
vt 0.212900 0.424100
vt 0.219800 0.425800
vt 0.225400 0.427300
vt 0.223600 0.430100
vt 0.218100 0.428600
vt 0.211400 0.426800
vt 0.221600 0.433100
vt 0.216400 0.431500
vt 0.209800 0.429700
vt 0.219400 0.436200
vt 0.214400 0.434700
vt 0.208100 0.432700
vt 0.206300 0.436000
vt 0.212400 0.438000
vt 0.217300 0.439500
vt 0.215200 0.442900
vt 0.210500 0.441400
vt 0.204500 0.439300
vt 0.202800 0.442800
vt 0.208700 0.444900
vt 0.213300 0.446400
vt 0.221100 0.440700
vt 0.218900 0.444100
vt 0.216900 0.447600
vt 0.215300 0.451100
vt 0.211700 0.450000
vt 0.207200 0.448400
vt 0.210500 0.453500
vt 0.206000 0.451900
vt 0.214100 0.454700
vt 0.217200 0.455500
vt 0.218400 0.451900
vt 0.220000 0.448500
vt 0.222900 0.449300
vt 0.221300 0.452700
vt 0.220100 0.456200
vt 0.223000 0.456800
vt 0.224100 0.453400
vt 0.225700 0.450100
vt 0.222100 0.445100
vt 0.225000 0.446000
vt 0.227800 0.446900
vt 0.226900 0.454100
vt 0.225800 0.457400
vt 0.225300 0.460800
vt 0.222400 0.460300
vt 0.222300 0.464000
vt 0.225300 0.464300
vt 0.228300 0.464500
vt 0.219500 0.459800
vt 0.219300 0.463400
vt 0.216400 0.459100
vt 0.216100 0.462700
vt 0.222800 0.467700
vt 0.219500 0.467200
vt 0.216200 0.466400
vt 0.212800 0.461900
vt 0.213300 0.458300
vt 0.212600 0.465500
vt 0.209000 0.460700
vt 0.209600 0.457100
vt 0.216600 0.470200
vt 0.212800 0.469100
vt 0.220200 0.471000
vt 0.223700 0.471600
vt 0.227100 0.472000
vt 0.226000 0.468000
vt 0.230500 0.471900
vt 0.229200 0.468100
vt 0.232300 0.467900
vt 0.233800 0.471400
vt 0.231300 0.464600
vt 0.237000 0.470400
vt 0.235300 0.467500
vt 0.238100 0.466800
vt 0.240000 0.469200
vt 0.250400 0.469500
vt 0.252600 0.466800
vt 0.255600 0.468600
vt 0.200200 0.449600
vt 0.201400 0.446200
vt 0.192800 0.446500
vt 0.194000 0.443200
vt 0.195300 0.439900
vt 0.196800 0.436600
vt 0.186900 0.436600
vt 0.188200 0.433500
vt 0.189600 0.430400
vt 0.198400 0.433400
vt 0.180600 0.427300
vt 0.191000 0.427500
vt 0.200000 0.430300
vt 0.181800 0.424600
vt 0.172000 0.424400
vt 0.173100 0.421800
vt 0.164600 0.421800
vt 0.165600 0.419300
vt 0.174200 0.419300
vt 0.166600 0.417000
vt 0.159800 0.414800
vt 0.149500 0.406600
vt 0.150500 0.404400
vt 0.143200 0.404400
vt 0.183100 0.421900
vt 0.192400 0.424600
vt 0.201600 0.427300
vt 0.203000 0.424500
vt 0.204400 0.421900
vt 0.230300 0.443800
vt 0.227500 0.442800
vt 0.230100 0.439700
vt 0.233000 0.440900
vt 0.235800 0.438100
vt 0.232700 0.436800
vt 0.235300 0.434100
vt 0.238500 0.435600
vt 0.241200 0.433000
vt 0.237800 0.431400
vt 0.244200 0.434800
vt 0.246900 0.436900
vt 0.243800 0.430300
vt 0.247100 0.432300
vt 0.250100 0.434600
vt 0.252700 0.437200
vt 0.249200 0.439300
vt 0.251000 0.441800
vt 0.254800 0.440300
vt 0.250100 0.429300
vt 0.246400 0.427300
vt 0.249000 0.423600
vt 0.240100 0.428600
vt 0.242400 0.425500
vt 0.244500 0.422100
vt 0.234100 0.429900
vt 0.236200 0.427100
vt 0.238100 0.424100
vt 0.231800 0.432700
vt 0.228000 0.431400
vt 0.230000 0.428600
vt 0.231900 0.425800
vt 0.229400 0.435500
vt 0.225800 0.434300
vt 0.226900 0.438600
vt 0.223500 0.437400
vt 0.224400 0.441700
vt 0.233600 0.422800
vt 0.235100 0.419600
vt 0.239900 0.420700
vt 0.241400 0.417100
vt 0.246400 0.418200
vt 0.236400 0.416100
vt 0.242700 0.413200
vt 0.248000 0.414000
vt 0.237500 0.412500
vt 0.232000 0.411600
vt 0.243800 0.409200
vt 0.238500 0.408700
vt 0.232900 0.408100
vt 0.225800 0.410600
vt 0.226700 0.407200
vt 0.227500 0.403700
vt 0.233700 0.404400
vt 0.239200 0.404800
vt 0.234200 0.400600
vt 0.239600 0.400700
vt 0.228100 0.400100
vt 0.234400 0.396600
vt 0.239600 0.396400
vt 0.228300 0.396400
vt 0.244800 0.400500
vt 0.244700 0.395800
vt 0.244500 0.404900
vt 0.250100 0.399900
vt 0.249900 0.404900
vt 0.249300 0.409600
vt 0.220900 0.399400
vt 0.220200 0.402800
vt 0.221200 0.395900
vt 0.212500 0.395000
vt 0.212100 0.398300
vt 0.202500 0.397000
vt 0.202900 0.393900
vt 0.192700 0.395500
vt 0.193200 0.392600
vt 0.183600 0.394000
vt 0.184100 0.391200
vt 0.192100 0.398400
vt 0.182900 0.396700
vt 0.182200 0.399500
vt 0.191300 0.401300
vt 0.201000 0.403000
vt 0.201800 0.400000
vt 0.200200 0.406000
vt 0.190500 0.404100
vt 0.181300 0.402200
vt 0.180500 0.404900
vt 0.209800 0.407800
vt 0.210600 0.404700
vt 0.218600 0.409400
vt 0.219400 0.406100
vt 0.211400 0.401500
vt 0.124300 0.417700
vt 0.119200 0.415700
vt 0.120400 0.413500
vt 0.115200 0.413800
vt 0.116400 0.411900
vt 0.112200 0.412200
vt 0.113100 0.410500
vt 0.121400 0.411300
vt 0.117300 0.409800
vt 0.114000 0.408600
vt 0.111400 0.407600
vt 0.112000 0.405900
vt 0.110600 0.409300
vt 0.109300 0.406800
vt 0.108700 0.408300
vt 0.110000 0.405300
vt 0.108100 0.409700
vt 0.109800 0.410800
vt 0.107600 0.411000
vt 0.109500 0.398700
vt 0.110900 0.399500
vt 0.232700 0.367300
vt 0.235992 0.364129
vt 0.236155 0.364229
vt 0.234008 0.362591
vt 0.236292 0.364284
vt 0.236656 0.364456
vt 0.239900 0.367700
vt 0.243000 0.372300
vt 0.241084 0.366573
vt 0.246922 0.367767
vt 0.247500 0.368600
vt 0.243714 0.367123
vt 0.251543 0.368435
vt 0.254077 0.368680
vt 0.248136 0.368030
vt 0.258481 0.369145
vt 0.259868 0.369267
vt 0.260537 0.369330
vt 0.262260 0.369548
vt 0.266617 0.370009
vt 0.267300 0.372900
vt 0.272332 0.370577
vt 0.268387 0.370167
vt 0.272521 0.370603
vt 0.273900 0.377400
vt 0.268900 0.379900
vt 0.278291 0.371499
vt 0.278900 0.374800
vt 0.276400 0.371187
vt 0.283801 0.372251
vt 0.280100 0.381200
vt 0.275200 0.384100
vt 0.283871 0.372265
vt 0.283914 0.372274
vt 0.285100 0.378300
vt 0.286600 0.384400
vt 0.281700 0.387600
vt 0.276800 0.390700
vt 0.288700 0.390300
vt 0.283700 0.393700
vt 0.278700 0.397100
vt 0.271700 0.393600
vt 0.270300 0.386800
vt 0.273400 0.400500
vt 0.281400 0.403400
vt 0.275800 0.407100
vt 0.286600 0.399700
vt 0.290400 0.405500
vt 0.285200 0.409300
vt 0.279700 0.413200
vt 0.279100 0.422800
vt 0.284500 0.418700
vt 0.289900 0.414900
vt 0.295000 0.420300
vt 0.289500 0.424100
vt 0.283900 0.427900
vt 0.295100 0.411100
vt 0.300400 0.416500
vt 0.300300 0.407400
vt 0.305700 0.412700
vt 0.295500 0.401800
vt 0.300500 0.425500
vt 0.306200 0.421700
vt 0.311600 0.417900
vt 0.310800 0.408900
vt 0.316700 0.414000
vt 0.305300 0.403600
vt 0.321700 0.410200
vt 0.315800 0.405100
vt 0.310400 0.399900
vt 0.320700 0.401400
vt 0.326500 0.406300
vt 0.315400 0.396200
vt 0.331300 0.402500
vt 0.325700 0.397800
vt 0.320400 0.392800
vt 0.305600 0.394500
vt 0.310600 0.391000
vt 0.315800 0.387600
vt 0.325500 0.389500
vt 0.330600 0.394300
vt 0.321000 0.384400
vt 0.311900 0.382400
vt 0.306700 0.385600
vt 0.314444 0.380960
vt 0.320311 0.383493
vt 0.321106 0.383839
vt 0.321619 0.384043
vt 0.323041 0.384827
vt 0.328221 0.387759
vt 0.330505 0.389451
vt 0.334069 0.391915
vt 0.337340 0.395055
vt 0.338986 0.396751
vt 0.336100 0.398900
vt 0.341507 0.400598
vt 0.342753 0.402414
vt 0.341900 0.403100
vt 0.343048 0.403100
vt 0.343427 0.404083
vt 0.345259 0.409215
vt 0.343300 0.411000
vt 0.337200 0.406900
vt 0.345625 0.410875
vt 0.345938 0.412532
vt 0.346830 0.417270
vt 0.345100 0.419000
vt 0.338700 0.415100
vt 0.346982 0.418848
vt 0.347081 0.420114
vt 0.334100 0.419400
vt 0.340500 0.423500
vt 0.347344 0.426756
vt 0.346900 0.427200
vt 0.347334 0.427151
vt 0.347323 0.427425
vt 0.346631 0.434358
vt 0.342100 0.431800
vt 0.346380 0.435468
vt 0.345958 0.437182
vt 0.342700 0.439800
vt 0.336600 0.436200
vt 0.330400 0.432100
vt 0.335700 0.427900
vt 0.324000 0.427600
vt 0.329200 0.423600
vt 0.317700 0.422900
vt 0.322900 0.418900
vt 0.327800 0.414900
vt 0.332600 0.410900
vt 0.318300 0.431500
vt 0.312200 0.426700
vt 0.306300 0.430500
vt 0.312200 0.435200
vt 0.324400 0.436000
vt 0.318000 0.439800
vt 0.305800 0.438800
vt 0.300200 0.434100
vt 0.311300 0.443300
vt 0.323700 0.443900
vt 0.316600 0.447400
vt 0.330400 0.440200
vt 0.336200 0.444000
vt 0.329100 0.447800
vt 0.321500 0.451300
vt 0.309300 0.450700
vt 0.313800 0.454500
vt 0.304400 0.446600
vt 0.318000 0.458300
vt 0.326100 0.455000
vt 0.334200 0.451500
vt 0.337071 0.453821
vt 0.333007 0.457767
vt 0.330300 0.458900
vt 0.321800 0.462100
vt 0.338799 0.451518
vt 0.341490 0.447808
vt 0.341723 0.447488
vt 0.343624 0.443663
vt 0.344881 0.441067
vt 0.331900 0.458989
vt 0.331125 0.459790
vt 0.328308 0.461765
vt 0.324131 0.464897
vt 0.316296 0.468798
vt 0.313400 0.465200
vt 0.322089 0.466011
vt 0.308720 0.471262
vt 0.307456 0.471741
vt 0.305000 0.468100
vt 0.305795 0.472133
vt 0.298006 0.473672
vt 0.296500 0.470900
vt 0.302000 0.464100
vt 0.309900 0.461300
vt 0.294400 0.466700
vt 0.298800 0.460400
vt 0.306200 0.457600
vt 0.291800 0.462800
vt 0.302100 0.453800
vt 0.295100 0.456600
vt 0.297500 0.449700
vt 0.290800 0.452700
vt 0.288600 0.459200
vt 0.284700 0.455500
vt 0.286100 0.448600
vt 0.280100 0.451600
vt 0.292600 0.445500
vt 0.282700 0.461500
vt 0.279200 0.458000
vt 0.274900 0.454400
vt 0.285400 0.465000
vt 0.287300 0.468800
vt 0.288400 0.473300
vt 0.281100 0.474700
vt 0.280810 0.474739
vt 0.274563 0.474691
vt 0.281023 0.474742
vt 0.281084 0.474752
vt 0.281208 0.474765
vt 0.288473 0.474781
vt 0.270785 0.474455
vt 0.269056 0.474455
vt 0.267053 0.474391
vt 0.293306 0.474067
vt 0.287600 0.441100
vt 0.282800 0.436500
vt 0.288800 0.432800
vt 0.294000 0.437600
vt 0.299200 0.442200
vt 0.294800 0.429100
vt 0.278300 0.431800
vt 0.310309 0.379503
vt 0.312567 0.380338
vt 0.303900 0.380400
vt 0.307299 0.378374
vt 0.302590 0.376927
vt 0.304961 0.377721
vt 0.298700 0.383600
vt 0.296700 0.378100
vt 0.300140 0.376115
vt 0.295916 0.375075
vt 0.297851 0.375602
vt 0.291600 0.381200
vt 0.290100 0.375500
vt 0.292540 0.374186
vt 0.289771 0.373593
vt 0.290911 0.373852
vt 0.293700 0.386900
vt 0.291600 0.396100
vt 0.296600 0.392600
vt 0.301600 0.389000
vt 0.300500 0.398100
vt 0.103600 0.404700
vt 0.102600 0.404300
vt 0.079500 0.392800
vt 0.080100 0.390600
vt 0.080600 0.388400
vt 0.069500 0.366500
vt 0.056900 0.387700
vt 0.055000 0.387700
vt 0.055400 0.384000
vt 0.056200 0.391400
vt 0.054400 0.391300
vt 0.053100 0.387900
vt 0.052600 0.391400
vt 0.053300 0.384600
vt 0.050800 0.391500
vt 0.051300 0.388200
vt 0.051400 0.385200
vt 0.051100 0.382500
vt 0.050400 0.380500
vt 0.049400 0.383100
vt 0.049600 0.385600
vt 0.047700 0.383700
vt 0.049500 0.388500
vt 0.049100 0.391600
vt 0.048300 0.394700
vt 0.050000 0.394800
vt 0.051800 0.394900
vt 0.048900 0.398100
vt 0.047200 0.397800
vt 0.050700 0.398400
vt 0.053600 0.395000
vt 0.052500 0.398600
vt 0.049400 0.401900
vt 0.051300 0.402200
vt 0.049900 0.406000
vt 0.047900 0.405400
vt 0.047500 0.401400
vt 0.045900 0.404700
vt 0.046300 0.408800
vt 0.048400 0.409800
vt 0.044100 0.407900
vt 0.045700 0.400800
vt 0.044000 0.403900
vt 0.042000 0.406900
vt 0.065200 0.323700
vt 0.062800 0.321300
vt 0.067600 0.326200
vt 0.046100 0.384200
vt 0.073700 0.403500
vt 0.096700 0.416000
vt 0.098300 0.410500
vt 0.070900 0.412400
vt 0.069500 0.412000
vt 0.069600 0.412700
vt 0.068700 0.412900
vt 0.047900 0.373100
vt 0.048700 0.371400
vt 0.047100 0.370500
vt 0.046500 0.372100
vt 0.047500 0.368500
vt 0.049200 0.369300
vt 0.045600 0.369700
vt 0.045900 0.367800
vt 0.045100 0.371300
vt 0.047700 0.366200
vt 0.045900 0.365600
vt 0.049600 0.366900
vt 0.044200 0.369000
vt 0.044400 0.367200
vt 0.044100 0.365100
vt 0.043500 0.362900
vt 0.045600 0.363100
vt 0.047800 0.363600
vt 0.041900 0.363000
vt 0.040700 0.361600
vt 0.042600 0.364900
vt 0.039500 0.362200
vt 0.040600 0.363300
vt 0.041200 0.364800
vt 0.042900 0.366800
vt 0.041600 0.366400
vt 0.040100 0.364800
vt 0.039400 0.363500
vt 0.040400 0.366200
vt 0.041700 0.367900
vt 0.042900 0.368400
vt 0.040500 0.367500
vt 0.039000 0.364800
vt 0.039400 0.366000
vt 0.039500 0.367100
vt 0.041400 0.369200
vt 0.040400 0.368600
vt 0.039400 0.368100
vt 0.038600 0.366800
vt 0.038500 0.365800
vt 0.038500 0.367600
vt 0.039000 0.368800
vt 0.038200 0.368200
vt 0.039900 0.369500
vt 0.038500 0.369500
vt 0.037800 0.368800
vt 0.039400 0.370200
vt 0.041000 0.370100
vt 0.040300 0.370900
vt 0.037900 0.370000
vt 0.038700 0.370800
vt 0.039500 0.371600
vt 0.042100 0.370900
vt 0.041300 0.371700
vt 0.040500 0.372500
vt 0.041500 0.373400
vt 0.042400 0.372600
vt 0.043200 0.371600
vt 0.042600 0.369800
vt 0.043800 0.370500
vt 0.044400 0.372500
vt 0.039600 0.373100
vt 0.038500 0.373600
vt 0.038700 0.372200
vt 0.037700 0.372600
vt 0.037100 0.371700
vt 0.037900 0.371300
vt 0.036500 0.370800
vt 0.037200 0.370500
vt 0.036000 0.370000
vt 0.036700 0.369700
vt 0.037200 0.369300
vt 0.036600 0.368500
vt 0.037100 0.368100
vt 0.036100 0.368900
vt 0.036100 0.367900
vt 0.036500 0.367500
vt 0.035600 0.368200
vt 0.035500 0.367200
vt 0.035100 0.367500
vt 0.036000 0.366900
vt 0.034700 0.367900
vt 0.035200 0.368500
vt 0.035600 0.369200
vt 0.034200 0.367200
vt 0.034600 0.366900
vt 0.035000 0.366500
vt 0.034500 0.365900
vt 0.034000 0.366300
vt 0.033600 0.366700
vt 0.035400 0.366200
vt 0.034900 0.365600
vt 0.035400 0.365300
vt 0.035800 0.365900
vt 0.036300 0.366500
vt 0.035800 0.365100
vt 0.036200 0.365700
vt 0.036600 0.366200
vt 0.036900 0.367100
vt 0.037200 0.366700
vt 0.036900 0.366000
vt 0.036600 0.365600
vt 0.037300 0.366200
vt 0.037500 0.367700
vt 0.037800 0.367100
vt 0.037900 0.366500
vt 0.037800 0.365700
vt 0.037100 0.365600
vt 0.037500 0.364800
vt 0.036800 0.364900
vt 0.038200 0.364800
vt 0.036300 0.365000
vt 0.036000 0.364400
vt 0.036500 0.364300
vt 0.037000 0.364000
vt 0.035500 0.364600
vt 0.035800 0.364100
vt 0.036000 0.363800
vt 0.035300 0.364100
vt 0.034800 0.364200
vt 0.035000 0.364700
vt 0.034700 0.363700
vt 0.035400 0.363600
vt 0.036400 0.363500
vt 0.035700 0.363200
vt 0.034900 0.363200
vt 0.034200 0.364400
vt 0.034000 0.363900
vt 0.034100 0.363500
vt 0.033600 0.364800
vt 0.033300 0.364400
vt 0.033200 0.364000
vt 0.033000 0.365300
vt 0.032700 0.365000
vt 0.032400 0.364800
vt 0.032200 0.364600
vt 0.033200 0.363700
vt 0.034200 0.363100
vt 0.033200 0.363500
vt 0.034400 0.362800
vt 0.032100 0.364500
vt 0.035600 0.362400
vt 0.035200 0.362800
vt 0.036700 0.362400
vt 0.036100 0.362800
vt 0.036100 0.362100
vt 0.037400 0.362100
vt 0.034700 0.362500
vt 0.036500 0.361700
vt 0.038100 0.361700
vt 0.034900 0.362200
vt 0.033300 0.363000
vt 0.033300 0.363300
vt 0.033200 0.362700
vt 0.034900 0.361800
vt 0.036800 0.361300
vt 0.032000 0.364400
vt 0.031900 0.364200
vt 0.031600 0.364000
vt 0.032900 0.362300
vt 0.031200 0.363600
vt 0.034700 0.361400
vt 0.029800 0.365200
vt 0.030300 0.365500
vt 0.030700 0.365700
vt 0.030600 0.363000
vt 0.032200 0.361800
vt 0.029100 0.364500
vt 0.028500 0.367000
vt 0.027600 0.366100
vt 0.029300 0.367300
vt 0.029100 0.369100
vt 0.026000 0.367400
vt 0.028200 0.363500
vt 0.026700 0.364800
vt 0.025000 0.365900
vt 0.024200 0.364500
vt 0.025800 0.363500
vt 0.027300 0.362500
vt 0.029700 0.362300
vt 0.028700 0.361400
vt 0.026400 0.361400
vt 0.025000 0.362200
vt 0.027700 0.360500
vt 0.024300 0.360900
vt 0.025500 0.360200
vt 0.026600 0.359500
vt 0.028900 0.359700
vt 0.030100 0.360500
vt 0.027800 0.358900
vt 0.026700 0.357900
vt 0.025600 0.358500
vt 0.024600 0.359000
vt 0.027700 0.357500
vt 0.028900 0.358300
vt 0.030200 0.359000
vt 0.031500 0.359700
vt 0.032800 0.360400
vt 0.031200 0.361200
vt 0.035800 0.360200
vt 0.033900 0.360900
vt 0.036700 0.360800
vt 0.038900 0.360400
vt 0.038900 0.361100
vt 0.038500 0.362600
vt 0.037700 0.362800
vt 0.038500 0.363700
vt 0.037600 0.363900
vt 0.037000 0.363200
vt 0.026700 0.356500
vt 0.025800 0.356800
vt 0.026900 0.355300
vt 0.026100 0.355400
vt 0.025200 0.355500
vt 0.027800 0.355100
vt 0.026700 0.354200
vt 0.027500 0.354200
vt 0.025800 0.354200
vt 0.026700 0.353100
vt 0.025900 0.353000
vt 0.027600 0.353300
vt 0.028500 0.353400
vt 0.028400 0.354300
vt 0.028400 0.354900
vt 0.027800 0.352300
vt 0.027000 0.352100
vt 0.026300 0.351800
vt 0.026000 0.350400
vt 0.025500 0.351500
vt 0.025100 0.352800
vt 0.025000 0.354100
vt 0.024000 0.353900
vt 0.024300 0.352500
vt 0.024700 0.351100
vt 0.023500 0.352100
vt 0.023900 0.350700
vt 0.023100 0.353600
vt 0.022600 0.355200
vt 0.023800 0.355300
vt 0.021700 0.354700
vt 0.022200 0.353200
vt 0.022600 0.351700
vt 0.021800 0.351300
vt 0.021300 0.352800
vt 0.020800 0.354300
vt 0.022300 0.349700
vt 0.023100 0.350200
vt 0.024400 0.349500
vt 0.023600 0.348900
vt 0.022800 0.348200
vt 0.025200 0.350000
vt 0.024100 0.347700
vt 0.023600 0.345800
vt 0.023200 0.347000
vt 0.024000 0.344600
vt 0.014700 0.362300
vt 0.014300 0.360800
vt 0.014900 0.360900
vt 0.015100 0.362100
vt 0.015500 0.363200
vt 0.015100 0.363800
vt 0.015500 0.361800
vt 0.015900 0.362600
vt 0.015500 0.361000
vt 0.016000 0.361600
vt 0.016300 0.362200
vt 0.016000 0.361000
vt 0.015800 0.360200
vt 0.015200 0.359900
vt 0.016300 0.360400
vt 0.016600 0.359600
vt 0.016900 0.359900
vt 0.016200 0.359200
vt 0.013900 0.359300
vt 0.015700 0.358800
vt 0.017700 0.359100
vt 0.017600 0.358700
vt 0.017500 0.358300
vt 0.019300 0.357800
vt 0.019100 0.358400
vt 0.018900 0.358900
vt 0.020000 0.359000
vt 0.020400 0.358500
vt 0.021000 0.357400
vt 0.018800 0.359400
vt 0.017800 0.359500
vt 0.019700 0.359400
vt 0.021300 0.359200
vt 0.020800 0.359600
vt 0.020300 0.359800
vt 0.021300 0.360300
vt 0.020700 0.360400
vt 0.022000 0.360200
vt 0.022700 0.360000
vt 0.022000 0.358700
vt 0.023200 0.361300
vt 0.022300 0.361400
vt 0.021500 0.361200
vt 0.022800 0.358300
vt 0.023600 0.359600
vt 0.023300 0.363000
vt 0.022000 0.362400
vt 0.022400 0.365300
vt 0.021700 0.364100
vt 0.021000 0.363300
vt 0.021200 0.362000
vt 0.020400 0.362700
vt 0.020600 0.361700
vt 0.020800 0.361100
vt 0.019900 0.362200
vt 0.020000 0.360500
vt 0.020200 0.361100
vt 0.020100 0.361500
vt 0.019700 0.360000
vt 0.019300 0.361200
vt 0.019200 0.360700
vt 0.019000 0.360200
vt 0.019400 0.359700
vt 0.018800 0.359800
vt 0.017900 0.359900
vt 0.018100 0.360400
vt 0.018300 0.360900
vt 0.017300 0.360600
vt 0.017200 0.360200
vt 0.016600 0.360500
vt 0.016500 0.360900
vt 0.016600 0.361400
vt 0.017400 0.361100
vt 0.017600 0.361600
vt 0.016800 0.361900
vt 0.018500 0.361400
vt 0.017200 0.362200
vt 0.017800 0.362200
vt 0.018700 0.362000
vt 0.019500 0.361700
vt 0.018900 0.362500
vt 0.019100 0.363100
vt 0.017800 0.363300
vt 0.017900 0.362700
vt 0.017000 0.362600
vt 0.016700 0.363200
vt 0.016300 0.363900
vt 0.017800 0.364100
vt 0.015500 0.365300
vt 0.017800 0.365100
vt 0.024400 0.343400
vt 0.025000 0.342000
vt 0.018200 0.366300
vt 0.016000 0.366600
vt 0.019900 0.364700
vt 0.020400 0.365900
vt 0.019500 0.363800
vt 0.021000 0.367200
vt 0.023100 0.366700
vt 0.018800 0.367500
vt 0.021600 0.368500
vt 0.019300 0.368900
vt 0.023900 0.368200
vt 0.022300 0.369900
vt 0.024700 0.369700
vt 0.025200 0.371200
vt 0.022900 0.371200
vt 0.023400 0.372500
vt 0.025600 0.372500
vt 0.026000 0.373600
vt 0.023900 0.373600
vt 0.021800 0.373900
vt 0.021200 0.372700
vt 0.020500 0.371400
vt 0.019000 0.373000
vt 0.019700 0.374300
vt 0.018200 0.371700
vt 0.027200 0.334500
vt 0.029300 0.333500
vt 0.029000 0.335000
vt 0.026900 0.336300
vt 0.027500 0.332800
vt 0.029600 0.332000
vt 0.020400 0.375500
vt 0.022300 0.375000
vt 0.031400 0.332400
vt 0.031600 0.331100
vt 0.033600 0.330100
vt 0.033400 0.331200
vt 0.033300 0.332400
vt 0.031200 0.333700
vt 0.031200 0.334900
vt 0.033300 0.333600
vt 0.031300 0.336000
vt 0.033100 0.334900
vt 0.035700 0.332400
vt 0.035400 0.330900
vt 0.034900 0.334400
vt 0.031600 0.336900
vt 0.033100 0.336000
vt 0.034600 0.335600
vt 0.031900 0.337800
vt 0.032200 0.338400
vt 0.032400 0.338800
vt 0.031800 0.339600
vt 0.031500 0.340400
vt 0.036300 0.334800
vt 0.036800 0.333900
vt 0.035500 0.329800
vt 0.024300 0.374600
vt 0.024700 0.375500
vt 0.026300 0.374500
vt 0.026500 0.375400
vt 0.028400 0.376300
vt 0.026700 0.376200
vt 0.028300 0.377000
vt 0.028300 0.377700
vt 0.029700 0.377500
vt 0.017500 0.370400
vt 0.019900 0.370200
vt 0.017000 0.369100
vt 0.016500 0.367900
vt 0.023700 0.357800
vt 0.022700 0.356700
vt 0.021900 0.357000
vt 0.023900 0.356100
vt 0.024700 0.357300
vt 0.030200 0.370700
vt 0.029800 0.368900
vt 0.030600 0.370200
vt 0.029900 0.367300
vt 0.030100 0.368600
vt 0.030800 0.369800
vt 0.030200 0.367200
vt 0.030900 0.365700
vt 0.031100 0.365700
vt 0.030400 0.367000
vt 0.031400 0.365700
vt 0.030700 0.366800
vt 0.031700 0.365700
vt 0.031100 0.366500
vt 0.030100 0.368400
vt 0.030400 0.367700
vt 0.030800 0.367300
vt 0.030600 0.367800
vt 0.030300 0.368200
vt 0.030400 0.368700
vt 0.030800 0.369500
vt 0.031000 0.369300
vt 0.030600 0.368800
vt 0.030500 0.368400
vt 0.031100 0.369200
vt 0.030900 0.368800
vt 0.031300 0.369200
vt 0.030800 0.368500
vt 0.031900 0.369700
vt 0.031900 0.369500
vt 0.031900 0.369900
vt 0.031100 0.368800
vt 0.031500 0.369000
vt 0.032000 0.369300
vt 0.031100 0.368700
vt 0.031500 0.368900
vt 0.032000 0.369100
vt 0.032500 0.369300
vt 0.032500 0.369500
vt 0.032500 0.369700
vt 0.032800 0.369600
vt 0.033000 0.369800
vt 0.033000 0.369500
vt 0.032700 0.370000
vt 0.033300 0.370100
vt 0.033700 0.370400
vt 0.032900 0.370300
vt 0.033300 0.369700
vt 0.033700 0.369900
vt 0.034100 0.370100
vt 0.033700 0.369600
vt 0.034100 0.369600
vt 0.033400 0.369500
vt 0.033600 0.369200
vt 0.034000 0.369100
vt 0.033300 0.369200
vt 0.034500 0.369600
vt 0.034600 0.370300
vt 0.034300 0.369000
vt 0.033400 0.368800
vt 0.033600 0.368600
vt 0.034000 0.368400
vt 0.034300 0.368200
vt 0.034700 0.368800
vt 0.035000 0.369500
vt 0.033500 0.367900
vt 0.033800 0.367600
vt 0.033300 0.367100
vt 0.033000 0.367500
vt 0.033200 0.368200
vt 0.032700 0.367800
vt 0.032500 0.368100
vt 0.033000 0.368400
vt 0.032800 0.368600
vt 0.032400 0.368300
vt 0.033100 0.368800
vt 0.032900 0.368900
vt 0.032700 0.368700
vt 0.033000 0.369100
vt 0.032600 0.368900
vt 0.033000 0.369300
vt 0.032600 0.369100
vt 0.032100 0.368900
vt 0.032200 0.368700
vt 0.031600 0.368700
vt 0.031800 0.368500
vt 0.032300 0.368500
vt 0.031900 0.368400
vt 0.031200 0.368500
vt 0.031400 0.368300
vt 0.031600 0.368300
vt 0.030900 0.368300
vt 0.031200 0.368100
vt 0.031600 0.368100
vt 0.032000 0.368200
vt 0.031500 0.367800
vt 0.032100 0.367900
vt 0.031100 0.367900
vt 0.031600 0.367500
vt 0.032200 0.367600
vt 0.031100 0.367600
vt 0.030700 0.368100
vt 0.031300 0.367100
vt 0.031800 0.367100
vt 0.031600 0.366500
vt 0.032100 0.366500
vt 0.032600 0.365900
vt 0.032100 0.365700
vt 0.033100 0.366300
vt 0.032700 0.366800
vt 0.032400 0.367200
vt 0.033500 0.365800
vt 0.034000 0.365300
vt 0.034500 0.365000
vt 0.035300 0.370200
vt 0.034500 0.371000
vt 0.035600 0.371000
vt 0.036000 0.371900
vt 0.034800 0.371800
vt 0.035300 0.372800
vt 0.036600 0.372900
vt 0.033700 0.372300
vt 0.033400 0.371500
vt 0.033200 0.370800
vt 0.035800 0.373900
vt 0.034000 0.373200
vt 0.037300 0.374000
vt 0.032000 0.371400
vt 0.032000 0.370800
vt 0.032000 0.372100
vt 0.031900 0.370300
vt 0.050100 0.361500
vt 0.049900 0.364200
vt 0.050300 0.358900
vt 0.049400 0.336100
vt 0.048400 0.337500
vt 0.047200 0.338400
vt 0.047500 0.337000
vt 0.048400 0.335900
vt 0.046500 0.337700
vt 0.047500 0.335700
vt 0.046800 0.336600
vt 0.045900 0.337200
vt 0.048100 0.334600
vt 0.049000 0.334600
vt 0.050000 0.334600
vt 0.046800 0.335600
vt 0.047200 0.334700
vt 0.046100 0.336300
vt 0.046100 0.335400
vt 0.046500 0.334700
vt 0.045600 0.336000
vt 0.044900 0.336500
vt 0.045400 0.336800
vt 0.044600 0.336100
vt 0.045100 0.335800
vt 0.045500 0.335300
vt 0.045000 0.335100
vt 0.044700 0.335500
vt 0.044500 0.335800
vt 0.045900 0.334600
vt 0.045400 0.334600
vt 0.044600 0.334900
vt 0.044900 0.334300
vt 0.044200 0.335300
vt 0.044100 0.334600
vt 0.043800 0.335100
vt 0.044500 0.334000
vt 0.045600 0.334200
vt 0.045400 0.333900
vt 0.045000 0.333500
vt 0.043600 0.334300
vt 0.044100 0.333700
vt 0.044600 0.333100
vt 0.045200 0.332600
vt 0.045600 0.333000
vt 0.045900 0.333500
vt 0.046300 0.332600
vt 0.045900 0.332000
vt 0.046600 0.333200
vt 0.046700 0.333900
vt 0.046000 0.334000
vt 0.047400 0.333700
vt 0.047400 0.332900
vt 0.048300 0.333500
vt 0.048200 0.332500
vt 0.049300 0.333300
vt 0.049200 0.332100
vt 0.047900 0.331600
vt 0.048800 0.331100
vt 0.047000 0.332100
vt 0.047300 0.330800
vt 0.048200 0.330200
vt 0.046600 0.331500
vt 0.046600 0.330200
vt 0.045900 0.330900
vt 0.045300 0.331500
vt 0.044700 0.331100
vt 0.045200 0.330400
vt 0.045800 0.329600
vt 0.044900 0.329200
vt 0.044400 0.330000
vt 0.044000 0.330700
vt 0.043400 0.330500
vt 0.043600 0.329800
vt 0.043800 0.329000
vt 0.044200 0.328100
vt 0.045400 0.328300
vt 0.046400 0.328700
vt 0.046000 0.327300
vt 0.047200 0.327800
vt 0.044700 0.327100
vt 0.043200 0.327300
vt 0.042900 0.328300
vt 0.042600 0.329100
vt 0.043700 0.326200
vt 0.045300 0.325900
vt 0.046700 0.326300
vt 0.047600 0.325200
vt 0.046100 0.324800
vt 0.049000 0.326000
vt 0.048000 0.326900
vt 0.048700 0.324300
vt 0.050000 0.325100
vt 0.047200 0.323600
vt 0.049800 0.323300
vt 0.051200 0.324200
vt 0.048400 0.322500
vt 0.049500 0.321400
vt 0.050900 0.322300
vt 0.052400 0.323300
vt 0.052600 0.325300
vt 0.053900 0.324500
vt 0.051300 0.326100
vt 0.055300 0.325900
vt 0.053800 0.326600
vt 0.052500 0.327300
vt 0.050200 0.326900
vt 0.051200 0.328000
vt 0.052100 0.329200
vt 0.053500 0.328700
vt 0.054900 0.328100
vt 0.054100 0.330300
vt 0.052700 0.330700
vt 0.056400 0.327500
vt 0.050900 0.329900
vt 0.050100 0.328700
vt 0.051400 0.331200
vt 0.050300 0.333000
vt 0.050200 0.331700
vt 0.049800 0.330500
vt 0.049100 0.329400
vt 0.048200 0.328600
vt 0.049100 0.327700
vt 0.047300 0.329400
vt 0.042800 0.329800
vt 0.041900 0.329800
vt 0.041000 0.330100
vt 0.040800 0.330500
vt 0.040700 0.330800
vt 0.040100 0.331000
vt 0.040100 0.331200
vt 0.040000 0.330700
vt 0.039600 0.331700
vt 0.039400 0.331600
vt 0.038900 0.332200
vt 0.039200 0.332100
vt 0.039200 0.331500
vt 0.038700 0.332300
vt 0.038900 0.332600
vt 0.038700 0.332800
vt 0.039100 0.332400
vt 0.039100 0.332800
vt 0.039200 0.332600
vt 0.039100 0.333100
vt 0.039500 0.332900
vt 0.039500 0.332700
vt 0.043600 0.331400
vt 0.044200 0.331800
vt 0.043700 0.332400
vt 0.044200 0.332800
vt 0.044700 0.332100
vt 0.043500 0.335600
vt 0.044100 0.335800
vt 0.044100 0.336200
vt 0.044200 0.336600
vt 0.044500 0.337000
vt 0.044900 0.337400
vt 0.045300 0.337900
vt 0.041400 0.321700
vt 0.041200 0.331500
vt 0.040800 0.331600
vt 0.035900 0.339600
vt 0.035600 0.340200
vt 0.036100 0.340500
vt 0.035600 0.341100
vt 0.035200 0.340800
vt 0.034800 0.341500
vt 0.035200 0.341800
vt 0.034700 0.342400
vt 0.034200 0.342900
s 1
usemtl Australian_Cattle_Dog
f 1/1/1 2/2/2 348/3/3 4/4/4
f 1/1/1 3/5/5 3399/6/6 2/2/2
f 1/1/1 6/7/7 7/8/8 3/5/5
f 1/1/1 4/4/4 345/9/9 5/10/10
f 1/1/1 5/10/10 9/11/11 6/7/7
f 8/12/12 64/13/13 7/8/8 6/7/7
f 8/12/12 6/7/7 9/11/11 10/14/14
f 14/15/15 10/14/14 9/11/11 11/16/16
f 13/17/17 11/16/16 9/11/11 5/10/10
f 13/17/17 25/18/18 12/19/19 11/16/16
f 14/15/15 11/16/16 12/19/19 16/20/20
f 14/15/15 15/21/21 60/22/22 10/14/14
f 14/15/15 16/20/20 17/23/23 15/21/21
f 18/24/24 16/20/20 12/19/19 21/25/25
f 18/24/24 19/26/26 17/23/23 16/20/20
f 18/24/24 20/27/27 36/28/28 19/26/26
f 18/24/24 21/25/25 22/29/29 20/27/27
f 23/30/30 26/31/31 22/29/29 21/25/25
f 23/30/30 21/25/25 12/19/19 25/18/18
f 23/30/30 24/32/32 27/33/33 26/31/31
f 23/30/30 25/18/18 3781/34/34 24/32/32
f 28/35/35 26/31/31 27/33/33 30/36/36
f 28/35/35 31/37/37 22/29/29 26/31/31
f 28/35/35 29/38/38 32/39/39 31/37/37
f 28/35/35 30/36/36 86/40/40 29/38/38
f 33/41/41 31/37/37 32/39/39 34/42/42
f 33/41/41 20/27/27 22/29/29 31/37/37
f 33/41/41 34/42/42 38/43/43 35/44/44
f 33/41/41 35/44/44 36/28/28 20/27/27
f 37/45/45 58/46/46 36/28/28 35/44/44
f 37/45/45 35/44/44 38/43/43 39/47/47
f 43/48/48 39/47/47 38/43/43 40/49/49
f 42/50/50 40/49/49 38/43/43 34/42/42
f 42/50/50 79/51/51 41/52/52 40/49/49
f 43/48/48 40/49/49 41/52/52 44/53/53
f 43/48/48 44/53/53 46/54/54 39/47/47
f 45/55/55 44/53/53 41/52/52 76/56/56
f 45/55/55 47/57/57 46/54/54 44/53/53
f 37/45/45 39/47/47 46/54/54 48/58/58
f 50/59/59 48/58/58 46/54/54 47/57/57
f 50/59/59 52/60/60 49/61/61 48/58/58
f 37/45/45 48/58/58 49/61/61 58/46/46
f 50/59/59 51/62/62 53/63/63 52/60/60
f 50/59/59 47/57/57 71/64/64 51/62/62
f 54/65/65 52/60/60 53/63/63 55/66/66
f 54/65/65 56/67/67 49/61/61 52/60/60
f 54/65/65 55/66/66 60/22/22 15/21/21
f 54/65/65 15/21/21 17/23/23 56/67/67
f 57/68/68 56/67/67 17/23/23 19/26/26
f 57/68/68 58/46/46 49/61/61 56/67/67
f 57/68/68 19/26/26 36/28/28 58/46/46
f 59/69/69 61/70/70 60/22/22 55/66/66
f 59/69/69 55/66/66 53/63/63 63/71/71
f 8/12/12 10/14/14 60/22/22 61/70/70
f 59/69/69 63/71/71 62/72/72 61/70/70
f 8/12/12 61/70/70 62/72/72 64/13/13
f 68/73/73 65/74/74 62/72/72 63/71/71
f 66/75/75 64/13/13 62/72/72 65/74/74
f 66/75/75 65/74/74 67/76/76 3406/77/77
f 68/73/73 69/78/78 67/76/76 65/74/74
f 68/73/73 51/62/62 71/64/64 69/78/78
f 68/73/73 63/71/71 53/63/63 51/62/62
f 70/79/79 75/80/80 67/76/76 69/78/78
f 70/79/79 69/78/78 71/64/64 72/81/81
f 45/55/55 72/81/81 71/64/64 47/57/57
f 70/79/79 72/81/81 73/82/82 75/80/80
f 45/55/55 76/56/56 73/82/82 72/81/81
f 3407/83/83 75/80/80 73/82/82 74/84/84
f 77/85/85 74/84/84 73/82/82 76/56/56
f 77/85/85 76/56/56 41/52/52 79/51/51
f 77/85/85 78/86/86 3408/87/87 74/84/84
f 77/85/85 79/51/51 80/88/88 78/86/86
f 42/50/50 82/89/89 80/88/88 79/51/51
f 91/90/90 78/86/86 80/88/88 81/91/91
f 83/92/92 81/91/91 80/88/88 82/89/89
f 83/92/92 82/89/89 32/39/39 29/38/38
f 42/50/50 34/42/42 32/39/39 82/89/89
f 83/92/92 84/93/93 87/94/94 81/91/91
f 83/92/92 29/38/38 86/40/40 84/93/93
f 85/95/95 88/96/96 87/94/94 84/93/93
f 85/95/95 84/93/93 86/40/40 3791/97/97
f 91/90/90 81/91/91 87/94/94 89/98/98
f 92/99/99 89/98/98 87/94/94 88/96/96
f 92/99/99 93/100/100 90/101/101 89/98/98
f 91/90/90 89/98/98 90/101/101 3409/102/102
f 92/99/99 94/103/103 97/104/104 93/100/100
f 92/99/99 88/96/96 96/105/105 94/103/103
f 95/106/106 99/107/107 97/104/104 94/103/103
f 95/106/106 94/103/103 96/105/105 3794/108/108
f 119/109/109 93/100/100 97/104/104 98/110/110
f 100/111/111 98/110/110 97/104/104 99/107/107
f 95/106/106 102/112/112 101/113/113 99/107/107
f 100/111/111 99/107/107 101/113/113 104/114/114
f 285/115/115 103/116/116 101/113/113 102/112/112
f 105/117/117 104/114/114 101/113/113 103/116/116
f 105/117/117 108/118/118 106/119/119 104/114/114
f 100/111/111 104/114/114 106/119/119 107/120/120
f 112/121/121 107/120/120 106/119/119 109/122/122
f 110/123/123 109/122/122 106/119/119 108/118/118
f 110/123/123 293/124/124 111/125/125 109/122/122
f 112/121/121 109/122/122 111/125/125 113/126/126
f 112/121/121 113/126/126 115/127/127 114/128/128
f 112/121/121 114/128/128 117/129/129 107/120/120
f 116/130/130 114/128/128 115/127/127 132/131/131
f 116/130/130 118/132/132 117/129/129 114/128/128
f 100/111/111 107/120/120 117/129/129 98/110/110
f 119/109/109 98/110/110 117/129/129 118/132/132
f 119/109/109 118/132/132 120/133/133 122/134/134
f 116/130/130 121/135/135 120/133/133 118/132/132
f 126/136/136 123/137/137 120/133/133 121/135/135
f 124/138/138 122/134/134 120/133/133 123/137/137
f 124/138/138 123/137/137 125/139/139 3402/140/140
f 126/136/136 127/141/141 125/139/139 123/137/137
f 126/136/136 128/142/142 130/143/143 127/141/141
f 126/136/136 121/135/135 131/144/144 128/142/142
f 129/145/145 128/142/142 131/144/144 133/146/146
f 129/145/145 3390/147/147 130/143/143 128/142/142
f 134/148/148 133/146/146 131/144/144 132/131/131
f 116/130/130 132/131/131 131/144/144 121/135/135
f 134/148/148 138/149/149 135/150/150 133/146/146
f 129/145/145 133/146/146 135/150/150 137/151/151
f 3438/152/152 137/151/151 135/150/150 136/153/153
f 139/154/154 136/153/153 135/150/150 138/149/149
f 134/148/148 141/155/155 140/156/156 138/149/149
f 139/154/154 138/149/149 140/156/156 142/157/157
f 144/158/158 143/159/159 140/156/156 141/155/155
f 146/160/160 142/157/157 140/156/156 143/159/159
f 144/158/158 295/161/161 145/162/162 143/159/159
f 146/160/160 143/159/159 145/162/162 147/163/163
f 146/160/160 147/163/163 150/164/164 148/165/165
f 146/160/160 148/165/165 151/166/166 142/157/157
f 149/167/167 152/168/168 151/166/166 148/165/165
f 149/167/167 148/165/165 150/164/164 310/169/169
f 139/154/154 142/157/157 151/166/166 153/170/170
f 155/171/171 153/170/170 151/166/166 152/168/168
f 155/171/171 156/172/172 154/173/173 153/170/170
f 139/154/154 153/170/170 154/173/173 136/153/153
f 155/171/171 157/174/174 158/175/175 156/172/172
f 155/171/171 152/168/168 160/176/176 157/174/174
f 159/177/177 3268/178/178 158/175/175 157/174/174
f 159/177/177 157/174/174 160/176/176 162/179/179
f 149/167/167 161/180/180 160/176/176 152/168/168
f 164/181/181 162/179/179 160/176/176 161/180/180
f 164/181/181 165/182/182 163/183/183 162/179/179
f 159/177/177 162/179/179 163/183/183 3265/184/184
f 164/181/181 166/185/185 168/186/186 165/182/182
f 164/181/181 161/180/180 167/187/187 166/185/185
f 169/188/188 166/185/185 167/187/187 171/189/189
f 169/188/188 172/190/190 168/186/186 166/185/185
f 169/188/188 170/191/191 174/192/192 172/190/190
f 169/188/188 171/189/189 311/193/193 170/191/191
f 173/194/194 3242/195/195 168/186/186 172/190/190
f 173/194/194 172/190/190 174/192/192 175/196/196
f 178/197/197 175/196/196 174/192/192 176/198/198
f 179/199/199 176/198/198 174/192/192 170/191/191
f 179/199/199 181/200/200 177/201/201 176/198/198
f 178/197/197 176/198/198 177/201/201 3238/202/202
f 179/199/199 180/203/203 183/204/204 181/200/200
f 179/199/199 170/191/191 311/193/193 180/203/203
f 182/205/205 3237/206/206 177/201/201 181/200/200
f 182/205/205 181/200/200 183/204/204 184/207/207
f 186/208/208 185/209/209 183/204/204 180/203/203
f 188/210/210 184/207/207 183/204/204 185/209/209
f 186/208/208 305/211/211 187/212/212 185/209/209
f 188/210/210 185/209/209 187/212/212 189/213/213
f 188/210/210 189/213/213 192/214/214 190/215/215
f 188/210/210 190/215/215 193/216/216 184/207/207
f 191/217/217 194/218/218 193/216/216 190/215/215
f 191/217/217 190/215/215 192/214/214 209/219/219
f 197/220/220 195/221/221 193/216/216 194/218/218
f 182/205/205 184/207/207 193/216/216 195/221/221
f 182/205/205 195/221/221 196/222/222 3237/206/206
f 197/220/220 198/223/223 196/222/222 195/221/221
f 197/220/220 199/224/224 201/225/225 198/223/223
f 197/220/220 194/218/218 202/226/226 199/224/224
f 200/227/227 199/224/224 202/226/226 203/228/228
f 200/227/227 3226/229/229 201/225/225 199/224/224
f 191/217/217 204/230/230 202/226/226 194/218/218
f 205/231/231 203/228/228 202/226/226 204/230/230
f 191/217/217 209/219/219 206/232/232 204/230/230
f 205/231/231 204/230/230 206/232/232 208/233/233
f 3200/234/234 208/233/233 206/232/232 207/235/235
f 210/236/236 207/235/235 206/232/232 209/219/219
f 210/236/236 209/219/219 192/214/214 212/237/237
f 210/236/236 211/238/238 3207/239/239 207/235/235
f 210/236/236 212/237/237 214/240/240 211/238/238
f 213/241/241 212/237/237 192/214/214 189/213/213
f 213/241/241 215/242/242 214/240/240 212/237/237
f 217/243/243 216/244/244 214/240/240 215/242/242
f 218/245/245 211/238/238 214/240/240 216/244/244
f 217/243/243 222/246/246 219/247/247 216/244/244
f 218/245/245 216/244/244 219/247/247 221/248/248
f 3586/249/249 221/248/248 219/247/247 220/250/250
f 223/251/251 220/250/250 219/247/247 222/246/246
f 217/243/243 226/252/252 224/253/253 222/246/246
f 223/251/251 222/246/246 224/253/253 227/254/254
f 229/255/255 227/254/254 224/253/253 225/256/256
f 302/257/257 225/256/256 224/253/253 226/252/252
f 229/255/255 230/258/258 228/259/259 227/254/254
f 223/251/251 227/254/254 228/259/259 3589/260/260
f 229/255/255 231/261/261 233/262/262 230/258/258
f 229/255/255 225/256/256 234/263/263 231/261/261
f 232/264/264 231/261/261 234/263/263 236/265/265
f 232/264/264 992/266/266 233/262/262 231/261/261
f 237/267/267 236/265/265 234/263/263 235/268/268
f 302/257/257 235/268/268 234/263/263 225/256/256
f 237/267/267 241/269/269 238/270/270 236/265/265
f 232/264/264 236/265/265 238/270/270 239/271/271
f 986/272/272 239/271/271 238/270/270 240/273/273
f 242/274/274 240/273/273 238/270/270 241/269/269
f 242/274/274 241/269/269 243/275/275 245/276/276
f 237/267/267 246/277/277 243/275/275 241/269/269
f 375/278/278 245/276/276 243/275/275 244/279/279
f 247/280/280 244/279/279 243/275/275 246/277/277
f 237/267/267 235/268/268 248/281/281 246/277/277
f 247/280/280 246/277/277 248/281/281 250/282/282
f 251/283/283 250/282/282 248/281/281 249/284/284
f 302/257/257 249/284/284 248/281/281 235/268/268
f 247/280/280 250/282/282 252/285/285 255/286/286
f 251/283/283 254/287/287 252/285/285 250/282/282
f 256/288/288 255/286/286 252/285/285 253/289/289
f 288/290/290 253/289/289 252/285/285 254/287/287
f 247/280/280 255/286/286 257/291/291 244/279/279
f 256/288/288 259/292/292 257/291/291 255/286/286
f 375/278/278 244/279/279 257/291/291 258/293/293
f 260/294/294 258/293/293 257/291/291 259/292/292
f 260/294/294 259/292/292 261/295/295 262/296/296
f 256/288/288 263/297/297 261/295/295 259/292/292
f 266/298/298 262/296/296 261/295/295 264/299/299
f 265/300/300 264/299/299 261/295/295 263/297/297
f 265/300/300 268/301/301 267/302/302 264/299/299
f 266/298/298 264/299/299 267/302/302 269/303/303
f 273/304/304 270/305/305 267/302/302 268/301/301
f 271/306/306 269/303/303 267/302/302 270/305/305
f 271/306/306 270/305/305 272/307/307 329/308/308
f 273/304/304 274/309/309 272/307/307 270/305/305
f 273/304/304 275/310/310 277/311/311 274/309/309
f 273/304/304 268/301/301 278/312/312 275/310/310
f 276/313/313 275/310/310 278/312/312 280/314/314
f 276/313/313 315/315/315 277/311/311 275/310/310
f 282/316/316 280/314/314 278/312/312 279/317/317
f 265/300/300 279/317/317 278/312/312 268/301/301
f 276/313/313 280/314/314 281/318/318 315/315/315
f 282/316/316 284/319/319 281/318/318 280/314/314
f 282/316/316 283/320/320 286/321/321 284/319/319
f 282/316/316 279/317/317 3795/322/322 283/320/320
f 285/115/115 284/319/319 286/321/321 103/116/116
f 285/115/115 312/323/323 281/318/318 284/319/319
f 288/290/290 287/324/324 286/321/321 283/320/320
f 105/117/117 103/116/116 286/321/321 287/324/324
f 288/290/290 254/287/287 289/325/325 287/324/324
f 105/117/117 287/324/324 289/325/325 108/118/118
f 251/283/283 290/326/326 289/325/325 254/287/287
f 110/123/123 108/118/118 289/325/325 290/326/326
f 110/123/123 290/326/326 291/327/327 293/124/124
f 251/283/283 249/284/284 291/327/327 290/326/326
f 302/257/257 292/328/328 291/327/327 249/284/284
f 294/329/329 293/124/124 291/327/327 292/328/328
f 294/329/329 295/161/161 111/125/125 293/124/124
f 294/329/329 292/328/328 298/330/330 296/331/331
f 294/329/329 296/331/331 145/162/162 295/161/161
f 297/332/332 147/163/163 145/162/162 296/331/331
f 297/332/332 296/331/331 298/330/330 299/333/333
f 301/334/334 299/333/333 298/330/330 300/335/335
f 302/257/257 300/335/335 298/330/330 292/328/328
f 301/334/334 300/335/335 303/336/336 304/337/337
f 302/257/257 226/252/252 303/336/336 300/335/335
f 213/241/241 304/337/337 303/336/336 215/242/242
f 217/243/243 215/242/242 303/336/336 226/252/252
f 301/334/334 304/337/337 187/212/212 305/211/211
f 213/241/241 189/213/213 187/212/212 304/337/337
f 301/334/334 305/211/211 306/338/338 299/333/333
f 186/208/208 307/339/339 306/338/338 305/211/211
f 297/332/332 299/333/333 306/338/338 308/340/340
f 309/341/341 308/340/340 306/338/338 307/339/339
f 309/341/341 310/169/169 150/164/164 308/340/340
f 297/332/332 308/340/340 150/164/164 147/163/163
f 309/341/341 171/189/189 167/187/187 310/169/169
f 309/341/341 307/339/339 311/193/193 171/189/189
f 149/167/167 310/169/169 167/187/187 161/180/180
f 186/208/208 180/203/203 311/193/193 307/339/339
f 144/158/158 113/126/126 111/125/125 295/161/161
f 288/290/290 283/320/320 3795/322/322 253/289/289
f 285/115/115 102/112/112 313/342/342 312/323/323
f 314/343/343 312/323/323 313/342/342 317/344/344
f 314/343/343 315/315/315 281/318/318 312/323/323
f 314/343/343 316/345/345 277/311/311 315/315/315
f 314/343/343 317/344/344 319/346/346 316/345/345
f 318/347/347 317/344/344 313/342/342 3794/108/108
f 318/347/347 320/348/348 319/346/346 317/344/344
f 323/349/349 321/350/350 319/346/346 320/348/348
f 322/351/351 316/345/345 319/346/346 321/350/350
f 322/351/351 321/350/350 324/352/352 327/353/353
f 323/349/349 326/354/354 324/352/352 321/350/350
f 328/355/355 327/353/353 324/352/352 325/356/356
f 3786/357/357 325/356/356 324/352/352 326/354/354
f 322/351/351 327/353/353 272/307/307 274/309/309
f 328/355/355 329/308/308 272/307/307 327/353/353
f 328/355/355 325/356/356 333/358/358 330/359/359
f 328/355/355 330/359/359 332/360/360 329/308/308
f 331/361/361 330/359/359 333/358/358 335/362/362
f 331/361/361 372/363/363 332/360/360 330/359/359
f 337/364/364 335/362/362 333/358/358 334/365/365
f 3786/357/357 334/365/365 333/358/358 325/356/356
f 337/364/364 339/366/366 336/367/367 335/362/362
f 331/361/361 335/362/362 336/367/367 370/368/368
f 337/364/364 334/365/365 3784/369/369 338/370/370
f 337/364/364 338/370/370 341/371/371 339/366/366
f 340/372/372 365/373/373 336/367/367 339/366/366
f 340/372/372 339/366/366 341/371/371 342/374/374
f 346/375/375 342/374/374 341/371/371 343/376/376
f 344/377/377 343/376/376 341/371/371 338/370/370
f 344/377/377 3780/378/378 345/9/9 343/376/376
f 346/375/375 343/376/376 345/9/9 4/4/4
f 346/375/375 4/4/4 348/3/3 347/379/379
f 346/375/375 347/379/379 350/380/380 342/374/374
f 349/381/381 347/379/379 348/3/3 3410/382/382
f 349/381/381 352/383/383 350/380/380 347/379/379
f 353/384/384 351/385/385 350/380/380 352/383/383
f 340/372/372 342/374/374 350/380/380 351/385/385
f 353/384/384 352/383/383 354/386/386 357/387/387
f 349/381/381 355/388/388 354/386/386 352/383/383
f 3413/389/389 356/390/390 354/386/386 355/388/388
f 358/391/391 357/387/387 354/386/386 356/390/390
f 358/391/391 360/392/392 359/393/393 357/387/387
f 353/384/384 357/387/387 359/393/393 362/394/394
f 378/395/395 361/396/396 359/393/393 360/392/392
f 363/397/397 362/394/394 359/393/393 361/396/396
f 363/397/397 366/398/398 364/399/399 362/394/394
f 353/384/384 362/394/394 364/399/399 351/385/385
f 340/372/372 351/385/385 364/399/399 365/373/373
f 368/400/400 365/373/373 364/399/399 366/398/398
f 363/397/397 373/401/401 367/402/402 366/398/398
f 368/400/400 366/398/398 367/402/402 369/403/403
f 368/400/400 369/403/403 371/404/404 370/368/368
f 368/400/400 370/368/368 336/367/367 365/373/373
f 331/361/361 370/368/368 371/404/404 372/363/363
f 266/298/298 372/363/363 371/404/404 262/296/296
f 260/294/294 262/296/296 371/404/404 369/403/403
f 266/298/298 269/303/303 332/360/360 372/363/363
f 260/294/294 369/403/403 367/402/402 258/293/293
f 375/278/278 258/293/293 367/402/402 373/401/401
f 363/397/397 361/396/396 374/405/405 373/401/401
f 375/278/278 373/401/401 374/405/405 245/276/276
f 378/395/395 376/406/406 374/405/405 361/396/396
f 242/274/274 245/276/276 374/405/405 376/406/406
f 242/274/274 376/406/406 377/407/407 3591/408/408
f 378/395/395 379/409/409 377/407/407 376/406/406
f 378/395/395 360/392/392 381/410/410 379/409/409
f 380/411/411 379/409/409 381/410/410 383/412/412
f 380/411/411 3766/413/413 377/407/407 379/409/409
f 384/414/414 383/412/412 381/410/410 382/415/415
f 358/391/391 382/415/415 381/410/410 360/392/392
f 380/411/411 383/412/412 385/416/416 387/417/417
f 384/414/414 386/418/418 385/416/416 383/412/412
f 390/419/419 388/420/420 385/416/416 386/418/418
f 389/421/421 387/417/417 385/416/416 388/420/420
f 389/421/421 388/420/420 391/422/422 392/423/423
f 390/419/419 393/424/424 391/422/422 388/420/420
f 396/425/425 392/423/423 391/422/422 394/426/426
f 397/427/427 394/426/426 391/422/422 393/424/424
f 397/427/427 399/428/428 395/429/429 394/426/426
f 396/425/425 394/426/426 395/429/429 3759/430/430
f 397/427/427 393/424/424 475/431/431 398/432/432
f 397/427/427 398/432/432 400/433/433 399/428/428
f 401/434/434 402/435/435 395/429/429 399/428/428
f 401/434/434 399/428/428 400/433/433 404/436/436
f 401/434/434 403/437/437 3755/438/438 402/435/435
f 401/434/434 404/436/436 406/439/439 403/437/437
f 405/440/440 407/441/441 406/439/439 404/436/436
f 405/440/440 404/436/436 400/433/433 468/442/442
f 409/443/443 403/437/437 406/439/439 408/444/444
f 411/445/445 408/444/444 406/439/439 407/441/441
f 409/443/443 408/444/444 410/446/446 3753/447/447
f 411/445/445 412/448/448 410/446/446 408/444/444
f 411/445/445 413/449/449 416/450/450 412/448/448
f 411/445/445 407/441/441 414/451/451 413/449/449
f 415/452/452 413/449/449 414/451/451 463/453/453
f 415/452/452 418/454/454 416/450/450 413/449/449
f 3748/455/455 412/448/448 416/450/450 417/456/456
f 420/457/457 417/456/456 416/450/450 418/454/454
f 415/452/452 459/458/458 419/459/459 418/454/454
f 420/457/457 418/454/454 419/459/459 422/460/460
f 420/457/457 421/461/461 3746/462/462 417/456/456
f 420/457/457 422/460/460 424/463/463 421/461/461
f 423/464/464 426/465/465 424/463/463 422/460/460
f 423/464/464 422/460/460 419/459/459 460/466/466
f 3744/467/467 421/461/461 424/463/463 425/468/468
f 428/469/469 425/468/468 424/463/463 426/465/465
f 423/464/464 3775/470/470 427/471/471 426/465/465
f 428/469/469 426/465/465 427/471/471 430/472/472
f 428/469/469 429/473/473 3720/474/474 425/468/468
f 428/469/469 430/472/472 432/475/475 429/473/473
f 431/476/476 430/472/472 427/471/471 3779/477/477
f 431/476/476 434/478/478 432/475/475 430/472/472
f 3719/479/479 429/473/473 432/475/475 433/480/480
f 435/481/481 433/480/480 432/475/475 434/478/478
f 435/481/481 434/478/478 436/482/482 437/483/483
f 431/476/476 438/484/484 436/482/482 434/478/478
f 440/485/485 437/483/483 436/482/482 439/486/486
f 441/487/487 439/486/486 436/482/482 438/484/484
f 440/485/485 439/486/486 442/488/488 443/489/489
f 441/487/487 445/490/490 442/488/488 439/486/486
f 3743/491/491 443/489/489 442/488/488 444/492/492
f 446/493/493 444/492/492 442/488/488 445/490/490
f 441/487/487 448/494/494 447/495/495 445/490/490
f 446/493/493 445/490/490 447/495/495 449/496/496
f 451/497/497 450/498/498 447/495/495 448/494/494
f 452/499/499 449/496/496 447/495/495 450/498/498
f 451/497/497 456/500/500 453/501/501 450/498/498
f 452/499/499 450/498/498 453/501/501 454/502/502
f 3740/503/503 454/502/502 453/501/501 455/504/504
f 458/505/505 455/504/504 453/501/501 456/500/500
f 451/497/497 3776/506/506 457/507/507 456/500/500
f 458/505/505 456/500/500 457/507/507 460/466/466
f 458/505/505 459/458/458 461/508/508 455/504/504
f 458/505/505 460/466/466 419/459/459 459/458/458
f 423/464/464 460/466/466 457/507/507 3775/470/470
f 415/452/452 463/453/453 461/508/508 459/458/458
f 3740/503/503 455/504/504 461/508/508 462/509/509
f 464/510/510 462/509/509 461/508/508 463/453/453
f 464/510/510 463/453/453 414/451/451 466/511/511
f 464/510/510 465/512/512 3737/513/513 462/509/509
f 464/510/510 466/511/511 467/514/514 465/512/512
f 405/440/440 468/442/442 467/514/514 466/511/511
f 405/440/440 466/511/511 414/451/451 407/441/441
f 471/515/515 465/512/512 467/514/514 469/516/516
f 472/517/517 469/516/516 467/514/514 468/442/442
f 472/517/517 473/518/518 470/519/519 469/516/516
f 471/515/515 469/516/516 470/519/519 3736/520/520
f 472/517/517 398/432/432 475/431/431 473/518/518
f 472/517/517 468/442/442 400/433/433 398/432/432
f 474/521/521 487/522/522 470/519/519 473/518/518
f 474/521/521 473/518/518 475/431/431 476/523/523
f 390/419/419 476/523/523 475/431/431 393/424/424
f 474/521/521 476/523/523 477/524/524 478/525/525
f 390/419/419 386/418/418 477/524/524 476/523/523
f 384/414/414 479/526/526 477/524/524 386/418/418
f 481/527/527 478/525/525 477/524/524 479/526/526
f 384/414/414 382/415/415 480/528/528 479/526/526
f 481/527/527 479/526/526 480/528/528 482/529/529
f 481/527/527 482/529/529 484/530/530 483/531/531
f 481/527/527 483/531/531 486/532/532 478/525/525
f 485/533/533 483/531/531 484/530/530 3415/534/534
f 485/533/533 488/535/535 486/532/532 483/531/531
f 474/521/521 478/525/525 486/532/532 487/522/522
f 489/536/536 487/522/522 486/532/532 488/535/535
f 489/536/536 488/535/535 490/537/537 491/538/538
f 485/533/533 492/539/539 490/537/537 488/535/535
f 495/540/540 491/538/538 490/537/537 493/541/541
f 496/542/542 493/541/541 490/537/537 492/539/539
f 496/542/542 497/543/543 494/544/544 493/541/541
f 495/540/540 493/541/541 494/544/544 3716/545/545
f 496/542/542 498/546/546 499/547/547 497/543/543
f 496/542/542 492/539/539 500/548/548 498/546/546
f 501/549/549 503/550/550 499/547/547 498/546/546
f 501/549/549 498/546/546 500/548/548 502/551/551
f 501/549/549 502/551/551 505/552/552 504/553/553
f 501/549/549 504/553/553 507/554/554 503/550/550
f 506/555/555 504/553/553 505/552/552 3418/556/556
f 506/555/555 508/557/557 507/554/554 504/553/553
f 512/558/558 509/559/559 507/554/554 508/557/557
f 510/560/560 503/550/550 507/554/554 509/559/559
f 510/560/560 509/559/559 511/561/561 3675/562/562
f 512/558/558 513/563/563 511/561/561 509/559/559
f 512/558/558 514/564/564 516/565/565 513/563/563
f 512/558/558 508/557/557 517/566/566 514/564/564
f 515/567/567 514/564/564 517/566/566 518/568/568
f 515/567/567 808/569/569 516/565/565 514/564/564
f 506/555/555 519/570/570 517/566/566 508/557/557
f 521/571/571 518/568/568 517/566/566 519/570/570
f 506/555/555 3418/556/556 520/572/572 519/570/570
f 521/571/571 519/570/570 520/572/572 523/573/573
f 521/571/571 522/574/574 3770/575/575 518/568/568
f 521/571/571 523/573/573 525/576/576 522/574/574
f 524/577/577 523/573/573 520/572/572 3417/578/578
f 524/577/577 526/579/579 525/576/576 523/573/573
f 529/580/580 522/574/574 525/576/576 527/581/581
f 530/582/582 527/581/581 525/576/576 526/579/579
f 530/582/582 531/583/583 528/584/584 527/581/581
f 529/580/580 527/581/581 528/584/584 787/585/585
f 530/582/582 526/579/579 535/586/586 532/587/587
f 530/582/582 532/587/587 533/588/588 531/583/583
f 534/589/589 784/590/590 533/588/588 532/587/587
f 534/589/589 532/587/587 535/586/586 537/591/591
f 538/592/592 537/591/591 535/586/586 536/593/593
f 524/577/577 536/593/593 535/586/586 526/579/579
f 538/592/592 540/594/594 539/595/595 537/591/591
f 534/589/589 537/591/591 539/595/595 542/596/596
f 3380/597/597 541/598/598 539/595/595 540/594/594
f 544/599/599 542/596/596 539/595/595 541/598/598
f 544/599/599 546/600/600 543/601/601 542/596/596
f 534/589/589 542/596/596 543/601/601 784/590/590
f 544/602/599 545/603/602 548/604/603 546/605/600
f 544/602/599 541/606/598 3420/607/604 545/603/602
f 547/608/605 752/609/606 543/601/601 546/600/600
f 547/610/605 546/605/600 548/604/603 550/611/607
f 3427/612/608 549/613/609 548/604/603 545/603/602
f 552/614/610 550/611/607 548/604/603 549/613/609
f 552/614/610 554/615/611 551/616/612 550/611/607
f 547/610/605 550/611/607 551/616/612 751/617/613
f 552/614/610 553/618/614 555/619/615 554/615/611
f 552/614/610 549/613/609 3429/620/616 553/618/614
f 556/621/617 557/622/618 551/616/612 554/615/611
f 556/621/617 554/615/611 555/619/615 559/623/619
f 556/621/617 558/624/620 757/625/621 557/622/618
f 556/621/617 559/623/619 561/626/622 558/624/620
f 560/627/623 559/623/619 555/619/615 3434/628/624
f 560/627/623 563/629/625 561/626/622 559/623/619
f 760/630/626 558/624/620 561/626/622 562/631/627
f 565/632/628 562/631/627 561/626/622 563/629/625
f 560/627/623 3435/633/629 564/634/630 563/629/625
f 565/632/628 563/629/625 564/634/630 567/635/631
f 565/632/628 566/636/632 762/637/633 562/631/627
f 565/632/628 567/635/631 568/638/634 566/636/632
f 569/639/635 570/640/636 568/638/634 567/635/631
f 569/639/635 567/635/631 564/634/630 572/641/637
f 569/639/635 571/642/638 776/643/639 570/640/636
f 569/639/635 572/641/637 574/644/640 571/642/638
f 573/645/641 572/641/637 564/634/630 3435/633/629
f 573/645/641 576/646/642 574/644/640 572/641/637
f 578/647/643 575/648/644 574/644/640 576/646/642
f 599/649/645 571/642/638 574/644/640 575/648/644
f 573/645/641 3433/650/646 577/651/647 576/646/642
f 578/647/643 576/646/642 577/651/647 580/652/648
f 578/647/643 579/653/649 597/654/650 575/648/644
f 578/647/643 580/652/648 582/655/651 579/653/649
f 581/656/652 580/652/648 577/651/647 3425/657/653
f 581/656/652 583/658/654 582/655/651 580/652/648
f 586/659/655 579/653/649 582/655/651 584/660/656
f 585/661/657 584/660/656 582/655/651 583/658/654
f 585/661/657 589/662/658 587/663/659 584/660/656
f 586/659/655 584/660/656 587/663/659 590/664/660
f 591/665/661 590/664/660 587/663/659 588/666/662
f 3175/667/663 588/666/662 587/663/659 589/662/658
f 586/659/655 590/664/660 592/668/664 595/669/665
f 591/665/661 594/670/666 592/668/664 590/664/660
f 596/671/667 595/669/665 592/668/664 593/672/668
f 641/673/669 593/672/668 592/668/664 594/670/666
f 586/659/655 595/669/665 597/654/650 579/653/649
f 596/671/667 598/674/670 597/654/650 595/669/665
f 599/649/645 575/648/644 597/654/650 598/674/670
f 599/649/645 598/674/670 600/675/671 601/676/672
f 596/671/667 602/677/673 600/675/671 598/674/670
f 605/678/674 601/676/672 600/675/671 603/679/675
f 604/680/676 603/679/675 600/675/671 602/677/673
f 604/680/676 608/681/677 606/682/678 603/679/675
f 605/678/674 603/679/675 606/682/678 609/683/679
f 628/684/680 607/685/681 606/682/678 608/681/677
f 611/686/682 609/683/679 606/682/678 607/685/681
f 605/678/674 609/683/679 610/687/683 775/688/684
f 611/686/682 613/689/685 610/687/683 609/683/679
f 611/686/682 612/690/686 615/691/687 613/689/685
f 611/686/682 607/685/681 625/692/688 612/690/686
f 614/693/689 773/694/690 610/687/683 613/689/685
f 614/693/689 613/689/685 615/691/687 616/695/691
f 620/696/692 617/697/693 615/691/687 612/690/686
f 619/698/694 616/695/691 615/691/687 617/697/693
f 620/696/692 621/699/695 618/700/696 617/697/693
f 619/698/694 617/697/693 618/700/696 782/701/697
f 620/696/692 622/702/698 623/703/699 621/699/695
f 620/696/692 612/690/686 625/692/688 622/702/698
f 624/704/700 3773/705/701 623/703/699 622/702/698
f 624/704/700 622/702/698 625/692/688 626/706/702
f 628/684/680 626/706/702 625/692/688 607/685/681
f 628/684/680 629/707/703 627/708/704 626/706/702
f 624/704/700 626/706/702 627/708/704 676/709/705
f 628/684/680 608/681/677 630/710/706 629/707/703
f 631/711/707 632/712/708 627/708/704 629/707/703
f 631/711/707 629/707/703 630/710/706 634/713/709
f 631/711/707 633/714/710 674/715/711 632/712/708
f 631/711/707 634/713/709 635/716/712 633/714/710
f 636/717/713 637/718/714 635/716/712 634/713/709
f 636/717/713 634/713/709 630/710/706 639/719/715
f 636/717/713 638/720/716 642/721/717 637/718/714
f 636/717/713 639/719/715 640/722/718 638/720/716
f 604/680/676 639/719/715 630/710/706 608/681/677
f 604/680/676 602/677/673 640/722/718 639/719/715
f 596/671/667 593/672/668 640/722/718 602/677/673
f 641/673/669 638/720/716 640/722/718 593/672/668
f 641/673/669 643/723/719 642/721/717 638/720/716
f 645/724/720 644/725/721 642/721/717 643/723/719
f 647/726/722 637/718/714 642/721/717 644/725/721
f 645/724/720 3076/727/723 646/728/724 644/725/721
f 647/726/722 644/725/721 646/728/724 649/729/725
f 647/726/722 648/730/726 635/716/712 637/718/714
f 647/726/722 649/729/725 650/731/727 648/730/726
f 651/732/728 654/733/729 650/731/727 649/729/725
f 651/732/728 649/729/725 646/728/724 652/734/730
f 651/732/728 652/734/730 3072/735/731 653/736/732
f 651/732/728 653/736/732 656/737/733 654/733/729
f 655/738/734 666/739/735 650/731/727 654/733/729
f 655/738/734 654/733/729 656/737/733 658/740/736
f 659/741/737 658/740/736 656/737/733 657/742/738
f 3073/743/739 657/742/738 656/737/733 653/736/732
f 659/741/737 662/744/740 660/745/741 658/740/736
f 655/738/734 658/740/736 660/745/741 663/746/742
f 664/747/743 663/746/742 660/745/741 661/748/744
f 1030/749/745 661/748/744 660/745/741 662/744/740
f 664/747/743 668/750/746 665/751/747 663/746/742
f 655/738/734 663/746/742 665/751/747 666/739/735
f 3774/752/748 666/739/735 665/751/747 667/753/749
f 670/754/750 667/753/749 665/751/747 668/750/746
f 664/747/743 2968/755/751 669/756/752 668/750/746
f 670/754/750 668/750/746 669/756/752 671/757/753
f 670/754/750 671/757/753 673/758/754 672/759/755
f 670/754/750 672/759/755 674/715/711 667/753/749
f 675/760/756 672/759/755 673/758/754 677/761/757
f 675/760/756 632/712/708 674/715/711 672/759/755
f 675/760/756 676/709/705 627/708/704 632/712/708
f 675/760/756 677/761/757 678/762/758 676/709/705
f 679/763/759 682/764/760 678/762/758 677/761/757
f 679/763/759 677/761/757 673/758/754 681/765/761
f 679/763/759 680/766/762 684/767/763 682/764/760
f 679/763/759 681/765/761 921/768/764 680/766/762
f 683/769/765 3773/705/701 678/762/758 682/764/760
f 683/769/765 682/764/760 684/767/763 686/770/766
f 688/771/767 686/770/766 684/767/763 685/772/768
f 918/773/769 685/772/768 684/767/763 680/766/762
f 688/771/767 690/774/770 687/775/771 686/770/766
f 683/769/765 686/770/766 687/775/771 3772/776/772
f 688/771/767 689/777/773 691/778/774 690/774/770
f 688/771/767 685/772/768 919/779/775 689/777/773
f 692/780/776 690/774/770 691/778/774 693/781/777
f 692/780/776 694/782/778 687/775/771 690/774/770
f 692/780/776 693/781/777 697/783/779 695/784/780
f 692/780/776 695/784/780 698/785/781 694/782/778
f 696/786/782 695/784/780 697/783/779 850/787/783
f 696/786/782 700/788/784 698/785/781 695/784/780
f 3771/789/785 694/782/778 698/785/781 699/790/786
f 701/791/787 699/790/786 698/785/781 700/788/784
f 696/786/782 703/792/788 702/793/789 700/788/784
f 701/791/787 700/788/784 702/793/789 704/794/790
f 706/795/791 705/796/792 702/793/789 703/792/788
f 707/797/793 704/794/790 702/793/789 705/796/792
f 706/795/791 711/798/794 708/799/795 705/796/792
f 707/797/793 705/796/792 708/799/795 710/800/796
f 780/801/797 710/800/796 708/799/795 709/802/798
f 713/803/799 709/802/798 708/799/795 711/798/794
f 706/795/791 855/804/800 712/805/801 711/798/794
f 713/803/799 711/798/794 712/805/801 714/806/802
f 713/803/799 714/806/802 716/807/803 715/808/804
f 713/803/799 715/808/804 717/809/805 709/802/798
f 718/810/806 715/808/804 716/807/803 721/811/807
f 718/810/806 719/812/808 717/809/805 715/808/804
f 718/810/806 720/813/809 767/814/810 719/812/808
f 718/810/806 721/811/807 722/815/811 720/813/809
f 723/816/812 726/817/813 722/815/811 721/811/807
f 723/816/812 721/811/807 716/807/803 725/818/814
f 723/819/812 724/820/815 728/821/816 726/822/813
f 723/819/812 725/823/814 865/824/817 724/820/815
f 727/825/818 765/826/819 722/815/811 726/817/813
f 727/827/818 726/822/813 728/821/816 730/828/820
f 868/829/821 729/830/822 728/821/816 724/820/815
f 731/831/823 730/828/820 728/821/816 729/830/822
f 731/831/823 735/832/824 732/833/825 730/828/820
f 727/827/818 730/828/820 732/833/825 733/834/826
f 755/835/827 733/834/826 732/833/825 734/836/828
f 737/837/829 734/836/828 732/833/825 735/832/824
f 731/831/823 904/838/830 736/839/831 735/832/824
f 737/837/829 735/832/824 736/839/831 739/840/832
f 737/837/829 738/841/833 756/842/834 734/836/828
f 737/837/829 739/840/832 741/843/835 738/841/833
f 740/844/836 739/840/832 736/839/831 794/845/837
f 740/844/836 742/846/838 741/843/835 739/840/832
f 744/847/839 743/848/840 741/843/835 742/846/838
f 746/849/841 738/841/833 741/843/835 743/848/840
f 744/847/839 786/850/842 745/851/843 743/848/840
f 746/849/841 743/848/840 745/851/843 748/852/844
f 746/849/841 747/853/845 756/842/834 738/841/833
f 746/849/841 748/852/844 750/854/846 747/853/845
f 749/855/847 748/852/844 745/851/843 783/856/848
f 749/855/847 752/609/606 750/854/846 748/852/844
f 753/857/849 747/853/845 750/854/846 751/858/613
f 547/608/605 751/858/613 750/854/846 752/609/606
f 749/855/847 784/590/590 543/601/601 752/609/606
f 753/859/849 751/617/613 551/616/612 557/622/618
f 753/857/849 754/860/850 756/842/834 747/853/845
f 753/859/849 557/622/618 757/625/621 754/861/850
f 755/862/827 754/861/850 757/625/621 758/863/851
f 755/835/827 734/836/828 756/842/834 754/860/850
f 760/630/626 758/863/851 757/625/621 558/624/620
f 755/862/827 758/863/851 759/864/852 733/865/826
f 760/630/626 761/866/853 759/864/852 758/863/851
f 760/630/626 562/631/627 762/637/633 761/866/853
f 763/867/854 765/826/819 759/864/852 761/866/853
f 763/867/854 761/866/853 762/637/633 764/868/855
f 763/867/854 720/813/809 722/815/811 765/826/819
f 763/867/854 764/868/855 767/814/810 720/813/809
f 727/825/818 733/865/826 759/864/852 765/826/819
f 766/869/856 764/868/855 762/637/633 566/636/632
f 766/869/856 768/870/857 767/814/810 764/868/855
f 769/871/858 719/812/808 767/814/810 768/870/857
f 769/871/858 768/870/857 770/872/859 771/873/860
f 766/869/856 772/874/861 770/872/859 768/870/857
f 614/693/689 771/873/860 770/872/859 773/694/690
f 774/875/862 773/694/690 770/872/859 772/874/861
f 774/875/862 775/688/684 610/687/683 773/694/690
f 774/875/862 772/874/861 568/638/634 570/640/636
f 774/875/862 570/640/636 776/643/639 775/688/684
f 605/678/674 775/688/684 776/643/639 601/676/672
f 599/649/645 601/676/672 776/643/639 571/642/638
f 766/869/856 566/636/632 568/638/634 772/874/861
f 769/871/858 771/873/860 777/876/863 779/877/864
f 614/693/689 616/695/691 777/876/863 771/873/860
f 780/801/797 779/877/864 777/876/863 778/878/865
f 619/698/694 778/878/865 777/876/863 616/695/691
f 780/801/797 709/802/798 717/809/805 779/877/864
f 769/871/858 779/877/864 717/809/805 719/812/808
f 780/801/797 778/878/865 781/879/866 710/800/796
f 619/698/694 782/701/697 781/879/866 778/878/865
f 701/791/787 704/794/790 781/879/866 782/701/697
f 707/797/793 710/800/796 781/879/866 704/794/790
f 701/791/787 782/701/697 618/700/696 699/790/786
f 749/855/847 783/856/848 533/588/588 784/590/590
f 785/880/867 531/583/583 533/588/588 783/856/848
f 785/880/867 783/856/848 745/851/843 786/850/842
f 785/880/867 786/850/842 528/584/584 531/583/583
f 744/847/839 787/585/585 528/584/584 786/850/842
f 744/847/839 742/846/838 788/881/868 787/585/585
f 529/580/580 787/585/585 788/881/868 789/882/869
f 740/844/836 790/883/870 788/881/868 742/846/838
f 791/884/871 789/882/869 788/881/868 790/883/870
f 740/844/836 794/845/837 792/885/872 790/883/870
f 791/884/871 790/883/870 792/885/872 793/886/873
f 798/887/874 793/886/873 792/885/872 795/888/875
f 796/889/876 795/888/875 792/885/872 794/845/837
f 796/889/876 874/890/877 797/891/878 795/888/875
f 798/887/874 795/888/875 797/891/878 800/892/879
f 798/887/874 799/893/880 3768/894/881 793/886/873
f 798/887/874 800/892/879 802/895/882 799/893/880
f 801/896/883 800/892/879 797/891/878 873/897/884
f 801/896/883 803/898/885 802/895/882 800/892/879
f 805/899/886 804/900/887 802/895/882 803/898/885
f 807/901/888 799/893/880 802/895/882 804/900/887
f 805/899/886 903/902/889 806/903/890 804/900/887
f 807/901/888 804/900/887 806/903/890 809/904/891
f 807/901/888 808/569/569 3768/894/881 799/893/880
f 807/901/888 809/904/891 516/565/565 808/569/569
f 810/905/892 809/904/891 806/903/890 812/906/893
f 810/905/892 513/563/563 516/565/565 809/904/891
f 810/905/892 811/907/894 511/561/561 513/563/563
f 810/905/892 812/906/893 814/908/895 811/907/894
f 813/909/896 812/906/893 806/903/890 903/902/889
f 813/909/896 816/910/897 814/908/895 812/906/893
f 3677/911/898 811/907/894 814/908/895 815/912/899
f 817/913/900 815/912/899 814/908/895 816/910/897
f 817/913/900 816/910/897 818/914/901 821/915/902
f 813/909/896 820/916/903 818/914/901 816/910/897
f 823/917/904 821/915/902 818/914/901 819/918/905
f 901/919/906 819/918/905 818/914/901 820/916/903
f 817/913/900 821/915/902 822/920/907 3679/921/908
f 823/917/904 824/922/909 822/920/907 821/915/902
f 823/917/904 825/923/910 827/924/911 824/922/909
f 823/917/904 819/918/905 828/925/912 825/923/910
f 826/926/913 825/923/910 828/925/912 830/927/914
f 826/926/913 937/928/915 827/924/911 825/923/910
f 832/929/916 830/927/914 828/925/912 829/930/917
f 901/919/906 829/930/917 828/925/912 819/918/905
f 832/931/916 833/932/918 831/933/919 830/934/914
f 826/935/913 830/934/914 831/933/919 936/936/920
f 832/929/916 829/930/917 836/937/921 834/938/922
f 832/931/916 834/939/922 837/940/923 833/932/918
f 835/941/924 838/942/925 837/940/923 834/939/922
f 835/943/924 834/938/922 836/937/921 884/944/926
f 842/945/927 839/946/928 837/940/923 838/942/925
f 840/947/929 833/932/918 837/940/923 839/946/928
f 840/947/929 839/946/928 841/948/930 908/949/931
f 842/945/927 844/950/932 841/948/930 839/946/928
f 842/945/927 838/942/925 887/951/933 843/952/934
f 842/945/927 843/952/934 846/953/935 844/950/932
f 845/954/936 905/955/937 841/948/930 844/950/932
f 845/954/936 844/950/932 846/953/935 848/956/938
f 849/957/939 848/956/938 846/953/935 847/958/940
f 899/959/941 847/958/940 846/953/935 843/952/934
f 849/957/939 850/787/783 697/783/779 848/956/938
f 845/954/936 848/956/938 697/783/779 693/781/777
f 849/957/939 847/958/940 853/960/942 851/961/943
f 849/957/939 851/961/943 854/962/944 850/787/783
f 852/963/945 855/804/800 854/962/944 851/961/943
f 852/963/945 851/961/943 853/960/942 857/964/946
f 696/786/782 850/787/783 854/962/944 703/792/788
f 706/795/791 703/792/788 854/962/944 855/804/800
f 852/963/945 860/965/947 712/805/801 855/804/800
f 858/966/948 857/964/946 853/960/942 856/967/949
f 899/959/941 856/967/949 853/960/942 847/958/940
f 858/968/948 861/969/950 859/970/951 857/971/946
f 852/972/945 857/971/946 859/970/951 860/973/947
f 864/974/952 860/973/947 859/970/951 862/975/953
f 863/976/954 862/975/953 859/970/951 861/969/950
f 863/976/954 866/977/955 865/824/817 862/975/953
f 864/974/952 862/975/953 865/824/817 725/823/814
f 868/829/821 724/820/815 865/824/817 866/977/955
f 863/976/954 898/978/956 867/979/957 866/977/955
f 868/829/821 866/977/955 867/979/957 869/980/958
f 868/829/821 869/980/958 870/981/959 729/830/822
f 871/982/960 869/980/958 867/979/957 872/983/961
f 871/982/960 874/890/877 870/981/959 869/980/958
f 871/982/960 872/983/961 875/984/962 873/897/884
f 871/982/960 873/897/884 797/891/878 874/890/877
f 796/889/876 904/838/830 870/981/959 874/890/877
f 801/896/883 873/897/884 875/984/962 877/985/963
f 897/986/964 876/987/965 875/984/962 872/983/961
f 878/988/966 877/985/963 875/984/962 876/987/965
f 878/988/966 881/989/967 879/990/968 877/985/963
f 801/896/883 877/985/963 879/990/968 803/898/885
f 805/899/886 803/898/885 879/990/968 880/991/969
f 882/992/970 880/991/969 879/990/968 881/989/967
f 878/988/966 885/993/971 883/994/972 881/989/967
f 882/992/970 881/989/967 883/994/972 884/944/926
f 835/943/924 884/944/926 883/994/972 886/995/973
f 888/996/974 886/995/973 883/994/972 885/993/971
f 835/941/924 886/997/973 887/951/933 838/942/925
f 888/998/974 889/999/975 887/951/933 886/997/973
f 888/998/974 890/1000/976 891/1001/977 889/999/975
f 888/996/974 885/993/971 892/1002/978 890/1003/976
f 893/1004/979 894/1005/980 891/1001/977 890/1000/976
f 893/1006/979 890/1003/976 892/1002/978 895/1007/981
f 893/1006/979 895/1007/981 896/1008/982 894/1009/980
f 897/986/964 898/978/956 896/1008/982 895/1007/981
f 897/986/964 895/1007/981 892/1002/978 876/987/965
f 897/986/964 872/983/961 867/979/957 898/978/956
f 863/976/954 861/969/950 896/1008/982 898/978/956
f 858/968/948 894/1009/980 896/1008/982 861/969/950
f 858/966/948 856/967/949 891/1001/977 894/1005/980
f 878/988/966 876/987/965 892/1002/978 885/993/971
f 899/959/941 889/999/975 891/1001/977 856/967/949
f 899/959/941 843/952/934 887/951/933 889/999/975
f 882/992/970 884/944/926 836/937/921 900/1010/983
f 882/992/970 900/1010/983 902/1011/984 880/991/969
f 901/919/906 900/1010/983 836/937/921 829/930/917
f 901/919/906 820/916/903 902/1011/984 900/1010/983
f 813/909/896 903/902/889 902/1011/984 820/916/903
f 805/899/886 880/991/969 902/1011/984 903/902/889
f 731/831/823 729/830/822 870/981/959 904/838/830
f 796/889/876 794/845/837 736/839/831 904/838/830
f 864/1012/952 725/818/814 716/807/803 714/806/802
f 864/1012/952 714/806/802 712/805/801 860/965/947
f 845/954/936 693/781/777 691/778/774 905/955/937
f 906/1013/985 905/955/937 691/778/774 689/777/773
f 906/1013/985 908/949/931 841/948/930 905/955/937
f 906/1013/985 907/1014/986 909/1015/987 908/949/931
f 906/1013/985 689/777/773 919/779/775 907/1014/986
f 840/947/929 908/949/931 909/1015/987 910/1016/988
f 912/1017/989 910/1016/988 909/1015/987 911/1018/990
f 914/1019/991 911/1018/990 909/1015/987 907/1014/986
f 912/1017/989 911/1018/990 913/1020/992 934/1021/993
f 914/1019/991 915/1022/994 913/1020/992 911/1018/990
f 914/1019/991 916/1023/995 917/1024/996 915/1022/994
f 914/1019/991 907/1014/986 919/779/775 916/1023/995
f 918/773/769 920/1025/997 917/1024/996 916/1023/995
f 918/773/769 916/1023/995 919/779/775 685/772/768
f 918/773/769 680/766/762 921/768/764 920/1025/997
f 922/1026/998 925/1027/999 917/1024/996 920/1025/997
f 922/1026/998 920/1025/997 921/768/764 924/1028/1000
f 922/1026/998 923/1029/1001 926/1030/1002 925/1027/999
f 922/1026/998 924/1028/1000 2971/1031/1003 923/1029/1001
f 927/1032/1004 925/1027/999 926/1030/1002 928/1033/1005
f 927/1032/1004 915/1022/994 917/1024/996 925/1027/999
f 927/1032/1004 928/1033/1005 930/1034/1006 929/1035/1007
f 927/1032/1004 929/1035/1007 913/1020/992 915/1022/994
f 931/1036/1008 929/1035/1007 930/1034/1006 932/1037/1009
f 931/1036/1008 934/1021/993 913/1020/992 929/1035/1007
f 931/1036/1008 932/1037/1009 2993/1038/1010 933/1039/1011
f 931/1036/1008 933/1039/1011 935/1040/1012 934/1021/993
f 912/1017/989 934/1021/993 935/1040/1012 936/936/920
f 938/1041/1013 937/1042/915 935/1040/1012 933/1039/1011
f 826/935/913 936/936/920 935/1040/1012 937/1042/915
f 938/1043/1013 940/1044/1014 827/924/911 937/928/915
f 938/1043/1013 939/1045/1015 942/1046/1016 940/1044/1014
f 938/1041/1013 933/1039/1011 2993/1038/1010 939/1047/1015
f 941/1048/1017 940/1044/1014 942/1046/1016 944/1049/1018
f 941/1048/1017 824/922/909 827/924/911 940/1044/1014
f 2992/1050/1019 943/1051/1020 942/1046/1016 939/1045/1015
f 945/1052/1021 944/1049/1018 942/1046/1016 943/1051/1020
f 945/1052/1021 949/1053/1022 946/1054/1023 944/1049/1018
f 941/1048/1017 944/1049/1018 946/1054/1023 948/1055/1024
f 3681/1056/1025 948/1055/1024 946/1054/1023 947/1057/1026
f 950/1058/1027 947/1057/1026 946/1054/1023 949/1053/1022
f 945/1052/1021 954/1059/1028 951/1060/1029 949/1053/1022
f 950/1058/1027 949/1053/1022 951/1060/1029 953/1061/1030
f 3697/1062/1031 953/1061/1030 951/1060/1029 952/1063/1032
f 956/1064/1033 952/1063/1032 951/1060/1029 954/1059/1028
f 945/1052/1021 943/1051/1020 955/1065/1034 954/1059/1028
f 956/1064/1033 954/1059/1028 955/1065/1034 957/1066/1035
f 956/1064/1033 957/1066/1035 959/1067/1036 958/1068/1037
f 956/1064/1033 958/1068/1037 961/1069/1038 952/1063/1032
f 960/1070/1039 958/1068/1037 959/1067/1036 1073/1071/1040
f 960/1070/1039 963/1072/1041 961/1069/1038 958/1068/1037
f 3697/1062/1031 952/1063/1032 961/1069/1038 962/1073/1042
f 965/1074/1043 962/1073/1042 961/1069/1038 963/1072/1041
f 960/1070/1039 1068/1075/1044 964/1076/1045 963/1072/1041
f 965/1074/1043 963/1072/1041 964/1076/1045 966/1077/1046
f 965/1074/1043 967/1078/1047 968/1079/1048 962/1073/1042
f 965/1074/1043 966/1077/1046 970/1080/1049 967/1078/1047
f 969/1081/1050 3695/1082/1051 968/1079/1048 967/1078/1047
f 969/1081/1050 967/1078/1047 970/1080/1049 972/1083/1052
f 3019/1084/1053 971/1085/1054 970/1080/1049 966/1077/1046
f 973/1086/1055 972/1083/1052 970/1080/1049 971/1085/1054
f 973/1086/1055 976/1087/1056 974/1088/1057 972/1083/1052
f 969/1081/1050 972/1083/1052 974/1088/1057 975/1089/1058
f 978/1090/1059 975/1089/1058 974/1088/1057 977/1091/1060
f 980/1092/1061 977/1091/1060 974/1088/1057 976/1087/1056
f 978/1090/1059 977/1091/1060 979/1093/1062 3702/1094/1063
f 980/1092/1061 981/1095/1064 979/1093/1062 977/1091/1060
f 980/1092/1061 982/1096/1065 983/1097/1066 981/1095/1064
f 980/1092/1061 976/1087/1056 984/1098/1067 982/1096/1065
f 242/274/274 982/1096/1065 984/1098/1067 240/273/273
f 242/274/274 3591/408/408 983/1097/1066 982/1096/1065
f 986/272/272 240/273/273 984/1098/1067 985/1099/1068
f 973/1086/1055 985/1099/1068 984/1098/1067 976/1087/1056
f 973/1086/1055 971/1085/1054 987/1100/1069 985/1099/1068
f 986/272/272 985/1099/1068 987/1100/1069 989/1101/1070
f 3019/1084/1053 988/1102/1071 987/1100/1069 971/1085/1054
f 990/1103/1072 989/1101/1070 987/1100/1069 988/1102/1071
f 990/1103/1072 993/1104/1073 991/1105/1074 989/1101/1070
f 986/272/272 989/1101/1070 991/1105/1074 239/271/271
f 232/264/264 239/271/271 991/1105/1074 992/266/266
f 995/1106/1075 992/266/266 991/1105/1074 993/1104/1073
f 990/1103/1072 1064/1107/1076 994/1108/1077 993/1104/1073
f 995/1106/1075 993/1104/1073 994/1108/1077 996/1109/1078
f 995/1106/1075 996/1109/1078 999/1110/1079 997/1111/1080
f 995/1106/1075 997/1111/1080 233/262/262 992/266/266
f 998/1112/1081 230/258/258 233/262/262 997/1111/1080
f 998/1112/1081 997/1111/1080 999/1110/1079 1001/1113/1082
f 1056/1114/1083 1000/1115/1084 999/1110/1079 996/1109/1078
f 1002/1116/1085 1001/1113/1082 999/1110/1079 1000/1115/1084
f 1002/1116/1085 1005/1117/1086 1003/1118/1087 1001/1113/1082
f 998/1112/1081 1001/1113/1082 1003/1118/1087 1004/1119/1088
f 1008/1120/1089 1004/1119/1088 1003/1118/1087 1006/1121/1090
f 1007/1122/1091 1006/1121/1090 1003/1118/1087 1005/1117/1086
f 1007/1122/1091 1010/1123/1092 1009/1124/1093 1006/1121/1090
f 1008/1120/1089 1006/1121/1090 1009/1124/1093 1011/1125/1094
f 1013/1126/1095 1012/1127/1096 1009/1124/1093 1010/1123/1092
f 1014/1128/1097 1011/1125/1094 1009/1124/1093 1012/1127/1096
f 1013/1126/1095 1017/1129/1098 1015/1130/1099 1012/1127/1096
f 1014/1128/1097 1012/1127/1096 1015/1130/1099 1016/1131/1100
f 1020/1132/1101 1016/1131/1100 1015/1130/1099 1018/1133/1102
f 1019/1134/1103 1018/1133/1102 1015/1130/1099 1017/1129/1098
f 1019/1134/1103 1022/1135/1104 1021/1136/1105 1018/1133/1102
f 1020/1132/1101 1018/1133/1102 1021/1136/1105 1023/1137/1106
f 1025/1138/1107 1024/1139/1108 1021/1136/1105 1022/1135/1104
f 1026/1140/1109 1023/1137/1106 1021/1136/1105 1024/1139/1108
f 1025/1138/1107 1029/1141/1110 1027/1142/1111 1024/1139/1108
f 1026/1140/1109 1024/1139/1108 1027/1142/1111 1028/1143/1112
f 659/741/737 1028/1143/1112 1027/1142/1111 662/744/740
f 1030/749/745 662/744/740 1027/1142/1111 1029/1141/1110
f 1030/749/745 1029/1141/1110 1031/1144/1113 1033/1145/1114
f 1025/1138/1107 1034/1146/1115 1031/1144/1113 1029/1141/1110
f 2964/1147/1116 1033/1145/1114 1031/1144/1113 1032/1148/1117
f 1035/1149/1118 1032/1148/1117 1031/1144/1113 1034/1146/1115
f 1035/1149/1118 1034/1146/1115 1036/1150/1119 1037/1151/1120
f 1025/1138/1107 1022/1135/1104 1036/1150/1119 1034/1146/1115
f 1019/1134/1103 1038/1152/1121 1036/1150/1119 1022/1135/1104
f 1039/1153/1122 1037/1151/1120 1036/1150/1119 1038/1152/1121
f 1039/1153/1122 1038/1152/1121 1040/1154/1123 1041/1155/1124
f 1019/1134/1103 1017/1129/1098 1040/1154/1123 1038/1152/1121
f 1013/1126/1095 1042/1156/1125 1040/1154/1123 1017/1129/1098
f 1043/1157/1126 1041/1155/1124 1040/1154/1123 1042/1156/1125
f 1043/1157/1126 1042/1156/1125 1044/1158/1127 1045/1159/1128
f 1013/1126/1095 1010/1123/1092 1044/1158/1127 1042/1156/1125
f 1007/1122/1091 1046/1160/1129 1044/1158/1127 1010/1123/1092
f 1047/1161/1130 1045/1159/1128 1044/1158/1127 1046/1160/1129
f 1007/1122/1091 1005/1117/1086 1048/1162/1131 1046/1160/1129
f 1047/1161/1130 1046/1160/1129 1048/1162/1131 1049/1163/1132
f 1002/1116/1085 1050/1164/1133 1048/1162/1131 1005/1117/1086
f 1051/1165/1134 1049/1163/1132 1048/1162/1131 1050/1164/1133
f 1051/1165/1134 1050/1164/1133 1052/1166/1135 1053/1167/1136
f 1002/1116/1085 1000/1115/1084 1052/1166/1135 1050/1164/1133
f 1056/1114/1083 1054/1168/1137 1052/1166/1135 1000/1115/1084
f 1055/1169/1138 1053/1167/1136 1052/1166/1135 1054/1168/1137
f 1055/1169/1138 1054/1168/1137 1057/1170/1139 1059/1171/1140
f 1056/1114/1083 1058/1172/1141 1057/1170/1139 1054/1168/1137
f 1063/1173/1142 1060/1174/1143 1057/1170/1139 1058/1172/1141
f 1062/1175/1144 1059/1171/1140 1057/1170/1139 1060/1174/1143
f 1063/1173/1142 1065/1176/1145 1061/1177/1146 1060/1174/1143
f 1062/1175/1144 1060/1174/1143 1061/1177/1146 1716/1178/1147
f 1063/1173/1142 1064/1107/1076 1066/1179/1148 1065/1176/1145
f 1063/1173/1142 1058/1172/1141 994/1108/1077 1064/1107/1076
f 1067/1180/1149 1065/1176/1145 1066/1179/1148 1069/1181/1150
f 1067/1180/1149 1070/1182/1151 1061/1177/1146 1065/1176/1145
f 1067/1180/1149 1068/1075/1044 1072/1183/1152 1070/1182/1151
f 1067/1180/1149 1069/1181/1150 964/1076/1045 1068/1075/1044
f 1071/1184/1153 1716/1178/1147 1061/1177/1146 1070/1182/1151
f 1071/1184/1153 1070/1182/1151 1072/1183/1152 1074/1185/1154
f 960/1070/1039 1073/1071/1040 1072/1183/1152 1068/1075/1044
f 1075/1186/1155 1074/1185/1154 1072/1183/1152 1073/1071/1040
f 1071/1184/1153 1074/1185/1154 1076/1187/1156 1078/1188/1157
f 1075/1186/1155 1079/1189/1158 1076/1187/1156 1074/1185/1154
f 1708/1190/1159 1078/1188/1157 1076/1187/1156 1077/1191/1160
f 1080/1192/1161 1077/1191/1160 1076/1187/1156 1079/1189/1158
f 1080/1193/1161 1079/1194/1158 1081/1195/1162 1083/1196/1163
f 1075/1197/1155 1084/1198/1164 1081/1195/1162 1079/1194/1158
f 1732/1199/1165 1083/1196/1163 1081/1195/1162 1082/1200/1166
f 1085/1201/1167 1082/1200/1166 1081/1195/1162 1084/1198/1164
f 1085/1201/1167 1084/1198/1164 1086/1202/1168 1087/1203/1169
f 1075/1197/1155 1088/1204/1170 1086/1202/1168 1084/1198/1164
f 1090/1205/1171 1087/1203/1169 1086/1202/1168 1089/1206/1172
f 1091/1207/1173 1089/1206/1172 1086/1202/1168 1088/1204/1170
f 1090/1205/1171 1089/1206/1172 1092/1208/1174 1095/1209/1175
f 1091/1207/1173 1093/1210/1176 1092/1208/1174 1089/1206/1172
f 2982/1211/1177 1094/1212/1178 1092/1208/1174 1093/1210/1176
f 1097/1213/1179 1095/1209/1175 1092/1208/1174 1094/1212/1178
f 1097/1213/1179 1099/1214/1180 1096/1215/1181 1095/1209/1175
f 1090/1205/1171 1095/1209/1175 1096/1215/1181 1739/1216/1182
f 1097/1213/1179 1094/1212/1178 2998/1217/1183 1098/1218/1184
f 1097/1213/1179 1098/1218/1184 1100/1219/1185 1099/1214/1180
f 1101/1220/1186 1099/1214/1180 1100/1219/1185 1102/1221/1187
f 1101/1220/1186 1104/1222/1188 1096/1215/1181 1099/1214/1180
f 1101/1220/1186 1102/1221/1187 1307/1223/1189 1103/1224/1190
f 1101/1220/1186 1103/1224/1190 1106/1225/1191 1104/1222/1188
f 1105/1226/1192 1739/1216/1182 1096/1215/1181 1104/1222/1188
f 1105/1226/1192 1104/1222/1188 1106/1225/1191 1107/1227/1193
f 1110/1228/1194 1108/1229/1195 1106/1225/1191 1103/1224/1190
f 1111/1230/1196 1107/1227/1193 1106/1225/1191 1108/1229/1195
f 1110/1228/1194 1301/1231/1197 1109/1232/1198 1108/1229/1195
f 1111/1230/1196 1108/1229/1195 1109/1232/1198 1113/1233/1199
f 1111/1230/1196 1112/1234/1200 1741/1235/1201 1107/1227/1193
f 1111/1230/1196 1113/1233/1199 1115/1236/1202 1112/1234/1200
f 1114/1237/1203 1113/1233/1199 1109/1232/1198 1302/1238/1204
f 1114/1237/1203 1116/1239/1205 1115/1236/1202 1113/1233/1199
f 1120/1240/1206 1117/1241/1207 1115/1236/1202 1116/1239/1205
f 1118/1242/1208 1112/1234/1200 1115/1236/1202 1117/1241/1207
f 1118/1242/1208 1117/1241/1207 1119/1243/1209 1733/1244/1210
f 1120/1240/1206 1122/1245/1211 1119/1243/1209 1117/1241/1207
f 1120/1240/1206 1121/1246/1212 1126/1247/1213 1123/1248/1214
f 1120/1240/1206 1116/1239/1205 3000/1249/1215 1121/1246/1212
f 1120/1240/1206 1123/1248/1214 1124/1250/1216 1122/1245/1211
f 1125/1251/1217 1147/1252/1218 1124/1250/1216 1123/1248/1214
f 1125/1251/1217 1123/1248/1214 1126/1247/1213 1127/1253/1219
f 1130/1254/1220 1128/1255/1221 1126/1247/1213 1121/1246/1212
f 1131/1256/1222 1127/1253/1219 1126/1247/1213 1128/1255/1221
f 1130/1254/1220 3003/1257/1223 1129/1258/1224 1128/1255/1221
f 1131/1256/1222 1128/1255/1221 1129/1258/1224 1132/1259/1225
f 1131/1256/1222 1132/1259/1225 1134/1260/1226 1133/1261/1227
f 1131/1256/1222 1133/1261/1227 1135/1262/1228 1127/1253/1219
f 1136/1263/1229 1133/1261/1227 1134/1260/1226 1137/1264/1230
f 1136/1263/1229 1139/1265/1231 1135/1262/1228 1133/1261/1227
f 1136/1263/1229 1137/1264/1230 1180/1266/1232 1138/1267/1233
f 1136/1263/1229 1138/1267/1233 1140/1268/1234 1139/1265/1231
f 1141/1269/1235 1139/1265/1231 1140/1268/1234 1143/1270/1236
f 1141/1269/1235 1142/1271/1237 1135/1262/1228 1139/1265/1231
f 1141/1269/1235 1143/1270/1236 1145/1272/1238 1142/1271/1237
f 1144/1273/1239 1143/1270/1236 1140/1268/1234 3014/1274/1240
f 1144/1273/1239 1146/1275/1241 1145/1272/1238 1143/1270/1236
f 1148/1276/1242 1147/1252/1218 1145/1272/1238 1146/1275/1241
f 1125/1251/1217 1142/1271/1237 1145/1272/1238 1147/1252/1218
f 1148/1276/1242 1150/1277/1243 1124/1250/1216 1147/1252/1218
f 1148/1276/1242 1149/1278/1244 1152/1279/1245 1150/1277/1243
f 1148/1276/1242 1146/1275/1241 3018/1280/1246 1149/1278/1244
f 1151/1281/1247 1122/1245/1211 1124/1250/1216 1150/1277/1243
f 1151/1281/1247 1150/1277/1243 1152/1279/1245 1153/1282/1248
f 1155/1283/1249 1153/1282/1248 1152/1279/1245 1154/1284/1250
f 1156/1285/1251 1154/1284/1250 1152/1279/1245 1149/1278/1244
f 1155/1283/1249 1154/1284/1250 1157/1286/1252 1159/1287/1253
f 1156/1285/1251 1158/1288/1254 1157/1286/1252 1154/1284/1250
f 1163/1289/1255 1160/1290/1256 1157/1286/1252 1158/1288/1254
f 1162/1291/1257 1159/1287/1253 1157/1286/1252 1160/1290/1256
f 1163/1289/1255 1164/1292/1258 1161/1293/1259 1160/1290/1256
f 1162/1291/1257 1160/1290/1256 1161/1293/1259 1743/1294/1260
f 1163/1289/1255 1165/1295/1261 1168/1296/1262 1164/1292/1258
f 1163/1289/1255 1158/1288/1254 1166/1297/1263 1165/1295/1261
f 1167/1298/1264 1165/1295/1261 1166/1297/1263 3015/1299/1265
f 1167/1298/1264 1170/1300/1266 1168/1296/1262 1165/1295/1261
f 1761/1301/1267 1164/1292/1258 1168/1296/1262 1169/1302/1268
f 1171/1303/1269 1169/1302/1268 1168/1296/1262 1170/1300/1266
f 1167/1298/1264 1174/1304/1270 1172/1305/1271 1170/1300/1266
f 1171/1303/1269 1170/1300/1266 1172/1305/1271 1175/1306/1272
f 1177/1307/1273 1175/1306/1272 1172/1305/1271 1173/1308/1274
f 3011/1309/1275 1173/1308/1274 1172/1305/1271 1174/1304/1270
f 1171/1303/1269 1175/1306/1272 1176/1310/1276 1760/1311/1277
f 1177/1307/1273 1178/1312/1278 1176/1310/1276 1175/1306/1272
f 1177/1307/1273 1179/1313/1279 1182/1314/1280 1178/1312/1278
f 1177/1307/1273 1173/1308/1274 1180/1266/1232 1179/1313/1279
f 1181/1315/1281 1179/1313/1279 1180/1266/1232 1137/1264/1230
f 1181/1315/1281 1183/1316/1282 1182/1314/1280 1179/1313/1279
f 1187/1317/1283 1178/1312/1278 1182/1314/1280 1184/1318/1284
f 1185/1319/1285 1184/1318/1284 1182/1314/1280 1183/1316/1282
f 1185/1319/1285 1266/1320/1286 1186/1321/1287 1184/1318/1284
f 1187/1317/1283 1184/1318/1284 1186/1321/1287 1189/1322/1288
f 1187/1317/1283 1188/1323/1289 1176/1310/1276 1178/1312/1278
f 1187/1317/1283 1189/1322/1288 1191/1324/1290 1188/1323/1289
f 1190/1325/1291 1189/1322/1288 1186/1321/1287 1267/1326/1292
f 1190/1325/1291 1192/1327/1293 1191/1324/1290 1189/1322/1288
f 1196/1328/1294 1193/1329/1295 1191/1324/1290 1192/1327/1293
f 1194/1330/1296 1188/1323/1289 1191/1324/1290 1193/1329/1295
f 1194/1330/1296 1193/1329/1295 1195/1331/1297 1758/1332/1298
f 1196/1328/1294 1197/1333/1299 1195/1331/1297 1193/1329/1295
f 1196/1334/1294 1198/1335/1300 1751/1336/1301 1197/1337/1299
f 1196/1334/1294 1199/1338/1302 1200/1339/1303 1198/1335/1300
f 1196/1328/1294 1192/1327/1293 1202/1340/1304 1199/1341/1302
f 1201/1342/1305 1795/1343/1306 1200/1339/1303 1199/1338/1302
f 1201/1344/1305 1199/1341/1302 1202/1340/1304 1203/1345/1307
f 1190/1325/1291 1204/1346/1308 1202/1340/1304 1192/1327/1293
f 1206/1347/1309 1203/1345/1307 1202/1340/1304 1204/1346/1308
f 1190/1325/1291 1267/1326/1292 1205/1348/1310 1204/1346/1308
f 1206/1347/1309 1204/1346/1308 1205/1348/1310 1207/1349/1311
f 1206/1347/1309 1207/1349/1311 1209/1350/1312 1208/1351/1313
f 1206/1347/1309 1208/1351/1313 1210/1352/1314 1203/1345/1307
f 1211/1353/1315 1208/1351/1313 1209/1350/1312 1214/1354/1316
f 1211/1353/1315 1213/1355/1317 1210/1352/1314 1208/1351/1313
f 1211/1353/1315 1212/1356/1318 1800/1357/1319 1213/1355/1317
f 1211/1353/1315 1214/1354/1316 1216/1358/1320 1212/1356/1318
f 1215/1359/1321 1214/1354/1316 1209/1350/1312 3007/1360/1322
f 1215/1359/1321 1217/1361/1323 1216/1358/1320 1214/1354/1316
f 1221/1362/1324 1218/1363/1325 1216/1358/1320 1217/1361/1323
f 1219/1364/1326 1212/1356/1318 1216/1358/1320 1218/1363/1325
f 1219/1364/1326 1218/1363/1325 1220/1365/1327 1805/1366/1328
f 1221/1362/1324 1222/1367/1329 1220/1365/1327 1218/1363/1325
f 1221/1362/1324 1217/1361/1323 1226/1368/1330 1223/1369/1331
f 1221/1362/1324 1223/1369/1331 1224/1370/1332 1222/1367/1329
f 1225/1371/1333 1818/1372/1334 1224/1370/1332 1223/1369/1331
f 1225/1371/1333 1223/1369/1331 1226/1368/1330 1227/1373/1335
f 1230/1374/1336 1227/1373/1335 1226/1368/1330 1228/1375/1337
f 1215/1359/1321 1228/1375/1337 1226/1368/1330 1217/1361/1323
f 1215/1359/1321 3007/1360/1322 1229/1376/1338 1228/1375/1337
f 1230/1374/1336 1228/1375/1337 1229/1376/1338 1232/1377/1339
f 1230/1374/1336 1231/1378/1340 1823/1379/1341 1227/1373/1335
f 1230/1374/1336 1232/1377/1339 1234/1380/1342 1231/1378/1340
f 1233/1381/1343 1232/1377/1339 1229/1376/1338 3006/1382/1344
f 1233/1381/1343 1235/1383/1345 1234/1380/1342 1232/1377/1339
f 1237/1384/1346 1236/1385/1347 1234/1380/1342 1235/1383/1345
f 1238/1386/1348 1231/1378/1340 1234/1380/1342 1236/1385/1347
f 1237/1384/1346 1242/1387/1349 1239/1388/1350 1236/1385/1347
f 1238/1386/1348 1236/1385/1347 1239/1388/1350 1241/1389/1351
f 1828/1390/1352 1241/1389/1351 1239/1388/1350 1240/1391/1353
f 1244/1392/1354 1240/1391/1353 1239/1388/1350 1242/1387/1349
f 1237/1384/1346 3010/1393/1355 1243/1394/1356 1242/1387/1349
f 1244/1392/1354 1242/1387/1349 1243/1394/1356 1246/1395/1357
f 1244/1392/1354 1245/1396/1358 2940/1397/1359 1240/1391/1353
f 1244/1392/1354 1246/1395/1357 1247/1398/1360 1245/1396/1358
f 1248/1399/1361 1246/1395/1357 1243/1394/1356 1251/1400/1362
f 1248/1399/1361 1249/1401/1363 1247/1398/1360 1246/1395/1357
f 1248/1399/1361 1250/1402/1364 1450/1403/1365 1249/1401/1363
f 1248/1399/1361 1251/1400/1362 1253/1404/1366 1250/1402/1364
f 1252/1405/1367 1251/1400/1362 1243/1394/1356 3010/1393/1355
f 1252/1405/1367 1254/1406/1368 1253/1404/1366 1251/1400/1362
f 1256/1407/1369 1250/1402/1364 1253/1404/1366 1255/1408/1370
f 1257/1409/1371 1255/1408/1370 1253/1404/1366 1254/1406/1368
f 1256/1407/1369 1255/1408/1370 1258/1410/1372 1260/1411/1373
f 1257/1409/1371 1261/1412/1374 1258/1410/1372 1255/1408/1370
f 1439/1413/1375 1260/1411/1373 1258/1410/1372 1259/1414/1376
f 1263/1415/1377 1259/1414/1376 1258/1410/1372 1261/1412/1374
f 1257/1409/1371 3008/1416/1378 1262/1417/1379 1261/1412/1374
f 1263/1415/1377 1261/1412/1374 1262/1417/1379 1265/1418/1380
f 1263/1415/1377 1264/1419/1381 1440/1420/1382 1259/1414/1376
f 1263/1415/1377 1266/1320/1286 1268/1421/1383 1264/1419/1381
f 1263/1415/1377 1265/1418/1380 1205/1348/1310 1267/1326/1292
f 1263/1415/1377 1267/1326/1292 1186/1321/1287 1266/1320/1286
f 1185/1319/1285 1270/1422/1384 1268/1421/1383 1266/1320/1286
f 1278/1423/1385 1264/1419/1381 1268/1421/1383 1269/1424/1386
f 1272/1425/1387 1269/1424/1386 1268/1421/1383 1270/1422/1384
f 1185/1319/1285 1183/1316/1282 1271/1426/1388 1270/1422/1384
f 1272/1425/1387 1270/1422/1384 1271/1426/1388 1273/1427/1389
f 1272/1425/1387 1273/1427/1389 1275/1428/1390 1269/1424/1386
f 1274/1429/1391 1273/1427/1389 1271/1426/1388 3004/1430/1392
f 1274/1429/1391 1276/1431/1393 1275/1428/1390 1273/1427/1389
f 1279/1432/1394 1277/1433/1395 1275/1428/1390 1276/1431/1393
f 1278/1423/1385 1269/1424/1386 1275/1428/1390 1277/1433/1395
f 1278/1423/1385 1277/1433/1395 1280/1434/1396 1281/1435/1397
f 1279/1432/1394 1282/1436/1398 1280/1434/1396 1277/1433/1395
f 1285/1437/1399 1281/1435/1397 1280/1434/1396 1283/1438/1400
f 1286/1439/1401 1283/1438/1400 1280/1434/1396 1282/1436/1398
f 1286/1439/1401 1288/1440/1402 1284/1441/1403 1283/1438/1400
f 1285/1437/1399 1283/1438/1400 1284/1441/1403 1432/1442/1404
f 1286/1439/1401 1282/1436/1398 3002/1443/1405 1287/1444/1406
f 1286/1439/1401 1287/1444/1406 1290/1445/1407 1288/1440/1402
f 1289/1446/1408 1288/1440/1402 1290/1445/1407 1291/1447/1409
f 1289/1446/1408 1430/1448/1410 1284/1441/1403 1288/1440/1402
f 1295/1449/1411 1291/1447/1409 1290/1445/1407 1292/1450/1412
f 1293/1451/1413 1292/1450/1412 1290/1445/1407 1287/1444/1406
f 1293/1451/1413 2999/1452/1414 1294/1453/1415 1292/1450/1412
f 1295/1449/1411 1292/1450/1412 1294/1453/1415 1297/1454/1416
f 1295/1449/1411 1296/1455/1417 2943/1456/1418 1291/1447/1409
f 1295/1449/1411 1297/1454/1416 1298/1457/1419 1296/1455/1417
f 1299/1458/1420 1300/1459/1421 1298/1457/1419 1297/1454/1416
f 1299/1458/1420 1297/1454/1416 1294/1453/1415 1302/1238/1204
f 1299/1458/1420 1301/1231/1197 1303/1460/1422 1300/1459/1421
f 1299/1458/1420 1302/1238/1204 1109/1232/1198 1301/1231/1197
f 1114/1237/1203 1302/1238/1204 1294/1453/1415 2999/1452/1414
f 1110/1228/1194 1305/1461/1423 1303/1460/1422 1301/1231/1197
f 1340/1462/1424 1300/1459/1421 1303/1460/1422 1304/1463/1425
f 1306/1464/1426 1304/1463/1425 1303/1460/1422 1305/1461/1423
f 1306/1464/1426 1305/1461/1423 1307/1223/1189 1308/1465/1427
f 1110/1228/1194 1103/1224/1190 1307/1223/1189 1305/1461/1423
f 1310/1466/1428 1308/1465/1427 1307/1223/1189 1102/1221/1187
f 1306/1464/1426 1308/1465/1427 1309/1467/1429 1335/1468/1430
f 1310/1466/1428 1311/1469/1431 1309/1467/1429 1308/1465/1427
f 1310/1466/1428 1312/1470/1432 1313/1471/1433 1311/1469/1431
f 1310/1466/1428 1102/1221/1187 1100/1219/1185 1312/1470/1432
f 1314/1472/1434 1316/1473/1435 1313/1471/1433 1312/1470/1432
f 1314/1472/1434 1312/1470/1432 1100/1219/1185 1098/1218/1184
f 1314/1472/1434 1315/1474/1436 1317/1475/1437 1316/1473/1435
f 1314/1472/1434 1098/1218/1184 2998/1217/1183 1315/1474/1436
f 1318/1476/1438 1316/1473/1435 1317/1475/1437 1321/1477/1439
f 1318/1476/1438 1319/1478/1440 1313/1471/1433 1316/1473/1435
f 1318/1476/1438 1320/1479/1441 1332/1480/1442 1319/1478/1440
f 1318/1476/1438 1321/1477/1439 1322/1481/1443 1320/1479/1441
f 1035/1149/1118 1323/1482/1444 1322/1481/1443 1321/1477/1439
f 1035/1149/1118 1321/1477/1439 1317/1475/1437 2953/1483/1445
f 1326/1484/1446 1324/1485/1447 1322/1481/1443 1323/1482/1444
f 1327/1486/1448 1320/1479/1441 1322/1481/1443 1324/1485/1447
f 1326/1484/1446 1357/1487/1449 1325/1488/1450 1324/1485/1447
f 1327/1486/1448 1324/1485/1447 1325/1488/1450 1328/1489/1451
f 1327/1486/1448 1328/1489/1451 1330/1490/1452 1329/1491/1453
f 1327/1486/1448 1329/1491/1453 1332/1480/1442 1320/1479/1441
f 1331/1492/1454 1329/1491/1453 1330/1490/1452 1336/1493/1455
f 1331/1492/1454 1333/1494/1456 1332/1480/1442 1329/1491/1453
f 1334/1495/1457 1319/1478/1440 1332/1480/1442 1333/1494/1456
f 1331/1492/1454 1335/1468/1430 1309/1467/1429 1333/1494/1456
f 1334/1495/1457 1333/1494/1456 1309/1467/1429 1311/1469/1431
f 1334/1495/1457 1311/1469/1431 1313/1471/1433 1319/1478/1440
f 1331/1492/1454 1336/1493/1455 1338/1496/1458 1335/1468/1430
f 1337/1497/1459 1339/1498/1460 1338/1496/1458 1336/1493/1455
f 1337/1497/1459 1336/1493/1455 1330/1490/1452 1348/1499/1461
f 1340/1462/1424 1304/1463/1425 1338/1496/1458 1339/1498/1460
f 1306/1464/1426 1335/1468/1430 1338/1496/1458 1304/1463/1425
f 1337/1497/1459 1344/1500/1462 1341/1501/1463 1339/1498/1460
f 1340/1462/1424 1339/1498/1460 1341/1501/1463 1343/1502/1464
f 2945/1503/1465 1343/1502/1464 1341/1501/1463 1342/1504/1466
f 1345/1505/1467 1342/1504/1466 1341/1501/1463 1344/1500/1462
f 1345/1505/1467 1344/1500/1462 1346/1506/1468 1347/1507/1469
f 1337/1497/1459 1348/1499/1461 1346/1506/1468 1344/1500/1462
f 1351/1508/1470 1347/1507/1469 1346/1506/1468 1349/1509/1471
f 1352/1510/1472 1349/1509/1471 1346/1506/1468 1348/1499/1461
f 1352/1510/1472 1353/1511/1473 1350/1512/1474 1349/1509/1471
f 1351/1508/1470 1349/1509/1471 1350/1512/1474 1406/1513/1475
f 1352/1510/1472 1348/1499/1461 1330/1490/1452 1328/1489/1451
f 1352/1510/1472 1328/1489/1451 1325/1488/1450 1353/1511/1473
f 1354/1514/1476 1353/1511/1473 1325/1488/1450 1357/1487/1449
f 1354/1514/1476 1355/1515/1477 1350/1512/1474 1353/1511/1473
f 1354/1514/1476 1356/1516/1478 1404/1517/1479 1355/1515/1477
f 1354/1514/1476 1357/1487/1449 1358/1518/1480 1356/1516/1478
f 1326/1484/1446 1359/1519/1481 1358/1518/1480 1357/1487/1449
f 1362/1520/1482 1356/1516/1478 1358/1518/1480 1360/1521/1483
f 1363/1522/1484 1360/1521/1483 1358/1518/1480 1359/1519/1481
f 1363/1522/1484 1364/1523/1485 1361/1524/1486 1360/1521/1483
f 1362/1520/1482 1360/1521/1483 1361/1524/1486 2949/1525/1487
f 1363/1522/1484 1365/1526/1488 1366/1527/1489 1364/1523/1485
f 1363/1522/1484 1359/1519/1481 1367/1528/1490 1365/1526/1488
f 1039/1153/1122 1041/1155/1124 1366/1527/1489 1365/1526/1488
f 1039/1153/1122 1365/1526/1488 1367/1528/1490 1037/1151/1120
f 1326/1484/1446 1323/1482/1444 1367/1528/1490 1359/1519/1481
f 1035/1149/1118 1037/1151/1120 1367/1528/1490 1323/1482/1444
f 1369/1529/1491 1364/1523/1485 1366/1527/1489 1368/1530/1492
f 1043/1157/1126 1368/1530/1492 1366/1527/1489 1041/1155/1124
f 1369/1529/1491 1368/1530/1492 1370/1531/1493 1371/1532/1494
f 1043/1157/1126 1045/1159/1128 1370/1531/1493 1368/1530/1492
f 1374/1533/1495 1371/1532/1494 1370/1531/1493 1372/1534/1496
f 1047/1161/1130 1372/1534/1496 1370/1531/1493 1045/1159/1128
f 1047/1161/1130 1049/1163/1132 1373/1535/1497 1372/1534/1496
f 1374/1533/1495 1372/1534/1496 1373/1535/1497 1376/1536/1498
f 1374/1533/1495 1375/1537/1499 2952/1538/1500 1371/1532/1494
f 1374/1533/1495 1376/1536/1498 1378/1539/1501 1375/1537/1499
f 1377/1540/1502 1376/1536/1498 1373/1535/1497 1726/1541/1503
f 1377/1540/1502 1379/1542/1504 1378/1539/1501 1376/1536/1498
f 1382/1543/1505 1380/1544/1506 1378/1539/1501 1379/1542/1504
f 1383/1545/1507 1375/1537/1499 1378/1539/1501 1380/1544/1506
f 1383/1545/1507 1380/1544/1506 1381/1546/1508 1385/1547/1509
f 1382/1543/1505 1680/1548/1510 1381/1546/1508 1380/1544/1506
f 1383/1545/1507 1384/1549/1511 2952/1538/1500 1375/1537/1499
f 1383/1545/1507 1385/1547/1509 1387/1550/1512 1384/1549/1511
f 1386/1551/1513 1385/1547/1509 1381/1546/1508 1677/1552/1514
f 1386/1551/1513 1389/1553/1515 1387/1550/1512 1385/1547/1509
f 1391/1554/1516 1388/1555/1517 1387/1550/1512 1389/1553/1515
f 2950/1556/1518 1384/1549/1511 1387/1550/1512 1388/1555/1517
f 1386/1551/1513 1674/1557/1519 1390/1558/1520 1389/1553/1515
f 1391/1554/1516 1389/1553/1515 1390/1558/1520 1392/1559/1521
f 1391/1554/1516 1392/1559/1521 1396/1560/1522 1393/1561/1523
f 1391/1554/1516 1393/1561/1523 1395/1562/1524 1388/1555/1517
f 1394/1563/1525 2948/1564/1526 1395/1562/1524 1393/1561/1523
f 1394/1563/1525 1393/1561/1523 1396/1560/1522 1398/1565/1527
f 1399/1566/1528 1398/1565/1527 1396/1560/1522 1397/1567/1529
f 1659/1568/1530 1397/1567/1529 1396/1560/1522 1392/1559/1521
f 1399/1566/1528 1402/1569/1531 1400/1570/1532 1398/1565/1527
f 1394/1563/1525 1398/1565/1527 1400/1570/1532 1403/1571/1533
f 1405/1572/1534 1403/1571/1533 1400/1570/1532 1401/1573/1535
f 1667/1574/1536 1401/1573/1535 1400/1570/1532 1402/1569/1531
f 1405/1572/1534 1355/1515/1477 1404/1517/1479 1403/1571/1533
f 1394/1563/1525 1403/1571/1533 1404/1517/1479 2948/1564/1526
f 1405/1572/1534 1401/1573/1535 1407/1575/1537 1406/1513/1475
f 1405/1572/1534 1406/1513/1475 1350/1512/1474 1355/1515/1477
f 1351/1508/1470 1406/1513/1475 1407/1575/1537 1409/1576/1538
f 1411/1577/1539 1409/1576/1538 1407/1575/1537 1408/1578/1540
f 1667/1574/1536 1408/1578/1540 1407/1575/1537 1401/1573/1535
f 1351/1508/1470 1409/1576/1538 1410/1579/1541 1347/1507/1469
f 1411/1577/1539 1412/1580/1542 1410/1579/1541 1409/1576/1538
f 1411/1577/1539 1413/1581/1543 1416/1582/1544 1412/1580/1542
f 1411/1577/1539 1408/1578/1540 1414/1583/1545 1413/1581/1543
f 1415/1584/1546 1413/1581/1543 1414/1583/1545 1669/1585/1547
f 1415/1584/1546 1417/1586/1548 1416/1582/1544 1413/1581/1543
f 1419/1587/1549 1418/1588/1550 1416/1582/1544 1417/1586/1548
f 1420/1589/1551 1412/1580/1542 1416/1582/1544 1418/1588/1550
f 1419/1587/1549 1423/1590/1552 1421/1591/1553 1418/1588/1550
f 1420/1589/1551 1418/1588/1550 1421/1591/1553 1422/1592/1554
f 1426/1593/1555 1422/1592/1554 1421/1591/1553 1424/1594/1556
f 1425/1595/1557 1424/1594/1556 1421/1591/1553 1423/1590/1552
f 1425/1595/1557 1428/1596/1558 1427/1597/1559 1424/1594/1556
f 1426/1593/1555 1424/1594/1556 1427/1597/1559 1429/1598/1560
f 1431/1599/1561 1430/1448/1410 1427/1597/1559 1428/1596/1558
f 1289/1446/1408 1429/1598/1560 1427/1597/1559 1430/1448/1410
f 1431/1599/1561 1432/1442/1404 1284/1441/1403 1430/1448/1410
f 1431/1599/1561 1428/1596/1558 1435/1600/1562 1433/1601/1563
f 1431/1599/1561 1433/1601/1563 1436/1602/1564 1432/1442/1404
f 1434/1603/1565 1437/1604/1566 1436/1602/1564 1433/1601/1563
f 1434/1603/1565 1433/1601/1563 1435/1600/1562 1488/1605/1567
f 1439/1413/1375 1438/1606/1568 1436/1602/1564 1437/1604/1566
f 1285/1437/1399 1432/1442/1404 1436/1602/1564 1438/1606/1568
f 1439/1413/1375 1259/1414/1376 1440/1420/1382 1438/1606/1568
f 1285/1437/1399 1438/1606/1568 1440/1420/1382 1281/1435/1397
f 1278/1423/1385 1281/1435/1397 1440/1420/1382 1264/1419/1381
f 1439/1413/1375 1437/1604/1566 1441/1607/1569 1260/1411/1373
f 1434/1603/1565 1443/1608/1570 1441/1607/1569 1437/1604/1566
f 1256/1407/1369 1260/1411/1373 1441/1607/1569 1442/1609/1571
f 1445/1610/1572 1442/1609/1571 1441/1607/1569 1443/1608/1570
f 1434/1603/1565 1488/1605/1567 1444/1611/1573 1443/1608/1570
f 1445/1610/1572 1443/1608/1570 1444/1611/1573 1446/1612/1574
f 1445/1610/1572 1446/1612/1574 1449/1613/1575 1447/1614/1576
f 1445/1610/1572 1447/1614/1576 1450/1403/1365 1442/1609/1571
f 1448/1615/1577 1249/1401/1363 1450/1403/1365 1447/1614/1576
f 1448/1615/1577 1447/1614/1576 1449/1613/1575 1452/1616/1578
f 1256/1407/1369 1442/1609/1571 1450/1403/1365 1250/1402/1364
f 1482/1617/1579 1451/1618/1580 1449/1613/1575 1446/1612/1574
f 1454/1619/1581 1452/1616/1578 1449/1613/1575 1451/1618/1580
f 1454/1619/1581 1456/1620/1582 1453/1621/1583 1452/1616/1578
f 1448/1615/1577 1452/1616/1578 1453/1621/1583 2939/1622/1584
f 1454/1619/1581 1455/1623/1585 1458/1624/1586 1456/1620/1582
f 1454/1619/1581 1451/1618/1580 1480/1625/1587 1455/1623/1585
f 1457/1626/1588 2937/1627/1589 1453/1621/1583 1456/1620/1582
f 1457/1626/1588 1456/1620/1582 1458/1624/1586 1460/1628/1590
f 1481/1629/1591 1459/1630/1592 1458/1624/1586 1455/1623/1585
f 1461/1631/1593 1460/1628/1590 1458/1624/1586 1459/1630/1592
f 1461/1631/1593 1465/1632/1594 1462/1633/1595 1460/1628/1590
f 1457/1626/1588 1460/1628/1590 1462/1633/1595 1464/1634/1596
f 1844/1635/1597 1464/1634/1596 1462/1633/1595 1463/1636/1598
f 1466/1637/1599 1463/1636/1598 1462/1633/1595 1465/1632/1594
f 1466/1637/1599 1465/1632/1594 1467/1638/1600 1469/1639/1601
f 1461/1631/1593 1470/1640/1602 1467/1638/1600 1465/1632/1594
f 2204/1641/1603 1469/1639/1601 1467/1638/1600 1468/1642/1604
f 1472/1643/1605 1468/1642/1604 1467/1638/1600 1470/1640/1602
f 1461/1631/1593 1459/1630/1592 1471/1644/1606 1470/1640/1602
f 1472/1643/1605 1470/1640/1602 1471/1644/1606 1474/1645/1607
f 1472/1643/1605 1473/1646/1608 2205/1647/1609 1468/1642/1604
f 1472/1643/1605 1474/1645/1607 1475/1648/1610 1473/1646/1608
f 1476/1649/1611 1474/1645/1607 1471/1644/1606 1479/1650/1612
f 1476/1649/1611 1477/1651/1613 1475/1648/1610 1474/1645/1607
f 1476/1649/1611 1478/1652/1614 1483/1653/1615 1477/1651/1613
f 1476/1649/1611 1479/1650/1612 1480/1625/1587 1478/1652/1614
f 1481/1629/1591 1455/1623/1585 1480/1625/1587 1479/1650/1612
f 1481/1629/1591 1479/1650/1612 1471/1644/1606 1459/1630/1592
f 1482/1617/1579 1478/1652/1614 1480/1625/1587 1451/1618/1580
f 1482/1617/1579 1485/1654/1616 1483/1653/1615 1478/1652/1614
f 1486/1655/1617 1484/1656/1618 1483/1653/1615 1485/1654/1616
f 1491/1657/1619 1477/1651/1613 1483/1653/1615 1484/1656/1618
f 1486/1655/1617 1485/1654/1616 1444/1611/1573 1488/1605/1567
f 1482/1617/1579 1446/1612/1574 1444/1611/1573 1485/1654/1616
f 1486/1655/1617 1487/1658/1620 1489/1659/1621 1484/1656/1618
f 1486/1655/1617 1488/1605/1567 1435/1600/1562 1487/1658/1620
f 1425/1595/1557 1423/1590/1552 1489/1659/1621 1487/1658/1620
f 1425/1595/1557 1487/1658/1620 1435/1600/1562 1428/1596/1558
f 1491/1657/1619 1484/1656/1618 1489/1659/1621 1490/1660/1622
f 1419/1587/1549 1490/1660/1622 1489/1659/1621 1423/1590/1552
f 1491/1657/1619 1490/1660/1622 1492/1661/1623 1494/1662/1624
f 1419/1587/1549 1417/1586/1548 1492/1661/1623 1490/1660/1622
f 1496/1663/1625 1494/1662/1624 1492/1661/1623 1493/1664/1626
f 1415/1584/1546 1493/1664/1626 1492/1661/1623 1417/1586/1548
f 1496/1663/1625 1497/1665/1627 1495/1666/1628 1494/1662/1624
f 1491/1657/1619 1494/1662/1624 1495/1666/1628 2212/1667/1629
f 1496/1663/1625 1493/1664/1626 1500/1668/1630 1498/1669/1631
f 1496/1663/1625 1498/1669/1631 1501/1670/1632 1497/1665/1627
f 1499/1671/1633 1502/1672/1634 1501/1670/1632 1498/1669/1631
f 1499/1671/1633 1498/1669/1631 1500/1668/1630 1668/1673/1635
f 1506/1674/1636 1503/1675/1637 1501/1670/1632 1502/1672/1634
f 1504/1676/1638 1497/1665/1627 1501/1670/1632 1503/1675/1637
f 1504/1676/1638 1503/1675/1637 1505/1677/1639 2213/1678/1640
f 1506/1674/1636 1507/1679/1641 1505/1677/1639 1503/1675/1637
f 1506/1674/1636 1508/1680/1642 1509/1681/1643 1507/1679/1641
f 1506/1674/1636 1502/1672/1634 1511/1682/1644 1508/1680/1642
f 1510/1683/1645 1526/1684/1646 1509/1681/1643 1508/1680/1642
f 1510/1683/1645 1508/1680/1642 1511/1682/1644 1512/1685/1647
f 1499/1671/1633 1513/1686/1648 1511/1682/1644 1502/1672/1634
f 1515/1687/1649 1512/1685/1647 1511/1682/1644 1513/1686/1648
f 1515/1687/1649 1513/1686/1648 1514/1688/1650 1516/1689/1651
f 1499/1671/1633 1668/1673/1635 1514/1688/1650 1513/1686/1648
f 1515/1687/1649 1516/1689/1651 1519/1690/1652 1517/1691/1653
f 1515/1687/1649 1517/1691/1653 1520/1692/1654 1512/1685/1647
f 1518/1693/1655 1521/1694/1656 1520/1692/1654 1517/1691/1653
f 1518/1693/1655 1517/1691/1653 1519/1690/1652 1652/1695/1657
f 1523/1696/1658 1522/1697/1659 1520/1692/1654 1521/1694/1656
f 1510/1683/1645 1512/1685/1647 1520/1692/1654 1522/1697/1659
f 1523/1696/1658 1525/1698/1660 1524/1699/1661 1522/1697/1659
f 1510/1683/1645 1522/1697/1659 1524/1699/1661 1526/1684/1646
f 1528/1700/1662 1527/1701/1663 1524/1699/1661 1525/1698/1660
f 1530/1702/1664 1526/1684/1646 1524/1699/1661 1527/1701/1663
f 1528/1700/1662 1648/1703/1665 1529/1704/1666 1527/1701/1663
f 1530/1702/1664 1527/1701/1663 1529/1704/1666 1532/1705/1667
f 1530/1702/1664 1531/1706/1668 1509/1681/1643 1526/1684/1646
f 1530/1702/1664 1532/1705/1667 1533/1707/1669 1531/1706/1668
f 1534/1708/1670 1535/1709/1671 1533/1707/1669 1532/1705/1667
f 1534/1708/1670 1532/1705/1667 1529/1704/1666 1536/1710/1672
f 1534/1708/1670 1537/1711/1673 1539/1712/1674 1535/1709/1671
f 1534/1708/1670 1536/1710/1672 1538/1713/1675 1537/1711/1673
f 1540/1714/1676 1537/1711/1673 1538/1713/1675 1543/1715/1677
f 1540/1714/1676 1541/1716/1678 1539/1712/1674 1537/1711/1673
f 1540/1714/1676 1542/1717/1679 2233/1718/1680 1541/1716/1678
f 1540/1714/1676 1543/1715/1677 1544/1719/1681 1542/1717/1679
f 1545/1720/1682 1546/1721/1683 1544/1719/1681 1543/1715/1677
f 1545/1720/1682 1543/1715/1677 1538/1713/1675 1547/1722/1684
f 1545/1720/1682 1548/1723/1685 1549/1724/1686 1546/1721/1683
f 1545/1720/1682 1547/1722/1684 1551/1725/1687 1548/1723/1685
f 1550/1726/1688 2272/1727/1689 1549/1724/1686 1548/1723/1685
f 1550/1726/1688 1548/1723/1685 1551/1725/1687 1553/1728/1690
f 1554/1729/1691 1553/1728/1690 1551/1725/1687 1552/1730/1692
f 1649/1731/1693 1552/1730/1692 1551/1725/1687 1547/1722/1684
f 1550/1726/1688 1553/1728/1690 1555/1732/1694 1556/1733/1695
f 1554/1729/1691 1557/1734/1696 1555/1732/1694 1553/1728/1690
f 1559/1735/1697 1556/1733/1695 1555/1732/1694 1558/1736/1698
f 1560/1737/1699 1558/1736/1698 1555/1732/1694 1557/1734/1696
f 1559/1735/1697 1558/1736/1698 1561/1738/1700 1562/1739/1701
f 1560/1737/1699 1564/1740/1702 1561/1738/1700 1558/1736/1698
f 1575/1741/1703 1562/1739/1701 1561/1738/1700 1563/1742/1704
f 1566/1743/1705 1563/1742/1704 1561/1738/1700 1564/1740/1702
f 1560/1737/1699 1643/1744/1706 1565/1745/1707 1564/1740/1702
f 1566/1743/1705 1564/1740/1702 1565/1745/1707 1567/1746/1708
f 1566/1743/1705 1567/1746/1708 1569/1747/1709 1568/1748/1710
f 1566/1743/1705 1568/1748/1710 1571/1749/1711 1563/1742/1704
f 1570/1750/1712 1568/1748/1710 1569/1747/1709 1596/1751/1713
f 1570/1750/1712 1572/1752/1714 1571/1749/1711 1568/1748/1710
f 1575/1741/1703 1563/1742/1704 1571/1749/1711 1573/1753/1715
f 1574/1754/1716 1573/1753/1715 1571/1749/1711 1572/1752/1714
f 1574/1754/1716 1579/1755/1717 1576/1756/1718 1573/1753/1715
f 1575/1741/1703 1573/1753/1715 1576/1756/1718 1578/1757/1719
f 2273/1758/1720 1578/1757/1719 1576/1756/1718 1577/1759/1721
f 1580/1760/1722 1577/1759/1721 1576/1756/1718 1579/1755/1717
f 1580/1760/1722 1579/1755/1717 1581/1761/1723 1582/1762/1724
f 1574/1754/1716 1583/1763/1725 1581/1761/1723 1579/1755/1717
f 1586/1764/1726 1582/1762/1724 1581/1761/1723 1584/1765/1727
f 1587/1766/1728 1584/1765/1727 1581/1761/1723 1583/1763/1725
f 1587/1766/1728 1588/1767/1729 1585/1768/1730 1584/1765/1727
f 1586/1764/1726 1584/1765/1727 1585/1768/1730 2297/1769/1731
f 1587/1766/1728 1583/1763/1725 1592/1770/1732 1589/1771/1733
f 1587/1766/1728 1589/1771/1733 1591/1772/1734 1588/1767/1729
f 1590/1773/1735 1589/1771/1733 1592/1770/1732 1593/1774/1736
f 1590/1773/1735 2942/1775/1737 1591/1772/1734 1589/1771/1733
f 1570/1750/1712 1593/1774/1736 1592/1770/1732 1572/1752/1714
f 1574/1754/1716 1572/1752/1714 1592/1770/1732 1583/1763/1725
f 1590/1773/1735 1593/1774/1736 1594/1776/1738 1597/1777/1739
f 1570/1750/1712 1596/1751/1713 1594/1776/1738 1593/1774/1736
f 1599/1778/1740 1597/1777/1739 1594/1776/1738 1595/1779/1741
f 1607/1780/1742 1595/1779/1741 1594/1776/1738 1596/1751/1713
f 1590/1773/1735 1597/1777/1739 1598/1781/1743 2942/1775/1737
f 1599/1778/1740 1600/1782/1744 1598/1781/1743 1597/1777/1739
f 1599/1778/1740 1595/1779/1741 1604/1783/1745 1601/1784/1746
f 1599/1778/1740 1601/1784/1746 1603/1785/1747 1600/1782/1744
f 1602/1786/1748 1601/1784/1746 1604/1783/1745 1605/1787/1749
f 1602/1786/1748 1795/1343/1306 1603/1785/1747 1601/1784/1746
f 1608/1788/1750 1605/1787/1749 1604/1783/1745 1606/1789/1751
f 1607/1780/1742 1606/1789/1751 1604/1783/1745 1595/1779/1741
f 1607/1780/1742 1611/1790/1752 1609/1791/1753 1606/1789/1751
f 1608/1788/1750 1606/1789/1751 1609/1791/1753 1612/1792/1754
f 1614/1793/1755 1612/1792/1754 1609/1791/1753 1610/1794/1756
f 1646/1795/1757 1610/1794/1756 1609/1791/1753 1611/1790/1752
f 1608/1788/1750 1612/1792/1754 1613/1796/1758 1791/1797/1759
f 1614/1793/1755 1615/1798/1760 1613/1796/1758 1612/1792/1754
f 1614/1793/1755 1616/1799/1761 1619/1800/1762 1615/1798/1760
f 1614/1793/1755 1610/1794/1756 1617/1801/1763 1616/1799/1761
f 1618/1802/1764 1616/1799/1761 1617/1801/1763 1645/1803/1765
f 1618/1802/1764 1621/1804/1766 1619/1800/1762 1616/1799/1761
f 1786/1805/1767 1615/1798/1760 1619/1800/1762 1620/1806/1768
f 1623/1807/1769 1620/1806/1768 1619/1800/1762 1621/1804/1766
f 1618/1802/1764 1650/1808/1770 1622/1809/1771 1621/1804/1766
f 1623/1807/1769 1621/1804/1766 1622/1809/1771 1625/1810/1772
f 1623/1807/1769 1624/1811/1773 1776/1812/1774 1620/1806/1768
f 1623/1807/1769 1625/1810/1772 1626/1813/1775 1624/1811/1773
f 1627/1814/1776 1628/1815/1777 1626/1813/1775 1625/1810/1772
f 1627/1814/1776 1625/1810/1772 1622/1809/1771 1630/1816/1778
f 1627/1814/1776 1629/1817/1779 1651/1818/1780 1628/1815/1777
f 1627/1814/1776 1630/1816/1778 1632/1819/1781 1629/1817/1779
f 1631/1820/1782 1630/1816/1778 1622/1809/1771 1650/1808/1770
f 1631/1820/1782 1633/1821/1783 1632/1819/1781 1630/1816/1778
f 1523/1696/1658 1521/1694/1656 1632/1819/1781 1633/1821/1783
f 1518/1693/1655 1629/1817/1779 1632/1819/1781 1521/1694/1656
f 1631/1820/1782 1636/1822/1784 1634/1823/1785 1633/1821/1783
f 1523/1696/1658 1633/1821/1783 1634/1823/1785 1525/1698/1660
f 1528/1700/1662 1525/1698/1660 1634/1823/1785 1635/1824/1786
f 1638/1825/1787 1635/1824/1786 1634/1823/1785 1636/1822/1784
f 1631/1820/1782 1650/1808/1770 1637/1826/1788 1636/1822/1784
f 1638/1825/1787 1636/1822/1784 1637/1826/1788 1640/1827/1789
f 1638/1825/1787 1639/1828/1790 1647/1829/1791 1635/1824/1786
f 1638/1825/1787 1640/1827/1789 1642/1830/1792 1639/1828/1790
f 1641/1831/1793 1640/1827/1789 1637/1826/1788 1645/1803/1765
f 1641/1831/1793 1643/1744/1706 1642/1830/1792 1640/1827/1789
f 1554/1729/1691 1639/1828/1790 1642/1830/1792 1557/1734/1696
f 1560/1737/1699 1557/1734/1696 1642/1830/1792 1643/1744/1706
f 1641/1831/1793 1644/1832/1794 1565/1745/1707 1643/1744/1706
f 1641/1831/1793 1645/1803/1765 1617/1801/1763 1644/1832/1794
f 1618/1802/1764 1645/1803/1765 1637/1826/1788 1650/1808/1770
f 1646/1795/1757 1567/1746/1708 1565/1745/1707 1644/1832/1794
f 1646/1795/1757 1644/1832/1794 1617/1801/1763 1610/1794/1756
f 1646/1795/1757 1611/1790/1752 1569/1747/1709 1567/1746/1708
f 1554/1729/1691 1552/1730/1692 1647/1829/1791 1639/1828/1790
f 1528/1700/1662 1635/1824/1786 1647/1829/1791 1648/1703/1665
f 1649/1731/1693 1648/1703/1665 1647/1829/1791 1552/1730/1692
f 1649/1731/1693 1536/1710/1672 1529/1704/1666 1648/1703/1665
f 1649/1731/1693 1547/1722/1684 1538/1713/1675 1536/1710/1672
f 1518/1693/1655 1652/1695/1657 1651/1818/1780 1629/1817/1779
f 1656/1833/1795 1653/1834/1796 1651/1818/1780 1652/1695/1657
f 1655/1835/1797 1628/1815/1777 1651/1818/1780 1653/1834/1796
f 1656/1833/1795 1658/1836/1798 1654/1837/1799 1653/1834/1796
f 1655/1835/1797 1653/1834/1796 1654/1837/1799 1672/1838/1800
f 1656/1833/1795 1652/1695/1657 1519/1690/1652 1657/1839/1801
f 1656/1833/1795 1657/1839/1801 1660/1840/1802 1658/1836/1798
f 1659/1568/1530 1670/1841/1803 1654/1837/1799 1658/1836/1798
f 1659/1568/1530 1658/1836/1798 1660/1840/1802 1397/1567/1529
f 1399/1566/1528 1397/1567/1529 1660/1840/1802 1661/1842/1804
f 1662/1843/1805 1661/1842/1804 1660/1840/1802 1657/1839/1801
f 1399/1566/1528 1661/1842/1804 1663/1844/1806 1402/1569/1531
f 1662/1843/1805 1664/1845/1807 1663/1844/1806 1661/1842/1804
f 1666/1846/1808 1665/1847/1809 1663/1844/1806 1664/1845/1807
f 1667/1574/1536 1402/1569/1531 1663/1844/1806 1665/1847/1809
f 1666/1846/1808 1669/1585/1547 1414/1583/1545 1665/1847/1809
f 1667/1574/1536 1665/1847/1809 1414/1583/1545 1408/1578/1540
f 1666/1846/1808 1668/1673/1635 1500/1668/1630 1669/1585/1547
f 1666/1846/1808 1664/1845/1807 1514/1688/1650 1668/1673/1635
f 1415/1584/1546 1669/1585/1547 1500/1668/1630 1493/1664/1626
f 1662/1843/1805 1516/1689/1651 1514/1688/1650 1664/1845/1807
f 1662/1843/1805 1657/1839/1801 1519/1690/1652 1516/1689/1651
f 1659/1568/1530 1392/1559/1521 1390/1558/1520 1670/1841/1803
f 1671/1848/1810 1672/1838/1800 1654/1837/1799 1670/1841/1803
f 1671/1848/1810 1670/1841/1803 1390/1558/1520 1674/1557/1519
f 1671/1848/1810 1673/1849/1811 1782/1850/1812 1672/1838/1800
f 1671/1848/1810 1674/1557/1519 1675/1851/1813 1673/1849/1811
f 1386/1551/1513 1677/1552/1514 1675/1851/1813 1674/1557/1519
f 1678/1852/1814 1676/1853/1815 1675/1851/1813 1677/1552/1514
f 1781/1854/1816 1673/1849/1811 1675/1851/1813 1676/1853/1815
f 1678/1852/1814 1677/1552/1514 1381/1546/1508 1680/1548/1510
f 1678/1852/1814 1679/1855/1817 1785/1856/1818 1676/1853/1815
f 1678/1852/1814 1680/1548/1510 1681/1857/1819 1679/1855/1817
f 1382/1543/1505 1682/1858/1820 1681/1857/1819 1680/1548/1510
f 1686/1859/1821 1679/1855/1817 1681/1857/1819 1683/1860/1822
f 1684/1861/1823 1683/1860/1822 1681/1857/1819 1682/1858/1820
f 1684/1861/1823 1727/1862/1824 1685/1863/1825 1683/1860/1822
f 1686/1859/1821 1683/1860/1822 1685/1863/1825 1688/1864/1826
f 1686/1859/1821 1687/1865/1827 1785/1856/1818 1679/1855/1817
f 1686/1859/1821 1688/1864/1826 1690/1866/1828 1687/1865/1827
f 1689/1867/1829 1688/1864/1826 1685/1863/1825 1729/1868/1830
f 1689/1867/1829 1692/1869/1831 1690/1866/1828 1688/1864/1826
f 1784/1870/1832 1687/1865/1827 1690/1866/1828 1691/1871/1833
f 1693/1872/1834 1691/1871/1833 1690/1866/1828 1692/1869/1831
f 1693/1872/1834 1692/1869/1831 1694/1873/1835 1696/1874/1836
f 1689/1867/1829 1697/1875/1837 1694/1873/1835 1692/1869/1831
f 1745/1876/1838 1696/1874/1836 1694/1873/1835 1695/1877/1839
f 1699/1878/1840 1695/1877/1839 1694/1873/1835 1697/1875/1837
f 1689/1867/1829 1729/1868/1830 1698/1879/1841 1697/1875/1837
f 1699/1878/1840 1697/1875/1837 1698/1879/1841 1701/1880/1842
f 1699/1878/1840 1700/1881/1843 1742/1882/1844 1695/1877/1839
f 1699/1878/1840 1701/1880/1842 1703/1883/1845 1700/1881/1843
f 1702/1884/1846 1701/1880/1842 1698/1879/1841 1711/1885/1847
f 1702/1884/1846 1704/1886/1848 1703/1883/1845 1701/1880/1842
f 1162/1887/1257 1700/1881/1843 1703/1883/1845 1159/1888/1253
f 1155/1889/1249 1159/1888/1253 1703/1883/1845 1704/1886/1848
f 1155/1889/1249 1704/1886/1848 1705/1890/1849 1706/1891/1850
f 1702/1884/1846 1707/1892/1851 1705/1890/1849 1704/1886/1848
f 1080/1192/1161 1706/1891/1850 1705/1890/1849 1077/1191/1160
f 1708/1190/1159 1077/1191/1160 1705/1890/1849 1707/1892/1851
f 1702/1884/1846 1711/1885/1847 1709/1893/1852 1707/1892/1851
f 1708/1190/1159 1707/1892/1851 1709/1893/1852 1712/1894/1853
f 1713/1895/1854 1712/1894/1853 1709/1893/1852 1710/1896/1855
f 1728/1897/1856 1710/1896/1855 1709/1893/1852 1711/1885/1847
f 1713/1895/1854 1715/1898/1857 1714/1899/1858 1712/1894/1853
f 1708/1190/1159 1712/1894/1853 1714/1899/1858 1078/1188/1157
f 1062/1175/1144 1716/1178/1147 1714/1899/1858 1715/1898/1857
f 1071/1184/1153 1078/1188/1157 1714/1899/1858 1716/1178/1147
f 1713/1895/1854 1719/1900/1859 1717/1901/1860 1715/1898/1857
f 1062/1175/1144 1715/1898/1857 1717/1901/1860 1059/1171/1140
f 1055/1169/1138 1059/1171/1140 1717/1901/1860 1718/1902/1861
f 1721/1903/1862 1718/1902/1861 1717/1901/1860 1719/1900/1859
f 1713/1895/1854 1710/1896/1855 1720/1904/1863 1719/1900/1859
f 1721/1903/1862 1719/1900/1859 1720/1904/1863 1722/1905/1864
f 1721/1903/1862 1722/1905/1864 1724/1906/1865 1723/1907/1866
f 1721/1903/1862 1723/1907/1866 1725/1908/1867 1718/1902/1861
f 1377/1540/1502 1723/1907/1866 1724/1906/1865 1379/1542/1504
f 1377/1540/1502 1726/1541/1503 1725/1908/1867 1723/1907/1866
f 1055/1169/1138 1718/1902/1861 1725/1908/1867 1053/1167/1136
f 1051/1165/1134 1053/1167/1136 1725/1908/1867 1726/1541/1503
f 1051/1165/1134 1726/1541/1503 1373/1535/1497 1049/1163/1132
f 1382/1543/1505 1379/1542/1504 1724/1906/1865 1682/1858/1820
f 1684/1861/1823 1682/1858/1820 1724/1906/1865 1722/1905/1864
f 1684/1861/1823 1722/1905/1864 1720/1904/1863 1727/1862/1824
f 1728/1897/1856 1727/1862/1824 1720/1904/1863 1710/1896/1855
f 1728/1897/1856 1729/1868/1830 1685/1863/1825 1727/1862/1824
f 1728/1897/1856 1711/1885/1847 1698/1879/1841 1729/1868/1830
f 1155/1283/1249 1706/1909/1850 1730/1910/1868 1153/1282/1248
f 1080/1193/1161 1083/1196/1163 1730/1910/1868 1706/1909/1850
f 1732/1199/1165 1731/1911/1869 1730/1910/1868 1083/1196/1163
f 1151/1281/1247 1153/1282/1248 1730/1910/1868 1731/1911/1869
f 1732/1199/1165 1733/1244/1210 1119/1243/1209 1731/1911/1869
f 1151/1281/1247 1731/1911/1869 1119/1243/1209 1122/1245/1211
f 1732/1199/1165 1082/1200/1166 1734/1912/1870 1733/1244/1210
f 1118/1242/1208 1733/1244/1210 1734/1912/1870 1735/1913/1871
f 1085/1201/1167 1736/1914/1872 1734/1912/1870 1082/1200/1166
f 1737/1915/1873 1735/1913/1871 1734/1912/1870 1736/1914/1872
f 1737/1915/1873 1736/1914/1872 1738/1916/1874 1740/1917/1875
f 1085/1201/1167 1087/1203/1169 1738/1916/1874 1736/1914/1872
f 1105/1226/1192 1740/1917/1875 1738/1916/1874 1739/1216/1182
f 1090/1205/1171 1739/1216/1182 1738/1916/1874 1087/1203/1169
f 1105/1226/1192 1107/1227/1193 1741/1235/1201 1740/1917/1875
f 1737/1915/1873 1740/1917/1875 1741/1235/1201 1735/1913/1871
f 1118/1242/1208 1735/1913/1871 1741/1235/1201 1112/1234/1200
f 1162/1887/1257 1743/1918/1260 1742/1882/1844 1700/1881/1843
f 1746/1919/1876 1744/1920/1877 1742/1882/1844 1743/1918/1260
f 1745/1876/1838 1695/1877/1839 1742/1882/1844 1744/1920/1877
f 1745/1876/1838 1744/1920/1877 1747/1921/1878 1748/1922/1879
f 1746/1919/1876 1749/1923/1880 1747/1921/1878 1744/1920/1877
f 1752/1924/1881 1748/1922/1879 1747/1921/1878 1750/1925/1882
f 1753/1926/1883 1750/1925/1882 1747/1921/1878 1749/1923/1880
f 1753/1926/1883 1197/1337/1299 1751/1336/1301 1750/1925/1882
f 1752/1924/1881 1750/1925/1882 1751/1336/1301 1763/1927/1884
f 1753/1928/1883 1754/1929/1885 1195/1331/1297 1197/1333/1299
f 1753/1928/1883 1749/1930/1880 1755/1931/1886 1754/1929/1885
f 1756/1932/1887 1754/1929/1885 1755/1931/1886 1757/1933/1888
f 1756/1932/1887 1758/1332/1298 1195/1331/1297 1754/1929/1885
f 1756/1932/1887 1757/1933/1888 1759/1934/1889 1758/1332/1298
f 1194/1330/1296 1758/1332/1298 1759/1934/1889 1760/1311/1277
f 1171/1303/1269 1760/1311/1277 1759/1934/1889 1169/1302/1268
f 1761/1301/1267 1169/1302/1268 1759/1934/1889 1757/1933/1888
f 1194/1330/1296 1760/1311/1277 1176/1310/1276 1188/1323/1289
f 1761/1301/1267 1757/1933/1888 1755/1931/1886 1762/1935/1890
f 1761/1301/1267 1762/1935/1890 1161/1293/1259 1164/1292/1258
f 1746/1936/1876 1762/1935/1890 1755/1931/1886 1749/1930/1880
f 1746/1936/1876 1743/1294/1260 1161/1293/1259 1762/1935/1890
f 1752/1924/1881 1763/1927/1884 1765/1937/1891 1764/1938/1892
f 1752/1924/1881 1764/1938/1892 1767/1939/1893 1748/1922/1879
f 1766/1940/1894 1764/1938/1892 1765/1937/1891 1790/1941/1895
f 1766/1940/1894 1768/1942/1896 1767/1939/1893 1764/1938/1892
f 1693/1872/1834 1696/1874/1836 1767/1939/1893 1768/1942/1896
f 1745/1876/1838 1748/1922/1879 1767/1939/1893 1696/1874/1836
f 1766/1940/1894 1771/1943/1897 1769/1944/1898 1768/1942/1896
f 1693/1872/1834 1768/1942/1896 1769/1944/1898 1691/1871/1833
f 1784/1870/1832 1691/1871/1833 1769/1944/1898 1770/1945/1899
f 1773/1946/1900 1770/1945/1899 1769/1944/1898 1771/1943/1897
f 1766/1940/1894 1790/1941/1895 1772/1947/1901 1771/1943/1897
f 1773/1946/1900 1771/1943/1897 1772/1947/1901 1774/1948/1902
f 1773/1946/1900 1774/1948/1902 1776/1812/1774 1775/1949/1903
f 1773/1946/1900 1775/1949/1903 1778/1950/1904 1770/1945/1899
f 1777/1951/1905 1775/1949/1903 1776/1812/1774 1624/1811/1773
f 1777/1951/1905 1780/1952/1906 1778/1950/1904 1775/1949/1903
f 1784/1870/1832 1770/1945/1899 1778/1950/1904 1779/1953/1907
f 1781/1854/1816 1779/1953/1907 1778/1950/1904 1780/1952/1906
f 1777/1951/1905 1783/1954/1908 1782/1850/1812 1780/1952/1906
f 1781/1854/1816 1780/1952/1906 1782/1850/1812 1673/1849/1811
f 1655/1835/1797 1672/1838/1800 1782/1850/1812 1783/1954/1908
f 1777/1951/1905 1624/1811/1773 1626/1813/1775 1783/1954/1908
f 1655/1835/1797 1783/1954/1908 1626/1813/1775 1628/1815/1777
f 1781/1854/1816 1676/1853/1815 1785/1856/1818 1779/1953/1907
f 1784/1870/1832 1779/1953/1907 1785/1856/1818 1687/1865/1827
f 1786/1805/1767 1620/1806/1768 1776/1812/1774 1774/1948/1902
f 1786/1805/1767 1774/1948/1902 1772/1947/1901 1787/1955/1909
f 1786/1805/1767 1787/1955/1909 1613/1796/1758 1615/1798/1760
f 1788/1956/1910 1791/1797/1759 1613/1796/1758 1787/1955/1909
f 1788/1956/1910 1787/1955/1909 1772/1947/1901 1790/1941/1895
f 1788/1956/1910 1789/1957/1911 1792/1958/1912 1791/1797/1759
f 1788/1956/1910 1790/1941/1895 1765/1937/1891 1789/1957/1911
f 1608/1788/1750 1791/1797/1759 1792/1958/1912 1605/1787/1749
f 1602/1786/1748 1605/1787/1749 1792/1958/1912 1793/1959/1913
f 1794/1960/1914 1793/1959/1913 1792/1958/1912 1789/1957/1911
f 1602/1786/1748 1793/1959/1913 1200/1339/1303 1795/1343/1306
f 1794/1960/1914 1198/1335/1300 1200/1339/1303 1793/1959/1913
f 1794/1960/1914 1763/1927/1884 1751/1336/1301 1198/1335/1300
f 1794/1960/1914 1789/1957/1911 1765/1937/1891 1763/1927/1884
f 1607/1780/1742 1596/1751/1713 1569/1747/1709 1611/1790/1752
f 1201/1342/1305 1796/1961/1915 1603/1785/1747 1795/1343/1306
f 1797/1962/1916 1600/1782/1744 1603/1785/1747 1796/1961/1915
f 1201/1344/1305 1203/1345/1307 1210/1352/1314 1796/1963/1915
f 1797/1964/1916 1796/1963/1915 1210/1352/1314 1213/1355/1317
f 1797/1962/1916 1798/1965/1917 1598/1781/1743 1600/1782/1744
f 1797/1964/1916 1213/1355/1317 1800/1357/1319 1798/1966/1917
f 1799/1967/1918 2942/1775/1737 1598/1781/1743 1798/1965/1917
f 1799/1968/1918 1798/1966/1917 1800/1357/1319 1801/1969/1919
f 1219/1364/1326 1801/1969/1919 1800/1357/1319 1212/1356/1318
f 1799/1968/1918 1801/1969/1919 1802/1970/1920 1803/1971/1921
f 1219/1364/1326 1805/1366/1328 1802/1970/1920 1801/1969/1919
f 2304/1972/1922 1803/1971/1921 1802/1970/1920 1804/1973/1923
f 1806/1974/1924 1804/1973/1923 1802/1970/1920 1805/1366/1328
f 1806/1974/1924 1805/1366/1328 1220/1365/1327 1808/1975/1925
f 1806/1974/1924 1807/1976/1926 2305/1977/1927 1804/1973/1923
f 1806/1974/1924 1808/1975/1925 1809/1978/1928 1807/1976/1926
f 1810/1979/1929 1811/1980/1930 1809/1978/1928 1808/1975/1925
f 1810/1979/1929 1808/1975/1925 1220/1365/1327 1222/1367/1329
f 1810/1979/1929 1812/1981/1931 2659/1982/1932 1811/1980/1930
f 1810/1979/1929 1813/1983/1933 1814/1984/1934 1812/1981/1931
f 1810/1979/1929 1222/1367/1329 1224/1370/1332 1813/1983/1933
f 1815/1985/1935 1816/1986/1936 1814/1984/1934 1813/1983/1933
f 1815/1985/1935 1813/1983/1933 1224/1370/1332 1818/1372/1334
f 1815/1985/1935 1817/1987/1937 2681/1988/1938 1816/1986/1936
f 1815/1985/1935 1818/1372/1334 1819/1989/1939 1817/1987/1937
f 1225/1371/1333 1821/1990/1940 1819/1989/1939 1818/1372/1334
f 1822/1991/1941 1820/1992/1942 1819/1989/1939 1821/1990/1940
f 2680/1993/1943 1817/1987/1937 1819/1989/1939 1820/1992/1942
f 1225/1371/1333 1227/1373/1335 1823/1379/1341 1821/1990/1940
f 1822/1991/1941 1821/1990/1940 1823/1379/1341 1824/1994/1944
f 1238/1386/1348 1824/1994/1944 1823/1379/1341 1231/1378/1340
f 1238/1386/1348 1241/1389/1351 1825/1995/1945 1824/1994/1944
f 1822/1991/1941 1824/1994/1944 1825/1995/1945 1826/1996/1946
f 1830/1997/1947 1826/1996/1946 1825/1995/1945 1827/1998/1948
f 1828/1390/1352 1827/1998/1948 1825/1995/1945 1241/1389/1351
f 1828/1390/1352 2941/1999/1949 1829/2000/1950 1827/1998/1948
f 1830/1997/1947 1827/1998/1948 1829/2000/1950 1832/2001/1951
f 1830/1997/1947 1831/2002/1952 2682/2003/1953 1826/1996/1946
f 1830/1997/1947 1832/2001/1951 1833/2004/1954 1831/2002/1952
f 1834/2005/1955 1832/2001/1951 1829/2000/1950 1837/2006/1956
f 1834/2005/1955 1835/2007/1957 1833/2004/1954 1832/2001/1951
f 1834/2005/1955 1836/2008/1958 2685/2009/1959 1835/2007/1957
f 1834/2005/1955 1837/2006/1956 1839/2010/1960 1836/2008/1958
f 1838/2011/1961 1837/2006/1956 1829/2000/1950 2941/1999/1949
f 1838/2011/1961 1840/2012/1962 1839/2010/1960 1837/2006/1956
f 1843/2013/1963 1836/2008/1958 1839/2010/1960 1841/2014/1964
f 1844/1635/1597 1841/2014/1964 1839/2010/1960 1840/2012/1962
f 1844/1635/1597 1463/1636/1598 1842/2015/1965 1841/2014/1964
f 1843/2013/1963 1841/2014/1964 1842/2015/1965 1846/2016/1966
f 1844/1635/1597 1840/2012/1962 2935/2017/1967 1464/1634/1596
f 1843/2013/1963 1845/2018/1968 2685/2009/1959 1836/2008/1958
f 1843/2013/1963 1846/2016/1966 1848/2019/1969 1845/2018/1968
f 1847/2020/1970 1846/2016/1966 1842/2015/1965 2689/2021/1971
f 1847/2020/1970 1849/2022/1972 1848/2019/1969 1846/2016/1966
f 1853/2023/1973 1850/2024/1974 1848/2019/1969 1849/2022/1972
f 1852/2025/1975 1845/2018/1968 1848/2019/1969 1850/2024/1974
f 1852/2025/1975 1850/2024/1974 1851/2026/1976 2683/2027/1977
f 1853/2023/1973 1854/2028/1978 1851/2026/1976 1850/2024/1974
f 1853/2023/1973 1849/2022/1972 1855/2029/1979 1854/2028/1978
f 1856/2030/1980 1854/2028/1978 1855/2029/1979 1858/2031/1981
f 1856/2030/1980 1859/2032/1982 1851/2026/1976 1854/2028/1978
f 1856/2030/1980 1857/2033/1983 1861/2034/1984 1859/2032/1982
f 1856/2030/1980 1858/2031/1981 2195/2035/1985 1857/2033/1983
f 1860/2036/1986 2683/2027/1977 1851/2026/1976 1859/2032/1982
f 1860/2036/1986 1859/2032/1982 1861/2034/1984 1863/2037/1987
f 2191/2038/1988 1862/2039/1989 1861/2034/1984 1857/2033/1983
f 1865/2040/1990 1863/2037/1987 1861/2034/1984 1862/2039/1989
f 1860/2036/1986 1863/2037/1987 1864/2041/1991 2671/2042/1992
f 1865/2040/1990 1866/2043/1993 1864/2041/1991 1863/2037/1987
f 1865/2040/1990 1867/2044/1994 1869/2045/1995 1866/2043/1993
f 1865/2040/1990 1862/2039/1989 1868/2046/1996 1867/2044/1994
f 1870/2047/1997 1867/2044/1994 1868/2046/1996 1872/2048/1998
f 1870/2047/1997 1873/2049/1999 1869/2045/1995 1867/2044/1994
f 1870/2047/1997 1871/2050/2000 1874/2051/2001 1873/2049/1999
f 1870/2047/1997 1872/2048/1998 2181/2052/2002 1871/2050/2000
f 1875/2053/2003 1873/2049/1999 1874/2051/2001 1878/2054/2004
f 1875/2053/2003 1876/2055/2005 1869/2045/1995 1873/2049/1999
f 1875/2053/2003 1877/2056/2006 2661/2057/2007 1876/2055/2005
f 1875/2053/2003 1878/2054/2004 1880/2058/2008 1877/2056/2006
f 1879/2059/2009 1881/2060/2010 1880/2058/2008 1878/2054/2004
f 1879/2059/2009 1878/2054/2004 1874/2051/2001 2175/2061/2011
f 1885/2062/2012 1882/2063/2013 1880/2058/2008 1881/2060/2010
f 1883/2064/2014 1877/2056/2006 1880/2058/2008 1882/2063/2013
f 1883/2064/2014 1882/2063/2013 1884/2065/2015 2658/2066/2016
f 1885/2062/2012 1886/2067/2017 1884/2065/2015 1882/2063/2013
f 1885/2062/2012 1887/2068/2018 1889/2069/2019 1886/2067/2017
f 1885/2062/2012 1881/2060/2010 1888/2070/2020 1887/2068/2018
f 1890/2071/2021 1887/2068/2018 1888/2070/2020 1892/2072/2022
f 1890/2071/2021 1893/2073/2023 1889/2069/2019 1887/2068/2018
f 1890/2071/2021 1891/2074/2024 1894/2075/2025 1893/2073/2023
f 1890/2071/2021 1892/2072/2022 2165/2076/2026 1891/2074/2024
f 1895/2077/2027 1893/2073/2023 1894/2075/2025 1898/2078/2028
f 1895/2077/2027 1896/2079/2029 1889/2069/2019 1893/2073/2023
f 1895/2077/2027 1897/2080/2030 2314/2081/2031 1896/2079/2029
f 1895/2077/2027 1898/2078/2028 1900/2082/2032 1897/2080/2030
f 1899/2083/2033 1901/2084/2034 1900/2082/2032 1898/2078/2028
f 1899/2083/2033 1898/2078/2028 1894/2075/2025 2159/2085/2035
f 1905/2086/2036 1902/2087/2037 1900/2082/2032 1901/2084/2034
f 1903/2088/2038 1897/2080/2030 1900/2082/2032 1902/2087/2037
f 1903/2088/2038 1902/2087/2037 1904/2089/2039 2319/2090/2040
f 1905/2086/2036 1906/2091/2041 1904/2089/2039 1902/2087/2037
f 1905/2086/2036 1907/2092/2042 1909/2093/2043 1906/2091/2041
f 1905/2086/2036 1901/2084/2034 1908/2094/2044 1907/2092/2042
f 1910/2095/2045 1907/2092/2042 1908/2094/2044 1912/2096/2046
f 1910/2095/2045 1913/2097/2047 1909/2093/2043 1907/2092/2042
f 1910/2095/2045 1911/2098/2048 1914/2099/2049 1913/2097/2047
f 1910/2095/2045 1912/2096/2046 2149/2100/2050 1911/2098/2048
f 1915/2101/2051 1913/2097/2047 1914/2099/2049 1918/2102/2052
f 1915/2101/2051 1916/2103/2053 1909/2093/2043 1913/2097/2047
f 1915/2104/2051 1917/2105/2054 2332/2106/2055 1916/2107/2053
f 1915/2104/2051 1918/2108/2052 1920/2109/2056 1917/2105/2054
f 1919/2110/2057 1922/2111/2058 1920/2109/2056 1918/2108/2052
f 1919/2112/2057 1918/2102/2052 1914/2099/2049 2143/2113/2059
f 2334/2114/2060 1917/2105/2054 1920/2109/2056 1921/2115/2061
f 1924/2116/2062 1921/2115/2061 1920/2109/2056 1922/2111/2058
f 1924/2116/2062 1922/2111/2058 1923/2117/2063 1926/2118/2064
f 1919/2110/2057 2140/2119/2065 1923/2117/2063 1922/2111/2058
f 1924/2116/2062 1925/2120/2066 2336/2121/2067 1921/2115/2061
f 1924/2116/2062 1926/2118/2064 1928/2122/2068 1925/2120/2066
f 1927/2123/2069 1926/2118/2064 1923/2117/2063 2141/2124/2070
f 1927/2123/2069 1930/2125/2071 1928/2122/2068 1926/2118/2064
f 2341/2126/2072 1925/2120/2066 1928/2122/2068 1929/2127/2073
f 1932/2128/2074 1929/2127/2073 1928/2122/2068 1930/2125/2071
f 1927/2123/2069 2691/2129/2075 1931/2130/2076 1930/2125/2071
f 1932/2128/2074 1930/2125/2071 1931/2130/2076 1933/2131/2077
f 1932/2128/2074 1933/2131/2077 1937/2132/2078 1934/2133/2079
f 1932/2128/2074 1934/2133/2079 1935/2134/2080 1929/2127/2073
f 1936/2135/2081 2346/2136/2082 1935/2134/2080 1934/2133/2079
f 1936/2135/2081 1934/2133/2079 1937/2132/2078 1939/2137/2083
f 2693/2138/2084 1938/2139/2085 1937/2132/2078 1933/2131/2077
f 1940/2140/2086 1939/2137/2083 1937/2132/2078 1938/2139/2085
f 1940/2140/2086 1944/2141/2087 1941/2142/2088 1939/2137/2083
f 1936/2135/2081 1939/2137/2083 1941/2142/2088 1943/2143/2089
f 2629/2144/2090 1943/2143/2089 1941/2142/2088 1942/2145/2091
f 1945/2146/2092 1942/2145/2091 1941/2142/2088 1944/2141/2087
f 1945/2146/2092 1944/2141/2087 1946/2147/2093 1947/2148/2094
f 1940/2140/2086 1948/2149/2095 1946/2147/2093 1944/2141/2087
f 1952/2150/2096 1947/2148/2094 1946/2147/2093 1949/2151/2097
f 1950/2152/2098 1949/2151/2097 1946/2147/2093 1948/2149/2095
f 1950/2152/2098 2703/2153/2099 1951/2154/2100 1949/2151/2097
f 1952/2150/2096 1949/2151/2097 1951/2154/2100 1954/2155/2101
f 1952/2150/2096 1953/2156/2102 2620/2157/2103 1947/2148/2094
f 1952/2150/2096 1954/2155/2101 1956/2158/2104 1953/2156/2102
f 1955/2159/2105 1954/2155/2101 1951/2154/2100 2707/2160/2106
f 1955/2159/2105 1957/2161/2107 1956/2158/2104 1954/2155/2101
f 1959/2162/2108 1953/2156/2102 1956/2158/2104 1958/2163/2109
f 1960/2164/2110 1958/2163/2109 1956/2158/2104 1957/2161/2107
f 1959/2162/2108 1958/2163/2109 1961/2165/2111 1962/2166/2112
f 1960/2164/2110 1963/2167/2113 1961/2165/2111 1958/2163/2109
f 1966/2168/2114 1962/2166/2112 1961/2165/2111 1964/2169/2115
f 1965/2170/2116 1964/2169/2115 1961/2165/2111 1963/2167/2113
f 1965/2170/2116 1970/2171/2117 1967/2172/2118 1964/2169/2115
f 1966/2168/2114 1964/2169/2115 1967/2172/2118 1968/2173/2119
f 2657/2174/2120 1968/2173/2119 1967/2172/2118 1969/2175/2121
f 1972/2176/2122 1969/2175/2121 1967/2172/2118 1970/2171/2117
f 1965/2170/2116 2734/2177/2123 1971/2178/2124 1970/2171/2117
f 1972/2176/2122 1970/2171/2117 1971/2178/2124 1974/2179/2125
f 1972/2176/2122 1973/2180/2126 2572/2181/2127 1969/2175/2121
f 1972/2176/2122 1974/2179/2125 1976/2182/2128 1973/2180/2126
f 1975/2183/2129 1974/2179/2125 1971/2178/2124 2899/2184/2130
f 1975/2183/2129 1978/2185/2131 1976/2182/2128 1974/2179/2125
f 2570/2186/2132 1973/2180/2126 1976/2182/2128 1977/2187/2133
f 1979/2188/2134 1977/2187/2133 1976/2182/2128 1978/2185/2131
f 1975/2183/2129 1981/2189/2135 1980/2190/2136 1978/2185/2131
f 1979/2188/2134 1978/2185/2131 1980/2190/2136 1982/2191/2137
f 1985/2192/2138 1983/2193/2139 1980/2190/2136 1981/2189/2135
f 1986/2194/2140 1982/2191/2137 1980/2190/2136 1983/2193/2139
f 1985/2192/2138 2887/2195/2141 1984/2196/2142 1983/2193/2139
f 1986/2194/2140 1983/2193/2139 1984/2196/2142 1988/2197/2143
f 1986/2194/2140 1987/2198/2144 1991/2199/2145 1989/2200/2146
f 1986/2194/2140 1988/2197/2143 2867/2201/2147 1987/2198/2144
f 1986/2194/2140 1989/2200/2146 1990/2202/2148 1982/2191/2137
f 1992/2203/2149 1993/2204/2150 1990/2202/2148 1989/2200/2146
f 1992/2203/2149 1989/2200/2146 1991/2199/2145 1994/2205/2151
f 1992/2203/2149 1995/2206/2152 1997/2207/2153 1993/2204/2150
f 1992/2203/2149 1994/2205/2151 1998/2208/2154 1995/2206/2152
f 1996/2209/2155 1995/2206/2152 1998/2208/2154 2000/2210/2156
f 1996/2209/2155 2012/2211/2157 1997/2207/2153 1995/2206/2152
f 2002/2212/2158 2000/2210/2156 1998/2208/2154 1999/2213/2159
f 2062/2214/2160 1999/2213/2159 1998/2208/2154 1994/2205/2151
f 1996/2209/2155 2000/2210/2156 2001/2215/2161 2012/2211/2157
f 2002/2212/2158 2004/2216/2162 2001/2215/2161 2000/2210/2156
f 2002/2212/2158 2003/2217/2163 2005/2218/2164 2004/2216/2162
f 2002/2212/2158 1999/2213/2159 2060/2219/2165 2003/2217/2163
f 2006/2220/2166 2004/2216/2162 2005/2218/2164 2008/2221/2167
f 2006/2220/2166 2009/2222/2168 2001/2215/2161 2004/2216/2162
f 2006/2220/2166 2007/2223/2169 2010/2224/2170 2009/2222/2168
f 2006/2220/2166 2008/2221/2167 2026/2225/2171 2007/2223/2169
f 2011/2226/2172 2009/2222/2168 2010/2224/2170 2014/2227/2173
f 2011/2226/2172 2012/2211/2157 2001/2215/2161 2009/2222/2168
f 2011/2226/2172 2013/2228/2174 1997/2207/2153 2012/2211/2157
f 2011/2226/2172 2014/2227/2173 2015/2229/2175 2013/2228/2174
f 2016/2230/2176 2017/2231/2177 2015/2229/2175 2014/2227/2173
f 2016/2230/2176 2014/2227/2173 2010/2224/2170 2019/2232/2178
f 2016/2230/2176 2018/2233/2179 2561/2234/2180 2017/2231/2177
f 2016/2230/2176 2019/2232/2178 2020/2235/2181 2018/2233/2179
f 2021/2236/2182 2022/2237/2183 2020/2235/2181 2019/2232/2178
f 2021/2236/2182 2019/2232/2178 2010/2224/2170 2007/2223/2169
f 2021/2236/2182 2023/2238/2184 2025/2239/2185 2022/2237/2183
f 2021/2236/2182 2007/2223/2169 2026/2225/2171 2023/2238/2184
f 2024/2240/2186 2023/2238/2184 2026/2225/2171 2027/2241/2187
f 2024/2240/2186 2462/2242/2188 2025/2239/2185 2023/2238/2184
f 2028/2243/2189 2027/2241/2187 2026/2225/2171 2008/2221/2167
f 2028/2243/2189 2031/2244/2190 2029/2245/2191 2027/2241/2187
f 2024/2240/2186 2027/2241/2187 2029/2245/2191 2030/2246/2192
f 2034/2247/2193 2030/2246/2192 2029/2245/2191 2032/2248/2194
f 2035/2249/2195 2032/2248/2194 2029/2245/2191 2031/2244/2190
f 2035/2249/2195 2036/2250/2196 2033/2251/2197 2032/2248/2194
f 2034/2247/2193 2032/2248/2194 2033/2251/2197 2468/2252/2198
f 2035/2249/2195 2037/2253/2199 2040/2254/2200 2036/2250/2196
f 2035/2249/2195 2031/2244/2190 2038/2255/2201 2037/2253/2199
f 2039/2256/2202 2037/2253/2199 2038/2255/2201 2057/2257/2203
f 2039/2256/2202 2042/2258/2204 2040/2254/2200 2037/2253/2199
f 2500/2259/2205 2036/2250/2196 2040/2254/2200 2041/2260/2206
f 2043/2261/2207 2041/2260/2206 2040/2254/2200 2042/2258/2204
f 2043/2261/2207 2042/2258/2204 2044/2262/2208 2045/2263/2209
f 2039/2256/2202 2046/2264/2210 2044/2262/2208 2042/2258/2204
f 2049/2265/2211 2045/2263/2209 2044/2262/2208 2047/2266/2212
f 2050/2267/2213 2047/2266/2212 2044/2262/2208 2046/2264/2210
f 2050/2267/2213 2051/2268/2214 2048/2269/2215 2047/2266/2212
f 2049/2265/2211 2047/2266/2212 2048/2269/2215 2503/2270/2216
f 2050/2267/2213 2052/2271/2217 2053/2272/2218 2051/2268/2214
f 2050/2267/2213 2046/2264/2210 2055/2273/2219 2052/2271/2217
f 2054/2274/2220 2065/2275/2221 2053/2272/2218 2052/2271/2217
f 2054/2274/2220 2052/2271/2217 2055/2273/2219 2056/2276/2222
f 2058/2277/2223 2056/2276/2222 2055/2273/2219 2057/2257/2203
f 2039/2256/2202 2057/2257/2203 2055/2273/2219 2046/2264/2210
f 2058/2277/2223 2057/2257/2203 2038/2255/2201 2059/2278/2224
f 2058/2277/2223 2003/2217/2163 2060/2219/2165 2056/2276/2222
f 2058/2277/2223 2059/2278/2224 2005/2218/2164 2003/2217/2163
f 2028/2243/2189 2008/2221/2167 2005/2218/2164 2059/2278/2224
f 2028/2243/2189 2059/2278/2224 2038/2255/2201 2031/2244/2190
f 2054/2274/2220 2056/2276/2222 2060/2219/2165 2061/2279/2225
f 2062/2214/2160 2061/2279/2225 2060/2219/2165 1999/2213/2159
f 2062/2214/2160 2064/2280/2226 2063/2281/2227 2061/2279/2225
f 2054/2274/2220 2061/2279/2225 2063/2281/2227 2065/2275/2221
f 2068/2282/2228 2066/2283/2229 2063/2281/2227 2064/2280/2226
f 2069/2284/2230 2065/2275/2221 2063/2281/2227 2066/2283/2229
f 2068/2282/2228 2868/2285/2231 2067/2286/2232 2066/2283/2229
f 2069/2284/2230 2066/2283/2229 2067/2286/2232 2071/2287/2233
f 2069/2284/2230 2070/2288/2234 2053/2272/2218 2065/2275/2221
f 2069/2284/2230 2071/2287/2233 2072/2289/2235 2070/2288/2234
f 2073/2290/2236 2074/2291/2237 2072/2289/2235 2071/2287/2233
f 2073/2290/2236 2071/2287/2233 2067/2286/2232 2076/2292/2238
f 2073/2290/2236 2075/2293/2239 2090/2294/2240 2074/2291/2237
f 2073/2290/2236 2076/2292/2238 2078/2295/2241 2075/2293/2239
f 2077/2296/2242 2076/2292/2238 2067/2286/2232 2868/2285/2231
f 2077/2296/2242 2080/2297/2243 2078/2295/2241 2076/2292/2238
f 2092/2298/2244 2075/2293/2239 2078/2295/2241 2079/2299/2245
f 2082/2300/2246 2079/2299/2245 2078/2295/2241 2080/2297/2243
f 2077/2296/2242 2866/2301/2247 2081/2302/2248 2080/2297/2243
f 2082/2300/2246 2080/2297/2243 2081/2302/2248 2083/2303/2249
f 2082/2300/2246 2083/2303/2249 2085/2304/2250 2084/2305/2251
f 2082/2300/2246 2084/2305/2251 2087/2306/2252 2079/2299/2245
f 2086/2307/2253 2084/2305/2251 2085/2304/2250 2873/2308/2254
f 2086/2307/2253 2088/2309/2255 2087/2306/2252 2084/2305/2251
f 2091/2310/2256 2089/2311/2257 2087/2306/2252 2088/2309/2255
f 2092/2298/2244 2079/2299/2245 2087/2306/2252 2089/2311/2257
f 2091/2310/2256 2094/2312/2258 2090/2294/2240 2089/2311/2257
f 2092/2298/2244 2089/2311/2257 2090/2294/2240 2075/2293/2239
f 2096/2313/2259 2094/2312/2258 2091/2310/2256 2093/2314/2260 2098/2315/2261
f 2093/2314/2260 2091/2310/2256 2088/2309/2255
f 2095/2316/2262 2074/2291/2237 2090/2294/2240 2094/2312/2258
f 2097/2317/2263 2099/2318/2264 2100/2319/2265 2095/2316/2262 2094/2312/2258 2096/2313/2259
s 0
f 2877/2320/2266 2875/2321/2266 2882/2322/2266 2883/2323/2266 2884/2324/2266 2885/2325/2266 2847/2326/2266 2846/2327/2266 2845/2328/2266 2843/2329/2266 2842/2330/2266 2840/2331/2266 2839/2332/2266 2838/2333/2266 2837/2334/2266 2836/2335/2266 2827/2336/2266 2830/2337/2266 2828/2338/2266 2829/2339/2266 2831/2340/2266 2835/2341/2266 2834/2342/2266 2794/2343/2266 2793/2344/2266 2792/2345/2266 2791/2346/2266 2789/2347/2266 2788/2348/2266 2784/2349/2266 2783/2350/2266 2782/2351/2266 2781/2352/2266 2779/2353/2266 2778/2354/2266 2777/2355/2266 2775/2356/2266 2774/2357/2266 2772/2358/2266 2771/2359/2266 2769/2360/2266 2768/2361/2266 2767/2362/2266 2766/2363/2266 2764/2364/2266 2765/2365/2266 2763/2366/2266 2900/2367/2266 2901/2368/2266 2902/2369/2266 2903/2370/2266 2905/2371/2266 2906/2372/2266 2907/2373/2266 2909/2374/2266 2910/2375/2266 2911/2376/2266 2912/2377/2266 2915/2378/2266 2916/2379/2266 2917/2380/2266 2717/2381/2266 2716/2382/2266 2715/2383/2266 2713/2384/2266 2712/2385/2266 2711/2386/2266 2709/2387/2266 2708/2388/2266 2706/2389/2266 2705/2390/2266 2704/2391/2266 2702/2392/2266 2701/2393/2266 2700/2394/2266 2699/2395/2266 2930/2396/2266 2696/2397/2266 2695/2398/2266 2931/2399/2266 2692/2400/2266 2932/2401/2266 2933/2402/2266 2934/2403/2266 2127/2404/2266 2126/2405/2266 2125/2406/2266 2124/2407/2266 2122/2408/2266 2120/2409/2266 2119/2410/2266 2117/2411/2266 2116/2412/2266 2114/2413/2266 2113/2414/2266 2111/2415/2266 2110/2416/2266 2109/2417/2266 2107/2418/2266 2106/2419/2266 2105/2420/2266 2103/2421/2266 2102/2422/2266 2101/2423/2266 2099/2424/2266 2097/2425/2266 2096/2426/2266 2098/2427/2266 2093/2428/2266 2881/2429/2266 2880/2430/2266 2879/2431/2266 2878/2432/2266 2876/2433/2266
s 1
f 2100/2319/2265 2099/2318/2264 2101/2434/2267
f 2102/2435/2268 2103/2436/2269 2104/2437/2270 2506/2438/2271 2100/2319/2265 2101/2434/2267
f 2104/2437/2270 2103/2436/2269 2105/2439/2272
f 2106/2440/2273 2107/2441/2274 2108/2442/2275 2504/2443/2276 2104/2437/2270 2105/2439/2272
f 2108/2442/2275 2107/2441/2274 2109/2444/2277
f 2110/2445/2278 2111/2446/2279 2112/2447/2280 2502/2448/2281 2108/2442/2275 2109/2444/2277
f 2113/2449/2282 2114/2450/2283 2115/2451/2284 2112/2447/2280 2111/2446/2279
f 2116/2452/2285 2117/2453/2286 2118/2454/2287 2115/2451/2284 2114/2450/2283
f 2119/2455/2288 2120/2456/2289 2121/2457/2290 2118/2454/2287 2117/2453/2286
f 2122/2458/2291 2123/2459/2292 2487/2460/2293 2121/2457/2290 2120/2456/2289
f 2123/2461/2292 2122/2462/2291 2124/2463/2294 2125/2464/2295
f 2125/2464/2295 2126/2465/2296 2128/2466/2297 2130/2467/2298 2123/2461/2292
f 2127/2468/2299 2934/2469/2300 2129/2470/2301 2128/2466/2297 2126/2465/2296
f 2133/2471/2302 2131/2472/2303 2128/2466/2297 2129/2470/2301
f 2134/2473/2304 2130/2467/2298 2128/2466/2297 2131/2472/2303
f 2133/2471/2302 2691/2129/2075 2132/2474/2305 2131/2472/2303
f 2134/2473/2304 2131/2472/2303 2132/2474/2305 2136/2475/2306
f 2134/2476/2304 2135/2477/2307 2486/2478/2308 2130/2479/2298
f 2134/2476/2304 2136/2480/2306 2137/2481/2309 2135/2477/2307
f 2138/2482/2310 2139/2483/2311 2137/2481/2309 2136/2480/2306
f 2138/2484/2310 2136/2475/2306 2132/2474/2305 2141/2124/2070
f 2138/2482/2310 2140/2485/2065 2142/2486/2312 2139/2483/2311
f 2138/2484/2310 2141/2124/2070 1923/2117/2063 2140/2119/2065
f 1927/2123/2069 2141/2124/2070 2132/2474/2305 2691/2129/2075
f 1919/2112/2057 2143/2113/2059 2142/2486/2312 2140/2485/2065
f 2147/2487/2313 2144/2488/2314 2142/2486/2312 2143/2113/2059
f 2146/2489/2315 2139/2483/2311 2142/2486/2312 2144/2488/2314
f 2147/2487/2313 2148/2490/2316 2145/2491/2317 2144/2488/2314
f 2146/2489/2315 2144/2488/2314 2145/2491/2317 2482/2492/2318
f 2147/2487/2313 2143/2113/2059 1914/2099/2049 1911/2098/2048
f 2147/2487/2313 1911/2098/2048 2149/2100/2050 2148/2490/2316
f 2150/2493/2319 2151/2494/2320 2145/2491/2317 2148/2490/2316
f 2150/2493/2319 2148/2490/2316 2149/2100/2050 2153/2495/2321
f 2150/2493/2319 2152/2496/2322 2510/2497/2323 2151/2494/2320
f 2150/2493/2319 2153/2495/2321 2154/2498/2324 2152/2496/2322
f 2155/2499/2325 2156/2500/2326 2154/2498/2324 2153/2495/2321
f 2155/2499/2325 2153/2495/2321 2149/2100/2050 1912/2096/2046
f 2155/2499/2325 2157/2501/2327 2158/2502/2328 2156/2500/2326
f 2155/2499/2325 1912/2096/2046 1908/2094/2044 2157/2501/2327
f 1899/2083/2033 2157/2501/2327 1908/2094/2044 1901/2084/2034
f 1899/2083/2033 2159/2085/2035 2158/2502/2328 2157/2501/2327
f 2162/2503/2329 2156/2500/2326 2158/2502/2328 2160/2504/2330
f 2163/2505/2331 2160/2504/2330 2158/2502/2328 2159/2085/2035
f 2163/2505/2331 2164/2506/2332 2161/2507/2333 2160/2504/2330
f 2162/2503/2329 2160/2504/2330 2161/2507/2333 2521/2508/2334
f 2163/2505/2331 2159/2085/2035 1894/2075/2025 1891/2074/2024
f 2163/2505/2331 1891/2074/2024 2165/2076/2026 2164/2506/2332
f 2166/2509/2335 2167/2510/2336 2161/2507/2333 2164/2506/2332
f 2166/2509/2335 2164/2506/2332 2165/2076/2026 2169/2511/2337
f 2166/2509/2335 2168/2512/2338 2522/2513/2339 2167/2510/2336
f 2166/2509/2335 2169/2511/2337 2170/2514/2340 2168/2512/2338
f 2171/2515/2341 2172/2516/2342 2170/2514/2340 2169/2511/2337
f 2171/2515/2341 2169/2511/2337 2165/2076/2026 1892/2072/2022
f 2171/2515/2341 2173/2517/2343 2174/2518/2344 2172/2516/2342
f 2171/2515/2341 1892/2072/2022 1888/2070/2020 2173/2517/2343
f 1879/2059/2009 2173/2517/2343 1888/2070/2020 1881/2060/2010
f 1879/2059/2009 2175/2061/2011 2174/2518/2344 2173/2517/2343
f 2178/2519/2345 2172/2516/2342 2174/2518/2344 2176/2520/2346
f 2179/2521/2347 2176/2520/2346 2174/2518/2344 2175/2061/2011
f 2179/2521/2347 2180/2522/2348 2177/2523/2349 2176/2520/2346
f 2178/2519/2345 2176/2520/2346 2177/2523/2349 2533/2524/2350
f 2179/2521/2347 2175/2061/2011 1874/2051/2001 1871/2050/2000
f 2179/2521/2347 1871/2050/2000 2181/2052/2002 2180/2522/2348
f 2182/2525/2351 2183/2526/2352 2177/2523/2349 2180/2522/2348
f 2182/2525/2351 2180/2522/2348 2181/2052/2002 2185/2527/2353
f 2182/2525/2351 2184/2528/2354 2536/2529/2355 2183/2526/2352
f 2182/2525/2351 2185/2527/2353 2186/2530/2356 2184/2528/2354
f 2187/2531/2357 2188/2532/2358 2186/2530/2356 2185/2527/2353
f 2187/2531/2357 2185/2527/2353 2181/2052/2002 1872/2048/1998
f 2187/2531/2357 2189/2533/2359 2190/2534/2360 2188/2532/2358
f 2187/2531/2357 1872/2048/1998 1868/2046/1996 2189/2533/2359
f 2191/2038/1988 2192/2535/2361 2190/2534/2360 2189/2533/2359
f 2191/2038/1988 2189/2533/2359 1868/2046/1996 1862/2039/1989
f 2191/2038/1988 2193/2536/2362 2194/2537/2363 2192/2535/2361
f 2191/2038/1988 1857/2033/1983 2195/2035/1985 2193/2536/2362
f 2196/2538/2364 2198/2539/2365 2194/2537/2363 2193/2536/2362
f 2196/2538/2364 2193/2536/2362 2195/2035/1985 2199/2540/2366
f 2196/2538/2364 2199/2540/2366 2201/2541/2367 2197/2542/2368
f 2196/2538/2364 2197/2542/2368 2686/2543/2369 2198/2539/2365
f 2200/2544/2370 2199/2540/2366 2195/2035/1985 1858/2031/1981
f 2200/2544/2370 2202/2545/2371 2201/2541/2367 2199/2540/2366
f 2206/2546/2372 2197/2542/2368 2201/2541/2367 2203/2547/2373
f 2204/1641/1603 2203/2547/2373 2201/2541/2367 2202/2545/2371
f 2204/1641/1603 1468/1642/1604 2205/1647/1609 2203/2547/2373
f 2206/2546/2372 2203/2547/2373 2205/1647/1609 2208/2548/2374
f 2206/2546/2372 2207/2549/2375 2686/2543/2369 2197/2542/2368
f 2206/2546/2372 2208/2548/2374 2209/2550/2376 2207/2549/2375
f 2210/2551/2377 2211/2552/2378 2209/2550/2376 2208/2548/2374
f 2210/2551/2377 2208/2548/2374 2205/1647/1609 1473/1646/1608
f 2210/2551/2377 2212/1667/1629 1495/1666/1628 2211/2552/2378
f 2210/2551/2377 1473/1646/1608 1475/1648/1610 2212/1667/1629
f 1491/1657/1619 2212/1667/1629 1475/1648/1610 1477/1651/1613
f 1504/1676/1638 2213/1678/1640 2209/2550/2376 2211/2552/2378
f 1504/1676/1638 2211/2552/2378 1495/1666/1628 1497/1665/1627
f 2214/2553/2379 2207/2549/2375 2209/2550/2376 2213/1678/1640
f 2214/2553/2379 2213/1678/1640 1505/1677/1639 2216/2554/2380
f 2214/2553/2379 2215/2555/2381 2686/2543/2369 2207/2549/2375
f 2214/2553/2379 2216/2554/2380 2217/2556/2382 2215/2555/2381
f 2218/2557/2383 2219/2558/2384 2217/2556/2382 2216/2554/2380
f 2218/2557/2383 2216/2554/2380 1505/1677/1639 1507/1679/1641
f 2218/2557/2383 1531/1706/1668 1533/1707/1669 2219/2558/2384
f 2218/2557/2383 1507/1679/1641 1509/1681/1643 1531/1706/1668
f 2220/2559/2385 2219/2558/2384 1533/1707/1669 1535/1709/1671
f 2220/2559/2385 2222/2560/2386 2217/2556/2382 2219/2558/2384
f 2220/2559/2385 1535/1709/1671 1539/1712/1674 2221/2561/2387
f 2220/2559/2385 2221/2561/2387 2223/2562/2388 2222/2560/2386
f 2224/2563/2389 2215/2555/2381 2217/2556/2382 2222/2560/2386
f 2224/2563/2389 2222/2560/2386 2223/2562/2388 2225/2564/2390
f 2224/2563/2389 2198/2539/2365 2686/2543/2369 2215/2555/2381
f 2224/2563/2389 2225/2564/2390 2194/2537/2363 2198/2539/2365
f 2226/2565/2391 2192/2535/2361 2194/2537/2363 2225/2564/2390
f 2226/2565/2391 2225/2564/2390 2223/2562/2388 2228/2566/2392
f 2226/2565/2391 2227/2567/2393 2190/2534/2360 2192/2535/2361
f 2226/2565/2391 2228/2566/2392 2230/2568/2394 2227/2567/2393
f 2229/2569/2395 2228/2566/2392 2223/2562/2388 2221/2561/2387
f 2229/2569/2395 2232/2570/2396 2230/2568/2394 2228/2566/2392
f 2541/2571/2397 2227/2567/2393 2230/2568/2394 2231/2572/2398
f 2234/2573/2399 2231/2572/2398 2230/2568/2394 2232/2570/2396
f 2229/2569/2395 1541/1716/1678 2233/1718/1680 2232/2570/2396
f 2234/2573/2399 2232/2570/2396 2233/1718/1680 2236/2574/2400
f 2234/2573/2399 2235/2575/2401 2542/2576/2402 2231/2572/2398
f 2234/2573/2399 2236/2574/2400 2238/2577/2403 2235/2575/2401
f 2237/2578/2404 2236/2574/2400 2233/1718/1680 1542/1717/1679
f 2237/2578/2404 2239/2579/2405 2238/2577/2403 2236/2574/2400
f 2243/2580/2406 2240/2581/2407 2238/2577/2403 2239/2579/2405
f 2241/2582/2408 2235/2575/2401 2238/2577/2403 2240/2581/2407
f 2241/2582/2408 2240/2581/2407 2242/2583/2409 2390/2584/2410
f 2243/2580/2406 2244/2585/2411 2242/2583/2409 2240/2581/2407
f 2243/2580/2406 2245/2586/2412 2247/2587/2413 2244/2585/2411
f 2243/2580/2406 2239/2579/2405 2248/2588/2414 2245/2586/2412
f 2246/2589/2415 2245/2586/2412 2248/2588/2414 2249/2590/2416
f 2246/2589/2415 2382/2591/2417 2247/2587/2413 2245/2586/2412
f 2251/2592/2418 2249/2590/2416 2248/2588/2414 2250/2593/2419
f 2237/2578/2404 2250/2593/2419 2248/2588/2414 2239/2579/2405
f 2237/2578/2404 1542/1717/1679 1544/1719/1681 2250/2593/2419
f 2251/2592/2418 2250/2593/2419 1544/1719/1681 1546/1721/1683
f 2251/2592/2418 1546/1721/1683 1549/1724/1686 2252/2594/2420
f 2251/2592/2418 2252/2594/2420 2254/2595/2421 2249/2590/2416
f 2253/2596/2422 2252/2594/2420 1549/1724/1686 2272/1727/1689
f 2253/2596/2422 2255/2597/2423 2254/2595/2421 2252/2594/2420
f 2258/2598/2424 2256/2599/2425 2254/2595/2421 2255/2597/2423
f 2246/2589/2415 2249/2590/2416 2254/2595/2421 2256/2599/2425
f 2246/2589/2415 2256/2599/2425 2257/2600/2426 2382/2591/2417
f 2258/2598/2424 2259/2601/2427 2257/2600/2426 2256/2599/2425
f 2258/2598/2424 2260/2602/2428 2262/2603/2429 2259/2601/2427
f 2258/2598/2424 2255/2597/2423 2263/2604/2430 2260/2602/2428
f 2261/2605/2431 2260/2602/2428 2263/2604/2430 2265/2606/2432
f 2261/2605/2431 2372/2607/2433 2262/2603/2429 2260/2602/2428
f 2253/2596/2422 2264/2608/2434 2263/2604/2430 2255/2597/2423
f 2267/2609/2435 2265/2606/2432 2263/2604/2430 2264/2608/2434
f 2261/2605/2431 2265/2606/2432 2266/2610/2436 2277/2611/2437
f 2267/2609/2435 2268/2612/2438 2266/2610/2436 2265/2606/2432
f 2267/2609/2435 2269/2613/2439 2270/2614/2440 2268/2612/2438
f 2267/2609/2435 2264/2608/2434 2271/2615/2441 2269/2613/2439
f 1559/1735/1697 2269/2613/2439 2271/2615/2441 1556/1733/1695
f 1559/1735/1697 1562/1739/1701 2270/2614/2440 2269/2613/2439
f 1550/1726/1688 1556/1733/1695 2271/2615/2441 2272/1727/1689
f 2253/2596/2422 2272/1727/1689 2271/2615/2441 2264/2608/2434
f 1575/1741/1703 1578/1757/1719 2270/2614/2440 1562/1739/1701
f 2273/1758/1720 2268/2612/2438 2270/2614/2440 1578/1757/1719
f 2273/1758/1720 2274/2616/2442 2266/2610/2436 2268/2612/2438
f 2273/1758/1720 1577/1759/1721 2275/2617/2443 2274/2616/2442
f 2276/2618/2444 2274/2616/2442 2275/2617/2443 2279/2619/2445
f 2276/2618/2444 2277/2611/2437 2266/2610/2436 2274/2616/2442
f 2276/2618/2444 2278/2620/2446 2371/2621/2447 2277/2611/2437
f 2276/2618/2444 2279/2619/2445 2281/2622/2448 2278/2620/2446
f 2280/2623/2449 2279/2619/2445 2275/2617/2443 2296/2624/2450
f 2280/2623/2449 2283/2625/2451 2281/2622/2448 2279/2619/2445
f 2366/2626/2452 2278/2620/2446 2281/2622/2448 2282/2627/2453
f 2284/2628/2454 2282/2627/2453 2281/2622/2448 2283/2625/2451
f 2284/2628/2454 2283/2625/2451 2285/2629/2455 2286/2630/2456
f 2280/2623/2449 2287/2631/2457 2285/2629/2455 2283/2625/2451
f 2290/2632/2458 2286/2630/2456 2285/2629/2455 2288/2633/2459
f 2291/2634/2460 2288/2633/2459 2285/2629/2455 2287/2631/2457
f 2291/2634/2460 2292/2635/2461 2289/2636/2462 2288/2633/2459
f 2290/2632/2458 2288/2633/2459 2289/2636/2462 2322/2637/2463
f 2291/2634/2460 2287/2631/2457 2295/2638/2464 2293/2639/2465
f 2291/2634/2460 2293/2639/2465 2294/2640/2466 2292/2635/2461
f 1586/1764/1726 2297/1769/1731 2294/2640/2466 2293/2639/2465
f 1586/1764/1726 2293/2639/2465 2295/2638/2464 1582/1762/1724
f 1580/1760/1722 1582/1762/1724 2295/2638/2464 2296/2624/2450
f 2280/2623/2449 2296/2624/2450 2295/2638/2464 2287/2631/2457
f 1580/1760/1722 2296/2624/2450 2275/2617/2443 1577/1759/1721
f 2299/2641/2467 2292/2635/2461 2294/2640/2466 2298/2642/2468
f 2301/2643/2469 2298/2642/2468 2294/2640/2466 2297/1769/1731
f 2299/2644/2467 2298/2645/2468 2300/2646/2470 2316/2647/2471
f 2301/2648/2469 2302/2649/2472 2300/2646/2470 2298/2645/2468
f 2301/2648/2469 2303/2650/2473 2305/1977/1927 2302/2649/2472
f 2301/2643/2469 2297/1769/1731 1585/1768/1730 2303/2651/2473
f 2304/2652/1922 2303/2651/2473 1585/1768/1730 1588/1767/1729
f 2304/1972/1922 1804/1973/1923 2305/1977/1927 2303/2650/2473
f 2306/2653/2474 2302/2649/2472 2305/1977/1927 1807/1976/1926
f 2304/2652/1922 1588/1767/1729 1591/1772/1734 1803/2654/1921
f 2306/2653/2474 2307/2655/2475 2300/2646/2470 2302/2649/2472
f 2306/2653/2474 2308/2656/2476 2310/2657/2477 2307/2655/2475
f 2306/2653/2474 1807/1976/1926 1809/1978/1928 2308/2656/2476
f 2309/2658/2478 2308/2656/2476 1809/1978/1928 1811/1980/1930
f 2309/2658/2478 2312/2659/2479 2310/2657/2477 2308/2656/2476
f 2315/2660/2480 2307/2655/2475 2310/2657/2477 2311/2661/2481
f 2313/2662/2482 2311/2661/2481 2310/2657/2477 2312/2659/2479
f 2313/2662/2482 2312/2659/2479 1884/2065/2015 1886/2067/2017
f 2309/2658/2478 2658/2066/2016 1884/2065/2015 2312/2659/2479
f 2313/2662/2482 1896/2079/2029 2314/2081/2031 2311/2661/2481
f 2313/2662/2482 1886/2067/2017 1889/2069/2019 1896/2079/2029
f 2315/2660/2480 2311/2661/2481 2314/2081/2031 2317/2663/2483
f 2315/2660/2480 2316/2647/2471 2300/2646/2470 2307/2655/2475
f 2315/2660/2480 2317/2663/2483 2318/2664/2484 2316/2647/2471
f 1903/2088/2038 2317/2663/2483 2314/2081/2031 1897/2080/2030
f 1903/2088/2038 2319/2090/2040 2318/2664/2484 2317/2663/2483
f 2321/2665/2485 2320/2666/2486 2318/2664/2484 2319/2090/2040
f 2299/2644/2467 2316/2647/2471 2318/2664/2484 2320/2666/2486
f 2321/2667/2485 2322/2637/2463 2289/2636/2462 2320/2668/2486
f 2299/2641/2467 2320/2668/2486 2289/2636/2462 2292/2635/2461
f 2321/2665/2485 2319/2090/2040 1904/2089/2039 2323/2669/2487
f 2321/2667/2485 2323/2670/2487 2325/2671/2488 2322/2637/2463
f 2324/2672/2489 2326/2673/2490 2325/2671/2488 2323/2670/2487
f 2324/2674/2489 2323/2669/2487 1904/2089/2039 1906/2091/2041
f 2329/2675/2491 2327/2676/2492 2325/2671/2488 2326/2673/2490
f 2290/2632/2458 2322/2637/2463 2325/2671/2488 2327/2676/2492
f 2290/2632/2458 2327/2676/2492 2328/2677/2493 2286/2630/2456
f 2329/2675/2491 2330/2678/2494 2328/2677/2493 2327/2676/2492
f 2329/2675/2491 2331/2679/2495 2333/2680/2496 2330/2678/2494
f 2329/2675/2491 2326/2673/2490 2332/2106/2055 2331/2679/2495
f 2334/2114/2060 2331/2679/2495 2332/2106/2055 1917/2105/2054
f 2334/2114/2060 2335/2681/2497 2333/2680/2496 2331/2679/2495
f 2334/2114/2060 1921/2115/2061 2336/2121/2067 2335/2681/2497
f 2337/2682/2498 2335/2681/2497 2336/2121/2067 2340/2683/2499
f 2337/2682/2498 2338/2684/2500 2333/2680/2496 2335/2681/2497
f 2337/2682/2498 2339/2685/2501 2360/2686/2502 2338/2684/2500
f 2337/2682/2498 2340/2683/2499 2342/2687/2503 2339/2685/2501
f 2341/2126/2072 2344/2688/2504 2342/2687/2503 2340/2683/2499
f 2341/2126/2072 2340/2683/2499 2336/2121/2067 1925/2120/2066
f 2353/2689/2505 2339/2685/2501 2342/2687/2503 2343/2690/2506
f 2345/2691/2507 2343/2690/2506 2342/2687/2503 2344/2688/2504
f 2345/2691/2507 2344/2688/2504 1935/2134/2080 2346/2136/2082
f 2341/2126/2072 1929/2127/2073 1935/2134/2080 2344/2688/2504
f 2345/2691/2507 2346/2136/2082 2349/2692/2508 2347/2693/2509
f 2345/2691/2507 2347/2693/2509 2350/2694/2510 2343/2690/2506
f 2348/2695/2511 2351/2696/2512 2350/2694/2510 2347/2693/2509
f 2348/2695/2511 2347/2693/2509 2349/2692/2508 2628/2697/2513
f 2353/2689/2505 2343/2690/2506 2350/2694/2510 2352/2698/2514
f 2354/2699/2515 2352/2698/2514 2350/2694/2510 2351/2696/2512
f 2353/2689/2505 2352/2698/2514 2355/2700/2516 2358/2701/2517
f 2354/2699/2515 2357/2702/2518 2355/2700/2516 2352/2698/2514
f 2359/2703/2519 2358/2701/2517 2355/2700/2516 2356/2704/2520
f 2637/2705/2521 2356/2704/2520 2355/2700/2516 2357/2702/2518
f 2353/2689/2505 2358/2701/2517 2360/2686/2502 2339/2685/2501
f 2359/2703/2519 2361/2706/2522 2360/2686/2502 2358/2701/2517
f 2362/2707/2523 2338/2684/2500 2360/2686/2502 2361/2706/2522
f 2362/2707/2523 2361/2706/2522 2363/2708/2524 2365/2709/2525
f 2359/2703/2519 2364/2710/2526 2363/2708/2524 2361/2706/2522
f 2366/2626/2452 2282/2627/2453 2363/2708/2524 2364/2710/2526
f 2284/2628/2454 2365/2709/2525 2363/2708/2524 2282/2627/2453
f 2362/2707/2523 2365/2709/2525 2328/2677/2493 2330/2678/2494
f 2284/2628/2454 2286/2630/2456 2328/2677/2493 2365/2709/2525
f 2366/2626/2452 2364/2710/2526 2367/2711/2527 2369/2712/2528
f 2359/2703/2519 2356/2704/2520 2367/2711/2527 2364/2710/2526
f 2637/2705/2521 2368/2713/2529 2367/2711/2527 2356/2704/2520
f 2370/2714/2530 2369/2712/2528 2367/2711/2527 2368/2713/2529
f 2366/2626/2452 2369/2712/2528 2371/2621/2447 2278/2620/2446
f 2370/2714/2530 2372/2607/2433 2371/2621/2447 2369/2712/2528
f 2261/2605/2431 2277/2611/2437 2371/2621/2447 2372/2607/2433
f 2370/2714/2530 2373/2715/2531 2262/2603/2429 2372/2607/2433
f 2370/2714/2530 2368/2713/2529 2374/2716/2532 2373/2715/2531
f 2375/2717/2533 2373/2715/2531 2374/2716/2532 2376/2718/2534
f 2375/2717/2533 2259/2601/2427 2262/2603/2429 2373/2715/2531
f 2375/2717/2533 2376/2718/2534 2378/2719/2535 2377/2720/2536
f 2375/2717/2533 2377/2720/2536 2257/2600/2426 2259/2601/2427
f 2379/2721/2537 2377/2720/2536 2378/2719/2535 2380/2722/2538
f 2379/2721/2537 2382/2591/2417 2257/2600/2426 2377/2720/2536
f 2379/2721/2537 2380/2722/2538 2383/2723/2539 2381/2724/2540
f 2379/2721/2537 2381/2724/2540 2247/2587/2413 2382/2591/2417
f 2384/2725/2541 2381/2724/2540 2383/2723/2539 2385/2726/2542
f 2384/2725/2541 2244/2585/2411 2247/2587/2413 2381/2724/2540
f 2384/2725/2541 2385/2726/2542 2387/2727/2543 2386/2728/2544
f 2384/2725/2541 2386/2728/2544 2242/2583/2409 2244/2585/2411
f 2388/2729/2545 2386/2728/2544 2387/2727/2543 2389/2730/2546
f 2388/2729/2545 2390/2584/2410 2242/2583/2409 2386/2728/2544
f 2388/2729/2545 2389/2730/2546 2394/2731/2547 2391/2732/2548
f 2388/2729/2545 2391/2732/2548 2393/2733/2549 2390/2584/2410
f 2392/2734/2550 2537/2735/2551 2393/2733/2549 2391/2732/2548
f 2392/2734/2550 2391/2732/2548 2394/2731/2547 2396/2736/2552
f 2406/2737/2553 2395/2738/2554 2394/2731/2547 2389/2730/2546
f 2398/2739/2555 2396/2736/2552 2394/2731/2547 2395/2738/2554
f 2392/2734/2550 2396/2736/2552 2397/2740/2556 2535/2741/2557
f 2398/2739/2555 2399/2742/2558 2397/2740/2556 2396/2736/2552
f 2398/2739/2555 2400/2743/2559 2401/2744/2560 2399/2742/2558
f 2398/2739/2555 2395/2738/2554 2403/2745/2561 2400/2743/2559
f 2402/2746/2562 2547/2747/2563 2401/2744/2560 2400/2743/2559
f 2402/2746/2562 2400/2743/2559 2403/2745/2561 2404/2748/2564
f 2408/2749/2565 2404/2748/2564 2403/2745/2561 2405/2750/2566
f 2406/2737/2553 2405/2750/2566 2403/2745/2561 2395/2738/2554
f 2406/2737/2553 2650/2751/2567 2407/2752/2568 2405/2750/2566
f 2408/2749/2565 2405/2750/2566 2407/2752/2568 2410/2753/2569
f 2408/2749/2565 2409/2754/2570 2550/2755/2571 2404/2748/2564
f 2408/2749/2565 2410/2753/2569 2412/2756/2572 2409/2754/2570
f 2411/2757/2573 2410/2753/2569 2407/2752/2568 2648/2758/2574
f 2411/2757/2573 2413/2759/2575 2412/2756/2572 2410/2753/2569
f 2416/2760/2576 2414/2761/2577 2412/2756/2572 2413/2759/2575
f 2415/2762/2578 2409/2754/2570 2412/2756/2572 2414/2761/2577
f 2415/2762/2578 2414/2761/2577 2417/2763/2579 2420/2764/2580
f 2416/2760/2576 2418/2765/2581 2417/2763/2579 2414/2761/2577
f 2601/2766/2582 2419/2767/2583 2417/2763/2579 2418/2765/2581
f 2421/2768/2584 2420/2764/2580 2417/2763/2579 2419/2767/2583
f 2421/2768/2584 2424/2769/2585 2422/2770/2586 2420/2764/2580
f 2415/2762/2578 2420/2764/2580 2422/2770/2586 2423/2771/2587
f 2427/2772/2588 2423/2771/2587 2422/2770/2586 2425/2773/2589
f 2426/2774/2590 2425/2773/2589 2422/2770/2586 2424/2769/2585
f 2426/2774/2590 2429/2775/2591 2428/2776/2592 2425/2773/2589
f 2427/2772/2588 2425/2773/2589 2428/2776/2592 2430/2777/2593
f 2432/2778/2594 2431/2779/2595 2428/2776/2592 2429/2775/2591
f 2433/2780/2596 2430/2777/2593 2428/2776/2592 2431/2779/2595
f 2432/2778/2594 2436/2781/2597 2434/2782/2598 2431/2779/2595
f 2433/2780/2596 2431/2779/2595 2434/2782/2598 2435/2783/2599
f 2439/2784/2600 2435/2783/2599 2434/2782/2598 2437/2785/2601
f 2438/2786/2602 2437/2785/2601 2434/2782/2598 2436/2781/2597
f 2438/2786/2602 2443/2787/2603 2440/2788/2604 2437/2785/2601
f 2439/2784/2600 2437/2785/2601 2440/2788/2604 2441/2789/2605
f 2516/2790/2606 2441/2789/2605 2440/2788/2604 2442/2791/2607
f 2445/2792/2608 2442/2791/2607 2440/2788/2604 2443/2787/2603
f 2438/2786/2602 2588/2793/2609 2444/2794/2610 2443/2787/2603
f 2445/2792/2608 2443/2787/2603 2444/2794/2610 2446/2795/2611
f 2445/2792/2608 2446/2795/2611 2450/2796/2612 2447/2797/2613
f 2445/2792/2608 2447/2797/2613 2448/2798/2614 2442/2791/2607
f 2449/2799/2615 2511/2800/2616 2448/2798/2614 2447/2797/2613
f 2449/2799/2615 2447/2797/2613 2450/2796/2612 2451/2801/2617
f 2454/2802/2618 2451/2801/2617 2450/2796/2612 2452/2803/2619
f 2453/2804/2620 2452/2803/2619 2450/2796/2612 2446/2795/2611
f 2453/2804/2620 2458/2805/2621 2455/2806/2622 2452/2803/2619
f 2454/2802/2618 2452/2803/2619 2455/2806/2622 2457/2807/2623
f 2465/2808/2624 2457/2807/2623 2455/2806/2622 2456/2809/2625
f 2460/2810/2626 2456/2809/2625 2455/2806/2622 2458/2805/2621
f 2453/2804/2620 2591/2811/2627 2459/2812/2628 2458/2805/2621
f 2460/2810/2626 2458/2805/2621 2459/2812/2628 2461/2813/2629
f 2460/2810/2626 2461/2813/2629 2025/2239/2185 2462/2242/2188
f 2460/2810/2626 2462/2242/2188 2463/2814/2630 2456/2809/2625
f 2024/2240/2186 2030/2246/2192 2463/2814/2630 2462/2242/2188
f 2034/2247/2193 2464/2815/2631 2463/2814/2630 2030/2246/2192
f 2465/2808/2624 2456/2809/2625 2463/2814/2630 2464/2815/2631
f 2465/2808/2624 2464/2815/2631 2466/2816/2632 2469/2817/2633
f 2034/2247/2193 2468/2252/2198 2466/2816/2632 2464/2815/2631
f 2470/2818/2634 2469/2817/2633 2466/2816/2632 2467/2819/2635
f 2493/2820/2636 2467/2819/2635 2466/2816/2632 2468/2252/2198
f 2465/2808/2624 2469/2817/2633 2471/2821/2637 2457/2807/2623
f 2470/2818/2634 2473/2822/2638 2471/2821/2637 2469/2817/2633
f 2454/2802/2618 2457/2807/2623 2471/2821/2637 2472/2823/2639
f 2475/2824/2640 2472/2823/2639 2471/2821/2637 2473/2822/2638
f 2470/2818/2634 2488/2825/2641 2474/2826/2642 2473/2822/2638
f 2475/2824/2640 2473/2822/2638 2474/2826/2642 2476/2827/2643
f 2475/2824/2640 2477/2828/2644 2478/2829/2645 2472/2823/2639
f 2475/2824/2640 2476/2827/2643 2480/2830/2646 2477/2828/2644
f 2479/2831/2647 2509/2832/2648 2478/2829/2645 2477/2828/2644
f 2479/2831/2647 2477/2828/2644 2480/2830/2646 2482/2492/2318
f 2483/2833/2649 2481/2834/2650 2480/2830/2646 2476/2827/2643
f 2146/2489/2315 2482/2492/2318 2480/2830/2646 2481/2834/2650
f 2479/2831/2647 2482/2492/2318 2145/2491/2317 2151/2494/2320
f 2483/2833/2649 2135/2477/2307 2137/2481/2309 2481/2834/2650
f 2146/2489/2315 2481/2834/2650 2137/2481/2309 2139/2483/2311
f 2483/2833/2649 2476/2827/2643 2474/2826/2642 2484/2835/2651
f 2483/2833/2649 2484/2835/2651 2486/2478/2308 2135/2477/2307
f 2485/2836/2652 2487/2460/2293 2486/2478/2308 2484/2835/2651
f 2485/2836/2652 2484/2835/2651 2474/2826/2642 2488/2825/2641
f 2123/2459/2292 2130/2479/2298 2486/2478/2308 2487/2460/2293
f 2485/2836/2652 2489/2837/2653 2121/2457/2290 2487/2460/2293
f 2485/2836/2652 2488/2825/2641 2491/2838/2654 2489/2837/2653
f 2490/2839/2655 2118/2454/2287 2121/2457/2290 2489/2837/2653
f 2490/2839/2655 2489/2837/2653 2491/2838/2654 2492/2840/2656
f 2470/2818/2634 2467/2819/2635 2491/2838/2654 2488/2825/2641
f 2493/2820/2636 2492/2840/2656 2491/2838/2654 2467/2819/2635
f 2490/2839/2655 2492/2840/2656 2494/2841/2657 2495/2842/2658
f 2493/2820/2636 2496/2843/2659 2494/2841/2657 2492/2840/2656
f 2499/2844/2660 2495/2842/2658 2494/2841/2657 2497/2845/2661
f 2500/2259/2205 2497/2845/2661 2494/2841/2657 2496/2843/2659
f 2500/2259/2205 2041/2260/2206 2498/2846/2662 2497/2845/2661
f 2499/2844/2660 2497/2845/2661 2498/2846/2662 2501/2847/2663
f 2500/2259/2205 2496/2843/2659 2033/2251/2197 2036/2250/2196
f 2499/2844/2660 2112/2447/2280 2115/2451/2284 2495/2842/2658
f 2499/2844/2660 2501/2847/2663 2502/2448/2281 2112/2447/2280
f 2049/2265/2211 2503/2270/2216 2502/2448/2281 2501/2847/2663
f 2049/2265/2211 2501/2847/2663 2498/2846/2662 2045/2263/2209
f 2504/2443/2276 2108/2442/2275 2502/2448/2281 2503/2270/2216
f 2504/2443/2276 2503/2270/2216 2048/2269/2215 2505/2848/2664
f 2504/2443/2276 2505/2848/2664 2506/2438/2271 2104/2437/2270
f 2507/2849/2665 2508/2850/2666 2506/2438/2271 2505/2848/2664
f 2507/2849/2665 2505/2848/2664 2048/2269/2215 2051/2268/2214
f 2507/2849/2665 2070/2288/2234 2072/2289/2235 2508/2850/2666
f 2507/2849/2665 2051/2268/2214 2053/2272/2218 2070/2288/2234
f 2095/2316/2262 2508/2850/2666 2072/2289/2235 2074/2291/2237
f 2095/2316/2262 2100/2319/2265 2506/2438/2271 2508/2850/2666
f 2043/2261/2207 2045/2263/2209 2498/2846/2662 2041/2260/2206
f 2493/2820/2636 2468/2252/2198 2033/2251/2197 2496/2843/2659
f 2490/2839/2655 2495/2842/2658 2115/2451/2284 2118/2454/2287
f 2479/2831/2647 2151/2494/2320 2510/2497/2323 2509/2832/2648
f 2449/2799/2615 2451/2801/2617 2478/2829/2645 2509/2832/2648
f 2449/2799/2615 2509/2832/2648 2510/2497/2323 2511/2800/2616
f 2512/2851/2667 2511/2800/2616 2510/2497/2323 2152/2496/2322
f 2512/2851/2667 2514/2852/2668 2448/2798/2614 2511/2800/2616
f 2512/2851/2667 2152/2496/2322 2154/2498/2324 2513/2853/2669
f 2512/2851/2667 2513/2853/2669 2515/2854/2670 2514/2852/2668
f 2516/2790/2606 2442/2791/2607 2448/2798/2614 2514/2852/2668
f 2516/2790/2606 2514/2852/2668 2515/2854/2670 2517/2855/2671
f 2516/2790/2606 2517/2855/2671 2518/2856/2672 2441/2789/2605
f 2519/2857/2673 2520/2858/2674 2518/2856/2672 2517/2855/2671
f 2519/2857/2673 2517/2855/2671 2515/2854/2670 2521/2508/2334
f 2519/2857/2673 2167/2510/2336 2522/2513/2339 2520/2858/2674
f 2519/2857/2673 2521/2508/2334 2161/2507/2333 2167/2510/2336
f 2162/2503/2329 2521/2508/2334 2515/2854/2670 2513/2853/2669
f 2523/2859/2675 2524/2860/2676 2518/2856/2672 2520/2858/2674
f 2523/2859/2675 2520/2858/2674 2522/2513/2339 2526/2861/2677
f 2523/2859/2675 2525/2862/2678 2551/2863/2679 2524/2860/2676
f 2523/2859/2675 2526/2861/2677 2527/2864/2680 2525/2862/2678
f 2528/2865/2681 2529/2866/2682 2527/2864/2680 2526/2861/2677
f 2528/2865/2681 2526/2861/2677 2522/2513/2339 2168/2512/2338
f 2528/2865/2681 2168/2512/2338 2170/2514/2340 2530/2867/2683
f 2528/2865/2681 2530/2867/2683 2531/2868/2684 2529/2866/2682
f 2178/2519/2345 2533/2524/2350 2531/2868/2684 2530/2867/2683
f 2178/2519/2345 2530/2867/2683 2170/2514/2340 2172/2516/2342
f 2543/2869/2685 2529/2866/2682 2531/2868/2684 2532/2870/2686
f 2534/2871/2687 2532/2870/2686 2531/2868/2684 2533/2524/2350
f 2534/2871/2687 2533/2524/2350 2177/2523/2349 2183/2526/2352
f 2534/2871/2687 2535/2741/2557 2397/2740/2556 2532/2870/2686
f 2534/2871/2687 2183/2526/2352 2536/2529/2355 2535/2741/2557
f 2392/2734/2550 2535/2741/2557 2536/2529/2355 2537/2735/2551
f 2538/2872/2688 2537/2735/2551 2536/2529/2355 2184/2528/2354
f 2538/2872/2688 2539/2873/2689 2393/2733/2549 2537/2735/2551
f 2538/2872/2688 2184/2528/2354 2186/2530/2356 2540/2874/2690
f 2538/2872/2688 2540/2874/2690 2542/2576/2402 2539/2873/2689
f 2541/2571/2397 2540/2874/2690 2186/2530/2356 2188/2532/2358
f 2541/2571/2397 2231/2572/2398 2542/2576/2402 2540/2874/2690
f 2241/2582/2408 2539/2873/2689 2542/2576/2402 2235/2575/2401
f 2541/2571/2397 2188/2532/2358 2190/2534/2360 2227/2567/2393
f 2241/2582/2408 2390/2584/2410 2393/2733/2549 2539/2873/2689
f 2543/2869/2685 2532/2870/2686 2397/2740/2556 2399/2742/2558
f 2543/2869/2685 2544/2875/2691 2527/2864/2680 2529/2866/2682
f 2543/2869/2685 2399/2742/2558 2401/2744/2560 2544/2875/2691
f 2545/2876/2692 2544/2875/2691 2401/2744/2560 2547/2747/2563
f 2545/2876/2692 2525/2862/2678 2527/2864/2680 2544/2875/2691
f 2545/2876/2692 2546/2877/2693 2551/2863/2679 2525/2862/2678
f 2545/2876/2692 2547/2747/2563 2548/2878/2694 2546/2877/2693
f 2402/2746/2562 2549/2879/2695 2548/2878/2694 2547/2747/2563
f 2427/2772/2588 2430/2777/2593 2548/2878/2694 2549/2879/2695
f 2433/2780/2596 2546/2877/2693 2548/2878/2694 2430/2777/2593
f 2402/2746/2562 2404/2748/2564 2550/2755/2571 2549/2879/2695
f 2427/2772/2588 2549/2879/2695 2550/2755/2571 2423/2771/2587
f 2415/2762/2578 2423/2771/2587 2550/2755/2571 2409/2754/2570
f 2433/2780/2596 2435/2783/2599 2551/2863/2679 2546/2877/2693
f 2439/2784/2600 2524/2860/2676 2551/2863/2679 2435/2783/2599
f 2439/2784/2600 2441/2789/2605 2518/2856/2672 2524/2860/2676
f 2162/2503/2329 2513/2853/2669 2154/2498/2324 2156/2500/2326
f 2454/2802/2618 2472/2823/2639 2478/2829/2645 2451/2801/2617
f 2552/2880/2696 2022/2237/2183 2025/2239/2185 2461/2813/2629
f 2552/2880/2696 2461/2813/2629 2459/2812/2628 2553/2881/2697
f 2552/2880/2696 2553/2881/2697 2555/2882/2698 2554/2883/2699
f 2552/2880/2696 2554/2883/2699 2020/2235/2181 2022/2237/2183
f 2556/2884/2700 2554/2883/2699 2555/2882/2698 2557/2885/2701
f 2556/2884/2700 2018/2233/2179 2020/2235/2181 2554/2883/2699
f 2556/2884/2700 2557/2885/2701 2559/2886/2702 2558/2887/2703
f 2556/2884/2700 2558/2887/2703 2561/2234/2180 2018/2233/2179
f 2560/2888/2704 2558/2887/2703 2559/2886/2702 2579/2889/2705
f 2560/2888/2704 2562/2890/2706 2561/2234/2180 2558/2887/2703
f 2564/2891/2707 2017/2231/2177 2561/2234/2180 2562/2890/2706
f 2560/2888/2704 2576/2892/2708 2563/2893/2709 2562/2890/2706
f 2564/2891/2707 2562/2890/2706 2563/2893/2709 2565/2894/2710
f 2564/2891/2707 2565/2894/2710 2568/2895/2711 2566/2896/2712
f 2564/2891/2707 2566/2896/2712 2015/2229/2175 2017/2231/2177
f 2567/2897/2713 2566/2896/2712 2568/2895/2711 2569/2898/2714
f 2567/2897/2713 2013/2228/2174 2015/2229/2175 2566/2896/2712
f 2570/2186/2132 1977/2187/2133 2568/2895/2711 2565/2894/2710
f 1979/2188/2134 2569/2898/2714 2568/2895/2711 1977/2187/2133
f 1979/2188/2134 1982/2191/2137 1990/2202/2148 2569/2898/2714
f 2567/2897/2713 2569/2898/2714 1990/2202/2148 1993/2204/2150
f 2567/2897/2713 1993/2204/2150 1997/2207/2153 2013/2228/2174
f 2570/2186/2132 2565/2894/2710 2563/2893/2709 2571/2899/2715
f 2570/2186/2132 2571/2899/2715 2572/2181/2127 1973/2180/2126
f 2573/2900/2716 2575/2901/2717 2572/2181/2127 2571/2899/2715
f 2573/2900/2716 2571/2899/2715 2563/2893/2709 2576/2892/2708
f 2573/2900/2716 2576/2892/2708 2577/2902/2718 2574/2903/2719
f 2573/2900/2716 2574/2903/2719 2596/2904/2720 2575/2901/2717
f 2560/2888/2704 2579/2889/2705 2577/2902/2718 2576/2892/2708
f 2580/2905/2721 2578/2906/2722 2577/2902/2718 2579/2889/2705
f 2594/2907/2723 2574/2903/2719 2577/2902/2718 2578/2906/2722
f 2580/2905/2721 2579/2889/2705 2559/2886/2702 2581/2908/2724
f 2580/2905/2721 2581/2908/2724 2584/2909/2725 2582/2910/2726
f 2580/2905/2721 2582/2910/2726 2583/2911/2727 2578/2906/2722
f 2426/2774/2590 2582/2910/2726 2584/2909/2725 2429/2775/2591
f 2426/2774/2590 2424/2769/2585 2583/2911/2727 2582/2910/2726
f 2586/2912/2728 2585/2913/2729 2584/2909/2725 2581/2908/2724
f 2432/2778/2594 2429/2775/2591 2584/2909/2725 2585/2913/2729
f 2586/2912/2728 2589/2914/2730 2587/2915/2731 2585/2913/2729
f 2432/2778/2594 2585/2913/2729 2587/2915/2731 2436/2781/2597
f 2438/2786/2602 2436/2781/2597 2587/2915/2731 2588/2793/2609
f 2590/2916/2732 2588/2793/2609 2587/2915/2731 2589/2914/2730
f 2590/2916/2732 2589/2914/2730 2555/2882/2698 2553/2881/2697
f 2586/2912/2728 2557/2885/2701 2555/2882/2698 2589/2914/2730
f 2590/2916/2732 2591/2811/2627 2444/2794/2610 2588/2793/2609
f 2590/2916/2732 2553/2881/2697 2459/2812/2628 2591/2811/2627
f 2453/2804/2620 2446/2795/2611 2444/2794/2610 2591/2811/2627
f 2586/2912/2728 2581/2908/2724 2559/2886/2702 2557/2885/2701
f 2594/2907/2723 2578/2906/2722 2583/2911/2727 2592/2917/2733
f 2421/2768/2584 2592/2917/2733 2583/2911/2727 2424/2769/2585
f 2421/2768/2584 2419/2767/2583 2593/2918/2734 2592/2917/2733
f 2594/2907/2723 2592/2917/2733 2593/2918/2734 2595/2919/2735
f 2594/2907/2723 2595/2919/2735 2596/2904/2720 2574/2903/2719
f 2597/2920/2736 2598/2921/2737 2596/2904/2720 2595/2919/2735
f 2597/2920/2736 2595/2919/2735 2593/2918/2734 2600/2922/2738
f 2597/2920/2736 2599/2923/2739 2624/2924/2740 2598/2921/2737
f 2597/2920/2736 2600/2922/2738 2602/2925/2741 2599/2923/2739
f 2601/2766/2582 2600/2922/2738 2593/2918/2734 2419/2767/2583
f 2601/2766/2582 2604/2926/2742 2602/2925/2741 2600/2922/2738
f 2621/2927/2743 2599/2923/2739 2602/2925/2741 2603/2928/2744
f 2606/2929/2745 2603/2928/2744 2602/2925/2741 2604/2926/2742
f 2601/2766/2582 2418/2765/2581 2605/2930/2746 2604/2926/2742
f 2606/2929/2745 2604/2926/2742 2605/2930/2746 2607/2931/2747
f 2606/2929/2745 2607/2931/2747 2610/2932/2748 2608/2933/2749
f 2606/2929/2745 2608/2933/2749 2609/2934/2750 2603/2928/2744
f 2611/2935/2751 2614/2936/2752 2609/2934/2750 2608/2933/2749
f 2611/2935/2751 2608/2933/2749 2610/2932/2748 2613/2937/2753
f 2611/2935/2751 2612/2938/2754 2615/2939/2755 2614/2936/2752
f 2611/2935/2751 2613/2937/2753 2626/2940/2756 2612/2938/2754
f 2616/2941/2757 2614/2936/2752 2615/2939/2755 2619/2942/2758
f 2616/2941/2757 2618/2943/2759 2609/2934/2750 2614/2936/2752
f 2616/2941/2757 2617/2944/2760 2622/2945/2761 2618/2943/2759
f 2616/2941/2757 2619/2942/2758 2620/2157/2103 2617/2944/2760
f 1945/2146/2092 2619/2942/2758 2615/2939/2755 1942/2145/2091
f 1945/2146/2092 1947/2148/2094 2620/2157/2103 2619/2942/2758
f 1959/2162/2108 2617/2944/2760 2620/2157/2103 1953/2156/2102
f 2621/2927/2743 2603/2928/2744 2609/2934/2750 2618/2943/2759
f 2621/2927/2743 2618/2943/2759 2622/2945/2761 2623/2946/2762
f 1959/2162/2108 1962/2166/2112 2622/2945/2761 2617/2944/2760
f 1966/2168/2114 2623/2946/2762 2622/2945/2761 1962/2166/2112
f 1966/2168/2114 1968/2173/2119 2624/2924/2740 2623/2946/2762
f 2621/2927/2743 2623/2946/2762 2624/2924/2740 2599/2923/2739
f 2657/2174/2120 2598/2921/2737 2624/2924/2740 1968/2173/2119
f 2629/2144/2090 1942/2145/2091 2615/2939/2755 2612/2938/2754
f 2625/2947/2763 2613/2937/2753 2610/2932/2748 2656/2948/2764
f 2625/2947/2763 2627/2949/2765 2626/2940/2756 2613/2937/2753
f 2348/2695/2511 2628/2697/2513 2626/2940/2756 2627/2949/2765
f 2629/2144/2090 2612/2938/2754 2626/2940/2756 2628/2697/2513
f 2629/2144/2090 2628/2697/2513 2349/2692/2508 1943/2143/2089
f 2348/2695/2511 2627/2949/2765 2630/2950/2766 2351/2696/2512
f 2625/2947/2763 2631/2951/2767 2630/2950/2766 2627/2949/2765
f 2633/2952/2768 2632/2953/2769 2630/2950/2766 2631/2951/2767
f 2354/2699/2515 2351/2696/2512 2630/2950/2766 2632/2953/2769
f 2633/2952/2768 2635/2954/2770 2634/2955/2771 2632/2953/2769
f 2354/2699/2515 2632/2953/2769 2634/2955/2771 2357/2702/2518
f 2638/2956/2772 2636/2957/2773 2634/2955/2771 2635/2954/2770
f 2637/2705/2521 2357/2702/2518 2634/2955/2771 2636/2957/2773
f 2637/2705/2521 2636/2957/2773 2374/2716/2532 2368/2713/2529
f 2638/2956/2772 2376/2718/2534 2374/2716/2532 2636/2957/2773
f 2638/2956/2772 2635/2954/2770 2641/2958/2774 2639/2959/2775
f 2638/2956/2772 2639/2959/2775 2378/2719/2535 2376/2718/2534
f 2640/2960/2776 2380/2722/2538 2378/2719/2535 2639/2959/2775
f 2640/2960/2776 2639/2959/2775 2641/2958/2774 2643/2961/2777
f 2644/2962/2778 2643/2961/2777 2641/2958/2774 2642/2963/2779
f 2633/2952/2768 2642/2963/2779 2641/2958/2774 2635/2954/2770
f 2644/2962/2778 2647/2964/2780 2645/2965/2781 2643/2961/2777
f 2640/2960/2776 2643/2961/2777 2645/2965/2781 2646/2966/2782
f 2649/2967/2783 2646/2966/2782 2645/2965/2781 2648/2758/2574
f 2411/2757/2573 2648/2758/2574 2645/2965/2781 2647/2964/2780
f 2649/2967/2783 2648/2758/2574 2407/2752/2568 2650/2751/2567
f 2649/2967/2783 2650/2751/2567 2387/2727/2543 2385/2726/2542
f 2649/2967/2783 2385/2726/2542 2383/2723/2539 2646/2966/2782
f 2406/2737/2553 2389/2730/2546 2387/2727/2543 2650/2751/2567
f 2411/2757/2573 2647/2964/2780 2651/2968/2784 2413/2759/2575
f 2644/2962/2778 2653/2969/2785 2651/2968/2784 2647/2964/2780
f 2416/2760/2576 2413/2759/2575 2651/2968/2784 2652/2970/2786
f 2654/2971/2787 2652/2970/2786 2651/2968/2784 2653/2969/2785
f 2654/2971/2787 2653/2969/2785 2655/2972/2788 2656/2948/2764
f 2644/2962/2778 2642/2963/2779 2655/2972/2788 2653/2969/2785
f 2625/2947/2763 2656/2948/2764 2655/2972/2788 2631/2951/2767
f 2633/2952/2768 2631/2951/2767 2655/2972/2788 2642/2963/2779
f 2654/2971/2787 2656/2948/2764 2610/2932/2748 2607/2931/2747
f 2654/2971/2787 2607/2931/2747 2605/2930/2746 2652/2970/2786
f 2416/2760/2576 2652/2970/2786 2605/2930/2746 2418/2765/2581
f 2640/2960/2776 2646/2966/2782 2383/2723/2539 2380/2722/2538
f 2657/2174/2120 2575/2901/2717 2596/2904/2720 2598/2921/2737
f 2657/2174/2120 1969/2175/2121 2572/2181/2127 2575/2901/2717
f 2362/2707/2523 2330/2678/2494 2333/2680/2496 2338/2684/2500
f 1936/2135/2081 1943/2143/2089 2349/2692/2508 2346/2136/2082
f 2324/2672/2489 1916/2107/2053 2332/2106/2055 2326/2673/2490
f 2324/2674/2489 1906/2091/2041 1909/2093/2043 1916/2103/2053
f 2309/2658/2478 1811/1980/1930 2659/1982/1932 2658/2066/2016
f 1883/2064/2014 2658/2066/2016 2659/1982/1932 2660/2973/2789
f 2662/2974/2790 2660/2973/2789 2659/1982/1932 1812/1981/1931
f 2662/2974/2790 2663/2975/2791 2661/2057/2007 2660/2973/2789
f 1883/2064/2014 2660/2973/2789 2661/2057/2007 1877/2056/2006
f 2662/2974/2790 1812/1981/1931 1814/1984/1934 2664/2976/2792
f 2662/2974/2790 2664/2976/2792 2666/2977/2793 2663/2975/2791
f 2665/2978/2794 2667/2979/2795 2666/2977/2793 2664/2976/2792
f 2665/2978/2794 2664/2976/2792 1814/1984/1934 1816/1986/1936
f 2669/2980/2796 2663/2975/2791 2666/2977/2793 2668/2981/2797
f 2670/2982/2798 2668/2981/2797 2666/2977/2793 2667/2979/2795
f 2669/2980/2796 2668/2981/2797 1864/2041/1991 1866/2043/1993
f 2670/2982/2798 2671/2042/1992 1864/2041/1991 2668/2981/2797
f 2670/2982/2798 2672/2983/2799 2674/2984/2800 2671/2042/1992
f 2670/2982/2798 2667/2979/2795 2675/2985/2801 2672/2983/2799
f 2673/2986/2802 2672/2983/2799 2675/2985/2801 2677/2987/2803
f 2673/2986/2802 2684/2988/2804 2674/2984/2800 2672/2983/2799
f 2678/2989/2805 2677/2987/2803 2675/2985/2801 2676/2990/2806
f 2665/2978/2794 2676/2990/2806 2675/2985/2801 2667/2979/2795
f 2673/2986/2802 2677/2987/2803 1833/2004/1954 1835/2007/1957
f 2678/2989/2805 1831/2002/1952 1833/2004/1954 2677/2987/2803
f 2678/2989/2805 2679/2991/2807 2682/2003/1953 1831/2002/1952
f 2678/2989/2805 2676/2990/2806 2681/1988/1938 2679/2991/2807
f 2680/1993/1943 1820/1992/1942 2682/2003/1953 2679/2991/2807
f 2680/1993/1943 2679/2991/2807 2681/1988/1938 1817/1987/1937
f 1822/1991/1941 1826/1996/1946 2682/2003/1953 1820/1992/1942
f 2665/2978/2794 1816/1986/1936 2681/1988/1938 2676/2990/2806
f 1860/2036/1986 2671/2042/1992 2674/2984/2800 2683/2027/1977
f 1852/2025/1975 2683/2027/1977 2674/2984/2800 2684/2988/2804
f 2673/2986/2802 1835/2007/1957 2685/2009/1959 2684/2988/2804
f 1852/2025/1975 2684/2988/2804 2685/2009/1959 1845/2018/1968
f 2669/2980/2796 1876/2055/2005 2661/2057/2007 2663/2975/2791
f 2669/2980/2796 1866/2043/1993 1869/2045/1995 1876/2055/2005
f 2229/2569/2395 2221/2561/2387 1539/1712/1674 1541/1716/1678
f 2204/1641/1603 2202/2545/2371 2687/2992/2808 1469/1639/1601
f 2200/2544/2370 2688/2993/2809 2687/2992/2808 2202/2545/2371
f 1847/2020/1970 2689/2021/1971 2687/2992/2808 2688/2993/2809
f 1466/1637/1599 1469/1639/1601 2687/2992/2808 2689/2021/1971
f 1466/1637/1599 2689/2021/1971 1842/2015/1965 1463/1636/1598
f 2200/2544/2370 1858/2031/1981 1855/2029/1979 2688/2993/2809
f 1847/2020/1970 2688/2993/2809 1855/2029/1979 1849/2022/1972
f 2133/2471/2302 2690/2994/2810 1931/2130/2076 2691/2129/2075
f 2932/2995/2811 2692/2996/2812 2690/2994/2810 2133/2471/2302 2129/2470/2301 2933/2997/2813
f 2931/2998/2814 2695/2999/2815 2694/3000/2816 2693/2138/2084 2690/2994/2810 2692/2996/2812
f 2693/2138/2084 1933/2131/2077 1931/2130/2076 2690/2994/2810
f 2693/2138/2084 2694/3000/2816 2697/3001/2817 1938/2139/2085
f 2696/3002/2818 2694/3000/2816 2695/2999/2815
f 2699/3003/2819 2698/3004/2820 2697/3001/2817 2694/3000/2816 2696/3002/2818 2930/3005/2821
f 1940/2140/2086 1938/2139/2085 2697/3001/2817 1948/2149/2095
f 1950/2152/2098 1948/2149/2095 2697/3001/2817 2698/3004/2820
f 2701/3006/2822 2702/3007/2823 2703/2153/2099 1950/2152/2098 2698/3004/2820 2700/3008/2824
f 2698/3004/2820 2699/3003/2819 2700/3008/2824
f 2703/2153/2099 2702/3007/2823 2704/3009/2825
f 2704/3009/2825 2705/3010/2826 2706/3011/2827 2707/2160/2106 1951/2154/2100 2703/2153/2099
f 2708/3012/2828 2709/3013/2829 2710/3014/2830 2707/2160/2106 2706/3011/2827
f 2712/3015/2831 2710/3014/2830 2709/3013/2829 2711/3016/2832
f 2712/3015/2831 2713/3017/2833 2714/3018/2834 2929/3019/2835 2710/3014/2830
f 2716/3020/2836 2718/3021/2837 2714/3018/2834 2713/3017/2833 2715/3022/2838
f 2717/3023/2839 2718/3021/2837 2716/3020/2836
f 2714/3018/2834 2718/3021/2837 2719/3024/2840 2721/3025/2841
f 2917/3026/2842 2916/3027/2843 2720/3028/2844 2719/3024/2840 2718/3021/2837 2717/3023/2839
f 2723/3029/2845 2722/3030/2846 2719/3024/2840 2720/3028/2844
f 2725/3031/2847 2721/3025/2841 2719/3024/2840 2722/3030/2846
f 2723/3029/2845 2919/3032/2848 2724/3033/2849 2722/3030/2846
f 2725/3031/2847 2722/3030/2846 2724/3033/2849 2727/3034/2850
f 2725/3031/2847 2726/3035/2851 2928/3036/2852 2721/3025/2841
f 2725/3031/2847 2727/3034/2850 2728/3037/2853 2726/3035/2851
f 2729/3038/2854 2732/3039/2855 2728/3037/2853 2727/3034/2850
f 2729/3038/2854 2727/3034/2850 2724/3033/2849 2730/3040/2856
f 2729/3038/2854 2730/3040/2856 2742/3041/2857 2731/3042/2858
f 2729/3038/2854 2731/3042/2858 2733/3043/2859 2732/3039/2855
f 1965/2170/2116 2732/3039/2855 2733/3043/2859 2734/2177/2123
f 1965/2170/2116 1963/2167/2113 2728/3037/2853 2732/3039/2855
f 2737/3044/2860 2734/2177/2123 2733/3043/2859 2735/3045/2861
f 2738/3046/2862 2735/3045/2861 2733/3043/2859 2731/3042/2858
f 2738/3046/2862 2739/3047/2863 2736/3048/2864 2735/3045/2861
f 2737/3044/2860 2735/3045/2861 2736/3048/2864 2897/3049/2865
f 2738/3046/2862 2740/3050/2866 2743/3051/2867 2739/3047/2863
f 2738/3046/2862 2731/3042/2858 2742/3041/2857 2740/3050/2866
f 2741/3052/2868 2745/3053/2869 2743/3051/2867 2740/3050/2866
f 2741/3052/2868 2740/3050/2866 2742/3041/2857 2927/3054/2870
f 2896/3055/2871 2739/3047/2863 2743/3051/2867 2744/3056/2872
f 2746/3057/2873 2744/3056/2872 2743/3051/2867 2745/3053/2869
f 2746/3057/2873 2745/3053/2869 2747/3058/2874 2748/3059/2875
f 2741/3052/2868 2749/3060/2876 2747/3058/2874 2745/3053/2869
f 2751/3061/2877 2748/3059/2875 2747/3058/2874 2750/3062/2878
f 2752/3063/2879 2750/3062/2878 2747/3058/2874 2749/3060/2876
f 2751/3061/2877 2750/3062/2878 2753/3064/2880 2754/3065/2881
f 2752/3063/2879 2756/3066/2882 2753/3064/2880 2750/3062/2878
f 2807/3067/2883 2754/3065/2881 2753/3064/2880 2755/3068/2884
f 2758/3069/2885 2755/3068/2884 2753/3064/2880 2756/3066/2882
f 2752/3063/2879 2925/3070/2886 2757/3071/2887 2756/3066/2882
f 2758/3069/2885 2756/3066/2882 2757/3071/2887 2760/3072/2888
f 2758/3069/2885 2759/3073/2889 2770/3074/2890 2755/3068/2884
f 2758/3069/2885 2760/3072/2888 2762/3075/2891 2759/3073/2889
f 2761/3076/2892 2760/3072/2888 2757/3071/2887 2926/3077/2893
f 2900/3078/2894 2763/3079/2895 2762/3075/2891 2760/3072/2888 2761/3076/2892
f 2762/3075/2891 2763/3079/2895 2765/3080/2896 2764/3081/2897
f 2766/3082/2898 2767/3083/2899 2759/3073/2889 2762/3075/2891 2764/3081/2897
f 2768/3084/2900 2769/3085/2901 2770/3074/2890 2759/3073/2889 2767/3083/2899
f 2771/3086/2902 2772/3087/2903 2773/3088/2904 2770/3074/2890 2769/3085/2901
f 2774/3089/2905 2775/3090/2906 2776/3091/2907 2773/3088/2904 2772/3087/2903
f 2777/3092/2908 2778/3093/2909 2776/3091/2907 2775/3090/2906
f 2778/3093/2909 2779/3094/2910 2780/3095/2911 2806/3096/2912 2776/3091/2907
f 2781/3097/2913 2782/3098/2914 2780/3095/2911 2779/3094/2910
f 2782/3098/2914 2783/3099/2915 2785/3100/2916 2787/3101/2917 2780/3095/2911
f 2784/3102/2918 2788/3103/2919 2785/3100/2916 2783/3099/2915
f 2801/3104/2920 2787/3101/2917 2785/3100/2916 2786/3105/2921
f 2788/3103/2919 2789/3106/2922 2790/3107/2923 2786/3105/2921 2785/3100/2916
f 2791/3108/2924 2792/3109/2925 2790/3107/2923 2789/3106/2922
f 2793/3110/2926 2795/3111/2927 2790/3107/2923 2792/3109/2925
f 2794/3112/2928 2834/3113/2929 2833/3114/2930 2796/3115/2931 2795/3111/2927 2793/3110/2926
f 2796/3115/2931 2798/3116/2932 2797/3117/2933 2795/3111/2927
f 2790/3107/2923 2795/3111/2927 2797/3117/2933 2786/3105/2921
f 2800/3118/2934 2799/3119/2935 2797/3117/2933 2798/3116/2932
f 2801/3104/2920 2786/3105/2921 2797/3117/2933 2799/3119/2935
f 2800/3118/2934 2803/3120/2936 2802/3121/2937 2799/3119/2935
f 2801/3104/2920 2799/3119/2935 2802/3121/2937 2804/3122/2938
f 2751/3061/2877 2804/3122/2938 2802/3121/2937 2748/3059/2875
f 2746/3057/2873 2748/3059/2875 2802/3121/2937 2803/3120/2936
f 2751/3061/2877 2754/3065/2881 2805/3123/2939 2804/3122/2938
f 2801/3104/2920 2804/3122/2938 2805/3123/2939 2787/3101/2917
f 2807/3067/2883 2806/3096/2912 2805/3123/2939 2754/3065/2881
f 2780/3095/2911 2787/3101/2917 2805/3123/2939 2806/3096/2912
f 2807/3067/2883 2773/3088/2904 2776/3091/2907 2806/3096/2912
f 2807/3067/2883 2755/3068/2884 2770/3074/2890 2773/3088/2904
f 2800/3118/2934 2810/3124/2940 2808/3125/2941 2803/3120/2936
f 2746/3057/2873 2803/3120/2936 2808/3125/2941 2744/3056/2872
f 2896/3055/2871 2744/3056/2872 2808/3125/2941 2809/3126/2942
f 2812/3127/2943 2809/3126/2942 2808/3125/2941 2810/3124/2940
f 2800/3118/2934 2798/3116/2932 2811/3128/2944 2810/3124/2940
f 2812/3127/2943 2810/3124/2940 2811/3128/2944 2814/3129/2945
f 2812/3127/2943 2813/3130/2946 2892/3131/2947 2809/3126/2942
f 2812/3127/2943 2814/3129/2945 2815/3132/2948 2813/3130/2946
f 2816/3133/2949 2819/3134/2950 2815/3132/2948 2814/3129/2945
f 2816/3133/2949 2814/3129/2945 2811/3128/2944 2817/3135/2951
f 2816/3133/2949 2817/3135/2951 2832/3136/2952 2818/3137/2953
f 2816/3133/2949 2818/3137/2953 2821/3138/2954 2819/3134/2950
f 2820/3139/2955 2819/3134/2950 2821/3138/2954 2822/3140/2956
f 2820/3139/2955 2894/3141/2957 2815/3132/2948 2819/3134/2950
f 2825/3142/2958 2822/3140/2956 2821/3138/2954 2823/3143/2959
f 2826/3144/2960 2823/3143/2959 2821/3138/2954 2818/3137/2953
f 2827/3145/2961 2836/3146/2962 2824/3147/2963 2823/3143/2959 2826/3144/2960
f 2825/3142/2958 2823/3143/2959 2824/3147/2963 2841/3148/2964
f 2830/3149/2965 2827/3145/2961 2826/3144/2960 2828/3150/2966
f 2829/3151/2967 2828/3150/2966 2826/3144/2960 2818/3137/2953 2832/3136/2952
f 2831/3152/2968 2829/3151/2967 2832/3136/2952 2833/3114/2930 2835/3153/2969
f 2796/3115/2931 2833/3114/2930 2832/3136/2952 2817/3135/2951
f 2833/3114/2930 2834/3113/2929 2835/3153/2969
f 2837/3154/2970 2838/3155/2971 2824/3147/2963 2836/3146/2962
f 2839/3156/2972 2840/3157/2973 2841/3148/2964 2824/3147/2963 2838/3155/2971
f 2843/3158/2974 2844/3159/2975 2841/3148/2964 2840/3157/2973 2842/3160/2976
f 2845/3161/2977 2846/3162/2978 2848/3163/2979 2844/3159/2975 2843/3158/2974
f 2847/3164/2980 2885/3165/2981 2849/3166/2982 2848/3163/2979 2846/3162/2978
f 2850/3167/2983 2853/3168/2984 2844/3159/2975 2848/3163/2979
f 2850/3167/2983 2848/3163/2979 2849/3166/2982 2852/3169/2985
f 2850/3167/2983 2851/3170/2986 2854/3171/2987 2853/3168/2984
f 2850/3167/2983 2852/3169/2985 2870/3172/2988 2851/3170/2986
f 2825/3142/2958 2853/3168/2984 2854/3171/2987 2822/3140/2956
f 2825/3142/2958 2841/3148/2964 2844/3159/2975 2853/3168/2984
f 2820/3139/2955 2822/3140/2956 2854/3171/2987 2855/3173/2989
f 2857/3174/2990 2855/3173/2989 2854/3171/2987 2851/3170/2986
f 2820/3139/2955 2855/3173/2989 2856/3175/2991 2894/3141/2957
f 2857/3174/2990 2859/3176/2992 2856/3175/2991 2855/3173/2989
f 2857/3174/2990 2858/3177/2993 2861/3178/2994 2859/3176/2992
f 2857/3174/2990 2851/3170/2986 2870/3172/2988 2858/3177/2993
f 2860/3179/2995 2859/3176/2992 2861/3178/2994 2862/3180/2996
f 2860/3179/2995 2886/3181/2997 2856/3175/2991 2859/3176/2992
f 2864/3182/2998 2863/3183/2999 2861/3178/2994 2858/3177/2993
f 2865/3184/3000 2862/3180/2996 2861/3178/2994 2863/3183/2999
f 2864/3182/2998 2083/2303/2249 2081/2302/2248 2863/3183/2999
f 2865/3184/3000 2863/3183/2999 2081/2302/2248 2866/2301/2247
f 2865/3184/3000 1988/2197/2143 1984/2196/2142 2862/3180/2996
f 2865/3184/3000 2866/2301/2247 2867/2201/2147 1988/2197/2143
f 2077/2296/2242 2868/2285/2231 2867/2201/2147 2866/2301/2247
f 2068/2282/2228 1987/2198/2144 2867/2201/2147 2868/2285/2231
f 2864/3182/2998 2869/3185/3001 2085/2304/2250 2083/2303/2249
f 2864/3182/2998 2858/3177/2993 2870/3172/2988 2869/3185/3001
f 2871/3186/3002 2869/3185/3001 2870/3172/2988 2852/3169/2985
f 2871/3186/3002 2873/2308/2254 2085/2304/2250 2869/3185/3001
f 2871/3186/3002 2852/3169/2985 2849/3166/2982 2872/3187/3003
f 2871/3186/3002 2872/3187/3003 2874/3188/3004 2873/2308/2254
f 2876/3189/3005 2878/3190/3006 2086/2307/2253 2873/2308/2254 2874/3188/3004
f 2877/3191/3007 2876/3189/3005 2874/3188/3004 2875/3192/3008
f 2882/3193/3009 2875/3192/3008 2874/3188/3004 2872/3187/3003 2883/3194/3010
f 2879/3195/3011 2880/3196/3012 2088/2309/2255 2086/2307/2253 2878/3190/3006
f 2093/2314/2260 2088/2309/2255 2880/3196/3012 2881/3197/3013
f 2884/3198/3014 2883/3194/3010 2872/3187/3003 2849/3166/2982 2885/3165/2981
f 2860/3179/2995 2862/3180/2996 1984/2196/2142 2887/2195/2141
f 2860/3179/2995 2887/2195/2141 2888/3199/3015 2886/3181/2997
f 1985/2192/2138 2889/3200/3016 2888/3199/3015 2887/2195/2141
f 2891/3201/3017 2890/3202/3018 2888/3199/3015 2889/3200/3016
f 2893/3203/3019 2886/3181/2997 2888/3199/3015 2890/3202/3018
f 2891/3201/3017 2895/3204/3020 2892/3131/2947 2890/3202/3018
f 2893/3203/3019 2890/3202/3018 2892/3131/2947 2813/3130/2946
f 2893/3203/3019 2894/3141/2957 2856/3175/2991 2886/3181/2997
f 2893/3203/3019 2813/3130/2946 2815/3132/2948 2894/3141/2957
f 2896/3055/2871 2809/3126/2942 2892/3131/2947 2895/3204/3020
f 2891/3201/3017 2897/3049/2865 2736/3048/2864 2895/3204/3020
f 2896/3055/2871 2895/3204/3020 2736/3048/2864 2739/3047/2863
f 2891/3201/3017 2889/3200/3016 2898/3205/3021 2897/3049/2865
f 2737/3044/2860 2897/3049/2865 2898/3205/3021 2899/2184/2130
f 1985/2192/2138 1981/2189/2135 2898/3205/3021 2889/3200/3016
f 1975/2183/2129 2899/2184/2130 2898/3205/3021 1981/2189/2135
f 2737/3044/2860 2899/2184/2130 1971/2178/2124 2734/2177/2123
f 2796/3115/2931 2817/3135/2951 2811/3128/2944 2798/3116/2932
f 2761/3076/2892 2902/3206/3022 2901/3207/3023 2900/3078/2894
f 2902/3206/3022 2761/3076/2892 2926/3077/2893 2904/3208/3024 2903/3209/3025
f 2904/3208/3024 2906/3210/3026 2905/3211/3027 2903/3209/3025
f 2906/3210/3026 2904/3208/3024 2920/3212/3028 2908/3213/3029 2907/3214/3030
f 2907/3214/3030 2908/3213/3029 2910/3215/3031 2909/3216/3032
f 2910/3215/3031 2908/3213/3029 2914/3217/3033 2913/3218/3034 2911/3219/3035
f 2911/3219/3035 2913/3218/3034 2915/3220/3036 2912/3221/3037
f 2723/3029/2845 2720/3028/2844 2913/3218/3034 2914/3217/3033
f 2915/3220/3036 2913/3218/3034 2720/3028/2844 2916/3027/2843
f 2908/3213/3029 2920/3212/3028 2918/3222/3038 2914/3217/3033
f 2723/3029/2845 2914/3217/3033 2918/3222/3038 2919/3032/2848
f 2922/3223/3039 2919/3032/2848 2918/3222/3038 2921/3224/3040
f 2924/3225/3041 2921/3224/3040 2918/3222/3038 2920/3212/3028
f 2922/3223/3039 2921/3224/3040 2923/3226/3042 2927/3054/2870
f 2924/3225/3041 2925/3070/2886 2923/3226/3042 2921/3224/3040
f 2924/3225/3041 2926/3077/2893 2757/3071/2887 2925/3070/2886
f 2924/3225/3041 2920/3212/3028 2904/3208/3024 2926/3077/2893
f 2752/3063/2879 2749/3060/2876 2923/3226/3042 2925/3070/2886
f 2741/3052/2868 2927/3054/2870 2923/3226/3042 2749/3060/2876
f 2922/3223/3039 2927/3054/2870 2742/3041/2857 2730/3040/2856
f 2922/3223/3039 2730/3040/2856 2724/3033/2849 2919/3032/2848
f 1960/2164/2110 2726/3035/2851 2728/3037/2853 1963/2167/2113
f 1960/2164/2110 1957/2161/2107 2928/3036/2852 2726/3035/2851
f 1955/2159/2105 2929/3019/2835 2928/3036/2852 1957/2161/2107
f 2714/3018/2834 2721/3025/2841 2928/3036/2852 2929/3019/2835
f 1955/2159/2105 2707/2160/2106 2710/3014/2830 2929/3019/2835
f 2129/2470/2301 2934/2469/2300 2933/2997/2813
f 2068/2282/2228 2064/2280/2226 1991/2199/2145 1987/2198/2144
f 2062/2214/2160 1994/2205/2151 1991/2199/2145 2064/2280/2226
f 1838/2011/1961 2936/3227/3043 2935/2017/1967 1840/2012/1962
f 1457/1626/1588 1464/1634/1596 2935/2017/1967 2937/1627/1589
f 2938/3228/3044 2937/1627/1589 2935/2017/1967 2936/3227/3043
f 2938/3228/3044 2939/1622/1584 1453/1621/1583 2937/1627/1589
f 2938/3228/3044 2936/3227/3043 2940/1397/1359 1245/1396/1358
f 2938/3228/3044 1245/1396/1358 1247/1398/1360 2939/1622/1584
f 1448/1615/1577 2939/1622/1584 1247/1398/1360 1249/1401/1363
f 1838/2011/1961 2941/1999/1949 2940/1397/1359 2936/3227/3043
f 1828/1390/1352 1240/1391/1353 2940/1397/1359 2941/1999/1949
f 1799/1967/1918 1803/2654/1921 1591/1772/1734 2942/1775/1737
f 1426/1593/1555 1429/1598/1560 2943/1456/1418 2944/3229/3045
f 1289/1446/1408 1291/1447/1409 2943/1456/1418 1429/1598/1560
f 2945/1503/1465 2944/3229/3045 2943/1456/1418 1296/1455/1417
f 1426/1593/1555 2944/3229/3045 2946/3230/3046 1422/1592/1554
f 2945/1503/1465 1342/1504/1466 2946/3230/3046 2944/3229/3045
f 1420/1589/1551 1422/1592/1554 2946/3230/3046 2947/3231/3047
f 1345/1505/1467 2947/3231/3047 2946/3230/3046 1342/1504/1466
f 1420/1589/1551 2947/3231/3047 1410/1579/1541 1412/1580/1542
f 1345/1505/1467 1347/1507/1469 1410/1579/1541 2947/3231/3047
f 2945/1503/1465 1296/1455/1417 1298/1457/1419 1343/1502/1464
f 1362/1520/1482 2948/1564/1526 1404/1517/1479 1356/1516/1478
f 1362/1520/1482 2949/1525/1487 1395/1562/1524 2948/1564/1526
f 2950/1556/1518 1388/1555/1517 1395/1562/1524 2949/1525/1487
f 2950/1556/1518 2949/1525/1487 1361/1524/1486 2951/3232/3048
f 2950/1556/1518 2951/3232/3048 2952/1538/1500 1384/1549/1511
f 1369/1529/1491 2951/3232/3048 1361/1524/1486 1364/1523/1485
f 1369/1529/1491 1371/1532/1494 2952/1538/1500 2951/3232/3048
f 1340/1462/1424 1343/1502/1464 1298/1457/1419 1300/1459/1421
f 2955/3233/3049 2953/1483/1445 1317/1475/1437 1315/1474/1436
f 2955/3233/3049 2957/3234/3050 2954/3235/3051 2953/1483/1445
f 1035/1149/1118 2953/1483/1445 2954/3235/3051 1032/1148/1117
f 2955/3233/3049 2956/3236/3052 2958/3237/3053 2957/3234/3050
f 2955/3233/3049 1315/1474/1436 2998/1217/1183 2956/3236/3052
f 2959/3238/3054 2957/3234/3050 2958/3237/3053 2960/3239/3055
f 2959/3238/3054 2962/3240/3056 2954/3235/3051 2957/3234/3050
f 2959/3238/3054 2960/3239/3055 2975/3241/3057 2961/3242/3058
f 2959/3238/3054 2961/3242/3058 2963/3243/3059 2962/3240/3056
f 2964/1147/1116 2962/3240/3056 2963/3243/3059 2965/3244/3060
f 2964/1147/1116 1032/1148/1117 2954/3235/3051 2962/3240/3056
f 2964/1147/1116 2965/3244/3060 2967/3245/3061 1033/1145/1114
f 2966/3246/3062 2965/3244/3060 2963/3243/3059 2970/3247/3063
f 2966/3246/3062 2968/755/751 2967/3245/3061 2965/3244/3060
f 664/747/743 661/748/744 2967/3245/3061 2968/755/751
f 1030/749/745 1033/1145/1114 2967/3245/3061 661/748/744
f 2966/3246/3062 2969/3248/3064 669/756/752 2968/755/751
f 2966/3246/3062 2970/3247/3063 2971/1031/1003 2969/3248/3064
f 2972/3249/3065 923/1029/1001 2971/1031/1003 2970/3247/3063
f 2972/3249/3065 2970/3247/3063 2963/3243/3059 2961/3242/3058
f 2972/3249/3065 2973/3250/3066 926/1030/1002 923/1029/1001
f 2972/3249/3065 2961/3242/3058 2975/3241/3057 2973/3250/3066
f 2974/3251/3067 2973/3250/3066 2975/3241/3057 2976/3252/3068
f 2974/3251/3067 928/1033/1005 926/1030/1002 2973/3250/3066
f 2978/3253/3069 2976/3252/3068 2975/3241/3057 2960/3239/3055
f 2974/3251/3067 2976/3252/3068 2977/3254/3070 2995/3255/3071
f 2978/3253/3069 2979/3256/3072 2977/3254/3070 2976/3252/3068
f 2978/3253/3069 2980/3257/3073 2981/3258/3074 2979/3256/3072
f 2978/3253/3069 2960/3239/3055 2958/3237/3053 2980/3257/3073
f 2982/1211/1177 1093/1210/1176 2981/3258/3074 2980/3257/3073
f 2982/1211/1177 2980/3257/3073 2958/3237/3053 2956/3236/3052
f 2982/1211/1177 2956/3236/3052 2998/1217/1183 1094/1212/1178
f 2985/3259/3075 2979/3256/3072 2981/3258/3074 2983/3260/3076
f 1091/1207/1173 2983/3260/3076 2981/3258/3074 1093/1210/1176
f 1091/1207/1173 1088/1204/1170 2984/3261/3077 2983/3260/3076
f 2985/3259/3075 2983/3260/3076 2984/3261/3077 2987/3262/3078
f 2985/3259/3075 2986/3263/3079 2977/3254/3070 2979/3256/3072
f 2985/3259/3075 2987/3262/3078 2989/3264/3080 2986/3263/3079
f 2988/3265/3081 2987/3262/3078 2984/3261/3077 2996/3266/3082
f 2988/3265/3081 2991/3267/3083 2989/3264/3080 2987/3262/3078
f 2994/3268/3084 2986/3263/3079 2989/3264/3080 2990/3269/3085
f 2992/3270/1019 2990/3269/3085 2989/3264/3080 2991/3267/3083
f 2988/3271/3081 957/1066/1035 955/1065/1034 2991/3272/3083
f 2992/1050/1019 2991/3272/3083 955/1065/1034 943/1051/1020
f 2992/3270/1019 939/1047/1015 2993/1038/1010 2990/3269/3085
f 2994/3268/3084 2990/3269/3085 2993/1038/1010 932/1037/1009
f 2994/3268/3084 932/1037/1009 930/1034/1006 2995/3255/3071
f 2994/3268/3084 2995/3255/3071 2977/3254/3070 2986/3263/3079
f 2974/3251/3067 2995/3255/3071 930/1034/1006 928/1033/1005
f 2988/3271/3081 2996/3273/3082 959/1067/1036 957/1066/1035
f 1075/1197/1155 2996/3266/3082 2984/3261/3077 1088/1204/1170
f 1075/1186/1155 1073/1071/1040 959/1067/1036 2996/3273/3082
f 2997/3274/3086 2969/3248/3064 2971/1031/1003 924/1028/1000
f 2997/3274/3086 671/757/753 669/756/752 2969/3248/3064
f 2997/3274/3086 924/1028/1000 921/768/764 681/765/761
f 2997/3274/3086 681/765/761 673/758/754 671/757/753
f 1293/1451/1413 3001/3275/3087 3000/1249/1215 2999/1452/1414
f 1114/1237/1203 2999/1452/1414 3000/1249/1215 1116/1239/1205
f 1130/1254/1220 1121/1246/1212 3000/1249/1215 3001/3275/3087
f 1293/1451/1413 1287/1444/1406 3002/1443/1405 3001/3275/3087
f 1130/1254/1220 3001/3275/3087 3002/1443/1405 3003/1257/1223
f 1279/1432/1394 3003/1257/1223 3002/1443/1405 1282/1436/1398
f 1279/1432/1394 1276/1431/1393 1129/1258/1224 3003/1257/1223
f 1274/1429/1391 1132/1259/1225 1129/1258/1224 1276/1431/1393
f 1274/1429/1391 3004/1430/1392 1134/1260/1226 1132/1259/1225
f 1181/1315/1281 3004/1430/1392 1271/1426/1388 1183/1316/1282
f 1181/1315/1281 1137/1264/1230 1134/1260/1226 3004/1430/1392
f 3005/3276/3088 1265/1418/1380 1262/1417/1379 3006/1382/1344
f 3005/3276/3088 1207/1349/1311 1205/1348/1310 1265/1418/1380
f 3005/3276/3088 3006/1382/1344 1229/1376/1338 3007/1360/1322
f 3005/3276/3088 3007/1360/1322 1209/1350/1312 1207/1349/1311
f 1233/1381/1343 3006/1382/1344 1262/1417/1379 3008/1416/1378
f 1233/1381/1343 3008/1416/1378 3009/3277/3089 1235/1383/1345
f 1257/1409/1371 1254/1406/1368 3009/3277/3089 3008/1416/1378
f 1237/1384/1346 1235/1383/1345 3009/3277/3089 3010/1393/1355
f 1252/1405/1367 3010/1393/1355 3009/3277/3089 1254/1406/1368
f 3011/1309/1275 1138/1267/1233 1180/1266/1232 1173/1308/1274
f 3011/1309/1275 1174/1304/1270 3012/3278/3090 3014/1274/1240
f 1167/1298/1264 3015/1299/1265 3012/3278/3090 1174/1304/1270
f 1144/1273/1239 3014/1274/1240 3012/3278/3090 3013/3279/3091
f 3016/3280/3092 3013/3279/3091 3012/3278/3090 3015/1299/1265
f 3016/3280/3092 3015/1299/1265 1166/1297/1263 3017/3281/3093
f 3016/3280/3092 3017/3281/3093 3018/1280/1246 3013/3279/3091
f 1156/1285/1251 1149/1278/1244 3018/1280/1246 3017/3281/3093
f 1156/1285/1251 3017/3281/3093 1166/1297/1263 1158/1288/1254
f 1144/1273/1239 3013/3279/3091 3018/1280/1246 1146/1275/1241
f 3011/1309/1275 3014/1274/1240 1140/1268/1234 1138/1267/1233
f 1125/1251/1217 1127/1253/1219 1135/1262/1228 1142/1271/1237
f 3019/1084/1053 1069/1181/1150 1066/1179/1148 988/1102/1071
f 3019/1084/1053 966/1077/1046 964/1076/1045 1069/1181/1150
f 990/1103/1072 988/1102/1071 1066/1179/1148 1064/1107/1076
f 1056/1114/1083 996/1109/1078 994/1108/1077 1058/1172/1141
f 1026/1140/1109 1028/1143/1112 3020/3282/3094 3022/3283/3095
f 659/741/737 657/742/738 3020/3282/3094 1028/1143/1112
f 3024/3284/3096 3022/3283/3095 3020/3282/3094 3021/3285/3097
f 3073/743/739 3021/3285/3097 3020/3282/3094 657/742/738
f 3024/3284/3096 3026/3286/3098 3023/3287/3099 3022/3283/3095
f 1026/1140/1109 3022/3283/3095 3023/3287/3099 1023/1137/1106
f 3024/3284/3096 3025/3288/3100 3028/3289/3101 3026/3286/3098
f 3024/3284/3096 3021/3285/3097 3070/3290/3102 3025/3288/3100
f 3027/3291/3103 3026/3286/3098 3028/3289/3101 3030/3292/3104
f 3027/3291/3103 3590/3293/3105 3023/3287/3099 3026/3286/3098
f 3069/3294/3106 3029/3295/3107 3028/3289/3101 3025/3288/3100
f 3031/3296/3108 3030/3292/3104 3028/3289/3101 3029/3295/3107
f 3031/3296/3108 3034/3297/3109 3032/3298/3110 3030/3292/3104
f 3027/3291/3103 3030/3292/3104 3032/3298/3110 3033/3299/3111
f 3586/249/249 3033/3299/3111 3032/3298/3110 221/248/248
f 218/245/245 221/248/248 3032/3298/3110 3034/3297/3109
f 218/245/245 3034/3297/3109 3035/3300/3112 3037/3301/3113
f 3031/3296/3108 3038/3302/3114 3035/3300/3112 3034/3297/3109
f 3212/3303/3115 3037/3301/3113 3035/3300/3112 3036/3304/3116
f 3040/3305/3117 3036/3304/3116 3035/3300/3112 3038/3302/3114
f 3031/3296/3108 3029/3295/3107 3039/3306/3118 3038/3302/3114
f 3040/3305/3117 3038/3302/3114 3039/3306/3118 3042/3307/3119
f 3040/3305/3117 3041/3308/3120 3215/3309/3121 3036/3304/3116
f 3040/3305/3117 3042/3307/3119 3044/3310/3122 3041/3308/3120
f 3043/3311/3123 3042/3307/3119 3039/3306/3118 3071/3312/3124
f 3043/3311/3123 3046/3313/3125 3044/3310/3122 3042/3307/3119
f 3217/3314/3126 3041/3308/3120 3044/3310/3122 3045/3315/3127
f 3048/3316/3128 3045/3315/3127 3044/3310/3122 3046/3313/3125
f 3043/3311/3123 3074/3317/3129 3047/3318/3130 3046/3313/3125
f 3048/3316/3128 3046/3313/3125 3047/3318/3130 3050/3319/3131
f 3048/3316/3128 3049/3320/3132 3121/3321/3133 3045/3315/3127
f 3048/3316/3128 3050/3319/3131 3051/3322/3134 3049/3320/3132
f 3052/3323/3135 3053/3324/3136 3051/3322/3134 3050/3319/3131
f 3052/3323/3135 3050/3319/3131 3047/3318/3130 3055/3325/3137
f 3052/3323/3135 3054/3326/3138 3088/3327/3139 3053/3324/3136
f 3052/3323/3135 3055/3325/3137 3057/3328/3140 3054/3326/3138
f 3056/3329/3141 3059/3330/3142 3057/3328/3140 3055/3325/3137
f 3056/3329/3141 3055/3325/3137 3047/3318/3130 3074/3317/3129
f 3086/3331/3143 3054/3326/3138 3057/3328/3140 3058/3332/3144
f 3060/3333/3145 3058/3332/3144 3057/3328/3140 3059/3330/3142
f 3056/3329/3141 3064/3334/3146 3061/3335/3147 3059/3330/3142
f 3060/3333/3145 3059/3330/3142 3061/3335/3147 3062/3336/3148
f 3075/3337/3149 3062/3336/3148 3061/3335/3147 3063/3338/3150
f 3066/3339/3151 3063/3338/3150 3061/3335/3147 3064/3334/3146
f 3056/3329/3141 3074/3317/3129 3065/3340/3152 3064/3334/3146
f 3066/3339/3151 3064/3334/3146 3065/3340/3152 3068/3341/3153
f 3066/3339/3151 3067/3342/3154 3072/735/731 3063/3338/3150
f 3066/3339/3151 3068/3341/3153 3070/3290/3102 3067/3342/3154
f 3069/3294/3106 3068/3341/3153 3065/3340/3152 3071/3312/3124
f 3069/3294/3106 3025/3288/3100 3070/3290/3102 3068/3341/3153
f 3073/743/739 3067/3342/3154 3070/3290/3102 3021/3285/3097
f 3069/3294/3106 3071/3312/3124 3039/3306/3118 3029/3295/3107
f 3043/3311/3123 3071/3312/3124 3065/3340/3152 3074/3317/3129
f 3073/743/739 653/736/732 3072/735/731 3067/3342/3154
f 3075/3337/3149 3063/3338/3150 3072/735/731 652/734/730
f 3075/3337/3149 652/734/730 646/728/724 3076/727/723
f 3075/3337/3149 3076/727/723 3077/3343/3155 3062/3336/3148
f 645/724/720 3078/3344/3156 3077/3343/3155 3076/727/723
f 3060/3333/3145 3062/3336/3148 3077/3343/3155 3079/3345/3157
f 3080/3346/3158 3079/3345/3157 3077/3343/3155 3078/3344/3156
f 3080/3346/3158 3082/3347/3159 3081/3348/3160 3079/3345/3157
f 3060/3333/3145 3079/3345/3157 3081/3348/3160 3058/3332/3144
f 3084/3349/3161 3083/3350/3162 3081/3348/3160 3082/3347/3159
f 3086/3331/3143 3058/3332/3144 3081/3348/3160 3083/3350/3162
f 3084/3349/3161 3567/3351/3163 3085/3352/3164 3083/3350/3162
f 3086/3331/3143 3083/3350/3162 3085/3352/3164 3087/3353/3165
f 3086/3331/3143 3087/3353/3165 3088/3327/3139 3054/3326/3138
f 3089/3354/3166 3090/3355/3167 3088/3327/3139 3087/3353/3165
f 3089/3354/3166 3087/3353/3165 3085/3352/3164 3091/3356/3168
f 3089/3354/3166 3092/3357/3169 3094/3358/3170 3090/3355/3167
f 3089/3354/3166 3091/3356/3168 3095/3359/3171 3092/3357/3169
f 3093/3360/3172 3092/3357/3169 3095/3359/3171 3097/3361/3173
f 3093/3360/3172 3106/3362/3174 3094/3358/3170 3092/3357/3169
f 3098/3363/3175 3097/3361/3173 3095/3359/3171 3096/3364/3176
f 3563/3365/3177 3096/3364/3176 3095/3359/3171 3091/3356/3168
f 3098/3363/3175 3101/3366/3178 3099/3367/3179 3097/3361/3173
f 3093/3360/3172 3097/3361/3173 3099/3367/3179 3102/3368/3180
f 3103/3369/3181 3102/3368/3180 3099/3367/3179 3100/3370/3182
f 3557/3371/3183 3100/3370/3182 3099/3367/3179 3101/3366/3178
f 3093/3360/3172 3102/3368/3180 3104/3372/3184 3106/3362/3174
f 3103/3369/3181 3105/3373/3185 3104/3372/3184 3102/3368/3180
f 3108/3374/3186 3107/3375/3187 3104/3372/3184 3105/3373/3185
f 3110/3376/3188 3106/3362/3174 3104/3372/3184 3107/3375/3187
f 3108/3374/3186 3127/3377/3189 3109/3378/3190 3107/3375/3187
f 3110/3376/3188 3107/3375/3187 3109/3378/3190 3112/3379/3191
f 3110/3376/3188 3111/3380/3192 3094/3358/3170 3106/3362/3174
f 3110/3376/3188 3112/3379/3191 3114/3381/3193 3111/3380/3192
f 3113/3382/3194 3112/3379/3191 3109/3378/3190 3123/3383/3195
f 3113/3382/3194 3115/3384/3196 3114/3381/3193 3112/3379/3191
f 3118/3385/3197 3111/3380/3192 3114/3381/3193 3116/3386/3198
f 3117/3387/3199 3116/3386/3198 3114/3381/3193 3115/3384/3196
f 3117/3387/3199 3049/3320/3132 3051/3322/3134 3116/3386/3198
f 3118/3385/3197 3116/3386/3198 3051/3322/3134 3053/3324/3136
f 3118/3385/3197 3090/3355/3167 3094/3358/3170 3111/3380/3192
f 3118/3385/3197 3053/3324/3136 3088/3327/3139 3090/3355/3167
f 3117/3387/3199 3119/3388/3200 3121/3321/3133 3049/3320/3132
f 3117/3387/3199 3115/3384/3196 3122/3389/3201 3119/3388/3200
f 3120/3390/3202 3119/3388/3200 3122/3389/3201 3124/3391/3203
f 3120/3390/3202 3220/3392/3204 3121/3321/3133 3119/3388/3200
f 3126/3393/3205 3124/3391/3203 3122/3389/3201 3123/3383/3195
f 3113/3382/3194 3123/3383/3195 3122/3389/3201 3115/3384/3196
f 3126/3393/3205 3128/3394/3206 3125/3395/3207 3124/3391/3203
f 3120/3390/3202 3124/3391/3203 3125/3395/3207 3221/3396/3208
f 3126/3393/3205 3123/3383/3195 3109/3378/3190 3127/3377/3189
f 3126/3393/3205 3127/3377/3189 3130/3397/3209 3128/3394/3206
f 3129/3398/3210 3135/3399/3211 3125/3395/3207 3128/3394/3206
f 3129/3398/3210 3128/3394/3206 3130/3397/3209 3132/3400/3212
f 3133/3401/3213 3132/3400/3212 3130/3397/3209 3131/3402/3214
f 3108/3374/3186 3131/3402/3214 3130/3397/3209 3127/3377/3189
f 3133/3401/3213 3137/3403/3215 3134/3404/3216 3132/3400/3212
f 3129/3398/3210 3132/3400/3212 3134/3404/3216 3135/3399/3211
f 3222/3405/3217 3135/3399/3211 3134/3404/3216 3136/3406/3218
f 3138/3407/3219 3136/3406/3218 3134/3404/3216 3137/3403/3215
f 3133/3401/3213 3140/3408/3220 3139/3409/3221 3137/3403/3215
f 3138/3407/3219 3137/3403/3215 3139/3409/3221 3141/3410/3222
f 3143/3411/3223 3142/3412/3224 3139/3409/3221 3140/3408/3220
f 3145/3413/3225 3141/3410/3222 3139/3409/3221 3142/3412/3224
f 3143/3411/3223 3558/3414/3226 3144/3415/3227 3142/3412/3224
f 3145/3413/3225 3142/3412/3224 3144/3415/3227 3146/3416/3228
f 3145/3413/3225 3146/3416/3228 3149/3417/3229 3147/3418/3230
f 3145/3413/3225 3147/3418/3230 3150/3419/3231 3141/3410/3222
f 3148/3420/3232 3151/3421/3233 3150/3419/3231 3147/3418/3230
f 3148/3420/3232 3147/3418/3230 3149/3417/3229 3457/3422/3234
f 3154/3423/3235 3152/3424/3236 3150/3419/3231 3151/3421/3233
f 3138/3407/3219 3141/3410/3222 3150/3419/3231 3152/3424/3236
f 3154/3423/3235 3155/3425/3237 3153/3426/3238 3152/3424/3236
f 3138/3407/3219 3152/3424/3236 3153/3426/3238 3136/3406/3218
f 3154/3423/3235 3156/3427/3239 3157/3428/3240 3155/3425/3237
f 3154/3423/3235 3151/3421/3233 3159/3429/3241 3156/3427/3239
f 3158/3430/3242 3210/3431/3243 3157/3428/3240 3156/3427/3239
f 3158/3430/3242 3156/3427/3239 3159/3429/3241 3161/3432/3244
f 3163/3433/3245 3161/3432/3244 3159/3429/3241 3160/3434/3246
f 3148/3420/3232 3160/3434/3246 3159/3429/3241 3151/3421/3233
f 3163/3433/3245 3165/3435/3247 3162/3436/3248 3161/3432/3244
f 3158/3430/3242 3161/3432/3244 3162/3436/3248 3211/3437/3249
f 3163/3433/3245 3160/3434/3246 3456/3438/3250 3164/3439/3251
f 3163/3433/3245 3164/3439/3251 3167/3440/3252 3165/3435/3247
f 3166/3441/3253 3165/3435/3247 3167/3440/3252 3169/3442/3254
f 3166/3441/3253 3204/3443/3255 3162/3436/3248 3165/3435/3247
f 3171/3444/3256 3169/3442/3254 3167/3440/3252 3168/3445/3257
f 3453/3446/3258 3168/3445/3257 3167/3440/3252 3164/3439/3251
f 3166/3441/3253 3169/3442/3254 3170/3447/3259 3203/3448/3260
f 3171/3444/3256 3172/3449/3261 3170/3447/3259 3169/3442/3254
f 3171/3444/3256 3173/3450/3262 3176/3451/3263 3172/3449/3261
f 3171/3444/3256 3168/3445/3257 3174/3452/3264 3173/3450/3262
f 3175/667/663 3173/3450/3262 3174/3452/3264 3446/3453/3265
f 3175/667/663 3177/3454/3266 3176/3451/3263 3173/3450/3262
f 3181/3455/3267 3172/3449/3261 3176/3451/3263 3178/3456/3268
f 3179/3457/3269 3178/3456/3268 3176/3451/3263 3177/3454/3266
f 3179/3457/3269 3305/3458/3270 3180/3459/3271 3178/3456/3268
f 3181/3455/3267 3178/3456/3268 3180/3459/3271 3183/3460/3272
f 3181/3455/3267 3182/3461/3273 3170/3447/3259 3172/3449/3261
f 3181/3455/3267 3183/3460/3272 3184/3462/3274 3182/3461/3273
f 3185/3463/3275 3183/3460/3272 3180/3459/3271 3186/3464/3276
f 3185/3463/3275 3188/3465/3277 3184/3462/3274 3183/3460/3272
f 3185/3463/3275 3186/3464/3276 3304/3466/3278 3187/3467/3279
f 3185/3463/3275 3187/3467/3279 3190/3468/3280 3188/3465/3277
f 3189/3469/3281 3198/3470/3282 3184/3462/3274 3188/3465/3277
f 3189/3469/3281 3188/3465/3277 3190/3468/3280 3192/3471/3283
f 3193/3472/3284 3192/3471/3283 3190/3468/3280 3191/3473/3285
f 3439/3474/3286 3191/3473/3285 3190/3468/3280 3187/3467/3279
f 3193/3472/3284 3195/3475/3287 3194/3476/3288 3192/3471/3283
f 3189/3469/3281 3192/3471/3283 3194/3476/3288 3196/3477/3289
f 200/227/227 203/228/228 3194/3476/3288 3195/3475/3287
f 205/231/231 3196/3477/3289 3194/3476/3288 203/228/228
f 205/231/231 208/233/233 3197/3478/3290 3196/3477/3289
f 3189/3469/3281 3196/3477/3289 3197/3478/3290 3198/3470/3282
f 3200/234/234 3199/3479/3291 3197/3478/3290 208/233/233
f 3201/3480/3292 3198/3470/3282 3197/3478/3290 3199/3479/3291
f 3200/234/234 3205/3481/3293 3202/3482/3294 3199/3479/3291
f 3201/3480/3292 3199/3479/3291 3202/3482/3294 3203/3448/3260
f 3166/3441/3253 3203/3448/3260 3202/3482/3294 3204/3443/3255
f 3206/3483/3295 3204/3443/3255 3202/3482/3294 3205/3481/3293
f 3200/234/234 207/235/235 3207/239/239 3205/3481/3293
f 3206/3483/3295 3205/3481/3293 3207/239/239 3208/3484/3296
f 218/245/245 3208/3484/3296 3207/239/239 211/238/238
f 3206/3483/3295 3208/3484/3296 3209/3485/3297 3211/3437/3249
f 218/245/245 3037/3301/3113 3209/3485/3297 3208/3484/3296
f 3158/3430/3242 3211/3437/3249 3209/3485/3297 3210/3431/3243
f 3212/3303/3115 3210/3431/3243 3209/3485/3297 3037/3301/3113
f 3206/3483/3295 3211/3437/3249 3162/3436/3248 3204/3443/3255
f 3212/3303/3115 3213/3486/3298 3157/3428/3240 3210/3431/3243
f 3212/3303/3115 3036/3304/3116 3215/3309/3121 3213/3486/3298
f 3214/3487/3299 3155/3425/3237 3157/3428/3240 3213/3486/3298
f 3214/3487/3299 3213/3486/3298 3215/3309/3121 3216/3488/3300
f 3217/3314/3126 3216/3488/3300 3215/3309/3121 3041/3308/3120
f 3214/3487/3299 3216/3488/3300 3218/3489/3301 3219/3490/3302
f 3217/3314/3126 3220/3392/3204 3218/3489/3301 3216/3488/3300
f 3222/3405/3217 3219/3490/3302 3218/3489/3301 3221/3396/3208
f 3120/3390/3202 3221/3396/3208 3218/3489/3301 3220/3392/3204
f 3222/3405/3217 3221/3396/3208 3125/3395/3207 3135/3399/3211
f 3222/3405/3217 3136/3406/3218 3153/3426/3238 3219/3490/3302
f 3217/3314/3126 3045/3315/3127 3121/3321/3133 3220/3392/3204
f 3214/3487/3299 3219/3490/3302 3153/3426/3238 3155/3425/3237
f 3201/3480/3292 3203/3448/3260 3170/3447/3259 3182/3461/3273
f 3201/3480/3292 3182/3461/3273 3184/3462/3274 3198/3470/3282
f 200/227/227 3195/3475/3287 3223/3491/3303 3226/229/229
f 3193/3472/3284 3225/3492/3304 3223/3491/3303 3195/3475/3287
f 3227/3493/3305 3226/229/229 3223/3491/3303 3224/3494/3306
f 3445/3495/3307 3224/3494/3306 3223/3491/3303 3225/3492/3304
f 3227/3493/3305 3228/3496/3308 201/225/225 3226/229/229
f 3227/3493/3305 3229/3497/3309 3232/3498/3310 3228/3496/3308
f 3227/3493/3305 3224/3494/3306 3230/3499/3311 3229/3497/3309
f 3231/3500/3312 3229/3497/3309 3230/3499/3311 3244/3501/3313
f 3231/3500/3312 3233/3502/3314 3232/3498/3310 3229/3497/3309
f 3235/3503/3315 3234/3504/3316 3232/3498/3310 3233/3502/3314
f 3236/3505/3317 3228/3496/3308 3232/3498/3310 3234/3504/3316
f 3235/3503/3315 3237/206/206 196/222/222 3234/3504/3316
f 3236/3505/3317 3234/3504/3316 196/222/222 198/223/223
f 3236/3505/3317 198/223/223 201/225/225 3228/3496/3308
f 3235/3503/3315 3233/3502/3314 3239/3506/3318 3238/202/202
f 3235/3503/3315 3238/202/202 177/201/201 3237/206/206
f 178/197/197 3238/202/202 3239/3506/3318 175/196/196
f 173/194/194 175/196/196 3239/3506/3318 3240/3507/3319
f 3231/3500/3312 3240/3507/3319 3239/3506/3318 3233/3502/3314
f 173/194/194 3240/3507/3319 3241/3508/3320 3242/195/195
f 3231/3500/3312 3244/3501/3313 3241/3508/3320 3240/3507/3319
f 3444/3509/3321 3242/195/195 3241/3508/3320 3243/3510/3322
f 3245/3511/3323 3243/3510/3322 3241/3508/3320 3244/3501/3313
f 3245/3511/3323 3244/3501/3313 3230/3499/3311 3246/3512/3324
f 3245/3511/3323 3246/3512/3324 3250/3513/3325 3247/3514/3326
f 3245/3511/3323 3247/3514/3326 3248/3515/3327 3243/3510/3322
f 3249/3516/3328 3262/3517/3329 3248/3515/3327 3247/3514/3326
f 3249/3516/3328 3247/3514/3326 3250/3513/3325 3252/3518/3330
f 3253/3519/3331 3252/3518/3330 3250/3513/3325 3251/3520/3332
f 3445/3495/3307 3251/3520/3332 3250/3513/3325 3246/3512/3324
f 3253/3519/3331 3256/3521/3333 3254/3522/3334 3252/3518/3330
f 3249/3516/3328 3252/3518/3330 3254/3522/3334 3257/3523/3335
f 3258/3524/3336 3257/3523/3335 3254/3522/3334 3255/3525/3337
f 3443/3526/3338 3255/3525/3337 3254/3522/3334 3256/3521/3333
f 3258/3524/3336 3261/3527/3339 3259/3528/3340 3257/3523/3335
f 3249/3516/3328 3257/3523/3335 3259/3528/3340 3262/3517/3329
f 3263/3529/3341 3262/3517/3329 3259/3528/3340 3260/3530/3342
f 3283/3531/3343 3260/3530/3342 3259/3528/3340 3261/3527/3339
f 3263/3529/3341 3264/3532/3344 3248/3515/3327 3262/3517/3329
f 3263/3529/3341 3265/184/184 163/183/183 3264/3532/3344
f 3263/3529/3341 3260/3530/3342 3266/3533/3345 3265/184/184
f 159/177/177 3265/184/184 3266/3533/3345 3268/178/178
f 3269/3534/3346 3268/178/178 3266/3533/3345 3267/3535/3347
f 3283/3531/3343 3267/3535/3347 3266/3533/3345 3260/3530/3342
f 3269/3534/3346 3270/3536/3348 158/175/175 3268/178/178
f 3269/3537/3346 3267/3538/3347 3273/3539/3349 3271/3540/3350
f 3269/3537/3346 3271/3540/3350 3272/3541/3351 3270/3542/3348
f 3274/3543/3352 3275/3544/3353 3272/3541/3351 3271/3540/3350
f 3274/3543/3352 3271/3540/3350 3273/3539/3349 3277/3545/3354
f 3274/3543/3352 3276/3546/3355 3347/3547/3356 3275/3544/3353
f 3274/3543/3352 3277/3545/3354 3278/3548/3357 3276/3546/3355
f 3279/3549/3358 3277/3545/3354 3273/3539/3349 3282/3550/3359
f 3279/3549/3358 3280/3551/3360 3278/3548/3357 3277/3545/3354
f 3279/3549/3358 3281/3552/3361 3328/3553/3362 3280/3551/3360
f 3279/3549/3358 3282/3550/3359 3284/3554/3363 3281/3552/3361
f 3283/3555/3343 3282/3550/3359 3273/3539/3349 3267/3538/3347
f 3283/3555/3343 3261/3556/3339 3284/3554/3363 3282/3550/3359
f 3286/3557/3364 3281/3552/3361 3284/3554/3363 3285/3558/3365
f 3258/3559/3336 3285/3558/3365 3284/3554/3363 3261/3556/3339
f 3258/3559/3336 3255/3560/3337 3287/3561/3366 3285/3558/3365
f 3286/3557/3364 3285/3558/3365 3287/3561/3366 3289/3562/3367
f 3291/3563/3368 3289/3562/3367 3287/3561/3366 3288/3564/3369
f 3443/3565/3338 3288/3564/3369 3287/3561/3366 3255/3560/3337
f 3286/3557/3364 3289/3562/3367 3290/3566/3370 3324/3567/3371
f 3291/3563/3368 3292/3568/3372 3290/3566/3370 3289/3562/3367
f 3291/3563/3368 3288/3564/3369 3296/3569/3373 3293/3570/3374
f 3291/3563/3368 3293/3570/3374 3294/3571/3375 3292/3568/3372
f 3295/3572/3376 3315/3573/3377 3294/3571/3375 3293/3570/3374
f 3295/3572/3376 3293/3570/3374 3296/3569/3373 3298/3574/3378
f 3300/3575/3379 3298/3574/3378 3296/3569/3373 3297/3576/3380
f 3443/3565/3338 3297/3576/3380 3296/3569/3373 3288/3564/3369
f 3300/3575/3379 3302/3577/3381 3299/3578/3382 3298/3574/3378
f 3295/3572/3376 3298/3574/3378 3299/3578/3382 3312/3579/3383
f 3300/3575/3379 3297/3576/3380 3440/3580/3384 3301/3581/3385
f 3300/3575/3379 3301/3581/3385 3304/3466/3278 3302/3577/3381
f 3303/3582/3386 3307/3583/3387 3299/3578/3382 3302/3577/3381
f 3303/3582/3386 3302/3577/3381 3304/3466/3278 3186/3464/3276
f 3439/3474/3286 3187/3467/3279 3304/3466/3278 3301/3581/3385
f 3303/3582/3386 3186/3464/3276 3180/3459/3271 3305/3458/3270
f 3303/3582/3386 3305/3458/3270 3359/3584/3388 3306/3585/3389
f 3303/3582/3386 3306/3585/3389 3308/3586/3390 3307/3583/3387
f 3309/3587/3391 3307/3583/3387 3308/3586/3390 3311/3588/3392
f 3309/3587/3391 3312/3579/3383 3299/3578/3382 3307/3583/3387
f 3309/3587/3391 3310/3589/3393 3313/3590/3394 3312/3579/3383
f 3309/3587/3391 3311/3588/3392 3341/3591/3395 3310/3589/3393
f 3295/3572/3376 3312/3579/3383 3313/3590/3394 3315/3573/3377
f 3316/3592/3396 3315/3573/3377 3313/3590/3394 3314/3593/3397
f 3340/3594/3398 3314/3593/3397 3313/3590/3394 3310/3589/3393
f 3316/3592/3396 3318/3595/3399 3294/3571/3375 3315/3573/3377
f 3316/3592/3396 3314/3593/3397 3338/3596/3400 3317/3597/3401
f 3316/3592/3396 3317/3597/3401 3320/3598/3402 3318/3595/3399
f 3319/3599/3403 3292/3568/3372 3294/3571/3375 3318/3595/3399
f 3319/3599/3403 3318/3595/3399 3320/3598/3402 3322/3600/3404
f 3323/3601/3405 3322/3600/3404 3320/3598/3402 3321/3602/3406
f 3332/3603/3407 3321/3602/3406 3320/3598/3402 3317/3597/3401
f 3323/3601/3405 3324/3567/3371 3290/3566/3370 3322/3600/3404
f 3319/3599/3403 3322/3600/3404 3290/3566/3370 3292/3568/3372
f 3323/3601/3405 3321/3602/3406 3327/3604/3408 3325/3605/3409
f 3323/3601/3405 3325/3605/3409 3328/3553/3362 3324/3567/3371
f 3326/3606/3410 3280/3551/3360 3328/3553/3362 3325/3605/3409
f 3326/3606/3410 3325/3605/3409 3327/3604/3408 3329/3607/3411
f 3286/3557/3364 3324/3567/3371 3328/3553/3362 3281/3552/3361
f 3331/3608/3412 3329/3607/3411 3327/3604/3408 3330/3609/3413
f 3332/3603/3407 3330/3609/3413 3327/3604/3408 3321/3602/3406
f 3331/3608/3412 3330/3609/3413 3333/3610/3414 3334/3611/3415
f 3332/3603/3407 3336/3612/3416 3333/3610/3414 3330/3609/3413
f 3349/3613/3417 3334/3611/3415 3333/3610/3414 3335/3614/3418
f 3337/3615/3419 3335/3614/3418 3333/3610/3414 3336/3612/3416
f 3332/3603/3407 3317/3597/3401 3338/3596/3400 3336/3612/3416
f 3337/3615/3419 3336/3612/3416 3338/3596/3400 3339/3616/3420
f 3340/3594/3398 3339/3616/3420 3338/3596/3400 3314/3593/3397
f 3340/3594/3398 3310/3589/3393 3341/3591/3395 3339/3616/3420
f 3337/3615/3419 3339/3616/3420 3341/3591/3395 3342/3617/3421
f 3343/3618/3422 3342/3617/3421 3341/3591/3395 3311/3588/3392
f 3343/3618/3422 3345/3619/3423 3344/3620/3424 3342/3617/3421
f 3337/3615/3419 3342/3617/3421 3344/3620/3424 3335/3614/3418
f 3349/3613/3417 3335/3614/3418 3344/3620/3424 3346/3621/3425
f 3348/3622/3426 3346/3621/3425 3344/3620/3424 3345/3619/3423
f 3348/3622/3426 3275/3544/3353 3347/3547/3356 3346/3621/3425
f 3349/3613/3417 3346/3621/3425 3347/3547/3356 3334/3611/3415
f 3348/3622/3426 3350/3623/3427 3272/3541/3351 3275/3544/3353
f 3348/3622/3426 3345/3619/3423 3351/3624/3428 3350/3623/3427
f 3352/3625/3429 3270/3542/3348 3272/3541/3351 3350/3623/3427
f 3352/3625/3429 3350/3623/3427 3351/3624/3428 3354/3626/3430
f 3352/3627/3429 3353/3628/3431 154/173/173 156/172/172
f 3352/3625/3429 3354/3626/3430 3355/3629/3432 3353/3630/3431
f 3352/3627/3429 156/172/172 158/175/175 3270/3536/3348
f 3356/3631/3433 3357/3632/3434 3355/3629/3432 3354/3626/3430
f 3356/3631/3433 3354/3626/3430 3351/3624/3428 3358/3633/3435
f 3356/3631/3433 3306/3585/3389 3359/3584/3388 3357/3632/3434
f 3356/3631/3433 3358/3633/3435 3308/3586/3390 3306/3585/3389
f 3343/3618/3422 3311/3588/3392 3308/3586/3390 3358/3633/3435
f 3343/3618/3422 3358/3633/3435 3351/3624/3428 3345/3619/3423
f 3360/3634/3436 3357/3632/3434 3359/3584/3388 3363/3635/3437
f 3360/3634/3436 3361/3636/3438 3355/3629/3432 3357/3632/3434
f 3360/3634/3436 3362/3637/3439 3437/3638/3440 3361/3636/3438
f 3360/3634/3436 3363/3635/3437 3364/3639/3441 3362/3637/3439
f 3179/3457/3269 3177/3454/3266 3364/3639/3441 3363/3635/3437
f 3179/3457/3269 3363/3635/3437 3359/3584/3388 3305/3458/3270
f 3366/3640/3442 3362/3637/3439 3364/3639/3441 3365/3641/3443
f 3175/667/663 3365/3641/3443 3364/3639/3441 3177/3454/3266
f 3366/3640/3442 3365/3641/3443 3367/3642/3444 3368/3643/3445
f 3175/667/663 589/662/658 3367/3642/3444 3365/3641/3443
f 3371/3644/3446 3368/3643/3445 3367/3642/3444 3369/3645/3447
f 585/661/657 3369/3645/3447 3367/3642/3444 589/662/658
f 585/661/657 583/658/654 3370/3646/3448 3369/3645/3447
f 3371/3644/3446 3369/3645/3447 3370/3646/3448 3372/3647/3449
f 3371/3644/3446 3372/3647/3449 3374/3648/3450 3373/3649/3451
f 3371/3644/3446 3373/3649/3451 3375/3650/3452 3368/3643/3445
f 3376/3651/3453 3373/3649/3451 3374/3648/3450 3379/3652/3454
f 3376/3651/3453 3377/3653/3455 3375/3650/3452 3373/3649/3451
f 3376/3654/3453 3378/3655/3456 3388/3656/3457 3377/3657/3455
f 3376/3654/3453 3379/3658/3454 3381/3659/3458 3378/3655/3456
f 3380/3660/597 3379/3652/3454 3374/3648/3450 3419/3661/3459
f 3380/597/597 540/594/594 3381/3659/3458 3379/3658/3454
f 3384/3662/3460 3378/3655/3456 3381/3659/3458 3382/3663/3461
f 538/592/592 3382/3663/3461 3381/3659/3458 540/594/594
f 538/592/592 536/593/593 3383/3664/3462 3382/3663/3461
f 3384/3662/3460 3382/3663/3461 3383/3664/3462 3385/3665/3463
f 3384/3662/3460 3385/3665/3463 3387/3666/3464 3386/3667/3465
f 3384/3662/3460 3386/3667/3465 3388/3656/3457 3378/3655/3456
f 3389/3668/3466 3386/3667/3465 3387/3666/3464 3392/3669/3467
f 3389/3668/3466 3390/147/147 3388/3656/3457 3386/3667/3465
f 3389/3668/3466 3391/3670/3468 130/143/143 3390/147/147
f 3389/3668/3466 3392/3669/3467 3394/3671/3469 3391/3670/3468
f 3393/3672/3470 3392/3669/3467 3387/3666/3464 3414/3673/3471
f 3393/3672/3470 3395/3674/3472 3394/3671/3469 3392/3669/3467
f 3397/3675/3473 3391/3670/3468 3394/3671/3469 3396/3676/3474
f 3398/3677/3475 3396/3676/3474 3394/3671/3469 3395/3674/3472
f 3397/3675/3473 3396/3676/3474 3399/6/6 3400/3678/3476
f 3398/3677/3475 2/2/2 3399/6/6 3396/3676/3474
f 3401/3679/3477 3400/3678/3476 3399/6/6 3/5/5
f 3401/3679/3477 3402/140/140 125/139/139 3400/3678/3476
f 3397/3675/3473 3400/3678/3476 125/139/139 127/141/141
f 3401/3679/3477 3403/3680/3478 3404/3681/3479 3402/140/140
f 3401/3679/3477 3/5/5 7/8/8 3403/3680/3478
f 66/75/75 3403/3680/3478 7/8/8 64/13/13
f 66/75/75 3406/77/77 3404/3681/3479 3403/3680/3478
f 124/138/138 3402/140/140 3404/3681/3479 3405/3682/3480
f 3407/83/83 3405/3682/3480 3404/3681/3479 3406/77/77
f 3407/83/83 3406/77/77 67/76/76 75/80/80
f 3407/83/83 74/84/84 3408/87/87 3405/3682/3480
f 124/138/138 3405/3682/3480 3408/87/87 3409/102/102
f 91/90/90 3409/102/102 3408/87/87 78/86/86
f 124/138/138 3409/102/102 90/101/101 122/134/134
f 3398/3677/3475 3395/3674/3472 3411/3683/3481 3410/382/382
f 3398/3677/3475 3410/382/382 348/3/3 2/2/2
f 349/381/381 3410/382/382 3411/3683/3481 355/388/388
f 3413/389/389 355/388/388 3411/3683/3481 3412/3684/3482
f 3393/3672/3470 3412/3684/3482 3411/3683/3481 3395/3674/3472
f 3413/389/389 3412/3684/3482 484/530/530 482/529/529
f 3393/3672/3470 3415/534/534 484/530/530 3412/3684/3482
f 3413/389/389 482/529/529 480/528/528 356/390/390
f 3397/3675/3473 127/141/141 130/143/143 3391/3670/3468
f 3393/3672/3470 3414/3673/3471 505/552/552 502/551/551
f 3393/3672/3470 502/551/551 500/548/548 3415/534/534
f 485/533/533 3415/534/534 500/548/548 492/539/539
f 3416/3685/3483 3414/3673/3471 3387/3666/3464 3385/3665/3463
f 3416/3685/3483 3418/556/556 505/552/552 3414/3673/3471
f 3416/3685/3483 3417/578/578 520/572/572 3418/556/556
f 3416/3685/3483 3385/3665/3463 3383/3664/3462 3417/578/578
f 524/577/577 3417/578/578 3383/3664/3462 536/593/593
f 129/145/145 3377/3657/3455 3388/3656/3457 3390/147/147
f 3380/3660/597 3419/3661/3459 3420/607/604 541/606/598
f 3421/3686/3484 3422/3687/3485 3420/607/604 3419/3661/3459
f 3421/3686/3484 3419/3661/3459 3374/3648/3450 3372/3647/3449
f 3421/3686/3484 3423/3688/3486 3424/3689/3487 3422/3687/3485
f 3421/3686/3484 3372/3647/3449 3370/3646/3448 3423/3688/3486
f 581/656/652 3423/3688/3486 3370/3646/3448 583/658/654
f 581/656/652 3425/657/653 3424/3689/3487 3423/3688/3486
f 3428/3690/3488 3426/3691/3489 3424/3689/3487 3425/657/653
f 3427/612/608 3422/3687/3485 3424/3689/3487 3426/3691/3489
f 3427/612/608 3426/3691/3489 3429/620/616 549/613/609
f 3428/3690/3488 3430/3692/3490 3429/620/616 3426/3691/3489
f 3431/3693/3491 553/618/614 3429/620/616 3430/3692/3490
f 3431/3693/3491 3430/3692/3490 3432/3694/3492 3434/628/624
f 3428/3690/3488 3433/650/646 3432/3694/3492 3430/3692/3490
f 573/645/641 3435/633/629 3432/3694/3492 3433/650/646
f 560/627/623 3434/628/624 3432/3694/3492 3435/633/629
f 3431/3693/3491 3434/628/624 555/619/615 553/618/614
f 3428/3690/3488 3425/657/653 577/651/647 3433/650/646
f 3427/612/608 545/603/602 3420/607/604 3422/3687/3485
f 129/3695/145 3436/3696/3493 3375/3650/3452 3377/3653/3455
f 3366/3640/3442 3368/3643/3445 3375/3650/3452 3436/3696/3493
f 129/3695/145 137/3697/151 3437/3638/3440 3436/3696/3493
f 3366/3640/3442 3436/3696/3493 3437/3638/3440 3362/3637/3439
f 3438/3698/152 3361/3636/3438 3437/3638/3440 137/3697/151
f 3438/3698/152 3353/3630/3431 3355/3629/3432 3361/3636/3438
f 3438/152/152 136/153/153 154/173/173 3353/3628/3431
f 3331/3608/3412 3334/3611/3415 3347/3547/3356 3276/3546/3355
f 3331/3608/3412 3276/3546/3355 3278/3548/3357 3329/3607/3411
f 3326/3606/3410 3329/3607/3411 3278/3548/3357 3280/3551/3360
f 3439/3474/3286 3301/3581/3385 3440/3580/3384 3441/3699/3494
f 3253/3700/3331 3441/3699/3494 3440/3580/3384 3256/3701/3333
f 3443/3565/3338 3256/3701/3333 3440/3580/3384 3297/3576/3380
f 3253/3700/3331 3251/3702/3332 3442/3703/3495 3441/3699/3494
f 3439/3474/3286 3441/3699/3494 3442/3703/3495 3191/3473/3285
f 3445/3495/3307 3225/3492/3304 3442/3703/3495 3251/3702/3332
f 3193/3472/3284 3191/3473/3285 3442/3703/3495 3225/3492/3304
f 3444/3509/3321 3243/3510/3322 3248/3515/3327 3264/3532/3344
f 3444/3509/3321 3264/3532/3344 163/183/183 165/182/182
f 3444/3509/3321 165/182/182 168/186/186 3242/195/195
f 3445/3495/3307 3246/3512/3324 3230/3499/3311 3224/3494/3306
f 3175/667/663 3446/3453/3265 3447/3704/3496 588/666/662
f 3448/3705/3497 3449/3706/3498 3447/3704/3496 3446/3453/3265
f 3448/3705/3497 3446/3453/3265 3174/3452/3264 3451/3707/3499
f 3448/3705/3497 3450/3708/3500 3580/3709/3501 3449/3706/3498
f 3448/3705/3497 3451/3707/3499 3452/3710/3502 3450/3708/3500
f 3453/3446/3258 3454/3711/3503 3452/3710/3502 3451/3707/3499
f 3453/3446/3258 3451/3707/3499 3174/3452/3264 3168/3445/3257
f 3453/3446/3258 3164/3439/3251 3456/3438/3250 3454/3711/3503
f 3455/3712/3504 3458/3713/3505 3452/3710/3502 3454/3711/3503
f 3455/3712/3504 3454/3711/3503 3456/3438/3250 3457/3422/3234
f 3148/3420/3232 3457/3422/3234 3456/3438/3250 3160/3434/3246
f 3455/3712/3504 3457/3422/3234 3149/3417/3229 3459/3714/3506
f 3455/3712/3504 3459/3714/3506 3461/3715/3507 3458/3713/3505
f 3460/3716/3508 3459/3714/3506 3149/3417/3229 3146/3416/3228
f 3460/3716/3508 3462/3717/3509 3461/3715/3507 3459/3714/3506
f 3466/3718/3510 3458/3713/3505 3461/3715/3507 3463/3719/3511
f 3464/3720/3512 3463/3719/3511 3461/3715/3507 3462/3717/3509
f 3464/3720/3512 3544/3721/3513 3465/3722/3514 3463/3719/3511
f 3466/3718/3510 3463/3719/3511 3465/3722/3514 3468/3723/3515
f 3466/3718/3510 3450/3708/3500 3452/3710/3502 3458/3713/3505
f 3466/3718/3510 3467/3724/3516 3580/3709/3501 3450/3708/3500
f 3466/3718/3510 3468/3723/3515 3469/3725/3517 3467/3724/3516
f 3470/3726/3518 3468/3723/3515 3465/3722/3514 3472/3727/3519
f 3470/3726/3518 3473/3728/3520 3469/3725/3517 3468/3723/3515
f 3470/3726/3518 3471/3729/3521 3475/3730/3522 3473/3728/3520
f 3470/3726/3518 3472/3727/3519 3545/3731/3523 3471/3729/3521
f 3474/3732/3524 3473/3728/3520 3475/3730/3522 3476/3733/3525
f 3474/3732/3524 3583/3734/3526 3469/3725/3517 3473/3728/3520
f 3478/3735/3527 3477/3736/3528 3475/3730/3522 3471/3729/3521
f 3480/3737/3529 3476/3733/3525 3475/3730/3522 3477/3736/3528
f 3478/3735/3527 3546/3738/3530 3479/3739/3531 3477/3736/3528
f 3480/3737/3529 3477/3736/3528 3479/3739/3531 3481/3740/3532
f 3480/3737/3529 3481/3740/3532 3484/3741/3533 3482/3742/3534
f 3480/3737/3529 3482/3742/3534 3485/3743/3535 3476/3733/3525
f 3483/3744/3536 3486/3745/3537 3485/3743/3535 3482/3742/3534
f 3483/3744/3536 3482/3742/3534 3484/3741/3533 3524/3746/3538
f 3474/3732/3524 3476/3733/3525 3485/3743/3535 3487/3747/3539
f 3489/3748/3540 3487/3747/3539 3485/3743/3535 3486/3745/3537
f 3489/3748/3540 3490/3749/3541 3488/3750/3542 3487/3747/3539
f 3474/3732/3524 3487/3747/3539 3488/3750/3542 3583/3734/3526
f 3489/3748/3540 3486/3745/3537 3493/3751/3543 3491/3752/3544
f 3489/3748/3540 3491/3752/3544 3492/3753/3545 3490/3749/3541
f 3494/3754/3546 3497/3755/3547 3492/3753/3545 3491/3752/3544
f 3494/3754/3546 3491/3752/3544 3493/3751/3543 3496/3756/3548
f 3494/3754/3546 3495/3757/3549 3499/3758/3550 3497/3755/3547
f 3494/3754/3546 3496/3756/3548 3517/3759/3551 3495/3757/3549
f 3498/3760/3552 3565/3761/3553 3492/3753/3545 3497/3755/3547
f 3498/3760/3552 3497/3755/3547 3499/3758/3550 3501/3762/3554
f 3515/3763/3555 3500/3764/3556 3499/3758/3550 3495/3757/3549
f 3502/3765/3557 3501/3762/3554 3499/3758/3550 3500/3764/3556
f 3502/3765/3557 3505/3766/3558 3503/3767/3559 3501/3762/3554
f 3498/3760/3552 3501/3762/3554 3503/3767/3559 3504/3768/3560
f 3563/3365/3177 3504/3768/3560 3503/3767/3559 3096/3364/3176
f 3098/3363/3175 3096/3364/3176 3503/3767/3559 3505/3766/3558
f 3502/3765/3557 3508/3769/3561 3506/3770/3562 3505/3766/3558
f 3098/3363/3175 3505/3766/3558 3506/3770/3562 3101/3366/3178
f 3557/3371/3183 3101/3366/3178 3506/3770/3562 3507/3771/3563
f 3509/3772/3564 3507/3771/3563 3506/3770/3562 3508/3769/3561
f 3502/3765/3557 3500/3764/3556 3510/3773/3565 3508/3769/3561
f 3509/3772/3564 3508/3769/3561 3510/3773/3565 3511/3774/3566
f 3513/3775/3567 3511/3774/3566 3510/3773/3565 3512/3776/3568
f 3515/3763/3555 3512/3776/3568 3510/3773/3565 3500/3764/3556
f 3513/3775/3567 3512/3776/3568 3514/3777/3569 3562/3778/3570
f 3515/3763/3555 3516/3779/3571 3514/3777/3569 3512/3776/3568
f 3515/3763/3555 3495/3757/3549 3517/3759/3551 3516/3779/3571
f 3518/3780/3572 3519/3781/3573 3514/3777/3569 3516/3779/3571
f 3518/3780/3572 3516/3779/3571 3517/3759/3551 3520/3782/3574
f 3518/3780/3572 3520/3782/3574 3521/3783/3575 3519/3781/3573
f 3522/3784/3576 3523/3785/3577 3521/3783/3575 3520/3782/3574
f 3522/3784/3576 3520/3782/3574 3517/3759/3551 3496/3756/3548
f 3522/3784/3576 3524/3746/3538 3484/3741/3533 3523/3785/3577
f 3522/3784/3576 3496/3756/3548 3493/3751/3543 3524/3746/3538
f 3483/3744/3536 3524/3746/3538 3493/3751/3543 3486/3745/3537
f 3525/3786/3578 3523/3785/3577 3484/3741/3533 3481/3740/3532
f 3525/3786/3578 3527/3787/3579 3521/3783/3575 3523/3785/3577
f 3525/3786/3578 3526/3788/3580 3529/3789/3581 3527/3787/3579
f 3525/3786/3578 3481/3740/3532 3479/3739/3531 3526/3788/3580
f 3528/3790/3582 3519/3781/3573 3521/3783/3575 3527/3787/3579
f 3528/3790/3582 3527/3787/3579 3529/3789/3581 3530/3791/3583
f 3532/3792/3584 3531/3793/3585 3529/3789/3581 3526/3788/3580
f 3534/3794/3586 3530/3791/3583 3529/3789/3581 3531/3793/3585
f 3532/3792/3584 3543/3795/3587 3533/3796/3588 3531/3793/3585
f 3534/3794/3586 3531/3793/3585 3533/3796/3588 3535/3797/3589
f 3534/3794/3586 3535/3797/3589 3536/3798/3590 3530/3791/3583
f 3537/3799/3591 3538/3800/3592 3536/3798/3590 3535/3797/3589
f 3537/3799/3591 3535/3797/3589 3533/3796/3588 3540/3801/3593
f 3537/3799/3591 3539/3802/3594 3561/3803/3595 3538/3800/3592
f 3537/3799/3591 3540/3801/3593 3541/3804/3596 3539/3802/3594
f 3542/3805/3597 3544/3721/3513 3541/3804/3596 3540/3801/3593
f 3542/3805/3597 3540/3801/3593 3533/3796/3588 3543/3795/3587
f 3542/3805/3597 3472/3727/3519 3465/3722/3514 3544/3721/3513
f 3542/3805/3597 3543/3795/3587 3545/3731/3523 3472/3727/3519
f 3464/3720/3512 3547/3806/3598 3541/3804/3596 3544/3721/3513
f 3532/3792/3584 3546/3738/3530 3545/3731/3523 3543/3795/3587
f 3478/3735/3527 3471/3729/3521 3545/3731/3523 3546/3738/3530
f 3532/3792/3584 3526/3788/3580 3479/3739/3531 3546/3738/3530
f 3548/3807/3599 3539/3802/3594 3541/3804/3596 3547/3806/3598
f 3548/3807/3599 3547/3806/3598 3549/3808/3600 3551/3809/3601
f 3464/3720/3512 3462/3717/3509 3549/3808/3600 3547/3806/3598
f 3552/3810/3602 3551/3809/3601 3549/3808/3600 3550/3811/3603
f 3460/3716/3508 3550/3811/3603 3549/3808/3600 3462/3717/3509
f 3552/3810/3602 3555/3812/3604 3553/3813/3605 3551/3809/3601
f 3548/3807/3599 3551/3809/3601 3553/3813/3605 3554/3814/3606
f 3509/3772/3564 3554/3814/3606 3553/3813/3605 3507/3771/3563
f 3557/3371/3183 3507/3771/3563 3553/3813/3605 3555/3812/3604
f 3552/3810/3602 3558/3414/3226 3556/3815/3607 3555/3812/3604
f 3557/3371/3183 3555/3812/3604 3556/3815/3607 3100/3370/3182
f 3103/3369/3181 3100/3370/3182 3556/3815/3607 3559/3816/3608
f 3143/3411/3223 3559/3816/3608 3556/3815/3607 3558/3414/3226
f 3143/3411/3223 3140/3408/3220 3560/3817/3609 3559/3816/3608
f 3103/3369/3181 3559/3816/3608 3560/3817/3609 3105/3373/3185
f 3133/3401/3213 3131/3402/3214 3560/3817/3609 3140/3408/3220
f 3108/3374/3186 3105/3373/3185 3560/3817/3609 3131/3402/3214
f 3552/3810/3602 3550/3811/3603 3144/3415/3227 3558/3414/3226
f 3509/3772/3564 3511/3774/3566 3561/3803/3595 3554/3814/3606
f 3548/3807/3599 3554/3814/3606 3561/3803/3595 3539/3802/3594
f 3513/3775/3567 3538/3800/3592 3561/3803/3595 3511/3774/3566
f 3460/3716/3508 3146/3416/3228 3144/3415/3227 3550/3811/3603
f 3513/3775/3567 3562/3778/3570 3536/3798/3590 3538/3800/3592
f 3528/3790/3582 3530/3791/3583 3536/3798/3590 3562/3778/3570
f 3528/3790/3582 3562/3778/3570 3514/3777/3569 3519/3781/3573
f 3563/3365/3177 3567/3351/3163 3564/3818/3610 3504/3768/3560
f 3498/3760/3552 3504/3768/3560 3564/3818/3610 3565/3761/3553
f 3568/3819/3611 3565/3761/3553 3564/3818/3610 3566/3820/3612
f 3084/3349/3161 3566/3820/3612 3564/3818/3610 3567/3351/3163
f 3563/3365/3177 3091/3356/3168 3085/3352/3164 3567/3351/3163
f 3568/3819/3611 3566/3820/3612 3569/3821/3613 3571/3822/3614
f 3084/3349/3161 3082/3347/3159 3569/3821/3613 3566/3820/3612
f 3573/3823/3615 3571/3822/3614 3569/3821/3613 3570/3824/3616
f 3080/3346/3158 3570/3824/3616 3569/3821/3613 3082/3347/3159
f 3573/3823/3615 3575/3825/3617 3572/3826/3618 3571/3822/3614
f 3568/3819/3611 3571/3822/3614 3572/3826/3618 3582/3827/3619
f 3573/3823/3615 3574/3828/3620 3577/3829/3621 3575/3825/3617
f 3573/3823/3615 3570/3824/3616 3584/3830/3622 3574/3828/3620
f 3576/3831/3623 3579/3832/3624 3572/3826/3618 3575/3825/3617
f 3576/3831/3623 3575/3825/3617 3577/3829/3621 3578/3833/3625
f 591/665/661 3578/3833/3625 3577/3829/3621 594/670/666
f 641/673/669 594/670/666 3577/3829/3621 3574/3828/3620
f 591/665/661 588/666/662 3447/3704/3496 3578/3833/3625
f 3576/3831/3623 3578/3833/3625 3447/3704/3496 3449/3706/3498
f 3576/3831/3623 3449/3706/3498 3580/3709/3501 3579/3832/3624
f 3581/3834/3626 3579/3832/3624 3580/3709/3501 3467/3724/3516
f 3581/3834/3626 3582/3827/3619 3572/3826/3618 3579/3832/3624
f 3581/3834/3626 3583/3734/3526 3488/3750/3542 3582/3827/3619
f 3581/3834/3626 3467/3724/3516 3469/3725/3517 3583/3734/3526
f 3568/3819/3611 3582/3827/3619 3488/3750/3542 3490/3749/3541
f 641/673/669 3574/3828/3620 3584/3830/3622 643/723/719
f 645/724/720 643/723/719 3584/3830/3622 3078/3344/3156
f 3080/3346/3158 3078/3344/3156 3584/3830/3622 3570/3824/3616
f 3568/3819/3611 3490/3749/3541 3492/3753/3545 3565/3761/3553
f 3586/249/249 3587/3835/3627 3585/3836/3628 3033/3299/3111
f 3027/3291/3103 3033/3299/3111 3585/3836/3628 3590/3293/3105
f 3586/249/249 220/250/250 3588/3837/3629 3587/3835/3627
f 1014/1128/1097 3587/3835/3627 3588/3837/3629 1011/1125/1094
f 1014/1128/1097 1016/1131/1100 3585/3836/3628 3587/3835/3627
f 223/251/251 3589/260/260 3588/3837/3629 220/250/250
f 1008/1120/1089 1011/1125/1094 3588/3837/3629 3589/260/260
f 1008/1120/1089 3589/260/260 228/259/259 1004/1119/1088
f 1020/1132/1101 3590/3293/3105 3585/3836/3628 1016/1131/1100
f 1020/1132/1101 1023/1137/1106 3023/3287/3099 3590/3293/3105
f 998/1112/1081 1004/1119/1088 228/259/259 230/258/258
f 3593/3838/3630 981/1095/1064 983/1097/1066 3592/3839/3631
f 3594/3840/3632 3592/3839/3631 983/1097/1066 3591/408/408
f 3593/3838/3630 3592/3839/3631 3595/3841/3633 3598/3842/3634
f 3594/3840/3632 3597/3843/3635 3595/3841/3633 3592/3839/3631
f 3600/3844/3636 3598/3842/3634 3595/3841/3633 3596/3845/3637
f 3764/3846/3638 3596/3845/3637 3595/3841/3633 3597/3843/3635
f 3600/3844/3636 3601/3847/3639 3599/3848/3640 3598/3842/3634
f 3593/3838/3630 3598/3842/3634 3599/3848/3640 3713/3849/3641
f 3600/3844/3636 3602/3850/3642 3603/3851/3643 3601/3847/3639
f 3600/3844/3636 3596/3845/3637 3605/3852/3644 3602/3850/3642
f 3604/3853/3645 3634/3854/3646 3603/3851/3643 3602/3850/3642
f 3604/3853/3645 3602/3850/3642 3605/3852/3644 3607/3855/3647
f 3608/3856/3648 3607/3855/3647 3605/3852/3644 3606/3857/3649
f 3764/3846/3638 3606/3857/3649 3605/3852/3644 3596/3845/3637
f 3608/3856/3648 3611/3858/3650 3609/3859/3651 3607/3855/3647
f 3604/3853/3645 3607/3855/3647 3609/3859/3651 3612/3860/3652
f 3614/3861/3653 3612/3860/3652 3609/3859/3651 3610/3862/3654
f 3767/3863/3655 3610/3862/3654 3609/3859/3651 3611/3858/3650
f 3604/3853/3645 3612/3860/3652 3613/3864/3656 3634/3854/3646
f 3614/3861/3653 3615/3865/3657 3613/3864/3656 3612/3860/3652
f 3614/3861/3653 3616/3866/3658 3619/3867/3659 3615/3865/3657
f 3614/3861/3653 3610/3862/3654 3618/3868/3660 3616/3866/3658
f 3617/3869/3661 3616/3866/3658 3618/3868/3660 3756/3870/3662
f 3617/3869/3661 3621/3871/3663 3619/3867/3659 3616/3866/3658
f 3632/3872/3664 3615/3865/3657 3619/3867/3659 3620/3873/3665
f 3623/3874/3666 3620/3873/3665 3619/3867/3659 3621/3871/3663
f 3617/3869/3661 3754/3875/3667 3622/3876/3668 3621/3871/3663
f 3623/3874/3666 3621/3871/3663 3622/3876/3668 3624/3877/3669
f 3623/3874/3666 3624/3877/3669 3626/3878/3670 3625/3879/3671
f 3623/3874/3666 3625/3879/3671 3628/3880/3672 3620/3873/3665
f 3627/3881/3673 3625/3879/3671 3626/3878/3670 3645/3882/3674
f 3627/3881/3673 3629/3883/3675 3628/3880/3672 3625/3879/3671
f 3631/3884/3676 3630/3885/3677 3628/3880/3672 3629/3883/3675
f 3632/3872/3664 3620/3873/3665 3628/3880/3672 3630/3885/3677
f 3631/3884/3676 3634/3854/3646 3613/3864/3656 3630/3885/3677
f 3632/3872/3664 3630/3885/3677 3613/3864/3656 3615/3865/3657
f 3631/3884/3676 3633/3886/3678 3603/3851/3643 3634/3854/3646
f 3631/3884/3676 3629/3883/3675 3635/3887/3679 3633/3886/3678
f 3636/3888/3680 3633/3886/3678 3635/3887/3679 3638/3889/3681
f 3636/3888/3680 3601/3847/3639 3603/3851/3643 3633/3886/3678
f 3636/3888/3680 3637/3890/3682 3599/3848/3640 3601/3847/3639
f 3636/3888/3680 3638/3889/3681 3639/3891/3683 3637/3890/3682
f 3640/3892/3684 3641/3893/3685 3639/3891/3683 3638/3889/3681
f 3640/3892/3684 3638/3889/3681 3635/3887/3679 3643/3894/3686
f 3640/3892/3684 3642/3895/3687 3709/3896/3688 3641/3893/3685
f 3640/3892/3684 3643/3894/3686 3644/3897/3689 3642/3895/3687
f 3627/3881/3673 3643/3894/3686 3635/3887/3679 3629/3883/3675
f 3627/3881/3673 3645/3882/3674 3644/3897/3689 3643/3894/3686
f 3648/3898/3690 3642/3895/3687 3644/3897/3689 3646/3899/3691
f 3647/3900/3692 3646/3899/3691 3644/3897/3689 3645/3882/3674
f 3647/3900/3692 3651/3901/3693 3649/3902/3694 3646/3899/3691
f 3648/3898/3690 3646/3899/3691 3649/3902/3694 3650/3903/3695
f 3655/3904/3696 3650/3903/3695 3649/3902/3694 3652/3905/3697
f 3653/3906/3698 3652/3905/3697 3649/3902/3694 3651/3901/3693
f 3653/3906/3698 3745/3907/3699 3654/3908/3700 3652/3905/3697
f 3655/3904/3696 3652/3905/3697 3654/3908/3700 3656/3909/3701
f 3655/3904/3696 3656/3909/3701 3660/3910/3702 3657/3911/3703
f 3655/3904/3696 3657/3911/3703 3659/3912/3704 3650/3903/3695
f 3658/3913/3705 3711/3914/3706 3659/3912/3704 3657/3911/3703
f 3658/3913/3705 3657/3911/3703 3660/3910/3702 3662/3915/3707
f 3663/3916/3708 3662/3915/3707 3660/3910/3702 3661/3917/3709
f 3714/3918/3710 3661/3917/3709 3660/3910/3702 3656/3909/3701
f 3663/3916/3708 3666/3919/3711 3664/3920/3712 3662/3915/3707
f 3658/3913/3705 3662/3915/3707 3664/3920/3712 3667/3921/3713
f 3669/3922/3714 3667/3921/3713 3664/3920/3712 3665/3923/3715
f 510/560/560 3665/3923/3715 3664/3920/3712 3666/3919/3711
f 3669/3922/3714 3670/3924/3716 3668/3925/3717 3667/3921/3713
f 3658/3913/3705 3667/3921/3713 3668/3925/3717 3711/3914/3706
f 3669/3922/3714 3671/3926/3718 3672/3927/3719 3670/3924/3716
f 3669/3922/3714 3665/3923/3715 3674/3928/3720 3671/3926/3718
f 3673/3929/3721 3684/3930/3722 3672/3927/3719 3671/3926/3718
f 3673/3929/3721 3671/3926/3718 3674/3928/3720 3676/3931/3723
f 3677/911/898 3676/3931/3723 3674/3928/3720 3675/562/562
f 510/560/560 3675/562/562 3674/3928/3720 3665/3923/3715
f 3677/911/898 815/912/899 3678/3932/3724 3676/3931/3723
f 3673/3929/3721 3676/3931/3723 3678/3932/3724 3680/3933/3725
f 817/913/900 3679/921/908 3678/3932/3724 815/912/899
f 3681/1056/1025 3680/3933/3725 3678/3932/3724 3679/921/908
f 3673/3929/3721 3680/3933/3725 3682/3934/3726 3684/3930/3722
f 3681/1056/1025 947/1057/1026 3682/3934/3726 3680/3933/3725
f 3685/3935/3727 3684/3930/3722 3682/3934/3726 3683/3936/3728
f 950/1058/1027 3683/3936/3728 3682/3934/3726 947/1057/1026
f 3685/3935/3727 3687/3937/3729 3672/3927/3719 3684/3930/3722
f 3685/3935/3727 3683/3936/3728 3698/3938/3730 3686/3939/3731
f 3685/3935/3727 3686/3939/3731 3689/3940/3732 3687/3937/3729
f 3688/3941/3733 3687/3937/3729 3689/3940/3732 3690/3942/3734
f 3688/3941/3733 3670/3924/3716 3672/3927/3719 3687/3937/3729
f 3693/3943/3735 3690/3942/3734 3689/3940/3732 3691/3944/3736
f 3694/3945/3737 3691/3944/3736 3689/3940/3732 3686/3939/3731
f 3694/3945/3737 3695/1082/1051 3692/3946/3738 3691/3944/3736
f 3693/3943/3735 3691/3944/3736 3692/3946/3738 3700/3947/3739
f 3694/3945/3737 3696/3948/3740 968/1079/1048 3695/1082/1051
f 3694/3945/3737 3686/3939/3731 3698/3938/3730 3696/3948/3740
f 3697/1062/1031 3696/3948/3740 3698/3938/3730 953/1061/1030
f 3697/1062/1031 962/1073/1042 968/1079/1048 3696/3948/3740
f 950/1058/1027 953/1061/1030 3698/3938/3730 3683/3936/3728
f 969/1081/1050 975/1089/1058 3692/3946/3738 3695/1082/1051
f 3693/3943/3735 3699/3949/3741 3707/3950/3742 3690/3942/3734
f 3693/3943/3735 3700/3947/3739 3701/3951/3743 3699/3949/3741
f 978/1090/1059 3700/3947/3739 3692/3946/3738 975/1089/1058
f 978/1090/1059 3702/1094/1063 3701/3951/3743 3700/3947/3739
f 3704/3952/3744 3703/3953/3745 3701/3951/3743 3702/1094/1063
f 3705/3954/3746 3699/3949/3741 3701/3951/3743 3703/3953/3745
f 3704/3952/3744 3637/3890/3682 3639/3891/3683 3703/3953/3745
f 3705/3954/3746 3703/3953/3745 3639/3891/3683 3641/3893/3685
f 3705/3954/3746 3706/3955/3747 3707/3950/3742 3699/3949/3741
f 3705/3954/3746 3641/3893/3685 3709/3896/3688 3706/3955/3747
f 3708/3956/3748 3712/3957/3749 3707/3950/3742 3706/3955/3747
f 3708/3956/3748 3706/3955/3747 3709/3896/3688 3710/3958/3750
f 3648/3898/3690 3710/3958/3750 3709/3896/3688 3642/3895/3687
f 3708/3956/3748 3710/3958/3750 3659/3912/3704 3711/3914/3706
f 3648/3898/3690 3650/3903/3695 3659/3912/3704 3710/3958/3750
f 3708/3956/3748 3711/3914/3706 3668/3925/3717 3712/3957/3749
f 3688/3941/3733 3712/3957/3749 3668/3925/3717 3670/3924/3716
f 3688/3941/3733 3690/3942/3734 3707/3950/3742 3712/3957/3749
f 3704/3952/3744 3702/1094/1063 979/1093/1062 3713/3849/3641
f 3704/3952/3744 3713/3849/3641 3599/3848/3640 3637/3890/3682
f 3593/3838/3630 3713/3849/3641 979/1093/1062 981/1095/1064
f 3681/1056/1025 3679/921/908 822/920/907 948/1055/1024
f 3677/911/898 3675/562/562 511/561/561 811/907/894
f 3663/3916/3708 497/543/543 499/547/547 3666/3919/3711
f 510/560/560 3666/3919/3711 499/547/547 503/550/550
f 3663/3916/3708 3661/3917/3709 494/544/544 497/543/543
f 3714/3918/3710 3716/545/545 494/544/544 3661/3917/3709
f 3714/3918/3710 3656/3909/3701 3654/3908/3700 3715/3959/3751
f 3714/3918/3710 3715/3959/3751 3720/474/474 3717/3960/3752
f 3714/3918/3710 3717/3960/3752 3718/3961/3753 3716/545/545
f 3719/479/479 3721/3962/3754 3718/3961/3753 3717/3960/3752
f 3719/479/479 3717/3960/3752 3720/474/474 429/473/473
f 3744/467/467 425/468/468 3720/474/474 3715/3959/3751
f 3719/479/479 433/480/480 3723/3963/3755 3721/3962/3754
f 3722/3964/3756 3721/3962/3754 3723/3963/3755 3724/3965/3757
f 3722/3964/3756 3742/3966/3758 3718/3961/3753 3721/3962/3754
f 440/485/485 3724/3965/3757 3723/3963/3755 437/483/483
f 435/481/481 437/483/483 3723/3963/3755 433/480/480
f 440/485/485 443/489/489 3725/3967/3759 3724/3965/3757
f 3722/3964/3756 3724/3965/3757 3725/3967/3759 3727/3968/3760
f 3729/3969/3761 3727/3968/3760 3725/3967/3759 3726/3970/3762
f 3743/491/491 3726/3970/3762 3725/3967/3759 443/489/489
f 3722/3964/3756 3727/3968/3760 3728/3971/3763 3742/3966/3758
f 3729/3969/3761 3730/3972/3764 3728/3971/3763 3727/3968/3760
f 3729/3969/3761 3731/3973/3765 3734/3974/3766 3730/3972/3764
f 3729/3969/3761 3726/3970/3762 3733/3975/3767 3731/3973/3765
f 3732/3976/3768 3731/3973/3765 3733/3975/3767 3741/3977/3769
f 3732/3976/3768 3735/3978/3770 3734/3974/3766 3731/3973/3765
f 471/515/515 3736/520/520 3734/3974/3766 3735/3978/3770
f 489/536/536 3730/3972/3764 3734/3974/3766 3736/520/520
f 489/536/536 3736/520/520 470/519/519 487/522/522
f 3732/3976/3768 3738/3979/3771 3737/513/513 3735/3978/3770
f 471/515/515 3735/3978/3770 3737/513/513 465/512/512
f 3740/503/503 462/509/509 3737/513/513 3738/3979/3771
f 3732/3976/3768 3741/3977/3769 3739/3980/3772 3738/3979/3771
f 3740/503/503 3738/3979/3771 3739/3980/3772 454/502/502
f 446/493/493 449/496/496 3739/3980/3772 3741/3977/3769
f 452/499/499 454/502/502 3739/3980/3772 449/496/496
f 446/493/493 3741/3977/3769 3733/3975/3767 444/492/492
f 3743/491/491 444/492/492 3733/3975/3767 3726/3970/3762
f 489/536/536 491/538/538 3728/3971/3763 3730/3972/3764
f 495/540/540 3742/3966/3758 3728/3971/3763 491/538/538
f 495/540/540 3716/545/545 3718/3961/3753 3742/3966/3758
f 3744/467/467 3715/3959/3751 3654/3908/3700 3745/3907/3699
f 3744/467/467 3745/3907/3699 3746/462/462 421/461/461
f 3653/3906/3698 3747/3981/3773 3746/462/462 3745/3907/3699
f 3748/455/455 417/456/456 3746/462/462 3747/3981/3773
f 3748/455/455 3747/3981/3773 3749/3982/3774 3750/3983/3775
f 3653/3906/3698 3651/3901/3693 3749/3982/3774 3747/3981/3773
f 3752/3984/3776 3750/3983/3775 3749/3982/3774 3751/3985/3777
f 3647/3900/3692 3751/3985/3777 3749/3982/3774 3651/3901/3693
f 3752/3984/3776 3751/3985/3777 3626/3878/3670 3624/3877/3669
f 3647/3900/3692 3645/3882/3674 3626/3878/3670 3751/3985/3777
f 3752/3984/3776 3753/447/447 410/446/446 3750/3983/3775
f 3752/3984/3776 3624/3877/3669 3622/3876/3668 3753/447/447
f 409/443/443 3753/447/447 3622/3876/3668 3754/3875/3667
f 3748/455/455 3750/3983/3775 410/446/446 412/448/448
f 3617/3869/3661 3756/3870/3662 3755/438/438 3754/3875/3667
f 409/443/443 3754/3875/3667 3755/438/438 403/437/437
f 3757/3986/3778 402/435/435 3755/438/438 3756/3870/3662
f 3757/3986/3778 3756/3870/3662 3618/3868/3660 3758/3987/3779
f 3757/3986/3778 3758/3987/3779 3760/3988/3780 3759/430/430
f 3757/3986/3778 3759/430/430 395/429/429 402/435/435
f 396/425/425 3759/430/430 3760/3988/3780 3761/3989/3781
f 3608/3856/3648 3761/3989/3781 3760/3988/3780 3611/3858/3650
f 3767/3863/3655 3611/3858/3650 3760/3988/3780 3758/3987/3779
f 3608/3856/3648 3606/3857/3649 3762/3990/3782 3761/3989/3781
f 396/425/425 3761/3989/3781 3762/3990/3782 392/423/423
f 3764/3846/3638 3763/3991/3783 3762/3990/3782 3606/3857/3649
f 389/421/421 392/423/423 3762/3990/3782 3763/3991/3783
f 3764/3846/3638 3597/3843/3635 3765/3992/3784 3763/3991/3783
f 389/421/421 3763/3991/3783 3765/3992/3784 387/417/417
f 3594/3840/3632 3766/413/413 3765/3992/3784 3597/3843/3635
f 380/411/411 387/417/417 3765/3992/3784 3766/413/413
f 3594/3840/3632 3591/408/408 377/407/407 3766/413/413
f 3767/3863/3655 3758/3987/3779 3618/3868/3660 3610/3862/3654
f 941/1048/1017 948/1055/1024 822/920/907 824/922/909
f 912/1017/989 936/936/920 831/933/919 910/1016/988
f 840/947/929 910/1016/988 831/933/919 833/932/918
f 515/567/567 3769/3993/3785 3768/894/881 808/569/569
f 791/884/871 793/886/873 3768/894/881 3769/3993/3785
f 515/567/567 518/568/568 3770/575/575 3769/3993/3785
f 791/884/871 3769/3993/3785 3770/575/575 789/882/869
f 529/580/580 789/882/869 3770/575/575 522/574/574
f 3771/789/785 699/790/786 618/700/696 621/699/695
f 3771/789/785 3772/776/772 687/775/771 694/782/778
f 3771/789/785 621/699/695 623/703/699 3772/776/772
f 683/769/765 3772/776/772 623/703/699 3773/705/701
f 624/704/700 676/709/705 678/762/758 3773/705/701
f 3774/752/748 667/753/749 674/715/711 633/714/710
f 3774/752/748 648/730/726 650/731/727 666/739/735
f 3774/752/748 633/714/710 635/716/712 648/730/726
f 358/391/391 356/390/390 480/528/528 382/415/415
f 3777/3994/3786 3775/470/470 457/507/507 3776/506/506
f 3777/3994/3786 3776/506/506 3778/3995/3787 3779/477/477
f 451/497/497 448/494/494 3778/3995/3787 3776/506/506
f 431/476/476 3779/477/477 3778/3995/3787 438/484/484
f 441/487/487 438/484/484 3778/3995/3787 448/494/494
f 3777/3994/3786 3779/477/477 427/471/471 3775/470/470
f 13/17/17 5/10/10 345/9/9 3780/378/378
f 344/377/377 3782/3996/3788 3781/34/34 3780/378/378
f 13/17/17 3780/378/378 3781/34/34 25/18/18
f 3783/3997/3789 24/32/32 3781/34/34 3782/3996/3788
f 3783/3997/3789 3782/3996/3788 3784/369/369 3785/3998/3790
f 344/377/377 338/370/370 3784/369/369 3782/3996/3788
f 3786/357/357 3785/3998/3790 3784/369/369 334/365/365
f 3786/357/357 326/354/354 3787/3999/3791 3785/3998/3790
f 3783/3997/3789 3785/3998/3790 3787/3999/3791 3789/4000/3792
f 3790/4001/3793 3789/4000/3792 3787/3999/3791 3788/4002/3794
f 323/349/349 3788/4002/3794 3787/3999/3791 326/354/354
f 3783/3997/3789 3789/4000/3792 27/33/33 24/32/32
f 3790/4001/3793 30/36/36 27/33/33 3789/4000/3792
f 3790/4001/3793 3788/4002/3794 3792/4003/3795 3791/97/97
f 3790/4001/3793 3791/97/97 86/40/40 30/36/36
f 85/95/95 3791/97/97 3792/4003/3795 3793/4004/3796
f 323/349/349 320/348/348 3792/4003/3795 3788/4002/3794
f 318/347/347 3793/4004/3796 3792/4003/3795 320/348/348
f 318/347/347 3794/108/108 96/105/105 3793/4004/3796
f 85/95/95 3793/4004/3796 96/105/105 88/96/96
f 271/306/306 329/308/308 332/360/360 269/303/303
f 322/351/351 274/309/309 277/311/311 316/345/345
f 95/106/106 3794/108/108 313/342/342 102/112/112
f 256/288/288 253/289/289 3795/322/322 263/297/297
f 265/300/300 263/297/297 3795/322/322 279/317/317
f 144/158/158 141/155/155 115/127/127 113/126/126
f 134/148/148 132/131/131 115/127/127 141/155/155
f 119/109/109 122/134/134 90/101/101 93/100/100
