# Blender 4.5.4 LTS
# www.blender.org
mtllib PataTrader.mtl
o 13463_Australian_Cattle_Dog_v3.006
v -0.425580 1.768885 -0.928640
v -0.443899 1.774397 -0.977033
v -0.426634 1.790541 -0.928516
v -0.405470 1.760744 -0.887277
v -0.424594 1.747657 -0.928911
v -0.404249 1.739443 -0.888463
v -0.423665 1.726329 -0.929277
v -0.443455 1.753305 -0.976682
v -0.459581 1.757059 -1.030760
v -0.442969 1.731850 -0.976449
v -0.459775 1.735609 -1.030291
v -0.442442 1.709575 -0.976284
v -0.422790 1.704404 -0.929716
v -0.441886 1.686051 -0.976110
v -0.459872 1.713199 -1.029874
v -0.473639 1.715853 -1.089360
v -0.459886 1.689430 -1.029446
v -0.459803 1.663942 -1.028874
v -0.474389 1.692057 -1.088917
v -0.483923 1.694440 -1.153255
v -0.474999 1.666474 -1.088232
v -0.485352 1.668912 -1.152599
v -0.475416 1.639339 -1.087394
v -0.486518 1.641764 -1.151719
v -0.459595 1.636958 -1.028177
v -0.475568 1.610874 -1.086447
v -0.475374 1.581327 -1.085481
v -0.487323 1.613245 -1.150730
v -0.459220 1.608671 -1.027359
v -0.458651 1.579345 -1.026424
v -0.439930 1.606314 -0.975027
v -0.419279 1.603440 -0.931070
v -0.439111 1.577387 -0.974308
v -0.440651 1.634204 -0.975533
v -0.420167 1.630676 -0.930953
v -0.441290 1.660862 -0.975876
v -0.421042 1.656736 -0.930619
v -0.400613 1.651093 -0.894466
v -0.421916 1.681382 -0.930175
v -0.401460 1.674886 -0.892910
v -0.402306 1.697123 -0.891340
v -0.381198 1.667132 -0.862798
v -0.381850 1.688325 -0.859917
v -0.361838 1.658676 -0.838350
v -0.380518 1.644454 -0.865652
v -0.379824 1.620530 -0.868316
v -0.361338 1.637364 -0.842381
v -0.360755 1.614835 -0.846153
v -0.343602 1.630314 -0.822900
v -0.344060 1.650073 -0.818077
v -0.327837 1.623866 -0.805430
v -0.342950 1.609383 -0.827327
v -0.326824 1.604630 -0.809791
v -0.342173 1.587573 -0.831307
v -0.360089 1.591369 -0.849548
v -0.341312 1.565160 -0.834804
v -0.325602 1.584571 -0.813623
v -0.324326 1.564021 -0.816975
v -0.310808 1.582607 -0.796084
v -0.298152 1.581911 -0.778290
v -0.312710 1.600927 -0.793218
v -0.308893 1.563863 -0.798580
v -0.307145 1.545194 -0.800814
v -0.295515 1.564765 -0.779248
v -0.285418 1.566633 -0.760027
v -0.293156 1.547938 -0.780211
v -0.281692 1.551521 -0.757722
v -0.290616 1.530998 -0.781270
v -0.287410 1.513499 -0.782513
v -0.278639 1.536638 -0.757126
v -0.305119 1.525915 -0.803023
v -0.321536 1.521620 -0.822709
v -0.302412 1.505354 -0.805486
v -0.319316 1.497936 -0.825891
v -0.298596 1.482826 -0.808425
v -0.316082 1.471379 -0.829824
v -0.293253 1.457648 -0.812107
v -0.283052 1.494995 -0.784056
v -0.270146 1.506862 -0.756544
v -0.277071 1.475042 -0.785961
v -0.269077 1.455258 -0.789923
v -0.265253 1.489477 -0.759920
v -0.269810 1.506058 -0.756539
v -0.261356 1.476188 -0.766383
v -0.259485 1.469599 -0.768649
v -0.256468 1.459695 -0.775174
v -0.252627 1.447372 -0.784634
v -0.250528 1.441354 -0.792663
v -0.258724 1.437334 -0.797584
v -0.248024 1.421059 -0.812911
v -0.278251 1.406551 -0.827229
v -0.298846 1.374251 -0.853320
v -0.269049 1.385197 -0.841670
v -0.286439 1.431626 -0.817910
v -0.305646 1.408199 -0.842334
v -0.311461 1.441011 -0.834908
v -0.326088 1.388482 -0.862801
v -0.330918 1.426921 -0.854370
v -0.320509 1.347287 -0.874624
v -0.347141 1.375953 -0.878961
v -0.368472 1.368908 -0.895014
v -0.350847 1.417140 -0.870539
v -0.343241 1.332524 -0.889964
v -0.341396 1.289182 -0.903038
v -0.366085 1.325798 -0.904552
v -0.364961 1.283804 -0.915319
v -0.388109 1.322944 -0.923654
v -0.389733 1.365604 -0.915176
v -0.387290 1.281836 -0.933022
v -0.409592 1.323093 -0.950668
v -0.410897 1.365152 -0.943179
v -0.408857 1.282630 -0.958979
v -0.430784 1.325350 -0.988979
v -0.450560 1.328961 -1.036573
v -0.430132 1.285534 -0.996052
v -0.431908 1.366635 -0.982766
v -0.433282 1.407773 -0.977743
v -0.451573 1.369401 -1.031773
v -0.468671 1.372836 -1.088067
v -0.452878 1.409696 -1.028040
v -0.454293 1.448441 -1.025583
v -0.469948 1.412287 -1.085678
v -0.471349 1.450361 -1.084208
v -0.483187 1.415034 -1.148372
v -0.484534 1.452576 -1.147877
v -0.481994 1.376259 -1.149496
v -0.491306 1.417465 -1.213905
v -0.492444 1.454796 -1.214309
v -0.494443 1.419341 -1.280136
v -0.490335 1.379058 -1.213898
v -0.489863 1.340486 -1.214512
v -0.493873 1.381103 -1.279257
v -0.492777 1.382307 -1.343518
v -0.493860 1.342814 -1.278850
v -0.494789 1.305387 -1.279166
v -0.493429 1.344268 -1.342435
v -0.495109 1.307161 -1.341897
v -0.488808 1.344855 -1.403326
v -0.480218 1.344612 -1.459593
v -0.487226 1.382571 -1.404667
v -0.491445 1.308118 -1.402350
v -0.484020 1.308318 -1.458681
v -0.495567 1.273148 -1.401866
v -0.498273 1.271859 -1.342128
v -0.500479 1.239500 -1.401239
v -0.489224 1.273603 -1.457965
v -0.495178 1.240008 -1.456659
v -0.478941 1.272812 -1.509377
v -0.464438 1.270351 -1.555095
v -0.472737 1.307225 -1.509948
v -0.485880 1.239136 -1.508015
v -0.493055 1.205681 -1.505198
v -0.472154 1.236508 -1.554451
v -0.453322 1.232265 -1.594500
v -0.480481 1.201900 -1.553196
v -0.461954 1.197396 -1.595323
v -0.489363 1.167068 -1.547537
v -0.472446 1.156389 -1.597738
v -0.499994 1.172268 -1.499344
v -0.498703 1.132513 -1.533735
v -0.490571 1.120281 -1.572691
v -0.506711 1.098388 -1.515457
v -0.506239 1.138692 -1.488877
v -0.510888 1.141613 -1.441613
v -0.511041 1.105192 -1.475081
v -0.513553 1.108822 -1.431453
v -0.513691 1.072034 -1.459278
v -0.513913 1.039380 -1.441778
v -0.514399 1.076335 -1.419161
v -0.511568 1.064862 -1.496344
v -0.513400 1.031884 -1.476117
v -0.508543 1.054187 -1.529930
v -0.501604 1.087146 -1.551198
v -0.511929 1.021476 -1.508043
v -0.505115 1.039421 -1.559596
v -0.509792 1.007687 -1.537421
v -0.496732 1.070171 -1.580961
v -0.501118 1.021026 -1.585876
v -0.491820 1.048979 -1.606120
v -0.496441 0.999520 -1.609280
v -0.506863 0.990834 -1.564354
v -0.502964 0.971235 -1.588974
v -0.509486 0.959882 -1.541194
v -0.511360 0.975732 -1.513715
v -0.508293 0.929389 -1.517238
v -0.506461 0.941705 -1.566951
v -0.502159 0.921482 -1.590754
v -0.506128 0.912220 -1.543971
v -0.502589 0.893473 -1.569051
v -0.501173 0.884085 -1.520822
v -0.490779 0.858618 -1.498292
v -0.498356 0.866498 -1.546979
v -0.502575 0.900602 -1.493327
v -0.491639 0.874754 -1.470332
v -0.502728 0.915671 -1.465250
v -0.491306 0.889796 -1.442254
v -0.501784 0.928919 -1.437334
v -0.509209 0.944704 -1.489374
v -0.509056 0.957838 -1.460886
v -0.512276 0.989027 -1.484744
v -0.508001 0.968544 -1.432311
v -0.512359 0.999487 -1.454513
v -0.499924 0.939944 -1.410291
v -0.506017 0.977066 -1.403279
v -0.511457 1.007446 -1.422875
v -0.503116 0.983701 -1.373449
v -0.497232 0.949032 -1.383644
v -0.484797 0.924192 -1.364679
v -0.493846 0.956443 -1.356868
v -0.489849 0.962423 -1.329440
v -0.481356 0.932221 -1.340496
v -0.477595 0.938977 -1.316123
v -0.465396 0.911803 -1.324861
v -0.446647 0.895641 -1.310971
v -0.462287 0.919083 -1.302871
v -0.468352 0.903339 -1.347037
v -0.470961 0.893431 -1.370047
v -0.448784 0.886927 -1.331685
v -0.426926 0.875410 -1.319575
v -0.450713 0.876804 -1.353511
v -0.452253 0.864969 -1.377096
v -0.428008 0.865135 -1.340593
v -0.428869 0.853147 -1.363481
v -0.403888 0.858796 -1.332202
v -0.403625 0.869186 -1.311645
v -0.404097 0.846664 -1.354602
v -0.379380 0.858226 -1.329263
v -0.379158 0.845933 -1.351354
v -0.379741 0.868738 -1.308874
v -0.355426 0.862910 -1.331876
v -0.354968 0.850481 -1.353840
v -0.332930 0.872403 -1.340145
v -0.356120 0.873623 -1.311186
v -0.333624 0.883438 -1.318531
v -0.357272 0.882740 -1.291160
v -0.334679 0.893321 -1.296173
v -0.380421 0.877618 -1.289704
v -0.359479 0.889974 -1.271667
v -0.381684 0.885012 -1.271297
v -0.363295 0.895077 -1.252552
v -0.337579 0.900693 -1.273727
v -0.314972 0.919864 -1.275819
v -0.343797 0.904223 -1.251889
v -0.351152 0.906235 -1.231758
v -0.328170 0.917809 -1.246063
v -0.319316 0.935141 -1.229923
v -0.338051 0.916891 -1.225294
v -0.346461 0.917262 -1.209089
v -0.330141 0.930782 -1.211284
v -0.340119 0.927984 -1.196796
v -0.325811 0.946907 -1.192124
v -0.323493 0.964277 -1.170211
v -0.314833 0.954376 -1.207739
v -0.336830 0.941063 -1.179509
v -0.348557 0.936185 -1.170104
v -0.334984 0.956293 -1.159194
v -0.347294 0.949621 -1.150755
v -0.333901 0.972510 -1.137301
v -0.346433 0.964444 -1.129919
v -0.322175 0.981961 -1.147082
v -0.332861 0.988521 -1.115307
v -0.345698 0.979441 -1.108753
v -0.320773 0.999085 -1.124234
v -0.331792 1.005143 -1.093338
v -0.330612 1.023121 -1.071534
v -0.345032 0.995454 -1.087398
v -0.319246 1.016368 -1.101764
v -0.306992 1.028512 -1.113026
v -0.317470 1.034530 -1.079797
v -0.315388 1.054291 -1.058414
v -0.304605 1.046839 -1.091116
v -0.301774 1.066288 -1.070103
v -0.291629 1.059349 -1.105827
v -0.288118 1.078524 -1.085377
v -0.278223 1.071360 -1.124248
v -0.294641 1.040944 -1.127415
v -0.281790 1.053048 -1.145296
v -0.297194 1.022738 -1.150257
v -0.299345 1.004147 -1.174381
v -0.309032 1.010654 -1.135790
v -0.284843 1.034875 -1.167888
v -0.287355 1.016405 -1.192238
v -0.272283 1.047062 -1.187978
v -0.259821 1.059301 -1.209776
v -0.268758 1.064866 -1.165879
v -0.275142 1.029219 -1.212214
v -0.262985 1.042450 -1.233656
v -0.277210 1.010996 -1.238914
v -0.289311 0.997163 -1.218502
v -0.278764 0.992942 -1.267019
v -0.265108 1.025766 -1.260496
v -0.266454 1.009686 -1.289165
v -0.253298 1.041124 -1.282546
v -0.254505 1.027259 -1.311506
v -0.242071 1.056720 -1.304421
v -0.251175 1.055946 -1.255825
v -0.247774 1.071551 -1.232532
v -0.240017 1.069565 -1.278051
v -0.236436 1.083837 -1.255553
v -0.229997 1.082650 -1.299171
v -0.221587 1.094554 -1.318076
v -0.226305 1.095472 -1.278450
v -0.231773 1.072141 -1.324598
v -0.232398 1.063388 -1.353362
v -0.222766 1.086926 -1.341600
v -0.222697 1.081502 -1.369731
v -0.214939 1.101638 -1.352103
v -0.215994 1.103211 -1.331715
v -0.208180 1.116769 -1.352788
v -0.214092 1.099610 -1.380493
v -0.213870 1.097619 -1.412131
v -0.206709 1.117721 -1.383648
v -0.206515 1.118086 -1.416954
v -0.200201 1.136158 -1.381229
v -0.200187 1.138457 -1.416528
v -0.194247 1.155243 -1.375269
v -0.202005 1.132862 -1.347285
v -0.195982 1.150459 -1.339243
v -0.206015 1.127745 -1.315668
v -0.200062 1.144235 -1.305231
v -0.211650 1.113413 -1.325006
v -0.212621 1.119959 -1.287290
v -0.217867 1.105825 -1.300921
v -0.221351 1.110272 -1.261139
v -0.206807 1.136190 -1.274350
v -0.215772 1.126726 -1.245927
v -0.200978 1.154047 -1.262107
v -0.194191 1.162397 -1.294465
v -0.195635 1.173097 -1.250594
v -0.210068 1.144581 -1.232240
v -0.204780 1.163599 -1.219478
v -0.220990 1.134345 -1.204247
v -0.233272 1.123627 -1.177522
v -0.215772 1.153470 -1.190196
v -0.226472 1.116297 -1.219346
v -0.238476 1.105332 -1.193963
v -0.231773 1.099437 -1.236216
v -0.243431 1.087991 -1.212115
v -0.255865 1.076495 -1.188415
v -0.251313 1.094246 -1.169119
v -0.264678 1.082955 -1.145617
v -0.246414 1.112772 -1.151461
v -0.241377 1.132248 -1.134973
v -0.260140 1.101682 -1.126866
v -0.255282 1.121371 -1.109327
v -0.274143 1.090298 -1.104571
v -0.269591 1.110298 -1.086066
v -0.284052 1.099011 -1.066020
v -0.264747 1.131563 -1.068875
v -0.259834 1.154302 -1.053100
v -0.279625 1.120960 -1.047913
v -0.250245 1.142217 -1.093087
v -0.236297 1.152838 -1.119754
v -0.245207 1.164424 -1.078246
v -0.231260 1.174736 -1.105879
v -0.240322 1.188172 -1.064918
v -0.226388 1.198065 -1.093419
v -0.255033 1.178677 -1.038882
v -0.235756 1.213666 -1.053206
v -0.231079 1.240620 -1.042881
v -0.250564 1.204895 -1.026323
v -0.221753 1.223018 -1.082474
v -0.208722 1.232603 -1.113397
v -0.217049 1.249250 -1.072885
v -0.204017 1.258240 -1.104436
v -0.211941 1.276460 -1.064466
v -0.198993 1.284677 -1.096544
v -0.206127 1.304330 -1.057101
v -0.225889 1.268717 -1.033785
v -0.219741 1.297683 -1.025691
v -0.240516 1.261865 -1.005147
v -0.255574 1.256281 -0.979281
v -0.233910 1.292115 -0.995966
v -0.245901 1.232710 -1.015181
v -0.261306 1.225883 -0.990500
v -0.266066 1.197008 -1.002621
v -0.277099 1.220512 -0.969593
v -0.282123 1.190325 -0.982842
v -0.293475 1.216590 -0.952822
v -0.270756 1.252396 -0.956861
v -0.286619 1.250521 -0.938296
v -0.262471 1.285879 -0.944021
v -0.248274 1.288031 -0.968546
v -0.251619 1.320888 -0.930445
v -0.277251 1.286383 -0.922904
v -0.264484 1.323913 -0.905891
v -0.293350 1.290297 -0.905751
v -0.277876 1.330853 -0.885061
v -0.303703 1.251009 -0.924022
v -0.313626 1.300601 -0.892854
v -0.289964 1.346140 -0.867648
v -0.322591 1.251165 -0.916363
v -0.328808 1.212242 -0.933627
v -0.343866 1.248267 -0.917683
v -0.348196 1.210284 -0.932939
v -0.366071 1.245057 -0.926868
v -0.387665 1.244246 -0.942801
v -0.368347 1.209000 -0.939258
v -0.370762 1.175078 -0.952604
v -0.388803 1.209208 -0.953448
v -0.390232 1.175755 -0.965442
v -0.409551 1.210946 -0.977132
v -0.410328 1.177766 -0.987896
v -0.408954 1.245574 -0.967644
v -0.430562 1.214282 -1.011951
v -0.431062 1.181138 -1.021508
v -0.450685 1.218641 -1.055866
v -0.430160 1.248791 -1.003585
v -0.450185 1.253214 -1.048612
v -0.467880 1.258142 -1.100783
v -0.450033 1.289768 -1.042256
v -0.467422 1.294577 -1.095632
v -0.481189 1.299163 -1.154196
v -0.467755 1.333202 -1.091382
v -0.481245 1.337290 -1.151380
v -0.490237 1.302746 -1.215989
v -0.482119 1.262891 -1.158073
v -0.491778 1.266734 -1.218538
v -0.483521 1.228184 -1.162840
v -0.493887 1.232235 -1.221838
v -0.484867 1.194769 -1.168326
v -0.468727 1.223467 -1.106842
v -0.469545 1.190093 -1.113827
v -0.469934 1.157577 -1.121716
v -0.451199 1.185396 -1.064186
v -0.451407 1.152820 -1.073768
v -0.431325 1.148506 -1.032602
v -0.450963 1.120259 -1.084808
v -0.431103 1.115520 -1.045604
v -0.469476 1.125488 -1.130530
v -0.449950 1.088569 -1.096835
v -0.448423 1.058603 -1.109394
v -0.468241 1.094374 -1.139903
v -0.430423 1.083300 -1.059954
v -0.410827 1.079350 -1.031328
v -0.429368 1.052940 -1.075059
v -0.410245 1.048854 -1.048513
v -0.428008 1.025519 -1.090359
v -0.426399 1.002158 -1.105303
v -0.409440 1.021600 -1.066009
v -0.446438 1.031190 -1.122001
v -0.444065 1.007186 -1.134199
v -0.463703 1.037400 -1.158969
v -0.478816 1.042951 -1.199325
v -0.466284 1.064824 -1.149499
v -0.460552 1.012679 -1.167961
v -0.474930 1.017366 -1.204693
v -0.456667 0.990637 -1.176115
v -0.451892 0.971256 -1.183055
v -0.441262 0.986387 -1.145693
v -0.469976 0.993979 -1.209115
v -0.463703 0.972919 -1.212235
v -0.480412 0.995281 -1.242786
v -0.472862 0.972687 -1.241865
v -0.486282 1.020036 -1.242442
v -0.488447 0.994721 -1.276602
v -0.494581 0.992489 -1.310012
v -0.494998 1.020826 -1.280544
v -0.479912 0.970733 -1.271533
v -0.469115 0.949307 -1.265277
v -0.485394 0.967258 -1.300867
v -0.473695 0.944720 -1.290939
v -0.459234 0.925471 -1.280379
v -0.442511 0.909974 -1.270249
v -0.455792 0.930876 -1.257716
v -0.440374 0.915934 -1.249859
v -0.451573 0.935237 -1.235199
v -0.437792 0.921137 -1.229829
v -0.463342 0.952578 -1.239423
v -0.446119 0.938452 -1.213120
v -0.455834 0.954362 -1.213694
v -0.439028 0.940445 -1.191795
v -0.434434 0.925620 -1.210452
v -0.430007 0.929462 -1.191979
v -0.420653 0.916355 -1.205602
v -0.405512 0.910696 -1.200930
v -0.418224 0.922088 -1.187719
v -0.422249 0.910725 -1.223958
v -0.423276 0.904936 -1.242658
v -0.405540 0.904305 -1.219161
v -0.405013 0.898331 -1.237344
v -0.388248 0.902165 -1.217039
v -0.389747 0.908654 -1.198768
v -0.371747 0.903905 -1.216002
v -0.386083 0.896554 -1.235118
v -0.383738 0.891082 -1.253144
v -0.367722 0.899296 -1.233933
v -0.404263 0.892287 -1.255553
v -0.403639 0.885699 -1.273878
v -0.424012 0.898753 -1.261615
v -0.424761 0.891929 -1.280698
v -0.425788 0.884245 -1.299807
v -0.444495 0.903236 -1.290708
v -0.403486 0.878081 -1.292391
v -0.357411 0.909084 -1.214419
v -0.374633 0.909831 -1.198193
v -0.375647 0.918040 -1.179982
v -0.361505 0.913813 -1.198267
v -0.352651 0.918562 -1.198189
v -0.362379 0.921464 -1.181712
v -0.361644 0.931702 -1.164135
v -0.350472 0.925339 -1.186808
v -0.360880 0.944177 -1.144935
v -0.375591 0.928242 -1.161350
v -0.375230 0.940173 -1.142279
v -0.389885 0.926462 -1.161511
v -0.403833 0.926678 -1.164847
v -0.389858 0.937837 -1.143290
v -0.390066 0.916746 -1.180125
v -0.404610 0.917964 -1.182562
v -0.404235 0.937392 -1.148515
v -0.389996 0.950541 -1.125177
v -0.405262 0.949832 -1.132714
v -0.390316 0.964290 -1.106916
v -0.374856 0.953319 -1.122869
v -0.374689 0.967189 -1.103264
v -0.360200 0.958003 -1.124774
v -0.359729 0.972278 -1.104316
v -0.359395 0.987932 -1.083607
v -0.374689 0.982715 -1.083468
v -0.359118 1.005837 -1.062759
v -0.344379 1.013328 -1.065966
v -0.374772 1.000826 -1.063512
v -0.358840 1.026908 -1.041859
v -0.343644 1.033894 -1.044612
v -0.358493 1.052032 -1.020950
v -0.374869 1.022438 -1.043399
v -0.374911 1.048465 -1.023160
v -0.391731 1.020618 -1.050902
v -0.392134 1.047389 -1.031788
v -0.391246 0.998433 -1.069797
v -0.408482 0.998836 -1.083199
v -0.390760 0.979957 -1.088455
v -0.407441 0.979783 -1.100042
v -0.406345 0.963708 -1.116552
v -0.424567 0.982345 -1.119731
v -0.422513 0.965571 -1.133507
v -0.437973 0.968536 -1.156188
v -0.420278 0.951311 -1.146470
v -0.417864 0.939080 -1.158498
v -0.434170 0.953415 -1.165386
v -0.429785 0.940795 -1.173007
v -0.446064 0.954541 -1.188407
v -0.425663 0.932916 -1.178691
v -0.416712 0.929217 -1.171584
v -0.392314 1.077525 -1.013055
v -0.374717 1.077844 -1.003386
v -0.392148 1.109780 -0.995334
v -0.374078 1.109465 -0.984640
v -0.411077 1.111842 -1.015068
v -0.391495 1.142948 -0.979253
v -0.410952 1.145067 -1.000391
v -0.372829 1.142237 -0.967525
v -0.354760 1.143034 -0.963500
v -0.356675 1.110958 -0.981267
v -0.337163 1.145411 -0.965502
v -0.351887 1.175667 -0.947798
v -0.333596 1.177510 -0.949443
v -0.315874 1.180567 -0.956010
v -0.298721 1.184841 -0.967221
v -0.319857 1.149485 -0.971852
v -0.310642 1.214084 -0.940546
v -0.323063 1.119827 -0.989524
v -0.302926 1.155034 -0.982448
v -0.286425 1.161880 -0.997206
v -0.306687 1.126915 -0.999456
v -0.290658 1.135276 -1.013339
v -0.310004 1.100642 -1.017969
v -0.294696 1.110476 -1.030991
v -0.312904 1.076386 -1.037713
v -0.325602 1.091987 -1.008675
v -0.341534 1.085042 -1.002937
v -0.327629 1.066347 -1.028962
v -0.329252 1.043260 -1.050019
v -0.342770 1.058010 -1.023449
v -0.339744 1.114387 -0.983468
v -0.357841 1.080339 -1.000587
v -0.298429 1.087498 -1.049982
v -0.275017 1.144521 -1.031195
v -0.270437 1.169830 -1.016051
v -0.501506 1.019860 -1.318253
v -0.499869 1.048589 -1.283421
v -0.490765 1.046670 -1.241091
v -0.503311 1.077605 -1.285349
v -0.506419 1.048819 -1.325455
v -0.510735 1.047392 -1.366306
v -0.509570 1.078786 -1.331496
v -0.511041 1.109594 -1.336303
v -0.513192 1.078380 -1.376419
v -0.513719 1.110019 -1.385031
v -0.512498 1.142122 -1.391917
v -0.510902 1.141037 -1.339817
v -0.509667 1.174425 -1.396918
v -0.506683 1.174464 -1.449248
v -0.505420 1.206741 -1.399796
v -0.509209 1.172950 -1.341980
v -0.506058 1.205139 -1.342718
v -0.505156 1.170277 -1.285714
v -0.502950 1.202481 -1.284176
v -0.497357 1.166648 -1.229403
v -0.505947 1.138617 -1.286444
v -0.505337 1.107665 -1.286339
v -0.497496 1.135059 -1.232993
v -0.496427 1.104392 -1.236239
v -0.485394 1.130607 -1.180637
v -0.485658 1.162344 -1.174315
v -0.484117 1.099908 -1.187061
v -0.481897 1.070572 -1.193371
v -0.494165 1.074845 -1.238979
v -0.495941 1.198964 -1.225577
v -0.500035 1.235524 -1.282265
v -0.497079 1.269732 -1.280459
v -0.502159 1.237968 -1.342580
v -0.501229 1.207119 -1.454021
v -0.506183 1.017290 -1.354878
v -0.513122 1.044393 -1.405130
v -0.509458 1.013269 -1.389712
v -0.499300 0.988747 -1.342478
v -0.259154 1.370312 -0.862810
v -0.248774 1.360739 -0.888713
v -0.238990 1.406301 -0.839897
v -0.238471 1.406966 -0.839483
v -0.237067 1.403592 -0.847446
v -0.232165 1.391555 -0.874235
v -0.238333 1.406662 -0.840371
v -0.227643 1.381304 -0.902372
v -0.226351 1.378108 -0.909337
v -0.238088 1.355318 -0.917400
v -0.223947 1.372598 -0.924053
v -0.220799 1.365699 -0.944569
v -0.226888 1.353235 -0.948023
v -0.219143 1.362196 -0.955872
v -0.215432 1.353684 -0.978550
v -0.215205 1.353132 -0.979822
v -0.211282 1.343905 -1.002889
v -0.225542 1.323202 -0.987342
v -0.238809 1.320933 -0.957874
v -0.212219 1.327231 -1.018412
v -0.208807 1.337754 -1.016115
v -0.205533 1.329965 -1.035017
v -0.203598 1.325146 -1.045323
v -0.202032 1.321138 -1.053228
v -0.197223 1.309424 -1.079891
v -0.195016 1.303912 -1.091586
v -0.189682 1.291299 -1.122678
v -0.188273 1.287936 -1.130773
v -0.192179 1.267229 -1.136806
v -0.182607 1.275364 -1.167096
v -0.182053 1.274137 -1.170663
v -0.176623 1.263484 -1.211048
v -0.186170 1.251498 -1.178043
v -0.177135 1.260680 -1.211957
v -0.196773 1.242115 -1.145222
v -0.190583 1.227722 -1.186928
v -0.181521 1.237133 -1.220486
v -0.195107 1.205149 -1.196807
v -0.201311 1.218009 -1.154711
v -0.213357 1.208094 -1.123601
v -0.205960 1.195240 -1.165378
v -0.218145 1.185059 -1.135179
v -0.210762 1.173741 -1.177220
v -0.199812 1.183779 -1.207666
v -0.223072 1.163374 -1.148058
v -0.228123 1.142943 -1.162197
v -0.190666 1.193313 -1.239810
v -0.183783 1.202169 -1.274107
v -0.186003 1.214668 -1.229770
v -0.179037 1.223652 -1.264597
v -0.174457 1.246154 -1.255577
v -0.174610 1.232013 -1.301605
v -0.169711 1.254698 -1.292422
v -0.179592 1.210172 -1.310970
v -0.172556 1.239754 -1.339851
v -0.172694 1.246907 -1.378419
v -0.167843 1.260051 -1.331389
v -0.177857 1.217411 -1.349331
v -0.178315 1.224004 -1.388111
v -0.183200 1.195836 -1.358507
v -0.188640 1.175090 -1.367213
v -0.184754 1.189244 -1.320435
v -0.183811 1.201668 -1.397148
v -0.186281 1.206901 -1.435194
v -0.189209 1.179975 -1.405267
v -0.191568 1.184258 -1.442851
v -0.194552 1.158998 -1.412177
v -0.196565 1.162118 -1.448852
v -0.200006 1.165027 -1.484190
v -0.201755 1.140198 -1.452011
v -0.207598 1.118185 -1.451171
v -0.204697 1.141845 -1.486534
v -0.210012 1.118365 -1.484737
v -0.210151 1.144052 -1.520083
v -0.214759 1.118840 -1.518128
v -0.219269 1.147443 -1.552682
v -0.205988 1.168463 -1.518095
v -0.201741 1.192569 -1.513088
v -0.215675 1.173218 -1.550483
v -0.230205 1.180029 -1.581258
v -0.211775 1.198125 -1.545714
v -0.226569 1.205613 -1.576654
v -0.207181 1.223153 -1.538906
v -0.222197 1.231302 -1.570150
v -0.201963 1.248307 -1.530560
v -0.196898 1.216881 -1.506018
v -0.190278 1.211722 -1.471471
v -0.191499 1.241374 -1.497382
v -0.185601 1.266040 -1.487667
v -0.184754 1.235539 -1.462642
v -0.180702 1.230012 -1.426242
v -0.178815 1.259625 -1.452749
v -0.174832 1.253529 -1.416366
v -0.172500 1.283972 -1.442251
v -0.168684 1.277403 -1.405929
v -0.179259 1.290855 -1.477386
v -0.169761 1.294065 -1.437867
v -0.173023 1.314034 -1.467767
v -0.168117 1.279539 -1.404990
v -0.168081 1.278709 -1.402220
v -0.167802 1.273902 -1.387288
v -0.167462 1.268096 -1.369313
v -0.167819 1.261012 -1.335586
v -0.173537 1.316620 -1.470240
v -0.183242 1.324370 -1.501593
v -0.176312 1.330717 -1.484141
v -0.178412 1.341488 -1.495074
v -0.180980 1.353232 -1.502742
v -0.183675 1.365673 -1.511255
v -0.191666 1.360956 -1.526356
v -0.186373 1.378293 -1.520434
v -0.212954 1.375309 -1.559881
v -0.198813 1.335028 -1.535243
v -0.205405 1.308973 -1.544294
v -0.220129 1.348674 -1.567991
v -0.226652 1.321898 -1.576195
v -0.245554 1.364662 -1.597174
v -0.238296 1.392142 -1.589899
v -0.252021 1.337043 -1.604460
v -0.273421 1.382417 -1.620171
v -0.266052 1.410852 -1.613774
v -0.302051 1.401322 -1.634348
v -0.279888 1.353830 -1.626510
v -0.285814 1.325299 -1.632877
v -0.308630 1.371629 -1.639722
v -0.336608 1.389849 -1.641477
v -0.314653 1.341991 -1.645083
v -0.342881 1.358965 -1.645927
v -0.320176 1.312538 -1.650268
v -0.348723 1.328251 -1.650227
v -0.325242 1.283410 -1.655083
v -0.291199 1.296923 -1.639025
v -0.263332 1.282056 -1.618955
v -0.296042 1.268821 -1.644693
v -0.268134 1.254827 -1.625458
v -0.300358 1.241121 -1.649632
v -0.304175 1.213939 -1.653595
v -0.329919 1.254751 -1.659338
v -0.272311 1.227879 -1.631021
v -0.247233 1.215784 -1.605895
v -0.275864 1.201302 -1.635274
v -0.250744 1.189690 -1.610337
v -0.279125 1.174763 -1.638958
v -0.282442 1.147986 -1.642776
v -0.253839 1.162964 -1.613628
v -0.307714 1.187122 -1.657288
v -0.338287 1.199156 -1.666270
v -0.311239 1.160534 -1.661415
v -0.342076 1.171919 -1.670191
v -0.314986 1.134049 -1.666668
v -0.319205 1.107517 -1.673767
v -0.286453 1.121194 -1.648121
v -0.345628 1.144869 -1.675254
v -0.377298 1.153696 -1.672295
v -0.349015 1.117869 -1.682094
v -0.352082 1.090594 -1.690289
v -0.379768 1.125898 -1.679537
v -0.410480 1.130369 -1.667516
v -0.381337 1.097945 -1.688372
v -0.382072 1.069471 -1.698321
v -0.410078 1.101431 -1.678581
v -0.437057 1.099765 -1.662921
v -0.408801 1.072326 -1.690365
v -0.433685 1.070162 -1.677596
v -0.406844 1.042480 -1.702455
v -0.382086 1.040099 -1.708837
v -0.404402 1.011388 -1.714396
v -0.429979 1.040210 -1.691683
v -0.450491 1.032411 -1.678171
v -0.425913 1.008961 -1.705342
v -0.445148 1.001518 -1.693544
v -0.421305 0.976103 -1.720374
v -0.416004 0.941312 -1.738631
v -0.401279 0.978695 -1.728042
v -0.439333 0.968940 -1.709969
v -0.454557 0.956701 -1.697859
v -0.432921 0.934394 -1.729244
v -0.425788 0.897623 -1.753197
v -0.447327 0.923001 -1.717886
v -0.439486 0.887069 -1.742299
v -0.459317 0.907950 -1.704725
v -0.467075 0.940315 -1.684104
v -0.451032 0.873386 -1.729454
v -0.469004 0.890126 -1.689929
v -0.476484 0.870343 -1.673682
v -0.477012 0.920710 -1.668762
v -0.460511 0.857333 -1.714914
v -0.468047 0.839683 -1.698914
v -0.451712 0.822311 -1.745576
v -0.442261 0.836517 -1.760138
v -0.443427 0.787373 -1.779183
v -0.459414 0.806787 -1.729477
v -0.465465 0.790592 -1.712117
v -0.451351 0.773827 -1.762718
v -0.457749 0.759655 -1.744826
v -0.444634 0.742933 -1.796011
v -0.440055 0.716294 -1.826732
v -0.451324 0.730469 -1.777387
v -0.436488 0.754804 -1.813014
v -0.426829 0.765695 -1.828207
v -0.431714 0.726904 -1.844322
v -0.421888 0.736634 -1.859994
v -0.429924 0.705973 -1.870374
v -0.419973 0.715070 -1.886520
v -0.429910 0.690036 -1.892106
v -0.438361 0.696067 -1.852257
v -0.445273 0.685584 -1.832282
v -0.438334 0.680401 -1.873618
v -0.445175 0.670231 -1.853219
v -0.438708 0.667416 -1.891865
v -0.445453 0.657291 -1.871286
v -0.430395 0.677161 -1.910466
v -0.438278 0.655288 -1.908046
v -0.444912 0.645065 -1.887590
v -0.435780 0.642153 -1.923195
v -0.430146 0.665372 -1.926362
v -0.420375 0.674910 -1.942599
v -0.427925 0.652708 -1.940756
v -0.418571 0.662889 -1.956089
v -0.423318 0.639532 -1.954377
v -0.431048 0.627924 -1.938171
v -0.414533 0.650953 -1.967957
v -0.415907 0.626217 -1.967982
v -0.423956 0.612517 -1.953805
v -0.407746 0.639899 -1.978675
v -0.404305 0.615486 -1.981510
v -0.412840 0.594116 -1.972978
v -0.397338 0.631243 -1.988813
v -0.387124 0.610058 -1.994928
v -0.390510 0.590932 -1.994114
v -0.382377 0.626530 -1.998899
v -0.366806 0.607514 -2.005610
v -0.345781 0.605499 -2.010917
v -0.368610 0.589131 -2.006601
v -0.364405 0.624074 -2.007043
v -0.344962 0.622177 -2.011297
v -0.362129 0.638932 -2.008958
v -0.360631 0.652516 -2.009974
v -0.377950 0.640234 -2.002389
v -0.344185 0.637577 -2.012416
v -0.325686 0.635432 -2.011335
v -0.343658 0.651891 -2.012974
v -0.325977 0.649969 -2.011856
v -0.343561 0.665309 -2.011711
v -0.326102 0.663594 -2.010652
v -0.343797 0.677940 -2.008004
v -0.360533 0.665226 -2.008712
v -0.375744 0.663451 -2.002696
v -0.361213 0.677251 -2.004730
v -0.362018 0.688780 -1.997588
v -0.377562 0.674389 -1.998180
v -0.378936 0.685401 -1.990474
v -0.392161 0.669056 -1.989406
v -0.394326 0.679821 -1.980764
v -0.404319 0.661023 -1.979484
v -0.388720 0.659025 -1.995118
v -0.385070 0.651599 -1.998075
v -0.399045 0.650993 -1.987418
v -0.390607 0.643558 -1.994580
v -0.375272 0.652196 -2.004083
v -0.407455 0.672122 -1.969364
v -0.408815 0.683502 -1.956806
v -0.395312 0.690756 -1.969017
v -0.408690 0.694390 -1.941574
v -0.395173 0.701334 -1.954042
v -0.420403 0.686249 -1.927042
v -0.408218 0.706908 -1.923040
v -0.419876 0.698960 -1.908609
v -0.408468 0.723150 -1.900593
v -0.394882 0.713689 -1.935340
v -0.395423 0.729994 -1.912477
v -0.379866 0.719081 -1.945420
v -0.363725 0.722765 -1.952582
v -0.380823 0.735395 -1.922072
v -0.379754 0.706776 -1.964401
v -0.379713 0.696283 -1.979322
v -0.363087 0.710427 -1.971854
v -0.345795 0.711953 -1.975630
v -0.362712 0.699836 -1.986800
v -0.344990 0.701153 -1.990600
v -0.344296 0.689852 -2.001175
v -0.327240 0.700029 -1.989844
v -0.310115 0.696202 -1.983651
v -0.328503 0.711050 -1.974919
v -0.326532 0.688521 -2.000331
v -0.326213 0.676404 -2.007032
v -0.309448 0.684695 -1.994111
v -0.293516 0.678644 -1.983616
v -0.309379 0.672674 -2.000855
v -0.309462 0.659976 -2.004436
v -0.293794 0.666978 -1.990672
v -0.279944 0.659530 -1.977666
v -0.294335 0.654899 -1.994556
v -0.281429 0.648795 -1.982463
v -0.294210 0.641974 -1.995412
v -0.281817 0.637461 -1.983612
v -0.309213 0.646410 -2.005419
v -0.292462 0.627757 -1.993356
v -0.279319 0.624515 -1.980359
v -0.289950 0.612068 -1.989872
v -0.308172 0.631773 -2.004327
v -0.306756 0.615998 -2.002465
v -0.325311 0.619822 -2.010253
v -0.305396 0.598992 -2.001093
v -0.304466 0.580690 -2.001488
v -0.324992 0.602994 -2.009774
v -0.287549 0.594769 -1.986385
v -0.272075 0.591629 -1.967143
v -0.286064 0.576014 -1.984981
v -0.270299 0.571834 -1.962763
v -0.286258 0.555948 -1.987688
v -0.304425 0.560985 -2.004938
v -0.287577 0.533130 -1.993621
v -0.271534 0.550746 -1.965161
v -0.263013 0.544623 -1.939937
v -0.274170 0.527288 -1.971886
v -0.266815 0.520943 -1.948116
v -0.276613 0.500339 -1.980448
v -0.269785 0.494300 -1.957419
v -0.289422 0.506062 -2.001862
v -0.278806 0.468028 -1.990757
v -0.272061 0.462691 -1.968018
v -0.280721 0.428482 -2.002707
v -0.291615 0.473127 -2.012117
v -0.308935 0.477515 -2.029938
v -0.293947 0.432637 -2.024077
v -0.311808 0.436232 -2.041981
v -0.296348 0.388628 -2.036458
v -0.315055 0.391278 -2.054413
v -0.282442 0.385543 -2.015039
v -0.298748 0.345105 -2.048029
v -0.284066 0.343105 -2.026519
v -0.318386 0.346811 -2.066008
v -0.301038 0.306077 -2.057532
v -0.321522 0.306963 -2.075538
v -0.303162 0.275564 -2.063696
v -0.285675 0.305037 -2.035887
v -0.277349 0.303886 -2.012699
v -0.287341 0.275193 -2.041897
v -0.278750 0.274782 -2.018501
v -0.288978 0.251451 -2.045202
v -0.290491 0.231649 -2.046402
v -0.305077 0.251362 -2.067146
v -0.280249 0.251558 -2.021594
v -0.280929 0.251614 -1.998470
v -0.281692 0.232134 -2.022606
v -0.282914 0.214431 -2.022152
v -0.282442 0.232666 -1.999269
v -0.290699 0.233236 -1.977599
v -0.283788 0.215410 -1.998629
v -0.292240 0.216498 -1.976774
v -0.284787 0.197852 -1.997136
v -0.293475 0.199512 -1.975069
v -0.285231 0.180039 -1.994389
v -0.283774 0.196368 -2.020886
v -0.292656 0.195322 -2.045018
v -0.283843 0.177799 -2.018513
v -0.293003 0.176620 -2.043046
v -0.282678 0.158575 -2.014768
v -0.292545 0.157519 -2.040164
v -0.284912 0.162063 -1.989974
v -0.278917 0.136702 -2.008642
v -0.292378 0.138693 -2.038162
v -0.279583 0.117050 -2.016730
v -0.284704 0.145471 -1.982003
v -0.276710 0.122672 -1.986131
v -0.277210 0.111715 -1.967785
v -0.285523 0.131743 -1.968616
v -0.273324 0.109664 -1.996702
v -0.273463 0.094812 -2.002657
v -0.272061 0.100623 -1.978280
v -0.270576 0.087835 -1.985205
v -0.273102 0.091867 -1.961003
v -0.279083 0.101833 -1.950598
v -0.275281 0.083321 -1.944368
v -0.270743 0.080320 -1.968380
v -0.271090 0.067858 -1.973479
v -0.272505 0.072534 -1.951954
v -0.274420 0.064731 -1.935665
v -0.272408 0.060814 -1.957413
v -0.274143 0.048747 -1.961435
v -0.274059 0.053588 -1.941440
v -0.276058 0.046347 -1.925565
v -0.275614 0.042056 -1.945806
v -0.278264 0.030676 -1.949398
v -0.277557 0.035240 -1.930175
v -0.279944 0.028480 -1.914545
v -0.280318 0.024231 -1.934023
v -0.284066 0.013788 -1.937230
v -0.282830 0.017829 -1.918538
v -0.285689 0.011707 -1.902920
v -0.287035 0.007663 -1.921777
v -0.290241 0.001836 -1.905998
v -0.292489 -0.001669 -1.924241
v -0.298041 -0.009132 -1.926975
v -0.296570 -0.007265 -1.907952
v -0.288534 0.004369 -1.939927
v -0.285773 0.010157 -1.954818
v -0.293169 -0.003424 -1.942489
v -0.290033 0.001956 -1.956969
v -0.297430 -0.009001 -1.945314
v -0.294266 -0.004285 -1.958921
v -0.301413 -0.012953 -1.948086
v -0.302565 -0.013746 -1.931040
v -0.306409 -0.016616 -1.935345
v -0.310475 -0.017815 -1.916986
v -0.321939 -0.020474 -1.903958
v -0.313862 -0.019533 -1.922756
v -0.305868 -0.015641 -1.908296
v -0.320481 -0.020568 -1.894851
v -0.308727 -0.018424 -1.889311
v -0.310725 -0.021789 -1.873203
v -0.320842 -0.022346 -1.882256
v -0.299720 -0.011771 -1.891281
v -0.302273 -0.015740 -1.874842
v -0.293253 -0.003293 -1.889954
v -0.296195 -0.007882 -1.874045
v -0.288770 0.006100 -1.887186
v -0.286022 0.015958 -1.883344
v -0.292073 0.001005 -1.871601
v -0.289617 0.010413 -1.868000
v -0.295612 -0.003543 -1.856442
v -0.299401 -0.007536 -1.842015
v -0.299206 -0.012052 -1.858671
v -0.293530 0.005360 -1.853151
v -0.297708 0.000778 -1.839033
v -0.292670 0.014231 -1.849333
v -0.297083 0.009045 -1.835661
v -0.293572 0.022605 -1.844658
v -0.288534 0.019833 -1.863803
v -0.284718 0.025869 -1.878837
v -0.289367 0.028759 -1.858570
v -0.285481 0.035302 -1.873169
v -0.292656 0.036698 -1.851889
v -0.288853 0.043725 -1.865844
v -0.296736 0.030030 -1.838759
v -0.298957 0.043130 -1.843361
v -0.308796 0.047593 -1.832534
v -0.302648 0.036012 -1.831319
v -0.295459 0.050633 -1.856382
v -0.292226 0.058451 -1.870394
v -0.305840 0.055481 -1.844271
v -0.303009 0.063746 -1.857334
v -0.318996 0.058043 -1.830425
v -0.320773 0.049784 -1.820721
v -0.333860 0.058010 -1.815794
v -0.317109 0.066794 -1.842025
v -0.314736 0.076049 -1.856369
v -0.333832 0.067441 -1.825158
v -0.354580 0.064172 -1.804665
v -0.331903 0.077798 -1.839953
v -0.350680 0.078803 -1.826203
v -0.329044 0.088456 -1.857197
v -0.326241 0.098763 -1.873934
v -0.347585 0.090234 -1.844460
v -0.312085 0.085607 -1.872301
v -0.309407 0.095311 -1.888639
v -0.297666 0.081201 -1.887502
v -0.295057 0.090365 -1.903746
v -0.300303 0.072317 -1.871887
v -0.286647 0.074978 -1.901169
v -0.289311 0.066569 -1.885411
v -0.284107 0.083670 -1.917446
v -0.279860 0.066746 -1.911662
v -0.277501 0.074939 -1.927874
v -0.276585 0.057021 -1.919601
v -0.282470 0.058782 -1.895843
v -0.285439 0.051100 -1.880529
v -0.279083 0.049487 -1.903790
v -0.282012 0.042210 -1.888303
v -0.278473 0.039200 -1.909831
v -0.281345 0.032328 -1.894240
v -0.282775 0.021983 -1.898933
v -0.281623 0.092620 -1.933992
v -0.292392 0.099831 -1.920204
v -0.289644 0.109578 -1.936417
v -0.306645 0.105210 -1.904883
v -0.323410 0.108986 -1.889948
v -0.303786 0.115357 -1.920549
v -0.301038 0.126118 -1.935268
v -0.320481 0.119407 -1.905050
v -0.317609 0.130338 -1.918801
v -0.338745 0.121982 -1.891995
v -0.341715 0.111414 -1.877335
v -0.357577 0.123321 -1.883456
v -0.335831 0.132993 -1.905178
v -0.354621 0.134350 -1.896417
v -0.333097 0.144732 -1.916584
v -0.351846 0.146066 -1.907587
v -0.314930 0.142108 -1.930791
v -0.330626 0.157523 -1.925900
v -0.349334 0.158790 -1.916735
v -0.328558 0.171662 -1.932868
v -0.312571 0.155043 -1.940581
v -0.310684 0.169469 -1.947762
v -0.296736 0.151106 -1.959649
v -0.295487 0.166277 -1.967163
v -0.298637 0.137875 -1.948659
v -0.294530 0.182648 -1.972021
v -0.309101 0.184978 -1.952743
v -0.326727 0.186783 -1.937799
v -0.307630 0.201159 -1.955959
v -0.306132 0.217572 -1.957833
v -0.325033 0.202532 -1.941077
v -0.323326 0.218528 -1.943040
v -0.343463 0.203414 -1.931724
v -0.341715 0.219244 -1.933643
v -0.362629 0.203911 -1.927389
v -0.345240 0.187831 -1.928477
v -0.364392 0.188286 -1.924210
v -0.347169 0.172834 -1.923590
v -0.366334 0.173274 -1.919364
v -0.385875 0.173241 -1.919669
v -0.368527 0.159215 -1.912537
v -0.371039 0.146490 -1.903417
v -0.388040 0.159113 -1.912813
v -0.407705 0.158840 -1.917041
v -0.390510 0.146376 -1.903609
v -0.410120 0.146104 -1.907754
v -0.393258 0.134690 -1.892315
v -0.373815 0.134789 -1.892233
v -0.396228 0.123760 -1.879216
v -0.412798 0.134448 -1.896363
v -0.415699 0.123562 -1.883169
v -0.432269 0.134444 -1.904067
v -0.429715 0.146045 -1.915415
v -0.450630 0.134263 -1.915279
v -0.435045 0.123570 -1.890928
v -0.453336 0.123401 -1.902237
v -0.438042 0.113085 -1.876325
v -0.418807 0.113078 -1.868482
v -0.441276 0.102607 -1.860556
v -0.456264 0.112872 -1.887731
v -0.472668 0.112060 -1.902304
v -0.459428 0.102309 -1.872071
v -0.462801 0.091607 -1.855687
v -0.475874 0.101426 -1.886712
v -0.489932 0.099633 -1.904016
v -0.479399 0.090545 -1.870270
v -0.483354 0.079258 -1.853209
v -0.493721 0.088643 -1.887432
v -0.505031 0.085917 -1.907064
v -0.498120 0.077030 -1.870004
v -0.504088 0.062524 -1.849954
v -0.509472 0.074957 -1.890398
v -0.518049 0.072080 -1.911484
v -0.514260 0.064402 -1.876529
v -0.519478 0.054905 -1.868468
v -0.522365 0.062541 -1.897454
v -0.526640 0.053684 -1.886379
v -0.528777 0.058479 -1.915825
v -0.533218 0.052545 -1.931122
v -0.532732 0.050100 -1.902899
v -0.524544 0.067370 -1.930357
v -0.519978 0.076725 -1.946035
v -0.528929 0.061009 -1.946187
v -0.531150 0.053139 -1.958130
v -0.524141 0.069916 -1.962065
v -0.518743 0.079189 -1.978437
v -0.526334 0.061590 -1.973917
v -0.520811 0.070353 -1.990029
v -0.526764 0.052076 -1.982387
v -0.531441 0.044078 -1.966887
v -0.525613 0.041737 -1.988275
v -0.521310 0.060322 -1.998031
v -0.520408 0.049438 -2.003312
v -0.514899 0.068650 -2.013705
v -0.514413 0.079350 -2.006298
v -0.507307 0.076951 -2.029308
v -0.514177 0.057114 -2.018251
v -0.512359 0.045155 -2.020902
v -0.506669 0.064557 -2.032978
v -0.496982 0.071500 -2.046974
v -0.505101 0.051825 -2.034670
v -0.502658 0.039290 -2.035478
v -0.495622 0.057955 -2.047610
v -0.483090 0.063388 -2.059246
v -0.493527 0.044828 -2.047421
v -0.490779 0.032518 -2.046540
v -0.481342 0.049736 -2.058117
v -0.465326 0.053939 -2.067245
v -0.479052 0.037040 -2.056423
v -0.463550 0.040933 -2.064977
v -0.476304 0.025628 -2.054309
v -0.461399 0.029294 -2.062428
v -0.473195 0.015858 -2.051934
v -0.487504 0.021412 -2.045125
v -0.483784 0.011910 -2.043310
v -0.495705 0.016675 -2.034932
v -0.501617 0.011454 -2.023828
v -0.491431 0.007492 -2.033845
v -0.499480 0.027435 -2.035521
v -0.505906 0.021813 -2.023590
v -0.510805 0.015719 -2.010957
v -0.509542 0.033213 -2.022636
v -0.514968 0.026674 -2.009273
v -0.519298 0.019922 -1.995447
v -0.518243 0.038103 -2.006779
v -0.523059 0.030903 -1.992362
v -0.527125 0.023792 -1.977724
v -0.530026 0.034189 -1.973185
v -0.522962 0.013233 -1.981220
v -0.530761 0.017002 -1.962954
v -0.534259 0.010768 -1.948097
v -0.526334 0.006855 -1.966666
v -0.533912 0.026974 -1.958157
v -0.535535 0.036450 -1.951671
v -0.537506 0.020311 -1.943250
v -0.539241 0.029342 -1.936825
v -0.540823 0.014088 -1.928601
v -0.537631 0.005034 -1.933291
v -0.543890 0.008274 -1.914321
v -0.542585 0.022669 -1.922459
v -0.542613 0.030424 -1.914484
v -0.545597 0.016347 -1.908656
v -0.545666 0.023658 -1.901421
v -0.548331 0.010332 -1.895510
v -0.548386 0.017196 -1.889169
v -0.546721 0.002770 -1.900533
v -0.550801 0.004552 -1.883118
v -0.552480 -0.000521 -1.871572
v -0.550787 0.010968 -1.877755
v -0.549344 -0.002481 -1.887346
v -0.546735 -0.009817 -1.890735
v -0.551190 -0.007010 -1.874922
v -0.548803 -0.013739 -1.877697
v -0.551703 -0.010391 -1.863379
v -0.549524 -0.016567 -1.865583
v -0.552855 -0.004364 -1.861021
v -0.550315 -0.012152 -1.852853
v -0.548261 -0.017903 -1.854606
v -0.546485 -0.011825 -1.843490
v -0.551453 -0.006461 -1.851391
v -0.547790 -0.006285 -1.842649
v -0.551315 -0.001042 -1.850325
v -0.550274 0.003120 -1.849709
v -0.548137 -0.000815 -1.842626
v -0.552647 0.001278 -1.858433
v -0.550954 0.006068 -1.854622
v -0.552383 0.005497 -1.867423
v -0.550607 0.010719 -1.862023
v -0.548997 0.016534 -1.871029
v -0.546915 0.014849 -1.854910
v -0.541989 0.017700 -1.847177
v -0.545111 0.020979 -1.862673
v -0.547706 0.009525 -1.848607
v -0.543349 0.011912 -1.841919
v -0.547942 0.004469 -1.844321
v -0.543932 0.006403 -1.838125
v -0.539241 0.008270 -1.833301
v -0.543682 0.000988 -1.835983
v -0.542710 -0.004426 -1.835272
v -0.538575 0.003426 -1.831032
v -0.537006 -0.001492 -1.829774
v -0.533759 0.006629 -1.828232
v -0.531566 0.002190 -1.826608
v -0.535508 0.009497 -1.830742
v -0.530165 0.010741 -1.828059
v -0.527264 0.015508 -1.829938
v -0.533690 0.013370 -1.831453
v -0.527320 0.006277 -1.826254
v -0.524697 0.000655 -1.826302
v -0.523906 0.010687 -1.827960
v -0.520977 0.015337 -1.830934
v -0.520991 0.004621 -1.827959
v -0.518271 -0.002132 -1.829845
v -0.517924 0.008662 -1.830879
v -0.515065 0.001280 -1.832991
v -0.515232 0.012764 -1.834204
v -0.512304 0.004613 -1.836592
v -0.518257 0.020214 -1.834384
v -0.512650 0.016873 -1.837153
v -0.515482 0.025265 -1.837462
v -0.509750 0.007829 -1.839803
v -0.510347 0.020394 -1.838912
v -0.512748 0.029894 -1.839339
v -0.507571 0.010498 -1.841851
v -0.508487 0.022715 -1.838733
v -0.507238 0.023255 -1.835829
v -0.505892 0.012175 -1.841966
v -0.510166 0.033520 -1.839171
v -0.511138 0.044238 -1.843521
v -0.508126 0.034804 -1.835808
v -0.507405 0.047048 -1.839450
v -0.507044 0.032477 -1.828102
v -0.505142 0.043650 -1.828866
v -0.506766 0.021417 -1.829437
v -0.506669 0.027811 -1.817758
v -0.504088 0.036987 -1.815458
v -0.506711 0.022149 -1.806493
v -0.506794 0.017821 -1.820515
v -0.504948 0.007654 -1.824642
v -0.507058 0.013131 -1.810017
v -0.507266 0.007952 -1.798899
v -0.505489 0.003682 -1.814283
v -0.505989 -0.000719 -1.803138
v -0.502506 -0.005506 -1.820205
v -0.501617 -0.002058 -1.831082
v -0.503408 -0.009298 -1.808419
v -0.498051 -0.014114 -1.826305
v -0.499536 -0.017557 -1.813637
v -0.492055 -0.021838 -1.831130
v -0.496719 -0.010952 -1.838343
v -0.495900 -0.008539 -1.848923
v -0.490182 -0.018639 -1.844945
v -0.489113 -0.016512 -1.858935
v -0.481758 -0.024491 -1.848362
v -0.471183 -0.027876 -1.846050
v -0.480231 -0.022525 -1.865027
v -0.484131 -0.027737 -1.833325
v -0.487198 -0.032548 -1.818883
v -0.473903 -0.030854 -1.831504
v -0.475860 -0.034318 -1.819294
v -0.463037 -0.031878 -1.826141
v -0.465368 -0.034809 -1.814316
v -0.459956 -0.029217 -1.839793
v -0.453211 -0.031499 -1.817722
v -0.455973 -0.034345 -1.805829
v -0.445717 -0.029441 -1.808544
v -0.449547 -0.028935 -1.831359
v -0.441637 -0.027069 -1.822066
v -0.444593 -0.026975 -1.844624
v -0.456403 -0.027135 -1.853962
v -0.435988 -0.025410 -1.834353
v -0.439583 -0.025702 -1.857501
v -0.452614 -0.025764 -1.867521
v -0.425968 -0.024742 -1.845456
v -0.435725 -0.025185 -1.869989
v -0.448770 -0.025277 -1.879370
v -0.422277 -0.024815 -1.863500
v -0.432658 -0.025321 -1.881035
v -0.445120 -0.025462 -1.889333
v -0.419612 -0.024980 -1.875350
v -0.429993 -0.025952 -1.889574
v -0.417433 -0.025591 -1.884306
v -0.441900 -0.026137 -1.897232
v -0.427745 -0.027045 -1.896077
v -0.415685 -0.026674 -1.891045
v -0.425899 -0.028581 -1.901018
v -0.439139 -0.027235 -1.903319
v -0.436849 -0.028694 -1.907845
v -0.449561 -0.027311 -1.912604
v -0.446841 -0.028676 -1.916576
v -0.452822 -0.026237 -1.907113
v -0.458734 -0.027380 -1.923776
v -0.455570 -0.028705 -1.927096
v -0.466326 -0.027510 -1.936682
v -0.462468 -0.026306 -1.919021
v -0.470489 -0.026424 -1.932788
v -0.467020 -0.025388 -1.912195
v -0.475319 -0.025583 -1.927127
v -0.472612 -0.024461 -1.902677
v -0.456764 -0.025418 -1.899661
v -0.461482 -0.024805 -1.889831
v -0.465882 -0.024823 -1.877366
v -0.480870 -0.022510 -1.887333
v -0.468810 -0.025857 -1.862064
v -0.486934 -0.024737 -1.910792
v -0.489738 -0.015340 -1.869048
v -0.490571 -0.021355 -1.886425
v -0.492999 -0.015061 -1.871218
v -0.493041 -0.025171 -1.903524
v -0.496219 -0.022056 -1.881568
v -0.500410 -0.023902 -1.874871
v -0.497232 -0.015715 -1.868305
v -0.498578 -0.026343 -1.896368
v -0.502825 -0.028356 -1.888224
v -0.503227 -0.028545 -1.911012
v -0.507432 -0.030903 -1.901224
v -0.509153 -0.028604 -1.923878
v -0.498314 -0.026687 -1.920846
v -0.504324 -0.026067 -1.936723
v -0.492944 -0.025523 -1.929904
v -0.487379 -0.025232 -1.937364
v -0.498981 -0.024485 -1.947913
v -0.505309 -0.020178 -1.966370
v -0.493013 -0.024270 -1.954996
v -0.496899 -0.021927 -1.971599
v -0.487032 -0.024892 -1.959370
v -0.490404 -0.023304 -1.974682
v -0.481633 -0.025838 -1.962462
v -0.481925 -0.025578 -1.943256
v -0.476901 -0.026338 -1.947559
v -0.472349 -0.027503 -1.950508
v -0.476762 -0.027167 -1.964491
v -0.468310 -0.029079 -1.952380
v -0.464050 -0.030952 -1.953094
v -0.462717 -0.028918 -1.939280
v -0.472349 -0.028965 -1.965652
v -0.467575 -0.031133 -1.965778
v -0.474861 -0.028355 -1.978336
v -0.479579 -0.026263 -1.977819
v -0.469698 -0.030820 -1.978040
v -0.475846 -0.027026 -1.989715
v -0.480759 -0.024611 -1.989718
v -0.470420 -0.029721 -1.989123
v -0.475499 -0.025065 -1.999940
v -0.480481 -0.022338 -2.000379
v -0.469948 -0.027964 -1.999122
v -0.473986 -0.022614 -2.009216
v -0.468477 -0.025635 -2.008216
v -0.478913 -0.019603 -2.010035
v -0.471516 -0.019788 -2.017694
v -0.466187 -0.022847 -2.016512
v -0.476235 -0.016548 -2.018878
v -0.468269 -0.016673 -2.025580
v -0.463425 -0.013518 -2.032857
v -0.463286 -0.019700 -2.024177
v -0.472585 -0.013328 -2.027114
v -0.467200 -0.010125 -2.034766
v -0.477234 -0.009668 -2.028862
v -0.482036 -0.005260 -2.030651
v -0.471294 -0.006264 -2.036878
v -0.481286 -0.013172 -2.020204
v -0.486504 -0.009171 -2.021514
v -0.484201 -0.016649 -2.010881
v -0.489682 -0.013178 -2.011612
v -0.485838 -0.019859 -2.000661
v -0.486046 -0.022605 -1.989339
v -0.491473 -0.017055 -2.000658
v -0.491806 -0.020561 -1.988405
v -0.497329 -0.013356 -2.000269
v -0.495234 -0.008649 -2.012113
v -0.503269 -0.008000 -1.999633
v -0.498120 -0.018031 -1.986731
v -0.504740 -0.013740 -1.985146
v -0.511443 -0.006343 -1.984451
v -0.509125 -0.000171 -1.998862
v -0.513941 -0.012027 -1.969159
v -0.517688 0.003016 -1.983514
v -0.514580 0.009375 -1.997596
v -0.520700 -0.002972 -1.968884
v -0.524225 -0.008230 -1.953865
v -0.528013 -0.012946 -1.938772
v -0.517688 -0.016551 -1.953474
v -0.529790 0.001065 -1.951858
v -0.533273 -0.004196 -1.936950
v -0.536729 -0.008972 -1.922148
v -0.540837 -0.000261 -1.918715
v -0.540087 -0.013296 -1.907604
v -0.531816 -0.017277 -1.923867
v -0.526279 -0.024676 -1.923146
v -0.535577 -0.021129 -1.909332
v -0.530553 -0.028314 -1.909046
v -0.539255 -0.024365 -1.895294
v -0.534925 -0.030897 -1.895686
v -0.542114 -0.026838 -1.881992
v -0.543279 -0.017239 -1.893511
v -0.545680 -0.020460 -1.880126
v -0.546679 -0.022672 -1.867718
v -0.543474 -0.028413 -1.869637
v -0.545652 -0.023547 -1.856555
v -0.542710 -0.028818 -1.858581
v -0.542003 -0.022771 -1.846909
v -0.539282 -0.027851 -1.849132
v -0.536632 -0.020780 -1.839159
v -0.544459 -0.017349 -1.844983
v -0.539019 -0.015384 -1.837108
v -0.541100 -0.009903 -1.835725
v -0.532885 -0.012460 -1.831388
v -0.530484 -0.018027 -1.833686
v -0.526945 -0.009028 -1.828218
v -0.535077 -0.006868 -1.829979
v -0.529304 -0.003184 -1.826703
v -0.522157 -0.005581 -1.827977
v -0.524488 -0.014921 -1.830870
v -0.522074 -0.020592 -1.834290
v -0.519576 -0.011927 -1.831079
v -0.517105 -0.018067 -1.835073
v -0.515523 -0.009029 -1.833479
v -0.512956 -0.015752 -1.838226
v -0.512109 -0.006239 -1.837223
v -0.509125 -0.003583 -1.841450
v -0.509403 -0.013647 -1.842970
v -0.506197 -0.011623 -1.848310
v -0.507294 -0.020698 -1.849654
v -0.510805 -0.021998 -1.843453
v -0.506156 -0.026774 -1.855399
v -0.504088 -0.019316 -1.856689
v -0.503574 -0.026955 -1.866611
v -0.500826 -0.017396 -1.863180
v -0.503130 -0.009550 -1.853290
v -0.500271 -0.007870 -1.856972
v -0.506336 -0.001060 -1.845342
v -0.503963 0.000986 -1.848017
v -0.502159 0.002183 -1.848609
v -0.501132 0.002185 -1.846249
v -0.497718 -0.006981 -1.858432
v -0.496066 -0.007134 -1.856222
v -0.501048 0.000634 -1.840085
v -0.504865 0.012390 -1.839374
v -0.504657 0.010727 -1.833291
v -0.506003 -0.030916 -1.881097
v -0.505892 -0.031916 -1.866921
v -0.506322 -0.031255 -1.858286
v -0.508293 -0.033782 -1.876949
v -0.507571 -0.035062 -1.866682
v -0.509250 -0.037238 -1.866516
v -0.507349 -0.034488 -1.859711
v -0.510014 -0.036443 -1.874512
v -0.513969 -0.038176 -1.881823
v -0.511499 -0.038390 -1.872491
v -0.512748 -0.039679 -1.870121
v -0.514926 -0.039855 -1.878099
v -0.518896 -0.041172 -1.882461
v -0.515884 -0.041039 -1.874607
v -0.517119 -0.041786 -1.870734
v -0.519381 -0.042096 -1.878432
v -0.522088 -0.042635 -1.880560
v -0.520741 -0.042816 -1.874616
v -0.522379 -0.043188 -1.870708
v -0.523933 -0.043316 -1.878368
v -0.525835 -0.043729 -1.874418
v -0.526071 -0.043151 -1.882133
v -0.527611 -0.042073 -1.886164
v -0.522809 -0.042288 -1.884245
v -0.528444 -0.043591 -1.877461
v -0.529693 -0.043453 -1.871536
v -0.530609 -0.042582 -1.879923
v -0.532121 -0.042552 -1.872358
v -0.532676 -0.040537 -1.881945
v -0.529040 -0.039867 -1.890661
v -0.535133 -0.037256 -1.883131
v -0.534495 -0.040669 -1.872601
v -0.537090 -0.037692 -1.872227
v -0.534175 -0.040155 -1.863616
v -0.536757 -0.037367 -1.862253
v -0.531400 -0.038902 -1.856006
v -0.531788 -0.041951 -1.864666
v -0.529179 -0.040787 -1.858080
v -0.529374 -0.042839 -1.865412
v -0.527014 -0.041879 -1.860086
v -0.527264 -0.043029 -1.865909
v -0.525113 -0.042525 -1.862684
v -0.526973 -0.043544 -1.869716
v -0.523711 -0.043012 -1.866478
v -0.520172 -0.041984 -1.862708
v -0.516647 -0.040574 -1.859306
v -0.521810 -0.041499 -1.859011
v -0.518576 -0.042086 -1.866690
v -0.514913 -0.040596 -1.862734
v -0.511859 -0.038823 -1.859200
v -0.513747 -0.040349 -1.866611
v -0.510888 -0.038660 -1.863089
v -0.510832 -0.038529 -1.866534
v -0.508806 -0.036831 -1.861041
v -0.509903 -0.036912 -1.856459
v -0.512234 -0.037239 -1.853149
v -0.508890 -0.034577 -1.854060
v -0.508681 -0.031490 -1.851521
v -0.511762 -0.035129 -1.850177
v -0.512123 -0.032296 -1.847092
v -0.515676 -0.036154 -1.848534
v -0.515496 -0.037963 -1.851748
v -0.520367 -0.037631 -1.849603
v -0.516522 -0.033609 -1.845305
v -0.521741 -0.035352 -1.846466
v -0.517938 -0.030200 -1.841884
v -0.523517 -0.032225 -1.843263
v -0.519839 -0.025757 -1.838081
v -0.513219 -0.028553 -1.843623
v -0.514940 -0.023700 -1.839438
v -0.509306 -0.027375 -1.848211
v -0.525668 -0.028137 -1.839896
v -0.531511 -0.030457 -1.844489
v -0.528041 -0.023328 -1.836613
v -0.534078 -0.025880 -1.841687
v -0.536479 -0.032364 -1.851491
v -0.529096 -0.034300 -1.847374
v -0.533801 -0.036128 -1.853836
v -0.526986 -0.037211 -1.850152
v -0.525099 -0.039275 -1.852931
v -0.523420 -0.040648 -1.855820
v -0.519409 -0.039218 -1.852835
v -0.518354 -0.040167 -1.856093
v -0.515801 -0.039027 -1.854518
v -0.513789 -0.038947 -1.856157
v -0.539671 -0.033504 -1.860520
v -0.540171 -0.033508 -1.871194
v -0.538436 -0.032563 -1.883065
v -0.531205 -0.036242 -1.894282
v -0.524808 -0.034701 -1.905442
v -0.520186 -0.029894 -1.919343
v -0.516842 -0.034847 -1.901359
v -0.524100 -0.038833 -1.895524
v -0.518299 -0.037585 -1.893355
v -0.523517 -0.041103 -1.889208
v -0.518729 -0.039762 -1.887248
v -0.512692 -0.035971 -1.886417
v -0.510666 -0.033477 -1.892626
v -0.513553 -0.031697 -1.911814
v -0.515634 -0.026088 -1.933378
v -0.522032 -0.020552 -1.937964
v -0.510846 -0.022844 -1.948498
v -0.543876 -0.005201 -1.904479
v -0.505975 0.005805 -2.011896
v -0.500715 -0.002516 -2.012255
v -0.496843 0.002660 -2.023497
v -0.491750 -0.004043 -2.022665
v -0.486823 0.000316 -2.032365
v -0.479746 0.004370 -2.041268
v -0.475527 -0.001558 -2.039090
v -0.469795 0.008035 -2.049429
v -0.466256 0.001836 -2.046870
v -0.456292 0.011241 -2.056901
v -0.458956 0.019295 -2.059702
v -0.438514 0.013889 -2.063751
v -0.453516 0.004798 -2.054060
v -0.436571 0.007241 -2.060727
v -0.450754 -0.000327 -2.051203
v -0.448104 -0.004493 -2.048363
v -0.434642 0.001914 -2.057587
v -0.462717 -0.003113 -2.044322
v -0.459303 -0.007120 -2.041846
v -0.456167 -0.010561 -2.039519
v -0.445689 -0.008008 -2.045549
v -0.452489 -0.013491 -2.037341
v -0.442941 -0.011010 -2.042773
v -0.458984 -0.016484 -2.031136
v -0.447479 -0.016007 -2.035323
v -0.439319 -0.013638 -2.040031
v -0.452947 -0.019037 -2.029562
v -0.439957 -0.017884 -2.033969
v -0.444232 -0.021164 -2.028259
v -0.435614 -0.015609 -2.037787
v -0.428744 -0.018935 -2.033769
v -0.431825 -0.022799 -2.027326
v -0.426801 -0.015399 -2.039179
v -0.414519 -0.019488 -2.033648
v -0.413048 -0.015293 -2.040180
v -0.397962 -0.019883 -2.032502
v -0.416670 -0.023985 -2.026180
v -0.418974 -0.028521 -2.017850
v -0.399780 -0.024726 -2.024264
v -0.382350 -0.024931 -2.021110
v -0.401918 -0.029527 -2.015194
v -0.404221 -0.033953 -2.005423
v -0.384334 -0.029751 -2.011581
v -0.367250 -0.029049 -2.006708
v -0.386513 -0.034169 -2.001339
v -0.369179 -0.033119 -1.996403
v -0.388886 -0.037840 -1.990555
v -0.406567 -0.037702 -1.995054
v -0.391440 -0.040615 -1.979288
v -0.371428 -0.036415 -1.985556
v -0.374092 -0.038842 -1.974282
v -0.355024 -0.033905 -1.980467
v -0.352970 -0.031133 -1.991151
v -0.357716 -0.035850 -1.969396
v -0.340466 -0.030735 -1.975696
v -0.343117 -0.032255 -1.964924
v -0.328545 -0.027398 -1.971677
v -0.338648 -0.028486 -1.986148
v -0.326976 -0.025521 -1.981928
v -0.337482 -0.025479 -1.996073
v -0.326185 -0.022955 -1.991720
v -0.351402 -0.027561 -2.001309
v -0.337052 -0.022068 -2.005214
v -0.350264 -0.023530 -2.010712
v -0.337468 -0.018596 -2.013330
v -0.326505 -0.020083 -2.000782
v -0.328239 -0.017264 -2.008899
v -0.319135 -0.017568 -1.998372
v -0.318247 -0.020155 -1.988954
v -0.313987 -0.014579 -1.997400
v -0.321841 -0.015082 -2.007246
v -0.327115 -0.013117 -2.015778
v -0.317387 -0.012210 -2.007300
v -0.323535 -0.010215 -2.017220
v -0.313945 -0.008822 -2.007987
v -0.320592 -0.006818 -2.018907
v -0.310170 -0.011162 -1.997256
v -0.310781 -0.004939 -2.008962
v -0.317761 -0.002881 -2.020646
v -0.306784 -0.007364 -1.997549
v -0.307145 -0.000598 -2.009889
v -0.314472 0.001587 -2.022256
v -0.303148 0.004578 -2.010707
v -0.302926 -0.003178 -1.997849
v -0.298735 0.001759 -1.998093
v -0.301149 -0.006094 -1.985996
v -0.301205 -0.009289 -1.974208
v -0.296917 -0.001480 -1.985652
v -0.305105 -0.010042 -1.986283
v -0.305146 -0.012859 -1.975085
v -0.308657 -0.013698 -1.986618
v -0.312724 -0.017058 -1.987374
v -0.308755 -0.016221 -1.975966
v -0.312973 -0.019422 -1.977184
v -0.309879 -0.018602 -1.965192
v -0.306256 -0.015703 -1.963844
v -0.312335 -0.020691 -1.954410
v -0.314181 -0.021434 -1.966736
v -0.316623 -0.023057 -1.956212
v -0.320093 -0.024332 -1.968792
v -0.322605 -0.025650 -1.958343
v -0.318733 -0.022510 -1.979055
v -0.331126 -0.028659 -1.961132
v -0.326518 -0.026497 -1.947889
v -0.320648 -0.024250 -1.945724
v -0.334942 -0.029350 -1.950543
v -0.332111 -0.026902 -1.937610
v -0.339675 -0.026898 -1.927699
v -0.326532 -0.025002 -1.935425
v -0.340216 -0.029544 -1.940087
v -0.351610 -0.033224 -1.943169
v -0.347169 -0.029286 -1.929973
v -0.357813 -0.032736 -1.932601
v -0.354913 -0.028854 -1.920931
v -0.364544 -0.031862 -1.922929
v -0.362601 -0.028484 -1.913692
v -0.348432 -0.026747 -1.918805
v -0.357675 -0.026709 -1.911546
v -0.344254 -0.025327 -1.916388
v -0.341521 -0.024358 -1.913533
v -0.334582 -0.025275 -1.925481
v -0.354927 -0.025406 -1.908669
v -0.353109 -0.024470 -1.905397
v -0.366237 -0.025782 -1.902777
v -0.365363 -0.024755 -1.899048
v -0.367389 -0.027082 -1.906264
v -0.377784 -0.026728 -1.899150
v -0.377590 -0.028193 -1.903287
v -0.389483 -0.027963 -1.897670
v -0.377714 -0.025484 -1.894996
v -0.377701 -0.024464 -1.890129
v -0.390066 -0.026450 -1.893187
v -0.390565 -0.025217 -1.888074
v -0.402292 -0.027430 -1.893613
v -0.414283 -0.028214 -1.896236
v -0.403250 -0.026013 -1.888379
v -0.401293 -0.029196 -1.898258
v -0.412965 -0.030146 -1.900864
v -0.399836 -0.031260 -1.903258
v -0.388373 -0.029702 -1.902371
v -0.397560 -0.033514 -1.909518
v -0.411480 -0.032406 -1.905916
v -0.409564 -0.034900 -1.912379
v -0.422846 -0.032696 -1.910338
v -0.421319 -0.035176 -1.916774
v -0.424317 -0.030481 -1.905424
v -0.433296 -0.032486 -1.916199
v -0.434947 -0.030447 -1.911796
v -0.432047 -0.034722 -1.922224
v -0.442261 -0.032103 -1.923230
v -0.440970 -0.033987 -1.928234
v -0.444468 -0.030292 -1.919849
v -0.449547 -0.031926 -1.931603
v -0.452628 -0.030236 -1.929525
v -0.454946 -0.032374 -1.941492
v -0.446758 -0.033346 -1.933298
v -0.449325 -0.034199 -1.940347
v -0.451879 -0.035265 -1.950627
v -0.441345 -0.035832 -1.936361
v -0.442331 -0.037469 -1.946741
v -0.431311 -0.037107 -1.931021
v -0.419598 -0.037842 -1.925788
v -0.430756 -0.039278 -1.941780
v -0.430007 -0.040930 -1.953714
v -0.417697 -0.040306 -1.936625
v -0.403847 -0.040065 -1.931854
v -0.415657 -0.042152 -1.948541
v -0.400530 -0.041948 -1.943548
v -0.413492 -0.042991 -1.960810
v -0.411244 -0.042408 -1.972689
v -0.428966 -0.041629 -1.965916
v -0.397241 -0.042827 -1.955705
v -0.380962 -0.040644 -1.951026
v -0.394229 -0.042341 -1.967637
v -0.377243 -0.040279 -1.962734
v -0.361144 -0.036959 -1.958132
v -0.365474 -0.037179 -1.946830
v -0.346766 -0.033079 -1.954013
v -0.370803 -0.036499 -1.935668
v -0.376465 -0.035166 -1.925186
v -0.385306 -0.039815 -1.939299
v -0.389830 -0.038121 -1.928101
v -0.394063 -0.035920 -1.917982
v -0.381822 -0.033452 -1.915876
v -0.406928 -0.037591 -1.921240
v -0.386055 -0.031573 -1.908152
v -0.370984 -0.030850 -1.914800
v -0.375785 -0.029659 -1.908243
v -0.368541 -0.028345 -1.909239
v -0.427481 -0.040985 -1.977545
v -0.442900 -0.039259 -1.970582
v -0.454571 -0.036386 -1.974341
v -0.442913 -0.038757 -1.958501
v -0.442164 -0.038554 -1.981894
v -0.454460 -0.035593 -1.985405
v -0.440818 -0.036793 -1.992476
v -0.453516 -0.033909 -1.995597
v -0.425663 -0.039164 -1.988587
v -0.438986 -0.034159 -2.002311
v -0.451920 -0.031460 -2.004956
v -0.423567 -0.036360 -1.998994
v -0.436835 -0.030803 -2.011423
v -0.434489 -0.026892 -2.019824
v -0.421319 -0.032752 -2.008763
v -0.449811 -0.028372 -2.013536
v -0.447396 -0.024798 -2.021376
v -0.459276 -0.025709 -2.015182
v -0.456667 -0.022409 -2.022794
v -0.461427 -0.028594 -2.006856
v -0.462926 -0.030937 -1.997748
v -0.463592 -0.032625 -1.987751
v -0.463217 -0.033531 -1.976768
v -0.461621 -0.033556 -1.964733
v -0.453669 -0.036135 -1.962353
v -0.458845 -0.033054 -1.952639
v -0.408912 -0.040580 -1.984118
v -0.459109 -0.030557 -1.940818
v -0.404541 -0.024999 -1.881624
v -0.406206 -0.024462 -1.872889
v -0.391370 -0.024317 -1.881484
v -0.392536 -0.023815 -1.873165
v -0.378006 -0.023667 -1.883856
v -0.378686 -0.023084 -1.875691
v -0.364516 -0.023174 -1.888723
v -0.364780 -0.023921 -1.894553
v -0.350985 -0.022991 -1.896041
v -0.364641 -0.022514 -1.880851
v -0.365210 -0.021900 -1.870230
v -0.350430 -0.022375 -1.889016
v -0.350291 -0.021938 -1.879738
v -0.336733 -0.022135 -1.899250
v -0.324256 -0.021278 -1.910620
v -0.338079 -0.022788 -1.905262
v -0.335650 -0.021813 -1.891663
v -0.334901 -0.022240 -1.882550
v -0.349820 -0.022085 -1.869713
v -0.334554 -0.023835 -1.871999
v -0.348293 -0.023203 -1.860448
v -0.334582 -0.026307 -1.860918
v -0.334956 -0.029328 -1.850215
v -0.322008 -0.025224 -1.868350
v -0.346877 -0.025271 -1.851498
v -0.346753 -0.028253 -1.842421
v -0.356995 -0.021986 -1.840580
v -0.356481 -0.024953 -1.832918
v -0.359340 -0.020228 -1.847539
v -0.363004 -0.016309 -1.828638
v -0.364961 -0.014686 -1.833165
v -0.362324 -0.018988 -1.822675
v -0.365876 -0.008803 -1.816868
v -0.367042 -0.007168 -1.819286
v -0.366584 -0.000046 -1.806524
v -0.365141 -0.011248 -1.812519
v -0.365807 -0.002624 -1.803339
v -0.364503 -0.013921 -1.807001
v -0.362310 -0.021745 -1.815697
v -0.363670 -0.016253 -1.801003
v -0.364933 -0.005555 -1.799009
v -0.363753 -0.008396 -1.794292
v -0.363906 0.003088 -1.792521
v -0.361699 0.011786 -1.788311
v -0.362740 -0.000338 -1.788682
v -0.364766 0.006591 -1.796001
v -0.362421 0.016100 -1.791431
v -0.365530 0.009626 -1.798472
v -0.366445 0.011679 -1.799288
v -0.363156 0.019877 -1.793625
v -0.359187 0.029968 -1.792119
v -0.364156 0.022475 -1.794242
v -0.365696 0.023227 -1.792604
v -0.360520 0.033769 -1.792981
v -0.355426 0.045195 -1.795831
v -0.362823 0.035134 -1.791272
v -0.366418 0.032720 -1.785952
v -0.359284 0.047947 -1.794147
v -0.365391 0.044237 -1.786930
v -0.371969 0.037215 -1.777138
v -0.368763 0.053621 -1.788368
v -0.380365 0.058534 -1.787640
v -0.376715 0.044514 -1.776525
v -0.386666 0.048587 -1.775449
v -0.382447 0.036016 -1.766220
v -0.386680 0.028313 -1.757249
v -0.391357 0.039412 -1.765020
v -0.377215 0.030005 -1.767746
v -0.381489 0.023075 -1.758997
v -0.374758 0.022134 -1.770028
v -0.378658 0.016116 -1.761532
v -0.370637 0.027919 -1.778395
v -0.374176 0.013173 -1.773484
v -0.374536 0.003876 -1.778558
v -0.377520 0.008082 -1.765089
v -0.370928 0.017870 -1.781400
v -0.368028 0.021452 -1.788046
v -0.371886 0.007765 -1.786626
v -0.369568 0.010736 -1.793288
v -0.372482 -0.001655 -1.794515
v -0.370359 0.000890 -1.801738
v -0.373551 -0.010141 -1.803782
v -0.374953 -0.005002 -1.785708
v -0.376146 -0.013228 -1.793633
v -0.377645 -0.008657 -1.776215
v -0.378755 -0.016542 -1.782994
v -0.380490 -0.012162 -1.766947
v -0.377409 -0.000391 -1.769914
v -0.380379 -0.004481 -1.761454
v -0.383890 -0.008153 -1.753655
v -0.380768 0.003277 -1.757046
v -0.382183 0.010572 -1.753642
v -0.384376 -0.000988 -1.749763
v -0.385819 0.005704 -1.746709
v -0.388872 -0.004510 -1.743604
v -0.388428 -0.011179 -1.746950
v -0.390066 0.001713 -1.741110
v -0.394729 -0.007061 -1.738962
v -0.394451 -0.013332 -1.741788
v -0.402431 -0.008398 -1.736258
v -0.395520 -0.001153 -1.737031
v -0.402723 -0.002636 -1.734686
v -0.396991 0.004009 -1.736336
v -0.403319 0.002701 -1.734313
v -0.392314 0.007043 -1.739668
v -0.398712 0.007571 -1.736652
v -0.403403 0.007748 -1.735337
v -0.396144 0.010890 -1.738782
v -0.402140 0.012669 -1.737913
v -0.393188 0.015696 -1.743092
v -0.400072 0.017961 -1.742218
v -0.388595 0.011449 -1.744539
v -0.390135 0.021519 -1.749405
v -0.397713 0.024092 -1.748370
v -0.385125 0.016837 -1.751122
v -0.406622 0.024583 -1.748087
v -0.394882 0.031208 -1.756081
v -0.404679 0.031745 -1.755591
v -0.402223 0.040132 -1.764353
v -0.414616 0.029934 -1.755919
v -0.423234 0.025788 -1.757188
v -0.413284 0.038075 -1.764495
v -0.415629 0.023034 -1.748544
v -0.423484 0.019513 -1.749811
v -0.416184 0.017190 -1.742620
v -0.423220 0.014293 -1.743857
v -0.416129 0.012175 -1.738376
v -0.408107 0.018395 -1.742017
v -0.409162 0.012925 -1.737599
v -0.409884 0.007757 -1.734851
v -0.410356 0.002447 -1.733781
v -0.416198 0.007503 -1.735791
v -0.420542 0.007099 -1.737407
v -0.417170 0.002607 -1.734839
v -0.422790 0.003659 -1.737232
v -0.418377 -0.002576 -1.735173
v -0.424803 -0.001280 -1.737890
v -0.419168 -0.008139 -1.736499
v -0.410675 -0.003028 -1.734082
v -0.410938 -0.008703 -1.735447
v -0.411216 -0.014474 -1.737519
v -0.402417 -0.014356 -1.738645
v -0.419737 -0.013880 -1.738446
v -0.411632 -0.020196 -1.739939
v -0.402681 -0.020266 -1.741450
v -0.412146 -0.025630 -1.742572
v -0.420278 -0.019557 -1.740672
v -0.420764 -0.024932 -1.743071
v -0.427467 -0.018559 -1.743731
v -0.426884 -0.012770 -1.741437
v -0.427856 -0.024045 -1.746113
v -0.432033 -0.017453 -1.749192
v -0.432227 -0.023193 -1.751834
v -0.434489 -0.016259 -1.756641
v -0.431520 -0.011338 -1.746530
v -0.430604 -0.005088 -1.744093
v -0.434129 -0.009689 -1.753390
v -0.435197 -0.007900 -1.761682
v -0.433199 -0.002859 -1.750366
v -0.431325 0.003756 -1.747700
v -0.434365 -0.000266 -1.757952
v -0.432422 0.007249 -1.754649
v -0.434573 0.002584 -1.766639
v -0.432713 0.011305 -1.762720
v -0.435183 -0.006049 -1.771100
v -0.434309 0.005600 -1.776161
v -0.434573 -0.004254 -1.781308
v -0.432685 0.015857 -1.771716
v -0.434004 0.008322 -1.784998
v -0.432838 0.020319 -1.780308
v -0.434087 0.010336 -1.791629
v -0.433865 -0.002694 -1.790706
v -0.433532 -0.001603 -1.797708
v -0.433129 -0.011529 -1.797051
v -0.431298 -0.018372 -1.803767
v -0.434143 -0.012576 -1.786941
v -0.432533 -0.010822 -1.804560
v -0.432866 -0.010563 -1.807771
v -0.430715 -0.017605 -1.812526
v -0.431311 -0.017332 -1.816501
v -0.427661 -0.022306 -1.821960
v -0.421680 -0.025113 -1.830334
v -0.429285 -0.021927 -1.827700
v -0.427842 -0.023413 -1.810572
v -0.421791 -0.026690 -1.816618
v -0.429396 -0.025091 -1.797840
v -0.431478 -0.026655 -1.784916
v -0.423678 -0.028999 -1.802722
v -0.432547 -0.019483 -1.792614
v -0.433879 -0.020635 -1.780670
v -0.434684 -0.021567 -1.769576
v -0.435031 -0.013787 -1.775925
v -0.435322 -0.015026 -1.765686
v -0.433254 -0.027418 -1.772951
v -0.434351 -0.022384 -1.759802
v -0.433782 -0.027834 -1.762533
v -0.433032 -0.032392 -1.764280
v -0.432172 -0.028346 -1.754236
v -0.428078 -0.028974 -1.748437
v -0.431922 -0.032657 -1.756141
v -0.431547 -0.035913 -1.757302
v -0.428147 -0.033136 -1.750552
v -0.421555 -0.033864 -1.747915
v -0.428064 -0.036291 -1.752298
v -0.421833 -0.036959 -1.750120
v -0.427509 -0.038571 -1.753977
v -0.426149 -0.040078 -1.755892
v -0.430659 -0.038274 -1.758160
v -0.421791 -0.039180 -1.752369
v -0.414658 -0.039900 -1.753050
v -0.421236 -0.040670 -1.754895
v -0.420736 -0.041557 -1.757808
v -0.415074 -0.041339 -1.755744
v -0.408565 -0.041798 -1.758039
v -0.415213 -0.042215 -1.758850
v -0.409356 -0.042529 -1.760802
v -0.415005 -0.042688 -1.762617
v -0.408829 -0.042960 -1.764541
v -0.420861 -0.042023 -1.761214
v -0.414477 -0.042766 -1.766821
v -0.413672 -0.042419 -1.771256
v -0.420778 -0.042110 -1.765126
v -0.407885 -0.043010 -1.768746
v -0.407427 -0.042574 -1.772877
v -0.401821 -0.042725 -1.770542
v -0.401654 -0.042231 -1.774604
v -0.403208 -0.042782 -1.766155
v -0.397074 -0.041833 -1.771877
v -0.397060 -0.041284 -1.776676
v -0.393327 -0.040139 -1.772589
v -0.399003 -0.042068 -1.766584
v -0.402848 -0.042046 -1.761685
v -0.395853 -0.040614 -1.766042
v -0.393397 -0.038160 -1.764714
v -0.400530 -0.040768 -1.760113
v -0.407177 -0.040477 -1.755704
v -0.398642 -0.038536 -1.758072
v -0.397130 -0.035227 -1.755496
v -0.405928 -0.038308 -1.753260
v -0.404832 -0.035163 -1.750598
v -0.414047 -0.037702 -1.750523
v -0.413381 -0.034629 -1.747998
v -0.412729 -0.030512 -1.745299
v -0.403902 -0.030930 -1.747623
v -0.421194 -0.029780 -1.745521
v -0.395936 -0.030781 -1.752289
v -0.403181 -0.025875 -1.744511
v -0.395076 -0.025468 -1.748738
v -0.394576 -0.019557 -1.745142
v -0.389039 -0.024130 -1.755148
v -0.388498 -0.017819 -1.750935
v -0.384612 -0.022088 -1.763292
v -0.390038 -0.029825 -1.759136
v -0.391495 -0.034607 -1.762462
v -0.385930 -0.028294 -1.767826
v -0.387832 -0.033520 -1.771171
v -0.383307 -0.026374 -1.778009
v -0.381253 -0.023876 -1.789243
v -0.386055 -0.032195 -1.781273
v -0.381378 -0.019529 -1.772723
v -0.386430 -0.030872 -1.793721
v -0.389400 -0.036506 -1.780971
v -0.393133 -0.039479 -1.778861
v -0.391856 -0.035884 -1.787812
v -0.390274 -0.037418 -1.772556
v -0.398740 -0.036052 -1.790890
v -0.395811 -0.038900 -1.783550
v -0.401918 -0.038711 -1.785330
v -0.399434 -0.040749 -1.780003
v -0.402417 -0.041601 -1.777295
v -0.404666 -0.040529 -1.780868
v -0.411355 -0.040400 -1.779885
v -0.406622 -0.041733 -1.776932
v -0.412618 -0.041640 -1.775684
v -0.418516 -0.041232 -1.773859
v -0.422554 -0.040742 -1.772161
v -0.419695 -0.041873 -1.769517
v -0.418141 -0.040150 -1.777627
v -0.423956 -0.039916 -1.774037
v -0.418058 -0.038507 -1.781822
v -0.409842 -0.038656 -1.784623
v -0.417683 -0.036238 -1.787444
v -0.425080 -0.038336 -1.777148
v -0.425830 -0.035948 -1.781564
v -0.429479 -0.038232 -1.770806
v -0.431311 -0.038204 -1.764061
v -0.427703 -0.039866 -1.769082
v -0.430604 -0.035779 -1.773253
v -0.432380 -0.035769 -1.764509
v -0.431658 -0.032264 -1.774582
v -0.427065 -0.032169 -1.788089
v -0.416601 -0.033572 -1.795586
v -0.414380 -0.030792 -1.807325
v -0.405901 -0.033702 -1.798873
v -0.403458 -0.030846 -1.810239
v -0.395575 -0.032881 -1.798736
v -0.408038 -0.036367 -1.790634
v -0.392828 -0.029537 -1.810014
v -0.389774 -0.026514 -1.823576
v -0.384098 -0.026300 -1.806881
v -0.378866 -0.020598 -1.801061
v -0.380795 -0.023041 -1.820406
v -0.375938 -0.020897 -1.835007
v -0.375855 -0.017436 -1.813112
v -0.371927 -0.015257 -1.825076
v -0.370970 -0.007849 -1.812597
v -0.368000 -0.014282 -1.833062
v -0.366473 -0.020490 -1.853392
v -0.368694 -0.006734 -1.818336
v -0.368652 0.002162 -1.806467
v -0.367472 0.001707 -1.807805
v -0.367708 0.012221 -1.797771
v -0.381892 -0.023029 -1.852567
v -0.396033 -0.024454 -1.850861
v -0.385680 -0.024316 -1.838233
v -0.379768 -0.022750 -1.865162
v -0.394091 -0.023804 -1.862880
v -0.408329 -0.024421 -1.861730
v -0.410203 -0.025000 -1.848880
v -0.411133 -0.026285 -1.835114
v -0.398351 -0.025966 -1.837383
v -0.412174 -0.028230 -1.821045
v -0.400877 -0.028150 -1.823490
v -0.429355 -0.039905 -1.763751
v -0.424664 -0.040993 -1.768506
v -0.426010 -0.041117 -1.763992
v -0.425691 -0.041059 -1.760121
v -0.424372 -0.040918 -1.757778
v -0.428841 -0.039902 -1.759102
v -0.383960 -0.015278 -1.758366
v -0.405026 -0.042511 -1.762828
v -0.433185 -0.022431 -1.823471
v -0.437862 -0.023670 -1.813232
v -0.433587 -0.017716 -1.813259
v -0.436918 -0.018592 -1.805109
v -0.434614 -0.010900 -1.804989
v -0.435947 -0.001653 -1.798138
v -0.437473 -0.011725 -1.797894
v -0.438889 -0.002807 -1.791537
v -0.441123 -0.012876 -1.788129
v -0.445203 -0.014244 -1.777360
v -0.440679 -0.019807 -1.794329
v -0.442539 -0.004456 -1.782484
v -0.446619 -0.006381 -1.772537
v -0.444301 0.005629 -1.777564
v -0.448437 0.002553 -1.768331
v -0.447049 0.016189 -1.774012
v -0.440471 0.008387 -1.785999
v -0.437279 0.010368 -1.792143
v -0.442858 0.020578 -1.782076
v -0.438833 0.024282 -1.788127
v -0.446660 0.032501 -1.780604
v -0.440887 0.039193 -1.787197
v -0.451421 0.026017 -1.772488
v -0.453169 0.042212 -1.782339
v -0.463675 0.047756 -1.788037
v -0.446369 0.051545 -1.790259
v -0.458082 0.033935 -1.773621
v -0.461801 0.026670 -1.764963
v -0.467686 0.038766 -1.778056
v -0.470725 0.030820 -1.768733
v -0.478649 0.040645 -1.784503
v -0.476068 0.049675 -1.795998
v -0.480842 0.032480 -1.774274
v -0.489405 0.039721 -1.791649
v -0.488225 0.048489 -1.804540
v -0.490723 0.031724 -1.780562
v -0.498384 0.036129 -1.798203
v -0.498981 0.028614 -1.786542
v -0.503991 0.030046 -1.802850
v -0.498217 0.044248 -1.811679
v -0.499286 0.052837 -1.827468
v -0.487712 0.057938 -1.819637
v -0.473126 0.059446 -1.808756
v -0.486532 0.068166 -1.836137
v -0.469878 0.069827 -1.822996
v -0.466367 0.080661 -1.838980
v -0.452684 0.068716 -1.810358
v -0.433782 0.063284 -1.796446
v -0.458235 0.057810 -1.798190
v -0.448354 0.080272 -1.826327
v -0.444718 0.091787 -1.843809
v -0.429410 0.079689 -1.817405
v -0.409662 0.080522 -1.814395
v -0.425635 0.091718 -1.835577
v -0.422110 0.102658 -1.852617
v -0.406053 0.092009 -1.831904
v -0.402626 0.102786 -1.848733
v -0.386319 0.092126 -1.832308
v -0.383057 0.102713 -1.848912
v -0.389650 0.081238 -1.815449
v -0.366751 0.091496 -1.836322
v -0.369971 0.080303 -1.818721
v -0.363656 0.102203 -1.853164
v -0.360603 0.112708 -1.868961
v -0.344629 0.100966 -1.861497
v -0.379893 0.113203 -1.864737
v -0.376785 0.123801 -1.879259
v -0.399364 0.113220 -1.864598
v -0.374203 0.069150 -1.801954
v -0.392994 0.070345 -1.799631
v -0.412229 0.068901 -1.798160
v -0.396269 0.059673 -1.786121
v -0.399364 0.049507 -1.774494
v -0.412576 0.057748 -1.785127
v -0.425621 0.051328 -1.784772
v -0.412368 0.047374 -1.774246
v -0.423262 0.041725 -1.774988
v -0.422804 0.033195 -1.765682
v -0.429660 0.032082 -1.776987
v -0.431755 0.038967 -1.785166
v -0.429063 0.025417 -1.768160
v -0.429105 0.019318 -1.759510
v -0.428938 0.014047 -1.751889
v -0.428133 0.009640 -1.745547
v -0.426260 0.006093 -1.740734
v -0.428952 0.000862 -1.742094
v -0.422124 0.010042 -1.739627
v -0.435461 0.042535 -1.789605
v -0.433685 0.024147 -1.787167
v -0.435572 0.025933 -1.790406
v -0.435031 0.011171 -1.794518
v -0.434059 -0.001187 -1.800714
v -0.504199 0.023225 -1.791202
v -0.506822 0.016143 -1.795124
v -0.504129 0.016912 -1.780633
v -0.506627 0.010456 -1.784469
v -0.499272 0.021811 -1.776241
v -0.503352 0.011351 -1.771424
v -0.498953 0.015836 -1.767635
v -0.505642 0.005377 -1.774713
v -0.501437 0.006745 -1.763829
v -0.503380 0.001152 -1.766043
v -0.497704 0.010836 -1.761060
v -0.497926 0.003562 -1.757371
v -0.495941 0.007371 -1.757053
v -0.492305 0.002267 -1.751614
v -0.499355 -0.001885 -1.758449
v -0.493041 -0.003402 -1.751939
v -0.499702 -0.008083 -1.760319
v -0.499175 -0.014666 -1.762764
v -0.493069 -0.009493 -1.753297
v -0.503907 -0.005351 -1.768628
v -0.503311 -0.012318 -1.771580
v -0.506225 -0.001569 -1.777971
v -0.505448 -0.009004 -1.781469
v -0.507169 0.002961 -1.788146
v -0.506156 -0.005052 -1.792092
v -0.504004 -0.013050 -1.796718
v -0.503699 -0.016463 -1.785439
v -0.500840 -0.020796 -1.801224
v -0.501201 -0.023656 -1.789344
v -0.496760 -0.028025 -1.804809
v -0.492722 -0.034269 -1.806219
v -0.494359 -0.025252 -1.817686
v -0.498190 -0.030255 -1.792650
v -0.497537 -0.032058 -1.781373
v -0.495067 -0.035928 -1.794682
v -0.494970 -0.037264 -1.783691
v -0.492278 -0.040330 -1.794780
v -0.489433 -0.043498 -1.793444
v -0.492430 -0.041285 -1.784935
v -0.489641 -0.039090 -1.804200
v -0.484270 -0.038066 -1.810313
v -0.486921 -0.042517 -1.800389
v -0.483979 -0.044609 -1.796463
v -0.482147 -0.041507 -1.804308
v -0.480037 -0.043632 -1.799147
v -0.475124 -0.040812 -1.803488
v -0.467283 -0.040272 -1.799126
v -0.474222 -0.042928 -1.797869
v -0.475971 -0.037788 -1.810290
v -0.466645 -0.037687 -1.805628
v -0.458221 -0.037167 -1.797823
v -0.452475 -0.036637 -1.788034
v -0.460081 -0.039690 -1.792418
v -0.454904 -0.039233 -1.784293
v -0.461676 -0.041626 -1.788343
v -0.462856 -0.043023 -1.784333
v -0.457236 -0.041089 -1.781843
v -0.467713 -0.042326 -1.793855
v -0.468199 -0.043887 -1.788981
v -0.473931 -0.044432 -1.792913
v -0.469060 -0.044954 -1.783701
v -0.474930 -0.045620 -1.788116
v -0.470212 -0.045549 -1.778346
v -0.463494 -0.043856 -1.779127
v -0.458790 -0.042474 -1.775738
v -0.464299 -0.044270 -1.773761
v -0.459359 -0.042732 -1.770223
v -0.466006 -0.044395 -1.769331
v -0.461427 -0.042920 -1.766124
v -0.471558 -0.045636 -1.773333
v -0.467700 -0.044062 -1.765589
v -0.463897 -0.043021 -1.764110
v -0.473015 -0.045222 -1.768996
v -0.468477 -0.043126 -1.762290
v -0.474500 -0.044300 -1.765724
v -0.462953 -0.042040 -1.761352
v -0.469004 -0.041505 -1.759488
v -0.462468 -0.040383 -1.758843
v -0.469920 -0.039133 -1.757298
v -0.476026 -0.042712 -1.763158
v -0.482521 -0.043711 -1.769108
v -0.477595 -0.040312 -1.760968
v -0.484617 -0.041262 -1.767266
v -0.479149 -0.036996 -1.758850
v -0.486574 -0.037795 -1.765220
v -0.480676 -0.032665 -1.756557
v -0.471072 -0.035889 -1.755317
v -0.463411 -0.034764 -1.755269
v -0.472265 -0.031657 -1.753120
v -0.473459 -0.026659 -1.750867
v -0.464286 -0.030547 -1.753168
v -0.465285 -0.025521 -1.750861
v -0.457832 -0.029597 -1.757322
v -0.458623 -0.024415 -1.754809
v -0.457291 -0.033925 -1.759379
v -0.452753 -0.028783 -1.765000
v -0.452725 -0.033320 -1.767150
v -0.448853 -0.028105 -1.775589
v -0.453211 -0.023326 -1.761936
v -0.454127 -0.017143 -1.758609
v -0.448701 -0.022268 -1.771478
v -0.444662 -0.021129 -1.782576
v -0.449422 -0.015680 -1.767270
v -0.450796 -0.008388 -1.763283
v -0.452545 -0.000439 -1.759822
v -0.455418 -0.010378 -1.755376
v -0.460858 -0.012240 -1.749525
v -0.457000 -0.003206 -1.752609
v -0.462232 -0.005648 -1.747316
v -0.459331 0.003811 -1.750713
v -0.462828 0.010082 -1.750121
v -0.455168 0.007477 -1.757346
v -0.464105 0.000721 -1.745977
v -0.469962 -0.001651 -1.743615
v -0.466839 0.006287 -1.745970
v -0.471794 0.003630 -1.744061
v -0.471058 0.010471 -1.747131
v -0.477414 0.012638 -1.749267
v -0.468033 0.014978 -1.751087
v -0.473681 0.007280 -1.745558
v -0.478580 0.007628 -1.746273
v -0.478316 0.002399 -1.744537
v -0.485255 0.007760 -1.748829
v -0.485477 0.002115 -1.747128
v -0.491639 0.007627 -1.753018
v -0.484728 0.013259 -1.752457
v -0.491806 0.012844 -1.756836
v -0.483854 0.018999 -1.757991
v -0.482563 0.025331 -1.765341
v -0.475430 0.017910 -1.753890
v -0.492069 0.018354 -1.762865
v -0.491667 0.024631 -1.770866
v -0.473265 0.023921 -1.760526
v -0.465035 0.020374 -1.757239
v -0.459165 0.014658 -1.756342
v -0.455487 0.019984 -1.764006
v -0.451212 0.011632 -1.765308
v -0.485408 -0.003712 -1.746991
v -0.477386 -0.003131 -1.744074
v -0.485019 -0.009756 -1.748017
v -0.476540 -0.009074 -1.744948
v -0.484339 -0.015854 -1.749791
v -0.475652 -0.015143 -1.746640
v -0.492513 -0.015777 -1.755345
v -0.483340 -0.021862 -1.751900
v -0.474611 -0.021080 -1.748653
v -0.482091 -0.027540 -1.754196
v -0.491500 -0.021998 -1.757728
v -0.498037 -0.021215 -1.765585
v -0.490099 -0.027904 -1.760283
v -0.496399 -0.027474 -1.768522
v -0.488433 -0.033253 -1.762834
v -0.494415 -0.033148 -1.771317
v -0.492208 -0.037981 -1.773726
v -0.489932 -0.041678 -1.775489
v -0.487420 -0.044254 -1.776662
v -0.484547 -0.045669 -1.777344
v -0.489655 -0.044135 -1.785160
v -0.486393 -0.045800 -1.784407
v -0.482327 -0.046481 -1.782215
v -0.486102 -0.045467 -1.791117
v -0.481869 -0.046362 -1.787755
v -0.480204 -0.045574 -1.792378
v -0.476318 -0.046320 -1.783259
v -0.477192 -0.046376 -1.778067
v -0.478261 -0.045946 -1.773605
v -0.481855 -0.046120 -1.777697
v -0.480218 -0.045161 -1.770927
v -0.478164 -0.044596 -1.795034
v -0.499910 -0.025963 -1.778336
v -0.501909 -0.019279 -1.774948
v -0.466367 -0.019898 -1.748550
v -0.467491 -0.013875 -1.746386
v -0.459650 -0.018563 -1.752114
v -0.468615 -0.007637 -1.744559
v -0.445467 -0.027128 -1.787947
v -0.448631 -0.032684 -1.793410
v -0.441873 -0.025440 -1.800943
v -0.449741 -0.032940 -1.778067
v -0.451199 -0.036509 -1.777431
v -0.453142 -0.039100 -1.775690
v -0.453128 -0.036732 -1.767739
v -0.457041 -0.037211 -1.760692
v -0.454182 -0.039259 -1.767830
v -0.456111 -0.041159 -1.768448
v -0.457402 -0.039663 -1.761910
v -0.458707 -0.041445 -1.763681
v -0.455501 -0.040987 -1.774863
v -0.462703 -0.038003 -1.756985
v -0.459428 -0.042204 -1.780587
v -0.426079 -0.006888 -1.739381
v -0.347113 0.054162 -1.803285
v -0.353372 0.039134 -1.794080
v -0.345046 0.046067 -1.799706
v -0.352692 0.032905 -1.790952
v -0.352665 0.026799 -1.787147
v -0.344726 0.038669 -1.795238
v -0.358493 0.025127 -1.789711
v -0.358035 0.019885 -1.786476
v -0.357425 0.014937 -1.783109
v -0.356162 0.010398 -1.780109
v -0.352595 0.021109 -1.783376
v -0.360714 0.007602 -1.784915
v -0.358993 0.003718 -1.781789
v -0.360783 -0.003575 -1.785082
v -0.356037 0.000278 -1.779449
v -0.351360 -0.002577 -1.778438
v -0.357550 -0.006479 -1.782266
v -0.353719 0.006426 -1.778009
v -0.349598 0.003248 -1.777228
v -0.350319 0.011573 -1.778160
v -0.345545 0.015098 -1.779669
v -0.347030 0.008212 -1.777514
v -0.351971 0.015976 -1.780199
v -0.346156 0.019980 -1.782092
v -0.345934 0.025601 -1.785861
v -0.338398 0.021882 -1.785820
v -0.337163 0.027899 -1.790693
v -0.339092 0.016451 -1.782304
v -0.329780 0.021956 -1.790776
v -0.321370 0.020465 -1.796329
v -0.331778 0.016258 -1.785965
v -0.327504 0.028143 -1.796957
v -0.325144 0.034824 -1.804147
v -0.318178 0.026448 -1.803755
v -0.314972 0.033032 -1.812442
v -0.310392 0.022983 -1.810187
v -0.306479 0.029278 -1.820256
v -0.305340 0.017876 -1.815352
v -0.314347 0.017369 -1.801573
v -0.309920 0.012701 -1.805553
v -0.318372 0.012705 -1.794893
v -0.314819 0.008506 -1.797522
v -0.324451 0.015144 -1.790608
v -0.321730 0.009533 -1.790781
v -0.320495 0.005770 -1.790891
v -0.326685 0.010106 -1.786850
v -0.327365 0.004943 -1.785324
v -0.333430 0.010794 -1.782698
v -0.334637 0.005355 -1.781098
v -0.339897 0.011331 -1.779932
v -0.344338 0.011588 -1.778840
v -0.341493 0.006292 -1.778492
v -0.343241 0.001050 -1.778214
v -0.344477 -0.004674 -1.779273
v -0.335539 -0.000180 -1.780939
v -0.336261 -0.005890 -1.781957
v -0.327379 -0.000430 -1.785432
v -0.327601 -0.006114 -1.786534
v -0.319607 0.000565 -1.791600
v -0.313112 0.003085 -1.799378
v -0.319399 -0.005194 -1.793005
v -0.319704 -0.011240 -1.794933
v -0.312529 -0.003018 -1.801388
v -0.312807 -0.009457 -1.803558
v -0.306728 0.000223 -1.811442
v -0.307034 -0.006778 -1.813963
v -0.301663 0.004312 -1.822942
v -0.307547 0.006840 -1.808706
v -0.302593 0.011510 -1.819523
v -0.298013 0.016852 -1.831587
v -0.300997 0.023747 -1.826552
v -0.302107 -0.003321 -1.825881
v -0.303453 -0.010978 -1.828584
v -0.305701 -0.018402 -1.830695
v -0.308074 -0.013792 -1.816442
v -0.313612 -0.015913 -1.805895
v -0.309712 -0.020523 -1.818648
v -0.314833 -0.022078 -1.808209
v -0.311822 -0.026703 -1.820310
v -0.316304 -0.027696 -1.810284
v -0.314098 -0.031964 -1.821087
v -0.308893 -0.025364 -1.831856
v -0.312377 -0.031283 -1.831468
v -0.306742 -0.023205 -1.844874
v -0.313501 -0.030451 -1.843407
v -0.304577 -0.019781 -1.859290
v -0.302357 -0.015612 -1.844113
v -0.312293 -0.025674 -1.858223
v -0.322952 -0.028660 -1.855336
v -0.324076 -0.032231 -1.844359
v -0.335456 -0.032516 -1.841022
v -0.325838 -0.035529 -1.836580
v -0.335831 -0.035476 -1.834513
v -0.318303 -0.035431 -1.835041
v -0.327809 -0.038231 -1.831116
v -0.336136 -0.037998 -1.829816
v -0.321384 -0.038403 -1.829920
v -0.329558 -0.040071 -1.827071
v -0.330779 -0.041242 -1.823607
v -0.324215 -0.040222 -1.826235
v -0.336427 -0.039886 -1.826103
v -0.343477 -0.039512 -1.823903
v -0.336788 -0.041183 -1.822678
v -0.342936 -0.040751 -1.821103
v -0.337288 -0.041945 -1.818874
v -0.337871 -0.042218 -1.814899
v -0.331126 -0.041964 -1.819887
v -0.343533 -0.041463 -1.817606
v -0.349001 -0.040570 -1.816596
v -0.344338 -0.041726 -1.813826
v -0.350014 -0.040818 -1.812788
v -0.344407 -0.041574 -1.810136
v -0.349598 -0.040779 -1.809180
v -0.344532 -0.041024 -1.806677
v -0.338453 -0.041992 -1.810989
v -0.332458 -0.041987 -1.812183
v -0.338981 -0.041341 -1.807323
v -0.333319 -0.041339 -1.808711
v -0.339369 -0.040297 -1.804150
v -0.333069 -0.040331 -1.805996
v -0.339605 -0.038646 -1.801252
v -0.345490 -0.040064 -1.803585
v -0.350472 -0.039792 -1.804618
v -0.346642 -0.038468 -1.800631
v -0.347280 -0.036025 -1.797608
v -0.352415 -0.038216 -1.801996
v -0.355898 -0.037921 -1.805555
v -0.353594 -0.035691 -1.799086
v -0.357550 -0.035222 -1.802981
v -0.354205 -0.032090 -1.795780
v -0.358507 -0.031385 -1.799680
v -0.354358 -0.027272 -1.791942
v -0.347488 -0.032592 -1.794411
v -0.347349 -0.028030 -1.790956
v -0.339453 -0.032876 -1.795474
v -0.339009 -0.028473 -1.792364
v -0.331126 -0.032952 -1.798832
v -0.339647 -0.036220 -1.798396
v -0.331750 -0.036302 -1.801309
v -0.332347 -0.038719 -1.803652
v -0.324645 -0.036267 -1.806182
v -0.323590 -0.032819 -1.804345
v -0.325880 -0.038753 -1.807732
v -0.319399 -0.036142 -1.812875
v -0.316263 -0.035927 -1.820694
v -0.317872 -0.032474 -1.811916
v -0.321217 -0.038788 -1.813353
v -0.323660 -0.040513 -1.813529
v -0.318677 -0.038766 -1.819627
v -0.318539 -0.038614 -1.825626
v -0.321675 -0.040618 -1.818441
v -0.325755 -0.041706 -1.817213
v -0.321717 -0.040468 -1.823024
v -0.325713 -0.041487 -1.821104
v -0.326713 -0.041037 -1.823763
v -0.331417 -0.042225 -1.816037
v -0.327240 -0.041506 -1.813205
v -0.329239 -0.041105 -1.810270
v -0.327518 -0.040334 -1.809119
v -0.315499 -0.035622 -1.828916
v -0.322452 -0.028321 -1.802111
v -0.330363 -0.028584 -1.796109
v -0.321342 -0.023057 -1.799682
v -0.320384 -0.017279 -1.797222
v -0.329516 -0.023453 -1.793346
v -0.338384 -0.023307 -1.789267
v -0.328725 -0.017824 -1.790716
v -0.328045 -0.011965 -1.788382
v -0.337662 -0.017632 -1.786361
v -0.346239 -0.016772 -1.784170
v -0.336927 -0.011742 -1.783875
v -0.345406 -0.010682 -1.781368
v -0.352595 -0.008882 -1.780847
v -0.353525 -0.015342 -1.784127
v -0.354122 -0.021576 -1.787953
v -0.358535 -0.013396 -1.786218
v -0.359021 -0.020102 -1.790784
v -0.361796 -0.011047 -1.789815
v -0.362046 -0.018299 -1.795343
v -0.361574 -0.024969 -1.800979
v -0.362365 -0.023616 -1.808097
v -0.360520 -0.030597 -1.805774
v -0.359007 -0.026226 -1.795445
v -0.359090 -0.034719 -1.808765
v -0.360367 -0.029842 -1.813700
v -0.357397 -0.029239 -1.824566
v -0.358202 -0.034298 -1.815949
v -0.354080 -0.034241 -1.823348
v -0.355759 -0.037359 -1.816336
v -0.357036 -0.037626 -1.810585
v -0.352887 -0.039330 -1.816369
v -0.351735 -0.037283 -1.821973
v -0.349403 -0.039229 -1.820618
v -0.344643 -0.037592 -1.826617
v -0.345934 -0.034848 -1.829819
v -0.346808 -0.031607 -1.834696
v -0.347266 -0.040207 -1.819490
v -0.354122 -0.039551 -1.811812
v -0.353331 -0.039667 -1.807632
v -0.346905 -0.022663 -1.787447
v -0.348349 -0.040567 -1.806727
v -0.311835 0.040086 -1.821984
v -0.322868 0.042035 -1.812013
v -0.334304 0.041639 -1.802691
v -0.335692 0.034482 -1.796465
v -0.333513 0.049444 -1.809180
v -0.345309 0.031859 -1.790447
v -0.339661 -0.023583 -1.909939
v -0.326463 -0.022235 -1.915821
v -0.316845 -0.021031 -1.927184
v -0.328725 -0.023227 -1.919856
v -0.319677 -0.022357 -1.930546
v -0.331181 -0.024145 -1.922962
v -0.322646 -0.023586 -1.933188
v -0.316471 -0.022394 -1.943704
v -0.313168 -0.020673 -1.941501
v -0.308810 -0.018382 -1.952621
v -0.309879 -0.018832 -1.938773
v -0.305188 -0.015941 -1.950515
v -0.302426 -0.012664 -1.962346
v -0.298415 -0.009010 -1.960721
v -0.297028 -0.005080 -1.973245
v -0.292739 0.000188 -1.972135
v -0.288409 0.006917 -1.970817
v -0.292517 0.004221 -1.985161
v -0.294335 0.007823 -1.998164
v -0.288090 0.011410 -1.984434
v -0.283760 0.020466 -1.983367
v -0.289853 0.015378 -1.997972
v -0.285412 0.024812 -1.997454
v -0.294474 0.018816 -2.011625
v -0.302773 0.021680 -2.025559
v -0.290047 0.028574 -2.011598
v -0.298887 0.010924 -2.011311
v -0.306895 0.013533 -2.024769
v -0.319080 0.015605 -2.038688
v -0.310822 0.006946 -2.023647
v -0.322438 0.008834 -2.037049
v -0.325547 0.003306 -2.035044
v -0.337357 0.010170 -2.049552
v -0.354968 0.010910 -2.059782
v -0.339772 0.004513 -2.046962
v -0.334748 0.017085 -2.051679
v -0.353234 0.017899 -2.062341
v -0.331986 0.025577 -2.053309
v -0.315541 0.023952 -2.039912
v -0.329114 0.035967 -2.054391
v -0.351374 0.026468 -2.064333
v -0.372940 0.026597 -2.071594
v -0.349431 0.036949 -2.065735
v -0.347419 0.049004 -2.066862
v -0.371983 0.037086 -2.073331
v -0.395909 0.036318 -2.075815
v -0.370942 0.049161 -2.074846
v -0.369776 0.062471 -2.076440
v -0.395756 0.048357 -2.077774
v -0.395437 0.061672 -2.079798
v -0.420445 0.046659 -2.076521
v -0.420903 0.059941 -2.078864
v -0.419751 0.034711 -2.074161
v -0.443524 0.044162 -2.071963
v -0.442067 0.032329 -2.069369
v -0.444690 0.057359 -2.074416
v -0.445495 0.071598 -2.076735
v -0.421069 0.074233 -2.081337
v -0.466659 0.067993 -2.069117
v -0.445856 0.086618 -2.078917
v -0.420889 0.089242 -2.084087
v -0.445994 0.102578 -2.080546
v -0.467478 0.082805 -2.070490
v -0.468116 0.098556 -2.070672
v -0.484214 0.077677 -2.059651
v -0.484950 0.092428 -2.058371
v -0.485561 0.107478 -2.054445
v -0.497648 0.084958 -2.044351
v -0.497690 0.097821 -2.038608
v -0.507002 0.088473 -2.022513
v -0.497218 0.109080 -2.028061
v -0.496344 0.117710 -2.011079
v -0.486490 0.120677 -2.044822
v -0.505698 0.098589 -2.011514
v -0.512637 0.088777 -1.995022
v -0.503338 0.106735 -1.995190
v -0.509445 0.096489 -1.978925
v -0.499258 0.113070 -1.975542
v -0.504365 0.102578 -1.959787
v -0.493887 0.124135 -1.990322
v -0.492736 0.117735 -1.954586
v -0.483104 0.120874 -1.934337
v -0.496857 0.107149 -1.939440
v -0.488628 0.128761 -1.968491
v -0.479857 0.131828 -1.947644
v -0.484659 0.140624 -1.980649
v -0.480925 0.153695 -1.990595
v -0.476762 0.143494 -1.959216
v -0.488308 0.136184 -2.003664
v -0.488170 0.129888 -2.026477
v -0.483063 0.149709 -2.014548
v -0.480245 0.144090 -2.039012
v -0.478608 0.165229 -2.021957
v -0.477567 0.168384 -1.997864
v -0.474874 0.181990 -2.026753
v -0.474014 0.161125 -2.046269
v -0.469212 0.179498 -2.050248
v -0.462218 0.157792 -2.068013
v -0.470878 0.135399 -2.063751
v -0.456944 0.177403 -2.071085
v -0.441664 0.156946 -2.084362
v -0.437445 0.176344 -2.086945
v -0.415865 0.157255 -2.094612
v -0.445092 0.137819 -2.082119
v -0.418197 0.139037 -2.091982
v -0.446147 0.119666 -2.081239
v -0.468949 0.115424 -2.069001
v -0.419598 0.121623 -2.089437
v -0.420389 0.105028 -2.086866
v -0.391745 0.122660 -2.091900
v -0.390177 0.139672 -2.095187
v -0.363906 0.123053 -2.087909
v -0.393064 0.106400 -2.088474
v -0.365516 0.106932 -2.084486
v -0.394104 0.090833 -2.085144
v -0.367056 0.091502 -2.081242
v -0.394909 0.075939 -2.082174
v -0.368486 0.076702 -2.078454
v -0.343297 0.076551 -2.069443
v -0.341243 0.091392 -2.071510
v -0.320523 0.075459 -2.056528
v -0.345365 0.062323 -2.067984
v -0.323299 0.061231 -2.055791
v -0.326185 0.047959 -2.055155
v -0.304633 0.059213 -2.041193
v -0.308186 0.046056 -2.041073
v -0.290408 0.056298 -2.025523
v -0.301302 0.073372 -2.041137
v -0.286799 0.070250 -2.024672
v -0.298318 0.088240 -2.040998
v -0.283677 0.084904 -2.023391
v -0.317914 0.090361 -2.057569
v -0.295737 0.104006 -2.040361
v -0.281234 0.100453 -2.020974
v -0.293600 0.120844 -2.038829
v -0.315555 0.105968 -2.058748
v -0.339245 0.106878 -2.074019
v -0.313487 0.122382 -2.059872
v -0.337371 0.123039 -2.076735
v -0.311891 0.139594 -2.061317
v -0.335678 0.139936 -2.079465
v -0.310933 0.157613 -2.063471
v -0.310198 0.176088 -2.065703
v -0.334207 0.157615 -2.082001
v -0.360603 0.157542 -2.094090
v -0.332861 0.175813 -2.084172
v -0.331528 0.194285 -2.085807
v -0.358924 0.175723 -2.096441
v -0.357189 0.194181 -2.098131
v -0.386305 0.175732 -2.100439
v -0.413103 0.175921 -2.097000
v -0.384126 0.194300 -2.102172
v -0.388345 0.157440 -2.098072
v -0.381878 0.212868 -2.103129
v -0.410397 0.194654 -2.098792
v -0.434031 0.195311 -2.088880
v -0.407760 0.213276 -2.099847
v -0.431117 0.213888 -2.090086
v -0.405221 0.231608 -2.100049
v -0.428369 0.232106 -2.090467
v -0.402417 0.251980 -2.098805
v -0.379616 0.231217 -2.103193
v -0.353400 0.231016 -2.099053
v -0.377076 0.251647 -2.101797
v -0.373995 0.276488 -2.098331
v -0.351166 0.251406 -2.097573
v -0.348487 0.276193 -2.094023
v -0.326491 0.251329 -2.085315
v -0.328420 0.231050 -2.086769
v -0.324201 0.275894 -2.081775
v -0.330085 0.212784 -2.086735
v -0.306756 0.231279 -2.068507
v -0.308172 0.213098 -2.068377
v -0.291740 0.213666 -2.046123
v -0.309296 0.194642 -2.067381
v -0.355357 0.212694 -2.099045
v -0.345198 0.307637 -2.087793
v -0.370137 0.308069 -2.092215
v -0.341160 0.348053 -2.078315
v -0.336830 0.393200 -2.066747
v -0.365238 0.348704 -2.082853
v -0.359964 0.394141 -2.071331
v -0.389067 0.348791 -2.080425
v -0.394673 0.308229 -2.089581
v -0.411077 0.348353 -2.071894
v -0.383002 0.394198 -2.069042
v -0.404485 0.393436 -2.060741
v -0.377312 0.440183 -2.056406
v -0.398323 0.439171 -2.048171
v -0.354982 0.440126 -2.058751
v -0.372843 0.482522 -2.043523
v -0.393508 0.481362 -2.035034
v -0.370401 0.516977 -2.031394
v -0.350985 0.482375 -2.046213
v -0.329239 0.480746 -2.042018
v -0.348612 0.516637 -2.034775
v -0.347405 0.544510 -2.024994
v -0.326949 0.514691 -2.031199
v -0.325602 0.542273 -2.022177
v -0.306714 0.511008 -2.019512
v -0.305188 0.538302 -2.011054
v -0.324978 0.565108 -2.015342
v -0.324839 0.584814 -2.011087
v -0.346850 0.567555 -2.017387
v -0.346475 0.587356 -2.012522
v -0.369124 0.568793 -2.012010
v -0.369374 0.545188 -2.020662
v -0.390829 0.569292 -2.000138
v -0.409800 0.567518 -1.983573
v -0.390274 0.544463 -2.010377
v -0.390996 0.515802 -2.022225
v -0.408565 0.542033 -1.995549
v -0.422707 0.537537 -1.977560
v -0.409079 0.513241 -2.008435
v -0.423359 0.509370 -1.991207
v -0.411674 0.479014 -2.021748
v -0.426010 0.475639 -2.004709
v -0.416615 0.437210 -2.034961
v -0.430840 0.434463 -2.017726
v -0.422957 0.391979 -2.047319
v -0.436960 0.389907 -2.029639
v -0.429715 0.347417 -2.058080
v -0.435933 0.307660 -2.066473
v -0.443413 0.346036 -2.039802
v -0.449325 0.306914 -2.047610
v -0.451865 0.344359 -2.018783
v -0.457180 0.305957 -2.025966
v -0.445994 0.387413 -2.009272
v -0.454737 0.342563 -1.996721
v -0.459331 0.304934 -2.003391
v -0.451726 0.340796 -1.975340
v -0.449616 0.384731 -1.987804
v -0.447340 0.382041 -1.966808
v -0.444634 0.427518 -1.976997
v -0.442983 0.423848 -1.956399
v -0.440388 0.431139 -1.997926
v -0.440457 0.467014 -1.964712
v -0.439194 0.462381 -1.944402
v -0.435836 0.471531 -1.985256
v -0.437751 0.499272 -1.951321
v -0.436488 0.493776 -1.931134
v -0.433143 0.504596 -1.971755
v -0.436446 0.525660 -1.937044
v -0.432186 0.531815 -1.957646
v -0.434892 0.519373 -1.916870
v -0.436502 0.547494 -1.922168
v -0.437834 0.566156 -1.906900
v -0.434392 0.540515 -1.901884
v -0.432796 0.554681 -1.943192
v -0.423845 0.562009 -1.964121
v -0.434961 0.574293 -1.928330
v -0.426981 0.583132 -1.950093
v -0.438625 0.591776 -1.913040
v -0.432338 0.601326 -1.934649
v -0.442761 0.607487 -1.897481
v -0.440401 0.582988 -1.891501
v -0.436752 0.574766 -1.870874
v -0.443510 0.598227 -1.875933
v -0.439055 0.589495 -1.855130
v -0.446452 0.612137 -1.860174
v -0.448548 0.624969 -1.844173
v -0.441331 0.602977 -1.839238
v -0.446355 0.621783 -1.881854
v -0.448756 0.634890 -1.865969
v -0.442358 0.631809 -1.903209
v -0.438070 0.617307 -1.918707
v -0.449339 0.647062 -1.849665
v -0.449103 0.636973 -1.827906
v -0.449186 0.659859 -1.831803
v -0.449394 0.674857 -1.811289
v -0.449075 0.649572 -1.810263
v -0.449436 0.664202 -1.790131
v -0.443580 0.639715 -1.789495
v -0.443469 0.627314 -1.806961
v -0.444121 0.653951 -1.769647
v -0.431408 0.630563 -1.770378
v -0.432172 0.644449 -1.750690
v -0.414172 0.622584 -1.753850
v -0.431173 0.618343 -1.787764
v -0.430798 0.606660 -1.803954
v -0.413797 0.610477 -1.771170
v -0.392939 0.604170 -1.758032
v -0.413561 0.598877 -1.787332
v -0.392828 0.592572 -1.774126
v -0.412965 0.586764 -1.803500
v -0.392786 0.580514 -1.790280
v -0.412299 0.573861 -1.819597
v -0.429660 0.594381 -1.820090
v -0.428161 0.581243 -1.836099
v -0.426759 0.566956 -1.851976
v -0.425857 0.551229 -1.867687
v -0.411799 0.559891 -1.835563
v -0.393286 0.553988 -1.822364
v -0.411757 0.544579 -1.851323
v -0.412423 0.527648 -1.866804
v -0.394049 0.538954 -1.838102
v -0.374120 0.534700 -1.828778
v -0.395298 0.522399 -1.853520
v -0.375896 0.518369 -1.844103
v -0.397005 0.502980 -1.868427
v -0.413770 0.507757 -1.881772
v -0.377978 0.499271 -1.858919
v -0.399170 0.479397 -1.882604
v -0.415768 0.483604 -1.895994
v -0.401765 0.450321 -1.895860
v -0.380323 0.476091 -1.873062
v -0.382946 0.447500 -1.886355
v -0.360672 0.473906 -1.868136
v -0.340965 0.472953 -1.867910
v -0.358077 0.496905 -1.854031
v -0.363378 0.445578 -1.881488
v -0.343783 0.444666 -1.881249
v -0.366154 0.410617 -1.893927
v -0.346489 0.409787 -1.893786
v -0.385819 0.412209 -1.898662
v -0.368916 0.372503 -1.905043
v -0.388761 0.373737 -1.909591
v -0.349056 0.371781 -1.905058
v -0.371525 0.334753 -1.914445
v -0.373870 0.300860 -1.921740
v -0.391565 0.335644 -1.918793
v -0.351471 0.334139 -1.914614
v -0.332042 0.333954 -1.919358
v -0.353692 0.300356 -1.921994
v -0.334110 0.300057 -1.926847
v -0.355690 0.273881 -1.926748
v -0.336108 0.273499 -1.931585
v -0.357522 0.252874 -1.929272
v -0.375841 0.274330 -1.926493
v -0.396033 0.274725 -1.930595
v -0.377548 0.253266 -1.929085
v -0.397657 0.253537 -1.933171
v -0.379116 0.235804 -1.929898
v -0.380643 0.220033 -1.929257
v -0.399087 0.235977 -1.933996
v -0.359257 0.235442 -1.929947
v -0.339911 0.234967 -1.934546
v -0.360936 0.219743 -1.929196
v -0.321495 0.234402 -1.944030
v -0.338037 0.252425 -1.934011
v -0.319566 0.252039 -1.943581
v -0.317609 0.273320 -1.941215
v -0.302565 0.251806 -1.958304
v -0.304397 0.233822 -1.958788
v -0.289020 0.251680 -1.976985
v -0.300719 0.273464 -1.955834
v -0.287355 0.273813 -1.974343
v -0.298971 0.300665 -1.950871
v -0.315680 0.300115 -1.936425
v -0.285814 0.301574 -1.969127
v -0.297430 0.335362 -1.942884
v -0.284565 0.336931 -1.960735
v -0.313820 0.334307 -1.928748
v -0.295876 0.374015 -1.932638
v -0.311905 0.372399 -1.918825
v -0.283344 0.376327 -1.950129
v -0.294113 0.413099 -1.920901
v -0.309781 0.410896 -1.907271
v -0.281901 0.416192 -1.938198
v -0.291934 0.449101 -1.908454
v -0.279999 0.452940 -1.925904
v -0.307339 0.446317 -1.894716
v -0.289131 0.478508 -1.896079
v -0.285911 0.502630 -1.883536
v -0.277362 0.483043 -1.914153
v -0.304438 0.475151 -1.881817
v -0.321966 0.473340 -1.872442
v -0.301219 0.498746 -1.868501
v -0.318886 0.496555 -1.858674
v -0.297874 0.518420 -1.854751
v -0.315749 0.515837 -1.844403
v -0.294557 0.535480 -1.840536
v -0.282525 0.522831 -1.870601
v -0.270701 0.528977 -1.890898
v -0.279139 0.540391 -1.857075
v -0.276002 0.556677 -1.842721
v -0.267176 0.547367 -1.878276
v -0.263956 0.564151 -1.863972
v -0.259446 0.556496 -1.903097
v -0.257572 0.569479 -1.932696
v -0.255824 0.573681 -1.888135
v -0.263471 0.536808 -1.914599
v -0.267329 0.514247 -1.924575
v -0.274212 0.507910 -1.902609
v -0.270479 0.488416 -1.934962
v -0.272908 0.457575 -1.946075
v -0.274628 0.419942 -1.958214
v -0.275864 0.379157 -1.970322
v -0.273740 0.424116 -1.980029
v -0.275045 0.382302 -1.992284
v -0.276183 0.340978 -2.003562
v -0.276904 0.338866 -1.981301
v -0.278001 0.302697 -1.990094
v -0.279389 0.274278 -1.995616
v -0.251952 0.585783 -1.911332
v -0.253090 0.589186 -1.871698
v -0.261389 0.579662 -1.848715
v -0.248788 0.600397 -1.894337
v -0.251730 0.603821 -1.855800
v -0.251952 0.617704 -1.840026
v -0.247441 0.614627 -1.878515
v -0.259848 0.594220 -1.833190
v -0.271603 0.586125 -1.812496
v -0.259612 0.607990 -1.817526
v -0.270923 0.599626 -1.797077
v -0.260986 0.621121 -1.801849
v -0.271645 0.612584 -1.781772
v -0.253978 0.630897 -1.824018
v -0.263665 0.634822 -1.784629
v -0.273574 0.626081 -1.765047
v -0.267384 0.650343 -1.764361
v -0.257420 0.644746 -1.806301
v -0.254672 0.655404 -1.828791
v -0.261875 0.660569 -1.785441
v -0.266926 0.679699 -1.759994
v -0.259737 0.671514 -1.807424
v -0.265247 0.691210 -1.781390
v -0.260695 0.682770 -1.829134
v -0.266399 0.703000 -1.802680
v -0.255296 0.666390 -1.850802
v -0.264539 0.693956 -1.850093
v -0.270215 0.714692 -1.823288
v -0.271020 0.704735 -1.869796
v -0.259030 0.677364 -1.871952
v -0.254380 0.663523 -1.889988
v -0.265594 0.688001 -1.891846
v -0.261000 0.674286 -1.909788
v -0.274753 0.697974 -1.910104
v -0.270410 0.684439 -1.928091
v -0.279888 0.714755 -1.887750
v -0.286230 0.706944 -1.926317
v -0.282331 0.693639 -1.944627
v -0.299637 0.714509 -1.939769
v -0.290921 0.723665 -1.903476
v -0.295792 0.745381 -1.875508
v -0.303731 0.731073 -1.916370
v -0.308227 0.752937 -1.887933
v -0.317956 0.736644 -1.925815
v -0.322050 0.758612 -1.897006
v -0.314514 0.720222 -1.949717
v -0.333235 0.739957 -1.931248
v -0.336927 0.762039 -1.902261
v -0.330460 0.723656 -1.955430
v -0.349167 0.740664 -1.932039
v -0.365224 0.739045 -1.928788
v -0.352470 0.762924 -1.903193
v -0.347058 0.724392 -1.956151
v -0.357355 0.793339 -1.869489
v -0.368166 0.761465 -1.900293
v -0.383446 0.757875 -1.894063
v -0.373176 0.792221 -1.866914
v -0.379408 0.828591 -1.831696
v -0.388539 0.788749 -1.861089
v -0.402889 0.783038 -1.852432
v -0.395215 0.825253 -1.826096
v -0.409870 0.819261 -1.817684
v -0.402598 0.864669 -1.792059
v -0.417794 0.858344 -1.783641
v -0.409814 0.904262 -1.761912
v -0.386041 0.867841 -1.797657
v -0.392286 0.907247 -1.767826
v -0.368819 0.867978 -1.799963
v -0.351554 0.865202 -1.798482
v -0.363045 0.829256 -1.834041
v -0.373912 0.906840 -1.770344
v -0.377590 0.943159 -1.748298
v -0.355399 0.903272 -1.768876
v -0.337482 0.896820 -1.762801
v -0.357619 0.938879 -1.747039
v -0.338134 0.931628 -1.740644
v -0.358424 0.972309 -1.731074
v -0.337218 0.964369 -1.724389
v -0.358049 1.003902 -1.719100
v -0.380046 0.977262 -1.731957
v -0.381475 1.009476 -1.719427
v -0.356731 1.033929 -1.709180
v -0.334998 0.995343 -1.712084
v -0.313709 0.983999 -1.699630
v -0.331806 1.024849 -1.701862
v -0.327906 1.053186 -1.691772
v -0.308866 1.012941 -1.688371
v -0.303425 1.040813 -1.677175
v -0.289506 0.998288 -1.670234
v -0.275295 0.980986 -1.648980
v -0.282983 1.025522 -1.657541
v -0.295584 0.970096 -1.682937
v -0.300761 0.940621 -1.697476
v -0.281998 0.953793 -1.663229
v -0.287882 0.925401 -1.679218
v -0.274365 0.935329 -1.641745
v -0.280152 0.908314 -1.659092
v -0.267814 0.961104 -1.626138
v -0.271548 0.915237 -1.619024
v -0.272450 0.894060 -1.595643
v -0.265747 0.939356 -1.602178
v -0.276682 0.889822 -1.637650
v -0.276585 0.870372 -1.615481
v -0.280540 0.862792 -1.659508
v -0.282497 0.833801 -1.686063
v -0.279527 0.844988 -1.638425
v -0.284607 0.879751 -1.679798
v -0.292392 0.895473 -1.698718
v -0.287119 0.849305 -1.705479
v -0.294974 0.863725 -1.723472
v -0.287105 0.816696 -1.737768
v -0.295071 0.829835 -1.755224
v -0.281970 0.802531 -1.718766
v -0.285023 0.783897 -1.773496
v -0.279416 0.770952 -1.754572
v -0.293156 0.795902 -1.790765
v -0.281345 0.752967 -1.809523
v -0.276516 0.725908 -1.842665
v -0.275336 0.741011 -1.790437
v -0.289672 0.764013 -1.826857
v -0.285106 0.736268 -1.860264
v -0.300261 0.773755 -1.841863
v -0.303869 0.806574 -1.805788
v -0.312724 0.781883 -1.854090
v -0.326643 0.788073 -1.863075
v -0.316693 0.815575 -1.818101
v -0.331140 0.822581 -1.827240
v -0.319607 0.851674 -1.783253
v -0.334956 0.859660 -1.792730
v -0.320926 0.887845 -1.752765
v -0.306104 0.841611 -1.770573
v -0.306492 0.876684 -1.739440
v -0.304563 0.909592 -1.715693
v -0.320134 0.921750 -1.729939
v -0.317595 0.953715 -1.712850
v -0.346753 0.827254 -1.832712
v -0.341645 0.792000 -1.868353
v -0.271770 0.728521 -1.770175
v -0.270687 0.715875 -1.749341
v -0.276280 0.757403 -1.734568
v -0.275517 0.743640 -1.714060
v -0.279416 0.787731 -1.698780
v -0.280679 0.817565 -1.665759
v -0.279208 0.772620 -1.678400
v -0.281193 0.800945 -1.645142
v -0.281096 0.757576 -1.658173
v -0.283594 0.784307 -1.624789
v -0.285689 0.743134 -1.639124
v -0.277099 0.730015 -1.693652
v -0.272200 0.703452 -1.728483
v -0.281567 0.717022 -1.674311
v -0.289450 0.705156 -1.657073
v -0.276766 0.691689 -1.708665
v -0.284857 0.681055 -1.690867
v -0.271839 0.668892 -1.739541
v -0.280360 0.659199 -1.721136
v -0.292850 0.651072 -1.705827
v -0.276530 0.641259 -1.745342
v -0.289589 0.633738 -1.729545
v -0.287271 0.618944 -1.748827
v -0.306812 0.628205 -1.718116
v -0.309684 0.644922 -1.694691
v -0.304896 0.613843 -1.737267
v -0.327060 0.624847 -1.711321
v -0.329683 0.641007 -1.688053
v -0.325408 0.610887 -1.730521
v -0.349195 0.623856 -1.709401
v -0.351652 0.639612 -1.686195
v -0.372080 0.625406 -1.712622
v -0.347710 0.610226 -1.728760
v -0.347086 0.597906 -1.745590
v -0.370734 0.611967 -1.732124
v -0.370165 0.599837 -1.749221
v -0.393410 0.616234 -1.740795
v -0.394590 0.629688 -1.721211
v -0.396769 0.645414 -1.698115
v -0.415130 0.636205 -1.734227
v -0.417170 0.652319 -1.711166
v -0.434073 0.661147 -1.727571
v -0.420778 0.671962 -1.683507
v -0.425427 0.693612 -1.653082
v -0.437792 0.681747 -1.699916
v -0.400280 0.664351 -1.670290
v -0.377895 0.659590 -1.661360
v -0.404679 0.685119 -1.639613
v -0.382100 0.679907 -1.630271
v -0.409481 0.706308 -1.607902
v -0.386569 0.700619 -1.598107
v -0.430659 0.715780 -1.621722
v -0.414228 0.726578 -1.577048
v -0.435974 0.736933 -1.591246
v -0.390857 0.720440 -1.566773
v -0.418474 0.744523 -1.548872
v -0.440873 0.755577 -1.563486
v -0.422124 0.760881 -1.522401
v -0.394521 0.738059 -1.538216
v -0.397560 0.754214 -1.511478
v -0.370678 0.737077 -1.532771
v -0.373176 0.753222 -1.505824
v -0.367500 0.719424 -1.561702
v -0.348043 0.740888 -1.532356
v -0.350042 0.757299 -1.505331
v -0.345281 0.722896 -1.561586
v -0.327698 0.748828 -1.536807
v -0.310753 0.760249 -1.545931
v -0.325325 0.730167 -1.566233
v -0.329197 0.765765 -1.509819
v -0.311724 0.778028 -1.519181
v -0.330099 0.781729 -1.484396
v -0.330640 0.797459 -1.459607
v -0.351457 0.772852 -1.479595
v -0.312030 0.794635 -1.494255
v -0.312016 0.810850 -1.470253
v -0.298290 0.811029 -1.509093
v -0.298665 0.793409 -1.533264
v -0.288173 0.830017 -1.527783
v -0.297583 0.827989 -1.486104
v -0.296944 0.844972 -1.463365
v -0.286647 0.847981 -1.505978
v -0.285204 0.865632 -1.484640
v -0.278487 0.869976 -1.528666
v -0.272422 0.893079 -1.552943
v -0.276100 0.888558 -1.508733
v -0.280971 0.850758 -1.549184
v -0.282997 0.830399 -1.571347
v -0.275961 0.872386 -1.572184
v -0.278986 0.850411 -1.593193
v -0.280915 0.826743 -1.617126
v -0.284052 0.808422 -1.596200
v -0.289617 0.790755 -1.576661
v -0.289325 0.811137 -1.551014
v -0.298290 0.774458 -1.559562
v -0.288562 0.768283 -1.605697
v -0.296736 0.753508 -1.588904
v -0.308782 0.740587 -1.575407
v -0.293614 0.729845 -1.622248
v -0.305452 0.718288 -1.608541
v -0.301316 0.694898 -1.642918
v -0.321828 0.708985 -1.599012
v -0.341576 0.702543 -1.593923
v -0.317706 0.686757 -1.632869
v -0.313487 0.664926 -1.665512
v -0.337427 0.681213 -1.627200
v -0.359284 0.678761 -1.626238
v -0.333291 0.660253 -1.659290
v -0.355163 0.658352 -1.657797
v -0.363545 0.699565 -1.593535
v -0.296930 0.671987 -1.676151
v -0.268938 0.912900 -1.534323
v -0.273907 0.906098 -1.488877
v -0.271992 0.922188 -1.468578
v -0.283927 0.882558 -1.463454
v -0.265663 0.931390 -1.515610
v -0.262735 0.948062 -1.496113
v -0.258502 0.957698 -1.542209
v -0.254089 0.984136 -1.568532
v -0.254408 0.975319 -1.523201
v -0.263013 0.937863 -1.560078
v -0.267717 0.916438 -1.577613
v -0.259890 0.962511 -1.585633
v -0.261125 0.985947 -1.610638
v -0.254047 1.009818 -1.594426
v -0.268300 1.007249 -1.634728
v -0.260570 1.033094 -1.619844
v -0.251646 1.058949 -1.603710
v -0.275864 1.052272 -1.644714
v -0.267995 1.079013 -1.631637
v -0.297638 1.067942 -1.666395
v -0.323618 1.080652 -1.682275
v -0.291740 1.094627 -1.656343
v -0.261083 1.106317 -1.621179
v -0.239420 1.087584 -1.583575
v -0.256823 1.134739 -1.616212
v -0.236339 1.124205 -1.584854
v -0.233383 1.153314 -1.583980
v -0.222933 1.119850 -1.551835
v -0.227152 1.090742 -1.544408
v -0.232439 1.060420 -1.526909
v -0.220379 1.092664 -1.510562
v -0.227554 1.065333 -1.495673
v -0.216466 1.094247 -1.477723
v -0.214578 1.095797 -1.445146
v -0.224626 1.069177 -1.464375
v -0.234174 1.043659 -1.446049
v -0.223141 1.072722 -1.432779
v -0.233036 1.049351 -1.415438
v -0.222669 1.076804 -1.400681
v -0.232634 1.055862 -1.384092
v -0.243542 1.035043 -1.363883
v -0.243958 1.026061 -1.394503
v -0.255158 1.014569 -1.341515
v -0.243070 1.045242 -1.333439
v -0.255629 1.003214 -1.371369
v -0.267259 0.994676 -1.318506
v -0.280069 0.975631 -1.295443
v -0.267759 0.981188 -1.347404
v -0.280971 0.960080 -1.323303
v -0.268189 0.969686 -1.374701
v -0.256254 0.993397 -1.399863
v -0.281332 0.947332 -1.349702
v -0.268703 0.959088 -1.400432
v -0.281456 0.936000 -1.374643
v -0.257156 0.984054 -1.426798
v -0.269410 0.948352 -1.424634
v -0.258461 0.974092 -1.451958
v -0.270465 0.936409 -1.447342
v -0.281678 0.924750 -1.398099
v -0.295917 0.903836 -1.374044
v -0.282109 0.912521 -1.420469
v -0.295876 0.891417 -1.396202
v -0.282872 0.898320 -1.442163
v -0.296056 0.877150 -1.418450
v -0.312196 0.859329 -1.399005
v -0.296417 0.861520 -1.440826
v -0.312071 0.843735 -1.422422
v -0.312016 0.827398 -1.446242
v -0.331556 0.829952 -1.409715
v -0.331972 0.845521 -1.385409
v -0.353955 0.820617 -1.402698
v -0.331126 0.813721 -1.434578
v -0.353303 0.804452 -1.428437
v -0.352484 0.788328 -1.454259
v -0.377590 0.800064 -1.427828
v -0.378339 0.816186 -1.401380
v -0.376535 0.783984 -1.454276
v -0.403042 0.801026 -1.432801
v -0.403764 0.817118 -1.405742
v -0.401807 0.784979 -1.459708
v -0.428688 0.807839 -1.443380
v -0.427328 0.791813 -1.470648
v -0.429327 0.823842 -1.415820
v -0.452933 0.820021 -1.458528
v -0.453502 0.835963 -1.430592
v -0.451393 0.803937 -1.485962
v -0.474167 0.837108 -1.477182
v -0.472376 0.820803 -1.504528
v -0.474777 0.853080 -1.449094
v -0.474347 0.868159 -1.421225
v -0.453239 0.851159 -1.403128
v -0.473029 0.881801 -1.394551
v -0.489946 0.903241 -1.414938
v -0.487712 0.914615 -1.389277
v -0.429355 0.839155 -1.388871
v -0.404083 0.832544 -1.379393
v -0.378839 0.831697 -1.375643
v -0.354496 0.836171 -1.377628
v -0.469254 0.804724 -1.530158
v -0.488586 0.841834 -1.525241
v -0.484894 0.824906 -1.550271
v -0.480009 0.807157 -1.574662
v -0.493985 0.848199 -1.571082
v -0.488378 0.828718 -1.594524
v -0.497496 0.873447 -1.591970
v -0.496413 0.899453 -1.612400
v -0.491209 0.851821 -1.614331
v -0.489544 0.875503 -1.633622
v -0.484062 0.828275 -1.637711
v -0.476415 0.802501 -1.663701
v -0.481897 0.807516 -1.618753
v -0.481883 0.849474 -1.656151
v -0.473750 0.821209 -1.681734
v -0.474264 0.787953 -1.599678
v -0.474888 0.784107 -1.645190
v -0.467949 0.766604 -1.626569
v -0.467672 0.757979 -1.675268
v -0.461371 0.742475 -1.656615
v -0.468629 0.774164 -1.693905
v -0.460899 0.731032 -1.706872
v -0.461343 0.745264 -1.726028
v -0.455126 0.717366 -1.687878
v -0.455182 0.705163 -1.737940
v -0.451157 0.682245 -1.766385
v -0.455265 0.717758 -1.757815
v -0.449783 0.693034 -1.718420
v -0.445925 0.671305 -1.746332
v -0.451060 0.693631 -1.787001
v -0.446938 0.705092 -1.807369
v -0.442775 0.704632 -1.669555
v -0.448492 0.728116 -1.638359
v -0.454432 0.750581 -1.608171
v -0.460025 0.770342 -1.580833
v -0.465049 0.788156 -1.555209
v -0.445189 0.772470 -1.537386
v -0.448756 0.788338 -1.511891
v -0.425108 0.776407 -1.496650
v -0.399989 0.769603 -1.485614
v -0.375091 0.768625 -1.479974
v -0.484464 0.898801 -1.651920
v -0.491709 0.925077 -1.631782
v -0.484367 0.949120 -1.649525
v -0.497968 0.949205 -1.611411
v -0.490904 0.975379 -1.630318
v -0.480759 0.998778 -1.647646
v -0.467353 1.018192 -1.663540
v -0.486560 1.025043 -1.628064
v -0.474250 0.970570 -1.665693
v -0.461219 0.988383 -1.680349
v -0.473015 1.046329 -1.645561
v -0.455487 1.061861 -1.662007
v -0.478483 1.073188 -1.625448
v -0.484089 1.099174 -1.602211
v -0.460455 1.091007 -1.644255
v -0.465715 1.120947 -1.624117
v -0.440152 1.130034 -1.647466
v -0.440568 1.161263 -1.634917
v -0.409204 1.159490 -1.658592
v -0.435877 1.193799 -1.628943
v -0.405429 1.189197 -1.653190
v -0.428688 1.226613 -1.626681
v -0.421597 1.258703 -1.625266
v -0.400141 1.219280 -1.650016
v -0.369554 1.209992 -1.663530
v -0.394271 1.249526 -1.647762
v -0.364725 1.238724 -1.660608
v -0.388178 1.280185 -1.645654
v -0.359548 1.267982 -1.657725
v -0.382211 1.311467 -1.642933
v -0.414741 1.290735 -1.623975
v -0.408302 1.323404 -1.622071
v -0.438209 1.298978 -1.593550
v -0.431700 1.332922 -1.592474
v -0.457513 1.304300 -1.555228
v -0.445411 1.265780 -1.594070
v -0.451559 1.339228 -1.554976
v -0.467769 1.342930 -1.510419
v -0.446230 1.374757 -1.554485
v -0.463606 1.379387 -1.510806
v -0.441206 1.410496 -1.553860
v -0.425608 1.367344 -1.591019
v -0.419654 1.401979 -1.589360
v -0.402056 1.356538 -1.619731
v -0.395811 1.389913 -1.617146
v -0.376229 1.343215 -1.639748
v -0.370068 1.375260 -1.636306
v -0.363587 1.407431 -1.632755
v -0.356634 1.439574 -1.629272
v -0.389330 1.423345 -1.614493
v -0.382433 1.456649 -1.611976
v -0.413589 1.436573 -1.587672
v -0.407136 1.470858 -1.586131
v -0.436127 1.446056 -1.553231
v -0.430673 1.481045 -1.552703
v -0.456139 1.452357 -1.511527
v -0.452017 1.487800 -1.511937
v -0.472779 1.456038 -1.462944
v -0.459858 1.416039 -1.511170
v -0.475055 1.419165 -1.461786
v -0.486185 1.420436 -1.406204
v -0.477386 1.381792 -1.460646
v -0.485255 1.457633 -1.407813
v -0.492694 1.420410 -1.344949
v -0.492736 1.457706 -1.346505
v -0.492444 1.493309 -1.347986
v -0.495150 1.456630 -1.281260
v -0.495622 1.492074 -1.282378
v -0.493402 1.490097 -1.214869
v -0.495692 1.525838 -1.283493
v -0.491695 1.527345 -1.349411
v -0.495234 1.558102 -1.284663
v -0.494054 1.523619 -1.215590
v -0.494276 1.555624 -1.216464
v -0.486782 1.521237 -1.148212
v -0.485769 1.487875 -1.147854
v -0.473848 1.519256 -1.083867
v -0.487448 1.553038 -1.148873
v -0.487670 1.583587 -1.149734
v -0.474777 1.550933 -1.084540
v -0.457832 1.549188 -1.025391
v -0.438195 1.547645 -0.973324
v -0.456805 1.517666 -1.024651
v -0.455612 1.484257 -1.024584
v -0.437168 1.516455 -0.972632
v -0.436016 1.483167 -0.972762
v -0.416504 1.515627 -0.929893
v -0.417475 1.546185 -0.930254
v -0.396325 1.515184 -0.898529
v -0.415379 1.482748 -0.930461
v -0.414061 1.446799 -0.932595
v -0.395173 1.483165 -0.899862
v -0.393674 1.447687 -0.902810
v -0.375411 1.484649 -0.877556
v -0.373620 1.450211 -0.881273
v -0.376687 1.515352 -0.875338
v -0.356162 1.487431 -0.860091
v -0.337454 1.491783 -0.844015
v -0.353969 1.454746 -0.864354
v -0.357647 1.516330 -0.857103
v -0.339245 1.518358 -0.840623
v -0.358646 1.542538 -0.854774
v -0.340438 1.542453 -0.837727
v -0.377603 1.543375 -0.873916
v -0.359382 1.567177 -0.852456
v -0.378353 1.569759 -0.872589
v -0.379088 1.595556 -0.870682
v -0.398073 1.572550 -0.897848
v -0.418391 1.575197 -0.930877
v -0.397255 1.544674 -0.898106
v -0.398906 1.599715 -0.897077
v -0.399753 1.625957 -0.895900
v -0.323091 1.543354 -0.819866
v -0.334776 1.461678 -0.848424
v -0.371150 1.411000 -0.887178
v -0.391717 1.407849 -0.908065
v -0.412465 1.406991 -0.937004
v -0.434725 1.447147 -0.974285
v -0.472682 1.485877 -1.083689
v -0.493929 1.586379 -1.217467
v -0.494123 1.589075 -1.285864
v -0.492888 1.616131 -1.218590
v -0.492208 1.618935 -1.287169
v -0.491292 1.644663 -1.219690
v -0.489682 1.647452 -1.288353
v -0.489266 1.671740 -1.220624
v -0.486962 1.697117 -1.221208
v -0.486712 1.674418 -1.289271
v -0.483479 1.699602 -1.289726
v -0.477595 1.676390 -1.355546
v -0.461857 1.677102 -1.416452
v -0.481633 1.649546 -1.354754
v -0.473390 1.701399 -1.355747
v -0.456639 1.702022 -1.416222
v -0.469254 1.724383 -1.355148
v -0.451712 1.724934 -1.414983
v -0.480162 1.722800 -1.289562
v -0.465160 1.745714 -1.353783
v -0.461135 1.765754 -1.351713
v -0.447063 1.746198 -1.412797
v -0.476790 1.744370 -1.288839
v -0.473348 1.764671 -1.287662
v -0.481925 1.742452 -1.221094
v -0.479232 1.763115 -1.220646
v -0.484520 1.720572 -1.221325
v -0.480592 1.740307 -1.153679
v -0.482327 1.718128 -1.153557
v -0.478705 1.761320 -1.153765
v -0.472765 1.738222 -1.089720
v -0.471738 1.759521 -1.090131
v -0.470600 1.780080 -1.090750
v -0.476693 1.781526 -1.153988
v -0.469309 1.800258 -1.091722
v -0.459289 1.777909 -1.031426
v -0.458887 1.798559 -1.032352
v -0.458457 1.819109 -1.033498
v -0.444301 1.795540 -0.977579
v -0.444731 1.816806 -0.978294
v -0.445231 1.838304 -0.979180
v -0.427800 1.812651 -0.928580
v -0.429091 1.835257 -0.928876
v -0.408621 1.806038 -0.885678
v -0.388581 1.797695 -0.847698
v -0.410564 1.829876 -0.885358
v -0.406928 1.782970 -0.886331
v -0.386152 1.773269 -0.848965
v -0.384223 1.750207 -0.850853
v -0.365294 1.761935 -0.814372
v -0.346669 1.751461 -0.781266
v -0.362532 1.737478 -0.817345
v -0.369068 1.788379 -0.812768
v -0.351776 1.779357 -0.779190
v -0.372607 1.815156 -0.811171
v -0.376243 1.842441 -0.809916
v -0.356315 1.807330 -0.776727
v -0.391218 1.822933 -0.846752
v -0.394104 1.848927 -0.846237
v -0.412743 1.854443 -0.885427
v -0.397324 1.875591 -0.846248
v -0.415143 1.879669 -0.885897
v -0.400807 1.902789 -0.846685
v -0.380268 1.870394 -0.809284
v -0.384653 1.898865 -0.809162
v -0.365627 1.864630 -0.772935
v -0.362740 1.863053 -0.762650
v -0.370873 1.894115 -0.772013
v -0.360755 1.835661 -0.774450
v -0.355152 1.832510 -0.756595
v -0.350465 1.814029 -0.754378
v -0.358382 1.845261 -0.758175
v -0.347558 1.802299 -0.751943
v -0.345782 1.795169 -0.750602
v -0.340012 1.772764 -0.749266
v -0.332716 1.744679 -0.748558
v -0.332660 1.744457 -0.748533
v -0.332611 1.744269 -0.748528
v -0.326011 1.719262 -0.749471
v -0.321692 1.703229 -0.751429
v -0.339369 1.721047 -0.782074
v -0.323091 1.695843 -0.763283
v -0.342603 1.702538 -0.797359
v -0.361991 1.716663 -0.822981
v -0.326810 1.686785 -0.777883
v -0.343921 1.685699 -0.806387
v -0.344282 1.668380 -0.812935
v -0.362338 1.697641 -0.829276
v -0.328378 1.673347 -0.787710
v -0.328850 1.658388 -0.794913
v -0.315402 1.660766 -0.772304
v -0.307409 1.651394 -0.762598
v -0.315999 1.648564 -0.779850
v -0.313903 1.670735 -0.762454
v -0.311914 1.667968 -0.759972
v -0.313150 1.672453 -0.759003
v -0.315200 1.679766 -0.756880
v -0.316982 1.686417 -0.756223
v -0.319856 1.696675 -0.753290
v -0.309330 1.658288 -0.760778
v -0.305799 1.638910 -0.767511
v -0.315694 1.634341 -0.785540
v -0.328558 1.641892 -0.800477
v -0.314472 1.618312 -0.789850
v -0.305812 1.627643 -0.773284
v -0.299796 1.622852 -0.764889
v -0.303869 1.614030 -0.776042
v -0.300983 1.598601 -0.777240
v -0.297134 1.612690 -0.764978
v -0.294217 1.601345 -0.764230
v -0.293438 1.598328 -0.764087
v -0.292805 1.595855 -0.763868
v -0.289438 1.582592 -0.762335
v -0.285767 1.568013 -0.760202
v -0.299921 1.623324 -0.764872
v -0.303100 1.635332 -0.764269
v -0.303863 1.638124 -0.763756
v -0.305245 1.643354 -0.763538
v -0.382488 1.708716 -0.856910
v -0.362227 1.678547 -0.834195
v -0.403222 1.718444 -0.889835
v -0.383141 1.729014 -0.853707
v -0.370316 1.893826 -0.769812
v -0.372411 1.902357 -0.771883
v -0.370699 1.895353 -0.770058
v -0.377921 1.924431 -0.775856
v -0.383898 1.948290 -0.779843
v -0.389358 1.927718 -0.809422
v -0.394313 1.956787 -0.809977
v -0.404471 1.930368 -0.847462
v -0.420292 1.931532 -0.887820
v -0.408274 1.958152 -0.848479
v -0.422804 1.957895 -0.889116
v -0.412118 1.986016 -0.849636
v -0.415046 2.013946 -0.851003
v -0.425177 1.984352 -0.890525
v -0.399475 1.985937 -0.810672
v -0.393009 1.985087 -0.787607
v -0.403819 2.015137 -0.811605
v -0.400213 2.015046 -0.797202
v -0.406054 2.041270 -0.812700
v -0.406560 2.043502 -0.813889
v -0.406717 2.044249 -0.814462
v -0.416073 2.041967 -0.852649
v -0.407397 2.047875 -0.818553
v -0.411847 2.071074 -0.843207
v -0.412408 2.074716 -0.849181
v -0.414200 2.070095 -0.854602
v -0.422346 2.064741 -0.896116
v -0.412714 2.077396 -0.855212
v -0.414254 2.092827 -0.893284
v -0.414281 2.093781 -0.896689
v -0.415116 2.092010 -0.898678
v -0.421194 2.083323 -0.944017
v -0.414244 2.094197 -0.898913
v -0.413970 2.095413 -0.907945
v -0.413005 2.101294 -0.946159
v -0.412557 2.102251 -0.956809
v -0.411500 2.102904 -0.975555
v -0.409906 2.102859 -0.999720
v -0.413450 2.097239 -0.998812
v -0.426343 2.071900 -0.995453
v -0.416753 2.082934 -1.052915
v -0.418710 2.068068 -1.105828
v -0.405349 2.099570 -1.056166
v -0.430021 2.059010 -1.049583
v -0.440249 2.035264 -1.047183
v -0.431728 2.045898 -1.102973
v -0.441900 2.023604 -1.101600
v -0.430937 2.033836 -1.152176
v -0.418918 2.053792 -1.153880
v -0.440263 2.013141 -1.152929
v -0.427106 2.024067 -1.193802
v -0.434656 2.005166 -1.198058
v -0.417045 2.041258 -1.193442
v -0.419140 2.018557 -1.228081
v -0.405915 2.019284 -1.255328
v -0.424692 2.000395 -1.237335
v -0.413506 2.032583 -1.218751
v -0.403222 2.038226 -1.233250
v -0.403083 2.055464 -1.201285
v -0.385972 2.046122 -1.250526
v -0.388054 2.023384 -1.278932
v -0.378960 2.048834 -1.256548
v -0.385386 2.064351 -1.220363
v -0.380991 2.053864 -1.245611
v -0.386609 2.067204 -1.213092
v -0.391348 2.077346 -1.181208
v -0.393471 2.081526 -1.165493
v -0.398184 2.089584 -1.125698
v -0.403528 2.072189 -1.160316
v -0.402570 2.089580 -1.111212
v -0.399840 2.092556 -1.112270
v -0.401848 2.095405 -1.092981
v -0.400476 2.093556 -1.106545
v -0.370582 2.027068 -1.297583
v -0.367078 2.017631 -1.313409
v -0.361938 2.003538 -1.335628
v -0.368402 2.002764 -1.329323
v -0.391079 2.000888 -1.301069
v -0.371289 1.979867 -1.350578
v -0.374689 1.958931 -1.367219
v -0.394618 1.979586 -1.318717
v -0.353769 1.980685 -1.369134
v -0.347218 1.962085 -1.394909
v -0.346201 1.959134 -1.398658
v -0.347641 1.959091 -1.397426
v -0.350971 1.939457 -1.411940
v -0.354455 1.921496 -1.423862
v -0.339566 1.939571 -1.421876
v -0.378408 1.939627 -1.380435
v -0.402612 1.940319 -1.344025
v -0.382308 1.921629 -1.391357
v -0.386222 1.904582 -1.401172
v -0.406747 1.922238 -1.353433
v -0.427231 1.923359 -1.310369
v -0.410744 1.905092 -1.361858
v -0.431103 1.906055 -1.316848
v -0.414658 1.888557 -1.369476
v -0.434767 1.889332 -1.322644
v -0.418530 1.872256 -1.376474
v -0.390135 1.888120 -1.410082
v -0.394035 1.871907 -1.418317
v -0.361685 1.888052 -1.444282
v -0.329766 1.888317 -1.471840
v -0.358035 1.904474 -1.434566
v -0.365321 1.871840 -1.453252
v -0.332875 1.872113 -1.481074
v -0.368930 1.855512 -1.461693
v -0.335914 1.855795 -1.489709
v -0.397907 1.855564 -1.426091
v -0.372441 1.838676 -1.469847
v -0.338800 1.838985 -1.497988
v -0.375938 1.821306 -1.477616
v -0.401751 1.838740 -1.433620
v -0.405609 1.821395 -1.440765
v -0.426288 1.838951 -1.389442
v -0.430229 1.821572 -1.395448
v -0.445606 1.839101 -1.337421
v -0.422388 1.855838 -1.383067
v -0.441914 1.856191 -1.332770
v -0.438348 1.872813 -1.327903
v -0.456250 1.856660 -1.277035
v -0.453169 1.873676 -1.274118
v -0.465132 1.857321 -1.217695
v -0.459512 1.839218 -1.279709
v -0.462898 1.821323 -1.282124
v -0.467797 1.839358 -1.218499
v -0.470267 1.839551 -1.155943
v -0.470628 1.820983 -1.219114
v -0.473528 1.802179 -1.219625
v -0.472376 1.820576 -1.155215
v -0.467991 1.820154 -1.092912
v -0.474541 1.801268 -1.154522
v -0.466728 1.839840 -1.094208
v -0.458082 1.839628 -1.034782
v -0.465604 1.859388 -1.095488
v -0.457818 1.860229 -1.036151
v -0.468338 1.858209 -1.156568
v -0.464730 1.878882 -1.096643
v -0.466659 1.876621 -1.156966
v -0.457763 1.881010 -1.037510
v -0.463841 1.898463 -1.097646
v -0.457680 1.902000 -1.038859
v -0.465007 1.894996 -1.157114
v -0.462690 1.918254 -1.098486
v -0.457347 1.923283 -1.040157
v -0.463092 1.913570 -1.156988
v -0.461010 1.938396 -1.099153
v -0.456514 1.944871 -1.041406
v -0.460677 1.932525 -1.156550
v -0.458554 1.959041 -1.099648
v -0.454848 1.980145 -1.100110
v -0.457499 1.952097 -1.155804
v -0.454973 1.966836 -1.042578
v -0.452142 1.989216 -1.043828
v -0.447646 1.974393 -0.987086
v -0.448062 1.950935 -0.985622
v -0.437418 1.980599 -0.935580
v -0.445939 1.998155 -0.988667
v -0.442289 2.022300 -0.990504
v -0.437112 2.005803 -0.937215
v -0.434822 2.031294 -0.939120
v -0.426482 2.010946 -0.892103
v -0.425830 2.037729 -0.893948
v -0.429785 2.057111 -0.941349
v -0.435988 2.046869 -0.992724
v -0.447424 2.012007 -1.045307
v -0.449450 2.001676 -1.100706
v -0.447590 1.992539 -1.153864
v -0.453239 1.972143 -1.154872
v -0.441054 1.985854 -1.201988
v -0.429937 1.981620 -1.245258
v -0.446452 1.966398 -1.205526
v -0.450935 1.947101 -1.208637
v -0.434822 1.962617 -1.252038
v -0.418710 1.960468 -1.294389
v -0.439305 1.943701 -1.257821
v -0.423054 1.941568 -1.303060
v -0.443344 1.925272 -1.262794
v -0.454640 1.928244 -1.211312
v -0.446896 1.907661 -1.267089
v -0.450102 1.890560 -1.270837
v -0.457693 1.910103 -1.213486
v -0.460303 1.892414 -1.215253
v -0.462717 1.874913 -1.216634
v -0.398518 1.959420 -1.332749
v -0.414311 1.979860 -1.283896
v -0.410009 1.999532 -1.271034
v -0.436543 1.955614 -0.934088
v -0.435280 1.930808 -0.932668
v -0.433754 1.906264 -0.931378
v -0.447910 1.927753 -0.984177
v -0.447368 1.904863 -0.982765
v -0.446605 1.882304 -0.981429
v -0.445842 1.860104 -0.980225
v -0.432116 1.882091 -0.930276
v -0.430520 1.858385 -0.929418
v -0.417697 1.905416 -0.886737
v -0.466381 1.802947 -1.284252
v -0.476415 1.782904 -1.220112
v -0.469878 1.784077 -1.286094
v -0.457166 1.784891 -1.348974
v -0.453239 1.803470 -1.345614
v -0.438389 1.785209 -1.405723
v -0.413631 1.784905 -1.453355
v -0.434253 1.803676 -1.400917
v -0.442636 1.766174 -1.409699
v -0.417905 1.765695 -1.458508
v -0.387235 1.765131 -1.497751
v -0.422499 1.745504 -1.462740
v -0.391620 1.744515 -1.503183
v -0.427537 1.724026 -1.465977
v -0.396533 1.722328 -1.507961
v -0.433143 1.700973 -1.468088
v -0.402723 1.698471 -1.511515
v -0.439444 1.676041 -1.468984
v -0.445994 1.649294 -1.468944
v -0.410938 1.672871 -1.513259
v -0.376979 1.667297 -1.549466
v -0.419848 1.645683 -1.513794
v -0.390191 1.638837 -1.550505
v -0.428133 1.617119 -1.513692
v -0.435572 1.587034 -1.513271
v -0.452378 1.620852 -1.468276
v -0.400988 1.609899 -1.551104
v -0.409995 1.579910 -1.551490
v -0.372663 1.598400 -1.580483
v -0.344879 1.581791 -1.601786
v -0.359437 1.627428 -1.578789
v -0.383071 1.568614 -1.581914
v -0.392120 1.537218 -1.583300
v -0.356342 1.552397 -1.604487
v -0.366223 1.521521 -1.607049
v -0.329627 1.532663 -1.618430
v -0.302704 1.510802 -1.622909
v -0.317456 1.561527 -1.614373
v -0.339980 1.502501 -1.622199
v -0.348876 1.471369 -1.625797
v -0.313223 1.481505 -1.627874
v -0.285786 1.459855 -1.623182
v -0.322147 1.451380 -1.632560
v -0.294557 1.430795 -1.628873
v -0.329821 1.420746 -1.637056
v -0.275378 1.488242 -1.617172
v -0.257503 1.438902 -1.607204
v -0.247427 1.466360 -1.600372
v -0.230011 1.419262 -1.582561
v -0.204919 1.401595 -1.551834
v -0.220407 1.445843 -1.575089
v -0.197894 1.428866 -1.546397
v -0.209263 1.471679 -1.567394
v -0.207487 1.470224 -1.565019
v -0.208249 1.473567 -1.566727
v -0.235506 1.493033 -1.593193
v -0.262957 1.515720 -1.610730
v -0.220851 1.518759 -1.584664
v -0.247400 1.542087 -1.602851
v -0.219440 1.520658 -1.583827
v -0.218508 1.516689 -1.582218
v -0.213398 1.495056 -1.573888
v -0.224920 1.542741 -1.588296
v -0.230100 1.563952 -1.593874
v -0.231995 1.571262 -1.594123
v -0.237149 1.591047 -1.594402
v -0.253492 1.591217 -1.601712
v -0.280832 1.615004 -1.601932
v -0.240135 1.602758 -1.595567
v -0.274295 1.565910 -1.610832
v -0.290213 1.539023 -1.617563
v -0.301774 1.589010 -1.609166
v -0.330057 1.610170 -1.598414
v -0.310073 1.637974 -1.593851
v -0.280443 1.662949 -1.586918
v -0.341909 1.656589 -1.576639
v -0.314930 1.689647 -1.573923
v -0.267737 1.702550 -1.572464
v -0.313584 1.721696 -1.561334
v -0.259278 1.672547 -1.581851
v -0.365155 1.694707 -1.546673
v -0.358493 1.720453 -1.540823
v -0.354580 1.744141 -1.533699
v -0.311600 1.745918 -1.553054
v -0.350958 1.765335 -1.527070
v -0.347613 1.784877 -1.520452
v -0.309351 1.767105 -1.546050
v -0.286612 1.769143 -1.550098
v -0.307075 1.786395 -1.539539
v -0.291906 1.787520 -1.542624
v -0.305049 1.804887 -1.532693
v -0.297104 1.805373 -1.534519
v -0.303148 1.822690 -1.525501
v -0.344546 1.803622 -1.513389
v -0.379505 1.803291 -1.484928
v -0.341645 1.821626 -1.505896
v -0.383252 1.784594 -1.491659
v -0.409551 1.803463 -1.447399
v -0.302218 1.822737 -1.525740
v -0.302895 1.825010 -1.524481
v -0.302313 1.823059 -1.525580
v -0.307388 1.839743 -1.514687
v -0.310968 1.851371 -1.506448
v -0.312498 1.856282 -1.502685
v -0.314851 1.863757 -1.496604
v -0.317553 1.872407 -1.489879
v -0.319352 1.878110 -1.485163
v -0.322651 1.888448 -1.476067
v -0.327124 1.902350 -1.463263
v -0.327918 1.904747 -1.460709
v -0.333573 1.921694 -1.442024
v -0.302093 1.822308 -1.525936
v -0.293408 1.792731 -1.540492
v -0.289908 1.780542 -1.545273
v -0.284039 1.760227 -1.553782
v -0.280962 1.749377 -1.557463
v -0.276687 1.734252 -1.562359
v -0.274727 1.727432 -1.565064
v -0.272892 1.721115 -1.567870
v -0.262967 1.685089 -1.575600
v -0.250884 1.642564 -1.590329
v -0.250144 1.639866 -1.590870
v -0.252229 1.638751 -1.591645
v -0.249823 1.638643 -1.590882
v -0.249047 1.635790 -1.591347
v -0.202634 1.449154 -1.555005
v -0.196866 1.424508 -1.544700
v -0.192644 1.405705 -1.534103
v -0.189130 1.390278 -1.526181
v -0.374828 1.489495 -1.609520
v -0.400058 1.504518 -1.584690
v -0.424636 1.515213 -1.552256
v -0.447327 1.522202 -1.512369
v -0.417822 1.548255 -1.551872
v -0.441900 1.555340 -1.512820
v -0.462967 1.559177 -1.466239
v -0.458179 1.590778 -1.467285
v -0.479579 1.560461 -1.412212
v -0.466895 1.526120 -1.465179
v -0.482091 1.527632 -1.410810
v -0.470114 1.491717 -1.464067
v -0.483937 1.493361 -1.409339
v -0.490335 1.559911 -1.350795
v -0.476262 1.591875 -1.413561
v -0.472002 1.621888 -1.414883
v -0.488239 1.591116 -1.352167
v -0.485255 1.621058 -1.353557
v -0.467089 1.650351 -1.415926
v -0.449381 1.821545 -1.341730
v -0.407645 2.101644 -1.029379
v -0.396690 2.000140 -0.791492
v -0.387826 1.964348 -0.783967
v -0.385502 1.954865 -0.781587
v -0.369777 1.891676 -0.769465
v -0.354247 1.297876 -1.654214
v -0.334262 1.226717 -1.662856
v -0.373815 1.181691 -1.667195
v -0.332417 0.859877 -1.362079
v -0.312418 0.873675 -1.376189
v -0.312779 0.886203 -1.354172
v -0.313293 0.897548 -1.331578
v -0.296112 0.915272 -1.350979
v -0.313945 0.908304 -1.307015
v -0.296375 0.926578 -1.325997
v -0.295890 0.939976 -1.299748
v -0.293822 0.957674 -1.272900
v -0.307311 0.943340 -1.251007
v -0.291282 0.977473 -1.245716
v -0.303481 0.964284 -1.225774
v -0.301122 0.984600 -1.199904
v -0.312363 0.973671 -1.183794
v -0.310795 0.992587 -1.159383
v -0.260292 0.962458 -1.475130
v -0.250897 0.990104 -1.502198
v -0.248191 1.001402 -1.478381
v -0.243403 1.019481 -1.528729
v -0.239295 1.030208 -1.503500
v -0.238851 1.050751 -1.554948
v -0.248454 1.003622 -1.549990
v -0.246331 1.032649 -1.576667
v -0.236200 1.037655 -1.475531
v -0.246192 1.010398 -1.452204
v -0.244805 1.018237 -1.424089
v -0.374411 0.640995 -1.689455
v -0.370193 0.588144 -1.765160
v -0.370637 0.576047 -1.781189
v -0.347224 0.586024 -1.761234
v -0.324867 0.586155 -1.762416
v -0.348043 0.573765 -1.777024
v -0.325936 0.573637 -1.777924
v -0.349417 0.560867 -1.792843
v -0.351207 0.547083 -1.808577
v -0.327684 0.560494 -1.793489
v -0.371455 0.563284 -1.797219
v -0.372621 0.549594 -1.813107
v -0.392897 0.567750 -1.806380
v -0.329932 0.546506 -1.808996
v -0.307159 0.562203 -1.799378
v -0.309712 0.547885 -1.814658
v -0.288770 0.565989 -1.810747
v -0.305202 0.575661 -1.784041
v -0.304078 0.588494 -1.768748
v -0.286799 0.579834 -1.795514
v -0.285773 0.592998 -1.780283
v -0.285967 0.605702 -1.765237
v -0.303980 0.600906 -1.753655
v -0.324686 0.598280 -1.747082
v -0.273393 0.571862 -1.827791
v -0.291435 0.551273 -1.825811
v -0.312654 0.532503 -1.829709
v -0.332528 0.531424 -1.824317
v -0.353317 0.532177 -1.824095
v -0.335275 0.515015 -1.839322
v -0.338107 0.495964 -1.853902
v -0.355607 0.515890 -1.839296
v -0.354705 1.062718 -1.699444
v -0.397296 0.944104 -1.745234
v -0.430992 0.848744 -1.772913
v -0.422749 0.810606 -1.806904
v -0.433907 0.799811 -1.793989
v -0.415643 0.775234 -1.841419
v -0.410578 0.745223 -1.873590
v -0.397768 0.752395 -1.884994
v -0.311849 0.707386 -1.968924
v -0.296306 0.701431 -1.958542
v -0.294141 0.690085 -1.973016
v -0.279791 0.682087 -1.958959
v -0.267578 0.672623 -1.942473
v -0.279208 0.670682 -1.969906
v -0.266982 0.661067 -1.954056
v -0.257323 0.650083 -1.937154
v -0.268203 0.650267 -1.963030
v -0.270826 0.640761 -1.969627
v -0.258905 0.639054 -1.947983
v -0.252340 0.626514 -1.931898
v -0.262652 0.629896 -1.957501
v -0.256670 0.616519 -1.944662
v -0.269230 0.624447 -1.967643
v -0.264206 0.610197 -1.958425
v -0.273796 0.634161 -1.973696
v -0.275531 0.609428 -1.974346
v -0.260070 0.592656 -1.947036
v -0.252673 0.600931 -1.929729
v -0.248746 0.613227 -1.914217
v -0.247192 0.626312 -1.899539
v -0.247913 0.639579 -1.884754
v -0.250606 0.638316 -1.919029
v -0.251341 0.650981 -1.905301
v -0.257989 0.662129 -1.924566
v -0.248010 0.628353 -1.862974
v -0.250828 0.652477 -1.868920
v -0.250606 0.641492 -1.846854
v -0.324867 0.444875 -1.885653
v -0.327476 0.409843 -1.898229
v -0.329849 0.371695 -1.909636
v -0.418738 0.235927 -1.941907
v -0.400474 0.220137 -1.933409
v -0.420098 0.220033 -1.941208
v -0.402001 0.204080 -1.931764
v -0.382225 0.204103 -1.927559
v -0.403680 0.188244 -1.928707
v -0.421625 0.203950 -1.939479
v -0.423345 0.188115 -1.936381
v -0.439777 0.203643 -1.950758
v -0.441595 0.187809 -1.947562
v -0.438153 0.219737 -1.952626
v -0.455098 0.203061 -1.965613
v -0.453308 0.219236 -1.967608
v -0.466256 0.202148 -1.984071
v -0.457111 0.187160 -1.962319
v -0.468546 0.186025 -1.980745
v -0.459317 0.171941 -1.957400
v -0.461690 0.157801 -1.950474
v -0.471072 0.170614 -1.975753
v -0.443607 0.172632 -1.942685
v -0.425261 0.172908 -1.931558
v -0.445786 0.158504 -1.935815
v -0.427384 0.158753 -1.924688
v -0.448118 0.145837 -1.926571
v -0.464188 0.145121 -1.941188
v -0.466839 0.133519 -1.929853
v -0.469670 0.122631 -1.916784
v -0.405582 0.173037 -1.923913
v -0.473820 0.156295 -1.968712
v -0.474555 0.184239 -2.002907
v -0.471877 0.200806 -2.006200
v -0.471738 0.199256 -2.029837
v -0.469518 0.217661 -2.008193
v -0.464216 0.218544 -1.986139
v -0.467464 0.234324 -2.009364
v -0.469046 0.216655 -2.031673
v -0.462606 0.215633 -2.054530
v -0.466659 0.233792 -2.032701
v -0.459956 0.233245 -2.055357
v -0.464161 0.252911 -2.032432
v -0.457152 0.252799 -2.054847
v -0.465326 0.252995 -2.009253
v -0.461149 0.276213 -2.030354
v -0.462745 0.275807 -2.007416
v -0.453752 0.276593 -2.052444
v -0.440624 0.276844 -2.071757
v -0.444246 0.252613 -2.074498
v -0.421805 0.276877 -2.086387
v -0.425399 0.252321 -2.089428
v -0.417156 0.308102 -2.080736
v -0.399017 0.276735 -2.095518
v -0.447229 0.232680 -2.075293
v -0.450019 0.214674 -2.074694
v -0.453072 0.196309 -2.073297
v -0.465548 0.197688 -2.052918
v -0.458485 0.275451 -1.985519
v -0.455612 0.303978 -1.981678
v -0.460663 0.253099 -1.987269
v -0.448340 0.275249 -1.966597
v -0.445856 0.303221 -1.962676
v -0.450213 0.253296 -1.968478
v -0.433643 0.275110 -1.950951
v -0.415754 0.274960 -1.938844
v -0.431422 0.302573 -1.946784
v -0.435336 0.253472 -1.953074
v -0.436752 0.235683 -1.953506
v -0.417364 0.253581 -1.941236
v -0.451781 0.235303 -1.968698
v -0.462454 0.234831 -1.987345
v -0.413700 0.302013 -1.934407
v -0.428466 0.337868 -1.940251
v -0.442497 0.339234 -1.956351
v -0.425080 0.377310 -1.931617
v -0.411022 0.336674 -1.927570
v -0.407955 0.375358 -1.918658
v -0.404790 0.414436 -1.907975
v -0.421611 0.417203 -1.921172
v -0.418391 0.453862 -1.909209
v -0.434822 0.420368 -1.937554
v -0.431353 0.457942 -1.925636
v -0.438681 0.379547 -1.947884
v -0.428688 0.488475 -1.912422
v -0.426857 0.513322 -1.898185
v -0.425899 0.533798 -1.883173
v -0.394063 0.301463 -1.925915
v -0.383960 0.188364 -1.924476
v -0.435003 0.558541 -1.886465
v -0.442997 0.615491 -1.823176
v -0.332694 0.438849 -2.054258
v -0.362254 0.139898 -2.091207
v -0.275239 0.080196 -2.006341
v -0.278167 0.066039 -2.008562
v -0.271534 0.074412 -1.989757
v -0.274087 0.060920 -1.992726
v -0.273185 0.055105 -1.977044
v -0.277362 0.047929 -1.994928
v -0.281720 0.052504 -2.010128
v -0.281193 0.035782 -1.996464
v -0.276127 0.042700 -1.979798
v -0.279708 0.031029 -1.981871
v -0.276835 0.036902 -1.964643
v -0.280249 0.025709 -1.967197
v -0.281748 0.019892 -1.952348
v -0.284177 0.015566 -1.969215
v -0.285731 0.039910 -2.011115
v -0.294391 0.043353 -2.025948
v -0.298554 0.031722 -2.025954
v -0.311863 0.034196 -2.040672
v -0.500896 0.096591 -1.923503
v -0.486463 0.110279 -1.919663
v -0.509125 0.092221 -1.943506
v -0.513664 0.082044 -1.927229
v -0.514968 0.086456 -1.962373
v -0.440374 0.022150 -2.066626
v -0.418891 0.024361 -2.071650
v -0.395922 0.025864 -2.073663
v -0.417891 0.015932 -2.068842
v -0.416850 0.009119 -2.065759
v -0.395853 0.017334 -2.071061
v -0.373829 0.018006 -2.069269
v -0.395728 0.010381 -2.068017
v -0.374633 0.010994 -2.066404
v -0.395575 0.004727 -2.064553
v -0.395423 0.000038 -2.060689
v -0.375369 0.005255 -2.063021
v -0.415796 0.003602 -2.062380
v -0.414797 -0.000925 -2.058756
v -0.432810 -0.002439 -2.054314
v -0.413922 -0.004781 -2.054867
v -0.413228 -0.008255 -2.050583
v -0.431159 -0.006096 -2.050956
v -0.395326 -0.003991 -2.056437
v -0.395381 -0.007692 -2.051662
v -0.376674 -0.003670 -2.054832
v -0.376049 0.000483 -2.059157
v -0.377354 -0.007492 -2.049903
v -0.359340 -0.003773 -2.049195
v -0.358035 0.000386 -2.053173
v -0.343838 -0.004321 -2.040607
v -0.360533 -0.007602 -2.044585
v -0.361699 -0.011359 -2.039143
v -0.345559 -0.008038 -2.036707
v -0.333069 -0.008876 -2.027308
v -0.347211 -0.011617 -2.032101
v -0.335622 -0.012080 -2.024181
v -0.348584 -0.015300 -2.026397
v -0.362879 -0.015347 -2.032684
v -0.349459 -0.019357 -2.019173
v -0.337427 -0.015219 -2.019847
v -0.330682 -0.015181 -2.014809
v -0.364169 -0.019841 -2.025022
v -0.365599 -0.024509 -2.016301
v -0.380643 -0.020027 -2.029821
v -0.379241 -0.015369 -2.037556
v -0.396575 -0.015314 -2.039847
v -0.378172 -0.011300 -2.044197
v -0.395756 -0.011351 -2.046181
v -0.412770 -0.011649 -2.045759
v -0.427523 -0.012303 -2.043609
v -0.429466 -0.009320 -2.047399
v -0.330737 -0.005320 -2.030150
v -0.328336 -0.001301 -2.032723
v -0.341951 -0.000206 -2.043959
v -0.356578 0.005178 -2.056718
v -0.351887 -0.023714 -1.901330
v -0.484700 -0.024659 -1.976683
v -0.480911 -0.024950 -1.919227
v -0.515273 0.038274 -1.843271
v -0.513539 0.052252 -1.852914
v -0.518840 0.044208 -1.851071
v -0.522851 0.036948 -1.847382
v -0.524391 0.046372 -1.863062
v -0.528305 0.038682 -1.857159
v -0.530678 0.045457 -1.877189
v -0.534217 0.037812 -1.868802
v -0.536382 0.042209 -1.891370
v -0.540642 0.037041 -1.904252
v -0.539685 0.034754 -1.880974
v -0.542599 0.027685 -1.871487
v -0.543793 0.029893 -1.892293
v -0.546582 0.023075 -1.881256
v -0.537298 0.030670 -1.861035
v -0.539935 0.023963 -1.853692
v -0.531497 0.031660 -1.851073
v -0.526029 0.030317 -1.842734
v -0.534245 0.025136 -1.845122
v -0.528832 0.024159 -1.837969
v -0.536535 0.019084 -1.839929
v -0.531358 0.018502 -1.833936
v -0.538380 0.013478 -1.836132
v -0.524516 0.020707 -1.833283
v -0.521727 0.026283 -1.837204
v -0.518729 0.032212 -1.840854
v -0.537117 0.044574 -1.917162
v -0.539199 0.037537 -1.928302
v -0.535383 0.045095 -1.942865
v -0.287216 0.120064 -1.952520
v -0.243014 1.242090 -1.599805
v -0.238143 1.268571 -1.592539
v -0.232675 1.295176 -1.584526
v -0.217173 1.257100 -1.562247
v -0.211553 1.282998 -1.553457
v -0.196190 1.273549 -1.521203
v -0.189931 1.298912 -1.511376
v -0.257961 1.309478 -1.611845
v -0.195371 1.188211 -1.478806
v -0.190195 1.169316 -1.329892
v -0.188793 1.181732 -1.284068
v -0.167984 1.259559 -1.327269
v -0.168872 1.257407 -1.305125
v -0.169409 1.256143 -1.291874
v -0.171310 1.256604 -1.264693
v -0.172326 1.257201 -1.251572
v -0.175836 1.262290 -1.218293
v -0.176309 1.262990 -1.213856
v -0.238650 1.407396 -0.838458
v -0.245201 1.424984 -0.808648
v -0.270031 1.506848 -0.756311
v -0.270062 1.506955 -0.756272
v -0.270100 1.507098 -0.756250
v -0.274236 1.522476 -0.754491
v -0.274962 1.521849 -0.756753
v -0.277775 1.536184 -0.755173
v -0.278004 1.537065 -0.755201
v -0.281636 1.551550 -0.757556
v -0.281923 1.552707 -0.757790
vn -0.9202 -0.0469 0.3886
vn -0.9498 -0.0127 0.3126
vn -0.9457 -0.0157 0.3247
vn -0.9144 -0.0469 0.4020
vn -0.9256 -0.0475 0.3755
vn -0.9548 -0.0102 0.2970
vn -0.8872 -0.0768 0.4549
vn -0.8950 -0.0790 0.4389
vn -0.8807 -0.0765 0.4675
vn -0.9097 -0.0457 0.4128
vn -0.8730 -0.0730 0.4822
vn -0.9413 -0.0183 0.3370
vn -0.9666 0.0119 0.2561
vn -0.9695 0.0178 0.2445
vn -0.9727 0.0249 0.2306
vn -0.9375 -0.0190 0.3474
vn -0.9043 -0.0438 0.4246
vn -0.9634 0.0072 0.2679
vn -0.8995 -0.0413 0.4350
vn -0.9335 -0.0190 0.3581
vn -0.9604 0.0048 0.2785
vn -0.9845 0.0460 0.1692
vn -0.9827 0.0382 0.1810
vn -0.9807 0.0316 0.1929
vn -0.9573 0.0020 0.2892
vn -0.9298 -0.0181 0.3677
vn -0.9786 0.0261 0.2042
vn -0.9932 0.0633 0.0977
vn -0.9936 0.0731 0.0856
vn -0.9925 0.0525 0.1100
vn -0.9918 0.0399 0.1212
vn -0.9765 0.0168 0.2148
vn -0.9546 -0.0012 0.2980
vn -0.9910 0.0243 0.1319
vn -0.9748 0.0073 0.2230
vn -0.9519 -0.0063 0.3062
vn -0.9505 -0.0116 0.3106
vn -0.9731 -0.0054 0.2302
vn -0.9902 0.0075 0.1398
vn -0.9230 -0.0167 0.3843
vn -0.9260 -0.0174 0.3772
vn -0.9205 -0.0157 0.3905
vn -0.8888 -0.0342 0.4571
vn -0.8834 -0.0279 0.4679
vn -0.8794 -0.0226 0.4756
vn -0.8940 -0.0379 0.4465
vn -0.8413 -0.0552 0.5378
vn -0.8505 -0.0627 0.5223
vn -0.8585 -0.0666 0.5085
vn -0.8664 -0.0710 0.4944
vn -0.8178 -0.0997 0.5668
vn -0.8286 -0.1036 0.5502
vn -0.8052 -0.0936 0.5856
vn -0.7863 -0.1369 0.6025
vn -0.8025 -0.1455 0.5786
vn -0.7708 -0.1302 0.6237
vn -0.7919 -0.0867 0.6044
vn -0.7534 -0.1212 0.6463
vn -0.7437 -0.1513 0.6512
vn -0.7600 -0.1637 0.6290
vn -0.7771 -0.1717 0.6055
vn -0.7706 -0.1857 0.6097
vn -0.7847 -0.2018 0.5861
vn -0.7583 -0.1743 0.6282
vn -0.7275 -0.1404 0.6716
vn -0.7487 -0.1565 0.6442
vn -0.7353 -0.1089 0.6690
vn -0.7112 -0.1229 0.6922
vn -0.7162 -0.0952 0.6914
vn -0.7400 -0.1447 0.6569
vn -0.7843 -0.1496 0.6021
vn -0.7852 -0.1671 0.5963
vn -0.7875 -0.1803 0.5894
vn -0.8405 -0.1498 0.5207
vn -0.8361 -0.1637 0.5236
vn -0.8308 -0.1831 0.5255
vn -0.7302 -0.1357 0.6696
vn -0.7809 -0.1488 0.6067
vn -0.8406 -0.1514 0.5201
vn -0.8666 -0.1550 0.4743
vn -0.8632 -0.1617 0.4782
vn -0.8690 -0.1502 0.4716
vn -0.8995 -0.1607 0.4063
vn -0.8738 -0.1469 0.4636
vn -0.8921 -0.1878 0.4109
vn -0.8342 -0.1740 0.5233
vn -0.7720 -0.1615 0.6148
vn -0.7557 -0.1922 0.6261
vn -0.8170 -0.2115 0.5364
vn -0.8755 -0.2369 0.4211
vn -0.7167 -0.1497 0.6811
vn -0.6964 -0.1723 0.6967
vn -0.7274 -0.2282 0.6471
vn -0.6689 -0.2047 0.7146
vn -0.7892 -0.2587 0.5570
vn -0.6191 -0.2502 0.7444
vn -0.6786 -0.2858 0.6766
vn -0.7229 -0.3400 0.6015
vn -0.8443 -0.2989 0.4447
vn -0.8034 -0.3109 0.5078
vn -0.7694 -0.3428 0.5389
vn -0.6928 -0.4271 0.5811
vn -0.5796 -0.4692 0.6662
vn -0.6501 -0.4687 0.5981
vn -0.5435 -0.3843 0.7463
vn 0.9655 0.2524 0.0632
vn -0.5005 -0.5871 0.6362
vn -0.2632 -0.6301 0.7305
vn -0.4250 -0.6239 0.6558
vn -0.0518 -0.7295 0.6820
vn 0.1516 -0.7272 0.6694
vn 0.0238 -0.7525 0.6582
vn 0.1624 -0.6388 0.7520
vn -0.2919 -0.5223 0.8013
vn -0.5373 -0.3170 0.7816
vn -0.3099 -0.4256 0.8502
vn 0.1093 -0.5547 0.8248
vn -0.4932 -0.2770 0.8246
vn -0.5754 -0.2225 0.7870
vn -0.3763 -0.3478 0.8588
vn -0.5673 -0.1977 0.7994
vn -0.5160 -0.2361 0.8234
vn -0.4080 -0.2865 0.8669
vn -0.5992 -0.1992 0.7755
vn -0.6427 -0.1672 0.7477
vn -0.5526 -0.2154 0.8051
vn 0.0136 -0.4391 0.8984
vn -0.3005 -0.2981 0.9060
vn -0.4984 -0.2395 0.8332
vn -0.7294 -0.1536 0.6666
vn -0.7046 -0.1714 0.6886
vn -0.6837 -0.1764 0.7081
vn -0.8375 -0.1176 0.5337
vn -0.8266 -0.1256 0.5487
vn -0.8176 -0.1297 0.5609
vn -0.9050 -0.0845 0.4170
vn -0.8991 -0.0904 0.4283
vn -0.8936 -0.0909 0.4395
vn -0.9355 -0.0598 0.3481
vn -0.9393 -0.0624 0.3373
vn -0.9424 -0.0625 0.3287
vn -0.8490 -0.1001 0.5189
vn -0.9100 -0.0762 0.4075
vn -0.9452 -0.0576 0.3213
vn -0.9673 -0.0452 0.2495
vn -0.9654 -0.0408 0.2577
vn -0.9687 -0.0459 0.2440
vn -0.9469 -0.0497 0.3176
vn -0.9147 -0.0591 0.3998
vn -0.9698 -0.0426 0.2400
vn -0.9866 -0.0353 0.1596
vn -0.9858 -0.0360 0.1639
vn -0.9851 -0.0312 0.1694
vn -0.9965 -0.0276 0.0786
vn -0.9961 -0.0271 0.0844
vn -0.9957 -0.0192 0.0909
vn -0.9999 -0.0146 0.0011
vn -0.9998 -0.0167 0.0098
vn -0.9998 -0.0063 0.0186
vn -0.9995 0.0122 0.0281
vn -0.9950 -0.0037 0.0993
vn -0.9840 -0.0211 0.1771
vn -0.9985 0.0080 -0.0537
vn -0.9987 0.0316 -0.0404
vn -0.9978 -0.0006 -0.0665
vn -0.9982 0.0439 0.0410
vn -0.9937 0.0200 0.1100
vn -0.9974 0.0670 -0.0260
vn -0.9907 0.0316 -0.1322
vn -0.9922 0.0528 -0.1130
vn -0.9912 0.0929 -0.0944
vn -0.9735 0.0611 -0.2206
vn -0.9768 0.0845 -0.1966
vn -0.9776 0.1204 -0.1729
vn -0.9886 0.1295 -0.0765
vn -0.9948 0.1018 -0.0097
vn -0.9759 0.1549 -0.1539
vn -0.9877 0.1446 -0.0591
vn -0.9933 0.1157 0.0071
vn -0.9763 0.1684 -0.1360
vn -0.9541 0.1877 -0.2333
vn -0.9515 0.1764 -0.2520
vn -0.9508 0.1476 -0.2723
vn -0.9031 0.1695 -0.3946
vn -0.9056 0.1903 -0.3790
vn -0.9096 0.2031 -0.3625
vn -0.9613 0.1752 -0.2126
vn -0.9801 0.1598 -0.1180
vn -0.9207 0.2018 -0.3339
vn -0.8242 0.2047 -0.5280
vn -0.8200 0.1933 -0.5387
vn -0.8258 0.2293 -0.5153
vn -0.8486 0.2298 -0.4766
vn -0.9421 0.1658 -0.2914
vn -0.9714 0.1526 -0.1821
vn -0.9348 0.1971 -0.2953
vn -0.9626 0.1512 -0.2249
vn -0.9836 0.1111 -0.1422
vn -0.9687 0.1282 -0.2123
vn -0.9833 0.1068 -0.1476
vn -0.9928 0.0743 -0.0943
vn -0.9985 0.0426 -0.0330
vn -0.9936 0.0899 -0.0676
vn -0.9871 0.1272 -0.0976
vn -0.9989 0.0238 -0.0405
vn -1.0000 -0.0020 0.0042
vn -0.9948 0.0485 -0.0898
vn -0.9996 -0.0286 0.0067
vn -0.9973 -0.0556 0.0475
vn -0.9996 -0.0049 -0.0284
vn -0.9889 0.0725 -0.1300
vn -0.9977 0.0125 -0.0662
vn -0.9515 0.1460 -0.2708
vn -0.9800 0.0798 -0.1825
vn -0.9943 0.0255 -0.1034
vn -0.9880 0.0261 -0.1523
vn -0.9679 0.0845 -0.2369
vn -0.9283 0.1418 -0.3437
vn -0.9018 0.1400 -0.4088
vn -0.9514 0.0746 -0.2988
vn -0.9785 0.0226 -0.2052
vn -0.9920 -0.0373 -0.1207
vn -0.9969 -0.0305 -0.0723
vn -0.9988 -0.0345 -0.0340
vn -0.9939 -0.1102 0.0072
vn -0.9932 -0.1089 0.0417
vn -0.9930 -0.1143 -0.0301
vn -0.9886 -0.1289 -0.0772
vn -0.9837 -0.0480 -0.1735
vn -0.9645 0.0085 -0.2641
vn -0.9711 -0.2370 0.0299
vn -0.9723 -0.2248 0.0640
vn -0.9719 -0.2151 0.0953
vn -0.9133 -0.3604 0.1897
vn -0.9142 -0.3680 0.1700
vn -0.9118 -0.3847 0.1439
vn -0.9120 -0.3527 0.2096
vn -0.9691 -0.2153 0.1204
vn -0.9077 -0.3544 0.2247
vn -0.9654 -0.2165 0.1455
vn -0.9904 -0.1199 0.0688
vn -0.9991 -0.0432 0.0010
vn -0.9862 -0.1337 0.0973
vn -0.9975 -0.0640 0.0298
vn -0.9588 -0.2312 0.1648
vn -0.9802 -0.1581 0.1195
vn -0.9942 -0.0866 0.0630
vn -0.9510 -0.2475 0.1852
vn -0.9723 -0.1848 0.1430
vn -0.9894 -0.1131 0.0912
vn -0.9421 -0.2743 0.1932
vn -0.8952 -0.3712 0.2466
vn -0.8872 -0.3877 0.2501
vn -0.9030 -0.3553 0.2415
vn -0.9647 -0.2111 0.1575
vn -0.9322 -0.3020 0.1994
vn -0.8788 -0.4139 0.2374
vn -0.7989 -0.5251 0.2934
vn -0.7939 -0.5414 0.2769
vn -0.8042 -0.5093 0.3064
vn -0.6673 -0.6797 0.3045
vn -0.6689 -0.6641 0.3341
vn -0.6701 -0.6535 0.3521
vn -0.8071 -0.5047 0.3062
vn -0.6711 -0.6459 0.3638
vn -0.4787 -0.7849 0.3935
vn -0.4791 -0.7981 0.3654
vn -0.4821 -0.7723 0.4137
vn -0.6722 -0.6430 0.3669
vn -0.8100 -0.5024 0.3023
vn -0.4847 -0.7647 0.4246
vn -0.2192 -0.8771 0.4274
vn -0.2245 -0.8624 0.4537
vn -0.2352 -0.8486 0.4739
vn 0.0712 -0.8791 0.4712
vn 0.0794 -0.8949 0.4391
vn 0.0606 -0.8666 0.4953
vn 0.3471 -0.8076 0.4767
vn 0.3538 -0.8186 0.4525
vn 0.3508 -0.8374 0.4191
vn 0.5912 -0.6884 0.4203
vn 0.5863 -0.7070 0.3956
vn 0.5786 -0.7275 0.3688
vn 0.5631 -0.7547 0.3367
vn 0.3468 -0.8562 0.3830
vn 0.0785 -0.9142 0.3977
vn 0.3271 -0.8860 0.3287
vn 0.5471 -0.7793 0.3055
vn 0.0732 -0.9339 0.3498
vn 0.2905 -0.9122 0.2890
vn 0.0410 -0.9520 0.3034
vn 0.5012 -0.8239 0.2644
vn 0.7471 -0.6122 0.2591
vn 0.7402 -0.6157 0.2702
vn 0.6565 -0.7087 0.2585
vn 0.2399 -0.9298 0.2790
vn 0.4318 -0.8613 0.2677
vn 0.6039 -0.7431 0.2882
vn 0.8373 -0.4900 0.2425
vn 0.7729 -0.5696 0.2797
vn 0.7085 -0.6340 0.3100
vn 0.5219 -0.7862 0.3311
vn 0.3848 -0.8673 0.3157
vn 0.6215 -0.6951 0.3614
vn 0.7579 -0.5603 0.3340
vn 0.6699 -0.6346 0.3854
vn 0.8189 -0.4952 0.2903
vn 0.7772 -0.5255 0.3461
vn 0.6920 -0.6020 0.3983
vn 0.8263 -0.4745 0.3035
vn 0.5424 -0.7178 0.4365
vn 0.5003 -0.7657 0.4042
vn 0.5693 -0.6864 0.4524
vn 0.5832 -0.6726 0.4555
vn 0.7035 -0.5886 0.3982
vn 0.7796 -0.5216 0.3467
vn 0.7038 -0.5863 0.4012
vn 0.5878 -0.6627 0.4640
vn 0.7792 -0.5224 0.3464
vn 0.5732 -0.6501 0.4989
vn 0.6988 -0.5781 0.4212
vn 0.7720 -0.5235 0.3606
vn 0.7613 -0.5199 0.3876
vn 0.6780 -0.5700 0.4641
vn 0.5470 -0.6317 0.5493
vn 0.8139 -0.4882 0.3150
vn 0.8036 -0.4911 0.3364
vn 0.8193 -0.4843 0.3068
vn 0.7387 -0.5147 0.4352
vn 0.6488 -0.5563 0.5193
vn 0.7920 -0.4892 0.3653
vn 0.8160 -0.4781 0.3248
vn 0.8237 -0.4802 0.3015
vn 0.8305 -0.4762 0.2888
vn 0.8327 -0.4769 0.2814
vn 0.8295 -0.4737 0.2958
vn 0.8382 -0.4741 0.2694
vn 0.8389 -0.4661 0.2811
vn 0.8469 -0.4635 0.2606
vn 0.8473 -0.4525 0.2781
vn 0.8586 -0.4446 0.2552
vn 0.8253 -0.4738 0.3073
vn 0.8448 -0.4732 0.2498
vn 0.8529 -0.4640 0.2394
vn 0.8659 -0.4441 0.2304
vn 0.8707 -0.4472 0.2047
vn 0.8587 -0.4650 0.2156
vn 0.8504 -0.4736 0.2293
vn 0.8798 -0.4211 0.2206
vn 0.8855 -0.4223 0.1939
vn 0.8694 -0.4285 0.2459
vn 0.8884 -0.4092 0.2080
vn 0.8763 -0.4215 0.2332
vn 0.8983 -0.4003 0.1812
vn 0.9027 -0.4020 0.1533
vn 0.8891 -0.4264 0.1663
vn 0.8757 -0.4489 0.1779
vn 0.9044 -0.4077 0.1261
vn 0.8930 -0.4276 0.1402
vn 0.8785 -0.4535 0.1502
vn 0.8629 -0.4683 0.1902
vn 0.8704 -0.4644 0.1633
vn 0.8851 -0.4482 0.1255
vn 0.8769 -0.4612 0.1355
vn 0.8948 -0.4318 0.1137
vn 0.9017 -0.4229 0.0900
vn 0.8893 -0.4463 0.0995
vn 0.8911 -0.4407 0.1082
vn 0.9080 -0.4071 0.0993
vn 0.9107 -0.4069 0.0711
vn 0.9004 -0.4273 0.0819
vn 0.9059 -0.4183 0.0661
vn 0.9225 -0.3837 0.0416
vn 0.9224 -0.3832 0.0478
vn 0.9035 -0.4210 0.0800
vn 0.9348 -0.3547 0.0162
vn 0.9239 -0.3798 0.0458
vn 0.9330 -0.3595 0.0134
vn 0.9490 -0.3150 -0.0151
vn 0.9500 -0.3122 -0.0010
vn 0.9604 -0.2761 -0.0379
vn 0.9347 -0.3536 0.0371
vn 0.9691 -0.2409 -0.0530
vn 0.9599 -0.2798 -0.0145
vn 0.9471 -0.3197 0.0287
vn 0.9169 -0.3916 0.0766
vn 0.9286 -0.3633 0.0758
vn 0.9086 -0.3993 0.1226
vn 0.8963 -0.4281 0.1156
vn 0.8811 -0.4487 0.1492
vn 0.8882 -0.4295 0.1630
vn 0.9017 -0.3946 0.1769
vn 0.9221 -0.3639 0.1319
vn 0.9419 -0.3266 0.0781
vn 0.9530 -0.2916 0.0821
vn 0.9348 -0.3260 0.1407
vn 0.9144 -0.3578 0.1893
vn 0.8945 -0.3865 0.2246
vn 0.8817 -0.4211 0.2129
vn 0.8727 -0.4473 0.1957
vn 0.8671 -0.4381 0.2368
vn 0.8590 -0.4611 0.2226
vn 0.8774 -0.4099 0.2495
vn 0.8667 -0.4655 0.1791
vn 0.8586 -0.4696 0.2056
vn 0.8501 -0.4674 0.2427
vn 0.8404 -0.4744 0.2622
vn 0.8423 -0.4636 0.2750
vn 0.8533 -0.4539 0.2566
vn 0.8630 -0.4285 0.2677
vn 0.8467 -0.4470 0.2886
vn 0.8306 -0.4586 0.3159
vn 0.8089 -0.4714 0.3513
vn 0.8560 -0.4179 0.3045
vn 0.8333 -0.4377 0.3378
vn 0.8040 -0.4512 0.3873
vn 0.8657 -0.3838 0.3212
vn 0.8401 -0.4024 0.3638
vn 0.8010 -0.4251 0.4216
vn 0.8735 -0.3990 0.2789
vn 0.8856 -0.3624 0.2906
vn 0.8761 -0.3410 0.3409
vn 0.8964 -0.3235 0.3030
vn 0.8474 -0.3612 0.3892
vn 0.9033 -0.2911 0.3152
vn 0.8833 -0.3053 0.3559
vn 0.8544 -0.3234 0.4066
vn 0.8870 -0.2875 0.3614
vn 0.8587 -0.3047 0.4121
vn 0.9066 -0.2746 0.3205
vn 0.9113 -0.3064 0.2749
vn 0.9183 -0.2785 0.2814
vn 0.9216 -0.2637 0.2849
vn 0.9223 -0.2622 0.2838
vn 0.9076 -0.2723 0.3194
vn 0.8888 -0.2848 0.3592
vn 0.9149 -0.2727 0.2977
vn 0.9067 -0.2847 0.3114
vn 0.9198 -0.2659 0.2886
vn 0.8899 -0.3002 0.3433
vn 0.8639 -0.3061 0.4001
vn 0.8672 -0.3218 0.3799
vn 0.8173 -0.3323 0.4708
vn 0.8258 -0.3337 0.4547
vn 0.8356 -0.3584 0.4162
vn 0.8086 -0.3480 0.4744
vn 0.7472 -0.3682 0.5533
vn 0.7405 -0.3788 0.5551
vn 0.7627 -0.3766 0.5257
vn 0.6392 -0.4031 0.6549
vn 0.6322 -0.4127 0.6557
vn 0.6447 -0.4222 0.6373
vn 0.7773 -0.4025 0.4835
vn 0.6653 -0.4589 0.5889
vn 0.8416 -0.3948 0.3685
vn 0.7911 -0.4447 0.4200
vn 0.6928 -0.5024 0.5173
vn 0.4804 -0.5678 0.6685
vn 0.4274 -0.5030 0.7512
vn 0.4556 -0.4443 0.7714
vn 0.1694 -0.4365 0.8836
vn -0.1770 -0.3469 0.9210
vn 0.2143 -0.4195 0.8821
vn 0.4652 -0.4313 0.7730
vn -0.0961 -0.3723 0.9231
vn -0.4146 -0.2957 0.8606
vn -0.4551 -0.2537 0.8535
vn -0.6683 -0.1914 0.7189
vn -0.6543 -0.2159 0.7248
vn -0.3808 -0.3385 0.8605
vn -0.0508 -0.4091 0.9111
vn -0.6393 -0.2576 0.7245
vn -0.8032 -0.1552 0.5752
vn -0.7948 -0.1868 0.5774
vn -0.8098 -0.1369 0.5704
vn -0.8828 -0.1095 0.4568
vn -0.8764 -0.1345 0.4625
vn -0.8884 -0.0948 0.4493
vn -0.9267 -0.0699 0.3691
vn -0.9211 -0.0928 0.3782
vn -0.9314 -0.0600 0.3589
vn -0.9630 -0.0317 0.2675
vn -0.9596 -0.0265 0.2801
vn -0.9558 -0.0327 0.2923
vn -0.9822 -0.0051 0.1878
vn -0.9796 0.0080 0.2009
vn -0.9914 0.0413 0.1245
vn -0.9765 0.0074 0.2154
vn -0.9891 0.0462 0.1399
vn -0.9871 0.0344 0.1566
vn -0.9732 -0.0084 0.2300
vn -0.9511 -0.0511 0.3045
vn -0.9140 -0.1247 0.3860
vn -0.9452 -0.0825 0.3158
vn -0.9691 -0.0385 0.2437
vn -0.8678 -0.1706 0.4668
vn -0.9052 -0.1618 0.3930
vn -0.8567 -0.2096 0.4713
vn -0.9382 -0.1185 0.3251
vn -0.8956 -0.1967 0.3990
vn -0.8439 -0.2478 0.4758
vn -0.9300 -0.1533 0.3340
vn -0.8847 -0.2319 0.4043
vn -0.8277 -0.2900 0.4804
vn -0.9211 -0.1874 0.3412
vn -0.7437 -0.3243 0.5846
vn -0.7668 -0.2747 0.5802
vn -0.7162 -0.3730 0.5899
vn -0.8705 -0.2734 0.4092
vn -0.8077 -0.3374 0.4836
vn -0.6744 -0.4425 0.5911
vn -0.8527 -0.3187 0.4139
vn -0.7772 -0.3990 0.4866
vn -0.6246 -0.5127 0.5891
vn -0.9104 -0.2240 0.3479
vn -0.8966 -0.2662 0.3540
vn -0.9398 -0.1842 0.2880
vn -0.9274 -0.2273 0.2972
vn -0.9488 -0.1482 0.2788
vn -0.8276 -0.3733 0.4192
vn -0.8779 -0.3159 0.3598
vn -0.9106 -0.2821 0.3020
vn -0.8846 -0.3522 0.3057
vn -0.8537 -0.3764 0.3599
vn -0.7977 -0.4273 0.4255
vn -0.9318 -0.2617 0.2514
vn -0.9041 -0.3411 0.2573
vn -0.9500 -0.1992 0.2405
vn -0.9465 -0.2468 0.2080
vn -0.9153 -0.3340 0.2250
vn -0.9644 -0.1802 0.1935
vn -0.9557 -0.2341 0.1786
vn -0.9247 -0.3218 0.2034
vn -0.9750 -0.1611 0.1527
vn -0.8655 -0.4403 0.2390
vn -0.8576 -0.4414 0.2639
vn -0.8711 -0.4321 0.2333
vn -0.7894 -0.5576 0.2569
vn -0.7870 -0.5616 0.2552
vn -0.6686 -0.6882 0.2817
vn -0.6711 -0.6914 0.2675
vn -0.6752 -0.6861 0.2708
vn -0.7859 -0.5589 0.2647
vn -0.6725 -0.6807 0.2906
vn -0.7819 -0.5509 0.2918
vn -0.8464 -0.4403 0.2998
vn -0.7646 -0.5457 0.3429
vn -0.8204 -0.4455 0.3584
vn -0.6570 -0.6740 0.3376
vn -0.5135 -0.8009 0.3081
vn -0.4953 -0.7903 0.3608
vn -0.5102 -0.8117 0.2845
vn -0.2886 -0.8955 0.3389
vn -0.2879 -0.9080 0.3045
vn -0.2723 -0.8747 0.4009
vn -0.2625 -0.9197 0.2919
vn -0.5030 -0.8165 0.2833
vn -0.0007 -0.9560 0.2935
vn -0.0325 -0.9500 0.3107
vn -0.0569 -0.9298 0.3637
vn 0.1681 -0.9121 0.3739
vn 0.1844 -0.9329 0.3094
vn -0.2375 -0.9209 0.3091
vn -0.2222 -0.9117 0.3456
vn -0.4891 -0.8202 0.2967
vn -0.4804 -0.8125 0.3304
vn -0.2148 -0.8955 0.3898
vn 0.3489 -0.8584 0.3761
vn 0.1755 -0.8790 0.4433
vn -0.0348 -0.9020 0.4304
vn 0.3602 -0.8263 0.4329
vn 0.4730 -0.7973 0.3749
vn 0.1982 -0.8456 0.4956
vn 0.3848 -0.7924 0.4733
vn 0.4068 -0.7650 0.4993
vn 0.2077 -0.8211 0.5316
vn -0.0498 -0.8281 0.5584
vn -0.0145 -0.8672 0.4977
vn -0.2777 -0.8305 0.4828
vn -0.3230 -0.7746 0.5437
vn -0.4974 -0.7486 0.4384
vn -0.4097 -0.7173 0.5635
vn -0.0940 -0.8055 0.5851
vn 0.1874 -0.8048 0.5632
vn -0.1736 -0.7680 0.6165
vn -0.4824 -0.6621 0.5735
vn 0.1559 -0.7916 0.5909
vn 0.4185 -0.7523 0.5088
vn 0.4067 -0.7402 0.5354
vn 0.3821 -0.7215 0.5774
vn 0.0886 -0.7570 0.6473
vn 0.3280 -0.6904 0.6447
vn 0.0135 -0.7105 0.7036
vn 0.4986 -0.6060 0.6198
vn 0.2622 -0.6500 0.7132
vn -0.0799 -0.6450 0.7600
vn 0.4405 -0.5781 0.6869
vn 0.1821 -0.6023 0.7772
vn -0.1668 -0.5777 0.7990
vn -0.4961 -0.4881 0.7181
vn -0.4280 -0.5611 0.7085
vn -0.3444 -0.6438 0.6833
vn -0.2528 -0.7157 0.6510
vn -0.5572 -0.5939 0.5804
vn -0.7409 -0.4588 0.4904
vn -0.6902 -0.5289 0.4938
vn -0.7587 -0.4917 0.4273
vn -0.6347 -0.5867 0.5029
vn -0.7009 -0.5748 0.4223
vn -0.5671 -0.6622 0.4899
vn -0.6393 -0.6623 0.3906
vn -0.5510 -0.4216 0.7202
vn -0.2414 -0.5172 0.8212
vn -0.5900 -0.3669 0.7193
vn -0.3024 -0.4566 0.8367
vn -0.3475 -0.3981 0.8490
vn -0.6209 -0.3079 0.7209
vn -0.7829 -0.2299 0.5782
vn -0.0089 -0.4579 0.8890
vn 0.0437 -0.5098 0.8592
vn 0.2827 -0.4742 0.8338
vn 0.3249 -0.5150 0.7932
vn 0.2520 -0.4420 0.8609
vn 0.4748 -0.4351 0.7650
vn 0.4884 -0.4647 0.7386
vn 0.6385 -0.4380 0.6328
vn 0.5189 -0.4958 0.6964
vn 0.6530 -0.4716 0.5926
vn 0.7362 -0.4117 0.5371
vn 0.7439 -0.4449 0.4986
vn 0.6802 -0.4925 0.5430
vn 0.7565 -0.4709 0.4539
vn 0.5586 -0.5224 0.6443
vn 0.7116 -0.5067 0.4867
vn 0.7739 -0.4826 0.4102
vn 0.6040 -0.5402 0.5860
vn 0.3798 -0.5478 0.7454
vn 0.1086 -0.5569 0.8234
vn 0.8046 -0.3832 0.4537
vn -0.9762 -0.1267 0.1761
vn -0.9858 -0.1058 0.1303
vn -0.9611 -0.1531 0.2299
vn -0.9699 -0.1124 0.2160
vn -0.9836 -0.0834 0.1597
vn -0.9929 -0.0548 0.1058
vn -0.9930 -0.0804 0.0865
vn -0.9980 -0.0312 0.0549
vn -0.9823 -0.1419 0.1221
vn -0.9995 0.0190 0.0250
vn -0.9965 -0.0100 0.0836
vn -0.9892 -0.0392 0.1413
vn -0.9980 0.0628 -0.0010
vn -0.9974 0.0354 0.0620
vn -0.9940 0.1067 -0.0229
vn -0.9961 0.0777 0.0425
vn -0.9897 0.1369 -0.0417
vn -0.9939 0.1079 0.0245
vn -0.9934 0.0433 0.1064
vn -0.9933 0.0733 0.0893
vn -0.9923 0.0015 0.1241
vn -0.9850 0.0041 0.1725
vn -0.9816 -0.0350 0.1876
vn -0.9764 -0.0744 0.2027
vn -0.9634 -0.0765 0.2568
vn -0.9569 -0.1120 0.2678
vn -0.9940 0.0827 0.0722
vn -0.9958 0.0725 0.0558
vn 0.5333 -0.6294 0.5652
vn 0.7076 -0.5548 0.4375
vn 0.6946 -0.5900 0.4117
vn 0.6634 -0.6099 0.4334
vn 0.5262 -0.6874 0.5005
vn 0.2988 -0.7921 0.5323
vn 0.4122 -0.7633 0.4974
vn 0.6444 -0.6567 0.3918
vn 0.7883 -0.4987 0.3604
vn 0.7723 -0.5342 0.3436
vn 0.7597 -0.5439 0.3563
vn 0.7974 -0.5135 0.3170
vn 0.8294 -0.4531 0.3269
vn 0.8114 -0.4957 0.3095
vn 0.8521 -0.4073 0.3287
vn 0.8355 -0.4631 0.2957
vn 0.8615 -0.3878 0.3277
vn 0.8672 -0.3599 0.3441
vn 0.8755 -0.3660 0.3156
vn 0.8856 -0.3359 0.3207
vn 0.8793 -0.3616 0.3100
vn 0.8968 -0.3100 0.3156
vn 0.9030 -0.2967 0.3106
vn 0.8989 -0.3001 0.3193
vn 0.9290 -0.2560 0.2672
vn 0.9347 -0.2526 0.2501
vn 0.9332 -0.2519 0.2564
vn 0.9407 -0.2476 0.2317
vn 0.9319 -0.2638 0.2490
vn 0.9459 -0.2475 0.2098
vn 0.9449 -0.2441 0.2183
vn 0.9580 -0.2351 0.1643
vn 0.9569 -0.2328 0.1736
vn 0.9413 -0.2668 0.2068
vn 0.9561 -0.2465 0.1583
vn 0.9262 -0.2869 0.2447
vn 0.9347 -0.2921 0.2023
vn 0.9510 -0.2683 0.1536
vn 0.9171 -0.3185 0.2397
vn 0.9014 -0.3415 0.2663
vn 0.8897 -0.3766 0.2582
vn 0.9064 -0.3520 0.2336
vn 0.9255 -0.3238 0.1965
vn 0.9446 -0.2931 0.1479
vn 0.9599 -0.2659 0.0885
vn 0.9650 -0.2446 0.0949
vn 0.9668 -0.2339 0.1026
vn 0.9721 -0.2317 0.0357
vn 0.9737 -0.2234 0.0441
vn 0.9698 -0.2425 0.0277
vn 0.9746 -0.2235 0.0117
vn 0.9747 -0.2230 0.0120
vn 0.9751 -0.2212 -0.0176
vn 0.9754 -0.2204 -0.0107
vn 0.9738 -0.2262 -0.0232
vn 0.9751 -0.2103 -0.0707
vn 0.9752 -0.2109 -0.0665
vn 0.9752 -0.2124 -0.0619
vn 0.9755 -0.2162 -0.0398
vn 0.9713 -0.2364 -0.0261
vn 0.9744 -0.2139 -0.0692
vn 0.9647 -0.2622 0.0245
vn 0.9669 -0.2541 -0.0212
vn 0.9573 -0.2882 0.0232
vn 0.9729 -0.2219 -0.0649
vn 0.9747 -0.1922 -0.1139
vn 0.9752 -0.1911 -0.1114
vn 0.9759 -0.1925 -0.1023
vn 0.9742 -0.2061 -0.0921
vn 0.9686 -0.2375 -0.0739
vn 0.9741 -0.1703 -0.1485
vn 0.9741 -0.1586 -0.1614
vn 0.9693 -0.2062 -0.1337
vn 0.9574 -0.2840 -0.0520
vn 0.9622 -0.2511 -0.1058
vn 0.9609 -0.1645 -0.2229
vn 0.9554 -0.2252 -0.1912
vn 0.9604 -0.1310 -0.2458
vn 0.9389 -0.1600 -0.3048
vn 0.9271 -0.1170 -0.3561
vn 0.9257 -0.0866 -0.3681
vn 0.9601 -0.1175 -0.2536
vn 0.9238 -0.0697 -0.3764
vn 0.8639 -0.0654 -0.4993
vn 0.8575 -0.0400 -0.5128
vn 0.8588 -0.0253 -0.5117
vn 0.8604 -0.0145 -0.5093
vn 0.9230 -0.0672 -0.3790
vn 0.9582 -0.1168 -0.2613
vn 0.8623 -0.0165 -0.5060
vn 0.9221 -0.0672 -0.3810
vn 0.9565 -0.1209 -0.2653
vn 0.9725 -0.1603 -0.1688
vn 0.9709 -0.1640 -0.1746
vn 0.9213 -0.0758 -0.3815
vn 0.9548 -0.1274 -0.2686
vn 0.9694 -0.1704 -0.1765
vn 0.9737 -0.1976 -0.1138
vn 0.9727 -0.2032 -0.1122
vn 0.9675 -0.1800 -0.1777
vn 0.9529 -0.1386 -0.2697
vn 0.9663 -0.1843 -0.1797
vn 0.9723 -0.2063 -0.1101
vn 0.9501 -0.1409 -0.2785
vn 0.9741 -0.2101 -0.0842
vn 0.9742 -0.2078 -0.0880
vn 0.9199 -0.0877 -0.3822
vn 0.9184 -0.1052 -0.3814
vn 0.9386 -0.1240 -0.3220
vn 0.9115 -0.1083 -0.3968
vn 0.9367 -0.1378 -0.3218
vn 0.8938 -0.0963 -0.4381
vn 0.8646 -0.0573 -0.4991
vn 0.8640 -0.0823 -0.4967
vn 0.8520 -0.0885 -0.5161
vn 0.8924 -0.1158 -0.4360
vn 0.7943 -0.0447 -0.6058
vn 0.7944 -0.0760 -0.6026
vn 0.8301 -0.0831 -0.5514
vn 0.7936 -0.0193 -0.6082
vn 0.8650 -0.0384 -0.5004
vn 0.7915 0.0034 -0.6112
vn 0.7059 -0.0127 -0.7082
vn 0.7023 0.0134 -0.7117
vn 0.6946 0.0330 -0.7186
vn 0.5630 0.0457 -0.8252
vn 0.5758 0.0256 -0.8172
vn 0.5509 0.0655 -0.8320
vn 0.3520 0.0773 -0.9328
vn 0.3313 0.0929 -0.9389
vn 0.3032 0.1054 -0.9471
vn 0.6858 0.0502 -0.7261
vn 0.5308 0.0780 -0.8439
vn 0.2760 0.1161 -0.9541
vn -0.0313 0.1484 -0.9884
vn 0.0028 0.1417 -0.9899
vn -0.0653 0.1533 -0.9860
vn 0.2425 0.1196 -0.9627
vn -0.1012 0.1521 -0.9832
vn 0.5105 0.0863 -0.8556
vn 0.2091 0.1163 -0.9710
vn -0.1341 0.1474 -0.9800
vn 0.4858 0.0832 -0.8701
vn 0.6725 0.0560 -0.7379
vn 0.6594 0.0574 -0.7496
vn 0.1763 0.1051 -0.9787
vn 0.4623 0.0743 -0.8836
vn 0.6454 0.0436 -0.7626
vn 0.6359 0.0336 -0.7711
vn 0.4451 0.0634 -0.8932
vn 0.1503 0.0999 -0.9836
vn 0.7673 0.0154 -0.6412
vn 0.7643 -0.0028 -0.6449
vn 0.7740 0.0241 -0.6328
vn 0.6370 0.0269 -0.7704
vn 0.4388 0.0731 -0.8956
vn 0.7650 -0.0161 -0.6438
vn 0.6483 0.0415 -0.7602
vn 0.4430 0.0939 -0.8916
vn 0.7813 -0.0234 -0.6237
vn 0.1388 0.1114 -0.9840
vn 0.1370 0.1438 -0.9801
vn 0.1496 0.1953 -0.9693
vn 0.4541 0.1367 -0.8804
vn 0.6601 0.0731 -0.7476
vn 0.6660 0.1129 -0.7374
vn 0.4604 0.1827 -0.8687
vn 0.1628 0.2452 -0.9557
vn -0.1937 0.2308 -0.9535
vn -0.2035 0.1785 -0.9627
vn -0.1604 0.2891 -0.9438
vn 0.1817 0.2813 -0.9423
vn -0.1304 0.3174 -0.9393
vn 0.4619 0.2114 -0.8614
vn -0.4625 0.2504 -0.8505
vn -0.4295 0.2988 -0.8522
vn -0.3857 0.3313 -0.8611
vn 0.1968 0.2955 -0.9349
vn -0.0991 0.3350 -0.9370
vn -0.3465 0.3358 -0.8759
vn -0.5767 0.3170 -0.7529
vn -0.6275 0.2997 -0.7186
vn -0.5469 0.3111 -0.7773
vn -0.3191 0.3282 -0.8891
vn -0.5145 0.2998 -0.8034
vn -0.0710 0.3305 -0.9411
vn -0.0432 0.3436 -0.9381
vn -0.2883 0.3339 -0.8975
vn -0.4933 0.2978 -0.8173
vn -0.6744 0.2490 -0.6951
vn -0.6505 0.2458 -0.7187
vn -0.6990 0.2664 -0.6637
vn -0.2637 0.3764 -0.8881
vn -0.4722 0.3305 -0.8172
vn -0.6425 0.2628 -0.7198
vn -0.2392 0.4460 -0.8625
vn -0.4645 0.3831 -0.7984
vn -0.6416 0.3024 -0.7049
vn -0.7656 0.1895 -0.6147
vn -0.7739 0.1785 -0.6076
vn -0.7708 0.2143 -0.5999
vn -0.6488 0.3504 -0.6755
vn -0.4619 0.4482 -0.7654
vn -0.7790 0.2516 -0.5743
vn -0.8603 0.1670 -0.4817
vn -0.8530 0.1356 -0.5039
vn -0.8510 0.1170 -0.5120
vn -0.9059 0.0687 -0.4178
vn -0.9049 0.0535 -0.4222
vn -0.9105 0.0962 -0.4022
vn -0.9413 -0.0019 -0.3375
vn -0.9389 0.0122 -0.3440
vn -0.9420 0.0392 -0.3332
vn -0.8640 0.2026 -0.4610
vn -0.9134 0.1311 -0.3855
vn -0.9445 0.0713 -0.3208
vn -0.8627 0.2406 -0.4449
vn -0.9131 0.1665 -0.3723
vn -0.9451 0.1044 -0.3098
vn -0.9688 0.0018 -0.2480
vn -0.9661 -0.0265 -0.2569
vn -0.9704 0.0321 -0.2393
vn -0.9443 0.1451 -0.2953
vn -0.9720 0.0666 -0.2252
vn -0.9106 0.2094 -0.3564
vn -0.9417 0.2020 -0.2689
vn -0.9043 0.2722 -0.3289
vn -0.9723 0.1202 -0.2006
vn -0.8494 0.3488 -0.3961
vn -0.8583 0.2851 -0.4268
vn -0.8943 0.3393 -0.2916
vn -0.9347 0.2671 -0.2346
vn -0.8348 0.4207 -0.3550
vn -0.8237 0.4670 -0.3217
vn -0.8847 0.3841 -0.2641
vn -0.9295 0.3031 -0.2102
vn -0.9698 0.1762 -0.1685
vn -0.9664 0.2105 -0.1474
vn -0.9333 0.2887 -0.2134
vn -0.9691 0.1951 -0.1508
vn -0.8900 0.3722 -0.2633
vn -0.9446 0.2082 -0.2538
vn -0.9754 0.1170 -0.1871
vn -0.9067 0.2884 -0.3077
vn -0.9455 0.0943 -0.3117
vn -0.9704 0.0347 -0.2391
vn -0.9107 0.1709 -0.3761
vn -0.8468 0.3856 -0.3663
vn -0.8593 0.2558 -0.4429
vn -0.8255 0.4656 -0.3191
vn -0.8356 0.1359 -0.5323
vn -0.8910 0.0582 -0.4502
vn -0.9250 0.0290 -0.3788
vn -0.8277 0.0121 -0.5610
vn -0.8925 -0.0147 -0.4507
vn -0.7640 0.0157 -0.6451
vn -0.7880 0.0874 -0.6094
vn -0.6916 -0.0191 -0.7220
vn -0.6505 -0.0390 -0.7585
vn -0.5535 -0.0027 -0.8329
vn -0.5876 0.1510 -0.7949
vn -0.4964 -0.0630 -0.8658
vn -0.3597 0.1642 -0.9185
vn -0.3579 0.0288 -0.9333
vn -0.3255 -0.0583 -0.9437
vn -0.0857 -0.0434 -0.9954
vn -0.0910 0.0280 -0.9955
vn -0.0817 0.1660 -0.9827
vn -0.2898 -0.0589 -0.9553
vn -0.0720 -0.0566 -0.9958
vn -0.4659 -0.0460 -0.8836
vn -0.2756 0.0297 -0.9608
vn -0.0526 0.0296 -0.9982
vn -0.4421 0.0311 -0.8964
vn 0.2170 -0.0491 -0.9749
vn 0.2101 -0.0466 -0.9766
vn 0.2145 0.0265 -0.9764
vn -0.0485 0.1917 -0.9803
vn 0.2279 0.1788 -0.9571
vn -0.2736 0.1958 -0.9417
vn 0.2384 0.3750 -0.8959
vn -0.0494 0.3914 -0.9189
vn -0.2931 0.3908 -0.8725
vn -0.4610 0.1834 -0.8683
vn -0.4866 0.3665 -0.7930
vn -0.3047 0.5745 -0.7597
vn -0.0547 0.5921 -0.8040
vn -0.4988 0.5307 -0.6853
vn -0.6418 0.3063 -0.7031
vn -0.5945 0.1423 -0.7914
vn -0.6559 0.4604 -0.5982
vn -0.7603 0.2157 -0.6127
vn -0.7750 0.3607 -0.5188
vn -0.6960 0.0834 -0.7132
vn -0.5502 0.0380 -0.8342
vn -0.5844 -0.0125 -0.8114
vn -0.7594 0.4885 -0.4297
vn -0.6406 0.5835 -0.4992
vn -0.7387 0.5584 -0.3775
vn -0.6219 0.6501 -0.4365
vn -0.6253 0.6422 -0.4433
vn -0.7369 0.5568 -0.3834
vn -0.7527 0.5058 -0.4215
vn -0.6401 0.5943 -0.4870
vn -0.4924 0.6814 -0.5415
vn -0.4827 0.7216 -0.4962
vn -0.4776 0.7265 -0.4940
vn -0.2989 0.7897 -0.5358
vn -0.3054 0.7559 -0.5791
vn -0.2963 0.7878 -0.5400
vn -0.4910 0.6619 -0.5664
vn -0.3000 0.7177 -0.6284
vn -0.0678 0.8320 -0.5507
vn -0.0616 0.8236 -0.5638
vn -0.0602 0.7457 -0.6636
vn 0.2280 0.7304 -0.6438
vn 0.2385 0.5706 -0.7858
vn 0.2135 0.8119 -0.5434
vn 0.4826 0.6663 -0.5685
vn 0.4977 0.5177 -0.6959
vn 0.4607 0.7495 -0.4753
vn 0.4936 0.3329 -0.8035
vn 0.6536 0.5903 -0.4736
vn 0.6717 0.4509 -0.5878
vn 0.6650 0.2914 -0.6877
vn 0.6398 0.1324 -0.7571
vn 0.4773 0.1562 -0.8647
vn 0.7787 0.2471 -0.5766
vn 0.7534 0.1100 -0.6483
vn 0.7859 0.3870 -0.4823
vn 0.6259 0.0111 -0.7798
vn 0.7296 0.0013 -0.6839
vn 0.4599 0.0185 -0.8878
vn 0.7456 -0.0484 -0.6646
vn 0.6294 -0.0544 -0.7752
vn 0.4657 -0.0509 -0.8835
vn 0.6652 -0.0627 -0.7440
vn 0.7688 -0.0843 -0.6339
vn 0.4903 -0.0445 -0.8704
vn 0.5279 0.0026 -0.8493
vn 0.2388 0.0238 -0.9708
vn 0.7121 -0.0177 -0.7019
vn 0.7522 0.0380 -0.6579
vn 0.5696 0.0955 -0.8164
vn 0.2724 0.1343 -0.9528
vn 0.8261 -0.0746 -0.5585
vn 0.8787 -0.0099 -0.4773
vn 0.8980 0.0037 -0.4399
vn 0.7793 0.0959 -0.6193
vn 0.5956 0.1649 -0.7862
vn 0.7922 0.1176 -0.5988
vn 0.6160 0.1938 -0.7635
vn 0.9131 0.0299 -0.4065
vn 0.9840 -0.0754 -0.1614
vn 0.9743 -0.1270 -0.1863
vn 0.9647 -0.1526 -0.2145
vn 0.9892 -0.0427 -0.1404
vn 0.9179 0.0528 -0.3933
vn 0.8016 0.1260 -0.5844
vn 0.9912 -0.0173 -0.1315
vn 0.9187 0.0675 -0.3893
vn 0.7985 0.1293 -0.5879
vn 0.9916 0.0020 -0.1296
vn 0.9126 0.0765 -0.4017
vn 0.7896 0.1287 -0.6000
vn 0.6309 0.1843 -0.7536
vn 0.6261 0.1977 -0.7542
vn 0.6185 0.1752 -0.7660
vn 0.7731 0.1275 -0.6213
vn 0.6008 0.1659 -0.7820
vn 0.9038 0.0817 -0.4201
vn 0.7554 0.1209 -0.6440
vn 0.5797 0.1560 -0.7997
vn 0.8941 0.0764 -0.4414
vn 0.7420 0.0993 -0.6630
vn 0.8856 0.0598 -0.4607
vn 0.5620 0.1330 -0.8163
vn 0.7338 0.0622 -0.6766
vn 0.5538 0.0929 -0.8274
vn 0.8821 0.0240 -0.4704
vn 0.9872 -0.0062 -0.1593
vn 0.9888 0.0098 -0.1492
vn 0.9858 -0.0275 -0.1656
vn 0.9848 -0.0533 -0.1654
vn 0.8793 -0.0159 -0.4761
vn 0.7310 0.0117 -0.6822
vn 0.9843 -0.0680 -0.1631
vn 0.8780 -0.0540 -0.4755
vn 0.7283 -0.0379 -0.6842
vn 0.9787 -0.0870 0.1858
vn 0.9780 -0.0881 0.1889
vn 0.9779 -0.0777 0.1943
vn 0.9853 -0.0662 -0.1576
vn 0.9780 -0.0537 0.2016
vn 0.8778 -0.0705 -0.4739
vn 0.8764 -0.0357 0.4802
vn 0.8771 -0.0763 0.4741
vn 0.8768 -0.1082 0.4685
vn 0.9780 -0.0154 0.2080
vn 0.9869 -0.0408 -0.1563
vn 0.8760 0.0079 0.4822
vn 0.8688 0.0696 0.4902
vn 0.9757 0.0395 0.2156
vn 0.9880 -0.0055 -0.1544
vn 0.8762 -0.0711 -0.4767
vn 0.8740 -0.0597 -0.4823
vn 0.9846 0.0780 -0.1564
vn 0.8636 -0.0472 -0.5020
vn 0.9628 0.1157 0.2442
vn 0.9786 0.1385 -0.1522
vn 0.8469 -0.0433 -0.5299
vn 0.9427 0.1754 0.2839
vn 0.9088 0.0788 -0.4096
vn 0.7974 -0.0227 -0.6031
vn 0.9385 0.3101 0.1517
vn 0.9850 0.1360 -0.1065
vn 0.8754 0.3437 0.3400
vn 0.9115 0.3275 0.2489
vn 0.9754 0.2006 0.0910
vn 0.8112 0.4273 0.3992
vn 0.8715 -0.0086 -0.4902
vn 0.9610 0.0274 -0.2753
vn 0.9979 0.0305 -0.0571
vn 0.9621 0.1945 0.1909
vn 0.9962 0.0440 0.0751
vn 0.8757 0.3625 0.3190
vn 0.8621 0.3777 0.3378
vn 0.9478 0.2147 0.2357
vn 0.9902 0.0428 0.1330
vn 0.9946 -0.0897 0.0520
vn 0.9953 -0.0964 -0.0127
vn 0.9840 -0.0837 -0.1574
vn 0.9864 0.0605 0.1530
vn 0.9932 -0.0886 0.0755
vn 0.9404 0.2308 0.2497
vn 0.9826 -0.1856 0.0007
vn 0.9813 -0.1796 -0.0689
vn 0.9816 -0.1895 0.0248
vn 0.9828 0.0606 0.1743
vn 0.9912 -0.0913 0.0963
vn 0.9771 -0.2071 0.0486
vn 0.9548 -0.2969 0.0175
vn 0.9629 -0.2699 -0.0003
vn 0.9680 -0.2492 -0.0308
vn 0.9719 -0.2259 0.0666
vn 0.9427 -0.3318 0.0353
vn 0.9872 -0.1030 0.1214
vn 0.9211 -0.3893 0.0086
vn 0.9400 -0.3408 -0.0162
vn 0.8946 -0.4467 0.0055
vn 0.9662 -0.2408 0.0925
vn 0.9317 -0.3608 0.0410
vn 0.8694 -0.4940 0.0084
vn 0.7483 -0.6622 -0.0399
vn 0.8259 -0.5636 0.0169
vn 0.8815 -0.4721 0.0105
vn 0.8225 -0.5687 0.0062
vn 0.7505 -0.6595 0.0423
vn 0.5082 -0.8610 -0.0193
vn 0.8639 -0.5022 -0.0392
vn 0.9068 -0.4206 -0.0279
vn 0.6287 -0.7771 0.0306
vn 0.7528 -0.6582 0.0002
vn 0.7984 -0.5985 -0.0665
vn 0.6676 -0.7443 -0.0193
vn 0.7292 -0.6789 -0.0857
vn 0.5389 -0.8413 0.0421
vn 0.3673 -0.9275 0.0701
vn 0.3838 -0.9226 0.0383
vn 0.1986 -0.9799 0.0174
vn 0.1914 -0.9787 0.0745
vn 0.1522 -0.9847 -0.0847
vn 0.4185 -0.9027 -0.0995
vn 0.1039 -0.9814 -0.1616
vn 0.7071 -0.7056 -0.0463
vn 0.3959 -0.9037 -0.1630
vn 0.6868 -0.7228 -0.0763
vn 0.0749 -0.9720 -0.2226
vn 0.8542 -0.5196 0.0183
vn 0.8518 -0.5239 -0.0009
vn 0.9272 -0.3689 0.0651
vn 0.9263 -0.3655 0.0913
vn 0.9580 -0.2431 0.1519
vn 0.9614 -0.2477 0.1196
vn 0.9297 -0.3455 0.1273
vn 0.8695 -0.4912 0.0512
vn 0.9540 -0.2333 0.1885
vn 0.8916 -0.4420 0.0984
vn 0.9310 -0.3196 0.1764
vn 0.9484 -0.2211 0.2271
vn 0.9620 -0.1187 0.2459
vn 0.9528 -0.1114 0.2825
vn 0.9695 -0.1221 0.2123
vn 0.9363 0.0317 0.3499
vn 0.9478 0.0313 0.3173
vn 0.9578 0.0319 0.2857
vn 0.9761 -0.1213 0.1803
vn 0.9662 0.0378 0.2551
vn 0.9148 0.2174 0.3404
vn 0.9052 0.2110 0.3689
vn 0.8941 0.2037 0.3990
vn 0.8082 0.3765 0.4529
vn 0.8170 0.3906 0.4242
vn 0.7915 0.3749 0.4827
vn 0.6948 0.4906 0.5259
vn 0.6786 0.4790 0.5568
vn 0.7069 0.5059 0.4944
vn 0.8243 0.4038 0.3968
vn 0.9217 0.2309 0.3117
vn 0.7103 0.5287 0.4647
vn 0.6089 0.6012 0.5175
vn 0.6136 0.5618 0.5549
vn 0.6039 0.5325 0.5932
vn 0.5366 0.5577 0.6333
vn 0.5031 0.5300 0.6826
vn 0.5189 0.6401 0.5666
vn 0.7128 0.5452 0.4413
vn 0.6057 0.6270 0.4899
vn 0.4938 0.6918 0.5269
vn 0.4104 0.6105 0.6774
vn 0.4487 0.4445 0.7753
vn 0.3597 0.7507 0.5541
vn 0.3595 0.7613 0.5396
vn 0.4958 0.7000 0.5141
vn 0.6104 0.6320 0.4775
vn 0.6245 0.6186 0.4767
vn 0.5103 0.6866 0.5178
vn 0.3728 0.7484 0.5486
vn 0.7194 0.5468 0.4284
vn 0.7338 0.5325 0.4219
vn 0.8367 0.4146 0.3577
vn 0.8456 0.4055 0.3472
vn 0.8285 0.4168 0.3739
vn 0.9277 0.2390 0.2867
vn 0.9326 0.2430 0.2668
vn 0.9788 0.0578 0.1967
vn 0.9733 0.0467 0.2247
vn 0.9823 -0.1152 0.1478
vn 0.7519 0.5063 0.4224
vn 0.7811 0.4654 0.4162
vn 0.6492 0.5871 0.4835
vn 0.6803 0.5387 0.4970
vn 0.5707 0.6024 0.5580
vn 0.5353 0.6547 0.5337
vn 0.7267 0.4697 0.5013
vn 0.6156 0.5198 0.5923
vn 0.3922 0.7218 0.5703
vn 0.4237 0.6704 0.6091
vn 0.4578 0.5998 0.6562
vn 0.2451 0.7368 0.6302
vn 0.2302 0.7763 0.5869
vn 0.2675 0.6693 0.6932
vn 0.4978 0.4957 0.7117
vn 0.2907 0.5759 0.7641
vn 0.6592 0.4235 0.6213
vn 0.5281 0.3753 0.7618
vn 0.3151 0.4469 0.8373
vn 0.7029 0.2926 0.6483
vn 0.5480 0.2517 0.7977
vn 0.3302 0.3151 0.8898
vn 0.7203 0.1914 0.6668
vn 0.8274 0.2516 0.5021
vn 0.8581 0.1339 0.4957
vn 0.7841 0.3578 0.5071
vn 0.7310 0.1041 0.6744
vn 0.7335 0.0402 0.6785
vn 0.5555 0.1550 0.8170
vn 0.5583 0.0763 0.8261
vn 0.7341 -0.0137 0.6789
vn 0.5588 0.0145 0.8292
vn 0.3444 0.0450 0.9377
vn 0.3420 0.1145 0.9327
vn 0.3380 0.2043 0.9187
vn 0.1133 0.0680 0.9912
vn 0.1086 0.1439 0.9836
vn 0.1044 0.2405 0.9650
vn 0.0988 0.3600 0.9277
vn 0.0931 0.5000 0.8610
vn -0.1085 0.2594 0.9597
vn -0.1066 0.3828 0.9177
vn -0.0997 0.5251 0.8452
vn 0.0858 0.6271 0.7742
vn -0.0881 0.6524 0.7527
vn -0.2481 0.5307 0.8104
vn -0.2213 0.6580 0.7198
vn -0.2683 0.3886 0.8815
vn -0.1962 0.7440 0.6387
vn -0.0759 0.7406 0.6676
vn 0.0809 0.7183 0.6910
vn -0.0642 0.7959 0.6020
vn 0.0778 0.7765 0.6253
vn -0.1760 0.7995 0.5742
vn -0.3068 0.7340 0.6060
vn -0.2815 0.7878 0.5479
vn -0.3422 0.6478 0.6806
vn -0.4354 0.7078 0.5562
vn -0.4812 0.6213 0.6184
vn -0.4018 0.7615 0.5087
vn -0.3817 0.7925 0.4756
vn -0.2661 0.8183 0.5096
vn -0.1648 0.8290 0.5344
vn -0.2630 0.8308 0.4905
vn -0.1601 0.8428 0.5138
vn -0.3746 0.8061 0.4582
vn -0.5123 0.7481 0.4217
vn -0.4952 0.7670 0.4080
vn -0.5384 0.7180 0.4412
vn -0.3721 0.8108 0.4518
vn -0.2661 0.8314 0.4877
vn -0.4887 0.7739 0.4028
vn -0.6068 0.7226 0.3312
vn -0.6267 0.7050 0.3319
vn -0.6479 0.6866 0.3300
vn -0.4865 0.7737 0.4057
vn -0.3742 0.8069 0.4569
vn -0.6014 0.7243 0.3372
vn -0.7317 0.6405 0.2333
vn -0.7114 0.6584 0.2458
vn -0.6994 0.6672 0.2563
vn -0.6619 0.6386 0.3926
vn -0.4916 0.7623 0.4211
vn -0.7068 0.6530 0.2722
vn -0.7863 0.5977 0.1566
vn -0.7725 0.6107 0.1741
vn -0.7652 0.6154 0.1890
vn -0.7188 0.6226 0.3094
vn -0.7019 0.5364 0.4686
vn -0.7600 0.6161 0.2070
vn -0.8279 0.5518 0.1003
vn -0.8250 0.5536 0.1133
vn -0.8372 0.5404 0.0838
vn -0.9002 0.4354 -0.0039
vn -0.8985 0.4387 -0.0173
vn -0.8980 0.4400 0.0055
vn -0.9020 0.4301 -0.0387
vn -0.8438 0.5327 0.0649
vn -0.9511 0.2830 -0.1237
vn -0.9544 0.2762 -0.1130
vn -0.9434 0.2983 -0.1452
vn -0.8994 0.4319 -0.0672
vn -0.9373 0.2998 -0.1779
vn -0.8565 0.5148 0.0361
vn -0.9614 0.1337 -0.2406
vn -0.9478 0.1559 -0.2781
vn -0.9691 0.1143 -0.2188
vn -0.9494 -0.0190 -0.3135
vn -0.9566 -0.0500 -0.2870
vn -0.9359 0.0059 -0.3522
vn -0.9304 0.1593 -0.3300
vn -0.9253 0.3063 -0.2238
vn -0.9117 0.0266 -0.4099
vn -0.9072 0.2940 -0.3010
vn -0.8933 0.1674 -0.4172
vn -0.8643 0.0256 -0.5024
vn -0.8839 -0.0904 -0.4588
vn -0.9103 -0.1129 -0.3982
vn -0.8285 -0.0763 -0.5547
vn -0.7264 -0.0841 -0.6821
vn -0.7696 0.0193 -0.6382
vn -0.8232 0.1379 -0.5507
vn -0.7926 -0.1653 -0.5869
vn -0.8542 -0.1799 -0.4878
vn -0.6838 -0.1600 -0.7119
vn -0.5748 -0.1029 -0.8118
vn -0.5382 -0.1692 -0.8256
vn -0.6290 -0.0182 -0.7772
vn -0.6431 -0.2379 -0.7279
vn -0.7534 -0.2468 -0.6094
vn -0.4997 -0.2362 -0.8333
vn -0.3603 -0.2302 -0.9040
vn -0.3749 -0.1820 -0.9090
vn -0.4074 -0.1289 -0.9041
vn -0.3429 -0.2915 -0.8930
vn -0.4693 -0.3046 -0.8289
vn -0.5968 -0.3184 -0.7365
vn -0.3289 -0.3603 -0.8729
vn -0.4308 -0.3878 -0.8149
vn -0.5446 -0.4156 -0.7285
vn -0.7047 -0.3408 -0.6223
vn -0.6388 -0.4479 -0.6256
vn -0.8170 -0.2747 -0.5070
vn -0.7711 -0.3697 -0.5184
vn -0.6958 -0.4901 -0.5250
vn -0.7964 -0.4185 -0.4366
vn -0.8464 -0.3113 -0.4321
vn -0.8807 -0.2170 -0.4210
vn -0.9229 -0.1501 -0.3547
vn -0.8890 -0.2586 -0.3779
vn -0.8477 -0.3698 -0.3803
vn -0.8861 -0.3039 -0.3500
vn -0.9256 -0.1852 -0.3301
vn -0.9248 -0.2128 -0.3154
vn -0.9585 -0.0763 -0.2748
vn -0.8751 -0.3400 -0.3444
vn -0.9228 -0.2321 -0.3074
vn -0.9595 -0.0941 -0.2655
vn -0.8716 -0.3571 -0.3359
vn -0.9743 0.0927 -0.2055
vn -0.9769 0.0762 -0.1996
vn -0.9793 0.0605 -0.1931
vn -0.9599 -0.1103 -0.2579
vn -0.9231 -0.2428 -0.2983
vn -0.9236 -0.2511 -0.2895
vn -0.9603 -0.1212 -0.2513
vn -0.9810 0.0455 -0.1885
vn -0.9621 0.2536 -0.1007
vn -0.9587 0.2639 -0.1056
vn -0.9663 0.2399 -0.0934
vn -0.9823 0.0342 -0.1840
vn -0.9694 0.2293 -0.0871
vn -0.9601 -0.1315 -0.2467
vn -0.9861 0.0123 -0.1654
vn -0.9758 0.2090 -0.0642
vn -0.9624 -0.1518 -0.2252
vn -0.9943 -0.0325 -0.1014
vn -0.9679 -0.1955 -0.1578
vn -0.9859 0.1671 -0.0079
vn -0.9328 -0.3095 -0.1848
vn -0.9270 -0.2728 -0.2575
vn -0.9241 -0.2566 -0.2832
vn -0.9664 -0.2567 -0.0160
vn -0.9952 -0.0934 0.0284
vn -0.9297 -0.3664 -0.0386
vn -0.8804 -0.4269 0.2067
vn -0.9206 -0.3193 0.2251
vn -0.9557 -0.1492 0.2536
vn -0.7548 -0.4566 0.4709
vn -0.8038 -0.3457 0.4841
vn -0.8547 -0.1693 0.4907
vn -0.8818 0.0490 0.4691
vn -0.9558 0.0704 0.2855
vn -0.9884 0.1086 0.1066
vn -0.9259 0.2259 0.3029
vn -0.9313 0.2926 0.2168
vn -0.8766 0.2626 0.4032
vn -0.9243 0.3611 0.1237
vn -0.9127 0.4028 0.0685
vn -0.8338 0.4915 0.2514
vn -0.8228 0.5319 0.2001
vn -0.8547 0.4066 0.3227
vn -0.7464 0.5589 0.3612
vn -0.7696 0.4707 0.4314
vn -0.7334 0.6021 0.3156
vn -0.7923 0.2998 0.5314
vn -0.7775 0.0686 0.6251
vn -0.6783 0.3361 0.6534
vn -0.6659 0.5010 0.5527
vn -0.6458 0.1187 0.7543
vn -0.7222 -0.1572 0.6736
vn -0.5551 -0.1084 0.8247
vn -0.3050 0.0037 0.9523
vn -0.4671 0.2251 0.8551
vn -0.5737 0.3654 0.7330
vn 0.0072 0.1700 0.9854
vn -0.2609 0.3812 0.8869
vn -0.5054 0.4835 0.7147
vn -0.4402 0.6043 0.6641
vn -0.1073 0.5129 0.8517
vn 0.2439 0.3080 0.9196
vn -0.1579 -0.2024 0.9665
vn 0.2096 -0.0462 0.9767
vn 0.4776 0.0903 0.8739
vn 0.3523 0.3719 0.8588
vn -0.0468 0.5800 0.8132
vn 0.6191 0.1548 0.7699
vn 0.6139 -0.0636 0.7868
vn 0.3389 -0.2040 0.9184
vn 0.7414 0.0101 0.6710
vn 0.7785 0.0187 0.6274
vn 0.6499 0.1528 0.7445
vn 0.3653 0.3705 0.8540
vn 0.7561 -0.0292 0.6538
vn 0.6006 0.1010 0.7932
vn 0.2400 0.3253 0.9146
vn -0.0830 0.2332 0.9689
vn 0.3280 -0.0303 0.9442
vn 0.5718 -0.1842 0.7994
vn -0.5404 -0.1613 0.8258
vn -0.6679 0.1164 0.7351
vn -0.3160 -0.4773 0.8199
vn -0.9388 0.0614 0.3390
vn -0.9639 -0.1604 0.2127
vn -0.9297 -0.3327 0.1580
vn -0.6959 0.3882 0.6042
vn -0.4471 0.4409 0.7783
vn -0.8576 0.3378 0.3879
vn -0.9905 0.0754 0.1147
vn -0.9043 0.3284 0.2729
vn -0.9945 -0.1048 0.0039
vn -0.9898 0.1199 0.0772
vn -0.8972 0.3731 0.2364
vn -0.9970 -0.0657 -0.0421
vn -0.9855 0.1533 0.0726
vn -0.8922 0.3955 0.2181
vn -0.9981 -0.0448 -0.0422
vn -0.9753 -0.1910 -0.1113
vn -0.9781 -0.1736 -0.1146
vn -0.9714 -0.2260 -0.0731
vn -0.9838 0.1576 0.0859
vn -0.9991 -0.0354 -0.0212
vn -0.9819 -0.1646 -0.0941
vn -0.9411 -0.2978 -0.1602
vn -0.9456 -0.2805 -0.1651
vn -0.9510 -0.2717 -0.1477
vn -0.8782 -0.4397 -0.1883
vn -0.8808 -0.4228 -0.2133
vn -0.8984 -0.3859 -0.2095
vn -0.7461 -0.6083 -0.2707
vn -0.7890 -0.5515 -0.2708
vn -0.7260 -0.6580 -0.1999
vn -0.8733 -0.4711 -0.1241
vn -0.7202 -0.6882 -0.0880
vn -0.9362 -0.3333 -0.1111
vn -0.4438 -0.8739 -0.1984
vn -0.4265 -0.9032 -0.0481
vn -0.4372 -0.8455 -0.3065
vn -0.1299 -0.9864 -0.1004
vn -0.1437 -0.9728 -0.1814
vn -0.1014 -0.9620 -0.2536
vn -0.4639 -0.8025 -0.3751
vn -0.0366 -0.9488 -0.3138
vn 0.1693 -0.9527 -0.2525
vn 0.0979 -0.9762 -0.1933
vn 0.0570 -0.9871 -0.1497
vn 0.2728 -0.9529 -0.1327
vn 0.3442 -0.9214 -0.1805
vn 0.2100 -0.9732 -0.0942
vn 0.6795 -0.7328 -0.0349
vn 0.5337 -0.8451 -0.0305
vn 0.4143 -0.9100 0.0173
vn 0.0352 -0.9930 -0.1131
vn 0.1273 -0.9902 -0.0576
vn 0.2499 -0.9651 0.0783
vn 0.0091 -0.9983 -0.0584
vn 0.0734 -0.9964 -0.0431
vn 0.0203 -0.9998 0.0078
vn -0.0045 -0.9999 -0.0135
vn 0.0260 -0.9997 -0.0025
vn 0.0240 -0.9996 0.0136
vn -0.0328 -0.9986 0.0417
vn -0.0022 -0.9992 0.0400
vn 0.0194 -0.9989 0.0420
vn -0.0644 -0.9928 0.1008
vn -0.0346 -0.9937 0.1062
vn 0.0024 -0.9938 0.1113
vn -0.0240 -0.9773 0.2103
vn -0.0807 -0.9765 0.2000
vn -0.1251 -0.9758 0.1794
vn -0.1320 -0.9457 0.2969
vn -0.0536 -0.9461 0.3193
vn -0.1911 -0.9453 0.2643
vn -0.1568 -0.9751 0.1571
vn -0.2330 -0.9456 0.2269
vn -0.0961 -0.9908 0.0951
vn -0.1852 -0.9731 0.1368
vn -0.2629 -0.9453 0.1931
vn -0.1185 -0.9890 0.0888
vn -0.2185 -0.9690 0.1155
vn -0.3043 -0.9382 0.1649
vn -0.1382 -0.9877 0.0730
vn -0.0765 -0.9952 0.0603
vn -0.0833 -0.9955 0.0460
vn -0.0601 -0.9967 0.0542
vn -0.0886 -0.9941 0.0630
vn -0.0192 -0.9989 0.0429
vn -0.0690 -0.9975 0.0130
vn -0.1433 -0.9840 0.1063
vn -0.0761 -0.9956 -0.0551
vn -0.5313 -0.8347 0.1449
vn 0.0788 -0.9958 0.0462
vn 0.1041 -0.9536 0.2826
vn 0.2065 -0.9756 0.0745
vn 0.0798 -0.9035 0.4210
vn 0.5295 -0.8038 0.2714
vn 0.6344 -0.6209 0.4605
vn 0.4316 -0.8973 0.0925
vn 0.7824 -0.5903 0.1986
vn 0.5929 -0.8041 0.0441
vn 0.8502 -0.3685 0.3759
vn 0.3107 -0.9489 -0.0559
vn 0.4266 -0.9017 -0.0704
vn 0.2017 -0.9784 -0.0449
vn 0.1953 -0.9594 -0.2034
vn 0.1143 -0.9774 -0.1776
vn 0.0187 -0.9878 -0.1548
vn 0.0711 -0.9970 -0.0320
vn -0.0643 -0.9896 -0.1283
vn -0.0237 -0.9996 -0.0130
vn -0.1357 -0.9878 -0.0765
vn -0.4246 -0.8726 -0.2414
vn -0.3243 -0.9088 -0.2624
vn -0.2819 -0.9479 -0.1486
vn -0.1018 -0.9947 0.0134
vn -0.1582 -0.9869 -0.0318
vn -0.2719 -0.9555 -0.1140
vn -0.2843 -0.9559 -0.0739
vn -0.2222 -0.9750 -0.0019
vn -0.1690 -0.9847 0.0426
vn -0.2629 -0.9610 0.0858
vn -0.3100 -0.9501 0.0359
vn -0.3460 -0.9298 0.1255
vn -0.3878 -0.9193 0.0671
vn -0.3808 -0.9131 0.1461
vn -0.3987 -0.9134 0.0821
vn -0.3513 -0.9154 0.1965
vn -0.3602 -0.9318 -0.0443
vn -0.4177 -0.9084 -0.0185
vn -0.4064 -0.9136 -0.0123
vn -0.3975 -0.9059 -0.1461
vn -0.4342 -0.8914 -0.1304
vn -0.4002 -0.9083 -0.1216
vn -0.4206 -0.8694 -0.2594
vn -0.4358 -0.8675 -0.2399
vn -0.3820 -0.8938 -0.2350
vn -0.4271 -0.8298 -0.3592
vn -0.4234 -0.8363 -0.3484
vn -0.3590 -0.8712 -0.3349
vn -0.3279 -0.8447 -0.4230
vn -0.4051 -0.8050 -0.4334
vn -0.4176 -0.7897 -0.4494
vn -0.3677 -0.7733 -0.5165
vn -0.2926 -0.8165 -0.4977
vn -0.3957 -0.7522 -0.5269
vn -0.2449 -0.7866 -0.5668
vn -0.3148 -0.7413 -0.5928
vn -0.3427 -0.7132 -0.6115
vn -0.4333 -0.7709 -0.4668
vn -0.4131 -0.7263 -0.5495
vn -0.3723 -0.6793 -0.6325
vn -0.4193 -0.6119 -0.6706
vn -0.4754 -0.6609 -0.5807
vn -0.4992 -0.7102 -0.4964
vn -0.4299 -0.8171 -0.3842
vn -0.5037 -0.7612 -0.4084
vn -0.4696 -0.8246 -0.3154
vn -0.4106 -0.8683 -0.2782
vn -0.3601 -0.9156 -0.1789
vn -0.3838 -0.9002 -0.2057
vn -0.4852 -0.8350 -0.2596
vn -0.5874 -0.7343 -0.3402
vn -0.6082 -0.6665 -0.4312
vn -0.7041 -0.6120 -0.3601
vn -0.7220 -0.5374 -0.4358
vn -0.6508 -0.6985 -0.2977
vn -0.7536 -0.5657 -0.3346
vn -0.7956 -0.4787 -0.3713
vn -0.6702 -0.6535 -0.3518
vn -0.8273 -0.4300 -0.3615
vn -0.8053 -0.4773 -0.3518
vn -0.7827 -0.5087 -0.3587
vn -0.6323 -0.6949 -0.3424
vn -0.7809 -0.5152 -0.3532
vn -0.5955 -0.7182 -0.3600
vn -0.8702 -0.3679 -0.3278
vn -0.7894 -0.5079 -0.3446
vn -0.8738 -0.3673 -0.3187
vn -0.8792 -0.3651 -0.3062
vn -0.8069 -0.4849 -0.3373
vn -0.6090 -0.6999 -0.3732
vn -0.6764 -0.6427 -0.3597
vn -0.7494 -0.5681 -0.3402
vn -0.8340 -0.4652 -0.2968
vn -0.8864 -0.3689 -0.2797
vn -0.8577 -0.4664 -0.2162
vn -0.8181 -0.5264 -0.2315
vn -0.8974 -0.3936 -0.1994
vn -0.8961 -0.4409 -0.0516
vn -0.8638 -0.5004 -0.0595
vn -0.8064 -0.5607 0.1879
vn -0.8438 -0.5002 0.1944
vn -0.7091 -0.5346 0.4597
vn -0.6646 -0.5967 0.4498
vn -0.4652 -0.6049 0.6462
vn -0.5262 -0.5359 0.6603
vn -0.5830 -0.4544 0.6735
vn -0.6499 -0.3340 0.6827
vn -0.3682 -0.4251 0.8269
vn -0.4539 -0.2956 0.8406
vn -0.2835 -0.5177 0.8072
vn -0.0372 -0.3483 0.9367
vn 0.0604 -0.4421 0.8949
vn 0.4439 -0.2978 0.8451
vn 0.1439 -0.5065 0.8502
vn -0.2126 -0.5822 0.7848
vn 0.5207 -0.3462 0.7804
vn 0.6925 -0.1590 0.7036
vn 0.7536 -0.2071 0.6239
vn 0.8053 -0.0797 0.5874
vn 0.8487 -0.1530 0.5063
vn 0.8356 -0.0764 0.5440
vn 0.8741 -0.1555 0.4602
vn 0.8960 -0.1785 0.4066
vn 0.8908 -0.2765 0.3606
vn 0.8085 -0.2169 0.5471
vn 0.8398 -0.2429 0.4855
vn 0.9429 -0.1540 0.2952
vn 0.9044 -0.4036 0.1386
vn 0.8440 -0.2386 0.4803
vn 0.6974 -0.4185 0.5818
vn 0.6770 -0.2893 0.6768
vn 0.8166 -0.1206 0.5645
vn 0.0038 -0.8074 0.5899
vn -0.1318 -0.6899 0.7118
vn -0.8691 -0.4807 0.1167
vn -0.7303 -0.6674 0.1460
vn 0.7033 -0.7107 -0.0143
vn 0.9315 -0.2975 0.2093
vn 0.8952 -0.4446 -0.0305
vn 0.7622 -0.6386 -0.1063
vn 0.8412 -0.5378 -0.0554
vn 0.8832 -0.4553 0.1125
vn 0.7244 -0.6689 -0.1668
vn 0.7190 -0.6913 -0.0715
vn 0.6521 -0.7453 -0.1387
vn 0.7325 -0.6757 0.0826
vn 0.6049 -0.7693 -0.2055
vn 0.5488 -0.8164 -0.1797
vn 0.5789 -0.7969 -0.1728
vn 0.4538 -0.8853 -0.1012
vn 0.5426 -0.8368 -0.0731
vn 0.5939 -0.8037 -0.0370
vn 0.4279 -0.8800 -0.2060
vn 0.4516 -0.8550 -0.2552
vn 0.3477 -0.9298 -0.1210
vn 0.4363 -0.8996 0.0167
vn 0.3428 -0.9394 -0.0090
vn 0.2582 -0.9654 -0.0368
vn 0.2574 -0.9568 -0.1355
vn 0.2430 -0.9454 -0.2171
vn 0.1562 -0.9842 -0.0830
vn 0.0551 -0.9985 -0.0040
vn 0.1720 -0.9842 0.0409
vn 0.2585 -0.9632 0.0732
vn -0.1702 -0.9821 -0.0808
vn -0.0105 -0.9849 -0.1726
vn 0.1469 -0.9357 -0.3208
vn -0.2041 -0.9333 -0.2956
vn -0.4357 -0.8834 -0.1728
vn -0.0122 -0.9962 0.0858
vn -0.2240 -0.9739 0.0378
vn -0.4980 -0.8671 -0.0072
vn -0.6918 -0.7208 -0.0437
vn -0.6552 -0.7177 -0.2359
vn -0.4164 -0.8372 -0.3545
vn -0.7572 -0.6058 -0.2443
vn -0.6489 -0.6575 -0.3829
vn -0.7852 -0.6161 -0.0626
vn -0.7081 -0.6800 0.1903
vn -0.6088 -0.7690 0.1949
vn -0.4285 -0.8839 0.1876
vn -0.4368 -0.8027 0.4061
vn -0.5406 -0.7228 0.4304
vn -0.2765 -0.8922 0.3572
vn -0.1847 -0.9674 0.1730
vn -0.1066 -0.9552 0.2760
vn -0.0276 -0.9889 0.1459
vn 0.0271 -0.9812 0.1912
vn 0.1034 -0.9877 0.1175
vn 0.1017 -0.9653 0.2404
vn 0.1802 -0.9716 0.1531
vn 0.3442 -0.9329 0.1063
vn 0.2586 -0.9464 0.1934
vn 0.1825 -0.9419 0.2820
vn 0.4701 -0.8686 0.1567
vn 0.3495 -0.9007 0.2581
vn 0.5630 -0.8256 0.0381
vn 0.6605 -0.7117 0.2394
vn 0.7915 -0.5037 0.3461
vn 0.5864 -0.6252 0.5150
vn 0.4814 -0.7945 0.3701
vn 0.8585 -0.2942 0.4200
vn 0.6204 -0.4842 0.6170
vn 0.2848 -0.7665 0.5757
vn 0.2783 -0.6633 0.6947
vn 0.2663 -0.8681 0.4190
vn 0.0389 -0.8460 0.5317
vn 0.1103 -0.9106 0.3982
vn -0.0290 -0.7647 0.6437
vn 0.2506 -0.5969 0.7622
vn -0.0832 -0.6957 0.7135
vn 0.6226 -0.3973 0.6742
vn 0.2126 -0.5469 0.8097
vn -0.1466 -0.6410 0.7534
vn 0.5765 -0.3826 0.7220
vn -0.3343 -0.7284 0.5980
vn -0.4045 -0.6643 0.6286
vn -0.6103 -0.6573 0.4420
vn -0.2395 -0.8032 0.5455
vn -0.1303 -0.8784 0.4598
vn -0.0032 -0.9377 0.3475
vn 0.2585 -0.9154 0.3087
vn -0.7658 -0.6160 0.1847
vn -0.8274 -0.5581 -0.0625
vn -0.2555 -0.8929 -0.3707
vn 0.0842 -0.9237 -0.3737
vn -0.2058 -0.9151 -0.3466
vn 0.2755 -0.9342 -0.2267
vn 0.3970 -0.8751 -0.2767
vn 0.5197 -0.8460 -0.1194
vn -0.2616 -0.9176 -0.2993
vn -0.5975 -0.6117 -0.5185
vn -0.5547 -0.5655 -0.6103
vn -0.4810 -0.5188 -0.7067
vn -0.3917 -0.4793 -0.7854
vn -0.3506 -0.5659 -0.7462
vn -0.3076 -0.4450 -0.8411
vn -0.2799 -0.5306 -0.8001
vn -0.2351 -0.3269 -0.9154
vn -0.2257 -0.4102 -0.8836
vn -0.2106 -0.5025 -0.8385
vn -0.1836 -0.5928 -0.7842
vn -0.2509 -0.6088 -0.7526
vn -0.3094 -0.6382 -0.7050
vn -0.2166 -0.6685 -0.7115
vn -0.2829 -0.6826 -0.6738
vn -0.1563 -0.6696 -0.7261
vn -0.1822 -0.7184 -0.6713
vn -0.2457 -0.7196 -0.6494
vn -0.1395 -0.7657 -0.6278
vn -0.1890 -0.7655 -0.6151
vn -0.0977 -0.7997 -0.5925
vn -0.1325 -0.8041 -0.5795
vn -0.1643 -0.8244 -0.5416
vn -0.0779 -0.8173 -0.5710
vn -0.0848 -0.8234 -0.5611
vn -0.1010 -0.8465 -0.5227
vn -0.0487 -0.8378 -0.5439
vn -0.0519 -0.8574 -0.5121
vn -0.0499 -0.8252 -0.5626
vn -0.0056 -0.8675 -0.4974
vn -0.0059 -0.8484 -0.5293
vn -0.0124 -0.8392 -0.5437
vn 0.0382 -0.8507 -0.5243
vn 0.0431 -0.8593 -0.5097
vn 0.0462 -0.8765 -0.4791
vn -0.0092 -0.8918 -0.4524
vn -0.0610 -0.8838 -0.4638
vn 0.0454 -0.9012 -0.4309
vn 0.1111 -0.8858 -0.4505
vn 0.1092 -0.8676 -0.4852
vn 0.1114 -0.9086 -0.4025
vn -0.0197 -0.9217 -0.3873
vn 0.0402 -0.9286 -0.3688
vn 0.1092 -0.9359 -0.3350
vn 0.1756 -0.8906 -0.4196
vn 0.1762 -0.9145 -0.3641
vn 0.1754 -0.9396 -0.2938
vn 0.1051 -0.9604 -0.2581
vn 0.0284 -0.9568 -0.2893
vn 0.1751 -0.9622 -0.2087
vn 0.0957 -0.9812 -0.1675
vn 0.0127 -0.9790 -0.2035
vn 0.1747 -0.9771 -0.1213
vn 0.2290 -0.9708 -0.0712
vn 0.2290 -0.9602 -0.1597
vn 0.2286 -0.9416 -0.2471
vn 0.2782 -0.9389 -0.2025
vn 0.2753 -0.9545 -0.1143
vn 0.2715 -0.9621 -0.0255
vn 0.3107 -0.9505 -0.0010
vn 0.3291 -0.9411 -0.0772
vn 0.3449 -0.9233 -0.1692
vn 0.2281 -0.9175 -0.3258
vn 0.2817 -0.9156 -0.2869
vn 0.3530 -0.9010 -0.2521
vn 0.3573 -0.8728 -0.3325
vn 0.2830 -0.8901 -0.3572
vn 0.2307 -0.8928 -0.3868
vn 0.2335 -0.8699 -0.4344
vn 0.2922 -0.8618 -0.4146
vn 0.3525 -0.8439 -0.4044
vn 0.4434 -0.8008 -0.4027
vn 0.4630 -0.8266 -0.3198
vn 0.4612 -0.8566 -0.2315
vn 0.5822 -0.7490 -0.3163
vn 0.5883 -0.7795 -0.2151
vn 0.5449 -0.7278 -0.4165
vn 0.3479 -0.8281 -0.4395
vn 0.3957 -0.7946 -0.4605
vn 0.4779 -0.7303 -0.4882
vn 0.6192 -0.6599 -0.4255
vn 0.6693 -0.6728 -0.3153
vn 0.5436 -0.6658 -0.5111
vn 0.5770 -0.6283 -0.5218
vn 0.6460 -0.6330 -0.4265
vn 0.6886 -0.6512 -0.3189
vn 0.6073 -0.5905 -0.5315
vn 0.6625 -0.6120 -0.4319
vn 0.7003 -0.6378 -0.3207
vn 0.6446 -0.5269 -0.5539
vn 0.7017 -0.5587 -0.4421
vn 0.7401 -0.5890 -0.3246
vn 0.7559 -0.6165 -0.2206
vn 0.7112 -0.6666 -0.2234
vn 0.7037 -0.6768 -0.2162
vn 0.7507 -0.6437 -0.1487
vn 0.7012 -0.6958 -0.1555
vn 0.6854 -0.7137 -0.1444
vn 0.6784 -0.7036 -0.2113
vn 0.6597 -0.7400 -0.1313
vn 0.5613 -0.8163 -0.1364
vn 0.6018 -0.7958 -0.0669
vn 0.5122 -0.8568 -0.0593
vn 0.6403 -0.7635 -0.0838
vn 0.5588 -0.8292 -0.0122
vn 0.5148 -0.8573 0.0048
vn 0.4400 -0.8979 0.0072
vn 0.3625 -0.9319 0.0141
vn 0.4096 -0.9097 -0.0689
vn 0.4449 -0.8841 -0.1430
vn 0.3152 -0.9457 0.0793
vn 0.2874 -0.9542 0.0830
vn 0.3526 -0.9325 0.0779
vn 0.2761 -0.9519 0.1331
vn 0.2642 -0.9526 0.1510
vn 0.2641 -0.9520 0.1548
vn 0.2098 -0.9617 0.1761
vn 0.2299 -0.9516 0.2040
vn 0.2427 -0.9446 0.2211
vn 0.2527 -0.9566 0.1451
vn 0.2636 -0.9629 0.0576
vn 0.2368 -0.9475 0.2149
vn 0.2274 -0.9372 0.2645
vn 0.2234 -0.9376 0.2665
vn 0.2064 -0.9484 0.2408
vn 0.2162 -0.9309 0.2943
vn 0.2073 -0.9303 0.3027
vn 0.1952 -0.9421 0.2726
vn 0.1771 -0.9629 0.2037
vn 0.1608 -0.9606 0.2268
vn 0.1443 -0.9765 0.1599
vn 0.1243 -0.9767 0.1749
vn 0.2013 -0.9682 0.1483
vn 0.1625 -0.9515 0.2612
vn 0.1946 -0.9336 0.3008
vn 0.1240 -0.9722 0.1988
vn 0.1231 -0.9626 0.2415
vn 0.1549 -0.9390 0.3071
vn 0.1738 -0.9247 0.3388
vn 0.1077 -0.9309 0.3489
vn 0.1276 -0.9235 0.3617
vn 0.0910 -0.9549 0.2826
vn 0.0737 -0.9791 0.1894
vn 0.0909 -0.9821 0.1653
vn 0.0945 -0.9848 0.1455
vn 0.0320 -0.9778 0.2071
vn 0.0296 -0.9500 0.3109
vn 0.0347 -0.9265 0.3748
vn -0.0655 -0.9244 0.3757
vn 0.0489 -0.9262 0.3739
vn -0.0556 -0.9271 0.3707
vn 0.1447 -0.9313 0.3344
vn 0.0742 -0.9402 0.3324
vn -0.0311 -0.9483 0.3159
vn -0.1580 -0.9261 0.3425
vn -0.1365 -0.9464 0.2927
vn -0.1619 -0.9216 0.3528
vn -0.2157 -0.9386 0.2692
vn -0.2368 -0.9195 0.3137
vn -0.2331 -0.9196 0.3163
vn -0.2850 -0.9186 0.2738
vn -0.2948 -0.9134 0.2808
vn -0.2771 -0.9285 0.2471
vn -0.3143 -0.9202 0.2334
vn -0.3282 -0.9130 0.2421
vn -0.3191 -0.9185 0.2334
vn -0.3516 -0.9140 0.2023
vn -0.3126 -0.9289 0.1987
vn -0.2602 -0.9445 0.2004
vn -0.3079 -0.9403 0.1448
vn -0.3595 -0.9211 0.1498
vn -0.2463 -0.9582 0.1459
vn -0.1944 -0.9575 0.2130
vn -0.1764 -0.9721 0.1543
vn -0.0930 -0.9808 0.1714
vn -0.1129 -0.9665 0.2306
vn -0.1556 -0.9842 0.0844
vn -0.0696 -0.9927 0.0989
vn -0.2273 -0.9707 0.0783
vn 0.0156 -0.9803 0.1971
vn -0.0059 -0.9661 0.2580
vn 0.0380 -0.9913 0.1264
vn 0.0605 -0.9976 0.0333
vn -0.0400 -0.9992 0.0024
vn -0.1243 -0.9922 -0.0116
vn -0.0894 -0.9886 -0.1210
vn -0.0114 -0.9946 -0.1034
vn 0.0834 -0.9938 -0.0729
vn 0.1560 -0.9850 0.0733
vn 0.1360 -0.9776 0.1608
vn 0.1672 -0.9856 -0.0259
vn 0.2264 -0.9738 0.0200
vn 0.2145 -0.9703 0.1120
vn 0.2018 -0.9602 0.1931
vn 0.1839 -0.9508 0.2493
vn 0.1190 -0.9665 0.2273
vn 0.1673 -0.9408 0.2949
vn 0.0974 -0.9552 0.2793
vn 0.1932 -0.9254 0.3262
vn 0.2079 -0.9243 0.3200
vn -0.1980 -0.9801 -0.0165
vn -0.1620 -0.9787 -0.1261
vn -0.2710 -0.9624 -0.0162
vn -0.2387 -0.9629 -0.1255
vn -0.2956 -0.9521 0.0785
vn -0.2039 -0.9517 -0.2297
vn -0.1281 -0.9652 -0.2278
vn -0.0603 -0.9737 -0.2198
vn -0.1720 -0.9305 -0.3234
vn -0.0995 -0.9427 -0.3183
vn -0.0360 -0.9500 -0.3102
vn -0.1433 -0.9030 -0.4049
vn -0.0761 -0.9134 -0.3998
vn -0.1191 -0.8727 -0.4736
vn -0.2310 -0.8815 -0.4118
vn -0.1987 -0.8533 -0.4821
vn -0.2620 -0.9073 -0.3287
vn -0.2945 -0.9275 -0.2302
vn -0.3225 -0.9384 -0.1242
vn -0.3479 -0.9375 -0.0118
vn -0.3588 -0.9299 0.0810
vn 0.0369 -0.9933 0.1093
vn 0.0584 -0.9930 0.1029
vn 0.0392 -0.9985 0.0384
vn 0.0576 -0.9974 0.0421
vn 0.0729 -0.9920 0.1027
vn 0.0616 -0.9965 0.0562
vn 0.0555 -0.9961 0.0681
vn 0.0703 -0.9923 0.1021
vn 0.0954 -0.9863 0.1343
vn 0.0786 -0.9917 0.1019
vn 0.0555 -0.9964 0.0638
vn 0.0652 -0.9950 0.0757
vn 0.0888 -0.9956 0.0289
vn 0.0050 -0.9998 0.0214
vn 0.0973 -0.9933 0.0618
vn 0.1155 -0.9879 0.1039
vn 0.0460 -0.9989 -0.0083
vn 0.2054 -0.9724 0.1108
vn -0.0211 -0.9957 -0.0904
vn -0.1027 -0.9932 -0.0540
vn -0.1107 -0.9773 -0.1806
vn -0.2144 -0.9698 -0.1163
vn -0.1501 -0.9592 -0.2394
vn -0.3709 -0.9028 -0.2177
vn -0.1782 -0.9367 -0.3015
vn -0.4214 -0.8484 -0.3203
vn 0.0610 -0.9586 -0.2783
vn -0.6078 -0.7839 -0.1267
vn -0.7360 -0.6122 -0.2890
vn -0.3013 -0.9488 0.0945
vn -0.9216 -0.3700 -0.1169
vn -0.8298 -0.5580 -0.0032
vn -0.4359 -0.8706 0.2282
vn -0.9402 -0.3264 0.0969
vn -0.5011 -0.7616 0.4109
vn -0.9727 -0.2313 0.0185
vn -0.9598 -0.1916 0.2051
vn -0.3791 -0.6869 0.6201
vn -0.9850 -0.1026 0.1390
vn -0.9823 -0.1841 0.0338
vn -0.9414 -0.3216 -0.1017
vn -0.9822 -0.1002 0.1590
vn -0.9707 -0.2396 -0.0191
vn -0.9700 -0.2065 0.1285
vn -0.9610 -0.1265 0.2459
vn -0.9612 0.0143 0.2756
vn -0.9302 -0.0328 0.3656
vn -0.9626 0.0058 0.2709
vn -0.8848 0.1600 0.4376
vn -0.8768 0.1455 0.4583
vn -0.8588 0.1202 0.4980
vn -0.9194 -0.0921 0.3823
vn -0.7642 0.0385 0.6439
vn 0.0551 -0.2325 0.9710
vn -0.1987 -0.5042 0.8404
vn -0.3937 0.2272 0.8907
vn -0.6036 0.3338 0.7240
vn 0.2531 0.0092 0.9674
vn 0.7136 -0.1164 0.6908
vn 0.7897 -0.3064 0.5315
vn 0.7847 -0.3992 0.4742
vn 0.0648 0.3696 0.9269
vn 0.3683 0.2807 0.8863
vn 0.6219 0.1972 0.7579
vn 0.8740 -0.1181 0.4713
vn 0.9131 -0.2329 0.3348
vn 0.7356 0.1567 0.6591
vn 0.4689 0.5065 0.7236
vn 0.8945 -0.0464 0.4446
vn 0.7519 0.2126 0.6241
vn 0.4934 0.5125 0.7028
vn 0.2160 0.7106 0.6697
vn 0.2189 0.6908 0.6891
vn 0.2013 0.7682 0.6078
vn 0.2112 0.6799 0.7022
vn 0.4949 0.5223 0.6945
vn 0.7621 0.2588 0.5936
vn 0.4905 0.5372 0.6862
vn 0.7528 0.2922 0.5899
vn 0.1995 0.6817 0.7039
vn 0.8970 0.0202 0.4416
vn 0.8942 0.0593 0.4437
vn 0.9418 -0.0894 0.3241
vn 0.9429 -0.1290 0.3071
vn 0.9387 -0.1755 0.2968
vn 0.9489 -0.2224 0.2240
vn 0.9560 -0.1901 0.2234
vn 0.9540 -0.1708 0.2466
vn 0.9312 -0.2684 0.2468
vn 0.9496 -0.2582 0.1774
vn 0.9291 -0.2980 0.2189
vn 0.9530 -0.2449 0.1782
vn 0.9175 -0.3674 0.1525
vn 0.8931 -0.3953 0.2148
vn 0.9264 -0.3561 0.1226
vn 0.9528 -0.2351 0.1921
vn 0.9349 -0.3305 0.1293
vn 0.9396 -0.2430 0.2410
vn 0.9267 -0.3278 0.1839
vn 0.9398 -0.1717 0.2954
vn 0.9262 -0.0804 0.3684
vn 0.8909 -0.2144 0.4004
vn 0.8924 -0.2869 0.3482
vn 0.8765 -0.1106 0.4685
vn 0.8747 0.0784 0.4783
vn 0.8275 0.0482 0.5594
vn 0.7117 -0.0226 0.7022
vn 0.7577 -0.1848 0.6259
vn 0.7714 -0.2900 0.5665
vn 0.5416 -0.3661 0.7568
vn 0.5218 -0.2693 0.8095
vn 0.4854 -0.1071 0.8677
vn 0.2368 -0.3039 0.9228
vn 0.2553 -0.3918 0.8839
vn 0.2098 -0.1501 0.9662
vn 0.4027 0.1153 0.9080
vn 0.1810 0.0692 0.9810
vn 0.5948 0.1921 0.7806
vn 0.3150 0.2898 0.9038
vn 0.1618 0.3144 0.9354
vn 0.3826 0.3915 0.8369
vn 0.1593 0.5121 0.8440
vn 0.4456 0.4939 0.7466
vn 0.1721 0.6251 0.7613
vn 0.6927 0.2698 0.6689
vn 0.4746 0.5373 0.6972
vn 0.1880 0.6738 0.7146
vn 0.7376 0.3023 0.6037
vn -0.0501 0.6711 0.7397
vn -0.0494 0.7177 0.6946
vn -0.0401 0.7286 0.6837
vn -0.0289 0.7321 0.6806
vn -0.2768 0.7143 0.6428
vn -0.2899 0.7174 0.6334
vn -0.2854 0.7104 0.6433
vn -0.5978 0.6247 0.5024
vn -0.5694 0.6212 0.5384
vn -0.6051 0.5930 0.5312
vn -0.5383 0.5809 0.6106
vn -0.2715 0.6616 0.6990
vn -0.4729 0.4740 0.7427
vn -0.2530 0.5530 0.7938
vn -0.0479 0.5571 0.8290
vn -0.0425 0.3401 0.9394
vn -0.2465 0.3541 0.9021
vn -0.2571 0.1094 0.9602
vn -0.0390 0.0722 0.9966
vn -0.4015 0.3537 0.8448
vn -0.4851 0.2018 0.8508
vn -0.0304 -0.1446 0.9890
vn -0.2768 -0.0952 0.9562
vn -0.5584 -0.0011 0.8296
vn -0.5849 -0.1404 0.7989
vn -0.2771 -0.2375 0.9310
vn -0.0194 -0.2861 0.9580
vn 0.0006 -0.3663 0.9305
vn -0.2692 -0.3077 0.9126
vn 0.0214 -0.4145 0.9098
vn 0.2787 -0.4507 0.8480
vn -0.2595 -0.3579 0.8970
vn 0.0432 -0.4669 0.8833
vn 0.2992 -0.5035 0.8105
vn -0.2487 -0.3968 0.8836
vn -0.6141 -0.3044 0.7282
vn -0.6063 -0.2589 0.7519
vn -0.5956 -0.2234 0.7716
vn -0.8588 -0.1068 0.5010
vn -0.8764 -0.1556 0.4558
vn -0.8934 -0.1802 0.4116
vn -0.9834 -0.1298 0.1267
vn -0.9784 -0.0805 0.1904
vn -0.9712 -0.0187 0.2374
vn -0.8412 -0.0220 0.5403
vn -0.9531 0.0748 0.2933
vn -0.9972 0.0262 0.0694
vn -0.9987 -0.0470 0.0198
vn -0.9848 0.1181 0.1277
vn -0.9026 0.2204 0.3699
vn -0.7924 0.1274 0.5965
vn -0.9387 0.2628 0.2231
vn -0.9573 0.2511 0.1434
vn -0.9918 0.1224 0.0376
vn -0.9991 0.0374 -0.0201
vn -0.9704 0.2122 0.1153
vn -0.9959 0.0905 0.0010
vn -0.9977 0.0254 -0.0631
vn -0.9981 -0.0092 -0.0605
vn -0.9991 0.0425 0.0019
vn -0.9812 0.1267 0.1459
vn -0.9486 0.0050 0.3165
vn -0.9870 -0.0651 0.1471
vn -0.9941 -0.1001 0.0429
vn -0.9841 -0.1778 -0.0031
vn -0.9912 -0.0887 -0.0977
vn -0.9933 -0.0623 -0.0976
vn -0.9503 -0.2889 -0.1164
vn -0.9574 -0.2566 -0.1323
vn -0.9185 -0.3954 0.0002
vn -0.2069 -0.5146 0.8321
vn -0.1821 -0.7463 0.6402
vn -0.1171 -0.9259 0.3591
vn -0.0527 -0.9807 0.1881
vn -0.6286 -0.7775 0.0203
vn -0.7440 -0.6565 -0.1239
vn -0.4032 -0.9020 -0.1543
vn -0.2570 -0.9662 -0.0206
vn -0.4978 -0.8312 -0.2478
vn -0.8259 -0.5248 -0.2061
vn -0.9755 -0.1859 -0.1180
vn -0.8939 -0.4124 -0.1755
vn -0.6236 -0.7208 -0.3027
vn -0.9968 -0.0529 -0.0604
vn -0.9628 -0.2387 -0.1270
vn -0.9883 -0.1494 -0.0316
vn -0.9864 -0.1544 0.0567
vn -0.9048 -0.2105 0.3701
vn -0.9814 -0.1918 -0.0054
vn -0.9257 -0.2926 -0.2396
vn -0.9209 -0.2078 0.3298
vn -0.6235 -0.3275 0.7099
vn -0.6075 -0.3814 0.6968
vn -0.9533 -0.2972 -0.0540
vn -0.8892 -0.3304 0.3164
vn -0.5730 -0.4838 0.6615
vn -0.2089 -0.5165 0.8304
vn -0.2314 -0.4518 0.8616
vn -0.1805 -0.6256 0.7590
vn -0.4702 -0.7022 0.5346
vn -0.7543 -0.6010 0.2642
vn -0.1390 -0.7867 0.6015
vn -0.2877 -0.8925 0.3474
vn -0.1192 -0.9124 0.3917
vn -0.4754 -0.8641 0.1652
vn 0.0479 -0.8214 0.5684
vn 0.0758 -0.7011 0.7090
vn 0.0076 -0.9264 0.3764
vn -0.0331 -0.9792 0.2002
vn -0.1180 -0.9703 0.2113
vn -0.1979 -0.9590 0.2028
vn 0.0420 -0.9831 0.1783
vn 0.1107 -0.9347 0.3376
vn 0.2007 -0.8415 0.5016
vn -0.0601 -0.9959 0.0680
vn 0.0136 -0.9979 0.0632
vn -0.1368 -0.9875 0.0784
vn -0.0811 -0.9958 -0.0424
vn -0.0068 -0.9989 -0.0466
vn -0.1563 -0.9870 -0.0386
vn -0.0981 -0.9843 -0.1469
vn -0.0260 -0.9874 -0.1563
vn -0.1647 -0.9764 -0.1398
vn 0.1051 -0.9935 -0.0445
vn 0.0704 -0.9823 -0.1738
vn 0.1133 -0.9901 0.0828
vn 0.2383 -0.9547 -0.1780
vn 0.3070 -0.9516 -0.0130
vn 0.2896 -0.9469 0.1396
vn 0.5434 -0.8385 0.0411
vn 0.4501 -0.8711 -0.1962
vn 0.5015 -0.8321 0.2368
vn 0.3657 -0.8413 0.3981
vn 0.2042 -0.9442 0.2585
vn 0.1003 -0.9822 0.1587
vn 0.7500 -0.6526 0.1078
vn 0.6608 -0.6786 0.3208
vn 0.4801 -0.7191 0.5024
vn 0.2699 -0.7257 0.6328
vn 0.5393 -0.6173 0.5728
vn 0.7432 -0.5543 0.3746
vn 0.3064 -0.6324 0.7115
vn 0.0759 -0.5955 0.7998
vn 0.0645 -0.5223 0.8503
vn 0.3087 -0.5597 0.7691
vn 0.5642 -0.4892 0.6651
vn 0.5642 -0.5470 0.6185
vn 0.5552 -0.4343 0.7093
vn 0.7792 -0.4190 0.4662
vn 0.7791 -0.3606 0.5129
vn 0.7680 -0.4820 0.4217
vn 0.8882 -0.3537 0.2934
vn 0.8787 -0.4141 0.2375
vn 0.8389 -0.5152 0.1758
vn 0.8547 -0.5189 -0.0141
vn 0.9017 -0.4218 0.0948
vn 0.8672 -0.4961 0.0431
vn 0.6181 -0.7695 -0.1607
vn 0.6557 -0.7456 -0.1186
vn 0.3535 -0.8636 -0.3594
vn 0.2403 -0.9078 -0.3438
vn 0.1296 -0.9195 -0.3710
vn 0.2079 -0.9437 -0.2572
vn 0.0167 -0.9169 -0.3988
vn 0.0865 -0.9417 -0.3252
vn -0.0176 -0.9380 -0.3463
vn 0.0299 -0.9670 -0.2532
vn -0.0364 -0.9638 -0.2643
vn -0.0920 -0.9191 -0.3832
vn -0.1106 -0.9324 -0.3441
vn -0.1063 -0.9609 -0.2556
vn -0.1761 -0.9552 -0.2377
vn -0.1970 -0.9229 -0.3307
vn -0.2313 -0.9475 -0.2208
vn -0.2983 -0.9109 -0.2851
vn -0.2563 -0.9544 -0.1529
vn -0.4154 -0.8386 -0.3525
vn -0.2064 -0.9058 -0.3701
vn -0.2369 -0.8989 -0.3686
vn -0.0524 -0.9381 -0.3423
vn -0.4585 -0.8079 -0.3703
vn -0.6395 -0.7196 -0.2706
vn -0.8066 -0.5231 -0.2753
vn -0.4401 -0.8756 -0.1988
vn -0.8016 -0.5958 -0.0488
vn -0.5212 -0.8522 -0.0467
vn -0.2199 -0.9298 -0.2952
vn -0.1762 -0.9570 -0.2305
vn -0.0094 -0.9586 -0.2845
vn 0.0300 -0.9764 -0.2138
vn 0.2536 -0.9487 -0.1889
vn 0.5889 -0.8013 -0.1058
vn 0.5518 -0.8340 -0.0016
vn 0.2638 -0.9585 -0.1082
vn 0.0548 -0.9855 -0.1604
vn 0.8429 -0.5369 0.0363
vn 0.8005 -0.5905 0.1027
vn 0.4483 -0.8835 0.1358
vn 0.7424 -0.6343 0.2156
vn 0.2077 -0.9774 -0.0395
vn 0.5423 -0.7091 0.4507
vn 0.3469 -0.8672 0.3571
vn 0.0602 -0.9921 0.1104
vn 0.7428 -0.4978 0.4477
vn 0.1301 -0.9911 -0.0266
vn 0.0625 -0.9962 -0.0612
vn 0.0564 -0.9982 -0.0181
vn 0.0617 -0.9907 -0.1217
vn -0.0022 -0.9976 -0.0685
vn 0.0288 -0.9995 -0.0103
vn -0.0563 -0.9932 -0.1017
vn -0.1295 -0.9767 -0.1714
vn -0.2740 -0.9611 -0.0349
vn -0.2502 -0.9619 0.1105
vn 0.7865 -0.4969 0.3667
vn 0.5218 -0.8154 0.2508
vn 0.6794 -0.7128 0.1742
vn 0.8779 -0.3860 0.2833
vn 0.8697 -0.2694 0.4136
vn 0.9240 -0.1825 0.3362
vn 0.9220 -0.0884 0.3769
vn 0.8678 -0.1750 0.4651
vn 0.9329 -0.1436 0.3302
vn 0.9005 -0.3395 0.2719
vn 0.9283 -0.0528 0.3681
vn 0.9249 -0.2515 0.2851
vn 0.9274 -0.1217 0.3537
vn 0.9201 -0.0346 0.3901
vn 0.9069 0.0226 0.4207
vn 0.8983 0.0540 0.4361
vn 0.9021 -0.0220 0.4310
vn 0.8310 0.2084 0.5158
vn 0.8427 0.1707 0.5106
vn 0.8300 0.0870 0.5509
vn 0.8262 -0.1208 0.5503
vn 0.7276 -0.0264 0.6855
vn 0.4496 0.2078 0.8687
vn 0.6171 0.3103 0.7231
vn 0.6603 0.3934 0.6398
vn 0.2225 0.6043 0.7651
vn 0.0395 0.5272 0.8488
vn 0.2768 0.6437 0.7135
vn -0.2249 0.7484 0.6239
vn -0.1333 0.7501 0.6477
vn -0.0881 0.7661 0.6367
vn 0.2950 0.6764 0.6749
vn 0.6462 0.4431 0.6213
vn -0.0651 0.7717 0.6326
vn -0.2965 0.7750 0.5581
vn -0.3071 0.7779 0.5482
vn -0.3413 0.7746 0.5324
vn -0.5021 0.7386 0.4498
vn -0.4949 0.7344 0.4645
vn -0.4846 0.7317 0.4793
vn -0.7069 0.6062 0.3645
vn -0.7006 0.6156 0.3609
vn -0.6986 0.6111 0.3721
vn -0.8888 0.3973 0.2285
vn -0.7056 0.5916 0.3901
vn -0.5079 0.7392 0.4423
vn -0.3736 0.7943 0.4790
vn -0.3610 0.7851 0.5034
vn -0.2570 0.7973 0.5462
vn -0.2644 0.8198 0.5080
vn -0.2038 0.6738 0.7102
vn -0.1755 0.8137 0.5541
vn -0.1624 0.8417 0.5149
vn -0.0876 0.7899 0.6069
vn -0.0669 0.8265 0.5589
vn -0.0523 0.8427 0.5358
vn -0.0520 0.8426 0.5360
vn 0.0715 0.8332 0.5483
vn 0.0759 0.8292 0.5538
vn 0.0664 0.8235 0.5634
vn 0.2129 0.8065 0.5516
vn 0.2185 0.7998 0.5591
vn 0.2075 0.7981 0.5657
vn 0.0762 0.8123 0.5783
vn -0.0558 0.8283 0.5575
vn 0.0538 0.7954 0.6038
vn 0.0318 0.7652 0.6430
vn -0.1564 0.7183 0.6779
vn 0.0042 0.7368 0.6761
vn -0.2476 0.7047 0.6649
vn -0.5857 0.5567 0.5891
vn -0.4788 0.4890 0.7291
vn -0.7905 0.2046 0.5773
vn -0.8732 0.3029 0.3817
vn -0.8708 0.3871 0.3031
vn -0.8446 0.4356 0.3114
vn -0.8174 0.4450 0.3659
vn -0.7719 0.4107 0.4853
vn -0.6798 0.3139 0.6629
vn -0.2138 0.2183 0.9522
vn -0.2134 -0.0674 0.9746
vn -0.2085 -0.3668 0.9066
vn -0.8872 0.3774 0.2653
vn -0.6979 0.5923 0.4026
vn -0.9805 0.1445 0.1335
vn -0.9689 0.1048 0.2242
vn -0.8805 0.3285 0.3418
vn -0.7024 0.5393 0.4645
vn -0.8475 0.2541 0.4661
vn -0.6970 0.4432 0.5637
vn -0.9249 0.0409 0.3780
vn -0.8118 -0.0255 0.5834
vn -0.7526 0.1900 0.6305
vn -0.6766 0.3542 0.6456
vn -0.6155 0.1484 0.7740
vn -0.5746 0.3808 0.7244
vn -0.6377 -0.0677 0.7673
vn -0.8258 -0.1899 0.5310
vn -0.6408 -0.2301 0.7324
vn -0.9446 -0.1279 0.3022
vn -0.8248 -0.2985 0.4803
vn -0.9382 -0.2449 0.2447
vn -0.6362 -0.3277 0.6985
vn -0.9781 -0.1969 0.0671
vn -0.9880 -0.0746 0.1356
vn -0.9986 -0.0426 0.0300
vn -0.9844 -0.1716 -0.0394
vn -0.9591 -0.2656 -0.0982
vn -0.9585 -0.2848 0.0130
vn -0.9333 -0.3562 -0.0450
vn -0.9193 -0.3621 -0.1538
vn -0.8575 -0.4555 -0.2391
vn -0.9063 -0.4106 -0.1007
vn -0.8564 -0.4938 -0.1508
vn -0.7798 -0.5291 -0.3346
vn -0.8893 -0.4457 0.1024
vn -0.9120 -0.3846 0.1426
vn -0.8609 -0.5045 0.0657
vn -0.5657 -0.7351 -0.3737
vn -0.7669 -0.6129 -0.1903
vn -0.7790 -0.6252 0.0474
vn -0.5516 -0.8135 -0.1843
vn -0.3423 -0.8592 -0.3802
vn -0.5989 -0.8004 0.0271
vn -0.1458 -0.8637 -0.4824
vn -0.0490 -0.8960 -0.4412
vn -0.1276 -0.9505 -0.2834
vn -0.2799 -0.9488 -0.1466
vn 0.1036 -0.9264 -0.3620
vn 0.0889 -0.9089 -0.4075
vn 0.2101 -0.8927 -0.3986
vn 0.2261 -0.9135 -0.3383
vn 0.3072 -0.8913 -0.3336
vn 0.3178 -0.9018 -0.2929
vn 0.2434 -0.9215 -0.3026
vn 0.4067 -0.8796 -0.2468
vn 0.4004 -0.8765 -0.2671
vn 0.5639 -0.8089 -0.1665
vn 0.5878 -0.7923 -0.1635
vn 0.3876 -0.8903 -0.2392
vn 0.4518 -0.8790 -0.1526
vn 0.2815 -0.9367 -0.2084
vn 0.3378 -0.9276 -0.1598
vn 0.3763 -0.9185 -0.1217
vn 0.2158 -0.9439 -0.2498
vn 0.2345 -0.9661 -0.1077
vn 0.1653 -0.9751 -0.1480
vn 0.2908 -0.9539 -0.0741
vn 0.1808 -0.9833 -0.0184
vn 0.1050 -0.9932 -0.0501
vn 0.2485 -0.9686 0.0117
vn 0.3437 -0.9373 0.0573
vn 0.3709 -0.9273 -0.0508
vn 0.2744 -0.9457 0.1741
vn 0.1885 -0.9761 0.1082
vn 0.1182 -0.9902 0.0746
vn 0.1931 -0.9504 0.2437
vn 0.1170 -0.9665 0.2285
vn 0.0280 -0.9804 0.1948
vn 0.2151 -0.8852 0.4125
vn 0.0302 -0.9118 0.4095
vn -0.1010 -0.9275 0.3599
vn -0.2391 -0.8117 0.5328
vn -0.0502 -0.7802 0.6236
vn 0.2852 -0.6903 0.6649
vn 0.3099 -0.4722 0.8252
vn -0.0954 -0.6144 0.7832
vn -0.3375 -0.6788 0.6522
vn -0.3837 -0.8249 0.4151
vn -0.2053 -0.9358 0.2864
vn -0.5185 -0.6888 0.5066
vn -0.3854 -0.5730 0.7232
vn -0.5877 -0.5894 0.5543
vn -0.1100 -0.5130 0.8513
vn -0.4041 -0.5032 0.7639
vn -0.6157 -0.5179 0.5939
vn -0.1144 -0.4588 0.8812
vn 0.3143 -0.3860 0.8673
vn 0.3168 -0.3544 0.8798
vn -0.4110 -0.4469 0.7946
vn -0.1201 -0.4084 0.9049
vn 0.2947 -0.3378 0.8939
vn 0.6994 -0.2367 0.6744
vn 0.6728 -0.2224 0.7056
vn 0.7319 -0.2086 0.6487
vn 0.8555 -0.1723 0.4884
vn 0.8856 -0.1806 0.4278
vn 0.9093 -0.1903 0.3700
vn 0.9450 -0.2979 0.1348
vn 0.9261 -0.2761 0.2571
vn 0.9121 -0.2000 0.3579
vn 0.8295 -0.1337 0.5423
vn 0.6424 -0.2047 0.7385
vn 0.9061 -0.1049 0.4098
vn 0.8636 -0.4671 0.1897
vn 0.8913 -0.0405 0.4516
vn 0.8117 -0.0812 0.5785
vn 0.8669 0.0526 0.4958
vn 0.7827 0.0119 0.6223
vn 0.6123 -0.1648 0.7732
vn 0.5821 -0.0744 0.8097
vn 0.7097 0.1846 0.6799
vn 0.7949 0.2217 0.5648
vn 0.5104 0.1013 0.8539
vn 0.5233 0.4247 0.7388
vn 0.3507 0.3367 0.8739
vn 0.6096 0.4554 0.6489
vn 0.1604 -0.0033 0.9870
vn 0.2153 -0.1731 0.9611
vn 0.0560 0.2364 0.9700
vn -0.0380 0.4128 0.9100
vn 0.0814 0.5295 0.8444
vn 0.2057 0.6369 0.7430
vn -0.1062 0.7188 0.6870
vn -0.1651 0.6144 0.7715
vn -0.2181 0.4176 0.8821
vn -0.2259 0.1640 0.9602
vn -0.4132 0.4066 0.8148
vn -0.4426 0.1442 0.8850
vn -0.3591 0.6106 0.7059
vn -0.5283 0.5595 0.6387
vn -0.3157 0.7157 0.6230
vn -0.4986 0.6637 0.5576
vn -0.2941 0.7614 0.5777
vn -0.4855 0.7136 0.5050
vn -0.0703 0.7651 0.6401
vn 0.2637 0.6754 0.6887
vn -0.4421 -0.0838 0.8930
vn -0.1930 -0.0655 0.9790
vn -0.4285 -0.2391 0.8713
vn -0.1623 -0.2304 0.9595
vn -0.4206 -0.3321 0.8443
vn -0.1444 -0.3128 0.9388
vn -0.4159 -0.3892 0.8219
vn -0.1309 -0.3676 0.9207
vn -0.6341 -0.3984 0.6627
vn -0.6301 -0.4568 0.6279
vn -0.8086 -0.4371 0.3938
vn -0.8188 -0.3736 0.4358
vn -0.7935 -0.4937 0.3559
vn -0.7578 -0.5629 0.3299
vn -0.6839 -0.6671 0.2953
vn -0.5235 -0.8161 0.2449
vn -0.2828 -0.9432 0.1741
vn -0.3283 -0.9444 0.0171
vn -0.1137 -0.9872 0.1122
vn -0.0974 -0.9947 0.0333
vn -0.0312 -0.9951 -0.0933
vn 0.0638 -0.9757 -0.2095
vn 0.0357 -0.9982 0.0479
vn -0.0529 -0.9868 0.1530
vn 0.1389 -0.9529 -0.2695
vn -0.9267 -0.3247 0.1894
vn 0.2456 -0.2626 0.9331
vn 0.2720 -0.2999 0.9144
vn 0.7981 -0.5863 0.1386
vn 0.8620 -0.5040 0.0541
vn 0.9112 -0.2688 0.3121
vn 0.7233 -0.6905 -0.0104
vn 0.7874 -0.5628 0.2514
vn 0.7188 -0.3066 0.6239
vn 0.6352 -0.5760 0.5146
vn 0.5509 -0.8232 0.1374
vn 0.5361 -0.8438 -0.0235
vn 0.4385 -0.8436 0.3099
vn 0.3579 0.4785 0.8018
vn -0.1513 0.4816 0.8633
vn 0.2478 0.5223 0.8159
vn -0.6753 0.3571 0.6453
vn -0.2604 0.5206 0.8131
vn 0.1624 0.5669 0.8076
vn -0.6633 0.3241 0.6745
vn -0.3015 0.5067 0.8077
vn -0.5768 0.2254 0.7852
vn -0.7493 0.0157 0.6621
vn -0.2686 0.4203 0.8667
vn -0.8314 -0.1301 0.5403
vn -0.5079 -0.1278 0.8519
vn -0.3676 0.0671 0.9276
vn -0.5846 -0.2698 0.7651
vn -0.0550 -0.0686 0.9961
vn -0.1553 -0.2476 0.9563
vn -0.2291 -0.3659 0.9020
vn 0.0892 0.1270 0.9879
vn -0.1241 0.2733 0.9539
vn 0.0986 0.5119 0.8533
vn 0.1373 0.3835 0.9133
vn 0.2057 0.2660 0.9418
vn 0.1011 0.5690 0.8161
vn 0.3426 0.4195 0.8406
vn 0.3400 0.5181 0.7848
vn 0.3690 0.5525 0.7474
vn 0.4884 0.4889 0.7228
vn 0.5055 0.5278 0.6826
vn 0.4730 0.4076 0.7811
vn 0.5981 0.4424 0.6683
vn 0.6267 0.4730 0.6193
vn 0.5829 0.3615 0.7277
vn 0.5435 0.5267 0.6536
vn 0.4048 0.5521 0.7289
vn 0.6499 0.4825 0.5872
vn 0.7752 0.3686 0.5131
vn 0.7492 0.3683 0.5505
vn 0.7241 0.3331 0.6039
vn 0.8604 0.1958 0.4704
vn 0.8790 0.2059 0.4300
vn 0.8284 0.1749 0.5321
vn 0.6799 0.2823 0.6768
vn 0.7743 0.1285 0.6197
vn 0.6439 0.2182 0.7333
vn 0.6780 0.1006 0.7282
vn 0.5692 0.2432 0.7854
vn 0.5619 0.0647 0.8247
vn 0.4604 0.2506 0.8516
vn 0.4317 0.0576 0.9002
vn 0.3254 0.2587 0.9095
vn 0.2802 0.0663 0.9577
vn 0.2096 -0.1263 0.9696
vn 0.3932 -0.1288 0.9104
vn 0.1430 -0.2830 0.9484
vn 0.3544 -0.2690 0.8956
vn 0.5344 -0.2408 0.8102
vn 0.5527 -0.1019 0.8271
vn 0.7039 -0.0695 0.7069
vn 0.7065 -0.1964 0.6799
vn 0.8334 -0.1565 0.5300
vn 0.8208 -0.0272 0.5706
vn 0.6963 -0.2888 0.6571
vn 0.5137 -0.3311 0.7915
vn 0.8309 -0.2444 0.4999
vn 0.8848 0.0059 0.4660
vn 0.9021 -0.1249 0.4130
vn 0.9013 -0.2216 0.3722
vn 0.9346 -0.2136 0.2843
vn 0.9367 -0.1123 0.3317
vn 0.9183 0.0293 0.3947
vn 0.8946 -0.2905 0.3397
vn 0.9243 -0.2993 0.2368
vn 0.9033 -0.3862 0.1867
vn 0.8859 -0.3550 0.2986
vn 0.8233 -0.3114 0.4746
vn 0.8157 -0.3562 0.4558
vn 0.8043 -0.4004 0.4391
vn 0.8810 -0.3954 0.2597
vn 0.8670 -0.4905 0.0879
vn 0.8666 -0.4500 0.2155
vn 0.7971 -0.4256 0.4283
vn 0.8331 -0.5527 -0.0185
vn 0.5053 -0.8379 -0.2063
vn 0.8003 -0.5996 0.0029
vn 0.3984 -0.8902 -0.2211
vn 0.7235 -0.6870 -0.0678
vn 0.0585 -0.9399 -0.3364
vn -0.1894 -0.9056 -0.3795
vn 0.2898 -0.8887 -0.3553
vn 0.0111 -0.9025 -0.4305
vn -0.1773 -0.8786 -0.4435
vn -0.1686 -0.8640 -0.4744
vn -0.0214 -0.8992 -0.4369
vn 0.2374 -0.9045 -0.3544
vn -0.0248 -0.9239 -0.3818
vn -0.1302 -0.9015 -0.4127
vn 0.1221 -0.9455 -0.3019
vn -0.0989 -0.9528 -0.2869
vn -0.0092 -0.9651 -0.2618
vn 0.0690 -0.9696 -0.2346
vn -0.2378 -0.8739 -0.4239
vn -0.2965 -0.8076 -0.5097
vn -0.1800 -0.9380 -0.2963
vn -0.0655 -0.9879 -0.1408
vn -0.1473 -0.9761 -0.1597
vn 0.0178 -0.9919 -0.1261
vn -0.0401 -0.9991 -0.0118
vn 0.0491 -0.9988 0.0089
vn -0.1237 -0.9919 -0.0303
vn -0.2385 -0.9277 -0.2871
vn -0.2544 -0.9461 -0.2002
vn -0.2397 -0.9696 -0.0492
vn -0.0144 -0.9934 0.1140
vn -0.0947 -0.9909 0.0961
vn -0.1942 -0.9759 0.0994
vn -0.1421 -0.9704 0.1955
vn -0.0702 -0.9730 0.2199
vn 0.0200 -0.9681 0.2498
vn 0.0745 -0.9873 0.1402
vn 0.1098 -0.9560 0.2719
vn 0.1827 -0.8861 0.4260
vn 0.0609 -0.9083 0.4139
vn -0.0590 -0.9235 0.3789
vn 0.1097 -0.8083 0.5784
vn 0.2704 -0.7684 0.5800
vn -0.0686 -0.8356 0.5450
vn -0.2064 -0.9324 0.2967
vn -0.3181 -0.8318 0.4549
vn 0.1480 -0.7034 0.6952
vn -0.0703 -0.7286 0.6813
vn -0.3948 -0.7071 0.5866
vn -0.5877 -0.7731 0.2386
vn -0.3696 -0.9183 0.1416
vn -0.7210 -0.6024 0.3423
vn -0.4098 -0.6140 0.6745
vn -0.7766 -0.4739 0.4152
vn -0.0637 -0.6411 0.7649
vn -0.3986 -0.5454 0.7374
vn -0.7509 -0.4365 0.4957
vn -0.0332 -0.5756 0.8170
vn 0.1879 -0.6146 0.7661
vn 0.2205 -0.5491 0.8062
vn 0.4034 -0.5613 0.7227
vn 0.4380 -0.5051 0.7436
vn 0.3526 -0.6440 0.6789
vn 0.6196 -0.4898 0.6133
vn 0.5715 -0.5650 0.5952
vn 0.4700 -0.7103 0.5240
vn 0.7536 -0.5075 0.4178
vn 0.6318 -0.6783 0.3751
vn 0.8291 -0.5298 0.1786
vn 0.6735 -0.7260 0.1391
vn 0.3021 -0.8669 0.3964
vn 0.4154 -0.8662 0.2777
vn 0.4360 -0.8949 0.0954
vn 0.5273 -0.8366 -0.1483
vn 0.6892 -0.7184 -0.0944
vn 0.3275 -0.9366 -0.1244
vn 0.1893 -0.9811 0.0404
vn 0.2057 -0.9580 0.2000
vn 0.1333 -0.9834 -0.1232
vn 0.1842 -0.9440 0.2736
vn 0.6487 -0.4454 0.6171
vn 0.6664 -0.4047 0.6262
vn 0.4667 -0.4531 0.7596
vn 0.6837 -0.3514 0.6396
vn 0.4901 -0.4001 0.7744
vn 0.2531 -0.4944 0.8316
vn 0.2858 -0.4345 0.8541
vn 0.3180 -0.3676 0.8739
vn 0.0451 -0.4604 0.8866
vn 0.0016 -0.5159 0.8566
vn 0.0944 -0.3853 0.9180
vn -0.2909 -0.4400 0.8496
vn -0.6556 -0.3480 0.6702
vn -0.3490 -0.5011 0.7919
vn -0.7119 -0.3925 0.5824
vn -0.9111 -0.2682 0.3131
vn -0.8741 -0.2238 0.4311
vn -0.9381 -0.2848 0.1970
vn -0.9336 -0.3436 0.1013
vn -0.9528 -0.2508 -0.1713
vn -0.8915 -0.4530 0.0101
vn -0.8397 -0.4742 -0.2645
vn -0.7888 -0.4987 -0.3593
vn -0.6123 -0.6039 -0.5103
vn -0.7082 -0.7051 -0.0365
vn -0.6645 -0.6704 -0.3301
vn -0.4988 -0.7275 -0.4711
vn -0.4409 -0.8608 -0.2544
vn -0.4626 -0.8838 -0.0697
vn -0.3354 -0.8545 -0.3966
vn -0.3961 -0.7714 -0.4981
vn -0.4277 -0.8088 -0.4035
vn 0.5718 0.5279 0.6280
vn 0.4631 0.5338 0.7075
vn 0.1323 -0.9821 0.1339
vn 0.1979 -0.9716 0.1295
vn 0.3310 -0.9391 0.0926
vn 0.3143 -0.9435 0.1054
vn 0.2863 -0.9511 0.1161
vn 0.4077 -0.9107 0.0662
vn 0.4435 -0.8947 0.0531
vn 0.4864 -0.8727 0.0422
vn 0.5992 -0.8003 -0.0216
vn 0.6659 -0.7399 -0.0955
vn 0.8159 -0.5637 -0.1286
vn 0.8145 -0.5419 -0.2074
vn 0.8745 -0.4742 -0.1021
vn 0.8718 -0.4530 -0.1864
vn 0.8455 -0.4329 -0.3126
vn 0.7929 -0.5165 -0.3232
vn 0.9138 -0.3729 -0.1611
vn 0.9189 -0.3873 -0.0756
vn 0.8863 -0.3550 -0.2973
vn 0.7908 -0.4057 -0.4584
vn 0.8272 -0.3307 -0.4543
vn 0.7478 -0.4856 -0.4528
vn 0.7164 -0.3676 -0.5930
vn 0.6833 -0.4502 -0.5748
vn 0.7393 -0.2980 -0.6039
vn 0.6071 -0.4092 -0.6811
vn 0.6310 -0.3231 -0.7053
vn 0.5757 -0.4973 -0.6491
vn 0.5354 -0.5763 -0.6174
vn 0.4834 -0.4726 -0.7368
vn 0.4474 -0.5697 -0.6894
vn 0.5123 -0.3709 -0.7746
vn 0.3577 -0.4561 -0.8149
vn 0.3780 -0.3430 -0.8599
vn 0.3272 -0.5697 -0.7539
vn 0.5277 -0.2774 -0.8029
vn 0.3907 -0.2395 -0.8888
vn 0.5338 -0.2069 -0.8199
vn 0.6435 -0.2523 -0.7226
vn 0.3955 -0.1738 -0.9019
vn 0.2038 -0.2289 -0.9519
vn 0.2113 -0.1587 -0.9645
vn 0.1933 -0.3311 -0.9236
vn 0.5360 -0.1702 -0.8269
vn 0.3962 -0.1440 -0.9068
vn 0.2208 -0.1400 -0.9652
vn 0.0128 -0.2458 -0.9692
vn 0.0262 -0.1822 -0.9829
vn 0.0405 -0.1562 -0.9869
vn 0.2290 -0.1468 -0.9623
vn 0.4019 -0.1456 -0.9040
vn 0.0519 -0.1581 -0.9861
vn -0.1062 -0.1864 -0.9767
vn -0.0944 -0.1735 -0.9803
vn -0.1180 -0.2206 -0.9682
vn -0.2295 -0.2160 -0.9490
vn -0.2341 -0.1804 -0.9553
vn -0.2344 -0.2597 -0.9368
vn -0.2401 -0.1566 -0.9580
vn -0.0986 -0.1719 -0.9802
vn -0.2751 -0.1195 -0.9540
vn -0.1064 -0.1732 -0.9791
vn -0.4416 -0.0668 -0.8947
vn -0.1455 -0.1487 -0.9781
vn -0.3152 -0.0696 -0.9465
vn -0.5150 0.0165 -0.8570
vn -0.6868 0.0934 -0.7208
vn -0.8640 0.2884 -0.4127
vn -0.7794 0.2031 -0.5927
vn -0.5834 0.1041 -0.8055
vn -0.8869 0.3789 -0.2643
vn -0.8950 0.4149 -0.1636
vn -0.8578 0.3535 -0.3731
vn -0.8903 0.4437 -0.1025
vn -0.9061 0.3692 -0.2063
vn -0.8800 0.4728 -0.0466
vn -0.9028 0.4158 -0.1103
vn -0.8653 0.5012 0.0035
vn -0.8238 0.5566 0.1071
vn -0.8496 0.5217 0.0778
vn -0.8837 0.4671 0.0300
vn -0.7588 0.6135 0.2186
vn -0.7929 0.5759 0.1990
vn -0.8435 0.5049 0.1833
vn -0.7332 0.5885 0.3407
vn -0.6884 0.6438 0.3340
vn -0.7935 0.4972 0.3509
vn -0.8880 0.4306 0.1613
vn -0.9283 0.3713 -0.0199
vn -0.9540 0.2921 -0.0682
vn -0.9361 0.3233 0.1383
vn -0.8409 0.4028 0.3615
vn -0.9270 0.2243 -0.3005
vn -0.9582 0.2561 0.1275
vn -0.9729 0.2053 -0.1066
vn -0.9177 0.1857 -0.3513
vn -0.9768 0.1726 -0.1264
vn -0.9731 0.2000 0.1143
vn -0.9110 0.1399 -0.3879
vn -0.7460 0.1747 -0.6426
vn -0.7460 0.1312 -0.6529
vn -0.7492 0.0794 -0.6576
vn -0.4948 -0.0079 -0.8690
vn -0.4708 -0.0160 -0.8821
vn -0.5098 -0.0004 -0.8603
vn -0.2551 -0.0683 -0.9645
vn -0.2480 -0.0971 -0.9639
vn -0.2228 -0.1107 -0.9686
vn -0.3987 -0.0154 -0.9170
vn -0.1852 -0.1342 -0.9735
vn 0.0302 -0.1923 -0.9809
vn 0.0482 -0.2108 -0.9763
vn 0.0154 -0.1760 -0.9843
vn 0.2705 -0.1902 -0.9438
vn 0.2621 -0.2174 -0.9402
vn 0.2539 -0.2182 -0.9423
vn 0.2455 -0.2126 -0.9458
vn 0.0555 -0.2008 -0.9781
vn 0.0611 -0.1825 -0.9813
vn 0.2379 -0.1777 -0.9549
vn 0.4077 -0.1669 -0.8978
vn 0.4265 -0.1871 -0.8849
vn 0.5512 -0.1513 -0.8206
vn 0.5676 -0.1512 -0.8093
vn 0.5371 -0.1522 -0.8297
vn 0.6717 -0.1410 -0.7273
vn 0.6600 -0.1678 -0.7323
vn 0.6491 -0.2034 -0.7330
vn 0.7592 -0.2387 -0.6055
vn 0.7753 -0.1902 -0.6023
vn 0.7998 -0.1435 -0.5828
vn 0.7029 -0.1094 -0.7029
vn 0.8252 -0.0831 -0.5587
vn 0.7368 -0.0620 -0.6732
vn 0.6078 -0.1345 -0.7827
vn 0.6467 -0.1281 -0.7519
vn 0.4464 -0.1984 -0.8726
vn 0.4751 -0.1862 -0.8600
vn 0.6804 -0.1176 -0.7233
vn 0.5004 -0.1750 -0.8479
vn 0.5160 -0.1497 -0.8434
vn 0.7041 -0.1168 -0.7004
vn 0.7141 -0.1036 -0.6923
vn 0.5286 -0.1258 -0.8395
vn 0.2783 -0.1640 -0.9464
vn 0.2851 -0.1293 -0.9497
vn 0.5362 -0.0982 -0.8384
vn 0.7229 -0.0890 -0.6852
vn 0.2915 -0.0950 -0.9518
vn 0.0079 -0.1111 -0.9938
vn 0.0098 -0.0722 -0.9973
vn 0.0102 -0.1426 -0.9897
vn -0.2593 -0.0364 -0.9651
vn -0.2568 0.0033 -0.9665
vn 0.0131 -0.0296 -0.9995
vn 0.2966 -0.0537 -0.9535
vn -0.5119 0.0134 -0.8589
vn -0.5111 0.0416 -0.8585
vn -0.5043 0.0872 -0.8591
vn -0.2519 0.0588 -0.9660
vn 0.0178 0.0301 -0.9994
vn -0.2451 0.1264 -0.9612
vn -0.4956 0.1467 -0.8560
vn 0.0234 0.1003 -0.9947
vn 0.3012 0.0017 -0.9536
vn 0.3058 0.0689 -0.9496
vn -0.2379 0.1855 -0.9534
vn 0.0291 0.1610 -0.9865
vn 0.3106 0.1273 -0.9420
vn 0.5487 0.0386 -0.8352
vn 0.5456 -0.0218 -0.8378
vn 0.3200 0.1699 -0.9321
vn 0.7258 -0.0719 -0.6842
vn 0.5418 -0.0675 -0.8378
vn 0.0364 0.2027 -0.9786
vn 0.0446 0.2310 -0.9719
vn 0.3350 0.1933 -0.9222
vn 0.3510 0.2115 -0.9122
vn 0.0525 0.2488 -0.9671
vn -0.2318 0.2278 -0.9457
vn -0.2269 0.2546 -0.9401
vn -0.2271 0.2751 -0.9342
vn -0.4780 0.2400 -0.8450
vn -0.4723 0.2656 -0.8404
vn -0.4696 0.2841 -0.8359
vn -0.4740 0.3003 -0.8277
vn -0.2316 0.2947 -0.9271
vn 0.0525 0.2709 -0.9612
vn -0.2473 0.3214 -0.9141
vn -0.4826 0.3229 -0.8141
vn 0.0457 0.2968 -0.9539
vn -0.5030 0.3359 -0.7963
vn -0.2698 0.3439 -0.8994
vn 0.0205 0.3235 -0.9460
vn 0.3660 0.2492 -0.8966
vn 0.3655 0.2238 -0.9035
vn 0.3561 0.2683 -0.8951
vn 0.3320 0.2713 -0.9034
vn -0.0095 0.3225 -0.9465
vn -0.3011 0.3385 -0.8915
vn 0.3042 0.2330 -0.9237
vn -0.0441 0.2768 -0.9599
vn -0.3372 0.2891 -0.8960
vn -0.5268 0.3253 -0.7852
vn -0.5555 0.2690 -0.7868
vn -0.7117 0.2860 -0.6416
vn -0.7417 0.2135 -0.6359
vn -0.6880 0.3075 -0.6573
vn -0.8515 0.2335 -0.4696
vn -0.8824 0.1699 -0.4389
vn -0.8360 0.2560 -0.4854
vn -0.6782 0.2998 -0.6709
vn -0.8277 0.2595 -0.4976
vn -0.6754 0.2873 -0.6792
vn -0.8335 0.2485 -0.4934
vn -0.6815 0.2717 -0.6795
vn -0.8425 0.2402 -0.4822
vn -0.6896 0.2590 -0.6763
vn -0.8560 0.2265 -0.4647
vn -0.7017 0.2350 -0.6726
vn -0.8690 0.2093 -0.4483
vn -0.9633 0.1662 -0.2108
vn -0.9550 0.1794 -0.2362
vn -0.9466 0.1879 -0.2621
vn -0.9928 0.1123 0.0407
vn -0.9928 0.1191 0.0144
vn -0.9924 0.1218 -0.0152
vn -0.9471 0.0504 0.3168
vn -0.9548 0.0460 0.2937
vn -0.9622 0.0410 0.2694
vn -0.9692 0.0301 0.2445
vn -0.9918 0.1218 -0.0392
vn -0.9385 0.1949 -0.2851
vn -0.9740 0.0071 0.2263
vn -0.9916 0.1157 -0.0575
vn -0.9354 0.1963 -0.2941
vn -0.9764 -0.0304 0.2137
vn -0.9941 0.0924 -0.0566
vn -0.9373 0.1907 -0.2918
vn -0.9738 -0.0914 0.2084
vn -0.9971 0.0565 -0.0512
vn -0.9492 0.1565 -0.2728
vn -0.9991 -0.0095 -0.0404
vn -0.9615 0.1107 -0.2517
vn -0.9663 -0.1605 0.2010
vn -0.9728 0.0249 -0.2302
vn -0.9961 -0.0828 -0.0317
vn -0.9494 -0.2465 0.1944
vn -0.9103 0.1043 -0.4005
vn -0.9787 -0.0430 -0.2008
vn -0.9364 0.0047 -0.3510
vn -0.9867 -0.1610 -0.0209
vn -0.9825 -0.0815 -0.1675
vn -0.9581 -0.0188 -0.2858
vn -0.9796 -0.2010 -0.0013
vn -0.9122 -0.3628 0.1905
vn -0.9305 -0.3138 0.1891
vn -0.9020 -0.3821 0.2011
vn -0.9784 -0.2056 0.0198
vn -0.9896 -0.0688 -0.1266
vn -0.9961 -0.0010 -0.0879
vn -0.9840 -0.1703 0.0530
vn -0.9038 -0.3672 0.2200
vn -0.9893 -0.1243 0.0757
vn -0.9967 0.0587 -0.0559
vn -0.9959 0.0731 -0.0542
vn -0.9902 -0.1171 0.0755
vn -0.9962 0.0460 -0.0737
vn -0.9886 -0.1391 0.0570
vn -0.9091 -0.3466 0.2313
vn -0.9082 -0.3595 0.2143
vn -0.9067 -0.3495 0.2361
vn -0.7594 -0.5358 0.3691
vn -0.7586 -0.5419 0.3616
vn -0.7621 -0.5484 0.3442
vn -0.6002 -0.6657 0.4435
vn -0.6014 -0.6747 0.4279
vn -0.5998 -0.6581 0.4551
vn -0.6071 -0.6476 0.4604
vn -0.7583 -0.5398 0.3656
vn -0.4397 -0.7350 0.5162
vn -0.4327 -0.7499 0.5005
vn -0.4482 -0.7220 0.5271
vn -0.6178 -0.6332 0.4662
vn -0.4629 -0.7023 0.5409
vn -0.7660 -0.5335 0.3587
vn -0.6373 -0.6028 0.4800
vn -0.4822 -0.6719 0.5622
vn -0.7833 -0.5050 0.3625
vn -0.8063 -0.4586 0.3735
vn -0.6621 -0.5569 0.5014
vn -0.6847 -0.5021 0.5282
vn -0.8327 -0.3916 0.3915
vn -0.5251 -0.5815 0.6213
vn -0.5030 -0.6320 0.5895
vn -0.8529 -0.3166 0.4151
vn -0.7076 -0.4288 0.5616
vn -0.5422 -0.5174 0.6620
vn -0.3399 -0.6454 0.6841
vn -0.3565 -0.5846 0.7288
vn -0.3239 -0.6883 0.6491
vn -0.3659 -0.5026 0.7832
vn -0.5569 -0.4333 0.7086
vn -0.7210 -0.3474 0.5995
vn -0.7269 -0.2640 0.6340
vn -0.5607 -0.3456 0.7525
vn -0.3706 -0.4112 0.8328
vn -0.7220 -0.1921 0.6648
vn -0.5564 -0.2637 0.7880
vn -0.3647 -0.3224 0.8735
vn -0.1490 -0.4579 0.8764
vn -0.1485 -0.5515 0.8209
vn -0.1457 -0.3667 0.9188
vn 0.0930 -0.5707 0.8159
vn 0.0903 -0.4807 0.8722
vn 0.0935 -0.3871 0.9173
vn -0.3512 -0.2570 0.9004
vn -0.1336 -0.2952 0.9460
vn 0.0990 -0.3166 0.9434
vn 0.1075 -0.2698 0.9569
vn -0.1209 -0.2512 0.9603
vn -0.3341 -0.2151 0.9177
vn -0.3164 -0.1861 0.9302
vn -0.1091 -0.2168 0.9701
vn 0.1153 -0.2354 0.9650
vn 0.1202 -0.2017 0.9721
vn -0.0989 -0.1857 0.9776
vn -0.3029 -0.1562 0.9401
vn 0.3453 -0.2064 0.9155
vn 0.3415 -0.2375 0.9094
vn 0.3375 -0.2712 0.9014
vn 0.1228 -0.1569 0.9799
vn 0.3471 -0.1646 0.9233
vn -0.0963 -0.1408 0.9853
vn 0.1214 -0.0901 0.9885
vn 0.3483 -0.1030 0.9317
vn -0.0967 -0.0758 0.9924
vn -0.2915 -0.0554 0.9550
vn -0.2942 -0.1187 0.9484
vn -0.2889 0.0195 0.9572
vn -0.1000 0.0072 0.9950
vn 0.1182 -0.0080 0.9930
vn -0.1037 0.0830 0.9911
vn -0.2873 0.0953 0.9531
vn 0.3476 -0.0269 0.9373
vn -0.1066 0.1604 0.9813
vn 0.5582 -0.1125 0.8221
vn 0.5596 -0.0479 0.8274
vn 0.5557 -0.1637 0.8151
vn 0.7347 -0.0654 0.6753
vn 0.7333 -0.1153 0.6701
vn 0.7317 -0.1525 0.6643
vn 0.8768 -0.1282 0.4635
vn 0.5538 -0.1976 0.8089
vn 0.7313 -0.1755 0.6590
vn 0.8777 -0.1372 0.4591
vn 0.7323 -0.1922 0.6533
vn 0.5523 -0.2236 0.8031
vn 0.8790 -0.1442 0.4546
vn 0.8820 -0.1562 0.4447
vn 0.7347 -0.2133 0.6440
vn 0.5531 -0.2507 0.7945
vn 0.7415 -0.2406 0.6263
vn 0.5553 -0.2894 0.7796
vn 0.8857 -0.1751 0.4300
vn 0.5637 -0.3460 0.7500
vn 0.7492 -0.2870 0.5970
vn 0.8918 -0.2082 0.4018
vn 0.8963 -0.2517 0.3652
vn 0.7603 -0.3446 0.5506
vn 0.5701 -0.4233 0.7041
vn 0.5784 -0.4948 0.6486
vn 0.7662 -0.4044 0.4993
vn 0.8985 -0.2983 0.3220
vn 0.3393 -0.4683 0.8158
vn 0.3348 -0.3833 0.8608
vn 0.3413 -0.5555 0.7583
vn 0.5807 -0.5590 0.5919
vn 0.3454 -0.6252 0.6999
vn 0.7697 -0.4540 0.4488
vn 0.5849 -0.5975 0.5485
vn 0.3497 -0.6726 0.6521
vn 0.7718 -0.4861 0.4099
vn 0.8910 -0.3740 0.2575
vn 0.8984 -0.3357 0.2832
vn 0.7706 -0.5056 0.3879
vn 0.5901 -0.6189 0.5184
vn 0.8875 -0.3871 0.2500
vn 0.9655 -0.2501 0.0719
vn 0.9516 -0.2916 0.0973
vn 0.9701 -0.2288 0.0808
vn 0.9774 -0.2028 -0.0594
vn 0.9766 -0.1877 0.1053
vn 0.9796 -0.1509 0.1327
vn 0.9806 -0.1151 0.1590
vn 0.9804 -0.0931 0.1737
vn 0.9801 -0.0793 0.1820
vn 0.9904 0.0072 -0.1382
vn 0.9799 -0.0760 0.1843
vn 0.9798 -0.0786 0.1841
vn 0.8874 -0.3842 0.2549
vn 0.9517 -0.2750 0.1367
vn 0.9872 -0.1592 0.0003
vn 0.9629 -0.2164 0.1613
vn 0.8976 -0.3498 0.2683
vn 0.9945 -0.0893 0.0554
vn 0.9157 -0.2862 0.2822
vn 0.9730 -0.1363 0.1863
vn 0.9958 0.0082 0.0909
vn 0.8068 -0.4461 0.3873
vn 0.7886 -0.4854 0.3776
vn 0.7761 -0.5041 0.3788
vn 0.9302 -0.2198 0.2941
vn 0.8282 -0.3947 0.3978
vn 0.9780 -0.0542 0.2017
vn 0.9407 -0.1700 0.2936
vn 0.8439 -0.3604 0.3974
vn 0.9797 -0.0003 0.2002
vn 0.9492 -0.1428 0.2805
vn 0.8579 -0.3370 0.3879
vn 0.9822 0.0178 0.1869
vn 0.9831 0.1401 0.1176
vn 0.9887 0.0962 0.1150
vn 0.9826 0.1533 0.1046
vn 0.9550 -0.1376 0.2626
vn 0.9858 0.0180 0.1668
vn 0.9879 0.1291 0.0863
vn 0.9666 0.2549 0.0279
vn 0.9741 0.2257 0.0106
vn 0.9636 0.2646 0.0375
vn 0.9504 0.3038 -0.0658
vn 0.9359 0.3487 -0.0496
vn 0.9313 0.3618 -0.0414
vn 0.8949 0.4273 -0.1289
vn 0.9125 0.3822 -0.1457
vn 0.8841 0.4511 -0.1216
vn 0.9741 0.2243 0.0297
vn 0.9396 0.3380 -0.0539
vn 0.8920 0.4304 -0.1385
vn 0.8240 0.5288 -0.2036
vn 0.8288 0.5133 -0.2227
vn 0.8363 0.5057 -0.2117
vn 0.7460 0.5911 -0.3069
vn 0.7418 0.6061 -0.2871
vn 0.7539 0.5858 -0.2974
vn 0.6254 0.6865 -0.3709
vn 0.6308 0.6693 -0.3926
vn 0.6357 0.6682 -0.3865
vn 0.8562 0.4621 -0.2310
vn 0.7740 0.5454 -0.3217
vn 0.6541 0.6317 -0.4161
vn 0.4618 0.7490 -0.4751
vn 0.4780 0.7130 -0.5130
vn 0.4539 0.7663 -0.4548
vn 0.2293 0.7672 -0.5990
vn 0.2121 0.8068 -0.5515
vn 0.2088 0.8264 -0.5229
vn -0.0652 0.8066 -0.5874
vn -0.0530 0.7638 -0.6432
vn -0.3001 0.7084 -0.6388
vn -0.0260 0.7208 -0.6926
vn 0.2555 0.7245 -0.6402
vn -0.2822 0.6635 -0.6929
vn -0.4993 0.6236 -0.6015
vn -0.4927 0.5765 -0.6518
vn -0.2579 0.6293 -0.7331
vn -0.4805 0.5399 -0.6911
vn 0.0051 0.6825 -0.7309
vn -0.6571 0.4348 -0.6157
vn -0.6583 0.4728 -0.5858
vn -0.6529 0.5308 -0.5403
vn -0.4691 0.5028 -0.7260
vn -0.2376 0.5876 -0.7735
vn -0.6536 0.3963 -0.6447
vn -0.2320 0.5240 -0.8195
vn 0.0359 0.5655 -0.8240
vn 0.0280 0.6358 -0.7714
vn 0.2828 0.6818 -0.6747
vn 0.3040 0.6323 -0.7126
vn 0.3074 0.5582 -0.7707
vn 0.0186 0.4766 -0.8789
vn 0.2937 0.4660 -0.8346
vn 0.5380 0.5067 -0.6737
vn 0.5341 0.5786 -0.6164
vn 0.5244 0.4165 -0.7427
vn 0.2651 0.3812 -0.8857
vn 0.5032 0.3306 -0.7984
vn -0.0079 0.3965 -0.9180
vn 0.2364 0.3186 -0.9179
vn 0.4825 0.2679 -0.8339
vn 0.2150 0.3013 -0.9290
vn 0.4697 0.2404 -0.8495
vn 0.6773 0.2631 -0.6871
vn 0.6606 0.2003 -0.7235
vn 0.6559 0.1732 -0.7347
vn 0.4670 0.2338 -0.8528
vn 0.6570 0.1600 -0.7367
vn 0.7986 0.0812 -0.5964
vn 0.7932 0.0949 -0.6015
vn 0.7972 0.1240 -0.5909
vn 0.8992 0.0044 -0.4375
vn 0.8993 0.0322 -0.4360
vn 0.9015 -0.0132 -0.4325
vn 0.8076 0.1816 -0.5611
vn 0.9076 0.0889 -0.4103
vn 0.9586 -0.0837 -0.2721
vn 0.9606 -0.0529 -0.2730
vn 0.9652 -0.0010 -0.2614
vn 0.9886 -0.0648 -0.1362
vn 0.9829 -0.1147 -0.1442
vn 0.9800 -0.1448 -0.1362
vn 0.9827 -0.1815 -0.0377
vn 0.9872 -0.1526 -0.0464
vn 0.9933 -0.1073 -0.0431
vn 0.9983 -0.0498 -0.0316
vn 0.9925 -0.0004 -0.1220
vn 0.9696 0.0697 -0.2346
vn 0.9922 0.0736 -0.1007
vn 0.9677 0.1465 -0.2053
vn 0.9997 0.0173 -0.0175
vn 0.9135 0.1599 -0.3740
vn 0.9139 0.2425 -0.3255
vn 0.9586 0.2198 -0.1808
vn 0.9053 0.3106 -0.2896
vn 0.9857 0.1435 -0.0881
vn 0.8919 0.3657 -0.2661
vn 0.9459 0.2769 -0.1693
vn 0.9761 0.2014 -0.0821
vn 0.9641 0.2539 -0.0775
vn 0.9307 0.3293 -0.1594
vn 0.8762 0.4119 -0.2504
vn 0.7929 0.5019 -0.3455
vn 0.8084 0.4584 -0.3693
vn 0.6889 0.5490 -0.4733
vn 0.6735 0.5899 -0.4454
vn 0.5000 0.6704 -0.5482
vn 0.5204 0.6290 -0.5775
vn 0.7005 0.5003 -0.5089
vn 0.8194 0.4102 -0.4004
vn 0.7027 0.4312 -0.5659
vn 0.8249 0.3407 -0.4510
vn 0.6939 0.3447 -0.6322
vn 0.8200 0.2595 -0.5101
vn 0.9909 0.1343 -0.0048
vn 0.9839 0.1785 -0.0007
vn 0.9958 0.0642 0.0656
vn 0.9921 0.1026 0.0725
vn 0.9968 0.0800 -0.0074
vn 0.9979 0.0252 0.0604
vn 0.9983 -0.0297 0.0495
vn 0.9895 -0.0860 0.1158
vn 0.9903 -0.0498 0.1300
vn 0.9900 -0.0188 0.1398
vn 0.9623 -0.1862 0.1984
vn 0.9633 -0.1589 0.2164
vn 0.9621 -0.1471 0.2296
vn 0.9599 -0.1369 0.2445
vn 0.9886 -0.0016 0.1505
vn 0.8861 -0.3169 0.3383
vn 0.8781 -0.3214 0.3544
vn 0.8912 -0.3214 0.3202
vn 0.8693 -0.3259 0.3717
vn 0.6960 -0.5343 0.4797
vn 0.6807 -0.5414 0.4936
vn 0.7113 -0.5282 0.4637
vn 0.6656 -0.5514 0.5029
vn 0.4596 -0.6994 0.5474
vn 0.4439 -0.6986 0.5612
vn 0.4271 -0.7000 0.5723
vn 0.2192 -0.7931 0.5683
vn 0.2042 -0.7884 0.5802
vn 0.1891 -0.7816 0.5944
vn -0.0136 -0.8317 0.5550
vn -0.0238 -0.8223 0.5686
vn -0.0362 -0.8128 0.5814
vn -0.2413 -0.8180 0.5221
vn -0.2393 -0.8121 0.5321
vn -0.2473 -0.7988 0.5484
vn -0.2570 -0.7859 0.5624
vn -0.0513 -0.8003 0.5974
vn 0.1717 -0.7769 0.6058
vn -0.4352 -0.7577 0.4864
vn -0.6110 -0.6772 0.4100
vn -0.4401 -0.7643 0.4714
vn -0.7658 -0.5557 0.3237
vn -0.4558 -0.7633 0.4578
vn -0.6238 -0.6762 0.3921
vn -0.7725 -0.5589 0.3014
vn -0.6385 -0.6725 0.3742
vn -0.7807 -0.5568 0.2836
vn -0.4720 -0.7622 0.4431
vn -0.2467 -0.8241 0.5099
vn -0.2592 -0.8251 0.5020
vn -0.2701 -0.8280 0.4913
vn -0.4876 -0.7600 0.4297
vn -0.6520 -0.6689 0.3571
vn -0.2785 -0.8302 0.4830
vn -0.4997 -0.7601 0.4154
vn -0.6606 -0.6689 0.3409
vn -0.5043 -0.7621 0.4061
vn -0.6667 -0.6695 0.3274
vn -0.2833 -0.8334 0.4745
vn -0.6695 -0.6688 0.3232
vn -0.5067 -0.7628 0.4016
vn -0.2831 -0.8352 0.4715
vn -0.0102 -0.8516 0.5242
vn -0.0090 -0.8555 0.5177
vn -0.0070 -0.8587 0.5125
vn 0.2796 -0.8126 0.5113
vn 0.2721 -0.8107 0.5184
vn 0.2640 -0.8056 0.5303
vn 0.5353 -0.6973 0.4768
vn 0.5442 -0.6993 0.4636
vn 0.5240 -0.6945 0.4931
vn 0.7606 -0.5326 0.3713
vn 0.7556 -0.5268 0.3893
vn 0.7481 -0.5215 0.4103
vn 0.5527 -0.6976 0.4559
vn 0.2870 -0.8124 0.5076
vn 0.7648 -0.5330 0.3619
vn 0.2975 -0.8073 0.5096
vn 0.5609 -0.6911 0.4557
vn 0.7685 -0.5297 0.3589
vn 0.8934 -0.3732 0.2501
vn 0.8925 -0.3744 0.2516
vn 0.8951 -0.3613 0.2611
vn 0.9563 -0.2428 0.1631
vn 0.9525 -0.2611 0.1565
vn 0.9484 -0.2747 0.1584
vn 0.8907 -0.3773 0.2534
vn 0.7725 -0.5229 0.3602
vn 0.9452 -0.2801 0.1676
vn 0.9722 -0.2177 0.0865
vn 0.9678 -0.2324 0.0970
vn 0.9765 -0.2004 0.0796
vn 0.9798 -0.1979 0.0283
vn 0.9849 -0.1717 0.0206
vn 0.9759 -0.2140 0.0431
vn 0.9820 -0.1683 0.0857
vn 0.9907 -0.1341 0.0236
vn 0.9959 -0.0833 0.0352
vn 0.9865 -0.1314 0.0982
vn 0.9604 -0.2134 0.1791
vn 0.8953 -0.3488 0.2773
vn 0.8946 -0.3306 0.3005
vn 0.7382 -0.5184 0.4317
vn 0.7254 -0.5222 0.4484
vn 0.5102 -0.6926 0.5099
vn 0.4940 -0.6950 0.5224
vn 0.2550 -0.8023 0.5397
vn 0.2446 -0.7989 0.5495
vn 0.2323 -0.7975 0.5567
vn 0.4771 -0.6973 0.5350
vn -0.0087 -0.8423 0.5389
vn -0.0101 -0.8364 0.5480
vn -0.0098 -0.8454 0.5340
vn 0.9709 -0.2331 0.0543
vn 0.9633 -0.2459 0.1074
vn 0.9405 -0.2932 0.1716
vn 0.9655 -0.2519 0.0652
vn 0.9573 -0.2660 0.1127
vn 0.9356 -0.3071 0.1744
vn 0.9758 -0.2184 -0.0060
vn 0.9703 -0.2418 0.0069
vn 0.9793 -0.2010 -0.0223
vn 0.9769 -0.1874 -0.1029
vn 0.9790 -0.1636 -0.1218
vn 0.9752 -0.2068 -0.0783
vn 0.9607 -0.1029 -0.2577
vn 0.9611 -0.1259 -0.2460
vn 0.9066 -0.0362 -0.4204
vn 0.8023 0.0626 -0.5937
vn 0.9046 -0.0715 -0.4201
vn 0.9625 -0.1623 -0.2174
vn 0.8072 0.0364 -0.5891
vn 0.6622 0.1424 -0.7357
vn 0.8072 0.0014 -0.5903
vn 0.9146 -0.1197 -0.3862
vn 0.8742 -0.0831 -0.4784
vn 0.9424 -0.2448 -0.2279
vn 0.9521 -0.2724 -0.1387
vn 0.9452 -0.3180 -0.0742
vn 0.9555 -0.2633 -0.1332
vn 0.9686 -0.1857 -0.1653
vn 0.9481 -0.3100 -0.0707
vn 0.9408 -0.3379 -0.0271
vn 0.9447 -0.3272 -0.0217
vn 0.9322 -0.3616 0.0137
vn 0.9457 -0.3247 -0.0137
vn 0.9348 -0.3547 0.0196
vn 0.9276 -0.3704 0.0489
vn 0.9176 -0.3898 0.0783
vn 0.9160 -0.3863 0.1082
vn 0.9243 -0.3724 0.0839
vn 0.9230 -0.3671 0.1152
vn 0.9135 -0.3831 0.1368
vn 0.9078 -0.3852 0.1661
vn 0.9161 -0.3720 0.1497
vn 0.8975 -0.4009 0.1840
vn 0.8951 -0.3996 0.1980
vn 0.9025 -0.3932 0.1756
vn 0.9237 -0.3599 0.1316
vn 0.9313 -0.3516 0.0952
vn 0.9403 -0.3305 0.0809
vn 0.9327 -0.3394 0.1223
vn 0.9095 -0.3801 0.1685
vn 0.9190 -0.3559 0.1696
vn 0.9414 -0.3169 0.1156
vn 0.9498 -0.3039 0.0745
vn 0.9580 -0.2784 0.0684
vn 0.9506 -0.2881 0.1159
vn 0.9277 -0.3316 0.1715
vn 0.8583 -0.4604 0.2266
vn 0.8680 -0.4379 0.2342
vn 0.8784 -0.4108 0.2443
vn 0.8841 -0.3942 0.2508
vn 0.8890 -0.3804 0.2549
vn 0.7704 -0.5439 0.3326
vn 0.7755 -0.5272 0.3472
vn 0.7746 -0.5239 0.3543
vn 0.5874 -0.6815 0.4365
vn 0.5810 -0.6788 0.4490
vn 0.5715 -0.6833 0.4544
vn 0.3242 -0.7993 0.5060
vn 0.3375 -0.8004 0.4955
vn 0.3093 -0.8020 0.5110
vn 0.0168 -0.8536 0.5207
vn 0.0044 -0.8562 0.5167
vn 0.0311 -0.8543 0.5188
vn -0.2576 -0.8340 0.4879
vn -0.2687 -0.8317 0.4858
vn -0.2760 -0.8329 0.4797
vn -0.4959 -0.7553 0.4285
vn -0.5012 -0.7546 0.4236
vn -0.5048 -0.7578 0.4134
vn -0.6743 -0.6566 0.3380
vn -0.6752 -0.6491 0.3503
vn -0.6747 -0.6447 0.3595
vn -0.8116 -0.5119 0.2817
vn -0.8105 -0.5209 0.2680
vn -0.8080 -0.5331 0.2508
vn -0.6735 -0.6429 0.3650
vn -0.8110 -0.5069 0.2923
vn -0.4906 -0.7579 0.4299
vn -0.2458 -0.8400 0.4837
vn 0.0462 -0.8584 0.5110
vn -0.8035 -0.5464 0.2362
vn -0.6723 -0.6647 0.3258
vn -0.9087 -0.3990 0.1226
vn -0.9671 -0.2543 -0.0039
vn -0.9050 -0.4107 0.1108
vn -0.8001 -0.5538 0.2303
vn -0.9652 -0.2605 -0.0220
vn -0.9831 -0.1405 -0.1178
vn -0.9785 -0.1463 -0.1450
vn -0.9732 -0.0613 -0.2216
vn -0.9661 -0.0614 -0.2506
vn -0.9642 -0.0505 -0.2602
vn -0.9782 -0.1381 -0.1552
vn -0.9647 -0.2618 -0.0291
vn -0.9805 -0.1229 -0.1535
vn -0.9674 -0.2521 -0.0233
vn -0.9841 -0.0998 -0.1468
vn -0.9038 -0.4129 0.1124
vn -0.9031 -0.4120 0.1212
vn -0.9706 -0.2402 -0.0155
vn -0.9038 -0.4056 0.1363
vn -0.9032 -0.4024 0.1492
vn -0.9745 -0.2242 -0.0054
vn -0.9873 -0.0775 -0.1387
vn -0.9909 -0.0475 -0.1262
vn -0.9785 -0.2063 0.0080
vn -0.9043 -0.3929 0.1672
vn -0.9947 -0.0049 -0.1030
vn -0.9844 -0.1735 0.0303
vn -0.9052 -0.3807 0.1889
vn -0.7876 -0.5563 0.2650
vn -0.7929 -0.5563 0.2486
vn -0.7962 -0.5574 0.2355
vn -0.5058 -0.7615 0.4053
vn -0.2816 -0.8348 0.4731
vn -0.0017 -0.8585 0.5127
vn -0.9495 -0.0019 -0.3138
vn -0.9145 0.0513 -0.4014
vn -0.9309 0.0643 -0.3595
vn -0.8778 0.1223 -0.4631
vn -0.8569 0.1136 -0.5028
vn -0.7913 0.1892 -0.5814
vn -0.8235 0.2008 -0.5306
vn -0.8536 0.2122 -0.4757
vn -0.7407 0.2695 -0.6154
vn -0.8949 0.1969 -0.4004
vn -0.7734 0.2675 -0.5747
vn -0.6750 0.2458 -0.6956
vn -0.6819 0.2116 -0.7002
vn -0.4834 0.1952 -0.8534
vn -0.6830 0.1900 -0.7052
vn -0.4819 0.1684 -0.8599
vn -0.6802 0.1779 -0.7111
vn -0.4767 0.1554 -0.8652
vn -0.2047 0.1444 -0.9681
vn -0.1906 0.1315 -0.9728
vn -0.4591 0.1592 -0.8740
vn -0.6731 0.1739 -0.7188
vn -0.1678 0.1351 -0.9765
vn -0.4393 0.1661 -0.8829
vn -0.6586 0.1742 -0.7321
vn -0.8149 0.1777 -0.5517
vn -0.8063 0.1698 -0.5666
vn -0.8961 0.1470 -0.4188
vn -0.9485 0.1166 -0.2946
vn -0.7911 0.1623 -0.5898
vn -0.8855 0.1355 -0.4445
vn -0.9408 0.0986 -0.3242
vn -0.9307 0.0918 -0.3541
vn -0.8693 0.1309 -0.4766
vn -0.7724 0.1636 -0.6137
vn -0.6186 0.1767 -0.7656
vn -0.6416 0.1759 -0.7466
vn -0.4119 0.1720 -0.8948
vn -0.3846 0.1744 -0.9065
vn -0.3529 0.1742 -0.9193
vn -0.5941 0.1795 -0.7841
vn -0.3200 0.1746 -0.9312
vn -0.5640 0.1832 -0.8052
vn -0.7498 0.1642 -0.6410
vn -0.7245 0.1737 -0.6671
vn -0.8508 0.1353 -0.5077
vn -0.8289 0.1450 -0.5403
vn -0.9171 0.0965 -0.3869
vn -0.9020 0.1089 -0.4177
vn -0.9598 0.0569 -0.2749
vn -0.9503 0.0722 -0.3030
vn -0.9673 0.0540 -0.2480
vn -0.9848 0.0261 -0.1717
vn -0.9883 0.0195 -0.1513
vn -0.9969 0.0002 -0.0791
vn -0.9956 0.0131 -0.0931
vn -0.9808 0.0364 -0.1917
vn -0.9999 -0.0078 -0.0079
vn -0.9972 -0.0211 0.0721
vn -0.9998 0.0064 -0.0185
vn -0.9939 0.0271 -0.1071
vn -0.9978 -0.0115 0.0654
vn -0.9993 0.0241 -0.0291
vn -0.9912 0.0502 -0.1226
vn -0.9984 0.0050 0.0571
vn -0.9882 -0.0219 0.1514
vn -0.9873 -0.0314 0.1557
vn -0.9891 -0.0103 0.1467
vn -0.9706 -0.0355 0.2381
vn -0.9713 -0.0279 0.2363
vn -0.9722 -0.0168 0.2336
vn -0.9985 0.0249 0.0484
vn -0.9492 -0.0193 0.3140
vn -0.9488 -0.0281 0.3146
vn -0.9185 -0.0277 0.3944
vn -0.9194 -0.0190 0.3928
vn -0.9482 -0.0385 0.3154
vn -0.9170 -0.0426 0.3966
vn -0.8716 -0.0325 0.4891
vn -0.8669 -0.0497 0.4960
vn -0.8753 -0.0197 0.4832
vn -0.8029 -0.0439 0.5944
vn -0.8133 -0.0344 0.5809
vn -0.7892 -0.0716 0.6099
vn -0.8586 -0.0789 0.5065
vn -0.7725 -0.1029 0.6267
vn -0.7252 -0.0710 0.6849
vn -0.7025 -0.0966 0.7051
vn -0.6736 -0.1340 0.7269
vn -0.6087 -0.1609 0.7769
vn -0.6428 -0.1261 0.7556
vn -0.6715 -0.1005 0.7342
vn -0.6735 -0.1273 0.7282
vn -0.6478 -0.1532 0.7462
vn -0.6159 -0.1823 0.7664
vn -0.6950 -0.0881 0.7136
vn -0.7444 -0.0564 0.6654
vn -0.6942 -0.1191 0.7099
vn -0.7613 -0.0632 0.6453
vn -0.7769 -0.0753 0.6251
vn -0.8225 -0.0356 0.5676
vn -0.8323 -0.0480 0.5523
vn -0.7508 -0.1355 0.6465
vn -0.9982 0.0477 0.0375
vn -0.9979 0.0496 -0.0413
vn -0.9958 0.0738 -0.0543
vn -0.9930 0.0968 -0.0683
vn -0.9975 0.0661 0.0260
vn -0.9964 0.0833 0.0133
vn -0.9898 0.1160 -0.0825
vn -0.9953 0.0972 0.0004
vn -0.9864 0.1337 -0.0960
vn -0.9642 0.1698 -0.2038
vn -0.9703 0.1522 -0.1882
vn -0.9766 0.1294 -0.1719
vn -0.9401 0.1664 -0.2974
vn -0.9296 0.1866 -0.3178
vn -0.9195 0.2068 -0.3342
vn -0.9581 0.1878 -0.2163
vn -0.9101 0.2244 -0.3485
vn -0.9828 0.1494 -0.1087
vn -0.9011 0.2447 -0.3581
vn -0.9518 0.2055 -0.2277
vn -0.9789 0.1647 -0.1205
vn -0.9750 0.1788 -0.1320
vn -0.9455 0.2224 -0.2378
vn -0.8917 0.2651 -0.3669
vn -0.9920 0.1239 -0.0240
vn -0.9901 0.1357 -0.0360
vn -0.9938 0.1109 -0.0119
vn -0.9938 0.0837 0.0732
vn -0.9937 0.0944 0.0609
vn -0.9862 0.0548 0.1564
vn -0.9875 0.0644 0.1436
vn -0.9934 0.1040 0.0484
vn -0.9891 0.0706 0.1294
vn -0.9932 0.1109 0.0352
vn -0.9759 0.0304 0.2161
vn -0.9792 0.0306 0.2006
vn -0.9908 0.0719 0.1151
vn -0.9595 -0.0099 0.2814
vn -0.9318 -0.0480 0.3598
vn -0.9642 -0.0131 0.2650
vn -0.9823 0.0270 0.1851
vn -0.9374 -0.0494 0.3447
vn -0.9020 -0.0786 0.4246
vn -0.9093 -0.0795 0.4084
vn -0.8844 -0.1124 0.4530
vn -0.8737 -0.1116 0.4735
vn -0.8935 -0.1088 0.4358
vn -0.8634 -0.1145 0.4913
vn -0.8734 -0.1583 0.4605
vn -0.8874 -0.1483 0.4366
vn -0.8563 -0.1563 0.4922
vn -0.9111 -0.1861 0.3677
vn -0.8977 -0.2047 0.3902
vn -0.8783 -0.2388 0.4143
vn -0.9225 -0.1733 0.3448
vn -0.8983 -0.1426 0.4156
vn -0.9018 -0.1093 0.4181
vn -0.9080 -0.1396 0.3951
vn -0.9328 -0.1696 0.3181
vn -0.9159 -0.0801 0.3933
vn -0.9096 -0.1098 0.4008
vn -0.9230 -0.0804 0.3764
vn -0.9164 -0.1424 0.3739
vn -0.9180 -0.1117 0.3805
vn -0.9297 -0.0787 0.3599
vn -0.9243 -0.1454 0.3528
vn -0.9463 -0.1726 0.2734
vn -0.9401 -0.1695 0.2958
vn -0.9543 -0.1777 0.2403
vn -0.9572 -0.1812 0.2258
vn -0.9528 -0.1805 0.2441
vn -0.9520 -0.1820 0.2462
vn -0.9452 -0.1814 0.2713
vn -0.9406 -0.1809 0.2872
vn -0.9355 -0.1903 0.2978
vn -0.9246 -0.2053 0.3210
vn -0.9325 -0.1954 0.3036
vn -0.9191 -0.2117 0.3323
vn -0.9117 -0.2281 0.3418
vn -0.8988 -0.2762 0.3404
vn -0.9068 -0.2384 0.3477
vn -0.8889 -0.3222 0.3257
vn -0.8904 -0.3102 0.3333
vn -0.8792 -0.3002 0.3700
vn -0.8388 -0.1658 0.5186
vn -0.8357 -0.2327 0.4974
vn -0.8536 -0.2668 0.4475
vn -0.8156 -0.2046 0.5413
vn -0.8179 -0.1577 0.5533
vn -0.8245 -0.2468 0.5092
vn -0.7940 -0.1870 0.5785
vn -0.8046 -0.2186 0.5522
vn -0.8461 -0.2701 0.4595
vn -0.8676 -0.2961 0.3994
vn -0.8243 -0.2457 0.5101
vn -0.8736 -0.2995 0.3835
vn -0.8532 -0.2768 0.4421
vn -0.8706 -0.2922 0.3958
vn -0.8498 -0.2570 0.4603
vn -0.8530 -0.2701 0.4466
vn -0.8754 -0.3095 0.3713
vn -0.8729 -0.3054 0.3804
vn -0.8770 -0.3144 0.3633
vn -0.8047 -0.2208 0.5511
vn -0.8312 -0.2335 0.5046
vn -0.7916 -0.2029 0.5764
vn -0.8278 -0.2055 0.5221
vn -0.8521 -0.2428 0.4637
vn -0.8595 -0.2505 0.4456
vn -0.8482 -0.2287 0.4778
vn -0.8491 -0.2053 0.4866
vn -0.8512 -0.1932 0.4881
vn -0.8555 -0.1804 0.4853
vn -0.8588 -0.1704 0.4831
vn -0.8776 -0.2707 0.3956
vn -0.8411 -0.1105 0.5294
vn -0.8515 -0.1106 0.5125
vn -0.9612 -0.1866 0.2034
vn -0.9376 -0.1661 0.3054
vn -0.9378 -0.1657 0.3052
vn -0.9321 -0.1490 0.3302
vn -0.9419 -0.1681 0.2908
vn -0.9436 -0.1690 0.2847
vn -0.9389 -0.1535 0.3081
vn -0.9261 -0.1133 0.3598
vn -0.9357 -0.1155 0.3335
vn -0.9380 -0.0766 0.3381
vn -0.9462 -0.0714 0.3156
vn -0.9488 -0.1400 0.2830
vn -0.9465 -0.1009 0.3066
vn -0.9576 -0.0504 0.2838
vn -0.9612 -0.0512 0.2712
vn -0.9611 -0.0936 0.2597
vn -0.9687 0.0043 0.2483
vn -0.9462 -0.1704 0.2750
vn -0.9513 -0.1600 0.2635
vn -0.9584 -0.1446 0.2462
vn -0.9621 -0.1204 0.2449
vn -0.9656 -0.0506 0.2552
vn -0.9651 -0.0465 0.2577
vn -0.9682 -0.0161 0.2498
vn -0.9720 0.0352 0.2322
vn -0.9716 0.0694 0.2261
vn -0.9725 0.0938 0.2133
vn -0.9707 0.1545 0.1838
vn -0.9693 0.1815 0.1656
vn -0.9620 0.2269 0.1521
vn -0.9676 0.2063 0.1458
vn -0.9756 0.0896 0.2003
vn -0.9545 0.2655 0.1358
vn -0.9402 0.3285 0.0896
vn -0.9340 0.3475 0.0828
vn -0.9195 0.3886 0.0586
vn -0.9622 0.2570 0.0905
vn -0.9281 0.3703 0.0376
vn -0.9078 0.4175 0.0411
vn -0.9048 0.4258 0.0075
vn -0.9019 0.4316 -0.0173
vn -0.8976 0.4403 -0.0208
vn -0.8712 0.4876 -0.0568
vn -0.9152 0.4027 -0.0144
vn -0.8453 0.5286 -0.0783
vn -0.8552 0.5093 -0.0967
vn -0.8990 0.4339 -0.0597
vn -0.8423 0.5305 -0.0958
vn -0.8296 0.5460 -0.1173
vn -0.8381 0.5285 -0.1351
vn -0.8878 0.4485 -0.1033
vn -0.8154 0.5623 -0.1379
vn -0.7801 0.6004 -0.1757
vn -0.9397 0.3413 -0.0200
vn -0.9511 0.3072 0.0313
vn -0.9276 0.3656 -0.0768
vn -0.8200 0.5408 -0.1874
vn -0.8771 0.4546 -0.1551
vn -0.9178 0.3718 -0.1392
vn -0.7991 0.5474 -0.2487
vn -0.8634 0.4496 -0.2289
vn -0.8992 0.3754 -0.2247
vn -0.8567 0.4039 -0.3208
vn -0.8216 0.4719 -0.3199
vn -0.7842 0.5391 -0.3072
vn -0.7241 0.5896 -0.3578
vn -0.7514 0.5235 -0.4016
vn -0.7848 0.4641 -0.4107
vn -0.7305 0.6160 -0.2949
vn -0.6782 0.6402 -0.3608
vn -0.6600 0.6291 -0.4106
vn -0.6926 0.6405 -0.3316
vn -0.6791 0.5772 -0.4535
vn -0.6464 0.5909 -0.4828
vn -0.6306 0.6391 -0.4403
vn -0.6366 0.6614 -0.3967
vn -0.7522 0.6182 -0.2282
vn -0.7167 0.6478 -0.2583
vn -0.7109 0.6429 -0.2851
vn -0.7241 0.6540 -0.2191
vn -0.7472 0.6344 -0.1979
vn -0.7752 0.6083 -0.1705
vn -0.6464 0.5812 -0.4944
vn -0.6320 0.5793 -0.5148
vn -0.7060 0.5290 -0.4709
vn -0.5991 0.5914 -0.5398
vn -0.6534 0.5435 -0.5270
vn -0.7315 0.4916 -0.4726
vn -0.6175 0.5578 -0.5545
vn -0.7580 0.4548 -0.4676
vn -0.6750 0.5122 -0.5310
vn -0.6122 0.5542 -0.5640
vn -0.5879 0.5533 -0.5901
vn -0.5463 0.5635 -0.6197
vn -0.5567 0.5374 -0.6335
vn -0.6038 0.5250 -0.5998
vn -0.6931 0.4848 -0.5335
vn -0.6114 0.5106 -0.6045
vn -0.7051 0.4709 -0.5302
vn -0.5616 0.5238 -0.6405
vn -0.7774 0.4281 -0.4609
vn -0.7942 0.4093 -0.4492
vn -0.6199 0.4975 -0.6068
vn -0.7173 0.4584 -0.5247
vn -0.8061 0.3980 -0.4380
vn -0.8683 0.3378 -0.3633
vn -0.8535 0.3590 -0.3777
vn -0.8822 0.3197 -0.3457
vn -0.8203 0.3822 -0.4254
vn -0.8940 0.3040 -0.3292
vn -0.7274 0.4470 -0.5206
vn -0.8321 0.3688 -0.4142
vn -0.9047 0.2902 -0.3120
vn -0.7405 0.4287 -0.5176
vn -0.6250 0.4856 -0.6112
vn -0.6315 0.4702 -0.6165
vn -0.5073 0.5083 -0.6959
vn -0.5096 0.4846 -0.7110
vn -0.5655 0.5110 -0.6474
vn -0.5498 0.5105 -0.6612
vn -0.6400 0.4469 -0.6250
vn -0.5090 0.4583 -0.7287
vn -0.7511 0.4125 -0.5155
vn -0.5081 0.4345 -0.7437
vn -0.6457 0.4269 -0.6331
vn -0.7626 0.3907 -0.5155
vn -0.6524 0.4013 -0.6429
vn -0.5082 0.4079 -0.7585
vn -0.7718 0.3719 -0.5157
vn -0.8444 0.3523 -0.4036
vn -0.8544 0.3380 -0.3946
vn -0.8647 0.3202 -0.3869
vn -0.9271 0.2608 -0.2692
vn -0.9204 0.2710 -0.2820
vn -0.9132 0.2802 -0.2958
vn -0.9579 0.2088 -0.1972
vn -0.9535 0.2120 -0.2142
vn -0.9613 0.2075 -0.1811
vn -0.9841 0.1461 -0.1013
vn -0.9825 0.1441 -0.1179
vn -0.9845 0.1525 -0.0868
vn -0.9645 0.2039 -0.1677
vn -0.9854 0.1538 -0.0729
vn -0.9935 0.1113 0.0222
vn -0.9942 0.1071 0.0085
vn -0.9953 0.0968 -0.0058
vn -0.9680 0.1977 -0.1549
vn -0.9866 0.1516 -0.0601
vn -0.9927 0.0664 0.1005
vn -0.9882 0.1453 -0.0479
vn -0.9852 0.0181 0.1702
vn -0.9947 0.0562 0.0864
vn -0.9877 0.0132 0.1557
vn -0.9962 0.0490 0.0727
vn -0.9957 0.0899 -0.0202
vn -0.9947 0.0968 -0.0355
vn -0.9968 0.0543 0.0585
vn -0.9898 0.0184 0.1413
vn -0.9915 0.0345 0.1258
vn -0.9965 0.0722 0.0428
vn -0.9920 0.1150 -0.0522
vn -0.9926 0.0586 0.1065
vn -0.9946 0.1012 0.0248
vn -0.9869 0.1455 -0.0698
vn -0.9914 0.1018 0.0825
vn -0.9895 0.1443 0.0034
vn -0.9783 0.1867 -0.0900
vn -0.9650 0.2393 -0.1074
vn -0.9781 0.2070 -0.0226
vn -0.9849 0.1651 0.0528
vn -0.9831 0.0171 0.1824
vn -0.9865 0.0528 0.1549
vn -0.9855 0.1184 0.1214
vn -0.9665 -0.0275 0.2553
vn -0.9736 0.0035 0.2283
vn -0.9798 0.0614 0.1901
vn -0.9780 0.1508 0.1442
vn -0.9759 0.2028 0.0802
vn -0.9682 0.2497 0.0165
vn -0.9587 0.2803 -0.0473
vn -0.9444 0.3033 -0.1271
vn -0.9219 0.3219 -0.2157
vn -0.9393 0.2741 -0.2061
vn -0.8790 0.3580 -0.3149
vn -0.8970 0.3234 -0.3015
vn -0.9539 0.2335 -0.1886
vn -0.9125 0.2909 -0.2876
vn -0.8121 0.4228 -0.4020
vn -0.8346 0.3868 -0.3921
vn -0.9262 0.2640 -0.2693
vn -0.9649 0.1983 -0.1721
vn -0.9374 0.2408 -0.2517
vn -0.9732 0.1714 -0.1530
vn -0.9466 0.2236 -0.2323
vn -0.9791 0.1519 -0.1351
vn -0.9595 -0.0388 0.2791
vn -0.9795 -0.0035 0.2014
vn -0.9539 -0.0477 0.2964
vn -0.9756 -0.0146 0.2193
vn -0.9721 -0.0201 0.2339
vn -0.9483 -0.0511 0.3133
vn -0.9683 -0.0174 0.2490
vn -0.9430 -0.0516 0.3287
vn -0.9713 0.1898 -0.1433
vn -0.9394 0.2368 -0.2478
vn -0.9334 0.2493 -0.2582
vn -0.8830 0.2844 -0.3735
vn -0.8737 0.3035 -0.3802
vn -0.7916 0.3270 -0.5162
vn -0.8028 0.3026 -0.5138
vn -0.7825 0.3484 -0.5161
vn -0.8130 0.2799 -0.5106
vn -0.6834 0.3067 -0.6625
vn -0.6712 0.3310 -0.6633
vn -0.6648 0.3538 -0.6580
vn -0.8260 0.2587 -0.5009
vn -0.6942 0.2870 -0.6601
vn -0.8389 0.2389 -0.4890
vn -0.7157 0.2825 -0.6388
vn -0.7443 0.2683 -0.6116
vn -0.8567 0.2260 -0.4636
vn -0.8768 0.2006 -0.4370
vn -0.7792 0.2503 -0.5747
vn -0.5284 0.3114 -0.7898
vn -0.5863 0.3262 -0.7415
vn -0.6552 0.2947 -0.6956
vn -0.7036 0.2492 -0.6655
vn -0.8152 0.2144 -0.5381
vn -0.8946 0.1773 -0.4103
vn -0.8410 0.1814 -0.5098
vn -0.9124 0.1447 -0.3829
vn -0.7458 0.2122 -0.6315
vn -0.4860 0.3119 -0.8164
vn -0.5653 0.2692 -0.7797
vn -0.6155 0.2306 -0.7537
vn -0.2799 0.3010 -0.9116
vn -0.3662 0.2580 -0.8940
vn -0.4350 0.2301 -0.8705
vn -0.6595 0.2068 -0.7227
vn -0.7767 0.1834 -0.6026
vn -0.4844 0.2096 -0.8494
vn -0.1797 0.1933 -0.9645
vn -0.1152 0.2147 -0.9699
vn -0.2323 0.1869 -0.9545
vn 0.1194 0.1276 -0.9846
vn 0.0779 0.1313 -0.9883
vn 0.1606 0.1250 -0.9791
vn -0.2784 0.1786 -0.9437
vn -0.5295 0.1951 -0.8256
vn 0.0408 0.1374 -0.9897
vn 0.3917 0.0412 -0.9192
vn 0.3764 0.0621 -0.9244
vn 0.5821 -0.0007 -0.8131
vn 0.5880 -0.0294 -0.8083
vn 0.7076 -0.0778 -0.7023
vn 0.7082 -0.0416 -0.7048
vn 0.7788 -0.0868 -0.6212
vn 0.7554 -0.0862 -0.6495
vn 0.7031 -0.1170 -0.7014
vn 0.7504 -0.1275 -0.6485
vn 0.7532 -0.1180 -0.6471
vn 0.5909 -0.0599 -0.8045
vn 0.6860 -0.1284 -0.7162
vn 0.6594 -0.1106 -0.7436
vn 0.5948 -0.0882 -0.7990
vn 0.6571 -0.1184 -0.7445
vn 0.4368 0.0127 -0.8995
vn 0.4132 0.0265 -0.9103
vn 0.5810 -0.0905 -0.8089
vn 0.4239 0.0257 -0.9053
vn 0.5438 -0.0584 -0.8372
vn 0.3706 0.0659 -0.9264
vn 0.2127 0.1339 -0.9679
vn 0.2771 0.1351 -0.9513
vn 0.4080 0.0637 -0.9108
vn 0.2852 0.1494 -0.9467
vn 0.0684 0.2582 -0.9637
vn 0.1552 0.2496 -0.9558
vn 0.2292 0.1961 -0.9534
vn -0.0307 0.2332 -0.9719
vn -0.1553 0.3178 -0.9354
vn -0.4041 0.3533 -0.8437
vn -0.0154 0.3718 -0.9282
vn -0.2435 0.3374 -0.9093
vn 0.0758 0.3436 -0.9361
vn -0.0387 0.3128 -0.9490
vn -0.2792 0.3115 -0.9083
vn -0.1227 0.3152 -0.9411
vn -0.1031 0.3190 -0.9421
vn -0.5136 0.3188 -0.7966
vn -0.2877 0.3192 -0.9030
vn -0.5026 0.3297 -0.7992
vn -0.5018 0.3411 -0.7949
vn -0.2993 0.3264 -0.8966
vn -0.5002 0.3640 -0.7857
vn -0.3112 0.3485 -0.8842
vn -0.1904 0.3180 -0.9288
vn -0.1858 0.3105 -0.9322
vn -0.1638 0.3105 -0.9364
vn -0.1967 0.3282 -0.9239
vn -0.2092 0.3382 -0.9175
vn -0.3247 0.3740 -0.8687
vn -0.2276 0.3656 -0.9025
vn -0.2265 0.3520 -0.9082
vn -0.5029 0.3854 -0.7737
vn -0.2291 0.3854 -0.8939
vn -0.3357 0.4018 -0.8520
vn -0.2426 0.3939 -0.8866
vn -0.6571 0.3799 -0.6511
vn -0.4303 0.4281 -0.7947
vn -0.4085 0.4178 -0.8115
vn -0.2626 0.4065 -0.8751
vn -0.4360 0.4566 -0.7755
vn -0.4360 0.4457 -0.7818
vn -0.4358 0.4777 -0.7628
vn -0.4394 0.4855 -0.7558
vn -0.4448 0.5094 -0.7367
vn -0.4464 0.5009 -0.7415
vn -0.1466 0.3104 -0.9392
vn 0.0947 0.2948 -0.9509
vn 0.1845 0.2527 -0.9498
vn 0.3043 0.1911 -0.9332
vn 0.8290 -0.1094 -0.5485
vn -0.6935 0.1860 -0.6960
vn -0.8054 0.1617 -0.5703
vn -0.8842 0.1272 -0.4495
vn -0.8648 0.1509 -0.4788
vn -0.9271 0.1149 -0.3569
vn -0.9399 0.0894 -0.3296
vn -0.9607 0.1100 -0.2548
vn -0.9692 0.0784 -0.2333
vn -0.9754 0.0569 -0.2128
vn -0.9875 0.0763 -0.1380
vn -0.9510 0.1386 -0.2763
vn -0.9822 0.1059 -0.1550
vn 0.7631 -0.5636 0.3163
vn 0.7515 -0.5896 0.2960
vn 0.8534 -0.4729 0.2192
vn 0.8590 -0.4592 0.2265
vn 0.8681 -0.4434 0.2230
vn 0.8517 -0.4553 0.2594
vn 0.8558 -0.4398 0.2723
vn 0.9642 -0.2644 0.0206
vn 0.9533 -0.3010 0.0265
vn 0.9675 -0.2455 -0.0614
vn 0.9590 -0.2815 -0.0331
vn 0.9433 -0.3292 0.0432
vn 0.9333 -0.3543 0.0582
vn -0.2710 -0.7697 0.5780
vn -0.0684 -0.7905 0.6086
vn -0.2870 -0.7518 0.5937
vn -0.0839 -0.7770 0.6239
vn 0.1559 -0.7746 0.6130
vn 0.1388 -0.7701 0.6226
vn 0.1266 -0.7556 0.6427
vn -0.1009 -0.7553 0.6476
vn -0.3045 -0.7245 0.6183
vn -0.1152 -0.7253 0.6787
vn 0.1140 -0.7323 0.6714
vn -0.1297 -0.6873 0.7147
vn 0.3576 -0.6990 0.6193
vn 0.3656 -0.7158 0.5949
vn 0.3783 -0.7209 0.5807
vn 0.5984 -0.6264 0.4995
vn 0.6098 -0.6211 0.4923
vn 0.3931 -0.7145 0.5788
vn 0.6287 -0.5980 0.4971
vn 0.6471 -0.5722 0.5038
vn 0.4117 -0.7041 0.5786
vn 0.1047 -0.6995 0.7070
vn 0.0963 -0.6488 0.7548
vn -0.1398 -0.6313 0.7629
vn -0.7832 0.2921 -0.5489
vn -0.7829 0.3289 -0.5282
vn -0.7781 0.3735 -0.5050
vn -0.7685 0.4356 -0.4688
vn 0.7701 0.5127 -0.3796
vn 0.8519 0.4372 -0.2885
vn 0.8681 0.3187 -0.3806
vn 0.8581 0.1972 -0.4740
vn 0.9151 0.3531 -0.1949
vn 0.9291 0.2411 -0.2804
vn 0.9197 0.1255 -0.3721
vn 0.8235 0.0751 -0.5624
vn 0.8808 0.0281 -0.4727
vn 0.9636 0.0472 -0.2633
vn 0.9747 0.1426 -0.1722
vn 0.9218 -0.0515 -0.3843
vn 0.8599 -0.0806 -0.5040
vn 0.8109 -0.0440 -0.5835
vn 0.7940 0.0064 -0.6079
vn 0.9636 -0.0950 -0.2500
vn 0.8933 -0.1252 -0.4316
vn 0.9894 -0.0572 -0.1332
vn 0.9973 0.0366 -0.0631
vn 0.9616 0.2551 -0.1015
vn 0.9901 0.1403 -0.0040
vn 0.3360 -0.3136 0.8881
vn -0.4671 -0.0305 0.8837
vn -0.4606 0.0417 0.8866
vn -0.4524 0.1079 0.8853
vn -0.2847 0.1684 0.9437
vn -0.4440 0.1797 0.8778
vn -0.2791 0.2679 0.9221
vn -0.4314 0.2710 0.8605
vn -0.5927 0.2724 0.7580
vn -0.6085 0.1884 0.7709
vn -0.6201 0.1257 0.7744
vn -0.7733 0.1922 0.6042
vn -0.7576 0.2614 0.5981
vn -0.7847 0.1390 0.6041
vn -0.9202 0.1438 0.3641
vn -0.9117 0.1828 0.3680
vn -0.8983 0.2373 0.3699
vn -0.8787 0.3049 0.3674
vn -0.7319 0.3527 0.5831
vn -0.5685 0.3763 0.7316
vn -0.5299 0.5041 0.6820
vn -0.6927 0.4622 0.5537
vn -0.3811 0.5237 0.7619
vn -0.4122 0.3877 0.8245
vn -0.6356 0.5767 0.5133
vn -0.5846 0.6577 0.4750
vn -0.9803 0.1659 0.1070
vn -0.9789 0.1440 -0.1448
vn -0.9795 0.1311 -0.1532
vn -0.9852 0.1399 0.0991
vn -0.9282 0.1086 0.3558
vn -0.9887 0.1213 0.0877
vn -0.9779 0.1283 -0.1652
vn -0.9058 0.1144 -0.4081
vn -0.9092 0.1177 -0.3995
vn -0.8997 0.1272 -0.4176
vn -0.9746 0.1363 -0.1776
vn -0.8913 0.1543 -0.4263
vn -0.9911 0.1098 0.0756
vn -0.9698 0.1501 -0.1921
vn -0.8811 0.1831 -0.4360
vn -0.9922 0.1087 0.0603
vn -0.7255 0.1581 -0.6699
vn -0.7135 0.2026 -0.6707
vn -0.4862 0.2004 -0.8505
vn -0.7359 0.1139 -0.6674
vn -0.7436 0.0816 -0.6636
vn -0.7469 0.0741 -0.6608
vn -0.9349 0.0784 0.3461
vn -0.9410 0.0579 0.3334
vn -0.8131 0.0057 0.5821
vn -0.8230 -0.0147 0.5679
vn -0.8044 0.0408 0.5926
vn -0.6616 -0.0708 0.7465
vn -0.6494 -0.0431 0.7593
vn -0.6403 0.0042 0.7681
vn -0.4760 -0.0838 0.8755
vn -0.4870 -0.1191 0.8653
vn -0.6306 0.0652 0.7734
vn -0.7955 0.0897 0.5993
vn -0.5048 -0.1420 0.8515
vn -0.6774 -0.0898 0.7301
vn -0.8354 -0.0271 0.5490
vn -0.6939 -0.1109 0.7115
vn -0.8480 -0.0418 0.5284
vn -0.5233 -0.1680 0.8354
vn -0.5411 -0.2040 0.8158
vn -0.7101 -0.1407 0.6899
vn -0.8696 -0.1020 0.4831
vn -0.8598 -0.0639 0.5067
vn -0.8716 -0.1626 0.4625
vn -0.8679 -0.2327 0.4388
vn 0.9334 -0.0830 -0.3490
vn 0.9033 -0.1561 -0.3996
vn 0.9626 -0.1726 -0.2088
vn 0.9415 -0.2295 -0.2467
vn 0.8800 -0.2125 -0.4248
vn 0.9642 -0.2437 -0.1048
vn 0.9169 -0.2905 -0.2736
vn 0.8535 -0.2697 -0.4458
vn 0.9434 -0.3030 -0.1352
vn 0.9460 -0.3194 -0.0553
vn -0.8026 0.5805 0.1368
vn -0.1261 -0.2846 -0.9503
vn -0.1285 -0.3757 -0.9178
vn 0.0091 -0.3468 -0.9379
vn -0.1173 -0.4788 -0.8700
vn 0.0067 -0.4607 -0.8875
vn 0.1826 -0.4527 -0.8728
vn 0.0120 -0.5777 -0.8162
vn -0.1024 -0.5835 -0.8056
vn 0.1678 -0.5736 -0.8018
vn -0.0798 -0.6746 -0.7339
vn 0.0171 -0.6793 -0.7336
vn 0.1515 -0.6765 -0.7207
vn 0.0234 -0.7565 -0.6536
vn -0.0580 -0.7473 -0.6620
vn -0.1234 -0.7317 -0.6704
vn -0.0381 -0.7981 -0.6013
vn 0.0283 -0.8110 -0.5844
vn -0.0913 -0.7815 -0.6172
vn 0.1200 -0.8116 -0.5718
vn 0.1344 -0.7569 -0.6395
vn 0.2925 -0.6654 -0.6868
vn 0.2557 -0.7411 -0.6208
vn 0.2191 -0.8006 -0.5577
vn 0.4045 -0.6495 -0.6438
vn 0.3601 -0.7167 -0.5972
vn 0.3124 -0.7766 -0.5470
vn 0.2684 -0.8219 -0.5025
vn 0.1954 -0.8368 -0.5114
vn 0.1091 -0.8445 -0.5243
vn 0.4554 -0.6884 -0.5645
vn 0.3972 -0.7502 -0.5286
vn 0.3414 -0.8042 -0.4865
vn 0.2468 -0.8486 -0.4679
vn 0.3031 -0.8382 -0.4534
vn 0.1801 -0.8565 -0.4837
vn 0.1783 -0.8705 -0.4587
vn 0.1080 -0.8573 -0.5034
vn 0.0326 -0.8395 -0.5423
vn -0.0216 -0.8276 -0.5610
vn -0.0669 -0.8127 -0.5788
vn 0.4993 -0.6352 -0.5892
vn -0.6262 0.5760 0.5255
vn -0.6979 0.6239 0.3516
vn -0.5313 0.6174 0.5802
vn -0.2170 0.5357 0.8161
vn -0.6731 0.6332 0.3821
vn -0.7578 0.6107 0.2296
vn -0.7455 0.6148 0.2575
vn -0.8210 0.5562 0.1290
vn -0.8218 0.5504 0.1476
vn -0.9017 0.4320 0.0164
vn -0.9032 0.4284 0.0268
vn -0.7395 0.6108 0.2829
vn -0.8187 0.5487 0.1694
vn -0.9077 0.4175 0.0430
vn -0.6387 0.6479 0.4151
vn -0.6276 0.6411 0.4416
vn -0.4574 0.6560 0.6004
vn -0.4179 0.6569 0.6275
vn -0.6349 0.5994 0.4874
vn -0.0914 0.5772 0.8115
vn 0.7809 0.0276 -0.6241
vn 0.7865 0.0175 -0.6174
vn 0.8642 -0.0218 -0.5027
vn 0.9740 -0.2203 0.0529
vn 0.9711 -0.2264 0.0757
vn 0.9667 -0.2294 0.1138
vn 0.9634 -0.2306 0.1369
vn 0.9633 -0.2276 0.1421
vn -0.8460 -0.3560 0.3968
vn -0.8747 -0.3071 0.3750
vn -0.8887 -0.2805 0.3628
vn -0.9014 -0.2450 0.3570
vn -0.9103 -0.2177 0.3522
vn -0.9168 -0.1961 0.3478
vn -0.9241 -0.1684 0.3430
vt 0.393000 0.707300
vt 0.394000 0.714000
vt 0.391100 0.714600
vt 0.390000 0.708100
vt 0.396000 0.706600
vt 0.397000 0.713300
vt 0.391600 0.701600
vt 0.394700 0.700800
vt 0.388700 0.702400
vt 0.387000 0.708900
vt 0.385700 0.703300
vt 0.388100 0.715400
vt 0.389000 0.722700
vt 0.392100 0.721900
vt 0.395000 0.721200
vt 0.384900 0.716200
vt 0.383800 0.709700
vt 0.385800 0.723500
vt 0.380400 0.710700
vt 0.381400 0.717100
vt 0.382400 0.724400
vt 0.390100 0.730500
vt 0.386900 0.731300
vt 0.383500 0.732200
vt 0.378700 0.725400
vt 0.377600 0.718200
vt 0.379800 0.733300
vt 0.384800 0.740500
vt 0.388200 0.739500
vt 0.381200 0.741500
vt 0.377400 0.742700
vt 0.375900 0.734400
vt 0.374600 0.726600
vt 0.373400 0.743900
vt 0.371800 0.735700
vt 0.370400 0.727800
vt 0.366100 0.729200
vt 0.367600 0.737100
vt 0.369300 0.745300
vt 0.369200 0.720600
vt 0.373500 0.719300
vt 0.364700 0.722000
vt 0.372500 0.713000
vt 0.368100 0.714300
vt 0.363500 0.715700
vt 0.376600 0.711800
vt 0.371400 0.707700
vt 0.375500 0.706400
vt 0.379300 0.705300
vt 0.382600 0.704200
vt 0.378000 0.700800
vt 0.381300 0.699600
vt 0.374300 0.702000
vt 0.376600 0.697000
vt 0.379700 0.695800
vt 0.373100 0.698300
vt 0.370300 0.703400
vt 0.369200 0.699800
vt 0.368100 0.696600
vt 0.371800 0.695200
vt 0.375100 0.693900
vt 0.370400 0.692500
vt 0.373500 0.691200
vt 0.367000 0.693800
vt 0.364200 0.698100
vt 0.363300 0.695100
vt 0.365100 0.701300
vt 0.360000 0.699600
vt 0.360800 0.702800
vt 0.359400 0.696400
vt 0.358900 0.693300
vt 0.362500 0.692200
vt 0.366000 0.691200
vt 0.358500 0.690200
vt 0.361900 0.689400
vt 0.365100 0.688700
vt 0.355400 0.697900
vt 0.355100 0.694500
vt 0.355000 0.691000
vt 0.358594 0.687199
vt 0.361555 0.686982
vt 0.358314 0.687223
vt 0.355100 0.687500
vt 0.355349 0.687461
vt 0.351900 0.688000
vt 0.351500 0.692000
vt 0.351300 0.695800
vt 0.347300 0.697200
vt 0.347900 0.693000
vt 0.348600 0.688600
vt 0.351200 0.699400
vt 0.346900 0.701200
vt 0.343200 0.698800
vt 0.342300 0.703300
vt 0.344200 0.694100
vt 0.337500 0.705800
vt 0.338800 0.700700
vt 0.340400 0.695300
vt 0.345400 0.689200
vt 0.345228 0.689231
vt 0.341900 0.690447
vt 0.339231 0.691788
vt 0.336400 0.696500
vt 0.337940 0.692347
vt 0.334300 0.702700
vt 0.279748 0.402790
vt 0.279769 0.402877
vt 0.279800 0.402941
vt 0.279987 0.403420
vt 0.282919 0.413484
vt 0.287940 0.421491
vt 0.289762 0.425475
vt 0.294719 0.431416
vt 0.301843 0.438786
vt 0.307748 0.442331
vt 0.319643 0.452067
vt 0.341417 0.462329
vt 0.342160 0.462575
vt 0.342803 0.462747
vt 0.347935 0.464508
vt 0.367383 0.471430
vt 0.387733 0.477241
vt 0.392792 0.479082
vt 0.403440 0.482212
vt 0.418261 0.486098
vt 0.426416 0.488057
vt 0.442826 0.492893
vt 0.443749 0.493209
vt 0.460459 0.498476
vt 0.470067 0.502021
vt 0.483767 0.506475
vt 0.491255 0.509253
vt 0.497008 0.511574
vt 0.516356 0.518301
vt 0.524854 0.521479
vt 0.547383 0.528685
vt 0.553251 0.530610
vt 0.579501 0.537708
vt 0.582078 0.538400
vt 0.611159 0.544264
vt 0.613174 0.544521
vt 0.616354 0.544878
vt 0.640200 0.547459
vt 0.649558 0.547616
vt 0.668918 0.547468
vt 0.678309 0.546488
vt 0.694001 0.544826
vt 0.696918 0.544460
vt 0.699875 0.543808
vt 0.723655 0.538954
vt 0.736264 0.535128
vt 0.746739 0.531959
vt 0.748684 0.531409
vt 0.771623 0.522027
vt 0.792271 0.509371
vt 0.793949 0.507755
vt 0.803396 0.498934
vt 0.810836 0.492190
vt 0.815922 0.484902
vt 0.821586 0.477177
vt 0.827719 0.469332
vt 0.831430 0.461928
vt 0.836579 0.452391
vt 0.843525 0.440750
vt 0.844595 0.438065
vt 0.850079 0.425550
vt 0.856538 0.412535
vt 0.857648 0.410469
vt 0.862064 0.397244
vt 0.867306 0.383913
vt 0.868326 0.381466
vt 0.870807 0.367922
vt 0.874105 0.354891
vt 0.874050 0.350427
vt 0.873622 0.338350
vt 0.874080 0.331186
vt 0.870030 0.311098
vt 0.869609 0.309364
vt 0.869561 0.308618
vt 0.869090 0.306981
vt 0.862107 0.288820
vt 0.857260 0.281265
vt 0.854475 0.270661
vt 0.850617 0.259405
vt 0.848420 0.255596
vt 0.846278 0.251477
vt 0.842315 0.242325
vt 0.839351 0.235762
vt 0.836446 0.230381
vt 0.832651 0.223502
vt 0.830544 0.219286
vt 0.828862 0.216140
vt 0.824210 0.208520
vt 0.817565 0.198322
vt 0.817411 0.198063
vt 0.817288 0.197870
vt 0.816444 0.196696
vt 0.809006 0.187861
vt 0.802773 0.180896
vt 0.799940 0.177959
vt 0.795375 0.173494
vt 0.790314 0.168322
vt 0.786778 0.164917
vt 0.779976 0.158752
vt 0.770422 0.150471
vt 0.768528 0.149049
vt 0.754693 0.139003
vt 0.739787 0.128413
vt 0.722642 0.116842
vt 0.719881 0.115101
vt 0.700946 0.104158
vt 0.676375 0.090742
vt 0.660115 0.082494
vt 0.648552 0.076985
vt 0.618656 0.064351
vt 0.610713 0.061455
vt 0.592411 0.055454
vt 0.587146 0.053828
vt 0.564132 0.048143
vt 0.552815 0.045840
vt 0.524236 0.041551
vt 0.514585 0.039948
vt 0.510479 0.039429
vt 0.500766 0.038515
vt 0.474432 0.036554
vt 0.455301 0.035711
vt 0.434153 0.035437
vt 0.416954 0.035791
vt 0.403632 0.036485
vt 0.396082 0.037236
vt 0.369071 0.041428
vt 0.362681 0.042312
vt 0.361111 0.042601
vt 0.358718 0.043237
vt 0.332111 0.053253
vt 0.327903 0.054983
vt 0.323766 0.057299
vt 0.306955 0.071843
vt 0.304158 0.074120
vt 0.303774 0.074585
vt 0.302998 0.075966
vt 0.292799 0.092211
vt 0.289208 0.101397
vt 0.286919 0.110642
vt 0.284986 0.123354
vt 0.283592 0.129178
vt 0.282559 0.133218
vt 0.280478 0.147838
vt 0.278350 0.161370
vt 0.277273 0.165672
vt 0.277146 0.166607
vt 0.276967 0.167925
vt 0.273024 0.185497
vt 0.270403 0.196424
vt 0.269682 0.204229
vt 0.268690 0.215540
vt 0.267328 0.222736
vt 0.266600 0.227108
vt 0.266359 0.240800
vt 0.266745 0.257947
vt 0.266735 0.258083
vt 0.266737 0.258198
vt 0.268200 0.273442
vt 0.270102 0.283193
vt 0.271634 0.287163
vt 0.274047 0.293376
vt 0.274725 0.297424
vt 0.276468 0.301852
vt 0.277300 0.304574
vt 0.278180 0.310468
vt 0.279694 0.314645
vt 0.280618 0.319537
vt 0.280939 0.322724
vt 0.281392 0.324420
vt 0.282202 0.331737
vt 0.282229 0.332025
vt 0.282614 0.338224
vt 0.282442 0.345158
vt 0.282435 0.347001
vt 0.282358 0.348513
vt 0.281687 0.356631
vt 0.280631 0.365560
vt 0.280550 0.366404
vt 0.279399 0.374937
vt 0.279270 0.375646
vt 0.278052 0.384522
vt 0.278060 0.385060
vt 0.278009 0.393435
vt 0.335890 0.693481
vt 0.332300 0.697700
vt 0.333322 0.695051
vt 0.331787 0.696057
vt 0.327800 0.699100
vt 0.328095 0.698144
vt 0.324900 0.706600
vt 0.329600 0.704700
vt 0.332400 0.708600
vt 0.327100 0.711600
vt 0.322000 0.714100
vt 0.331100 0.713900
vt 0.336600 0.710400
vt 0.325300 0.717700
vt 0.336300 0.714500
vt 0.330800 0.718200
vt 0.325100 0.722300
vt 0.331200 0.722100
vt 0.336700 0.718300
vt 0.325800 0.726100
vt 0.318700 0.722300
vt 0.319800 0.726700
vt 0.321000 0.730200
vt 0.332100 0.726000
vt 0.327000 0.729900
vt 0.322400 0.733800
vt 0.333600 0.730600
vt 0.328600 0.734200
vt 0.324000 0.737900
vt 0.335500 0.736100
vt 0.330600 0.739500
vt 0.326100 0.742900
vt 0.328400 0.748600
vt 0.332900 0.745600
vt 0.337700 0.742500
vt 0.338800 0.727100
vt 0.340600 0.732900
vt 0.342700 0.739500
vt 0.340000 0.749300
vt 0.335300 0.752100
vt 0.344900 0.746700
vt 0.347600 0.736800
vt 0.345700 0.729900
vt 0.349700 0.744300
vt 0.351900 0.752000
vt 0.347100 0.754200
vt 0.342300 0.756600
vt 0.354000 0.759900
vt 0.349300 0.761800
vt 0.344500 0.763900
vt 0.356000 0.767600
vt 0.351200 0.769300
vt 0.346400 0.771100
vt 0.341600 0.773000
vt 0.339700 0.766000
vt 0.337600 0.759000
vt 0.348200 0.778200
vt 0.343400 0.779800
vt 0.353100 0.776600
vt 0.337000 0.774900
vt 0.335100 0.768200
vt 0.338700 0.781500
vt 0.349800 0.784800
vt 0.345000 0.786200
vt 0.340200 0.787700
vt 0.351300 0.790900
vt 0.346400 0.792200
vt 0.341700 0.793500
vt 0.335800 0.789200
vt 0.334300 0.783100
vt 0.337200 0.794800
vt 0.331600 0.790600
vt 0.330100 0.784800
vt 0.332800 0.796000
vt 0.334000 0.801200
vt 0.338400 0.800000
vt 0.343000 0.798800
vt 0.344100 0.803900
vt 0.339500 0.805100
vt 0.335000 0.806200
vt 0.329600 0.802300
vt 0.328600 0.797200
vt 0.330400 0.807400
vt 0.336000 0.811100
vt 0.340500 0.809900
vt 0.331200 0.812400
vt 0.325600 0.814200
vt 0.325600 0.808300
vt 0.325100 0.803200
vt 0.319900 0.813000
vt 0.320700 0.808500
vt 0.320600 0.803800
vt 0.314800 0.812300
vt 0.315800 0.808300
vt 0.316000 0.804100
vt 0.315700 0.799800
vt 0.320100 0.799100
vt 0.324400 0.798300
vt 0.311300 0.804300
vt 0.311200 0.800300
vt 0.310900 0.808100
vt 0.306500 0.804200
vt 0.306700 0.800500
vt 0.306000 0.807800
vt 0.309900 0.811800
vt 0.304900 0.811400
vt 0.313000 0.816200
vt 0.308200 0.815500
vt 0.303200 0.814900
vt 0.301000 0.818400
vt 0.305900 0.819100
vt 0.310400 0.819900
vt 0.307200 0.823600
vt 0.302900 0.822700
vt 0.298300 0.821900
vt 0.293300 0.821100
vt 0.295900 0.817600
vt 0.298100 0.814100
vt 0.290800 0.816600
vt 0.292900 0.813200
vt 0.288300 0.820200
vt 0.285400 0.823700
vt 0.290300 0.824700
vt 0.295000 0.825500
vt 0.280500 0.822600
vt 0.283300 0.819000
vt 0.285700 0.815500
vt 0.280900 0.814000
vt 0.278500 0.817600
vt 0.275800 0.821200
vt 0.283100 0.810500
vt 0.287900 0.812000
vt 0.284900 0.807100
vt 0.289600 0.808600
vt 0.294600 0.809800
vt 0.299800 0.810700
vt 0.295900 0.806500
vt 0.300900 0.807300
vt 0.291000 0.805400
vt 0.296800 0.803200
vt 0.301600 0.803900
vt 0.292100 0.802300
vt 0.297400 0.800000
vt 0.302000 0.800400
vt 0.292800 0.799300
vt 0.287600 0.801100
vt 0.288600 0.798300
vt 0.286400 0.804000
vt 0.297700 0.796700
vt 0.293400 0.796200
vt 0.289400 0.795400
vt 0.284600 0.796900
vt 0.285600 0.794300
vt 0.283500 0.799500
vt 0.282200 0.792800
vt 0.281000 0.795200
vt 0.279800 0.797700
vt 0.282200 0.802300
vt 0.278300 0.800400
vt 0.276400 0.795700
vt 0.277800 0.793300
vt 0.274900 0.798300
vt 0.276700 0.803400
vt 0.280600 0.805400
vt 0.273100 0.801200
vt 0.273300 0.793500
vt 0.271700 0.796100
vt 0.269900 0.798900
vt 0.268900 0.793800
vt 0.270500 0.791300
vt 0.267000 0.796600
vt 0.264300 0.794300
vt 0.266200 0.791400
vt 0.267900 0.788900
vt 0.261600 0.791800
vt 0.263500 0.789000
vt 0.265300 0.786400
vt 0.267300 0.783900
vt 0.269700 0.786700
vt 0.272100 0.789000
vt 0.271500 0.784700
vt 0.269400 0.781900
vt 0.273700 0.787100
vt 0.273300 0.783200
vt 0.275300 0.785300
vt 0.271800 0.780700
vt 0.267600 0.778100
vt 0.264700 0.781100
vt 0.271200 0.777700
vt 0.275200 0.781800
vt 0.274100 0.779800
vt 0.273700 0.777300
vt 0.269300 0.773400
vt 0.272000 0.774200
vt 0.274500 0.774500
vt 0.275700 0.776900
vt 0.276000 0.778800
vt 0.276400 0.774700
vt 0.276000 0.771400
vt 0.277800 0.772100
vt 0.273800 0.770500
vt 0.278000 0.768100
vt 0.279700 0.769200
vt 0.276000 0.766900
vt 0.279400 0.772800
vt 0.278000 0.775000
vt 0.281200 0.770200
vt 0.283200 0.767500
vt 0.281800 0.766200
vt 0.280200 0.764900
vt 0.284000 0.763400
vt 0.285300 0.764900
vt 0.282600 0.761800
vt 0.287600 0.762200
vt 0.286400 0.760500
vt 0.285000 0.758900
vt 0.287500 0.755900
vt 0.288900 0.757700
vt 0.290000 0.759400
vt 0.283400 0.757200
vt 0.285900 0.754200
vt 0.280900 0.760300
vt 0.290100 0.752900
vt 0.291500 0.754700
vt 0.288500 0.751100
vt 0.286500 0.749500
vt 0.284000 0.752500
vt 0.281500 0.755600
vt 0.281600 0.751000
vt 0.284000 0.747900
vt 0.279200 0.754000
vt 0.279000 0.758700
vt 0.276700 0.757200
vt 0.276400 0.762000
vt 0.274100 0.760500
vt 0.278500 0.763500
vt 0.276600 0.752600
vt 0.274200 0.755700
vt 0.271600 0.758900
vt 0.269000 0.757200
vt 0.271500 0.754200
vt 0.273900 0.751200
vt 0.268900 0.762200
vt 0.266200 0.760300
vt 0.271400 0.764000
vt 0.266100 0.765700
vt 0.268800 0.767700
vt 0.263300 0.763400
vt 0.260700 0.761000
vt 0.263700 0.758300
vt 0.266500 0.755500
vt 0.258500 0.758500
vt 0.261400 0.756200
vt 0.264100 0.753800
vt 0.268900 0.752700
vt 0.266400 0.751200
vt 0.262000 0.752100
vt 0.264000 0.749900
vt 0.259500 0.754100
vt 0.257900 0.752000
vt 0.260100 0.750600
vt 0.261800 0.748600
vt 0.256700 0.755900
vt 0.255200 0.753200
vt 0.258900 0.749400
vt 0.257000 0.749900
vt 0.254200 0.750600
vt 0.256900 0.747700
vt 0.259500 0.747800
vt 0.254100 0.747900
vt 0.252100 0.754400
vt 0.251100 0.751200
vt 0.250800 0.748200
vt 0.254300 0.745200
vt 0.251100 0.745300
vt 0.257500 0.745300
vt 0.251400 0.742400
vt 0.254900 0.742500
vt 0.258300 0.742700
vt 0.260400 0.745600
vt 0.261500 0.743100
vt 0.264500 0.743800
vt 0.263200 0.746400
vt 0.265800 0.747400
vt 0.267500 0.744800
vt 0.269000 0.742000
vt 0.265800 0.741100
vt 0.262500 0.740400
vt 0.263600 0.737600
vt 0.267100 0.738300
vt 0.270400 0.739100
vt 0.273700 0.740100
vt 0.272100 0.743000
vt 0.270300 0.745900
vt 0.275200 0.744100
vt 0.273200 0.747000
vt 0.277000 0.741100
vt 0.268500 0.748600
vt 0.271100 0.749900
vt 0.276100 0.748300
vt 0.279000 0.749600
vt 0.281200 0.746600
vt 0.278200 0.745300
vt 0.280300 0.742300
vt 0.283400 0.743500
vt 0.286400 0.744900
vt 0.288900 0.746400
vt 0.285500 0.740400
vt 0.288600 0.741700
vt 0.291300 0.743200
vt 0.287600 0.737200
vt 0.290800 0.738500
vt 0.293700 0.739900
vt 0.282200 0.739200
vt 0.284100 0.736000
vt 0.289500 0.733900
vt 0.285900 0.732700
vt 0.292900 0.735100
vt 0.287500 0.729300
vt 0.291300 0.730400
vt 0.294900 0.731600
vt 0.293000 0.726800
vt 0.296700 0.727900
vt 0.289100 0.725800
vt 0.282100 0.731700
vt 0.283600 0.728400
vt 0.285000 0.724900
vt 0.286200 0.721400
vt 0.290400 0.722200
vt 0.294500 0.723000
vt 0.288515 0.717979
vt 0.291600 0.718400
vt 0.286915 0.718827
vt 0.295800 0.719100
vt 0.298400 0.723900
vt 0.300000 0.719800
vt 0.300200 0.729000
vt 0.302100 0.724800
vt 0.303900 0.720400
vt 0.298100 0.732800
vt 0.303200 0.730100
vt 0.300900 0.734100
vt 0.305400 0.725700
vt 0.305900 0.731200
vt 0.303300 0.735400
vt 0.308400 0.726600
vt 0.307500 0.720900
vt 0.311000 0.721400
vt 0.305500 0.715500
vt 0.309600 0.715600
vt 0.313500 0.715400
vt 0.317600 0.715100
vt 0.314500 0.721800
vt 0.311300 0.727500
vt 0.313800 0.729000
vt 0.315500 0.731300
vt 0.310300 0.734000
vt 0.308200 0.732500
vt 0.311900 0.735900
vt 0.313400 0.738200
vt 0.316900 0.734200
vt 0.318400 0.737500
vt 0.314900 0.741000
vt 0.310200 0.742000
vt 0.308800 0.740000
vt 0.311700 0.744500
vt 0.316500 0.744600
vt 0.313200 0.747800
vt 0.320100 0.741300
vt 0.318500 0.749100
vt 0.315100 0.752200
vt 0.322100 0.746100
vt 0.320600 0.754400
vt 0.317000 0.757200
vt 0.324300 0.751600
vt 0.330800 0.754900
vt 0.326600 0.757600
vt 0.322700 0.760300
vt 0.333100 0.761500
vt 0.328800 0.763900
vt 0.330800 0.770400
vt 0.324800 0.766400
vt 0.326800 0.772600
vt 0.322900 0.774700
vt 0.321000 0.768800
vt 0.319100 0.762900
vt 0.313600 0.760100
vt 0.315500 0.765500
vt 0.317400 0.771100
vt 0.311700 0.755200
vt 0.310100 0.762900
vt 0.308300 0.758400
vt 0.312000 0.768000
vt 0.306700 0.765800
vt 0.304900 0.761500
vt 0.308600 0.770600
vt 0.303400 0.768500
vt 0.301700 0.764500
vt 0.305200 0.772900
vt 0.303300 0.757900
vt 0.306600 0.754500
vt 0.300100 0.761100
vt 0.300300 0.771000
vt 0.298600 0.767300
vt 0.297100 0.764100
vt 0.297400 0.773200
vt 0.295900 0.769800
vt 0.294400 0.766800
vt 0.302000 0.775100
vt 0.298900 0.777000
vt 0.303500 0.779400
vt 0.300200 0.781000
vt 0.306800 0.777600
vt 0.294700 0.775100
vt 0.296000 0.778600
vt 0.297000 0.782200
vt 0.293900 0.783100
vt 0.293200 0.779800
vt 0.292300 0.776700
vt 0.297600 0.785900
vt 0.294200 0.786500
vt 0.301100 0.785000
vt 0.297900 0.789600
vt 0.294200 0.789800
vt 0.301700 0.789000
vt 0.297900 0.793200
vt 0.293900 0.793000
vt 0.302000 0.793000
vt 0.290600 0.789600
vt 0.291000 0.786600
vt 0.290100 0.792500
vt 0.286500 0.791600
vt 0.287300 0.789000
vt 0.283300 0.790400
vt 0.284300 0.788000
vt 0.285200 0.785700
vt 0.288000 0.786400
vt 0.285900 0.783400
vt 0.288300 0.783800
vt 0.291000 0.783700
vt 0.288500 0.781300
vt 0.290700 0.780700
vt 0.286500 0.781300
vt 0.283800 0.782500
vt 0.284700 0.780500
vt 0.282700 0.784600
vt 0.281800 0.781400
vt 0.280500 0.783300
vt 0.283100 0.779300
vt 0.279100 0.785200
vt 0.281600 0.786700
vt 0.277000 0.783600
vt 0.278600 0.781900
vt 0.280200 0.780200
vt 0.278800 0.778900
vt 0.277000 0.780500
vt 0.277700 0.787100
vt 0.276200 0.789100
vt 0.280300 0.788800
vt 0.279100 0.791000
vt 0.274800 0.791200
vt 0.277700 0.777600
vt 0.280400 0.777000
vt 0.281700 0.778100
vt 0.279300 0.775900
vt 0.277100 0.776500
vt 0.282100 0.774800
vt 0.280800 0.773800
vt 0.282600 0.771300
vt 0.283800 0.772500
vt 0.285000 0.773800
vt 0.283300 0.776000
vt 0.284500 0.777300
vt 0.286100 0.775300
vt 0.285800 0.778600
vt 0.287900 0.773400
vt 0.286800 0.771600
vt 0.285700 0.770100
vt 0.288700 0.769400
vt 0.289900 0.771300
vt 0.287600 0.767700
vt 0.284500 0.768800
vt 0.286500 0.766300
vt 0.288700 0.763700
vt 0.289700 0.765200
vt 0.291100 0.760900
vt 0.292100 0.762600
vt 0.292600 0.756400
vt 0.293700 0.758000
vt 0.294700 0.759700
vt 0.295400 0.753200
vt 0.296500 0.754800
vt 0.297600 0.756500
vt 0.298700 0.758500
vt 0.295800 0.761700
vt 0.293200 0.764500
vt 0.290800 0.767000
vt 0.292000 0.769200
vt 0.293400 0.771900
vt 0.291100 0.773800
vt 0.290100 0.778000
vt 0.289100 0.775500
vt 0.288200 0.779000
vt 0.287300 0.777000
vt 0.286800 0.779600
vt 0.301900 0.755100
vt 0.300700 0.753000
vt 0.305200 0.751600
vt 0.303900 0.749400
vt 0.307100 0.745700
vt 0.308500 0.748000
vt 0.310000 0.751100
vt 0.305800 0.743900
vt 0.302700 0.747700
vt 0.304300 0.742300
vt 0.301400 0.746100
vt 0.307200 0.738400
vt 0.305400 0.736900
vt 0.302700 0.740800
vt 0.300800 0.739300
vt 0.299900 0.744500
vt 0.298100 0.743000
vt 0.298500 0.737800
vt 0.296100 0.741400
vt 0.295500 0.746400
vt 0.293600 0.744800
vt 0.297000 0.748100
vt 0.292800 0.749700
vt 0.291000 0.748000
vt 0.294200 0.751500
vt 0.298400 0.749800
vt 0.299600 0.751300
vt 0.295900 0.736400
vt 0.305500 0.788100
vt 0.306100 0.792400
vt 0.304600 0.783800
vt 0.308200 0.782300
vt 0.309300 0.787000
vt 0.310200 0.791600
vt 0.306500 0.796600
vt 0.310800 0.796100
vt 0.302100 0.796800
vt 0.315000 0.795300
vt 0.314200 0.790600
vt 0.313100 0.785700
vt 0.319200 0.794400
vt 0.318100 0.789300
vt 0.323300 0.793200
vt 0.322100 0.787900
vt 0.327400 0.792000
vt 0.326100 0.786400
vt 0.320700 0.782400
vt 0.324600 0.780600
vt 0.316900 0.784100
vt 0.319100 0.776800
vt 0.315400 0.778800
vt 0.311800 0.780600
vt 0.313800 0.773400
vt 0.310300 0.775600
vt 0.328500 0.778800
vt 0.332700 0.776900
vt 0.320300 0.708100
vt 0.315800 0.709300
vt 0.317353 0.703819
vt 0.321509 0.701681
vt 0.322700 0.701200
vt 0.322900 0.700977
vt 0.322728 0.701061
vt 0.322596 0.701125
vt 0.311300 0.710100
vt 0.312162 0.706292
vt 0.313212 0.705759
vt 0.310074 0.707299
vt 0.306800 0.710600
vt 0.307175 0.708602
vt 0.302461 0.710793
vt 0.305608 0.709285
vt 0.302281 0.710884
vt 0.301300 0.715300
vt 0.299051 0.712469
vt 0.296900 0.715000
vt 0.297191 0.713472
vt 0.294630 0.714742
vt 0.292136 0.716076
vt 0.293217 0.715476
vt 0.282849 0.720921
vt 0.280900 0.724200
vt 0.281785 0.721466
vt 0.277068 0.723561
vt 0.279600 0.727500
vt 0.275600 0.726800
vt 0.276610 0.723769
vt 0.271600 0.726200
vt 0.271715 0.725830
vt 0.274400 0.730000
vt 0.270500 0.729300
vt 0.278300 0.730800
vt 0.273200 0.733100
vt 0.269400 0.732400
vt 0.276900 0.734000
vt 0.280500 0.734900
vt 0.278800 0.738100
vt 0.275300 0.737100
vt 0.271800 0.736200
vt 0.268300 0.735400
vt 0.264600 0.734800
vt 0.265600 0.731800
vt 0.266600 0.728700
vt 0.261700 0.731200
vt 0.262600 0.728200
vt 0.260900 0.734200
vt 0.258934 0.728068
vt 0.261257 0.728032
vt 0.257800 0.730800
vt 0.258506 0.728066
vt 0.257100 0.733800
vt 0.253200 0.733400
vt 0.253900 0.730300
vt 0.254533 0.727588
vt 0.258066 0.728004
vt 0.256300 0.736700
vt 0.252600 0.736400
vt 0.260000 0.737100
vt 0.255600 0.739600
vt 0.259100 0.740000
vt 0.252000 0.739400
vt 0.249300 0.733100
vt 0.248700 0.736200
vt 0.248200 0.739300
vt 0.247900 0.742400
vt 0.247700 0.745500
vt 0.355700 0.859500
vt 0.353200 0.860400
vt 0.351700 0.857200
vt 0.354500 0.856300
vt 0.350600 0.861300
vt 0.348900 0.858300
vt 0.247400 0.748600
vt 0.348100 0.862200
vt 0.346200 0.859500
vt 0.347200 0.855200
vt 0.344300 0.856700
vt 0.350200 0.854000
vt 0.342300 0.853500
vt 0.345500 0.851800
vt 0.348700 0.850500
vt 0.353200 0.853000
vt 0.351900 0.849500
vt 0.344000 0.848100
vt 0.347400 0.846700
vt 0.350700 0.845600
vt 0.354100 0.844600
vt 0.355200 0.848500
vt 0.356400 0.852200
vt 0.357500 0.843700
vt 0.358500 0.847700
vt 0.359600 0.851400
vt 0.357500 0.855600
vt 0.360700 0.854900
vt 0.361900 0.846900
vt 0.362900 0.850700
vt 0.363800 0.854300
vt 0.361800 0.858300
vt 0.358700 0.858900
vt 0.364800 0.857700
vt 0.367800 0.857100
vt 0.367000 0.853700
vt 0.366200 0.850000
vt 0.368398 0.853453
vt 0.368100 0.857074
vt 0.369356 0.849350
vt 0.250500 0.726800
vt 0.250562 0.726527
vt 0.250870 0.726602
vt 0.252534 0.727048
vt 0.249900 0.729900
vt 0.365400 0.846100
vt 0.368900 0.845300
vt 0.369535 0.848928
vt 0.371265 0.844827
vt 0.370527 0.846621
vt 0.372212 0.843188
vt 0.368200 0.841000
vt 0.371800 0.840100
vt 0.374311 0.839625
vt 0.373248 0.841433
vt 0.371300 0.835300
vt 0.375100 0.834500
vt 0.375400 0.838175
vt 0.367600 0.836300
vt 0.364600 0.841900
vt 0.363900 0.837200
vt 0.371000 0.830300
vt 0.367200 0.831300
vt 0.363400 0.832300
vt 0.367000 0.826200
vt 0.370900 0.825200
vt 0.363000 0.827400
vt 0.371100 0.820200
vt 0.367000 0.821300
vt 0.362900 0.822500
vt 0.359600 0.833400
vt 0.359100 0.828500
vt 0.358900 0.823700
vt 0.363100 0.817900
vt 0.367400 0.816700
vt 0.358900 0.819100
vt 0.354900 0.824900
vt 0.354700 0.820300
vt 0.355200 0.829700
vt 0.350900 0.826100
vt 0.350600 0.821500
vt 0.351500 0.830900
vt 0.355900 0.834500
vt 0.352200 0.835600
vt 0.347000 0.827400
vt 0.347700 0.832100
vt 0.348600 0.836800
vt 0.345100 0.838100
vt 0.344100 0.833400
vt 0.343300 0.828700
vt 0.349600 0.841400
vt 0.346100 0.842600
vt 0.353100 0.840300
vt 0.341600 0.839400
vt 0.340500 0.834800
vt 0.342700 0.843900
vt 0.338000 0.840800
vt 0.336900 0.836200
vt 0.339000 0.845400
vt 0.339600 0.830100
vt 0.335900 0.831500
vt 0.332200 0.833000
vt 0.333200 0.837600
vt 0.334200 0.842100
vt 0.330300 0.843300
vt 0.329400 0.839000
vt 0.328400 0.834700
vt 0.331100 0.828500
vt 0.334900 0.826900
vt 0.327300 0.830400
vt 0.324400 0.836500
vt 0.323400 0.832600
vt 0.325400 0.840500
vt 0.329800 0.824000
vt 0.325900 0.826300
vt 0.322000 0.828900
vt 0.320300 0.838500
vt 0.319300 0.835000
vt 0.318000 0.831700
vt 0.320300 0.825500
vt 0.324100 0.822200
vt 0.316300 0.828800
vt 0.313700 0.834700
vt 0.312100 0.832100
vt 0.315000 0.837600
vt 0.310300 0.840500
vt 0.309100 0.837900
vt 0.307500 0.835600
vt 0.309900 0.830000
vt 0.305400 0.833700
vt 0.314000 0.826400
vt 0.303900 0.841500
vt 0.302400 0.839400
vt 0.300300 0.837600
vt 0.298200 0.845600
vt 0.296700 0.843700
vt 0.294700 0.842000
vt 0.297700 0.836100
vt 0.302600 0.832200
vt 0.292200 0.840500
vt 0.288400 0.847000
vt 0.290300 0.848600
vt 0.286000 0.845500
vt 0.283300 0.844200
vt 0.289200 0.839200
vt 0.294500 0.834900
vt 0.285900 0.838100
vt 0.290900 0.833800
vt 0.280200 0.842900
vt 0.287000 0.832900
vt 0.282200 0.837000
vt 0.276900 0.841700
vt 0.276600 0.849800
vt 0.273900 0.848400
vt 0.270900 0.847000
vt 0.269800 0.855800
vt 0.267400 0.854200
vt 0.264700 0.852700
vt 0.267700 0.845600
vt 0.273300 0.840400
vt 0.261900 0.851000
vt 0.258800 0.858200
vt 0.256400 0.856300
vt 0.261100 0.859900
vt 0.253600 0.863100
vt 0.255700 0.865000
vt 0.251400 0.861200
vt 0.257600 0.866700
vt 0.263300 0.861600
vt 0.251400 0.869000
vt 0.249400 0.867100
vt 0.253100 0.870800
vt 0.249700 0.874100
vt 0.248000 0.872300
vt 0.246100 0.870500
vt 0.247400 0.865100
vt 0.244200 0.868400
vt 0.243400 0.873400
vt 0.241500 0.871400
vt 0.245200 0.875100
vt 0.241000 0.876100
vt 0.239000 0.874300
vt 0.242800 0.877800
vt 0.238500 0.879000
vt 0.236600 0.877300
vt 0.240500 0.880500
vt 0.244600 0.879200
vt 0.242400 0.881700
vt 0.246900 0.876800
vt 0.240400 0.884100
vt 0.238400 0.883300
vt 0.236200 0.882200
vt 0.236500 0.886400
vt 0.234000 0.885700
vt 0.238900 0.886600
vt 0.231700 0.890200
vt 0.235400 0.889400
vt 0.238100 0.889000
vt 0.235700 0.892300
vt 0.232800 0.894000
vt 0.238300 0.891300
vt 0.234200 0.896900
vt 0.236800 0.895000
vt 0.239200 0.893500
vt 0.240500 0.895700
vt 0.238300 0.897400
vt 0.236000 0.899500
vt 0.241300 0.892300
vt 0.242500 0.894200
vt 0.240500 0.890600
vt 0.243200 0.891200
vt 0.244400 0.892800
vt 0.242300 0.889700
vt 0.242200 0.897800
vt 0.244000 0.896100
vt 0.245700 0.894500
vt 0.246200 0.891400
vt 0.247400 0.893000
vt 0.245000 0.889900
vt 0.249100 0.891400
vt 0.247900 0.889900
vt 0.246700 0.888400
vt 0.243900 0.888500
vt 0.245400 0.887000
vt 0.248400 0.886700
vt 0.249600 0.888200
vt 0.247100 0.885300
vt 0.244000 0.885800
vt 0.242600 0.887500
vt 0.245700 0.884000
vt 0.242300 0.884900
vt 0.244100 0.882800
vt 0.241000 0.886900
vt 0.241700 0.888600
vt 0.240300 0.888800
vt 0.246200 0.880600
vt 0.247700 0.882000
vt 0.248500 0.878300
vt 0.250000 0.879900
vt 0.252700 0.877300
vt 0.251200 0.875700
vt 0.254800 0.872500
vt 0.256300 0.874100
vt 0.257600 0.875700
vt 0.254000 0.878900
vt 0.251300 0.881400
vt 0.255300 0.880400
vt 0.258900 0.877200
vt 0.252500 0.882900
vt 0.249100 0.883400
vt 0.250300 0.884900
vt 0.256600 0.881900
vt 0.253800 0.884400
vt 0.251600 0.886400
vt 0.252900 0.888000
vt 0.250900 0.889800
vt 0.255100 0.885900
vt 0.254200 0.889600
vt 0.252200 0.891400
vt 0.256500 0.887500
vt 0.250400 0.893000
vt 0.255700 0.891200
vt 0.253700 0.893000
vt 0.251800 0.894600
vt 0.250100 0.896100
vt 0.248800 0.894500
vt 0.253100 0.896300
vt 0.251400 0.897600
vt 0.255100 0.894700
vt 0.248700 0.897700
vt 0.250100 0.899100
vt 0.247200 0.896200
vt 0.249100 0.900900
vt 0.247300 0.899600
vt 0.245600 0.897900
vt 0.246000 0.901700
vt 0.248200 0.903200
vt 0.244000 0.899900
vt 0.242200 0.902000
vt 0.240200 0.899700
vt 0.244500 0.904200
vt 0.242700 0.906800
vt 0.240200 0.904400
vt 0.238000 0.902000
vt 0.247100 0.906100
vt 0.245500 0.909100
vt 0.243100 0.911900
vt 0.240300 0.909400
vt 0.237800 0.907000
vt 0.237700 0.912200
vt 0.235200 0.909700
vt 0.240300 0.914700
vt 0.243000 0.917200
vt 0.246100 0.914500
vt 0.249200 0.911700
vt 0.239900 0.919900
vt 0.237300 0.917400
vt 0.234800 0.914900
vt 0.236800 0.922600
vt 0.234300 0.920200
vt 0.231800 0.917700
vt 0.185900 0.876600
vt 0.179700 0.883200
vt 0.176900 0.881200
vt 0.182900 0.874700
vt 0.179900 0.872800
vt 0.173900 0.879200
vt 0.229400 0.915300
vt 0.232300 0.912500
vt 0.170800 0.877300
vt 0.176900 0.870900
vt 0.168100 0.885400
vt 0.164800 0.883500
vt 0.171200 0.887400
vt 0.162700 0.891000
vt 0.159100 0.889400
vt 0.166000 0.892900
vt 0.158200 0.895600
vt 0.161600 0.897600
vt 0.154300 0.894200
vt 0.154800 0.898800
vt 0.151100 0.897000
vt 0.158200 0.900900
vt 0.164600 0.899700
vt 0.169000 0.895000
vt 0.161300 0.903200
vt 0.158600 0.905700
vt 0.155500 0.903400
vt 0.152200 0.901100
vt 0.156500 0.907600
vt 0.153400 0.905200
vt 0.150100 0.902800
vt 0.164200 0.905300
vt 0.161600 0.907900
vt 0.159500 0.909900
vt 0.154600 0.909200
vt 0.157700 0.911600
vt 0.151500 0.906700
vt 0.160600 0.914000
vt 0.162400 0.912200
vt 0.164400 0.910100
vt 0.155800 0.913300
vt 0.152700 0.910800
vt 0.158800 0.915700
vt 0.157000 0.917500
vt 0.154000 0.915000
vt 0.150800 0.912400
vt 0.149600 0.908200
vt 0.147600 0.909800
vt 0.148900 0.914200
vt 0.145700 0.911400
vt 0.152200 0.916800
vt 0.146900 0.916200
vt 0.143600 0.912700
vt 0.150800 0.918700
vt 0.143500 0.916400
vt 0.141400 0.913700
vt 0.147200 0.919300
vt 0.144600 0.918900
vt 0.150200 0.920900
vt 0.147300 0.921700
vt 0.145000 0.921100
vt 0.149800 0.923100
vt 0.141100 0.916900
vt 0.142200 0.919100
vt 0.142800 0.921100
vt 0.145100 0.923200
vt 0.143000 0.923000
vt 0.147200 0.923900
vt 0.146900 0.925800
vt 0.144900 0.925000
vt 0.143000 0.924800
vt 0.141100 0.924900
vt 0.141100 0.923200
vt 0.140800 0.921400
vt 0.142900 0.926500
vt 0.141100 0.926600
vt 0.144700 0.926800
vt 0.139400 0.925200
vt 0.139300 0.923600
vt 0.139300 0.926900
vt 0.142600 0.928200
vt 0.140900 0.928200
vt 0.139100 0.928500
vt 0.137500 0.928900
vt 0.137600 0.927300
vt 0.137700 0.925700
vt 0.139000 0.930000
vt 0.137300 0.930400
vt 0.140600 0.929800
vt 0.135900 0.929400
vt 0.136000 0.927800
vt 0.135800 0.931000
vt 0.138800 0.931500
vt 0.137200 0.931900
vt 0.135700 0.932500
vt 0.134200 0.933300
vt 0.134300 0.931600
vt 0.134500 0.929900
vt 0.133200 0.930400
vt 0.133000 0.932200
vt 0.132700 0.934600
vt 0.133400 0.928700
vt 0.134600 0.928300
vt 0.132000 0.932500
vt 0.132200 0.930700
vt 0.132400 0.929100
vt 0.131400 0.930900
vt 0.131600 0.929300
vt 0.131200 0.932600
vt 0.130900 0.934500
vt 0.131700 0.934500
vt 0.131300 0.936900
vt 0.130700 0.936600
vt 0.132100 0.937200
vt 0.133400 0.936000
vt 0.132800 0.937900
vt 0.134500 0.934700
vt 0.134000 0.937100
vt 0.134900 0.935900
vt 0.133400 0.938700
vt 0.136100 0.935100
vt 0.135800 0.933900
vt 0.137200 0.933200
vt 0.137300 0.934500
vt 0.138700 0.934100
vt 0.138700 0.932800
vt 0.137600 0.935600
vt 0.136400 0.936200
vt 0.138800 0.935300
vt 0.136800 0.937100
vt 0.137800 0.936600
vt 0.138900 0.936300
vt 0.140000 0.935000
vt 0.140000 0.936100
vt 0.140100 0.933900
vt 0.141000 0.936100
vt 0.141200 0.935000
vt 0.141400 0.933900
vt 0.140200 0.932600
vt 0.141700 0.932600
vt 0.143100 0.933000
vt 0.142700 0.934200
vt 0.142300 0.935300
vt 0.143900 0.934900
vt 0.144500 0.933700
vt 0.143400 0.935900
vt 0.144900 0.936100
vt 0.144300 0.936900
vt 0.145600 0.935000
vt 0.145000 0.932500
vt 0.143600 0.931600
vt 0.146400 0.933800
vt 0.147500 0.935700
vt 0.146600 0.936700
vt 0.145700 0.937500
vt 0.147200 0.938700
vt 0.146200 0.939100
vt 0.148300 0.937900
vt 0.147100 0.932400
vt 0.148400 0.934300
vt 0.149500 0.936500
vt 0.148700 0.940900
vt 0.147100 0.940500
vt 0.150500 0.938800
vt 0.152000 0.937000
vt 0.150700 0.934700
vt 0.149300 0.932600
vt 0.150200 0.930800
vt 0.151900 0.932900
vt 0.153400 0.935100
vt 0.147800 0.930800
vt 0.148400 0.929000
vt 0.146100 0.929400
vt 0.146600 0.927600
vt 0.145600 0.931000
vt 0.144000 0.930100
vt 0.144400 0.928500
vt 0.142300 0.929800
vt 0.142000 0.931300
vt 0.140400 0.931200
vt 0.149000 0.927200
vt 0.149400 0.925200
vt 0.151000 0.929000
vt 0.151700 0.927000
vt 0.153900 0.929100
vt 0.152900 0.931000
vt 0.152400 0.925100
vt 0.154800 0.927200
vt 0.154700 0.933200
vt 0.155800 0.931400
vt 0.157000 0.929500
vt 0.157600 0.933500
vt 0.156200 0.935400
vt 0.158900 0.931700
vt 0.158200 0.927600
vt 0.160200 0.929800
vt 0.155800 0.925300
vt 0.159400 0.925800
vt 0.161600 0.928000
vt 0.156900 0.923500
vt 0.160900 0.923900
vt 0.163100 0.926100
vt 0.158300 0.921600
vt 0.154100 0.921100
vt 0.155400 0.919200
vt 0.153100 0.923100
vt 0.159900 0.919800
vt 0.161500 0.918000
vt 0.162400 0.922100
vt 0.164100 0.920200
vt 0.163300 0.916200
vt 0.165800 0.918300
vt 0.168100 0.920300
vt 0.166400 0.922300
vt 0.164700 0.924200
vt 0.170200 0.922200
vt 0.168500 0.924200
vt 0.166800 0.926200
vt 0.165200 0.928200
vt 0.163600 0.930100
vt 0.168800 0.928200
vt 0.167100 0.930200
vt 0.165500 0.932100
vt 0.162100 0.931900
vt 0.163900 0.933900
vt 0.167400 0.934100
vt 0.165700 0.935900
vt 0.169100 0.932200
vt 0.164000 0.937700
vt 0.162300 0.935800
vt 0.160600 0.933800
vt 0.160700 0.937600
vt 0.159100 0.935600
vt 0.162300 0.939400
vt 0.166000 0.939500
vt 0.164200 0.941200
vt 0.167700 0.937900
vt 0.168200 0.941400
vt 0.169900 0.939800
vt 0.166300 0.942900
vt 0.164400 0.944500
vt 0.162400 0.942900
vt 0.160600 0.941200
vt 0.160400 0.944700
vt 0.158700 0.943100
vt 0.162400 0.946100
vt 0.166600 0.946000
vt 0.164600 0.947500
vt 0.168600 0.944600
vt 0.160300 0.947900
vt 0.158400 0.946500
vt 0.162500 0.949200
vt 0.164700 0.950400
vt 0.166800 0.948900
vt 0.168900 0.947600
vt 0.160300 0.950900
vt 0.158200 0.949700
vt 0.162500 0.952100
vt 0.169200 0.950400
vt 0.167100 0.951700
vt 0.165000 0.953000
vt 0.160100 0.954300
vt 0.158200 0.952700
vt 0.163500 0.954400
vt 0.169300 0.952900
vt 0.167500 0.954000
vt 0.166000 0.955000
vt 0.162900 0.955600
vt 0.160900 0.955900
vt 0.165000 0.956000
vt 0.168000 0.955800
vt 0.166900 0.956600
vt 0.169500 0.955100
vt 0.169600 0.956900
vt 0.171100 0.956300
vt 0.168500 0.957500
vt 0.172900 0.955700
vt 0.171300 0.954300
vt 0.172200 0.957600
vt 0.170700 0.958100
vt 0.173900 0.957200
vt 0.174800 0.955200
vt 0.175700 0.956800
vt 0.173300 0.953600
vt 0.174500 0.958700
vt 0.176200 0.958400
vt 0.172900 0.959000
vt 0.174700 0.960200
vt 0.173200 0.960500
vt 0.176400 0.960000
vt 0.178100 0.958200
vt 0.177700 0.956400
vt 0.178100 0.959800
vt 0.179700 0.956200
vt 0.180000 0.958100
vt 0.179900 0.959800
vt 0.177900 0.961500
vt 0.176300 0.961600
vt 0.179600 0.961500
vt 0.181300 0.961700
vt 0.181800 0.960000
vt 0.182000 0.958100
vt 0.179200 0.963200
vt 0.177600 0.963100
vt 0.180800 0.963400
vt 0.183100 0.962200
vt 0.182500 0.964000
vt 0.183800 0.960400
vt 0.180200 0.965000
vt 0.178700 0.964700
vt 0.181800 0.965500
vt 0.183500 0.966400
vt 0.184300 0.964800
vt 0.185100 0.963100
vt 0.182700 0.967900
vt 0.181100 0.967000
vt 0.179700 0.966500
vt 0.182000 0.969100
vt 0.180500 0.968300
vt 0.179200 0.967700
vt 0.178300 0.966200
vt 0.177900 0.967500
vt 0.177300 0.964700
vt 0.176900 0.966100
vt 0.176600 0.967400
vt 0.175500 0.966200
vt 0.175800 0.964800
vt 0.176100 0.963200
vt 0.174700 0.961800
vt 0.174600 0.963400
vt 0.174400 0.965000
vt 0.173200 0.963600
vt 0.173300 0.962000
vt 0.171900 0.962300
vt 0.171800 0.960800
vt 0.171900 0.963800
vt 0.170700 0.962500
vt 0.170600 0.961100
vt 0.170700 0.963900
vt 0.171400 0.959400
vt 0.170200 0.959800
vt 0.169100 0.960200
vt 0.169500 0.961300
vt 0.169700 0.962600
vt 0.168700 0.962700
vt 0.168500 0.961600
vt 0.168200 0.960500
vt 0.168500 0.959100
vt 0.169500 0.958600
vt 0.167600 0.959600
vt 0.167300 0.960900
vt 0.166700 0.960100
vt 0.167600 0.961800
vt 0.166300 0.961200
vt 0.165900 0.960500
vt 0.166600 0.962000
vt 0.165400 0.961500
vt 0.165600 0.962200
vt 0.165100 0.960900
vt 0.165700 0.962900
vt 0.166700 0.962800
vt 0.167700 0.962800
vt 0.164600 0.962300
vt 0.164500 0.961700
vt 0.164700 0.962900
vt 0.163700 0.962900
vt 0.163600 0.962300
vt 0.163600 0.961800
vt 0.162700 0.962800
vt 0.162700 0.962300
vt 0.162700 0.961800
vt 0.162800 0.961300
vt 0.163600 0.961300
vt 0.164300 0.961200
vt 0.163500 0.961000
vt 0.163900 0.960800
vt 0.162900 0.960800
vt 0.164600 0.960400
vt 0.165200 0.959900
vt 0.163800 0.960000
vt 0.164300 0.959400
vt 0.163300 0.960400
vt 0.162800 0.959700
vt 0.162500 0.960200
vt 0.163200 0.959100
vt 0.162200 0.960700
vt 0.162000 0.961100
vt 0.161600 0.960500
vt 0.161700 0.960100
vt 0.161400 0.961000
vt 0.161900 0.961600
vt 0.161100 0.961400
vt 0.160600 0.961200
vt 0.160800 0.960700
vt 0.161100 0.960400
vt 0.160200 0.960900
vt 0.160500 0.960400
vt 0.161100 0.960100
vt 0.161000 0.959700
vt 0.160400 0.960000
vt 0.159900 0.960600
vt 0.160400 0.961700
vt 0.159900 0.961600
vt 0.159600 0.961400
vt 0.159700 0.960300
vt 0.160300 0.959600
vt 0.159400 0.961200
vt 0.159600 0.962300
vt 0.159900 0.962300
vt 0.159400 0.962300
vt 0.159200 0.962200
vt 0.159300 0.961000
vt 0.159600 0.959900
vt 0.159000 0.962200
vt 0.159100 0.960700
vt 0.159500 0.959500
vt 0.159200 0.959000
vt 0.158800 0.960500
vt 0.158700 0.962100
vt 0.158400 0.960300
vt 0.158800 0.958600
vt 0.158300 0.962100
vt 0.158000 0.958500
vt 0.157600 0.960300
vt 0.157500 0.962200
vt 0.159600 0.957000
vt 0.160000 0.957800
vt 0.158700 0.956700
vt 0.156800 0.958900
vt 0.157200 0.957200
vt 0.156500 0.960600
vt 0.155300 0.959500
vt 0.155400 0.958200
vt 0.155200 0.961000
vt 0.153700 0.960300
vt 0.153700 0.959100
vt 0.153700 0.961500
vt 0.155100 0.962500
vt 0.153600 0.962800
vt 0.156400 0.962300
vt 0.152200 0.960900
vt 0.152100 0.961900
vt 0.152100 0.963000
vt 0.155200 0.964200
vt 0.153700 0.964200
vt 0.152200 0.964200
vt 0.155500 0.965800
vt 0.153900 0.965700
vt 0.152300 0.965400
vt 0.153900 0.967100
vt 0.152300 0.966700
vt 0.155600 0.967500
vt 0.157000 0.966000
vt 0.157400 0.967900
vt 0.156600 0.964100
vt 0.155400 0.969100
vt 0.157400 0.969700
vt 0.153700 0.968600
vt 0.156500 0.971300
vt 0.154600 0.970600
vt 0.153000 0.970000
vt 0.152000 0.968000
vt 0.151600 0.969500
vt 0.150600 0.970700
vt 0.151900 0.971200
vt 0.153500 0.971900
vt 0.150600 0.972200
vt 0.149300 0.971600
vt 0.152100 0.973000
vt 0.147500 0.972100
vt 0.149100 0.973000
vt 0.150600 0.973900
vt 0.155100 0.972700
vt 0.153600 0.973900
vt 0.152200 0.974900
vt 0.156600 0.973400
vt 0.155100 0.974800
vt 0.153700 0.976300
vt 0.157900 0.974000
vt 0.156400 0.975300
vt 0.154900 0.976700
vt 0.159100 0.974600
vt 0.157600 0.975800
vt 0.156200 0.977100
vt 0.160000 0.975000
vt 0.158700 0.976200
vt 0.157400 0.977400
vt 0.158600 0.977800
vt 0.159600 0.976600
vt 0.160800 0.975400
vt 0.160300 0.976900
vt 0.159200 0.978000
vt 0.161400 0.975800
vt 0.162200 0.974400
vt 0.162700 0.974800
vt 0.161500 0.974000
vt 0.163700 0.973500
vt 0.164100 0.973900
vt 0.163100 0.973000
vt 0.165400 0.972800
vt 0.165700 0.973200
vt 0.165000 0.972300
vt 0.162400 0.972400
vt 0.164400 0.971700
vt 0.160600 0.973400
vt 0.161500 0.971600
vt 0.163700 0.971000
vt 0.159600 0.972700
vt 0.160100 0.970300
vt 0.158200 0.972000
vt 0.158900 0.968000
vt 0.163100 0.970200
vt 0.161100 0.969000
vt 0.163000 0.969400
vt 0.159800 0.967700
vt 0.161500 0.968300
vt 0.160300 0.967100
vt 0.163100 0.968700
vt 0.161600 0.967700
vt 0.163000 0.968200
vt 0.160500 0.966700
vt 0.164900 0.968600
vt 0.164600 0.968100
vt 0.165200 0.969200
vt 0.166000 0.967600
vt 0.166600 0.968100
vt 0.167200 0.968600
vt 0.165600 0.969800
vt 0.167900 0.969300
vt 0.166000 0.970500
vt 0.168300 0.969900
vt 0.170200 0.968400
vt 0.168900 0.967800
vt 0.170300 0.969400
vt 0.166500 0.971100
vt 0.168500 0.970600
vt 0.170400 0.970200
vt 0.170600 0.970800
vt 0.168800 0.971200
vt 0.166900 0.971700
vt 0.167200 0.972200
vt 0.169000 0.971800
vt 0.167400 0.972700
vt 0.169100 0.972300
vt 0.167500 0.973200
vt 0.169100 0.972800
vt 0.165900 0.973600
vt 0.170600 0.971400
vt 0.170700 0.972000
vt 0.170600 0.972600
vt 0.172100 0.971200
vt 0.172100 0.971800
vt 0.171900 0.972400
vt 0.173400 0.971000
vt 0.173300 0.971600
vt 0.173200 0.972300
vt 0.174600 0.970900
vt 0.174400 0.971500
vt 0.174300 0.972200
vt 0.175300 0.972200
vt 0.175500 0.971500
vt 0.175600 0.970900
vt 0.176500 0.971600
vt 0.176300 0.972300
vt 0.176700 0.971000
vt 0.177300 0.972500
vt 0.177500 0.971800
vt 0.177700 0.971200
vt 0.175800 0.970200
vt 0.176900 0.970300
vt 0.178000 0.970500
vt 0.178400 0.969700
vt 0.177200 0.969500
vt 0.176000 0.969400
vt 0.174700 0.970200
vt 0.174800 0.969500
vt 0.173500 0.969600
vt 0.173500 0.970300
vt 0.172100 0.970600
vt 0.172100 0.969900
vt 0.172100 0.969000
vt 0.173600 0.968800
vt 0.175000 0.968600
vt 0.173800 0.967700
vt 0.175200 0.967500
vt 0.172200 0.968000
vt 0.172500 0.966700
vt 0.174100 0.966400
vt 0.171100 0.966800
vt 0.172900 0.965200
vt 0.171600 0.965300
vt 0.170500 0.965300
vt 0.169900 0.966600
vt 0.169400 0.965100
vt 0.168900 0.966300
vt 0.169700 0.963900
vt 0.168500 0.964900
vt 0.168700 0.963800
vt 0.167700 0.963800
vt 0.167500 0.964700
vt 0.168000 0.966000
vt 0.167200 0.965600
vt 0.166300 0.965300
vt 0.166600 0.964500
vt 0.166700 0.963700
vt 0.165600 0.964300
vt 0.165500 0.964900
vt 0.165700 0.963600
vt 0.164700 0.963500
vt 0.164600 0.964100
vt 0.163700 0.964000
vt 0.163700 0.963400
vt 0.162700 0.963300
vt 0.162800 0.963800
vt 0.162000 0.963700
vt 0.161900 0.963200
vt 0.161800 0.962600
vt 0.161800 0.962100
vt 0.161000 0.962500
vt 0.161000 0.961900
vt 0.161100 0.963100
vt 0.160400 0.962400
vt 0.160500 0.963100
vt 0.160100 0.963100
vt 0.160700 0.963800
vt 0.161300 0.963700
vt 0.160300 0.964000
vt 0.159800 0.963300
vt 0.160100 0.964300
vt 0.159600 0.963500
vt 0.160000 0.964700
vt 0.159400 0.963600
vt 0.159900 0.965000
vt 0.160500 0.965800
vt 0.160500 0.966300
vt 0.160500 0.965200
vt 0.160900 0.966000
vt 0.161100 0.966600
vt 0.161500 0.967400
vt 0.159700 0.965300
vt 0.159500 0.965600
vt 0.158900 0.963900
vt 0.159200 0.963800
vt 0.159000 0.965900
vt 0.158500 0.964000
vt 0.157700 0.964000
vt 0.158200 0.966000
vt 0.162900 0.967800
vt 0.161400 0.967000
vt 0.162000 0.967400
vt 0.162900 0.967600
vt 0.162200 0.967300
vt 0.161700 0.967000
vt 0.162900 0.967400
vt 0.162300 0.967200
vt 0.162900 0.967200
vt 0.162000 0.967000
vt 0.163800 0.967300
vt 0.163600 0.967100
vt 0.164000 0.967400
vt 0.163400 0.966900
vt 0.162900 0.967000
vt 0.162500 0.967100
vt 0.164200 0.966900
vt 0.164600 0.967000
vt 0.163900 0.966800
vt 0.162700 0.966800
vt 0.163200 0.966700
vt 0.163700 0.966600
vt 0.164300 0.966600
vt 0.164600 0.966600
vt 0.164200 0.966400
vt 0.164000 0.966200
vt 0.163600 0.966300
vt 0.163000 0.966500
vt 0.164400 0.966100
vt 0.164700 0.966400
vt 0.165100 0.966600
vt 0.165100 0.966300
vt 0.164700 0.966000
vt 0.163700 0.966000
vt 0.164000 0.965900
vt 0.164200 0.965700
vt 0.164400 0.965500
vt 0.165000 0.965800
vt 0.165500 0.966200
vt 0.165300 0.965500
vt 0.166000 0.965900
vt 0.164500 0.965100
vt 0.163700 0.964900
vt 0.163600 0.965300
vt 0.163600 0.965500
vt 0.163000 0.965100
vt 0.162900 0.964800
vt 0.163000 0.965400
vt 0.163500 0.965700
vt 0.163100 0.965700
vt 0.163500 0.965900
vt 0.163100 0.965900
vt 0.163300 0.966100
vt 0.162700 0.965900
vt 0.162900 0.966200
vt 0.162600 0.966600
vt 0.162400 0.966300
vt 0.162300 0.966000
vt 0.162100 0.966600
vt 0.162100 0.966300
vt 0.162300 0.966900
vt 0.161800 0.966700
vt 0.161500 0.966600
vt 0.161500 0.966100
vt 0.161800 0.966300
vt 0.161300 0.966400
vt 0.161300 0.965900
vt 0.161700 0.965800
vt 0.161500 0.965400
vt 0.161900 0.966000
vt 0.162000 0.965500
vt 0.162200 0.965800
vt 0.161900 0.965200
vt 0.161300 0.965000
vt 0.161700 0.964800
vt 0.161000 0.965400
vt 0.161000 0.964400
vt 0.161500 0.964300
vt 0.160700 0.964800
vt 0.162200 0.964700
vt 0.162100 0.964200
vt 0.162800 0.964300
vt 0.162400 0.965100
vt 0.162500 0.965400
vt 0.162600 0.965700
vt 0.162100 0.966100
vt 0.163700 0.964500
vt 0.164600 0.964700
vt 0.166500 0.966500
vt 0.165600 0.966600
vt 0.167200 0.966900
vt 0.165500 0.967300
vt 0.165000 0.967100
vt 0.164300 0.967700
vt 0.168000 0.967300
vt 0.176300 0.968500
vt 0.177500 0.968600
vt 0.178700 0.968800
vt 0.180000 0.969300
vt 0.179600 0.970200
vt 0.181400 0.970200
vt 0.180900 0.971100
vt 0.183700 0.970400
vt 0.183000 0.971400
vt 0.182400 0.972300
vt 0.181800 0.973100
vt 0.180400 0.971800
vt 0.179200 0.971000
vt 0.180000 0.972500
vt 0.178800 0.971700
vt 0.181300 0.973700
vt 0.179600 0.973100
vt 0.178500 0.972300
vt 0.179200 0.973600
vt 0.178300 0.972900
vt 0.178900 0.974200
vt 0.178100 0.973600
vt 0.177200 0.973300
vt 0.178700 0.974800
vt 0.178000 0.974500
vt 0.177100 0.974300
vt 0.178200 0.975800
vt 0.177200 0.975700
vt 0.179100 0.975700
vt 0.177400 0.977400
vt 0.178600 0.977300
vt 0.179700 0.977100
vt 0.180400 0.979000
vt 0.179000 0.979200
vt 0.177400 0.979300
vt 0.176100 0.977400
vt 0.176100 0.975700
vt 0.175900 0.979300
vt 0.177200 0.981300
vt 0.179000 0.981200
vt 0.175600 0.981400
vt 0.174800 0.977400
vt 0.174500 0.979300
vt 0.174100 0.981300
vt 0.176600 0.983400
vt 0.175000 0.983400
vt 0.173400 0.983300
vt 0.172500 0.981200
vt 0.173100 0.979200
vt 0.171900 0.983200
vt 0.171000 0.981000
vt 0.171600 0.979100
vt 0.170300 0.983000
vt 0.169600 0.985000
vt 0.171100 0.985200
vt 0.172700 0.985400
vt 0.171800 0.987400
vt 0.170300 0.987200
vt 0.168800 0.987000
vt 0.168000 0.989000
vt 0.169500 0.989300
vt 0.170900 0.989600
vt 0.174100 0.985400
vt 0.173200 0.987500
vt 0.172200 0.989600
vt 0.173400 0.989600
vt 0.174500 0.987500
vt 0.175600 0.985400
vt 0.177100 0.985400
vt 0.175900 0.987500
vt 0.174600 0.989600
vt 0.128000 0.927100
vt 0.127900 0.926200
vt 0.128100 0.925900
vt 0.128400 0.926900
vt 0.128500 0.927800
vt 0.128000 0.928000
vt 0.128800 0.926600
vt 0.129000 0.927700
vt 0.128400 0.925600
vt 0.127900 0.925300
vt 0.127600 0.925000
vt 0.127700 0.924600
vt 0.128800 0.925200
vt 0.129300 0.926300
vt 0.128000 0.924100
vt 0.128400 0.923700
vt 0.129300 0.924800
vt 0.129800 0.926000
vt 0.128900 0.923200
vt 0.129800 0.924400
vt 0.130400 0.925700
vt 0.129600 0.922700
vt 0.130500 0.924000
vt 0.131100 0.925300
vt 0.131400 0.926600
vt 0.130700 0.926900
vt 0.130100 0.927200
vt 0.131600 0.927900
vt 0.130900 0.928200
vt 0.130200 0.928400
vt 0.129500 0.927400
vt 0.129600 0.928600
vt 0.129100 0.928800
vt 0.129700 0.929900
vt 0.129100 0.930000
vt 0.130200 0.929700
vt 0.130200 0.931100
vt 0.129600 0.931200
vt 0.129100 0.931300
vt 0.128600 0.931400
vt 0.128600 0.930100
vt 0.128600 0.928900
vt 0.128100 0.931500
vt 0.128100 0.930200
vt 0.128100 0.928900
vt 0.128500 0.932800
vt 0.128100 0.932900
vt 0.129000 0.932800
vt 0.128800 0.934400
vt 0.128400 0.934400
vt 0.128100 0.934200
vt 0.128600 0.936300
vt 0.128200 0.936300
vt 0.127900 0.936200
vt 0.165100 0.988400
vt 0.165900 0.986100
vt 0.167300 0.986600
vt 0.166600 0.988700
vt 0.164000 0.987200
vt 0.164500 0.985300
vt 0.162800 0.986000
vt 0.163200 0.984400
vt 0.127600 0.938300
vt 0.128000 0.938300
vt 0.161700 0.984800
vt 0.161900 0.983400
vt 0.127700 0.940300
vt 0.127400 0.940300
vt 0.128400 0.938300
vt 0.128100 0.940300
vt 0.128800 0.938300
vt 0.128500 0.940400
vt 0.129100 0.936300
vt 0.127700 0.942300
vt 0.127400 0.942300
vt 0.128200 0.942500
vt 0.127800 0.944400
vt 0.127400 0.944200
vt 0.127000 0.944100
vt 0.126900 0.946000
vt 0.126500 0.945800
vt 0.127500 0.946300
vt 0.128100 0.946800
vt 0.128400 0.944800
vt 0.128700 0.942800
vt 0.127700 0.948500
vt 0.127000 0.948000
vt 0.126500 0.947700
vt 0.126000 0.949400
vt 0.126500 0.949600
vt 0.127000 0.949900
vt 0.126000 0.947400
vt 0.125500 0.949100
vt 0.126100 0.945600
vt 0.125500 0.947200
vt 0.125000 0.948800
vt 0.160900 0.978600
vt 0.160300 0.978400
vt 0.161400 0.977300
vt 0.162300 0.977600
vt 0.159700 0.978200
vt 0.160800 0.977100
vt 0.163300 0.976500
vt 0.162500 0.976300
vt 0.161900 0.976000
vt 0.163100 0.975100
vt 0.163600 0.975400
vt 0.164200 0.975600
vt 0.164900 0.975000
vt 0.164700 0.974600
vt 0.164400 0.974300
vt 0.165900 0.974100
vt 0.165800 0.974800
vt 0.165300 0.975600
vt 0.167100 0.974500
vt 0.167400 0.973800
vt 0.166600 0.975600
vt 0.164500 0.976700
vt 0.166000 0.976800
vt 0.165300 0.978200
vt 0.163600 0.977900
vt 0.167500 0.976900
vt 0.166900 0.978500
vt 0.168100 0.975600
vt 0.164600 0.979700
vt 0.162900 0.979200
vt 0.166200 0.980100
vt 0.167900 0.980500
vt 0.168500 0.978700
vt 0.169100 0.977100
vt 0.170600 0.977200
vt 0.170100 0.978900
vt 0.169400 0.980800
vt 0.167200 0.982300
vt 0.165600 0.981800
vt 0.168800 0.982700
vt 0.168100 0.984600
vt 0.166600 0.984100
vt 0.165100 0.983500
vt 0.163600 0.982800
vt 0.164100 0.981200
vt 0.162200 0.982000
vt 0.162400 0.980600
vt 0.160700 0.981100
vt 0.160800 0.979900
vt 0.160600 0.982400
vt 0.160600 0.983700
vt 0.127200 0.942400
vt 0.126600 0.944000
vt 0.169700 0.975600
vt 0.171100 0.975600
vt 0.170100 0.974300
vt 0.171500 0.974200
vt 0.168600 0.974400
vt 0.172800 0.974200
vt 0.172400 0.975600
vt 0.172100 0.977300
vt 0.173900 0.974200
vt 0.173700 0.975700
vt 0.173400 0.977400
vt 0.175100 0.974200
vt 0.174900 0.975700
vt 0.176100 0.974200
vt 0.175200 0.973100
vt 0.176200 0.973100
vt 0.174100 0.973100
vt 0.173000 0.973100
vt 0.171800 0.973200
vt 0.170400 0.973300
vt 0.168900 0.973500
vt 0.128800 0.949400
vt 0.128600 0.951300
vt 0.129000 0.947500
vt 0.130200 0.952800
vt 0.130100 0.950600
vt 0.130000 0.948400
vt 0.129200 0.945400
vt 0.130000 0.946100
vt 0.130100 0.943800
vt 0.129300 0.943300
vt 0.129000 0.940600
vt 0.129500 0.941000
vt 0.130200 0.941400
vt 0.131000 0.944500
vt 0.131100 0.946900
vt 0.131000 0.941900
vt 0.130400 0.939000
vt 0.129800 0.938700
vt 0.131100 0.939400
vt 0.130100 0.936500
vt 0.131800 0.939700
vt 0.131800 0.942300
vt 0.132500 0.940100
vt 0.132600 0.942200
vt 0.133200 0.940400
vt 0.133400 0.942100
vt 0.133800 0.940800
vt 0.134000 0.942100
vt 0.134000 0.939300
vt 0.134100 0.943400
vt 0.134700 0.943200
vt 0.133300 0.943900
vt 0.135900 0.943800
vt 0.135400 0.944000
vt 0.134900 0.944500
vt 0.137100 0.944200
vt 0.136900 0.944500
vt 0.137400 0.943900
vt 0.139000 0.944000
vt 0.139000 0.944200
vt 0.139100 0.943800
vt 0.137800 0.943700
vt 0.136400 0.943600
vt 0.139200 0.943600
vt 0.137000 0.943400
vt 0.138100 0.943400
vt 0.139400 0.943300
vt 0.140700 0.943300
vt 0.140600 0.943100
vt 0.140800 0.943500
vt 0.142000 0.943000
vt 0.142300 0.943000
vt 0.141800 0.942800
vt 0.140900 0.943600
vt 0.142600 0.943100
vt 0.142900 0.943300
vt 0.141000 0.943800
vt 0.144200 0.942500
vt 0.143700 0.942500
vt 0.144600 0.942600
vt 0.144800 0.943000
vt 0.143000 0.943600
vt 0.141100 0.944100
vt 0.145400 0.941700
vt 0.146100 0.941800
vt 0.146600 0.942200
vt 0.144700 0.943600
vt 0.143000 0.944100
vt 0.146300 0.943100
vt 0.147700 0.943100
vt 0.144400 0.944300
vt 0.145700 0.944200
vt 0.146900 0.944400
vt 0.148800 0.944100
vt 0.147700 0.945300
vt 0.150100 0.942600
vt 0.146700 0.946200
vt 0.146100 0.945400
vt 0.145100 0.945100
vt 0.145400 0.946200
vt 0.144600 0.945800
vt 0.145900 0.946900
vt 0.144000 0.945000
vt 0.143600 0.945700
vt 0.142500 0.945900
vt 0.142700 0.945200
vt 0.142900 0.944600
vt 0.141200 0.945000
vt 0.141300 0.945600
vt 0.141400 0.946100
vt 0.141200 0.944500
vt 0.139500 0.945400
vt 0.139200 0.944900
vt 0.139800 0.945900
vt 0.137800 0.945900
vt 0.137300 0.945400
vt 0.138400 0.946400
vt 0.140200 0.946400
vt 0.139000 0.946800
vt 0.140500 0.946900
vt 0.139500 0.947200
vt 0.141500 0.946600
vt 0.142500 0.946400
vt 0.141600 0.947100
vt 0.140800 0.947300
vt 0.142400 0.946900
vt 0.143300 0.946300
vt 0.143200 0.946900
vt 0.143100 0.947400
vt 0.142400 0.947500
vt 0.141800 0.947600
vt 0.142000 0.948100
vt 0.142500 0.948000
vt 0.143100 0.947900
vt 0.142700 0.948600
vt 0.142100 0.948700
vt 0.143100 0.948500
vt 0.143500 0.947900
vt 0.143600 0.948500
vt 0.143600 0.947500
vt 0.143900 0.948000
vt 0.144000 0.948400
vt 0.144100 0.947700
vt 0.144400 0.948100
vt 0.144400 0.947300
vt 0.144800 0.947800
vt 0.143800 0.947000
vt 0.144800 0.946800
vt 0.145300 0.947400
vt 0.144100 0.946500
vt 0.145000 0.948500
vt 0.145600 0.948200
vt 0.146300 0.947800
vt 0.147100 0.947300
vt 0.147200 0.948500
vt 0.146300 0.948800
vt 0.145600 0.949000
vt 0.146000 0.949800
vt 0.145400 0.949900
vt 0.146700 0.949700
vt 0.145000 0.949800
vt 0.145100 0.949200
vt 0.144600 0.949800
vt 0.144700 0.949300
vt 0.144600 0.948700
vt 0.144200 0.948900
vt 0.144300 0.949300
vt 0.143900 0.949500
vt 0.143700 0.949000
vt 0.144300 0.949700
vt 0.144000 0.949900
vt 0.143300 0.949100
vt 0.143500 0.949700
vt 0.143600 0.950200
vt 0.143100 0.950400
vt 0.143000 0.949900
vt 0.142800 0.949300
vt 0.142300 0.949400
vt 0.142500 0.950000
vt 0.141800 0.949500
vt 0.141600 0.948900
vt 0.142000 0.950200
vt 0.141400 0.949700
vt 0.141100 0.949100
vt 0.141500 0.950300
vt 0.141500 0.950900
vt 0.142000 0.950800
vt 0.142600 0.950600
vt 0.142500 0.951200
vt 0.141900 0.951300
vt 0.141300 0.951500
vt 0.141000 0.952000
vt 0.141600 0.951900
vt 0.142400 0.951600
vt 0.143200 0.950900
vt 0.143200 0.951300
vt 0.142200 0.952100
vt 0.141300 0.952400
vt 0.143200 0.951700
vt 0.143900 0.950900
vt 0.143800 0.950600
vt 0.144100 0.951200
vt 0.144300 0.951500
vt 0.143100 0.952200
vt 0.141900 0.952700
vt 0.144500 0.951900
vt 0.143100 0.952700
vt 0.141600 0.953300
vt 0.141100 0.954100
vt 0.142900 0.953300
vt 0.144800 0.952300
vt 0.145100 0.952800
vt 0.142700 0.954100
vt 0.140500 0.955100
vt 0.138800 0.955400
vt 0.139600 0.954500
vt 0.140300 0.953700
vt 0.138300 0.954500
vt 0.139100 0.953800
vt 0.137400 0.955300
vt 0.139400 0.956700
vt 0.137900 0.956400
vt 0.136400 0.956200
vt 0.134900 0.955900
vt 0.136000 0.955000
vt 0.137100 0.954200
vt 0.136200 0.953500
vt 0.134900 0.954200
vt 0.133400 0.955600
vt 0.137200 0.953000
vt 0.138100 0.953600
vt 0.139800 0.953200
vt 0.139000 0.953100
vt 0.138200 0.952700
vt 0.140800 0.953000
vt 0.139700 0.952600
vt 0.140500 0.952600
vt 0.140400 0.952100
vt 0.140800 0.951600
vt 0.139900 0.952100
vt 0.139200 0.952500
vt 0.140400 0.951600
vt 0.141000 0.951000
vt 0.140600 0.951100
vt 0.139600 0.952100
vt 0.140100 0.951600
vt 0.140300 0.951100
vt 0.140700 0.950500
vt 0.141100 0.950400
vt 0.140400 0.950600
vt 0.140100 0.951200
vt 0.139900 0.951600
vt 0.140100 0.950700
vt 0.139900 0.951100
vt 0.139800 0.950800
vt 0.139700 0.951500
vt 0.139900 0.950300
vt 0.140200 0.950100
vt 0.139700 0.950400
vt 0.139500 0.950500
vt 0.139600 0.950800
vt 0.139700 0.951100
vt 0.139300 0.950100
vt 0.139500 0.950000
vt 0.139700 0.949900
vt 0.139200 0.950600
vt 0.139000 0.950200
vt 0.139400 0.951000
vt 0.139000 0.950700
vt 0.138800 0.950200
vt 0.139100 0.951100
vt 0.138700 0.950700
vt 0.138500 0.950200
vt 0.138900 0.951200
vt 0.138600 0.949700
vt 0.138400 0.949800
vt 0.138900 0.949800
vt 0.138200 0.949400
vt 0.138500 0.949400
vt 0.138900 0.949500
vt 0.138500 0.949000
vt 0.138100 0.949000
vt 0.138900 0.949200
vt 0.139300 0.949500
vt 0.139200 0.949700
vt 0.139100 0.949900
vt 0.138500 0.948700
vt 0.139100 0.948900
vt 0.139500 0.949300
vt 0.139900 0.949700
vt 0.139800 0.949000
vt 0.139400 0.948600
vt 0.140200 0.949500
vt 0.140500 0.950000
vt 0.140900 0.949800
vt 0.140700 0.949300
vt 0.140800 0.948500
vt 0.140300 0.948800
vt 0.141400 0.948300
vt 0.140400 0.948000
vt 0.141100 0.947800
vt 0.139800 0.948300
vt 0.140000 0.947600
vt 0.139300 0.948000
vt 0.138800 0.948300
vt 0.138100 0.948200
vt 0.138700 0.947700
vt 0.138000 0.947400
vt 0.137200 0.948200
vt 0.138000 0.948600
vt 0.137600 0.948900
vt 0.137800 0.949300
vt 0.137400 0.949600
vt 0.136800 0.949400
vt 0.137800 0.949900
vt 0.138000 0.949600
vt 0.138100 0.950100
vt 0.138200 0.949800
vt 0.138300 0.950200
vt 0.137900 0.950700
vt 0.138200 0.950700
vt 0.138400 0.950700
vt 0.138600 0.951200
vt 0.138400 0.951300
vt 0.138800 0.951600
vt 0.138700 0.951800
vt 0.139000 0.951600
vt 0.138600 0.952000
vt 0.138200 0.951500
vt 0.137900 0.951600
vt 0.137500 0.950700
vt 0.138400 0.952300
vt 0.139100 0.952100
vt 0.139100 0.952400
vt 0.139100 0.951900
vt 0.139500 0.952000
vt 0.139400 0.951800
vt 0.137400 0.951800
vt 0.136500 0.951900
vt 0.136900 0.950600
vt 0.136000 0.950600
vt 0.136000 0.949200
vt 0.136300 0.947900
vt 0.135300 0.947400
vt 0.134800 0.948800
vt 0.134900 0.950500
vt 0.137200 0.947000
vt 0.136300 0.946500
vt 0.134000 0.946700
vt 0.135400 0.945800
vt 0.133500 0.948300
vt 0.136900 0.944900
vt 0.134800 0.945100
vt 0.132400 0.945100
vt 0.139100 0.944500
vt 0.132200 0.947600
vt 0.132400 0.949900
vt 0.131200 0.949200
vt 0.133700 0.950300
vt 0.132800 0.952400
vt 0.131500 0.951700
vt 0.131800 0.954200
vt 0.134200 0.952400
vt 0.135400 0.952100
vt 0.139300 0.951500
vt 0.139500 0.951300
vt 0.150900 0.976500
vt 0.149400 0.975600
vt 0.150800 0.975400
vt 0.152300 0.976400
vt 0.149300 0.974400
vt 0.148000 0.974600
vt 0.149500 0.976600
vt 0.148100 0.975700
vt 0.146700 0.974800
vt 0.145400 0.974900
vt 0.146700 0.975800
vt 0.148000 0.976700
vt 0.145300 0.973900
vt 0.146600 0.973700
vt 0.144100 0.974000
vt 0.145400 0.972800
vt 0.144200 0.972900
vt 0.142700 0.973100
vt 0.142200 0.957700
vt 0.141500 0.957400
vt 0.143300 0.956700
vt 0.143500 0.957300
vt 0.140800 0.957200
vt 0.143000 0.956100
vt 0.144900 0.956800
vt 0.145100 0.956000
vt 0.145200 0.955100
vt 0.140100 0.957000
vt 0.142700 0.955600
vt 0.145300 0.954300
vt 0.147800 0.953000
vt 0.147300 0.954300
vt 0.146800 0.955500
vt 0.149300 0.953900
vt 0.150300 0.952200
vt 0.148500 0.955300
vt 0.152500 0.952400
vt 0.151200 0.954100
vt 0.150100 0.955600
vt 0.147700 0.956400
vt 0.146300 0.956500
vt 0.149100 0.956700
vt 0.150300 0.957300
vt 0.151500 0.956200
vt 0.152900 0.954800
vt 0.154200 0.955700
vt 0.152600 0.957000
vt 0.151200 0.958100
vt 0.155100 0.956900
vt 0.153400 0.958000
vt 0.151900 0.959000
vt 0.152200 0.959900
vt 0.157200 0.955600
vt 0.156100 0.954300
vt 0.156200 0.951500
vt 0.154400 0.953200
vt 0.154100 0.950500
vt 0.156100 0.948500
vt 0.151300 0.949700
vt 0.154400 0.947100
vt 0.156600 0.945000
vt 0.151300 0.946800
vt 0.153300 0.945200
vt 0.155300 0.943200
vt 0.157200 0.941300
vt 0.154300 0.941200
vt 0.156000 0.939300
vt 0.152500 0.943000
vt 0.153200 0.939100
vt 0.154700 0.937300
vt 0.151600 0.941000
vt 0.157600 0.937400
vt 0.159000 0.939400
vt 0.150900 0.944600
vt 0.149400 0.945700
vt 0.149600 0.947700
vt 0.148200 0.946600
vt 0.148200 0.948100
vt 0.147700 0.949700
vt 0.149100 0.949600
vt 0.147400 0.951300
vt 0.146500 0.951000
vt 0.145800 0.950900
vt 0.145300 0.950700
vt 0.144900 0.950600
vt 0.144500 0.950400
vt 0.144300 0.950200
vt 0.148000 0.951800
vt 0.145300 0.953400
vt 0.142500 0.955000
vt 0.150800 0.960600
vt 0.150600 0.959800
vt 0.150800 0.961400
vt 0.149500 0.961700
vt 0.149600 0.961000
vt 0.149500 0.960300
vt 0.148500 0.961200
vt 0.148500 0.960600
vt 0.148400 0.961800
vt 0.147300 0.961800
vt 0.147700 0.961200
vt 0.147900 0.960800
vt 0.146900 0.961000
vt 0.147500 0.960500
vt 0.146500 0.961500
vt 0.147000 0.962300
vt 0.146000 0.962000
vt 0.148100 0.962500
vt 0.146600 0.962900
vt 0.147900 0.963200
vt 0.145600 0.962400
vt 0.149200 0.963300
vt 0.149400 0.962500
vt 0.150700 0.962300
vt 0.150600 0.963200
vt 0.150700 0.964200
vt 0.149200 0.964100
vt 0.149300 0.965000
vt 0.150800 0.965200
vt 0.150800 0.966300
vt 0.149400 0.965800
vt 0.149400 0.966500
vt 0.150700 0.967100
vt 0.148000 0.965500
vt 0.147900 0.964800
vt 0.148000 0.966100
vt 0.150200 0.967600
vt 0.149200 0.967000
vt 0.148100 0.966600
vt 0.149000 0.967400
vt 0.149700 0.967800
vt 0.148000 0.967100
vt 0.150800 0.968300
vt 0.150000 0.968400
vt 0.149100 0.968100
vt 0.148600 0.967700
vt 0.149300 0.968500
vt 0.150500 0.969300
vt 0.149700 0.969200
vt 0.149000 0.969200
vt 0.149000 0.970000
vt 0.148400 0.969800
vt 0.149700 0.970300
vt 0.148500 0.971000
vt 0.148000 0.970600
vt 0.147000 0.970900
vt 0.147200 0.971400
vt 0.147700 0.970300
vt 0.146900 0.970600
vt 0.147900 0.969500
vt 0.147300 0.970000
vt 0.146800 0.970200
vt 0.148500 0.969000
vt 0.147400 0.969300
vt 0.148000 0.968800
vt 0.146800 0.969700
vt 0.146900 0.969000
vt 0.147500 0.968500
vt 0.146300 0.969400
vt 0.145800 0.969900
vt 0.146300 0.970100
vt 0.145400 0.969500
vt 0.145900 0.969100
vt 0.146400 0.968700
vt 0.145300 0.969200
vt 0.145500 0.968800
vt 0.146000 0.968400
vt 0.145000 0.969200
vt 0.145200 0.968600
vt 0.145700 0.968100
vt 0.145400 0.967900
vt 0.144800 0.968500
vt 0.144600 0.969200
vt 0.144000 0.969100
vt 0.144400 0.968300
vt 0.145100 0.967600
vt 0.146200 0.967400
vt 0.146300 0.967700
vt 0.146000 0.967000
vt 0.144800 0.967400
vt 0.145700 0.966600
vt 0.143900 0.968200
vt 0.143300 0.963400
vt 0.143600 0.963000
vt 0.144200 0.963600
vt 0.143800 0.963900
vt 0.142800 0.962800
vt 0.143000 0.962400
vt 0.143000 0.969000
vt 0.142300 0.962300
vt 0.142400 0.961900
vt 0.144000 0.962700
vt 0.143300 0.962000
vt 0.142600 0.961400
vt 0.141700 0.968700
vt 0.142300 0.968900
vt 0.143200 0.969800
vt 0.142500 0.969800
vt 0.143800 0.969900
vt 0.143300 0.970800
vt 0.144100 0.970800
vt 0.144700 0.970700
vt 0.145900 0.971500
vt 0.145200 0.971700
vt 0.144300 0.971800
vt 0.142500 0.970800
vt 0.141700 0.969700
vt 0.143200 0.971900
vt 0.146500 0.972600
vt 0.142100 0.971900
vt 0.141500 0.970800
vt 0.143600 0.958000
vt 0.142400 0.958400
vt 0.142600 0.959100
vt 0.143600 0.958700
vt 0.140900 0.969700
vt 0.143700 0.959400
vt 0.142700 0.959800
vt 0.144600 0.958400
vt 0.144700 0.957600
vt 0.144600 0.959100
vt 0.145600 0.958200
vt 0.145400 0.958900
vt 0.145900 0.957400
vt 0.144700 0.959800
vt 0.143900 0.960100
vt 0.145500 0.959500
vt 0.146000 0.959300
vt 0.146200 0.958900
vt 0.146600 0.958200
vt 0.147500 0.958500
vt 0.146900 0.959100
vt 0.146400 0.959600
vt 0.145800 0.960100
vt 0.146900 0.960100
vt 0.146300 0.960500
vt 0.147600 0.959600
vt 0.148100 0.960100
vt 0.148300 0.959000
vt 0.149000 0.959600
vt 0.149200 0.958300
vt 0.150000 0.959000
vt 0.148200 0.957700
vt 0.147100 0.957400
vt 0.145700 0.961000
vt 0.145100 0.960400
vt 0.145200 0.961500
vt 0.144500 0.960800
vt 0.144700 0.961900
vt 0.143900 0.961200
vt 0.144300 0.962300
vt 0.143500 0.961600
vt 0.145100 0.962900
vt 0.144600 0.963300
vt 0.145300 0.964000
vt 0.145900 0.963500
vt 0.144800 0.964200
vt 0.144300 0.964400
vt 0.146400 0.964700
vt 0.146500 0.965200
vt 0.146600 0.965800
vt 0.146900 0.966600
vt 0.147100 0.967100
vt 0.147100 0.967500
vt 0.147900 0.967500
vt 0.147100 0.967700
vt 0.147600 0.967800
vt 0.148100 0.968000
vt 0.148600 0.968300
vt 0.147000 0.968200
vt 0.146600 0.968000
vt 0.148800 0.968600
vt 0.146500 0.963800
vt 0.147900 0.964000
vt 0.142900 0.960500
vt 0.142800 0.960900
vt 0.140300 0.968500
vt 0.141000 0.968600
vt 0.147800 0.973500
vt 0.146100 0.971200
vt 0.145100 0.970600
vt 0.146100 0.970800
vt 0.145300 0.970400
vt 0.144300 0.969900
vt 0.144800 0.969800
vt 0.145500 0.970200
vt 0.146100 0.970500
vt 0.145100 0.969700
vt 0.146100 0.940600
vt 0.144700 0.941700
vt 0.145200 0.940800
vt 0.143200 0.942500
vt 0.144000 0.941800
vt 0.144500 0.941000
vt 0.142700 0.942400
vt 0.143500 0.941900
vt 0.142300 0.942300
vt 0.141500 0.942700
vt 0.143000 0.941900
vt 0.140600 0.942900
vt 0.141300 0.942400
vt 0.142000 0.942100
vt 0.140500 0.942600
vt 0.141700 0.941800
vt 0.141100 0.942000
vt 0.140400 0.942200
vt 0.142200 0.941500
vt 0.142500 0.941800
vt 0.143300 0.941300
vt 0.142800 0.941300
vt 0.142500 0.941200
vt 0.143900 0.941200
vt 0.142900 0.940700
vt 0.143400 0.940500
vt 0.143900 0.940300
vt 0.143200 0.939700
vt 0.143700 0.939300
vt 0.142700 0.940100
vt 0.142800 0.938900
vt 0.143200 0.938400
vt 0.142400 0.939400
vt 0.144300 0.938800
vt 0.144600 0.939900
vt 0.143700 0.937700
vt 0.142900 0.936800
vt 0.142600 0.937600
vt 0.142300 0.938300
vt 0.141800 0.937200
vt 0.142000 0.936300
vt 0.141600 0.938000
vt 0.142000 0.938900
vt 0.141500 0.938600
vt 0.141900 0.939300
vt 0.141500 0.939300
vt 0.142000 0.939800
vt 0.141600 0.939900
vt 0.142200 0.940300
vt 0.141800 0.940500
vt 0.142400 0.940900
vt 0.142000 0.941100
vt 0.141500 0.941300
vt 0.141300 0.940700
vt 0.140900 0.941500
vt 0.140800 0.940800
vt 0.140600 0.940100
vt 0.141100 0.940000
vt 0.141000 0.939300
vt 0.140400 0.939400
vt 0.140300 0.938600
vt 0.140900 0.938600
vt 0.139800 0.939500
vt 0.140000 0.940200
vt 0.139600 0.938700
vt 0.140900 0.937800
vt 0.140100 0.937800
vt 0.139300 0.938000
vt 0.139100 0.937200
vt 0.140000 0.937000
vt 0.140900 0.937000
vt 0.138500 0.938200
vt 0.138200 0.937500
vt 0.137300 0.937900
vt 0.137800 0.938500
vt 0.138900 0.938900
vt 0.138200 0.939200
vt 0.137700 0.939400
vt 0.137100 0.938900
vt 0.136500 0.938400
vt 0.136600 0.939200
vt 0.137200 0.939700
vt 0.136000 0.938900
vt 0.135200 0.938800
vt 0.135900 0.937800
vt 0.134600 0.938000
vt 0.135400 0.937000
vt 0.134600 0.939800
vt 0.134400 0.941000
vt 0.135300 0.939600
vt 0.134900 0.940300
vt 0.134700 0.941200
vt 0.135000 0.941300
vt 0.135200 0.940600
vt 0.135400 0.940000
vt 0.135400 0.940800
vt 0.135300 0.941400
vt 0.135600 0.940300
vt 0.135500 0.941400
vt 0.135600 0.940900
vt 0.135700 0.940600
vt 0.135300 0.942000
vt 0.135100 0.942100
vt 0.135500 0.941900
vt 0.135800 0.941400
vt 0.135800 0.941900
vt 0.135900 0.940900
vt 0.136100 0.941400
vt 0.136200 0.941000
vt 0.136100 0.941900
vt 0.135600 0.942200
vt 0.135800 0.942300
vt 0.136100 0.942300
vt 0.136400 0.941400
vt 0.136400 0.941900
vt 0.136400 0.942200
vt 0.136600 0.942100
vt 0.136700 0.941800
vt 0.136700 0.941400
vt 0.136400 0.941000
vt 0.136700 0.941000
vt 0.136900 0.941000
vt 0.137000 0.941400
vt 0.137000 0.941800
vt 0.137300 0.941400
vt 0.137200 0.940900
vt 0.137200 0.941800
vt 0.136800 0.942200
vt 0.137000 0.942200
vt 0.137600 0.941300
vt 0.137600 0.941800
vt 0.137300 0.942300
vt 0.136600 0.942600
vt 0.136500 0.942400
vt 0.136900 0.942700
vt 0.137800 0.942300
vt 0.137400 0.942700
vt 0.138000 0.941800
vt 0.138300 0.942300
vt 0.138000 0.942800
vt 0.138500 0.941800
vt 0.138000 0.941200
vt 0.138500 0.941200
vt 0.137900 0.940700
vt 0.138400 0.940600
vt 0.137500 0.940800
vt 0.137600 0.940100
vt 0.137300 0.940300
vt 0.137000 0.940500
vt 0.136900 0.939900
vt 0.136700 0.940100
vt 0.136400 0.939600
vt 0.136300 0.939900
vt 0.136800 0.940600
vt 0.136500 0.940300
vt 0.136200 0.940200
vt 0.135800 0.939800
vt 0.135800 0.939400
vt 0.135900 0.940200
vt 0.136200 0.940500
vt 0.136500 0.940600
vt 0.135900 0.940500
vt 0.136700 0.940800
vt 0.138100 0.940000
vt 0.138600 0.939800
vt 0.138900 0.940400
vt 0.139200 0.939600
vt 0.139400 0.940300
vt 0.139000 0.941100
vt 0.139600 0.941000
vt 0.140200 0.940900
vt 0.139700 0.941700
vt 0.139100 0.941700
vt 0.140300 0.941600
vt 0.139700 0.942200
vt 0.139700 0.942700
vt 0.139000 0.942300
vt 0.138800 0.942800
vt 0.138500 0.943100
vt 0.139500 0.943100
vt 0.137600 0.943100
vt 0.136800 0.943100
vt 0.136100 0.943300
vt 0.136400 0.943000
vt 0.135700 0.943100
vt 0.135200 0.943200
vt 0.135200 0.942900
vt 0.136200 0.942800
vt 0.135700 0.942900
vt 0.135300 0.942600
vt 0.135700 0.942600
vt 0.136100 0.942600
vt 0.135400 0.942400
vt 0.134800 0.942200
vt 0.134500 0.942200
vt 0.145000 0.938200
vt 0.145300 0.939500
vt 0.129300 0.938400
vt 0.129500 0.936300
vt 0.130300 0.934400
vt 0.129800 0.934400
vt 0.129300 0.934400
vt 0.129500 0.932700
vt 0.130000 0.932600
vt 0.130600 0.932600
vt 0.130700 0.931000
vt 0.130900 0.929500
vt 0.132400 0.927600
vt 0.132300 0.926200
vt 0.133400 0.927200
vt 0.133300 0.925800
vt 0.133000 0.924300
vt 0.132000 0.924800
vt 0.134600 0.925200
vt 0.134700 0.926700
vt 0.134200 0.923800
vt 0.132300 0.922900
vt 0.133500 0.922300
vt 0.131300 0.923500
vt 0.131300 0.921400
vt 0.130300 0.922100
vt 0.132500 0.920700
vt 0.128900 0.920600
vt 0.129800 0.919900
vt 0.128200 0.921300
vt 0.127600 0.921900
vt 0.126500 0.919900
vt 0.126000 0.920600
vt 0.127200 0.919200
vt 0.124700 0.918500
vt 0.125200 0.917700
vt 0.124200 0.919300
vt 0.128000 0.918400
vt 0.125900 0.916800
vt 0.129100 0.917400
vt 0.131000 0.919100
vt 0.126900 0.915800
vt 0.123300 0.915400
vt 0.124600 0.914100
vt 0.123000 0.916200
vt 0.130400 0.916400
vt 0.128200 0.914600
vt 0.125900 0.912800
vt 0.189200 0.976200
vt 0.187400 0.973900
vt 0.188500 0.972600
vt 0.190500 0.974600
vt 0.191900 0.973100
vt 0.189700 0.971100
vt 0.127100 0.911500
vt 0.129500 0.913500
vt 0.190900 0.969500
vt 0.193200 0.971500
vt 0.187500 0.969300
vt 0.188600 0.967700
vt 0.186500 0.970800
vt 0.185400 0.967700
vt 0.186400 0.966100
vt 0.184500 0.969100
vt 0.187300 0.964400
vt 0.189700 0.966000
vt 0.188300 0.962500
vt 0.190700 0.964200
vt 0.185900 0.961300
vt 0.191800 0.962200
vt 0.189100 0.960500
vt 0.186600 0.959200
vt 0.184200 0.958500
vt 0.181900 0.956100
vt 0.184400 0.956300
vt 0.187100 0.956900
vt 0.181300 0.954000
vt 0.179000 0.954300
vt 0.183800 0.953800
vt 0.179700 0.951800
vt 0.182100 0.951300
vt 0.177500 0.952300
vt 0.176800 0.954700
vt 0.175400 0.952900
vt 0.173500 0.951100
vt 0.175600 0.950300
vt 0.177700 0.949600
vt 0.171300 0.949300
vt 0.173300 0.948300
vt 0.175300 0.947300
vt 0.172900 0.945200
vt 0.170900 0.946400
vt 0.174700 0.944000
vt 0.177200 0.946300
vt 0.179700 0.948700
vt 0.181700 0.947600
vt 0.179000 0.945000
vt 0.176500 0.942600
vt 0.184300 0.950400
vt 0.180700 0.943500
vt 0.183400 0.946000
vt 0.186200 0.948700
vt 0.185000 0.944200
vt 0.182300 0.941700
vt 0.187700 0.946700
vt 0.187200 0.953700
vt 0.189100 0.951300
vt 0.190600 0.949100
vt 0.192100 0.953600
vt 0.190800 0.955900
vt 0.193500 0.951400
vt 0.196500 0.953500
vt 0.195200 0.955800
vt 0.194000 0.958000
vt 0.189900 0.958300
vt 0.192900 0.960100
vt 0.195800 0.962100
vt 0.194500 0.964100
vt 0.197000 0.960100
vt 0.200000 0.962300
vt 0.198700 0.964200
vt 0.197300 0.966100
vt 0.195900 0.968000
vt 0.193300 0.966000
vt 0.192100 0.967900
vt 0.194600 0.969900
vt 0.128400 0.910200
vt 0.131000 0.912200
vt 0.129800 0.908700
vt 0.132500 0.911000
vt 0.133400 0.914300
vt 0.135000 0.913300
vt 0.131800 0.915400
vt 0.135500 0.916400
vt 0.133800 0.917300
vt 0.132300 0.918200
vt 0.133900 0.920000
vt 0.135400 0.919200
vt 0.137100 0.918400
vt 0.137200 0.915500
vt 0.139000 0.917600
vt 0.139200 0.914600
vt 0.136800 0.912200
vt 0.138700 0.911000
vt 0.134100 0.909700
vt 0.135700 0.908400
vt 0.140600 0.909800
vt 0.137400 0.907100
vt 0.139300 0.905700
vt 0.142500 0.908500
vt 0.144400 0.907100
vt 0.141100 0.904300
vt 0.134200 0.904300
vt 0.136000 0.903000
vt 0.137800 0.901600
vt 0.143000 0.902900
vt 0.146300 0.905600
vt 0.139700 0.900200
vt 0.202400 0.957600
vt 0.199500 0.955600
vt 0.200700 0.953300
vt 0.203600 0.955300
vt 0.201200 0.960000
vt 0.198200 0.957900
vt 0.197800 0.951300
vt 0.199000 0.949000
vt 0.201900 0.951000
vt 0.204800 0.953000
vt 0.194900 0.949200
vt 0.196200 0.947000
vt 0.197400 0.944700
vt 0.200200 0.946800
vt 0.203100 0.948700
vt 0.201700 0.944200
vt 0.198900 0.942200
vt 0.204400 0.946300
vt 0.205900 0.950600
vt 0.207100 0.948300
vt 0.203500 0.941100
vt 0.205900 0.943500
vt 0.208200 0.946000
vt 0.145300 0.896500
vt 0.147200 0.895300
vt 0.148800 0.898800
vt 0.146800 0.900200
vt 0.143400 0.897700
vt 0.149200 0.894200
vt 0.148200 0.904200
vt 0.144900 0.901600
vt 0.141500 0.898900
vt 0.209300 0.943700
vt 0.208100 0.939500
vt 0.211600 0.933500
vt 0.213700 0.935900
vt 0.155300 0.887900
vt 0.161500 0.881600
vt 0.218100 0.928200
vt 0.215800 0.926500
vt 0.205900 0.936900
vt 0.209400 0.931300
vt 0.213500 0.924700
vt 0.203500 0.934800
vt 0.207000 0.929200
vt 0.211100 0.922900
vt 0.215500 0.916400
vt 0.217700 0.918100
vt 0.220100 0.919400
vt 0.221800 0.911900
vt 0.219600 0.910300
vt 0.224100 0.913100
vt 0.223300 0.905100
vt 0.225400 0.907000
vt 0.227600 0.908600
vt 0.226900 0.912800
vt 0.222500 0.920500
vt 0.229900 0.910300
vt 0.232800 0.907300
vt 0.230600 0.905100
vt 0.228600 0.902900
vt 0.235500 0.904500
vt 0.233400 0.902100
vt 0.231500 0.899600
vt 0.226700 0.900700
vt 0.229800 0.896900
vt 0.224800 0.898300
vt 0.228100 0.894200
vt 0.221300 0.903000
vt 0.222800 0.896100
vt 0.226000 0.891800
vt 0.219300 0.900800
vt 0.217500 0.908300
vt 0.215400 0.906200
vt 0.213200 0.914500
vt 0.211000 0.912400
vt 0.208800 0.921000
vt 0.206500 0.918900
vt 0.204600 0.927300
vt 0.202100 0.925200
vt 0.200900 0.932800
vt 0.198400 0.930600
vt 0.195900 0.928400
vt 0.199700 0.922900
vt 0.204100 0.916700
vt 0.193500 0.926000
vt 0.197400 0.920600
vt 0.201900 0.914400
vt 0.191300 0.923600
vt 0.195200 0.918300
vt 0.199700 0.912100
vt 0.204500 0.905700
vt 0.206600 0.908000
vt 0.208800 0.910200
vt 0.209100 0.899600
vt 0.211100 0.901800
vt 0.213300 0.904000
vt 0.213100 0.894200
vt 0.215100 0.896400
vt 0.217200 0.898600
vt 0.216600 0.889400
vt 0.218700 0.891600
vt 0.220700 0.893900
vt 0.221800 0.887400
vt 0.223900 0.889600
vt 0.219800 0.885200
vt 0.226800 0.885700
vt 0.224700 0.883500
vt 0.222700 0.881300
vt 0.229000 0.887900
vt 0.229500 0.882000
vt 0.231700 0.884100
vt 0.227500 0.879800
vt 0.232100 0.878500
vt 0.234100 0.880500
vt 0.230000 0.876400
vt 0.228000 0.874200
vt 0.225400 0.877700
vt 0.230500 0.871000
vt 0.232500 0.873200
vt 0.234600 0.875300
vt 0.237000 0.872200
vt 0.235000 0.870100
vt 0.232900 0.867900
vt 0.237400 0.867200
vt 0.239500 0.869300
vt 0.242100 0.866300
vt 0.240000 0.864100
vt 0.245300 0.863000
vt 0.243100 0.860800
vt 0.237900 0.861900
vt 0.240800 0.858600
vt 0.235300 0.864900
vt 0.233100 0.862700
vt 0.235700 0.859700
vt 0.238500 0.856400
vt 0.233500 0.857500
vt 0.236300 0.854300
vt 0.231000 0.860600
vt 0.228600 0.863600
vt 0.230800 0.865700
vt 0.228800 0.858600
vt 0.231300 0.855500
vt 0.226500 0.861600
vt 0.226200 0.866700
vt 0.224100 0.864700
vt 0.228400 0.868800
vt 0.223800 0.870000
vt 0.221700 0.868100
vt 0.225900 0.872100
vt 0.223300 0.875500
vt 0.221300 0.873500
vt 0.218600 0.877100
vt 0.220600 0.879200
vt 0.216500 0.875200
vt 0.219200 0.871500
vt 0.217800 0.883000
vt 0.215700 0.881000
vt 0.213700 0.879000
vt 0.214500 0.873400
vt 0.211700 0.877200
vt 0.217100 0.869700
vt 0.208600 0.881300
vt 0.210600 0.883200
vt 0.212600 0.885200
vt 0.209000 0.889900
vt 0.207100 0.887800
vt 0.205100 0.885900
vt 0.205000 0.895200
vt 0.203100 0.893100
vt 0.201200 0.891200
vt 0.203200 0.884200
vt 0.206700 0.879700
vt 0.199300 0.889400
vt 0.204700 0.878100
vt 0.201300 0.882700
vt 0.197400 0.887800
vt 0.196600 0.897200
vt 0.194700 0.895400
vt 0.192800 0.893700
vt 0.188000 0.899900
vt 0.190000 0.901600
vt 0.191900 0.903400
vt 0.187300 0.909400
vt 0.185400 0.907500
vt 0.183400 0.905800
vt 0.179400 0.910900
vt 0.181300 0.912700
vt 0.183200 0.914700
vt 0.177300 0.909200
vt 0.181400 0.904100
vt 0.186000 0.898200
vt 0.176200 0.914900
vt 0.174200 0.913000
vt 0.178200 0.916700
vt 0.173800 0.917800
vt 0.171700 0.916000
vt 0.175800 0.919700
vt 0.177700 0.921700
vt 0.180100 0.918600
vt 0.175800 0.924100
vt 0.173900 0.922100
vt 0.171900 0.920200
vt 0.172200 0.924200
vt 0.174100 0.926200
vt 0.169800 0.918300
vt 0.170500 0.926200
vt 0.169500 0.914100
vt 0.167500 0.916400
vt 0.172000 0.911200
vt 0.165100 0.914300
vt 0.167100 0.912100
vt 0.169500 0.909300
vt 0.167000 0.907300
vt 0.175100 0.907400
vt 0.172800 0.905600
vt 0.170200 0.903700
vt 0.176900 0.900600
vt 0.179300 0.902400
vt 0.174400 0.898800
vt 0.179200 0.893200
vt 0.181600 0.894900
vt 0.183900 0.896600
vt 0.186500 0.889000
vt 0.188700 0.890600
vt 0.184200 0.887200
vt 0.193300 0.884800
vt 0.191000 0.883200
vt 0.188800 0.881500
vt 0.192400 0.876500
vt 0.194800 0.878200
vt 0.197100 0.879700
vt 0.200500 0.875100
vt 0.198000 0.873700
vt 0.195500 0.872100
vt 0.199300 0.881200
vt 0.195400 0.886300
vt 0.202700 0.876600
vt 0.203400 0.871000
vt 0.205600 0.872500
vt 0.200900 0.869600
vt 0.206000 0.867200
vt 0.208400 0.868700
vt 0.203400 0.865800
vt 0.200600 0.864300
vt 0.198100 0.868100
vt 0.205900 0.862100
vt 0.208500 0.863500
vt 0.203000 0.860600
vt 0.197600 0.862800
vt 0.199900 0.859100
vt 0.195200 0.866600
vt 0.194400 0.861200
vt 0.192300 0.865000
vt 0.196800 0.857600
vt 0.190200 0.868900
vt 0.192800 0.870500
vt 0.190200 0.874700
vt 0.188100 0.872700
vt 0.186800 0.879400
vt 0.182000 0.885200
vt 0.176700 0.891300
vt 0.174100 0.889300
vt 0.171800 0.896900
vt 0.167500 0.901700
vt 0.205300 0.857100
vt 0.202300 0.855600
vt 0.199100 0.854000
vt 0.204600 0.852100
vt 0.207700 0.853700
vt 0.201500 0.850400
vt 0.210000 0.850400
vt 0.207000 0.848800
vt 0.203900 0.846900
vt 0.212900 0.852000
vt 0.210600 0.855200
vt 0.208300 0.858600
vt 0.212300 0.847300
vt 0.215100 0.848900
vt 0.209400 0.845700
vt 0.214800 0.844200
vt 0.217500 0.845700
vt 0.211900 0.842800
vt 0.217500 0.840800
vt 0.220200 0.842200
vt 0.214500 0.839600
vt 0.208900 0.841400
vt 0.206400 0.844100
vt 0.211400 0.838600
vt 0.220600 0.836600
vt 0.217600 0.835600
vt 0.213900 0.835900
vt 0.276700 0.892900
vt 0.273900 0.895700
vt 0.272500 0.893200
vt 0.276400 0.889700
vt 0.271200 0.898400
vt 0.269300 0.896100
vt 0.275100 0.887100
vt 0.270900 0.890800
vt 0.267500 0.893900
vt 0.269100 0.888700
vt 0.273500 0.884900
vt 0.265700 0.891900
vt 0.266500 0.898800
vt 0.264600 0.896600
vt 0.262800 0.894500
vt 0.263900 0.889900
vt 0.261100 0.892600
vt 0.267400 0.886700
vt 0.259500 0.890800
vt 0.262300 0.888100
vt 0.265800 0.884900
vt 0.260700 0.886500
vt 0.257900 0.889100
vt 0.264200 0.883300
vt 0.271800 0.882900
vt 0.270300 0.881000
vt 0.268900 0.879300
vt 0.262800 0.881700
vt 0.267500 0.877700
vt 0.259200 0.884900
vt 0.266200 0.876100
vt 0.261500 0.880200
vt 0.257800 0.883400
vt 0.260200 0.878700
vt 0.265000 0.874600
vt 0.263700 0.873100
vt 0.271200 0.869500
vt 0.272400 0.871000
vt 0.270000 0.867900
vt 0.262400 0.871600
vt 0.268600 0.866300
vt 0.277100 0.862000
vt 0.275700 0.860400
vt 0.278400 0.863700
vt 0.274000 0.858900
vt 0.267000 0.864800
vt 0.260900 0.870000
vt 0.283100 0.854300
vt 0.284600 0.856000
vt 0.281300 0.852700
vt 0.291800 0.850400
vt 0.293000 0.852300
vt 0.285800 0.857800
vt 0.279500 0.865400
vt 0.286900 0.859700
vt 0.294000 0.854400
vt 0.299400 0.847700
vt 0.300400 0.850000
vt 0.295000 0.856600
vt 0.287900 0.861600
vt 0.301200 0.852400
vt 0.306100 0.846300
vt 0.306900 0.849000
vt 0.305100 0.843800
vt 0.311200 0.843300
vt 0.312000 0.846300
vt 0.315900 0.840800
vt 0.316700 0.844100
vt 0.307500 0.851900
vt 0.312600 0.849400
vt 0.317300 0.847500
vt 0.321200 0.842100
vt 0.321800 0.845800
vt 0.322200 0.849600
vt 0.317700 0.850900
vt 0.313000 0.852600
vt 0.317800 0.854500
vt 0.313200 0.856000
vt 0.322200 0.853400
vt 0.308000 0.854900
vt 0.308400 0.857900
vt 0.317400 0.858000
vt 0.313200 0.859300
vt 0.308600 0.861100
vt 0.308700 0.864300
vt 0.312900 0.862700
vt 0.316900 0.861600
vt 0.316100 0.865000
vt 0.312500 0.866000
vt 0.308800 0.867500
vt 0.304900 0.869300
vt 0.304200 0.866500
vt 0.303600 0.863500
vt 0.299000 0.869500
vt 0.298100 0.866800
vt 0.300300 0.871900
vt 0.303200 0.860600
vt 0.297300 0.864000
vt 0.291800 0.870900
vt 0.290800 0.868400
vt 0.293100 0.873500
vt 0.284000 0.873200
vt 0.285300 0.875600
vt 0.286700 0.878000
vt 0.280600 0.882700
vt 0.279100 0.880400
vt 0.277500 0.878200
vt 0.276200 0.876200
vt 0.282800 0.871100
vt 0.281700 0.869100
vt 0.274900 0.874400
vt 0.273600 0.872700
vt 0.280600 0.867200
vt 0.288900 0.863700
vt 0.289800 0.866000
vt 0.295800 0.858900
vt 0.296600 0.861400
vt 0.302000 0.855000
vt 0.302600 0.857700
vt 0.288200 0.880600
vt 0.281900 0.885300
vt 0.289600 0.883100
vt 0.283200 0.888000
vt 0.294500 0.875900
vt 0.296100 0.878200
vt 0.302500 0.873300
vt 0.233000 0.807500
vt 0.234100 0.811200
vt 0.230400 0.817200
vt 0.228200 0.814600
vt 0.223500 0.821700
vt 0.226000 0.823700
vt 0.236200 0.814100
vt 0.232600 0.819700
vt 0.228500 0.825600
vt 0.224400 0.831400
vt 0.221600 0.830000
vt 0.218700 0.828800
vt 0.231000 0.827600
vt 0.227000 0.833100
vt 0.234900 0.822000
vt 0.223300 0.838100
vt 0.225800 0.839700
vt 0.222800 0.843700
vt 0.229500 0.834900
vt 0.220100 0.847200
vt 0.228200 0.841300
vt 0.225200 0.845300
vt 0.222500 0.848700
vt 0.230400 0.842900
vt 0.227400 0.846800
vt 0.224800 0.850200
vt 0.232700 0.844700
vt 0.229600 0.848500
vt 0.227000 0.851800
vt 0.234900 0.846500
vt 0.231800 0.850200
vt 0.229100 0.853600
vt 0.226700 0.856600
vt 0.224600 0.854900
vt 0.222400 0.853300
vt 0.234000 0.852200
vt 0.239500 0.850500
vt 0.237200 0.848500
vt 0.241900 0.852700
vt 0.240900 0.844100
vt 0.243400 0.846200
vt 0.245900 0.848300
vt 0.247600 0.841600
vt 0.250300 0.843600
vt 0.244900 0.839500
vt 0.238500 0.842100
vt 0.242400 0.837400
vt 0.246300 0.832700
vt 0.248900 0.834800
vt 0.251800 0.836800
vt 0.249900 0.828100
vt 0.252700 0.830200
vt 0.255800 0.832300
vt 0.256000 0.826200
vt 0.259200 0.828300
vt 0.253100 0.823900
vt 0.262300 0.824500
vt 0.258900 0.822400
vt 0.255900 0.820100
vt 0.247500 0.825900
vt 0.250600 0.821700
vt 0.253300 0.817800
vt 0.250900 0.815400
vt 0.248300 0.819400
vt 0.245200 0.823700
vt 0.246100 0.817000
vt 0.248700 0.812900
vt 0.243000 0.821400
vt 0.246400 0.810400
vt 0.243800 0.814500
vt 0.240800 0.819100
vt 0.251000 0.809200
vt 0.253300 0.811700
vt 0.248600 0.806500
vt 0.255600 0.808100
vt 0.253200 0.805600
vt 0.250700 0.802900
vt 0.245900 0.803700
vt 0.247900 0.800000
vt 0.243800 0.807700
vt 0.241200 0.804800
vt 0.243100 0.800800
vt 0.244900 0.797000
vt 0.249800 0.796400
vt 0.252700 0.799200
vt 0.246600 0.793300
vt 0.241800 0.793800
vt 0.243300 0.790200
vt 0.240200 0.797700
vt 0.238600 0.790300
vt 0.237200 0.794600
vt 0.240000 0.786900
vt 0.238500 0.801900
vt 0.235800 0.798900
vt 0.315300 0.867900
vt 0.312100 0.869300
vt 0.308900 0.870600
vt 0.305700 0.872000
vt 0.236700 0.806300
vt 0.234400 0.803200
vt 0.239000 0.809200
vt 0.241400 0.811900
vt 0.238500 0.816700
vt 0.237300 0.824200
vt 0.233400 0.829600
vt 0.239500 0.826400
vt 0.235600 0.831500
vt 0.241600 0.828500
vt 0.237800 0.833500
vt 0.234000 0.838400
vt 0.231800 0.836600
vt 0.240000 0.835400
vt 0.236200 0.840200
vt 0.243900 0.830600
vt 0.241300 0.783500
vt 0.244900 0.786700
vt 0.248400 0.789800
vt 0.242700 0.780200
vt 0.246500 0.783400
vt 0.250200 0.786500
vt 0.321500 0.868200
vt 0.323100 0.864400
vt 0.326400 0.864500
vt 0.324600 0.868300
vt 0.318400 0.868100
vt 0.319600 0.864500
vt 0.324500 0.860500
vt 0.320800 0.860800
vt 0.328200 0.860700
vt 0.321600 0.857100
vt 0.325800 0.856600
vt 0.326500 0.852600
vt 0.326600 0.848500
vt 0.331000 0.852200
vt 0.329900 0.856500
vt 0.331000 0.847700
vt 0.326100 0.844500
vt 0.335200 0.846800
vt 0.336000 0.852200
vt 0.340400 0.849800
vt 0.339200 0.855800
vt 0.341600 0.858800
vt 0.339100 0.861600
vt 0.336600 0.859200
vt 0.333600 0.857200
vt 0.343700 0.861300
vt 0.341300 0.864000
vt 0.345500 0.863200
vt 0.343400 0.866300
vt 0.336700 0.865000
vt 0.339000 0.867200
vt 0.341200 0.869500
vt 0.250400 0.759300
vt 0.248800 0.755500
vt 0.253600 0.757600
vt 0.247200 0.751700
vt 0.255300 0.760800
vt 0.252000 0.763100
vt 0.253600 0.766900
vt 0.257500 0.763900
vt 0.260200 0.766600
vt 0.257300 0.769600
vt 0.260700 0.772400
vt 0.263300 0.769100
vt 0.258300 0.775200
vt 0.254800 0.772300
vt 0.251200 0.769400
vt 0.248800 0.771900
vt 0.252500 0.774900
vt 0.256000 0.777900
vt 0.254000 0.780600
vt 0.250300 0.777500
vt 0.246500 0.774300
vt 0.244100 0.776800
vt 0.248200 0.780300
vt 0.252000 0.783400
vt 0.259400 0.780900
vt 0.257400 0.783600
vt 0.255500 0.786400
vt 0.253600 0.789500
vt 0.251700 0.792800
vt 0.258700 0.789200
vt 0.256800 0.792300
vt 0.254800 0.795700
vt 0.259600 0.795000
vt 0.257500 0.798400
vt 0.255400 0.801900
vt 0.260100 0.800900
vt 0.262300 0.797500
vt 0.257900 0.804500
vt 0.260500 0.806900
vt 0.258100 0.810600
vt 0.262800 0.803300
vt 0.265600 0.805700
vt 0.263300 0.809300
vt 0.260900 0.813000
vt 0.268900 0.808000
vt 0.266500 0.811600
vt 0.264000 0.815300
vt 0.267600 0.817500
vt 0.270100 0.813800
vt 0.272500 0.810200
vt 0.276500 0.812200
vt 0.274100 0.815900
vt 0.271500 0.819500
vt 0.274700 0.806700
vt 0.278700 0.808700
vt 0.271100 0.804500
vt 0.267900 0.802200
vt 0.265000 0.799900
vt 0.268800 0.823000
vt 0.265000 0.821000
vt 0.273000 0.824700
vt 0.277500 0.826100
vt 0.269900 0.828200
vt 0.265900 0.826500
vt 0.274100 0.829600
vt 0.282100 0.827200
vt 0.278500 0.830800
vt 0.286800 0.828200
vt 0.282800 0.831900
vt 0.278300 0.835900
vt 0.274400 0.834700
vt 0.270400 0.833500
vt 0.269700 0.839100
vt 0.266100 0.837700
vt 0.264500 0.844100
vt 0.266400 0.832000
vt 0.262500 0.836100
vt 0.261200 0.842500
vt 0.258000 0.840700
vt 0.253200 0.845600
vt 0.256100 0.847500
vt 0.259100 0.849300
vt 0.253800 0.854400
vt 0.251200 0.852500
vt 0.248600 0.850400
vt 0.249100 0.859100
vt 0.246700 0.857000
vt 0.244300 0.854900
vt 0.254800 0.838800
vt 0.259000 0.834300
vt 0.262700 0.830200
vt 0.261500 0.818800
vt 0.258400 0.816500
vt 0.255800 0.814200
vt 0.291300 0.829100
vt 0.295500 0.830000
vt 0.299400 0.826300
vt 0.303500 0.827200
vt 0.299300 0.831000
vt 0.307000 0.828400
vt 0.310900 0.824800
vt 0.314400 0.821000
vt 0.317800 0.822800
vt 0.317600 0.817100
vt 0.321500 0.818900
vt 0.328100 0.819300
vt 0.332500 0.817400
vt 0.333800 0.822200
vt 0.336900 0.815900
vt 0.337800 0.820700
vt 0.341300 0.814700
vt 0.341900 0.819400
vt 0.338700 0.825400
vt 0.342600 0.824000
vt 0.346100 0.818200
vt 0.345600 0.813500
vt 0.346500 0.822800
vt 0.350300 0.816900
vt 0.350000 0.812400
vt 0.345000 0.808800
vt 0.349600 0.807700
vt 0.348800 0.802800
vt 0.347700 0.797600
vt 0.354200 0.806500
vt 0.353500 0.801600
vt 0.352500 0.796400
vt 0.357400 0.795200
vt 0.358400 0.800500
vt 0.359000 0.805400
vt 0.359100 0.810000
vt 0.354600 0.811200
vt 0.354700 0.815700
vt 0.359000 0.814500
vt 0.363500 0.813400
vt 0.363700 0.808900
vt 0.367900 0.812200
vt 0.368300 0.807700
vt 0.363700 0.804200
vt 0.368300 0.803100
vt 0.363200 0.799300
vt 0.367900 0.798100
vt 0.362300 0.794000
vt 0.367000 0.792800
vt 0.361100 0.788300
vt 0.365800 0.787000
vt 0.356200 0.789600
vt 0.359600 0.782000
vt 0.354700 0.783400
vt 0.357900 0.775000
vt 0.362500 0.773600
vt 0.364300 0.780600
vt 0.360600 0.766000
vt 0.358500 0.758100
vt 0.365000 0.764500
vt 0.366900 0.772100
vt 0.362900 0.756500
vt 0.369200 0.763000
vt 0.371200 0.770800
vt 0.367200 0.754900
vt 0.360900 0.748300
vt 0.356400 0.750100
vt 0.365200 0.746700
vt 0.354400 0.742100
vt 0.358900 0.740200
vt 0.363300 0.738600
vt 0.371300 0.753500
vt 0.361600 0.730800
vt 0.357100 0.732500
vt 0.355500 0.725400
vt 0.360200 0.723600
vt 0.352400 0.734500
vt 0.350600 0.727500
vt 0.354100 0.719200
vt 0.349200 0.721300
vt 0.358900 0.717300
vt 0.353000 0.714200
vt 0.357800 0.712300
vt 0.348000 0.716400
vt 0.344100 0.723900
vt 0.342900 0.719100
vt 0.352200 0.710000
vt 0.347300 0.712300
vt 0.342100 0.715000
vt 0.341700 0.711300
vt 0.346800 0.708600
vt 0.351700 0.706400
vt 0.351400 0.703000
vt 0.346700 0.705000
vt 0.341800 0.707500
vt 0.356300 0.704500
vt 0.357000 0.708100
vt 0.355800 0.701200
vt 0.361600 0.706400
vt 0.366000 0.704900
vt 0.362500 0.710600
vt 0.367000 0.709100
vt 0.337500 0.722400
vt 0.375300 0.752200
vt 0.373300 0.761700
vt 0.377300 0.760400
vt 0.381200 0.759200
vt 0.379200 0.751000
vt 0.382900 0.749900
vt 0.384900 0.758100
vt 0.386500 0.748800
vt 0.388400 0.757100
vt 0.390400 0.765100
vt 0.387000 0.766100
vt 0.383300 0.767200
vt 0.385300 0.774600
vt 0.389000 0.773600
vt 0.392500 0.772600
vt 0.393700 0.764100
vt 0.395700 0.771500
vt 0.391600 0.756100
vt 0.398700 0.770500
vt 0.396700 0.763100
vt 0.394700 0.755200
vt 0.397600 0.754200
vt 0.399600 0.762100
vt 0.401600 0.769400
vt 0.392900 0.746900
vt 0.395900 0.746100
vt 0.389800 0.747800
vt 0.391300 0.738600
vt 0.394300 0.737800
vt 0.393100 0.729700
vt 0.396100 0.729000
vt 0.397300 0.737100
vt 0.399000 0.728400
vt 0.400200 0.736400
vt 0.398000 0.720600
vt 0.401000 0.720000
vt 0.401900 0.727800
vt 0.400000 0.712700
vt 0.399000 0.705900
vt 0.403000 0.712100
vt 0.403900 0.719400
vt 0.402100 0.705300
vt 0.397800 0.700000
vt 0.401000 0.699300
vt 0.396400 0.694700
vt 0.393100 0.695500
vt 0.399700 0.694000
vt 0.390000 0.696400
vt 0.391300 0.690700
vt 0.394800 0.689900
vt 0.388000 0.691700
vt 0.393100 0.685300
vt 0.389400 0.686200
vt 0.385300 0.686800
vt 0.396700 0.684400
vt 0.398300 0.689100
vt 0.403100 0.693200
vt 0.401800 0.688300
vt 0.400200 0.683600
vt 0.404200 0.698600
vt 0.406500 0.692600
vt 0.407500 0.698000
vt 0.405200 0.687600
vt 0.409900 0.692100
vt 0.410800 0.697500
vt 0.408700 0.687000
vt 0.407400 0.682100
vt 0.403800 0.682800
vt 0.407029 0.681818
vt 0.407304 0.681823
vt 0.403337 0.681493
vt 0.401006 0.681271
vt 0.399370 0.681305
vt 0.396971 0.681333
vt 0.395432 0.681231
vt 0.391512 0.681419
vt 0.394475 0.681195
vt 0.387741 0.681827
vt 0.387711 0.681828
vt 0.384246 0.682394
vt 0.387685 0.681831
vt 0.381060 0.683251
vt 0.381975 0.682914
vt 0.381200 0.684600
vt 0.385200 0.693000
vt 0.382900 0.689400
vt 0.380200 0.686800
vt 0.380600 0.691200
vt 0.382500 0.694500
vt 0.378400 0.688500
vt 0.378000 0.692600
vt 0.376100 0.690000
vt 0.376000 0.686500
vt 0.377400 0.684900
vt 0.374200 0.687900
vt 0.376864 0.684604
vt 0.374142 0.685311
vt 0.375269 0.684926
vt 0.372200 0.686200
vt 0.372825 0.685575
vt 0.377558 0.684399
vt 0.378604 0.684001
vt 0.379577 0.683789
vt 0.371900 0.689000
vt 0.370400 0.687300
vt 0.369100 0.690100
vt 0.368000 0.688100
vt 0.369302 0.686201
vt 0.371466 0.685833
vt 0.369215 0.686214
vt 0.367396 0.686459
vt 0.365255 0.686719
vt 0.364686 0.686794
vt 0.364195 0.686832
vt 0.371936 0.685711
vt 0.384200 0.698500
vt 0.387100 0.697400
vt 0.407496 0.681828
vt 0.408393 0.681935
vt 0.411148 0.682069
vt 0.412300 0.686500
vt 0.414173 0.682211
vt 0.415017 0.682322
vt 0.415900 0.686000
vt 0.413300 0.691500
vt 0.416900 0.691100
vt 0.414200 0.697000
vt 0.417600 0.696500
vt 0.419600 0.685500
vt 0.420400 0.690600
vt 0.421100 0.696000
vt 0.424100 0.690200
vt 0.423300 0.685000
vt 0.424600 0.695600
vt 0.416257 0.682439
vt 0.418955 0.682507
vt 0.420964 0.682706
vt 0.422976 0.683129
vt 0.426700 0.684642
vt 0.427018 0.684755
vt 0.427129 0.684813
vt 0.427800 0.689800
vt 0.427710 0.685261
vt 0.431358 0.687926
vt 0.431500 0.689400
vt 0.431980 0.688614
vt 0.432483 0.689322
vt 0.431800 0.694900
vt 0.428200 0.695300
vt 0.435474 0.693889
vt 0.435500 0.694600
vt 0.435686 0.694307
vt 0.435802 0.694584
vt 0.431900 0.700900
vt 0.435500 0.700700
vt 0.436213 0.695726
vt 0.438010 0.700496
vt 0.438403 0.701845
vt 0.438980 0.704247
vt 0.438800 0.707400
vt 0.435300 0.707600
vt 0.439618 0.707378
vt 0.438300 0.714700
vt 0.434900 0.714800
vt 0.440261 0.711214
vt 0.440748 0.714700
vt 0.437700 0.721800
vt 0.434500 0.722100
vt 0.441272 0.719519
vt 0.441000 0.722000
vt 0.431500 0.715200
vt 0.431800 0.707800
vt 0.431300 0.722500
vt 0.437100 0.728400
vt 0.434200 0.728700
vt 0.431300 0.729400
vt 0.436700 0.733800
vt 0.434200 0.734300
vt 0.431700 0.735400
vt 0.432400 0.740700
vt 0.434700 0.738900
vt 0.436400 0.737400
vt 0.437800 0.739100
vt 0.436000 0.742500
vt 0.433700 0.745100
vt 0.439100 0.734500
vt 0.441389 0.736834
vt 0.439900 0.741300
vt 0.441504 0.735794
vt 0.437800 0.745600
vt 0.439396 0.748153
vt 0.440686 0.742086
vt 0.440921 0.740478
vt 0.440100 0.728800
vt 0.441709 0.729229
vt 0.441672 0.731369
vt 0.441534 0.723890
vt 0.441484 0.722071
vt 0.441431 0.721308
vt 0.438732 0.750567
vt 0.437200 0.753100
vt 0.435400 0.749200
vt 0.437742 0.754011
vt 0.434600 0.756500
vt 0.432900 0.752100
vt 0.435910 0.759250
vt 0.430300 0.754400
vt 0.432000 0.759300
vt 0.434181 0.763292
vt 0.433800 0.763700
vt 0.433901 0.763898
vt 0.431956 0.767725
vt 0.431200 0.766100
vt 0.429400 0.761500
vt 0.428700 0.768100
vt 0.426800 0.763300
vt 0.429988 0.771082
vt 0.427700 0.756400
vt 0.425100 0.758100
vt 0.426200 0.769900
vt 0.424300 0.765000
vt 0.422600 0.759600
vt 0.423500 0.752300
vt 0.426100 0.750900
vt 0.420900 0.753600
vt 0.420100 0.760900
vt 0.418400 0.754700
vt 0.421800 0.766500
vt 0.417500 0.762200
vt 0.415800 0.755800
vt 0.419400 0.768000
vt 0.423700 0.771600
vt 0.421300 0.773100
vt 0.425800 0.776200
vt 0.423500 0.777800
vt 0.428120 0.774221
vt 0.427849 0.774664
vt 0.418900 0.774600
vt 0.421100 0.779400
vt 0.416900 0.769300
vt 0.418700 0.781000
vt 0.416400 0.776100
vt 0.414300 0.770700
vt 0.413900 0.777600
vt 0.416300 0.782600
vt 0.411700 0.772100
vt 0.415000 0.763500
vt 0.412400 0.764700
vt 0.409800 0.765900
vt 0.407900 0.759000
vt 0.410600 0.758000
vt 0.413200 0.756900
vt 0.411600 0.749800
vt 0.414200 0.748900
vt 0.408900 0.750700
vt 0.410100 0.742300
vt 0.412800 0.741600
vt 0.407300 0.743000
vt 0.406100 0.751600
vt 0.404500 0.743800
vt 0.403100 0.735800
vt 0.406000 0.735200
vt 0.408800 0.734600
vt 0.403300 0.752500
vt 0.401600 0.744500
vt 0.404900 0.727200
vt 0.398800 0.745300
vt 0.406900 0.718900
vt 0.407800 0.726700
vt 0.409800 0.718400
vt 0.410600 0.726200
vt 0.411600 0.734000
vt 0.414300 0.733400
vt 0.413500 0.725700
vt 0.412800 0.717900
vt 0.415800 0.717400
vt 0.416300 0.725100
vt 0.417100 0.732800
vt 0.418800 0.716900
vt 0.419200 0.724600
vt 0.419900 0.732200
vt 0.421900 0.716400
vt 0.422200 0.724100
vt 0.422700 0.731500
vt 0.425600 0.730800
vt 0.425200 0.723500
vt 0.425100 0.716000
vt 0.418500 0.709500
vt 0.421700 0.709000
vt 0.425000 0.708600
vt 0.418200 0.702500
vt 0.421500 0.702100
vt 0.424900 0.701700
vt 0.428400 0.701300
vt 0.428400 0.708200
vt 0.428300 0.715500
vt 0.428200 0.723000
vt 0.428400 0.730100
vt 0.429000 0.736500
vt 0.426300 0.737500
vt 0.430000 0.742200
vt 0.427400 0.743600
vt 0.423600 0.738400
vt 0.424700 0.744900
vt 0.431300 0.747300
vt 0.428700 0.749200
vt 0.422000 0.746000
vt 0.420800 0.739300
vt 0.419400 0.747100
vt 0.418100 0.740200
vt 0.416800 0.748000
vt 0.415400 0.740900
vt 0.414900 0.703000
vt 0.415400 0.709900
vt 0.411600 0.703500
vt 0.412200 0.710400
vt 0.409100 0.710900
vt 0.408400 0.704100
vt 0.406100 0.711500
vt 0.405200 0.704600
vt 0.400500 0.753400
vt 0.402400 0.761100
vt 0.405200 0.760100
vt 0.404400 0.768300
vt 0.407100 0.767200
vt 0.406400 0.774700
vt 0.403600 0.776000
vt 0.409100 0.773400
vt 0.400800 0.777100
vt 0.403000 0.783100
vt 0.405900 0.781800
vt 0.408600 0.780500
vt 0.397700 0.778200
vt 0.399900 0.784400
vt 0.394500 0.779300
vt 0.396500 0.785600
vt 0.392800 0.786600
vt 0.390900 0.780300
vt 0.387200 0.781300
vt 0.388800 0.787500
vt 0.398700 0.791800
vt 0.394500 0.792600
vt 0.390100 0.793200
vt 0.385800 0.793900
vt 0.384700 0.788400
vt 0.383200 0.782400
vt 0.380500 0.789400
vt 0.379100 0.783400
vt 0.381500 0.794900
vt 0.390800 0.798400
vt 0.386300 0.799100
vt 0.382000 0.799900
vt 0.390700 0.803400
vt 0.386100 0.803800
vt 0.381800 0.804600
vt 0.377500 0.800900
vt 0.377100 0.795900
vt 0.377300 0.805500
vt 0.381100 0.809200
vt 0.385500 0.808500
vt 0.376700 0.810100
vt 0.380300 0.813700
vt 0.376000 0.814600
vt 0.384700 0.813100
vt 0.372300 0.811100
vt 0.372800 0.806600
vt 0.371700 0.815600
vt 0.379500 0.818500
vt 0.375300 0.819300
vt 0.375000 0.824200
vt 0.379100 0.823500
vt 0.378900 0.828600
vt 0.374900 0.829400
vt 0.378482 0.833877
vt 0.378900 0.833371
vt 0.382900 0.828100
vt 0.382892 0.828483
vt 0.380883 0.830985
vt 0.383300 0.822900
vt 0.383217 0.828085
vt 0.385405 0.825684
vt 0.387600 0.822700
vt 0.387553 0.823187
vt 0.388300 0.817700
vt 0.383800 0.817900
vt 0.387955 0.822723
vt 0.392400 0.817962
vt 0.390246 0.820341
vt 0.393171 0.817180
vt 0.389200 0.812900
vt 0.394000 0.813200
vt 0.395317 0.815043
vt 0.396559 0.813741
vt 0.394900 0.808400
vt 0.400200 0.809600
vt 0.400077 0.810178
vt 0.390100 0.808200
vt 0.395600 0.803500
vt 0.395700 0.798200
vt 0.401000 0.804600
vt 0.401700 0.798600
vt 0.403903 0.805955
vt 0.407037 0.802446
vt 0.405800 0.795800
vt 0.409486 0.799411
vt 0.408843 0.800219
vt 0.402400 0.790300
vt 0.408900 0.793700
vt 0.405600 0.788700
vt 0.408500 0.787100
vt 0.411700 0.792000
vt 0.411200 0.785600
vt 0.414200 0.790300
vt 0.413652 0.794196
vt 0.412751 0.795322
vt 0.411671 0.796660
vt 0.414789 0.792686
vt 0.415479 0.791781
vt 0.416700 0.788700
vt 0.417337 0.789465
vt 0.416014 0.791113
vt 0.413800 0.784100
vt 0.419128 0.787150
vt 0.419100 0.787000
vt 0.419173 0.787092
vt 0.411300 0.779000
vt 0.420960 0.784683
vt 0.419410 0.786784
vt 0.419206 0.787049
vt 0.422764 0.782151
vt 0.422225 0.782917
vt 0.423578 0.780953
vt 0.424529 0.779601
vt 0.426290 0.777036
vt 0.425156 0.778703
vt 0.410172 0.798538
vt 0.405284 0.804412
vt 0.400783 0.809418
vt 0.400513 0.809724
vt 0.400387 0.809862
vt 0.376787 0.836261
vt 0.373000 0.801900
vt 0.372600 0.797000
vt 0.371700 0.791600
vt 0.376200 0.790500
vt 0.374800 0.784600
vt 0.370400 0.785800
vt 0.377300 0.776800
vt 0.373100 0.778000
vt 0.368800 0.779300
vt 0.375400 0.769500
vt 0.381400 0.775700
vt 0.379400 0.768300
vt 0.260600 0.786400
vt 0.262600 0.783700
vt 0.261700 0.778200
vt 0.264000 0.775100
vt 0.266400 0.771500
vt 0.271500 0.769400
vt 0.273900 0.765600
vt 0.327800 0.868400
vt 0.329500 0.865200
vt 0.332100 0.866600
vt 0.330000 0.870300
vt 0.331400 0.861400
vt 0.334300 0.862900
vt 0.334500 0.868500
vt 0.336800 0.870500
vt 0.332300 0.872100
vt 0.334600 0.874000
vt 0.339000 0.872700
vt 0.336900 0.875800
vt 0.224400 0.859700
vt 0.222300 0.858000
vt 0.222000 0.862900
vt 0.220000 0.861200
vt 0.220200 0.856400
vt 0.217900 0.859600
vt 0.215500 0.863000
vt 0.217600 0.864500
vt 0.219600 0.866200
vt 0.215100 0.868000
vt 0.213100 0.866500
vt 0.212500 0.871700
vt 0.210900 0.865000
vt 0.213300 0.861500
vt 0.215700 0.858100
vt 0.210900 0.860000
vt 0.213300 0.856700
vt 0.217900 0.854900
vt 0.215500 0.853400
vt 0.217800 0.850400
vt 0.220200 0.851800
vt 0.210500 0.870100
vt 0.207700 0.874000
vt 0.209700 0.875500
vt 0.279100 0.851300
vt 0.272100 0.857300
vt 0.265300 0.863200
vt 0.259300 0.868400
vt 0.257200 0.892900
vt 0.258700 0.894800
vt 0.256400 0.896600
vt 0.254300 0.898100
vt 0.260300 0.896800
vt 0.257700 0.898700
vt 0.255300 0.900200
vt 0.252500 0.899300
vt 0.253000 0.901300
vt 0.256000 0.902600
vt 0.259000 0.901000
vt 0.253200 0.903700
vt 0.250600 0.904000
vt 0.250900 0.901600
vt 0.251200 0.900000
vt 0.253300 0.906600
vt 0.250000 0.907100
vt 0.253300 0.909800
vt 0.257400 0.907800
vt 0.256700 0.905100
vt 0.260200 0.903300
vt 0.261500 0.905800
vt 0.261800 0.899000
vt 0.263500 0.901300
vt 0.265600 0.903800
vt 0.268400 0.901100
vt 0.190800 0.892200
vt 0.179700 0.923800
vt 0.177800 0.926200
vt 0.176200 0.928300
vt 0.172400 0.928200
vt 0.174500 0.930400
vt 0.170700 0.930300
vt 0.172800 0.932400
vt 0.175000 0.934600
vt 0.176600 0.932600
vt 0.178300 0.930500
vt 0.178900 0.934900
vt 0.177300 0.936800
vt 0.180500 0.932900
vt 0.182800 0.935200
vt 0.181300 0.937300
vt 0.179700 0.939200
vt 0.178100 0.941000
vt 0.175700 0.938700
vt 0.173300 0.936500
vt 0.171600 0.938200
vt 0.174000 0.940400
vt 0.169400 0.936200
vt 0.171100 0.934300
vt 0.172300 0.941900
vt 0.170500 0.943300
vt 0.183800 0.939700
vt 0.186400 0.942200
vt 0.187900 0.940100
vt 0.185300 0.937700
vt 0.184300 0.933200
vt 0.186700 0.935600
vt 0.189300 0.938000
vt 0.190600 0.942500
vt 0.189200 0.944600
vt 0.191900 0.940400
vt 0.190900 0.935600
vt 0.193500 0.937900
vt 0.188400 0.933200
vt 0.193100 0.932500
vt 0.195600 0.934800
vt 0.190600 0.930100
vt 0.196200 0.940100
vt 0.198200 0.936900
vt 0.200900 0.939000
vt 0.194700 0.942600
vt 0.193400 0.944800
vt 0.192000 0.947000
vt 0.186000 0.930800
vt 0.188300 0.927700
vt 0.186100 0.925300
vt 0.189100 0.921300
vt 0.183800 0.928400
vt 0.187100 0.919000
vt 0.184100 0.923000
vt 0.181700 0.926100
vt 0.182100 0.920800
vt 0.185100 0.916700
vt 0.179900 0.928500
vt 0.182000 0.930800
vt 0.189200 0.911500
vt 0.191100 0.913700
vt 0.193100 0.915900
vt 0.195700 0.907600
vt 0.197700 0.909800
vt 0.193800 0.905400
vt 0.198500 0.899100
vt 0.200500 0.901200
vt 0.207000 0.897300
vt 0.202400 0.903500
vt 0.211000 0.892000
vt 0.214600 0.887300
vt 0.173900 0.869000
vt 0.167700 0.875300
vt 0.132700 0.905800
vt 0.131300 0.907200
vt 0.140100 0.919500
vt 0.138300 0.920200
vt 0.138900 0.921900
vt 0.137200 0.922500
vt 0.136500 0.920900
vt 0.137600 0.924100
vt 0.135600 0.923100
vt 0.134900 0.921600
vt 0.136000 0.924700
vt 0.136100 0.926200
vt 0.171400 0.952000
vt 0.185500 0.972000
vt 0.184700 0.973000
vt 0.186500 0.974900
vt 0.184000 0.973900
vt 0.185700 0.975600
vt 0.188300 0.976900
vt 0.187400 0.977500
vt 0.184900 0.976300
vt 0.183300 0.974600
vt 0.186600 0.978200
vt 0.182700 0.975200
vt 0.184100 0.977000
vt 0.185700 0.978900
vt 0.183300 0.977600
vt 0.182000 0.975800
vt 0.180800 0.974300
vt 0.181300 0.976300
vt 0.182400 0.978100
vt 0.180200 0.974800
vt 0.183500 0.980000
vt 0.184600 0.979400
vt 0.122000 0.918700
vt 0.123900 0.920000
vt 0.123700 0.920800
vt 0.122000 0.919700
vt 0.121900 0.920600
vt 0.123600 0.921600
vt 0.125700 0.921300
vt 0.125400 0.921900
vt 0.125100 0.922600
vt 0.125000 0.923200
vt 0.123400 0.922400
vt 0.121900 0.921500
vt 0.126800 0.923000
vt 0.126600 0.923600
vt 0.126400 0.924100
vt 0.124900 0.923900
vt 0.126400 0.924600
vt 0.123300 0.923200
vt 0.178600 0.985400
vt 0.178300 0.983300
vt 0.180000 0.983200
vt 0.177200 0.987500
vt 0.175800 0.989600
vt 0.181400 0.981100
vt 0.181500 0.978600
vt 0.182500 0.980600
vt 0.121800 0.922500
vt 0.180600 0.976800
vt 0.179700 0.975300
vt 0.127200 0.922500
vt 0.122300 0.917900
vt 0.122700 0.917100
vt 0.161100 0.956900
vt 0.162700 0.956700
vt 0.161200 0.957800
vt 0.160200 0.958500
vt 0.162500 0.957600
vt 0.164400 0.956900
vt 0.164000 0.957700
vt 0.166100 0.957400
vt 0.165400 0.958100
vt 0.167500 0.958200
vt 0.166700 0.958800
vt 0.163600 0.958500
vt 0.164900 0.958800
vt 0.166000 0.959400
vt 0.162300 0.958300
vt 0.162100 0.959000
vt 0.161100 0.958500
vt 0.161100 0.959200
vt 0.161900 0.959600
vt 0.160200 0.959100
vt 0.356600 0.839200
vt 0.360200 0.838200
vt 0.361000 0.842800
vt 0.262655 0.728009
vt 0.265597 0.727521
vt 0.267024 0.727240
vt 0.270860 0.726092
vt 0.271382 0.725936
vt 0.345389 0.689166
vt 0.345411 0.689157
vt 0.345441 0.689148
vt 0.348663 0.688255
vt 0.351732 0.687748
vt 0.351929 0.687713
vt 0.355101 0.687476
s 1
usemtl Australian_Cattle_Dog
f 1/1/1 2/2/2 8/3/3 5/4/4
f 1/1/1 3/5/5 3589/6/6 2/2/2
f 1/1/1 4/7/7 3597/8/8 3/5/5
f 1/1/1 5/4/4 6/9/9 4/7/7
f 7/10/10 3671/11/11 6/9/9 5/4/4
f 7/10/10 5/4/4 8/3/3 10/12/12
f 11/13/13 10/12/12 8/3/3 9/14/14
f 3586/15/15 9/14/14 8/3/3 2/2/2
f 7/10/10 10/12/12 12/16/16 13/17/17
f 11/13/13 15/18/18 12/16/16 10/12/12
f 39/19/19 13/17/17 12/16/16 14/20/20
f 17/21/21 14/20/20 12/16/16 15/18/18
f 11/13/13 3581/22/22 16/23/23 15/18/18
f 17/21/21 15/18/18 16/23/23 19/24/24
f 17/21/21 18/25/25 36/26/26 14/20/20
f 17/21/21 19/24/24 21/27/27 18/25/25
f 20/28/28 19/24/24 16/23/23 3579/29/29
f 20/28/28 22/30/30 21/27/27 19/24/24
f 24/31/31 23/32/32 21/27/27 22/30/30
f 25/33/33 18/25/25 21/27/27 23/32/32
f 24/31/31 28/34/34 26/35/35 23/32/32
f 25/33/33 23/32/32 26/35/35 29/36/36
f 30/37/37 29/36/36 26/35/35 27/38/38
f 3511/39/39 27/38/38 26/35/35 28/34/34
f 25/33/33 29/36/36 31/40/40 34/41/41
f 30/37/37 33/42/42 31/40/40 29/36/36
f 35/43/43 34/41/41 31/40/40 32/44/44
f 3541/45/45 32/44/44 31/40/40 33/42/42
f 25/33/33 34/41/41 36/26/26 18/25/25
f 35/43/43 37/46/46 36/26/26 34/41/41
f 39/19/19 14/20/20 36/26/26 37/46/46
f 35/43/43 3544/47/47 38/48/48 37/46/46
f 39/19/19 37/46/46 38/48/48 40/49/49
f 39/19/19 40/49/49 41/50/50 13/17/17
f 42/51/51 43/52/52 41/50/50 40/49/49
f 42/51/51 40/49/49 38/48/48 45/53/53
f 42/51/51 44/54/54 3670/55/55 43/52/52
f 42/51/51 45/53/53 47/56/56 44/54/54
f 46/57/57 45/53/53 38/48/48 3544/47/47
f 46/57/57 48/58/58 47/56/56 45/53/53
f 52/59/59 49/60/60 47/56/56 48/58/58
f 50/61/61 44/54/54 47/56/56 49/60/60
f 50/61/61 49/60/60 51/62/62 3653/63/63
f 52/59/59 53/64/64 51/62/62 49/60/60
f 52/59/59 54/65/65 57/66/66 53/64/64
f 52/59/59 48/58/58 55/67/67 54/65/65
f 56/68/68 54/65/65 55/67/67 3537/69/69
f 56/68/68 58/70/70 57/66/66 54/65/65
f 62/71/71 59/72/72 57/66/66 58/70/70
f 61/73/73 53/64/64 57/66/66 59/72/72
f 62/71/71 64/74/74 60/75/75 59/72/72
f 61/73/73 59/72/72 60/75/75 3658/76/76
f 62/71/71 58/70/70 3545/77/77 63/78/78
f 62/71/71 63/78/78 66/79/79 64/74/74
f 3664/80/80 3663/81/81 60/75/75 64/74/74 65/82/82
f 65/82/82 64/74/74 66/79/79 67/83/83 4350/84/84
f 70/85/85 67/83/83 66/79/79 68/86/86
f 71/87/87 68/86/86 66/79/79 63/78/78
f 71/87/87 73/88/88 69/89/89 68/86/86
f 70/85/85 68/86/86 69/89/89 4346/90/90
f 71/87/87 72/91/91 74/92/92 73/88/88
f 71/87/87 63/78/78 3545/77/77 72/91/91
f 75/93/93 73/88/88 74/92/92 76/94/94
f 75/93/93 78/95/95 69/89/89 73/88/88
f 75/93/93 76/94/94 96/96/96 77/97/97
f 75/93/93 77/97/97 80/98/98 78/95/95
f 79/99/99 4346/90/90 69/89/89 78/95/95
f 83/100/100 79/99/99 78/95/95 80/98/98 82/101/101
f 84/102/102 82/101/101 80/98/98 81/103/103 85/104/104
f 94/105/105 81/103/103 80/98/98 77/97/97
s 0
f 4344/106/106 4343/107/106 4342/108/106 83/109/106 82/110/106 84/111/106 85/112/106 86/113/106 87/114/106 88/115/106 4341/116/106 4340/117/106 622/118/106 625/119/106 623/120/106 624/121/106 626/122/106 627/123/106 629/124/106 630/125/106 632/126/106 633/127/106 634/128/106 635/129/106 639/130/106 640/131/106 641/132/106 642/133/106 643/134/106 644/135/106 645/136/106 646/137/106 648/138/106 649/139/106 650/140/106 4339/141/106 4338/142/106 4337/143/106 4336/144/106 4335/145/106 4334/146/106 4333/147/106 675/148/106 721/149/106 720/150/106 719/151/106 718/152/106 717/153/106 715/154/106 716/155/106 722/156/106 724/157/106 725/158/106 726/159/106 727/160/106 729/161/106 3998/162/106 3997/163/106 3996/164/106 3921/165/106 3995/166/106 3923/167/106 3924/168/106 3931/169/106 3930/170/106 3929/171/106 3932/172/106 3933/173/106 3934/174/106 3935/175/106 3938/176/106 3994/177/106 3993/178/106 3991/179/106 3990/180/106 3949/181/106 3989/182/106 3947/183/106 3988/184/106 3987/185/106 3986/186/106 3985/187/106 3984/188/106 3957/189/106 3983/190/106 3959/191/106 3982/192/106 3961/193/106 3981/194/106 3968/195/106 3970/196/106 3969/197/106 3971/198/106 3972/199/106 3973/200/106 3974/201/106 3975/202/106 3976/203/106 3977/204/106 3978/205/106 3979/206/106 3980/207/106 3760/208/106 3756/209/106 3755/210/106 3754/211/106 3748/212/106 3747/213/106 3746/214/106 3734/215/106 3736/216/106 3735/217/106 3737/218/106 3738/219/106 3739/220/106 3740/221/106 3743/222/106 3745/223/106 3744/224/106 3715/225/106 4019/226/106 3710/227/106 3709/228/106 3708/229/106 3707/230/106 3706/231/106 3705/232/106 3702/233/106 3701/234/106 3700/235/106 3697/236/106 3696/237/106 3695/238/106 3693/239/106 3692/240/106 3691/241/106 3690/242/106 4020/243/106 3688/244/106 4021/245/106 4022/246/106 3677/247/106 3676/248/106 3674/249/106 3675/250/106 3673/251/106 4023/252/106 3617/253/106 3622/254/106 3620/255/106 3621/256/106 3623/257/106 3624/258/106 3625/259/106 3626/260/106 3627/261/106 3628/262/106 3629/263/106 3630/264/106 3649/265/106 3648/266/106 3647/267/106 3646/268/106 3645/269/106 3650/270/106 3642/271/106 3668/272/106 3667/273/106 3666/274/106 3665/275/106 3656/276/106 3659/277/106 3660/278/106 3661/279/106 3662/280/106 3663/281/106 3664/282/106 65/283/106 4350/284/106 4349/285/106 4348/286/106 4347/287/106 4345/288/106
s 1
f 86/289/107 85/104/104 81/103/103 89/290/108 87/291/109
f 88/292/110 87/291/109 89/290/108 90/293/111 4341/294/112
f 93/295/113 90/293/111 89/290/108 91/296/114
f 94/105/105 91/296/114 89/290/108 81/103/103
f 94/105/105 95/297/115 92/298/116 91/296/114
f 93/295/113 91/296/114 92/298/116 391/299/117
f 94/105/105 77/97/97 96/96/96 95/297/115
f 97/300/118 95/297/115 96/96/96 98/301/119
f 97/300/118 99/302/120 92/298/116 95/297/115
f 97/300/118 98/301/119 102/303/121 100/304/122
f 97/300/118 100/304/122 103/305/123 99/302/120
f 101/306/124 100/304/122 102/303/121 3547/307/125
f 101/306/124 105/308/126 103/305/123 100/304/122
f 390/309/127 99/302/120 103/305/123 104/310/128
f 106/311/129 104/310/128 103/305/123 105/308/126
f 101/306/124 108/312/130 107/313/131 105/308/126
f 106/311/129 105/308/126 107/313/131 109/314/132
f 111/315/133 110/316/134 107/313/131 108/312/130
f 112/317/135 109/314/132 107/313/131 110/316/134
f 111/315/133 116/318/136 113/319/137 110/316/134
f 112/317/135 110/316/134 113/319/137 115/320/138
f 411/321/139 115/320/138 113/319/137 114/322/140
f 118/323/141 114/322/140 113/319/137 116/318/136
f 111/315/133 3549/324/142 117/325/143 116/318/136
f 118/323/141 116/318/136 117/325/143 120/326/144
f 118/323/141 119/327/145 414/328/146 114/322/140
f 118/323/141 120/326/144 122/329/147 119/327/145
f 121/330/148 120/326/144 117/325/143 3550/331/149
f 121/330/148 123/332/150 122/329/147 120/326/144
f 125/333/151 124/334/152 122/329/147 123/332/150
f 126/335/153 119/327/145 122/329/147 124/334/152
f 125/333/151 128/336/154 127/337/155 124/334/152
f 126/335/153 124/334/152 127/337/155 130/338/156
f 3499/339/157 129/340/158 127/337/155 128/336/154
f 132/341/159 130/338/156 127/337/155 129/340/158
f 132/341/159 134/342/160 131/343/161 130/338/156
f 126/335/153 130/338/156 131/343/161 415/344/162
f 132/341/159 133/345/163 136/346/164 134/342/160
f 132/341/159 129/340/158 3496/347/165 133/345/163
f 135/348/166 416/349/167 131/343/161 134/342/160
f 135/348/166 134/342/160 136/346/164 137/350/168
f 140/351/169 138/352/170 136/346/164 133/345/163
f 141/353/171 137/350/168 136/346/164 138/352/170
f 140/351/169 3494/354/172 139/355/173 138/352/170
f 141/353/171 138/352/170 139/355/173 142/356/174
f 141/353/171 143/357/175 144/358/176 137/350/168
f 141/353/171 142/356/174 146/359/177 143/357/175
f 145/360/178 613/361/179 144/358/176 143/357/175
f 145/360/178 143/357/175 146/359/177 147/362/180
f 151/363/181 147/362/180 146/359/177 148/364/182
f 150/365/183 148/364/182 146/359/177 142/356/174
f 150/365/183 3467/366/184 149/367/185 148/364/182
f 151/363/181 148/364/182 149/367/185 153/368/186
f 151/363/181 152/369/187 614/370/188 147/362/180
f 151/363/181 153/368/186 155/371/189 152/369/187
f 154/372/190 153/368/186 149/367/185 3468/373/191
f 154/372/190 156/374/192 155/371/189 153/368/186
f 158/375/193 157/376/194 155/371/189 156/374/192
f 159/377/195 152/369/187 155/371/189 157/376/194
f 158/375/193 161/378/196 160/379/197 157/376/194
f 159/377/195 157/376/194 160/379/197 163/380/198
f 173/381/199 162/382/200 160/379/197 161/378/196
f 165/383/201 163/380/198 160/379/197 162/382/200
f 165/383/201 166/384/202 164/385/203 163/380/198
f 159/377/195 163/380/198 164/385/203 594/386/204
f 165/383/201 167/387/205 169/388/206 166/384/202
f 165/383/201 162/382/200 170/389/207 167/387/205
f 168/390/208 616/391/209 169/388/206 167/387/205
f 168/390/208 167/387/205 170/389/207 171/392/210
f 173/381/199 172/393/211 170/389/207 162/382/200
f 174/394/212 171/392/210 170/389/207 172/393/211
f 173/381/199 177/395/213 175/396/214 172/393/211
f 174/394/212 172/393/211 175/396/214 176/397/215
f 181/398/216 176/397/215 175/396/214 178/399/217
f 179/400/218 178/399/217 175/396/214 177/395/213
f 179/400/218 3440/401/219 180/402/220 178/399/217
f 181/398/216 178/399/217 180/402/220 182/403/221
f 181/398/216 182/403/221 186/404/222 183/405/223
f 181/398/216 183/405/223 184/406/224 176/397/215
f 185/407/225 198/408/226 184/406/224 183/405/223
f 185/407/225 183/405/223 186/404/222 188/409/227
f 189/410/228 188/409/227 186/404/222 187/411/229
f 3436/412/230 187/411/229 186/404/222 182/403/221
f 189/410/228 192/413/231 190/414/232 188/409/227
f 185/407/225 188/409/227 190/414/232 193/415/233
f 194/416/234 193/415/233 190/414/232 191/417/235
f 3393/418/236 191/417/235 190/414/232 192/413/231
f 194/416/234 196/419/237 195/420/238 193/415/233
f 185/407/225 193/415/233 195/420/238 198/408/226
f 3386/421/239 197/422/240 195/420/238 196/419/237
f 199/423/241 198/408/226 195/420/238 197/422/240
f 199/423/241 200/424/242 184/406/224 198/408/226
f 199/423/241 201/425/243 202/426/244 200/424/242
f 199/423/241 197/422/240 203/427/245 201/425/243
f 204/428/246 205/429/247 202/426/244 201/425/243
f 204/428/246 201/425/243 203/427/245 207/430/248
f 204/428/246 206/431/249 617/432/250 205/429/247
f 204/428/246 207/430/248 209/433/251 206/431/249
f 208/434/252 211/435/253 209/433/251 207/430/248
f 208/434/252 207/430/248 203/427/245 3387/436/254
f 618/437/255 206/431/249 209/433/251 210/438/256
f 212/439/257 210/438/256 209/433/251 211/435/253
f 212/439/257 211/435/253 213/440/258 215/441/259
f 208/434/252 216/442/260 213/440/258 211/435/253
f 493/443/261 215/441/259 213/440/258 214/444/262
f 218/445/263 214/444/262 213/440/258 216/442/260
f 208/434/252 3387/436/254 217/446/264 216/442/260
f 218/445/263 216/442/260 217/446/264 220/447/265
f 218/445/263 219/448/266 492/449/267 214/444/262
f 218/445/263 220/447/265 222/450/268 219/448/266
f 221/451/269 220/447/265 217/446/264 3385/452/270
f 221/451/269 223/453/271 222/450/268 220/447/265
f 225/454/272 219/448/266 222/450/268 224/455/273
f 226/456/274 224/455/273 222/450/268 223/453/271
f 225/454/272 224/455/273 227/457/275 229/458/276
f 226/456/274 228/459/277 227/457/275 224/455/273
f 231/460/278 230/461/279 227/457/275 228/459/277
f 233/462/280 229/458/276 227/457/275 230/461/279
f 231/460/278 4027/463/281 232/464/282 230/461/279
f 233/462/280 230/461/279 232/464/282 234/465/283
f 233/462/280 234/465/283 236/466/284 235/467/285
f 233/462/280 235/467/285 237/468/286 229/458/276
f 238/469/287 235/467/285 236/466/284 241/470/288
f 238/469/287 239/471/289 237/468/286 235/467/285
f 238/469/287 240/472/290 486/473/291 239/471/289
f 238/469/287 241/470/288 243/474/292 240/472/290
f 242/475/293 241/470/288 236/466/284 4032/476/294
f 242/475/293 245/477/295 243/474/292 241/470/288
f 487/478/296 240/472/290 243/474/292 244/479/297
f 247/480/298 244/479/297 243/474/292 245/477/295
f 242/475/293 4036/481/299 246/482/300 245/477/295
f 247/480/298 245/477/295 246/482/300 249/483/301
f 247/480/298 248/484/302 495/485/303 244/479/297
f 247/480/298 249/483/301 250/486/304 248/484/302
f 251/487/305 254/488/306 250/486/304 249/483/301
f 251/487/305 249/483/301 246/482/300 253/489/307
f 251/487/305 252/490/308 256/491/309 254/488/306
f 251/487/305 253/489/307 4040/492/310 252/490/308
f 255/493/311 502/494/312 250/486/304 254/488/306
f 255/493/311 254/488/306 256/491/309 257/495/313
f 259/496/314 257/495/313 256/491/309 258/497/315
f 260/498/316 258/497/315 256/491/309 252/490/308
f 259/496/314 258/497/315 261/499/317 262/500/318
f 260/498/316 263/501/319 261/499/317 258/497/315
f 266/502/320 262/500/318 261/499/317 264/503/321
f 267/504/322 264/503/321 261/499/317 263/501/319
f 267/504/322 269/505/323 265/506/324 264/503/321
f 266/502/320 264/503/321 265/506/324 522/507/325
f 267/504/322 268/508/326 271/509/327 269/505/323
f 267/504/322 263/501/319 280/510/328 268/508/326
f 270/511/329 574/512/330 265/506/324 269/505/323
f 270/511/329 269/505/323 271/509/327 272/513/331
f 274/514/332 272/513/331 271/509/327 273/515/333
f 276/516/334 273/515/333 271/509/327 268/508/326
f 274/514/332 273/515/333 275/517/335 346/518/336
f 276/516/334 277/519/337 275/517/335 273/515/333
f 276/516/334 268/508/326 280/510/328 278/520/338
f 276/516/334 278/520/338 281/521/339 277/519/337
f 279/522/340 282/523/341 281/521/339 278/520/338
f 279/522/340 278/520/338 280/510/328 4041/524/342
f 285/525/343 277/519/337 281/521/339 283/526/344
f 286/527/345 283/526/344 281/521/339 282/523/341
f 286/527/345 287/528/346 284/529/347 283/526/344
f 285/525/343 283/526/344 284/529/347 339/530/348
f 286/527/345 288/531/349 291/532/350 287/528/346
f 286/527/345 282/523/341 289/533/351 288/531/349
f 290/534/352 288/531/349 289/533/351 4037/535/353
f 290/534/352 292/536/354 291/532/350 288/531/349
f 294/537/355 293/538/356 291/532/350 292/536/354
f 296/539/357 287/528/346 291/532/350 293/538/356
f 294/537/355 3337/540/358 295/541/359 293/538/356
f 296/539/357 293/538/356 295/541/359 298/542/360
f 296/539/357 297/543/361 284/529/347 287/528/346
f 296/539/357 298/542/360 299/544/362 297/543/361
f 300/545/363 302/546/364 299/544/362 298/542/360
f 300/545/363 298/542/360 295/541/359 303/547/365
f 300/545/363 303/547/365 305/548/366 301/549/367
f 300/545/363 301/549/367 323/550/368 302/546/364
f 304/551/369 303/547/365 295/541/359 3337/540/358
f 304/551/369 306/552/370 305/548/366 303/547/365
f 308/553/371 301/549/367 305/548/366 307/554/372
f 310/555/373 307/554/372 305/548/366 306/552/370
f 308/553/371 307/554/372 309/556/374 321/557/375
f 310/555/373 312/558/376 309/556/374 307/554/372
f 310/555/373 306/552/370 3332/559/377 311/560/378
f 310/555/373 311/560/378 313/561/379 312/558/376
f 314/562/380 312/558/376 313/561/379 315/563/381
f 314/562/380 317/564/382 309/556/374 312/558/376
f 314/562/380 315/563/381 685/565/383 316/566/384
f 314/562/380 316/566/384 318/567/385 317/564/382
f 319/568/386 317/564/382 318/567/385 320/569/387
f 319/568/386 321/557/375 309/556/374 317/564/382
f 319/568/386 320/569/387 325/570/388 322/571/389
f 319/568/386 322/571/389 323/550/368 321/557/375
f 324/572/390 302/546/364 323/550/368 322/571/389
f 324/572/390 322/571/389 325/570/388 326/573/391
f 330/574/392 326/573/391 325/570/388 327/575/393
f 328/576/394 327/575/393 325/570/388 320/569/387
f 328/576/394 4332/577/395 329/578/396 327/575/393
f 330/574/392 327/575/393 329/578/396 331/579/397
f 330/574/392 331/579/397 334/580/398 332/581/399
f 330/574/392 332/581/399 335/582/400 326/573/391
f 333/583/401 336/584/402 335/582/400 332/581/399
f 333/583/401 332/581/399 334/580/398 664/585/403
f 324/572/390 326/573/391 335/582/400 337/586/404
f 338/587/405 337/586/404 335/582/400 336/584/402
f 338/587/405 297/543/361 299/544/362 337/586/404
f 324/572/390 337/586/404 299/544/362 302/546/364
f 338/587/405 336/584/402 340/588/406 339/530/348
f 338/587/405 339/530/348 284/529/347 297/543/361
f 285/525/343 339/530/348 340/588/406 341/589/407
f 344/590/408 341/589/407 340/588/406 342/591/409
f 333/583/401 342/591/409 340/588/406 336/584/402
f 333/583/401 664/585/403 343/592/410 342/591/409
f 344/590/408 342/591/409 343/592/410 345/593/411
f 344/590/408 345/593/411 347/594/412 346/518/336
f 344/590/408 346/518/336 275/517/335 341/589/407
f 274/514/332 346/518/336 347/594/412 348/595/413
f 352/596/414 349/597/415 347/594/412 345/593/411
f 351/598/416 348/595/413 347/594/412 349/597/415
f 352/596/414 354/599/417 350/600/418 349/597/415
f 351/598/416 349/597/415 350/600/418 579/601/419
f 352/596/414 353/602/420 355/603/421 354/599/417
f 352/596/414 345/593/411 343/592/410 353/602/420
f 356/604/422 354/599/417 355/603/421 357/605/423
f 356/604/422 358/606/424 350/600/418 354/599/417
f 356/604/422 357/605/423 362/607/425 359/608/426
f 356/604/422 359/608/426 361/609/427 358/606/424
f 360/610/428 374/611/429 361/609/427 359/608/426
f 360/610/428 359/608/426 362/607/425 364/612/430
f 658/613/431 363/614/432 362/607/425 357/605/423
f 365/615/433 364/612/430 362/607/425 363/614/432
f 365/615/433 367/616/434 366/617/435 364/612/430
f 360/610/428 364/612/430 366/617/435 369/618/436
f 643/619/437 368/620/438 366/617/435 367/616/434 644/621/439
f 370/622/440 369/618/436 366/617/435 368/620/438
f 360/610/428 369/618/436 371/623/441 374/611/429
f 370/622/440 373/624/442 371/623/441 369/618/436
f 375/625/443 374/611/429 371/623/441 372/626/444
f 383/627/445 372/626/444 371/623/441 373/624/442
f 375/625/443 376/628/446 361/609/427 374/611/429
f 375/625/443 377/629/447 378/630/448 376/628/446
f 375/625/443 372/626/444 380/631/449 377/629/447
f 379/632/450 560/633/451 378/630/448 377/629/447
f 379/632/450 377/629/447 380/631/449 381/634/452
f 383/627/445 382/635/453 380/631/449 372/626/444
f 385/636/454 381/634/452 380/631/449 382/635/453
f 383/627/445 637/637/455 384/638/456 382/635/453
f 385/636/454 382/635/453 384/638/456 386/639/457
f 385/636/454 386/639/457 388/640/458 387/641/459
f 385/636/454 387/641/459 389/642/460 381/634/452
f 390/309/127 387/641/459 388/640/458 391/299/117
f 390/309/127 392/643/461 389/642/460 387/641/459
f 390/309/127 391/299/117 92/298/116 99/302/120
f 390/309/127 104/310/128 394/644/462 392/643/461
f 393/645/463 562/646/464 389/642/460 392/643/461
f 393/645/463 392/643/461 394/644/462 395/647/465
f 398/648/466 395/647/465 394/644/462 396/649/467
f 106/311/129 396/649/467 394/644/462 104/310/128
f 106/311/129 109/314/132 397/650/468 396/649/467
f 398/648/466 396/649/467 397/650/468 400/651/469
f 398/648/466 399/652/470 557/653/471 395/647/465
f 398/648/466 400/651/469 401/654/472 399/652/470
f 402/655/473 403/656/474 401/654/472 400/651/469
f 402/655/473 400/651/469 397/650/468 404/657/475
f 402/655/473 405/658/476 406/659/477 403/656/474
f 402/655/473 404/657/475 408/660/478 405/658/476
f 407/661/479 425/662/480 406/659/477 405/658/476
f 407/661/479 405/658/476 408/660/478 409/663/481
f 411/321/139 409/663/481 408/660/478 115/320/138
f 112/317/135 115/320/138 408/660/478 404/657/475
f 411/321/139 412/664/482 410/665/483 409/663/481
f 407/661/479 409/663/481 410/665/483 422/666/484
f 411/321/139 114/322/140 414/328/146 412/664/482
f 413/667/485 417/668/486 410/665/483 412/664/482
f 413/667/485 412/664/482 414/328/146 415/344/162
f 126/335/153 415/344/162 414/328/146 119/327/145
f 413/667/485 415/344/162 131/343/161 416/349/167
f 413/667/485 416/349/167 418/669/487 417/668/486
f 419/670/488 417/668/486 418/669/487 420/671/489
f 419/670/488 422/666/484 410/665/483 417/668/486
f 419/670/488 420/671/489 610/672/490 421/673/491
f 419/670/488 421/673/491 423/674/492 422/666/484
f 407/661/479 422/666/484 423/674/492 425/662/480
f 426/675/493 425/662/480 423/674/492 424/676/494
f 606/677/495 424/676/494 423/674/492 421/673/491
f 426/675/493 427/678/496 406/659/477 425/662/480
f 426/675/493 428/679/497 429/680/498 427/678/496
f 426/675/493 424/676/494 430/681/499 428/679/497
f 431/682/500 434/683/501 429/680/498 428/679/497
f 431/682/500 428/679/497 430/681/499 433/684/502
f 431/682/500 432/685/503 436/686/504 434/683/501
f 431/682/500 433/684/502 445/687/505 432/685/503
f 435/688/506 550/689/507 429/680/498 434/683/501
f 435/688/506 434/683/501 436/686/504 437/690/508
f 441/691/509 438/692/510 436/686/504 432/685/503
f 440/693/511 437/690/508 436/686/504 438/692/510
f 441/691/509 442/694/512 439/695/513 438/692/510
f 440/693/511 438/692/510 439/695/513 532/696/514
f 441/691/509 432/685/503 445/687/505 443/697/515
f 441/691/509 443/697/515 446/698/516 442/694/512
f 444/699/517 447/700/518 446/698/516 443/697/515
f 444/699/517 443/697/515 445/687/505 608/701/519
f 450/702/520 442/694/512 446/698/516 448/703/521
f 451/704/522 448/703/521 446/698/516 447/700/518
f 451/704/522 452/705/523 449/706/524 448/703/521
f 450/702/520 448/703/521 449/706/524 538/707/525
f 451/704/522 453/708/526 454/709/527 452/705/523
f 451/704/522 447/700/518 455/710/528 453/708/526
f 456/711/529 459/712/530 454/709/527 453/708/526
f 456/711/529 453/708/526 455/710/528 458/713/531
f 456/711/529 457/714/532 461/715/533 459/712/530
f 456/711/529 458/713/531 581/716/534 457/714/532
f 460/717/535 469/718/536 454/709/527 459/712/530
f 460/717/535 459/712/530 461/715/533 462/719/537
f 618/437/255 210/438/256 461/715/533 457/714/532
f 212/439/257 462/719/537 461/715/533 210/438/256
f 212/439/257 215/441/259 463/720/538 462/719/537
f 460/717/535 462/719/537 463/720/538 465/721/539
f 493/443/261 464/722/540 463/720/538 215/441/259
f 466/723/541 465/721/539 463/720/538 464/722/540
f 466/723/541 468/724/542 467/725/543 465/721/539
f 460/717/535 465/721/539 467/725/543 469/718/536
f 473/726/544 470/727/545 467/725/543 468/724/542
f 471/728/546 469/718/536 467/725/543 470/727/545
f 471/728/546 470/727/545 472/729/547 543/730/548
f 473/726/544 474/731/549 472/729/547 470/727/545
f 473/726/544 475/732/550 477/733/551 474/731/549
f 473/726/544 468/724/542 478/734/552 475/732/550
f 476/735/553 475/732/550 478/734/552 480/736/554
f 476/735/553 510/737/555 477/733/551 475/732/550
f 481/738/556 480/736/554 478/734/552 479/739/557
f 466/723/541 479/739/557 478/734/552 468/724/542
f 481/738/556 485/740/558 482/741/559 480/736/554
f 476/735/553 480/736/554 482/741/559 483/742/560
f 496/743/561 483/742/560 482/741/559 484/744/562
f 487/478/296 484/744/562 482/741/559 485/740/558
f 481/738/556 488/745/563 486/473/291 485/740/558
f 487/478/296 485/740/558 486/473/291 240/472/290
f 487/478/296 244/479/297 495/485/303 484/744/562
f 489/746/564 239/471/289 486/473/291 488/745/563
f 489/746/564 488/745/563 490/747/565 491/748/566
f 481/738/556 479/739/557 490/747/565 488/745/563
f 493/443/261 491/748/566 490/747/565 464/722/540
f 466/723/541 464/722/540 490/747/565 479/739/557
f 489/746/564 491/748/566 492/449/267 494/749/567
f 493/443/261 214/444/262 492/449/267 491/748/566
f 225/454/272 494/749/567 492/449/267 219/448/266
f 489/746/564 494/749/567 237/468/286 239/471/289
f 225/454/272 229/458/276 237/468/286 494/749/567
f 496/743/561 484/744/562 495/485/303 498/750/568
f 496/743/561 497/751/569 509/752/570 483/742/560
f 496/743/561 498/750/568 500/753/571 497/751/569
f 499/754/572 498/750/568 495/485/303 248/484/302
f 499/754/572 502/494/312 500/753/571 498/750/568
f 504/755/573 497/751/569 500/753/571 501/756/574
f 255/493/311 501/756/574 500/753/571 502/494/312
f 499/754/572 248/484/302 250/486/304 502/494/312
f 255/493/311 257/495/313 503/757/575 501/756/574
f 504/755/573 501/756/574 503/757/575 505/758/576
f 504/755/573 505/758/576 508/759/577 506/760/578
f 504/755/573 506/760/578 509/752/570 497/751/569
f 507/761/579 510/737/555 509/752/570 506/760/578
f 507/761/579 506/760/578 508/759/577 511/762/580
f 476/735/553 483/742/560 509/752/570 510/737/555
f 507/761/579 545/763/581 477/733/551 510/737/555
f 513/764/582 511/762/580 508/759/577 512/765/583
f 515/766/584 512/765/583 508/759/577 505/758/576
f 513/764/582 512/765/583 514/767/585 535/768/586
f 515/766/584 516/769/587 514/767/585 512/765/583
f 515/766/584 517/770/588 518/771/589 516/769/587
f 515/766/584 505/758/576 503/757/575 517/770/588
f 259/496/314 517/770/588 503/757/575 257/495/313
f 259/496/314 262/500/318 518/771/589 517/770/588
f 266/502/320 519/772/590 518/771/589 262/500/318
f 520/773/591 516/769/587 518/771/589 519/772/590
f 520/773/591 519/772/590 521/774/592 523/775/593
f 266/502/320 522/507/325 521/774/592 519/772/590
f 525/776/594 524/777/595 521/774/592 522/507/325
f 527/778/596 523/775/593 521/774/592 524/777/595
f 525/776/594 575/779/597 526/780/598 524/777/595
f 527/778/596 524/777/595 526/780/598 528/781/599
f 527/778/596 528/781/599 530/782/600 529/783/601
f 527/778/596 529/783/601 531/784/602 523/775/593
f 440/693/511 532/696/514 531/784/602 529/783/601
f 440/693/511 529/783/601 530/782/600 437/690/508
f 520/773/591 523/775/593 531/784/602 533/785/603
f 534/786/604 533/785/603 531/784/602 532/696/514
f 534/786/604 535/768/586 514/767/585 533/785/603
f 520/773/591 533/785/603 514/767/585 516/769/587
f 534/786/604 536/787/605 537/788/606 535/768/586
f 534/786/604 532/696/514 439/695/513 536/787/605
f 450/702/520 536/787/605 439/695/513 442/694/512
f 450/702/520 538/707/525 537/788/606 536/787/605
f 541/789/607 539/790/608 537/788/606 538/707/525
f 513/764/582 535/768/586 537/788/606 539/790/608
f 541/789/607 542/791/609 540/792/610 539/790/608
f 513/764/582 539/790/608 540/792/610 511/762/580
f 541/789/607 538/707/525 449/706/524 543/730/548
f 541/789/607 543/730/548 472/729/547 542/791/609
f 471/728/546 543/730/548 449/706/524 452/705/523
f 544/793/611 545/763/581 540/792/610 542/791/609
f 544/793/611 542/791/609 472/729/547 474/731/549
f 544/793/611 474/731/549 477/733/551 545/763/581
f 507/761/579 511/762/580 540/792/610 545/763/581
f 435/688/506 437/690/508 530/782/600 546/794/612
f 547/795/613 546/794/612 530/782/600 528/781/599
f 435/688/506 546/794/612 548/796/614 550/689/507
f 547/795/613 549/797/615 548/796/614 546/794/612
f 553/798/616 551/799/617 548/796/614 549/797/615
f 552/800/618 550/689/507 548/796/614 551/799/617
f 552/800/618 551/799/617 401/654/472 403/656/474
f 553/798/616 399/652/470 401/654/472 551/799/617
f 553/798/616 554/801/619 557/653/471 399/652/470
f 553/798/616 549/797/615 555/802/620 554/801/619
f 556/803/621 554/801/619 555/802/620 576/804/622
f 556/803/621 558/805/623 557/653/471 554/801/619
f 393/645/463 395/647/465 557/653/471 558/805/623
f 393/645/463 558/805/623 559/806/624 562/646/464
f 556/803/621 561/807/625 559/806/624 558/805/623
f 379/632/450 562/646/464 559/806/624 560/633/451
f 564/808/626 560/633/451 559/806/624 561/807/625
f 379/632/450 381/634/452 389/642/460 562/646/464
f 564/808/626 561/807/625 563/809/627 566/810/628
f 556/803/621 576/804/622 563/809/627 561/807/625
f 564/808/626 565/811/629 378/630/448 560/633/451
f 564/808/626 566/810/628 567/812/630 565/811/629
f 568/813/631 569/814/632 567/812/630 566/810/628
f 568/813/631 566/810/628 563/809/627 571/815/633
f 568/813/631 570/816/634 578/817/635 569/814/632
f 568/813/631 571/815/633 573/818/636 570/816/634
f 572/819/637 571/815/633 563/809/627 576/804/622
f 572/819/637 575/779/597 573/818/636 571/815/633
f 270/511/329 570/816/634 573/818/636 574/512/330
f 525/776/594 574/512/330 573/818/636 575/779/597
f 572/819/637 577/820/638 526/780/598 575/779/597
f 525/776/594 522/507/325 265/506/324 574/512/330
f 572/819/637 576/804/622 555/802/620 577/820/638
f 547/795/613 577/820/638 555/802/620 549/797/615
f 547/795/613 528/781/599 526/780/598 577/820/638
f 270/511/329 272/513/331 578/817/635 570/816/634
f 351/598/416 569/814/632 578/817/635 348/595/413
f 274/514/332 348/595/413 578/817/635 272/513/331
f 351/598/416 579/601/419 567/812/630 569/814/632
f 580/821/639 565/811/629 567/812/630 579/601/419
f 580/821/639 579/601/419 350/600/418 358/606/424
f 580/821/639 376/628/446 378/630/448 565/811/629
f 580/821/639 358/606/424 361/609/427 376/628/446
f 552/800/618 403/656/474 406/659/477 427/678/496
f 552/800/618 427/678/496 429/680/498 550/689/507
f 471/728/546 452/705/523 454/709/527 469/718/536
f 582/822/640 585/823/641 581/716/534 458/713/531
f 582/822/640 458/713/531 455/710/528 583/824/642
f 582/822/640 583/824/642 609/825/643 584/826/644
f 582/822/640 584/826/644 587/827/645 585/823/641
f 586/828/646 585/823/641 587/827/645 589/829/647
f 586/828/646 615/830/648 581/716/534 585/823/641
f 590/831/649 589/829/647 587/827/645 588/832/650
f 602/833/651 588/832/650 587/827/645 584/826/644
f 586/828/646 589/829/647 169/388/206 616/391/209
f 590/831/649 166/384/202 169/388/206 589/829/647
f 590/831/649 591/834/652 164/385/203 166/384/202
f 590/831/649 588/832/650 592/835/653 591/834/652
f 593/836/654 591/834/652 592/835/653 596/837/655
f 593/836/654 594/386/204 164/385/203 591/834/652
f 593/836/654 595/838/656 614/370/188 594/386/204
f 593/836/654 596/837/655 597/839/657 595/838/656
f 598/840/658 599/841/659 597/839/657 596/837/655
f 598/840/658 596/837/655 592/835/653 601/842/660
f 598/840/658 600/843/661 610/672/490 599/841/659
f 598/840/658 601/842/660 603/844/662 600/843/661
f 602/833/651 601/842/660 592/835/653 588/832/650
f 602/833/651 604/845/663 603/844/662 601/842/660
f 606/677/495 600/843/661 603/844/662 605/846/664
f 607/847/665 605/846/664 603/844/662 604/845/663
f 607/847/665 433/684/502 430/681/499 605/846/664
f 606/677/495 605/846/664 430/681/499 424/676/494
f 607/847/665 604/845/663 609/825/643 608/701/519
f 607/847/665 608/701/519 445/687/505 433/684/502
f 444/699/517 608/701/519 609/825/643 583/824/642
f 602/833/651 584/826/644 609/825/643 604/845/663
f 606/677/495 421/673/491 610/672/490 600/843/661
f 611/848/666 599/841/659 610/672/490 420/671/489
f 611/848/666 613/361/179 597/839/657 599/841/659
f 611/848/666 612/849/667 144/358/176 613/361/179
f 611/848/666 420/671/489 418/669/487 612/849/667
f 145/360/178 595/838/656 597/839/657 613/361/179
f 135/348/166 137/350/168 144/358/176 612/849/667
f 135/348/166 612/849/667 418/669/487 416/349/167
f 145/360/178 147/362/180 614/370/188 595/838/656
f 159/377/195 594/386/204 614/370/188 152/369/187
f 586/828/646 616/391/209 617/432/250 615/830/648
f 168/390/208 205/429/247 617/432/250 616/391/209
f 618/437/255 615/830/648 617/432/250 206/431/249
f 618/437/255 457/714/532 581/716/534 615/830/648
f 444/699/517 583/824/642 455/710/528 447/700/518
f 112/317/135 404/657/475 397/650/468 109/314/132
f 93/295/113 391/299/117 388/640/458 619/850/668
f 620/851/669 619/850/668 388/640/458 386/639/457
f 624/852/670 623/853/671 621/854/672 619/850/668 620/851/669
f 93/295/113 619/850/668 621/854/672 90/293/111
f 4340/855/673 4341/294/112 90/293/111 621/854/672 622/856/674
f 621/854/672 623/853/671 625/857/675 622/856/674
f 624/852/670 620/851/669 628/858/676 627/859/677 626/860/678
f 629/861/679 627/859/677 628/858/676 631/862/680 630/863/681
f 631/862/680 633/864/682 632/865/683 630/863/681
f 634/866/684 633/864/682 631/862/680 637/637/455 636/867/685
f 635/868/686 634/866/684 636/867/685 638/869/687 639/870/688
f 383/627/445 373/624/442 636/867/685 637/637/455
f 370/622/440 638/869/687 636/867/685 373/624/442
f 640/871/689 638/869/687 370/622/440 368/620/438 642/872/690 641/873/691
f 638/869/687 640/871/689 639/870/688
f 368/620/438 643/619/437 642/872/690
f 367/616/434 645/874/692 644/621/439
f 645/874/692 367/616/434 365/615/433 647/875/693 646/876/694
f 647/875/693 648/877/695 646/876/694
f 648/877/695 647/875/693 653/878/696 651/879/697 649/880/698
f 651/879/697 652/881/699 650/882/700 649/880/698
f 654/883/701 655/884/702 652/881/699 651/879/697
f 654/883/701 651/879/697 653/878/696 657/885/703
f 654/883/701 656/886/704 667/887/705 655/884/702
f 654/883/701 657/885/703 659/888/706 656/886/704
f 658/613/431 657/885/703 653/878/696 363/614/432
f 658/613/431 660/889/707 659/888/706 657/885/703
f 663/890/708 661/891/709 659/888/706 660/889/707
f 662/892/710 656/886/704 659/888/706 661/891/709
f 662/892/710 661/891/709 334/580/398 331/579/397
f 663/890/708 664/585/403 334/580/398 661/891/709
f 663/890/708 353/602/420 343/592/410 664/585/403
f 663/890/708 660/889/707 355/603/421 353/602/420
f 662/892/710 331/579/397 329/578/396 665/893/711
f 662/892/710 665/893/711 667/887/705 656/886/704
f 666/894/712 668/895/713 667/887/705 665/893/711
f 666/894/712 665/893/711 329/578/396 4332/577/395
f 669/896/714 655/884/702 667/887/705 668/895/713
f 669/896/714 668/895/713 670/897/715 671/898/716
f 666/894/712 672/899/717 670/897/715 668/895/713
f 4333/900/718 4334/901/719 671/898/716 670/897/715 673/902/720 675/903/721
f 676/904/722 673/902/720 670/897/715 672/899/717
f 676/904/722 677/905/723 674/906/724 673/902/720
f 675/903/721 673/902/720 674/906/724 720/907/725 721/908/726
f 676/904/722 678/909/727 681/910/728 677/905/723
f 676/904/722 672/899/717 680/911/729 678/909/727
f 679/912/730 678/909/727 680/911/729 4331/913/731
f 679/912/730 683/914/732 681/910/728 678/909/727
f 709/915/733 677/905/723 681/910/728 682/916/734
f 684/917/735 682/916/734 681/910/728 683/914/732
f 684/917/735 683/914/732 685/565/383 686/918/736
f 679/912/730 316/566/384 685/565/383 683/914/732
f 688/919/737 686/918/736 685/565/383 315/563/381
f 684/920/735 686/921/736 687/922/738 4330/923/739
f 688/924/737 690/925/740 687/922/738 686/921/736
f 688/919/737 315/563/381 313/561/379 689/926/741
f 688/924/737 689/927/741 691/928/742 690/925/740
f 692/929/743 690/925/740 691/928/742 693/930/744
f 692/929/743 695/931/745 687/922/738 690/925/740
f 692/929/743 693/930/744 3321/932/746 694/933/747
f 692/929/743 694/933/747 697/934/748 695/931/745
f 696/935/749 4330/923/739 687/922/738 695/931/745
f 696/935/749 695/931/745 697/934/748 699/936/750
f 3320/937/751 698/938/752 697/934/748 694/933/747
f 700/939/753 699/936/750 697/934/748 698/938/752
f 700/939/753 702/940/754 701/941/755 699/936/750
f 696/935/749 699/936/750 701/941/755 704/942/756
f 4325/943/757 703/944/758 701/941/755 702/940/754
f 706/945/759 704/942/756 701/941/755 703/944/758
f 696/935/749 704/942/756 705/946/760 4330/923/739
f 706/945/759 708/947/761 705/946/760 704/942/756
f 706/945/759 703/944/758 4327/948/762 707/949/763
f 706/945/759 707/949/763 710/950/764 708/947/761
f 709/951/733 682/952/734 705/946/760 708/947/761
f 709/951/733 708/947/761 710/950/764 711/953/765
f 713/954/766 711/953/765 710/950/764 712/955/767
f 714/956/768 712/955/767 710/950/764 707/949/763
f 713/954/766 712/955/767 715/957/769 717/958/770
f 712/955/767 714/956/768 716/959/771 715/957/769
f 713/960/766 717/961/770 718/962/772 719/963/773
f 720/907/725 674/906/724 711/964/765 713/960/766 719/963/773
f 716/959/771 714/956/768 4328/965/774 723/966/775 722/967/776
f 723/966/775 725/968/777 724/969/778 722/967/776
f 726/970/779 725/968/777 723/966/775 731/971/780 728/972/781
f 728/972/781 729/973/782 727/974/783 726/970/779
f 729/973/782 728/972/781 730/975/784 3919/976/785 3998/977/786
f 728/972/781 731/971/780 733/978/787 730/975/784
f 732/979/788 731/971/780 723/966/775 4328/965/774
f 732/979/788 734/980/789 733/978/787 731/971/780
f 736/981/790 730/975/784 733/978/787 735/982/791
f 737/983/792 735/982/791 733/978/787 734/980/789
f 736/981/790 735/982/791 738/984/793 739/985/794
f 737/983/792 741/986/795 738/984/793 735/982/791
f 3913/987/796 739/985/794 738/984/793 740/988/797
f 743/989/798 740/988/797 738/984/793 741/986/795
f 737/983/792 4329/990/799 742/991/800 741/986/795
f 743/989/798 741/986/795 742/991/800 745/992/801
f 743/989/798 744/993/802 3914/994/803 740/988/797
f 743/989/798 745/992/801 746/995/804 744/993/802
f 747/996/805 748/997/806 746/995/804 745/992/801
f 747/996/805 745/992/801 742/991/800 750/998/807
f 747/996/805 749/999/808 4024/1000/809 748/997/806
f 747/996/805 750/998/807 752/1001/810 749/999/808
f 751/1002/811 750/998/807 742/991/800 4329/990/799
f 751/1002/811 753/1003/812 752/1001/810 750/998/807
f 756/1004/813 749/999/808 752/1001/810 754/1005/814
f 757/1006/815 754/1005/814 752/1001/810 753/1003/812
f 757/1006/815 759/1007/816 755/1008/817 754/1005/814
f 756/1004/813 754/1005/814 755/1008/817 4025/1009/818
f 757/1006/815 758/1010/819 760/1011/820 759/1007/816
f 757/1006/815 753/1003/812 4322/1012/821 758/1010/819
f 761/1013/822 764/1014/823 755/1008/817 759/1007/816
f 761/1013/822 759/1007/816 760/1011/820 763/1015/824
f 761/1013/822 762/1016/825 766/1017/826 764/1014/823
f 761/1013/822 763/1015/824 3318/1018/827 762/1016/825
f 765/1019/828 4025/1009/818 755/1008/817 764/1014/823
f 765/1019/828 764/1014/823 766/1017/826 767/1020/829
f 771/1021/830 767/1020/829 766/1017/826 768/1022/831
f 770/1023/832 768/1022/831 766/1017/826 762/1016/825
f 770/1023/832 3315/1024/833 769/1025/834 768/1022/831
f 771/1021/830 768/1022/831 769/1025/834 773/1026/835
f 771/1021/830 772/1027/836 4026/1028/837 767/1020/829
f 771/1021/830 773/1026/835 775/1029/838 772/1027/836
f 774/1030/839 777/1031/840 775/1029/838 773/1026/835
f 774/1030/839 773/1026/835 769/1025/834 3314/1032/841
f 3451/1033/842 772/1027/836 775/1029/838 776/1034/843
f 779/1035/844 776/1034/843 775/1029/838 777/1031/840
f 774/1030/839 4085/1036/845 778/1037/846 777/1031/840
f 779/1035/844 777/1031/840 778/1037/846 781/1038/847
f 779/1035/844 780/1039/848 3449/1040/849 776/1034/843
f 779/1035/844 781/1038/847 782/1041/850 780/1039/848
f 783/1042/851 786/1043/852 782/1041/850 781/1038/847
f 783/1042/851 781/1038/847 778/1037/846 784/1044/853
f 783/1042/851 784/1044/853 3126/1045/854 785/1046/855
f 783/1042/851 785/1046/855 788/1047/856 786/1043/852
f 787/1048/857 786/1043/852 788/1047/856 789/1049/858
f 787/1048/857 3444/1050/859 782/1041/850 786/1043/852
f 792/1051/860 790/1052/861 788/1047/856 785/1046/855
f 793/1053/862 789/1049/858 788/1047/856 790/1052/861
f 792/1051/860 4086/1054/863 791/1055/864 790/1052/861
f 793/1053/862 790/1052/861 791/1055/864 795/1056/865
f 793/1053/862 794/1057/866 3442/1058/867 789/1049/858
f 793/1053/862 795/1056/865 797/1059/868 794/1057/866
f 796/1060/869 795/1056/865 791/1055/864 3110/1061/870
f 796/1060/869 798/1062/871 797/1059/868 795/1056/865
f 801/1063/872 799/1064/873 797/1059/868 798/1062/871
f 800/1065/874 794/1057/866 797/1059/868 799/1064/873
f 800/1065/874 799/1064/873 802/1066/875 804/1067/876
f 801/1063/872 805/1068/877 802/1066/875 799/1064/873
f 3433/1069/878 804/1067/876 802/1066/875 803/1070/879
f 806/1071/880 803/1070/879 802/1066/875 805/1068/877
f 801/1063/872 808/1072/881 807/1073/882 805/1068/877
f 806/1071/880 805/1068/877 807/1073/882 810/1074/883
f 4089/1075/884 809/1076/885 807/1073/882 808/1072/881
f 812/1077/886 810/1074/883 807/1073/882 809/1076/885
f 806/1071/880 810/1074/883 811/1078/887 3406/1079/888
f 812/1077/886 813/1080/889 811/1078/887 810/1074/883
f 812/1077/886 814/1081/890 816/1082/891 813/1080/889
f 812/1077/886 809/1076/885 817/1083/892 814/1081/890
f 815/1084/893 814/1081/890 817/1083/892 819/1085/894
f 815/1084/893 3422/1086/895 816/1082/891 814/1081/890
f 820/1087/896 819/1085/894 817/1083/892 818/1088/897
f 4089/1075/884 818/1088/897 817/1083/892 809/1076/885
f 815/1084/893 819/1085/894 821/1089/898 824/1090/899
f 820/1087/896 822/1091/900 821/1089/898 819/1085/894
f 886/1092/901 823/1093/902 821/1089/898 822/1091/900
f 826/1094/903 824/1090/899 821/1089/898 823/1093/902
f 815/1084/893 824/1090/899 825/1095/904 3422/1086/895
f 826/1094/903 827/1096/905 825/1095/904 824/1090/899
f 826/1094/903 828/1097/906 829/1098/907 827/1096/905
f 826/1094/903 823/1093/902 830/1099/908 828/1097/906
f 831/1100/909 832/1101/910 829/1098/907 828/1097/906
f 831/1100/909 828/1097/906 830/1099/908 834/1102/911
f 831/1100/909 833/1103/912 2916/1104/913 832/1101/910
f 831/1100/909 834/1102/911 836/1105/914 833/1103/912
f 835/1106/915 837/1107/916 836/1105/914 834/1102/911
f 835/1106/915 834/1102/911 830/1099/908 884/1108/917
f 840/1109/918 838/1110/919 836/1105/914 837/1107/916
f 839/1111/920 833/1103/912 836/1105/914 838/1110/919
f 839/1111/920 838/1110/919 841/1112/921 842/1113/922
f 840/1109/918 843/1114/923 841/1112/921 838/1110/919
f 845/1115/924 842/1113/922 841/1112/921 844/1116/925
f 846/1117/926 844/1116/925 841/1112/921 843/1114/923
f 845/1115/924 844/1116/925 847/1118/927 848/1119/928
f 846/1117/926 849/1120/929 847/1118/927 844/1116/925
f 852/1121/930 848/1119/928 847/1118/927 850/1122/931
f 853/1123/932 850/1122/931 847/1118/927 849/1120/929
f 853/1123/932 854/1124/933 851/1125/934 850/1122/931
f 852/1121/930 850/1122/931 851/1125/934 2856/1126/935
f 853/1123/932 855/1127/936 858/1128/937 854/1124/933
f 853/1123/932 849/1120/929 857/1129/938 855/1127/936
f 856/1130/939 860/1131/940 858/1128/937 855/1127/936
f 856/1130/939 855/1127/936 857/1129/938 878/1132/941
f 921/1133/942 854/1124/933 858/1128/937 859/1134/943
f 861/1135/944 859/1134/943 858/1128/937 860/1131/940
f 861/1135/944 860/1131/940 862/1136/945 863/1137/946
f 856/1130/939 865/1138/947 862/1136/945 860/1131/940
f 904/1139/948 863/1137/946 862/1136/945 864/1140/949
f 867/1141/950 864/1140/949 862/1136/945 865/1138/947
f 856/1130/939 878/1132/941 866/1142/951 865/1138/947
f 867/1141/950 865/1138/947 866/1142/951 869/1143/952
f 867/1141/950 868/1144/953 899/1145/954 864/1140/949
f 867/1141/950 869/1143/952 870/1146/955 868/1144/953
f 871/1147/956 869/1143/952 866/1142/951 874/1148/957
f 871/1147/956 872/1149/958 870/1146/955 869/1143/952
f 871/1147/956 873/1150/959 879/1151/960 872/1149/958
f 871/1147/956 874/1148/957 876/1152/961 873/1150/959
f 875/1153/962 874/1148/957 866/1142/951 878/1132/941
f 875/1153/962 877/1154/963 876/1152/961 874/1148/957
f 846/1117/926 843/1114/923 876/1152/961 877/1154/963
f 840/1109/918 873/1150/959 876/1152/961 843/1114/923
f 875/1153/962 878/1132/941 857/1129/938 877/1154/963
f 846/1117/926 877/1154/963 857/1129/938 849/1120/929
f 840/1109/918 837/1107/916 879/1151/960 873/1150/959
f 835/1106/915 880/1155/964 879/1151/960 837/1107/916
f 881/1156/965 872/1149/958 879/1151/960 880/1155/964
f 881/1156/965 880/1155/964 882/1157/966 883/1158/967
f 835/1106/915 884/1108/917 882/1157/966 880/1155/964
f 888/1159/968 883/1158/967 882/1157/966 885/1160/969
f 886/1092/901 885/1160/969 882/1157/966 884/1108/917
f 886/1092/901 822/1091/900 887/1161/970 885/1160/969
f 888/1159/968 885/1160/969 887/1161/970 889/1162/971
f 888/1159/968 889/1162/971 892/1163/972 890/1164/973
f 888/1159/968 890/1164/973 893/1165/974 883/1158/967
f 891/1166/975 890/1164/973 892/1163/972 3096/1167/976
f 891/1166/975 895/1168/977 893/1165/974 890/1164/973
f 881/1156/965 883/1158/967 893/1165/974 894/1169/978
f 897/1170/979 894/1169/978 893/1165/974 895/1168/977
f 891/1166/975 3098/1171/980 896/1172/981 895/1168/977
f 897/1170/979 895/1168/977 896/1172/981 898/1173/982
f 897/1170/979 898/1173/982 899/1145/954 868/1144/953
f 897/1170/979 868/1144/953 870/1146/955 894/1169/978
f 900/1174/983 903/1175/984 899/1145/954 898/1173/982
f 900/1174/983 898/1173/982 896/1172/981 902/1176/985
f 900/1174/983 901/1177/986 905/1178/987 903/1175/984
f 900/1174/983 902/1176/985 4093/1179/988 901/1177/986
f 904/1139/948 864/1140/949 899/1145/954 903/1175/984
f 904/1139/948 903/1175/984 905/1178/987 907/1180/989
f 4095/1181/990 906/1182/991 905/1178/987 901/1177/986
f 909/1183/992 907/1180/989 905/1178/987 906/1182/991
f 909/1183/992 911/1184/993 908/1185/994 907/1180/989
f 904/1139/948 907/1180/989 908/1185/994 863/1137/946
f 909/1183/992 910/1186/995 912/1187/996 911/1184/993
f 909/1183/992 906/1182/991 4098/1188/997 910/1186/995
f 913/1189/998 911/1184/993 912/1187/996 914/1190/999
f 913/1189/998 915/1191/1000 908/1185/994 911/1184/993
f 913/1189/998 914/1190/999 917/1192/1001 916/1193/1002
f 913/1189/998 916/1193/1002 919/1194/1003 915/1191/1000
f 918/1195/1004 916/1193/1002 917/1192/1001 4110/1196/1005
f 918/1195/1004 920/1197/1006 919/1194/1003 916/1193/1002
f 921/1133/942 859/1134/943 919/1194/1003 920/1197/1006
f 861/1135/944 915/1191/1000 919/1194/1003 859/1134/943
f 921/1133/942 920/1197/1006 922/1198/1007 924/1199/1008
f 918/1195/1004 925/1200/1009 922/1198/1007 920/1197/1006
f 927/1201/1010 923/1202/1011 922/1198/1007 925/1200/1009
f 2854/1203/1012 924/1199/1008 922/1198/1007 923/1202/1011
f 918/1195/1004 4110/1196/1005 926/1204/1013 925/1200/1009
f 927/1201/1010 925/1200/1009 926/1204/1013 928/1205/1014
f 927/1201/1010 928/1205/1014 932/1206/1015 929/1207/1016
f 927/1201/1010 929/1207/1016 930/1208/1017 923/1202/1011
f 931/1209/1018 2852/1210/1019 930/1208/1017 929/1207/1016
f 931/1209/1018 929/1207/1016 932/1206/1015 934/1211/1020
f 935/1212/1021 934/1211/1020 932/1206/1015 933/1213/1022
f 3031/1214/1023 933/1213/1022 932/1206/1015 928/1205/1014
f 935/1212/1021 937/1215/1024 936/1216/1025 934/1211/1020
f 931/1209/1018 934/1211/1020 936/1216/1025 938/1217/1026
f 940/1218/1027 939/1219/1028 936/1216/1025 937/1215/1024
f 942/1220/1029 938/1217/1026 936/1216/1025 939/1219/1028
f 940/1221/1027 3040/1222/1030 941/1223/1031 939/1224/1028
f 942/1225/1029 939/1224/1028 941/1223/1031 944/1226/1032
f 942/1220/1029 943/1227/1033 2851/1228/1034 938/1217/1026
f 942/1225/1029 944/1226/1032 945/1229/1035 943/1230/1033
f 946/1231/1036 947/1232/1037 945/1229/1035 944/1226/1032
f 946/1231/1036 944/1226/1032 941/1223/1031 948/1233/1038
f 946/1231/1036 949/1234/1039 951/1235/1040 947/1232/1037
f 946/1231/1036 948/1233/1038 950/1236/1041 949/1234/1039
f 952/1237/1042 949/1234/1039 950/1236/1041 955/1238/1043
f 952/1237/1042 953/1239/1044 951/1235/1040 949/1234/1039
f 952/1237/1042 954/1240/1045 2821/1241/1046 953/1239/1044
f 952/1237/1042 955/1238/1043 957/1242/1047 954/1240/1045
f 956/1243/1048 955/1238/1043 950/1236/1041 3042/1244/1049
f 956/1243/1048 958/1245/1050 957/1242/1047 955/1238/1043
f 962/1246/1051 959/1247/1052 957/1242/1047 958/1245/1050
f 961/1248/1053 954/1240/1045 957/1242/1047 959/1247/1052
f 962/1246/1051 964/1249/1054 960/1250/1055 959/1247/1052
f 961/1248/1053 959/1247/1052 960/1250/1055 2823/1251/1056
f 962/1246/1051 958/1245/1050 3045/1252/1057 963/1253/1058
f 962/1246/1051 963/1253/1058 966/1254/1059 964/1249/1054
f 965/1255/1060 964/1249/1054 966/1254/1059 968/1256/1061
f 965/1255/1060 2825/1257/1062 960/1250/1055 964/1249/1054
f 969/1258/1063 968/1256/1061 966/1254/1059 967/1259/1064
f 2996/1260/1065 967/1259/1064 966/1254/1059 963/1253/1058
f 965/1255/1060 968/1256/1061 970/1261/1066 973/1262/1067
f 969/1258/1063 971/1263/1068 970/1261/1066 968/1256/1061
f 1117/1264/1069 972/1265/1070 970/1261/1066 971/1263/1068
f 975/1266/1071 973/1262/1067 970/1261/1066 972/1265/1070
f 965/1255/1060 973/1262/1067 974/1267/1072 2825/1257/1062
f 975/1266/1071 976/1268/1073 974/1267/1072 973/1262/1067
f 975/1266/1071 977/1269/1074 978/1270/1075 976/1268/1073
f 975/1266/1071 972/1265/1070 979/1271/1076 977/1269/1074
f 980/1272/1077 981/1273/1078 978/1270/1075 977/1269/1074
f 980/1272/1077 977/1269/1074 979/1271/1076 983/1274/1079
f 980/1272/1077 982/1275/1080 2786/1276/1081 981/1273/1078
f 980/1272/1077 984/1277/1082 987/1278/1083 982/1275/1080
f 980/1272/1077 983/1274/1079 986/1279/1084 984/1277/1082
f 985/1280/1085 989/1281/1086 987/1278/1083 984/1277/1082
f 985/1280/1085 984/1277/1082 986/1279/1084 4321/1282/1087
f 2785/1283/1088 982/1275/1080 987/1278/1083 988/1284/1089
f 990/1285/1090 988/1284/1089 987/1278/1083 989/1281/1086
f 990/1285/1090 989/1281/1086 991/1286/1091 994/1287/1092
f 985/1280/1085 992/1288/1093 991/1286/1091 989/1281/1086
f 1092/1289/1094 993/1290/1095 991/1286/1091 992/1288/1093
f 996/1291/1096 994/1287/1092 991/1286/1091 993/1290/1095
f 996/1291/1096 998/1292/1097 995/1293/1098 994/1287/1092
f 990/1285/1090 994/1287/1092 995/1293/1098 4217/1294/1099
f 996/1291/1096 997/1295/1100 1000/1296/1101 998/1292/1097
f 996/1291/1096 993/1290/1095 1083/1297/1102 997/1295/1100
f 999/1298/1103 4219/1299/1104 995/1293/1098 998/1292/1097
f 999/1298/1103 998/1292/1097 1000/1296/1101 1002/1300/1105
f 1084/1301/1106 1001/1302/1107 1000/1296/1101 997/1295/1100
f 1004/1303/1108 1002/1300/1105 1000/1296/1101 1001/1302/1107
f 1004/1303/1108 1006/1304/1109 1003/1305/1110 1002/1300/1105
f 999/1298/1103 1002/1300/1105 1003/1305/1110 4225/1306/1111
f 1004/1303/1108 1005/1307/1112 1008/1308/1113 1006/1304/1109
f 1004/1303/1108 1001/1302/1107 1089/1309/1114 1005/1307/1112
f 1007/1310/1115 4227/1311/1116 1003/1305/1110 1006/1304/1109
f 1007/1310/1115 1006/1304/1109 1008/1308/1113 1010/1312/1117
f 1091/1313/1118 1009/1314/1119 1008/1308/1113 1005/1307/1112
f 1011/1315/1120 1010/1312/1117 1008/1308/1113 1009/1314/1119
f 1011/1315/1120 1014/1316/1121 1012/1317/1122 1010/1312/1117
f 1007/1310/1115 1010/1312/1117 1012/1317/1122 1015/1318/1123
f 1017/1319/1124 1015/1318/1123 1012/1317/1122 1013/1320/1125
f 1027/1321/1126 1013/1320/1125 1012/1317/1122 1014/1316/1121
f 1017/1319/1124 1018/1322/1127 1016/1323/1128 1015/1318/1123
f 1007/1310/1115 1015/1318/1123 1016/1323/1128 4227/1311/1116
f 1017/1319/1124 1013/1320/1125 1022/1324/1129 1019/1325/1130
f 1017/1319/1124 1019/1325/1130 1020/1326/1131 1018/1322/1127
f 1021/1327/1132 2665/1328/1133 1020/1326/1131 1019/1325/1130
f 1021/1327/1132 1019/1325/1130 1022/1324/1129 1023/1329/1134
f 1026/1330/1135 1023/1329/1134 1022/1324/1129 1024/1331/1136
f 1027/1321/1126 1024/1331/1136 1022/1324/1129 1013/1320/1125
f 1026/1330/1135 1024/1331/1136 1025/1332/1137 1845/1333/1138
f 1027/1321/1126 1028/1334/1139 1025/1332/1137 1024/1331/1136
f 1027/1321/1126 1029/1335/1140 1031/1336/1141 1028/1334/1139
f 1027/1321/1126 1014/1316/1121 1032/1337/1142 1029/1335/1140
f 1030/1338/1143 1029/1335/1140 1032/1337/1142 1033/1339/1144
f 1030/1338/1143 1854/1340/1145 1031/1336/1141 1029/1335/1140
f 1035/1341/1146 1033/1339/1144 1032/1337/1142 1034/1342/1147
f 1011/1315/1120 1034/1342/1147 1032/1337/1142 1014/1316/1121
f 1011/1315/1120 1009/1314/1119 1036/1343/1148 1034/1342/1147
f 1035/1341/1146 1034/1342/1147 1036/1343/1148 1038/1344/1149
f 1039/1345/1150 1038/1344/1149 1036/1343/1148 1037/1346/1151
f 1091/1313/1118 1037/1346/1151 1036/1343/1148 1009/1314/1119
f 1035/1341/1146 1038/1344/1149 1040/1347/1152 1042/1348/1153
f 1039/1345/1150 1043/1349/1154 1040/1347/1152 1038/1344/1149
f 2531/1350/1155 1042/1348/1153 1040/1347/1152 1041/1351/1156
f 1044/1352/1157 1041/1351/1156 1040/1347/1152 1043/1349/1154
f 1044/1352/1157 1043/1349/1154 1045/1353/1158 1046/1354/1159
f 1039/1345/1150 1048/1355/1160 1045/1353/1158 1043/1349/1154
f 2514/1356/1161 1046/1354/1159 1045/1353/1158 1047/1357/1162
f 1050/1358/1163 1047/1357/1162 1045/1353/1158 1048/1355/1160
f 1039/1345/1150 1037/1346/1151 1049/1359/1164 1048/1355/1160
f 1050/1358/1163 1048/1355/1160 1049/1359/1164 1051/1360/1165
f 1050/1358/1163 1051/1360/1165 1053/1361/1166 1052/1362/1167
f 1050/1358/1163 1052/1362/1167 1054/1363/1168 1047/1357/1162
f 1055/1364/1169 1052/1362/1167 1053/1361/1166 1058/1365/1170
f 1055/1364/1169 1057/1366/1171 1054/1363/1168 1052/1362/1167
f 1055/1364/1169 1056/1367/1172 2646/1368/1173 1057/1366/1171
f 1055/1364/1169 1058/1365/1170 1060/1369/1174 1056/1367/1172
f 1059/1370/1175 1058/1365/1170 1053/1361/1166 1086/1371/1176
f 1059/1370/1175 1061/1372/1177 1060/1369/1174 1058/1365/1170
f 1065/1373/1178 1062/1374/1179 1060/1369/1174 1061/1372/1177
f 1063/1375/1180 1056/1367/1172 1060/1369/1174 1062/1374/1179
f 1063/1375/1180 1062/1374/1179 1064/1376/1181 2650/1377/1182
f 1065/1373/1178 1067/1378/1183 1064/1376/1181 1062/1374/1179
f 1065/1373/1178 1061/1372/1177 1078/1379/1184 1066/1380/1185
f 1065/1373/1178 1066/1380/1185 1069/1381/1186 1067/1378/1183
f 1068/1382/1187 2445/1383/1188 1064/1376/1181 1067/1378/1183
f 1068/1382/1187 1067/1378/1183 1069/1381/1186 1070/1384/1189
f 1073/1385/1190 1070/1384/1189 1069/1381/1186 1071/1386/1191
f 1074/1387/1192 1071/1386/1191 1069/1381/1186 1066/1380/1185
f 1074/1387/1192 1075/1388/1193 1072/1389/1194 1071/1386/1191
f 1073/1385/1190 1071/1386/1191 1072/1389/1194 2226/1390/1195
f 1074/1387/1192 1076/1391/1196 1077/1392/1197 1075/1388/1193
f 1074/1387/1192 1066/1380/1185 1078/1379/1184 1076/1391/1196
f 1079/1393/1198 1081/1394/1199 1077/1392/1197 1076/1391/1196
f 1079/1393/1198 1076/1391/1196 1078/1379/1184 1080/1395/1200
f 1079/1393/1198 1080/1395/1200 1085/1396/1201 1082/1397/1202
f 1079/1393/1198 1082/1397/1202 1083/1297/1102 1081/1394/1199
f 1084/1301/1106 997/1295/1100 1083/1297/1102 1082/1397/1202
f 1084/1301/1106 1082/1397/1202 1085/1396/1201 1087/1398/1203
f 1088/1399/1204 1087/1398/1203 1085/1396/1201 1086/1371/1176
f 1059/1370/1175 1086/1371/1176 1085/1396/1201 1080/1395/1200
f 1084/1301/1106 1087/1398/1203 1089/1309/1114 1001/1302/1107
f 1088/1399/1204 1090/1400/1205 1089/1309/1114 1087/1398/1203
f 1091/1313/1118 1005/1307/1112 1089/1309/1114 1090/1400/1205
f 1088/1399/1204 1051/1360/1165 1049/1359/1164 1090/1400/1205
f 1091/1313/1118 1090/1400/1205 1049/1359/1164 1037/1346/1151
f 1088/1399/1204 1086/1371/1176 1053/1361/1166 1051/1360/1165
f 1092/1289/1094 1081/1394/1199 1083/1297/1102 993/1290/1095
f 1092/1289/1094 1093/1401/1206 1077/1392/1197 1081/1394/1199
f 1092/1289/1094 992/1288/1093 1094/1402/1207 1093/1401/1206
f 1095/1403/1208 1075/1388/1193 1077/1392/1197 1093/1401/1206
f 1095/1403/1208 1093/1401/1206 1094/1402/1207 1097/1404/1209
f 1095/1403/1208 1097/1404/1209 1099/1405/1210 1096/1406/1211
f 1095/1403/1208 1096/1406/1211 1072/1389/1194 1075/1388/1193
f 1098/1407/1212 1097/1404/1209 1094/1402/1207 4321/1282/1087
f 1098/1407/1212 1100/1408/1213 1099/1405/1210 1097/1404/1209
f 1102/1409/1214 1096/1406/1211 1099/1405/1210 1101/1410/1215
f 1104/1411/1216 1101/1410/1215 1099/1405/1210 1100/1408/1213
f 1102/1409/1214 1101/1410/1215 1103/1412/1217 2225/1413/1218
f 1104/1411/1216 1105/1414/1219 1103/1412/1217 1101/1410/1215
f 1104/1411/1216 1106/1415/1220 1107/1416/1221 1105/1414/1219
f 1104/1411/1216 1100/1408/1213 1108/1417/1222 1106/1415/1220
f 1109/1418/1223 1110/1419/1224 1107/1416/1221 1106/1415/1220
f 1109/1418/1223 1106/1415/1220 1108/1417/1222 1112/1420/1225
f 1109/1418/1223 1111/1421/1226 1129/1422/1227 1110/1419/1224
f 1109/1418/1223 1112/1420/1225 1113/1423/1228 1111/1421/1226
f 1114/1424/1229 1115/1425/1230 1113/1423/1228 1112/1420/1225
f 1114/1424/1229 1112/1420/1225 1108/1417/1222 1116/1426/1231
f 1114/1424/1229 983/1274/1079 979/1271/1076 1115/1425/1230
f 1114/1424/1229 1116/1426/1231 986/1279/1084 983/1274/1079
f 1098/1407/1212 1116/1426/1231 1108/1417/1222 1100/1408/1213
f 1098/1407/1212 4321/1282/1087 986/1279/1084 1116/1426/1231
f 1117/1264/1069 1118/1427/1232 1113/1423/1228 1115/1425/1230
f 1117/1264/1069 1115/1425/1230 979/1271/1076 972/1265/1070
f 1117/1264/1069 971/1263/1068 1120/1428/1233 1118/1427/1232
f 1119/1429/1234 1111/1421/1226 1113/1423/1228 1118/1427/1232
f 1119/1429/1234 1118/1427/1232 1120/1428/1233 1122/1430/1235
f 969/1258/1063 1121/1431/1236 1120/1428/1233 971/1263/1068
f 1123/1432/1237 1122/1430/1235 1120/1428/1233 1121/1431/1236
f 1123/1432/1237 1125/1433/1238 1124/1434/1239 1122/1430/1235
f 1119/1429/1234 1122/1430/1235 1124/1434/1239 1127/1435/1240
f 2989/1436/1241 1126/1437/1242 1124/1434/1239 1125/1433/1238
f 1128/1438/1243 1127/1435/1240 1124/1434/1239 1126/1437/1242
f 1128/1438/1243 1130/1439/1244 1129/1422/1227 1127/1435/1240
f 1119/1429/1234 1127/1435/1240 1129/1422/1227 1111/1421/1226
f 1132/1440/1245 1110/1419/1224 1129/1422/1227 1130/1439/1244
f 1128/1438/1243 4210/1441/1246 1131/1442/1247 1130/1439/1244
f 1132/1440/1245 1130/1439/1244 1131/1442/1247 1134/1443/1248
f 1132/1440/1245 1133/1444/1249 1107/1416/1221 1110/1419/1224
f 1132/1440/1245 1134/1443/1248 1136/1445/1250 1133/1444/1249
f 1135/1446/1251 1137/1447/1252 1136/1445/1250 1134/1443/1248
f 1135/1446/1251 1134/1443/1248 1131/1442/1247 4152/1448/1253
f 1141/1449/1254 1138/1450/1255 1136/1445/1250 1137/1447/1252
f 1139/1451/1256 1133/1444/1249 1136/1445/1250 1138/1450/1255
f 1139/1451/1256 1138/1450/1255 1140/1452/1257 2228/1453/1258
f 1141/1449/1254 1142/1454/1259 1140/1452/1257 1138/1450/1255
f 1141/1449/1254 1143/1455/1260 1146/1456/1261 1142/1454/1259
f 1141/1449/1254 1137/1447/1252 1144/1457/1262 1143/1455/1260
f 1145/1458/1263 1143/1455/1260 1144/1457/1262 4148/1459/1264
f 1145/1458/1263 1147/1460/1265 1146/1456/1261 1143/1455/1260
f 1151/1461/1266 1148/1462/1267 1146/1456/1261 1147/1460/1265
f 1149/1463/1268 1142/1454/1259 1146/1456/1261 1148/1462/1267
f 1149/1463/1268 1148/1462/1267 1150/1464/1269 2216/1465/1270
f 1151/1461/1266 1153/1466/1271 1150/1464/1269 1148/1462/1267
f 1151/1461/1266 1152/1467/1272 1155/1468/1273 1153/1466/1271
f 1151/1461/1266 1147/1460/1265 4151/1469/1274 1152/1467/1272
f 1154/1470/1275 2212/1471/1276 1150/1464/1269 1153/1466/1271
f 1154/1470/1275 1153/1466/1271 1155/1468/1273 1157/1472/1277
f 1159/1473/1278 1157/1472/1277 1155/1468/1273 1156/1474/1279
f 4234/1475/1280 1156/1474/1279 1155/1468/1273 1152/1467/1272
f 1154/1470/1275 1157/1472/1277 1158/1476/1281 2207/1477/1282
f 1159/1473/1278 1161/1478/1283 1158/1476/1281 1157/1472/1277
f 1159/1473/1278 1156/1474/1279 4233/1479/1284 1160/1480/1285
f 1159/1473/1278 1160/1480/1285 1163/1481/1286 1161/1478/1283
f 1162/1482/1287 2205/1483/1288 1158/1476/1281 1161/1478/1283
f 1162/1482/1287 1161/1478/1283 1163/1481/1286 1165/1484/1289
f 4236/1485/1290 1164/1486/1291 1163/1481/1286 1160/1480/1285
f 1167/1487/1292 1165/1484/1289 1163/1481/1286 1164/1486/1291
f 1162/1482/1287 1165/1484/1289 1166/1488/1293 4293/1489/1294
f 1167/1487/1292 1168/1490/1295 1166/1488/1293 1165/1484/1289
f 1167/1487/1292 1169/1491/1296 1171/1492/1297 1168/1490/1295
f 1167/1487/1292 1164/1486/1291 1172/1493/1298 1169/1491/1296
f 1170/1494/1299 1169/1491/1296 1172/1493/1298 1174/1495/1300
f 1170/1494/1299 4318/1496/1301 1171/1492/1297 1169/1491/1296
f 1176/1497/1302 1174/1495/1300 1172/1493/1298 1173/1498/1303
f 4236/1485/1290 1173/1498/1303 1172/1493/1298 1164/1486/1291
f 1170/1494/1299 1174/1495/1300 1175/1499/1304 4320/1500/1305
f 1176/1497/1302 1178/1501/1306 1175/1499/1304 1174/1495/1300
f 1176/1497/1302 1177/1502/1307 1179/1503/1308 1178/1501/1306
f 1176/1497/1302 1173/1498/1303 4237/1504/1309 1177/1502/1307
f 1180/1505/1310 1178/1501/1306 1179/1503/1308 1183/1506/1311
f 1180/1505/1310 1181/1507/1312 1175/1499/1304 1178/1501/1306
f 1180/1505/1310 1182/1508/1313 1219/1509/1314 1181/1507/1312
f 1180/1505/1310 1183/1506/1311 1184/1510/1315 1182/1508/1313
f 1185/1511/1316 1183/1506/1311 1179/1503/1308 1186/1512/1317
f 1185/1511/1316 1188/1513/1318 1184/1510/1315 1183/1506/1311
f 1185/1511/1316 1186/1512/1317 2721/1514/1319 1187/1515/1320
f 1185/1511/1316 1187/1515/1320 1190/1516/1321 1188/1513/1318
f 1189/1517/1322 1216/1518/1323 1184/1510/1315 1188/1513/1318
f 1189/1517/1322 1188/1513/1318 1190/1516/1321 1192/1519/1324
f 1194/1520/1325 1192/1519/1324 1190/1516/1321 1191/1521/1326
f 2719/1522/1327 1191/1521/1326 1190/1516/1321 1187/1515/1320
f 1189/1517/1322 1192/1519/1324 1193/1523/1328 1213/1524/1329
f 1194/1520/1325 1196/1525/1330 1193/1523/1328 1192/1519/1324
f 1194/1520/1325 1195/1526/1331 1198/1527/1332 1196/1525/1330
f 1194/1520/1325 1191/1521/1326 2716/1528/1333 1195/1526/1331
f 1197/1529/1334 1210/1530/1335 1193/1523/1328 1196/1525/1330
f 1197/1529/1334 1196/1525/1330 1198/1527/1332 1200/1531/1336
f 1201/1532/1337 1200/1531/1336 1198/1527/1332 1199/1533/1338
f 2710/1534/1339 1199/1533/1338 1198/1527/1332 1195/1526/1331
f 1201/1532/1337 1203/1535/1340 1202/1536/1341 1200/1531/1336
f 1197/1529/1334 1200/1531/1336 1202/1536/1341 1205/1537/1342
f 1624/1538/1343 1204/1539/1344 1202/1536/1341 1203/1535/1340
f 1206/1540/1345 1205/1537/1342 1202/1536/1341 1204/1539/1344
f 1197/1529/1334 1205/1537/1342 1207/1541/1346 1210/1530/1335
f 1206/1540/1345 1209/1542/1347 1207/1541/1346 1205/1537/1342
f 1211/1543/1348 1210/1530/1335 1207/1541/1346 1208/1544/1349
f 1616/1545/1350 1208/1544/1349 1207/1541/1346 1209/1542/1347
f 1211/1543/1348 1213/1524/1329 1193/1523/1328 1210/1530/1335
f 1211/1543/1348 1208/1544/1349 1614/1546/1351 1212/1547/1352
f 1211/1543/1348 1212/1547/1352 1214/1548/1353 1213/1524/1329
f 1189/1517/1322 1213/1524/1329 1214/1548/1353 1216/1518/1323
f 1217/1549/1354 1216/1518/1323 1214/1548/1353 1215/1550/1355
f 1449/1551/1356 1215/1550/1355 1214/1548/1353 1212/1547/1352
f 1217/1549/1354 1182/1508/1313 1184/1510/1315 1216/1518/1323
f 1217/1549/1354 1215/1550/1355 1220/1552/1357 1218/1553/1358
f 1217/1549/1354 1218/1553/1358 1219/1509/1314 1182/1508/1313
f 1221/1554/1359 1224/1555/1360 1219/1509/1314 1218/1553/1358
f 1221/1554/1359 1218/1553/1358 1220/1552/1357 1223/1556/1361
f 1221/1554/1359 1222/1557/1362 1226/1558/1363 1224/1555/1360
f 1221/1554/1359 1223/1556/1361 1454/1559/1364 1222/1557/1362
f 1225/1560/1365 1181/1507/1312 1219/1509/1314 1224/1555/1360
f 1225/1560/1365 1224/1555/1360 1226/1558/1363 1227/1561/1366
f 1231/1562/1367 1227/1561/1366 1226/1558/1363 1228/1563/1368
f 1229/1564/1369 1228/1563/1368 1226/1558/1363 1222/1557/1362
f 1229/1564/1369 1457/1565/1370 1230/1566/1371 1228/1563/1368
f 1231/1562/1367 1228/1563/1368 1230/1566/1371 1233/1567/1372
f 1231/1562/1367 1232/1568/1373 4319/1569/1374 1227/1561/1366
f 1231/1562/1367 1233/1567/1372 1234/1570/1375 1232/1568/1373
f 1235/1571/1376 1236/1572/1377 1234/1570/1375 1233/1567/1372
f 1235/1571/1376 1233/1567/1372 1230/1566/1371 1237/1573/1378
f 1235/1571/1376 1238/1574/1379 1240/1575/1380 1236/1572/1377
f 1235/1571/1376 1237/1573/1378 1241/1576/1381 1238/1574/1379
f 1239/1577/1382 1238/1574/1379 1241/1576/1381 1243/1578/1383
f 1239/1577/1382 1258/1579/1384 1240/1575/1380 1238/1574/1379
f 1244/1580/1385 1243/1578/1383 1241/1576/1381 1242/1581/1386
f 1613/1582/1387 1242/1581/1386 1241/1576/1381 1237/1573/1378
f 1239/1577/1382 1243/1578/1383 1245/1583/1388 1247/1584/1389
f 1244/1580/1385 1246/1585/1390 1245/1583/1388 1243/1578/1383
f 1249/1586/1391 1248/1587/1392 1245/1583/1388 1246/1585/1390
f 1251/1588/1393 1247/1584/1389 1245/1583/1388 1248/1587/1392
f 1249/1586/1391 1475/1589/1394 1250/1590/1395 1248/1587/1392
f 1251/1588/1393 1248/1587/1392 1250/1590/1395 1252/1591/1396
f 1251/1588/1393 1252/1591/1396 1255/1592/1397 1253/1593/1398
f 1251/1588/1393 1253/1593/1398 1256/1594/1399 1247/1584/1389
f 1254/1595/1400 1257/1596/1401 1256/1594/1399 1253/1593/1398
f 1254/1595/1400 1253/1593/1398 1255/1592/1397 1266/1597/1402
f 1239/1577/1382 1247/1584/1389 1256/1594/1399 1258/1579/1384
f 1259/1598/1403 1258/1579/1384 1256/1594/1399 1257/1596/1401
f 1259/1598/1403 1260/1599/1404 1240/1575/1380 1258/1579/1384
f 1259/1598/1403 1261/1600/1405 1263/1601/1406 1260/1599/1404
f 1259/1598/1403 1257/1596/1401 1264/1602/1407 1261/1600/1405
f 1262/1603/1408 1261/1600/1405 1264/1602/1407 1265/1604/1409
f 1262/1603/1408 4307/1605/1410 1263/1601/1406 1261/1600/1405
f 1254/1595/1400 1266/1597/1402 1264/1602/1407 1257/1596/1401
f 1267/1606/1411 1265/1604/1409 1264/1602/1407 1266/1597/1402
f 1267/1606/1411 1266/1597/1402 1255/1592/1397 1269/1607/1412
f 1267/1606/1411 1268/1608/1413 4314/1609/1414 1265/1604/1409
f 1267/1606/1411 1269/1607/1412 1271/1610/1415 1268/1608/1413
f 1270/1611/1416 1269/1607/1412 1255/1592/1397 1252/1591/1396
f 1270/1611/1416 1272/1612/1417 1271/1610/1415 1269/1607/1412
f 1274/1613/1418 1273/1614/1419 1271/1610/1415 1272/1612/1417
f 1275/1615/1420 1268/1608/1413 1271/1610/1415 1273/1614/1419
f 1274/1613/1418 1279/1616/1421 1276/1617/1422 1273/1614/1419
f 1275/1615/1420 1273/1614/1419 1276/1617/1422 1278/1618/1423
f 4313/1619/1424 1278/1618/1423 1276/1617/1422 1277/1620/1425
f 1281/1621/1426 1277/1620/1425 1276/1617/1422 1279/1616/1421
f 1274/1613/1418 1482/1622/1427 1280/1623/1428 1279/1616/1421
f 1281/1621/1426 1279/1616/1421 1280/1623/1428 1283/1624/1429
f 1281/1621/1426 1282/1625/1430 4315/1626/1431 1277/1620/1425
f 1281/1621/1426 1283/1624/1429 1285/1627/1432 1282/1625/1430
f 1284/1628/1433 1283/1624/1429 1280/1623/1428 1483/1629/1434
f 1284/1628/1433 1286/1630/1435 1285/1627/1432 1283/1624/1429
f 1288/1631/1436 1287/1632/1437 1285/1627/1432 1286/1630/1435
f 1289/1633/1438 1282/1625/1430 1285/1627/1432 1287/1632/1437
f 1288/1631/1436 1292/1634/1439 1290/1635/1440 1287/1632/1437
f 1289/1633/1438 1287/1632/1437 1290/1635/1440 1291/1636/1441
f 1294/1637/1442 1291/1636/1441 1290/1635/1440 1293/1638/1443
f 1295/1639/1444 1293/1638/1443 1290/1635/1440 1292/1634/1439
f 1294/1637/1442 1293/1638/1443 1296/1640/1445 1299/1641/1446
f 1295/1639/1444 1298/1642/1447 1296/1640/1445 1293/1638/1443
f 1301/1643/1448 1299/1641/1446 1296/1640/1445 1297/1644/1449
f 1509/1645/1450 1297/1644/1449 1296/1640/1445 1298/1642/1447
f 1294/1637/1442 1299/1641/1446 1300/1646/1451 4292/1647/1452
f 1301/1643/1448 1302/1648/1453 1300/1646/1451 1299/1641/1446
f 1301/1643/1448 1303/1649/1454 1304/1650/1455 1302/1648/1453
f 1301/1643/1448 1297/1644/1449 1305/1651/1456 1303/1649/1454
f 1306/1652/1457 1307/1653/1458 1304/1650/1455 1303/1649/1454
f 1306/1652/1457 1303/1649/1454 1305/1651/1456 1309/1654/1459
f 1306/1652/1457 1308/1655/1460 2200/1656/1461 1307/1653/1458
f 1306/1652/1457 1309/1654/1459 1311/1657/1462 1308/1655/1460
f 1310/1658/1463 1313/1659/1464 1311/1657/1462 1309/1654/1459
f 1310/1658/1463 1309/1654/1459 1305/1651/1456 1510/1660/1465
f 2255/1661/1466 1308/1655/1460 1311/1657/1462 1312/1662/1467
f 1314/1663/1468 1312/1662/1467 1311/1657/1462 1313/1659/1464
f 1310/1658/1463 1316/1664/1469 1315/1665/1470 1313/1659/1464
f 1314/1663/1468 1313/1659/1464 1315/1665/1470 1317/1666/1471
f 1321/1667/1472 1318/1668/1473 1315/1665/1470 1316/1664/1469
f 1319/1669/1474 1317/1666/1471 1315/1665/1470 1318/1668/1473
f 1319/1669/1474 1318/1668/1473 1320/1670/1475 2285/1671/1476
f 1321/1667/1472 1323/1672/1477 1320/1670/1475 1318/1668/1473
f 1321/1667/1472 1322/1673/1478 1324/1674/1479 1323/1672/1477
f 1321/1667/1472 1316/1664/1469 1508/1675/1480 1322/1673/1478
f 1325/1676/1481 1323/1672/1477 1324/1674/1479 1327/1677/1482
f 1325/1676/1481 1328/1678/1483 1320/1670/1475 1323/1672/1477
f 1325/1676/1481 1327/1677/1482 1375/1679/1484 1326/1680/1485
f 1325/1676/1481 1326/1680/1485 1330/1681/1486 1328/1678/1483
f 1329/1682/1487 2285/1671/1476 1320/1670/1475 1328/1678/1483
f 1329/1682/1487 1328/1678/1483 1330/1681/1486 1331/1683/1488
f 1333/1684/1489 1331/1683/1488 1330/1681/1486 1332/1685/1490
f 1334/1686/1491 1332/1685/1490 1330/1681/1486 1326/1680/1485
f 1333/1684/1489 1332/1685/1490 1335/1687/1492 1336/1688/1493
f 1334/1686/1491 1338/1689/1494 1335/1687/1492 1332/1685/1490
f 2430/1690/1495 1336/1688/1493 1335/1687/1492 1337/1691/1496
f 1339/1692/1497 1337/1691/1496 1335/1687/1492 1338/1689/1494
f 1334/1686/1491 1341/1693/1498 1340/1694/1499 1338/1689/1494
f 1339/1692/1497 1338/1689/1494 1340/1694/1499 1342/1695/1500
f 1344/1696/1501 1343/1697/1502 1340/1694/1499 1341/1693/1498
f 1345/1698/1503 1342/1695/1500 1340/1694/1499 1343/1697/1502
f 1344/1696/1501 1347/1699/1504 1346/1700/1505 1343/1697/1502
f 1345/1698/1503 1343/1697/1502 1346/1700/1505 1348/1701/1506
f 1350/1702/1507 1349/1703/1508 1346/1700/1505 1347/1699/1504
f 1351/1704/1509 1348/1701/1506 1346/1700/1505 1349/1703/1508
f 1350/1702/1507 1354/1705/1510 1352/1706/1511 1349/1703/1508
f 1351/1704/1509 1349/1703/1508 1352/1706/1511 1353/1707/1512
f 1356/1708/1513 1353/1707/1512 1352/1706/1511 1355/1709/1514
f 1358/1710/1515 1355/1709/1514 1352/1706/1511 1354/1705/1510
f 1356/1708/1513 1355/1709/1514 1357/1711/1516 1748/1712/1517
f 1358/1710/1515 1359/1713/1518 1357/1711/1516 1355/1709/1514
f 1358/1710/1515 1360/1714/1519 1361/1715/1520 1359/1713/1518
f 1358/1710/1515 1354/1705/1510 1362/1716/1521 1360/1714/1519
f 1363/1717/1522 1364/1718/1523 1361/1715/1520 1360/1714/1519
f 1363/1717/1522 1360/1714/1519 1362/1716/1521 1366/1719/1524
f 1363/1717/1522 1365/1720/1525 1406/1721/1526 1364/1718/1523
f 1363/1717/1522 1366/1719/1524 1367/1722/1527 1365/1720/1525
f 1368/1723/1528 1369/1724/1529 1367/1722/1527 1366/1719/1524
f 1368/1723/1528 1366/1719/1524 1362/1716/1521 1371/1725/1530
f 1368/1723/1528 1370/1726/1531 4291/1727/1532 1369/1724/1529
f 1368/1723/1528 1371/1725/1530 1372/1728/1533 1370/1726/1531
f 1350/1702/1507 1347/1699/1504 1372/1728/1533 1371/1725/1530
f 1350/1702/1507 1371/1725/1530 1362/1716/1521 1354/1705/1510
f 1374/1729/1534 1370/1726/1531 1372/1728/1533 1373/1730/1535
f 1344/1696/1501 1373/1730/1535 1372/1728/1533 1347/1699/1504
f 1374/1729/1534 1373/1730/1535 1375/1679/1484 1327/1677/1482
f 1344/1696/1501 1341/1693/1498 1375/1679/1484 1373/1730/1535
f 1334/1686/1491 1326/1680/1485 1375/1679/1484 1341/1693/1498
f 1374/1729/1534 1327/1677/1482 1324/1674/1479 1377/1731/1536
f 1374/1729/1534 1376/1732/1537 4291/1727/1532 1370/1726/1531
f 1374/1729/1534 1378/1733/1538 1380/1734/1539 1376/1732/1537
f 1374/1729/1534 1377/1731/1536 1379/1735/1540 1378/1733/1538
f 1381/1736/1541 1378/1733/1538 1379/1735/1540 1383/1737/1542
f 1381/1736/1541 1384/1738/1543 1380/1734/1539 1378/1733/1538
f 1381/1736/1541 1382/1739/1544 1385/1740/1545 1384/1738/1543
f 1381/1736/1541 1383/1737/1542 1499/1741/1546 1382/1739/1544
f 1386/1742/1547 1384/1738/1543 1385/1740/1545 1387/1743/1548
f 1386/1742/1547 1389/1744/1549 1380/1734/1539 1384/1738/1543
f 1386/1742/1547 1387/1743/1548 1609/1745/1550 1388/1746/1551
f 1386/1742/1547 1388/1746/1551 1390/1747/1552 1389/1744/1549
f 1391/1748/1553 1389/1744/1549 1390/1747/1552 1393/1749/1554
f 1391/1748/1553 1376/1732/1537 1380/1734/1539 1389/1744/1549
f 1391/1748/1553 1392/1750/1555 4291/1727/1532 1376/1732/1537
f 1391/1748/1553 1393/1749/1554 1395/1751/1556 1392/1750/1555
f 1394/1752/1557 1393/1749/1554 1390/1747/1552 1612/1753/1558
f 1394/1752/1557 1396/1754/1559 1395/1751/1556 1393/1749/1554
f 1400/1755/1560 1392/1750/1555 1395/1751/1556 1397/1756/1561
f 1398/1757/1562 1397/1756/1561 1395/1751/1556 1396/1754/1559
f 1398/1757/1562 4290/1758/1563 1399/1759/1564 1397/1756/1561
f 1400/1755/1560 1397/1756/1561 1399/1759/1564 1401/1760/1565
f 1400/1755/1560 1369/1724/1529 4291/1727/1532 1392/1750/1555
f 1400/1755/1560 1401/1760/1565 1367/1722/1527 1369/1724/1529
f 1402/1761/1566 1365/1720/1525 1367/1722/1527 1401/1760/1565
f 1402/1761/1566 1401/1760/1565 1399/1759/1564 1403/1762/1567
f 1402/1761/1566 1404/1763/1568 1406/1721/1526 1365/1720/1525
f 1402/1761/1566 1403/1762/1567 1407/1764/1569 1404/1763/1568
f 1405/1765/1570 1404/1763/1568 1407/1764/1569 1408/1766/1571
f 1405/1765/1570 1830/1767/1572 1406/1721/1526 1404/1763/1568
f 1410/1768/1573 1409/1769/1574 1407/1764/1569 1403/1762/1567
f 1411/1770/1575 1408/1766/1571 1407/1764/1569 1409/1769/1574
f 1410/1768/1573 1413/1771/1576 1412/1772/1577 1409/1769/1574
f 1411/1770/1575 1409/1769/1574 1412/1772/1577 1414/1773/1578
f 1416/1774/1579 1415/1775/1580 1412/1772/1577 1413/1771/1576
f 1417/1776/1581 1414/1773/1578 1412/1772/1577 1415/1775/1580
f 1416/1774/1579 1420/1777/1582 1418/1778/1583 1415/1775/1580
f 1417/1776/1581 1415/1775/1580 1418/1778/1583 1419/1779/1584
f 1422/1780/1585 1419/1779/1584 1418/1778/1583 1421/1781/1586
f 1423/1782/1587 1421/1781/1586 1418/1778/1583 1420/1777/1582
f 1422/1780/1585 1421/1781/1586 1424/1783/1588 1426/1784/1589
f 1423/1782/1587 1427/1785/1590 1424/1783/1588 1421/1781/1586
f 1637/1786/1591 1426/1784/1589 1424/1783/1588 1425/1787/1592
f 1428/1788/1593 1425/1787/1592 1424/1783/1588 1427/1785/1590
f 1423/1782/1587 1432/1789/1594 1429/1790/1595 1427/1785/1590
f 1428/1788/1593 1427/1785/1590 1429/1790/1595 1431/1791/1596
f 1620/1792/1597 1431/1791/1596 1429/1790/1595 1430/1793/1598
f 1433/1794/1599 1430/1793/1598 1429/1790/1595 1432/1789/1594
f 1423/1782/1587 1420/1777/1582 1434/1795/1600 1432/1789/1594
f 1433/1794/1599 1432/1789/1594 1434/1795/1600 1435/1796/1601
f 1438/1797/1602 1435/1796/1601 1434/1795/1600 1436/1798/1603
f 1416/1774/1579 1436/1798/1603 1434/1795/1600 1420/1777/1582
f 1416/1774/1579 1413/1771/1576 1437/1799/1604 1436/1798/1603
f 1438/1797/1602 1436/1798/1603 1437/1799/1604 1439/1800/1605
f 1438/1797/1602 1439/1800/1605 1443/1801/1606 1440/1802/1607
f 1438/1797/1602 1440/1802/1607 1441/1803/1608 1435/1796/1601
f 1442/1804/1609 1615/1805/1610 1441/1803/1608 1440/1802/1607
f 1442/1804/1609 1440/1802/1607 1443/1801/1606 1444/1806/1611
f 1394/1752/1557 1444/1806/1611 1443/1801/1606 1396/1754/1559
f 1398/1757/1562 1396/1754/1559 1443/1801/1606 1439/1800/1605
f 1442/1804/1609 1444/1806/1611 1445/1807/1612 1446/1808/1613
f 1394/1752/1557 1447/1809/1614 1445/1807/1612 1444/1806/1611
f 1449/1551/1356 1446/1808/1613 1445/1807/1612 1448/1810/1615
f 1450/1811/1616 1448/1810/1615 1445/1807/1612 1447/1809/1614
f 1450/1811/1616 1223/1556/1361 1220/1552/1357 1448/1810/1615
f 1449/1551/1356 1448/1810/1615 1220/1552/1357 1215/1550/1355
f 1450/1811/1616 1451/1812/1617 1454/1559/1364 1223/1556/1361
f 1450/1811/1616 1447/1809/1614 1453/1813/1618 1451/1812/1617
f 1452/1814/1619 1451/1812/1617 1453/1813/1618 1611/1815/1620
f 1452/1814/1619 1455/1816/1621 1454/1559/1364 1451/1812/1617
f 1229/1564/1369 1222/1557/1362 1454/1559/1364 1455/1816/1621
f 1452/1814/1619 1459/1817/1622 1456/1818/1623 1455/1816/1621
f 1229/1564/1369 1455/1816/1621 1456/1818/1623 1457/1565/1370
f 1613/1582/1387 1457/1565/1370 1456/1818/1623 1458/1819/1624
f 1461/1820/1625 1458/1819/1624 1456/1818/1623 1459/1817/1622
f 1452/1814/1619 1611/1815/1620 1460/1821/1626 1459/1817/1622
f 1461/1820/1625 1459/1817/1622 1460/1821/1626 1462/1822/1627
f 1461/1820/1625 1462/1822/1627 1464/1823/1628 1463/1824/1629
f 1461/1820/1625 1463/1824/1629 1466/1825/1630 1458/1819/1624
f 1465/1826/1631 1463/1824/1629 1464/1823/1628 1598/1827/1632
f 1465/1826/1631 1467/1828/1633 1466/1825/1630 1463/1824/1629
f 1244/1580/1385 1242/1581/1386 1466/1825/1630 1467/1828/1633
f 1613/1582/1387 1458/1819/1624 1466/1825/1630 1242/1581/1386
f 1244/1580/1385 1467/1828/1633 1468/1829/1634 1246/1585/1390
f 1465/1826/1631 1469/1830/1635 1468/1829/1634 1467/1828/1633
f 1471/1831/1636 1470/1832/1637 1468/1829/1634 1469/1830/1635
f 1249/1586/1391 1246/1585/1390 1468/1829/1634 1470/1832/1637
f 1249/1586/1391 1470/1832/1637 1472/1833/1638 1475/1589/1394
f 1471/1831/1636 1473/1834/1639 1472/1833/1638 1470/1832/1637
f 1585/1835/1640 1474/1836/1641 1472/1833/1638 1473/1834/1639
f 1476/1837/1642 1475/1589/1394 1472/1833/1638 1474/1836/1641
f 1476/1837/1642 1477/1838/1643 1250/1590/1395 1475/1589/1394
f 1476/1837/1642 1478/1839/1644 1481/1840/1645 1477/1838/1643
f 1476/1837/1642 1474/1836/1641 1479/1841/1646 1478/1839/1644
f 1480/1842/1647 1478/1839/1644 1479/1841/1646 1484/1843/1648
f 1480/1842/1647 1482/1622/1427 1481/1840/1645 1478/1839/1644
f 1270/1611/1416 1477/1838/1643 1481/1840/1645 1272/1612/1417
f 1274/1613/1418 1272/1612/1417 1481/1840/1645 1482/1622/1427
f 1480/1842/1647 1483/1629/1434 1280/1623/1428 1482/1622/1427
f 1480/1842/1647 1484/1843/1648 1486/1844/1649 1483/1629/1434
f 1485/1845/1650 1484/1843/1648 1479/1841/1646 1584/1846/1651
f 1485/1845/1650 1487/1847/1652 1486/1844/1649 1484/1843/1648
f 1284/1628/1433 1483/1629/1434 1486/1844/1649 1488/1848/1653
f 1489/1849/1654 1488/1848/1653 1486/1844/1649 1487/1847/1652
f 1284/1628/1433 1488/1848/1653 1490/1850/1655 1286/1630/1435
f 1489/1849/1654 1492/1851/1656 1490/1850/1655 1488/1848/1653
f 1288/1631/1436 1286/1630/1435 1490/1850/1655 1491/1852/1657
f 1493/1853/1658 1491/1852/1657 1490/1850/1655 1492/1851/1656
f 1493/1853/1658 1492/1851/1656 1494/1854/1659 1497/1855/1660
f 1489/1849/1654 1495/1856/1661 1494/1854/1659 1492/1851/1656
f 1581/1857/1662 1496/1858/1663 1494/1854/1659 1495/1856/1661
f 1498/1859/1664 1497/1855/1660 1494/1854/1659 1496/1858/1663
f 1498/1859/1664 1382/1739/1544 1499/1741/1546 1497/1855/1660
f 1493/1853/1658 1497/1855/1660 1499/1741/1546 1500/1860/1665
f 1501/1861/1666 1500/1860/1665 1499/1741/1546 1383/1737/1542
f 1501/1861/1666 1503/1862/1667 1502/1863/1668 1500/1860/1665
f 1493/1853/1658 1500/1860/1665 1502/1863/1668 1491/1852/1657
f 1295/1639/1444 1292/1634/1439 1502/1863/1668 1503/1862/1667
f 1288/1631/1436 1491/1852/1657 1502/1863/1668 1292/1634/1439
f 1501/1861/1666 1506/1864/1669 1504/1865/1670 1503/1862/1667
f 1295/1639/1444 1503/1862/1667 1504/1865/1670 1298/1642/1447
f 1509/1645/1450 1298/1642/1447 1504/1865/1670 1505/1866/1671
f 1507/1867/1672 1505/1866/1671 1504/1865/1670 1506/1864/1669
f 1501/1861/1666 1383/1737/1542 1379/1735/1540 1506/1864/1669
f 1507/1867/1672 1506/1864/1669 1379/1735/1540 1377/1731/1536
f 1507/1867/1672 1322/1673/1478 1508/1675/1480 1505/1866/1671
f 1507/1867/1672 1377/1731/1536 1324/1674/1479 1322/1673/1478
f 1509/1645/1450 1505/1866/1671 1508/1675/1480 1510/1660/1465
f 1509/1645/1450 1510/1660/1465 1305/1651/1456 1297/1644/1449
f 1310/1658/1463 1510/1660/1465 1508/1675/1480 1316/1664/1469
f 1498/1859/1664 1511/1868/1673 1385/1740/1545 1382/1739/1544
f 1498/1859/1664 1496/1858/1663 1513/1869/1674 1512/1870/1675
f 1498/1859/1664 1512/1870/1675 1514/1871/1676 1511/1868/1673
f 1515/1872/1677 1512/1870/1675 1513/1869/1674 1517/1873/1678
f 1515/1872/1677 1518/1874/1679 1514/1871/1676 1512/1870/1675
f 1515/1872/1677 1516/1875/1680 1520/1876/1681 1518/1874/1679
f 1515/1872/1677 1517/1873/1678 1564/1877/1682 1516/1875/1680
f 1519/1878/1683 1518/1874/1679 1520/1876/1681 1522/1879/1684
f 1519/1878/1683 1607/1880/1685 1514/1871/1676 1518/1874/1679
f 1524/1881/1686 1522/1879/1684 1520/1876/1681 1521/1882/1687
f 1563/1883/1688 1521/1882/1687 1520/1876/1681 1516/1875/1680
f 1519/1878/1683 1522/1879/1684 1523/1884/1689 1606/1885/1690
f 1524/1881/1686 1526/1886/1691 1523/1884/1689 1522/1879/1684
f 1524/1881/1686 1521/1882/1687 1561/1887/1692 1525/1888/1693
f 1524/1881/1686 1525/1888/1693 1528/1889/1694 1526/1886/1691
f 1527/1890/1695 1534/1891/1696 1523/1884/1689 1526/1886/1691
f 1527/1890/1695 1526/1886/1691 1528/1889/1694 1530/1892/1697
f 1531/1893/1698 1530/1892/1697 1528/1889/1694 1529/1894/1699
f 1558/1895/1700 1529/1894/1699 1528/1889/1694 1525/1888/1693
f 1531/1893/1698 1535/1896/1701 1532/1897/1702 1530/1892/1697
f 1527/1890/1695 1530/1892/1697 1532/1897/1702 1534/1891/1696
f 1605/1898/1703 1534/1891/1696 1532/1897/1702 1533/1899/1704
f 1537/1900/1705 1533/1899/1704 1532/1897/1702 1535/1896/1701
f 1531/1893/1698 1553/1901/1706 1536/1902/1707 1535/1896/1701
f 1537/1900/1705 1535/1896/1701 1536/1902/1707 1538/1903/1708
f 1537/1900/1705 1538/1903/1708 1542/1904/1709 1539/1905/1710
f 1537/1900/1705 1539/1905/1710 1540/1906/1711 1533/1899/1704
f 1541/1907/1712 1599/1908/1713 1540/1906/1711 1539/1905/1710
f 1541/1907/1712 1539/1905/1710 1542/1904/1709 1543/1909/1714
f 1545/1910/1715 1543/1909/1714 1542/1904/1709 1544/1911/1716
f 1547/1912/1717 1544/1911/1716 1542/1904/1709 1538/1903/1708
f 1545/1910/1715 1544/1911/1716 1546/1913/1718 1588/1914/1719
f 1547/1912/1717 1548/1915/1720 1546/1913/1718 1544/1911/1716
f 1547/1912/1717 1549/1916/1721 1550/1917/1722 1548/1915/1720
f 1547/1912/1717 1538/1903/1708 1536/1902/1707 1549/1916/1721
f 1551/1918/1723 1552/1919/1724 1550/1917/1722 1549/1916/1721
f 1551/1918/1723 1549/1916/1721 1536/1902/1707 1553/1901/1706
f 1551/1918/1723 1553/1901/1706 1554/1920/1725 1552/1919/1724
f 1531/1893/1698 1529/1894/1699 1554/1920/1725 1553/1901/1706
f 1557/1921/1726 1552/1919/1724 1554/1920/1725 1555/1922/1727
f 1558/1895/1700 1555/1922/1727 1554/1920/1725 1529/1894/1699
f 1558/1895/1700 1559/1923/1728 1556/1924/1729 1555/1922/1727
f 1557/1921/1726 1555/1922/1727 1556/1924/1729 1593/1925/1730
f 1558/1895/1700 1525/1888/1693 1561/1887/1692 1559/1923/1728
f 1560/1926/1731 1595/1927/1732 1556/1924/1729 1559/1923/1728
f 1560/1926/1731 1559/1923/1728 1561/1887/1692 1562/1928/1733
f 1563/1883/1688 1562/1928/1733 1561/1887/1692 1521/1882/1687
f 1563/1883/1688 1516/1875/1680 1564/1877/1682 1562/1928/1733
f 1560/1926/1731 1562/1928/1733 1564/1877/1682 1565/1929/1734
f 1567/1930/1735 1565/1929/1734 1564/1877/1682 1517/1873/1678
f 1567/1930/1735 1569/1931/1736 1566/1932/1737 1565/1929/1734
f 1560/1926/1731 1565/1929/1734 1566/1932/1737 1595/1927/1732
f 1567/1930/1735 1517/1873/1678 1513/1869/1674 1568/1933/1738
f 1567/1930/1735 1568/1933/1738 1570/1934/1739 1569/1931/1736
f 1571/1935/1740 1569/1931/1736 1570/1934/1739 1574/1936/1741
f 1571/1935/1740 1572/1937/1742 1566/1932/1737 1569/1931/1736
f 1571/1935/1740 1573/1938/1743 1592/1939/1744 1572/1937/1742
f 1571/1935/1740 1574/1936/1741 1575/1940/1745 1573/1938/1743
f 1576/1941/1746 1577/1942/1747 1575/1940/1745 1574/1936/1741
f 1576/1941/1746 1574/1936/1741 1570/1934/1739 1579/1943/1748
f 1576/1941/1746 1578/1944/1749 1582/1945/1750 1577/1942/1747
f 1576/1941/1746 1579/1943/1748 1580/1946/1751 1578/1944/1749
f 1581/1857/1662 1495/1856/1661 1580/1946/1751 1579/1943/1748
f 1581/1857/1662 1579/1943/1748 1570/1934/1739 1568/1933/1738
f 1581/1857/1662 1568/1933/1738 1513/1869/1674 1496/1858/1663
f 1489/1849/1654 1487/1847/1652 1580/1946/1751 1495/1856/1661
f 1485/1845/1650 1578/1944/1749 1580/1946/1751 1487/1847/1652
f 1485/1845/1650 1584/1846/1651 1582/1945/1750 1578/1944/1749
f 1587/1947/1752 1577/1942/1747 1582/1945/1750 1583/1948/1753
f 1585/1835/1640 1583/1948/1753 1582/1945/1750 1584/1846/1651
f 1585/1835/1640 1584/1846/1651 1479/1841/1646 1474/1836/1641
f 1585/1835/1640 1473/1834/1639 1586/1949/1754 1583/1948/1753
f 1587/1947/1752 1583/1948/1753 1586/1949/1754 1588/1914/1719
f 1587/1947/1752 1588/1914/1719 1546/1913/1718 1589/1950/1755
f 1587/1947/1752 1589/1950/1755 1575/1940/1745 1577/1942/1747
f 1590/1951/1756 1589/1950/1755 1546/1913/1718 1548/1915/1720
f 1590/1951/1756 1573/1938/1743 1575/1940/1745 1589/1950/1755
f 1590/1951/1756 1548/1915/1720 1550/1917/1722 1591/1952/1757
f 1590/1951/1756 1591/1952/1757 1592/1939/1744 1573/1938/1743
f 1557/1921/1726 1591/1952/1757 1550/1917/1722 1552/1919/1724
f 1557/1921/1726 1593/1925/1730 1592/1939/1744 1591/1952/1757
f 1594/1953/1758 1572/1937/1742 1592/1939/1744 1593/1925/1730
f 1594/1953/1758 1593/1925/1730 1556/1924/1729 1595/1927/1732
f 1594/1953/1758 1595/1927/1732 1566/1932/1737 1572/1937/1742
f 1545/1910/1715 1588/1914/1719 1586/1949/1754 1596/1954/1759
f 1471/1831/1636 1596/1954/1759 1586/1949/1754 1473/1834/1639
f 1545/1910/1715 1596/1954/1759 1597/1955/1760 1543/1909/1714
f 1471/1831/1636 1469/1830/1635 1597/1955/1760 1596/1954/1759
f 1541/1907/1712 1543/1909/1714 1597/1955/1760 1598/1827/1632
f 1465/1826/1631 1598/1827/1632 1597/1955/1760 1469/1830/1635
f 1541/1907/1712 1598/1827/1632 1464/1823/1628 1599/1908/1713
f 1600/1956/1761 1603/1957/1762 1540/1906/1711 1599/1908/1713
f 1600/1956/1761 1599/1908/1713 1464/1823/1628 1462/1822/1627
f 1600/1956/1761 1601/1958/1763 1609/1745/1550 1602/1959/1764
f 1600/1956/1761 1462/1822/1627 1460/1821/1626 1601/1958/1763
f 1600/1956/1761 1602/1959/1764 1604/1960/1765 1603/1957/1762
f 1605/1898/1703 1603/1957/1762 1604/1960/1765 1606/1885/1690
f 1605/1898/1703 1533/1899/1704 1540/1906/1711 1603/1957/1762
f 1605/1898/1703 1606/1885/1690 1523/1884/1689 1534/1891/1696
f 1519/1878/1683 1606/1885/1690 1604/1960/1765 1607/1880/1685
f 1608/1961/1766 1607/1880/1685 1604/1960/1765 1602/1959/1764
f 1608/1961/1766 1511/1868/1673 1514/1871/1676 1607/1880/1685
f 1608/1961/1766 1387/1743/1548 1385/1740/1545 1511/1868/1673
f 1608/1961/1766 1602/1959/1764 1609/1745/1550 1387/1743/1548
f 1610/1962/1767 1388/1746/1551 1609/1745/1550 1601/1958/1763
f 1610/1962/1767 1601/1958/1763 1460/1821/1626 1611/1815/1620
f 1610/1962/1767 1611/1815/1620 1453/1813/1618 1612/1753/1558
f 1610/1962/1767 1612/1753/1558 1390/1747/1552 1388/1746/1551
f 1394/1752/1557 1612/1753/1558 1453/1813/1618 1447/1809/1614
f 1270/1611/1416 1252/1591/1396 1250/1590/1395 1477/1838/1643
f 1613/1582/1387 1237/1573/1378 1230/1566/1371 1457/1565/1370
f 1449/1551/1356 1212/1547/1352 1614/1546/1351 1446/1808/1613
f 1442/1804/1609 1446/1808/1613 1614/1546/1351 1615/1805/1610
f 1616/1545/1350 1615/1805/1610 1614/1546/1351 1208/1544/1349
f 1616/1545/1350 1617/1963/1768 1441/1803/1608 1615/1805/1610
f 1616/1545/1350 1209/1542/1347 1618/1964/1769 1617/1963/1768
f 1433/1794/1599 1617/1963/1768 1618/1964/1769 1430/1793/1598
f 1433/1794/1599 1435/1796/1601 1441/1803/1608 1617/1963/1768
f 1620/1792/1597 1430/1793/1598 1618/1964/1769 1619/1965/1770
f 1206/1540/1345 1619/1965/1770 1618/1964/1769 1209/1542/1347
f 1206/1540/1345 1204/1539/1344 1621/1966/1771 1619/1965/1770
f 1620/1792/1597 1619/1965/1770 1621/1966/1771 1622/1967/1772
f 1624/1538/1343 1623/1968/1773 1621/1966/1771 1204/1539/1344
f 1626/1969/1774 1622/1967/1772 1621/1966/1771 1623/1968/1773
f 1624/1538/1343 4238/1970/1775 1625/1971/1776 1623/1968/1773
f 1626/1969/1774 1623/1968/1773 1625/1971/1776 1627/1972/1777
f 1626/1969/1774 1627/1972/1777 1630/1973/1778 1628/1974/1779
f 1626/1969/1774 1628/1974/1779 1631/1975/1780 1622/1967/1772
f 1629/1976/1781 1632/1977/1782 1631/1975/1780 1628/1974/1779
f 1629/1976/1781 1628/1974/1779 1630/1973/1778 4252/1978/1783
f 1620/1792/1597 1622/1967/1772 1631/1975/1780 1431/1791/1596
f 1428/1788/1593 1431/1791/1596 1631/1975/1780 1632/1977/1782
f 1629/1976/1781 1634/1979/1784 1633/1980/1785 1632/1977/1782
f 1428/1788/1593 1632/1977/1782 1633/1980/1785 1425/1787/1592
f 1636/1981/1786 1635/1982/1787 1633/1980/1785 1634/1979/1784
f 1637/1786/1591 1425/1787/1592 1633/1980/1785 1635/1982/1787
f 1636/1981/1786 1639/1983/1788 1638/1984/1789 1635/1982/1787
f 1637/1786/1591 1635/1982/1787 1638/1984/1789 1640/1985/1790
f 1643/1986/1791 1641/1987/1792 1638/1984/1789 1639/1983/1788
f 1642/1988/1793 1640/1985/1790 1638/1984/1789 1641/1987/1792
f 1642/1988/1793 1641/1987/1792 1644/1989/1794 1645/1990/1795
f 1643/1986/1791 1646/1991/1796 1644/1989/1794 1641/1987/1792
f 1650/1992/1797 1645/1990/1795 1644/1989/1794 1647/1993/1798
f 1648/1994/1799 1647/1993/1798 1644/1989/1794 1646/1991/1796
f 1648/1994/1799 4279/1995/1800 1649/1996/1801 1647/1993/1798
f 1650/1992/1797 1647/1993/1798 1649/1996/1801 1652/1997/1802
f 1650/1992/1797 1651/1998/1803 1816/1999/1804 1645/1990/1795
f 1650/1992/1797 1652/1997/1802 1654/2000/1805 1651/1998/1803
f 1653/2001/1806 1652/1997/1802 1649/1996/1801 4277/2002/1807
f 1653/2001/1806 1656/2003/1808 1654/2000/1805 1652/1997/1802
f 1817/2004/1809 1651/1998/1803 1654/2000/1805 1655/2005/1810
f 1658/2006/1811 1655/2005/1810 1654/2000/1805 1656/2003/1808
f 1653/2001/1806 4276/2007/1812 1657/2008/1813 1656/2003/1808
f 1658/2006/1811 1656/2003/1808 1657/2008/1813 1659/2009/1814
f 1658/2006/1811 1660/2010/1815 1661/2011/1816 1655/2005/1810
f 1658/2006/1811 1659/2009/1814 1663/2012/1817 1660/2010/1815
f 1662/2013/1818 1829/2014/1819 1661/2011/1816 1660/2010/1815
f 1662/2013/1818 1660/2010/1815 1663/2012/1817 1664/2015/1820
f 1667/2016/1821 1664/2015/1820 1663/2012/1817 1665/2017/1822
f 1666/2018/1823 1665/2017/1822 1663/2012/1817 1659/2009/1814
f 1666/2018/1823 1671/2019/1824 1668/2020/1825 1665/2017/1822
f 1667/2016/1821 1665/2017/1822 1668/2020/1825 1669/2021/1826
f 1716/2022/1827 1669/2021/1826 1668/2020/1825 1670/2023/1828
f 1672/2024/1829 1670/2023/1828 1668/2020/1825 1671/2019/1824
f 1666/2018/1823 1675/2025/1830 1673/2026/1831 1671/2019/1824
f 1672/2024/1829 1671/2019/1824 1673/2026/1831 1674/2027/1832
f 1679/2028/1833 1674/2027/1832 1673/2026/1831 1676/2029/1834
f 1677/2030/1835 1676/2029/1834 1673/2026/1831 1675/2025/1830
f 1677/2030/1835 4272/2031/1836 1678/2032/1837 1676/2029/1834
f 1679/2028/1833 1676/2029/1834 1678/2032/1837 1680/2033/1838
f 1679/2034/1833 1680/2035/1838 1684/2036/1839 1681/2037/1840
f 1679/2034/1833 1681/2037/1840 1682/2038/1841 1674/2039/1832
f 1683/2040/1842 1705/2041/1843 1682/2038/1841 1681/2037/1840
f 1683/2040/1842 1681/2037/1840 1684/2036/1839 1686/2042/1844
f 4274/2043/1845 1685/2044/1846 1684/2036/1839 1680/2035/1838
f 1687/2045/1847 1686/2042/1844 1684/2036/1839 1685/2044/1846
f 1683/2040/1842 1686/2042/1844 1688/2046/1848 1690/2047/1849
f 1687/2045/1847 1689/2048/1850 1688/2046/1848 1686/2042/1844
f 1692/2049/1851 1691/2050/1852 1688/2046/1848 1689/2048/1850
f 1693/2051/1853 1690/2047/1849 1688/2046/1848 1691/2050/1852
f 1692/2049/1851 1695/2052/1854 1694/2053/1855 1691/2050/1852
f 1693/2051/1853 1691/2050/1852 1694/2053/1855 1697/2054/1856
f 2681/2055/1857 1696/2056/1858 1694/2053/1855 1695/2052/1854
f 1698/2057/1859 1697/2054/1856 1694/2053/1855 1696/2056/1858
f 1698/2057/1859 1701/2058/1860 1699/2059/1861 1697/2054/1856
f 1693/2051/1853 1697/2054/1856 1699/2059/1861 1702/2060/1862
f 2666/2061/1863 1700/2062/1864 1699/2059/1861 1701/2058/1860
f 1703/2063/1865 1702/2060/1862 1699/2059/1861 1700/2062/1864
f 1693/2051/1853 1702/2060/1862 1704/2064/1866 1690/2047/1849
f 1703/2063/1865 1706/2065/1867 1704/2064/1866 1702/2060/1862
f 1683/2040/1842 1690/2047/1849 1704/2064/1866 1705/2041/1843
f 1707/2066/1868 1705/2041/1843 1704/2064/1866 1706/2065/1867
f 1707/2066/1868 1706/2065/1867 1708/2067/1869 1711/2068/1870
f 1703/2063/1865 1709/2069/1871 1708/2067/1869 1706/2065/1867
f 2661/2070/1872 1710/2071/1873 1708/2067/1869 1709/2069/1871
f 1712/2072/1874 1711/2068/1870 1708/2067/1869 1710/2071/1873
f 1712/2072/1874 1714/2073/1875 1713/2074/1876 1711/2068/1870
f 1707/2066/1868 1711/2068/1870 1713/2074/1876 1715/2075/1877
f 1716/2076/1827 1670/2077/1828 1713/2074/1876 1714/2073/1875
f 1672/2078/1829 1715/2075/1877 1713/2074/1876 1670/2077/1828
f 1707/2066/1868 1715/2075/1877 1682/2038/1841 1705/2041/1843
f 1672/2078/1829 1674/2039/1832 1682/2038/1841 1715/2075/1877
f 1716/2076/1827 1714/2073/1875 1717/2079/1878 1719/2080/1879
f 1712/2072/1874 1718/2081/1880 1717/2079/1878 1714/2073/1875
f 1722/2082/1881 1720/2083/1882 1717/2079/1878 1718/2081/1880
f 1723/2084/1883 1719/2080/1879 1717/2079/1878 1720/2083/1882
f 1722/2082/1881 1734/2085/1884 1721/2086/1885 1720/2083/1882
f 1723/2084/1883 1720/2083/1882 1721/2086/1885 1725/2087/1886
f 1723/2088/1883 1724/2089/1887 1791/2090/1888 1719/2091/1879
f 1723/2088/1883 1725/2092/1886 1726/2093/1889 1724/2089/1887
f 1727/2094/1890 1728/2095/1891 1726/2093/1889 1725/2092/1886
f 1727/2096/1890 1725/2087/1886 1721/2086/1885 1730/2097/1892
f 1727/2094/1890 1729/2098/1893 1800/2099/1894 1728/2095/1891
f 1727/2096/1890 1730/2097/1892 1731/2100/1895 1729/2101/1893
f 1732/2102/1896 1735/2103/1897 1731/2100/1895 1730/2097/1892
f 1732/2102/1896 1730/2097/1892 1721/2086/1885 1734/2085/1884
f 1732/2102/1896 1733/2104/1898 1736/2105/1899 1735/2103/1897
f 1732/2102/1896 1734/2085/1884 2657/2106/1900 1733/2104/1898
f 1737/2107/1901 1739/2108/1902 1731/2100/1895 1735/2103/1897
f 1737/2107/1901 1735/2103/1897 1736/2105/1899 1738/2109/1903
f 1737/2107/1901 1738/2109/1903 1743/2110/1904 1740/2111/1905
f 1737/2107/1901 1740/2111/1905 1741/2112/1906 1739/2108/1902
f 1742/2113/1907 1753/2114/1908 1741/2112/1906 1740/2111/1905
f 1742/2113/1907 1740/2111/1905 1743/2110/1904 1745/2115/1909
f 1746/2116/1910 1745/2115/1909 1743/2110/1904 1744/2117/1911
f 1838/2118/1912 1744/2117/1911 1743/2110/1904 1738/2109/1903
f 1746/2116/1910 1749/2119/1913 1747/2120/1914 1745/2115/1909
f 1742/2113/1907 1745/2115/1909 1747/2120/1914 1750/2121/1915
f 1751/2122/1916 1750/2121/1915 1747/2120/1914 1748/2123/1517
f 1356/2124/1513 1748/2123/1517 1747/2120/1914 1749/2119/1913
f 1742/2113/1907 1750/2121/1915 1752/2125/1917 1753/2114/1908
f 1751/2122/1916 1755/2126/1918 1752/2125/1917 1750/2121/1915
f 1799/2127/1919 1753/2114/1908 1752/2125/1917 1754/2128/1920
f 1756/2129/1921 1754/2128/1920 1752/2125/1917 1755/2126/1918
f 1756/2130/1921 1755/2131/1918 1757/2132/1922 1758/2133/1923
f 1751/2134/1916 1759/2135/1924 1757/2132/1922 1755/2131/1918
f 1762/2136/1925 1758/2133/1923 1757/2132/1922 1760/2137/1926
f 1761/2138/1927 1760/2137/1926 1757/2132/1922 1759/2135/1924
f 1761/2138/1927 1765/2139/1928 1763/2140/1929 1760/2137/1926
f 1762/2136/1925 1760/2137/1926 1763/2140/1929 1764/2141/1930
f 1769/2142/1931 1764/2141/1930 1763/2140/1929 1766/2143/1932
f 1767/2144/1933 1766/2143/1932 1763/2140/1929 1765/2139/1928
f 1767/2144/1933 1830/1767/1572 1768/2145/1934 1766/2143/1932
f 1769/2142/1931 1766/2143/1932 1768/2145/1934 1770/2146/1935
f 1769/2142/1931 1770/2146/1935 1772/2147/1936 1764/2141/1930
f 1771/2148/1937 1770/2146/1935 1768/2145/1934 1828/2149/1938
f 1771/2148/1937 1773/2150/1939 1772/2147/1936 1770/2146/1935
f 1762/2136/1925 1764/2141/1930 1772/2147/1936 1774/2151/1940
f 1776/2152/1941 1774/2151/1940 1772/2147/1936 1773/2150/1939
f 1776/2152/1941 1778/2153/1942 1775/2154/1943 1774/2151/1940
f 1762/2136/1925 1774/2151/1940 1775/2154/1943 1758/2133/1923
f 1776/2152/1941 1777/2155/1944 1780/2156/1945 1778/2153/1942
f 1776/2152/1941 1773/2150/1939 1806/2157/1946 1777/2155/1944
f 1779/2158/1947 1798/2159/1948 1775/2154/1943 1778/2153/1942
f 1779/2158/1947 1778/2153/1942 1780/2156/1945 1781/2160/1949
f 1785/2161/1950 1781/2160/1949 1780/2156/1945 1782/2162/1951
f 1784/2163/1952 1782/2162/1951 1780/2156/1945 1777/2155/1944
f 1784/2163/1952 1803/2164/1953 1783/2165/1954 1782/2162/1951
f 1785/2161/1950 1782/2162/1951 1783/2165/1954 1787/2166/1955
f 1785/2161/1950 1786/2167/1956 1794/2168/1957 1781/2160/1949
f 1785/2161/1950 1787/2166/1955 1788/2169/1958 1786/2167/1956
f 1662/2013/1818 1664/2015/1820 1788/2169/1958 1787/2166/1955
f 1662/2013/1818 1787/2166/1955 1783/2165/1954 1829/2014/1819
f 1667/2016/1821 1789/2170/1959 1788/2169/1958 1664/2015/1820
f 1790/2171/1960 1786/2167/1956 1788/2169/1958 1789/2170/1959
f 1790/2171/1960 1789/2170/1959 1791/2090/1888 1724/2089/1887
f 1667/2016/1821 1669/2021/1826 1791/2090/1888 1789/2170/1959
f 1716/2022/1827 1719/2091/1879 1791/2090/1888 1669/2021/1826
f 1790/2171/1960 1724/2089/1887 1726/2093/1889 1792/2172/1961
f 1790/2171/1960 1792/2172/1961 1794/2168/1957 1786/2167/1956
f 1793/2173/1962 1792/2172/1961 1726/2093/1889 1728/2095/1891
f 1793/2173/1962 1795/2174/1963 1794/2168/1957 1792/2172/1961
f 1779/2158/1947 1781/2160/1949 1794/2168/1957 1795/2174/1963
f 1793/2173/1962 1797/2175/1964 1796/2176/1965 1795/2174/1963
f 1779/2158/1947 1795/2174/1963 1796/2176/1965 1798/2159/1948
f 1799/2177/1919 1754/2178/1920 1796/2176/1965 1797/2175/1964
f 1756/2130/1921 1798/2159/1948 1796/2176/1965 1754/2178/1920
f 1756/2130/1921 1758/2133/1923 1775/2154/1943 1798/2159/1948
f 1799/2177/1919 1797/2175/1964 1800/2099/1894 1801/2179/1966
f 1793/2173/1962 1728/2095/1891 1800/2099/1894 1797/2175/1964
f 1802/2180/1967 1801/2179/1966 1800/2099/1894 1729/2098/1893
f 1802/2181/1967 1739/2108/1902 1741/2112/1906 1801/2182/1966
f 1799/2127/1919 1801/2182/1966 1741/2112/1906 1753/2114/1908
f 1802/2181/1967 1729/2101/1893 1731/2100/1895 1739/2108/1902
f 1784/2163/1952 1777/2155/1944 1806/2157/1946 1804/2183/1968
f 1784/2163/1952 1804/2183/1968 1807/2184/1969 1803/2164/1953
f 1805/2185/1970 1808/2186/1971 1807/2184/1969 1804/2183/1968
f 1805/2185/1970 1804/2183/1968 1806/2157/1946 1827/2187/1972
f 1810/2188/1973 1809/2189/1974 1807/2184/1969 1808/2186/1971
f 1811/2190/1975 1803/2164/1953 1807/2184/1969 1809/2189/1974
f 1810/2188/1973 1813/2191/1976 1812/2192/1977 1809/2189/1974
f 1811/2190/1975 1809/2189/1974 1812/2192/1977 1814/2193/1978
f 1818/2194/1979 1815/2195/1980 1812/2192/1977 1813/2191/1976
f 1817/2004/1809 1814/2193/1978 1812/2192/1977 1815/2195/1980
f 1817/2004/1809 1815/2195/1980 1816/1999/1804 1651/1998/1803
f 1818/2194/1979 1819/2196/1981 1816/1999/1804 1815/2195/1980
f 1818/2194/1979 1820/2197/1982 1821/2198/1983 1819/2196/1981
f 1818/2194/1979 1813/2191/1976 1822/2199/1984 1820/2197/1982
f 1422/1780/1585 1426/1784/1589 1821/2198/1983 1820/2197/1982
f 1422/1780/1585 1820/2197/1982 1822/2199/1984 1419/1779/1584
f 1810/2188/1973 1823/2200/1985 1822/2199/1984 1813/2191/1976
f 1417/1776/1581 1419/1779/1584 1822/2199/1984 1823/2200/1985
f 1810/2188/1973 1808/2186/1971 1824/2201/1986 1823/2200/1985
f 1417/1776/1581 1823/2200/1985 1824/2201/1986 1414/1773/1578
f 1411/1770/1575 1414/1773/1578 1824/2201/1986 1825/2202/1987
f 1805/2185/1970 1825/2202/1987 1824/2201/1986 1808/2186/1971
f 1411/1770/1575 1825/2202/1987 1826/2203/1988 1408/1766/1571
f 1805/2185/1970 1827/2187/1972 1826/2203/1988 1825/2202/1987
f 1771/2148/1937 1828/2149/1938 1826/2203/1988 1827/2187/1972
f 1405/1765/1570 1408/1766/1571 1826/2203/1988 1828/2149/1938
f 1405/1765/1570 1828/2149/1938 1768/2145/1934 1830/1767/1572
f 1771/2148/1937 1827/2187/1972 1806/2157/1946 1773/2150/1939
f 1642/1988/1793 1819/2196/1981 1821/2198/1983 1640/1985/1790
f 1637/1786/1591 1640/1985/1790 1821/2198/1983 1426/1784/1589
f 1642/1988/1793 1645/1990/1795 1816/1999/1804 1819/2196/1981
f 1817/2004/1809 1655/2005/1810 1661/2011/1816 1814/2193/1978
f 1811/2190/1975 1814/2193/1978 1661/2011/1816 1829/2014/1819
f 1811/2190/1975 1829/2014/1819 1783/2165/1954 1803/2164/1953
f 1767/2144/1933 1364/1718/1523 1406/1721/1526 1830/1767/1572
f 1767/2144/1933 1765/2139/1928 1361/1715/1520 1364/1718/1523
f 1761/2138/1927 1359/1713/1518 1361/1715/1520 1765/2139/1928
f 1761/2138/1927 1759/2135/1924 1357/1711/1516 1359/1713/1518
f 1751/2134/1916 1748/1712/1517 1357/1711/1516 1759/2135/1924
f 1356/2124/1513 1749/2119/1913 1831/2204/1989 1353/2205/1512
f 1746/2116/1910 1833/2206/1990 1831/2204/1989 1749/2119/1913
f 1351/2207/1509 1353/2205/1512 1831/2204/1989 1832/2208/1991
f 1834/2209/1992 1832/2208/1991 1831/2204/1989 1833/2206/1990
f 1834/2209/1992 1833/2206/1990 1835/2210/1993 1836/2211/1994
f 1746/2116/1910 1744/2117/1911 1835/2210/1993 1833/2206/1990
f 1840/2212/1995 1836/2211/1994 1835/2210/1993 1837/2213/1996
f 1838/2118/1912 1837/2213/1996 1835/2210/1993 1744/2117/1911
f 1838/2118/1912 4289/2214/1997 1839/2215/1998 1837/2213/1996
f 1840/2212/1995 1837/2213/1996 1839/2215/1998 1842/2216/1999
f 1840/2212/1995 1841/2217/2000 2146/2218/2001 1836/2211/1994
f 1840/2212/1995 1842/2216/1999 1843/2219/2002 1841/2217/2000
f 1844/2220/2003 1842/2216/1999 1839/2215/1998 1846/2221/2004
f 1844/2220/2003 1847/2222/2005 1843/2219/2002 1842/2216/1999
f 1844/2220/2003 1845/1333/1138 1025/1332/1137 1847/2222/2005
f 1844/2220/2003 1846/2221/2004 2653/2223/2006 1845/1333/1138
f 1848/2224/2007 1847/2222/2005 1025/1332/1137 1028/1334/1139
f 1848/2224/2007 1849/2225/2008 1843/2219/2002 1847/2222/2005
f 1848/2224/2007 1850/2226/2009 1851/2227/2010 1849/2225/2008
f 1848/2224/2007 1028/1334/1139 1031/1336/1141 1850/2226/2009
f 1852/2228/2011 1855/2229/2012 1851/2227/2010 1850/2226/2009
f 1852/2228/2011 1850/2226/2009 1031/1336/1141 1854/1340/1145
f 1852/2228/2011 1853/2230/2013 1856/2231/2014 1855/2229/2012
f 1852/2228/2011 1854/1340/1145 2533/2232/2015 1853/2230/2013
f 1857/2233/2016 1855/2229/2012 1856/2231/2014 1858/2234/2017
f 1857/2233/2016 1859/2235/2018 1851/2227/2010 1855/2229/2012
f 1857/2233/2016 1858/2234/2017 1862/2236/2019 1860/2237/2020
f 1857/2233/2016 1860/2237/2020 1861/2238/2021 1859/2235/2018
f 1863/2239/2022 1864/2240/2023 1861/2238/2021 1860/2237/2020
f 1863/2239/2022 1860/2237/2020 1862/2236/2019 1866/2241/2024
f 1863/2239/2022 1865/2242/2025 2141/2243/2026 1864/2240/2023
f 1863/2239/2022 1866/2241/2024 1867/2244/2027 1865/2242/2025
f 1868/2245/2028 1866/2241/2024 1862/2236/2019 1869/2246/2029
f 1868/2245/2028 1871/2247/2030 1867/2244/2027 1866/2241/2024
f 1868/2245/2028 1869/2246/2029 2625/2248/2031 1870/2249/2032
f 1868/2245/2028 1870/2249/2032 1872/2250/2033 1871/2247/2030
f 1873/2251/2034 1871/2247/2030 1872/2250/2033 1875/2252/2035
f 1873/2251/2034 1876/2253/2036 1867/2244/2027 1871/2247/2030
f 1873/2251/2034 1874/2254/2037 1877/2255/2038 1876/2253/2036
f 1873/2251/2034 1875/2252/2035 2456/2256/2039 1874/2254/2037
f 1878/2257/2040 1865/2242/2025 1867/2244/2027 1876/2253/2036
f 1878/2257/2040 1876/2253/2036 1877/2255/2038 1880/2258/2041
f 1878/2257/2040 1880/2258/2041 1882/2259/2042 1879/2260/2043
f 1878/2257/2040 1879/2260/2043 2141/2243/2026 1865/2242/2025
f 1881/2261/2044 1880/2258/2041 1877/2255/2038 2451/2262/2045
f 1881/2261/2044 1884/2263/2046 1882/2259/2042 1880/2258/2041
f 1886/2264/2047 1883/2265/2048 1882/2259/2042 1884/2263/2046
f 2142/2266/2049 1879/2260/2043 1882/2259/2042 1883/2265/2048
f 1881/2261/2044 2446/2267/2050 1885/2268/2051 1884/2263/2046
f 1886/2264/2047 1884/2263/2046 1885/2268/2051 1888/2269/2052
f 1886/2264/2047 1887/2270/2053 1907/2271/2054 1883/2265/2048
f 1886/2264/2047 1888/2269/2052 1889/2272/2055 1887/2270/2053
f 1068/1382/1187 1891/2273/2056 1889/2272/2055 1888/2269/2052
f 1068/1382/1187 1888/2269/2052 1885/2268/2051 2445/1383/1188
f 1902/2274/2057 1887/2270/2053 1889/2272/2055 1890/2275/2058
f 1893/2276/2059 1890/2275/2058 1889/2272/2055 1891/2273/2056
f 1893/2276/2059 1891/2273/2056 1892/2277/2060 1894/2278/2061
f 1068/1382/1187 2230/2279/2062 1892/2277/2060 1891/2273/2056
f 1893/2276/2059 1894/2278/2061 1897/2280/2063 1895/2281/2064
f 1893/2276/2059 1895/2281/2064 1898/2282/2065 1890/2275/2058
f 1896/2283/2066 1899/2284/2067 1898/2282/2065 1895/2281/2064
f 1896/2283/2066 1895/2281/2064 1897/2280/2063 1947/2285/2068
f 1902/2274/2057 1890/2275/2058 1898/2282/2065 1900/2286/2069
f 1901/2287/2070 1900/2286/2069 1898/2282/2065 1899/2284/2067
f 1901/2287/2070 1905/2288/2071 1903/2289/2072 1900/2286/2069
f 1902/2274/2057 1900/2286/2069 1903/2289/2072 1906/2290/2073
f 1908/2291/2074 1906/2290/2073 1903/2289/2072 1904/2292/2075
f 1918/2293/2076 1904/2292/2075 1903/2289/2072 1905/2288/2071
f 1908/2291/2074 1909/2294/2077 1907/2271/2054 1906/2290/2073
f 1902/2274/2057 1906/2290/2073 1907/2271/2054 1887/2270/2053
f 1908/2291/2074 1910/2295/2078 1911/2296/2079 1909/2294/2077
f 1908/2291/2074 1904/2292/2075 1913/2297/2080 1910/2295/2078
f 1912/2298/2081 2136/2299/2082 1911/2296/2079 1910/2295/2078
f 1912/2298/2081 1910/2295/2078 1913/2297/2080 1914/2300/2083
f 1918/2293/2076 1915/2301/2084 1913/2297/2080 1904/2292/2075
f 1916/2302/2085 1914/2300/2083 1913/2297/2080 1915/2301/2084
f 1916/2302/2085 1915/2301/2084 1917/2303/2086 2090/2304/2087
f 1918/2293/2076 1919/2305/2088 1917/2303/2086 1915/2301/2084
f 1918/2293/2076 1905/2288/2071 1921/2306/2089 1919/2305/2088
f 1920/2307/2090 2160/2308/2091 1917/2303/2086 1919/2305/2088
f 1920/2307/2090 1919/2305/2088 1921/2306/2089 1923/2309/2092
f 1901/2287/2070 1922/2310/2093 1921/2306/2089 1905/2288/2071
f 1924/2311/2094 1923/2309/2092 1921/2306/2089 1922/2310/2093
f 1924/2311/2094 1927/2312/2095 1925/2313/2096 1923/2309/2092
f 1920/2307/2090 1923/2309/2092 1925/2313/2096 1926/2314/2097
f 1929/2315/2098 1926/2314/2097 1925/2313/2096 1928/2316/2099
f 1931/2317/2100 1928/2316/2099 1925/2313/2096 1927/2312/2095
f 1929/2315/2098 1928/2316/2099 1930/2318/2101 1972/2319/2102
f 1931/2317/2100 1932/2320/2103 1930/2318/2101 1928/2316/2099
f 1931/2317/2100 1933/2321/2104 1934/2322/2105 1932/2320/2103
f 1931/2317/2100 1927/2312/2095 1935/2323/2106 1933/2321/2104
f 1936/2324/2107 1937/2325/2108 1934/2322/2105 1933/2321/2104
f 1936/2324/2107 1933/2321/2104 1935/2323/2106 1938/2326/2109
f 1936/2324/2107 1938/2326/2109 1939/2327/2110 1937/2325/2108
f 1940/2328/2111 1941/2329/2112 1939/2327/2110 1938/2326/2109
f 1940/2328/2111 1938/2326/2109 1935/2323/2106 1942/2330/2113
f 1940/2328/2111 1943/2331/2114 1944/2332/2115 1941/2329/2112
f 1940/2328/2111 1942/2330/2113 1945/2333/2116 1943/2331/2114
f 1896/2283/2066 1943/2331/2114 1945/2333/2116 1899/2284/2067
f 1896/2283/2066 1947/2285/2068 1944/2332/2115 1943/2331/2114
f 1901/2287/2070 1899/2284/2067 1945/2333/2116 1922/2310/2093
f 1924/2311/2094 1922/2310/2093 1945/2333/2116 1942/2330/2113
f 1958/2334/2117 1941/2329/2112 1944/2332/2115 1946/2335/2118
f 1948/2336/2119 1946/2335/2118 1944/2332/2115 1947/2285/2068
f 1948/2336/2119 1947/2285/2068 1897/2280/2063 1949/2337/2120
f 1948/2336/2119 1949/2337/2120 1952/2338/2121 1950/2339/2122
f 1948/2336/2119 1950/2339/2122 1953/2340/2123 1946/2335/2118
f 1951/2341/2124 1954/2342/2125 1953/2340/2123 1950/2339/2122
f 1951/2341/2124 1950/2339/2122 1952/2338/2121 2239/2343/2126
f 1956/2344/2127 1955/2345/2128 1953/2340/2123 1954/2342/2125
f 1958/2334/2117 1946/2335/2118 1953/2340/2123 1955/2345/2128
f 1956/2344/2127 2248/2346/2129 1957/2347/2130 1955/2345/2128
f 1958/2334/2117 1955/2345/2128 1957/2347/2130 1959/2348/2131
f 1958/2334/2117 1959/2348/2131 1939/2327/2110 1941/2329/2112
f 1960/2349/2132 1937/2325/2108 1939/2327/2110 1959/2348/2131
f 1960/2349/2132 1959/2348/2131 1957/2347/2130 1962/2350/2133
f 1960/2349/2132 1962/2350/2133 1964/2351/2134 1961/2352/2135
f 1960/2349/2132 1961/2352/2135 1934/2322/2105 1937/2325/2108
f 1963/2353/2136 1962/2350/2133 1957/2347/2130 2248/2346/2129
f 1963/2353/2136 1965/2354/2137 1964/2351/2134 1962/2350/2133
f 1969/2355/2138 1961/2352/2135 1964/2351/2134 1966/2356/2139
f 1967/2357/2140 1966/2356/2139 1964/2351/2134 1965/2354/2137
f 1967/2357/2140 2444/2358/2141 1968/2359/2142 1966/2356/2139
f 1969/2355/2138 1966/2356/2139 1968/2359/2142 1970/2360/2143
f 1969/2355/2138 1932/2320/2103 1934/2322/2105 1961/2352/2135
f 1969/2355/2138 1970/2360/2143 1930/2318/2101 1932/2320/2103
f 1971/2361/2144 1970/2360/2143 1968/2359/2142 1973/2362/2145
f 1971/2361/2144 1972/2319/2102 1930/2318/2101 1970/2360/2143
f 1971/2361/2144 1974/2363/2146 1975/2364/2147 1972/2319/2102
f 1971/2361/2144 1973/2362/2145 1977/2365/2148 1974/2363/2146
f 1976/2366/2149 2077/2367/2150 1975/2364/2147 1974/2363/2146
f 1976/2366/2149 1974/2363/2146 1977/2365/2148 1978/2368/2151
f 1981/2369/2152 1978/2368/2151 1977/2365/2148 1979/2370/2153
f 1980/2371/2154 1979/2370/2153 1977/2365/2148 1973/2362/2145
f 1980/2371/2154 1985/2372/2155 1982/2373/2156 1979/2370/2153
f 1981/2369/2152 1979/2370/2153 1982/2373/2156 1983/2374/2157
f 2025/2375/2158 1983/2374/2157 1982/2373/2156 1984/2376/2159
f 1987/2377/2160 1984/2376/2159 1982/2373/2156 1985/2372/2155
f 1980/2371/2154 2444/2358/2141 1986/2378/2161 1985/2372/2155
f 1987/2377/2160 1985/2372/2155 1986/2378/2161 1989/2379/2162
f 1987/2377/2160 1988/2380/2163 2023/2381/2164 1984/2376/2159
f 1987/2377/2160 1989/2379/2162 1991/2382/2165 1988/2380/2163
f 1990/2383/2166 1989/2379/2162 1986/2378/2161 2247/2384/2167
f 1990/2383/2166 1992/2385/2168 1991/2382/2165 1989/2379/2162
f 1994/2386/2169 1993/2387/2170 1991/2382/2165 1992/2385/2168
f 1995/2388/2171 1988/2380/2163 1991/2382/2165 1993/2387/2170
f 1994/2386/2169 1998/2389/2172 1996/2390/2173 1993/2387/2170
f 1995/2388/2171 1993/2387/2170 1996/2390/2173 1997/2391/2174
f 2002/2392/2175 1997/2391/2174 1996/2390/2173 1999/2393/2176
f 2000/2394/2177 1999/2393/2176 1996/2390/2173 1998/2389/2172
f 2000/2394/2177 2250/2395/2178 2001/2396/2179 1999/2393/2176
f 2002/2392/2175 1999/2393/2176 2001/2396/2179 2003/2397/2180
f 2002/2392/2175 2003/2397/2180 2007/2398/2181 2004/2399/2182
f 2002/2392/2175 2004/2399/2182 2006/2400/2183 1997/2391/2174
f 2005/2401/2184 2019/2402/2185 2006/2400/2183 2004/2399/2182
f 2005/2401/2184 2004/2399/2182 2007/2398/2181 2009/2403/2186
f 2253/2404/2187 2008/2405/2188 2007/2398/2181 2003/2397/2180
f 2010/2406/2189 2009/2403/2186 2007/2398/2181 2008/2405/2188
f 2010/2406/2189 2013/2407/2190 2011/2408/2191 2009/2403/2186
f 2005/2401/2184 2009/2403/2186 2011/2408/2191 2014/2409/2192
f 2015/2410/2193 2014/2409/2192 2011/2408/2191 2012/2411/2194
f 1345/2412/1503 2012/2411/2194 2011/2408/2191 2013/2407/2190
f 2015/2410/2193 2018/2413/2195 2016/2414/2196 2014/2409/2192
f 2005/2401/2184 2014/2409/2192 2016/2414/2196 2019/2402/2185
f 2020/2415/2197 2019/2402/2185 2016/2414/2196 2017/2416/2198
f 2121/2417/2199 2017/2416/2198 2016/2414/2196 2018/2413/2195
f 2020/2415/2197 2022/2418/2200 2006/2400/2183 2019/2402/2185
f 2020/2415/2197 2017/2416/2198 2024/2419/2201 2021/2420/2202
f 2020/2415/2197 2021/2420/2202 2023/2381/2164 2022/2418/2200
f 1995/2388/2171 2022/2418/2200 2023/2381/2164 1988/2380/2163
f 1995/2388/2171 1997/2391/2174 2006/2400/2183 2022/2418/2200
f 2025/2375/2158 1984/2376/2159 2023/2381/2164 2021/2420/2202
f 2025/2375/2158 2021/2420/2202 2024/2419/2201 2026/2421/2203
f 2025/2375/2158 2026/2421/2203 2028/2422/2204 1983/2374/2157
f 2027/2423/2205 2026/2421/2203 2024/2419/2201 2120/2424/2206
f 2027/2423/2205 2030/2425/2207 2028/2422/2204 2026/2421/2203
f 1981/2369/2152 1983/2374/2157 2028/2422/2204 2029/2426/2208
f 2032/2427/2209 2029/2426/2208 2028/2422/2204 2030/2425/2207
f 2027/2423/2205 2119/2428/2210 2031/2429/2211 2030/2425/2207
f 2032/2427/2209 2030/2425/2207 2031/2429/2211 2034/2430/2212
f 2032/2427/2209 2033/2431/2213 2075/2432/2214 2029/2426/2208
f 2032/2427/2209 2034/2430/2212 2035/2433/2215 2033/2431/2213
f 2036/2434/2216 2034/2430/2212 2031/2429/2211 2038/2435/2217
f 2036/2434/2216 2039/2436/2218 2035/2433/2215 2034/2430/2212
f 2036/2434/2216 2037/2437/2219 2041/2438/2220 2039/2436/2218
f 2036/2434/2216 2038/2435/2217 2159/2439/2221 2037/2437/2219
f 2040/2440/2222 2071/2441/2223 2035/2433/2215 2039/2436/2218
f 2040/2440/2222 2039/2436/2218 2041/2438/2220 2043/2442/2224
f 2045/2443/2225 2043/2442/2224 2041/2438/2220 2042/2444/2226
f 2158/2445/2227 2042/2444/2226 2041/2438/2220 2037/2437/2219
f 2045/2443/2225 2046/2446/2228 2044/2447/2229 2043/2442/2224
f 2040/2440/2222 2043/2442/2224 2044/2447/2229 2066/2448/2230
f 2045/2443/2225 2047/2449/2231 2048/2450/2232 2046/2446/2228
f 2045/2443/2225 2042/2444/2226 2049/2451/2233 2047/2449/2231
f 2050/2452/2234 2053/2453/2235 2048/2450/2232 2047/2449/2231
f 2050/2452/2234 2047/2449/2231 2049/2451/2233 2052/2454/2236
f 2050/2452/2234 2051/2455/2237 2054/2456/2238 2053/2453/2235
f 2050/2452/2234 2052/2454/2236 2107/2457/2239 2051/2455/2237
f 2055/2458/2240 2053/2453/2235 2054/2456/2238 2056/2459/2241
f 2055/2458/2240 2057/2460/2242 2048/2450/2232 2053/2453/2235
f 2055/2458/2240 2056/2459/2241 2059/2461/2243 2058/2462/2244
f 2055/2458/2240 2058/2462/2244 2061/2463/2245 2057/2460/2242
f 2060/2464/2246 2058/2462/2244 2059/2461/2243 2093/2465/2247
f 2060/2464/2246 2063/2466/2248 2061/2463/2245 2058/2462/2244
f 2065/2467/2249 2062/2468/2250 2061/2463/2245 2063/2466/2248
f 2161/2469/2251 2057/2460/2242 2061/2463/2245 2062/2468/2250
f 2060/2464/2246 2095/2470/2252 2064/2471/2253 2063/2466/2248
f 2065/2467/2249 2063/2466/2248 2064/2471/2253 2067/2472/2254
f 2065/2467/2249 2066/2448/2230 2044/2447/2229 2062/2468/2250
f 2065/2467/2249 2067/2472/2254 2069/2473/2255 2066/2448/2230
f 2068/2474/2256 2067/2472/2254 2064/2471/2253 2084/2475/2257
f 2068/2474/2256 2070/2476/2258 2069/2473/2255 2067/2472/2254
f 2072/2477/2259 2071/2441/2223 2069/2473/2255 2070/2476/2258
f 2040/2440/2222 2066/2448/2230 2069/2473/2255 2071/2441/2223
f 2072/2477/2259 2033/2431/2213 2035/2433/2215 2071/2441/2223
f 2072/2477/2259 2073/2478/2260 2075/2432/2214 2033/2431/2213
f 2072/2477/2259 2070/2476/2258 2074/2479/2261 2073/2478/2260
f 1976/2366/2149 2073/2478/2260 2074/2479/2261 2077/2367/2150
f 1976/2366/2149 1978/2368/2151 2075/2432/2214 2073/2478/2260
f 1981/2369/2152 2029/2426/2208 2075/2432/2214 1978/2368/2151
f 2078/2480/2262 2077/2367/2150 2074/2479/2261 2076/2481/2263
f 2068/2474/2256 2076/2481/2263 2074/2479/2261 2070/2476/2258
f 2078/2480/2262 2079/2482/2264 1975/2364/2147 2077/2367/2150
f 2078/2480/2262 2080/2483/2265 2081/2484/2266 2079/2482/2264
f 2078/2480/2262 2076/2481/2263 2083/2485/2267 2080/2483/2265
f 2082/2486/2268 2160/2308/2091 2081/2484/2266 2080/2483/2265
f 2082/2486/2268 2080/2483/2265 2083/2485/2267 2085/2487/2269
f 2068/2474/2256 2084/2475/2257 2083/2485/2267 2076/2481/2263
f 2086/2488/2270 2085/2487/2269 2083/2485/2267 2084/2475/2257
f 2086/2488/2270 2089/2489/2271 2087/2490/2272 2085/2487/2269
f 2082/2486/2268 2085/2487/2269 2087/2490/2272 2090/2304/2087
f 1916/2302/2085 2090/2304/2087 2087/2490/2272 2088/2491/2273
f 2091/2492/2274 2088/2491/2273 2087/2490/2272 2089/2489/2271
f 2082/2486/2268 2090/2304/2087 1917/2303/2086 2160/2308/2091
f 2086/2488/2270 2095/2470/2252 2092/2493/2275 2089/2489/2271
f 2091/2492/2274 2089/2489/2271 2092/2493/2275 2094/2494/2276
f 2097/2495/2277 2094/2494/2276 2092/2493/2275 2093/2465/2247
f 2060/2464/2246 2093/2465/2247 2092/2493/2275 2095/2470/2252
f 2086/2488/2270 2084/2475/2257 2064/2471/2253 2095/2470/2252
f 2091/2492/2274 2094/2494/2276 2096/2496/2278 2126/2497/2279
f 2097/2495/2277 2098/2498/2280 2096/2496/2278 2094/2494/2276
f 2097/2495/2277 2099/2499/2281 2101/2500/2282 2098/2498/2280
f 2097/2495/2277 2093/2465/2247 2059/2461/2243 2099/2499/2281
f 2100/2501/2283 2099/2499/2281 2059/2461/2243 2056/2459/2241
f 2100/2501/2283 2103/2502/2284 2101/2500/2282 2099/2499/2281
f 2111/2503/2285 2098/2498/2280 2101/2500/2282 2102/2504/2286
f 2104/2505/2287 2102/2504/2286 2101/2500/2282 2103/2502/2284
f 2100/2501/2283 2056/2459/2241 2054/2456/2238 2103/2502/2284
f 2104/2505/2287 2103/2502/2284 2054/2456/2238 2051/2455/2237
f 2104/2505/2287 2105/2506/2288 2108/2507/2289 2102/2504/2286
f 2104/2505/2287 2051/2455/2237 2107/2457/2239 2105/2506/2288
f 2106/2508/2290 2109/2509/2291 2108/2507/2289 2105/2506/2288
f 2106/2508/2290 2105/2506/2288 2107/2457/2239 2155/2510/2292
f 2113/2511/2293 2110/2512/2294 2108/2507/2289 2109/2509/2291
f 2111/2503/2285 2102/2504/2286 2108/2507/2289 2110/2512/2294
f 2111/2503/2285 2110/2512/2294 2112/2513/2295 2127/2514/2296
f 2113/2511/2293 2114/2515/2297 2112/2513/2295 2110/2512/2294
f 2113/2511/2293 2115/2516/2298 2118/2517/2299 2114/2515/2297
f 2113/2511/2293 2109/2509/2291 2117/2518/2300 2115/2516/2298
f 2116/2519/2301 2115/2516/2298 2117/2518/2300 2154/2520/2302
f 2116/2519/2301 2119/2428/2210 2118/2517/2299 2115/2516/2298
f 2027/2423/2205 2120/2424/2206 2118/2517/2299 2119/2428/2210
f 2121/2417/2199 2114/2515/2297 2118/2517/2299 2120/2424/2206
f 2121/2417/2199 2120/2424/2206 2024/2419/2201 2017/2416/2198
f 2121/2417/2199 2122/2521/2303 2112/2513/2295 2114/2515/2297
f 2121/2417/2199 2018/2413/2195 2123/2522/2304 2122/2521/2303
f 2124/2523/2305 2122/2521/2303 2123/2522/2304 2125/2524/2306
f 2124/2523/2305 2127/2514/2296 2112/2513/2295 2122/2521/2303
f 2124/2523/2305 2125/2524/2306 2128/2525/2307 2126/2497/2279
f 2124/2523/2305 2126/2497/2279 2096/2496/2278 2127/2514/2296
f 2111/2503/2285 2127/2514/2296 2096/2496/2278 2098/2498/2280
f 2091/2492/2274 2126/2497/2279 2128/2525/2307 2130/2526/2308
f 2132/2527/2309 2130/2526/2308 2128/2525/2307 2129/2528/2310
f 2153/2529/2311 2129/2528/2310 2128/2525/2307 2125/2524/2306
f 2091/2492/2274 2130/2526/2308 2131/2530/2312 2088/2491/2273
f 2132/2527/2309 2134/2531/2313 2131/2530/2312 2130/2526/2308
f 2132/2527/2309 2133/2532/2314 2135/2533/2315 2134/2531/2313
f 2132/2527/2309 2129/2528/2310 2145/2534/2316 2133/2532/2314
f 1912/2298/2081 1914/2300/2083 2131/2530/2312 2134/2531/2313
f 1912/2298/2081 2134/2531/2313 2135/2533/2315 2136/2299/2082
f 2139/2535/2317 2136/2299/2082 2135/2533/2315 2137/2536/2318
f 2138/2537/2319 2137/2536/2318 2135/2533/2315 2133/2532/2314
f 2138/2537/2319 1859/2235/2018 1861/2238/2021 2137/2536/2318
f 2139/2535/2317 2137/2536/2318 1861/2238/2021 1864/2240/2023
f 2139/2535/2317 2140/2538/2320 1911/2296/2079 2136/2299/2082
f 2139/2535/2317 1864/2240/2023 2141/2243/2026 2140/2538/2320
f 2142/2266/2049 1909/2294/2077 1911/2296/2079 2140/2538/2320
f 2142/2266/2049 2140/2538/2320 2141/2243/2026 1879/2260/2043
f 2142/2266/2049 1883/2265/2048 1907/2271/2054 1909/2294/2077
f 2138/2537/2319 1849/2225/2008 1851/2227/2010 1859/2235/2018
f 2138/2537/2319 1841/2217/2000 1843/2219/2002 1849/2225/2008
f 2138/2537/2319 2143/2539/2321 2146/2218/2001 1841/2217/2000
f 2138/2537/2319 2133/2532/2314 2145/2534/2316 2143/2539/2321
f 2144/2540/2322 2147/2541/2323 2146/2218/2001 2143/2539/2321
f 2144/2540/2322 2143/2539/2321 2145/2534/2316 2151/2542/2324
f 1834/2209/1992 1836/2211/1994 2146/2218/2001 2147/2541/2323
f 2144/2540/2322 2149/2543/2325 2148/2544/2326 2147/2541/2323
f 1834/2209/1992 2147/2541/2323 2148/2544/2326 1832/2208/1991
f 1351/2207/1509 1832/2208/1991 2148/2544/2326 1348/2545/1506
f 1345/2412/1503 1348/2545/1506 2148/2544/2326 2149/2543/2325
f 1345/2412/1503 2149/2543/2325 2150/2546/2327 2012/2411/2194
f 2144/2540/2322 2151/2542/2324 2150/2546/2327 2149/2543/2325
f 2015/2410/2193 2012/2411/2194 2150/2546/2327 2152/2547/2328
f 2153/2529/2311 2152/2547/2328 2150/2546/2327 2151/2542/2324
f 2153/2529/2311 2125/2524/2306 2123/2522/2304 2152/2547/2328
f 2015/2410/2193 2152/2547/2328 2123/2522/2304 2018/2413/2195
f 2153/2529/2311 2151/2542/2324 2145/2534/2316 2129/2528/2310
f 1916/2302/2085 2088/2491/2273 2131/2530/2312 1914/2300/2083
f 2116/2519/2301 2038/2435/2217 2031/2429/2211 2119/2428/2210
f 2106/2508/2290 2155/2510/2292 2117/2518/2300 2109/2509/2291
f 2156/2548/2329 2154/2520/2302 2117/2518/2300 2155/2510/2292
f 2156/2548/2329 2155/2510/2292 2107/2457/2239 2052/2454/2236
f 2156/2548/2329 2157/2549/2330 2159/2439/2221 2154/2520/2302
f 2156/2548/2329 2052/2454/2236 2049/2451/2233 2157/2549/2330
f 2158/2445/2227 2037/2437/2219 2159/2439/2221 2157/2549/2330
f 2158/2445/2227 2157/2549/2330 2049/2451/2233 2042/2444/2226
f 2116/2519/2301 2154/2520/2302 2159/2439/2221 2038/2435/2217
f 1920/2307/2090 1926/2314/2097 2081/2484/2266 2160/2308/2091
f 1929/2315/2098 2079/2482/2264 2081/2484/2266 1926/2314/2097
f 1929/2315/2098 1972/2319/2102 1975/2364/2147 2079/2482/2264
f 2161/2469/2251 2062/2468/2250 2044/2447/2229 2046/2446/2228
f 2161/2469/2251 2046/2446/2228 2048/2450/2232 2057/2460/2242
f 2010/2550/2189 2164/2551/2331 2162/2552/2332 2013/2553/2190
f 1345/1698/1503 2013/2553/2190 2162/2552/2332 1342/1695/1500
f 1339/1692/1497 1342/1695/1500 2162/2552/2332 2163/2554/2333
f 2165/2555/2334 2163/2554/2333 2162/2552/2332 2164/2551/2331
f 2010/2550/2189 2008/2556/2188 2166/2557/2335 2164/2551/2331
f 2165/2555/2334 2164/2551/2331 2166/2557/2335 2168/2558/2336
f 2169/2559/2337 2168/2558/2336 2166/2557/2335 2167/2560/2338
f 2253/2561/2187 2167/2560/2338 2166/2557/2335 2008/2556/2188
f 2165/2555/2334 2168/2558/2336 2170/2562/2339 2172/2563/2340
f 2169/2559/2337 2173/2564/2341 2170/2562/2339 2168/2558/2336
f 2355/2565/2342 2172/2563/2340 2170/2562/2339 2171/2566/2343
f 2174/2567/2344 2171/2566/2343 2170/2562/2339 2173/2564/2341
f 2174/2568/2344 2173/2569/2341 2175/2570/2345 2176/2571/2346
f 2169/2572/2337 2178/2573/2347 2175/2570/2345 2173/2569/2341
f 2390/2574/2348 2176/2571/2346 2175/2570/2345 2177/2575/2349
f 2180/2576/2350 2177/2575/2349 2175/2570/2345 2178/2573/2347
f 2169/2572/2337 2167/2577/2338 2179/2578/2351 2178/2573/2347
f 2180/2576/2350 2178/2573/2347 2179/2578/2351 2181/2579/2352
f 2180/2576/2350 2181/2579/2352 2183/2580/2353 2182/2581/2354
f 2180/2576/2350 2182/2581/2354 2184/2582/2355 2177/2575/2349
f 2185/2583/2356 2182/2581/2354 2183/2580/2353 2187/2584/2357
f 2185/2583/2356 2188/2585/2358 2184/2582/2355 2182/2581/2354
f 2185/2583/2356 2187/2584/2357 2210/2586/2359 2186/2587/2360
f 2185/2583/2356 2186/2587/2360 2190/2588/2361 2188/2585/2358
f 2189/2589/2362 2389/2590/2363 2184/2582/2355 2188/2585/2358
f 2189/2589/2362 2188/2585/2358 2190/2588/2361 2191/2591/2364
f 2194/2592/2365 2191/2591/2364 2190/2588/2361 2192/2593/2366
f 2193/2594/2367 2192/2593/2366 2190/2588/2361 2186/2587/2360
f 2193/2594/2367 2196/2595/2368 2195/2596/2369 2192/2593/2366
f 2194/2592/2365 2192/2593/2366 2195/2596/2369 2197/2597/2370
f 2201/2598/2371 2198/2599/2372 2195/2596/2369 2196/2595/2368
f 2199/2600/2373 2197/2597/2370 2195/2596/2369 2198/2599/2372
f 2199/2600/2373 2198/2599/2372 2200/1656/1461 2254/2601/2374
f 2201/2598/2371 1307/1653/1458 2200/1656/1461 2198/2599/2372
f 2201/2598/2371 2202/2602/2375 1304/1650/1455 1307/1653/1458
f 2201/2598/2371 2196/2595/2368 2203/2603/2376 2202/2602/2375
f 1162/1482/1287 1302/1648/1453 1304/1650/1455 2202/2602/2375
f 1162/1482/1287 2202/2602/2375 2203/2603/2376 2205/1483/1288
f 2206/2604/2377 2205/1483/1288 2203/2603/2376 2204/2605/2378
f 2193/2594/2367 2204/2605/2378 2203/2603/2376 2196/2595/2368
f 2206/2604/2377 2207/1477/1282 1158/1476/1281 2205/1483/1288
f 2206/2604/2377 2204/2605/2378 2210/2586/2359 2208/2606/2379
f 2206/2604/2377 2208/2606/2379 2211/2607/2380 2207/1477/1282
f 2209/2608/2381 2213/2609/2382 2211/2607/2380 2208/2606/2379
f 2209/2608/2381 2208/2606/2379 2210/2586/2359 2187/2584/2357
f 1154/1470/1275 2207/1477/1282 2211/2607/2380 2212/1471/1276
f 2215/2610/2383 2212/1471/1276 2211/2607/2380 2213/2609/2382
f 2209/2608/2381 2232/2611/2384 2214/2612/2385 2213/2609/2382
f 2215/2610/2383 2213/2609/2382 2214/2612/2385 2217/2613/2386
f 2215/2610/2383 2216/1465/1270 1150/1464/1269 2212/1471/1276
f 2215/2610/2383 2217/2613/2386 2218/2614/2387 2216/1465/1270
f 2219/2615/2388 2220/2616/2389 2218/2614/2387 2217/2613/2386
f 2219/2615/2388 2217/2613/2386 2214/2612/2385 2221/2617/2390
f 2219/2615/2388 2222/2618/2391 2224/2619/2392 2220/2616/2389
f 2219/2615/2388 2221/2617/2390 2223/2620/2393 2222/2618/2391
f 1073/1385/1190 2222/2618/2391 2223/2620/2393 1070/1384/1189
f 1073/1385/1190 2226/1390/1195 2224/2619/2392 2222/2618/2391
f 2227/2621/2394 2220/2616/2389 2224/2619/2392 2225/1413/1218
f 1102/1409/1214 2225/1413/1218 2224/2619/2392 2226/1390/1195
f 1102/1409/1214 2226/1390/1195 1072/1389/1194 1096/1406/1211
f 2227/2621/2394 2225/1413/1218 1103/1412/1217 2228/1453/1258
f 2227/2621/2394 2228/1453/1258 1140/1452/1257 2229/2622/2395
f 2227/2621/2394 2229/2622/2395 2218/2614/2387 2220/2616/2389
f 1149/1463/1268 2216/1465/1270 2218/2614/2387 2229/2622/2395
f 1149/1463/1268 2229/2622/2395 1140/1452/1257 1142/1454/1259
f 1139/1451/1256 2228/1453/1258 1103/1412/1217 1105/1414/1219
f 1068/1382/1187 1070/1384/1189 2223/2620/2393 2230/2279/2062
f 2231/2623/2396 2230/2279/2062 2223/2620/2393 2221/2617/2390
f 2231/2623/2396 2233/2624/2397 1892/2277/2060 2230/2279/2062
f 2231/2623/2396 2232/2611/2384 2235/2625/2398 2233/2624/2397
f 2231/2623/2396 2221/2617/2390 2214/2612/2385 2232/2611/2384
f 2234/2626/2399 1894/2278/2061 1892/2277/2060 2233/2624/2397
f 2234/2626/2399 2233/2624/2397 2235/2625/2398 2237/2627/2400
f 2238/2628/2401 2237/2627/2400 2235/2625/2398 2236/2629/2402
f 2209/2608/2381 2236/2629/2402 2235/2625/2398 2232/2611/2384
f 2238/2628/2401 2239/2343/2126 1952/2338/2121 2237/2627/2400
f 2234/2626/2399 2237/2627/2400 1952/2338/2121 1949/2337/2120
f 2238/2628/2401 2236/2629/2402 2241/2630/2403 2240/2631/2404
f 2238/2628/2401 2240/2631/2404 2242/2632/2405 2239/2343/2126
f 2000/2394/2177 2240/2631/2404 2241/2630/2403 2250/2395/2178
f 2000/2394/2177 1998/2389/2172 2242/2632/2405 2240/2631/2404
f 1994/2386/2169 2243/2633/2406 2242/2632/2405 1998/2389/2172
f 1951/2341/2124 2239/2343/2126 2242/2632/2405 2243/2633/2406
f 1951/2341/2124 2243/2633/2406 2244/2634/2407 1954/2342/2125
f 1994/2386/2169 1992/2385/2168 2244/2634/2407 2243/2633/2406
f 1956/2344/2127 1954/2342/2125 2244/2634/2407 2245/2635/2408
f 1990/2383/2166 2245/2635/2408 2244/2634/2407 1992/2385/2168
f 1990/2383/2166 2247/2384/2167 2246/2636/2409 2245/2635/2408
f 1956/2344/2127 2245/2635/2408 2246/2636/2409 2248/2346/2129
f 1967/2357/2140 1965/2354/2137 2246/2636/2409 2247/2384/2167
f 1963/2353/2136 2248/2346/2129 2246/2636/2409 1965/2354/2137
f 1967/2357/2140 2247/2384/2167 1986/2378/2161 2444/2358/2141
f 2209/2608/2381 2249/2637/2410 2241/2630/2403 2236/2629/2402
f 2251/2638/2411 2250/2395/2178 2241/2630/2403 2249/2637/2410
f 2251/2638/2411 2252/2639/2412 2001/2396/2179 2250/2395/2178
f 2251/2638/2411 2249/2637/2410 2183/2580/2353 2181/2579/2352
f 2251/2638/2411 2181/2579/2352 2179/2578/2351 2252/2639/2412
f 2253/2404/2187 2252/2639/2412 2179/2578/2351 2167/2577/2338
f 2253/2404/2187 2003/2397/2180 2001/2396/2179 2252/2639/2412
f 2209/2608/2381 2187/2584/2357 2183/2580/2353 2249/2637/2410
f 2234/2626/2399 1949/2337/2120 1897/2280/2063 1894/2278/2061
f 2193/2594/2367 2186/2587/2360 2210/2586/2359 2204/2605/2378
f 2255/1661/1466 2254/2601/2374 2200/1656/1461 1308/1655/1460
f 2199/2600/2373 2254/2601/2374 2256/2640/2413 2258/2641/2414
f 2255/1661/1466 2257/2642/2415 2256/2640/2413 2254/2601/2374
f 2261/2643/2416 2259/2644/2417 2256/2640/2413 2257/2642/2415
f 2260/2645/2418 2258/2641/2414 2256/2640/2413 2259/2644/2417
f 2260/2645/2418 2259/2644/2417 2262/2646/2419 2264/2647/2420
f 2261/2643/2416 2263/2648/2421 2262/2646/2419 2259/2644/2417
f 2268/2649/2422 2265/2650/2423 2262/2646/2419 2263/2648/2421
f 2266/2651/2424 2264/2647/2420 2262/2646/2419 2265/2650/2423
f 2266/2651/2424 2265/2650/2423 2267/2652/2425 2378/2653/2426
f 2268/2649/2422 2269/2654/2427 2267/2652/2425 2265/2650/2423
f 2268/2649/2422 2270/2655/2428 2272/2656/2429 2269/2654/2427
f 2268/2649/2422 2263/2648/2421 2273/2657/2430 2270/2655/2428
f 2271/2658/2431 2270/2655/2428 2273/2657/2430 2274/2659/2432
f 2271/2658/2431 2397/2660/2433 2272/2656/2429 2270/2655/2428
f 2276/2661/2434 2274/2659/2432 2273/2657/2430 2275/2662/2435
f 2261/2643/2416 2275/2662/2435 2273/2657/2430 2263/2648/2421
f 2261/2643/2416 2257/2642/2415 2277/2663/2436 2275/2662/2435
f 2276/2661/2434 2275/2662/2435 2277/2663/2436 2278/2664/2437
f 2255/1661/1466 1312/1662/1467 2277/2663/2436 2257/2642/2415
f 1314/1663/1468 2278/2664/2437 2277/2663/2436 1312/1662/1467
f 2276/2661/2434 2278/2664/2437 2279/2665/2438 2280/2666/2439
f 1314/1663/1468 1317/1666/1471 2279/2665/2438 2278/2664/2437
f 2282/2667/2440 2280/2666/2439 2279/2665/2438 2281/2668/2441
f 1319/1669/1474 2281/2668/2441 2279/2665/2438 1317/1666/1471
f 2282/2667/2440 2281/2668/2441 2283/2669/2442 2286/2670/2443
f 1319/1669/1474 2285/1671/1476 2283/2669/2442 2281/2668/2441
f 2288/2671/2444 2286/2670/2443 2283/2669/2442 2284/2672/2445
f 1329/1682/1487 2284/2672/2445 2283/2669/2442 2285/1671/1476
f 2282/2667/2440 2286/2670/2443 2287/2673/2446 2423/2674/2447
f 2288/2671/2444 2289/2675/2448 2287/2673/2446 2286/2670/2443
f 2288/2671/2444 2284/2672/2445 2293/2676/2449 2290/2677/2450
f 2288/2671/2444 2290/2677/2450 2292/2678/2451 2289/2675/2448
f 2291/2679/2452 2290/2677/2450 2293/2676/2449 2295/2680/2453
f 2291/2679/2452 2411/2681/2454 2292/2678/2451 2290/2677/2450
f 1329/1682/1487 2294/2682/2455 2293/2676/2449 2284/2672/2445
f 2297/2683/2456 2295/2680/2453 2293/2676/2449 2294/2682/2455
f 2291/2679/2452 2295/2680/2453 2296/2684/2457 2414/2685/2458
f 2297/2683/2456 2298/2686/2459 2296/2684/2457 2295/2680/2453
f 2297/2683/2456 2294/2682/2455 2302/2687/2460 2299/2688/2461
f 2297/2683/2456 2299/2688/2461 2301/2689/2462 2298/2686/2459
f 2300/2690/2463 2311/2691/2464 2301/2689/2462 2299/2688/2461
f 2300/2690/2463 2299/2688/2461 2302/2687/2460 2303/2692/2465
f 1333/1684/1489 2303/2692/2465 2302/2687/2460 1331/1683/1488
f 1329/1682/1487 1331/1683/1488 2302/2687/2460 2294/2682/2455
f 2300/2690/2463 2303/2692/2465 2304/2693/2466 2306/2694/2467
f 1333/1684/1489 1336/1688/1493 2304/2693/2466 2303/2692/2465
f 2307/2695/2468 2306/2694/2467 2304/2693/2466 2305/2696/2469
f 2430/1690/1495 2305/2696/2469 2304/2693/2466 1336/1688/1493
f 2300/2690/2463 2306/2694/2467 2308/2697/2470 2311/2691/2464
f 2307/2695/2468 2310/2698/2471 2308/2697/2470 2306/2694/2467
f 2312/2699/2472 2311/2691/2464 2308/2697/2470 2309/2700/2473
f 2443/2701/2474 2309/2700/2473 2308/2697/2470 2310/2698/2471
f 2312/2699/2472 2313/2702/2475 2301/2689/2462 2311/2691/2464
f 2312/2699/2472 2314/2703/2476 2315/2704/2477 2313/2702/2475
f 2312/2699/2472 2309/2700/2473 2317/2705/2478 2314/2703/2476
f 2316/2706/2479 2417/2707/2480 2315/2704/2477 2314/2703/2476
f 2316/2706/2479 2314/2703/2476 2317/2705/2478 2319/2708/2481
f 2320/2709/2482 2319/2708/2481 2317/2705/2478 2318/2710/2483
f 2443/2701/2474 2318/2710/2483 2317/2705/2478 2309/2700/2473
f 2320/2709/2482 2322/2711/2484 2321/2712/2485 2319/2708/2481
f 2316/2706/2479 2319/2708/2481 2321/2712/2485 2323/2713/2486
f 2325/2714/2487 2324/2715/2488 2321/2712/2485 2322/2711/2484
f 2326/2716/2489 2323/2713/2486 2321/2712/2485 2324/2715/2488
f 2325/2714/2487 2329/2717/2490 2327/2718/2491 2324/2715/2488
f 2326/2716/2489 2324/2715/2488 2327/2718/2491 2328/2719/2492
f 2333/2720/2493 2328/2719/2492 2327/2718/2491 2330/2721/2494
f 2331/2722/2495 2330/2721/2494 2327/2718/2491 2329/2717/2490
f 2331/2722/2495 2442/2723/2496 2332/2724/2497 2330/2721/2494
f 2333/2720/2493 2330/2721/2494 2332/2724/2497 2335/2725/2498
f 2333/2720/2493 2334/2726/2499 2421/2727/2500 2328/2719/2492
f 2333/2720/2493 2335/2725/2498 2336/2728/2501 2334/2726/2499
f 2337/2729/2502 2338/2730/2503 2336/2728/2501 2335/2725/2498
f 2337/2729/2502 2335/2725/2498 2332/2724/2497 2340/2731/2504
f 2337/2732/2502 2339/2733/2505 2405/2734/2506 2338/2735/2503
f 2337/2732/2502 2340/2736/2504 2342/2737/2507 2339/2733/2505
f 2341/2738/2508 2340/2731/2504 2332/2724/2497 2442/2723/2496
f 2341/2739/2508 2344/2740/2509 2342/2737/2507 2340/2736/2504
f 2400/2741/2510 2339/2733/2505 2342/2737/2507 2343/2742/2511
f 2345/2743/2512 2343/2742/2511 2342/2737/2507 2344/2740/2509
f 2345/2744/2512 2344/2745/2509 2346/2746/2513 2347/2747/2514
f 2341/2738/2508 2348/2748/2515 2346/2746/2513 2344/2745/2509
f 2352/2749/2516 2347/2747/2514 2346/2746/2513 2349/2750/2517
f 2350/2751/2518 2349/2750/2517 2346/2746/2513 2348/2748/2515
f 2350/2751/2518 2432/2752/2519 2351/2753/2520 2349/2750/2517
f 2352/2749/2516 2349/2750/2517 2351/2753/2520 2354/2754/2521
f 2352/2749/2516 2353/2755/2522 2427/2756/2523 2347/2747/2514
f 2352/2749/2516 2354/2754/2521 2356/2757/2524 2353/2755/2522
f 2355/2565/2342 2354/2754/2521 2351/2753/2520 2429/2758/2525
f 2355/2565/2342 2171/2566/2343 2356/2757/2524 2354/2754/2521
f 2174/2567/2344 2357/2759/2526 2356/2757/2524 2171/2566/2343
f 2359/2760/2527 2353/2755/2522 2356/2757/2524 2357/2759/2526
f 2174/2568/2344 2176/2571/2346 2358/2761/2528 2357/2762/2526
f 2359/2763/2527 2357/2762/2526 2358/2761/2528 2361/2764/2529
f 2359/2760/2527 2360/2765/2530 2427/2756/2523 2353/2755/2522
f 2359/2763/2527 2361/2764/2529 2362/2766/2531 2360/2767/2530
f 2363/2768/2532 2361/2764/2529 2358/2761/2528 2365/2769/2533
f 2363/2768/2532 2366/2770/2534 2362/2766/2531 2361/2764/2529
f 2363/2768/2532 2364/2771/2535 2368/2772/2536 2366/2770/2534
f 2363/2768/2532 2365/2769/2533 2388/2773/2537 2364/2771/2535
f 2367/2774/2538 2428/2775/2539 2362/2766/2531 2366/2770/2534
f 2367/2774/2538 2366/2770/2534 2368/2772/2536 2369/2776/2540
f 2373/2777/2541 2369/2776/2540 2368/2772/2536 2370/2778/2542
f 2372/2779/2543 2370/2778/2542 2368/2772/2536 2364/2771/2535
f 2372/2779/2543 2383/2780/2544 2371/2781/2545 2370/2778/2542
f 2373/2777/2541 2370/2778/2542 2371/2781/2545 2374/2782/2546
f 2373/2777/2541 2374/2782/2546 2375/2783/2547 2369/2776/2540
f 2376/2784/2548 2377/2785/2549 2375/2783/2547 2374/2782/2546
f 2376/2784/2548 2374/2782/2546 2371/2781/2545 2379/2786/2550
f 2376/2784/2548 2378/2653/2426 2267/2652/2425 2377/2785/2549
f 2376/2784/2548 2379/2786/2550 2380/2787/2551 2378/2653/2426
f 2381/2788/2552 2384/2789/2553 2380/2787/2551 2379/2786/2550
f 2381/2788/2552 2379/2786/2550 2371/2781/2545 2383/2780/2544
f 2381/2788/2552 2382/2790/2554 2385/2791/2555 2384/2789/2553
f 2381/2788/2552 2383/2780/2544 2386/2792/2556 2382/2790/2554
f 2260/2645/2418 2384/2789/2553 2385/2791/2555 2258/2641/2414
f 2260/2645/2418 2264/2647/2420 2380/2787/2551 2384/2789/2553
f 2194/2592/2365 2197/2597/2370 2385/2791/2555 2382/2790/2554
f 2199/2600/2373 2258/2641/2414 2385/2791/2555 2197/2597/2370
f 2372/2779/2543 2387/2793/2557 2386/2792/2556 2383/2780/2544
f 2194/2592/2365 2382/2790/2554 2386/2792/2556 2191/2591/2364
f 2189/2589/2362 2191/2591/2364 2386/2792/2556 2387/2793/2557
f 2372/2779/2543 2364/2771/2535 2388/2773/2537 2387/2793/2557
f 2189/2589/2362 2387/2793/2557 2388/2773/2537 2389/2590/2363
f 2390/2574/2348 2389/2590/2363 2388/2773/2537 2365/2769/2533
f 2390/2574/2348 2177/2575/2349 2184/2582/2355 2389/2590/2363
f 2390/2574/2348 2365/2769/2533 2358/2761/2528 2176/2571/2346
f 2266/2651/2424 2378/2653/2426 2380/2787/2551 2264/2647/2420
f 2391/2794/2558 2392/2795/2559 2375/2783/2547 2377/2785/2549
f 2391/2794/2558 2377/2785/2549 2267/2652/2425 2269/2654/2427
f 2391/2794/2558 2393/2796/2560 2394/2797/2561 2392/2795/2559
f 2391/2794/2558 2269/2654/2427 2272/2656/2429 2393/2796/2560
f 2395/2798/2562 2396/2799/2563 2394/2797/2561 2393/2796/2560
f 2395/2798/2562 2393/2796/2560 2272/2656/2429 2397/2660/2433
f 2395/2798/2562 2398/2800/2564 2399/2801/2565 2396/2799/2563
f 2395/2798/2562 2397/2660/2433 2401/2802/2566 2398/2800/2564
f 2400/2741/2510 2343/2742/2511 2399/2801/2565 2398/2800/2564
f 2400/2741/2510 2398/2800/2564 2401/2802/2566 2403/2803/2567
f 2404/2804/2568 2403/2803/2567 2401/2802/2566 2402/2805/2569
f 2271/2658/2431 2402/2805/2569 2401/2802/2566 2397/2660/2433
f 2400/2741/2510 2403/2803/2567 2405/2734/2506 2339/2733/2505
f 2404/2804/2568 2406/2806/2570 2405/2734/2506 2403/2803/2567
f 2407/2807/2571 2338/2735/2503 2405/2734/2506 2406/2806/2570
f 2404/2808/2568 2423/2674/2447 2287/2673/2446 2406/2809/2570
f 2407/2810/2571 2406/2809/2570 2287/2673/2446 2289/2675/2448
f 2407/2810/2571 2408/2811/2572 2336/2728/2501 2338/2730/2503
f 2407/2810/2571 2289/2675/2448 2292/2678/2451 2408/2811/2572
f 2409/2812/2573 2408/2811/2572 2292/2678/2451 2411/2681/2454
f 2409/2812/2573 2334/2726/2499 2336/2728/2501 2408/2811/2572
f 2409/2812/2573 2410/2813/2574 2421/2727/2500 2334/2726/2499
f 2409/2812/2573 2411/2681/2454 2412/2814/2575 2410/2813/2574
f 2291/2679/2452 2414/2685/2458 2412/2814/2575 2411/2681/2454
f 2420/2815/2576 2410/2813/2574 2412/2814/2575 2413/2816/2577
f 2415/2817/2578 2413/2816/2577 2412/2814/2575 2414/2685/2458
f 2415/2817/2578 2414/2685/2458 2296/2684/2457 2416/2818/2579
f 2415/2817/2578 2416/2818/2579 2315/2704/2477 2417/2707/2480
f 2415/2817/2578 2417/2707/2480 2418/2819/2580 2413/2816/2577
f 2316/2706/2479 2323/2713/2486 2418/2819/2580 2417/2707/2480
f 2326/2716/2489 2419/2820/2581 2418/2819/2580 2323/2713/2486
f 2420/2815/2576 2413/2816/2577 2418/2819/2580 2419/2820/2581
f 2326/2716/2489 2328/2719/2492 2421/2727/2500 2419/2820/2581
f 2420/2815/2576 2419/2820/2581 2421/2727/2500 2410/2813/2574
f 2422/2821/2582 2313/2702/2475 2315/2704/2477 2416/2818/2579
f 2422/2821/2582 2416/2818/2579 2296/2684/2457 2298/2686/2459
f 2422/2821/2582 2298/2686/2459 2301/2689/2462 2313/2702/2475
f 2404/2808/2568 2402/2822/2569 2424/2823/2583 2423/2674/2447
f 2282/2667/2440 2423/2674/2447 2424/2823/2583 2280/2666/2439
f 2276/2661/2434 2280/2666/2439 2424/2823/2583 2274/2659/2432
f 2271/2658/2431 2274/2659/2432 2424/2823/2583 2402/2822/2569
f 2426/2824/2584 2396/2799/2563 2399/2801/2565 2425/2825/2585
f 2345/2743/2512 2425/2825/2585 2399/2801/2565 2343/2742/2511
f 2426/2826/2584 2425/2827/2585 2427/2756/2523 2360/2765/2530
f 2345/2744/2512 2347/2747/2514 2427/2756/2523 2425/2827/2585
f 2426/2824/2584 2428/2775/2539 2394/2797/2561 2396/2799/2563
f 2426/2824/2584 2360/2767/2530 2362/2766/2531 2428/2775/2539
f 2367/2774/2538 2392/2795/2559 2394/2797/2561 2428/2775/2539
f 2367/2774/2538 2369/2776/2540 2375/2783/2547 2392/2795/2559
f 2355/2565/2342 2429/2758/2525 2431/2828/2586 2172/2563/2340
f 2430/1690/1495 2429/2758/2525 2351/2753/2520 2432/2752/2519
f 2430/1690/1495 1337/1691/1496 2431/2828/2586 2429/2758/2525
f 1339/1692/1497 2163/2554/2333 2431/2828/2586 1337/1691/1496
f 2165/2555/2334 2172/2563/2340 2431/2828/2586 2163/2554/2333
f 2430/1690/1495 2432/2752/2519 2433/2829/2587 2305/2696/2469
f 2350/2751/2518 2435/2830/2588 2433/2829/2587 2432/2752/2519
f 2307/2695/2468 2305/2696/2469 2433/2829/2587 2434/2831/2589
f 2437/2832/2590 2434/2831/2589 2433/2829/2587 2435/2830/2588
f 2350/2751/2518 2348/2748/2515 2436/2833/2591 2435/2830/2588
f 2437/2832/2590 2435/2830/2588 2436/2833/2591 2439/2834/2592
f 2437/2832/2590 2438/2835/2593 2441/2836/2594 2434/2831/2589
f 2437/2832/2590 2439/2834/2592 2440/2837/2595 2438/2835/2593
f 2331/2722/2495 2439/2834/2592 2436/2833/2591 2442/2723/2496
f 2331/2722/2495 2329/2717/2490 2440/2837/2595 2439/2834/2592
f 2320/2709/2482 2438/2835/2593 2440/2837/2595 2322/2711/2484
f 2325/2714/2487 2322/2711/2484 2440/2837/2595 2329/2717/2490
f 2320/2709/2482 2318/2710/2483 2441/2836/2594 2438/2835/2593
f 2307/2695/2468 2434/2831/2589 2441/2836/2594 2310/2698/2471
f 2443/2701/2474 2310/2698/2471 2441/2836/2594 2318/2710/2483
f 2341/2738/2508 2442/2723/2496 2436/2833/2591 2348/2748/2515
f 1980/2371/2154 1973/2362/2145 1968/2359/2142 2444/2358/2141
f 1924/2311/2094 1942/2330/2113 1935/2323/2106 1927/2312/2095
f 2447/2838/2596 2445/1383/1188 1885/2268/2051 2446/2267/2050
f 2447/2838/2596 2446/2267/2050 2448/2839/2597 2450/2840/2598
f 1881/2261/2044 2451/2262/2045 2448/2839/2597 2446/2267/2050
f 2452/2841/2599 2449/2842/2600 2448/2839/2597 2451/2262/2045
f 2651/2843/2601 2450/2840/2598 2448/2839/2597 2449/2842/2600
f 2452/2841/2599 2451/2262/2045 1877/2255/2038 1874/2254/2037
f 2452/2841/2599 2453/2844/2602 2455/2845/2603 2449/2842/2600
f 2452/2841/2599 1874/2254/2037 2456/2256/2039 2453/2844/2602
f 2454/2846/2604 2453/2844/2602 2456/2256/2039 2457/2847/2605
f 2454/2846/2604 2467/2848/2606 2455/2845/2603 2453/2844/2602
f 2458/2849/2607 2457/2847/2605 2456/2256/2039 1875/2252/2035
f 2454/2846/2604 2457/2847/2605 2459/2850/2608 2462/2851/2609
f 2458/2849/2607 2461/2852/2610 2459/2850/2608 2457/2847/2605
f 2463/2853/2611 2462/2851/2609 2459/2850/2608 2460/2854/2612
f 2617/2855/2613 2460/2854/2612 2459/2850/2608 2461/2852/2610
f 2463/2853/2611 2466/2856/2614 2464/2857/2615 2462/2851/2609
f 2454/2846/2604 2462/2851/2609 2464/2857/2615 2467/2848/2606
f 2468/2858/2616 2467/2848/2606 2464/2857/2615 2465/2859/2617
f 2495/2860/2618 2465/2859/2617 2464/2857/2615 2466/2856/2614
f 2468/2858/2616 2469/2861/2619 2455/2845/2603 2467/2848/2606
f 2468/2858/2616 2465/2859/2617 2472/2862/2620 2470/2863/2621
f 2468/2858/2616 2470/2863/2621 2471/2864/2622 2469/2861/2619
f 2473/2865/2623 2476/2866/2624 2471/2864/2622 2470/2863/2621
f 2473/2865/2623 2470/2863/2621 2472/2862/2620 2475/2867/2625
f 2473/2865/2623 2474/2868/2626 2478/2869/2627 2476/2866/2624
f 2473/2865/2623 2475/2867/2625 2487/2870/2628 2474/2868/2626
f 2477/2871/2629 2649/2872/2630 2471/2864/2622 2476/2866/2624
f 2477/2871/2629 2476/2866/2624 2478/2869/2627 2479/2873/2631
f 2481/2874/2632 2479/2873/2631 2478/2869/2627 2480/2875/2633
f 2483/2876/2634 2480/2875/2633 2478/2869/2627 2474/2868/2626
f 2481/2874/2632 2480/2875/2633 2482/2877/2635 2515/2878/2636
f 2483/2876/2634 2484/2879/2637 2482/2877/2635 2480/2875/2633
f 2483/2876/2634 2485/2880/2638 2486/2881/2639 2484/2879/2637
f 2483/2876/2634 2474/2868/2626 2487/2870/2628 2485/2880/2638
f 2488/2882/2640 2489/2883/2641 2486/2881/2639 2485/2880/2638
f 2488/2882/2640 2485/2880/2638 2487/2870/2628 2490/2884/2642
f 2488/2882/2640 2490/2884/2642 2491/2885/2643 2489/2883/2641
f 2492/2886/2644 2493/2887/2645 2491/2885/2643 2490/2884/2642
f 2492/2886/2644 2490/2884/2642 2487/2870/2628 2475/2867/2625
f 2492/2886/2644 2494/2888/2646 2496/2889/2647 2493/2887/2645
f 2492/2886/2644 2475/2867/2625 2472/2862/2620 2494/2888/2646
f 2495/2860/2618 2494/2888/2646 2472/2862/2620 2465/2859/2617
f 2495/2860/2618 2466/2856/2614 2496/2889/2647 2494/2888/2646
f 2463/2853/2611 2497/2890/2648 2496/2889/2647 2466/2856/2614
f 2499/2891/2649 2493/2887/2645 2496/2889/2647 2497/2890/2648
f 2463/2853/2611 2460/2854/2612 2498/2892/2650 2497/2890/2648
f 2499/2891/2649 2497/2890/2648 2498/2892/2650 2500/2893/2651
f 2499/2891/2649 2500/2893/2651 2502/2894/2652 2501/2895/2653
f 2499/2891/2649 2501/2895/2653 2491/2885/2643 2493/2887/2645
f 2503/2896/2654 2501/2895/2653 2502/2894/2652 2505/2897/2655
f 2503/2896/2654 2489/2883/2641 2491/2885/2643 2501/2895/2653
f 2503/2896/2654 2505/2897/2655 2507/2898/2656 2504/2899/2657
f 2503/2896/2654 2504/2899/2657 2486/2881/2639 2489/2883/2641
f 2506/2900/2658 2505/2897/2655 2502/2894/2652 2612/2901/2659
f 2506/2900/2658 2508/2902/2660 2507/2898/2656 2505/2897/2655
f 2512/2903/2661 2504/2899/2657 2507/2898/2656 2509/2904/2662
f 2510/2905/2663 2509/2904/2662 2507/2898/2656 2508/2902/2660
f 2510/2905/2663 2516/2906/2664 2511/2907/2665 2509/2904/2662
f 2512/2903/2661 2509/2904/2662 2511/2907/2665 2513/2908/2666
f 2512/2903/2661 2484/2879/2637 2486/2881/2639 2504/2899/2657
f 2512/2903/2661 2513/2908/2666 2482/2877/2635 2484/2879/2637
f 2514/1356/1161 2513/2908/2666 2511/2907/2665 1046/1354/1159
f 2514/1356/1161 2515/2878/2636 2482/2877/2635 2513/2908/2666
f 2514/1356/1161 1047/1357/1162 1054/1363/1168 2515/2878/2636
f 2481/2874/2632 2515/2878/2636 1054/1363/1168 1057/1366/1171
f 1044/1352/1157 1046/1354/1159 2511/2907/2665 2516/2906/2664
f 2510/2905/2663 2519/2909/2667 2517/2910/2668 2516/2906/2664
f 1044/1352/1157 2516/2906/2664 2517/2910/2668 1041/1351/1156
f 2531/1350/1155 1041/1351/1156 2517/2910/2668 2518/2911/2669
f 2521/2912/2670 2518/2911/2669 2517/2910/2668 2519/2909/2667
f 2510/2905/2663 2508/2902/2660 2520/2913/2671 2519/2909/2667
f 2521/2912/2670 2519/2909/2667 2520/2913/2671 2522/2914/2672
f 2521/2912/2670 2522/2914/2672 2524/2915/2673 2523/2916/2674
f 2521/2912/2670 2523/2916/2674 2526/2917/2675 2518/2911/2669
f 2525/2918/2676 2523/2916/2674 2524/2915/2673 2590/2919/2677
f 2525/2918/2676 2527/2920/2678 2526/2917/2675 2523/2916/2674
f 2529/2921/2679 2528/2922/2680 2526/2917/2675 2527/2920/2678
f 2531/1350/1155 2518/2911/2669 2526/2917/2675 2528/2922/2680
f 2529/2921/2679 2532/2923/2681 2530/2924/2682 2528/2922/2680
f 2531/1350/1155 2528/2922/2680 2530/2924/2682 1042/1348/1153
f 1030/1338/1143 1033/1339/1144 2530/2924/2682 2532/2923/2681
f 1035/1341/1146 1042/1348/1153 2530/2924/2682 1033/1339/1144
f 2529/2921/2679 2534/2925/2683 2533/2232/2015 2532/2923/2681
f 1030/1338/1143 2532/2923/2681 2533/2232/2015 1854/1340/1145
f 2535/2926/2684 1853/2230/2013 2533/2232/2015 2534/2925/2683
f 2529/2921/2679 2538/2927/2685 2536/2928/2686 2534/2925/2683
f 2535/2926/2684 2534/2925/2683 2536/2928/2686 2537/2929/2687
f 2540/2930/2688 2537/2929/2687 2536/2928/2686 2539/2931/2689
f 2541/2932/2690 2539/2931/2689 2536/2928/2686 2538/2927/2685
f 2540/2930/2688 2539/2931/2689 2542/2933/2691 2545/2934/2692
f 2541/2932/2690 2544/2935/2693 2542/2933/2691 2539/2931/2689
f 2547/2936/2694 2545/2934/2692 2542/2933/2691 2543/2937/2695
f 2599/2938/2696 2543/2937/2695 2542/2933/2691 2544/2935/2693
f 2540/2930/2688 2545/2934/2692 2546/2939/2697 2638/2940/2698
f 2547/2936/2694 2548/2941/2699 2546/2939/2697 2545/2934/2692
f 2547/2936/2694 2549/2942/2700 2552/2943/2701 2548/2941/2699
f 2547/2936/2694 2543/2937/2695 2551/2944/2702 2549/2942/2700
f 2550/2945/2703 2549/2942/2700 2551/2944/2702 2600/2946/2704
f 2550/2945/2703 2554/2947/2705 2552/2943/2701 2549/2942/2700
f 2641/2948/2706 2548/2941/2699 2552/2943/2701 2553/2949/2707
f 2555/2950/2708 2553/2949/2707 2552/2943/2701 2554/2947/2705
f 2550/2945/2703 2559/2951/2709 2556/2952/2710 2554/2947/2705
f 2555/2950/2708 2554/2947/2705 2556/2952/2710 2557/2953/2711
f 2645/2954/2712 2557/2953/2711 2556/2952/2710 2558/2955/2713
f 2561/2956/2714 2558/2955/2713 2556/2952/2710 2559/2951/2709
f 2550/2945/2703 2600/2946/2704 2560/2957/2715 2559/2951/2709
f 2561/2956/2714 2559/2951/2709 2560/2957/2715 2562/2958/2716
f 2561/2956/2714 2562/2958/2716 2564/2959/2717 2563/2960/2718
f 2561/2956/2714 2563/2960/2718 2566/2961/2719 2558/2955/2713
f 2565/2962/2720 2563/2960/2718 2564/2959/2717 2584/2963/2721
f 2565/2962/2720 2568/2964/2722 2566/2961/2719 2563/2960/2718
f 2645/2954/2712 2558/2955/2713 2566/2961/2719 2567/2965/2723
f 2570/2966/2724 2567/2965/2723 2566/2961/2719 2568/2964/2722
f 2565/2962/2720 2582/2967/2725 2569/2968/2726 2568/2964/2722
f 2570/2966/2724 2568/2964/2722 2569/2968/2726 2572/2969/2727
f 2570/2966/2724 2571/2970/2728 2643/2971/2729 2567/2965/2723
f 2570/2966/2724 2572/2969/2727 2573/2972/2730 2571/2970/2728
f 2574/2973/2731 2575/2974/2732 2573/2972/2730 2572/2969/2727
f 2574/2973/2731 2572/2969/2727 2569/2968/2726 2577/2975/2733
f 2574/2973/2731 2576/2976/2734 2627/2977/2735 2575/2974/2732
f 2574/2973/2731 2577/2975/2733 2578/2978/2736 2576/2976/2734
f 2579/2979/2737 2580/2980/2738 2578/2978/2736 2577/2975/2733
f 2579/2979/2737 2577/2975/2733 2569/2968/2726 2582/2967/2725
f 2579/2979/2737 2581/2981/2739 2606/2982/2740 2580/2980/2738
f 2579/2979/2737 2582/2967/2725 2583/2983/2741 2581/2981/2739
f 2565/2962/2720 2584/2963/2721 2583/2983/2741 2582/2967/2725
f 2586/2984/2742 2581/2981/2739 2583/2983/2741 2585/2985/2743
f 2587/2986/2744 2585/2985/2743 2583/2983/2741 2584/2963/2721
f 2586/2984/2742 2585/2985/2743 2588/2987/2745 2590/2919/2677
f 2587/2986/2744 2591/2988/2746 2588/2987/2745 2585/2985/2743
f 2525/2918/2676 2590/2919/2677 2588/2987/2745 2589/2989/2747
f 2593/2990/2748 2589/2989/2747 2588/2987/2745 2591/2988/2746
f 2587/2986/2744 2603/2991/2749 2592/2992/2750 2591/2988/2746
f 2593/2990/2748 2591/2988/2746 2592/2992/2750 2595/2993/2751
f 2593/2990/2748 2594/2994/2752 2604/2995/2753 2589/2989/2747
f 2593/2990/2748 2595/2993/2751 2597/2996/2754 2594/2994/2752
f 2596/2997/2755 2595/2993/2751 2592/2992/2750 2601/2998/2756
f 2596/2997/2755 2598/2999/2757 2597/2996/2754 2595/2993/2751
f 2541/2932/2690 2594/2994/2752 2597/2996/2754 2544/2935/2693
f 2599/2938/2696 2544/2935/2693 2597/2996/2754 2598/2999/2757
f 2599/2938/2696 2598/2999/2757 2551/2944/2702 2543/2937/2695
f 2596/2997/2755 2600/2946/2704 2551/2944/2702 2598/2999/2757
f 2596/2997/2755 2601/2998/2756 2560/2957/2715 2600/2946/2704
f 2602/3000/2758 2601/2998/2756 2592/2992/2750 2603/2991/2749
f 2602/3000/2758 2562/2958/2716 2560/2957/2715 2601/2998/2756
f 2602/3000/2758 2603/2991/2749 2564/2959/2717 2562/2958/2716
f 2587/2986/2744 2584/2963/2721 2564/2959/2717 2603/2991/2749
f 2541/2932/2690 2538/2927/2685 2604/2995/2753 2594/2994/2752
f 2529/2921/2679 2527/2920/2678 2604/2995/2753 2538/2927/2685
f 2525/2918/2676 2589/2989/2747 2604/2995/2753 2527/2920/2678
f 2586/2984/2742 2590/2919/2677 2524/2915/2673 2605/3001/2759
f 2586/2984/2742 2605/3001/2759 2606/2982/2740 2581/2981/2739
f 2607/3002/2760 2605/3001/2759 2524/2915/2673 2522/2914/2672
f 2607/3002/2760 2609/3003/2761 2606/2982/2740 2605/3001/2759
f 2607/3002/2760 2608/3004/2762 2611/3005/2763 2609/3003/2761
f 2607/3002/2760 2522/2914/2672 2520/2913/2671 2608/3004/2762
f 2610/3006/2764 2580/2980/2738 2606/2982/2740 2609/3003/2761
f 2610/3006/2764 2609/3003/2761 2611/3005/2763 2613/3007/2765
f 2615/3008/2766 2613/3007/2765 2611/3005/2763 2612/2901/2659
f 2506/2900/2658 2612/2901/2659 2611/3005/2763 2608/3004/2762
f 2610/3006/2764 2613/3007/2765 2614/3009/2767 2644/3010/2768
f 2615/3008/2766 2616/3011/2769 2614/3009/2767 2613/3007/2765
f 2615/3008/2766 2500/2893/2651 2498/2892/2650 2616/3011/2769
f 2615/3008/2766 2612/2901/2659 2502/2894/2652 2500/2893/2651
f 2617/2855/2613 2618/3012/2770 2614/3009/2767 2616/3011/2769
f 2617/2855/2613 2616/3011/2769 2498/2892/2650 2460/2854/2612
f 2617/2855/2613 2461/2852/2610 2620/3013/2771 2618/3012/2770
f 2619/3014/2772 2644/3010/2768 2614/3009/2767 2618/3012/2770
f 2619/3014/2772 2618/3012/2770 2620/3013/2771 2621/3015/2773
f 2623/3016/2774 2621/3015/2773 2620/3013/2771 2622/3017/2775
f 2458/2849/2607 2622/3017/2775 2620/3013/2771 2461/2852/2610
f 2458/2849/2607 1875/2252/2035 1872/2250/2033 2622/3017/2775
f 2623/3016/2774 2622/3017/2775 1872/2250/2033 1870/2249/2032
f 2623/3016/2774 2624/3018/2776 2627/2977/2735 2621/3015/2773
f 2623/3016/2774 1870/2249/2032 2625/2248/2031 2624/3018/2776
f 2626/3019/2777 2624/3018/2776 2625/2248/2031 2629/3020/2778
f 2626/3019/2777 2575/2974/2732 2627/2977/2735 2624/3018/2776
f 2619/3014/2772 2621/3015/2773 2627/2977/2735 2576/2976/2734
f 2626/3019/2777 2628/3021/2779 2573/2972/2730 2575/2974/2732
f 2626/3019/2777 2629/3020/2778 2631/3022/2780 2628/3021/2779
f 2630/3023/2781 2632/3024/2782 2631/3022/2780 2629/3020/2778
f 2630/3023/2781 2629/3020/2778 2625/2248/2031 1869/2246/2029
f 2634/3025/2783 2628/3021/2779 2631/3022/2780 2633/3026/2784
f 2636/3027/2785 2633/3026/2784 2631/3022/2780 2632/3024/2782
f 2634/3025/2783 2633/3026/2784 2635/3028/2786 2642/3029/2787
f 2636/3027/2785 2637/3030/2788 2635/3028/2786 2633/3026/2784
f 2636/3027/2785 2632/3024/2782 2639/3031/2789 2638/2940/2698
f 2636/3027/2785 2638/2940/2698 2546/2939/2697 2637/3030/2788
f 2540/2930/2688 2638/2940/2698 2639/3031/2789 2537/2929/2687
f 2535/2926/2684 2537/2929/2687 2639/3031/2789 2640/3032/2790
f 2630/3023/2781 2640/3032/2790 2639/3031/2789 2632/3024/2782
f 2630/3023/2781 1858/2234/2017 1856/2231/2014 2640/3032/2790
f 2535/2926/2684 2640/3032/2790 1856/2231/2014 1853/2230/2013
f 2641/2948/2706 2553/2949/2707 2635/3028/2786 2637/3030/2788
f 2641/2948/2706 2637/3030/2788 2546/2939/2697 2548/2941/2699
f 2555/2950/2708 2642/3029/2787 2635/3028/2786 2553/2949/2707
f 2634/3025/2783 2642/3029/2787 2643/2971/2729 2571/2970/2728
f 2555/2950/2708 2557/2953/2711 2643/2971/2729 2642/3029/2787
f 2645/2954/2712 2567/2965/2723 2643/2971/2729 2557/2953/2711
f 2634/3025/2783 2571/2970/2728 2573/2972/2730 2628/3021/2779
f 2630/3023/2781 1869/2246/2029 1862/2236/2019 1858/2234/2017
f 2619/3014/2772 2576/2976/2734 2578/2978/2736 2644/3010/2768
f 2610/3006/2764 2644/3010/2768 2578/2978/2736 2580/2980/2738
f 2506/2900/2658 2608/3004/2762 2520/2913/2671 2508/2902/2660
f 2481/2874/2632 1057/1366/1171 2646/1368/1173 2479/2873/2631
f 2477/2871/2629 2479/2873/2631 2646/1368/1173 2647/3033/2791
f 1063/1375/1180 2647/3033/2791 2646/1368/1173 1056/1367/1172
f 1063/1375/1180 2650/1377/1182 2648/3034/2792 2647/3033/2791
f 2477/2871/2629 2647/3033/2791 2648/3034/2792 2649/2872/2630
f 2651/2843/2601 2649/2872/2630 2648/3034/2792 2450/2840/2598
f 2447/2838/2596 2450/2840/2598 2648/3034/2792 2650/1377/1182
f 2447/2838/2596 2650/1377/1182 1064/1376/1181 2445/1383/1188
f 2651/2843/2601 2469/2861/2619 2471/2864/2622 2649/2872/2630
f 2651/2843/2601 2449/2842/2600 2455/2845/2603 2469/2861/2619
f 2652/3035/2793 1846/2221/2004 1839/2215/1998 4289/2214/1997
f 2652/3035/2793 2655/3036/2794 2653/2223/2006 1846/2221/2004
f 1026/1330/1135 1845/1333/1138 2653/2223/2006 2654/3037/2795
f 2656/3038/2796 2654/3037/2795 2653/2223/2006 2655/3036/2794
f 2656/3038/2796 2655/3036/2794 2657/2106/1900 2658/3039/2797
f 2652/3035/2793 1733/2104/1898 2657/2106/1900 2655/3036/2794
f 1722/2082/1881 2658/3039/2797 2657/2106/1900 1734/2085/1884
f 1722/2082/1881 1718/2081/1880 2659/3040/2798 2658/3039/2797
f 2656/3038/2796 2658/3039/2797 2659/3040/2798 2660/3041/2799
f 2661/2070/1872 2660/3041/2799 2659/3040/2798 1710/2071/1873
f 1712/2072/1874 1710/2071/1873 2659/3040/2798 1718/2081/1880
f 2656/3038/2796 2660/3041/2799 2662/3042/2800 2654/3037/2795
f 2661/2070/1872 2663/3043/2801 2662/3042/2800 2660/3041/2799
f 1026/1330/1135 2654/3037/2795 2662/3042/2800 1023/1329/1134
f 1021/1327/1132 1023/1329/1134 2662/3042/2800 2663/3043/2801
f 2661/2070/1872 1709/2069/1871 2664/3044/2802 2663/3043/2801
f 1021/1327/1132 2663/3043/2801 2664/3044/2802 2665/1328/1133
f 1703/2063/1865 1700/2062/1864 2664/3044/2802 1709/2069/1871
f 2666/2061/1863 2665/1328/1133 2664/3044/2802 1700/2062/1864
f 2666/2061/1863 2667/3045/2803 1020/1326/1131 2665/1328/1133
f 2666/2061/1863 1701/2058/1860 2669/3046/2804 2667/3045/2803
f 2668/3047/2805 1018/1322/1127 1020/1326/1131 2667/3045/2803
f 2668/3047/2805 2667/3045/2803 2669/3046/2804 2671/3048/2806
f 2673/3049/2807 2671/3048/2806 2669/3046/2804 2670/3050/2808
f 1698/2057/1859 2670/3050/2808 2669/3046/2804 1701/2058/1860
f 2668/3047/2805 2671/3048/2806 2672/3051/2809 4228/3052/2810
f 2673/3049/2807 2674/3053/2811 2672/3051/2809 2671/3048/2806
f 2673/3049/2807 2675/3054/2812 2677/3055/2813 2674/3053/2811
f 2673/3049/2807 2670/3050/2808 2678/3056/2814 2675/3054/2812
f 2676/3057/2815 2675/3054/2812 2678/3056/2814 2679/3058/2816
f 2676/3057/2815 4231/3059/2817 2677/3055/2813 2675/3054/2812
f 1698/2057/1859 1696/2056/1858 2678/3056/2814 2670/3050/2808
f 2681/2055/1857 2679/3058/2816 2678/3056/2814 1696/2056/1858
f 2676/3057/2815 2679/3058/2816 2680/3060/2818 2690/3061/2819
f 2681/2055/1857 2682/3062/2820 2680/3060/2818 2679/3058/2816
f 2681/2055/1857 1695/2052/1854 2683/3063/2821 2682/3062/2820
f 2684/3064/2822 2682/3062/2820 2683/3063/2821 2686/3065/2823
f 2684/3064/2822 2687/3066/2824 2680/3060/2818 2682/3062/2820
f 2684/3064/2822 2685/3067/2825 2688/3068/2826 2687/3066/2824
f 2684/3064/2822 2686/3065/2823 4288/3069/2827 2685/3067/2825
f 2689/3070/2828 2687/3066/2824 2688/3068/2826 2692/3071/2829
f 2689/3070/2828 2690/3061/2819 2680/3060/2818 2687/3066/2824
f 2689/3070/2828 2691/3072/2830 4232/3073/2831 2690/3061/2819
f 2689/3070/2828 2692/3071/2829 2694/3074/2832 2691/3072/2830
f 2693/3075/2833 2696/3076/2834 2694/3074/2832 2692/3071/2829
f 2693/3075/2833 2692/3071/2829 2688/3068/2826 4244/3077/2835
f 2775/3078/2836 2691/3072/2830 2694/3074/2832 2695/3079/2837
f 2698/3080/2838 2695/3079/2837 2694/3074/2832 2696/3076/2834
f 2693/3081/2833 4240/3082/2839 2697/3083/2840 2696/3084/2834
f 2698/3085/2838 2696/3084/2834 2697/3083/2840 2700/3086/2841
f 2698/3080/2838 2699/3087/2842 2773/3088/2843 2695/3079/2837
f 2698/3085/2838 2700/3086/2841 2701/3089/2844 2699/3090/2842
f 2702/3091/2845 2703/3092/2846 2701/3089/2844 2700/3086/2841
f 2702/3091/2845 2700/3086/2841 2697/3083/2840 2704/3093/2847
f 2702/3091/2845 2705/3094/2848 2707/3095/2849 2703/3092/2846
f 2702/3091/2845 2704/3093/2847 2706/3096/2850 2705/3094/2848
f 1201/1532/1337 2705/3094/2848 2706/3096/2850 1203/1535/1340
f 1201/1532/1337 1199/1533/1338 2707/3095/2849 2705/3094/2848
f 2710/1534/1339 2708/3097/2851 2707/3095/2849 1199/1533/1338
f 2709/3098/2852 2703/3092/2846 2707/3095/2849 2708/3097/2851
f 2709/3098/2852 2708/3097/2851 2711/3099/2853 2712/3100/2854
f 2710/1534/1339 2714/3101/2855 2711/3099/2853 2708/3097/2851
f 2760/3102/2856 2712/3100/2854 2711/3099/2853 2713/3103/2857
f 2715/3104/2858 2713/3103/2857 2711/3099/2853 2714/3101/2855
f 2715/3104/2858 2714/3101/2855 2716/1528/1333 2717/3105/2859
f 2710/1534/1339 1195/1526/1331 2716/1528/1333 2714/3101/2855
f 2719/1522/1327 2717/3105/2859 2716/1528/1333 1191/1521/1326
f 2719/1522/1327 2720/3106/2860 2718/3107/2861 2717/3105/2859
f 2715/3104/2858 2717/3105/2859 2718/3107/2861 2758/3108/2862
f 2719/1522/1327 1187/1515/1320 2721/1514/1319 2720/3106/2860
f 2722/3109/2863 2720/3106/2860 2721/1514/1319 2725/3110/2864
f 2722/3109/2863 2724/3111/2865 2718/3107/2861 2720/3106/2860
f 2722/3109/2863 2723/3112/2866 2741/3113/2867 2724/3111/2865
f 2722/3109/2863 2725/3110/2864 2727/3114/2868 2723/3112/2866
f 2726/3115/2869 2725/3110/2864 2721/1514/1319 1186/1512/1317
f 2726/3115/2869 2728/3116/2870 2727/3114/2868 2725/3110/2864
f 2730/3117/2871 2729/3118/2872 2727/3114/2868 2728/3116/2870
f 2731/3119/2873 2723/3112/2866 2727/3114/2868 2729/3118/2872
f 2730/3117/2871 2734/3120/2874 2732/3121/2875 2729/3118/2872
f 2731/3119/2873 2729/3118/2872 2732/3121/2875 2735/3122/2876
f 2736/3123/2877 2735/3122/2876 2732/3121/2875 2733/3124/2878
f 4234/1475/1280 2733/3124/2878 2732/3121/2875 2734/3120/2874
f 2736/3123/2877 2739/3125/2879 2737/3126/2880 2735/3122/2876
f 2731/3119/2873 2735/3122/2876 2737/3126/2880 2740/3127/2881
f 2742/3128/2882 2740/3127/2881 2737/3126/2880 2738/3129/2883
f 4153/3130/2884 2738/3129/2883 2737/3126/2880 2739/3125/2879
f 2742/3128/2882 2743/3131/2885 2741/3113/2867 2740/3127/2881
f 2731/3119/2873 2740/3127/2881 2741/3113/2867 2723/3112/2866
f 2742/3128/2882 2738/3129/2883 2745/3132/2886 2744/3133/2887
f 2742/3128/2882 2744/3133/2887 2747/3134/2888 2743/3131/2885
f 2746/3135/2889 2744/3133/2887 2745/3132/2886 4154/3136/2890
f 2746/3135/2889 2748/3137/2891 2747/3134/2888 2744/3133/2887
f 2750/3138/2892 2743/3131/2885 2747/3134/2888 2749/3139/2893
f 2751/3140/2894 2749/3139/2893 2747/3134/2888 2748/3137/2891
f 2750/3138/2892 2749/3139/2893 2752/3141/2895 2755/3142/2896
f 2751/3140/2894 2753/3143/2897 2752/3141/2895 2749/3139/2893
f 2802/3144/2898 2754/3145/2899 2752/3141/2895 2753/3143/2897
f 2756/3146/2900 2755/3142/2896 2752/3141/2895 2754/3145/2899
f 2750/3138/2892 2755/3142/2896 2757/3147/2901 2758/3108/2862
f 2756/3146/2900 2759/3148/2902 2757/3147/2901 2755/3142/2896
f 2715/3104/2858 2758/3108/2862 2757/3147/2901 2713/3103/2857
f 2760/3102/2856 2713/3103/2857 2757/3147/2901 2759/3148/2902
f 2760/3102/2856 2759/3148/2902 2761/3149/2903 2764/3150/2904
f 2756/3146/2900 2762/3151/2905 2761/3149/2903 2759/3148/2902
f 4214/3152/2906 2763/3153/2907 2761/3149/2903 2762/3151/2905
f 2765/3154/2908 2764/3150/2904 2761/3149/2903 2763/3153/2907
f 2765/3154/2908 2767/3155/2909 2766/3156/2910 2764/3150/2904
f 2760/3102/2856 2764/3150/2904 2766/3156/2910 2712/3100/2854
f 2709/3098/2852 2712/3100/2854 2766/3156/2910 2768/3157/2911
f 2769/3158/2912 2768/3157/2911 2766/3156/2910 2767/3155/2909
f 2769/3158/2912 2699/3090/2842 2701/3089/2844 2768/3157/2911
f 2709/3098/2852 2768/3157/2911 2701/3089/2844 2703/3092/2846
f 2769/3159/2912 2770/3160/2913 2773/3088/2843 2699/3087/2842
f 2769/3159/2912 2767/3161/2909 2771/3162/2914 2770/3160/2913
f 2772/3163/2915 2770/3160/2913 2771/3162/2914 2783/3164/2916
f 2772/3163/2915 2774/3165/2917 2773/3088/2843 2770/3160/2913
f 2775/3078/2836 2695/3079/2837 2773/3088/2843 2774/3165/2917
f 2772/3163/2915 2779/3166/2918 2776/3167/2919 2774/3165/2917
f 2775/3078/2836 2774/3165/2917 2776/3167/2919 2777/3168/2920
f 4230/3169/2921 2777/3168/2920 2776/3167/2919 2778/3170/2922
f 2780/3171/2923 2778/3170/2922 2776/3167/2919 2779/3166/2918
f 2780/3171/2923 2779/3166/2918 2781/3172/2924 2782/3173/2925
f 2772/3163/2915 2783/3164/2916 2781/3172/2924 2779/3166/2918
f 2785/1283/1088 2782/3173/2925 2781/3172/2924 2784/3174/2926
f 2787/3175/2927 2784/3174/2926 2781/3172/2924 2783/3164/2916
f 2785/1283/1088 2784/3174/2926 2786/1276/1081 982/1275/1080
f 2787/3175/2927 2789/3176/2928 2786/1276/1081 2784/3174/2926
f 2787/3175/2927 2783/3164/2916 2771/3162/2914 2788/3177/2929
f 2787/3175/2927 2788/3177/2929 2790/3178/2930 2789/3176/2928
f 2791/3179/2931 2789/3176/2928 2790/3178/2930 2792/3180/2932
f 2791/3179/2931 981/1273/1078 2786/1276/1081 2789/3176/2928
f 2791/3179/2931 2792/3180/2932 2795/3181/2933 2793/3182/2934
f 2791/3179/2931 2793/3182/2934 978/1270/1075 981/1273/1078
f 2794/3183/2935 976/1268/1073 978/1270/1075 2793/3182/2934
f 2794/3183/2935 2793/3182/2934 2795/3181/2933 2797/3184/2936
f 4214/3185/2906 2796/3186/2937 2795/3181/2933 2792/3180/2932
f 2799/3187/2938 2797/3184/2936 2795/3181/2933 2796/3186/2937
f 2794/3183/2935 2797/3184/2936 2798/3188/2939 2826/3189/2940
f 2799/3187/2938 2800/3190/2941 2798/3188/2939 2797/3184/2936
f 2799/3191/2938 2801/3192/2942 2803/3193/2943 2800/3194/2941
f 2799/3191/2938 2796/3195/2937 2804/3196/2944 2801/3192/2942
f 2802/3144/2898 2801/3192/2942 2804/3196/2944 2754/3145/2899
f 2802/3144/2898 2806/3197/2945 2803/3193/2943 2801/3192/2942
f 2756/3146/2900 2754/3145/2899 2804/3196/2944 2762/3151/2905
f 4214/3152/2906 2762/3151/2905 2804/3196/2944 2796/3195/2937
f 2808/3198/2946 2805/3199/2947 2803/3193/2943 2806/3197/2945
f 2827/3200/2948 2800/3194/2941 2803/3193/2943 2805/3199/2947
f 2802/3144/2898 2753/3143/2897 2807/3201/2949 2806/3197/2945
f 2808/3198/2946 2806/3197/2945 2807/3201/2949 2809/3202/2950
f 2808/3198/2946 2809/3202/2950 2811/3203/2951 2810/3204/2952
f 2808/3198/2946 2810/3204/2952 2813/3205/2953 2805/3199/2947
f 2812/3206/2954 2810/3204/2952 2811/3203/2951 4173/3207/2955
f 2812/3206/2954 2815/3208/2956 2813/3205/2953 2810/3204/2952
f 2827/3200/2948 2805/3199/2947 2813/3205/2953 2814/3209/2957
f 2817/3210/2958 2814/3209/2957 2813/3205/2953 2815/3208/2956
f 2812/3206/2954 4175/3211/2959 2816/3212/2960 2815/3208/2956
f 2817/3210/2958 2815/3208/2956 2816/3212/2960 2818/3213/2961
f 2817/3214/2958 2818/3215/2961 2821/1241/1046 2819/3216/2962
f 2817/3214/2958 2819/3216/2962 2820/3217/2963 2814/3218/2957
f 961/1248/1053 2823/1251/1056 2820/3217/2963 2819/3216/2962
f 961/1248/1053 2819/3216/2962 2821/1241/1046 954/1240/1045
f 2828/3219/2964 953/1239/1044 2821/1241/1046 2818/3215/2961
f 2824/3220/2965 2822/3221/2966 2820/3217/2963 2823/1251/1056
f 2827/3222/2948 2814/3218/2957 2820/3217/2963 2822/3221/2966
f 2824/3220/2965 2823/1251/1056 960/1250/1055 2825/1257/1062
f 2824/3220/2965 2825/1257/1062 974/1267/1072 2826/3189/2940
f 2824/3220/2965 2826/3189/2940 2798/3188/2939 2822/3221/2966
f 2794/3183/2935 2826/3189/2940 974/1267/1072 976/1268/1073
f 2827/3222/2948 2822/3221/2966 2798/3188/2939 2800/3190/2941
f 2828/3223/2964 2818/3213/2961 2816/3212/2960 2829/3224/2967
f 2828/3223/2964 2829/3224/2967 2832/3225/2968 2830/3226/2969
f 2828/3219/2964 2830/3227/2969 951/1235/1040 953/1239/1044
f 2831/3228/2970 947/1232/1037 951/1235/1040 2830/3227/2969
f 2831/3229/2970 2830/3226/2969 2832/3225/2968 2833/3230/2971
f 2835/3231/2972 2834/3232/2973 2832/3225/2968 2829/3224/2967
f 2837/3233/2974 2833/3230/2971 2832/3225/2968 2834/3232/2973
f 2835/3231/2972 4174/3234/2975 2836/3235/2976 2834/3232/2973
f 2837/3233/2974 2834/3232/2973 2836/3235/2976 2838/3236/2977
f 2837/3233/2974 2838/3236/2977 2840/3237/2978 2839/3238/2979
f 2837/3233/2974 2839/3238/2979 2841/3239/2980 2833/3230/2971
f 2842/3240/2981 2839/3238/2979 2840/3237/2978 2843/3241/2982
f 2842/3240/2981 2845/3242/2983 2841/3239/2980 2839/3238/2979
f 2842/3240/2981 2843/3241/2982 2862/3243/2984 2844/3244/2985
f 2842/3240/2981 2844/3244/2985 2847/3245/2986 2845/3242/2983
f 2846/3246/2987 4213/3247/2988 2841/3239/2980 2845/3242/2983
f 2846/3246/2987 2845/3242/2983 2847/3245/2986 2849/3248/2989
f 2850/3249/2990 2849/3248/2989 2847/3245/2986 2848/3250/2991
f 2858/3251/2992 2848/3250/2991 2847/3245/2986 2844/3244/2985
f 2850/3249/2990 2852/1210/1019 2851/1228/1034 2849/3248/2989
f 2846/3246/2987 2849/3248/2989 2851/1228/1034 943/1227/1033
f 931/1209/1018 938/1217/1026 2851/1228/1034 2852/1210/1019
f 2850/3249/2990 2853/3252/2993 930/1208/1017 2852/1210/1019
f 2850/3249/2990 2848/3250/2991 2855/3253/2994 2853/3252/2993
f 2854/1203/1012 923/1202/1011 930/1208/1017 2853/3252/2993
f 2854/1203/1012 2853/3252/2993 2855/3253/2994 2856/1126/935
f 852/1121/930 2856/1126/935 2855/3253/2994 2857/3254/2995
f 2858/3251/2992 2857/3254/2995 2855/3253/2994 2848/3250/2991
f 2858/3251/2992 2861/3255/2996 2859/3256/2997 2857/3254/2995
f 852/1121/930 2857/3254/2995 2859/3256/2997 848/1119/928
f 2863/3257/2998 2860/3258/2999 2859/3256/2997 2861/3255/2996
f 845/1115/924 848/1119/928 2859/3256/2997 2860/3258/2999
f 2858/3251/2992 2844/3244/2985 2862/3243/2984 2861/3255/2996
f 2863/3257/2998 2861/3255/2996 2862/3243/2984 2865/3259/3000
f 2863/3257/2998 2864/3260/3001 2901/3261/3002 2860/3258/2999
f 2863/3257/2998 2865/3259/3000 2866/3262/3003 2864/3260/3001
f 2867/3263/3004 2868/3264/3005 2866/3262/3003 2865/3259/3000
f 2867/3263/3004 2865/3259/3000 2862/3243/2984 2843/3241/2982
f 2867/3263/3004 2869/3265/3006 2870/3266/3007 2868/3264/3005
f 2867/3263/3004 2843/3241/2982 2840/3237/2978 2869/3265/3006
f 2871/3267/3008 2872/3268/3009 2870/3266/3007 2869/3265/3006
f 2871/3267/3008 2869/3265/3006 2840/3237/2978 2838/3236/2977
f 2871/3267/3008 2873/3269/3010 2875/3270/3011 2872/3268/3009
f 2871/3267/3008 2838/3236/2977 2836/3235/2976 2873/3269/3010
f 2874/3271/3012 2873/3269/3010 2836/3235/2976 4174/3234/2975
f 2874/3271/3012 2876/3272/3013 2875/3270/3011 2873/3269/3010
f 2878/3273/3014 2877/3274/3015 2875/3270/3011 2876/3272/3013
f 2879/3275/3016 2872/3268/3009 2875/3270/3011 2877/3274/3015
f 2878/3273/3014 2881/3276/3017 2880/3277/3018 2877/3274/3015
f 2879/3275/3016 2877/3274/3015 2880/3277/3018 2883/3278/3019
f 4181/3279/3020 2882/3280/3021 2880/3277/3018 2881/3276/3017
f 2884/3281/3022 2883/3278/3019 2880/3277/3018 2882/3280/3021
f 2884/3281/3022 2886/3282/3023 2885/3283/3024 2883/3278/3019
f 2879/3275/3016 2883/3278/3019 2885/3283/3024 2887/3284/3025
f 2889/3285/3026 2888/3286/3027 2885/3283/3024 2886/3282/3023
f 2890/3287/3028 2887/3284/3025 2885/3283/3024 2888/3286/3027
f 2889/3285/3026 2892/3288/3029 2891/3289/3030 2888/3286/3027
f 2890/3287/3028 2888/3286/3027 2891/3289/3030 2893/3290/3031
f 2896/3291/3032 2894/3292/3033 2891/3289/3030 2892/3288/3029
f 2895/3293/3034 2893/3290/3031 2891/3289/3030 2894/3292/3033
f 2895/3293/3034 2894/3292/3033 2897/3294/3035 2900/3295/3036
f 2896/3291/3032 2899/3296/3037 2897/3294/3035 2894/3292/3033
f 2902/3297/3038 2900/3295/3036 2897/3294/3035 2898/3298/3039
f 4211/3299/3040 2898/3298/3039 2897/3294/3035 2899/3296/3037
f 2902/3297/3038 2903/3300/3041 2901/3261/3002 2900/3295/3036
f 2895/3293/3034 2900/3295/3036 2901/3261/3002 2864/3260/3001
f 2902/3297/3038 2904/3301/3042 2905/3302/3043 2903/3300/3041
f 2902/3297/3038 2898/3298/3039 2907/3303/3044 2904/3301/3042
f 2906/3304/3045 2917/3305/3046 2905/3302/3043 2904/3301/3042
f 2906/3304/3045 2904/3301/3042 2907/3303/3044 2909/3306/3047
f 2910/3307/3048 2909/3306/3047 2907/3303/3044 2908/3308/3049
f 4211/3299/3040 2908/3308/3049 2907/3303/3044 2898/3298/3039
f 2910/3307/3048 2913/3309/3050 2911/3310/3051 2909/3306/3047
f 2906/3304/3045 2909/3306/3047 2911/3310/3051 2914/3311/3052
f 2915/3312/3053 2914/3311/3052 2911/3310/3051 2912/3313/3054
f 4212/3314/3055 2912/3313/3054 2911/3310/3051 2913/3309/3050
f 2915/3312/3053 832/1101/910 2916/1104/913 2914/3311/3052
f 2906/3304/3045 2914/3311/3052 2916/1104/913 2917/3305/3046
f 839/1111/920 2917/3305/3046 2916/1104/913 833/1103/912
f 839/1111/920 842/1113/922 2905/3302/3043 2917/3305/3046
f 2915/3312/3053 2912/3313/3054 2919/3315/3056 2918/3316/3057
f 2915/3312/3053 2918/3316/3057 829/1098/907 832/1101/910
f 2920/3317/3058 827/1096/905 829/1098/907 2918/3316/3057
f 2920/3317/3058 2918/3316/3057 2919/3315/3056 2922/3318/3059
f 2920/3317/3058 2921/3319/3060 825/1095/904 827/1096/905
f 2920/3317/3058 2922/3318/3059 2923/3320/3061 2921/3319/3060
f 2924/3321/3062 2926/3322/3063 2923/3320/3061 2922/3318/3059
f 2924/3321/3062 2922/3318/3059 2919/3315/3056 2925/3323/3064
f 2924/3321/3062 2925/3323/3064 2930/3324/3065 2927/3325/3066
f 2924/3321/3062 2927/3325/3066 2928/3326/3067 2926/3322/3063
f 2929/3327/3068 3222/3328/3069 2928/3326/3067 2927/3325/3066
f 2929/3327/3068 2927/3325/3066 2930/3324/3065 2932/3329/3070
f 2934/3330/3071 2932/3329/3070 2930/3324/3065 2931/3331/3072
f 4212/3314/3055 2931/3331/3072 2930/3324/3065 2925/3323/3064
f 2929/3327/3068 2932/3329/3070 2933/3332/3073 3219/3333/3074
f 2934/3330/3071 2935/3334/3075 2933/3332/3073 2932/3329/3070
f 2934/3330/3071 2936/3335/3076 2937/3336/3077 2935/3334/3075
f 2934/3330/3071 2931/3331/3072 2939/3337/3078 2936/3335/3076
f 2938/3338/3079 4065/3339/3080 2937/3336/3077 2936/3335/3076
f 2938/3338/3079 2936/3335/3076 2939/3337/3078 2940/3340/3081
f 2910/3307/3048 2940/3340/3081 2939/3337/3078 2913/3309/3050
f 4212/3314/3055 2913/3309/3050 2939/3337/3078 2931/3331/3072
f 2910/3307/3048 2908/3308/3049 2941/3341/3082 2940/3340/3081
f 2938/3338/3079 2940/3340/3081 2941/3341/3082 2943/3342/3083
f 2945/3343/3084 2943/3342/3083 2941/3341/3082 2942/3344/3085
f 4211/3299/3040 2942/3344/3085 2941/3341/3082 2908/3308/3049
f 2945/3343/3084 2947/3345/3086 2944/3346/3087 2943/3342/3083
f 2938/3338/3079 2943/3342/3083 2944/3346/3087 4065/3339/3080
f 2945/3343/3084 2942/3344/3085 4208/3347/3088 2946/3348/3089
f 2945/3343/3084 2946/3348/3089 2949/3349/3090 2947/3345/3086
f 2948/3350/3091 2947/3345/3086 2949/3349/3090 2950/3351/3092
f 2948/3350/3091 4064/3352/3093 2944/3346/3087 2947/3345/3086
f 2953/3353/3094 2950/3351/3092 2949/3349/3090 2951/3354/3095
f 2952/3355/3096 2951/3354/3095 2949/3349/3090 2946/3348/3089
f 2952/3355/3096 2955/3356/3097 2954/3357/3098 2951/3354/3095
f 2953/3353/3094 2951/3354/3095 2954/3357/3098 2957/3358/3099
f 4202/3359/3100 2956/3360/3101 2954/3357/3098 2955/3356/3097
f 2958/3361/3102 2957/3358/3099 2954/3357/3098 2956/3360/3101
f 2953/3353/3094 2957/3358/3099 2959/3362/3103 2961/3363/3104
f 2958/3361/3102 2962/3364/3105 2959/3362/3103 2957/3358/3099
f 4083/3365/3106 2961/3363/3104 2959/3362/3103 2960/3366/3107
f 2963/3367/3108 2960/3366/3107 2959/3362/3103 2962/3364/3105
f 2958/3361/3102 2966/3368/3109 2964/3369/3110 2962/3364/3105
f 2963/3367/3108 2962/3364/3105 2964/3369/3110 2965/3370/3111
f 2969/3371/3112 2965/3370/3111 2964/3369/3110 2967/3372/3113
f 2968/3373/3114 2967/3372/3113 2964/3369/3110 2966/3368/3109
f 2968/3373/3114 2972/3374/3115 2970/3375/3116 2967/3372/3113
f 2969/3371/3112 2967/3372/3113 2970/3375/3116 2973/3376/3117
f 2975/3377/3118 2973/3376/3117 2970/3375/3116 2971/3378/3119
f 4209/3379/3120 2971/3378/3119 2970/3375/3116 2972/3374/3115
f 2975/3377/3118 2976/3380/3121 2974/3381/3122 2973/3376/3117
f 2969/3371/3112 2973/3376/3117 2974/3381/3122 4124/3382/3123
f 2975/3377/3118 2977/3383/3124 2978/3384/3125 2976/3380/3121
f 2975/3377/3118 2971/3378/3119 2980/3385/3126 2977/3383/3124
f 2979/3386/3127 2991/3387/3128 2978/3384/3125 2977/3383/3124
f 2979/3386/3127 2977/3383/3124 2980/3385/3126 2982/3388/3129
f 2983/3389/3130 2982/3388/3129 2980/3385/3126 2981/3390/3131
f 4209/3379/3120 2981/3390/3131 2980/3385/3126 2971/3378/3119
f 2983/3389/3130 2986/3391/3132 2984/3392/3133 2982/3388/3129
f 2979/3386/3127 2982/3388/3129 2984/3392/3133 2987/3393/3134
f 2989/1436/1241 2987/3393/3134 2984/3392/3133 2985/3394/3135
f 4126/3395/3136 2985/3394/3135 2984/3392/3133 2986/3391/3132
f 2989/1436/1241 1125/1433/1238 2988/3396/3137 2987/3393/3134
f 2979/3386/3127 2987/3393/3134 2988/3396/3137 2991/3387/3128
f 2989/1436/1241 2985/3394/3135 4129/3397/3138 1126/1437/1242
f 2992/3398/3139 2991/3387/3128 2988/3396/3137 2990/3399/3140
f 1123/1432/1237 2990/3399/3140 2988/3396/3137 1125/1433/1238
f 2992/3398/3139 2993/3400/3141 2978/3384/3125 2991/3387/3128
f 2992/3398/3139 2990/3399/3140 2995/3401/3142 2994/3402/3143
f 2992/3398/3139 2994/3402/3143 2997/3403/3144 2993/3400/3141
f 2996/1260/1065 2994/3402/3143 2995/3401/3142 967/1259/1064
f 2996/1260/1065 2998/3404/3145 2997/3403/3144 2994/3402/3143
f 3000/3405/3146 2993/3400/3141 2997/3403/3144 2999/3406/3147
f 3001/3407/3148 2999/3406/3147 2997/3403/3144 2998/3404/3145
f 3000/3405/3146 2999/3406/3147 3002/3408/3149 3004/3409/3150
f 3001/3407/3148 3003/3410/3151 3002/3408/3149 2999/3406/3147
f 3007/3411/3152 3005/3412/3153 3002/3408/3149 3003/3410/3151
f 3006/3413/3154 3004/3409/3150 3002/3408/3149 3005/3412/3153
f 3006/3413/3154 3005/3412/3153 3008/3414/3155 3009/3415/3156
f 3007/3411/3152 3010/3416/3157 3008/3414/3155 3005/3412/3153
f 3013/3417/3158 3009/3415/3156 3008/3414/3155 3011/3418/3159
f 3012/3419/3160 3011/3418/3159 3008/3414/3155 3010/3416/3157
f 3012/3419/3160 3016/3420/3161 3014/3421/3162 3011/3418/3159
f 3013/3417/3158 3011/3418/3159 3014/3421/3162 3017/3422/3163
f 3019/3423/3164 3017/3422/3163 3014/3421/3162 3015/3424/3165
f 3035/3425/3166 3015/3424/3165 3014/3421/3162 3016/3420/3161
f 3013/3417/3158 3017/3422/3163 3018/3426/3167 4122/3427/3168
f 3019/3423/3164 3020/3428/3169 3018/3426/3167 3017/3422/3163
f 3019/3423/3164 3021/3429/3170 3022/3430/3171 3020/3428/3169
f 3019/3423/3164 3015/3424/3165 3024/3431/3172 3021/3429/3170
f 3023/3432/3173 4079/3433/3174 3022/3430/3171 3021/3429/3170
f 3023/3432/3173 3021/3429/3170 3024/3431/3172 3026/3434/3175
f 3028/3435/3176 3026/3434/3175 3024/3431/3172 3025/3436/3177
f 3035/3425/3166 3025/3436/3177 3024/3431/3172 3015/3424/3165
f 3023/3432/3173 3026/3434/3175 3027/3437/3178 4078/3438/3179
f 3028/3435/3176 3029/3439/3180 3027/3437/3178 3026/3434/3175
f 3028/3435/3176 3030/3440/3181 3032/3441/3182 3029/3439/3180
f 3028/3435/3176 3025/3436/3177 3033/3442/3183 3030/3440/3181
f 3031/3443/1023 3030/3440/3181 3033/3442/3183 933/3444/1022
f 3031/3443/1023 3046/3445/3184 3032/3441/3182 3030/3440/3181
f 935/3446/1021 933/3444/1022 3033/3442/3183 3034/3447/3185
f 3035/3425/3166 3034/3447/3185 3033/3442/3183 3025/3436/3177
f 935/3446/1021 3034/3447/3185 3036/3448/3186 937/3449/1024
f 3035/3425/3166 3016/3420/3161 3036/3448/3186 3034/3447/3185
f 3012/3419/3160 3037/3450/3187 3036/3448/3186 3016/3420/3161
f 940/1221/1027 937/3449/1024 3036/3448/3186 3037/3450/3187
f 940/1221/1027 3037/3450/3187 3038/3451/3188 3040/1222/1030
f 3012/3419/3160 3010/3416/3157 3038/3451/3188 3037/3450/3187
f 3007/3411/3152 3039/3452/3189 3038/3451/3188 3010/3416/3157
f 3041/3453/3190 3040/1222/1030 3038/3451/3188 3039/3452/3189
f 3041/3453/3190 948/1233/1038 941/1223/1031 3040/1222/1030
f 3041/3453/3190 3042/1244/1049 950/1236/1041 948/1233/1038
f 3041/3453/3190 3039/3452/3189 3043/3454/3191 3042/1244/1049
f 956/1243/1048 3042/1244/1049 3043/3454/3191 3044/3455/3192
f 3001/3407/3148 3044/3455/3192 3043/3454/3191 3003/3410/3151
f 3007/3411/3152 3003/3410/3151 3043/3454/3191 3039/3452/3189
f 956/1243/1048 3044/3455/3192 3045/1252/1057 958/1245/1050
f 3001/3407/3148 2998/3404/3145 3045/1252/1057 3044/3455/3192
f 2996/1260/1065 963/1253/1058 3045/1252/1057 2998/3404/3145
f 3048/3456/3193 3029/3439/3180 3032/3441/3182 3047/3457/3194
f 3049/3458/3195 3047/3457/3194 3032/3441/3182 3046/3445/3184
f 3048/3456/3193 3047/3457/3194 3050/3459/3196 3053/3460/3197
f 3049/3458/3195 3052/3461/3198 3050/3459/3196 3047/3457/3194
f 3055/3462/3199 3053/3460/3197 3050/3459/3196 3051/3463/3200
f 4119/3464/3201 3051/3463/3200 3050/3459/3196 3052/3461/3198
f 3055/3462/3199 3056/3465/3202 3054/3466/3203 3053/3460/3197
f 3048/3456/3193 3053/3460/3197 3054/3466/3203 4077/3467/3204
f 3055/3462/3199 3057/3468/3205 3058/3469/3206 3056/3465/3202
f 3055/3462/3199 3051/3463/3200 3059/3470/3207 3057/3468/3205
f 3060/3471/3208 3061/3472/3209 3058/3469/3206 3057/3468/3205
f 3060/3471/3208 3057/3468/3205 3059/3470/3207 3063/3473/3210
f 3060/3471/3208 3062/3474/3211 3203/3475/3212 3061/3472/3209
f 3060/3471/3208 3063/3473/3210 3065/3476/3213 3062/3474/3211
f 3064/3477/3214 3063/3473/3210 3059/3470/3207 4121/3478/3215
f 3064/3477/3214 3067/3479/3216 3065/3476/3213 3063/3473/3210
f 3200/3480/3217 3062/3474/3211 3065/3476/3213 3066/3481/3218
f 3068/3482/3219 3066/3481/3218 3065/3476/3213 3067/3479/3216
f 3068/3483/3219 3067/3484/3216 3069/3485/3220 3070/3486/3221
f 3064/3487/3214 3071/3488/3222 3069/3485/3220 3067/3484/3216
f 3073/3489/3223 3070/3486/3221 3069/3485/3220 3072/3490/3224
f 3075/3491/3225 3072/3490/3224 3069/3485/3220 3071/3488/3222
f 3073/3489/3223 3072/3490/3224 3074/3492/3226 3163/3493/3227
f 3075/3491/3225 3077/3494/3228 3074/3492/3226 3072/3490/3224
f 3075/3491/3225 3071/3488/3222 4120/3495/3229 3076/3496/3230
f 3075/3491/3225 3076/3496/3230 3078/3497/3231 3077/3494/3228
f 3079/3498/3232 3077/3494/3228 3078/3497/3231 3080/3499/3233
f 3079/3498/3232 3081/3500/3234 3074/3492/3226 3077/3494/3228
f 3079/3498/3232 3080/3499/3233 3083/3501/3235 3082/3502/3236
f 3079/3498/3232 3082/3502/3236 3085/3503/3237 3081/3500/3234
f 3084/3504/3238 3082/3502/3236 3083/3501/3235 4094/3505/3239
f 3084/3504/3238 3087/3506/3240 3085/3503/3237 3082/3502/3236
f 3166/3507/3241 3081/3500/3234 3085/3503/3237 3086/3508/3242
f 3088/3509/3243 3086/3508/3242 3085/3503/3237 3087/3506/3240
f 3088/3509/3243 3087/3506/3240 3089/3510/3244 3090/3511/3245
f 3084/3504/3238 3091/3512/3246 3089/3510/3244 3087/3506/3240
f 3093/3513/3247 3090/3511/3245 3089/3510/3244 3092/3514/3248
f 3094/3515/3249 3092/3514/3248 3089/3510/3244 3091/3512/3246
f 3093/3513/3247 3092/3514/3248 3095/3516/3250 3097/3517/3251
f 3094/3515/3249 3098/1171/980 3095/3516/3250 3092/3514/3248
f 3100/3518/3252 3097/3517/3251 3095/3516/3250 3096/1167/976
f 891/1166/975 3096/1167/976 3095/3516/3250 3098/1171/980
f 3094/3515/3249 902/1176/985 896/1172/981 3098/1171/980
f 3093/3513/3247 3097/3517/3251 3099/3519/3253 3182/3520/3254
f 3100/3518/3252 3102/3521/3255 3099/3519/3253 3097/3517/3251
f 3100/3518/3252 3101/3522/3256 3104/3523/3257 3102/3521/3255
f 3100/3518/3252 3096/1167/976 892/1163/972 3101/3522/3256
f 3103/3524/3258 3102/3521/3255 3104/3523/3257 3106/3525/3259
f 3103/3524/3258 3115/3526/3260 3099/3519/3253 3102/3521/3255
f 3107/3527/3261 3106/3525/3259 3104/3523/3257 3105/3528/3262
f 4092/3529/3263 3105/3528/3262 3104/3523/3257 3101/3522/3256
f 3103/3524/3258 3106/3525/3259 3108/3530/3264 3111/3531/3265
f 3107/3527/3261 3109/3532/3266 3108/3530/3264 3106/3525/3259
f 796/1060/869 3110/1061/870 3108/3530/3264 3109/3532/3266
f 3112/3533/3267 3111/3531/3265 3108/3530/3264 3110/1061/870
f 3112/3533/3267 3116/3534/3268 3113/3535/3269 3111/3531/3265
f 3103/3524/3258 3111/3531/3265 3113/3535/3269 3115/3526/3260
f 3181/3536/3270 3115/3526/3260 3113/3535/3269 3114/3537/3271
f 3118/3538/3272 3114/3537/3271 3113/3535/3269 3116/3534/3268
f 3112/3533/3267 4086/1054/863 3117/3539/3273 3116/3534/3268
f 3118/3538/3272 3116/3534/3268 3117/3539/3273 3120/3540/3274
f 3118/3538/3272 3119/3541/3275 3174/3542/3276 3114/3537/3271
f 3118/3538/3272 3120/3540/3274 3121/3543/3277 3119/3541/3275
f 3122/3544/3278 3123/3545/3279 3121/3543/3277 3120/3540/3274
f 3122/3544/3278 3120/3540/3274 3117/3539/3273 3125/3546/3280
f 3122/3544/3278 3124/3547/3281 3128/3548/3282 3123/3545/3279
f 3122/3544/3278 3125/3546/3280 3126/1045/854 3124/3547/3281
f 792/1051/860 785/1046/855 3126/1045/854 3125/3546/3280
f 792/1051/860 3125/3546/3280 3117/3539/3273 4086/1054/863
f 3127/3549/3283 3124/3547/3281 3126/1045/854 784/1044/853
f 3127/3549/3283 3130/3550/3284 3128/3548/3282 3124/3547/3281
f 3180/3551/3285 3123/3545/3279 3128/3548/3282 3129/3552/3286
f 3132/3553/3287 3129/3552/3286 3128/3548/3282 3130/3550/3284
f 3127/3549/3283 4085/1036/845 3131/3554/3288 3130/3550/3284
f 3132/3553/3287 3130/3550/3284 3131/3554/3288 3133/3555/3289
f 3132/3553/3287 3133/3555/3289 3136/3556/3290 3134/3557/3291
f 3132/3553/3287 3134/3557/3291 3137/3558/3292 3129/3552/3286
f 3135/3559/3293 3139/3560/3294 3137/3558/3292 3134/3557/3291
f 3135/3559/3293 3134/3557/3291 3136/3556/3290 3308/3561/3295
f 3180/3551/3285 3129/3552/3286 3137/3558/3292 3138/3562/3296
f 3140/3563/3297 3138/3562/3296 3137/3558/3292 3139/3560/3294
f 3135/3559/3293 3143/3564/3298 3141/3565/3299 3139/3560/3294
f 3140/3563/3297 3139/3560/3294 3141/3565/3299 3142/3566/3300
f 3147/3567/3301 3142/3566/3300 3141/3565/3299 3144/3568/3302
f 3146/3569/3303 3144/3568/3302 3141/3565/3299 3143/3564/3298
f 3146/3569/3303 3304/3570/3304 3145/3571/3305 3144/3568/3302
f 3147/3567/3301 3144/3568/3302 3145/3571/3305 3148/3572/3306
f 3147/3567/3301 3148/3572/3306 3151/3573/3307 3149/3574/3308
f 3147/3567/3301 3149/3574/3308 3152/3575/3309 3142/3566/3300
f 3150/3576/3310 3154/3577/3311 3152/3575/3309 3149/3574/3308
f 3150/3576/3310 3149/3574/3308 3151/3573/3307 3188/3578/3312
f 3140/3563/3297 3142/3566/3300 3152/3575/3309 3153/3579/3313
f 3155/3580/3314 3153/3579/3313 3152/3575/3309 3154/3577/3311
f 3155/3580/3314 3154/3577/3311 3156/3581/3315 3157/3582/3316
f 3150/3576/3310 3158/3583/3317 3156/3581/3315 3154/3577/3311
f 3161/3584/3318 3157/3582/3316 3156/3581/3315 3159/3585/3319
f 3160/3586/3320 3159/3585/3319 3156/3581/3315 3158/3583/3317
f 3160/3586/3320 3164/3587/3321 3162/3588/3322 3159/3585/3319
f 3161/3584/3318 3159/3585/3319 3162/3588/3322 3165/3589/3323
f 3073/3489/3223 3163/3493/3227 3162/3588/3322 3164/3587/3321
f 3166/3507/3241 3165/3589/3323 3162/3588/3322 3163/3493/3227
f 3166/3507/3241 3086/3508/3242 3167/3590/3324 3165/3589/3323
f 3161/3584/3318 3165/3589/3323 3167/3590/3324 3168/3591/3325
f 3171/3592/3326 3168/3591/3325 3167/3590/3324 3169/3593/3327
f 3088/3509/3243 3169/3593/3327 3167/3590/3324 3086/3508/3242
f 3088/3509/3243 3090/3511/3245 3170/3594/3328 3169/3593/3327
f 3171/3592/3326 3169/3593/3327 3170/3594/3328 3172/3595/3329
f 3171/3592/3326 3172/3595/3329 3174/3542/3276 3173/3596/3330
f 3171/3592/3326 3173/3596/3330 3176/3597/3331 3168/3591/3325
f 3175/3598/3332 3173/3596/3330 3174/3542/3276 3119/3541/3275
f 3175/3598/3332 3177/3599/3333 3176/3597/3331 3173/3596/3330
f 3155/3580/3314 3157/3582/3316 3176/3597/3331 3177/3599/3333
f 3161/3584/3318 3168/3591/3325 3176/3597/3331 3157/3582/3316
f 3175/3598/3332 3179/3600/3334 3178/3601/3335 3177/3599/3333
f 3155/3580/3314 3177/3599/3333 3178/3601/3335 3153/3579/3313
f 3180/3551/3285 3138/3562/3296 3178/3601/3335 3179/3600/3334
f 3140/3563/3297 3153/3579/3313 3178/3601/3335 3138/3562/3296
f 3175/3598/3332 3119/3541/3275 3121/3543/3277 3179/3600/3334
f 3180/3551/3285 3179/3600/3334 3121/3543/3277 3123/3545/3279
f 3181/3536/3270 3114/3537/3271 3174/3542/3276 3172/3595/3329
f 3181/3536/3270 3172/3595/3329 3170/3594/3328 3182/3520/3254
f 3181/3536/3270 3182/3520/3254 3099/3519/3253 3115/3526/3260
f 3093/3513/3247 3182/3520/3254 3170/3594/3328 3090/3511/3245
f 3166/3507/3241 3163/3493/3227 3074/3492/3226 3081/3500/3234
f 3160/3586/3320 3185/3602/3336 3183/3603/3337 3164/3587/3321
f 3073/3489/3223 3164/3587/3321 3183/3603/3337 3070/3486/3221
f 3186/3604/3338 3184/3605/3339 3183/3603/3337 3185/3602/3336
f 3068/3483/3219 3070/3486/3221 3183/3603/3337 3184/3605/3339
f 3160/3586/3320 3158/3583/3317 3187/3606/3340 3185/3602/3336
f 3186/3604/3338 3185/3602/3336 3187/3606/3340 3189/3607/3341
f 3150/3576/3310 3188/3578/3312 3187/3606/3340 3158/3583/3317
f 3190/3608/3342 3189/3607/3341 3187/3606/3340 3188/3578/3312
f 3190/3609/3342 3192/3610/3343 3191/3611/3344 3189/3612/3341
f 3186/3613/3338 3189/3612/3341 3191/3611/3344 3194/3614/3345
f 3278/3615/3346 3193/3616/3347 3191/3611/3344 3192/3610/3343
f 3196/3617/3348 3194/3614/3345 3191/3611/3344 3193/3616/3347
f 3196/3617/3348 3198/3618/3349 3195/3619/3350 3194/3614/3345
f 3186/3613/3338 3194/3614/3345 3195/3619/3350 3184/3620/3339
f 3196/3617/3348 3197/3621/3351 3199/3622/3352 3198/3618/3349
f 3196/3617/3348 3193/3616/3347 3281/3623/3353 3197/3621/3351
f 3200/3480/3217 3198/3618/3349 3199/3622/3352 3201/3624/3354
f 3200/3480/3217 3066/3481/3218 3195/3619/3350 3198/3618/3349
f 3200/3480/3217 3201/3624/3354 3203/3475/3212 3062/3474/3211
f 3202/3625/3355 3204/3626/3356 3203/3475/3212 3201/3624/3354
f 3202/3625/3355 3201/3624/3354 3199/3622/3352 3293/3627/3357
f 3205/3628/3358 3061/3472/3209 3203/3475/3212 3204/3626/3356
f 3202/3625/3355 3207/3629/3359 3206/3630/3360 3204/3626/3356
f 3205/3628/3358 3204/3626/3356 3206/3630/3360 3208/3631/3361
f 3210/3632/3362 3209/3633/3363 3206/3630/3360 3207/3629/3359
f 3211/3634/3364 3208/3631/3361 3206/3630/3360 3209/3633/3363
f 3210/3632/3362 3213/3635/3365 3212/3636/3366 3209/3633/3363
f 3211/3634/3364 3209/3633/3363 3212/3636/3366 3215/3637/3367
f 4053/3638/3368 3214/3639/3369 3212/3636/3366 3213/3635/3365
f 3217/3640/3370 3215/3637/3367 3212/3636/3366 3214/3639/3369
f 3217/3640/3370 3218/3641/3371 3216/3642/3372 3215/3637/3367
f 3211/3634/3364 3215/3637/3367 3216/3642/3372 4076/3643/3373
f 3217/3640/3370 3219/3333/3074 2933/3332/3073 3218/3641/3371
f 3217/3640/3370 3214/3639/3369 3220/3644/3374 3219/3333/3074
f 2929/3327/3068 3219/3333/3074 3220/3644/3374 3222/3328/3069
f 3223/3645/3375 3222/3328/3069 3220/3644/3374 3221/3646/3376
f 4053/3638/3368 3221/3646/3376 3220/3644/3374 3214/3639/3369
f 3223/3645/3375 3224/3647/3377 2928/3326/3067 3222/3328/3069
f 3223/3645/3375 3221/3646/3376 3228/3648/3378 3225/3649/3379
f 3223/3645/3375 3225/3649/3379 3227/3650/3380 3224/3647/3377
f 3226/3651/3381 3423/3652/3382 3227/3650/3380 3225/3649/3379
f 3226/3651/3381 3225/3649/3379 3228/3648/3378 3230/3653/3383
f 4053/3638/3368 3229/3654/3384 3228/3648/3378 3221/3646/3376
f 3231/3655/3385 3230/3653/3383 3228/3648/3378 3229/3654/3384
f 3231/3655/3385 3233/3656/3386 3232/3657/3387 3230/3653/3383
f 3226/3651/3381 3230/3653/3383 3232/3657/3387 3234/3658/3388
f 3237/3659/3389 3235/3660/3390 3232/3657/3387 3233/3656/3386
f 3236/3661/3391 3234/3658/3388 3232/3657/3387 3235/3660/3390
f 3236/3661/3391 3235/3660/3390 3238/3662/3392 3239/3663/3393
f 3237/3659/3389 3241/3664/3394 3238/3662/3392 3235/3660/3390
f 3428/3665/3395 3239/3663/3393 3238/3662/3392 3240/3666/3396
f 3242/3667/3397 3240/3666/3396 3238/3662/3392 3241/3664/3394
f 3237/3659/3389 3245/3668/3398 3243/3669/3399 3241/3664/3394
f 3242/3667/3397 3241/3664/3394 3243/3669/3399 3244/3670/3400
f 3247/3671/3401 3244/3670/3400 3243/3669/3399 3246/3672/3402
f 3248/3673/3403 3246/3672/3402 3243/3669/3399 3245/3668/3398
f 3247/3671/3401 3246/3672/3402 3249/3674/3404 3252/3675/3405
f 3248/3673/3403 3251/3676/3406 3249/3674/3404 3246/3672/3402
f 3253/3677/3407 3252/3675/3405 3249/3674/3404 3250/3678/3408
f 3280/3679/3409 3250/3678/3408 3249/3674/3404 3251/3676/3406
f 3247/3671/3401 3252/3675/3405 3254/3680/3410 3256/3681/3411
f 3253/3677/3407 3257/3682/3412 3254/3680/3410 3252/3675/3405
f 3367/3683/3413 3256/3681/3411 3254/3680/3410 3255/3684/3414
f 3258/3685/3415 3255/3684/3414 3254/3680/3410 3257/3682/3412
f 3258/3685/3415 3257/3682/3412 3259/3686/3416 3262/3687/3417
f 3253/3677/3407 3260/3688/3418 3259/3686/3416 3257/3682/3412
f 3276/3689/3419 3261/3690/3420 3259/3686/3416 3260/3688/3418
f 3264/3691/3421 3262/3687/3417 3259/3686/3416 3261/3690/3420
f 3258/3685/3415 3262/3687/3417 3263/3692/3422 3361/3693/3423
f 3264/3691/3421 3265/3694/3424 3263/3692/3422 3262/3687/3417
f 3264/3691/3421 3266/3695/3425 3268/3696/3426 3265/3694/3424
f 3264/3691/3421 3261/3690/3420 3269/3697/3427 3266/3695/3425
f 3267/3698/3428 3266/3695/3425 3269/3697/3427 3271/3699/3429
f 3267/3698/3428 3294/3700/3430 3268/3696/3426 3266/3695/3425
f 3276/3689/3419 3270/3701/3431 3269/3697/3427 3261/3690/3420
f 3272/3702/3432 3271/3699/3429 3269/3697/3427 3270/3701/3431
f 3267/3703/3428 3271/3704/3429 3145/3571/3305 3304/3570/3304
f 3272/3705/3432 3148/3572/3306 3145/3571/3305 3271/3704/3429
f 3272/3705/3432 3273/3706/3433 3151/3573/3307 3148/3572/3306
f 3272/3702/3432 3270/3701/3431 3274/3707/3434 3273/3708/3433
f 3190/3608/3342 3188/3578/3312 3151/3573/3307 3273/3706/3433
f 3190/3609/3342 3273/3708/3433 3274/3707/3434 3192/3610/3343
f 3278/3615/3346 3192/3610/3343 3274/3707/3434 3275/3709/3435
f 3276/3689/3419 3275/3709/3435 3274/3707/3434 3270/3701/3431
f 3276/3689/3419 3260/3688/3418 3277/3710/3436 3275/3709/3435
f 3278/3615/3346 3275/3709/3435 3277/3710/3436 3279/3711/3437
f 3278/3615/3346 3279/3711/3437 3281/3623/3353 3193/3616/3347
f 3280/3679/3409 3282/3712/3438 3281/3623/3353 3279/3711/3437
f 3280/3679/3409 3279/3711/3437 3277/3710/3436 3250/3678/3408
f 3283/3713/3439 3197/3621/3351 3281/3623/3353 3282/3712/3438
f 3280/3679/3409 3251/3676/3406 3284/3714/3440 3282/3712/3438
f 3283/3713/3439 3282/3712/3438 3284/3714/3440 3286/3715/3441
f 3248/3673/3403 3285/3716/3442 3284/3714/3440 3251/3676/3406
f 3288/3717/3443 3286/3715/3441 3284/3714/3440 3285/3716/3442
f 3288/3717/3443 3290/3718/3444 3287/3719/3445 3286/3715/3441
f 3283/3713/3439 3286/3715/3441 3287/3719/3445 3293/3627/3357
f 3288/3717/3443 3289/3720/3446 3291/3721/3447 3290/3718/3444
f 3288/3717/3443 3285/3716/3442 3292/3722/3448 3289/3720/3446
f 3210/3632/3362 3290/3718/3444 3291/3721/3447 3213/3635/3365
f 3210/3632/3362 3207/3629/3359 3287/3719/3445 3290/3718/3444
f 3231/3655/3385 3229/3654/3384 3291/3721/3447 3289/3720/3446
f 4053/3638/3368 3213/3635/3365 3291/3721/3447 3229/3654/3384
f 3231/3655/3385 3289/3720/3446 3292/3722/3448 3233/3656/3386
f 3248/3673/3403 3245/3668/3398 3292/3722/3448 3285/3716/3442
f 3237/3659/3389 3233/3656/3386 3292/3722/3448 3245/3668/3398
f 3202/3625/3355 3293/3627/3357 3287/3719/3445 3207/3629/3359
f 3283/3713/3439 3293/3627/3357 3199/3622/3352 3197/3621/3351
f 3253/3677/3407 3250/3678/3408 3277/3710/3436 3260/3688/3418
f 3298/3723/3449 3295/3724/3450 3268/3696/3426 3294/3700/3430
f 3297/3725/3451 3265/3694/3424 3268/3696/3426 3295/3724/3450
f 3298/3723/3449 3299/3726/3452 3296/3727/3453 3295/3724/3450
f 3297/3725/3451 3295/3724/3450 3296/3727/3453 3356/3728/3454
f 3298/3729/3449 3300/3730/3455 3302/3731/3456 3299/3732/3452
f 3298/3729/3449 3294/3733/3430 3303/3734/3457 3300/3730/3455
f 3301/3735/3458 3300/3730/3455 3303/3734/3457 3305/3736/3459
f 3301/3735/3458 4048/3737/3460 3302/3731/3456 3300/3730/3455
f 3146/3569/3303 3305/3736/3459 3303/3734/3457 3304/3570/3304
f 3267/3703/3428 3304/3570/3304 3303/3734/3457 3294/3733/3430
f 3301/3735/3458 3305/3736/3459 3306/3738/3461 3307/3739/3462
f 3146/3569/3303 3143/3564/3298 3306/3738/3461 3305/3736/3459
f 3309/3740/3463 3307/3739/3462 3306/3738/3461 3308/3561/3295
f 3135/3559/3293 3308/3561/3295 3306/3738/3461 3143/3564/3298
f 3309/3740/3463 3308/3561/3295 3136/3556/3290 3311/3741/3464
f 3309/3740/3463 3310/3742/3465 4049/3743/3466 3307/3739/3462
f 3309/3740/3463 3311/3741/3464 3312/3744/3467 3310/3742/3465
f 3313/3745/3468 3315/1024/833 3312/3744/3467 3311/3741/3464
f 3313/3745/3468 3311/3741/3464 3136/3556/3290 3133/3555/3289
f 3313/3745/3468 3314/1032/841 769/1025/834 3315/1024/833
f 3313/3745/3468 3133/3555/3289 3131/3554/3288 3314/1032/841
f 770/1023/832 3316/3746/3469 3312/3744/3467 3315/1024/833
f 774/1030/839 3314/1032/841 3131/3554/3288 4085/1036/845
f 3317/3747/3470 3310/3742/3465 3312/3744/3467 3316/3746/3469
f 3317/3747/3470 3316/3746/3469 3318/1018/827 3319/3748/3471
f 770/1023/832 762/1016/825 3318/1018/827 3316/3746/3469
f 3320/937/751 3319/3748/3471 3318/1018/827 763/1015/824
f 3320/937/751 694/933/747 3321/932/746 3319/3748/3471
f 3317/3747/3470 3319/3748/3471 3321/932/746 3322/3749/3472
f 3324/3750/3473 3322/3749/3472 3321/932/746 693/930/744
f 3324/3750/3473 3325/3751/3474 3323/3752/3475 3322/3749/3472
f 3317/3747/3470 3322/3749/3472 3323/3752/3475 4047/3753/3476
f 3324/3750/3473 693/930/744 691/928/742 3326/3754/3477
f 3324/3750/3473 3326/3754/3477 3328/3755/3478 3325/3751/3474
f 3327/3756/3479 3330/3757/3480 3328/3755/3478 3326/3754/3477
f 3327/3756/3479 3326/3754/3477 691/928/742 689/927/741
f 4050/3758/3481 3325/3751/3474 3328/3755/3478 3329/3759/3482
f 3331/3760/3483 3329/3759/3482 3328/3755/3478 3330/3757/3480
f 3331/3761/3483 3330/3762/3480 3332/559/377 3333/3763/3484
f 3327/3764/3479 311/560/378 3332/559/377 3330/3762/3480
f 304/551/369 3333/3763/3484 3332/559/377 306/552/370
f 304/551/369 3337/540/358 3334/3765/3485 3333/3763/3484
f 3331/3761/3483 3333/3763/3484 3334/3765/3485 3335/3766/3486
f 3338/3767/3487 3335/3766/3486 3334/3765/3485 3336/3768/3488
f 294/537/355 3336/3768/3488 3334/3765/3485 3337/540/358
f 3338/3767/3487 3336/3768/3488 3339/3769/3489 3341/3770/3490
f 294/537/355 292/536/354 3339/3769/3489 3336/3768/3488
f 3342/3771/3491 3341/3770/3490 3339/3769/3489 3340/3772/3492
f 290/534/352 3340/3772/3492 3339/3769/3489 292/536/354
f 3342/3771/3491 3345/3773/3493 3343/3774/3494 3341/3770/3490
f 3338/3767/3487 3341/3770/3490 3343/3774/3494 3344/3775/3495
f 3348/3776/3496 3344/3775/3495 3343/3774/3494 3346/3777/3497
f 3347/3778/3498 3346/3777/3497 3343/3774/3494 3345/3773/3493
f 3347/3778/3498 3352/3779/3499 3349/3780/3500 3346/3777/3497
f 3348/3776/3496 3346/3777/3497 3349/3780/3500 3350/3781/3501
f 4042/3782/3502 3350/3781/3501 3349/3780/3500 3351/3783/3503
f 3354/3784/3504 3351/3783/3503 3349/3780/3500 3352/3779/3499
f 3347/3778/3498 4031/3785/3505 3353/3786/3506 3352/3779/3499
f 3354/3784/3504 3352/3779/3499 3353/3786/3506 3355/3787/3507
f 3354/3784/3504 3355/3787/3507 3357/3788/3508 3356/3728/3454
f 3354/3784/3504 3356/3728/3454 3296/3727/3453 3351/3783/3503
f 3297/3725/3451 3356/3728/3454 3357/3788/3508 3359/3789/3509
f 4028/3790/3510 3358/3791/3511 3357/3788/3508 3355/3787/3507
f 3360/3792/3512 3359/3789/3509 3357/3788/3508 3358/3791/3511
f 3297/3725/3451 3359/3789/3509 3263/3692/3422 3265/3694/3424
f 3360/3792/3512 3361/3693/3423 3263/3692/3422 3359/3789/3509
f 3360/3792/3512 3358/3791/3511 3363/3793/3513 3362/3794/3514
f 3360/3792/3512 3362/3794/3514 3365/3795/3515 3361/3693/3423
f 3364/3796/3516 3362/3794/3514 3363/3793/3513 3391/3797/3517
f 3364/3796/3516 3366/3798/3518 3365/3795/3515 3362/3794/3514
f 3367/3683/3413 3255/3684/3414 3365/3795/3515 3366/3798/3518
f 3258/3685/3415 3361/3693/3423 3365/3795/3515 3255/3684/3414
f 3367/3683/3413 3366/3798/3518 3368/3799/3519 3370/3800/3520
f 3364/3796/3516 3369/3801/3521 3368/3799/3519 3366/3798/3518
f 3372/3802/3522 3371/3803/3523 3368/3799/3519 3369/3801/3521
f 3373/3804/3524 3370/3800/3520 3368/3799/3519 3371/3803/3523
f 3372/3802/3522 3376/3805/3525 3374/3806/3526 3371/3803/3523
f 3373/3804/3524 3371/3803/3523 3374/3806/3526 3375/3807/3527
f 3379/3808/3528 3375/3807/3527 3374/3806/3526 3377/3809/3529
f 3378/3810/3530 3377/3809/3529 3374/3806/3526 3376/3805/3525
f 3378/3810/3530 3382/3811/3531 3380/3812/3532 3377/3809/3529
f 3379/3808/3528 3377/3809/3529 3380/3812/3532 3381/3813/3533
f 3393/418/236 3381/3813/3533 3380/3812/3532 191/417/235
f 194/416/234 191/417/235 3380/3812/3532 3382/3811/3531
f 3378/3810/3530 3384/3814/3534 3383/3815/3535 3382/3811/3531
f 194/416/234 3382/3811/3531 3383/3815/3535 196/419/237
f 221/451/269 3385/452/270 3383/3815/3535 3384/3814/3534
f 3386/421/239 196/419/237 3383/3815/3535 3385/452/270
f 3386/421/239 3385/452/270 217/446/264 3387/436/254
f 3386/421/239 3387/436/254 203/427/245 197/422/240
f 221/451/269 3384/3814/3534 3388/3816/3536 223/453/271
f 3378/3810/3530 3376/3805/3525 3388/3816/3536 3384/3814/3534
f 3372/3802/3522 3389/3817/3537 3388/3816/3536 3376/3805/3525
f 226/456/274 223/453/271 3388/3816/3536 3389/3817/3537
f 226/456/274 3389/3817/3537 3390/3818/3538 228/459/277
f 3372/3802/3522 3369/3801/3521 3390/3818/3538 3389/3817/3537
f 231/460/278 228/459/277 3390/3818/3538 3391/3797/3517
f 3364/3796/3516 3391/3797/3517 3390/3818/3538 3369/3801/3521
f 231/460/278 3391/3797/3517 3363/3793/3513 4027/463/281
f 3379/3808/3528 3381/3813/3533 3392/3819/3539 3429/3820/3540
f 3393/418/236 3394/3821/3541 3392/3819/3539 3381/3813/3533
f 3393/418/236 192/413/231 3396/3822/3542 3394/3821/3541
f 3395/3823/3543 3427/3824/3544 3392/3819/3539 3394/3821/3541
f 3395/3823/3543 3394/3821/3541 3396/3822/3542 3397/3825/3545
f 189/410/228 3398/3826/3546 3396/3822/3542 192/413/231
f 3400/3827/3547 3397/3825/3545 3396/3822/3542 3398/3826/3546
f 189/410/228 187/411/229 3399/3828/3548 3398/3826/3546
f 3400/3827/3547 3398/3826/3546 3399/3828/3548 3401/3829/3549
f 3400/3827/3547 3401/3829/3549 3405/3830/3550 3402/3831/3551
f 3400/3827/3547 3402/3831/3551 3404/3832/3552 3397/3825/3545
f 3403/3833/3553 3408/3834/3554 3404/3832/3552 3402/3831/3551
f 3403/3833/3553 3402/3831/3551 3405/3830/3550 3406/1079/888
f 806/1071/880 3406/1079/888 3405/3830/3550 803/1070/879
f 3433/1069/878 803/1070/879 3405/3830/3550 3401/3829/3549
f 3403/3833/3553 3406/1079/888 811/1078/887 3412/3835/3555
f 3395/3823/3543 3397/3825/3545 3404/3832/3552 3407/3836/3556
f 3409/3837/3557 3407/3836/3556 3404/3832/3552 3408/3834/3554
f 3409/3837/3557 3408/3834/3554 3410/3838/3558 3411/3839/3559
f 3403/3833/3553 3412/3835/3555 3410/3838/3558 3408/3834/3554
f 3415/3840/3560 3411/3839/3559 3410/3838/3558 3413/3841/3561
f 3414/3842/3562 3413/3841/3561 3410/3838/3558 3412/3835/3555
f 3414/3842/3562 3418/3843/3563 3416/3844/3564 3413/3841/3561
f 3415/3840/3560 3413/3841/3561 3416/3844/3564 3419/3845/3565
f 3421/3846/3566 3417/3847/3567 3416/3844/3564 3418/3843/3563
f 3420/3848/3568 3419/3845/3565 3416/3844/3564 3417/3847/3567
f 3420/3848/3568 3224/3647/3377 3227/3650/3380 3419/3845/3565
f 3415/3840/3560 3419/3845/3565 3227/3650/3380 3423/3652/3382
f 3420/3848/3568 2926/3322/3063 2928/3326/3067 3224/3647/3377
f 3420/3848/3568 3417/3847/3567 2923/3320/3061 2926/3322/3063
f 3421/3846/3566 3418/3843/3563 816/1082/891 3422/1086/895
f 3414/3842/3562 813/1080/889 816/1082/891 3418/3843/3563
f 3421/3846/3566 2921/3319/3060 2923/3320/3061 3417/3847/3567
f 3421/3846/3566 3422/1086/895 825/1095/904 2921/3319/3060
f 3415/3840/3560 3423/3652/3382 3424/3849/3569 3411/3839/3559
f 3226/3651/3381 3234/3658/3388 3424/3849/3569 3423/3652/3382
f 3409/3837/3557 3411/3839/3559 3424/3849/3569 3425/3850/3570
f 3236/3661/3391 3425/3850/3570 3424/3849/3569 3234/3658/3388
f 3236/3661/3391 3239/3663/3393 3426/3851/3571 3425/3850/3570
f 3409/3837/3557 3425/3850/3570 3426/3851/3571 3407/3836/3556
f 3428/3665/3395 3427/3824/3544 3426/3851/3571 3239/3663/3393
f 3395/3823/3543 3407/3836/3556 3426/3851/3571 3427/3824/3544
f 3428/3665/3395 3429/3820/3540 3392/3819/3539 3427/3824/3544
f 3428/3665/3395 3240/3666/3396 3430/3852/3572 3429/3820/3540
f 3379/3808/3528 3429/3820/3540 3430/3852/3572 3375/3807/3527
f 3242/3667/3397 3431/3853/3573 3430/3852/3572 3240/3666/3396
f 3373/3804/3524 3375/3807/3527 3430/3852/3572 3431/3853/3573
f 3242/3667/3397 3244/3670/3400 3432/3854/3574 3431/3853/3573
f 3373/3804/3524 3431/3853/3573 3432/3854/3574 3370/3800/3520
f 3247/3671/3401 3256/3681/3411 3432/3854/3574 3244/3670/3400
f 3367/3683/3413 3370/3800/3520 3432/3854/3574 3256/3681/3411
f 3414/3842/3562 3412/3835/3555 811/1078/887 813/1080/889
f 3433/1069/878 3401/3829/3549 3399/3828/3548 3434/3855/3575
f 3433/1069/878 3434/3855/3575 3435/3856/3576 804/1067/876
f 3436/412/230 3434/3855/3575 3399/3828/3548 187/411/229
f 3436/412/230 3437/3857/3577 3435/3856/3576 3434/3855/3575
f 3436/412/230 182/403/221 180/402/220 3437/3857/3577
f 3438/3858/3578 3437/3857/3577 180/402/220 3440/401/219
f 3438/3858/3578 3441/3859/3579 3435/3856/3576 3437/3857/3577
f 3438/3858/3578 3439/3860/3580 3442/1058/867 3441/3859/3579
f 3438/3858/3578 3440/401/219 3443/3861/3581 3439/3860/3580
f 800/1065/874 804/1067/876 3435/3856/3576 3441/3859/3579
f 800/1065/874 3441/3859/3579 3442/1058/867 794/1057/866
f 787/1048/857 789/1049/858 3442/1058/867 3439/3860/3580
f 179/400/218 3445/3862/3582 3443/3861/3581 3440/401/219
f 3447/3863/3583 3444/1050/859 3443/3861/3581 3445/3862/3582
f 787/1048/857 3439/3860/3580 3443/3861/3581 3444/1050/859
f 179/400/218 177/395/213 3446/3864/3584 3445/3862/3582
f 3447/3863/3583 3445/3862/3582 3446/3864/3584 3448/3865/3585
f 3447/3863/3583 780/1039/848 782/1041/850 3444/1050/859
f 3447/3863/3583 3448/3865/3585 3449/1040/849 780/1039/848
f 158/375/193 3450/3866/3586 3449/1040/849 3448/3865/3585
f 158/375/193 3448/3865/3585 3446/3864/3584 161/378/196
f 3451/1033/842 776/1034/843 3449/1040/849 3450/3866/3586
f 3451/1033/842 3450/3866/3586 3452/3867/3587 3453/3868/3588
f 158/375/193 156/374/192 3452/3867/3587 3450/3866/3586
f 154/372/190 3454/3869/3589 3452/3867/3587 156/374/192
f 3456/3870/3590 3453/3868/3588 3452/3867/3587 3454/3869/3589
f 154/372/190 3468/373/191 3455/3871/3591 3454/3869/3589
f 3456/3870/3590 3454/3869/3589 3455/3871/3591 3458/3872/3592
f 3456/3870/3590 3457/3873/3593 4026/1028/837 3453/3868/3588
f 3456/3870/3590 3458/3872/3592 3459/3874/3594 3457/3873/3593
f 3460/3875/3595 3458/3872/3592 3455/3871/3591 3463/3876/3596
f 3460/3875/3595 3461/3877/3597 3459/3874/3594 3458/3872/3592
f 3460/3875/3595 3462/3878/3598 4024/1000/809 3461/3877/3597
f 3460/3875/3595 3463/3876/3596 3464/3879/3599 3462/3878/3598
f 3465/3880/3600 3466/3881/3601 3464/3879/3599 3463/3876/3596
f 3465/3880/3600 3463/3876/3596 3455/3871/3591 3468/373/191
f 3465/3880/3600 3467/366/184 3469/3882/3602 3466/3881/3601
f 3465/3880/3600 3468/373/191 149/367/185 3467/366/184
f 150/365/183 3470/3883/3603 3469/3882/3602 3467/366/184
f 3474/3884/3604 3466/3881/3601 3469/3882/3602 3471/3885/3605
f 3472/3886/3606 3471/3885/3605 3469/3882/3602 3470/3883/3603
f 3472/3886/3606 3491/3887/3607 3473/3888/3608 3471/3885/3605
f 3474/3884/3604 3471/3885/3605 3473/3888/3608 3475/3889/3609
f 3474/3884/3604 3475/3889/3609 3477/3890/3610 3476/3891/3611
f 3474/3884/3604 3476/3891/3611 3464/3879/3599 3466/3881/3601
f 3478/3892/3612 3476/3891/3611 3477/3890/3610 3479/3893/3613
f 3478/3892/3612 3462/3878/3598 3464/3879/3599 3476/3891/3611
f 3478/3892/3612 3479/3893/3613 746/995/804 748/997/806
f 3478/3892/3612 748/997/806 4024/1000/809 3462/3878/3598
f 3480/3894/3614 3479/3893/3613 3477/3890/3610 3482/3895/3615
f 3480/3894/3614 744/993/802 746/995/804 3479/3893/3613
f 3480/3894/3614 3481/3896/3616 3914/994/803 744/993/802
f 3480/3894/3614 3482/3895/3615 3483/3897/3617 3481/3896/3616
f 3484/3898/3618 3485/3899/3619 3483/3897/3617 3482/3895/3615
f 3484/3898/3618 3482/3895/3615 3477/3890/3610 3475/3889/3609
f 3484/3898/3618 3486/3900/3620 3487/3901/3621 3485/3899/3619
f 3484/3898/3618 3475/3889/3609 3473/3888/3608 3486/3900/3620
f 3488/3902/3622 3489/3903/3623 3487/3901/3621 3486/3900/3620
f 3488/3902/3622 3486/3900/3620 3473/3888/3608 3491/3887/3607
f 3488/3902/3622 3490/3904/3624 4010/3905/3625 3489/3903/3623
f 3488/3902/3622 3491/3887/3607 3492/3906/3626 3490/3904/3624
f 3472/3886/3606 3494/354/172 3492/3906/3626 3491/3887/3607
f 3495/3907/3627 3490/3904/3624 3492/3906/3626 3493/3908/3628
f 140/351/169 3493/3908/3628 3492/3906/3626 3494/354/172
f 3472/3886/3606 3470/3883/3603 139/355/173 3494/354/172
f 3495/3907/3627 3493/3908/3628 3496/347/165 3497/3909/3629
f 140/351/169 133/345/163 3496/347/165 3493/3908/3628
f 3499/339/157 3497/3909/3629 3496/347/165 129/340/158
f 3495/3907/3627 3497/3909/3629 3498/3910/3630 4011/3911/3631
f 3499/339/157 3500/3912/3632 3498/3910/3630 3497/3909/3629
f 3499/339/157 128/336/154 3501/3913/3633 3500/3912/3632
f 3502/3914/3634 3503/3915/3635 3498/3910/3630 3500/3912/3632
f 3502/3914/3634 3500/3912/3632 3501/3913/3633 3505/3916/3636
f 3502/3914/3634 3504/3917/3637 4012/3918/3638 3503/3915/3635
f 3502/3914/3634 3505/3916/3636 3506/3919/3639 3504/3917/3637
f 3507/3920/3640 3505/3916/3636 3501/3913/3633 3508/3921/3641
f 3507/3920/3640 3510/3922/3642 3506/3919/3639 3505/3916/3636
f 3507/3920/3640 3508/3921/3641 3551/3923/3643 3509/3924/3644
f 3507/3920/3640 3509/3924/3644 3512/3925/3645 3510/3922/3642
f 3511/39/39 3552/3926/3646 3506/3919/3639 3510/3922/3642
f 3511/39/39 3510/3922/3642 3512/3925/3645 27/38/38
f 30/37/37 27/38/38 3512/3925/3645 3513/3927/3647
f 3515/3928/3648 3513/3927/3647 3512/3925/3645 3509/3924/3644
f 3515/3928/3648 3517/3929/3649 3514/3930/3650 3513/3927/3647
f 30/37/37 3513/3927/3647 3514/3930/3650 33/42/42
f 3515/3928/3648 3516/3931/3651 3518/3932/3652 3517/3929/3649
f 3515/3928/3648 3509/3924/3644 3551/3923/3643 3516/3931/3651
f 3519/3933/3653 3517/3929/3649 3518/3932/3652 3522/3934/3654
f 3519/3933/3653 3520/3935/3655 3514/3930/3650 3517/3929/3649
f 3519/3933/3653 3521/3936/3656 3542/3937/3657 3520/3935/3655
f 3519/3933/3653 3522/3934/3654 3524/3938/3658 3521/3936/3656
f 3523/3939/3659 3522/3934/3654 3518/3932/3652 3550/331/149
f 3523/3939/3659 3525/3940/3660 3524/3938/3658 3522/3934/3654
f 3528/3941/3661 3521/3936/3656 3524/3938/3658 3526/3942/3662
f 3527/3943/3663 3526/3942/3662 3524/3938/3658 3525/3940/3660
f 3527/3943/3663 3531/3944/3664 3529/3945/3665 3526/3942/3662
f 3528/3941/3661 3526/3942/3662 3529/3945/3665 3532/3946/3666
f 3533/3947/3667 3532/3946/3666 3529/3945/3665 3530/3948/3668
f 3546/3949/3669 3530/3948/3668 3529/3945/3665 3531/3944/3664
f 3528/3941/3661 3532/3946/3666 3534/3950/3670 3536/3951/3671
f 3533/3947/3667 3535/3952/3672 3534/3950/3670 3532/3946/3666
f 56/68/68 3537/69/69 3534/3950/3670 3535/3952/3672
f 3538/3953/3673 3536/3951/3671 3534/3950/3670 3537/69/69
f 3538/3953/3673 3537/69/69 55/67/67 3539/3954/3674
f 3538/3953/3673 3540/3955/3675 3542/3937/3657 3536/3951/3671
f 3538/3953/3673 3539/3954/3674 3543/3956/3676 3540/3955/3675
f 3541/45/45 3540/3955/3675 3543/3956/3676 32/44/44
f 3541/45/45 3520/3935/3655 3542/3937/3657 3540/3955/3675
f 35/43/43 32/44/44 3543/3956/3676 3544/47/47
f 46/57/57 3544/47/47 3543/3956/3676 3539/3954/3674
f 3528/3941/3661 3536/3951/3671 3542/3937/3657 3521/3936/3656
f 3541/45/45 33/42/42 3514/3930/3650 3520/3935/3655
f 46/57/57 3539/3954/3674 55/67/67 48/58/58
f 3533/3947/3667 72/91/91 3545/77/77 3535/3952/3672
f 56/68/68 3535/3952/3672 3545/77/77 58/70/70
f 3533/3947/3667 3530/3948/3668 74/92/92 72/91/91
f 3527/3943/3663 3547/307/125 102/303/121 3531/3944/3664
f 3546/3949/3669 3531/3944/3664 102/303/121 98/301/119
f 3546/3949/3669 76/94/94 74/92/92 3530/3948/3668
f 3546/3949/3669 98/301/119 96/96/96 76/94/94
f 3527/3943/3663 3525/3940/3660 3548/3957/3677 3547/307/125
f 101/306/124 3547/307/125 3548/3957/3677 108/312/130
f 3523/3939/3659 3549/324/142 3548/3957/3677 3525/3940/3660
f 111/315/133 108/312/130 3548/3957/3677 3549/324/142
f 3523/3939/3659 3550/331/149 117/325/143 3549/324/142
f 121/330/148 3550/331/149 3518/3932/3652 3516/3931/3651
f 121/330/148 3516/3931/3651 3551/3923/3643 123/332/150
f 125/333/151 123/332/150 3551/3923/3643 3508/3921/3641
f 3511/39/39 28/34/34 3554/3958/3678 3552/3926/3646
f 3553/3959/3679 3504/3917/3637 3506/3919/3639 3552/3926/3646
f 3553/3959/3679 3552/3926/3646 3554/3958/3678 3555/3960/3680
f 3557/3961/3681 3555/3960/3680 3554/3958/3678 3556/3962/3682
f 24/31/31 3556/3962/3682 3554/3958/3678 28/34/34
f 3557/3961/3681 3556/3962/3682 3558/3963/3683 3560/3964/3684
f 24/31/31 22/30/30 3558/3963/3683 3556/3962/3682
f 20/28/28 3559/3965/3685 3558/3963/3683 22/30/30
f 3561/3966/3686 3560/3964/3684 3558/3963/3683 3559/3965/3685
f 3561/3966/3686 3565/3967/3687 3562/3968/3688 3560/3964/3684
f 3557/3961/3681 3560/3964/3684 3562/3968/3688 3564/3969/3689
f 4017/3970/3690 3564/3969/3689 3562/3968/3688 3563/3971/3691
f 3566/3972/3692 3563/3971/3691 3562/3968/3688 3565/3967/3687
f 3566/3972/3692 3565/3967/3687 3567/3973/3693 3568/3974/3694
f 3561/3966/3686 3569/3975/3695 3567/3973/3693 3565/3967/3687
f 3572/3976/3696 3568/3974/3694 3567/3973/3693 3570/3977/3697
f 3573/3978/3698 3570/3977/3697 3567/3973/3693 3569/3975/3695
f 3573/3978/3698 3574/3979/3699 3571/3980/3700 3570/3977/3697
f 3572/3976/3696 3570/3977/3697 3571/3980/3700 3878/3981/3701
f 3573/3978/3698 3575/3982/3702 3576/3983/3703 3574/3979/3699
f 3573/3978/3698 3569/3975/3695 3577/3984/3704 3575/3982/3702
f 3578/3985/3705 3580/3986/3706 3576/3983/3703 3575/3982/3702
f 3578/3985/3705 3575/3982/3702 3577/3984/3704 3579/29/29
f 3578/3985/3705 3579/29/29 16/23/23 3581/22/22
f 3578/3985/3705 3581/22/22 3582/3987/3707 3580/3986/3706
f 11/13/13 9/14/14 3582/3987/3707 3581/22/22
f 3586/15/15 3583/3988/3708 3582/3987/3707 9/14/14
f 3584/3989/3709 3580/3986/3706 3582/3987/3707 3583/3988/3708
f 3584/3989/3709 3583/3988/3708 3585/3990/3710 3804/3991/3711
f 3586/15/15 3587/3992/3712 3585/3990/3710 3583/3988/3708
f 3586/15/15 2/2/2 3589/6/6 3587/3992/3712
f 3588/3993/3713 3803/3994/3714 3585/3990/3710 3587/3992/3712
f 3588/3993/3713 3587/3992/3712 3589/6/6 3590/3995/3715
f 3592/3996/3716 3590/3995/3715 3589/6/6 3/5/5
f 3588/3993/3713 3590/3995/3715 3591/3997/3717 3806/3998/3718
f 3592/3996/3716 3593/3999/3719 3591/3997/3717 3590/3995/3715
f 3592/3996/3716 3/5/5 3597/8/8 3594/4000/3720
f 3592/3996/3716 3594/4000/3720 3596/4001/3721 3593/3999/3719
f 3595/4002/3722 3594/4000/3720 3597/8/8 3598/4003/3723
f 3595/4002/3722 3608/4004/3724 3596/4001/3721 3594/4000/3720
f 3599/4005/3725 3598/4003/3723 3597/8/8 4/7/7
f 3595/4002/3722 3598/4003/3723 3600/4006/3726 3603/4007/3727
f 3599/4005/3725 3602/4008/3728 3600/4006/3726 3598/4003/3723
f 3604/4009/3729 3603/4007/3727 3600/4006/3726 3601/4010/3730
f 3631/4011/3731 3601/4010/3730 3600/4006/3726 3602/4008/3728
f 3604/4009/3729 3607/4012/3732 3605/4013/3733 3603/4007/3727
f 3595/4002/3722 3603/4007/3727 3605/4013/3733 3608/4004/3724
f 3609/4014/3734 3608/4004/3724 3605/4013/3733 3606/4015/3735
f 3619/4016/3736 3606/4015/3735 3605/4013/3733 3607/4012/3732
f 3609/4014/3734 3610/4017/3737 3596/4001/3721 3608/4004/3724
f 3609/4014/3734 3611/4018/3738 3612/4019/3739 3610/4017/3737
f 3609/4014/3734 3606/4015/3735 3614/4020/3740 3611/4018/3738
f 3613/4021/3741 3869/4022/3742 3612/4019/3739 3611/4018/3738
f 3613/4021/3741 3611/4018/3738 3614/4020/3740 3615/4023/3743
f 3618/4024/3744 3615/4023/3743 3614/4020/3740 3616/4025/3745
f 3619/4016/3736 3616/4025/3745 3614/4020/3740 3606/4015/3735
f 4023/4026/3746 3673/4027/3747 3618/4024/3744 3616/4025/3745 3617/4028/3748
f 3622/4029/3749 3617/4028/3748 3616/4025/3745 3619/4016/3736 3620/4030/3750
f 3621/4031/3751 3620/4030/3750 3619/4016/3736 3607/4012/3732 3623/4032/3752
f 3625/4033/3753 3624/4034/3754 3623/4032/3752 3607/4012/3732 3604/4009/3729
f 3626/4035/3755 3625/4033/3753 3604/4009/3729 3601/4010/3730 3627/4036/3756
f 3627/4036/3756 3601/4010/3730 3631/4011/3731 3629/4037/3757 3628/4038/3758
f 3649/4039/3759 3630/4040/3760 3629/4037/3757 3631/4011/3731 3632/4041/3761
f 3631/4011/3731 3602/4008/3728 3634/4042/3762 3633/4043/3763
f 3631/4011/3731 3633/4043/3763 3635/4044/3764 3632/4041/3761
f 3636/4045/3765 3633/4043/3763 3634/4042/3762 3638/4046/3766
f 3636/4045/3765 3639/4047/3767 3635/4044/3764 3633/4043/3763
f 3636/4045/3765 3637/4048/3768 3640/4049/3769 3639/4047/3767
f 3636/4045/3765 3638/4046/3766 3670/55/55 3637/4048/3768
f 3641/4050/3770 3644/4051/3771 3635/4044/3764 3639/4047/3767
f 3641/4050/3770 3639/4047/3767 3640/4049/3769 3643/4052/3772
f 3645/4053/3773 3644/4051/3771 3641/4050/3770 3642/4054/3774 3650/4055/3775
f 3642/4054/3774 3641/4050/3770 3643/4052/3772 3651/4056/3776 3668/4057/3777
f 3645/4053/3773 3646/4058/3778 3644/4051/3771
f 3647/4059/3779 3648/4060/3780 3632/4041/3761 3635/4044/3764 3644/4051/3771 3646/4058/3778
f 3648/4060/3780 3649/4039/3759 3632/4041/3761
f 3652/4061/3781 3655/4062/3782 3651/4056/3776 3643/4052/3772
f 3652/4061/3781 3643/4052/3772 3640/4049/3769 3653/63/63
f 3652/4061/3781 3653/63/63 51/62/62 3654/4063/3783
f 3652/4061/3781 3654/4063/3783 3657/4064/3784 3655/4062/3782
f 3665/4065/3785 3666/4066/3786 3651/4056/3776 3655/4062/3782 3656/4067/3787
f 3656/4067/3787 3655/4062/3782 3657/4064/3784 3659/4068/3788
f 3660/4069/3789 3659/4068/3788 3657/4064/3784 3658/76/76 3661/4070/3790
f 61/73/73 3658/76/76 3657/4064/3784 3654/4063/3783
f 3662/4071/3791 3661/4070/3790 3658/76/76 60/75/75 3663/81/81
f 3667/4072/3792 3668/4057/3777 3651/4056/3776 3666/4066/3786
f 61/73/73 3654/4063/3783 51/62/62 53/64/64
f 50/61/61 3653/63/63 3640/4049/3769 3637/4048/3768
f 3669/4073/3793 3638/4046/3766 3634/4042/3762 3672/4074/3794
f 3669/4073/3793 43/52/52 3670/55/55 3638/4046/3766
f 50/61/61 3637/4048/3768 3670/55/55 44/54/54
f 3669/4073/3793 3671/11/11 41/50/50 43/52/52
f 3669/4073/3793 3672/4074/3794 6/9/9 3671/11/11
f 3599/4005/3725 4/7/7 6/9/9 3672/4074/3794
f 3599/4005/3725 3672/4074/3794 3634/4042/3762 3602/4008/3728
f 7/10/10 13/17/17 41/50/50 3671/11/11
f 3618/4024/3744 3673/4027/3747 3675/4075/3795 3674/4076/3796
f 3676/4077/3797 3678/4078/3798 3615/4023/3743 3618/4024/3744 3674/4076/3796
f 3676/4077/3797 3677/4079/3799 4022/4080/3800 3679/4081/3801 3678/4078/3798
f 3613/4021/3741 3615/4023/3743 3678/4078/3798 3680/4082/3802
f 3682/4083/3803 3680/4082/3802 3678/4078/3798 3679/4081/3801
f 3613/4021/3741 3680/4082/3802 3681/4084/3804 3869/4022/3742
f 3682/4083/3803 3683/4085/3805 3681/4084/3804 3680/4082/3802
f 3682/4083/3803 3679/4081/3801 3687/4086/3806 3684/4087/3807
f 3682/4083/3803 3684/4087/3807 3686/4088/3808 3683/4085/3805
f 3685/4089/3809 3684/4087/3807 3687/4086/3806 3689/4090/3810
f 3685/4089/3809 3834/4091/3811 3686/4088/3808 3684/4087/3807
f 4021/4092/3812 3688/4093/3813 3687/4086/3806 3679/4081/3801 4022/4080/3800
f 4020/4094/3814 3690/4095/3815 3689/4090/3810 3687/4086/3806 3688/4093/3813
f 3691/4096/3816 3692/4097/3817 3693/4098/3818 3694/4099/3819 3685/4089/3809 3689/4090/3810
f 3690/4095/3815 3691/4096/3816 3689/4090/3810
f 3695/4100/3820 3696/4101/3821 3698/4102/3822 3694/4099/3819 3693/4098/3818
f 3698/4102/3822 3696/4101/3821 3697/4103/3823 3700/4104/3824
f 3698/4102/3822 3699/4105/3825 3835/4106/3826 3694/4099/3819
f 3701/4107/3827 3703/4108/3828 3699/4105/3825 3698/4102/3822 3700/4104/3824
f 3703/4108/3828 3701/4107/3827 3702/4109/3829 3705/4110/3830
f 3836/4111/3831 3699/4105/3825 3703/4108/3828 3704/4112/3832
f 3706/4113/3833 3707/4114/3834 3704/4112/3832 3703/4108/3828 3705/4110/3830
f 3708/4115/3835 3709/4116/3836 3711/4117/3837 3712/4118/3838 3704/4112/3832 3707/4114/3834
f 3711/4117/3837 3709/4116/3836 3710/4119/3839
f 3713/4120/3840 3716/4121/3841 3712/4118/3838 3711/4117/3837
f 3710/4119/3839 4019/4122/3842 3715/4123/3843 3713/4120/3840 3711/4117/3837
f 3713/4120/3840 3714/4124/3844 3718/4125/3845 3716/4121/3841
f 3744/4126/3846 3742/4127/3847 3714/4124/3844 3713/4120/3840 3715/4123/3843
f 3717/4128/3848 3837/4129/3849 3712/4118/3838 3716/4121/3841
f 3717/4128/3848 3716/4121/3841 3718/4125/3845 3719/4130/3850
f 3721/4131/3851 3720/4132/3852 3718/4125/3845 3714/4124/3844
f 3722/4133/3853 3719/4130/3850 3718/4125/3845 3720/4132/3852
f 3721/4131/3851 3725/4134/3854 3723/4135/3855 3720/4132/3852
f 3722/4133/3853 3720/4132/3852 3723/4135/3855 3724/4136/3856
f 3728/4137/3857 3724/4136/3856 3723/4135/3855 3726/4138/3858
f 3729/4139/3859 3726/4138/3858 3723/4135/3855 3725/4134/3854
f 3729/4139/3859 3730/4140/3860 3727/4141/3861 3726/4138/3858
f 3728/4137/3857 3726/4138/3858 3727/4141/3861 3859/4142/3862
f 3729/4139/3859 3725/4134/3854 3731/4143/3863 3730/4140/3860
f 3735/4144/3864 3732/4145/3865 3730/4140/3860 3731/4143/3863 3737/4146/3866
f 3732/4145/3865 3733/4147/3867 3727/4141/3861 3730/4140/3860
f 3746/4148/3868 3733/4147/3867 3732/4145/3865 3734/4149/3869
f 3732/4145/3865 3735/4144/3864 3736/4150/3870 3734/4149/3869
f 3737/4146/3866 3731/4143/3863 3741/4151/3871 3739/4152/3872 3738/4153/3873
f 3740/4154/3874 3739/4152/3872 3741/4151/3871 3742/4127/3847 3743/4155/3875
f 3721/4131/3851 3714/4124/3844 3742/4127/3847 3741/4151/3871
f 3721/4131/3851 3741/4151/3871 3731/4143/3863 3725/4134/3854
f 3742/4127/3847 3744/4126/3846 3745/4156/3876 3743/4155/3875
f 3747/4157/3877 3749/4158/3878 3750/4159/3879 3733/4147/3867 3746/4148/3868
f 3749/4158/3878 3747/4157/3877 3748/4160/3880
f 3750/4159/3879 3749/4158/3878 3751/4161/3881 3753/4162/3882
f 3754/4163/3883 3751/4161/3881 3749/4158/3878 3748/4160/3880
f 3857/4164/3884 3753/4162/3882 3751/4161/3881 3752/4165/3885
f 3755/4166/3886 3757/4167/3887 3752/4165/3885 3751/4161/3881 3754/4163/3883
f 3756/4168/3888 3757/4167/3887 3755/4166/3886
f 3760/4169/3889 3758/4170/3890 3757/4167/3887 3756/4168/3888
f 3757/4167/3887 3758/4170/3890 3761/4171/3891 3752/4165/3885
f 3759/4172/3892 3763/4173/3893 3761/4171/3891 3758/4170/3890
f 3980/4174/3894 3759/4172/3892 3758/4170/3890 3760/4169/3889
f 3857/4164/3884 3752/4165/3885 3761/4171/3891 3762/4175/3895
f 3765/4176/3896 3762/4175/3895 3761/4171/3891 3763/4173/3893
f 3759/4172/3892 3776/4177/3897 3764/4178/3898 3763/4173/3893
f 3765/4176/3896 3763/4173/3893 3764/4178/3898 3767/4179/3899
f 3765/4176/3896 3766/4180/3900 3849/4181/3901 3762/4175/3895
f 3765/4176/3896 3767/4179/3899 3768/4182/3902 3766/4180/3900
f 3769/4183/3903 3770/4184/3904 3768/4182/3902 3767/4179/3899
f 3769/4183/3903 3767/4179/3899 3764/4178/3898 3772/4185/3905
f 3769/4183/3903 3771/4186/3906 3792/4187/3907 3770/4184/3904
f 3769/4183/3903 3772/4185/3905 3773/4188/3908 3771/4186/3906
f 3774/4189/3909 3777/4190/3910 3773/4188/3908 3772/4185/3905
f 3774/4189/3909 3772/4185/3905 3764/4178/3898 3776/4177/3897
f 3774/4189/3909 3775/4191/3911 3778/4192/3912 3777/4190/3910
f 3979/4193/3913 3978/4194/3914 3775/4191/3911 3774/4189/3909 3776/4177/3897
f 3779/4195/3915 3777/4190/3910 3778/4192/3912 3780/4196/3916
f 3779/4195/3915 3781/4197/3917 3773/4188/3908 3777/4190/3910
f 3779/4195/3915 3780/4196/3916 3783/4198/3918 3782/4199/3919
f 3779/4195/3915 3782/4199/3919 3785/4200/3920 3781/4197/3917
f 3784/4201/3921 3782/4199/3919 3783/4198/3918 3965/4202/3922
f 3784/4201/3921 3786/4203/3923 3785/4200/3920 3782/4199/3919
f 3790/4204/3924 3781/4197/3917 3785/4200/3920 3787/4205/3925
f 3788/4206/3926 3787/4205/3925 3785/4200/3920 3786/4203/3923
f 3788/4206/3926 4018/4207/3927 3789/4208/3928 3787/4205/3925
f 3790/4204/3924 3787/4205/3925 3789/4208/3928 3791/4209/3929
f 3790/4204/3924 3771/4186/3906 3773/4188/3908 3781/4197/3917
f 3790/4204/3924 3791/4209/3929 3792/4187/3907 3771/4186/3906
f 3793/4210/3930 3794/4211/3931 3792/4187/3907 3791/4209/3929
f 3793/4210/3930 3791/4209/3929 3789/4208/3928 3796/4212/3932
f 3793/4210/3930 3795/4213/3933 3856/4214/3934 3794/4211/3931
f 3793/4210/3930 3796/4212/3932 3798/4215/3935 3795/4213/3933
f 3797/4216/3936 3796/4212/3932 3789/4208/3928 4018/4207/3927
f 3797/4216/3936 3800/4217/3937 3798/4215/3935 3796/4212/3932
f 3802/4218/3938 3799/4219/3939 3798/4215/3935 3800/4217/3937
f 3809/4220/3940 3795/4213/3933 3798/4215/3935 3799/4219/3939
f 3797/4216/3936 3870/4221/3941 3801/4222/3942 3800/4217/3937
f 3802/4218/3938 3800/4217/3937 3801/4222/3942 3804/3991/3711
f 3802/4218/3938 3803/3994/3714 3805/4223/3943 3799/4219/3939
f 3802/4218/3938 3804/3991/3711 3585/3990/3710 3803/3994/3714
f 3584/3989/3709 3804/3991/3711 3801/4222/3942 3871/4224/3944
f 3588/3993/3713 3806/3998/3718 3805/4223/3943 3803/3994/3714
f 3808/4225/3945 3807/4226/3946 3805/4223/3943 3806/3998/3718
f 3809/4220/3940 3799/4219/3939 3805/4223/3943 3807/4226/3946
f 3808/4225/3945 3812/4227/3947 3810/4228/3948 3807/4226/3946
f 3809/4220/3940 3807/4226/3946 3810/4228/3948 3811/4229/3949
f 3815/4230/3950 3811/4229/3949 3810/4228/3948 3813/4231/3951
f 3814/4232/3952 3813/4231/3951 3810/4228/3948 3812/4227/3947
f 3814/4232/3952 3817/4233/3953 3816/4234/3954 3813/4231/3951
f 3815/4230/3950 3813/4231/3951 3816/4234/3954 3818/4235/3955
f 3820/4236/3956 3819/4237/3957 3816/4234/3954 3817/4233/3953
f 3821/4238/3958 3818/4235/3955 3816/4234/3954 3819/4237/3957
f 3820/4236/3956 3825/4239/3959 3822/4240/3960 3819/4237/3957
f 3821/4238/3958 3819/4237/3957 3822/4240/3960 3824/4241/3961
f 3841/4242/3962 3824/4241/3961 3822/4240/3960 3823/4243/3963
f 3826/4244/3964 3823/4243/3963 3822/4240/3960 3825/4239/3959
f 3820/4236/3956 3828/4245/3965 3827/4246/3966 3825/4239/3959
f 3826/4244/3964 3825/4239/3959 3827/4246/3966 3830/4247/3967
f 3860/4248/3968 3829/4249/3969 3827/4246/3966 3828/4245/3965
f 3832/4250/3970 3830/4247/3967 3827/4246/3966 3829/4249/3969
f 3832/4250/3970 3833/4251/3971 3831/4252/3972 3830/4247/3967
f 3826/4244/3964 3830/4247/3967 3831/4252/3972 3838/4253/3973
f 3832/4250/3970 3834/4091/3811 3835/4106/3826 3833/4251/3971
f 3832/4250/3970 3829/4249/3969 3686/4088/3808 3834/4091/3811
f 3685/4089/3809 3694/4099/3819 3835/4106/3826 3834/4091/3811
f 3836/4111/3831 3833/4251/3971 3835/4106/3826 3699/4105/3825
f 3836/4111/3831 3837/4129/3849 3831/4252/3972 3833/4251/3971
f 3836/4111/3831 3704/4112/3832 3712/4118/3838 3837/4129/3849
f 3717/4128/3848 3838/4253/3973 3831/4252/3972 3837/4129/3849
f 3717/4128/3848 3719/4130/3850 3839/4254/3974 3838/4253/3973
f 3826/4244/3964 3838/4253/3973 3839/4254/3974 3823/4243/3963
f 3722/4133/3853 3840/4255/3975 3839/4254/3974 3719/4130/3850
f 3841/4242/3962 3823/4243/3963 3839/4254/3974 3840/4255/3975
f 3722/4133/3853 3724/4136/3856 3842/4256/3976 3840/4255/3975
f 3841/4242/3962 3840/4255/3975 3842/4256/3976 3844/4257/3977
f 3728/4137/3857 3843/4258/3978 3842/4256/3976 3724/4136/3856
f 3846/4259/3979 3844/4257/3977 3842/4256/3976 3843/4258/3978
f 3841/4242/3962 3844/4257/3977 3845/4260/3980 3824/4241/3961
f 3846/4259/3979 3848/4261/3981 3845/4260/3980 3844/4257/3977
f 3846/4259/3979 3843/4258/3978 3858/4262/3982 3847/4263/3983
f 3846/4259/3979 3847/4263/3983 3849/4181/3901 3848/4261/3981
f 3850/4264/3984 3848/4261/3981 3849/4181/3901 3766/4180/3900
f 3850/4264/3984 3851/4265/3985 3845/4260/3980 3848/4261/3981
f 3850/4264/3984 3766/4180/3900 3768/4182/3902 3852/4266/3986
f 3850/4264/3984 3852/4266/3986 3854/4267/3987 3851/4265/3985
f 3853/4268/3988 3852/4266/3986 3768/4182/3902 3770/4184/3904
f 3853/4268/3988 3855/4269/3989 3854/4267/3987 3852/4266/3986
f 3821/4238/3958 3851/4265/3985 3854/4267/3987 3818/4235/3955
f 3815/4230/3950 3818/4235/3955 3854/4267/3987 3855/4269/3989
f 3815/4230/3950 3855/4269/3989 3856/4214/3934 3811/4229/3949
f 3853/4268/3988 3794/4211/3931 3856/4214/3934 3855/4269/3989
f 3809/4220/3940 3811/4229/3949 3856/4214/3934 3795/4213/3933
f 3853/4268/3988 3770/4184/3904 3792/4187/3907 3794/4211/3931
f 3821/4238/3958 3824/4241/3961 3845/4260/3980 3851/4265/3985
f 3857/4164/3884 3762/4175/3895 3849/4181/3901 3847/4263/3983
f 3857/4164/3884 3847/4263/3983 3858/4262/3982 3753/4162/3882
f 3728/4137/3857 3859/4142/3862 3858/4262/3982 3843/4258/3978
f 3750/4159/3879 3753/4162/3882 3858/4262/3982 3859/4142/3862
f 3750/4159/3879 3859/4142/3862 3727/4141/3861 3733/4147/3867
f 3860/4248/3968 3683/4085/3805 3686/4088/3808 3829/4249/3969
f 3860/4248/3968 3861/4270/3990 3681/4084/3804 3683/4085/3805
f 3860/4248/3968 3828/4245/3965 3863/4271/3991 3861/4270/3990
f 3862/4272/3992 3869/4022/3742 3681/4084/3804 3861/4270/3990
f 3862/4272/3992 3861/4270/3990 3863/4271/3991 3864/4273/3993
f 3820/4236/3956 3817/4233/3953 3863/4271/3991 3828/4245/3965
f 3814/4232/3952 3864/4273/3993 3863/4271/3991 3817/4233/3953
f 3862/4272/3992 3864/4273/3993 3865/4274/3994 3867/4275/3995
f 3814/4232/3952 3812/4227/3947 3865/4274/3994 3864/4273/3993
f 3808/4225/3945 3866/4276/3996 3865/4274/3994 3812/4227/3947
f 3868/4277/3997 3867/4275/3995 3865/4274/3994 3866/4276/3996
f 3868/4277/3997 3610/4017/3737 3612/4019/3739 3867/4275/3995
f 3862/4272/3992 3867/4275/3995 3612/4019/3739 3869/4022/3742
f 3868/4277/3997 3593/3999/3719 3596/4001/3721 3610/4017/3737
f 3868/4277/3997 3866/4276/3996 3591/3997/3717 3593/3999/3719
f 3808/4225/3945 3806/3998/3718 3591/3997/3717 3866/4276/3996
f 3872/4278/3998 3871/4224/3944 3801/4222/3942 3870/4221/3941
f 3584/3989/3709 3871/4224/3944 3576/3983/3703 3580/3986/3706
f 3872/4278/3998 3574/3979/3699 3576/3983/3703 3871/4224/3944
f 3872/4278/3998 3873/4279/3999 3571/3980/3700 3574/3979/3699
f 3872/4278/3998 3870/4221/3941 3874/4280/4000 3873/4279/3999
f 3875/4281/4001 3873/4279/3999 3874/4280/4000 3877/4282/4002
f 3875/4281/4001 3878/3981/3701 3571/3980/3700 3873/4279/3999
f 3875/4281/4001 3876/4283/4003 3879/4284/4004 3878/3981/3701
f 3875/4281/4001 3877/4282/4002 3967/4285/4005 3876/4283/4003
f 3572/3976/3696 3878/3981/3701 3879/4284/4004 3881/4286/4006
f 3882/4287/4007 3881/4286/4006 3879/4284/4004 3880/4288/4008
f 3966/4289/4009 3880/4288/4008 3879/4284/4004 3876/4283/4003
f 3572/3976/3696 3881/4286/4006 3883/4290/4010 3568/3974/3694
f 3882/4287/4007 3884/4291/4011 3883/4290/4010 3881/4286/4006
f 3566/3972/3692 3568/3974/3694 3883/4290/4010 3885/4292/4012
f 3886/4293/4013 3885/4292/4012 3883/4290/4010 3884/4291/4011
f 3886/4293/4013 3889/4294/4014 3887/4295/4015 3885/4292/4012
f 3566/3972/3692 3885/4292/4012 3887/4295/4015 3563/3971/3691
f 4017/3970/3690 3563/3971/3691 3887/4295/4015 3888/4296/4016
f 3891/4297/4017 3888/4296/4016 3887/4295/4015 3889/4294/4014
f 3886/4293/4013 3950/4298/4018 3890/4299/4019 3889/4294/4014
f 3891/4297/4017 3889/4294/4014 3890/4299/4019 3892/4300/4020
f 3891/4297/4017 3892/4300/4020 3896/4301/4021 3893/4302/4022
f 3891/4297/4017 3893/4302/4022 3895/4303/4023 3888/4296/4016
f 3894/4304/4024 4006/4305/4025 3895/4303/4023 3893/4302/4022
f 3894/4304/4024 3893/4302/4022 3896/4301/4021 3897/4306/4026
f 3900/4307/4027 3898/4308/4028 3896/4301/4021 3892/4300/4020
f 3901/4309/4029 3897/4306/4026 3896/4301/4021 3898/4308/4028
f 3900/4307/4027 3942/4310/4030 3899/4311/4031 3898/4308/4028
f 3901/4309/4029 3898/4308/4028 3899/4311/4031 3903/4312/4032
f 3901/4309/4029 3902/4313/4033 4003/4314/4034 3897/4306/4026
f 3901/4309/4029 3903/4312/4032 3904/4315/4035 3902/4313/4033
f 3905/4316/4036 3903/4312/4032 3899/4311/4031 3907/4317/4037
f 3905/4316/4036 3908/4318/4038 3904/4315/4035 3903/4312/4032
f 3905/4316/4036 3906/4319/4039 3910/4320/4040 3908/4318/4038
f 3905/4316/4036 3907/4317/4037 3940/4321/4041 3906/4319/4039
f 3909/4322/4042 3999/4323/4043 3904/4315/4035 3908/4318/4038
f 3909/4322/4042 3908/4318/4038 3910/4320/4040 3912/4324/4044
f 3915/4325/4045 3911/4326/4046 3910/4320/4040 3906/4319/4039
f 3913/987/796 3912/4324/4044 3910/4320/4040 3911/4326/4046
f 3913/987/796 740/988/797 3914/994/803 3912/4324/4044
f 3909/4322/4042 3912/4324/4044 3914/994/803 3481/3896/3616
f 3913/987/796 3911/4326/4046 3916/4327/4047 739/985/794
f 3915/4325/4045 3917/4328/4048 3916/4327/4047 3911/4326/4046
f 3920/4329/4049 3918/4330/4050 3916/4327/4047 3917/4328/4048
f 736/981/790 739/985/794 3916/4327/4047 3918/4330/4050
f 736/981/790 3918/4330/4050 3919/976/785 730/975/784
f 3996/4331/4051 3919/976/785 3918/4330/4050 3920/4329/4049 3921/4332/4052
f 3921/4332/4052 3920/4329/4049 3922/4333/4053 3923/4334/4054 3995/4335/4055
f 3920/4329/4049 3917/4328/4048 3925/4336/4056 3922/4333/4053
f 3922/4333/4053 3924/4337/4057 3923/4334/4054
f 3931/4338/4058 3924/4337/4057 3922/4333/4053 3925/4336/4056 3927/4339/4059 3930/4340/4060
f 3928/4341/4061 3927/4339/4059 3925/4336/4056 3926/4342/4062
f 3915/4325/4045 3926/4342/4062 3925/4336/4056 3917/4328/4048
f 3929/4343/4063 3927/4339/4059 3928/4341/4061 3933/4344/4064 3932/4345/4065
f 3929/4343/4063 3930/4340/4060 3927/4339/4059
f 3934/4346/4066 3933/4344/4064 3928/4341/4061 3939/4347/4067 3936/4348/4068
f 3935/4349/4069 3934/4346/4066 3936/4348/4068 3938/4350/4070
f 3938/4350/4070 3936/4348/4068 3937/4351/4071 3992/4352/4072 3994/4353/4073
f 3941/4354/4074 3937/4351/4071 3936/4348/4068 3939/4347/4067
f 3928/4341/4061 3926/4342/4062 3940/4321/4041 3939/4347/4067
f 3941/4354/4074 3939/4347/4067 3940/4321/4041 3907/4317/4037
f 3941/4354/4074 3942/4310/4030 3943/4355/4075 3937/4351/4071
f 3941/4354/4074 3907/4317/4037 3899/4311/4031 3942/4310/4030
f 3900/4307/4027 3945/4356/4076 3943/4355/4075 3942/4310/4030
f 3992/4352/4072 3937/4351/4071 3943/4355/4075 3944/4357/4077
f 3946/4358/4078 3944/4357/4077 3943/4355/4075 3945/4356/4076
f 3946/4358/4078 3945/4356/4076 3890/4299/4019 3950/4298/4018
f 3900/4307/4027 3892/4300/4020 3890/4299/4019 3945/4356/4076
f 3949/4359/4079 3946/4358/4078 3947/4360/4080
f 3947/4360/4080 3946/4358/4078 3948/4361/4081 3987/4362/4082 3988/4363/4083
f 3946/4358/4078 3950/4298/4018 3951/4364/4084 3948/4361/4081
f 3949/4359/4079 3944/4357/4077 3946/4358/4078
f 3886/4293/4013 3884/4291/4011 3951/4364/4084 3950/4298/4018
f 3953/4365/4085 3948/4361/4081 3951/4364/4084 3952/4366/4086
f 3882/4287/4007 3952/4366/4086 3951/4364/4084 3884/4291/4011
f 3882/4287/4007 3880/4288/4008 3954/4367/4087 3952/4366/4086
f 3953/4365/4085 3952/4366/4086 3954/4367/4087 3956/4368/4088
f 3966/4289/4009 3955/4369/4089 3954/4367/4087 3880/4288/4008
f 3958/4370/4090 3956/4368/4088 3954/4367/4087 3955/4369/4089
f 3957/4371/4091 3984/4372/4092 3985/4373/4093 3953/4365/4085 3956/4368/4088
f 3983/4374/4094 3957/4371/4091 3956/4368/4088 3958/4370/4090 3959/4375/4095
f 3959/4375/4095 3958/4370/4090 3960/4376/4096 3961/4377/4097 3982/4378/4098
f 3958/4370/4090 3955/4369/4089 3963/4379/4099 3960/4376/4096
f 3981/4380/4100 3961/4377/4097 3960/4376/4096 3962/4381/4101 3968/4382/4102
f 3962/4381/4101 3960/4376/4096 3963/4379/4099 3965/4202/3922
f 3966/4289/4009 3964/4383/4103 3963/4379/4099 3955/4369/4089
f 3784/4201/3921 3965/4202/3922 3963/4379/4099 3964/4383/4103
f 3971/4384/4104 3969/4385/4105 3962/4381/4101 3965/4202/3922 3783/4198/3918
f 3966/4289/4009 3876/4283/4003 3967/4285/4005 3964/4383/4103
f 3784/4201/3921 3964/4383/4103 3967/4285/4005 3786/4203/3923
f 3788/4206/3926 3786/4203/3923 3967/4285/4005 3877/4282/4002
f 3970/4386/4106 3968/4382/4102 3962/4381/4101 3969/4385/4105
f 3971/4384/4104 3783/4198/3918 3780/4196/3916 3973/4387/4107 3972/4388/4108
f 3974/4389/4109 3973/4387/4107 3780/4196/3916 3778/4192/3912 3975/4390/4110
f 3975/4390/4110 3778/4192/3912 3775/4191/3911 3977/4391/4111 3976/4392/4112
f 3978/4194/3914 3977/4391/4111 3775/4191/3911
f 3979/4193/3913 3776/4177/3897 3759/4172/3892 3980/4174/3894
f 3986/4393/4113 3987/4362/4082 3948/4361/4081 3953/4365/4085 3985/4373/4093
f 3947/4360/4080 3989/4394/106 3949/4359/4079
f 3990/4395/4114 3991/4396/4115 3992/4352/4072 3944/4357/4077 3949/4359/4079
f 3993/4397/4116 3994/4353/4073 3992/4352/4072 3991/4396/4115
f 3915/4325/4045 3906/4319/4039 3940/4321/4041 3926/4342/4062
f 3919/976/785 3996/4331/4051 3997/4398/4117 3998/977/786
f 3909/4322/4042 3481/3896/3616 3483/3897/3617 3999/4323/4043
f 4000/4399/4118 3902/4313/4033 3904/4315/4035 3999/4323/4043
f 4000/4399/4118 3999/4323/4043 3483/3897/3617 3485/3899/3619
f 4000/4399/4118 4001/4400/4119 4003/4314/4034 3902/4313/4033
f 4000/4399/4118 3485/3899/3619 3487/3901/3621 4001/4400/4119
f 4002/4401/4120 4001/4400/4119 3487/3901/3621 3489/3903/3623
f 4002/4401/4120 4004/4402/4121 4003/4314/4034 4001/4400/4119
f 3894/4304/4024 3897/4306/4026 4003/4314/4034 4004/4402/4121
f 3894/4304/4024 4004/4402/4121 4005/4403/4122 4006/4305/4025
f 4002/4401/4120 4008/4404/4123 4005/4403/4122 4004/4402/4121
f 4013/4405/4124 4006/4305/4025 4005/4403/4122 4007/4406/4125
f 4009/4407/4126 4007/4406/4125 4005/4403/4122 4008/4404/4123
f 4002/4401/4120 3489/3903/3623 4010/3905/3625 4008/4404/4123
f 4009/4407/4126 4008/4404/4123 4010/3905/3625 4011/3911/3631
f 3495/3907/3627 4011/3911/3631 4010/3905/3625 3490/3904/3624
f 4009/4407/4126 4011/3911/3631 3498/3910/3630 3503/3915/3635
f 4009/4407/4126 3503/3915/3635 4012/3918/3638 4007/4406/4125
f 4013/4405/4124 4007/4406/4125 4012/3918/3638 4015/4408/4127
f 4013/4405/4124 4014/4409/4128 3895/4303/4023 4006/4305/4025
f 4013/4405/4124 4015/4408/4127 4016/4410/4129 4014/4409/4128
f 3553/3959/3679 3555/3960/3680 4016/4410/4129 4015/4408/4127
f 3553/3959/3679 4015/4408/4127 4012/3918/3638 3504/3917/3637
f 3557/3961/3681 3564/3969/3689 4016/4410/4129 3555/3960/3680
f 4017/3970/3690 4014/4409/4128 4016/4410/4129 3564/3969/3689
f 4017/3970/3690 3888/4296/4016 3895/4303/4023 4014/4409/4128
f 3788/4206/3926 3877/4282/4002 3874/4280/4000 4018/4207/3927
f 3797/4216/3936 4018/4207/3927 3874/4280/4000 3870/4221/3941
f 20/28/28 3579/29/29 3577/3984/3704 3559/3965/3685
f 3561/3966/3686 3559/3965/3685 3577/3984/3704 3569/3975/3695
f 125/333/151 3508/3921/3641 3501/3913/3633 128/336/154
f 150/365/183 142/356/174 139/355/173 3470/3883/3603
f 756/1004/813 3461/3877/3597 4024/1000/809 749/999/808
f 756/1004/813 4025/1009/818 3459/3874/3594 3461/3877/3597
f 765/1019/828 3457/3873/3593 3459/3874/3594 4025/1009/818
f 765/1019/828 767/1020/829 4026/1028/837 3457/3873/3593
f 3451/1033/842 3453/3868/3588 4026/1028/837 772/1027/836
f 173/381/199 161/378/196 3446/3864/3584 177/395/213
f 4028/3790/3510 4027/463/281 3363/3793/3513 3358/3791/3511
f 4028/3790/3510 4029/4411/4130 232/464/282 4027/463/281
f 4028/3790/3510 3355/3787/3507 3353/3786/3506 4029/4411/4130
f 4030/4412/4131 234/465/283 232/464/282 4029/4411/4130
f 4030/4412/4131 4029/4411/4130 3353/3786/3506 4031/3785/3505
f 4030/4412/4131 4031/3785/3505 4033/4413/4132 4032/476/294
f 4030/4412/4131 4032/476/294 236/466/284 234/465/283
f 242/475/293 4032/476/294 4033/4413/4132 4034/4414/4133
f 3342/3771/3491 4034/4414/4133 4033/4413/4132 3345/3773/3493
f 3347/3778/3498 3345/3773/3493 4033/4413/4132 4031/3785/3505
f 242/475/293 4034/4414/4133 4035/4415/4134 4036/481/299
f 3342/3771/3491 3340/3772/3492 4035/4415/4134 4034/4414/4133
f 4038/4416/4135 4036/481/299 4035/4415/4134 4037/535/353
f 290/534/352 4037/535/353 4035/4415/4134 3340/3772/3492
f 4038/4416/4135 4037/535/353 289/533/351 4039/4417/4136
f 4038/4416/4135 253/489/307 246/482/300 4036/481/299
f 4038/4416/4135 4039/4417/4136 4040/492/310 253/489/307
f 279/522/340 4041/524/342 4040/492/310 4039/4417/4136
f 279/522/340 4039/4417/4136 289/533/351 282/523/341
f 260/498/316 252/490/308 4040/492/310 4041/524/342
f 260/498/316 4041/524/342 280/510/328 263/501/319
f 4042/3782/3502 3351/3783/3503 3296/3727/3453 3299/3726/3452
f 4042/4418/3502 4043/4419/4137 4044/4420/4138 3350/4421/3501
f 4042/4418/3502 3299/3732/3452 3302/3731/3456 4043/4419/4137
f 4045/4422/4139 4046/4423/4140 4044/4420/4138 4043/4419/4137
f 4045/4422/4139 4043/4419/4137 3302/3731/3456 4048/3737/3460
f 4045/4422/4139 4047/3753/3476 3323/3752/3475 4046/4423/4140
f 4045/4422/4139 4048/3737/3460 4049/3743/3466 4047/3753/3476
f 3301/3735/3458 3307/3739/3462 4049/3743/3466 4048/3737/3460
f 3317/3747/3470 4047/3753/3476 4049/3743/3466 3310/3742/3465
f 4050/3758/3481 4051/4424/4141 4044/4420/4138 4046/4423/4140
f 4050/3758/3481 4046/4423/4140 3323/3752/3475 3325/3751/3474
f 4050/3758/3481 3329/3759/3482 4052/4425/4142 4051/4424/4141
f 3348/4426/3496 4051/4424/4141 4052/4425/4142 3344/4427/3495
f 3348/4426/3496 3350/4421/3501 4044/4420/4138 4051/4424/4141
f 3331/3760/3483 3335/4428/3486 4052/4425/4142 3329/3759/3482
f 3338/4429/3487 3344/4427/3495 4052/4425/4142 3335/4428/3486
f 3327/3764/3479 689/926/741 313/561/379 311/560/378
f 3320/937/751 763/1015/824 760/1011/820 698/938/752
f 4054/4430/4143 4056/4431/4144 3216/3642/3372 3218/3641/3371
f 4054/4430/4143 3218/3641/3371 2933/3332/3073 2935/3334/3075
f 4054/4430/4143 4055/4432/4145 4058/4433/4146 4056/4431/4144
f 4054/4430/4143 2935/3334/3075 2937/3336/3077 4055/4432/4145
f 4057/4434/4147 4076/3643/3373 3216/3642/3372 4056/4431/4144
f 4057/4434/4147 4056/4431/4144 4058/4433/4146 4059/4435/4148
f 4062/4436/4149 4059/4435/4148 4058/4433/4146 4060/4437/4150
f 4063/4438/4151 4060/4437/4150 4058/4433/4146 4055/4432/4145
f 4063/4438/4151 4064/3352/3093 4061/4439/4152 4060/4437/4150
f 4062/4436/4149 4060/4437/4150 4061/4439/4152 4066/4440/4153
f 4063/4438/4151 4065/3339/3080 2944/3346/3087 4064/3352/3093
f 4063/4438/4151 4055/4432/4145 2937/3336/3077 4065/3339/3080
f 2948/3350/3091 4081/4441/4154 4061/4439/4152 4064/3352/3093
f 4062/4436/4149 4066/4440/4153 4068/4442/4155 4067/4443/4156
f 4062/4436/4149 4067/4443/4156 4070/4444/4157 4059/4435/4148
f 4069/4445/4158 4067/4443/4156 4068/4442/4155 4078/3438/3179
f 4069/4445/4158 4072/4446/4159 4070/4444/4157 4067/4443/4156
f 4057/4434/4147 4059/4435/4148 4070/4444/4157 4071/4447/4160
f 4073/4448/4161 4071/4447/4160 4070/4444/4157 4072/4446/4159
f 4069/4445/4158 4077/3467/3204 3054/3466/3203 4072/4446/4159
f 4073/4448/4161 4072/4446/4159 3054/3466/3203 3056/3465/3202
f 4073/4448/4161 4074/4449/4162 4075/4450/4163 4071/4447/4160
f 4073/4448/4161 3056/3465/3202 3058/3469/3206 4074/4449/4162
f 3205/3628/3358 3208/3631/3361 4075/4450/4163 4074/4449/4162
f 3205/3628/3358 4074/4449/4162 3058/3469/3206 3061/3472/3209
f 3211/3634/3364 4076/3643/3373 4075/4450/4163 3208/3631/3361
f 4057/4434/4147 4071/4447/4160 4075/4450/4163 4076/3643/3373
f 4069/4445/4158 4078/3438/3179 3027/3437/3178 4077/3467/3204
f 3023/3432/3173 4078/3438/3179 4068/4442/4155 4079/3433/3174
f 3048/3456/3193 4077/3467/3204 3027/3437/3178 3029/3439/3180
f 4080/4451/4164 4079/3433/3174 4068/4442/4155 4066/4440/4153
f 4080/4451/4164 4082/4452/4165 3022/3430/3171 4079/3433/3174
f 4080/4451/4164 4081/4441/4154 4084/4453/4166 4082/4452/4165
f 4080/4451/4164 4066/4440/4153 4061/4439/4152 4081/4441/4154
f 4083/3365/3106 4082/4452/4165 4084/4453/4166 2961/3363/3104
f 4083/3365/3106 3020/3428/3169 3022/3430/3171 4082/4452/4165
f 2953/3353/3094 2961/3363/3104 4084/4453/4166 2950/3351/3092
f 2948/3350/3091 2950/3351/3092 4084/4453/4166 4081/4441/4154
f 4083/3365/3106 2960/3366/3107 3018/3426/3167 3020/3428/3169
f 3068/3482/3219 3184/3620/3339 3195/3619/3350 3066/3481/3218
f 3127/3549/3283 784/1044/853 778/1037/846 4085/1036/845
f 3112/3533/3267 3110/1061/870 791/1055/864 4086/1054/863
f 796/1060/869 3109/3532/3266 4087/4454/4167 798/1062/871
f 3107/3527/3261 4088/4455/4168 4087/4454/4167 3109/3532/3266
f 801/1063/872 798/1062/871 4087/4454/4167 808/1072/881
f 4089/1075/884 808/1072/881 4087/4454/4167 4088/4455/4168
f 3107/3527/3261 3105/3528/3262 4090/4456/4169 4088/4455/4168
f 4089/1075/884 4088/4455/4168 4090/4456/4169 818/1088/897
f 4092/3529/3263 4091/4457/4170 4090/4456/4169 3105/3528/3262
f 820/1087/896 818/1088/897 4090/4456/4169 4091/4457/4170
f 4092/3529/3263 889/1162/971 887/1161/970 4091/4457/4170
f 820/1087/896 4091/4457/4170 887/1161/970 822/1091/900
f 4092/3529/3263 3101/3522/3256 892/1163/972 889/1162/971
f 3094/3515/3249 3091/3512/3246 4093/1179/988 902/1176/985
f 3084/3504/3238 4094/3505/3239 4093/1179/988 3091/3512/3246
f 4095/1181/990 901/1177/986 4093/1179/988 4094/3505/3239
f 4095/1181/990 4094/3505/3239 3083/3501/3235 4096/4458/4171
f 4095/1181/990 4096/4458/4171 4098/1188/997 906/1182/991
f 4097/4459/4172 4099/4460/4173 4098/1188/997 4096/4458/4171
f 4097/4459/4172 4096/4458/4171 3083/3501/3235 3080/3499/3233
f 4101/4461/4174 910/1186/995 4098/1188/997 4099/4460/4173
f 4097/4459/4172 4118/4462/4175 4100/4463/4176 4099/4460/4173
f 4101/4461/4174 4099/4460/4173 4100/4463/4176 4103/4464/4177
f 4101/4461/4174 4102/4465/4178 912/1187/996 910/1186/995
f 4101/4461/4174 4103/4464/4177 4105/4466/4179 4102/4465/4178
f 4104/4467/4180 4103/4464/4177 4100/4463/4176 4116/4468/4181
f 4104/4467/4180 4106/4469/4182 4105/4466/4179 4103/4464/4177
f 4108/4470/4183 4107/4471/4184 4105/4466/4179 4106/4469/4182
f 4109/4472/4185 4102/4465/4178 4105/4466/4179 4107/4471/4184
f 4108/4470/4183 4110/1196/1005 917/1192/1001 4107/4471/4184
f 4109/4472/4185 4107/4471/4184 917/1192/1001 914/1190/999
f 4109/4472/4185 914/1190/999 912/1187/996 4102/4465/4178
f 4108/4470/4183 4106/4469/4182 4112/4473/4186 4111/4474/4187
f 4108/4470/4183 4111/4474/4187 926/1204/1013 4110/1196/1005
f 3031/1214/1023 928/1205/1014 926/1204/1013 4111/4474/4187
f 3031/1214/1023 4111/4474/4187 4112/4473/4186 3046/4475/3184
f 3049/4476/3195 3046/4475/3184 4112/4473/4186 4113/4477/4188
f 4104/4467/4180 4113/4477/4188 4112/4473/4186 4106/4469/4182
f 4104/4467/4180 4116/4468/4181 4114/4478/4189 4113/4477/4188
f 3049/4476/3195 4113/4477/4188 4114/4478/4189 3052/4479/3198
f 4117/4480/4190 4115/4481/4191 4114/4478/4189 4116/4468/4181
f 4119/4482/3201 3052/4479/3198 4114/4478/4189 4115/4481/4191
f 4117/4480/4190 4116/4468/4181 4100/4463/4176 4118/4462/4175
f 4117/4480/4190 3076/3496/3230 4120/3495/3229 4115/4481/4191
f 4117/4480/4190 4118/4462/4175 3078/3497/3231 3076/3496/3230
f 4097/4459/4172 3080/3499/3233 3078/3497/3231 4118/4462/4175
f 4119/4482/3201 4115/4481/4191 4120/3495/3229 4121/4483/3215
f 3064/3487/3214 4121/4483/3215 4120/3495/3229 3071/3488/3222
f 4119/3464/3201 4121/3478/3215 3059/3470/3207 3051/3463/3200
f 2963/3367/3108 4122/3427/3168 3018/3426/3167 2960/3366/3107
f 3013/3417/3158 4122/3427/3168 4123/4484/4192 3009/3415/3156
f 2963/3367/3108 2965/3370/3111 4123/4484/4192 4122/3427/3168
f 3006/3413/3154 3009/3415/3156 4123/4484/4192 4124/3382/3123
f 2969/3371/3112 4124/3382/3123 4123/4484/4192 2965/3370/3111
f 3006/3413/3154 4124/3382/3123 2974/3381/3122 3004/3409/3150
f 3000/3405/3146 3004/3409/3150 2974/3381/3122 2976/3380/3121
f 3000/3405/3146 2976/3380/3121 2978/3384/3125 2993/3400/3141
f 969/1258/1063 967/1259/1064 2995/3401/3142 1121/1431/1236
f 1123/1432/1237 1121/1431/1236 2995/3401/3142 2990/3399/3140
f 2983/3389/3130 4191/4485/4193 4125/4486/4194 2986/3391/3132
f 4126/3395/3136 2986/3391/3132 4125/4486/4194 4127/4487/4195
f 4126/3395/3136 4128/4488/4196 4129/3397/3138 2985/3394/3135
f 4126/3395/3136 4127/4487/4195 4131/4489/4197 4128/4488/4196
f 4130/4490/4198 4210/1441/1246 4129/3397/3138 4128/4488/4196
f 4130/4490/4198 4128/4488/4196 4131/4489/4197 4132/4491/4199
f 4134/4492/4200 4132/4491/4199 4131/4489/4197 4133/4493/4201
f 4135/4494/4202 4133/4493/4201 4131/4489/4197 4127/4487/4195
f 4134/4492/4200 4133/4493/4201 4136/4495/4203 4139/4496/4204
f 4135/4494/4202 4137/4497/4205 4136/4495/4203 4133/4493/4201
f 4158/4498/4206 4138/4499/4207 4136/4495/4203 4137/4497/4205
f 4140/4500/4208 4139/4496/4204 4136/4495/4203 4138/4499/4207
f 4140/4500/4208 4143/4501/4209 4141/4502/4210 4139/4496/4204
f 4134/4492/4200 4139/4496/4204 4141/4502/4210 4144/4503/4211
f 4146/4504/4212 4144/4503/4211 4141/4502/4210 4142/4505/4213
f 4153/3130/2884 4142/4505/4213 4141/4502/4210 4143/4501/4209
f 4146/4504/4212 4147/4506/4214 4145/4507/4215 4144/4503/4211
f 4134/4492/4200 4144/4503/4211 4145/4507/4215 4132/4491/4199
f 4146/4504/4212 4148/1459/1264 1144/1457/1262 4147/4506/4214
f 4146/4504/4212 4142/4505/4213 4149/4508/4216 4148/1459/1264
f 1145/1458/1263 4148/1459/1264 4149/4508/4216 4150/4509/4217
f 2736/3123/2877 4150/4509/4217 4149/4508/4216 2739/3125/2879
f 4153/3130/2884 2739/3125/2879 4149/4508/4216 4142/4505/4213
f 1145/1458/1263 4150/4509/4217 4151/1469/1274 1147/1460/1265
f 2736/3123/2877 2733/3124/2878 4151/1469/1274 4150/4509/4217
f 4234/1475/1280 1152/1467/1272 4151/1469/1274 2733/3124/2878
f 1135/1446/1251 4152/1448/1253 4145/4507/4215 4147/4506/4214
f 1135/1446/1251 4147/4506/4214 1144/1457/1262 1137/1447/1252
f 4130/4490/4198 4132/4491/4199 4145/4507/4215 4152/1448/1253
f 4130/4490/4198 4152/1448/1253 1131/1442/1247 4210/1441/1246
f 4140/4500/4208 4154/3136/2890 2745/3132/2886 4143/4501/4209
f 4153/3130/2884 4143/4501/4209 2745/3132/2886 2738/3129/2883
f 4140/4500/4208 4138/4499/4207 4155/4510/4218 4154/3136/2890
f 2746/3135/2889 4154/3136/2890 4155/4510/4218 4156/4511/4219
f 4160/4512/4220 4156/4511/4219 4155/4510/4218 4157/4513/4221
f 4158/4498/4206 4157/4513/4221 4155/4510/4218 4138/4499/4207
f 4158/4498/4206 4193/4514/4222 4159/4515/4223 4157/4513/4221
f 4160/4512/4220 4157/4513/4221 4159/4515/4223 4162/4516/4224
f 4160/4512/4220 4161/4517/4225 4179/4518/4226 4156/4511/4219
f 4160/4512/4220 4162/4516/4224 4163/4519/4227 4161/4517/4225
f 4164/4520/4228 4165/4521/4229 4163/4519/4227 4162/4516/4224
f 4164/4520/4228 4162/4516/4224 4159/4515/4223 4166/4522/4230
f 4164/4520/4228 4167/4523/4231 4169/4524/4232 4165/4521/4229
f 4164/4520/4228 4166/4522/4230 4168/4525/4233 4167/4523/4231
f 2878/3273/3014 4167/4523/4231 4168/4525/4233 2881/3276/3017
f 2878/3273/3014 2876/3272/3013 4169/4524/4232 4167/4523/4231
f 4171/4526/4234 4165/4521/4229 4169/4524/4232 4170/4527/4235
f 2874/3271/3012 4170/4527/4235 4169/4524/4232 2876/3272/3013
f 2874/3271/3012 4174/3234/2975 4172/4528/4236 4170/4527/4235
f 4171/4526/4234 4170/4527/4235 4172/4528/4236 4173/3207/2955
f 2812/3206/2954 4173/3207/2955 4172/4528/4236 4175/3211/2959
f 2835/3231/2972 4175/3211/2959 4172/4528/4236 4174/3234/2975
f 2835/3231/2972 2829/3224/2967 2816/3212/2960 4175/3211/2959
f 4171/4526/4234 4173/3207/2955 2811/3203/2951 4176/4529/4237
f 4171/4526/4234 4176/4529/4237 4163/4519/4227 4165/4521/4229
f 4177/4530/4238 4176/4529/4237 2811/3203/2951 2809/3202/2950
f 4177/4530/4238 4161/4517/4225 4163/4519/4227 4176/4529/4237
f 4177/4530/4238 4178/4531/4239 4179/4518/4226 4161/4517/4225
f 4177/4530/4238 2809/3202/2950 2807/3201/2949 4178/4531/4239
f 2751/3140/2894 2748/3137/2891 4179/4518/4226 4178/4531/4239
f 2751/3140/2894 4178/4531/4239 2807/3201/2949 2753/3143/2897
f 2746/3135/2889 4156/4511/4219 4179/4518/4226 2748/3137/2891
f 4182/4532/4240 4180/4533/4241 4168/4525/4233 4166/4522/4230
f 4181/3279/3020 2881/3276/3017 4168/4525/4233 4180/4533/4241
f 4181/3279/3020 4180/4533/4241 4183/4534/4242 4184/4535/4243
f 4182/4532/4240 4185/4536/4244 4183/4534/4242 4180/4533/4241
f 4188/4537/4245 4184/4535/4243 4183/4534/4242 4186/4538/4246
f 4189/4539/4247 4186/4538/4246 4183/4534/4242 4185/4536/4244
f 4189/4539/4247 4191/4485/4193 4187/4540/4248 4186/4538/4246
f 4188/4537/4245 4186/4538/4246 4187/4540/4248 4194/4541/4249
f 4189/4539/4247 4190/4542/4250 4125/4486/4194 4191/4485/4193
f 4189/4539/4247 4185/4536/4244 4192/4543/4251 4190/4542/4250
f 2983/3389/3130 2981/3390/3131 4187/4540/4248 4191/4485/4193
f 4135/4494/4202 4190/4542/4250 4192/4543/4251 4137/4497/4205
f 4135/4494/4202 4127/4487/4195 4125/4486/4194 4190/4542/4250
f 4158/4498/4206 4137/4497/4205 4192/4543/4251 4193/4514/4222
f 4182/4532/4240 4193/4514/4222 4192/4543/4251 4185/4536/4244
f 4182/4532/4240 4166/4522/4230 4159/4515/4223 4193/4514/4222
f 4188/4537/4245 4194/4541/4249 4198/4544/4252 4195/4545/4253
f 4188/4537/4245 4195/4545/4253 4196/4546/4254 4184/4535/4243
f 4197/4547/4255 4205/4548/4256 4196/4546/4254 4195/4545/4253
f 4197/4547/4255 4195/4545/4253 4198/4544/4252 4199/4549/4257
f 4209/3379/3120 2972/3374/3115 4198/4544/4252 4194/4541/4249
f 2968/3373/3114 4199/4549/4257 4198/4544/4252 2972/3374/3115
f 2968/3373/3114 2966/3368/3109 4200/4550/4258 4199/4549/4257
f 4197/4547/4255 4199/4549/4257 4200/4550/4258 4201/4551/4259
f 2958/3361/3102 2956/3360/3101 4200/4550/4258 2966/3368/3109
f 4202/3359/3100 4201/4551/4259 4200/4550/4258 2956/3360/3101
f 4202/3359/3100 4204/4552/4260 4203/4553/4261 4201/4551/4259
f 4197/4547/4255 4201/4551/4259 4203/4553/4261 4205/4548/4256
f 2884/3281/3022 4205/4548/4256 4203/4553/4261 2886/3282/3023
f 2889/3285/3026 2886/3282/3023 4203/4553/4261 4204/4552/4260
f 2884/3281/3022 2882/3280/3021 4196/4546/4254 4205/4548/4256
f 2889/3285/3026 4204/4552/4260 4206/4554/4262 2892/3288/3029
f 4202/3359/3100 2955/3356/3097 4206/4554/4262 4204/4552/4260
f 2896/3291/3032 2892/3288/3029 4206/4554/4262 4207/4555/4263
f 2952/3355/3096 4207/4555/4263 4206/4554/4262 2955/3356/3097
f 2952/3355/3096 2946/3348/3089 4208/3347/3088 4207/4555/4263
f 2896/3291/3032 4207/4555/4263 4208/3347/3088 2899/3296/3037
f 4211/3299/3040 2899/3296/3037 4208/3347/3088 2942/3344/3085
f 4181/3279/3020 4184/4535/4243 4196/4546/4254 2882/3280/3021
f 4209/3379/3120 4194/4541/4249 4187/4540/4248 2981/3390/3131
f 1128/1438/1243 1126/1437/1242 4129/3397/3138 4210/1441/1246
f 4212/3314/3055 2925/3323/3064 2919/3315/3056 2912/3313/3054
f 845/1115/924 2903/3300/3041 2905/3302/3043 842/1113/922
f 845/1115/924 2860/3258/2999 2901/3261/3002 2903/3300/3041
f 2895/3293/3034 2864/3260/3001 2866/3262/3003 2893/3290/3031
f 2890/3287/3028 2893/3290/3031 2866/3262/3003 2868/3264/3005
f 2890/3287/3028 2868/3264/3005 2870/3266/3007 2887/3284/3025
f 2879/3275/3016 2887/3284/3025 2870/3266/3007 2872/3268/3009
f 2854/1203/1012 2856/1126/935 851/1125/934 924/1199/1008
f 2846/4556/2987 943/1230/1033 945/1229/1035 4213/4557/2988
f 2831/3229/2970 2833/3230/2971 2841/3239/2980 4213/3247/2988
f 2831/3228/2970 4213/4557/2988 945/1229/1035 947/1232/1037
f 4214/3185/2906 2792/3180/2932 2790/3178/2930 2763/4558/2907
f 2765/4559/2908 2763/4558/2907 2790/3178/2930 2788/3177/2929
f 2765/4559/2908 2788/3177/2929 2771/3162/2914 2767/3161/2909
f 2785/1283/1088 988/1284/1089 4215/4560/4264 2782/3173/2925
f 2780/3171/2923 2782/3173/2925 4215/4560/4264 4216/4561/4265
f 4218/4562/4266 4216/4561/4265 4215/4560/4264 4217/1294/1099
f 990/1285/1090 4217/1294/1099 4215/4560/4264 988/1284/1089
f 4218/4562/4266 4217/1294/1099 995/1293/1098 4219/1299/1104
f 4218/4562/4266 4220/4563/4267 4221/4564/4268 4216/4561/4265
f 4218/4562/4266 4219/1299/1104 4223/4565/4269 4220/4563/4267
f 4222/4566/4270 4229/4567/4271 4221/4564/4268 4220/4563/4267
f 4222/4566/4270 4220/4563/4267 4223/4565/4269 4224/4568/4272
f 999/1298/1103 4225/1306/1111 4223/4565/4269 4219/1299/1104
f 4226/4569/4273 4224/4568/4272 4223/4565/4269 4225/1306/1111
f 4226/4569/4273 4225/1306/1111 1003/1305/1110 4227/1311/1116
f 4226/4569/4273 4228/3052/2810 2672/3051/2809 4224/4568/4272
f 4226/4569/4273 4227/1311/1116 1016/1323/1128 4228/3052/2810
f 2668/3047/2805 4228/3052/2810 1016/1323/1128 1018/1322/1127
f 4222/4566/4270 4224/4568/4272 2672/3051/2809 2674/3053/2811
f 4222/4566/4270 2674/3053/2811 2677/3055/2813 4229/4567/4271
f 4230/3169/2921 2778/3170/2922 4221/4564/4268 4229/4567/4271
f 4230/3169/2921 4229/4567/4271 2677/3055/2813 4231/3059/2817
f 4230/3169/2921 4231/3059/2817 4232/3073/2831 2777/3168/2920
f 2676/3057/2815 2690/3061/2819 4232/3073/2831 4231/3059/2817
f 2775/3078/2836 2777/3168/2920 4232/3073/2831 2691/3072/2830
f 2780/3171/2923 4216/4561/4265 4221/4564/4268 2778/3170/2922
f 2750/3138/2892 2758/3108/2862 2718/3107/2861 2724/3111/2865
f 2750/3138/2892 2724/3111/2865 2741/3113/2867 2743/3131/2885
f 2730/3117/2871 4235/4570/4274 4233/1479/1284 2734/3120/2874
f 4234/1475/1280 2734/3120/2874 4233/1479/1284 1156/1474/1279
f 4236/1485/1290 1160/1480/1285 4233/1479/1284 4235/4570/4274
f 2730/3117/2871 2728/3116/2870 4237/1504/1309 4235/4570/4274
f 4236/1485/1290 4235/4570/4274 4237/1504/1309 1173/1498/1303
f 2726/3115/2869 1177/1502/1307 4237/1504/1309 2728/3116/2870
f 2726/3115/2869 1186/1512/1317 1179/1503/1308 1177/1502/1307
f 1624/1538/1343 1203/1535/1340 2706/3096/2850 4238/1970/1775
f 4239/4571/4275 4238/1970/1775 2706/3096/2850 2704/3093/2847
f 4239/4571/4275 4241/4572/4276 1625/1971/1776 4238/1970/1775
f 4239/4571/4275 4240/3082/2839 4243/4573/4277 4241/4572/4276
f 4239/4571/4275 2704/3093/2847 2697/3083/2840 4240/3082/2839
f 4242/4574/4278 4241/4572/4276 4243/4573/4277 4245/4575/4279
f 4242/4574/4278 1627/1972/1777 1625/1971/1776 4241/4572/4276
f 2693/3081/2833 4244/4576/2835 4243/4573/4277 4240/3082/2839
f 4246/4577/4280 4245/4575/4279 4243/4573/4277 4244/4576/2835
f 4242/4574/4278 4245/4575/4279 4247/4578/4281 4250/4579/4282
f 4246/4577/4280 4249/4580/4283 4247/4578/4281 4245/4575/4279
f 4251/4581/4284 4250/4579/4282 4247/4578/4281 4248/4582/4285
f 4259/4583/4286 4248/4582/4285 4247/4578/4281 4249/4580/4283
f 4242/4574/4278 4250/4579/4282 1630/1973/1778 1627/1972/1777
f 4251/4581/4284 4252/1978/1783 1630/1973/1778 4250/4579/4282
f 4251/4581/4284 4248/4582/4285 4256/4584/4287 4253/4585/4288
f 4251/4581/4284 4253/4585/4288 4255/4586/4289 4252/1978/1783
f 4254/4587/4290 4253/4585/4288 4256/4584/4287 4257/4588/4291
f 4254/4587/4290 4284/4589/4292 4255/4586/4289 4253/4585/4288
f 4260/4590/4293 4257/4588/4291 4256/4584/4287 4258/4591/4294
f 4259/4583/4286 4258/4591/4294 4256/4584/4287 4248/4582/4285
f 4259/4592/4286 4262/4593/4295 4261/4594/4296 4258/4595/4294
f 4260/4596/4293 4258/4595/4294 4261/4594/4296 4264/4597/4297
f 4287/4598/4298 4263/4599/4299 4261/4594/4296 4262/4593/4295
f 4266/4600/4300 4264/4597/4297 4261/4594/4296 4263/4599/4299
f 4266/4600/4300 4268/4601/4301 4265/4602/4302 4264/4597/4297
f 4260/4596/4293 4264/4597/4297 4265/4602/4302 4280/4603/4303
f 4266/4600/4300 4263/4599/4299 4285/4604/4304 4267/4605/4305
f 4266/4600/4300 4267/4605/4305 4269/4606/4306 4268/4601/4301
f 4270/4607/4307 4268/4601/4301 4269/4606/4306 4273/4608/4308
f 4270/4607/4307 4271/4609/4309 4265/4602/4302 4268/4601/4301
f 4270/4610/4307 4272/2031/1836 4275/4611/4310 4271/4612/4309
f 4270/4610/4307 4273/4613/4308 1678/2032/1837 4272/2031/1836
f 4274/2043/1845 4273/4608/4308 4269/4606/4306 1685/2044/1846
f 4274/4614/1845 1680/2033/1838 1678/2032/1837 4273/4613/4308
f 1677/2030/1835 4276/2007/1812 4275/4611/4310 4272/2031/1836
f 1653/2001/1806 4277/2002/1807 4275/4611/4310 4276/2007/1812
f 4278/4615/4311 4271/4612/4309 4275/4611/4310 4277/2002/1807
f 4278/4615/4311 4277/2002/1807 1649/1996/1801 4279/1995/1800
f 4278/4615/4311 4279/1995/1800 4281/4616/4312 4280/4617/4303
f 4278/4618/4311 4280/4603/4303 4265/4602/4302 4271/4609/4309
f 4260/4590/4293 4280/4617/4303 4281/4616/4312 4257/4588/4291
f 4254/4587/4290 4257/4588/4291 4281/4616/4312 4282/4619/4313
f 1648/1994/1799 4282/4619/4313 4281/4616/4312 4279/1995/1800
f 1648/1994/1799 1646/1991/1796 4283/4620/4314 4282/4619/4313
f 4254/4587/4290 4282/4619/4313 4283/4620/4314 4284/4589/4292
f 1636/1981/1786 4284/4589/4292 4283/4620/4314 1639/1983/1788
f 1643/1986/1791 1639/1983/1788 4283/4620/4314 1646/1991/1796
f 1636/1981/1786 1634/1979/1784 4255/4586/4289 4284/4589/4292
f 1677/2030/1835 1675/2025/1830 1657/2008/1813 4276/2007/1812
f 1687/2045/1847 1685/2044/1846 4269/4606/4306 4267/4605/4305
f 1687/2045/1847 4267/4605/4305 4285/4604/4304 1689/2048/1850
f 1692/2049/1851 1689/2048/1850 4285/4604/4304 4286/4621/4315
f 4287/4598/4298 4286/4621/4315 4285/4604/4304 4263/4599/4299
f 1692/2049/1851 4286/4621/4315 2683/3063/2821 1695/2052/1854
f 4287/4598/4298 2686/3065/2823 2683/3063/2821 4286/4621/4315
f 4287/4598/4298 4262/4593/4295 4288/3069/2827 2686/3065/2823
f 4259/4592/4286 4249/4622/4283 4288/3069/2827 4262/4593/4295
f 4246/4623/4280 2685/3067/2825 4288/3069/2827 4249/4622/4283
f 1629/1976/1781 4252/1978/1783 4255/4586/4289 1634/1979/1784
f 4246/4623/4280 4244/3077/2835 2688/3068/2826 2685/3067/2825
f 2652/3035/2793 4289/2214/1997 1736/2105/1899 1733/2104/1898
f 1838/2118/1912 1738/2109/1903 1736/2105/1899 4289/2214/1997
f 1666/2018/1823 1659/2009/1814 1657/2008/1813 1675/2025/1830
f 1398/1757/1562 1439/1800/1605 1437/1799/1604 4290/1758/1563
f 1410/1768/1573 4290/1758/1563 1437/1799/1604 1413/1771/1576
f 1410/1768/1573 1403/1762/1567 1399/1759/1564 4290/1758/1563
f 1162/1482/1287 4293/1489/1294 1300/1646/1451 1302/1648/1453
f 4294/4624/4316 4292/1647/1452 1300/1646/1451 4293/1489/1294
f 4294/4624/4316 4293/1489/1294 1166/1488/1293 4296/4625/4317
f 4294/4624/4316 4295/4626/4318 4317/4627/4319 4292/1647/1452
f 4294/4624/4316 4296/4625/4317 4297/4628/4320 4295/4626/4318
f 4298/4629/4321 4299/4630/4322 4297/4628/4320 4296/4625/4317
f 4298/4629/4321 4296/4625/4317 1166/1488/1293 1168/1490/1295
f 4298/4629/4321 4300/4631/4323 4302/4632/4324 4299/4630/4322
f 4298/4629/4321 1168/1490/1295 1171/1492/1297 4300/4631/4323
f 4301/4633/4325 4300/4631/4323 1171/1492/1297 4318/1496/1301
f 4301/4633/4325 4304/4634/4326 4302/4632/4324 4300/4631/4323
f 4306/4635/4327 4299/4630/4322 4302/4632/4324 4303/4636/4328
f 4305/4637/4329 4303/4636/4328 4302/4632/4324 4304/4634/4326
f 4301/4633/4325 1232/1568/1373 1234/1570/1375 4304/4634/4326
f 4305/4637/4329 4304/4634/4326 1234/1570/1375 1236/1572/1377
f 4305/4637/4329 1260/1599/1404 1263/1601/1406 4303/4636/4328
f 4305/4637/4329 1236/1572/1377 1240/1575/1380 1260/1599/1404
f 4306/4635/4327 4303/4636/4328 1263/1601/1406 4307/1605/1410
f 4306/4635/4327 4308/4638/4330 4297/4628/4320 4299/4630/4322
f 4306/4635/4327 4307/1605/1410 4310/4639/4331 4308/4638/4330
f 4309/4640/4332 4308/4638/4330 4310/4639/4331 4311/4641/4333
f 4309/4640/4332 4295/4626/4318 4297/4628/4320 4308/4638/4330
f 1262/1603/1408 4312/4642/4334 4310/4639/4331 4307/1605/1410
f 4313/1619/1424 4311/4641/4333 4310/4639/4331 4312/4642/4334
f 4313/1619/1424 4312/4642/4334 4314/1609/1414 1278/1618/1423
f 1262/1603/1408 1265/1604/1409 4314/1609/1414 4312/4642/4334
f 1275/1615/1420 1278/1618/1423 4314/1609/1414 1268/1608/1413
f 4313/1619/1424 1277/1620/1425 4315/1626/1431 4311/4641/4333
f 4309/4640/4332 4311/4641/4333 4315/1626/1431 4316/4643/4335
f 1289/1633/1438 4316/4643/4335 4315/1626/1431 1282/1625/1430
f 1289/1633/1438 1291/1636/1441 4317/4627/4319 4316/4643/4335
f 4309/4640/4332 4316/4643/4335 4317/4627/4319 4295/4626/4318
f 1294/1637/1442 4292/1647/1452 4317/4627/4319 1291/1636/1441
f 4301/4633/4325 4318/1496/1301 4319/1569/1374 1232/1568/1373
f 1170/1494/1299 4320/1500/1305 4319/1569/1374 4318/1496/1301
f 1225/1560/1365 1227/1561/1366 4319/1569/1374 4320/1500/1305
f 1225/1560/1365 4320/1500/1305 1175/1499/1304 1181/1507/1312
f 1139/1451/1256 1105/1414/1219 1107/1416/1221 1133/1444/1249
f 985/1280/1085 4321/1282/1087 1094/1402/1207 992/1288/1093
f 1059/1370/1175 1080/1395/1200 1078/1379/1184 1061/1372/1177
f 921/1133/942 924/1199/1008 851/1125/934 854/1124/933
f 861/1135/944 863/1137/946 908/1185/994 915/1191/1000
f 881/1156/965 894/1169/978 870/1146/955 872/1149/958
f 886/1092/901 884/1108/917 830/1099/908 823/1093/902
f 700/939/753 698/938/752 760/1011/820 758/1010/819
f 700/939/753 758/1010/819 4322/1012/821 702/940/754
f 4325/943/757 702/940/754 4322/1012/821 4323/4644/4336
f 751/1002/811 4323/4644/4336 4322/1012/821 753/1003/812
f 751/1002/811 4329/990/799 4324/4645/4337 4323/4644/4336
f 4325/943/757 4323/4644/4336 4324/4645/4337 4326/4646/4338
f 4325/943/757 4326/4646/4338 4327/948/762 703/944/758
f 732/979/788 4328/965/774 4327/948/762 4326/4646/4338
f 732/979/788 4326/4646/4338 4324/4645/4337 734/980/789
f 714/956/768 707/949/763 4327/948/762 4328/965/774
f 737/983/792 734/980/789 4324/4645/4337 4329/990/799
f 709/915/733 711/964/765 674/906/724 677/905/723
f 684/920/735 4330/923/739 705/946/760 682/952/734
f 666/894/712 4332/577/395 680/911/729 672/899/717
f 328/576/394 4331/913/731 680/911/729 4332/577/395
f 679/912/730 4331/913/731 318/567/385 316/566/384
f 328/576/394 320/569/387 318/567/385 4331/913/731
f 671/898/716 4334/901/719 4335/4647/4339
f 4336/4648/4340 4337/4649/4341 669/896/714 671/898/716 4335/4647/4339
f 4338/4650/4342 652/881/699 655/884/702 669/896/714 4337/4649/4341
f 652/881/699 4338/4650/4342 4339/4651/4343 650/882/700
f 658/613/431 357/605/423 355/603/421 660/889/707
f 365/615/433 363/614/432 653/878/696 647/875/693
f 631/862/680 628/858/676 384/638/456 637/637/455
f 620/851/669 386/639/457 384/638/456 628/858/676
f 285/525/343 341/589/407 275/517/335 277/519/337
f 308/553/371 321/557/375 323/550/368 301/549/367
f 168/390/208 171/392/210 202/426/244 205/429/247
f 174/394/212 200/424/242 202/426/244 171/392/210
f 174/394/212 176/397/215 184/406/224 200/424/242
f 4342/4652/4344 4343/4653/4345 79/99/99 83/100/100
f 4344/4654/4346 4345/4655/4347 4346/90/90 79/99/99 4343/4653/4345
f 4347/4656/4348 4348/4657/4349 70/85/85 4346/90/90 4345/4655/4347
f 67/83/83 70/85/85 4348/4657/4349 4349/4658/4350
f 4349/4658/4350 4350/84/84 67/83/83
