# Blender 4.5.4 LTS
# www.blender.org
mtllib perro_pfi.mtl
o 13463_Australian_Cattle_Dog_v3
v 0.518737 0.026967 1.575801
v 0.516447 0.029323 1.562169
v 0.526508 0.024888 1.561793
v 0.528743 0.022982 1.572739
v 0.513213 0.030486 1.548627
v 0.523872 0.026133 1.548889
v 0.536542 0.024611 1.550638
v 0.538263 0.023263 1.562490
v 0.539762 0.021468 1.572711
v 0.498100 0.029111 1.516492
v 0.516197 0.026971 1.521598
v 0.519986 0.026667 1.535068
v 0.508231 0.030636 1.534314
v 0.532670 0.026227 1.525637
v 0.534669 0.025501 1.538088
v 0.567587 0.029259 1.532674
v 0.561412 0.030701 1.545986
v 0.549393 0.026520 1.541345
v 0.549213 0.026871 1.528915
v 0.559968 0.030175 1.557267
v 0.549241 0.025787 1.553448
v 0.561523 0.025414 1.579592
v 0.550934 0.022049 1.574796
v 0.550115 0.024239 1.564956
v 0.560190 0.028465 1.568292
v 0.567310 1.675141 1.713552
v 0.557581 1.706055 1.727843
v 0.540706 1.656211 1.746524
v 0.633522 1.789257 1.545390
v 0.627180 1.818648 1.562110
v 0.616757 1.786373 1.605921
v 0.624002 1.757016 1.589519
v 0.619783 1.847587 1.576173
v 0.608639 1.815091 1.619308
v 0.592415 1.785178 1.661770
v 0.601269 1.756254 1.649247
v 0.609457 1.726574 1.633379
v 0.599521 1.844069 1.630247
v 0.611123 1.876820 1.588149
v 0.571820 1.758555 1.702019
v 0.590389 1.698940 1.675271
v 0.581354 1.729190 1.690421
v 0.626541 1.922512 1.438181
v 0.631176 1.890304 1.421485
v 0.625223 1.917700 1.492821
v 0.631579 1.886916 1.478097
v 0.636589 1.855956 1.461337
v 0.625153 1.881904 1.533921
v 0.637546 1.822247 1.502648
v 0.631954 1.852236 1.519454
v 0.597883 1.836139 1.231180
v 0.625264 1.891113 1.364297
v 0.627277 1.855742 1.343968
v 0.614606 1.887963 1.307682
v 0.625320 1.778553 1.301488
v 0.612594 1.806905 1.266870
v 0.614745 1.848801 1.287243
v 0.627429 1.818440 1.322815
v 0.637435 1.787701 1.359657
v 0.635631 1.749379 1.337412
v 0.637033 1.823531 1.381545
v 0.643320 1.791291 1.420511
v 0.644222 1.756515 1.397895
v 0.642987 1.719385 1.374782
v 0.634799 1.857524 1.402386
v 0.640627 1.824252 1.441898
v 0.639031 1.758613 1.525431
v 0.642223 1.791300 1.482904
v 0.643306 1.726493 1.503057
v 0.645596 1.758967 1.460978
v 0.646623 1.656907 1.454411
v 0.646831 1.688560 1.413735
v 0.647247 1.724859 1.437669
v 0.645970 1.692679 1.479118
v 0.639822 1.659921 1.522369
v 0.641849 1.624427 1.496935
v 0.635923 1.693829 1.546861
v 0.623655 1.662307 1.590852
v 0.628914 1.628045 1.566020
v 0.632412 1.592611 1.540029
v 0.630510 1.726190 1.569550
v 0.617049 1.695197 1.613614
v 0.576705 1.642260 1.695065
v 0.598979 1.666837 1.655992
v 0.585407 1.607930 1.673218
v 0.606737 1.633230 1.633479
v 0.599243 1.536979 1.622848
v 0.618242 1.562960 1.582430
v 0.613288 1.598483 1.608655
v 0.593040 1.572664 1.648862
v 0.479601 1.485672 1.746340
v 0.568253 1.552035 1.685238
v 0.575345 1.516157 1.660019
v 0.559885 1.587739 1.708531
v 0.530755 1.572505 1.739435
v 0.539484 1.536549 1.717507
v 0.547090 1.500607 1.693372
v 0.550587 1.622672 1.729187
v 0.521207 1.607827 1.758640
v 0.514990 1.490417 1.722336
v 0.507273 1.526186 1.745447
v 0.501431 1.354357 1.638658
v 0.496587 1.385580 1.665796
v 0.457604 1.388851 1.679712
v 0.462947 1.357776 1.650087
v 0.491522 1.417926 1.693606
v 0.485957 1.451316 1.720871
v 0.615397 1.383535 1.500060
v 0.610332 1.427321 1.536971
v 0.589487 1.409057 1.577370
v 0.592970 1.372788 1.552034
v 0.607056 1.465077 1.567610
v 0.585296 1.445221 1.605999
v 0.558345 1.430740 1.640844
v 0.562772 1.396668 1.614218
v 0.566630 1.363341 1.589617
v 0.580813 1.480741 1.633584
v 0.603629 1.501362 1.596000
v 0.553251 1.465369 1.667530
v 0.521457 1.455478 1.696919
v 0.526939 1.421476 1.670360
v 0.536057 1.356716 1.618501
v 0.531713 1.388516 1.643824
v 0.627971 1.501740 1.349449
v 0.635312 1.540415 1.378003
v 0.635340 1.511712 1.416847
v 0.629830 1.475049 1.386007
v 0.641044 1.579817 1.404558
v 0.639351 1.549423 1.445030
v 0.633397 1.519238 1.486331
v 0.631579 1.482513 1.456659
v 0.628581 1.447429 1.423388
v 0.641599 1.587294 1.471448
v 0.644902 1.618971 1.429799
v 0.633786 1.556130 1.513794
v 0.621212 1.526998 1.555686
v 0.622850 1.490439 1.527454
v 0.624182 1.418256 1.460853
v 0.623807 1.453097 1.496710
v 0.592665 1.600089 1.220029
v 0.603948 1.644793 1.239934
v 0.615619 1.620887 1.271777
v 0.605030 1.577834 1.249620
v 0.613329 1.690364 1.260100
v 0.624432 1.664699 1.293669
v 0.633092 1.637608 1.328917
v 0.625015 1.595322 1.305441
v 0.615258 1.553658 1.281135
v 0.631204 1.707954 1.315475
v 0.620532 1.735398 1.280596
v 0.639170 1.679358 1.351902
v 0.643916 1.649683 1.389974
v 0.638782 1.609258 1.365867
v 0.623002 1.528128 1.314451
v 0.631732 1.568387 1.340852
v 0.534946 1.662096 1.101710
v 0.561800 1.702572 1.147928
v 0.548574 1.651174 1.135365
v 0.571792 1.756459 1.161526
v 0.586115 1.736613 1.195958
v 0.576067 1.686163 1.179894
v 0.563410 1.637026 1.164944
v 0.593359 1.787356 1.212906
v 0.607695 1.761662 1.247169
v 0.600256 1.714449 1.228185
v 0.578440 1.619897 1.192482
v 0.590445 1.666735 1.209932
v 0.517987 1.610701 1.092978
v 0.532976 1.451080 1.155789
v 0.514407 1.462543 1.143763
v 0.532018 1.496046 1.150204
v 0.549657 1.482336 1.166839
v 0.492521 1.467906 1.131351
v 0.512103 1.504833 1.133093
v 0.531074 1.546011 1.140293
v 0.548824 1.533897 1.161340
v 0.565311 1.518099 1.182135
v 0.490384 1.507989 1.112519
v 0.467235 1.465862 1.115524
v 0.513130 1.554409 1.116429
v 0.532434 1.601960 1.124455
v 0.548297 1.590190 1.151325
v 0.579717 1.557594 1.200305
v 0.564437 1.575405 1.175849
v 0.515434 1.425091 1.150304
v 0.496407 1.434052 1.143294
v 0.498225 1.403783 1.149479
v 0.479448 1.410028 1.147170
v 0.456258 1.409851 1.146660
v 0.473508 1.436497 1.136725
v 0.471191 1.374906 1.156666
v 0.455786 1.372703 1.160579
v 0.464945 1.389913 1.153805
v 0.482473 1.386583 1.152381
v 0.441950 1.387254 1.158573
v 0.411432 1.295685 1.227168
v 0.432068 1.351149 1.177124
v 0.435857 1.335545 1.181467
v 0.475423 1.365224 1.157748
v 0.454828 1.357432 1.164917
v 0.480891 1.351168 1.159495
v 0.458520 1.342515 1.167415
v 0.489884 1.316398 1.161017
v 0.467888 1.309230 1.168146
v 0.463322 1.326409 1.168659
v 0.485957 1.334594 1.160928
v 0.446904 1.303289 1.182332
v 0.441325 1.319768 1.183205
v 0.420966 1.314906 1.203908
v 0.427794 1.298735 1.202390
v 0.494311 1.376582 1.154219
v 0.512422 1.391723 1.154840
v 0.522817 1.375191 1.161505
v 0.502291 1.361792 1.157549
v 0.548269 1.434807 1.170430
v 0.530644 1.410866 1.160160
v 0.560898 1.414161 1.186513
v 0.542579 1.392127 1.171294
v 0.581410 1.358674 1.218195
v 0.556887 1.345197 1.188436
v 0.551794 1.369650 1.182220
v 0.571487 1.389563 1.202851
v 0.534363 1.334231 1.171276
v 0.530200 1.355542 1.167784
v 0.508245 1.344083 1.160654
v 0.512034 1.324691 1.162098
v 0.592970 1.536784 1.226968
v 0.604073 1.513818 1.255628
v 0.591388 1.476606 1.230365
v 0.579467 1.498681 1.205275
v 0.619283 1.464763 1.318171
v 0.612899 1.489526 1.286104
v 0.609027 1.429203 1.285437
v 0.601186 1.452868 1.257055
v 0.587655 1.418427 1.228547
v 0.597009 1.394832 1.252500
v 0.577080 1.442854 1.206772
v 0.564548 1.464384 1.185953
v 0.621323 1.301083 1.310572
v 0.614925 1.318110 1.293946
v 0.619533 1.340092 1.330236
v 0.624598 1.320054 1.348404
v 0.607098 1.333102 1.273137
v 0.613565 1.358481 1.306977
v 0.619630 1.385983 1.345247
v 0.622822 1.363754 1.371784
v 0.625667 1.339909 1.391952
v 0.605849 1.375784 1.279852
v 0.596912 1.346359 1.248600
v 0.615106 1.407349 1.315645
v 0.623100 1.440360 1.351647
v 0.624612 1.415444 1.385146
v 0.623530 1.360540 1.440691
v 0.624113 1.389142 1.417269
v 0.517918 1.237267 1.553211
v 0.549143 1.237994 1.542329
v 0.547048 1.267242 1.557316
v 0.514976 1.266222 1.570355
v 0.577177 1.238811 1.523547
v 0.575512 1.269002 1.536310
v 0.573028 1.299544 1.551482
v 0.543995 1.296500 1.575094
v 0.511007 1.295108 1.590555
v 0.619394 1.237344 1.469385
v 0.617743 1.269026 1.477221
v 0.599410 1.270064 1.509057
v 0.600950 1.238860 1.498631
v 0.615744 1.302174 1.485487
v 0.597328 1.302406 1.521058
v 0.595385 1.336938 1.534310
v 0.614287 1.338147 1.493423
v 0.570058 1.330990 1.568969
v 0.506358 1.324350 1.613454
v 0.540234 1.326182 1.595542
v 0.639212 1.210823 1.338418
v 0.636492 1.236522 1.335788
v 0.637880 1.247506 1.370298
v 0.640350 1.219827 1.370966
v 0.632412 1.260192 1.330766
v 0.634174 1.273571 1.367176
v 0.632772 1.285777 1.406244
v 0.635923 1.257047 1.406362
v 0.638088 1.227487 1.404414
v 0.629622 1.297817 1.360297
v 0.627249 1.281749 1.322592
v 0.629164 1.313662 1.402435
v 0.624793 1.328740 1.448140
v 0.627096 1.295978 1.446446
v 0.631440 1.233449 1.437602
v 0.629567 1.264452 1.442494
v 0.601255 1.164154 1.227924
v 0.599035 1.184392 1.224188
v 0.614981 1.198829 1.248862
v 0.617632 1.177511 1.252729
v 0.595815 1.202475 1.219548
v 0.611178 1.217818 1.243678
v 0.621795 1.232461 1.269751
v 0.625944 1.212274 1.275443
v 0.628789 1.189708 1.279375
v 0.586350 1.232433 1.207095
v 0.600228 1.248948 1.228594
v 0.606238 1.234516 1.236969
v 0.591596 1.218471 1.213907
v 0.610068 1.265750 1.252058
v 0.616452 1.250279 1.262048
v 0.623155 1.265961 1.290211
v 0.616785 1.283045 1.278914
v 0.628581 1.246545 1.298540
v 0.635673 1.200802 1.307901
v 0.632814 1.224804 1.304289
v 0.559954 1.269566 1.178948
v 0.564617 1.281585 1.184846
v 0.575984 1.278385 1.196315
v 0.565991 1.263478 1.183711
v 0.570044 1.300091 1.193967
v 0.583381 1.296833 1.209824
v 0.594011 1.289305 1.225233
v 0.585143 1.270995 1.207238
v 0.573180 1.254714 1.190843
v 0.589889 1.319764 1.226262
v 0.575401 1.324190 1.205261
v 0.600950 1.310023 1.246542
v 0.609652 1.297763 1.264232
v 0.602740 1.278843 1.239558
v 0.580091 1.244442 1.199029
v 0.593220 1.261152 1.218331
v 0.493076 1.241179 1.148273
v 0.493007 1.259348 1.151239
v 0.513102 1.266016 1.153016
v 0.513033 1.248027 1.150034
v 0.492840 1.278283 1.155078
v 0.513560 1.285133 1.156922
v 0.533975 1.291936 1.165234
v 0.532504 1.272848 1.160662
v 0.532087 1.255732 1.157566
v 0.513505 1.304866 1.160399
v 0.491994 1.297464 1.158705
v 0.535113 1.312713 1.169608
v 0.556443 1.320504 1.185467
v 0.553196 1.297691 1.178355
v 0.548685 1.263573 1.168691
v 0.549907 1.278892 1.172112
v 0.433109 1.281075 1.197667
v 0.417885 1.277427 1.220193
v 0.451040 1.285611 1.178885
v 0.453899 1.267478 1.174129
v 0.437203 1.263341 1.191279
v 0.423228 1.259363 1.210952
v 0.470913 1.291050 1.165376
v 0.472703 1.272433 1.161447
v 0.473730 1.235881 1.154493
v 0.473536 1.253856 1.157448
v 0.456188 1.232601 1.166200
v 0.455675 1.249664 1.169380
v 0.432179 1.232963 1.193843
v 0.428085 1.243525 1.201211
v 0.440409 1.246925 1.184783
v 0.441617 1.231806 1.180914
v 0.406130 1.274625 1.244911
v 0.412556 1.254896 1.231231
v 0.404590 1.249415 1.251446
v 0.427489 1.224400 1.199860
v 0.419051 1.237432 1.216177
v 0.422395 1.213621 1.208403
v 0.412389 1.229253 1.230126
v 0.414402 1.189270 1.226040
v 0.403327 1.207810 1.254886
v 0.407199 1.219576 1.243451
v 0.417996 1.202020 1.217502
v 0.394750 1.232002 1.286846
v 0.398720 1.242365 1.270885
v 0.494284 1.113751 1.170370
v 0.495130 1.131058 1.165759
v 0.523344 1.140688 1.169313
v 0.523219 1.122863 1.173698
v 0.495699 1.147268 1.161154
v 0.523025 1.157220 1.164855
v 0.549990 1.170712 1.177554
v 0.551322 1.153803 1.181895
v 0.552044 1.135321 1.186000
v 0.495769 1.177861 1.152978
v 0.520735 1.187601 1.156530
v 0.522178 1.172768 1.160540
v 0.495935 1.162761 1.156813
v 0.545133 1.200677 1.168474
v 0.547950 1.186271 1.173045
v 0.571626 1.201943 1.191714
v 0.567490 1.215984 1.186192
v 0.574832 1.186280 1.196656
v 0.578718 1.149581 1.204890
v 0.577177 1.168872 1.201033
v 0.495186 1.192933 1.149907
v 0.518598 1.202028 1.153042
v 0.494381 1.208289 1.147900
v 0.516280 1.216555 1.150495
v 0.537555 1.227324 1.160066
v 0.541441 1.214139 1.163907
v 0.514254 1.231718 1.149338
v 0.493604 1.224267 1.147256
v 0.534100 1.240868 1.157662
v 0.551697 1.251216 1.169976
v 0.556915 1.240095 1.174320
v 0.562383 1.228529 1.180059
v 0.433068 1.191361 1.192966
v 0.430126 1.177624 1.199177
v 0.436357 1.204730 1.187096
v 0.453538 1.201537 1.168416
v 0.451539 1.186808 1.172064
v 0.449541 1.172247 1.176540
v 0.439743 1.217981 1.182379
v 0.455286 1.216680 1.166177
v 0.473592 1.219015 1.153669
v 0.473175 1.203001 1.154620
v 0.471732 1.172530 1.160392
v 0.472537 1.187596 1.156975
v 0.470816 1.157560 1.164502
v 0.469775 1.142320 1.169033
v 0.446182 1.142555 1.186129
v 0.447792 1.157609 1.181283
v 0.467235 1.109487 1.178417
v 0.468595 1.126418 1.173771
v 0.442907 1.109886 1.195371
v 0.444600 1.126765 1.190879
v 0.405839 1.123836 1.246081
v 0.407837 1.142359 1.242682
v 0.424047 1.132079 1.214668
v 0.422160 1.114722 1.218753
v 0.409683 1.159449 1.238380
v 0.425851 1.148205 1.210024
v 0.427794 1.163308 1.204856
v 0.411765 1.175088 1.232911
v 0.394764 1.137004 1.274887
v 0.396846 1.157599 1.272491
v 0.387798 1.152797 1.305324
v 0.389740 1.176031 1.304461
v 0.391128 1.197485 1.301924
v 0.398650 1.176491 1.268780
v 0.381483 1.186542 1.371711
v 0.385161 1.195912 1.338945
v 0.383759 1.169790 1.337544
v 0.385577 1.220596 1.338485
v 0.392516 1.216596 1.296613
v 0.400649 1.193334 1.263123
v 0.400302 1.232216 1.507777
v 0.379832 1.201624 1.407963
v 0.480267 1.267367 1.573735
v 0.484555 1.237414 1.554402
v 0.474854 1.297273 1.596511
v 0.438855 1.300813 1.592794
v 0.446238 1.268977 1.567736
v 0.451914 1.237368 1.546699
v 0.468887 1.327330 1.622157
v 0.430139 1.333076 1.621384
v 0.422881 1.235991 1.530901
v 0.416206 1.269292 1.552614
v 0.610040 1.089557 1.440948
v 0.621587 1.085979 1.414989
v 0.627346 1.130522 1.422501
v 0.615439 1.134037 1.449517
v 0.628179 1.081733 1.387515
v 0.634105 1.126202 1.394002
v 0.637505 1.164016 1.398670
v 0.630677 1.168565 1.428303
v 0.618575 1.172032 1.456485
v 0.630344 1.071352 1.331659
v 0.636117 1.115157 1.336048
v 0.636700 1.121079 1.364893
v 0.630774 1.076852 1.359442
v 0.639309 1.151863 1.338599
v 0.640058 1.158429 1.368473
v 0.641183 1.190751 1.370425
v 0.640253 1.183177 1.339377
v 0.638726 1.197127 1.401995
v 0.619783 1.205741 1.462798
v 0.631926 1.202176 1.433104
v 0.602019 1.036410 1.429820
v 0.613066 1.032840 1.405054
v 0.592540 0.978931 1.417162
v 0.603004 0.975412 1.393645
v 0.609110 0.971310 1.368667
v 0.619422 1.028659 1.378787
v 0.573860 0.868210 1.391213
v 0.583270 0.864930 1.370106
v 0.592651 0.918002 1.381680
v 0.582770 0.921429 1.403950
v 0.589015 0.861055 1.347609
v 0.598535 0.914008 1.357991
v 0.591707 0.851861 1.301891
v 0.601061 0.904560 1.309821
v 0.601117 0.909503 1.333742
v 0.591638 0.856684 1.324579
v 0.611497 0.961648 1.317878
v 0.611664 0.966712 1.343115
v 0.622003 1.023939 1.351933
v 0.621698 1.018711 1.325380
v 0.566977 0.823611 1.379954
v 0.576095 0.820488 1.359843
v 0.562036 0.785477 1.370031
v 0.570987 0.782522 1.350765
v 0.576802 0.779002 1.330190
v 0.581826 0.816785 1.338384
v 0.557609 0.720072 1.353621
v 0.566505 0.717336 1.335655
v 0.567837 0.748852 1.342744
v 0.558927 0.751682 1.361305
v 0.572528 0.714093 1.316519
v 0.573763 0.745499 1.322944
v 0.575914 0.706249 1.277702
v 0.577052 0.737435 1.282730
v 0.576802 0.741679 1.302680
v 0.575678 0.710383 1.296961
v 0.579911 0.770590 1.288400
v 0.579703 0.775001 1.309125
v 0.584574 0.812600 1.316406
v 0.584727 0.807978 1.294769
v 0.557956 0.688520 1.346838
v 0.566866 0.685780 1.329358
v 0.559524 0.658082 1.340950
v 0.568448 0.655293 1.323860
v 0.574554 0.652029 1.305848
v 0.572944 0.682562 1.310832
v 0.564395 0.604862 1.331850
v 0.573430 0.601846 1.315264
v 0.570793 0.626959 1.319154
v 0.561828 0.629840 1.335966
v 0.579578 0.598333 1.298020
v 0.576913 0.623592 1.301575
v 0.582853 0.589693 1.263438
v 0.580147 0.615285 1.266182
v 0.580064 0.619706 1.283742
v 0.582756 0.594288 1.280578
v 0.577829 0.644009 1.269464
v 0.577718 0.648273 1.287513
v 0.576122 0.678878 1.291912
v 0.576303 0.674714 1.273293
v 0.591596 0.519265 1.256019
v 0.590250 0.534258 1.257627
v 0.589695 0.539337 1.273939
v 0.590958 0.524519 1.272092
v 0.588168 0.550265 1.259300
v 0.587766 0.555182 1.275865
v 0.584380 0.559592 1.292773
v 0.586198 0.543951 1.290649
v 0.587433 0.529365 1.288588
v 0.585393 0.573142 1.278015
v 0.585629 0.568373 1.261198
v 0.582118 0.577361 1.295149
v 0.566741 0.584202 1.328598
v 0.575886 0.581037 1.312167
v 0.568781 0.566775 1.325952
v 0.578038 0.563472 1.309607
v 0.571654 0.537316 1.321254
v 0.581007 0.533671 1.305109
v 0.579786 0.548037 1.307340
v 0.570446 0.551518 1.323585
v 0.571334 0.473109 1.310998
v 0.570155 0.451586 1.309067
v 0.578912 0.447534 1.293471
v 0.580189 0.468988 1.295418
v 0.568933 0.427980 1.307841
v 0.577649 0.424065 1.292118
v 0.583603 0.419563 1.276211
v 0.584796 0.442785 1.277694
v 0.586115 0.464100 1.279643
v 0.567809 0.377940 1.308523
v 0.576733 0.374336 1.292349
v 0.576802 0.399404 1.291647
v 0.568031 0.403157 1.307567
v 0.583061 0.370378 1.275878
v 0.582895 0.395176 1.275513
v 0.586559 0.362226 1.244313
v 0.586170 0.386231 1.244615
v 0.586087 0.390703 1.259676
v 0.586448 0.366260 1.259687
v 0.586725 0.409764 1.245676
v 0.586656 0.414705 1.260589
v 0.589279 0.453078 1.249034
v 0.589126 0.458715 1.264059
v 0.587794 0.437609 1.262147
v 0.587877 0.432251 1.247229
v 0.568628 0.353181 1.310941
v 0.577843 0.349696 1.294488
v 0.570502 0.329014 1.314583
v 0.580036 0.325549 1.297755
v 0.587017 0.321851 1.280293
v 0.584491 0.345911 1.277583
v 0.577274 0.283002 1.324379
v 0.587364 0.279157 1.306475
v 0.583242 0.302001 1.301858
v 0.573375 0.305571 1.319142
v 0.594733 0.275152 1.287478
v 0.590486 0.298249 1.283703
v 0.598341 0.268573 1.250221
v 0.594441 0.291467 1.248240
v 0.594441 0.294621 1.265545
v 0.598632 0.271466 1.268392
v 0.590972 0.314766 1.246418
v 0.590847 0.318169 1.262942
v 0.588113 0.342074 1.260872
v 0.588252 0.338378 1.245007
v 0.582159 0.261439 1.329985
v 0.592332 0.257121 1.311300
v 0.587710 0.241418 1.336396
v 0.597911 0.236502 1.316916
v 0.604933 0.231223 1.295778
v 0.599590 0.252654 1.291298
v 0.599451 0.208279 1.353212
v 0.609888 0.202056 1.332826
v 0.603837 0.217935 1.323897
v 0.593581 0.223515 1.344003
v 0.616702 0.194149 1.310001
v 0.610595 0.211343 1.301561
v 0.612760 0.172160 1.256930
v 0.609777 0.200586 1.255359
v 0.612996 0.204183 1.277876
v 0.619061 0.184657 1.285485
v 0.606349 0.223708 1.253749
v 0.608028 0.226379 1.274173
v 0.603198 0.248767 1.271146
v 0.602421 0.246177 1.252040
v 0.627818 1.065277 1.305066
v 0.633314 1.108478 1.308370
v 0.622086 1.058491 1.279805
v 0.627194 1.100909 1.282014
v 0.629775 1.135775 1.282669
v 0.636242 1.144333 1.309938
v 0.596454 1.042453 1.234035
v 0.600451 1.082735 1.234076
v 0.616618 1.092368 1.257188
v 0.612011 1.050928 1.256072
v 0.602338 1.115209 1.232999
v 0.618825 1.126079 1.256963
v 0.619033 1.153868 1.255446
v 0.602477 1.141723 1.230909
v 0.630177 1.164796 1.281782
v 0.636922 1.174534 1.309792
v 0.619422 1.013006 1.300029
v 0.609416 0.956176 1.293856
v 0.604447 0.950313 1.271187
v 0.614093 1.006785 1.276035
v 0.589751 0.846687 1.280418
v 0.599090 0.899252 1.287129
v 0.585129 0.841301 1.260280
v 0.594372 0.893635 1.265774
v 0.565464 0.830420 1.224602
v 0.573472 0.881822 1.227684
v 0.586115 0.887811 1.245922
v 0.577246 0.835818 1.241630
v 0.581979 0.937368 1.230509
v 0.595621 0.944047 1.250025
v 0.604628 0.999954 1.253551
v 0.589973 0.992459 1.232731
v 0.582659 0.802989 1.274319
v 0.577663 0.765811 1.268806
v 0.572736 0.760890 1.250534
v 0.577954 0.797844 1.255204
v 0.573222 0.701690 1.259479
v 0.574582 0.732823 1.263869
v 0.567657 0.697002 1.242493
v 0.569336 0.728068 1.246301
v 0.548366 0.688319 1.212993
v 0.550337 0.719115 1.215750
v 0.561273 0.723423 1.230203
v 0.559344 0.692451 1.226935
v 0.553862 0.751468 1.218618
v 0.564867 0.756039 1.233746
v 0.570183 0.792699 1.237575
v 0.558914 0.787765 1.221565
v 0.573402 0.670082 1.255626
v 0.574790 0.639219 1.252286
v 0.568809 0.634143 1.236113
v 0.567587 0.665320 1.239127
v 0.579814 0.584503 1.247059
v 0.577038 0.610281 1.249438
v 0.573930 0.578308 1.231170
v 0.571001 0.604611 1.233387
v 0.553820 0.559711 1.198522
v 0.550809 0.592930 1.203928
v 0.562258 0.598147 1.217961
v 0.565561 0.570715 1.215529
v 0.548866 0.624685 1.207473
v 0.560121 0.629033 1.221051
v 0.559052 0.660734 1.223972
v 0.547964 0.656664 1.210362
v 0.573569 0.496881 1.200400
v 0.571640 0.510341 1.200913
v 0.577691 0.516798 1.213716
v 0.579522 0.502362 1.212943
v 0.568101 0.524405 1.201082
v 0.574526 0.532119 1.214319
v 0.580716 0.538852 1.228518
v 0.583381 0.522953 1.227467
v 0.585060 0.508026 1.226427
v 0.570058 0.549392 1.214622
v 0.562647 0.539872 1.200585
v 0.577371 0.556848 1.229654
v 0.582756 0.563063 1.245126
v 0.585546 0.544864 1.243522
v 0.589348 0.513707 1.240784
v 0.587849 0.528778 1.242114
v 0.585018 0.426996 1.233363
v 0.586600 0.447472 1.234966
v 0.583686 0.404997 1.231926
v 0.577691 0.400365 1.219506
v 0.579328 0.421941 1.220520
v 0.581271 0.442130 1.221657
v 0.583075 0.358509 1.230335
v 0.582923 0.381991 1.230842
v 0.576358 0.355004 1.218005
v 0.576608 0.377918 1.218592
v 0.554750 0.348425 1.199375
v 0.555749 0.369988 1.199723
v 0.567462 0.373947 1.208130
v 0.566796 0.351673 1.207601
v 0.557401 0.391168 1.199676
v 0.568920 0.395832 1.208625
v 0.562230 0.433301 1.195532
v 0.573499 0.437313 1.208949
v 0.570946 0.417168 1.208700
v 0.559538 0.411845 1.198680
v 0.584463 0.335070 1.230605
v 0.586808 0.311864 1.231453
v 0.578995 0.309344 1.218369
v 0.577246 0.332045 1.217974
v 0.593137 0.266938 1.233956
v 0.589806 0.289095 1.232641
v 0.583922 0.266135 1.219882
v 0.581313 0.287273 1.219058
v 0.556985 0.265187 1.199551
v 0.555860 0.284280 1.199195
v 0.569738 0.285745 1.207802
v 0.571570 0.265697 1.208328
v 0.554986 0.304946 1.199074
v 0.568184 0.307087 1.207474
v 0.567115 0.329225 1.207394
v 0.554570 0.326531 1.199144
v 0.596537 0.245598 1.235158
v 0.599035 0.224906 1.236084
v 0.587738 0.228102 1.221381
v 0.586531 0.246274 1.220723
v 0.593345 0.188265 1.234754
v 0.599687 0.204705 1.236544
v 0.579092 0.199286 1.220571
v 0.586184 0.212005 1.221611
v 0.557789 0.213672 1.205285
v 0.558858 0.221713 1.203233
v 0.572764 0.217980 1.210771
v 0.566824 0.207889 1.210736
v 0.558969 0.233739 1.201316
v 0.574166 0.231385 1.209799
v 0.573402 0.247429 1.208987
v 0.558178 0.248292 1.200171
v 0.574290 1.032958 1.213849
v 0.577580 1.071916 1.212874
v 0.547645 1.023549 1.197534
v 0.550212 1.061172 1.195709
v 0.551669 1.090994 1.193072
v 0.579217 1.103056 1.210961
v 0.489537 1.009412 1.184500
v 0.490717 1.044926 1.181965
v 0.520527 1.051751 1.184697
v 0.518681 1.015345 1.187082
v 0.491980 1.072778 1.178642
v 0.521859 1.080438 1.181553
v 0.522747 1.103466 1.177835
v 0.493201 1.095024 1.174716
v 0.552211 1.115057 1.189778
v 0.579495 1.128295 1.208243
v 0.569017 0.984221 1.213729
v 0.562564 0.930306 1.212762
v 0.539165 0.923516 1.198481
v 0.543787 0.976163 1.198403
v 0.549130 0.825208 1.209319
v 0.555666 0.875768 1.211210
v 0.529617 0.820540 1.197122
v 0.534266 0.870137 1.197989
v 0.486415 0.814027 1.187291
v 0.486984 0.862039 1.187272
v 0.510840 0.865384 1.189513
v 0.508259 0.816702 1.189337
v 0.487678 0.913557 1.186951
v 0.513602 0.917696 1.189317
v 0.516294 0.969178 1.188566
v 0.488524 0.964149 1.186092
v 0.543703 0.783211 1.207353
v 0.539470 0.747403 1.205285
v 0.522664 0.743960 1.194842
v 0.525717 0.779254 1.196100
v 0.534794 0.684873 1.200884
v 0.536473 0.715410 1.203133
v 0.519389 0.682117 1.191552
v 0.520527 0.712355 1.193348
v 0.486068 0.678694 1.185106
v 0.485763 0.708503 1.186258
v 0.503346 0.710037 1.187381
v 0.502902 0.680070 1.185968
v 0.485763 0.739496 1.186916
v 0.504442 0.741286 1.188368
v 0.506108 0.776082 1.188983
v 0.485998 0.773925 1.187219
v 0.534488 0.653431 1.198513
v 0.535224 0.621870 1.195699
v 0.519972 0.620009 1.186698
v 0.519333 0.650944 1.189412
v 0.537305 0.563295 1.186754
v 0.536639 0.591016 1.192082
v 0.521485 0.564001 1.178469
v 0.520902 0.590489 1.183181
v 0.489746 0.562141 1.173270
v 0.488677 0.588247 1.177531
v 0.504775 0.589477 1.177994
v 0.505511 0.563411 1.173621
v 0.487636 0.617249 1.180864
v 0.503901 0.618481 1.181410
v 0.503179 0.649108 1.184018
v 0.486720 0.647847 1.183348
v 0.462364 1.006882 1.191779
v 0.463016 1.041959 1.189613
v 0.437828 1.007242 1.206666
v 0.438091 1.042376 1.205304
v 0.439285 1.069785 1.202808
v 0.464210 1.069371 1.186534
v 0.399344 1.014690 1.250334
v 0.399427 1.051352 1.251247
v 0.416664 1.045660 1.226632
v 0.416594 1.010007 1.226935
v 0.400982 1.080392 1.250651
v 0.417968 1.073613 1.225001
v 0.419967 1.095938 1.222282
v 0.403327 1.103858 1.248826
v 0.441020 1.091598 1.199418
v 0.465695 1.091176 1.182742
v 0.462503 0.962012 1.192809
v 0.463197 0.911755 1.193036
v 0.440798 0.911951 1.205775
v 0.438855 0.962284 1.206684
v 0.465431 0.812830 1.192310
v 0.464252 0.860559 1.192768
v 0.445919 0.812903 1.202983
v 0.443282 0.860678 1.204398
v 0.413847 0.816053 1.235724
v 0.409253 0.864527 1.239638
v 0.424741 0.862090 1.220556
v 0.428516 0.814042 1.217925
v 0.404881 0.916796 1.243842
v 0.421146 0.913749 1.223314
v 0.418260 0.964539 1.225644
v 0.401370 0.968335 1.247643
v 0.466541 0.772973 1.191970
v 0.467596 0.738722 1.191567
v 0.450512 0.738859 1.201169
v 0.448333 0.773076 1.201976
v 0.469636 0.678020 1.189935
v 0.468623 0.707827 1.190948
v 0.454065 0.678057 1.199345
v 0.452427 0.707960 1.200357
v 0.427433 0.680358 1.227535
v 0.424907 0.710449 1.228918
v 0.437689 0.708855 1.213387
v 0.439854 0.678824 1.212253
v 0.421743 0.741461 1.230589
v 0.435052 0.739816 1.214560
v 0.431971 0.774086 1.216004
v 0.418038 0.775842 1.232780
v 0.470663 0.647038 1.188360
v 0.471760 0.616249 1.186046
v 0.456674 0.615599 1.195830
v 0.455425 0.646827 1.197942
v 0.474535 0.560809 1.178514
v 0.473036 0.587054 1.182828
v 0.459922 0.558853 1.188225
v 0.458034 0.585685 1.192764
v 0.431569 0.549723 1.218224
v 0.431152 0.583848 1.222350
v 0.443823 0.583910 1.206289
v 0.445946 0.555709 1.201290
v 0.430459 0.616329 1.224618
v 0.442741 0.615401 1.209076
v 0.441478 0.647361 1.210937
v 0.429251 0.648742 1.226236
v 0.386729 1.020806 1.274635
v 0.387090 1.058961 1.276757
v 0.378416 1.028047 1.299735
v 0.379110 1.067947 1.303129
v 0.381525 1.100725 1.304975
v 0.389074 1.089703 1.277323
v 0.373212 1.044708 1.352143
v 0.374142 1.088003 1.358208
v 0.374960 1.077794 1.330290
v 0.374031 1.036107 1.325597
v 0.376570 1.124753 1.363145
v 0.377597 1.112682 1.333596
v 0.380886 1.142692 1.335883
v 0.379387 1.156953 1.367487
v 0.384744 1.128345 1.305599
v 0.391905 1.115035 1.276587
v 0.388824 0.973219 1.270636
v 0.392641 0.920697 1.265520
v 0.384273 0.925409 1.288196
v 0.380401 0.979049 1.294499
v 0.402508 0.818716 1.254982
v 0.397443 0.867697 1.260052
v 0.394487 0.822026 1.275450
v 0.389227 0.871582 1.281578
v 0.388103 0.830611 1.319069
v 0.383065 0.881453 1.327186
v 0.384467 0.876178 1.304021
v 0.389699 0.825992 1.296904
v 0.378416 0.937012 1.335882
v 0.379582 0.930871 1.311705
v 0.375835 0.985657 1.319152
v 0.374877 0.992902 1.344446
v 0.407116 0.778223 1.251058
v 0.411168 0.743716 1.248078
v 0.403424 0.746549 1.266792
v 0.399247 0.781196 1.270588
v 0.417288 0.682679 1.244106
v 0.414582 0.712707 1.245838
v 0.409711 0.685644 1.261707
v 0.406935 0.715542 1.263899
v 0.403466 0.693028 1.298936
v 0.400593 0.722684 1.302340
v 0.402203 0.718893 1.282825
v 0.405006 0.689137 1.280061
v 0.396999 0.753804 1.306771
v 0.398650 0.749913 1.286439
v 0.394459 0.784757 1.291093
v 0.392794 0.788913 1.312308
v 0.419190 0.651130 1.242681
v 0.420328 0.619097 1.241348
v 0.412736 0.622963 1.258863
v 0.411654 0.654313 1.260042
v 0.419870 0.559471 1.239322
v 0.420730 0.587562 1.239909
v 0.412112 0.566317 1.258113
v 0.412944 0.593009 1.258130
v 0.406172 0.577525 1.294243
v 0.406852 0.603062 1.294087
v 0.408226 0.598107 1.276190
v 0.407449 0.572154 1.276382
v 0.406616 0.631780 1.294816
v 0.408059 0.627252 1.276744
v 0.406963 0.658091 1.278044
v 0.405478 0.662250 1.296427
v 0.375626 1.053514 1.379282
v 0.376126 1.098002 1.386810
v 0.381969 1.062217 1.406131
v 0.381844 1.107495 1.415102
v 0.382288 1.146550 1.423785
v 0.377708 1.136161 1.393622
v 0.409184 1.077832 1.455296
v 0.408295 1.123571 1.466673
v 0.392238 1.116131 1.442063
v 0.392919 1.070426 1.431768
v 0.406991 1.163013 1.478251
v 0.391628 1.155619 1.452391
v 0.390185 1.191120 1.464014
v 0.404576 1.198446 1.491472
v 0.382330 1.181522 1.433142
v 0.379304 1.170017 1.400432
v 0.377306 1.000643 1.370314
v 0.380595 0.943802 1.360601
v 0.386604 0.950905 1.384996
v 0.383676 1.008531 1.395874
v 0.389657 0.835891 1.341734
v 0.384897 0.887404 1.350838
v 0.394723 0.841609 1.364031
v 0.390407 0.893780 1.374164
v 0.416914 0.853585 1.404172
v 0.414180 0.906809 1.416451
v 0.400024 0.900341 1.396306
v 0.403674 0.847567 1.385129
v 0.412042 0.964934 1.429513
v 0.396929 0.958056 1.408251
v 0.394514 1.016245 1.420285
v 0.410405 1.023449 1.442692
v 0.394265 0.793661 1.333970
v 0.398567 0.758173 1.327496
v 0.403507 0.762896 1.347813
v 0.399177 0.798819 1.355264
v 0.405381 0.697201 1.318055
v 0.402328 0.726872 1.322208
v 0.410668 0.701532 1.336685
v 0.407421 0.731314 1.341627
v 0.430930 0.710361 1.369556
v 0.427725 0.740575 1.376086
v 0.415887 0.735915 1.359850
v 0.419217 0.705950 1.354092
v 0.424061 0.772898 1.384007
v 0.411959 0.767846 1.366917
v 0.407768 0.804245 1.375345
v 0.420328 0.809758 1.393370
v 0.407532 0.666592 1.314946
v 0.408767 0.636447 1.312871
v 0.414332 0.641116 1.330273
v 0.412944 0.671035 1.332908
v 0.408656 0.582917 1.311743
v 0.409142 0.608097 1.311816
v 0.414652 0.588223 1.328343
v 0.414887 0.613077 1.328768
v 0.436329 0.598021 1.356574
v 0.435899 0.622491 1.357992
v 0.423866 0.617906 1.344363
v 0.423950 0.593294 1.343475
v 0.434927 0.650147 1.360572
v 0.423117 0.645719 1.346385
v 0.421591 0.675483 1.349621
v 0.433290 0.679825 1.364406
v 0.435510 0.532745 1.358261
v 0.435677 0.546403 1.357493
v 0.421771 0.541427 1.345954
v 0.421091 0.527654 1.347279
v 0.436010 0.561102 1.356719
v 0.422645 0.556199 1.344638
v 0.412376 0.550769 1.330303
v 0.410932 0.535837 1.332011
v 0.409697 0.521878 1.333756
v 0.423464 0.573101 1.343685
v 0.436287 0.577930 1.356281
v 0.413708 0.567844 1.328958
v 0.404562 0.556598 1.295258
v 0.407324 0.562294 1.312655
v 0.402383 0.539056 1.296889
v 0.405506 0.545000 1.314226
v 0.397942 0.509232 1.300901
v 0.401828 0.515647 1.318159
v 0.403563 0.529851 1.316160
v 0.400052 0.523671 1.298855
v 0.391447 0.438453 1.308201
v 0.393349 0.420591 1.317278
v 0.401578 0.430460 1.328449
v 0.399594 0.449972 1.325240
v 0.395805 0.402657 1.321693
v 0.404368 0.409988 1.331509
v 0.415498 0.416625 1.342045
v 0.412695 0.438234 1.340449
v 0.410433 0.458345 1.338853
v 0.400218 0.362874 1.323877
v 0.409447 0.366811 1.334006
v 0.407116 0.388560 1.333171
v 0.398206 0.383133 1.323528
v 0.420799 0.371184 1.344474
v 0.418329 0.394051 1.343340
v 0.448500 0.379414 1.361560
v 0.446210 0.403611 1.360249
v 0.431486 0.399196 1.352780
v 0.433928 0.375540 1.354053
v 0.443712 0.427400 1.359403
v 0.428738 0.422524 1.351735
v 0.439091 0.470666 1.358709
v 0.423714 0.465218 1.350163
v 0.426032 0.444772 1.350863
v 0.441256 0.450002 1.358913
v 0.401495 0.342691 1.323809
v 0.410960 0.345390 1.334558
v 0.402300 0.322420 1.322743
v 0.411945 0.323986 1.334581
v 0.423700 0.326503 1.346708
v 0.422493 0.348732 1.345572
v 0.403938 0.279112 1.313750
v 0.413763 0.280160 1.333510
v 0.412681 0.302318 1.333791
v 0.402980 0.301896 1.320071
v 0.425796 0.282016 1.349729
v 0.424685 0.304317 1.347940
v 0.455064 0.286726 1.373085
v 0.453399 0.309152 1.369087
v 0.438411 0.306735 1.360026
v 0.439771 0.284349 1.363177
v 0.451886 0.332120 1.365897
v 0.437162 0.329356 1.357551
v 0.435746 0.352277 1.355597
v 0.450332 0.355560 1.363406
v 0.408615 0.255224 1.315999
v 0.415762 0.257272 1.335060
v 0.411210 0.232183 1.317538
v 0.417941 0.234060 1.337824
v 0.429210 0.237393 1.356542
v 0.427378 0.259429 1.352523
v 0.414221 0.178805 1.318615
v 0.420841 0.190745 1.348569
v 0.419523 0.210956 1.341183
v 0.413028 0.208161 1.318527
v 0.432929 0.198921 1.370195
v 0.431041 0.216744 1.362021
v 0.464612 0.210056 1.400206
v 0.461934 0.225839 1.391292
v 0.445558 0.221737 1.378959
v 0.447875 0.205255 1.387581
v 0.459408 0.244344 1.383952
v 0.443393 0.240989 1.372257
v 0.441450 0.262144 1.367130
v 0.457090 0.264886 1.377962
v 0.431472 1.084058 1.475834
v 0.430930 1.129478 1.487925
v 0.457965 1.089006 1.491844
v 0.458173 1.133933 1.504332
v 0.457493 1.172111 1.516586
v 0.429681 1.168403 1.500109
v 0.516294 1.094694 1.504369
v 0.518570 1.138687 1.516597
v 0.488039 1.136980 1.514381
v 0.486831 1.092593 1.501854
v 0.519653 1.175665 1.527818
v 0.488219 1.174429 1.526287
v 0.487123 1.207176 1.539113
v 0.519458 1.207808 1.539532
v 0.455536 1.205829 1.530172
v 0.427183 1.203139 1.513912
v 0.431888 1.029810 1.462256
v 0.432415 0.971274 1.447967
v 0.456424 0.976718 1.462315
v 0.457257 1.035092 1.477551
v 0.434788 0.859439 1.420345
v 0.433290 0.912961 1.433742
v 0.455841 0.864706 1.432628
v 0.455841 0.918400 1.447049
v 0.501611 0.871897 1.441655
v 0.504956 0.925613 1.457215
v 0.480239 0.922745 1.455255
v 0.478601 0.868994 1.440058
v 0.508911 0.983646 1.473582
v 0.482473 0.980953 1.471286
v 0.484819 1.039074 1.487152
v 0.512880 1.041522 1.489660
v 0.437120 0.815204 1.408523
v 0.439965 0.777897 1.398280
v 0.458451 0.782481 1.408924
v 0.456813 0.820163 1.419938
v 0.445711 0.714666 1.382329
v 0.442949 0.745185 1.389562
v 0.462572 0.718533 1.391724
v 0.460463 0.749368 1.399533
v 0.498655 0.723694 1.397540
v 0.498086 0.755069 1.406062
v 0.479212 0.752779 1.405286
v 0.480544 0.721657 1.397023
v 0.498308 0.788793 1.416191
v 0.478296 0.786234 1.415156
v 0.478032 0.824232 1.426719
v 0.499432 0.827004 1.428014
v 0.447903 0.684008 1.376570
v 0.449569 0.654305 1.372182
v 0.466153 0.657931 1.380540
v 0.464487 0.687698 1.385441
v 0.451553 0.602284 1.367113
v 0.450776 0.626694 1.369060
v 0.468706 0.605848 1.374417
v 0.467568 0.630283 1.376918
v 0.505053 0.610031 1.376907
v 0.503277 0.634636 1.380349
v 0.485388 0.633022 1.380893
v 0.486845 0.608509 1.377907
v 0.501472 0.662466 1.384828
v 0.483764 0.660734 1.384985
v 0.482113 0.690621 1.390314
v 0.499863 0.692485 1.390515
v 0.509660 0.543255 1.368822
v 0.508842 0.557322 1.370657
v 0.489746 0.556134 1.373205
v 0.490426 0.542188 1.371924
v 0.507801 0.572442 1.372388
v 0.488968 0.571133 1.374397
v 0.470094 0.568717 1.372110
v 0.470580 0.553855 1.371568
v 0.471066 0.540046 1.370950
v 0.488011 0.588233 1.375855
v 0.506552 0.589649 1.374358
v 0.469511 0.585681 1.372946
v 0.451956 0.582183 1.366224
v 0.452136 0.565315 1.366052
v 0.452469 0.536891 1.366262
v 0.452247 0.550590 1.366187
v 0.458034 0.453854 1.363769
v 0.456202 0.474680 1.364061
v 0.460088 0.430995 1.363889
v 0.477297 0.433391 1.365108
v 0.475784 0.456437 1.365345
v 0.474410 0.477439 1.366106
v 0.464182 0.382351 1.365753
v 0.462184 0.406896 1.364505
v 0.480503 0.384353 1.366659
v 0.478907 0.409108 1.365504
v 0.513352 0.385589 1.358516
v 0.512617 0.410556 1.357524
v 0.495880 0.410300 1.363192
v 0.497045 0.385432 1.364238
v 0.512131 0.435096 1.357497
v 0.494825 0.434726 1.363001
v 0.511506 0.479653 1.359777
v 0.493062 0.479037 1.364716
v 0.493895 0.457903 1.363555
v 0.511798 0.458402 1.358285
v 0.465889 0.358139 1.367758
v 0.467499 0.334386 1.370532
v 0.483611 0.336016 1.371626
v 0.482029 0.359933 1.368696
v 0.471093 0.288760 1.378655
v 0.469178 0.311218 1.374156
v 0.487567 0.290288 1.380251
v 0.485402 0.312741 1.375474
v 0.520527 0.291275 1.372876
v 0.517890 0.313696 1.367850
v 0.501750 0.313617 1.373293
v 0.504151 0.291180 1.378208
v 0.515878 0.336994 1.363724
v 0.499863 0.336931 1.369319
v 0.498322 0.360916 1.366291
v 0.514393 0.361018 1.360598
v 0.473453 0.267138 1.384083
v 0.476117 0.246994 1.390593
v 0.493271 0.248866 1.392751
v 0.490231 0.268797 1.385953
v 0.482057 0.213621 1.407524
v 0.479032 0.228941 1.398355
v 0.499960 0.216029 1.410130
v 0.496560 0.231081 1.400758
v 0.536154 0.217753 1.403546
v 0.531949 0.232579 1.393943
v 0.514296 0.232286 1.399084
v 0.518071 0.217375 1.408620
v 0.527799 0.250151 1.385745
v 0.510590 0.249929 1.390941
v 0.507149 0.269760 1.384034
v 0.523913 0.269898 1.378784
v 0.544508 1.095226 1.497877
v 0.547770 1.139151 1.509468
v 0.570321 1.094399 1.484053
v 0.574457 1.138447 1.494754
v 0.576844 1.175736 1.504040
v 0.549588 1.176126 1.519801
v 0.597411 1.136717 1.474188
v 0.592554 1.092439 1.464519
v 0.600242 1.174402 1.482342
v 0.601325 1.207707 1.490105
v 0.577691 1.208456 1.513216
v 0.550018 1.208358 1.530291
v 0.539720 1.042187 1.483652
v 0.534114 0.984499 1.467916
v 0.557109 0.983785 1.455687
v 0.564243 1.041376 1.470661
v 0.523372 0.872966 1.436430
v 0.528424 0.926595 1.451797
v 0.543176 0.872527 1.425514
v 0.549796 0.926033 1.440272
v 0.568198 0.924201 1.423900
v 0.560246 0.870837 1.410069
v 0.576913 0.981824 1.438304
v 0.585379 1.039353 1.452196
v 0.519680 0.828062 1.422942
v 0.517266 0.789742 1.411218
v 0.534585 0.789347 1.401232
v 0.538124 0.827660 1.412553
v 0.515906 0.724337 1.392559
v 0.516030 0.755880 1.401133
v 0.531810 0.723797 1.382964
v 0.532504 0.755421 1.391412
v 0.546978 0.753947 1.377836
v 0.545882 0.722315 1.369694
v 0.549712 0.787837 1.387185
v 0.554112 0.826096 1.397882
v 0.516794 0.692985 1.385356
v 0.518390 0.662838 1.379422
v 0.534016 0.662087 1.369677
v 0.532448 0.692348 1.375749
v 0.522387 0.610209 1.370810
v 0.520360 0.634904 1.374611
v 0.538388 0.609256 1.360612
v 0.536126 0.634052 1.364647
v 0.550115 0.632280 1.351452
v 0.552544 0.607398 1.347293
v 0.547894 0.660427 1.356536
v 0.546326 0.690785 1.362605
v 0.558206 0.554303 1.338996
v 0.559358 0.540170 1.336608
v 0.556651 0.569491 1.341364
v 0.542135 0.571450 1.354903
v 0.543551 0.556292 1.352603
v 0.544605 0.542173 1.350257
v 0.554750 0.586836 1.344039
v 0.540400 0.588751 1.357468
v 0.524177 0.589765 1.367901
v 0.525690 0.572495 1.365557
v 0.527882 0.543226 1.361300
v 0.526925 0.557341 1.363466
v 0.528868 0.458043 1.349463
v 0.529076 0.479423 1.351161
v 0.528673 0.434595 1.348498
v 0.543967 0.433252 1.336753
v 0.544633 0.456799 1.337813
v 0.545258 0.478278 1.339634
v 0.528979 0.384851 1.349452
v 0.528646 0.409928 1.348444
v 0.543523 0.383272 1.337697
v 0.543509 0.408460 1.336645
v 0.556790 0.406189 1.322793
v 0.556610 0.380946 1.323832
v 0.557540 0.431038 1.322969
v 0.559510 0.476192 1.325987
v 0.558553 0.454656 1.324112
v 0.529839 0.360186 1.351688
v 0.531296 0.336124 1.355037
v 0.545771 0.334427 1.343645
v 0.544258 0.358540 1.340073
v 0.536417 0.290428 1.364633
v 0.533461 0.312816 1.359385
v 0.551419 0.288711 1.353657
v 0.548144 0.311096 1.348230
v 0.561564 0.308637 1.334714
v 0.565159 0.286211 1.340171
v 0.558955 0.332008 1.330018
v 0.557318 0.356160 1.326320
v 0.540234 0.269137 1.370665
v 0.544619 0.249474 1.377693
v 0.560551 0.247841 1.366786
v 0.555666 0.267462 1.359758
v 0.553959 0.217243 1.395533
v 0.549296 0.231999 1.385917
v 0.570863 0.215649 1.384514
v 0.565728 0.230407 1.374953
v 0.580688 0.227621 1.361000
v 0.586239 0.212736 1.370424
v 0.575081 0.245184 1.353024
v 0.569780 0.264891 1.346175
v 0.498960 0.159452 1.234152
v 0.497823 0.172428 1.226596
v 0.523608 0.172387 1.222155
v 0.526495 0.159285 1.229686
v 0.496421 0.184761 1.218773
v 0.519930 0.184805 1.214428
v 0.542995 0.186831 1.214432
v 0.549768 0.174380 1.223339
v 0.555069 0.160797 1.231879
v 0.493479 0.208509 1.205284
v 0.512630 0.208598 1.201118
v 0.516086 0.196788 1.207182
v 0.494922 0.196700 1.211431
v 0.530991 0.209763 1.200347
v 0.536403 0.198456 1.206609
v 0.554015 0.201769 1.208574
v 0.547006 0.211660 1.202338
v 0.563702 0.191286 1.217333
v 0.583561 0.164362 1.239960
v 0.574859 0.178912 1.228946
v 0.540622 0.345180 1.193592
v 0.541733 0.366002 1.193635
v 0.524912 0.342263 1.190495
v 0.525953 0.362369 1.190135
v 0.527077 0.381323 1.189032
v 0.543204 0.386062 1.193039
v 0.490911 0.338663 1.193213
v 0.491397 0.357742 1.192123
v 0.508980 0.359485 1.189536
v 0.508162 0.339997 1.190288
v 0.491841 0.375598 1.190166
v 0.509771 0.377708 1.187948
v 0.492396 0.405796 1.181678
v 0.510396 0.408352 1.180270
v 0.510313 0.394171 1.185031
v 0.492188 0.391776 1.186839
v 0.528160 0.413428 1.182286
v 0.528007 0.398657 1.186628
v 0.544827 0.405114 1.191254
v 0.545230 0.421112 1.187181
v 0.540109 0.323872 1.193503
v 0.540081 0.302787 1.193451
v 0.523955 0.300904 1.190738
v 0.524260 0.321528 1.190645
v 0.541066 0.264179 1.193851
v 0.540428 0.282648 1.193535
v 0.524288 0.263062 1.191276
v 0.523969 0.281155 1.190897
v 0.490065 0.262241 1.195664
v 0.489968 0.279899 1.195002
v 0.506982 0.280137 1.191374
v 0.507121 0.262282 1.191873
v 0.490120 0.299003 1.194493
v 0.507135 0.299549 1.191055
v 0.507537 0.319754 1.190748
v 0.490467 0.318842 1.193957
v 0.541857 0.248076 1.194512
v 0.542801 0.234179 1.195853
v 0.525926 0.233621 1.193490
v 0.524857 0.247391 1.192012
v 0.543898 0.222245 1.198282
v 0.527730 0.221289 1.196121
v 0.492244 0.220450 1.201022
v 0.510174 0.220485 1.196941
v 0.491230 0.233044 1.198261
v 0.508550 0.233025 1.194264
v 0.507593 0.246765 1.192704
v 0.490495 0.246796 1.196604
v 0.473689 0.338600 1.199489
v 0.473730 0.357550 1.198192
v 0.457285 0.339336 1.207734
v 0.456952 0.358173 1.206286
v 0.456605 0.376206 1.204188
v 0.473827 0.375373 1.196014
v 0.430278 0.341272 1.224507
v 0.429654 0.359036 1.222816
v 0.441950 0.358918 1.214990
v 0.442546 0.340374 1.216529
v 0.428335 0.376810 1.221708
v 0.441020 0.377236 1.213316
v 0.420786 0.418275 1.224211
v 0.439923 0.411588 1.207235
v 0.439563 0.395471 1.211616
v 0.425740 0.394939 1.221814
v 0.457118 0.407669 1.195760
v 0.456410 0.392998 1.201016
v 0.474091 0.391575 1.192464
v 0.474618 0.405646 1.187039
v 0.473564 0.319046 1.200450
v 0.473453 0.299530 1.201188
v 0.457618 0.300901 1.209949
v 0.457507 0.320049 1.208870
v 0.473578 0.263372 1.202694
v 0.473425 0.280763 1.201884
v 0.457743 0.265303 1.212513
v 0.457618 0.282463 1.211194
v 0.427211 0.270548 1.239968
v 0.429945 0.288049 1.232383
v 0.442796 0.284734 1.222103
v 0.442630 0.267667 1.224656
v 0.430792 0.305300 1.228522
v 0.443171 0.302843 1.219573
v 0.443018 0.321536 1.217893
v 0.430778 0.323203 1.226162
v 0.474827 0.198105 1.220538
v 0.475076 0.209827 1.213449
v 0.474369 0.186256 1.228976
v 0.454606 0.189717 1.242667
v 0.456910 0.201059 1.232351
v 0.458603 0.212204 1.224079
v 0.473592 0.160924 1.246118
v 0.473897 0.173969 1.237810
v 0.450748 0.164093 1.264270
v 0.452344 0.177533 1.254012
v 0.420092 0.194477 1.289591
v 0.433720 0.183640 1.273400
v 0.430819 0.169325 1.287325
v 0.425587 0.204893 1.269756
v 0.437980 0.195559 1.257507
v 0.436898 0.218154 1.244691
v 0.445308 0.215264 1.235570
v 0.442297 0.205606 1.244717
v 0.431610 0.212868 1.254506
v 0.413541 0.212172 1.296174
v 0.410641 0.232901 1.297176
v 0.414763 0.235060 1.277495
v 0.418537 0.218815 1.275702
v 0.405006 0.269364 1.294193
v 0.407990 0.252850 1.296583
v 0.409683 0.265682 1.276106
v 0.412251 0.251436 1.277301
v 0.430292 0.253225 1.241443
v 0.419800 0.252283 1.258672
v 0.416900 0.265852 1.258377
v 0.432207 0.238911 1.242764
v 0.422118 0.237483 1.259281
v 0.425476 0.223910 1.258631
v 0.434469 0.226593 1.243951
v 0.556943 0.527481 1.188115
v 0.548325 0.536947 1.185135
v 0.562577 0.515477 1.189033
v 0.557054 0.506421 1.178264
v 0.551919 0.514984 1.177424
v 0.544189 0.521297 1.175086
v 0.568004 0.491724 1.188795
v 0.566116 0.503611 1.189115
v 0.562036 0.486890 1.178211
v 0.560274 0.496929 1.178385
v 0.545591 0.478144 1.160218
v 0.544397 0.484935 1.160383
v 0.553307 0.490602 1.168800
v 0.554833 0.482368 1.168662
v 0.542440 0.491563 1.160801
v 0.550656 0.498321 1.168865
v 0.536487 0.502947 1.162380
v 0.540081 0.509882 1.167303
v 0.546493 0.505203 1.168737
v 0.539554 0.497991 1.161584
v 0.529256 0.501124 1.158388
v 0.530686 0.511032 1.163478
v 0.518279 0.498936 1.154196
v 0.519000 0.510176 1.159247
v 0.520069 0.524366 1.165451
v 0.533198 0.524028 1.170413
v 0.492646 0.495493 1.151942
v 0.492244 0.507365 1.156662
v 0.505747 0.508821 1.156538
v 0.505580 0.497030 1.151719
v 0.491591 0.522140 1.162203
v 0.505872 0.523529 1.162233
v 0.505830 0.541572 1.168143
v 0.490731 0.540250 1.167945
v 0.521054 0.542134 1.172213
v 0.535793 0.541203 1.178851
v 0.492368 0.417191 1.174151
v 0.509785 0.419740 1.173146
v 0.492216 0.426539 1.165551
v 0.508758 0.428970 1.164923
v 0.524996 0.433412 1.167158
v 0.526953 0.424707 1.175288
v 0.491827 0.441343 1.150340
v 0.506593 0.443410 1.150233
v 0.507607 0.436648 1.156854
v 0.492008 0.434406 1.157188
v 0.521124 0.446598 1.153019
v 0.522845 0.440429 1.159352
v 0.541413 0.453007 1.161713
v 0.546007 0.450952 1.166929
v 0.535973 0.445152 1.163317
v 0.533461 0.450138 1.157492
v 0.551142 0.447282 1.174798
v 0.539595 0.439563 1.171014
v 0.543079 0.432076 1.179690
v 0.556041 0.441849 1.184213
v 0.475534 0.417091 1.179219
v 0.459478 0.419269 1.187354
v 0.462558 0.428472 1.177675
v 0.476659 0.426461 1.170314
v 0.432762 0.431049 1.206512
v 0.444392 0.423581 1.197545
v 0.441242 0.438313 1.193315
v 0.450387 0.432348 1.186083
v 0.452816 0.445886 1.175865
v 0.458673 0.444168 1.169360
v 0.455314 0.438775 1.176386
v 0.448070 0.443127 1.182787
v 0.467679 0.442369 1.161440
v 0.465417 0.435923 1.168625
v 0.477797 0.434309 1.161673
v 0.478796 0.441214 1.154590
v 0.417330 0.440682 1.227361
v 0.427017 0.442681 1.210987
v 0.416109 0.457122 1.228429
v 0.425060 0.456008 1.212557
v 0.434067 0.456221 1.198673
v 0.436190 0.446601 1.197145
v 0.417247 0.485356 1.227765
v 0.425671 0.480490 1.212420
v 0.424782 0.468491 1.212838
v 0.416164 0.471737 1.228393
v 0.434414 0.476252 1.198744
v 0.433664 0.466180 1.199015
v 0.452261 0.469718 1.175102
v 0.451720 0.463042 1.175129
v 0.442685 0.464463 1.186568
v 0.443310 0.472649 1.186416
v 0.451595 0.456521 1.175265
v 0.442879 0.456562 1.186410
v 0.444295 0.449246 1.185644
v 0.451997 0.450405 1.175545
v 0.450304 0.533578 1.192763
v 0.440159 0.527434 1.202760
v 0.462808 0.536869 1.181694
v 0.466014 0.519161 1.174418
v 0.455384 0.516633 1.183265
v 0.446960 0.512226 1.191064
v 0.476339 0.538900 1.172940
v 0.478199 0.520838 1.166835
v 0.481002 0.494442 1.155875
v 0.479837 0.506181 1.160904
v 0.470871 0.494018 1.162185
v 0.468859 0.505113 1.167656
v 0.456868 0.495045 1.175602
v 0.452747 0.501378 1.181758
v 0.459686 0.503993 1.175325
v 0.462489 0.494350 1.169563
v 0.505511 0.487682 1.148409
v 0.492743 0.486091 1.148674
v 0.518376 0.490033 1.150933
v 0.518875 0.482779 1.149000
v 0.505511 0.480161 1.146314
v 0.492632 0.478500 1.146567
v 0.529950 0.493199 1.155482
v 0.531518 0.486482 1.154011
v 0.533517 0.474191 1.152935
v 0.532698 0.480249 1.153239
v 0.519791 0.470744 1.147447
v 0.519375 0.476541 1.147950
v 0.492119 0.466262 1.144546
v 0.492382 0.472106 1.145284
v 0.505553 0.473823 1.145100
v 0.505594 0.468037 1.144430
v 0.481446 0.485148 1.152467
v 0.481377 0.477682 1.150330
v 0.471454 0.477956 1.156849
v 0.471579 0.485155 1.158783
v 0.480544 0.465668 1.148430
v 0.481002 0.471385 1.149101
v 0.470372 0.466116 1.155334
v 0.470955 0.471788 1.155825
v 0.453080 0.476353 1.175131
v 0.461795 0.473398 1.164748
v 0.461115 0.467508 1.164483
v 0.454176 0.482991 1.175258
v 0.462517 0.479586 1.165369
v 0.463100 0.486397 1.166616
v 0.455550 0.489671 1.175466
v 0.409239 0.490787 1.245070
v 0.411279 0.505077 1.243971
v 0.419051 0.498765 1.227029
v 0.402675 0.496669 1.263560
v 0.404881 0.511313 1.262052
v 0.407463 0.526941 1.260526
v 0.413971 0.520333 1.242549
v 0.421771 0.512940 1.225697
v 0.400815 0.517502 1.280592
v 0.398567 0.502850 1.282434
v 0.403327 0.533098 1.278817
v 0.405672 0.550907 1.277333
v 0.410086 0.544778 1.259055
v 0.425587 0.528829 1.223249
v 0.417233 0.537772 1.240600
v 0.475645 0.171851 1.451331
v 0.494256 0.176312 1.458313
v 0.491230 0.183968 1.443804
v 0.472898 0.179589 1.436751
v 0.513310 0.179469 1.461599
v 0.509994 0.186981 1.446857
v 0.506663 0.194946 1.433287
v 0.488163 0.192102 1.430397
v 0.470122 0.187901 1.423202
v 0.551891 0.182020 1.456957
v 0.547964 0.189312 1.441581
v 0.528979 0.188729 1.446047
v 0.532601 0.181348 1.461148
v 0.544078 0.197059 1.427487
v 0.525384 0.196549 1.432202
v 0.521748 0.205783 1.419690
v 0.540164 0.206233 1.414768
v 0.503318 0.204308 1.421008
v 0.467346 0.197736 1.410929
v 0.485110 0.201661 1.418254
v 0.570946 0.181539 1.449041
v 0.566699 0.188845 1.433622
v 0.589182 0.179623 1.437819
v 0.584602 0.187027 1.422468
v 0.580133 0.194885 1.408386
v 0.562536 0.196604 1.419500
v 0.620865 0.170491 1.407355
v 0.615550 0.178252 1.391789
v 0.601089 0.183586 1.408416
v 0.606016 0.176030 1.423784
v 0.610304 0.186534 1.377380
v 0.596259 0.191624 1.394289
v 0.591374 0.201034 1.381580
v 0.604975 0.196245 1.364429
v 0.575609 0.204115 1.395694
v 0.558331 0.205764 1.406768
v 0.633161 0.162765 1.388996
v 0.627416 0.170710 1.372872
v 0.642820 0.153287 1.370504
v 0.636644 0.161358 1.353669
v 0.630163 0.170232 1.337514
v 0.621642 0.179327 1.357804
v 0.654075 0.130988 1.340271
v 0.647081 0.138679 1.322444
v 0.643209 0.150553 1.336200
v 0.649815 0.142550 1.353658
v 0.638698 0.147213 1.303685
v 0.635770 0.159508 1.318447
v 0.627194 0.170330 1.300284
v 0.628207 0.157356 1.283356
v 0.623377 0.180806 1.322465
v 0.615813 0.189471 1.344290
v 0.676363 0.063292 1.390196
v 0.670021 0.068324 1.374931
v 0.672713 0.078034 1.375292
v 0.678667 0.072645 1.390772
v 0.663290 0.073714 1.359479
v 0.666357 0.083819 1.359499
v 0.668134 0.094307 1.361441
v 0.674073 0.088097 1.377519
v 0.679666 0.082280 1.393146
v 0.648607 0.084128 1.328373
v 0.652299 0.095363 1.327206
v 0.659571 0.089697 1.343441
v 0.656157 0.079101 1.343916
v 0.654797 0.107109 1.328098
v 0.661736 0.100732 1.344943
v 0.660390 0.123360 1.357749
v 0.662166 0.112016 1.349383
v 0.655560 0.119079 1.332095
v 0.666177 0.115903 1.374739
v 0.668203 0.105056 1.366210
v 0.676627 0.101892 1.406495
v 0.679070 0.092075 1.398113
v 0.673796 0.098350 1.382478
v 0.671548 0.108711 1.391044
v 0.601977 0.097537 1.272477
v 0.598161 0.084628 1.278422
v 0.577122 0.086219 1.269190
v 0.580078 0.099408 1.262670
v 0.594053 0.073159 1.284951
v 0.573971 0.074427 1.276253
v 0.550934 0.075427 1.270349
v 0.552849 0.087478 1.263045
v 0.554695 0.100788 1.256260
v 0.586059 0.054448 1.298361
v 0.568045 0.055252 1.290851
v 0.570863 0.064083 1.283566
v 0.589917 0.063111 1.291718
v 0.547603 0.055918 1.285592
v 0.549116 0.064839 1.277944
v 0.504831 0.056343 1.286083
v 0.503513 0.065451 1.278751
v 0.526175 0.065329 1.275950
v 0.526078 0.056325 1.283641
v 0.502430 0.076409 1.271649
v 0.526550 0.076113 1.268434
v 0.500945 0.102370 1.258451
v 0.527702 0.101754 1.254451
v 0.527091 0.088360 1.261210
v 0.501570 0.088844 1.264838
v 0.476270 0.102672 1.269467
v 0.474965 0.117231 1.264184
v 0.500515 0.116598 1.252537
v 0.454454 0.102580 1.285389
v 0.452441 0.117586 1.280987
v 0.451109 0.133186 1.276449
v 0.474105 0.132095 1.258841
v 0.500154 0.131121 1.246770
v 0.422340 0.100608 1.323375
v 0.419648 0.116139 1.321087
v 0.433734 0.117328 1.300702
v 0.436218 0.101928 1.304056
v 0.417746 0.133388 1.319364
v 0.431930 0.134008 1.297449
v 0.430583 0.152060 1.294170
v 0.416331 0.152748 1.318448
v 0.450443 0.148998 1.271311
v 0.499682 0.145542 1.240769
v 0.473647 0.146824 1.252973
v 0.413569 0.098497 1.341195
v 0.411002 0.113686 1.339927
v 0.408809 0.095768 1.357902
v 0.406574 0.110309 1.357562
v 0.406214 0.125428 1.358516
v 0.409753 0.130143 1.339648
v 0.406991 0.089069 1.389466
v 0.405534 0.102054 1.390612
v 0.405159 0.106318 1.374335
v 0.406991 0.092568 1.373869
v 0.406186 0.115243 1.392990
v 0.405423 0.120371 1.376127
v 0.416400 0.139848 1.404622
v 0.414874 0.146551 1.387410
v 0.408434 0.134007 1.380176
v 0.409600 0.128040 1.397402
v 0.413763 0.154380 1.368818
v 0.408281 0.140534 1.361691
v 0.409905 0.147853 1.341039
v 0.413402 0.164121 1.347746
v 0.427253 0.150085 1.415452
v 0.425379 0.157298 1.398759
v 0.441297 0.158787 1.428074
v 0.439132 0.166333 1.412152
v 0.436981 0.174875 1.396766
v 0.423658 0.165708 1.381557
v 0.455259 0.173744 1.425506
v 0.457715 0.166031 1.440640
v 0.452761 0.182211 1.411315
v 0.450290 0.192397 1.398522
v 0.434913 0.185348 1.382274
v 0.422173 0.176267 1.363427
v 0.514726 0.101460 1.577093
v 0.524121 0.106380 1.578195
v 0.521013 0.114062 1.566615
v 0.510923 0.108348 1.565389
v 0.535349 0.108826 1.579857
v 0.533225 0.117001 1.568656
v 0.531005 0.125710 1.556265
v 0.517099 0.122193 1.553791
v 0.505997 0.115550 1.552610
v 0.556832 0.105346 1.583781
v 0.556679 0.113351 1.573888
v 0.545729 0.116882 1.571185
v 0.546784 0.108557 1.581805
v 0.557554 0.122032 1.563010
v 0.545299 0.125878 1.559371
v 0.569322 0.142593 1.536380
v 0.546229 0.145580 1.531299
v 0.546104 0.135574 1.546351
v 0.560440 0.131404 1.551218
v 0.526050 0.144152 1.527661
v 0.528659 0.134798 1.542660
v 0.485790 0.131017 1.520744
v 0.499002 0.122980 1.538619
v 0.511714 0.130687 1.539558
v 0.506455 0.139738 1.523982
v 0.601117 0.104212 1.573558
v 0.610859 0.107142 1.566966
v 0.607278 0.115833 1.556588
v 0.596884 0.112450 1.564258
v 0.622142 0.107272 1.559759
v 0.619463 0.115985 1.548340
v 0.616424 0.125328 1.535757
v 0.602657 0.125329 1.545501
v 0.591333 0.121461 1.554734
v 0.642917 0.100147 1.547608
v 0.642001 0.107962 1.534942
v 0.631634 0.113247 1.540715
v 0.633355 0.104841 1.552962
v 0.641738 0.116094 1.520647
v 0.630205 0.122164 1.526849
v 0.647747 0.131786 1.480823
v 0.627624 0.140558 1.493471
v 0.629469 0.131249 1.510842
v 0.642834 0.124170 1.504117
v 0.608874 0.144758 1.506580
v 0.612941 0.135022 1.521918
v 0.583589 0.131172 1.545476
v 0.596370 0.135509 1.533916
v 0.589862 0.145872 1.520148
v 0.672866 0.094549 1.493690
v 0.678265 0.094232 1.484881
v 0.674587 0.101238 1.477963
v 0.669244 0.101707 1.488254
v 0.683996 0.091083 1.475307
v 0.680374 0.097559 1.466775
v 0.676058 0.104674 1.457509
v 0.669993 0.109173 1.470986
v 0.664664 0.109821 1.483439
v 0.693725 0.079368 1.458161
v 0.690311 0.084264 1.446729
v 0.685856 0.091584 1.455948
v 0.689381 0.085872 1.466035
v 0.686189 0.089654 1.434317
v 0.681692 0.097832 1.444866
v 0.672075 0.111621 1.419097
v 0.677043 0.104530 1.432638
v 0.681581 0.095540 1.420910
v 0.665677 0.120503 1.435422
v 0.671076 0.112411 1.447357
v 0.658586 0.119127 1.480073
v 0.664165 0.118208 1.464267
v 0.657697 0.127724 1.454956
v 0.697805 0.044862 1.490992
v 0.699873 0.045017 1.481412
v 0.700830 0.051393 1.481654
v 0.698790 0.051027 1.491071
v 0.700095 0.045944 1.470817
v 0.701094 0.052669 1.471206
v 0.701191 0.059240 1.472235
v 0.700983 0.057522 1.482109
v 0.699123 0.056896 1.490948
v 0.696042 0.049662 1.446832
v 0.697333 0.057308 1.447495
v 0.699845 0.054692 1.459814
v 0.698735 0.047533 1.459267
v 0.697500 0.064921 1.449310
v 0.699956 0.061771 1.461278
v 0.696292 0.074983 1.468625
v 0.698846 0.068597 1.464094
v 0.696375 0.072327 1.452726
v 0.697777 0.071183 1.477787
v 0.700150 0.065482 1.474243
v 0.697305 0.066059 1.490319
v 0.698499 0.062192 1.490641
v 0.700081 0.063174 1.482975
v 0.697999 0.068103 1.485299
v 0.526342 0.049404 1.291335
v 0.506399 0.049486 1.293540
v 0.546548 0.048839 1.293066
v 0.545854 0.043199 1.300306
v 0.526883 0.044062 1.298902
v 0.508120 0.044281 1.300993
v 0.582714 0.047152 1.304577
v 0.565755 0.048011 1.297801
v 0.579800 0.041026 1.310326
v 0.563882 0.042068 1.304380
v 0.574887 0.031471 1.320470
v 0.560981 0.032920 1.316279
v 0.562328 0.037130 1.310552
v 0.577233 0.035864 1.315614
v 0.545160 0.034621 1.313707
v 0.545424 0.038595 1.307221
v 0.511701 0.036579 1.315239
v 0.509924 0.040169 1.308260
v 0.527605 0.039770 1.306241
v 0.528396 0.036041 1.313209
v 0.628762 0.048646 1.339347
v 0.623391 0.042877 1.341856
v 0.615772 0.044620 1.331108
v 0.620796 0.050954 1.327631
v 0.618034 0.038198 1.344025
v 0.610915 0.039319 1.334205
v 0.602629 0.039958 1.325281
v 0.606973 0.045727 1.321274
v 0.611581 0.052529 1.316830
v 0.607417 0.030812 1.347702
v 0.601519 0.030869 1.339553
v 0.606168 0.034819 1.336995
v 0.612705 0.034277 1.345944
v 0.594539 0.030774 1.332212
v 0.598508 0.035043 1.328912
v 0.589071 0.035271 1.321760
v 0.585865 0.030863 1.325812
v 0.592498 0.040421 1.317305
v 0.600284 0.053624 1.307052
v 0.596204 0.046478 1.312404
v 0.622475 0.028237 1.389808
v 0.629206 0.029051 1.391750
v 0.628512 0.028679 1.406845
v 0.622156 0.028194 1.403897
v 0.636478 0.029806 1.394276
v 0.635243 0.028970 1.410531
v 0.631274 0.028872 1.427620
v 0.625362 0.028753 1.422750
v 0.619658 0.028402 1.418801
v 0.654963 0.031886 1.401649
v 0.649801 0.028578 1.421546
v 0.642529 0.029081 1.414985
v 0.644569 0.030640 1.397356
v 0.643625 0.028066 1.440266
v 0.637435 0.028745 1.433508
v 0.629331 0.032468 1.482867
v 0.621490 0.030132 1.469946
v 0.630691 0.029500 1.452399
v 0.636769 0.029358 1.459675
v 0.616119 0.029491 1.460866
v 0.624945 0.029233 1.444756
v 0.607376 0.028635 1.447723
v 0.614800 0.028624 1.433690
v 0.619713 0.028965 1.438612
v 0.611539 0.029064 1.453587
v 0.424005 0.047449 1.387646
v 0.429293 0.040845 1.387074
v 0.429265 0.039085 1.399863
v 0.424102 0.045259 1.401220
v 0.434608 0.035668 1.386324
v 0.434483 0.034377 1.398258
v 0.435913 0.032875 1.410750
v 0.430778 0.036937 1.413465
v 0.425587 0.042572 1.415719
v 0.445169 0.028278 1.384560
v 0.444961 0.027899 1.394769
v 0.439715 0.030777 1.396520
v 0.439910 0.031599 1.385484
v 0.446071 0.027473 1.405423
v 0.441006 0.029853 1.408030
v 0.453843 0.027300 1.428913
v 0.449818 0.028503 1.433138
v 0.444212 0.029011 1.420192
v 0.448902 0.027212 1.416741
v 0.445599 0.030009 1.438009
v 0.439396 0.031331 1.424021
v 0.434580 0.034975 1.451242
v 0.428682 0.039329 1.431617
v 0.434233 0.034464 1.428252
v 0.440853 0.032003 1.443691
v 0.460074 0.029986 1.345816
v 0.469789 0.031808 1.336302
v 0.473383 0.028296 1.340045
v 0.464127 0.026521 1.348337
v 0.481946 0.033893 1.327532
v 0.484999 0.030335 1.332484
v 0.487803 0.027065 1.337306
v 0.476770 0.025309 1.343626
v 0.468124 0.023774 1.350637
v 0.513394 0.032925 1.321762
v 0.498503 0.032064 1.326220
v 0.496060 0.035673 1.320267
v 0.515017 0.029335 1.327991
v 0.500737 0.028590 1.331947
v 0.518293 0.022773 1.340093
v 0.504609 0.022363 1.343431
v 0.502777 0.025322 1.337630
v 0.516627 0.025908 1.334052
v 0.492341 0.021642 1.347234
v 0.490328 0.024157 1.342121
v 0.476173 0.020881 1.354064
v 0.472398 0.021868 1.352643
v 0.480086 0.022959 1.347113
v 0.482432 0.021076 1.351090
v 0.520027 0.020015 1.346279
v 0.506219 0.019811 1.349517
v 0.521832 0.017649 1.352680
v 0.507704 0.017654 1.355914
v 0.494422 0.017785 1.359215
v 0.493576 0.019528 1.352951
v 0.525676 0.014047 1.366461
v 0.510604 0.014444 1.369869
v 0.509133 0.015864 1.362680
v 0.523719 0.015664 1.359380
v 0.496227 0.015437 1.373265
v 0.495283 0.016439 1.365986
v 0.471884 0.018682 1.379076
v 0.471926 0.018721 1.371468
v 0.482695 0.017384 1.369009
v 0.483126 0.016897 1.376402
v 0.472620 0.019077 1.364508
v 0.482598 0.018215 1.362219
v 0.482890 0.019477 1.356186
v 0.474202 0.019893 1.358413
v 0.548075 0.018822 1.452972
v 0.533739 0.020627 1.455937
v 0.530478 0.018304 1.444515
v 0.545091 0.016539 1.441411
v 0.520083 0.023373 1.457329
v 0.516530 0.021271 1.446583
v 0.512172 0.019158 1.434464
v 0.526703 0.016165 1.431757
v 0.541760 0.014563 1.428469
v 0.500459 0.027327 1.455715
v 0.494978 0.026900 1.449213
v 0.504401 0.024276 1.447666
v 0.508356 0.025852 1.457047
v 0.488566 0.025618 1.439257
v 0.499169 0.022574 1.436774
v 0.478254 0.021560 1.415861
v 0.489995 0.018615 1.412779
v 0.494200 0.020503 1.424722
v 0.482862 0.023612 1.427662
v 0.503915 0.015558 1.409588
v 0.507801 0.017145 1.421787
v 0.535113 0.012028 1.402644
v 0.538346 0.013011 1.415201
v 0.522803 0.014366 1.418660
v 0.519209 0.013122 1.406218
v 0.556069 0.027078 1.484078
v 0.554181 0.025666 1.476844
v 0.568684 0.025706 1.471569
v 0.571029 0.027154 1.478510
v 0.552377 0.023648 1.469831
v 0.566449 0.023735 1.464860
v 0.579328 0.024703 1.457943
v 0.582090 0.026371 1.464020
v 0.584935 0.027628 1.470395
v 0.561828 0.019184 1.448552
v 0.564215 0.021474 1.457476
v 0.550420 0.021270 1.462171
v 0.574138 0.020805 1.443164
v 0.576622 0.022748 1.451331
v 0.590347 0.024146 1.432497
v 0.594455 0.025558 1.435288
v 0.586836 0.024306 1.444056
v 0.584088 0.022723 1.437326
v 0.599063 0.026971 1.438871
v 0.590375 0.025958 1.449272
v 0.597245 0.028212 1.460043
v 0.593817 0.027261 1.454412
v 0.603296 0.027977 1.442919
v 0.580327 0.019028 1.355153
v 0.583700 0.019339 1.362199
v 0.571848 0.016872 1.364632
v 0.568823 0.016963 1.357579
v 0.586781 0.019889 1.370086
v 0.574693 0.017116 1.372512
v 0.560787 0.014603 1.375473
v 0.558136 0.014801 1.367474
v 0.555444 0.015389 1.360287
v 0.591416 0.021539 1.389363
v 0.579481 0.018447 1.391808
v 0.577274 0.017658 1.381468
v 0.589404 0.020639 1.379053
v 0.565769 0.015371 1.395072
v 0.563341 0.014801 1.384575
v 0.532323 0.011701 1.391795
v 0.548158 0.012632 1.388099
v 0.550795 0.012997 1.398808
v 0.529881 0.011983 1.382365
v 0.545646 0.012750 1.378811
v 0.540844 0.014390 1.363262
v 0.543218 0.013361 1.370638
v 0.527702 0.012800 1.374022
v 0.412431 0.073965 1.451252
v 0.414069 0.070009 1.466122
v 0.413278 0.080751 1.468323
v 0.411446 0.085139 1.453514
v 0.415831 0.066154 1.480490
v 0.415276 0.076408 1.482534
v 0.416608 0.086317 1.485459
v 0.414471 0.091235 1.471515
v 0.412528 0.096139 1.456835
v 0.420591 0.059290 1.506963
v 0.420508 0.068369 1.508515
v 0.417635 0.072230 1.495979
v 0.417941 0.062535 1.494161
v 0.422007 0.077001 1.510673
v 0.419079 0.081523 1.498568
v 0.431139 0.091165 1.517724
v 0.428821 0.096977 1.507067
v 0.422659 0.089946 1.502173
v 0.425435 0.084747 1.513679
v 0.426823 0.103074 1.495321
v 0.420286 0.095375 1.489607
v 0.423298 0.115485 1.468606
v 0.416275 0.106432 1.461710
v 0.418190 0.100912 1.476096
v 0.425018 0.109290 1.482491
v 0.439493 0.095790 1.523065
v 0.437953 0.102178 1.513535
v 0.449263 0.098343 1.529000
v 0.448694 0.105130 1.520767
v 0.448514 0.112441 1.511595
v 0.436690 0.108920 1.502916
v 0.468276 0.096118 1.539938
v 0.469511 0.102812 1.534191
v 0.459672 0.105471 1.527910
v 0.459255 0.098549 1.534854
v 0.471857 0.110411 1.528567
v 0.460907 0.113232 1.520533
v 0.465112 0.131201 1.503057
v 0.463322 0.121933 1.512959
v 0.476048 0.119149 1.523699
v 0.448389 0.128092 1.489650
v 0.448611 0.120178 1.501444
v 0.435496 0.115835 1.491114
v 0.434233 0.122782 1.478048
v 0.664331 0.010702 1.490226
v 0.667051 0.010454 1.487357
v 0.668231 0.009886 1.489658
v 0.664373 0.010359 1.492648
v 0.671173 0.010580 1.483663
v 0.672436 0.010031 1.486227
v 0.673685 0.010079 1.488836
v 0.669299 0.009906 1.492212
v 0.665358 0.010408 1.495298
v 0.678598 0.011967 1.478404
v 0.680402 0.011867 1.479738
v 0.676696 0.010747 1.482938
v 0.675475 0.011213 1.480375
v 0.681970 0.011984 1.482290
v 0.678056 0.010821 1.485449
v 0.682442 0.012842 1.488132
v 0.679916 0.012294 1.490752
v 0.678958 0.011331 1.488243
v 0.682595 0.012376 1.485448
v 0.676141 0.011812 1.493912
v 0.674920 0.010697 1.491434
v 0.669216 0.011810 1.498298
v 0.667246 0.011028 1.497285
v 0.670812 0.010544 1.494435
v 0.672186 0.011668 1.496649
v 0.467679 0.012883 1.537282
v 0.468915 0.012803 1.539685
v 0.463891 0.012150 1.538170
v 0.463724 0.012433 1.535458
v 0.469359 0.013229 1.542425
v 0.464238 0.012548 1.540897
v 0.458464 0.012581 1.538967
v 0.458242 0.012153 1.536116
v 0.458034 0.012445 1.533167
v 0.467152 0.015373 1.545758
v 0.463696 0.015210 1.545233
v 0.463932 0.013618 1.543209
v 0.468554 0.014268 1.544571
v 0.458770 0.015282 1.543886
v 0.458659 0.013657 1.541598
v 0.450110 0.016140 1.540025
v 0.448555 0.015306 1.537695
v 0.453302 0.014217 1.539575
v 0.453746 0.015676 1.541921
v 0.447445 0.014485 1.534628
v 0.452663 0.013263 1.536817
v 0.448514 0.013942 1.530030
v 0.452400 0.013088 1.531157
v 0.452594 0.012851 1.534048
v 0.447542 0.014031 1.531819
v 0.475118 0.090773 1.543591
v 0.476853 0.096749 1.538774
v 0.480100 0.083166 1.545814
v 0.482085 0.088141 1.541669
v 0.484319 0.092979 1.538372
v 0.479351 0.103165 1.534518
v 0.485693 0.063794 1.546106
v 0.487844 0.066587 1.542528
v 0.485610 0.077809 1.542916
v 0.483514 0.073951 1.546652
v 0.489870 0.069191 1.539981
v 0.487678 0.081381 1.540170
v 0.493964 0.072163 1.541577
v 0.492174 0.085402 1.541400
v 0.489829 0.084114 1.539342
v 0.491869 0.071192 1.539375
v 0.490203 0.099246 1.538741
v 0.487012 0.097130 1.536921
v 0.483181 0.109845 1.531701
v 0.488191 0.113660 1.533087
v 0.440118 0.052168 1.545670
v 0.447820 0.052092 1.551251
v 0.447653 0.058428 1.551647
v 0.440145 0.058730 1.546200
v 0.456022 0.052648 1.555030
v 0.455592 0.058970 1.555370
v 0.455134 0.065001 1.554994
v 0.447723 0.064435 1.551451
v 0.440701 0.064867 1.546322
v 0.471010 0.055161 1.557329
v 0.469942 0.062108 1.557685
v 0.463266 0.060228 1.557374
v 0.464002 0.053698 1.557037
v 0.468359 0.068332 1.557250
v 0.462253 0.066286 1.556928
v 0.463863 0.076866 1.554093
v 0.459713 0.076671 1.553320
v 0.460879 0.071674 1.555550
v 0.466153 0.073498 1.555877
v 0.453788 0.076009 1.551333
v 0.454565 0.070640 1.553710
v 0.443157 0.074079 1.545317
v 0.441811 0.070274 1.545957
v 0.447987 0.069941 1.550488
v 0.447653 0.075022 1.548270
v 0.496240 0.071676 1.547500
v 0.494797 0.084679 1.547299
v 0.498794 0.070129 1.556093
v 0.497725 0.082466 1.555946
v 0.497878 0.094633 1.554873
v 0.493937 0.098022 1.545302
v 0.504942 0.065302 1.577128
v 0.504539 0.075672 1.577213
v 0.500973 0.079286 1.566277
v 0.501667 0.067877 1.566323
v 0.505608 0.085537 1.576973
v 0.501736 0.090283 1.565753
v 0.504775 0.100199 1.565277
v 0.508772 0.094320 1.576810
v 0.500112 0.106015 1.553370
v 0.494200 0.111443 1.541471
v 0.525468 0.057218 1.610383
v 0.533892 0.056512 1.613450
v 0.533836 0.063170 1.613951
v 0.525370 0.064221 1.610794
v 0.542982 0.056442 1.614201
v 0.542940 0.063032 1.614772
v 0.542843 0.069468 1.614542
v 0.534058 0.069577 1.613637
v 0.525912 0.070809 1.610491
v 0.559344 0.058197 1.610018
v 0.559191 0.065469 1.610688
v 0.551725 0.063801 1.613578
v 0.551780 0.057016 1.612955
v 0.558317 0.072215 1.610701
v 0.551253 0.070295 1.613471
v 0.553848 0.082069 1.608435
v 0.549019 0.082065 1.609685
v 0.550101 0.076297 1.612277
v 0.556318 0.078056 1.609815
v 0.541885 0.081769 1.610176
v 0.542538 0.075675 1.613135
v 0.529034 0.080720 1.607545
v 0.527299 0.076615 1.609245
v 0.534599 0.075560 1.612179
v 0.534460 0.081265 1.609214
v 0.608666 0.056891 1.603241
v 0.618145 0.055030 1.602457
v 0.619061 0.062065 1.602312
v 0.609763 0.064330 1.603200
v 0.628359 0.053827 1.598981
v 0.629095 0.060707 1.598742
v 0.629525 0.067350 1.597702
v 0.620005 0.068707 1.601203
v 0.611220 0.071125 1.602101
v 0.645859 0.054075 1.585471
v 0.646345 0.061288 1.585226
v 0.638601 0.060391 1.592918
v 0.638018 0.053469 1.593200
v 0.645846 0.068024 1.584656
v 0.638546 0.067009 1.592045
v 0.641488 0.078234 1.582883
v 0.636547 0.078994 1.587158
v 0.637574 0.073169 1.590404
v 0.644000 0.073990 1.583782
v 0.629109 0.079845 1.591876
v 0.629553 0.073681 1.595530
v 0.615425 0.080752 1.596606
v 0.613260 0.076894 1.599621
v 0.621046 0.074741 1.598772
v 0.621226 0.080490 1.595181
v 0.650606 0.055818 1.576194
v 0.651036 0.063533 1.576078
v 0.652965 0.058483 1.565776
v 0.653395 0.066868 1.565814
v 0.652354 0.074632 1.566072
v 0.650217 0.070666 1.575959
v 0.653243 0.065725 1.543210
v 0.653909 0.075804 1.543300
v 0.654117 0.071048 1.554771
v 0.653617 0.061857 1.554636
v 0.652729 0.085192 1.543542
v 0.652951 0.079564 1.555167
v 0.643819 0.093048 1.559219
v 0.649662 0.087015 1.556458
v 0.649218 0.093459 1.544720
v 0.644111 0.086838 1.569357
v 0.649398 0.081409 1.567029
v 0.647733 0.076900 1.576065
v 0.643209 0.081716 1.577544
v 0.651258 0.077794 1.507021
v 0.652049 0.076873 1.504568
v 0.654464 0.089329 1.503336
v 0.653284 0.090528 1.505854
v 0.653576 0.074322 1.504712
v 0.656323 0.086141 1.503576
v 0.658738 0.096687 1.499660
v 0.655949 0.101283 1.499047
v 0.653756 0.103361 1.501784
v 0.658544 0.066610 1.509450
v 0.661611 0.076630 1.508667
v 0.658738 0.081669 1.505658
v 0.655768 0.070721 1.506626
v 0.664817 0.085070 1.505706
v 0.661708 0.091057 1.502208
v 0.665094 0.098027 1.496373
v 0.668481 0.091278 1.500677
v 0.661222 0.105112 1.492965
v 0.652410 0.116344 1.494616
v 0.656587 0.112358 1.491470
v 0.675683 0.051958 1.514998
v 0.681831 0.049220 1.511815
v 0.683511 0.055905 1.511537
v 0.677723 0.059099 1.514629
v 0.688049 0.047067 1.506539
v 0.689436 0.053407 1.506351
v 0.690477 0.059413 1.505393
v 0.685009 0.061989 1.510300
v 0.679694 0.065332 1.513125
v 0.694766 0.051737 1.499414
v 0.693614 0.045576 1.499487
v 0.695404 0.057625 1.498833
v 0.694932 0.067908 1.494949
v 0.695321 0.063044 1.497594
v 0.691060 0.070189 1.500389
v 0.691060 0.064985 1.503484
v 0.683136 0.073260 1.507314
v 0.681609 0.070250 1.510382
v 0.686231 0.067247 1.507912
v 0.686633 0.072131 1.504795
v 0.443379 0.252098 1.226417
v 0.458228 0.250003 1.213783
v 0.458770 0.236269 1.215663
v 0.444545 0.238153 1.228148
v 0.473980 0.248053 1.203742
v 0.474480 0.234345 1.205552
v 0.474896 0.221757 1.208618
v 0.459061 0.223807 1.218810
v 0.445627 0.225984 1.230623
v 0.604767 0.012432 1.580167
v 0.609041 0.011663 1.577599
v 0.609985 0.011280 1.581673
v 0.604114 0.012388 1.583735
v 0.615453 0.011325 1.574371
v 0.616632 0.010865 1.578725
v 0.617881 0.011290 1.582922
v 0.610873 0.011703 1.585719
v 0.604739 0.012879 1.587779
v 0.626860 0.012506 1.569963
v 0.629234 0.012359 1.572506
v 0.623377 0.011267 1.575719
v 0.622100 0.011730 1.571546
v 0.631010 0.012669 1.576498
v 0.624876 0.011605 1.579738
v 0.630330 0.014519 1.584153
v 0.626291 0.014252 1.586976
v 0.625570 0.012651 1.583702
v 0.631218 0.013542 1.580854
v 0.620296 0.014224 1.589919
v 0.619116 0.012457 1.586732
v 0.609527 0.014994 1.592500
v 0.606932 0.013923 1.590882
v 0.612580 0.012834 1.589070
v 0.614065 0.014537 1.591843
v 0.563868 0.098924 1.585524
v 0.564243 0.106098 1.576452
v 0.568378 0.090064 1.586786
v 0.569003 0.096086 1.578498
v 0.569836 0.101796 1.570549
v 0.565353 0.113474 1.567056
v 0.571723 0.068191 1.586943
v 0.572361 0.071620 1.579481
v 0.571515 0.084281 1.579634
v 0.570835 0.079567 1.587342
v 0.572778 0.074796 1.572634
v 0.572112 0.088591 1.572516
v 0.574471 0.078220 1.564964
v 0.574471 0.093105 1.564507
v 0.572986 0.091765 1.567100
v 0.573361 0.077183 1.567440
v 0.573749 0.108468 1.560612
v 0.571321 0.106434 1.563967
v 0.567990 0.120673 1.557886
v 0.572306 0.124172 1.552699
v 0.594525 0.098168 1.578487
v 0.598605 0.091514 1.586370
v 0.604905 0.096794 1.582191
v 0.590347 0.089748 1.581753
v 0.594511 0.084096 1.589076
v 0.599049 0.079008 1.595375
v 0.602768 0.085627 1.592990
v 0.608514 0.090278 1.589364
v 0.586392 0.068568 1.583300
v 0.590472 0.065212 1.590219
v 0.592013 0.075139 1.590339
v 0.587877 0.079645 1.583357
v 0.595260 0.062079 1.596357
v 0.596717 0.070992 1.596469
v 0.602477 0.067343 1.601006
v 0.601172 0.059277 1.600948
v 0.604420 0.074624 1.599941
v 0.612205 0.084721 1.594284
v 0.607403 0.080631 1.597552
v 0.553584 0.013937 1.411255
v 0.568031 0.016348 1.407283
v 0.570141 0.017627 1.420098
v 0.556416 0.015334 1.424388
v 0.592651 0.022565 1.401267
v 0.581216 0.019489 1.403795
v 0.592901 0.023473 1.413465
v 0.582409 0.020580 1.416170
v 0.582992 0.021572 1.427700
v 0.591971 0.023999 1.424601
v 0.572070 0.019092 1.432397
v 0.559205 0.017112 1.437167
v 0.495685 0.029945 1.477042
v 0.510007 0.029482 1.483477
v 0.511007 0.028980 1.490816
v 0.495949 0.029307 1.483786
v 0.525134 0.028612 1.486700
v 0.526647 0.028439 1.494574
v 0.528493 0.027844 1.503621
v 0.512339 0.028252 1.499435
v 0.496560 0.028625 1.491905
v 0.558289 0.027635 1.492395
v 0.542524 0.027921 1.495083
v 0.540636 0.027684 1.486856
v 0.560857 0.027711 1.502443
v 0.544772 0.027671 1.504790
v 0.547325 0.027291 1.516401
v 0.563799 0.027748 1.514852
v 0.530561 0.027067 1.514059
v 0.497351 0.028133 1.501991
v 0.513866 0.027541 1.509706
v 0.457993 0.026260 1.425240
v 0.464585 0.027494 1.437848
v 0.461323 0.027962 1.442128
v 0.462961 0.025129 1.421929
v 0.468776 0.026799 1.434099
v 0.476423 0.028538 1.446226
v 0.473231 0.028853 1.450454
v 0.471010 0.028846 1.455284
v 0.474632 0.025613 1.430748
v 0.469484 0.023642 1.418862
v 0.481266 0.027538 1.442441
v 0.498475 0.028884 1.460308
v 0.489135 0.028754 1.452621
v 0.496740 0.030067 1.465714
v 0.485749 0.029782 1.457113
v 0.482571 0.029610 1.467290
v 0.483722 0.029941 1.461926
v 0.495880 0.030307 1.471164
v 0.390740 0.303741 1.284947
v 0.392155 0.300246 1.279155
v 0.394348 0.293029 1.281427
v 0.391531 0.299900 1.288905
v 0.395028 0.297627 1.271208
v 0.397804 0.289752 1.272410
v 0.401495 0.282987 1.273618
v 0.397276 0.286864 1.285025
v 0.393932 0.295051 1.294603
v 0.402064 0.298806 1.257736
v 0.405173 0.294058 1.255423
v 0.401773 0.289944 1.263328
v 0.398817 0.297398 1.263342
v 0.410252 0.288153 1.252174
v 0.406186 0.283273 1.262134
v 0.411793 0.275710 1.259998
v 0.417219 0.281155 1.247557
v 0.405783 0.275584 1.274867
v 0.397915 0.289168 1.302166
v 0.401134 0.279846 1.289806
v 0.391947 0.378157 1.315667
v 0.393474 0.359813 1.315287
v 0.390226 0.394646 1.314166
v 0.388089 0.387610 1.308995
v 0.388089 0.375262 1.308545
v 0.389088 0.358182 1.307419
v 0.388713 0.415646 1.299950
v 0.388658 0.407784 1.309286
v 0.387353 0.396415 1.295103
v 0.386632 0.392709 1.304070
v 0.387104 0.358905 1.290374
v 0.386937 0.358477 1.299432
v 0.386368 0.376026 1.301146
v 0.386979 0.377469 1.292180
v 0.390074 0.376582 1.280315
v 0.389685 0.357699 1.279251
v 0.390740 0.396160 1.282158
v 0.395944 0.393122 1.267362
v 0.394806 0.373910 1.267262
v 0.393959 0.355285 1.267372
v 0.393127 0.436051 1.287300
v 0.391822 0.416258 1.285059
v 0.398831 0.431389 1.267260
v 0.397443 0.412472 1.267390
v 0.412278 0.399141 1.235741
v 0.404992 0.407132 1.249709
v 0.407379 0.425667 1.246976
v 0.408004 0.382430 1.241049
v 0.402120 0.388466 1.252860
v 0.404534 0.348495 1.246401
v 0.399150 0.352061 1.255995
v 0.400329 0.369997 1.254648
v 0.405742 0.365416 1.244170
v 0.410211 0.360697 1.237498
v 0.409378 0.344987 1.239900
v 0.412362 0.375184 1.234313
v 0.415581 0.368665 1.231548
v 0.414901 0.357584 1.232823
v 0.414624 0.342384 1.235008
v 0.417108 0.387402 1.229242
v 0.419884 0.373186 1.227633
v 0.421285 0.341546 1.230276
v 0.421021 0.357806 1.228349
v 0.394459 0.341103 1.314566
v 0.389782 0.340488 1.306152
v 0.390573 0.323280 1.304085
v 0.395236 0.322429 1.312790
v 0.387270 0.340834 1.288934
v 0.387395 0.340750 1.297847
v 0.387811 0.324654 1.287667
v 0.388117 0.324294 1.295960
v 0.389463 0.310491 1.293372
v 0.389060 0.311748 1.286353
v 0.391822 0.307669 1.300600
v 0.396166 0.304235 1.309242
v 0.403452 0.332068 1.249011
v 0.398137 0.335021 1.257770
v 0.402633 0.317408 1.251893
v 0.397540 0.319776 1.259803
v 0.393030 0.321791 1.268884
v 0.393265 0.337667 1.267964
v 0.397582 0.307295 1.261909
v 0.402217 0.305805 1.254927
v 0.393529 0.308376 1.270009
v 0.390545 0.310461 1.278368
v 0.389616 0.323621 1.278414
v 0.389435 0.339713 1.278656
v 0.421466 0.324734 1.232324
v 0.421202 0.308201 1.235255
v 0.413749 0.311343 1.240735
v 0.414332 0.326551 1.237468
v 0.420064 0.292837 1.239817
v 0.412584 0.298020 1.245342
v 0.406921 0.302533 1.249894
v 0.407796 0.314507 1.245909
v 0.408587 0.329118 1.242639
v 0.552377 0.015066 1.594165
v 0.553751 0.015176 1.596328
v 0.549130 0.014562 1.596881
v 0.548685 0.014590 1.593910
v 0.554334 0.015893 1.599063
v 0.549629 0.015237 1.599617
v 0.544203 0.015283 1.599824
v 0.543814 0.014576 1.596922
v 0.543315 0.014628 1.593715
v 0.552391 0.018439 1.603096
v 0.549199 0.018357 1.603917
v 0.549421 0.016559 1.602007
v 0.553682 0.017174 1.601496
v 0.544578 0.018477 1.604387
v 0.544467 0.016620 1.602325
v 0.536279 0.019278 1.603414
v 0.534752 0.018275 1.601711
v 0.539359 0.017172 1.602121
v 0.539804 0.018847 1.604130
v 0.533545 0.017211 1.599038
v 0.538652 0.015959 1.599631
v 0.534127 0.016294 1.593767
v 0.537888 0.015334 1.593646
v 0.538402 0.015295 1.596770
v 0.533406 0.016532 1.596067
v 0.581105 0.487630 1.297694
v 0.572112 0.491725 1.313344
v 0.587142 0.482768 1.281808
v 0.587794 0.499425 1.284080
v 0.581590 0.504166 1.300162
v 0.572445 0.508138 1.315967
v 0.590569 0.471642 1.250840
v 0.590278 0.477352 1.266057
v 0.591527 0.488498 1.252608
v 0.591083 0.494130 1.268105
v 0.591360 0.509659 1.270134
v 0.591943 0.504187 1.254342
v 0.587919 0.514736 1.286376
v 0.572306 0.523096 1.318659
v 0.581590 0.519273 1.302671
v 0.588071 0.465892 1.236497
v 0.583256 0.460448 1.222926
v 0.584810 0.477253 1.224196
v 0.589209 0.482757 1.237988
v 0.569516 0.452999 1.197830
v 0.576553 0.455640 1.209968
v 0.572958 0.468791 1.199105
v 0.579064 0.472376 1.211225
v 0.580022 0.487759 1.212174
v 0.574152 0.483227 1.199877
v 0.585476 0.492959 1.225347
v 0.589723 0.498524 1.239415
v 0.399275 0.468546 1.323117
v 0.393821 0.460861 1.306257
v 0.409239 0.476408 1.337601
v 0.408837 0.492766 1.336450
v 0.399871 0.485756 1.321534
v 0.395208 0.478651 1.304510
v 0.437481 0.488613 1.358680
v 0.422132 0.483141 1.349565
v 0.436371 0.504506 1.358703
v 0.421216 0.499120 1.348962
v 0.420897 0.513750 1.348232
v 0.435732 0.518996 1.358614
v 0.409003 0.507720 1.335213
v 0.396457 0.494498 1.302757
v 0.400662 0.501202 1.319914
v 0.454773 0.492721 1.364642
v 0.473300 0.495588 1.367253
v 0.472398 0.511617 1.368579
v 0.453690 0.508641 1.365317
v 0.511187 0.498068 1.361821
v 0.492341 0.497334 1.366360
v 0.510798 0.514338 1.364170
v 0.491688 0.513485 1.368266
v 0.491064 0.528206 1.370199
v 0.510299 0.529166 1.366586
v 0.471662 0.526201 1.369876
v 0.452941 0.523143 1.365921
v 0.529117 0.497912 1.353427
v 0.545591 0.496825 1.342023
v 0.545605 0.513172 1.344745
v 0.528951 0.514229 1.356038
v 0.560093 0.494767 1.328389
v 0.560274 0.511141 1.331097
v 0.560038 0.526031 1.333915
v 0.545285 0.528048 1.347563
v 0.528548 0.529103 1.358745
v 0.568684 0.479656 1.188506
v 0.567476 0.467167 1.187920
v 0.561731 0.466491 1.177716
v 0.562758 0.476686 1.178082
v 0.563715 0.454055 1.186720
v 0.558192 0.456481 1.176834
v 0.544036 0.457906 1.160970
v 0.551975 0.457946 1.168339
v 0.545910 0.464406 1.160405
v 0.554847 0.465765 1.168569
v 0.555569 0.473998 1.168624
v 0.546271 0.471231 1.160194
v 0.433692 0.516876 1.208245
v 0.441367 0.504909 1.195462
v 0.437869 0.495843 1.197574
v 0.429765 0.504376 1.210782
v 0.448472 0.495842 1.184818
v 0.445974 0.488560 1.185856
v 0.444337 0.480753 1.186293
v 0.435677 0.486213 1.198475
v 0.427211 0.492349 1.211964
v 0.533309 0.455814 1.154430
v 0.520430 0.452762 1.149337
v 0.520236 0.458865 1.147613
v 0.534003 0.461870 1.153178
v 0.491758 0.447931 1.146290
v 0.505997 0.449874 1.146281
v 0.491799 0.454239 1.144409
v 0.505705 0.456099 1.144416
v 0.505608 0.462143 1.143998
v 0.491910 0.460325 1.144032
v 0.520055 0.464853 1.147154
v 0.534016 0.468026 1.152786
v 0.480197 0.459858 1.147983
v 0.479878 0.453897 1.148413
v 0.469525 0.454556 1.155494
v 0.469955 0.460391 1.155025
v 0.479448 0.447715 1.150388
v 0.468901 0.448553 1.157341
v 0.459977 0.449809 1.165923
v 0.460282 0.455644 1.164704
v 0.460629 0.461564 1.164344
v 0.407712 0.443743 1.246432
v 0.399608 0.449301 1.266829
v 0.400232 0.466096 1.266073
v 0.407421 0.460806 1.246628
v 0.394445 0.454731 1.287133
v 0.395750 0.472083 1.285699
v 0.396999 0.487919 1.284141
v 0.401190 0.481746 1.264935
v 0.407935 0.476258 1.246062
v 0.478324 0.163712 1.466667
v 0.497240 0.168161 1.473775
v 0.480891 0.154811 1.482907
v 0.500140 0.159304 1.490096
v 0.519916 0.162819 1.494001
v 0.516641 0.171421 1.477406
v 0.502902 0.149558 1.507156
v 0.483306 0.144764 1.500181
v 0.523094 0.153601 1.511093
v 0.564423 0.155968 1.511479
v 0.543759 0.155477 1.513445
v 0.560121 0.165674 1.491560
v 0.539998 0.164887 1.494781
v 0.536279 0.173461 1.477368
v 0.555944 0.174249 1.473509
v 0.575387 0.173756 1.465648
v 0.579967 0.165273 1.483448
v 0.599035 0.163319 1.471686
v 0.594025 0.171755 1.454358
v 0.584588 0.155883 1.502472
v 0.604114 0.154253 1.489469
v 0.639073 0.144172 1.459425
v 0.622836 0.150120 1.475485
v 0.632370 0.153687 1.441161
v 0.616799 0.159446 1.457516
v 0.611234 0.168036 1.440214
v 0.626389 0.162386 1.423802
v 0.638893 0.154581 1.405708
v 0.644846 0.146058 1.422829
v 0.654492 0.136958 1.404454
v 0.648746 0.145152 1.387561
v 0.651189 0.137054 1.440194
v 0.660154 0.128711 1.420750
v 0.666968 0.119045 1.404093
v 0.661597 0.126726 1.387960
v 0.655907 0.134573 1.371032
v 0.634146 0.055794 1.336369
v 0.641932 0.052046 1.349764
v 0.636353 0.045382 1.351900
v 0.639351 0.064204 1.333311
v 0.647192 0.060054 1.347463
v 0.654658 0.055344 1.362111
v 0.649287 0.047636 1.364129
v 0.643348 0.041393 1.365813
v 0.651980 0.069149 1.345392
v 0.644236 0.073688 1.330525
v 0.659363 0.064127 1.360449
v 0.672991 0.054319 1.390599
v 0.666371 0.059050 1.375576
v 0.668481 0.045967 1.392295
v 0.661736 0.050488 1.377179
v 0.649579 0.036953 1.381553
v 0.656115 0.042860 1.379708
v 0.662763 0.038491 1.395585
v 0.618561 0.095109 1.284473
v 0.614245 0.082711 1.289562
v 0.631038 0.092101 1.298118
v 0.626513 0.080338 1.302224
v 0.621601 0.069835 1.306944
v 0.609568 0.071685 1.295264
v 0.636131 0.077388 1.316006
v 0.640641 0.088449 1.312927
v 0.631176 0.067394 1.319718
v 0.626000 0.058571 1.323713
v 0.616535 0.060572 1.311933
v 0.604836 0.062011 1.301219
v 0.648246 0.126093 1.314433
v 0.647219 0.113244 1.310966
v 0.637782 0.119008 1.294022
v 0.639212 0.133374 1.296225
v 0.644513 0.100556 1.310856
v 0.634924 0.105119 1.295030
v 0.605252 0.111921 1.267462
v 0.622267 0.108954 1.280357
v 0.608028 0.128209 1.263342
v 0.625237 0.124300 1.277781
v 0.627388 0.141211 1.277313
v 0.610415 0.146817 1.260067
v 0.528007 0.145209 1.236291
v 0.557207 0.145807 1.238640
v 0.557262 0.130314 1.244453
v 0.528493 0.130636 1.242365
v 0.585851 0.147349 1.246870
v 0.584574 0.129869 1.251832
v 0.582603 0.113919 1.257001
v 0.556305 0.115194 1.250189
v 0.528285 0.115992 1.248287
v 0.478032 0.088911 1.275150
v 0.480170 0.076267 1.281173
v 0.460380 0.075736 1.295133
v 0.457160 0.088524 1.290120
v 0.485207 0.055894 1.294004
v 0.482584 0.065142 1.287488
v 0.467693 0.055072 1.305776
v 0.463960 0.064479 1.300368
v 0.441061 0.052873 1.334549
v 0.435815 0.062396 1.331596
v 0.448181 0.063543 1.315667
v 0.452816 0.054015 1.319829
v 0.430750 0.073613 1.328708
v 0.443698 0.074835 1.311612
v 0.439632 0.087699 1.307722
v 0.426143 0.086387 1.325930
v 0.418787 0.055812 1.388017
v 0.419620 0.057915 1.374236
v 0.425032 0.049176 1.374538
v 0.413971 0.065701 1.388333
v 0.414582 0.068181 1.373948
v 0.417011 0.070299 1.359473
v 0.422257 0.059658 1.360504
v 0.427794 0.050572 1.361562
v 0.410252 0.079782 1.373774
v 0.409933 0.076869 1.388763
v 0.412417 0.082386 1.358568
v 0.417399 0.084604 1.342758
v 0.422132 0.072103 1.344532
v 0.432929 0.051770 1.348339
v 0.427419 0.061131 1.346416
v 0.410682 0.077861 1.436077
v 0.413236 0.066739 1.434424
v 0.414860 0.063135 1.449552
v 0.409059 0.081696 1.420654
v 0.411695 0.070273 1.419187
v 0.415540 0.059703 1.418052
v 0.417247 0.056323 1.433341
v 0.418995 0.052903 1.448701
v 0.410502 0.073667 1.403925
v 0.407754 0.085432 1.405094
v 0.414374 0.062852 1.403044
v 0.419023 0.053286 1.402208
v 0.420341 0.050315 1.417074
v 0.425102 0.043553 1.448986
v 0.422701 0.046903 1.432864
v 0.411015 0.122441 1.414274
v 0.418052 0.133542 1.421535
v 0.407379 0.110361 1.409571
v 0.408892 0.105610 1.425789
v 0.412625 0.117056 1.430684
v 0.419772 0.127462 1.437944
v 0.406505 0.097844 1.406751
v 0.407907 0.093643 1.422652
v 0.409614 0.089422 1.438277
v 0.410627 0.100893 1.441575
v 0.421535 0.121496 1.453698
v 0.414402 0.111757 1.446537
v 0.429140 0.143120 1.432030
v 0.430986 0.136315 1.448203
v 0.445447 0.143713 1.460100
v 0.443435 0.151286 1.444163
v 0.432693 0.129565 1.463639
v 0.447209 0.135964 1.475568
v 0.464418 0.140622 1.488695
v 0.462364 0.149741 1.472285
v 0.460116 0.158118 1.456250
v 0.518376 0.094997 1.587846
v 0.527077 0.099247 1.588697
v 0.521998 0.089184 1.596949
v 0.529909 0.092708 1.597605
v 0.539248 0.094321 1.598491
v 0.537403 0.101282 1.589908
v 0.532629 0.086852 1.604404
v 0.525773 0.084202 1.603704
v 0.540775 0.087910 1.605273
v 0.555611 0.085954 1.605379
v 0.548783 0.087842 1.605371
v 0.556804 0.091475 1.599974
v 0.548658 0.094002 1.599274
v 0.547867 0.100919 1.591289
v 0.557040 0.097987 1.592621
v 0.614037 0.099366 1.576480
v 0.616910 0.092423 1.584535
v 0.626555 0.092392 1.579136
v 0.624529 0.099442 1.570135
v 0.619574 0.086262 1.590604
v 0.628096 0.085976 1.586390
v 0.636311 0.084594 1.581516
v 0.636062 0.090515 1.573730
v 0.634951 0.097261 1.564082
v 0.676016 0.088081 1.498918
v 0.681304 0.087954 1.491383
v 0.678806 0.082291 1.503287
v 0.683774 0.082271 1.497027
v 0.689020 0.080020 1.490185
v 0.686883 0.085304 1.483202
v 0.685675 0.077063 1.501330
v 0.681262 0.077125 1.506173
v 0.690394 0.075089 1.495940
v 0.694641 0.072093 1.490110
v 0.693877 0.076175 1.483441
v 0.692087 0.080756 1.475305
v 0.681873 0.021737 1.456666
v 0.686938 0.028210 1.450965
v 0.691116 0.027316 1.461837
v 0.688229 0.021929 1.464755
v 0.690796 0.034930 1.448106
v 0.694238 0.033639 1.459998
v 0.696278 0.032885 1.470977
v 0.693808 0.027042 1.471752
v 0.691379 0.022070 1.473053
v 0.696820 0.040454 1.459232
v 0.693850 0.042139 1.446875
v 0.698429 0.039265 1.470706
v 0.696389 0.038639 1.490719
v 0.698388 0.038656 1.481211
v 0.694682 0.032634 1.490276
v 0.696514 0.032547 1.481102
v 0.690769 0.022371 1.489232
v 0.692254 0.022210 1.481337
v 0.694419 0.026981 1.481123
v 0.692781 0.027114 1.489768
v 0.682289 0.058976 1.405128
v 0.679222 0.050334 1.405400
v 0.687660 0.055318 1.419632
v 0.684884 0.047021 1.419801
v 0.681012 0.039349 1.421498
v 0.674989 0.042315 1.407132
v 0.689811 0.044309 1.433690
v 0.692295 0.052232 1.433570
v 0.686342 0.036856 1.435217
v 0.675947 0.025051 1.444570
v 0.681873 0.030162 1.438742
v 0.669896 0.027665 1.432112
v 0.676030 0.032688 1.425314
v 0.669535 0.035278 1.410858
v 0.663235 0.029949 1.418383
v 0.692975 0.076511 1.440391
v 0.694072 0.068484 1.436418
v 0.689839 0.072531 1.422685
v 0.688840 0.081178 1.427132
v 0.693780 0.060352 1.434321
v 0.689381 0.063869 1.420389
v 0.684288 0.067956 1.405836
v 0.684982 0.077120 1.408233
v 0.684149 0.086356 1.413016
v 0.572681 0.027653 1.324872
v 0.559760 0.029131 1.321513
v 0.570280 0.024577 1.328885
v 0.558553 0.025904 1.326362
v 0.544883 0.027453 1.325320
v 0.544952 0.030888 1.319690
v 0.564506 0.021214 1.335430
v 0.557096 0.021312 1.335442
v 0.557262 0.023366 1.330934
v 0.567351 0.022397 1.332590
v 0.545813 0.021782 1.336113
v 0.545036 0.024417 1.330734
v 0.531102 0.025435 1.331756
v 0.532448 0.022422 1.337656
v 0.530047 0.028781 1.325823
v 0.529187 0.032345 1.319677
v 0.620768 0.028755 1.377389
v 0.627499 0.030148 1.378349
v 0.617423 0.029522 1.366381
v 0.623849 0.031604 1.366384
v 0.630385 0.033979 1.366465
v 0.634577 0.031643 1.379625
v 0.618769 0.033098 1.355669
v 0.612857 0.030283 1.356568
v 0.624695 0.036286 1.354693
v 0.630580 0.040248 1.353495
v 0.636964 0.037046 1.366436
v 0.642168 0.033572 1.381103
v 0.589293 0.021528 1.353038
v 0.593095 0.021955 1.360290
v 0.596357 0.024367 1.351167
v 0.600659 0.024675 1.358782
v 0.604378 0.024986 1.367271
v 0.596467 0.022508 1.368372
v 0.607029 0.027471 1.357578
v 0.602185 0.027485 1.349416
v 0.611151 0.027320 1.366644
v 0.615952 0.027185 1.388453
v 0.614231 0.027177 1.376849
v 0.609027 0.025785 1.387827
v 0.607251 0.025331 1.376870
v 0.599188 0.023165 1.377562
v 0.601047 0.023944 1.388083
v 0.582784 0.027045 1.329492
v 0.590666 0.026985 1.335225
v 0.586226 0.023761 1.337992
v 0.579287 0.023914 1.332826
v 0.596939 0.027234 1.341911
v 0.591735 0.023987 1.344165
v 0.576802 0.018990 1.348658
v 0.585240 0.021224 1.346395
v 0.572930 0.019343 1.342988
v 0.580563 0.021200 1.340594
v 0.574859 0.021626 1.335894
v 0.568517 0.020187 1.338406
v 0.609971 0.028107 1.429758
v 0.604850 0.027245 1.426748
v 0.608167 0.026974 1.413678
v 0.614106 0.027873 1.415729
v 0.599049 0.025888 1.424664
v 0.601297 0.025569 1.412774
v 0.601852 0.024836 1.400198
v 0.609443 0.026422 1.400391
v 0.616008 0.027487 1.401689
v 0.453260 0.028983 1.355329
v 0.448514 0.033034 1.353727
v 0.455703 0.034045 1.343145
v 0.448819 0.028551 1.364914
v 0.443809 0.032452 1.364217
v 0.438605 0.037254 1.363420
v 0.443518 0.037999 1.352010
v 0.451054 0.039004 1.340360
v 0.441103 0.032066 1.374759
v 0.446293 0.028399 1.374633
v 0.435802 0.036549 1.374787
v 0.430431 0.042156 1.374724
v 0.433262 0.043206 1.362532
v 0.446155 0.045183 1.337482
v 0.438314 0.044157 1.350216
v 0.463100 0.020662 1.381065
v 0.463530 0.020458 1.373060
v 0.456147 0.022869 1.382523
v 0.456882 0.022626 1.373978
v 0.458784 0.022571 1.365803
v 0.464890 0.020527 1.365577
v 0.451345 0.025272 1.374442
v 0.450374 0.025388 1.383642
v 0.453621 0.025259 1.365517
v 0.457701 0.025582 1.356808
v 0.462323 0.022912 1.358024
v 0.467582 0.021025 1.358794
v 0.453635 0.025628 1.413703
v 0.451151 0.025389 1.403061
v 0.456924 0.023431 1.400779
v 0.459117 0.024049 1.410887
v 0.450193 0.025370 1.393109
v 0.456050 0.023075 1.391389
v 0.472218 0.018832 1.387123
v 0.463169 0.020943 1.389444
v 0.473203 0.019285 1.395804
v 0.464057 0.021443 1.398415
v 0.466056 0.022305 1.408143
v 0.475132 0.020156 1.405310
v 0.457354 0.046473 1.324036
v 0.471426 0.047777 1.311311
v 0.475090 0.042147 1.316843
v 0.461726 0.040513 1.328228
v 0.487927 0.048869 1.300672
v 0.490703 0.043525 1.307365
v 0.493437 0.039303 1.313939
v 0.478615 0.037668 1.322284
v 0.465889 0.035759 1.332342
v 0.512200 0.013351 1.377537
v 0.514060 0.012716 1.385947
v 0.498891 0.014475 1.389453
v 0.497365 0.014748 1.380995
v 0.516350 0.012601 1.395401
v 0.501014 0.014706 1.398888
v 0.487025 0.017419 1.402210
v 0.485041 0.016813 1.392769
v 0.483833 0.016668 1.384249
v 0.600770 0.028754 1.466793
v 0.604614 0.029099 1.474851
v 0.591166 0.028472 1.486633
v 0.587946 0.028267 1.477906
v 0.613024 0.029475 1.495817
v 0.609041 0.029416 1.484436
v 0.598188 0.027907 1.507728
v 0.594636 0.028354 1.496699
v 0.579550 0.027945 1.507561
v 0.583353 0.027748 1.519363
v 0.576442 0.027996 1.496109
v 0.573610 0.027818 1.486562
v 0.534197 0.019813 1.343660
v 0.547631 0.019553 1.341610
v 0.550073 0.017731 1.347391
v 0.536237 0.017611 1.349863
v 0.559261 0.019580 1.340083
v 0.562536 0.018245 1.345188
v 0.565714 0.017397 1.351047
v 0.552710 0.016348 1.353607
v 0.538485 0.015802 1.356365
v 0.435607 0.024854 1.510034
v 0.428890 0.033021 1.506578
v 0.428002 0.035243 1.493947
v 0.435788 0.028515 1.497154
v 0.424602 0.041399 1.505520
v 0.422826 0.043698 1.492568
v 0.421479 0.046547 1.478621
v 0.427294 0.038077 1.479958
v 0.435788 0.031335 1.483873
v 0.419564 0.052906 1.492841
v 0.421896 0.050232 1.505813
v 0.417774 0.056048 1.478985
v 0.416289 0.059512 1.464485
v 0.420300 0.049632 1.463892
v 0.435482 0.033602 1.469201
v 0.426489 0.040725 1.464835
v 0.433664 0.052974 1.538270
v 0.434220 0.045837 1.537376
v 0.440548 0.045462 1.544809
v 0.428335 0.054471 1.529220
v 0.429085 0.046722 1.528268
v 0.430583 0.039227 1.527547
v 0.435302 0.038908 1.536478
v 0.441353 0.038919 1.543779
v 0.425032 0.048177 1.517678
v 0.424019 0.056594 1.518715
v 0.427114 0.039979 1.517206
v 0.433831 0.025679 1.519304
v 0.430264 0.032255 1.517641
v 0.435135 0.026349 1.527703
v 0.432707 0.032296 1.527301
v 0.443670 0.027486 1.541785
v 0.442421 0.032819 1.542727
v 0.436773 0.032509 1.535737
v 0.438494 0.026963 1.535312
v 0.428710 0.079943 1.524040
v 0.433914 0.085763 1.527249
v 0.425546 0.072875 1.521687
v 0.429779 0.069350 1.531386
v 0.432499 0.075751 1.532974
v 0.437009 0.080943 1.535293
v 0.424089 0.064959 1.519975
v 0.428474 0.062138 1.530202
v 0.433789 0.060011 1.539000
v 0.434775 0.066588 1.539627
v 0.440312 0.076895 1.541503
v 0.436759 0.072373 1.540199
v 0.441450 0.089896 1.531545
v 0.443670 0.084547 1.538737
v 0.451470 0.086480 1.542643
v 0.450249 0.092165 1.536361
v 0.445974 0.079738 1.544337
v 0.452691 0.081187 1.547628
v 0.465292 0.080239 1.552629
v 0.459394 0.081571 1.550355
v 0.466541 0.084832 1.549573
v 0.459408 0.086674 1.546360
v 0.459255 0.092309 1.541105
v 0.467402 0.090136 1.545213
v 0.642987 0.028342 1.464760
v 0.639115 0.033067 1.479968
v 0.649634 0.026582 1.447789
v 0.655158 0.024438 1.455630
v 0.648663 0.026400 1.469307
v 0.644597 0.031271 1.481931
v 0.656490 0.027084 1.431512
v 0.662582 0.024892 1.442713
v 0.672214 0.019486 1.461774
v 0.668092 0.022307 1.452991
v 0.663776 0.018932 1.470057
v 0.659932 0.021806 1.463341
v 0.651882 0.023237 1.491769
v 0.648649 0.028058 1.486030
v 0.653062 0.023424 1.474971
v 0.656670 0.019938 1.480088
v 0.446849 0.024490 1.502378
v 0.446779 0.021612 1.511857
v 0.447459 0.027029 1.491171
v 0.460574 0.025192 1.500602
v 0.459325 0.022953 1.509306
v 0.458492 0.020416 1.516918
v 0.449097 0.030144 1.467614
v 0.447931 0.029050 1.478933
v 0.464030 0.028067 1.482782
v 0.462225 0.026912 1.491604
v 0.488191 0.030272 1.516984
v 0.476783 0.027048 1.504843
v 0.479920 0.027729 1.498196
v 0.483639 0.029450 1.520553
v 0.473369 0.025827 1.510862
v 0.479961 0.024064 1.532437
v 0.469872 0.020988 1.523778
v 0.471371 0.023705 1.517634
v 0.481099 0.027423 1.525768
v 0.476325 0.056912 1.555908
v 0.474910 0.064443 1.556365
v 0.480295 0.058944 1.553261
v 0.478560 0.067241 1.553801
v 0.475854 0.074631 1.553358
v 0.472731 0.071154 1.555949
v 0.481308 0.070412 1.550424
v 0.483292 0.061240 1.549845
v 0.478171 0.078647 1.549854
v 0.473619 0.085402 1.548118
v 0.471926 0.080656 1.551927
v 0.469636 0.076597 1.554598
v 0.484833 0.033287 1.537249
v 0.483223 0.033039 1.542611
v 0.481127 0.025347 1.540256
v 0.486762 0.043021 1.541204
v 0.484444 0.042118 1.545635
v 0.481530 0.041556 1.549768
v 0.481002 0.033422 1.547504
v 0.479878 0.026404 1.545566
v 0.484402 0.051659 1.548150
v 0.486914 0.053335 1.544218
v 0.481280 0.050228 1.551813
v 0.471760 0.047896 1.556298
v 0.477186 0.048991 1.554695
v 0.472162 0.040679 1.554837
v 0.477533 0.041117 1.552996
v 0.471996 0.027861 1.551480
v 0.476825 0.027266 1.549381
v 0.477408 0.033725 1.551121
v 0.472231 0.033874 1.553159
v 0.493368 0.058774 1.537399
v 0.495477 0.059567 1.539758
v 0.491300 0.057230 1.537955
v 0.491300 0.046150 1.534053
v 0.493895 0.047355 1.533156
v 0.496698 0.048011 1.535614
v 0.489177 0.055307 1.540531
v 0.488982 0.044540 1.537039
v 0.486637 0.034802 1.532182
v 0.489177 0.036548 1.528263
v 0.497600 0.037835 1.528808
v 0.493035 0.037443 1.526386
v 0.448236 0.045580 1.550415
v 0.448861 0.039188 1.549284
v 0.457021 0.039631 1.552968
v 0.456508 0.046094 1.554180
v 0.450429 0.027883 1.546733
v 0.449610 0.033195 1.548008
v 0.457965 0.028126 1.550059
v 0.457521 0.033539 1.551541
v 0.465334 0.033793 1.553285
v 0.465431 0.028128 1.551683
v 0.465057 0.040151 1.554819
v 0.464612 0.046908 1.556136
v 0.512283 0.035821 1.574957
v 0.509688 0.036776 1.562904
v 0.508453 0.045102 1.575450
v 0.505455 0.046235 1.563991
v 0.502569 0.047330 1.552700
v 0.506510 0.037818 1.550268
v 0.502971 0.056726 1.565337
v 0.506122 0.055030 1.576362
v 0.500210 0.058252 1.554829
v 0.497739 0.059308 1.545939
v 0.499627 0.047962 1.542694
v 0.502277 0.038072 1.537840
v 0.518640 0.058610 1.604653
v 0.519389 0.050934 1.603866
v 0.526023 0.050136 1.609502
v 0.513130 0.060519 1.596844
v 0.514046 0.052053 1.596127
v 0.515642 0.043861 1.595280
v 0.520652 0.043489 1.602880
v 0.526966 0.043258 1.608367
v 0.509716 0.053447 1.586787
v 0.508661 0.062802 1.587488
v 0.511714 0.044355 1.586013
v 0.518376 0.028703 1.586263
v 0.514754 0.035852 1.585574
v 0.520416 0.029870 1.594528
v 0.517848 0.036312 1.594616
v 0.529562 0.031293 1.606105
v 0.528174 0.036879 1.607181
v 0.522290 0.036642 1.601925
v 0.524191 0.030717 1.601258
v 0.512741 0.088732 1.587574
v 0.509619 0.080960 1.587608
v 0.514101 0.076792 1.597082
v 0.516919 0.083714 1.596898
v 0.508439 0.072147 1.587661
v 0.512991 0.068922 1.597104
v 0.518529 0.066209 1.604997
v 0.519403 0.073313 1.604837
v 0.521582 0.079505 1.604139
v 0.534238 0.049748 1.612521
v 0.534807 0.043175 1.611325
v 0.543301 0.043215 1.612004
v 0.543106 0.049748 1.613229
v 0.536376 0.031620 1.608750
v 0.535543 0.037043 1.610010
v 0.543814 0.031673 1.609374
v 0.543551 0.037097 1.610675
v 0.557248 0.030821 1.605364
v 0.558025 0.036754 1.606434
v 0.551322 0.037017 1.609399
v 0.551059 0.031415 1.608171
v 0.558678 0.043510 1.607696
v 0.551558 0.043330 1.610711
v 0.551725 0.050099 1.611946
v 0.559150 0.050779 1.608963
v 0.607681 0.049216 1.602579
v 0.617215 0.047790 1.602036
v 0.606876 0.041658 1.601429
v 0.616299 0.040695 1.601183
v 0.626361 0.039904 1.598172
v 0.627416 0.046799 1.598765
v 0.606002 0.028335 1.598568
v 0.614800 0.028144 1.598765
v 0.615467 0.034039 1.600044
v 0.606293 0.034580 1.600006
v 0.624154 0.027724 1.596316
v 0.625237 0.033447 1.597320
v 0.639559 0.026772 1.584688
v 0.641460 0.032689 1.584925
v 0.634327 0.032935 1.592180
v 0.632828 0.027218 1.591523
v 0.643264 0.039440 1.585216
v 0.635770 0.039428 1.592739
v 0.637033 0.046375 1.593110
v 0.644777 0.046676 1.585428
v 0.635437 0.025925 1.545173
v 0.642723 0.035395 1.542401
v 0.645221 0.034007 1.554308
v 0.641377 0.026295 1.556118
v 0.647719 0.045159 1.541983
v 0.649051 0.042966 1.553892
v 0.649273 0.041305 1.565332
v 0.646498 0.033327 1.565509
v 0.643639 0.026417 1.566387
v 0.651896 0.052382 1.554175
v 0.651202 0.055385 1.542515
v 0.651508 0.049831 1.565521
v 0.649371 0.047876 1.576092
v 0.647553 0.040086 1.575932
v 0.643098 0.026543 1.576115
v 0.645388 0.032854 1.575872
v 0.651258 0.076530 1.512958
v 0.648177 0.064137 1.511606
v 0.647927 0.065148 1.505508
v 0.651785 0.073678 1.521534
v 0.649024 0.061802 1.520367
v 0.644555 0.050539 1.518564
v 0.643486 0.052393 1.508535
v 0.643361 0.053091 1.501332
v 0.650134 0.058709 1.530960
v 0.652549 0.069873 1.531890
v 0.646095 0.047906 1.529953
v 0.631898 0.030046 1.531660
v 0.640225 0.037939 1.529944
v 0.629386 0.032583 1.518107
v 0.638157 0.040492 1.517182
v 0.637574 0.042180 1.494540
v 0.637033 0.041876 1.504317
v 0.627998 0.033707 1.503178
v 0.648732 0.100457 1.532209
v 0.652382 0.091269 1.531478
v 0.652229 0.096950 1.519796
v 0.648774 0.107415 1.518990
v 0.653465 0.080891 1.531726
v 0.653048 0.085549 1.520993
v 0.652896 0.089019 1.512059
v 0.652604 0.101460 1.509301
v 0.649898 0.113708 1.505117
v 0.651133 0.033657 1.499001
v 0.647844 0.036602 1.494643
v 0.652674 0.044514 1.504337
v 0.649482 0.047462 1.500924
v 0.646817 0.050280 1.498664
v 0.644472 0.039614 1.491673
v 0.652396 0.059073 1.504982
v 0.655352 0.055698 1.507905
v 0.650120 0.062104 1.503052
v 0.648607 0.064295 1.502942
v 0.644610 0.052274 1.498419
v 0.640558 0.041447 1.490972
v 0.670368 0.055164 1.515715
v 0.667995 0.046764 1.514858
v 0.673615 0.044325 1.514349
v 0.665774 0.058738 1.514622
v 0.663110 0.049515 1.513503
v 0.660764 0.040116 1.511193
v 0.665844 0.038291 1.513031
v 0.671645 0.036678 1.512895
v 0.658905 0.052508 1.510976
v 0.661861 0.062582 1.512315
v 0.656407 0.042126 1.508033
v 0.654533 0.023514 1.499926
v 0.654811 0.032082 1.503875
v 0.658294 0.023538 1.504950
v 0.659071 0.031189 1.508111
v 0.668689 0.023284 1.508480
v 0.669952 0.029506 1.510863
v 0.664123 0.030334 1.510598
v 0.663054 0.023454 1.507894
v 0.671673 0.085055 1.504887
v 0.668009 0.079416 1.509170
v 0.671437 0.074180 1.511974
v 0.674781 0.079414 1.508324
v 0.664817 0.071745 1.511687
v 0.668494 0.067126 1.514091
v 0.672755 0.062873 1.515267
v 0.675253 0.069447 1.513479
v 0.677945 0.074385 1.510333
v 0.680027 0.042201 1.511307
v 0.678209 0.035239 1.510159
v 0.684759 0.034037 1.505213
v 0.686453 0.040494 1.506120
v 0.675059 0.023066 1.506444
v 0.676516 0.028726 1.508490
v 0.681387 0.022822 1.502257
v 0.683039 0.028043 1.503895
v 0.688715 0.027494 1.497506
v 0.686897 0.022573 1.496362
v 0.690505 0.033147 1.498456
v 0.692170 0.039281 1.499133
v 0.588238 0.027489 1.530014
v 0.578273 0.031197 1.540591
v 0.601686 0.027124 1.519388
v 0.604989 0.025815 1.531086
v 0.592998 0.026665 1.540176
v 0.583755 0.030805 1.549315
v 0.615578 0.028991 1.509332
v 0.617715 0.027737 1.523236
v 0.622642 0.022357 1.546613
v 0.620463 0.025432 1.535827
v 0.610387 0.021151 1.551938
v 0.607945 0.023774 1.542215
v 0.589945 0.025486 1.570083
v 0.587433 0.028972 1.558997
v 0.596384 0.024748 1.550566
v 0.599132 0.021962 1.559696
v 0.564715 0.059991 1.605723
v 0.564382 0.068012 1.606393
v 0.568309 0.062304 1.600281
v 0.567726 0.071311 1.600932
v 0.565922 0.079530 1.601029
v 0.563021 0.075371 1.606520
v 0.569738 0.075203 1.594503
v 0.570502 0.065060 1.593956
v 0.567532 0.084500 1.594371
v 0.563438 0.092302 1.593698
v 0.562411 0.086463 1.600636
v 0.560232 0.081579 1.605974
v 0.566935 0.035128 1.580966
v 0.566838 0.035087 1.589198
v 0.564215 0.027180 1.588720
v 0.569988 0.045551 1.583173
v 0.569072 0.044570 1.590825
v 0.567143 0.044043 1.597581
v 0.565672 0.035704 1.596237
v 0.563937 0.028626 1.595550
v 0.570294 0.054707 1.592566
v 0.571515 0.056710 1.585353
v 0.568059 0.053065 1.599051
v 0.564479 0.051752 1.604586
v 0.563785 0.043719 1.603264
v 0.561578 0.029868 1.601135
v 0.562772 0.036297 1.602014
v 0.572875 0.063177 1.565161
v 0.573819 0.064004 1.562578
v 0.572417 0.061390 1.570552
v 0.570557 0.048981 1.566855
v 0.571196 0.050276 1.560363
v 0.572528 0.050881 1.557076
v 0.572098 0.059079 1.577660
v 0.570321 0.047214 1.574828
v 0.566644 0.036564 1.571639
v 0.566741 0.038246 1.562072
v 0.570654 0.039292 1.548186
v 0.568031 0.039038 1.553146
v 0.576483 0.077384 1.566257
v 0.576913 0.091853 1.565835
v 0.579245 0.075156 1.570379
v 0.580105 0.088712 1.570099
v 0.581701 0.101653 1.567346
v 0.577413 0.106361 1.562275
v 0.583839 0.084413 1.576286
v 0.582603 0.072048 1.576378
v 0.586045 0.095853 1.574186
v 0.590098 0.105494 1.570147
v 0.584893 0.113076 1.562122
v 0.578454 0.120471 1.555211
v 0.585976 0.035482 1.574643
v 0.582825 0.037119 1.565632
v 0.584824 0.046035 1.578556
v 0.581257 0.047803 1.570680
v 0.577968 0.049506 1.563736
v 0.579273 0.038782 1.557315
v 0.581465 0.059657 1.574388
v 0.585171 0.057209 1.581582
v 0.578246 0.061859 1.568170
v 0.575651 0.063432 1.563907
v 0.574929 0.050578 1.558691
v 0.574818 0.039364 1.550544
v 0.600117 0.050890 1.600035
v 0.594108 0.052798 1.595169
v 0.593414 0.043617 1.593328
v 0.599354 0.042618 1.598565
v 0.589251 0.054914 1.588759
v 0.588724 0.044695 1.586381
v 0.590736 0.026742 1.581580
v 0.589237 0.034995 1.583508
v 0.593900 0.027572 1.589643
v 0.593331 0.035014 1.591253
v 0.598966 0.034883 1.596919
v 0.599021 0.028123 1.595407
v 0.509494 0.027560 1.464539
v 0.522067 0.025365 1.465912
v 0.523178 0.027013 1.473141
v 0.509369 0.028929 1.470940
v 0.536043 0.022920 1.465055
v 0.537736 0.024991 1.472679
v 0.539151 0.026648 1.479671
v 0.524094 0.028109 1.479811
v 0.509508 0.029515 1.477050
v 0.481099 0.028235 1.489566
v 0.465723 0.028594 1.474597
v 0.467388 0.028749 1.467223
v 0.481377 0.028681 1.480730
v 0.451831 0.029946 1.459220
v 0.455203 0.029172 1.452696
v 0.458284 0.028511 1.447032
v 0.469109 0.028824 1.460823
v 0.481821 0.029170 1.473434
v 0.672783 0.013172 1.499147
v 0.668425 0.012881 1.500624
v 0.677335 0.013381 1.496214
v 0.678570 0.015615 1.498366
v 0.673185 0.015386 1.501729
v 0.667898 0.015055 1.503345
v 0.684482 0.013926 1.488181
v 0.681484 0.013728 1.492460
v 0.686716 0.015858 1.488353
v 0.683330 0.015807 1.493768
v 0.685106 0.018718 1.495088
v 0.688784 0.018642 1.488732
v 0.679916 0.018720 1.500390
v 0.667995 0.018505 1.505974
v 0.673949 0.018652 1.504181
v 0.661181 0.011506 1.494625
v 0.661972 0.011513 1.490544
v 0.662319 0.011705 1.497869
v 0.660126 0.014107 1.500157
v 0.658461 0.013768 1.496096
v 0.659127 0.013558 1.490811
v 0.664831 0.012273 1.500038
v 0.663415 0.014585 1.502702
v 0.662818 0.018256 1.505285
v 0.658710 0.017952 1.502403
v 0.655977 0.017116 1.491050
v 0.655990 0.017599 1.497593
v 0.659973 0.016438 1.482971
v 0.666510 0.016108 1.474940
v 0.668453 0.013620 1.478484
v 0.662846 0.013470 1.484567
v 0.681248 0.017466 1.465851
v 0.674115 0.016642 1.468559
v 0.680582 0.014752 1.471426
v 0.674740 0.014142 1.473672
v 0.675003 0.012338 1.477453
v 0.679639 0.012927 1.475541
v 0.669924 0.011784 1.481239
v 0.665233 0.011564 1.485838
v 0.685537 0.013773 1.483673
v 0.684940 0.013461 1.479598
v 0.687299 0.015484 1.477200
v 0.687993 0.015737 1.482567
v 0.682955 0.013238 1.476562
v 0.684787 0.015171 1.473042
v 0.686328 0.017979 1.468812
v 0.689325 0.018288 1.474955
v 0.690172 0.018499 1.481808
v 0.471898 0.015790 1.545806
v 0.468873 0.016759 1.547176
v 0.473203 0.014745 1.543341
v 0.476076 0.017282 1.543959
v 0.474244 0.018352 1.546966
v 0.470455 0.019300 1.548669
v 0.469900 0.013662 1.536629
v 0.472662 0.014075 1.540147
v 0.472551 0.015598 1.535510
v 0.475701 0.016320 1.539994
v 0.478574 0.019938 1.539704
v 0.475548 0.018832 1.534020
v 0.478268 0.021097 1.544541
v 0.471454 0.023003 1.550044
v 0.475826 0.022162 1.548074
v 0.465334 0.023492 1.550201
v 0.458326 0.023672 1.548671
v 0.458589 0.020106 1.547266
v 0.464973 0.019855 1.548700
v 0.444975 0.023198 1.541129
v 0.451262 0.023559 1.545606
v 0.446488 0.019900 1.540663
v 0.452164 0.020152 1.544531
v 0.453177 0.017578 1.543440
v 0.448333 0.017534 1.540332
v 0.458742 0.017371 1.545721
v 0.464224 0.017187 1.547057
v 0.467971 0.017956 1.527971
v 0.466056 0.015221 1.530895
v 0.457882 0.015299 1.526868
v 0.458048 0.017732 1.522603
v 0.464543 0.013432 1.533218
v 0.457909 0.013515 1.530233
v 0.446113 0.014879 1.527431
v 0.451317 0.014113 1.528028
v 0.443310 0.016834 1.523605
v 0.449721 0.015942 1.524136
v 0.447987 0.018593 1.518923
v 0.440201 0.019889 1.518427
v 0.443643 0.015510 1.529265
v 0.443435 0.016155 1.532612
v 0.440270 0.018521 1.530736
v 0.440367 0.017688 1.526241
v 0.445044 0.016936 1.536512
v 0.442421 0.019310 1.535802
v 0.440312 0.022606 1.535379
v 0.437592 0.021834 1.528967
v 0.437148 0.020951 1.522543
v 0.614329 0.016690 1.594162
v 0.607958 0.016610 1.594303
v 0.621295 0.016447 1.592251
v 0.622225 0.019324 1.593947
v 0.614148 0.019529 1.596039
v 0.606654 0.019376 1.595986
v 0.632953 0.015912 1.584419
v 0.627874 0.016259 1.588910
v 0.635576 0.018427 1.584552
v 0.629761 0.018945 1.590025
v 0.631357 0.022569 1.590846
v 0.637685 0.022023 1.584596
v 0.623169 0.023054 1.595251
v 0.606057 0.023273 1.597316
v 0.614329 0.023332 1.597509
v 0.599687 0.014074 1.584106
v 0.601797 0.013521 1.579008
v 0.600326 0.014786 1.588770
v 0.597272 0.017707 1.589105
v 0.596190 0.016739 1.583335
v 0.598438 0.015898 1.576937
v 0.603185 0.015810 1.592346
v 0.600895 0.018677 1.593501
v 0.599576 0.022760 1.594396
v 0.595177 0.021886 1.589152
v 0.594913 0.019646 1.573981
v 0.593137 0.020809 1.582010
v 0.601991 0.018541 1.566103
v 0.612122 0.018071 1.559449
v 0.613399 0.015098 1.565307
v 0.604753 0.015295 1.570647
v 0.632661 0.019912 1.554737
v 0.623100 0.018809 1.555105
v 0.630760 0.016104 1.561179
v 0.622642 0.015476 1.561760
v 0.622073 0.013132 1.567064
v 0.628776 0.013659 1.566277
v 0.614440 0.012786 1.570083
v 0.607195 0.013001 1.574202
v 0.635395 0.015187 1.579019
v 0.635409 0.014447 1.573564
v 0.638629 0.017172 1.570848
v 0.638490 0.017802 1.577804
v 0.633217 0.014013 1.568880
v 0.636075 0.016643 1.564764
v 0.638560 0.020622 1.560054
v 0.641196 0.021095 1.568318
v 0.640933 0.021558 1.576791
v 0.556679 0.018639 1.601149
v 0.553945 0.019865 1.603653
v 0.557748 0.017292 1.598135
v 0.560260 0.019701 1.597049
v 0.558789 0.021147 1.600950
v 0.555402 0.022415 1.604161
v 0.554237 0.015684 1.592293
v 0.557040 0.016317 1.594960
v 0.556235 0.017419 1.589318
v 0.559566 0.018388 1.592923
v 0.561870 0.021826 1.590402
v 0.558345 0.020398 1.585293
v 0.562217 0.023387 1.596009
v 0.556443 0.026047 1.604676
v 0.560329 0.024852 1.600853
v 0.550767 0.026830 1.607188
v 0.544106 0.027196 1.608250
v 0.544356 0.023581 1.607151
v 0.550351 0.023190 1.606270
v 0.531033 0.026782 1.605370
v 0.537264 0.027172 1.607695
v 0.532670 0.023301 1.604769
v 0.538208 0.023628 1.606692
v 0.539235 0.020928 1.605576
v 0.534558 0.020776 1.604122
v 0.544522 0.020727 1.605927
v 0.549671 0.020464 1.605266
v 0.550656 0.019405 1.581911
v 0.549837 0.016959 1.586995
v 0.541955 0.017107 1.585979
v 0.540983 0.019264 1.580331
v 0.549046 0.015379 1.590800
v 0.542704 0.015507 1.590256
v 0.531518 0.017199 1.591654
v 0.536417 0.016232 1.590395
v 0.528257 0.019134 1.588231
v 0.534197 0.017946 1.586296
v 0.531477 0.020423 1.580657
v 0.524413 0.022152 1.583345
v 0.529395 0.018071 1.594497
v 0.529478 0.018956 1.598048
v 0.526120 0.021459 1.596794
v 0.525801 0.020316 1.592096
v 0.531255 0.019990 1.601430
v 0.528535 0.022513 1.601244
v 0.526231 0.026050 1.601109
v 0.523150 0.025015 1.595437
v 0.522095 0.023699 1.588896
v 0.552860 1.702854 1.733437
v 0.546032 1.682441 1.740366
v 0.539023 1.661448 1.748736
v 0.555749 1.711512 1.729786
v 0.536592 1.654206 1.750440
v 0.599524 1.844203 1.630180
v 0.599500 1.844130 1.630266
v 0.610610 1.878351 1.588678
v 0.599480 1.844069 1.630321
v 0.599423 1.843894 1.630490
v 0.586266 1.803762 1.668026
v 0.571587 1.759238 1.702219
v 0.571156 1.757938 1.703017
v 0.580492 1.786271 1.680774
v 0.562842 1.732910 1.716738
v 0.625371 1.927145 1.433292
v 0.622885 1.921326 1.387441
v 0.625486 1.927377 1.436576
v 0.625589 1.927550 1.440531
v 0.624550 1.922927 1.487198
v 0.624382 1.922299 1.491112
v 0.624201 1.921651 1.494515
v 0.612169 1.883228 1.580574
v 0.617412 1.899664 1.552280
v 0.618925 1.904428 1.543482
v 0.595881 1.846797 1.228798
v 0.594470 1.842821 1.222941
v 0.598669 1.854676 1.239552
v 0.618397 1.909493 1.344415
v 0.622362 1.920019 1.380249
v 0.616797 1.905169 1.332280
v 0.614071 1.897756 1.312934
v 0.612347 1.893012 1.302369
v 0.604394 1.870837 1.262395
v 0.622683 1.920829 1.384392
v 0.479571 1.485815 1.746431
v 0.479539 1.485721 1.746397
v 0.479522 1.485674 1.746378
v 0.521108 1.608165 1.758799
v 0.529436 1.632954 1.753577
v 0.512708 1.583345 1.758627
v 0.520967 1.607750 1.758827
v 0.506385 1.564628 1.759521
v 0.492581 1.523974 1.755209
v 0.501474 1.550126 1.759120
v 0.496000 1.534034 1.756551
v 0.453947 1.411592 1.701144
v 0.456970 1.420304 1.707806
v 0.448655 1.396406 1.687497
v 0.446723 1.390896 1.681472
v 0.442494 1.378834 1.668325
v 0.436785 1.362509 1.651831
v 0.479480 1.485551 1.746311
v 0.467987 1.452157 1.729043
v 0.463783 1.439976 1.721714
v 0.543999 1.697459 1.108634
v 0.549772 1.714298 1.115325
v 0.559820 1.743394 1.133342
v 0.566485 1.762663 1.146263
v 0.581876 1.806876 1.184571
v 0.575370 1.788154 1.169326
v 0.579536 1.800147 1.178954
v 0.535357 1.672318 1.096608
v 0.532416 1.663750 1.092883
v 0.528233 1.651456 1.090745
v 0.514863 1.612205 1.082882
v 0.498601 1.563991 1.087427
v 0.474220 1.491328 1.105638
v 0.479916 1.508436 1.097433
v 0.465416 1.465028 1.114017
v 0.497222 1.559914 1.087452
v 0.496765 1.558557 1.087668
v 0.497458 1.560612 1.087493
v 0.433471 1.368779 1.169176
v 0.433221 1.368027 1.169593
v 0.433197 1.367955 1.169617
v 0.444262 1.401232 1.152347
v 0.439364 1.386524 1.159330
v 0.446232 1.407243 1.146683
v 0.463746 1.459969 1.117690
v 0.456897 1.439353 1.128959
v 0.454688 1.432763 1.130793
v 0.450981 1.421618 1.136514
v 0.409809 1.296835 1.229645
v 0.409366 1.295455 1.231761
v 0.410218 1.298110 1.227608
v 0.433058 1.367536 1.169838
v 0.427194 1.349843 1.180707
v 0.423676 1.339221 1.187444
v 0.421279 1.331894 1.194807
v 0.433174 1.367886 1.169643
v 0.415426 1.314018 1.212101
v 0.417808 1.321362 1.203020
v 0.416342 1.316860 1.208087
v 0.404212 1.279692 1.247641
v 0.402200 1.273446 1.256683
v 0.399473 1.265096 1.265435
v 0.403528 1.277548 1.251341
v 0.397559 1.259095 1.275723
v 0.395500 1.252789 1.282331
v 0.393199 1.245678 1.291672
v 0.391951 1.241742 1.299164
v 0.382477 1.211433 1.368563
v 0.381708 1.208937 1.375276
v 0.383356 1.214490 1.354736
v 0.385448 1.221179 1.339531
v 0.390513 1.237177 1.308581
v 0.388630 1.231317 1.317475
v 0.387411 1.227522 1.323279
v 0.385572 1.221584 1.338314
v 0.394052 1.241137 1.503906
v 0.396934 1.249185 1.518057
v 0.388600 1.225766 1.481594
v 0.380242 1.204152 1.388842
v 0.379801 1.202207 1.408130
v 0.379902 1.202434 1.410227
v 0.434251 1.355258 1.644773
v 0.428594 1.339118 1.627298
v 0.420506 1.316125 1.599937
v 0.426673 1.333670 1.620415
v 0.415808 1.302798 1.583165
v 0.403470 1.267798 1.539173
v 0.410733 1.288327 1.567364
v 0.407132 1.278157 1.553100
v 0.387319 1.222134 1.476989
v 0.381328 1.205618 1.441175
v 0.382827 1.209815 1.448184
v 0.380548 1.203574 1.433367
vn -0.6528 -0.7574 -0.0122
vn -0.5829 -0.8124 0.0141
vn -0.2636 -0.9614 -0.0788
vn -0.2748 -0.9490 -0.1544
vn -0.5516 -0.8263 0.1140
vn -0.2470 -0.9690 -0.0047
vn -0.0024 -0.9968 -0.0801
vn -0.0082 -0.9901 -0.1404
vn -0.0162 -0.9729 -0.2306
vn -0.1626 -0.9533 0.2546
vn -0.0781 -0.9968 -0.0158
vn -0.1861 -0.9816 0.0426
vn -0.4965 -0.8247 0.2709
vn 0.0015 -0.9988 -0.0496
vn 0.0096 -0.9978 -0.0662
vn 0.0793 -0.9791 0.1873
vn 0.4691 -0.8658 0.1742
vn 0.1695 -0.9854 -0.0128
vn 0.0937 -0.9948 -0.0389
vn 0.5981 -0.7997 -0.0534
vn 0.2598 -0.9605 -0.1001
vn 0.6996 -0.6694 -0.2500
vn 0.2606 -0.9245 -0.2783
vn 0.2696 -0.9444 -0.1880
vn 0.6397 -0.7415 -0.2026
vn 0.7592 -0.0411 0.6495
vn 0.7550 -0.0773 0.6511
vn 0.8284 -0.0373 0.5589
vn 0.8030 0.0131 0.5958
vn 0.7748 -0.0181 0.6320
vn 0.7791 -0.0291 0.6262
vn 0.8019 0.0471 0.5956
vn 0.7189 -0.1085 0.6866
vn 0.9764 0.0698 0.2046
vn 0.9646 0.0984 0.2447
vn 0.9388 0.0782 0.3353
vn 0.9553 0.0425 0.2926
vn 0.9484 0.1341 0.2875
vn 0.9185 0.1156 0.3781
vn 0.8808 0.1035 0.4621
vn 0.9050 0.0594 0.4213
vn 0.9255 0.0203 0.3781
vn 0.8914 0.1719 0.4194
vn 0.8968 0.1536 0.4149
vn 0.9299 0.1700 0.3262
vn 0.9213 0.1918 0.3383
vn 0.9075 0.1715 0.3835
vn 0.8621 0.1721 0.4767
vn 0.8881 0.1300 0.4408
vn 0.8742 0.1260 0.4690
vn 0.8348 0.0886 0.5433
vn 0.8297 0.1153 0.5462
vn 0.8172 0.0647 0.5727
vn 0.8438 0.1234 0.5223
vn 0.8853 -0.0053 0.4651
vn 0.8611 0.0420 0.5067
vn 0.8204 0.0583 0.5688
vn 0.9807 0.1841 -0.0656
vn 0.9840 0.1773 -0.0180
vn 0.9867 0.1553 -0.0484
vn 0.9819 0.1650 -0.0925
vn 0.9792 0.1989 -0.0406
vn 0.9823 0.1873 0.0102
vn 0.9814 0.1859 0.0481
vn 0.9773 0.1839 0.1053
vn 0.9864 0.1509 0.0648
vn 0.9913 0.1279 0.0297
vn 0.9744 0.2090 0.0829
vn 0.9710 0.1999 0.1314
vn 0.9505 0.1653 0.2631
vn 0.9516 0.1629 0.2607
vn 0.9680 0.1580 0.1949
vn 0.9600 0.1776 0.2163
vn 0.9885 0.0986 0.1146
vn 0.9803 0.1253 0.1527
vn 0.9409 0.0744 -0.3303
vn 0.9395 0.0701 -0.3353
vn 0.9432 0.1068 -0.3147
vn 0.9459 0.1010 -0.3085
vn 0.9762 0.1609 -0.1456
vn 0.9688 0.1690 -0.1814
vn 0.9791 0.1669 -0.1158
vn 0.9684 0.1602 -0.1909
vn 0.9746 0.1333 -0.1802
vn 0.9608 0.1525 -0.2314
vn 0.9657 0.1643 -0.2010
vn 0.9536 0.1570 -0.2567
vn 0.9617 0.0574 -0.2680
vn 0.9474 0.0690 -0.3125
vn 0.9561 0.1150 -0.2695
vn 0.9702 0.0981 -0.2216
vn 0.9491 0.1171 -0.2923
vn 0.9845 0.0769 -0.1579
vn 0.9779 0.0384 -0.2055
vn 0.9873 0.1088 -0.1157
vn 0.9958 0.0812 -0.0421
vn 0.9951 0.0506 -0.0854
vn 0.9909 0.0165 -0.1338
vn 0.9822 0.1598 -0.0993
vn 0.9876 0.1354 -0.0790
vn 0.9943 0.1065 -0.0040
vn 0.9854 0.0429 0.1649
vn 0.9940 0.0765 0.0785
vn 0.9921 0.0190 0.1243
vn 0.9980 0.0499 0.0386
vn 0.9989 -0.0339 0.0312
vn 0.9985 -0.0090 -0.0544
vn 0.9997 0.0224 -0.0054
vn 0.9968 -0.0078 0.0800
vn 0.9855 -0.0346 0.1662
vn 0.9911 -0.0592 0.1193
vn 0.9776 -0.0117 0.2101
vn 0.9549 -0.0391 0.2943
vn 0.9655 -0.0628 0.2527
vn 0.9745 -0.0847 0.2076
vn 0.9678 0.0146 0.2514
vn 0.9419 -0.0132 0.3357
vn 0.8512 -0.0814 0.5185
vn 0.9054 -0.0424 0.4224
vn 0.8710 -0.1128 0.4782
vn 0.9212 -0.0719 0.3825
vn 0.9011 -0.1648 0.4010
vn 0.9463 -0.1182 0.3008
vn 0.9350 -0.0956 0.3417
vn 0.8873 -0.1395 0.4397
vn 0.4561 -0.4429 0.7719
vn 0.5286 -0.3767 0.7607
vn 0.3950 -0.4382 0.8074
vn 0.3630 -0.4823 0.7973
vn 0.8187 -0.1912 0.5415
vn 0.8337 -0.2206 0.5062
vn 0.7998 -0.1601 0.5785
vn 0.7117 -0.2069 0.6713
vn 0.7301 -0.2444 0.6382
vn 0.7419 -0.2860 0.6064
vn 0.7783 -0.1230 0.6158
vn 0.7031 -0.1339 0.6984
vn 0.6918 -0.1659 0.7028
vn 0.7236 -0.1227 0.6792
vn 0.6509 -0.2086 0.7299
vn 0.6647 -0.2359 0.7089
vn 0.6474 -0.1940 0.7371
vn 0.6231 -0.3608 0.6939
vn 0.6175 -0.3050 0.7251
vn 0.5544 -0.3390 0.7601
vn 0.6478 -0.2616 0.7155
vn 0.5527 -0.3040 0.7760
vn 0.3140 -0.5888 0.7448
vn 0.3540 -0.5834 0.7310
vn 0.0947 -0.6728 0.7338
vn 0.0430 -0.6743 0.7372
vn 0.2128 -0.6385 0.7396
vn 0.3895 -0.5579 0.7328
vn 0.2665 -0.6085 0.7474
vn 0.0374 -0.6953 0.7178
vn -0.0168 -0.6987 0.7152
vn -0.0715 -0.7000 0.7106
vn -0.0843 -0.6977 0.7114
vn 0.3144 -0.5554 0.7698
vn 0.4246 -0.5145 0.7450
vn 0.3330 -0.5210 0.7859
vn 0.2961 -0.5875 0.7531
vn 0.9621 -0.0957 0.2553
vn 0.9360 -0.1632 0.3120
vn 0.8648 -0.2432 0.4393
vn 0.8774 -0.1892 0.4409
vn 0.9241 -0.1869 0.3333
vn 0.8549 -0.2522 0.4534
vn 0.7531 -0.3386 0.5641
vn 0.7584 -0.3324 0.5607
vn 0.7501 -0.3186 0.5795
vn 0.8451 -0.2456 0.4748
vn 0.9120 -0.1830 0.3671
vn 0.7503 -0.3162 0.5807
vn 0.6134 -0.4097 0.6752
vn 0.6058 -0.4355 0.6658
vn 0.5733 -0.4509 0.6841
vn 0.5879 -0.4579 0.6669
vn 0.9843 -0.0820 -0.1563
vn 0.9900 -0.0866 -0.1118
vn 0.9945 -0.1008 -0.0281
vn 0.9921 -0.0976 -0.0794
vn 0.9949 -0.0763 -0.0660
vn 0.9950 -0.0975 0.0209
vn 0.9871 -0.1136 0.1129
vn 0.9914 -0.1171 0.0580
vn 0.9955 -0.0950 0.0023
vn 0.9943 -0.0805 0.0699
vn 0.9980 -0.0598 -0.0187
vn 0.9811 -0.1057 0.1623
vn 0.9564 -0.1361 0.2585
vn 0.9652 -0.1416 0.2200
vn 0.9911 -0.1015 0.0856
vn 0.9787 -0.1224 0.1650
vn 0.8911 -0.0446 -0.4517
vn 0.9167 -0.0329 -0.3982
vn 0.9411 -0.0398 -0.3356
vn 0.9245 -0.0474 -0.3782
vn 0.9344 -0.0111 -0.3561
vn 0.9558 -0.0237 -0.2931
vn 0.9737 -0.0385 -0.2247
vn 0.9627 -0.0532 -0.2654
vn 0.9497 -0.0549 -0.3082
vn 0.9678 0.0033 -0.2519
vn 0.9496 0.0183 -0.3130
vn 0.9832 -0.0166 -0.1815
vn 0.9940 -0.0369 -0.1032
vn 0.9872 -0.0577 -0.1485
vn 0.9699 -0.0695 -0.2334
vn 0.9792 -0.0674 -0.1915
vn 0.9083 -0.1477 -0.3915
vn 0.9156 -0.1189 -0.3842
vn 0.9062 -0.0951 -0.4119
vn 0.8785 -0.1469 -0.4545
vn 0.9111 -0.1947 -0.3634
vn 0.9278 -0.0848 -0.3633
vn 0.9335 -0.0610 -0.3532
vn 0.9257 -0.0417 -0.3761
vn 0.9135 -0.0212 -0.4062
vn 0.8916 -0.0629 -0.4484
vn 0.8585 -0.0957 -0.5038
vn 0.9297 0.0232 -0.3675
vn 0.9293 0.0150 -0.3690
vn 0.9236 -0.0070 -0.3834
vn 0.9266 -0.0096 -0.3760
vn 0.9340 0.0261 -0.3563
vn 0.9178 -0.0106 -0.3970
vn 0.8645 -0.0598 -0.4991
vn 0.8950 -0.0382 -0.4445
vn 0.9253 -0.2207 -0.3083
vn 0.9377 -0.1846 -0.2944
vn 0.9147 -0.2486 -0.3188
vn 0.8815 -0.2626 -0.3926
vn 0.9016 -0.2896 -0.3215
vn 0.8367 -0.2768 -0.4725
vn 0.5621 -0.1086 -0.8199
vn 0.4582 -0.1634 -0.8737
vn 0.6283 -0.1158 -0.7693
vn 0.7067 -0.0652 -0.7045
vn 0.4725 -0.3090 -0.8254
vn 0.6190 -0.2179 -0.7546
vn 0.7329 -0.1665 -0.6597
vn 0.7413 -0.0880 -0.6654
vn 0.7959 -0.0558 -0.6029
vn 0.6972 -0.4440 -0.5628
vn 0.7439 -0.3957 -0.5385
vn 0.6924 -0.3439 -0.6343
vn 0.5965 -0.4565 -0.6602
vn 0.6793 -0.5190 -0.5189
vn 0.8088 -0.3114 -0.4988
vn 0.7779 -0.2608 -0.5717
vn 0.7818 -0.3517 -0.5149
vn 0.8367 -0.1993 -0.5100
vn 0.8092 -0.1322 -0.5725
vn 0.8324 -0.2728 -0.4825
vn 0.8559 -0.0477 -0.5150
vn 0.8155 -0.0733 -0.5741
vn 0.3580 -0.1388 -0.9233
vn 0.2606 -0.2359 -0.9362
vn 0.1558 -0.1858 -0.9702
vn 0.0262 -0.2462 -0.9689
vn 0.1106 -0.4513 -0.8855
vn 0.2979 -0.4158 -0.8593
vn -0.1613 -0.2282 -0.9602
vn -0.2373 -0.3228 -0.9162
vn -0.1171 -0.3014 -0.9463
vn -0.0712 -0.1772 -0.9816
vn -0.2239 -0.3394 -0.9136
vn -0.1149 -0.4295 -0.8957
vn -0.3541 -0.2953 -0.8874
vn -0.9486 0.3164 0.0077
vn 0.0719 -0.5134 -0.8551
vn -0.1125 -0.4589 -0.8814
vn -0.0633 -0.4868 -0.8712
vn 0.4522 -0.4773 -0.7535
vn 0.4224 -0.4617 -0.7800
vn 0.3555 -0.5085 -0.7843
vn 0.3121 -0.5362 -0.7843
vn -0.8457 -0.2145 -0.4887
vn -0.8874 -0.1778 -0.4254
vn -0.8502 -0.3468 -0.3961
vn -0.8130 -0.3093 -0.4933
vn -0.4632 -0.3319 -0.8217
vn -0.4997 -0.3864 -0.7752
vn -0.3551 -0.3081 -0.8826
vn -0.4984 -0.4075 -0.7652
vn -0.5085 -0.3193 -0.7997
vn -0.5860 -0.3543 -0.7287
vn -0.1692 -0.1846 -0.9681
vn -0.3201 -0.2666 -0.9091
vn -0.1349 -0.1691 -0.9763
vn -0.3667 -0.2100 -0.9063
vn -0.3417 -0.3061 -0.8886
vn -0.1403 0.0268 -0.9897
vn -0.4357 -0.0104 -0.9000
vn -0.3962 -0.1415 -0.9072
vn -0.1368 -0.0798 -0.9874
vn -0.6286 -0.0821 -0.7734
vn -0.5853 -0.2300 -0.7775
vn -0.7674 -0.3194 -0.5559
vn -0.7011 -0.3256 -0.6344
vn -0.7554 -0.1563 -0.6363
vn -0.6945 -0.4594 -0.5537
vn -0.6393 -0.3753 -0.6711
vn 0.0695 -0.1871 -0.9799
vn 0.2936 -0.1441 -0.9450
vn 0.4096 -0.1355 -0.9022
vn 0.1326 -0.1388 -0.9814
vn 0.6826 -0.0861 -0.7257
vn 0.5148 -0.1300 -0.8474
vn 0.7623 -0.0742 -0.6430
vn 0.6152 -0.1030 -0.7816
vn 0.8493 0.0344 -0.5268
vn 0.6996 0.0184 -0.7143
vn 0.6760 -0.0706 -0.7335
vn 0.8068 -0.0389 -0.5895
vn 0.4847 0.0212 -0.8744
vn 0.4770 -0.0751 -0.8757
vn 0.1898 -0.0824 -0.9784
vn 0.2121 0.0347 -0.9766
vn 0.8984 -0.0474 -0.4367
vn 0.9324 -0.0537 -0.3573
vn 0.9030 -0.0490 -0.4268
vn 0.8594 -0.0500 -0.5089
vn 0.9758 -0.0729 -0.2063
vn 0.9572 -0.0598 -0.2831
vn 0.9615 -0.0477 -0.2707
vn 0.9368 -0.0531 -0.3458
vn 0.8971 -0.0369 -0.4402
vn 0.9346 -0.0289 -0.3544
vn 0.8524 -0.0530 -0.5202
vn 0.7927 -0.0612 -0.6065
vn 0.9663 0.1610 -0.2011
vn 0.9598 0.1475 -0.2389
vn 0.9824 0.0939 -0.1614
vn 0.9815 0.1476 -0.1223
vn 0.9482 0.1117 -0.2975
vn 0.9738 0.0658 -0.2178
vn 0.9909 -0.0040 -0.1342
vn 0.9956 0.0497 -0.0800
vn 0.9954 0.0904 -0.0322
vn 0.9583 0.0198 -0.2851
vn 0.9192 0.1017 -0.3805
vn 0.9789 -0.0383 -0.2008
vn 0.9887 -0.0700 -0.1324
vn 0.9959 -0.0632 -0.0643
vn 0.9958 0.0511 0.0764
vn 0.9996 -0.0263 0.0144
vn 0.1763 -0.4462 0.8774
vn 0.4274 -0.3592 0.8296
vn 0.4681 -0.3974 0.7893
vn 0.2076 -0.5128 0.8330
vn 0.6306 -0.2555 0.7328
vn 0.6609 -0.2755 0.6981
vn 0.7003 -0.2819 0.6558
vn 0.5043 -0.4276 0.7502
vn 0.2460 -0.5510 0.7974
vn 0.8927 -0.0728 0.4447
vn 0.9087 -0.0517 0.4143
vn 0.8070 -0.1553 0.5698
vn 0.7781 -0.1601 0.6074
vn 0.9294 -0.0398 0.3670
vn 0.8328 -0.1511 0.5325
vn 0.8606 -0.1570 0.4846
vn 0.9425 -0.0549 0.3296
vn 0.7346 -0.2917 0.6126
vn 0.2791 -0.5774 0.7673
vn 0.5425 -0.4413 0.7148
vn 0.9936 0.0636 -0.0936
vn 0.9861 0.1183 -0.1165
vn 0.9936 0.1098 -0.0259
vn 0.9983 0.0588 0.0020
vn 0.9774 0.1549 -0.1438
vn 0.9870 0.1512 -0.0551
vn 0.9920 0.1146 0.0525
vn 0.9917 0.0876 0.0945
vn 0.9918 0.0362 0.1229
vn 0.9832 0.1583 -0.0909
vn 0.9690 0.1789 -0.1706
vn 0.9912 0.1323 0.0095
vn 0.9888 0.0504 0.1407
vn 0.9782 0.0543 0.2004
vn 0.9612 -0.0045 0.2759
vn 0.9706 0.0312 0.2386
vn 0.7893 -0.0352 -0.6130
vn 0.7944 -0.0203 -0.6071
vn 0.8792 0.0327 -0.4753
vn 0.8814 0.0101 -0.4722
vn 0.7974 -0.0105 -0.6033
vn 0.8754 0.0545 -0.4803
vn 0.9303 0.1070 -0.3509
vn 0.9386 0.0782 -0.3361
vn 0.9454 0.0401 -0.3235
vn 0.7930 -0.0016 -0.6092
vn 0.8620 0.0709 -0.5019
vn 0.8691 0.0653 -0.4902
vn 0.7979 0.0014 -0.6028
vn 0.9125 0.1257 -0.3893
vn 0.9210 0.1300 -0.3672
vn 0.9518 0.1644 -0.2590
vn 0.9437 0.1698 -0.2838
vn 0.9614 0.1463 -0.2331
vn 0.9793 0.0595 -0.1935
vn 0.9713 0.1059 -0.2129
vn 0.6607 0.1023 -0.7436
vn 0.6752 0.1299 -0.7261
vn 0.7654 0.1014 -0.6355
vn 0.7010 0.0623 -0.7105
vn 0.7234 0.1485 -0.6743
vn 0.8078 0.1407 -0.5724
vn 0.8698 0.1211 -0.4782
vn 0.8140 0.0821 -0.5750
vn 0.7510 0.0205 -0.6600
vn 0.8715 0.1193 -0.4757
vn 0.7697 0.1104 -0.6288
vn 0.9097 0.1502 -0.3871
vn 0.9346 0.1475 -0.3237
vn 0.8963 0.1302 -0.4239
vn 0.7796 0.0044 -0.6263
vn 0.8476 0.0626 -0.5270
vn -0.1394 0.1038 -0.9848
vn -0.1594 0.1759 -0.9714
vn 0.1680 0.1791 -0.9694
vn 0.1868 0.1092 -0.9763
vn -0.1617 0.1845 -0.9694
vn 0.1768 0.1819 -0.9673
vn 0.4235 0.1759 -0.8887
vn 0.4054 0.1694 -0.8983
vn 0.4261 0.1057 -0.8985
vn 0.1867 0.1393 -0.9725
vn -0.1540 0.1406 -0.9780
vn 0.4662 0.1200 -0.8765
vn 0.6392 0.1241 -0.7590
vn 0.5928 0.1595 -0.7894
vn 0.5727 0.1026 -0.8133
vn 0.5722 0.1521 -0.8059
vn -0.7771 -0.0042 -0.6294
vn -0.8605 -0.0551 -0.5064
vn -0.6528 0.0460 -0.7562
vn -0.6529 0.1164 -0.7484
vn -0.7741 0.0727 -0.6289
vn -0.8553 0.0408 -0.5165
vn -0.4569 0.1004 -0.8839
vn -0.4626 0.1539 -0.8731
vn -0.4476 0.0914 -0.8896
vn -0.4595 0.1546 -0.8746
vn -0.6398 0.0781 -0.7645
vn -0.6450 0.1286 -0.7533
vn -0.8206 0.0668 -0.5676
vn -0.8357 0.0677 -0.5450
vn -0.7621 0.1040 -0.6390
vn -0.7527 0.0692 -0.6547
vn -0.9191 -0.0832 -0.3852
vn -0.9159 -0.1436 -0.3749
vn -0.9092 0.0071 -0.4164
vn -0.9519 -0.0273 -0.3052
vn -0.9389 -0.0535 -0.3401
vn -0.9439 -0.0108 -0.3301
vn -0.9383 -0.1492 -0.3119
vn -0.8438 0.0240 -0.5361
vn -0.8904 0.0383 -0.4535
vn -0.8765 -0.0128 -0.4813
vn -0.9201 0.0111 -0.3916
vn -0.9065 -0.0337 -0.4208
vn -0.9506 0.0053 -0.3103
vn -0.9409 -0.0030 -0.3387
vn -0.8949 -0.0293 -0.4452
vn -0.9719 -0.0066 -0.2353
vn -0.9634 -0.0132 -0.2677
vn -0.9671 -0.0243 -0.2532
vn -0.9627 -0.0229 -0.2697
vn -0.9778 -0.0065 -0.2093
vn -0.9705 -0.0255 -0.2397
vn -0.0315 -0.2354 -0.9714
vn -0.0143 -0.2648 -0.9642
vn 0.3462 -0.2301 -0.9095
vn 0.3241 -0.2169 -0.9208
vn -0.0063 -0.2691 -0.9631
vn 0.3658 -0.2335 -0.9009
vn 0.5761 -0.1585 -0.8019
vn 0.5609 -0.1618 -0.8119
vn 0.5385 -0.1556 -0.8281
vn -0.0111 -0.2250 -0.9743
vn 0.3665 -0.1890 -0.9110
vn 0.3697 -0.2184 -0.9031
vn -0.0010 -0.2590 -0.9659
vn 0.5799 -0.1287 -0.8044
vn 0.5867 -0.1465 -0.7965
vn 0.7089 -0.0727 -0.7016
vn 0.7091 -0.0615 -0.7024
vn 0.7048 -0.0803 -0.7048
vn 0.6777 -0.0915 -0.7296
vn 0.6927 -0.0881 -0.7158
vn -0.0331 -0.1671 -0.9854
vn 0.3364 -0.1434 -0.9307
vn -0.0649 -0.0930 -0.9935
vn 0.2935 -0.0761 -0.9529
vn 0.5232 -0.0533 -0.8505
vn 0.5621 -0.0990 -0.8211
vn 0.2428 0.0086 -0.9700
vn -0.1062 0.0041 -0.9943
vn 0.4718 0.0133 -0.8816
vn 0.6187 0.0323 -0.7849
vn 0.6614 -0.0211 -0.7497
vn 0.6919 -0.0523 -0.7201
vn -0.8107 -0.0750 -0.5806
vn -0.8237 -0.0829 -0.5609
vn -0.7911 -0.0460 -0.6100
vn -0.6565 -0.0701 -0.7511
vn -0.6684 -0.1140 -0.7350
vn -0.6762 -0.1438 -0.7225
vn -0.7715 0.0037 -0.6362
vn -0.6418 -0.0037 -0.7668
vn -0.4360 -0.0039 -0.8999
vn -0.4273 -0.0836 -0.9002
vn -0.4159 -0.1996 -0.8872
vn -0.4192 -0.1555 -0.8945
vn -0.4130 -0.2258 -0.8823
vn -0.4127 -0.2325 -0.8807
vn -0.6785 -0.1526 -0.7186
vn -0.6811 -0.1542 -0.7158
vn -0.4133 -0.1927 -0.8900
vn -0.4132 -0.2177 -0.8842
vn -0.6654 -0.1100 -0.7383
vn -0.6754 -0.1371 -0.7246
vn -0.8923 0.0321 -0.4503
vn -0.9043 0.0055 -0.4269
vn -0.8198 -0.0580 -0.5698
vn -0.8102 -0.0318 -0.5853
vn -0.9093 -0.0159 -0.4159
vn -0.8272 -0.0753 -0.5568
vn -0.8269 -0.0858 -0.5557
vn -0.9113 -0.0258 -0.4110
vn -0.9424 0.0778 -0.3253
vn -0.9514 0.0438 -0.3047
vn -0.9708 0.0931 -0.2210
vn -0.9772 0.0568 -0.2048
vn -0.9799 0.0228 -0.1983
vn -0.9558 0.0240 -0.2932
vn -0.9944 0.0305 -0.1010
vn -0.9910 0.0332 -0.1297
vn -0.9870 0.0857 -0.1363
vn -0.9961 0.0450 -0.0757
vn -0.9965 0.0179 -0.0820
vn -0.9943 -0.0116 -0.1064
vn -0.9911 -0.0046 -0.1328
vn -0.9944 -0.0071 -0.1054
vn -0.9780 0.0115 -0.2081
vn -0.9844 -0.0007 -0.1762
vn -0.9813 0.0041 -0.1923
vn -0.9891 -0.0105 -0.1472
vn -0.9860 -0.0036 -0.1665
vn -0.9554 0.0072 -0.2951
vn -0.8157 -0.3837 0.4329
vn -0.8233 -0.3157 0.4717
vn -0.7183 -0.4123 0.5603
vn -0.6300 -0.4941 0.5991
vn -0.9982 -0.0125 -0.0594
vn -0.9998 -0.0193 0.0065
vn -0.9990 -0.0446 0.0074
vn -0.9964 -0.0405 0.0749
vn -0.0500 -0.5772 0.8150
vn -0.0838 -0.5048 0.8592
vn -0.0247 -0.6313 0.7752
vn -0.2356 -0.6568 0.7163
vn -0.2686 -0.5991 0.7543
vn -0.2950 -0.5170 0.8036
vn 0.0095 -0.6605 0.7508
vn -0.0959 -0.6956 0.7120
vn -0.1233 -0.6987 0.7047
vn -0.2089 -0.6923 0.6907
vn -0.3130 -0.6829 0.6600
vn -0.3368 -0.6500 0.6812
vn -0.3080 -0.6920 0.6529
vn -0.4967 -0.4996 0.7097
vn -0.4674 -0.5843 0.6635
vn -0.5749 -0.5342 0.6198
vn -0.3843 -0.6284 0.6764
vn -0.5539 -0.5987 0.5787
vn 0.8317 -0.2159 0.5114
vn 0.9203 -0.1934 0.3400
vn 0.9304 -0.1542 0.3325
vn 0.8431 -0.1807 0.5065
vn 0.9668 -0.1731 0.1881
vn 0.9747 -0.1327 0.1798
vn 0.9826 -0.0813 0.1668
vn 0.9410 -0.1055 0.3216
vn 0.8585 -0.1425 0.4926
vn 0.9893 -0.1436 -0.0241
vn 0.9938 -0.1054 -0.0366
vn 0.9915 -0.1169 0.0563
vn 0.9855 -0.1564 0.0664
vn 0.9971 -0.0558 -0.0522
vn 0.9969 -0.0653 0.0430
vn 0.9997 -0.0048 0.0245
vn 0.9975 0.0035 -0.0711
vn 0.9885 -0.0209 0.1496
vn 0.8738 -0.1035 0.4752
vn 0.9522 -0.0541 0.3007
vn 0.8233 -0.2403 0.5143
vn 0.9132 -0.2191 0.3437
vn 0.8205 -0.2523 0.5130
vn 0.9089 -0.2320 0.3465
vn 0.9569 -0.2105 0.2002
vn 0.9606 -0.1986 0.1946
vn 0.8206 -0.2568 0.5106
vn 0.9062 -0.2328 0.3530
vn 0.9069 -0.2360 0.3492
vn 0.8197 -0.2581 0.5114
vn 0.9548 -0.2068 0.2134
vn 0.9549 -0.2134 0.2063
vn 0.9860 -0.1664 -0.0060
vn 0.9841 -0.1774 -0.0048
vn 0.9772 -0.1931 0.0886
vn 0.9786 -0.1833 0.0938
vn 0.9841 -0.1772 -0.0082
vn 0.9780 -0.1917 0.0821
vn 0.9806 -0.1809 0.0752
vn 0.9858 -0.1673 -0.0146
vn 0.8224 -0.2483 0.5118
vn 0.9071 -0.2180 0.3600
vn 0.8266 -0.2239 0.5163
vn 0.9097 -0.1916 0.3685
vn 0.9605 -0.1578 0.2291
vn 0.9569 -0.1886 0.2210
vn 0.8391 -0.1330 0.5275
vn 0.9181 -0.0960 0.3845
vn 0.9141 -0.1494 0.3770
vn 0.8322 -0.1868 0.5220
vn 0.9691 -0.0596 0.2393
vn 0.9653 -0.1124 0.2358
vn 0.9978 -0.0050 -0.0665
vn 0.9975 -0.0535 -0.0472
vn 0.9921 -0.0812 0.0961
vn 0.9955 -0.0265 0.0906
vn 0.9940 -0.1059 -0.0275
vn 0.9872 -0.1261 0.0980
vn 0.9819 -0.1622 0.0977
vn 0.9900 -0.1402 -0.0144
vn 0.8425 -0.0823 0.5324
vn 0.9201 -0.0449 0.3891
vn 0.8431 -0.0427 0.5361
vn 0.9192 -0.0063 0.3937
vn 0.9702 0.0272 0.2409
vn 0.9705 -0.0098 0.2408
vn 0.8389 0.0034 0.5443
vn 0.9150 0.0406 0.4014
vn 0.9173 0.0218 0.3975
vn 0.8413 -0.0150 0.5403
vn 0.9672 0.0753 0.2427
vn 0.9690 0.0564 0.2406
vn 0.9840 0.1285 -0.1234
vn 0.9875 0.1051 -0.1172
vn 0.9940 0.0834 0.0705
vn 0.9921 0.1062 0.0662
vn 0.9918 0.0756 -0.1026
vn 0.9955 0.0561 0.0759
vn 0.9963 0.0183 0.0836
vn 0.9953 0.0424 -0.0871
vn 0.9948 0.0654 -0.0775
vn 0.9881 0.1186 -0.0979
vn 0.9915 0.0918 0.0916
vn 0.9929 0.0419 0.1114
vn 0.9827 0.1451 -0.1154
vn 0.9902 0.1164 0.0778
vn 0.9633 0.0833 0.2552
vn 0.9617 0.0598 0.2675
vn 0.9596 0.0158 0.2811
vn 0.9905 0.1187 0.0697
vn 0.9815 0.1457 -0.1243
vn 0.9652 0.0861 0.2471
vn 0.8355 0.0117 0.5494
vn 0.9120 0.0496 0.4071
vn 0.8316 0.0092 0.5553
vn 0.9089 0.0466 0.4144
vn 0.8208 -0.0447 0.5695
vn 0.9002 -0.0137 0.4352
vn 0.9054 0.0260 0.4238
vn 0.8270 -0.0090 0.5621
vn 0.8154 -0.1000 0.5702
vn 0.8226 -0.0838 0.5625
vn 0.8953 -0.0825 0.4378
vn 0.8911 -0.0956 0.4436
vn 0.8320 -0.0532 0.5523
vn 0.9011 -0.0561 0.4300
vn 0.9569 -0.0515 0.2857
vn 0.9534 -0.0765 0.2918
vn 0.9512 -0.0863 0.2964
vn 0.8461 0.0468 0.5310
vn 0.9098 0.0426 0.4128
vn 0.9065 -0.0143 0.4220
vn 0.8410 -0.0121 0.5409
vn 0.9613 0.0428 0.2723
vn 0.9603 -0.0129 0.2787
vn 0.9908 0.0402 -0.1296
vn 0.9935 -0.0000 -0.1140
vn 0.9946 -0.0072 0.1039
vn 0.9946 0.0439 0.0939
vn 0.9949 -0.0346 -0.0950
vn 0.9929 -0.0425 0.1113
vn 0.9959 -0.0638 -0.0637
vn 0.9893 -0.0740 0.1258
vn 0.9905 -0.0661 0.1204
vn 0.9954 -0.0526 -0.0804
vn 0.8457 0.1113 0.5219
vn 0.9076 0.1069 0.4059
vn 0.8404 0.1721 0.5140
vn 0.9021 0.1641 0.3991
vn 0.9534 0.1535 0.2596
vn 0.9585 0.1026 0.2662
vn 0.8276 0.2814 0.4857
vn 0.8932 0.2588 0.3677
vn 0.8975 0.2141 0.3855
vn 0.8326 0.2302 0.5037
vn 0.9466 0.2277 0.2283
vn 0.9482 0.1956 0.2505
vn 0.9707 0.1564 -0.1823
vn 0.9757 0.1423 -0.1665
vn 0.9826 0.1719 0.0707
vn 0.9792 0.1945 0.0571
vn 0.9809 0.1168 -0.1554
vn 0.9868 0.1399 0.0817
vn 0.9916 0.0961 0.0871
vn 0.9858 0.0858 -0.1442
vn 0.8218 0.3396 0.4575
vn 0.8942 0.3008 0.3316
vn 0.8149 0.3983 0.4211
vn 0.8897 0.3551 0.2869
vn 0.9470 0.2850 0.1483
vn 0.9453 0.2580 0.1998
vn 0.7626 0.5617 0.3209
vn 0.8538 0.4894 0.1774
vn 0.8805 0.4109 0.2361
vn 0.7969 0.4748 0.3734
vn 0.9112 0.4105 0.0351
vn 0.9394 0.3323 0.0840
vn 0.8001 -0.0308 -0.5991
vn 0.9455 0.0981 -0.3105
vn 0.9725 0.2144 -0.0908
vn 0.9445 0.2695 -0.1880
vn 0.9584 0.1313 -0.2535
vn 0.9770 0.2131 -0.0098
vn 0.9778 0.2082 0.0259
vn 0.9675 0.1568 -0.1984
vn 0.9835 -0.1309 -0.1250
vn 0.9859 -0.0949 -0.1381
vn 0.9548 -0.1150 -0.2742
vn 0.9550 -0.0831 -0.2848
vn 0.9541 -0.0454 -0.2961
vn 0.9868 -0.0484 -0.1544
vn 0.7656 -0.0805 -0.6382
vn 0.7689 -0.0713 -0.6354
vn 0.8848 -0.0754 -0.4598
vn 0.8839 -0.0961 -0.4577
vn 0.7768 -0.0623 -0.6267
vn 0.8844 -0.0473 -0.4644
vn 0.8840 -0.0188 -0.4670
vn 0.7824 -0.0472 -0.6210
vn 0.9505 -0.0005 -0.3106
vn 0.9849 0.0045 -0.1731
vn 0.9814 -0.1535 -0.1156
vn 0.9805 -0.1628 -0.1102
vn 0.9543 -0.1425 -0.2626
vn 0.9544 -0.1344 -0.2665
vn 0.9814 -0.1512 -0.1180
vn 0.9804 -0.1626 -0.1111
vn 0.9531 -0.1321 -0.2725
vn 0.9544 -0.1428 -0.2622
vn 0.7663 -0.0754 -0.6380
vn 0.7665 -0.0833 -0.6368
vn 0.8858 -0.1147 -0.4496
vn 0.8846 -0.1079 -0.4537
vn 0.7645 -0.0849 -0.6390
vn 0.8854 -0.1157 -0.4501
vn 0.8845 -0.1105 -0.4533
vn 0.7629 -0.0839 -0.6410
vn 0.9823 -0.1266 -0.1379
vn 0.9823 -0.0874 -0.1659
vn 0.9426 -0.0736 -0.3256
vn 0.9498 -0.1102 -0.2928
vn 0.9723 0.0125 -0.2335
vn 0.9792 -0.0403 -0.1988
vn 0.9175 0.0196 -0.3973
vn 0.9318 -0.0278 -0.3620
vn 0.7226 0.0338 -0.6904
vn 0.7385 -0.0035 -0.6742
vn 0.8507 -0.0156 -0.5254
vn 0.8327 0.0259 -0.5531
vn 0.7515 -0.0350 -0.6588
vn 0.8669 -0.0578 -0.4952
vn 0.8774 -0.0872 -0.4718
vn 0.7624 -0.0624 -0.6441
vn 0.9639 0.0536 -0.2608
vn 0.9544 0.0882 -0.2851
vn 0.8897 0.0936 -0.4468
vn 0.9021 0.0603 -0.4274
vn 0.9400 0.1432 -0.3097
vn 0.9470 0.1163 -0.2995
vn 0.8746 0.1566 -0.4589
vn 0.8799 0.1223 -0.4591
vn 0.6774 0.2223 -0.7012
vn 0.6821 0.1516 -0.7154
vn 0.7950 0.1339 -0.5916
vn 0.7952 0.1697 -0.5822
vn 0.6961 0.1023 -0.7106
vn 0.8014 0.0983 -0.5900
vn 0.8157 0.0641 -0.5749
vn 0.7086 0.0672 -0.7024
vn 0.8797 0.0997 -0.4649
vn 0.8492 0.1801 -0.4964
vn 0.8677 0.1668 -0.4682
vn 0.8950 0.0947 -0.4359
vn 0.8021 0.2377 -0.5478
vn 0.8415 0.2097 -0.4980
vn 0.8871 0.1878 -0.4217
vn 0.9080 0.1534 -0.3899
vn 0.9261 0.0908 -0.3662
vn 0.8076 0.2162 -0.5486
vn 0.7604 0.2627 -0.5940
vn 0.8767 0.1815 -0.4455
vn 0.9377 0.1657 -0.3053
vn 0.9427 0.1654 -0.2898
vn 0.9663 0.0811 -0.2444
vn 0.9521 0.1402 -0.2717
vn 0.9568 -0.0492 -0.2867
vn 0.9639 -0.0548 -0.2606
vn 0.9471 -0.0261 -0.3199
vn 0.8522 -0.0353 -0.5220
vn 0.8764 -0.0504 -0.4790
vn 0.9036 -0.0731 -0.4221
vn 0.9275 0.0329 -0.3725
vn 0.9382 -0.0030 -0.3461
vn 0.8099 0.0189 -0.5862
vn 0.8270 -0.0054 -0.5621
vn 0.4740 -0.0012 -0.8805
vn 0.4988 -0.0247 -0.8664
vn 0.6775 -0.0162 -0.7354
vn 0.6522 0.0077 -0.7580
vn 0.5424 -0.0682 -0.8374
vn 0.7107 -0.0482 -0.7018
vn 0.7105 -0.2433 -0.6603
vn 0.8230 -0.1010 -0.5589
vn 0.7683 -0.0920 -0.6334
vn 0.6003 -0.1466 -0.7862
vn 0.9179 0.0633 -0.3917
vn 0.9088 0.0880 -0.4078
vn 0.7825 0.0562 -0.6201
vn 0.7949 0.0411 -0.6053
vn 0.8930 0.1133 -0.4356
vn 0.9005 0.1031 -0.4225
vn 0.7607 0.0705 -0.6453
vn 0.7714 0.0658 -0.6329
vn 0.4267 0.0038 -0.9044
vn 0.4365 0.0109 -0.8996
vn 0.6118 0.0345 -0.7902
vn 0.6014 0.0327 -0.7983
vn 0.4455 0.0129 -0.8952
vn 0.6230 0.0308 -0.7816
vn 0.6360 0.0223 -0.7714
vn 0.4566 0.0088 -0.8896
vn 0.8833 0.1006 -0.4578
vn 0.8686 0.0491 -0.4930
vn 0.7195 -0.0160 -0.6943
vn 0.7511 0.0488 -0.6584
vn 0.5688 -0.3139 -0.7602
vn 0.7896 -0.0612 -0.6106
vn 0.4963 -0.3303 -0.8029
vn 0.6381 -0.1718 -0.7505
vn 0.3351 -0.2941 -0.8951
vn 0.3643 -0.2080 -0.9078
vn 0.5090 -0.1800 -0.8417
vn 0.3896 -0.3325 -0.8589
vn 0.3985 -0.0937 -0.9124
vn 0.5643 -0.0644 -0.8230
vn 0.5873 0.0099 -0.8093
vn 0.4161 -0.0260 -0.9090
vn 0.6165 -0.0686 -0.7843
vn 0.6297 -0.0777 -0.7729
vn 0.4507 -0.0636 -0.8904
vn 0.4658 -0.0879 -0.8805
vn 0.4898 -0.1144 -0.8643
vn 0.6437 -0.0854 -0.7605
vn -0.0796 -0.0483 -0.9957
vn -0.0744 -0.0909 -0.9931
vn 0.2463 -0.0946 -0.9646
vn 0.2292 -0.0590 -0.9716
vn -0.0642 -0.1377 -0.9884
vn 0.2689 -0.1405 -0.9529
vn 0.2966 -0.1825 -0.9374
vn -0.0473 -0.1965 -0.9794
vn 0.5140 -0.1406 -0.8462
vn 0.6621 -0.0911 -0.7439
vn 0.6127 -0.0624 -0.7878
vn 0.6117 -0.0571 -0.7890
vn 0.4397 -0.0363 -0.8974
vn 0.4410 -0.0462 -0.8963
vn 0.6170 -0.0466 -0.7856
vn 0.6144 -0.0527 -0.7873
vn 0.4417 -0.0228 -0.8969
vn 0.4407 -0.0292 -0.8972
vn -0.0718 0.0019 -0.9974
vn -0.0717 -0.0024 -0.9974
vn 0.2204 -0.0118 -0.9753
vn 0.2205 -0.0058 -0.9754
vn -0.0756 -0.0092 -0.9971
vn 0.2201 -0.0204 -0.9753
vn 0.2222 -0.0339 -0.9744
vn -0.0789 -0.0241 -0.9966
vn 0.6143 -0.0343 -0.7883
vn 0.6083 -0.0147 -0.7936
vn 0.4328 0.0039 -0.9015
vn 0.4399 -0.0126 -0.8979
vn 0.5878 0.0420 -0.8079
vn 0.5983 0.0133 -0.8012
vn 0.4152 0.0500 -0.9084
vn 0.4238 0.0263 -0.9054
vn -0.1201 0.0443 -0.9918
vn -0.1038 0.0294 -0.9942
vn 0.1935 0.0326 -0.9806
vn 0.1811 0.0538 -0.9820
vn -0.0890 0.0151 -0.9959
vn 0.2059 0.0159 -0.9784
vn 0.2149 0.0017 -0.9766
vn -0.0763 0.0061 -0.9971
vn 0.5785 0.0715 -0.8126
vn 0.5686 0.1043 -0.8160
vn 0.4006 0.1054 -0.9102
vn 0.4082 0.0748 -0.9098
vn 0.5336 0.2108 -0.8191
vn 0.5532 0.1483 -0.8198
vn 0.3678 0.2135 -0.9051
vn 0.3921 0.1452 -0.9084
vn -0.1679 0.1905 -0.9672
vn -0.1571 0.1299 -0.9790
vn 0.1567 0.1445 -0.9770
vn 0.1440 0.2054 -0.9680
vn -0.1466 0.0907 -0.9850
vn 0.1656 0.1038 -0.9807
vn 0.1732 0.0750 -0.9820
vn -0.1348 0.0652 -0.9887
vn -0.3925 -0.0353 -0.9191
vn -0.4020 -0.0635 -0.9134
vn -0.6109 -0.0188 -0.7915
vn -0.6256 -0.0342 -0.7794
vn -0.6409 -0.0520 -0.7658
vn -0.4090 -0.1059 -0.9064
vn -0.8501 0.0041 -0.5266
vn -0.8602 0.0243 -0.5094
vn -0.7670 -0.0019 -0.6416
vn -0.7523 -0.0064 -0.6588
vn -0.8704 0.0434 -0.4904
vn -0.7820 -0.0030 -0.6233
vn -0.7955 -0.0098 -0.6059
vn -0.8816 0.0488 -0.4694
vn -0.6556 -0.0805 -0.7508
vn -0.4130 -0.1480 -0.8986
vn -0.3819 -0.0149 -0.9241
vn -0.3719 -0.0059 -0.9283
vn -0.5843 -0.0069 -0.8115
vn -0.5961 -0.0113 -0.8028
vn -0.3597 -0.0010 -0.9331
vn -0.3646 -0.0008 -0.9312
vn -0.5700 -0.0102 -0.8216
vn -0.5747 -0.0067 -0.8184
vn -0.8213 -0.0378 -0.5692
vn -0.8254 -0.0282 -0.5639
vn -0.7209 -0.0160 -0.6929
vn -0.7151 -0.0231 -0.6986
vn -0.8320 -0.0207 -0.5543
vn -0.7287 -0.0122 -0.6848
vn -0.7397 -0.0096 -0.6728
vn -0.8395 -0.0114 -0.5433
vn -0.3640 -0.0008 -0.9314
vn -0.3727 0.0028 -0.9280
vn -0.5763 -0.0151 -0.8171
vn -0.5697 -0.0153 -0.8217
vn -0.4036 0.0252 -0.9146
vn -0.3876 0.0121 -0.9218
vn -0.5976 0.0029 -0.8018
vn -0.5854 -0.0099 -0.8107
vn -0.8176 -0.0314 -0.5749
vn -0.8164 -0.0470 -0.5755
vn -0.7207 -0.0294 -0.6926
vn -0.7265 -0.0175 -0.6869
vn -0.8167 -0.0508 -0.5748
vn -0.7155 -0.0347 -0.6977
vn -0.7142 -0.0307 -0.6993
vn -0.8180 -0.0476 -0.5733
vn -0.4195 0.0425 -0.9068
vn -0.4342 0.0663 -0.8984
vn -0.6195 0.0414 -0.7839
vn -0.6097 0.0194 -0.7924
vn -0.4535 0.1518 -0.8782
vn -0.4449 0.0998 -0.8900
vn -0.6282 0.1179 -0.7690
vn -0.6277 0.0689 -0.7754
vn -0.8180 0.0890 -0.5683
vn -0.8220 0.0414 -0.5680
vn -0.7391 0.0515 -0.6717
vn -0.7362 0.0869 -0.6712
vn -0.8215 0.0097 -0.5701
vn -0.7384 0.0223 -0.6740
vn -0.7332 0.0018 -0.6800
vn -0.8195 -0.0124 -0.5730
vn -0.9208 0.0104 -0.3899
vn -0.9262 0.0467 -0.3741
vn -0.9701 0.0103 -0.2426
vn -0.9691 0.0602 -0.2393
vn -0.9666 0.0977 -0.2369
vn -0.9295 0.0792 -0.3602
vn -0.9994 -0.0123 0.0317
vn -0.9991 0.0431 0.0044
vn -0.9923 0.0563 -0.1100
vn -0.9950 0.0049 -0.1001
vn -0.9967 0.0755 -0.0299
vn -0.9868 0.1018 -0.1262
vn -0.9843 0.1107 -0.1372
vn -0.9943 0.0872 -0.0618
vn -0.9651 0.1175 -0.2340
vn -0.9336 0.0928 -0.3461
vn -0.9155 -0.0175 -0.4019
vn -0.9094 -0.0328 -0.4146
vn -0.9642 -0.0479 -0.2607
vn -0.9675 -0.0266 -0.2514
vn -0.9011 -0.0545 -0.4301
vn -0.9052 -0.0441 -0.4227
vn -0.9572 -0.0724 -0.2802
vn -0.9605 -0.0619 -0.2712
vn -0.9937 -0.1099 0.0236
vn -0.9949 -0.0960 0.0313
vn -0.9900 -0.0793 -0.1166
vn -0.9878 -0.0905 -0.1270
vn -0.9960 -0.0799 0.0406
vn -0.9923 -0.0638 -0.1064
vn -0.9943 -0.0399 -0.0986
vn -0.9976 -0.0542 0.0440
vn -0.8975 -0.0632 -0.4366
vn -0.8941 -0.0664 -0.4430
vn -0.9514 -0.0812 -0.2970
vn -0.9541 -0.0801 -0.2884
vn -0.8897 -0.0432 -0.4545
vn -0.8916 -0.0594 -0.4490
vn -0.9480 -0.0534 -0.3139
vn -0.9493 -0.0721 -0.3060
vn -0.9961 -0.0848 0.0263
vn -0.9938 -0.1085 0.0235
vn -0.9853 -0.0884 -0.1462
vn -0.9860 -0.0652 -0.1534
vn -0.9923 -0.1222 0.0224
vn -0.9851 -0.0979 -0.1414
vn -0.9860 -0.0987 -0.1344
vn -0.9928 -0.1183 0.0192
vn -0.8889 -0.0221 -0.4576
vn -0.8886 -0.0010 -0.4587
vn -0.9457 -0.0087 -0.3248
vn -0.9465 -0.0310 -0.3211
vn -0.8890 0.0588 -0.4542
vn -0.8895 0.0248 -0.4562
vn -0.9422 0.0535 -0.3307
vn -0.9444 0.0158 -0.3283
vn -0.9985 0.0512 0.0191
vn -0.9997 0.0090 0.0225
vn -0.9855 0.0129 -0.1689
vn -0.9830 0.0514 -0.1763
vn -0.9994 -0.0247 0.0254
vn -0.9863 -0.0150 -0.1643
vn -0.9865 -0.0405 -0.1585
vn -0.9983 -0.0529 0.0258
vn -0.9845 -0.0390 0.1713
vn -0.9917 0.0024 0.1288
vn -0.9410 -0.0789 0.3292
vn -0.9535 -0.0575 0.2958
vn -0.9694 -0.0514 0.2400
vn -0.9961 0.0286 0.0831
vn -0.7189 -0.1741 0.6729
vn -0.7236 -0.1984 0.6610
vn -0.8706 -0.1250 0.4759
vn -0.8509 -0.1297 0.5091
vn -0.7337 -0.2417 0.6350
vn -0.8824 -0.1554 0.4441
vn -0.8617 -0.2721 0.4283
vn -0.8978 -0.1994 0.3926
vn -0.7303 -0.3316 0.5973
vn -0.9709 -0.1225 0.2057
vn -0.9791 -0.0761 0.1887
vn -0.9533 -0.1568 0.2580
vn -0.9992 0.0210 0.0348
vn -0.9963 -0.0381 0.0765
vn -0.9792 -0.0760 0.1879
vn -0.9769 -0.0981 0.1899
vn -0.9281 -0.1210 0.3521
vn -0.9302 -0.1051 0.3517
vn -0.9759 -0.1300 0.1750
vn -0.9766 -0.1144 0.1821
vn -0.9266 -0.1554 0.3424
vn -0.9282 -0.1357 0.3466
vn -0.6989 -0.2085 0.6841
vn -0.7048 -0.1866 0.6844
vn -0.8393 -0.1606 0.5195
vn -0.8377 -0.1811 0.5152
vn -0.7073 -0.1772 0.6844
vn -0.8391 -0.1479 0.5234
vn -0.8429 -0.1379 0.5200
vn -0.7100 -0.1737 0.6825
vn -0.9729 -0.1459 0.1795
vn -0.9710 -0.1499 0.1863
vn -0.9158 -0.1840 0.3570
vn -0.9222 -0.1746 0.3450
vn -0.9719 -0.1091 0.2085
vn -0.9700 -0.1400 0.1988
vn -0.9133 -0.1396 0.3826
vn -0.9129 -0.1732 0.3695
vn -0.6844 -0.1972 0.7019
vn -0.6825 -0.2345 0.6923
vn -0.8181 -0.2061 0.5369
vn -0.8183 -0.1704 0.5490
vn -0.6845 -0.2440 0.6870
vn -0.8225 -0.2166 0.5259
vn -0.8294 -0.2053 0.5195
vn -0.6911 -0.2328 0.6842
vn -0.9737 -0.0734 0.2157
vn -0.9745 -0.0382 0.2211
vn -0.9118 -0.0602 0.4061
vn -0.9137 -0.0972 0.3945
vn -0.9729 0.0456 0.2267
vn -0.9741 -0.0027 0.2263
vn -0.9034 0.0262 0.4280
vn -0.9091 -0.0194 0.4161
vn -0.6440 -0.0333 0.7643
vn -0.6624 -0.0739 0.7455
vn -0.8038 -0.0460 0.5932
vn -0.7943 0.0006 0.6076
vn -0.6752 -0.1118 0.7291
vn -0.8128 -0.0842 0.5764
vn -0.8175 -0.1248 0.5623
vn -0.6836 -0.1516 0.7139
vn -0.5276 0.0338 0.8488
vn -0.5653 0.0545 0.8231
vn -0.7350 0.1012 0.6704
vn -0.7048 0.0808 0.7048
vn -0.5972 0.0432 0.8010
vn -0.7601 0.0877 0.6439
vn -0.8829 0.1196 0.4540
vn -0.8682 0.1372 0.4769
vn -0.8494 0.1149 0.5151
vn -0.7784 0.0482 0.6259
vn -0.6240 0.0098 0.7814
vn -0.8961 0.0798 0.4367
vn -0.9948 0.1013 0.0138
vn -0.9679 0.0958 0.2323
vn -0.9906 0.1360 0.0167
vn -0.9612 0.1388 0.2384
vn -0.9909 0.1250 0.0492
vn -0.9479 0.1337 0.2892
vn -0.9539 0.1519 0.2588
vn -0.9883 0.1505 0.0259
vn -0.9805 0.0896 0.1748
vn -0.8709 0.0774 0.4854
vn -0.7946 0.0181 0.6068
vn -0.8554 0.0234 0.5174
vn -0.7938 0.0029 0.6082
vn -0.7150 -0.0151 0.6990
vn -0.6390 -0.0253 0.7688
vn -0.6688 -0.0239 0.7431
vn -0.7205 -0.0049 0.6935
vn -0.7522 -0.0568 0.6565
vn -0.7005 -0.0393 0.7126
vn -0.6965 -0.0394 0.7164
vn -0.7438 -0.0461 0.6668
vn -0.6312 -0.0198 0.7754
vn -0.6197 -0.0305 0.7842
vn -0.3670 0.0287 0.9298
vn -0.3577 0.0060 0.9338
vn -0.5180 -0.0148 0.8553
vn -0.5254 0.0034 0.8509
vn -0.3608 -0.0123 0.9326
vn -0.5171 -0.0262 0.8555
vn -0.3893 -0.0323 0.9206
vn -0.5616 -0.0282 0.8269
vn -0.5386 -0.0280 0.8421
vn -0.3685 -0.0248 0.9293
vn -0.7660 -0.0575 0.6402
vn -0.7193 -0.0320 0.6940
vn -0.7956 -0.0818 0.6003
vn -0.7428 -0.0418 0.6682
vn -0.6780 0.0021 0.7351
vn -0.6472 -0.0039 0.7623
vn -0.9343 -0.1944 0.2987
vn -0.8514 -0.0435 0.5226
vn -0.7953 -0.0597 0.6033
vn -0.8282 -0.1437 0.5417
vn -0.7521 0.0172 0.6588
vn -0.7150 0.0137 0.6990
vn -0.4525 0.1369 0.8812
vn -0.4261 0.1126 0.8976
vn -0.5986 0.0616 0.7987
vn -0.6284 0.0806 0.7737
vn -0.4031 0.0836 0.9113
vn -0.5680 0.0466 0.8217
vn -0.5453 0.0246 0.8379
vn -0.3815 0.0572 0.9226
vn -0.9687 -0.1330 0.2096
vn -0.8846 -0.0430 0.4644
vn -0.9823 -0.0833 0.1681
vn -0.9079 -0.0181 0.4187
vn -0.8089 0.0577 0.5851
vn -0.7828 0.0354 0.6213
vn -0.9900 -0.0477 -0.1330
vn -0.9482 0.1170 0.2955
vn -0.9296 0.0205 0.3679
vn -0.9904 -0.0534 0.1276
vn -0.8309 0.2369 0.5035
vn -0.8336 0.1128 0.5408
vn -0.5280 0.4227 0.7366
vn -0.5236 0.3015 0.7969
vn -0.7011 0.2049 0.6830
vn -0.7093 0.3119 0.6321
vn -0.5037 0.2224 0.8348
vn -0.6823 0.1415 0.7172
vn -0.6569 0.0996 0.7474
vn -0.4789 0.1722 0.8608
vn -0.5557 -0.2132 0.8036
vn -0.5555 -0.2402 0.7961
vn -0.3820 -0.2386 0.8928
vn -0.3757 -0.2686 0.8870
vn -0.3566 -0.3277 0.8749
vn -0.5419 -0.3071 0.7823
vn 0.0819 -0.2701 0.9593
vn 0.0910 -0.2819 0.9551
vn -0.1660 -0.2804 0.9454
vn -0.1772 -0.2589 0.9495
vn 0.1149 -0.3154 0.9420
vn -0.1474 -0.3333 0.9312
vn -0.1147 -0.4104 0.9047
vn 0.1391 -0.3763 0.9160
vn -0.3275 -0.4215 0.8456
vn -0.5237 -0.3934 0.7556
vn -0.5531 -0.2042 0.8077
vn -0.5477 -0.2049 0.8112
vn -0.3740 -0.2304 0.8984
vn -0.3808 -0.2304 0.8955
vn -0.5317 -0.2318 0.8146
vn -0.5407 -0.2136 0.8136
vn -0.3521 -0.2531 0.9011
vn -0.3640 -0.2372 0.9007
vn 0.1027 -0.2876 0.9522
vn 0.0915 -0.2787 0.9560
vn -0.1584 -0.2602 0.9525
vn -0.1444 -0.2725 0.9512
vn 0.0825 -0.2734 0.9584
vn -0.1692 -0.2543 0.9522
vn -0.1763 -0.2534 0.9512
vn 0.0777 -0.2712 0.9594
vn -0.5226 -0.2540 0.8139
vn -0.5175 -0.2634 0.8141
vn -0.3362 -0.2769 0.9002
vn -0.3414 -0.2706 0.9001
vn -0.5219 -0.2177 0.8248
vn -0.5179 -0.2526 0.8173
vn -0.3368 -0.2313 0.9127
vn -0.3363 -0.2645 0.9038
vn 0.1399 -0.2357 0.9617
vn 0.1304 -0.2726 0.9532
vn -0.1229 -0.2725 0.9543
vn -0.1199 -0.2384 0.9637
vn 0.1219 -0.2918 0.9487
vn -0.1270 -0.2867 0.9496
vn -0.1338 -0.2857 0.9489
vn 0.1136 -0.2952 0.9487
vn -0.5194 -0.1738 0.8367
vn -0.5094 -0.1365 0.8496
vn -0.3194 -0.1552 0.9348
vn -0.3331 -0.1901 0.9235
vn -0.4698 -0.0668 0.8802
vn -0.4915 -0.1022 0.8648
vn -0.2745 -0.0950 0.9569
vn -0.3000 -0.1250 0.9457
vn 0.1997 -0.1120 0.9734
vn 0.1823 -0.1344 0.9740
vn -0.0772 -0.1369 0.9876
vn -0.0537 -0.1142 0.9920
vn 0.1662 -0.1597 0.9731
vn -0.0966 -0.1655 0.9815
vn -0.1114 -0.1982 0.9738
vn 0.1517 -0.1939 0.9692
vn 0.2731 -0.1200 0.9545
vn 0.2551 -0.1011 0.9616
vn 0.0306 -0.0816 0.9962
vn 0.0629 -0.1036 0.9926
vn 0.2360 -0.0910 0.9675
vn 0.0013 -0.0820 0.9966
vn -0.2140 -0.0478 0.9757
vn -0.1776 -0.0462 0.9830
vn -0.1406 -0.0639 0.9880
vn -0.0274 -0.0922 0.9954
vn 0.2176 -0.1004 0.9709
vn -0.2463 -0.0685 0.9668
vn -0.4424 -0.0310 0.8963
vn -0.4117 -0.0047 0.9113
vn -0.3342 -0.0172 0.9424
vn -0.3767 0.0031 0.9263
vn -0.1822 -0.0212 0.9830
vn -0.1988 -0.0392 0.9792
vn -0.1681 -0.0000 0.9858
vn 0.0224 0.0035 0.9997
vn 0.0078 -0.0230 0.9997
vn -0.0151 -0.0507 0.9986
vn -0.1651 0.0529 0.9849
vn -0.1645 0.0228 0.9861
vn 0.0375 0.0660 0.9971
vn 0.0348 0.0334 0.9988
vn 0.4165 0.0716 0.9063
vn 0.4088 0.0284 0.9122
vn 0.2263 0.0337 0.9735
vn 0.2362 0.0724 0.9690
vn 0.3913 -0.0087 0.9202
vn 0.2125 0.0007 0.9772
vn 0.3507 -0.0783 0.9332
vn 0.1711 -0.0650 0.9831
vn 0.1917 -0.0316 0.9809
vn 0.3725 -0.0432 0.9270
vn -0.1764 0.0843 0.9807
vn -0.1906 0.1198 0.9743
vn 0.0241 0.1433 0.9894
vn 0.0349 0.1045 0.9939
vn -0.2308 0.1928 0.9537
vn -0.2102 0.1539 0.9655
vn -0.0051 0.2305 0.9731
vn 0.0112 0.1864 0.9824
vn 0.3764 0.2746 0.8848
vn 0.3946 0.2192 0.8923
vn 0.2157 0.2063 0.9544
vn 0.2015 0.2569 0.9452
vn 0.4082 0.1687 0.8972
vn 0.2285 0.1588 0.9605
vn 0.2342 0.1145 0.9654
vn 0.4180 0.1185 0.9007
vn -0.2537 0.2364 0.9380
vn -0.2764 0.3027 0.9121
vn -0.0418 0.3600 0.9320
vn -0.0223 0.2870 0.9577
vn -0.3116 0.5196 0.7956
vn -0.2969 0.3923 0.8706
vn -0.0878 0.5927 0.8006
vn -0.0634 0.4606 0.8853
vn 0.2615 0.6519 0.7118
vn 0.3033 0.5213 0.7977
vn 0.1413 0.5006 0.8541
vn 0.1076 0.6343 0.7656
vn 0.3333 0.4185 0.8449
vn 0.1662 0.3967 0.9028
vn 0.1855 0.3175 0.9299
vn 0.3568 0.3368 0.8714
vn 0.3378 -0.2677 0.9024
vn 0.3534 -0.2650 0.8971
vn 0.5434 -0.2545 0.8000
vn 0.5553 -0.2396 0.7964
vn 0.5774 -0.2327 0.7826
vn 0.3701 -0.2798 0.8859
vn 0.7169 -0.2105 0.6646
vn 0.7020 -0.2367 0.6716
vn 0.7328 -0.1860 0.6545
vn 0.7565 -0.1677 0.6322
vn 0.5984 -0.2397 0.7645
vn 0.4006 -0.3107 0.8619
vn 0.3336 -0.2749 0.9017
vn 0.3340 -0.2805 0.8999
vn 0.5352 -0.2771 0.7980
vn 0.5351 -0.2688 0.8009
vn 0.3490 -0.2919 0.8905
vn 0.3407 -0.2856 0.8958
vn 0.5449 -0.2866 0.7880
vn 0.5392 -0.2826 0.7934
vn 0.6949 -0.2733 0.6651
vn 0.6987 -0.2755 0.6603
vn 0.6926 -0.2678 0.6697
vn 0.6951 -0.2569 0.6715
vn 0.3577 -0.2944 0.8862
vn 0.3671 -0.2857 0.8852
vn 0.5612 -0.2715 0.7819
vn 0.5523 -0.2856 0.7832
vn 0.3913 -0.2203 0.8935
vn 0.3784 -0.2610 0.8881
vn 0.5847 -0.1958 0.7873
vn 0.5724 -0.2425 0.7833
vn 0.7192 -0.2170 0.6601
vn 0.7292 -0.1678 0.6634
vn 0.7102 -0.2522 0.6573
vn 0.7033 -0.2698 0.6577
vn 0.4038 -0.1744 0.8981
vn 0.4152 -0.1407 0.8988
vn 0.6022 -0.1112 0.7906
vn 0.5951 -0.1491 0.7897
vn 0.4343 -0.0957 0.8957
vn 0.4253 -0.1127 0.8980
vn 0.6094 -0.0660 0.7901
vn 0.6065 -0.0850 0.7905
vn 0.7402 -0.0505 0.6705
vn 0.7390 -0.0339 0.6729
vn 0.7394 -0.0793 0.6686
vn 0.7364 -0.1168 0.6663
vn 0.7302 -0.0426 0.6819
vn 0.7240 -0.0759 0.6856
vn 0.7340 -0.0270 0.6787
vn 0.6114 -0.0574 0.7892
vn 0.6104 -0.0733 0.7887
vn 0.6088 -0.1004 0.7869
vn 0.7371 -0.0246 0.6753
vn 0.6106 -0.0586 0.7897
vn 0.4425 -0.0831 0.8929
vn 0.4501 -0.0835 0.8891
vn 0.4628 -0.1198 0.8783
vn 0.4573 -0.0919 0.8846
vn 0.5259 -0.0557 0.8487
vn 0.5079 -0.0898 0.8567
vn 0.5443 -0.0209 0.8387
vn 0.6594 -0.0338 0.7511
vn 0.6439 -0.0682 0.7620
vn 0.6298 -0.0964 0.7707
vn 0.5691 0.0669 0.8196
vn 0.5584 0.0190 0.8294
vn 0.6810 0.0604 0.7298
vn 0.6742 0.0074 0.7385
vn 0.7638 -0.0030 0.6454
vn 0.7726 0.0528 0.6327
vn 0.7526 -0.0459 0.6568
vn 0.7280 -0.1011 0.6781
vn 0.7397 -0.0772 0.6685
vn 0.5661 0.1205 0.8155
vn 0.5579 0.1747 0.8113
vn 0.6730 0.1782 0.7179
vn 0.6822 0.1195 0.7213
vn 0.5215 0.2885 0.8030
vn 0.5412 0.2308 0.8086
vn 0.6427 0.2965 0.7065
vn 0.6596 0.2378 0.7130
vn 0.7552 0.2368 0.6112
vn 0.7428 0.2974 0.5998
vn 0.7654 0.1776 0.6186
vn 0.7713 0.1161 0.6258
vn 0.4995 0.3534 0.7909
vn 0.4732 0.4330 0.7672
vn 0.6019 0.4377 0.6680
vn 0.6239 0.3630 0.6921
vn 0.3938 0.6553 0.6445
vn 0.4408 0.5320 0.7230
vn 0.5252 0.6432 0.5571
vn 0.5707 0.5314 0.6260
vn 0.6919 0.5117 0.5094
vn 0.6505 0.6135 0.4477
vn 0.7158 0.4303 0.5500
vn 0.7320 0.3568 0.5804
vn -0.2755 -0.4649 -0.8414
vn -0.2705 -0.5203 -0.8100
vn -0.0352 -0.5244 -0.8507
vn -0.0228 -0.4649 -0.8851
vn -0.2707 -0.5362 -0.7995
vn -0.0523 -0.5340 -0.8439
vn 0.1398 -0.5146 -0.8459
vn 0.1789 -0.4883 -0.8541
vn 0.1903 -0.4252 -0.8849
vn -0.2936 -0.4140 -0.8616
vn -0.1032 -0.4139 -0.9044
vn -0.0753 -0.5063 -0.8591
vn -0.2794 -0.4995 -0.8200
vn 0.0721 -0.3904 -0.9178
vn 0.0988 -0.4821 -0.8705
vn 0.2616 -0.4202 -0.8689
vn 0.2248 -0.3483 -0.9100
vn 0.3054 -0.4617 -0.8328
vn 0.4356 -0.3203 -0.8412
vn 0.3750 -0.4355 -0.8184
vn 0.2880 -0.0081 -0.9576
vn 0.3176 -0.0337 -0.9476
vn 0.1069 -0.0175 -0.9941
vn 0.1350 -0.0449 -0.9898
vn 0.1790 -0.1057 -0.9782
vn 0.3576 -0.0854 -0.9300
vn -0.2541 -0.0392 -0.9664
vn -0.2320 -0.0748 -0.9698
vn -0.0469 -0.0598 -0.9971
vn -0.0752 -0.0277 -0.9968
vn -0.2070 -0.1434 -0.9678
vn -0.0088 -0.1293 -0.9916
vn -0.1363 -0.4414 -0.8869
vn 0.1070 -0.4213 -0.9006
vn 0.0411 -0.2437 -0.9690
vn -0.1742 -0.2657 -0.9482
vn 0.3070 -0.3751 -0.8747
vn 0.2397 -0.2101 -0.9478
vn 0.4196 -0.1739 -0.8909
vn 0.5027 -0.3186 -0.8036
vn 0.2717 -0.0005 -0.9624
vn 0.2597 0.0014 -0.9657
vn 0.0749 -0.0072 -0.9972
vn 0.0867 -0.0079 -0.9962
vn 0.2456 -0.0174 -0.9692
vn 0.2519 -0.0037 -0.9677
vn 0.0599 -0.0322 -0.9977
vn 0.0658 -0.0138 -0.9977
vn -0.3070 -0.0522 -0.9503
vn -0.2985 -0.0300 -0.9539
vn -0.1179 -0.0226 -0.9928
vn -0.1254 -0.0433 -0.9912
vn -0.2863 -0.0226 -0.9579
vn -0.1084 -0.0143 -0.9940
vn -0.0938 -0.0167 -0.9955
vn -0.2722 -0.0256 -0.9619
vn 0.2380 -0.0517 -0.9699
vn 0.2283 -0.1256 -0.9655
vn 0.0514 -0.1511 -0.9872
vn 0.0542 -0.0734 -0.9958
vn 0.2212 -0.2308 -0.9475
vn 0.0524 -0.2661 -0.9625
vn -0.3082 -0.2881 -0.9066
vn -0.1212 -0.2864 -0.9504
vn -0.3134 -0.1804 -0.9323
vn -0.1316 -0.1724 -0.9762
vn -0.1302 -0.0889 -0.9875
vn -0.3127 -0.0990 -0.9447
vn -0.3970 -0.0518 -0.9164
vn -0.3820 -0.0842 -0.9203
vn -0.4839 -0.0660 -0.8726
vn -0.4696 -0.0936 -0.8779
vn -0.4759 -0.1342 -0.8692
vn -0.3683 -0.1515 -0.9173
vn -0.5447 -0.0949 -0.8333
vn -0.5313 -0.0953 -0.8418
vn -0.5243 -0.0948 -0.8463
vn -0.5315 -0.0809 -0.8432
vn -0.5612 -0.0815 -0.8237
vn -0.5269 -0.1123 -0.8425
vn -0.7895 -0.0746 -0.6092
vn -0.6431 -0.2533 -0.7227
vn -0.5809 -0.1443 -0.8011
vn -0.6044 -0.0616 -0.7943
vn -0.5153 -0.3444 -0.7847
vn -0.4935 -0.2194 -0.8416
vn -0.3665 -0.2510 -0.8959
vn -0.3565 -0.4180 -0.8356
vn -0.4137 -0.0379 -0.9096
vn -0.4306 -0.0325 -0.9020
vn -0.5261 -0.0573 -0.8485
vn -0.4996 -0.0541 -0.8645
vn -0.4646 -0.0591 -0.8836
vn -0.4489 -0.0423 -0.8926
vn -0.5814 -0.0805 -0.8096
vn -0.5552 -0.0618 -0.8294
vn -0.7502 -0.2103 -0.6269
vn -0.6438 -0.1793 -0.7439
vn -0.6270 -0.1104 -0.7712
vn -0.6737 -0.1092 -0.7309
vn -0.6009 -0.1241 -0.7896
vn -0.5777 -0.0896 -0.8113
vn -0.5520 -0.0761 -0.8304
vn -0.5637 -0.0996 -0.8200
vn -0.4648 -0.4797 -0.7442
vn -0.4665 -0.3958 -0.7910
vn -0.4735 -0.5001 -0.7251
vn -0.6207 -0.4659 -0.6306
vn -0.5990 -0.4441 -0.6663
vn -0.5989 -0.3658 -0.7124
vn -0.5107 -0.4164 -0.7522
vn -0.4877 -0.4844 -0.7263
vn -0.6784 -0.3493 -0.6464
vn -0.6568 -0.4252 -0.6228
vn -0.8724 -0.3164 -0.3725
vn -0.7784 -0.3809 -0.4990
vn -0.8373 -0.2361 -0.4931
vn -0.8376 -0.3239 -0.4399
vn -0.7282 -0.4205 -0.5412
vn -0.7630 -0.2861 -0.5796
vn -0.6982 -0.3283 -0.6362
vn -0.7103 -0.3869 -0.5881
vn -0.7857 -0.3228 -0.5277
vn -0.9683 -0.1615 -0.1907
vn -0.9865 -0.1336 -0.0948
vn -0.9376 -0.1575 -0.3099
vn -0.9043 -0.2323 -0.3581
vn -0.9624 -0.2670 -0.0506
vn -0.9838 -0.1607 -0.0799
vn -0.9164 -0.2887 -0.2771
vn -0.9422 -0.1703 -0.2884
vn -0.7943 -0.1759 -0.5815
vn -0.8751 -0.1750 -0.4513
vn -0.8507 -0.2697 -0.4512
vn -0.7954 -0.1743 -0.5805
vn -0.8731 -0.1741 -0.4554
vn -0.8492 -0.2241 -0.4782
vn -0.7814 -0.2341 -0.5784
vn 0.6806 0.3057 -0.6659
vn 0.5535 0.3283 -0.7654
vn 0.7678 0.2676 -0.5821
vn 0.7004 0.2782 -0.6573
vn 0.5938 0.3520 -0.7235
vn 0.4982 0.3690 -0.7846
vn 0.8623 0.1043 -0.4955
vn 0.8233 0.1913 -0.5344
vn 0.8093 0.1064 -0.5777
vn 0.7696 0.1956 -0.6078
vn 0.5757 0.0892 -0.8128
vn 0.5474 0.1613 -0.8212
vn 0.6761 0.1821 -0.7139
vn 0.7118 0.1025 -0.6949
vn 0.4979 0.2508 -0.8302
vn 0.6111 0.2773 -0.7414
vn 0.3947 0.3769 -0.8380
vn 0.4200 0.3898 -0.8195
vn 0.5242 0.3488 -0.7769
vn 0.4298 0.3394 -0.8367
vn 0.3158 0.3767 -0.8709
vn 0.3449 0.3869 -0.8552
vn 0.1991 0.3647 -0.9096
vn 0.2194 0.3831 -0.8973
vn 0.2678 0.3534 -0.8963
vn 0.3882 0.3657 -0.8459
vn -0.1933 0.3407 -0.9201
vn -0.1921 0.3475 -0.9178
vn 0.0508 0.3732 -0.9264
vn 0.0348 0.3547 -0.9343
vn -0.1864 0.3179 -0.9296
vn 0.0807 0.3353 -0.9387
vn 0.1129 0.2825 -0.9526
vn -0.1778 0.2584 -0.9495
vn 0.3259 0.2867 -0.9009
vn 0.4661 0.3094 -0.8289
vn -0.0920 -0.6144 -0.7836
vn 0.1527 -0.5873 -0.7948
vn -0.0690 -0.6996 -0.7112
vn 0.1764 -0.6728 -0.7185
vn 0.3572 -0.6228 -0.6961
vn 0.3521 -0.5312 -0.7706
vn -0.0831 -0.6114 -0.7870
vn 0.1752 -0.5902 -0.7881
vn 0.1831 -0.6879 -0.7024
vn -0.0619 -0.7148 -0.6966
vn 0.3450 -0.5413 -0.7668
vn 0.3505 -0.6338 -0.6895
vn 0.5575 -0.4450 -0.7008
vn 0.5912 -0.4736 -0.6528
vn 0.4854 -0.5669 -0.6656
vn 0.4723 -0.4871 -0.7346
vn 0.6448 -0.4634 -0.6078
vn 0.4982 -0.5593 -0.6625
vn 0.5185 -0.4827 -0.7058
vn 0.6626 -0.4077 -0.6283
vn -0.3386 -0.5682 -0.7500
vn -0.5189 -0.4806 -0.7069
vn -0.5195 -0.5486 -0.6551
vn -0.3241 -0.6551 -0.6825
vn -0.7411 -0.2209 -0.6340
vn -0.6476 -0.3584 -0.6725
vn -0.7485 -0.2637 -0.6084
vn -0.6578 -0.4090 -0.6324
vn -0.7546 -0.2356 -0.6124
vn -0.7001 -0.3140 -0.6413
vn -0.6732 -0.4050 -0.6187
vn -0.7522 -0.2507 -0.6094
vn -0.5714 -0.4495 -0.6867
vn -0.5327 -0.5521 -0.6414
vn -0.3317 -0.6621 -0.6720
vn -0.3650 -0.5639 -0.7408
vn -0.8776 -0.0529 -0.4764
vn -0.8262 -0.0980 -0.5548
vn -0.8862 -0.0167 -0.4630
vn -0.8563 -0.0370 -0.5152
vn -0.8223 -0.0465 -0.5671
vn -0.7992 -0.1467 -0.5829
vn -0.8811 0.0707 -0.4675
vn -0.8488 0.0673 -0.5245
vn -0.8560 0.0195 -0.5166
vn -0.8889 0.0250 -0.4573
vn -0.8162 0.0660 -0.5740
vn -0.8251 0.0160 -0.5647
vn -0.7649 0.0785 -0.6394
vn -0.7755 0.0307 -0.6306
vn -0.7960 0.0215 -0.6049
vn -0.7869 0.0688 -0.6132
vn -0.7794 -0.0401 -0.6253
vn -0.7993 -0.0492 -0.5990
vn -0.7872 -0.1409 -0.6004
vn -0.7743 -0.1296 -0.6195
vn -0.7133 0.1523 -0.6841
vn -0.7531 0.1540 -0.6396
vn -0.6190 0.1733 -0.7660
vn -0.5999 0.2284 -0.7668
vn -0.6866 0.1957 -0.7002
vn -0.7341 0.1760 -0.6558
vn -0.4493 0.2181 -0.8664
vn -0.4407 0.2705 -0.8559
vn -0.4226 0.3076 -0.8525
vn -0.4304 0.3096 -0.8479
vn -0.5778 0.2628 -0.7727
vn -0.5825 0.2629 -0.7691
vn -0.7102 0.1960 -0.6761
vn -0.7129 0.1946 -0.6737
vn -0.6759 0.2163 -0.7045
vn -0.6686 0.2228 -0.7095
vn 0.0389 0.2999 -0.9532
vn -0.1916 0.2925 -0.9369
vn 0.2027 0.3015 -0.9317
vn 0.2282 0.2218 -0.9480
vn 0.0509 0.2274 -0.9725
vn -0.1857 0.2315 -0.9549
vn 0.3338 0.3119 -0.8896
vn 0.3689 0.2287 -0.9009
vn 0.4265 0.0788 -0.9010
vn 0.4040 0.1430 -0.9035
vn 0.2737 0.0810 -0.9584
vn 0.2534 0.1397 -0.9572
vn -0.1737 0.1082 -0.9788
vn -0.1797 0.1640 -0.9700
vn 0.0701 0.1501 -0.9862
vn 0.0854 0.0932 -0.9920
vn -0.4246 0.2710 -0.8639
vn -0.4284 0.2242 -0.8753
vn -0.5975 0.1967 -0.7774
vn -0.5822 0.2360 -0.7780
vn -0.4419 0.1158 -0.8895
vn -0.4354 0.1645 -0.8851
vn -0.6251 0.1079 -0.7730
vn -0.6115 0.1528 -0.7763
vn -0.7518 0.1157 -0.6492
vn -0.7103 0.1332 -0.6912
vn -0.7244 0.0941 -0.6830
vn -0.7359 0.1523 -0.6597
vn -0.6941 0.1686 -0.6999
vn -0.6788 0.2004 -0.7064
vn -0.7191 0.1808 -0.6710
vn -0.9146 0.0771 -0.3970
vn -0.9061 0.1101 -0.4085
vn -0.8721 0.1069 -0.4774
vn -0.9499 0.0890 -0.2996
vn -0.9436 0.1182 -0.3093
vn -0.9396 0.1200 -0.3206
vn -0.9002 0.1206 -0.4184
vn -0.8596 0.1245 -0.4956
vn -0.9763 0.1321 -0.1716
vn -0.9816 0.1074 -0.1577
vn -0.9761 0.1256 -0.1775
vn -0.9791 0.0954 -0.1794
vn -0.9401 0.0926 -0.3281
vn -0.8503 0.1225 -0.5118
vn -0.8919 0.1047 -0.4400
vn -0.4417 0.7591 0.4781
vn -0.2987 0.8180 0.4916
vn -0.2994 0.8033 0.5148
vn -0.4630 0.7280 0.5056
vn -0.1502 0.8682 0.4730
vn -0.1378 0.8553 0.4994
vn -0.1259 0.8105 0.5720
vn -0.3065 0.7479 0.5888
vn -0.4865 0.6661 0.5654
vn 0.1202 0.9082 0.4010
vn 0.1353 0.8968 0.4213
vn 0.0083 0.8861 0.4634
vn -0.0076 0.8982 0.4395
vn 0.1659 0.8548 0.4918
vn 0.0342 0.8444 0.5346
vn 0.0679 0.7607 0.6456
vn 0.2103 0.7752 0.5958
vn -0.1088 0.7223 0.6830
vn -0.5162 0.5543 0.6529
vn -0.3119 0.6542 0.6890
vn 0.2417 0.9014 0.3593
vn 0.2542 0.8886 0.3817
vn 0.3628 0.8778 0.3130
vn 0.3759 0.8648 0.3330
vn 0.4119 0.8250 0.3869
vn 0.2867 0.8486 0.4445
vn 0.6067 0.7748 0.1776
vn 0.6238 0.7590 0.1865
vn 0.5001 0.8232 0.2686
vn 0.4855 0.8364 0.2544
vn 0.6599 0.7196 0.2161
vn 0.5390 0.7821 0.3127
vn 0.5930 0.7118 0.3765
vn 0.7122 0.6507 0.2635
vn 0.4659 0.7508 0.4682
vn 0.3374 0.7711 0.5400
vn 0.7093 0.6985 0.0949
vn 0.7234 0.6840 0.0945
vn 0.7869 0.6169 0.0132
vn 0.7961 0.6051 0.0062
vn 0.8217 0.5700 -0.0003
vn 0.7591 0.6411 0.1133
vn 0.9091 0.3739 -0.1834
vn 0.9047 0.3659 -0.2181
vn 0.8553 0.5088 -0.0975
vn 0.8515 0.5193 -0.0725
vn 0.9002 0.3252 -0.2895
vn 0.8668 0.4842 -0.1192
vn 0.8948 0.4155 -0.1637
vn 0.8963 0.2666 -0.3544
vn 0.8693 0.4942 0.0045
vn 0.8031 0.5791 0.1400
vn 0.8620 -0.2660 -0.4315
vn 0.8418 -0.2887 -0.4560
vn 0.9042 -0.1370 -0.4045
vn 0.9182 -0.1036 -0.3824
vn 0.8212 -0.3159 -0.4752
vn 0.8875 -0.1696 -0.4285
vn 0.9374 0.0199 -0.3476
vn 0.9449 0.0570 -0.3223
vn 0.9480 0.0863 -0.3063
vn 0.7826 -0.3687 -0.5016
vn 0.8502 -0.2351 -0.4711
vn 0.8693 -0.2047 -0.4499
vn 0.8001 -0.3424 -0.4925
vn 0.9128 -0.0462 -0.4058
vn 0.9266 -0.0126 -0.3759
vn 0.9106 0.3844 -0.1517
vn 0.9423 0.1967 -0.2707
vn 0.9367 0.1745 -0.3036
vn 0.9087 0.3957 -0.1332
vn 0.9447 0.2237 -0.2399
vn 0.8962 0.4291 -0.1130
vn 0.9379 0.2772 -0.2086
vn 0.9429 0.2483 -0.2219
vn 0.9047 0.4095 -0.1174
vn 0.4171 -0.4283 -0.8016
vn 0.3798 -0.5160 -0.7678
vn 0.2522 -0.5079 -0.8237
vn 0.2692 -0.4319 -0.8608
vn 0.3522 -0.5839 -0.7315
vn 0.2370 -0.5757 -0.7825
vn 0.1160 -0.5586 -0.8213
vn 0.1172 -0.4956 -0.8606
vn 0.1256 -0.4290 -0.8945
vn 0.3037 -0.6780 -0.6694
vn 0.2073 -0.6857 -0.6978
vn 0.2232 -0.6329 -0.7414
vn 0.3274 -0.6395 -0.6956
vn 0.1005 -0.6922 -0.7146
vn 0.1147 -0.6240 -0.7730
vn -0.1761 -0.6837 -0.7082
vn -0.2059 -0.5877 -0.7825
vn -0.0253 -0.6083 -0.7933
vn -0.0164 -0.6955 -0.7183
vn -0.2314 -0.5110 -0.8278
vn -0.0340 -0.5379 -0.8423
vn -0.2644 -0.3974 -0.8788
vn -0.0492 -0.4206 -0.9059
vn -0.0429 -0.4758 -0.8785
vn -0.2497 -0.4499 -0.8575
vn -0.4691 -0.3623 -0.8054
vn -0.4885 -0.3258 -0.8095
vn -0.2738 -0.3681 -0.8886
vn -0.6178 -0.3245 -0.7162
vn -0.6388 -0.2788 -0.7171
vn -0.6643 -0.2539 -0.7030
vn -0.5005 -0.3263 -0.8019
vn -0.2788 -0.3668 -0.8875
vn -0.8188 -0.2609 -0.5114
vn -0.8474 -0.1804 -0.4993
vn -0.7556 -0.2264 -0.6147
vn -0.7255 -0.2921 -0.6231
vn -0.8860 -0.1057 -0.4515
vn -0.7789 -0.1833 -0.5997
vn -0.8138 -0.1694 -0.5559
vn -0.9130 -0.0781 -0.4004
vn -0.6839 -0.2742 -0.6760
vn -0.2795 -0.4011 -0.8723
vn -0.5106 -0.3514 -0.7847
vn -0.8961 -0.2338 -0.3772
vn -0.9322 -0.1288 -0.3384
vn -0.9521 -0.2085 -0.2238
vn -0.9798 -0.0822 -0.1822
vn -0.9944 0.0535 -0.0908
vn -0.9590 -0.0224 -0.2826
vn -0.9846 -0.1744 -0.0149
vn -0.9988 -0.0365 0.0316
vn -0.9974 -0.0573 -0.0427
vn -0.9779 -0.1864 -0.0951
vn -0.9879 0.1223 0.0956
vn -0.9935 0.1094 0.0300
vn -0.8518 0.4576 0.2550
vn -0.8693 0.4322 0.2397
vn -0.9547 0.2680 0.1294
vn -0.9374 0.3023 0.1732
vn -0.9116 0.3653 0.1887
vn -0.9715 0.2328 0.0448
vn -0.9885 0.0922 -0.1200
vn -0.9470 0.2920 0.1341
vn -0.7506 0.5731 0.3290
vn -0.7829 0.5298 0.3262
vn -0.6601 0.6424 0.3893
vn -0.6930 0.5977 0.4032
vn -0.7410 0.5198 0.4251
vn -0.8185 0.4716 0.3280
vn -0.5936 0.6602 0.4602
vn -0.5650 0.6961 0.4430
vn -0.6368 0.5747 0.5140
vn -0.6760 0.4638 0.5727
vn -0.8010 0.3786 0.4637
vn -0.8875 0.3468 0.3034
vn -0.5552 0.6211 0.5531
vn -0.3439 0.7334 0.5864
vn -0.3675 0.7283 0.5784
vn -0.5727 0.6050 0.5532
vn -0.1715 0.7757 0.6074
vn -0.1970 0.7798 0.5942
vn -0.2157 0.7850 0.5807
vn -0.3798 0.7245 0.5752
vn -0.5807 0.5824 0.5689
vn 0.3101 0.7403 0.5965
vn 0.2782 0.7426 0.6093
vn -0.0106 0.7908 0.6120
vn 0.0213 0.7843 0.6200
vn 0.2358 0.7435 0.6258
vn -0.0363 0.7981 0.6014
vn 0.1346 0.8160 0.5622
vn -0.0746 0.8513 0.5193
vn -0.0656 0.8124 0.5795
vn 0.1708 0.7386 0.6521
vn -0.2136 0.8215 0.5288
vn -0.2226 0.8014 0.5552
vn -0.4549 0.6416 0.6176
vn -0.5507 0.5573 0.6214
vn -0.3653 0.7340 0.5725
vn -0.3413 0.7686 0.5411
vn 0.0162 0.7584 0.6516
vn 0.2496 0.7858 0.5659
vn 0.2712 0.7829 0.5599
vn 0.0491 0.7472 0.6628
vn 0.3898 0.7748 0.4977
vn 0.3993 0.7758 0.4886
vn 0.4088 0.7834 0.4682
vn 0.2863 0.7872 0.5462
vn 0.0932 0.7405 0.6656
vn 0.6708 0.6530 0.3517
vn 0.6754 0.6473 0.3533
vn 0.5204 0.7385 0.4287
vn 0.5121 0.7410 0.4344
vn 0.6769 0.6451 0.3546
vn 0.5211 0.7475 0.4120
vn 0.6571 0.6990 0.2821
vn 0.4900 0.8038 0.3374
vn 0.5133 0.7655 0.3879
vn 0.6705 0.6505 0.3568
vn 0.3904 0.8345 0.3887
vn 0.4038 0.8063 0.4322
vn 0.1551 0.7322 0.6632
vn 0.3042 0.8046 0.5100
vn 0.2861 0.8498 0.4427
vn 0.5655 0.6654 0.4872
vn 0.6922 0.6551 0.3029
vn 0.7285 0.6367 0.2528
vn 0.6261 0.6358 0.4513
vn 0.7618 0.6257 0.1678
vn 0.7751 0.6189 0.1272
vn 0.7890 0.6079 0.0897
vn 0.7492 0.6284 0.2091
vn 0.6899 0.6106 0.3888
vn 0.8798 0.4741 -0.0351
vn 0.8762 0.4767 -0.0711
vn 0.8220 0.5689 0.0258
vn 0.8126 0.5794 0.0631
vn 0.8809 0.4641 -0.0931
vn 0.8286 0.5598 -0.0022
vn 0.8452 0.5338 -0.0274
vn 0.8366 0.5475 -0.0195
vn 0.8865 0.4502 -0.1066
vn 0.7914 0.6096 0.0464
vn 0.7934 0.6056 0.0611
vn 0.7275 0.5983 0.3358
vn 0.7555 0.6340 0.1651
vn 0.7346 0.6670 0.1243
vn 0.9254 -0.1907 0.3276
vn 0.9761 -0.1907 0.1044
vn 0.9896 -0.0944 0.1086
vn 0.9403 -0.1016 0.3249
vn 0.9784 -0.1932 -0.0729
vn 0.9956 -0.0767 -0.0547
vn 0.9964 0.0793 -0.0309
vn 0.9918 0.0490 0.1178
vn 0.9475 0.0333 0.3181
vn 0.9396 -0.2049 -0.2742
vn 0.9687 -0.0540 -0.2423
vn 0.9836 -0.0622 -0.1694
vn 0.9616 -0.1967 -0.1913
vn 0.9725 0.1260 -0.1959
vn 0.9853 0.1093 -0.1311
vn 0.8837 0.4679 0.0135
vn 0.9527 0.2958 -0.0699
vn 0.9400 0.3168 -0.1266
vn 0.8966 0.4332 0.0921
vn 0.9644 0.2641 0.0142
vn 0.8966 0.3311 0.2941
vn 0.9294 0.2092 0.3041
vn 0.9640 0.2231 0.1446
vn 0.9010 0.3854 0.1994
vn -0.0227 -0.7778 -0.6281
vn -0.1375 -0.7835 -0.6059
vn 0.0796 -0.7596 -0.6455
vn 0.0432 -0.8102 -0.5845
vn -0.0339 -0.8406 -0.5406
vn -0.1113 -0.8467 -0.5203
vn 0.2797 -0.7083 -0.6482
vn 0.1737 -0.7326 -0.6581
vn 0.2447 -0.7395 -0.6271
vn 0.1355 -0.7719 -0.6212
vn 0.1752 -0.7807 -0.5999
vn 0.0483 -0.8121 -0.5816
vn 0.0911 -0.8006 -0.5923
vn 0.2101 -0.7610 -0.6138
vn -0.0262 -0.8488 -0.5281
vn 0.0035 -0.8424 -0.5388
vn -0.0903 -0.8843 -0.4581
vn -0.0910 -0.8851 -0.4564
vn -0.0509 -0.8710 -0.4886
vn -0.0730 -0.8767 -0.4755
vn 0.5470 -0.6717 -0.4995
vn 0.4996 -0.7264 -0.4719
vn 0.5016 -0.7101 -0.4941
vn 0.5323 -0.6671 -0.5212
vn 0.4616 -0.7795 -0.4234
vn 0.4776 -0.7470 -0.4625
vn 0.4402 -0.7297 -0.5233
vn 0.4603 -0.6973 -0.5495
vn 0.4840 -0.6690 -0.5640
vn 0.4335 -0.8421 -0.3208
vn 0.4583 -0.8039 -0.3792
vn 0.4598 -0.7833 -0.4184
vn 0.4397 -0.8174 -0.3722
vn 0.4132 -0.7803 -0.4694
vn 0.4272 -0.7538 -0.4992
vn 0.3337 -0.7497 -0.5715
vn 0.3138 -0.7662 -0.5608
vn 0.3582 -0.7222 -0.5917
vn 0.4026 -0.6722 -0.6213
vn 0.3800 -0.6991 -0.6057
vn 0.1539 -0.9875 -0.0352
vn 0.1301 -0.9897 -0.0591
vn 0.0681 -0.9977 -0.0065
vn 0.0894 -0.9959 0.0133
vn 0.1467 -0.9838 -0.1034
vn 0.0418 -0.9989 -0.0233
vn 0.0024 -1.0000 0.0063
vn 0.0281 -0.9995 0.0165
vn 0.0630 -0.9976 0.0290
vn 0.2872 -0.9246 -0.2501
vn -0.0105 -0.9943 -0.1060
vn 0.0402 -0.9972 -0.0626
vn 0.1645 -0.9768 -0.1374
vn -0.1233 -0.9919 -0.0298
vn -0.0566 -0.9984 -0.0078
vn 0.2341 -0.9542 0.1865
vn 0.1040 -0.9924 0.0665
vn -0.0283 -0.9987 0.0429
vn -0.1477 -0.9877 0.0517
vn 0.0459 -0.9985 0.0301
vn 0.0163 -0.9995 0.0259
vn 0.0839 -0.9957 0.0384
vn 0.0577 -0.9978 0.0333
vn 0.0312 -0.9992 0.0266
vn 0.0530 -0.9982 0.0289
vn -0.8144 -0.5698 -0.1099
vn -0.7434 -0.6588 -0.1152
vn -0.7251 -0.6860 -0.0598
vn -0.8121 -0.5809 -0.0558
vn -0.6603 -0.7437 -0.1047
vn -0.6311 -0.7737 -0.0554
vn -0.5626 -0.8267 0.0026
vn -0.6821 -0.7312 -0.0009
vn -0.7798 -0.6260 -0.0032
vn -0.5149 -0.8554 -0.0571
vn -0.4635 -0.8860 -0.0154
vn -0.5336 -0.8447 -0.0412
vn -0.5800 -0.8101 -0.0851
vn -0.3879 -0.9210 0.0357
vn -0.4621 -0.8866 0.0190
vn -0.1695 -0.9799 0.1050
vn -0.2180 -0.9716 0.0916
vn -0.3559 -0.9323 0.0647
vn -0.2866 -0.9544 0.0840
vn -0.2907 -0.9540 0.0730
vn -0.4405 -0.8959 0.0583
vn -0.5070 -0.8619 -0.0046
vn -0.7229 -0.6901 0.0349
vn -0.5636 -0.8253 0.0361
vn -0.3504 -0.9348 0.0573
vn -0.4105 -0.7866 -0.4612
vn -0.2842 -0.8117 -0.5103
vn -0.2421 -0.8290 -0.5041
vn -0.3564 -0.8159 -0.4553
vn -0.1861 -0.8480 -0.4963
vn -0.1508 -0.8500 -0.5048
vn -0.1259 -0.8651 -0.4856
vn -0.1820 -0.8604 -0.4761
vn -0.2774 -0.8702 -0.4071
vn -0.0929 -0.8760 -0.4732
vn -0.1087 -0.8669 -0.4865
vn -0.1148 -0.8759 -0.4687
vn -0.0941 -0.8738 -0.4770
vn -0.0918 -0.8717 -0.4814
vn -0.0836 -0.9074 -0.4118
vn -0.0715 -0.9124 -0.4031
vn -0.0832 -0.8874 -0.4535
vn -0.0906 -0.8852 -0.4563
vn -0.0790 -0.9239 -0.3743
vn -0.0936 -0.8913 -0.4436
vn -0.1292 -0.9448 -0.3011
vn -0.1818 -0.9216 -0.3429
vn -0.1341 -0.9014 -0.4117
vn -0.0977 -0.9382 -0.3320
vn -0.0749 -0.9306 -0.3584
vn -0.0682 -0.9396 -0.3353
vn -0.0638 -0.9539 -0.2933
vn -0.0699 -0.9596 -0.2725
vn -0.0797 -0.9723 -0.2197
vn -0.0716 -0.9525 -0.2960
vn -0.0400 -0.9836 -0.1756
vn -0.0820 -0.9852 -0.1506
vn -0.0743 -0.9759 -0.2053
vn -0.0539 -0.9694 -0.2393
vn -0.1107 -0.9894 -0.0945
vn -0.0938 -0.9838 -0.1529
vn -0.1857 -0.9826 0.0056
vn -0.1713 -0.9845 -0.0364
vn -0.1194 -0.9889 -0.0879
vn -0.1424 -0.9891 -0.0362
vn -0.1598 -0.9799 -0.1195
vn -0.0999 -0.9815 -0.1634
vn -0.0954 -0.9632 -0.2515
vn -0.1388 -0.9654 -0.2206
vn 0.0119 -0.9752 0.2208
vn -0.1183 -0.9609 0.2505
vn -0.1200 -0.9695 0.2136
vn 0.0038 -0.9852 0.1715
vn -0.1818 -0.9500 0.2539
vn -0.1898 -0.9516 0.2418
vn -0.1807 -0.9583 0.2214
vn -0.1149 -0.9764 0.1831
vn 0.0065 -0.9909 0.1346
vn -0.2055 -0.9484 0.2414
vn -0.1964 -0.9508 0.2396
vn -0.2138 -0.9444 0.2498
vn -0.2121 -0.9453 0.2479
vn -0.1789 -0.9530 0.2447
vn -0.2094 -0.9459 0.2480
vn -0.1743 -0.9640 0.2009
vn -0.1808 -0.9655 0.1876
vn -0.1921 -0.9543 0.2289
vn -0.1701 -0.9556 0.2407
vn -0.1524 -0.9772 0.1481
vn -0.1675 -0.9665 0.1946
vn 0.0084 -0.9983 0.0568
vn 0.0094 -0.9954 0.0952
vn -0.1016 -0.9837 0.1483
vn -0.0914 -0.9909 0.0987
vn 0.0156 -0.9930 0.1168
vn 0.0306 -0.9738 0.2254
vn 0.1169 -0.9731 0.1983
vn 0.0736 -0.9905 0.1162
vn 0.0339 -0.9620 0.2708
vn 0.1445 -0.9596 0.2414
vn 0.2053 -0.9614 0.1834
vn 0.1653 -0.9743 0.1529
vn 0.1062 -0.9904 0.0890
vn 0.1429 -0.9735 0.1784
vn 0.1482 -0.9628 0.2261
vn 0.0245 -0.9622 0.2713
vn 0.2218 -0.9654 0.1371
vn 0.2250 -0.9585 0.1751
vn 0.2752 -0.9576 0.0850
vn 0.2532 -0.9640 0.0811
vn 0.2567 -0.9582 0.1266
vn 0.2663 -0.9588 0.0994
vn 0.2003 -0.9767 0.0768
vn 0.2283 -0.9662 0.1200
vn 0.1058 -0.9926 0.0603
vn 0.1689 -0.9809 0.0964
vn 0.1358 -0.9891 0.0562
vn 0.2028 -0.9755 -0.0848
vn 0.2280 -0.9727 -0.0442
vn 0.1641 -0.9848 -0.0569
vn 0.1274 -0.9872 -0.0962
vn 0.2396 -0.9708 -0.0154
vn 0.1973 -0.9801 -0.0199
vn 0.1389 -0.9894 -0.0427
vn 0.1045 -0.9905 -0.0891
vn 0.0642 -0.9889 -0.1342
vn 0.2529 -0.9666 0.0414
vn 0.2422 -0.9696 0.0358
vn 0.2205 -0.9753 0.0099
vn 0.2486 -0.9683 0.0220
vn 0.1927 -0.9809 0.0272
vn 0.1704 -0.9854 -0.0059
vn 0.0009 -1.0000 -0.0006
vn 0.0959 -0.9953 -0.0109
vn 0.1165 -0.9928 0.0274
vn -0.0115 -0.9985 -0.0542
vn 0.0709 -0.9955 -0.0636
vn 0.0090 -0.9850 -0.1725
vn 0.0406 -0.9927 -0.1138
vn -0.0272 -0.9921 -0.1226
vn -0.9842 -0.1635 0.0684
vn -0.9854 -0.1533 0.0738
vn -0.9918 -0.0133 0.1272
vn -0.9932 -0.0247 0.1142
vn -0.9854 -0.1383 0.0994
vn -0.9879 -0.0006 0.1553
vn -0.9600 0.1685 0.2235
vn -0.9679 0.1609 0.1931
vn -0.9727 0.1530 0.1747
vn -0.9707 -0.1084 0.2142
vn -0.9638 0.0215 0.2656
vn -0.9797 0.0111 0.2003
vn -0.9819 -0.1223 0.1449
vn -0.9294 0.1747 0.3250
vn -0.9475 0.1756 0.2673
vn -0.7234 0.5090 0.4665
vn -0.7402 0.5241 0.4212
vn -0.8700 0.3545 0.3426
vn -0.8497 0.3500 0.3944
vn -0.7586 0.5273 0.3828
vn -0.8837 0.3580 0.3016
vn -0.7862 0.5281 0.3209
vn -0.9039 0.3511 0.2443
vn -0.8954 0.3541 0.2698
vn -0.7709 0.5331 0.3486
vn -0.5780 0.6176 0.5334
vn -0.6029 0.6260 0.4945
vn -0.4523 0.6625 0.5971
vn -0.4747 0.6734 0.5668
vn -0.5141 0.6728 0.5320
vn -0.6196 0.6385 0.4566
vn -0.0712 0.6632 0.7451
vn -0.1413 0.6353 0.7592
vn -0.3509 0.6734 0.6507
vn -0.2989 0.6796 0.6700
vn -0.2558 0.5993 0.7586
vn -0.3982 0.6629 0.6340
vn -0.4858 0.7035 0.5187
vn -0.4659 0.6604 0.5889
vn -0.3775 0.5407 0.7518
vn -0.5595 0.6925 0.4554
vn -0.5362 0.6861 0.4917
vn -0.6413 0.6406 0.4223
vn -0.6557 0.6467 0.3896
vn -0.3055 -0.9375 -0.1668
vn -0.2379 -0.9444 -0.2269
vn -0.0952 -0.9934 -0.0635
vn -0.2534 -0.9672 -0.0193
vn -0.1341 -0.9550 -0.2646
vn 0.0171 -0.9943 -0.1048
vn 0.1411 -0.9884 0.0564
vn 0.0385 -0.9930 0.1117
vn -0.1088 -0.9738 0.1999
vn 0.0762 -0.9566 -0.2813
vn 0.2087 -0.9601 -0.1859
vn 0.1131 -0.9843 -0.1358
vn -0.0142 -0.9603 -0.2785
vn 0.3352 -0.9412 -0.0432
vn 0.2350 -0.9720 0.0077
vn 0.4404 -0.8731 0.2091
vn 0.3909 -0.8811 0.2660
vn 0.3200 -0.9359 0.1472
vn 0.4175 -0.9024 0.1069
vn 0.3245 -0.8850 0.3339
vn 0.2451 -0.9480 0.2031
vn 0.1651 -0.8861 0.4331
vn 0.0572 -0.9285 0.3668
vn 0.1596 -0.9501 0.2682
vn 0.2446 -0.8859 0.3942
vn 0.2264 -0.9531 -0.2007
vn 0.2297 -0.9731 -0.0189
vn 0.0559 -0.9982 0.0193
vn 0.1428 -0.9639 -0.2247
vn 0.1740 -0.9391 0.2964
vn -0.0202 -0.9608 0.2766
vn -0.1502 -0.9511 0.2699
vn -0.0722 -0.9969 0.0313
vn 0.0289 -0.9747 -0.2215
vn -0.0403 -0.7204 0.6924
vn -0.1382 -0.7179 0.6823
vn -0.0939 -0.8556 0.5091
vn 0.0590 -0.8185 0.5715
vn -0.2475 -0.7172 0.6515
vn -0.2099 -0.8529 0.4779
vn -0.4155 -0.7054 0.5743
vn -0.4326 -0.7738 0.4628
vn -0.3122 -0.8329 0.4570
vn -0.3431 -0.7149 0.6092
vn -0.4044 -0.8762 0.2621
vn -0.2690 -0.9258 0.2657
vn -0.1957 -0.9687 -0.1528
vn -0.0966 -0.9774 -0.1879
vn -0.1862 -0.9817 0.0401
vn -0.3152 -0.9486 0.0291
vn 0.2518 0.5715 0.7810
vn 0.1638 0.5497 0.8192
vn 0.5526 0.4053 0.7283
vn 0.4711 0.3918 0.7903
vn 0.2315 0.3396 0.9116
vn -0.0239 0.4776 0.8783
vn 0.8240 0.0695 0.5622
vn 0.7956 0.0610 0.6027
vn 0.6899 0.2125 0.6920
vn 0.7351 0.2230 0.6402
vn 0.5622 0.0088 0.8269
vn 0.4405 0.1643 0.8826
vn -0.8306 -0.1380 0.5395
vn -0.8125 -0.0457 0.5812
vn -0.2702 0.0686 0.9604
vn -0.2366 -0.0951 0.9669
vn -0.7205 0.1148 0.6839
vn -0.2922 0.2205 0.9306
vn -0.3267 0.4130 0.8501
vn -0.6380 0.3255 0.6978
vn -0.6753 -0.0993 0.7308
vn -0.4994 -0.1057 0.8599
vn -0.5068 -0.0196 0.8619
vn -0.6736 -0.0073 0.7391
vn -0.3207 -0.1096 0.9408
vn -0.3363 -0.0219 0.9415
vn -0.3567 0.0982 0.9290
vn -0.5097 0.1004 0.8545
vn -0.6594 0.1083 0.7439
vn 0.1338 -0.0799 0.9878
vn 0.0997 0.0239 0.9947
vn -0.1480 -0.0115 0.9889
vn -0.1244 -0.1039 0.9868
vn 0.0374 0.1670 0.9852
vn -0.1850 0.1152 0.9760
vn -0.1470 0.4233 0.8940
vn -0.2611 0.4157 0.8712
vn -0.2321 0.2662 0.9356
vn -0.0580 0.3179 0.9464
vn -0.3947 0.4010 0.8267
vn -0.3774 0.2474 0.8924
vn -0.5865 0.3525 0.7292
vn -0.6237 0.2525 0.7397
vn -0.5069 0.2389 0.8283
vn -0.5074 0.3812 0.7728
vn -0.9446 -0.1253 0.3034
vn -0.9298 -0.0484 0.3648
vn -0.9594 -0.1095 0.2599
vn -0.9519 -0.0185 0.3059
vn -0.9050 0.1316 0.4046
vn -0.8870 0.0823 0.4543
vn -0.9511 -0.0859 0.2968
vn -0.9398 0.0349 0.3398
vn -0.9503 0.0098 0.3111
vn -0.9612 -0.0956 0.2588
vn -0.8883 0.2081 0.4095
vn -0.9015 0.1845 0.3914
vn -0.7800 0.3965 0.4842
vn -0.7592 0.4276 0.4906
vn -0.7770 0.3586 0.5174
vn -0.7580 0.2998 0.5793
vn -0.5101 -0.1026 0.8540
vn -0.2189 -0.1096 0.9696
vn -0.2236 -0.0122 0.9746
vn -0.5054 0.0084 0.8628
vn 0.0312 -0.1142 0.9930
vn 0.0234 -0.0269 0.9994
vn 0.0069 0.1269 0.9919
vn -0.2201 0.1476 0.9642
vn -0.4756 0.1746 0.8622
vn 0.5166 -0.0995 0.8504
vn 0.5092 -0.0064 0.8606
vn 0.2534 -0.0262 0.9670
vn 0.2630 -0.1145 0.9580
vn 0.4623 0.1628 0.8716
vn 0.2262 0.1263 0.9659
vn 0.2531 0.5015 0.8273
vn 0.1223 0.5129 0.8497
vn 0.1713 0.3266 0.9295
vn 0.3644 0.3589 0.8593
vn -0.0512 0.5248 0.8497
vn -0.0176 0.3253 0.9455
vn -0.3389 0.5038 0.7945
vn -0.4061 0.3765 0.8327
vn -0.2097 0.3410 0.9164
vn -0.2161 0.5231 0.8244
vn -0.1159 -0.0244 0.9930
vn 0.1970 -0.0446 0.9794
vn 0.2249 0.0578 0.9727
vn -0.0705 0.0903 0.9934
vn 0.4162 -0.0511 0.9078
vn 0.4340 0.0465 0.8997
vn 0.4455 0.1972 0.8733
vn 0.2617 0.2166 0.9405
vn 0.0003 0.2655 0.9641
vn 0.8111 -0.0813 0.5793
vn 0.8059 0.0328 0.5911
vn 0.6175 0.0398 0.7856
vn 0.6124 -0.0581 0.7884
vn 0.7758 0.2021 0.5977
vn 0.6096 0.1959 0.7681
vn 0.6224 0.5285 0.5773
vn 0.5408 0.5489 0.6374
vn 0.5776 0.3802 0.7223
vn 0.6998 0.4013 0.5910
vn 0.4240 0.5648 0.7080
vn 0.4446 0.3831 0.8097
vn 0.1810 0.5746 0.7982
vn 0.1028 0.4544 0.8848
vn 0.2921 0.4035 0.8671
vn 0.2936 0.5717 0.7662
vn 0.9423 -0.0999 0.3195
vn 0.9375 0.0293 0.3467
vn 0.9881 -0.1112 0.1065
vn 0.9873 0.0349 0.1551
vn 0.9449 0.2372 0.2256
vn 0.8964 0.2172 0.3864
vn 0.9877 -0.1268 -0.0912
vn 0.9994 0.0294 -0.0162
vn 0.9987 0.0356 0.0353
vn 0.9929 -0.1162 -0.0240
vn 0.9648 0.2451 0.0956
vn 0.9590 0.2508 0.1322
vn 0.6630 0.6541 0.3640
vn 0.8407 0.4794 0.2516
vn 0.8457 0.4799 0.2334
vn 0.6581 0.6303 0.4119
vn 0.8290 0.4601 0.3179
vn 0.7915 0.4250 0.4391
vn 0.6430 0.5812 0.4988
vn 0.9676 -0.1949 0.1605
vn 0.5455 -0.1128 0.8305
vn 0.6496 0.1145 0.7516
vn 0.9734 -0.0338 0.2268
vn -0.3308 0.0676 0.9413
vn -0.0458 0.2363 0.9706
vn 0.2934 0.4204 0.8586
vn 0.6974 0.3011 0.6504
vn 0.9093 0.2101 0.3592
vn -0.5667 0.1450 0.8111
vn -0.3677 0.3095 0.8769
vn -0.3303 0.2962 0.8962
vn -0.5614 0.1371 0.8161
vn -0.0609 0.4963 0.8660
vn 0.0541 0.4791 0.8761
vn 0.4030 0.6028 0.6886
vn 0.3056 0.6254 0.7180
vn 0.5521 0.5351 0.6394
vn 0.8050 0.4670 0.3660
vn 0.7062 0.4956 0.5057
vn 0.2528 -0.0906 0.9633
vn 0.5102 -0.1444 0.8478
vn 0.5542 -0.0383 0.8315
vn 0.3238 0.0324 0.9456
vn 0.6817 -0.1705 0.7115
vn 0.7132 -0.0768 0.6967
vn 0.7470 0.0588 0.6622
vn 0.6069 0.1035 0.7880
vn 0.4127 0.1919 0.8904
vn 0.8401 -0.0964 0.5339
vn 0.8190 -0.1828 0.5439
vn 0.8591 0.0387 0.5104
vn 0.8510 0.3696 0.3732
vn 0.8632 0.2045 0.4617
vn 0.7753 0.4036 0.4859
vn 0.7714 0.2293 0.5936
vn 0.5873 0.4549 0.6694
vn 0.5109 0.3497 0.7853
vn 0.6572 0.2722 0.7029
vn 0.6740 0.4339 0.5979
vn -0.6981 -0.1343 -0.7033
vn -0.5994 -0.1086 -0.7930
vn -0.6042 -0.1716 -0.7781
vn -0.7109 -0.1719 -0.6820
vn -0.4724 -0.1038 -0.8752
vn -0.4766 -0.1777 -0.8610
vn -0.4741 -0.2807 -0.8345
vn -0.6026 -0.2601 -0.7544
vn -0.7052 -0.2391 -0.6675
vn -0.2689 -0.9574 -0.1055
vn -0.1908 -0.9696 -0.1535
vn -0.1120 -0.9932 0.0324
vn -0.2676 -0.9622 0.0505
vn -0.0879 -0.9769 -0.1946
vn -0.0027 -1.0000 -0.0019
vn 0.0663 -0.9821 0.1765
vn -0.0443 -0.9733 0.2252
vn -0.2162 -0.9312 0.2935
vn 0.1098 -0.9687 -0.2226
vn 0.2101 -0.9710 -0.1141
vn 0.0948 -0.9945 -0.0444
vn 0.0222 -0.9759 -0.2170
vn 0.3122 -0.9477 0.0658
vn 0.1720 -0.9768 0.1278
vn 0.3713 -0.8394 0.3968
vn 0.2918 -0.8376 0.4619
vn 0.2307 -0.9263 0.2980
vn 0.3716 -0.8898 0.2648
vn 0.1911 -0.8232 0.5346
vn 0.1307 -0.9271 0.3512
vn -0.0181 -0.7876 0.6159
vn -0.1113 -0.8497 0.5154
vn 0.0247 -0.9106 0.4126
vn 0.0800 -0.8025 0.5913
vn 0.6476 0.5802 0.4939
vn 0.6416 0.5803 0.5015
vn 0.8776 0.3467 0.3310
vn 0.8781 0.3467 0.3298
vn 0.8694 0.3201 0.3763
vn 0.5873 0.5710 0.5737
vn 0.9906 0.0159 0.1360
vn 0.9965 0.0176 0.0818
vn 0.9750 0.1415 0.1711
vn 0.9657 0.1526 0.2101
vn 0.9958 0.0055 0.0911
vn 0.9735 0.1244 0.1921
vn 0.2871 -0.0305 0.9574
vn 0.2785 0.1782 0.9438
vn 0.9150 0.1158 0.3865
vn 0.9685 -0.0217 0.2480
vn 0.2476 0.4179 0.8741
vn 0.7731 0.3154 0.5503
vn 0.4759 0.5645 0.6744
vn 0.2093 0.6171 0.7585
vn -0.3213 0.6274 0.7093
vn -0.3161 0.6242 0.7145
vn 0.0099 0.7530 0.6579
vn -0.6267 0.4002 0.6686
vn -0.5910 0.4064 0.6968
vn -0.4912 0.3843 0.7817
vn -0.2475 0.5923 0.7668
vn 0.0369 0.7214 0.6916
vn -0.8540 0.0621 0.5165
vn -0.8084 0.0663 0.5849
vn -0.7467 0.1991 0.6347
vn -0.7874 0.1934 0.5853
vn -0.6924 0.0491 0.7199
vn -0.6287 0.1855 0.7552
vn -0.4015 0.1441 0.9045
vn -0.4546 0.0132 0.8906
vn -0.2914 0.3321 0.8971
vn 0.1084 0.6469 0.7549
vn -0.1069 0.5283 0.8423
vn 0.1278 -0.9897 0.0642
vn 0.2112 -0.9762 0.0503
vn 0.2184 -0.9732 0.0720
vn 0.1346 -0.9866 0.0922
vn 0.2583 -0.9641 0.0614
vn 0.2562 -0.9652 0.0531
vn 0.2627 -0.9625 0.0669
vn 0.2674 -0.9615 0.0641
vn 0.2671 -0.9604 0.0786
vn 0.2693 -0.9605 0.0700
vn 0.2223 -0.9702 0.0963
vn 0.1363 -0.9824 0.1274
vn 0.0328 -0.9968 -0.0726
vn -0.0313 -0.9989 -0.0356
vn -0.0070 -0.9974 -0.0714
vn 0.0493 -0.9946 -0.0913
vn -0.0622 -0.9975 0.0335
vn -0.0279 -0.9988 -0.0395
vn -0.0101 -0.9980 -0.0617
vn 0.0040 -0.9970 -0.0770
vn 0.0261 -0.9974 -0.0672
vn 0.0061 -0.9994 0.0338
vn -0.0234 -0.9997 0.0037
vn -0.0416 -0.9950 0.0911
vn 0.0093 -0.9999 -0.0037
vn -0.0051 -0.9996 -0.0283
vn 0.0359 -0.9990 -0.0279
vn 0.0319 -0.9986 0.0411
vn 0.0072 -0.9972 -0.0747
vn -0.0336 -0.9993 0.0149
vn -0.0399 -0.9985 -0.0375
vn -0.1332 -0.9822 0.1322
vn -0.0344 -0.9927 0.1153
vn -0.0410 -0.9957 0.0836
vn -0.1348 -0.9777 0.1610
vn -0.0573 -0.9839 0.1693
vn -0.0231 -0.9904 0.1366
vn 0.0536 -0.9967 0.0613
vn 0.0473 -0.9987 0.0196
vn -0.1189 -0.9701 0.2115
vn -0.1465 -0.9699 0.1947
vn -0.1025 -0.9727 0.2082
vn -0.1704 -0.9654 0.1974
vn -0.1242 -0.9729 0.1950
vn -0.0883 -0.9909 0.1012
vn -0.0186 -0.9945 0.1026
vn 0.0930 -0.9943 -0.0526
vn 0.0554 -0.9985 0.0036
vn -0.0010 -0.9999 -0.0161
vn -0.9737 -0.2162 -0.0712
vn -0.9517 -0.2518 -0.1758
vn -0.9112 -0.3996 -0.1000
vn -0.9542 -0.2961 0.0428
vn -0.9053 -0.2686 -0.3292
vn -0.8573 -0.4354 -0.2747
vn -0.8286 -0.5072 -0.2371
vn -0.8769 -0.4788 -0.0428
vn -0.9216 -0.3518 0.1642
vn -0.8063 -0.2336 -0.5435
vn -0.7692 -0.2951 -0.5668
vn -0.8079 -0.3936 -0.4386
vn -0.8454 -0.2567 -0.4685
vn -0.7374 -0.3420 -0.5825
vn -0.7835 -0.4535 -0.4248
vn -0.8041 -0.4055 -0.4347
vn -0.7496 -0.3226 -0.5780
vn -0.8605 -0.4461 -0.2461
vn -0.9185 -0.3432 0.1964
vn -0.9027 -0.4298 -0.0187
vn -0.8235 -0.0533 0.5648
vn -0.8204 -0.0724 0.5672
vn -0.8700 0.0095 0.4929
vn -0.9364 -0.0212 0.3503
vn -0.9307 -0.0503 0.3623
vn -0.9228 -0.0648 0.3799
vn -0.9901 0.1210 -0.0714
vn -0.9589 0.0656 0.2762
vn -0.9873 0.0787 -0.1382
vn -0.9925 0.0451 0.1135
vn -0.9918 0.0013 -0.1279
vn -0.9919 -0.0400 0.1203
vn -0.9964 -0.0151 0.0839
vn -0.9863 0.0284 -0.1626
vn -0.9530 0.0455 -0.2995
vn -0.9574 0.0297 -0.2873
vn -0.9504 0.0787 -0.3008
vn -0.9246 0.0677 -0.3749
vn -0.9232 0.0485 -0.3812
vn -0.9234 0.0284 -0.3828
vn -0.9796 0.0756 -0.1861
vn -0.9629 0.1027 -0.2495
vn -0.9386 0.0527 -0.3410
vn -0.9294 0.0690 -0.3625
vn -0.8378 0.0419 -0.5443
vn -0.8894 0.0624 -0.4529
vn -0.8888 0.0250 -0.4577
vn -0.8498 0.0389 -0.5256
vn -0.8982 0.0549 -0.4361
vn -0.8444 -0.0213 -0.5354
vn -0.8893 0.0147 -0.4571
vn -0.8968 0.0337 -0.4411
vn -0.8603 0.0075 -0.5097
vn -0.7788 -0.0332 -0.6264
vn -0.7603 -0.0664 -0.6462
vn -0.7688 -0.0019 -0.6395
vn -0.6649 -0.0548 -0.7449
vn -0.6591 -0.0740 -0.7484
vn -0.6465 -0.0955 -0.7569
vn -0.7056 -0.0200 -0.7083
vn -0.5979 -0.0532 -0.7998
vn -0.5620 -0.1066 -0.8202
vn -0.5620 -0.0898 -0.8222
vn -0.8327 -0.0722 0.5490
vn -0.9195 -0.0764 0.3855
vn -0.9232 -0.1119 0.3677
vn -0.8460 -0.1155 0.5206
vn -0.9952 -0.0133 -0.0968
vn -0.9884 -0.0464 0.1446
vn -0.9953 -0.0563 -0.0785
vn -0.9831 -0.0928 0.1576
vn -0.9753 -0.1734 0.1368
vn -0.9886 -0.1357 -0.0648
vn -0.9286 -0.2156 0.3022
vn -0.8855 -0.1881 0.4248
vn -0.8265 -0.0489 -0.5608
vn -0.8819 -0.0151 -0.4712
vn -0.8156 -0.0925 -0.5712
vn -0.8742 -0.0568 -0.4823
vn -0.9228 -0.0405 -0.3831
vn -0.9223 0.0075 -0.3865
vn -0.8692 -0.1316 -0.4767
vn -0.8062 -0.1599 -0.5696
vn -0.9213 -0.1193 -0.3702
vn -0.9643 -0.1175 -0.2372
vn -0.9650 -0.0366 -0.2598
vn -0.9618 0.0051 -0.2738
vn -0.5831 -0.1158 -0.8041
vn -0.6124 -0.1560 -0.7750
vn -0.6614 -0.1551 -0.7338
vn -0.6471 -0.1212 -0.7527
vn -0.6670 -0.2132 -0.7138
vn -0.6951 -0.2346 -0.6796
vn -0.7422 -0.2018 -0.6391
vn -0.7369 -0.1359 -0.6622
vn -0.7441 -0.0886 -0.6622
vn 0.1686 -0.9791 -0.1139
vn 0.2480 -0.9668 0.0614
vn 0.0695 -0.9918 0.1072
vn 0.0609 -0.9899 -0.1281
vn 0.3128 -0.8818 0.3529
vn 0.0935 -0.9281 0.3603
vn -0.0574 -0.9307 0.3612
vn -0.0675 -0.9902 0.1222
vn -0.0635 -0.9907 -0.1201
vn 0.2457 -0.6245 0.7414
vn 0.1276 -0.6370 0.7602
vn 0.1063 -0.8004 0.5900
vn 0.2997 -0.7275 0.6172
vn -0.0149 -0.6563 0.7543
vn -0.0408 -0.8155 0.5773
vn -0.2587 -0.6697 0.6961
vn -0.3204 -0.7531 0.5746
vn -0.1734 -0.8078 0.5634
vn -0.1502 -0.6698 0.7272
vn -0.3542 -0.8644 0.3570
vn -0.1963 -0.9124 0.3592
vn -0.2733 -0.9608 -0.0473
vn -0.1832 -0.9793 -0.0862
vn -0.1913 -0.9728 0.1307
vn -0.3310 -0.9358 0.1215
vn 0.8895 -0.0953 0.4470
vn 0.8109 -0.1070 0.5753
vn 0.9508 -0.0821 0.2989
vn 0.9521 -0.0653 0.2987
vn 0.8905 -0.0833 0.4472
vn 0.8107 -0.1019 0.5766
vn 0.9968 -0.0574 -0.0549
vn 0.9888 -0.0699 0.1319
vn 0.9980 -0.0365 -0.0513
vn 0.9901 -0.0488 0.1317
vn 0.9921 -0.0117 0.1250
vn 0.9983 0.0052 -0.0578
vn 0.9555 -0.0320 0.2933
vn 0.8143 -0.0814 0.5748
vn 0.8947 -0.0559 0.4432
vn 0.9711 -0.0557 -0.2323
vn 0.9244 -0.0657 -0.3757
vn 0.9375 -0.0404 -0.3456
vn 0.9750 -0.0289 -0.2202
vn 0.8622 -0.2122 -0.4600
vn 0.8786 -0.1193 -0.4624
vn 0.8946 -0.1022 -0.4351
vn 0.9109 -0.0703 -0.4066
vn 0.9093 0.0123 -0.4159
vn 0.9019 0.0001 -0.4319
vn 0.9398 0.0172 -0.3414
vn 0.9739 0.0163 -0.2265
vn -0.9024 0.0563 0.4273
vn -0.9898 0.1008 0.1010
vn -0.7600 0.0116 0.6498
vn -0.7979 0.0430 0.6013
vn -0.9282 0.0756 0.3644
vn -0.9925 0.0787 0.0936
vn -0.4126 -0.0326 0.9103
vn -0.5985 -0.0119 0.8010
vn -0.4488 -0.0221 0.8934
vn -0.6322 0.0090 0.7748
vn -0.6699 0.0415 0.7413
vn -0.4850 -0.0001 0.8745
vn -0.8274 0.0768 0.5563
vn -0.9928 0.0972 0.0699
vn -0.9393 0.0946 0.3297
vn -0.2269 -0.0527 0.9725
vn -0.0377 -0.0751 0.9965
vn -0.0693 -0.0884 0.9937
vn -0.2553 -0.0558 0.9653
vn 0.3310 -0.1131 0.9368
vn 0.1457 -0.0958 0.9847
vn 0.3106 -0.1335 0.9411
vn 0.1212 -0.1177 0.9856
vn 0.0915 -0.1197 0.9886
vn 0.2922 -0.1407 0.9460
vn -0.1006 -0.0869 0.9911
vn -0.2942 -0.0436 0.9547
vn 0.4924 -0.1187 0.8622
vn 0.6175 -0.1206 0.7773
vn 0.6109 -0.1312 0.7807
vn 0.4794 -0.1393 0.8665
vn 0.7211 -0.1151 0.6832
vn 0.7173 -0.1193 0.6864
vn 0.7191 -0.1059 0.6868
vn 0.6073 -0.1278 0.7841
vn 0.4700 -0.1384 0.8717
vn 0.8843 -0.0015 -0.4669
vn 0.8833 -0.1398 -0.4475
vn 0.8291 -0.1470 -0.5394
vn 0.8362 -0.0012 -0.5485
vn 0.8179 -0.2689 -0.5087
vn 0.7627 -0.3299 -0.5563
vn 0.5918 -0.3236 -0.7383
vn 0.6935 -0.3234 -0.6437
vn 0.6098 -0.1439 -0.7794
vn 0.7428 -0.1552 -0.6513
vn 0.7372 0.0025 -0.6757
vn 0.5992 0.0015 -0.8006
vn -0.7981 0.1410 -0.5858
vn -0.7580 0.1690 -0.6300
vn -0.7862 0.1379 -0.6025
vn -0.8233 0.1329 -0.5518
vn -0.7372 0.1735 -0.6530
vn -0.7573 0.1451 -0.6367
vn -0.7745 0.1073 -0.6234
vn -0.8045 0.1062 -0.5844
vn -0.8373 0.1056 -0.5365
vn 0.4726 -0.3197 -0.8213
vn 0.3354 -0.3520 -0.8739
vn 0.3176 -0.1554 -0.9354
vn 0.4684 -0.1428 -0.8719
vn -0.1155 -0.4051 -0.9069
vn 0.1563 -0.3911 -0.9070
vn -0.1445 -0.1733 -0.9742
vn 0.1320 -0.1731 -0.9760
vn 0.1036 0.0031 -0.9946
vn -0.1634 0.0143 -0.9865
vn 0.2946 -0.0017 -0.9556
vn 0.4465 -0.0008 -0.8948
vn -0.4430 0.0251 -0.8962
vn -0.4374 -0.1465 -0.8872
vn -0.6328 -0.0939 -0.7686
vn -0.6350 0.0362 -0.7717
vn -0.4110 -0.3595 -0.8378
vn -0.6144 -0.2657 -0.7429
vn -0.7249 -0.1764 -0.6659
vn -0.7407 -0.0485 -0.6701
vn -0.7345 0.0380 -0.6775
vn -0.9096 -0.0089 -0.4154
vn -0.9487 0.0276 -0.3149
vn -0.9545 0.0296 -0.2966
vn -0.9213 0.0021 -0.3888
vn -0.9851 0.0630 -0.1603
vn -0.9873 0.0627 -0.1458
vn -0.9865 0.0734 -0.1467
vn -0.9558 0.0525 -0.2894
vn -0.9201 0.0361 -0.3901
vn -0.4329 0.7613 0.4828
vn -0.3016 0.8182 0.4894
vn -0.4217 0.7638 0.4887
vn -0.3083 0.8078 0.5024
vn -0.1790 0.8559 0.4852
vn -0.1615 0.8641 0.4767
vn -0.3229 0.7920 0.5182
vn -0.4219 0.7428 0.5199
vn -0.1988 0.8412 0.5028
vn 0.1070 0.8929 0.4374
vn -0.0542 0.8781 0.4753
vn 0.1079 0.9034 0.4150
vn -0.0366 0.8912 0.4521
vn -0.0226 0.8957 0.4441
vn 0.1129 0.9084 0.4026
vn 0.2411 0.9000 0.3631
vn 0.2443 0.8949 0.3734
vn 0.3662 0.8714 0.3266
vn 0.3637 0.8763 0.3159
vn 0.2556 0.8816 0.3969
vn 0.3760 0.8577 0.3506
vn 0.6005 0.7756 0.1944
vn 0.4827 0.8277 0.2861
vn 0.6009 0.7774 0.1856
vn 0.4835 0.8345 0.2644
vn 0.4828 0.8374 0.2562
vn 0.6033 0.7767 0.1809
vn 0.7073 0.6997 0.1011
vn 0.7057 0.7007 0.1047
vn 0.7870 0.6161 0.0329
vn 0.7863 0.6173 0.0265
vn 0.7121 0.6935 0.1097
vn 0.7905 0.6112 0.0387
vn 0.8493 0.5268 -0.0332
vn 0.8523 0.5216 -0.0399
vn 0.8524 0.5201 -0.0544
vn 0.5990 -0.6100 -0.5187
vn 0.6081 -0.6100 -0.5080
vn 0.5457 -0.6817 -0.4873
vn 0.6579 -0.5433 -0.5215
vn 0.6715 -0.5287 -0.5193
vn 0.6824 -0.5339 -0.4993
vn 0.6123 -0.6265 -0.4823
vn 0.5277 -0.7280 -0.4377
vn 0.7360 -0.4435 -0.5115
vn 0.7197 -0.4626 -0.5177
vn 0.7528 -0.4265 -0.5014
vn 0.7854 -0.4144 -0.4598
vn 0.7711 -0.4197 -0.4788
vn 0.6810 -0.5779 -0.4497
vn 0.6788 -0.5535 -0.4827
vn 0.4870 -0.7923 -0.3676
vn 0.5849 -0.6849 -0.4345
vn 0.5161 -0.7539 -0.4065
vn 0.5586 -0.4210 -0.7147
vn 0.5101 -0.5119 -0.6912
vn 0.6750 -0.4071 -0.6154
vn 0.6156 -0.5013 -0.6081
vn 0.5631 -0.5745 -0.5940
vn 0.4648 -0.5852 -0.6644
vn 0.6873 -0.4835 -0.5421
vn 0.7483 -0.3900 -0.5367
vn 0.6273 -0.5597 -0.5415
vn 0.5757 -0.6205 -0.5325
vn 0.5159 -0.6305 -0.5799
vn 0.4302 -0.6369 -0.6397
vn 0.9206 0.1485 -0.3611
vn 0.8826 -0.0660 -0.4655
vn 0.8180 -0.1126 -0.5641
vn 0.8848 0.1187 -0.4506
vn 0.8165 -0.2588 -0.5161
vn 0.7386 -0.2780 -0.6142
vn 0.4532 -0.3355 -0.8259
vn 0.6194 -0.3072 -0.7225
vn 0.5168 -0.2438 -0.8207
vn 0.6825 -0.1758 -0.7094
vn 0.8011 -0.0107 -0.5984
vn 0.5719 -0.1803 -0.8003
vn -0.0320 -0.4027 -0.9148
vn 0.1841 -0.3634 -0.9133
vn 0.1592 -0.3479 -0.9239
vn -0.0416 -0.3802 -0.9240
vn 0.3828 -0.2730 -0.8826
vn 0.3254 -0.3028 -0.8958
vn 0.2987 -0.3573 -0.8849
vn 0.1347 -0.3777 -0.9161
vn -0.0460 -0.3817 -0.9231
vn -0.4486 -0.4166 -0.7907
vn -0.4226 -0.4802 -0.7686
vn -0.5617 -0.4547 -0.6912
vn -0.5905 -0.3878 -0.7078
vn -0.3355 -0.6584 -0.6737
vn -0.3877 -0.5581 -0.7336
vn -0.4643 -0.6232 -0.6293
vn -0.5228 -0.5310 -0.6668
vn -0.6551 -0.5681 -0.4981
vn -0.7045 -0.4954 -0.5082
vn -0.6233 -0.5096 -0.5932
vn -0.5712 -0.5901 -0.5706
vn -0.7455 -0.4227 -0.5153
vn -0.6633 -0.4360 -0.6083
vn -0.6963 -0.3648 -0.6182
vn -0.7818 -0.3460 -0.5188
vn -0.8728 -0.4782 -0.0980
vn -0.8596 -0.4807 -0.1734
vn -0.8067 -0.5617 -0.1837
vn -0.9188 -0.3871 -0.0769
vn -0.9061 -0.3928 -0.1574
vn -0.8737 -0.4025 -0.2732
vn -0.8277 -0.4835 -0.2849
vn -0.7783 -0.5589 -0.2860
vn -0.9461 -0.2966 -0.1303
vn -0.9573 -0.2847 -0.0499
vn -0.9153 -0.3111 -0.2558
vn -0.8590 -0.3279 -0.3932
vn -0.8171 -0.4124 -0.4029
vn -0.7271 -0.5579 -0.4002
vn -0.7739 -0.4883 -0.4033
vn -0.9834 -0.1690 0.0656
vn -0.9549 -0.2951 0.0343
vn -0.9533 -0.3012 0.0246
vn -0.9843 -0.1684 0.0520
vn -0.9580 -0.2860 0.0209
vn -0.9152 -0.4030 0.0043
vn -0.9015 -0.4328 0.0055
vn -0.8879 -0.4600 -0.0037
vn -0.9590 -0.2832 -0.0050
vn -0.9856 -0.1671 0.0256
vn -0.9225 -0.3849 -0.0292
vn -0.8727 -0.4862 -0.0449
vn -0.8616 -0.5075 -0.0024
vn -0.7543 -0.6554 -0.0379
vn -0.8204 -0.5716 0.0146
vn -0.9282 0.3188 0.1920
vn -0.8303 0.4897 0.2660
vn -0.9826 0.1404 0.1217
vn -0.9791 0.1443 0.1436
vn -0.9183 0.3371 0.2076
vn -0.8156 0.5061 0.2805
vn -0.9973 -0.0305 0.0667
vn -0.9955 -0.0276 0.0904
vn -0.9939 -0.0281 0.1066
vn -0.9759 0.1489 0.1595
vn -0.7978 0.5251 0.2963
vn -0.9118 0.3424 0.2265
vn -0.7261 0.6003 0.3353
vn -0.6995 0.6249 0.3466
vn -0.6057 0.6843 0.4060
vn -0.6329 0.6659 0.3950
vn -0.6785 0.6376 0.3649
vn -0.5796 0.6953 0.4249
vn -0.4980 0.7227 0.4792
vn -0.5204 0.7210 0.4575
vn -0.5398 0.7149 0.4444
vn -0.5197 0.6286 0.5785
vn -0.3129 0.7299 0.6077
vn -0.4752 0.6082 0.6358
vn -0.2721 0.7050 0.6549
vn -0.1114 0.7353 0.6686
vn -0.1387 0.7671 0.6263
vn -0.2388 0.6394 0.7308
vn -0.4021 0.5627 0.7223
vn -0.0830 0.6659 0.7414
vn 0.3011 0.5814 0.7559
vn 0.0843 0.6540 0.7518
vn 0.3264 0.6712 0.6656
vn 0.0706 0.7322 0.6774
vn 0.0464 0.7702 0.6361
vn 0.3275 0.7180 0.6142
vn 0.2396 0.7835 0.5733
vn 0.2468 0.7561 0.6061
vn 0.3808 0.7497 0.5412
vn 0.3779 0.7737 0.5085
vn 0.2728 0.6920 0.6684
vn 0.3966 0.6898 0.6057
vn 0.5124 0.6584 0.5513
vn 0.5014 0.7170 0.4843
vn 0.5037 0.7398 0.4461
vn 0.5138 0.6695 0.5364
vn 0.6692 0.6575 0.3462
vn 0.5100 0.6328 0.5826
vn 0.6534 0.6362 0.4102
vn 0.7471 0.6019 0.2821
vn 0.7442 0.6311 0.2189
vn 0.6700 0.5605 0.4867
vn 0.5358 0.5436 0.6460
vn 0.7573 0.5375 0.3710
vn 0.8330 0.4794 0.2762
vn 0.8153 0.5490 0.1841
vn 0.8125 0.5720 0.1125
vn 0.3325 -0.8641 -0.3778
vn 0.6609 -0.6653 -0.3473
vn 0.7734 -0.5560 -0.3045
vn 0.6754 -0.6344 -0.3760
vn 0.8025 -0.4979 -0.3287
vn 0.8702 -0.4271 -0.2456
vn 0.9221 -0.3674 -0.1215
vn 0.8872 -0.4336 -0.1576
vn 0.8339 -0.5188 -0.1883
vn 0.9241 -0.3126 -0.2197
vn 0.8914 -0.3432 -0.2959
vn 0.9556 -0.2811 -0.0884
vn 0.9109 -0.2516 0.3270
vn 0.9602 -0.2642 0.0909
vn 0.8941 -0.3111 0.3220
vn 0.9436 -0.3219 0.0771
vn 0.8421 -0.4395 0.3126
vn 0.8931 -0.4478 0.0420
vn 0.9202 -0.3871 0.0589
vn 0.8750 -0.3667 0.3162
vn 0.8814 -0.2443 -0.4044
vn 0.8075 -0.4062 -0.4278
vn 0.9000 -0.2290 -0.3710
vn 0.8304 -0.3929 -0.3950
vn 0.7070 -0.5840 -0.3989
vn 0.6817 -0.5936 -0.4276
vn 0.8582 -0.3713 -0.3545
vn 0.9199 -0.2150 -0.3280
vn 0.7488 -0.5517 -0.3673
vn 0.2131 -0.9209 -0.3263
vn 0.5460 -0.7519 -0.3694
vn 0.2109 -0.9371 -0.2783
vn 0.4939 -0.7900 -0.3633
vn 0.5023 -0.7829 -0.3672
vn 0.2319 -0.9416 -0.2442
vn 0.9336 0.3195 -0.1624
vn 0.9618 0.1336 -0.2388
vn 0.9546 0.1269 -0.2694
vn 0.9301 0.3164 -0.1864
vn 0.9541 -0.0558 -0.2943
vn 0.9416 -0.0626 -0.3309
vn 0.9294 -0.0808 -0.3602
vn 0.9503 0.1143 -0.2897
vn 0.9328 0.2988 -0.2016
vn 0.1370 -0.8024 -0.5809
vn 0.0179 -0.8230 -0.5678
vn 0.0929 -0.8507 -0.5174
vn -0.0198 -0.8506 -0.5254
vn -0.0714 -0.8605 -0.5045
vn -0.0572 -0.8487 -0.5257
vn 0.0041 -0.9304 -0.3665
vn -0.0395 -0.9265 -0.3743
vn -0.0361 -0.8890 -0.4564
vn 0.0356 -0.9041 -0.4259
vn -0.0734 -0.9163 -0.3936
vn -0.0841 -0.8848 -0.4583
vn -0.0975 -0.8847 -0.4558
vn -0.0916 -0.9089 -0.4068
vn -0.0980 -0.8706 -0.4822
vn -0.0852 -0.8668 -0.4913
vn 0.2280 -0.9680 -0.1047
vn 0.2300 -0.9606 -0.1558
vn 0.3116 -0.9303 -0.1937
vn 0.3172 -0.9166 -0.2434
vn 0.3603 -0.8789 -0.3127
vn 0.2588 -0.9446 -0.2018
vn 0.3842 -0.8642 -0.3248
vn 0.3813 -0.8852 -0.2664
vn 0.4241 -0.8183 -0.3879
vn 0.4783 -0.7593 -0.4412
vn 0.4432 -0.8106 -0.3828
vn 0.3394 -0.8969 -0.2834
vn 0.2931 -0.9490 -0.1159
vn 0.2871 -0.9543 -0.0831
vn 0.3674 -0.9105 -0.1896
vn 0.3443 -0.9288 -0.1372
vn 0.3040 -0.9487 -0.0867
vn 0.2759 -0.9607 -0.0312
vn 0.3763 -0.9019 -0.2122
vn 0.4252 -0.8665 -0.2616
vn 0.3179 -0.9385 -0.1348
vn 0.1777 -0.9841 -0.0027
vn 0.2515 -0.9653 -0.0698
vn 0.2152 -0.9764 0.0178
vn 0.2561 -0.9664 -0.0215
vn 0.2574 -0.9663 0.0019
vn 0.2367 -0.9707 0.0420
vn 0.2817 -0.8034 -0.5245
vn 0.3909 -0.8148 -0.4281
vn 0.3212 -0.8806 -0.3484
vn 0.2230 -0.8624 -0.4544
vn 0.4324 -0.8406 -0.3263
vn 0.3724 -0.8947 -0.2465
vn 0.1680 -0.9774 -0.1285
vn 0.2719 -0.9466 -0.1735
vn 0.1166 -0.9709 -0.2090
vn 0.2239 -0.9394 -0.2596
vn 0.1416 -0.9211 -0.3627
vn 0.0479 -0.9530 -0.2991
vn 0.1074 -0.9931 0.0464
vn 0.1677 -0.9840 0.0608
vn 0.1639 -0.9848 0.0576
vn 0.1012 -0.9939 0.0437
vn 0.2291 -0.9707 0.0718
vn 0.2186 -0.9735 0.0670
vn 0.2256 -0.9725 0.0581
vn 0.1762 -0.9831 0.0505
vn 0.1329 -0.9907 0.0306
vn -0.5124 -0.7814 -0.3562
vn -0.5571 -0.7461 -0.3647
vn -0.4660 -0.7508 -0.4681
vn -0.5540 -0.8024 -0.2220
vn -0.6065 -0.7558 -0.2467
vn -0.6632 -0.6998 -0.2655
vn -0.6171 -0.6884 -0.3812
vn -0.5292 -0.7039 -0.4738
vn -0.6058 -0.7828 -0.1424
vn -0.5516 -0.8263 -0.1141
vn -0.6763 -0.7174 -0.1675
vn -0.7443 -0.6433 -0.1795
vn -0.7245 -0.6290 -0.2817
vn -0.5983 -0.6369 -0.4862
vn -0.6731 -0.6275 -0.3914
vn -0.2574 -0.9661 0.0220
vn -0.2626 -0.9645 -0.0291
vn -0.3514 -0.9362 0.0020
vn -0.3768 -0.9252 -0.0441
vn -0.3844 -0.9109 -0.1502
vn -0.2612 -0.9585 -0.1143
vn -0.4807 -0.8730 -0.0823
vn -0.4479 -0.8938 -0.0235
vn -0.4939 -0.8481 -0.1918
vn -0.4520 -0.8290 -0.3292
vn -0.3568 -0.8894 -0.2858
vn -0.2404 -0.9415 -0.2363
vn -0.2420 -0.9647 0.1043
vn -0.3275 -0.9427 0.0638
vn -0.2680 -0.9599 0.0817
vn -0.2018 -0.9704 0.1327
vn -0.3977 -0.9174 0.0108
vn -0.3167 -0.9476 0.0410
vn -0.1930 -0.9800 0.0493
vn -0.2446 -0.9683 0.0504
vn -0.1913 -0.9770 0.0943
vn -0.2182 -0.9705 0.1022
vn -0.1873 -0.9716 0.1449
vn -0.1823 -0.9712 0.1534
vn -0.4979 -0.6732 -0.5467
vn -0.3874 -0.7182 -0.5781
vn -0.3040 -0.7911 -0.5308
vn -0.4190 -0.7415 -0.5241
vn -0.2678 -0.7576 -0.5953
vn -0.1960 -0.8320 -0.5189
vn -0.1476 -0.8683 -0.4736
vn -0.2270 -0.8360 -0.4995
vn -0.3431 -0.7908 -0.5068
vn -0.0840 -0.9927 -0.0865
vn -0.0861 -0.9960 -0.0242
vn -0.1351 -0.9905 0.0246
vn -0.1266 -0.9911 -0.0401
vn -0.0869 -0.9953 0.0430
vn -0.1434 -0.9858 0.0870
vn -0.1748 -0.9763 0.1279
vn -0.1691 -0.9832 0.0691
vn -0.1582 -0.9873 0.0111
vn 0.0664 -0.9974 0.0265
vn 0.0533 -0.9985 0.0124
vn 0.0396 -0.9992 -0.0045
vn 0.0564 -0.9979 0.0306
vn 0.1098 -0.9929 -0.0447
vn 0.0889 -0.9960 -0.0038
vn 0.0230 -0.9986 -0.0469
vn 0.0234 -0.9992 -0.0339
vn 0.0023 -1.0000 -0.0015
vn -0.0463 -0.9989 -0.0027
vn 0.0243 -0.9997 -0.0008
vn 0.0384 -0.9987 0.0346
vn -0.0728 -0.9361 -0.3442
vn -0.0535 -0.9460 -0.3197
vn -0.0179 -0.9681 -0.2499
vn -0.0505 -0.9570 -0.2858
vn -0.0103 -0.9544 -0.2982
vn 0.0297 -0.9763 -0.2145
vn 0.0816 -0.9861 -0.1445
vn 0.0216 -0.9818 -0.1889
vn -0.0207 -0.9745 -0.2233
vn -0.5496 -0.8129 -0.1927
vn -0.8344 -0.5510 0.0093
vn -0.7513 -0.6545 -0.0851
vn -0.4225 -0.8792 -0.2202
vn -0.9214 -0.3769 0.0948
vn -0.9020 -0.4313 0.0219
vn -0.8847 -0.4659 -0.0182
vn -0.7110 -0.6969 -0.0938
vn -0.4218 -0.8932 -0.1560
vn -0.9618 -0.2589 0.0885
vn -0.9588 -0.2299 0.1670
vn -0.9584 -0.2818 0.0449
vn -0.9553 -0.2945 0.0262
vn -0.8778 -0.4782 -0.0287
vn -0.4468 -0.8907 -0.0835
vn -0.7258 -0.6853 -0.0598
vn -0.8145 -0.0901 0.5732
vn -0.8155 -0.1683 0.5538
vn -0.6724 -0.1661 0.7213
vn -0.8993 -0.0911 0.4277
vn -0.8991 -0.1772 0.4002
vn -0.8955 -0.2578 0.3627
vn -0.8134 -0.2228 0.5373
vn -0.6673 -0.2189 0.7119
vn -0.9423 -0.2032 0.2662
vn -0.9460 -0.0960 0.3097
vn -0.9257 -0.3068 0.2211
vn -0.8542 -0.5196 0.0202
vn -0.8902 -0.4367 0.1298
vn -0.8775 -0.3852 0.2858
vn -0.8923 -0.3138 0.3246
vn -0.6500 -0.2901 0.7024
vn -0.6613 -0.2573 0.7046
vn -0.8086 -0.2738 0.5208
vn -0.8048 -0.3081 0.5074
vn -0.8248 0.3323 0.4575
vn -0.6978 0.4932 0.5194
vn -0.9006 0.1699 0.4001
vn -0.8567 0.1502 0.4935
vn -0.7860 0.3082 0.5359
vn -0.6705 0.4552 0.5858
vn -0.9365 0.0218 0.3499
vn -0.8882 0.0185 0.4590
vn -0.8067 0.0053 0.5910
vn -0.7812 0.1284 0.6109
vn -0.6246 0.4061 0.6671
vn -0.7248 0.2698 0.6339
vn -0.5596 0.5949 0.5770
vn -0.5348 0.5574 0.6351
vn -0.4129 0.6049 0.6809
vn -0.4238 0.6480 0.6328
vn -0.5191 0.4838 0.7046
vn -0.4024 0.5290 0.7472
vn -0.0845 0.5111 0.8554
vn -0.2690 0.5437 0.7950
vn -0.0406 0.6076 0.7932
vn -0.2595 0.6279 0.7337
vn -0.2756 0.6674 0.6918
vn -0.0330 0.6525 0.7570
vn -0.2612 -0.9626 0.0713
vn -0.0886 -0.8978 0.4315
vn -0.2280 -0.9719 -0.0581
vn -0.2713 -0.9569 -0.1039
vn -0.4689 -0.8824 0.0397
vn -0.5839 -0.7486 0.3140
vn -0.0397 -0.9893 -0.1401
vn -0.0676 -0.9808 -0.1828
vn -0.0791 -0.9456 -0.3157
vn -0.0757 -0.9682 -0.2385
vn -0.3455 -0.9006 -0.2638
vn -0.3161 -0.9334 -0.1697
vn -0.8731 -0.4721 0.1216
vn -0.8149 -0.5578 0.1574
vn -0.5676 -0.8203 -0.0697
vn -0.6036 -0.7794 -0.1681
vn -0.1011 -0.9614 -0.2559
vn -0.0924 -0.9394 -0.3300
vn -0.1153 -0.9739 -0.1954
vn 0.0927 -0.9763 -0.1957
vn 0.1329 -0.9552 -0.2644
vn 0.1609 -0.9194 -0.3588
vn -0.1592 -0.9846 -0.0720
vn -0.1388 -0.9816 -0.1315
vn 0.0072 -0.9962 -0.0871
vn 0.0623 -0.9871 -0.1473
vn 0.1142 -0.9266 0.3582
vn 0.1453 -0.9884 -0.0452
vn 0.0862 -0.9947 -0.0554
vn 0.4719 -0.8761 0.0989
vn 0.2839 -0.9506 -0.1254
vn 0.7641 -0.6160 -0.1914
vn 0.4028 -0.8473 -0.3462
vn 0.3578 -0.9023 -0.2406
vn 0.6631 -0.7389 -0.1198
vn 0.4237 -0.0357 0.9051
vn 0.3780 0.0931 0.9211
vn 0.6558 0.0167 0.7547
vn 0.5906 0.1612 0.7907
vn 0.4618 0.3381 0.8200
vn 0.2891 0.2513 0.9237
vn 0.7056 0.2056 0.6782
vn 0.7797 0.0540 0.6238
vn 0.5434 0.3894 0.7437
vn 0.2776 0.5607 0.7801
vn 0.2415 0.5059 0.8281
vn 0.1198 0.4148 0.9020
vn 0.8798 -0.4222 0.2184
vn 0.8995 -0.3077 0.3102
vn 0.9321 -0.3519 0.0857
vn 0.8933 -0.2271 0.3879
vn 0.8506 -0.2005 0.4861
vn 0.7362 -0.1887 0.6499
vn 0.7925 -0.2417 0.5600
vn 0.8245 -0.3223 0.4652
vn 0.8209 -0.0755 0.5660
vn 0.8613 -0.0758 0.5024
vn 0.6897 -0.0961 0.7177
vn 0.1575 -0.1556 0.9752
vn 0.4612 -0.1293 0.8778
vn 0.1766 -0.2129 0.9610
vn 0.4904 -0.1921 0.8501
vn 0.1877 -0.2857 0.9398
vn 0.5571 -0.2814 0.7813
vn 0.5234 -0.2525 0.8138
vn 0.1898 -0.2506 0.9493
vn -0.1863 -0.2658 0.9459
vn -0.8311 -0.2165 0.5123
vn 0.6265 -0.1664 0.7614
vn 0.6680 -0.3759 0.6423
vn -0.0756 -0.4602 0.8846
vn -0.7420 -0.3610 0.5648
vn 0.8408 -0.0904 0.5337
vn 0.8587 -0.2865 0.4249
vn 0.8433 -0.4976 0.2031
vn 0.6279 -0.6492 0.4292
vn -0.5702 -0.6028 0.5581
vn 0.0770 -0.7454 0.6621
vn -0.4919 -0.1707 0.8538
vn -0.4846 -0.2188 0.8470
vn -0.3005 -0.2191 0.9283
vn -0.3085 -0.1720 0.9356
vn -0.4695 -0.2898 0.8340
vn -0.4773 -0.2561 0.8406
vn -0.2928 -0.2881 0.9117
vn -0.2945 -0.2569 0.9205
vn -0.0916 -0.2552 0.9625
vn -0.0922 -0.2860 0.9538
vn -0.0958 -0.2174 0.9714
vn -0.1072 -0.1701 0.9796
vn -0.8587 -0.4827 0.1723
vn -0.8291 -0.5415 0.1389
vn -0.9218 -0.3136 0.2279
vn -0.9193 -0.3362 0.2045
vn -0.9166 -0.3269 0.2301
vn -0.8006 -0.5613 0.2097
vn -0.9532 -0.1915 0.2338
vn -0.9449 -0.1869 0.2687
vn -0.9531 -0.1937 0.2325
vn -0.9366 -0.1928 0.2926
vn -0.9004 -0.3111 0.3042
vn -0.7742 -0.5369 0.3352
vn -0.7441 -0.0906 0.6619
vn -0.7434 -0.1759 0.6453
vn -0.5072 -0.1758 0.8437
vn -0.8687 -0.0834 0.4882
vn -0.8660 -0.1747 0.4686
vn -0.8600 -0.2567 0.4411
vn -0.7376 -0.2368 0.6324
vn -0.5036 -0.2277 0.8334
vn -0.9226 -0.1810 0.3408
vn -0.9265 -0.0797 0.3678
vn -0.9069 -0.2826 0.3127
vn -0.8613 -0.4840 0.1545
vn -0.8839 -0.3995 0.2432
vn -0.8405 -0.3852 0.3810
vn -0.8548 -0.3156 0.4120
vn -0.4878 -0.2851 0.8251
vn -0.4982 -0.2651 0.8256
vn -0.7306 -0.2877 0.6192
vn -0.7247 -0.3181 0.6112
vn -0.7292 0.4365 0.5270
vn -0.8587 0.2250 0.4604
vn -0.8021 0.2188 0.5557
vn -0.6749 0.4297 0.5999
vn -0.9136 0.0438 0.4043
vn -0.8559 0.0439 0.5153
vn -0.7341 0.0290 0.6784
vn -0.6881 0.2019 0.6969
vn -0.5767 0.3993 0.7127
vn -0.2169 -0.1689 0.9615
vn -0.2150 -0.2107 0.9536
vn 0.0380 -0.1978 0.9795
vn 0.0366 -0.1629 0.9860
vn -0.2114 -0.2586 0.9426
vn -0.2134 -0.2397 0.9471
vn 0.0352 -0.2341 0.9716
vn 0.0380 -0.2211 0.9745
vn 0.5284 -0.2151 0.8213
vn 0.5302 -0.2111 0.8212
vn 0.2731 -0.2120 0.9383
vn 0.2714 -0.2187 0.9373
vn 0.5249 -0.1925 0.8291
vn 0.2730 -0.1916 0.9427
vn 0.2690 -0.1607 0.9497
vn 0.5191 -0.1563 0.8403
vn -0.1506 -0.1002 0.9835
vn 0.1672 -0.1115 0.9796
vn -0.1822 -0.1540 0.9711
vn 0.1409 -0.1603 0.9770
vn 0.3817 -0.1630 0.9098
vn 0.3996 -0.1109 0.9100
vn -0.2134 -0.2226 0.9513
vn 0.1039 -0.2409 0.9650
vn 0.1206 -0.2030 0.9717
vn -0.2078 -0.1926 0.9590
vn 0.3494 -0.2507 0.9028
vn 0.3644 -0.2056 0.9083
vn 0.7883 -0.2998 0.5374
vn 0.8013 -0.2581 0.5398
vn 0.5864 -0.2225 0.7789
vn 0.5726 -0.2657 0.7756
vn 0.8060 -0.2147 0.5517
vn 0.5976 -0.1751 0.7824
vn 0.6057 -0.1260 0.7857
vn 0.8091 -0.1542 0.5671
vn 0.5001 -0.7854 -0.3648
vn 0.7970 -0.5486 -0.2527
vn 0.8671 -0.4555 -0.2014
vn 0.7956 -0.5288 -0.2957
vn 0.9028 -0.3816 -0.1982
vn 0.9328 -0.3406 -0.1178
vn 0.9543 -0.2979 0.0226
vn 0.9339 -0.3567 -0.0250
vn 0.9011 -0.4281 -0.0691
vn 0.9700 -0.2319 -0.0731
vn 0.9584 -0.2486 -0.1403
vn 0.9748 -0.2116 0.0709
vn 0.9388 -0.1899 0.2875
vn 0.9319 -0.2519 0.2610
vn 0.9144 -0.3455 0.2111
vn 0.9223 -0.3083 0.2331
vn 0.9799 -0.1819 -0.0820
vn 0.9522 -0.2815 -0.1182
vn 0.9408 -0.3178 0.1179
vn 0.9801 -0.1596 -0.1183
vn 0.9464 -0.2733 -0.1719
vn 0.8904 -0.4142 -0.1885
vn 0.9030 -0.4137 -0.1158
vn 0.8519 -0.4811 0.2067
vn 0.9501 -0.2617 -0.1695
vn 0.9829 -0.1412 -0.1180
vn 0.8852 -0.4126 -0.2150
vn 0.4523 -0.8382 -0.3048
vn 0.7515 -0.6036 -0.2661
vn 0.4875 -0.8541 -0.1814
vn 0.7529 -0.6308 -0.1879
vn 0.6640 -0.6947 0.2767
vn 0.7838 -0.6191 -0.0480
vn 0.5220 -0.8530 0.0033
vn 0.8521 0.4670 0.2362
vn 0.9679 0.2324 0.0955
vn 0.9750 0.1961 0.1041
vn 0.8539 0.4507 0.2601
vn 0.9994 0.0077 -0.0349
vn 0.9992 -0.0174 -0.0346
vn 0.9988 -0.0458 0.0167
vn 0.9744 0.1666 0.1509
vn 0.8572 0.4257 0.2899
vn -0.8272 -0.2680 0.4939
vn -0.8226 -0.3113 0.4758
vn -0.7601 -0.1103 0.6404
vn -0.7557 -0.1446 0.6388
vn -0.5758 -0.2481 0.7791
vn -0.6081 -0.4902 0.6244
vn -0.6759 0.0053 0.7370
vn -0.6731 0.0090 0.7395
vn -0.4988 -0.0840 0.8626
vn 0.4038 -0.3309 0.8529
vn 0.2251 -0.5146 0.8274
vn 0.0199 -0.7422 0.6698
vn -0.0550 -0.0096 0.9984
vn -0.1486 -0.1189 0.9817
vn 0.1929 -0.1843 0.9638
vn -0.3246 0.0701 0.9432
vn -0.4209 -0.0529 0.9056
vn -0.5136 -0.1433 0.8460
vn -0.2182 -0.1973 0.9557
vn 0.1381 -0.2620 0.9551
vn -0.5959 -0.0076 0.8030
vn -0.4862 0.1223 0.8653
vn -0.6778 -0.1176 0.7258
vn -0.8590 -0.2680 0.4363
vn -0.7772 -0.2050 0.5949
vn -0.6455 -0.3087 0.6986
vn -0.5956 -0.2055 0.7766
vn 0.0792 -0.4210 0.9036
vn 0.0962 -0.3314 0.9386
vn -0.2789 -0.2766 0.9196
vn -0.3185 -0.3547 0.8791
vn 0.2556 0.6209 0.7411
vn -0.0566 0.4749 0.8782
vn 0.0180 0.4142 0.9100
vn 0.2680 0.5638 0.7812
vn -0.3248 0.2871 0.9011
vn -0.1808 0.2307 0.9561
vn 0.0450 0.1387 0.9893
vn 0.1812 0.3090 0.9336
vn 0.3685 0.4650 0.8050
vn 0.4674 -0.2247 0.8550
vn 0.4305 -0.2917 0.8542
vn 0.6264 -0.3028 0.7183
vn 0.6543 -0.2388 0.7176
vn 0.3714 -0.4466 0.8140
vn 0.4001 -0.3622 0.8419
vn 0.5664 -0.4506 0.6900
vn 0.5977 -0.3684 0.7121
vn 0.7532 -0.3676 0.5454
vn 0.7182 -0.4458 0.5343
vn 0.7784 -0.3042 0.5492
vn 0.7990 -0.2469 0.5484
vn -0.1139 -0.9930 0.0312
vn -0.2727 -0.8992 0.3422
vn -0.0107 -0.9962 -0.0860
vn -0.0395 -0.9913 -0.1253
vn -0.2555 -0.9665 -0.0266
vn -0.5391 -0.8260 0.1645
vn 0.1849 -0.9801 -0.0729
vn 0.1846 -0.9690 -0.1644
vn 0.0922 -0.9371 -0.3366
vn 0.1377 -0.9573 -0.2542
vn -0.1465 -0.9452 -0.2918
vn -0.0918 -0.9765 -0.1951
vn -0.7777 -0.6280 -0.0269
vn -0.6751 -0.7375 0.0161
vn -0.3345 -0.9344 -0.1225
vn -0.3930 -0.8927 -0.2205
vn 0.7508 -0.0691 0.6569
vn 0.7407 0.0486 0.6701
vn 0.9025 -0.0291 0.4296
vn 0.8818 0.1025 0.4603
vn 0.8033 0.2914 0.5194
vn 0.6832 0.2243 0.6950
vn 0.9446 0.1366 0.2986
vn 0.9674 0.0034 0.2532
vn 0.8556 0.3343 0.3951
vn 0.6470 0.5583 0.5193
vn 0.6171 0.5073 0.6015
vn 0.5235 0.4325 0.7341
vn 0.9224 -0.3841 -0.0396
vn 0.9514 -0.2995 0.0720
vn 0.9318 -0.3579 -0.0604
vn 0.9762 -0.2141 0.0332
vn 0.9642 -0.2010 0.1727
vn 0.9094 -0.1919 0.3689
vn 0.9194 -0.2337 0.3164
vn 0.9224 -0.2823 0.2636
vn 0.9715 -0.1021 0.2141
vn 0.9912 -0.0923 0.0949
vn 0.9039 -0.1189 0.4110
vn 0.7567 -0.1411 0.6384
vn 0.7605 -0.1873 0.6218
vn 0.7852 -0.2251 0.5769
vn 0.7699 -0.2222 0.5983
vn 0.9761 -0.1264 0.1765
vn 0.2889 -0.2822 0.9148
vn 0.9950 -0.0939 0.0325
vn 0.9717 -0.2358 0.0155
vn 0.9452 -0.2772 0.1723
vn 0.2657 -0.5662 0.7803
vn 0.9955 -0.0885 0.0323
vn 0.9720 -0.2346 -0.0150
vn 0.8962 -0.4330 -0.0964
vn 0.8682 -0.4962 0.0008
vn 0.2265 -0.7786 0.5852
vn 0.7953 -0.5642 0.2217
vn -0.7116 -0.0171 0.7024
vn -0.5926 0.1373 0.7937
vn -0.8464 0.0231 0.5320
vn -0.7700 0.1456 0.6212
vn -0.5701 0.3552 0.7408
vn -0.3818 0.3461 0.8570
vn -0.7939 0.1712 0.5835
vn -0.8642 0.0457 0.5011
vn -0.6133 0.3867 0.6887
vn -0.3009 0.6142 0.7295
vn -0.2185 0.5934 0.7747
vn -0.0714 0.5804 0.8112
vn -0.8963 -0.3419 0.2824
vn -0.8781 -0.4133 0.2413
vn -0.9078 -0.1571 0.3888
vn -0.9058 -0.2024 0.3723
vn -0.8780 -0.2261 0.4219
vn -0.7846 -0.5144 0.3462
vn -0.8951 -0.0522 0.4427
vn -0.8834 -0.0372 0.4671
vn -0.8817 -0.0773 0.4654
vn -0.7552 -0.1344 0.6415
vn -0.7261 -0.3157 0.6108
vn -0.5447 -0.6282 0.5556
vn -0.4958 -0.0702 0.8656
vn -0.7246 -0.0409 0.6880
vn -0.7607 -0.1148 0.6388
vn -0.5269 -0.1262 0.8405
vn -0.8420 -0.0297 0.5386
vn -0.8655 -0.1283 0.4842
vn -0.9324 -0.2840 0.2235
vn -0.9011 -0.2272 0.3693
vn -0.8231 -0.2213 0.5230
vn -0.7983 -0.1588 0.5810
vn -0.5552 -0.1732 0.8135
vn -0.5803 -0.1941 0.7909
vn -0.1886 -0.9562 0.2240
vn -0.1721 -0.9524 0.2516
vn -0.1395 -0.9678 0.2096
vn -0.1529 -0.9772 0.1470
vn -0.0975 -0.9572 0.2725
vn -0.0818 -0.9618 0.2612
vn -0.0579 -0.9795 0.1929
vn -0.1066 -0.9858 0.1295
vn -0.0873 -0.9950 0.0489
vn 0.0362 -0.9984 -0.0429
vn -0.0122 -0.9989 -0.0458
vn -0.0124 -0.9998 -0.0129
vn 0.0429 -0.9975 -0.0559
vn -0.1768 -0.9842 0.0109
vn -0.1265 -0.9907 0.0498
vn -0.0889 -0.9939 0.0658
vn 0.0270 -0.9996 0.0007
vn 0.0656 -0.9961 -0.0596
vn 0.2971 -0.7977 0.5249
vn 0.1466 -0.8153 0.5602
vn 0.4005 -0.7932 0.4587
vn 0.4723 -0.6728 0.5694
vn 0.3321 -0.6784 0.6553
vn 0.1024 -0.6792 0.7268
vn 0.5467 -0.7997 0.2482
vn 0.4866 -0.7894 0.3742
vn 0.6907 -0.6654 0.2834
vn 0.5847 -0.6695 0.4582
vn 0.6658 -0.5455 0.5090
vn 0.7876 -0.5358 0.3045
vn 0.5234 -0.5574 0.6445
vn 0.0790 -0.5361 0.8405
vn 0.3546 -0.5512 0.7552
vn -0.4830 -0.8733 0.0644
vn -0.4765 -0.8515 -0.2190
vn -0.3463 -0.8745 0.3395
vn -0.5336 -0.6873 0.4929
vn -0.7215 -0.6811 0.1247
vn -0.6754 -0.7128 -0.1889
vn -0.0939 -0.8502 0.5180
vn -0.2291 -0.6802 0.6963
vn -0.2971 -0.5010 0.8128
vn -0.6539 -0.4445 0.6123
vn -0.7934 -0.5903 -0.1485
vn -0.8210 -0.4967 0.2816
vn -0.6009 -0.7400 -0.3023
vn -0.3496 -0.8662 -0.3570
vn -0.3420 -0.8474 -0.4061
vn -0.5035 -0.7765 -0.3790
vn 0.1300 -0.9007 -0.4146
vn -0.1474 -0.9063 -0.3961
vn 0.1012 -0.9016 -0.4205
vn -0.1531 -0.8955 -0.4178
vn -0.1196 -0.9146 -0.3864
vn 0.0743 -0.9339 -0.3497
vn -0.2560 -0.8884 -0.3810
vn -0.3880 -0.8601 -0.3311
vn 0.5635 -0.8229 0.0728
vn 0.4884 -0.8658 -0.1089
vn 0.6418 -0.7493 -0.1635
vn 0.7253 -0.6861 0.0572
vn 0.3143 -0.9122 -0.2628
vn 0.4071 -0.8447 -0.3475
vn 0.5381 -0.7608 -0.3627
vn 0.7677 -0.6080 -0.2023
vn 0.8342 -0.5496 0.0454
vn 0.2701 -0.7170 0.6426
vn 0.0269 -0.6147 0.7883
vn 0.4693 -0.8282 0.3064
vn 0.6892 -0.6355 0.3480
vn 0.4568 -0.5276 0.7162
vn 0.1218 -0.4561 0.8816
vn 0.3535 -0.8801 -0.3170
vn 0.4751 -0.8780 -0.0584
vn 0.5167 -0.7607 -0.3930
vn 0.6922 -0.7112 -0.1227
vn 0.8349 -0.5495 -0.0315
vn 0.6085 -0.6842 -0.4019
vn 0.8284 -0.4130 0.3784
vn 0.1723 -0.3373 0.9255
vn 0.5349 -0.3738 0.7577
vn -0.1052 -0.3305 0.9379
vn -0.2901 -0.3379 0.8954
vn -0.2860 -0.4227 0.8600
vn -0.1245 -0.4304 0.8940
vn -0.6296 -0.3414 0.6979
vn -0.4552 -0.3347 0.8251
vn -0.5826 -0.4442 0.6806
vn -0.4277 -0.4297 0.7953
vn -0.3883 -0.5638 0.7289
vn -0.4929 -0.5978 0.6322
vn -0.2719 -0.5611 0.7819
vn -0.1417 -0.5693 0.8099
vn 0.3879 -0.7941 -0.4679
vn 0.3111 -0.8132 -0.4918
vn 0.1673 -0.8618 -0.4788
vn 0.1710 -0.8791 -0.4448
vn 0.2406 -0.8825 -0.4042
vn 0.1123 -0.9061 -0.4078
vn -0.2211 -0.9440 -0.2448
vn -0.0260 -0.9309 -0.3642
vn -0.2924 -0.8993 -0.3252
vn -0.0040 -0.8985 -0.4389
vn -0.0270 -0.9024 -0.4301
vn -0.3388 -0.8815 -0.3288
vn -0.4717 -0.8817 -0.0060
vn -0.5906 -0.7622 0.2650
vn -0.7437 -0.6160 0.2596
vn -0.6116 -0.7885 -0.0646
vn -0.5819 -0.6576 0.4785
vn -0.7071 -0.4987 0.5013
vn -0.7771 -0.3737 0.5064
vn -0.8478 -0.4623 0.2599
vn -0.7341 -0.6784 -0.0287
vn 0.1047 -0.6386 0.7624
vn -0.0770 -0.6527 0.7537
vn 0.2524 -0.6550 0.7122
vn 0.3028 -0.4645 0.8322
vn 0.1052 -0.4515 0.8861
vn -0.1635 -0.4412 0.8824
vn 0.5035 -0.7278 0.4656
vn 0.3889 -0.6800 0.6216
vn 0.6700 -0.5317 0.5181
vn 0.4814 -0.4923 0.7252
vn 0.5434 -0.3402 0.7675
vn 0.7574 -0.3748 0.5347
vn 0.3293 -0.3280 0.8854
vn -0.2069 -0.2871 0.9353
vn 0.1046 -0.3067 0.9460
vn -0.5038 -0.8610 0.0697
vn -0.3921 -0.9017 -0.1819
vn -0.4859 -0.7877 0.3787
vn -0.7048 -0.5543 0.4428
vn -0.7262 -0.6854 0.0544
vn -0.5586 -0.7984 -0.2249
vn -0.3123 -0.7072 0.6343
vn -0.4829 -0.4679 0.7402
vn -0.5606 -0.2790 0.7797
vn -0.8232 -0.3122 0.4742
vn -0.6419 -0.7327 -0.2261
vn -0.8571 -0.4989 0.1281
vn -0.4065 -0.8479 -0.3404
vn -0.1835 -0.9091 -0.3739
vn -0.1978 -0.8909 -0.4088
vn -0.3414 -0.8645 -0.3689
vn 0.2629 -0.8547 -0.4476
vn 0.0066 -0.9019 -0.4319
vn 0.2128 -0.8828 -0.4188
vn -0.0444 -0.9018 -0.4298
vn -0.0316 -0.9329 -0.3588
vn 0.1350 -0.9363 -0.3241
vn -0.1592 -0.9244 -0.3466
vn -0.2795 -0.9121 -0.2999
vn 0.5767 -0.7830 0.2331
vn 0.5294 -0.8484 -0.0057
vn 0.7214 -0.6897 -0.0629
vn 0.7720 -0.5948 0.2241
vn 0.3654 -0.9082 -0.2041
vn 0.5070 -0.8059 -0.3059
vn 0.6541 -0.6886 -0.3132
vn 0.8525 -0.5144 -0.0929
vn 0.8766 -0.4312 0.2134
vn 0.5322 -0.5844 0.6126
vn 0.3500 -0.4908 0.7979
vn 0.6058 -0.7333 0.3087
vn 0.8074 -0.5296 0.2599
vn 0.7006 -0.3871 0.5994
vn 0.4645 -0.3234 0.8244
vn 0.2561 -0.9370 -0.2375
vn 0.4943 -0.8691 -0.0167
vn 0.4024 -0.8490 -0.3425
vn 0.6910 -0.7120 -0.1245
vn 0.8268 -0.5517 -0.1095
vn 0.4908 -0.7860 -0.3758
vn 0.9115 -0.3422 0.2280
vn 0.5164 -0.2321 0.8243
vn 0.7687 -0.2645 0.5823
vn 0.2555 -0.2380 0.9371
vn 0.0307 -0.2638 0.9641
vn 0.0229 -0.3363 0.9415
vn 0.2231 -0.3219 0.9201
vn -0.4656 -0.3226 0.8241
vn -0.1999 -0.2840 0.9378
vn -0.4179 -0.4113 0.8100
vn -0.1801 -0.3696 0.9116
vn -0.1584 -0.5039 0.8491
vn -0.3279 -0.5603 0.7607
vn 0.0084 -0.4794 0.8776
vn 0.1755 -0.4644 0.8680
vn 0.2067 -0.8986 -0.3871
vn 0.1183 -0.9136 -0.3891
vn -0.0372 -0.9334 -0.3570
vn -0.0305 -0.9498 -0.3113
vn 0.0849 -0.9486 -0.3050
vn -0.0548 -0.9548 -0.2922
vn -0.3292 -0.9358 -0.1262
vn -0.1819 -0.9528 -0.2429
vn -0.4274 -0.8869 -0.1751
vn -0.1932 -0.9336 -0.3018
vn -0.2368 -0.9315 -0.2762
vn -0.4816 -0.8591 -0.1731
vn -0.4969 -0.8619 0.1013
vn -0.5552 -0.7485 0.3626
vn -0.7091 -0.6058 0.3608
vn -0.6432 -0.7633 0.0607
vn -0.4899 -0.6400 0.5919
vn -0.6205 -0.4859 0.6156
vn -0.6941 -0.3740 0.6151
vn -0.8116 -0.4587 0.3618
vn -0.7540 -0.6489 0.1026
vn -0.9472 0.3205 0.0107
vt 0.970100 0.337500
vt 0.970000 0.336700
vt 0.971300 0.337100
vt 0.971300 0.337800
vt 0.969900 0.335700
vt 0.971400 0.336100
vt 0.972800 0.337100
vt 0.972500 0.337900
vt 0.972300 0.338500
vt 0.968800 0.332500
vt 0.971200 0.333700
vt 0.971300 0.335000
vt 0.969600 0.334500
vt 0.973300 0.335000
vt 0.973100 0.336100
vt 0.977900 0.338100
vt 0.975700 0.339000
vt 0.974800 0.337400
vt 0.975400 0.336400
vt 0.974600 0.339700
vt 0.974000 0.338300
vt 0.973400 0.340700
vt 0.973000 0.339500
vt 0.973400 0.339000
vt 0.973900 0.340200
vt 0.692587 0.381218
vt 0.693600 0.381700
vt 0.690300 0.386700
vt 0.684400 0.383600
vt 0.684942 0.382761
vt 0.688701 0.382086
vt 0.683342 0.383071
vt 0.693962 0.381017
vt 0.670700 0.406200
vt 0.665700 0.402500
vt 0.670900 0.398200
vt 0.676100 0.401700
vt 0.660700 0.399100
vt 0.665800 0.394900
vt 0.670600 0.390300
vt 0.675900 0.393500
vt 0.681300 0.396900
vt 0.660890 0.391694
vt 0.660900 0.391700
vt 0.655900 0.395700
vt 0.655668 0.395533
vt 0.660879 0.391701
vt 0.660900 0.391689
vt 0.660927 0.391674
vt 0.667339 0.388382
vt 0.674900 0.385500
vt 0.674777 0.385433
vt 0.675001 0.385369
vt 0.670239 0.387301
vt 0.686100 0.391800
vt 0.680500 0.388600
vt 0.679482 0.384236
vt 0.648121 0.413045
vt 0.648900 0.412700
vt 0.653700 0.416800
vt 0.648374 0.419374
vt 0.648120 0.412607
vt 0.648130 0.412088
vt 0.648978 0.406397
vt 0.649800 0.406000
vt 0.654700 0.409700
vt 0.659500 0.413600
vt 0.649085 0.405930
vt 0.649191 0.405530
vt 0.654932 0.396339
vt 0.652506 0.399178
vt 0.655400 0.402700
vt 0.651797 0.400073
vt 0.665200 0.410200
vt 0.660300 0.406400
vt 0.655600 0.443800
vt 0.654191 0.444578
vt 0.653839 0.443650
vt 0.653103 0.441927
vt 0.652300 0.424100
vt 0.648889 0.425670
vt 0.648405 0.420374
vt 0.649121 0.427471
vt 0.657000 0.428600
vt 0.650800 0.431600
vt 0.649533 0.430386
vt 0.649834 0.432031
vt 0.667600 0.437200
vt 0.661700 0.440500
vt 0.656000 0.436100
vt 0.662000 0.433000
vt 0.651576 0.438312
vt 0.668000 0.429700
vt 0.673500 0.433800
vt 0.663100 0.425400
vt 0.669000 0.422000
vt 0.674000 0.426200
vt 0.679400 0.430100
vt 0.648382 0.419794
vt 0.658400 0.421100
vt 0.664300 0.417800
vt 0.675700 0.410100
vt 0.670000 0.414200
vt 0.680700 0.414100
vt 0.674900 0.418300
vt 0.691400 0.421700
vt 0.685400 0.426100
vt 0.680000 0.422300
vt 0.685900 0.418000
vt 0.692000 0.413200
vt 0.697400 0.416700
vt 0.686600 0.409400
vt 0.692300 0.404200
vt 0.697800 0.407900
vt 0.703300 0.411400
vt 0.681300 0.405500
vt 0.686800 0.400500
vt 0.696200 0.390000
vt 0.691800 0.395200
vt 0.702100 0.393300
vt 0.697500 0.398800
vt 0.713400 0.400000
vt 0.708700 0.405700
vt 0.703200 0.402300
vt 0.707900 0.396700
vt 0.723200 0.377000
vt 0.723177 0.376990
vt 0.723193 0.376989
vt 0.723201 0.376988
vt 0.711600 0.391200
vt 0.717200 0.394300
vt 0.705700 0.388000
vt 0.708500 0.382700
vt 0.714400 0.385600
vt 0.720100 0.388500
vt 0.699700 0.384800
vt 0.702338 0.379671
vt 0.702400 0.379700
vt 0.697832 0.380481
vt 0.706711 0.379185
vt 0.710014 0.378687
vt 0.702414 0.379663
vt 0.722100 0.382800
vt 0.716400 0.380100
vt 0.716902 0.377798
vt 0.712467 0.378300
vt 0.715197 0.378012
vt 0.742900 0.385800
vt 0.738300 0.383700
vt 0.738800 0.377100
vt 0.743500 0.379200
vt 0.735363 0.375668
vt 0.733500 0.381500
vt 0.733943 0.375834
vt 0.737859 0.375388
vt 0.738852 0.375294
vt 0.741010 0.375121
vt 0.743819 0.374863
vt 0.728686 0.376423
vt 0.728500 0.379300
vt 0.723221 0.376986
vt 0.730639 0.376172
vt 0.736300 0.412400
vt 0.729600 0.409000
vt 0.732900 0.402700
vt 0.738300 0.404700
vt 0.724000 0.406000
vt 0.727600 0.400000
vt 0.730300 0.394000
vt 0.735200 0.396300
vt 0.740100 0.398300
vt 0.722500 0.397200
vt 0.718800 0.403000
vt 0.725300 0.391300
vt 0.727300 0.385400
vt 0.732300 0.387800
vt 0.741700 0.392100
vt 0.737100 0.390100
vt 0.715600 0.433800
vt 0.709300 0.430800
vt 0.714700 0.425800
vt 0.720500 0.428900
vt 0.703200 0.427900
vt 0.708800 0.422900
vt 0.714400 0.417500
vt 0.719900 0.420500
vt 0.725400 0.423800
vt 0.703100 0.419900
vt 0.697100 0.424900
vt 0.708800 0.414500
vt 0.714100 0.408800
vt 0.719500 0.411800
vt 0.730500 0.418400
vt 0.725100 0.414900
vt 0.695300 0.451100
vt 0.687900 0.448000
vt 0.693100 0.444100
vt 0.700100 0.447100
vt 0.680700 0.444600
vt 0.686200 0.440900
vt 0.691800 0.436900
vt 0.698400 0.439900
vt 0.705200 0.442900
vt 0.679600 0.437500
vt 0.673900 0.441100
vt 0.685400 0.433600
vt 0.691200 0.429500
vt 0.697400 0.432600
vt 0.710400 0.438500
vt 0.703900 0.435500
vt 0.673466 0.464379
vt 0.670837 0.462928
vt 0.674300 0.459100
vt 0.682800 0.462400
vt 0.679300 0.466500
vt 0.666738 0.459563
vt 0.664032 0.457268
vt 0.665700 0.455600
vt 0.670500 0.451800
vt 0.678500 0.455300
vt 0.686600 0.458500
vt 0.662700 0.448000
vt 0.658309 0.450877
vt 0.659195 0.451821
vt 0.660779 0.453475
vt 0.668300 0.444500
vt 0.675500 0.448200
vt 0.690800 0.454900
vt 0.683100 0.451600
vt 0.678589 0.467544
vt 0.677282 0.466764
vt 0.680648 0.468296
vt 0.688000 0.469600
vt 0.687158 0.470811
vt 0.696017 0.472364
vt 0.721900 0.461800
vt 0.719200 0.465300
vt 0.712800 0.463100
vt 0.716100 0.459500
vt 0.717300 0.469100
vt 0.710200 0.466900
vt 0.702600 0.464400
vt 0.705800 0.460600
vt 0.709500 0.456900
vt 0.710607 0.473596
vt 0.706802 0.473687
vt 0.708100 0.471200
vt 0.716200 0.473500
vt 0.716183 0.473848
vt 0.696751 0.472527
vt 0.699700 0.468300
vt 0.697009 0.472564
vt 0.691300 0.465400
vt 0.694700 0.461600
vt 0.696628 0.472495
vt 0.702500 0.454100
vt 0.698400 0.457900
vt 0.726900 0.463700
vt 0.724900 0.467100
vt 0.731100 0.465400
vt 0.729800 0.468500
vt 0.729500 0.471900
vt 0.723800 0.470800
vt 0.737100 0.467700
vt 0.737700 0.469700
vt 0.734000 0.469500
vt 0.734600 0.466800
vt 0.738807 0.472700
vt 0.734600 0.472700
vt 0.738993 0.472685
vt 0.738978 0.472686
vt 0.729792 0.473326
vt 0.734756 0.473039
vt 0.731479 0.473164
vt 0.717457 0.473755
vt 0.722292 0.473649
vt 0.723660 0.473748
vt 0.726187 0.473645
vt 0.756900 0.472200
vt 0.757419 0.472524
vt 0.756955 0.472503
vt 0.756515 0.472481
vt 0.742700 0.471900
vt 0.743199 0.472515
vt 0.739087 0.472681
vt 0.745652 0.472402
vt 0.745900 0.470500
vt 0.747603 0.472399
vt 0.739000 0.466500
vt 0.740800 0.469000
vt 0.741700 0.464800
vt 0.743800 0.467600
vt 0.739008 0.472684
vt 0.748300 0.461500
vt 0.750000 0.464300
vt 0.746900 0.466000
vt 0.744900 0.463100
vt 0.752000 0.467100
vt 0.749000 0.468900
vt 0.752306 0.472381
vt 0.751400 0.471600
vt 0.754300 0.469800
vt 0.751426 0.472353
vt 0.750157 0.472371
vt 0.736600 0.464400
vt 0.733600 0.462500
vt 0.736900 0.459900
vt 0.739500 0.462300
vt 0.725400 0.458200
vt 0.729900 0.460500
vt 0.729700 0.454700
vt 0.733700 0.457400
vt 0.740700 0.447500
vt 0.743000 0.452100
vt 0.738200 0.454400
vt 0.734700 0.451200
vt 0.744800 0.455600
vt 0.740700 0.457500
vt 0.742900 0.460300
vt 0.746500 0.458600
vt 0.707100 0.450100
vt 0.712000 0.446000
vt 0.718500 0.449000
vt 0.713800 0.453000
vt 0.721800 0.437100
vt 0.717000 0.441600
vt 0.728000 0.440500
vt 0.723300 0.444800
vt 0.729500 0.448000
vt 0.734200 0.443900
vt 0.724500 0.451900
vt 0.720000 0.455700
vt 0.751200 0.432100
vt 0.748200 0.435000
vt 0.744100 0.431600
vt 0.747600 0.428500
vt 0.745600 0.438500
vt 0.740900 0.435400
vt 0.735900 0.431600
vt 0.739800 0.427600
vt 0.743900 0.424100
vt 0.737800 0.439600
vt 0.743100 0.442500
vt 0.732100 0.436000
vt 0.726300 0.432400
vt 0.730800 0.427600
vt 0.740200 0.419000
vt 0.735300 0.422900
vt 0.760500 0.392200
vt 0.760100 0.396800
vt 0.755500 0.396100
vt 0.756100 0.391000
vt 0.760100 0.401200
vt 0.755100 0.400900
vt 0.750200 0.400400
vt 0.750900 0.395100
vt 0.751700 0.389500
vt 0.761000 0.409600
vt 0.755700 0.410100
vt 0.755200 0.405600
vt 0.760400 0.405500
vt 0.750000 0.410600
vt 0.749800 0.405600
vt 0.744000 0.405500
vt 0.743900 0.411300
vt 0.745100 0.399600
vt 0.747300 0.387700
vt 0.746300 0.393700
vt 0.766600 0.424400
vt 0.762300 0.425900
vt 0.760200 0.422400
vt 0.764800 0.421100
vt 0.758300 0.427600
vt 0.755700 0.424000
vt 0.753300 0.419900
vt 0.758300 0.418600
vt 0.763300 0.417500
vt 0.751500 0.426000
vt 0.754600 0.429600
vt 0.748500 0.421700
vt 0.745700 0.416700
vt 0.751300 0.415400
vt 0.762000 0.413600
vt 0.756700 0.414500
vt 0.775200 0.435900
vt 0.771900 0.437100
vt 0.769400 0.434400
vt 0.772900 0.433000
vt 0.768900 0.438400
vt 0.766200 0.435900
vt 0.763500 0.433400
vt 0.766900 0.431700
vt 0.770600 0.430300
vt 0.763800 0.441400
vt 0.760900 0.439300
vt 0.763400 0.437500
vt 0.766200 0.439900
vt 0.757800 0.437200
vt 0.760500 0.435200
vt 0.757500 0.432600
vt 0.754600 0.434900
vt 0.760900 0.430700
vt 0.768500 0.427500
vt 0.764600 0.428900
vt 0.757000 0.448000
vt 0.754900 0.447900
vt 0.755600 0.445700
vt 0.758200 0.446700
vt 0.751600 0.447700
vt 0.752300 0.444900
vt 0.753700 0.442100
vt 0.757000 0.443500
vt 0.759800 0.445000
vt 0.748000 0.444000
vt 0.747100 0.447600
vt 0.749800 0.440600
vt 0.752000 0.437600
vt 0.755500 0.439600
vt 0.761700 0.443200
vt 0.758700 0.441400
vt 0.761700 0.456300
vt 0.758500 0.457500
vt 0.757200 0.455000
vt 0.760500 0.453900
vt 0.755100 0.458700
vt 0.753800 0.456000
vt 0.752600 0.453300
vt 0.756100 0.452500
vt 0.759200 0.451600
vt 0.750200 0.457200
vt 0.751700 0.460000
vt 0.748800 0.454200
vt 0.747600 0.451000
vt 0.751800 0.450500
vt 0.758000 0.449500
vt 0.755200 0.450100
vt 0.757100 0.467800
vt 0.759600 0.470000
vt 0.755100 0.465400
vt 0.758100 0.463700
vt 0.759900 0.466000
vt 0.762100 0.467900
vt 0.753300 0.462700
vt 0.756600 0.461300
vt 0.763000 0.458700
vt 0.759800 0.459900
vt 0.764200 0.461000
vt 0.761200 0.462300
vt 0.765700 0.464600
vt 0.764200 0.466000
vt 0.762500 0.464300
vt 0.765100 0.463100
vt 0.762400 0.471900
vt 0.761807 0.472493
vt 0.764700 0.469500
vt 0.766209 0.472717
vt 0.763814 0.472651
vt 0.767600 0.470700
vt 0.762557 0.472578
vt 0.767700 0.464700
vt 0.766500 0.467100
vt 0.770400 0.464800
vt 0.769300 0.467700
vt 0.776300 0.464800
vt 0.775500 0.468400
vt 0.772300 0.468200
vt 0.773300 0.464900
vt 0.774100 0.472200
vt 0.770800 0.471700
vt 0.770087 0.473125
vt 0.768295 0.473047
vt 0.773521 0.473631
vt 0.772170 0.473353
vt 0.784600 0.448800
vt 0.781700 0.449600
vt 0.779600 0.446300
vt 0.782600 0.445400
vt 0.778900 0.450400
vt 0.776800 0.447200
vt 0.774400 0.444100
vt 0.777200 0.443100
vt 0.780200 0.442100
vt 0.773400 0.452100
vt 0.771500 0.449200
vt 0.774100 0.448200
vt 0.776200 0.451300
vt 0.769200 0.446400
vt 0.771700 0.445200
vt 0.769000 0.442500
vt 0.766600 0.443800
vt 0.771700 0.441200
vt 0.777700 0.438900
vt 0.774600 0.440000
vt 0.770700 0.453100
vt 0.768900 0.450400
vt 0.767800 0.454100
vt 0.766200 0.451600
vt 0.764400 0.449100
vt 0.766800 0.447700
vt 0.763500 0.452700
vt 0.764800 0.455200
vt 0.761900 0.450400
vt 0.760300 0.448300
vt 0.762300 0.446900
vt 0.764400 0.445300
vt 0.773500 0.461800
vt 0.776500 0.461400
vt 0.770600 0.462100
vt 0.770100 0.459400
vt 0.773100 0.458800
vt 0.776000 0.458200
vt 0.767800 0.462400
vt 0.767100 0.460100
vt 0.766100 0.457700
vt 0.769100 0.456700
vt 0.775000 0.455100
vt 0.772100 0.455900
vt 0.777700 0.454400
vt 0.780500 0.453700
vt 0.781600 0.457100
vt 0.778800 0.457700
vt 0.786300 0.452200
vt 0.783300 0.453000
vt 0.787400 0.455800
vt 0.784500 0.456500
vt 0.788600 0.463000
vt 0.785400 0.463700
vt 0.785200 0.460100
vt 0.788200 0.459400
vt 0.782300 0.464200
vt 0.782200 0.460600
vt 0.779300 0.461100
vt 0.779300 0.464600
vt 0.788500 0.466700
vt 0.785100 0.467500
vt 0.788100 0.470400
vt 0.784400 0.471300
vt 0.780900 0.471900
vt 0.781800 0.468000
vt 0.782628 0.478370
vt 0.783500 0.475200
vt 0.787400 0.474300
vt 0.786400 0.478500
vt 0.783306 0.479041
vt 0.779667 0.476005
vt 0.779700 0.475900
vt 0.781473 0.477167
vt 0.777500 0.472300
vt 0.776675 0.474611
vt 0.775020 0.474168
vt 0.779539 0.475926
vt 0.777652 0.474932
vt 0.778600 0.468300
vt 0.766096 0.371862
vt 0.769040 0.370730
vt 0.766300 0.374000
vt 0.764278 0.372669
vt 0.778868 0.361635
vt 0.780227 0.359808
vt 0.781000 0.361200
vt 0.777000 0.364000
vt 0.776963 0.363961
vt 0.776750 0.364188
vt 0.756800 0.385800
vt 0.761200 0.387500
vt 0.752400 0.383700
vt 0.753400 0.378000
vt 0.757900 0.380600
vt 0.762300 0.382800
vt 0.748000 0.381500
vt 0.745041 0.374777
vt 0.747897 0.374592
vt 0.748800 0.375100
vt 0.752067 0.374284
vt 0.754534 0.374102
vt 0.748920 0.374502
vt 0.764000 0.378200
vt 0.759700 0.375700
vt 0.761101 0.373235
vt 0.757093 0.373925
vt 0.759129 0.373563
vt 0.785200 0.406500
vt 0.786100 0.409800
vt 0.778800 0.411000
vt 0.777900 0.407600
vt 0.787100 0.412900
vt 0.779800 0.414300
vt 0.773700 0.415500
vt 0.772700 0.412000
vt 0.771800 0.408500
vt 0.789200 0.418900
vt 0.782100 0.420500
vt 0.780900 0.417500
vt 0.788100 0.416000
vt 0.776200 0.421900
vt 0.774900 0.418800
vt 0.769600 0.419900
vt 0.771100 0.423100
vt 0.768300 0.416500
vt 0.766200 0.409100
vt 0.767200 0.412900
vt 0.794000 0.405100
vt 0.794900 0.408200
vt 0.803600 0.403400
vt 0.804500 0.406400
vt 0.805400 0.409300
vt 0.795800 0.411200
vt 0.822500 0.399800
vt 0.823300 0.402500
vt 0.814200 0.404500
vt 0.813300 0.401600
vt 0.824200 0.405200
vt 0.815100 0.407200
vt 0.826100 0.410300
vt 0.817100 0.412500
vt 0.816000 0.409900
vt 0.825100 0.407800
vt 0.807400 0.414800
vt 0.806400 0.412100
vt 0.796800 0.414200
vt 0.797900 0.417000
vt 0.830400 0.398100
vt 0.831200 0.400700
vt 0.837300 0.396400
vt 0.838100 0.399000
vt 0.839000 0.401500
vt 0.832000 0.403300
vt 0.849800 0.393000
vt 0.850600 0.395400
vt 0.844500 0.397200
vt 0.843700 0.394700
vt 0.851400 0.397900
vt 0.845300 0.399700
vt 0.853200 0.402600
vt 0.847100 0.404500
vt 0.846200 0.402100
vt 0.852300 0.400300
vt 0.840800 0.406400
vt 0.839900 0.404000
vt 0.833000 0.405900
vt 0.833900 0.408300
vt 0.855900 0.391200
vt 0.856700 0.393500
vt 0.861900 0.389300
vt 0.862700 0.391700
vt 0.863600 0.394000
vt 0.857600 0.395900
vt 0.872400 0.386100
vt 0.873300 0.388300
vt 0.868300 0.389900
vt 0.867500 0.387600
vt 0.874200 0.390400
vt 0.869200 0.392100
vt 0.876200 0.394500
vt 0.871100 0.396300
vt 0.870100 0.394300
vt 0.875200 0.392500
vt 0.865400 0.398400
vt 0.864500 0.396200
vt 0.858400 0.398200
vt 0.859400 0.400500
vt 0.889700 0.389300
vt 0.886900 0.390300
vt 0.885800 0.388600
vt 0.888700 0.387600
vt 0.883800 0.391500
vt 0.882800 0.389700
vt 0.881800 0.387800
vt 0.884800 0.386700
vt 0.887600 0.385800
vt 0.879300 0.391000
vt 0.880300 0.392900
vt 0.878300 0.389000
vt 0.876500 0.384800
vt 0.877400 0.386900
vt 0.879900 0.383700
vt 0.880900 0.385800
vt 0.885700 0.381900
vt 0.886600 0.383900
vt 0.883900 0.384800
vt 0.882900 0.382700
vt 0.897800 0.378300
vt 0.901800 0.377100
vt 0.902800 0.379200
vt 0.898800 0.380300
vt 0.906100 0.375700
vt 0.907000 0.377800
vt 0.908000 0.379800
vt 0.903800 0.381100
vt 0.899900 0.382200
vt 0.915100 0.372800
vt 0.915900 0.375000
vt 0.911500 0.376500
vt 0.910600 0.374300
vt 0.916700 0.377200
vt 0.912300 0.378500
vt 0.918100 0.381400
vt 0.914000 0.382500
vt 0.913200 0.380500
vt 0.917400 0.379300
vt 0.909900 0.383600
vt 0.908900 0.381700
vt 0.902100 0.385700
vt 0.901000 0.384000
vt 0.904800 0.382900
vt 0.905900 0.384600
vt 0.919500 0.371300
vt 0.920200 0.373600
vt 0.923600 0.369900
vt 0.924300 0.372300
vt 0.924900 0.374700
vt 0.920900 0.375900
vt 0.931400 0.367500
vt 0.932000 0.370100
vt 0.928200 0.371100
vt 0.927600 0.368600
vt 0.932400 0.372800
vt 0.928800 0.373600
vt 0.933000 0.378000
vt 0.929500 0.378600
vt 0.929200 0.376100
vt 0.932800 0.375400
vt 0.925900 0.379400
vt 0.925400 0.377100
vt 0.921500 0.378100
vt 0.922100 0.380300
vt 0.935000 0.366700
vt 0.935500 0.369400
vt 0.938300 0.366000
vt 0.938800 0.368900
vt 0.939100 0.371900
vt 0.935900 0.372300
vt 0.944000 0.364800
vt 0.944400 0.367900
vt 0.941800 0.368400
vt 0.941300 0.365400
vt 0.944800 0.371200
vt 0.942100 0.371600
vt 0.946100 0.379300
vt 0.942400 0.378200
vt 0.942500 0.375000
vt 0.945400 0.374800
vt 0.939300 0.377800
vt 0.939400 0.374900
vt 0.936100 0.375000
vt 0.936200 0.377700
vt 0.790500 0.421700
vt 0.783400 0.423400
vt 0.791800 0.424400
vt 0.784900 0.426200
vt 0.779300 0.427600
vt 0.777700 0.424800
vt 0.794800 0.430000
vt 0.788300 0.431900
vt 0.786500 0.429000
vt 0.793300 0.427100
vt 0.783100 0.433400
vt 0.781100 0.430500
vt 0.776700 0.431800
vt 0.778800 0.434700
vt 0.774700 0.429000
vt 0.772800 0.426100
vt 0.799100 0.419600
vt 0.808500 0.417300
vt 0.809700 0.419800
vt 0.800300 0.422200
vt 0.827200 0.412700
vt 0.818100 0.415000
vt 0.828200 0.414900
vt 0.819200 0.417300
vt 0.830400 0.419600
vt 0.821600 0.422200
vt 0.820400 0.419700
vt 0.829300 0.417200
vt 0.812200 0.425000
vt 0.810900 0.422300
vt 0.801600 0.424900
vt 0.803100 0.427600
vt 0.834900 0.410600
vt 0.841800 0.408600
vt 0.842800 0.410800
vt 0.836000 0.412800
vt 0.854200 0.404800
vt 0.848100 0.406700
vt 0.855100 0.406900
vt 0.849100 0.408900
vt 0.857000 0.411000
vt 0.851000 0.413100
vt 0.850100 0.411000
vt 0.856100 0.408900
vt 0.844800 0.415100
vt 0.843800 0.413000
vt 0.837000 0.415000
vt 0.838100 0.417300
vt 0.860400 0.402600
vt 0.866500 0.400500
vt 0.867500 0.402500
vt 0.861400 0.404700
vt 0.877300 0.396400
vt 0.872200 0.398300
vt 0.878500 0.398200
vt 0.873400 0.400300
vt 0.882300 0.401800
vt 0.875800 0.404200
vt 0.874700 0.402200
vt 0.880000 0.400000
vt 0.869600 0.406500
vt 0.868600 0.404400
vt 0.862400 0.406700
vt 0.863300 0.408800
vt 0.893900 0.395000
vt 0.891400 0.396100
vt 0.890200 0.394900
vt 0.892900 0.393700
vt 0.888800 0.397500
vt 0.887400 0.396300
vt 0.886100 0.394800
vt 0.889100 0.393500
vt 0.891900 0.392400
vt 0.884100 0.398000
vt 0.885900 0.399200
vt 0.882700 0.396400
vt 0.881400 0.394700
vt 0.884900 0.393200
vt 0.890800 0.390900
vt 0.888000 0.392000
vt 0.906800 0.386300
vt 0.903100 0.387300
vt 0.910700 0.385400
vt 0.911500 0.387100
vt 0.907700 0.388000
vt 0.904100 0.388900
vt 0.918700 0.383400
vt 0.914700 0.384400
vt 0.919300 0.385300
vt 0.915400 0.386200
vt 0.920400 0.389300
vt 0.916900 0.390000
vt 0.916100 0.388100
vt 0.919800 0.387300
vt 0.913300 0.390800
vt 0.912400 0.388900
vt 0.905800 0.392800
vt 0.905000 0.390600
vt 0.908600 0.389800
vt 0.909600 0.391700
vt 0.922600 0.382400
vt 0.926300 0.381600
vt 0.926600 0.383800
vt 0.923000 0.384500
vt 0.933000 0.380500
vt 0.929800 0.380900
vt 0.933000 0.382800
vt 0.929900 0.383200
vt 0.933100 0.387400
vt 0.930300 0.387700
vt 0.930100 0.385500
vt 0.933000 0.385100
vt 0.927200 0.388100
vt 0.926900 0.386000
vt 0.923400 0.386600
vt 0.923900 0.388700
vt 0.936100 0.380300
vt 0.938900 0.380400
vt 0.938200 0.382800
vt 0.935800 0.382700
vt 0.943700 0.382500
vt 0.941500 0.381000
vt 0.942100 0.384600
vt 0.940400 0.383400
vt 0.940100 0.387400
vt 0.939000 0.387200
vt 0.939500 0.385400
vt 0.940900 0.386300
vt 0.937400 0.387100
vt 0.937700 0.385000
vt 0.935500 0.385000
vt 0.935400 0.387200
vt 0.796600 0.433100
vt 0.790200 0.435000
vt 0.798400 0.436300
vt 0.792200 0.438300
vt 0.787400 0.439800
vt 0.785200 0.436500
vt 0.801800 0.443100
vt 0.795900 0.445200
vt 0.794200 0.441700
vt 0.800200 0.439600
vt 0.791400 0.446700
vt 0.789500 0.443200
vt 0.785800 0.444400
vt 0.787700 0.447900
vt 0.783500 0.441000
vt 0.781200 0.437800
vt 0.804600 0.430600
vt 0.813600 0.427800
vt 0.815000 0.430700
vt 0.806200 0.433700
vt 0.831500 0.422100
vt 0.822800 0.424900
vt 0.832600 0.424700
vt 0.824100 0.427600
vt 0.834800 0.430100
vt 0.826500 0.433400
vt 0.825300 0.430500
vt 0.833700 0.427400
vt 0.817800 0.436900
vt 0.816400 0.433800
vt 0.807800 0.436900
vt 0.809300 0.440200
vt 0.839100 0.419600
vt 0.845700 0.417400
vt 0.846600 0.419800
vt 0.840000 0.422100
vt 0.857900 0.413200
vt 0.851900 0.415300
vt 0.858700 0.415400
vt 0.852700 0.417600
vt 0.860300 0.419900
vt 0.854400 0.422200
vt 0.853500 0.419900
vt 0.859500 0.417600
vt 0.848400 0.424600
vt 0.847500 0.422100
vt 0.841000 0.424600
vt 0.842000 0.427200
vt 0.864100 0.410900
vt 0.870300 0.408700
vt 0.871000 0.410900
vt 0.864800 0.413100
vt 0.881800 0.404700
vt 0.876400 0.406400
vt 0.881900 0.407100
vt 0.876800 0.408800
vt 0.883200 0.411600
vt 0.878100 0.413400
vt 0.877300 0.411100
vt 0.882400 0.409400
vt 0.872400 0.415400
vt 0.871600 0.413200
vt 0.865600 0.415400
vt 0.866400 0.417600
vt 0.803200 0.446500
vt 0.797400 0.448700
vt 0.804400 0.449900
vt 0.798600 0.452200
vt 0.794100 0.453800
vt 0.792900 0.450300
vt 0.806300 0.456600
vt 0.800400 0.459200
vt 0.799600 0.455700
vt 0.805400 0.453300
vt 0.795700 0.460900
vt 0.795100 0.457400
vt 0.791400 0.458600
vt 0.791900 0.462200
vt 0.790500 0.455000
vt 0.789300 0.451400
vt 0.810600 0.443500
vt 0.819000 0.440000
vt 0.820100 0.443100
vt 0.811800 0.446800
vt 0.835900 0.432800
vt 0.827600 0.436300
vt 0.836900 0.435500
vt 0.828700 0.439200
vt 0.839000 0.440800
vt 0.830800 0.444800
vt 0.829800 0.442000
vt 0.837900 0.438100
vt 0.822200 0.449100
vt 0.821200 0.446100
vt 0.812800 0.450000
vt 0.813800 0.453100
vt 0.843000 0.429700
vt 0.849300 0.427000
vt 0.850300 0.429400
vt 0.844000 0.432300
vt 0.861100 0.422200
vt 0.855300 0.424500
vt 0.862000 0.424500
vt 0.856200 0.426900
vt 0.863800 0.429200
vt 0.858000 0.431600
vt 0.857100 0.429300
vt 0.862900 0.426900
vt 0.852200 0.434300
vt 0.851200 0.431900
vt 0.845000 0.434800
vt 0.845900 0.437300
vt 0.867300 0.419900
vt 0.873400 0.417700
vt 0.874400 0.420100
vt 0.868200 0.422300
vt 0.884100 0.413800
vt 0.879100 0.415700
vt 0.885400 0.416000
vt 0.880300 0.418000
vt 0.889500 0.420300
vt 0.882900 0.422600
vt 0.881700 0.420200
vt 0.887000 0.418100
vt 0.876500 0.424700
vt 0.875500 0.422400
vt 0.869200 0.424600
vt 0.870000 0.426900
vt 0.807000 0.459800
vt 0.800900 0.462500
vt 0.807300 0.463100
vt 0.801100 0.465900
vt 0.796100 0.467900
vt 0.796000 0.464400
vt 0.805100 0.471400
vt 0.800400 0.473200
vt 0.800900 0.469500
vt 0.807100 0.466700
vt 0.795700 0.474900
vt 0.796000 0.471400
vt 0.791500 0.473000
vt 0.791100 0.476700
vt 0.791900 0.469400
vt 0.792000 0.465700
vt 0.814600 0.456200
vt 0.823100 0.452000
vt 0.824000 0.454800
vt 0.815200 0.459300
vt 0.839900 0.443400
vt 0.831800 0.447500
vt 0.841200 0.445800
vt 0.832900 0.450100
vt 0.846200 0.449200
vt 0.835900 0.454800
vt 0.834300 0.452500
vt 0.842900 0.447900
vt 0.825600 0.460300
vt 0.824800 0.457600
vt 0.815400 0.462500
vt 0.815400 0.465900
vt 0.846900 0.439800
vt 0.853100 0.436700
vt 0.854100 0.439000
vt 0.848100 0.442100
vt 0.864700 0.431500
vt 0.858900 0.434000
vt 0.865400 0.433800
vt 0.859700 0.436300
vt 0.866100 0.437800
vt 0.861100 0.440700
vt 0.860400 0.438500
vt 0.866000 0.435900
vt 0.856100 0.443500
vt 0.855100 0.441300
vt 0.849500 0.444300
vt 0.851100 0.446400
vt 0.870800 0.429200
vt 0.877200 0.427100
vt 0.877800 0.429500
vt 0.871500 0.431500
vt 0.889100 0.423500
vt 0.883500 0.425100
vt 0.889300 0.426100
vt 0.883900 0.427600
vt 0.891900 0.430200
vt 0.885500 0.432100
vt 0.884600 0.429900
vt 0.890100 0.428400
vt 0.879000 0.434000
vt 0.878400 0.431800
vt 0.872100 0.433700
vt 0.872500 0.435900
vt 0.786700 0.366800
vt 0.788500 0.369100
vt 0.784100 0.368400
vt 0.785300 0.365400
vt 0.788100 0.372000
vt 0.782800 0.371400
vt 0.779000 0.370400
vt 0.781400 0.367200
vt 0.783900 0.364000
vt 0.785700 0.378500
vt 0.779500 0.378100
vt 0.781100 0.374700
vt 0.787000 0.375200
vt 0.774500 0.377300
vt 0.776600 0.373800
vt 0.769688 0.370465
vt 0.772900 0.372300
vt 0.770300 0.376000
vt 0.773758 0.367515
vt 0.775800 0.368900
vt 0.772935 0.368040
vt 0.782400 0.362600
vt 0.779100 0.365700
vt 0.774574 0.366777
vt 0.796000 0.366600
vt 0.795800 0.369300
vt 0.805300 0.366300
vt 0.804600 0.369200
vt 0.803800 0.372100
vt 0.795400 0.372200
vt 0.823900 0.365900
vt 0.821700 0.368600
vt 0.813500 0.368900
vt 0.814600 0.366100
vt 0.820800 0.371400
vt 0.812600 0.371800
vt 0.820100 0.377100
vt 0.811500 0.377700
vt 0.812000 0.374700
vt 0.820300 0.374300
vt 0.802400 0.378200
vt 0.803100 0.375100
vt 0.794500 0.375300
vt 0.793600 0.378500
vt 0.828900 0.365600
vt 0.828200 0.368300
vt 0.833800 0.365300
vt 0.833800 0.367900
vt 0.833800 0.370500
vt 0.827700 0.371000
vt 0.843700 0.364700
vt 0.844500 0.366500
vt 0.839100 0.367400
vt 0.838800 0.365000
vt 0.844900 0.368800
vt 0.839400 0.369800
vt 0.845500 0.373700
vt 0.839800 0.374800
vt 0.839600 0.372300
vt 0.845300 0.371200
vt 0.833900 0.375800
vt 0.833800 0.373100
vt 0.827500 0.373700
vt 0.827500 0.376500
vt 0.850000 0.362900
vt 0.850400 0.365100
vt 0.856200 0.361100
vt 0.856400 0.363500
vt 0.856600 0.365800
vt 0.850800 0.367400
vt 0.868700 0.357500
vt 0.867400 0.360200
vt 0.862300 0.361700
vt 0.862400 0.359300
vt 0.867200 0.362600
vt 0.862200 0.364200
vt 0.867500 0.367300
vt 0.862700 0.368900
vt 0.862400 0.366500
vt 0.867300 0.365000
vt 0.857200 0.370600
vt 0.856900 0.368200
vt 0.851100 0.369800
vt 0.851400 0.372200
vt 0.880700 0.363200
vt 0.877900 0.364000
vt 0.877700 0.361700
vt 0.880500 0.360800
vt 0.875000 0.364900
vt 0.874700 0.362600
vt 0.874500 0.360300
vt 0.877500 0.359300
vt 0.880400 0.358400
vt 0.871300 0.363700
vt 0.871600 0.366000
vt 0.871200 0.361300
vt 0.871500 0.356500
vt 0.871300 0.358900
vt 0.874400 0.355600
vt 0.874500 0.357900
vt 0.880200 0.353700
vt 0.880300 0.356100
vt 0.877400 0.357000
vt 0.877300 0.354600
vt 0.892600 0.350500
vt 0.896800 0.349600
vt 0.896800 0.351900
vt 0.892800 0.352800
vt 0.901000 0.348700
vt 0.900900 0.350900
vt 0.900900 0.353200
vt 0.896700 0.354200
vt 0.892800 0.355200
vt 0.909400 0.346800
vt 0.909200 0.348600
vt 0.905100 0.349900
vt 0.905200 0.347700
vt 0.909300 0.350700
vt 0.905200 0.352000
vt 0.910100 0.354900
vt 0.905600 0.356400
vt 0.905300 0.354200
vt 0.909600 0.352800
vt 0.901200 0.357600
vt 0.901000 0.355400
vt 0.892900 0.359900
vt 0.892800 0.357500
vt 0.896800 0.356500
vt 0.896900 0.358800
vt 0.912300 0.345000
vt 0.912700 0.347100
vt 0.915300 0.343200
vt 0.916100 0.345400
vt 0.916900 0.347500
vt 0.913200 0.349100
vt 0.921100 0.339600
vt 0.922600 0.341600
vt 0.919300 0.343600
vt 0.918200 0.341400
vt 0.923900 0.343900
vt 0.920400 0.345700
vt 0.926100 0.348600
vt 0.922300 0.350200
vt 0.921400 0.347900
vt 0.925000 0.346200
vt 0.918400 0.351800
vt 0.917700 0.349600
vt 0.913800 0.351300
vt 0.914300 0.353400
vt 0.924500 0.336900
vt 0.925900 0.339400
vt 0.927800 0.334200
vt 0.929200 0.337200
vt 0.930500 0.340000
vt 0.927300 0.341900
vt 0.934500 0.328800
vt 0.935400 0.333500
vt 0.932400 0.335000
vt 0.931100 0.331500
vt 0.936500 0.337100
vt 0.933600 0.338300
vt 0.938800 0.343300
vt 0.936000 0.344200
vt 0.934900 0.341400
vt 0.937600 0.340300
vt 0.932900 0.345500
vt 0.931800 0.342800
vt 0.928500 0.344500
vt 0.929600 0.347000
vt 0.784600 0.381900
vt 0.778100 0.381800
vt 0.783700 0.385500
vt 0.777000 0.385500
vt 0.771400 0.385100
vt 0.772700 0.381200
vt 0.783000 0.392800
vt 0.775900 0.393200
vt 0.776300 0.389400
vt 0.783200 0.389200
vt 0.770100 0.393200
vt 0.770500 0.389200
vt 0.765600 0.388600
vt 0.765000 0.392900
vt 0.766700 0.384200
vt 0.768200 0.380000
vt 0.792800 0.381800
vt 0.801900 0.381400
vt 0.801500 0.384600
vt 0.792200 0.385200
vt 0.820000 0.380000
vt 0.811200 0.380800
vt 0.819900 0.383000
vt 0.811000 0.383800
vt 0.820200 0.388800
vt 0.811000 0.390000
vt 0.810900 0.386900
vt 0.820000 0.385900
vt 0.801300 0.391100
vt 0.801300 0.387900
vt 0.791800 0.388600
vt 0.791700 0.392100
vt 0.827500 0.379300
vt 0.834000 0.378400
vt 0.834200 0.381100
vt 0.827500 0.382100
vt 0.845800 0.376100
vt 0.840000 0.377400
vt 0.846200 0.378600
vt 0.840300 0.379900
vt 0.847000 0.383400
vt 0.841100 0.384900
vt 0.840700 0.382400
vt 0.846600 0.381000
vt 0.834800 0.386300
vt 0.834500 0.383700
vt 0.827700 0.384800
vt 0.828000 0.387600
vt 0.851700 0.374600
vt 0.857500 0.372900
vt 0.857900 0.375300
vt 0.852100 0.377000
vt 0.867900 0.369700
vt 0.863000 0.371300
vt 0.868300 0.372100
vt 0.863400 0.373600
vt 0.869300 0.376800
vt 0.864400 0.378300
vt 0.863900 0.376000
vt 0.868700 0.374400
vt 0.858900 0.380000
vt 0.858400 0.377700
vt 0.852600 0.379400
vt 0.853100 0.381700
vt 0.882500 0.372700
vt 0.879700 0.373600
vt 0.879100 0.371200
vt 0.881900 0.370300
vt 0.876700 0.374500
vt 0.876100 0.372100
vt 0.875700 0.369700
vt 0.878600 0.368800
vt 0.881400 0.367900
vt 0.872700 0.373200
vt 0.873300 0.375500
vt 0.872300 0.370800
vt 0.871900 0.368400
vt 0.875300 0.367300
vt 0.881000 0.365600
vt 0.878200 0.366400
vt 0.897100 0.361100
vt 0.893100 0.362200
vt 0.901500 0.359900
vt 0.901900 0.362100
vt 0.897600 0.363400
vt 0.893600 0.364500
vt 0.910500 0.357100
vt 0.906000 0.358500
vt 0.911000 0.359300
vt 0.906500 0.360700
vt 0.912200 0.363700
vt 0.907700 0.365200
vt 0.907000 0.362900
vt 0.911600 0.361400
vt 0.903100 0.366600
vt 0.902500 0.364300
vt 0.894700 0.369100
vt 0.894100 0.366800
vt 0.898100 0.365600
vt 0.898700 0.367900
vt 0.914900 0.355600
vt 0.919100 0.354000
vt 0.919700 0.356200
vt 0.915500 0.357700
vt 0.926900 0.350900
vt 0.923100 0.352400
vt 0.927600 0.353200
vt 0.923800 0.354600
vt 0.928900 0.357800
vt 0.925000 0.359200
vt 0.924400 0.356900
vt 0.928300 0.355500
vt 0.920900 0.360600
vt 0.920300 0.358400
vt 0.916100 0.359900
vt 0.916700 0.362100
vt 0.930500 0.349400
vt 0.933900 0.348100
vt 0.934700 0.350600
vt 0.931300 0.351800
vt 0.939700 0.346000
vt 0.937000 0.346900
vt 0.940600 0.348700
vt 0.937800 0.349500
vt 0.941900 0.353800
vt 0.939100 0.354600
vt 0.938500 0.352100
vt 0.941300 0.351300
vt 0.936000 0.355500
vt 0.935400 0.353100
vt 0.932000 0.354200
vt 0.932600 0.356600
vt 0.783200 0.396300
vt 0.776000 0.396900
vt 0.783700 0.399800
vt 0.776400 0.400600
vt 0.770300 0.401000
vt 0.770000 0.397200
vt 0.777100 0.404100
vt 0.784400 0.403200
vt 0.771000 0.404800
vt 0.765500 0.405200
vt 0.765000 0.401200
vt 0.764800 0.397100
vt 0.792000 0.395400
vt 0.801600 0.394300
vt 0.802100 0.397400
vt 0.792500 0.398700
vt 0.820500 0.391600
vt 0.811400 0.393000
vt 0.821100 0.394400
vt 0.811900 0.395900
vt 0.812600 0.398800
vt 0.821700 0.397100
vt 0.802800 0.400400
vt 0.793200 0.401900
vt 0.828400 0.390200
vt 0.835300 0.388800
vt 0.835900 0.391400
vt 0.829000 0.392900
vt 0.847600 0.385800
vt 0.841600 0.387400
vt 0.848300 0.388200
vt 0.842200 0.389800
vt 0.842900 0.392300
vt 0.849000 0.390600
vt 0.836600 0.393900
vt 0.829600 0.395500
vt 0.853700 0.384100
vt 0.859600 0.382400
vt 0.860300 0.384700
vt 0.854400 0.386400
vt 0.870000 0.379200
vt 0.865100 0.380700
vt 0.870700 0.381500
vt 0.865800 0.383000
vt 0.866600 0.385300
vt 0.871600 0.383800
vt 0.861100 0.387000
vt 0.855100 0.388800
vt 0.882000 0.380600
vt 0.884800 0.379700
vt 0.879000 0.381500
vt 0.878200 0.379200
vt 0.881200 0.378300
vt 0.883900 0.377500
vt 0.875600 0.382500
vt 0.874800 0.380200
vt 0.874000 0.377900
vt 0.877400 0.376800
vt 0.883200 0.375100
vt 0.880400 0.375900
vt 0.899400 0.370300
vt 0.895400 0.371500
vt 0.903800 0.368900
vt 0.904500 0.371200
vt 0.900100 0.372600
vt 0.896100 0.373900
vt 0.912900 0.365900
vt 0.908300 0.367400
vt 0.913600 0.368200
vt 0.909000 0.369800
vt 0.909800 0.372100
vt 0.914300 0.370500
vt 0.905300 0.373500
vt 0.896900 0.376200
vt 0.900900 0.374900
vt 0.917300 0.364400
vt 0.921600 0.362900
vt 0.922300 0.365200
vt 0.918000 0.366700
vt 0.929600 0.360200
vt 0.925700 0.361500
vt 0.930200 0.362500
vt 0.926400 0.363800
vt 0.927000 0.366200
vt 0.930900 0.365000
vt 0.923000 0.367500
vt 0.918700 0.369000
vt 0.933200 0.359000
vt 0.936700 0.358000
vt 0.937200 0.360600
vt 0.933900 0.361500
vt 0.942500 0.356400
vt 0.939800 0.357200
vt 0.943100 0.359100
vt 0.940300 0.359800
vt 0.940900 0.362600
vt 0.943500 0.361900
vt 0.937800 0.363200
vt 0.934500 0.364000
vt 0.949100 0.395200
vt 0.947300 0.395200
vt 0.946500 0.391900
vt 0.948300 0.391600
vt 0.945500 0.395300
vt 0.944800 0.392200
vt 0.944100 0.389300
vt 0.945800 0.388500
vt 0.947600 0.387900
vt 0.942100 0.395400
vt 0.941500 0.393000
vt 0.943100 0.392600
vt 0.943800 0.395300
vt 0.941000 0.390800
vt 0.942500 0.390100
vt 0.941800 0.387900
vt 0.940500 0.388800
vt 0.943300 0.386700
vt 0.946900 0.384100
vt 0.945000 0.385100
vt 0.921100 0.391400
vt 0.917700 0.392000
vt 0.921800 0.393500
vt 0.918600 0.394200
vt 0.915400 0.394900
vt 0.914300 0.392800
vt 0.923300 0.398100
vt 0.920200 0.398800
vt 0.919400 0.396400
vt 0.922500 0.395800
vt 0.917300 0.399600
vt 0.916400 0.397200
vt 0.912000 0.401200
vt 0.911000 0.398800
vt 0.913600 0.398000
vt 0.914500 0.400400
vt 0.909700 0.396700
vt 0.912400 0.395800
vt 0.911000 0.393700
vt 0.908100 0.394700
vt 0.924400 0.390800
vt 0.927700 0.390300
vt 0.928200 0.392500
vt 0.925000 0.393000
vt 0.933300 0.389600
vt 0.930700 0.389900
vt 0.933700 0.391800
vt 0.931100 0.392100
vt 0.934600 0.396300
vt 0.932100 0.396600
vt 0.931600 0.394300
vt 0.934200 0.394000
vt 0.929300 0.397000
vt 0.928700 0.394700
vt 0.925700 0.395200
vt 0.926300 0.397500
vt 0.935600 0.389400
vt 0.937500 0.389300
vt 0.937800 0.391400
vt 0.935900 0.391600
vt 0.939100 0.389100
vt 0.939400 0.391100
vt 0.940400 0.395600
vt 0.939900 0.393300
vt 0.938700 0.395800
vt 0.938200 0.393600
vt 0.936300 0.393800
vt 0.936800 0.396000
vt 0.923900 0.400500
vt 0.921000 0.401300
vt 0.924500 0.402800
vt 0.921600 0.403700
vt 0.918700 0.404600
vt 0.918100 0.402100
vt 0.925600 0.406700
vt 0.922900 0.407500
vt 0.922200 0.405800
vt 0.925100 0.404900
vt 0.920100 0.408600
vt 0.919400 0.406900
vt 0.914000 0.412400
vt 0.913700 0.409000
vt 0.916500 0.408100
vt 0.917400 0.410100
vt 0.913300 0.406300
vt 0.915900 0.405500
vt 0.915300 0.402900
vt 0.912800 0.403600
vt 0.926900 0.399800
vt 0.929800 0.399300
vt 0.930400 0.401600
vt 0.927500 0.402100
vt 0.935100 0.398500
vt 0.932600 0.398900
vt 0.935600 0.400800
vt 0.933100 0.401100
vt 0.936700 0.405600
vt 0.933800 0.405300
vt 0.933500 0.403400
vt 0.936100 0.403100
vt 0.931100 0.405500
vt 0.930800 0.403700
vt 0.928000 0.404200
vt 0.928300 0.406000
vt 0.944400 0.398100
vt 0.942600 0.397900
vt 0.946300 0.398300
vt 0.946900 0.401300
vt 0.945000 0.400700
vt 0.943100 0.400200
vt 0.950100 0.398700
vt 0.948200 0.398600
vt 0.951200 0.402400
vt 0.949000 0.401900
vt 0.953900 0.410900
vt 0.949700 0.408000
vt 0.949800 0.405300
vt 0.952400 0.406200
vt 0.947000 0.406200
vt 0.947300 0.404000
vt 0.943800 0.403700
vt 0.943500 0.402300
vt 0.945300 0.402900
vt 0.945100 0.404700
vt 0.950600 0.411800
vt 0.948000 0.409600
vt 0.947300 0.412700
vt 0.945500 0.410600
vt 0.943800 0.408600
vt 0.945700 0.407600
vt 0.940600 0.414500
vt 0.940500 0.411900
vt 0.942900 0.411400
vt 0.944000 0.413600
vt 0.939700 0.409700
vt 0.941700 0.409200
vt 0.939100 0.405000
vt 0.940400 0.407100
vt 0.938600 0.407700
vt 0.941100 0.404500
vt 0.942300 0.406600
vt 0.944000 0.405800
vt 0.942700 0.404100
vt 0.888300 0.399900
vt 0.886600 0.401700
vt 0.890500 0.398300
vt 0.892100 0.399000
vt 0.890600 0.400200
vt 0.889600 0.401700
vt 0.894800 0.396100
vt 0.892600 0.397100
vt 0.895700 0.397100
vt 0.893800 0.398000
vt 0.897300 0.399400
vt 0.896100 0.400000
vt 0.895000 0.398900
vt 0.896500 0.398200
vt 0.894900 0.400600
vt 0.893700 0.399800
vt 0.893000 0.402000
vt 0.891700 0.401800
vt 0.892500 0.400700
vt 0.893800 0.401300
vt 0.893400 0.402800
vt 0.891600 0.403100
vt 0.894000 0.404100
vt 0.892000 0.404500
vt 0.889400 0.405100
vt 0.889200 0.403300
vt 0.895200 0.407100
vt 0.893200 0.407900
vt 0.892500 0.406200
vt 0.894600 0.405500
vt 0.890600 0.408900
vt 0.889900 0.407000
vt 0.886600 0.408000
vt 0.887300 0.410100
vt 0.886100 0.405900
vt 0.886000 0.403800
vt 0.909700 0.401900
vt 0.908700 0.399700
vt 0.907700 0.402600
vt 0.906800 0.400500
vt 0.905700 0.398700
vt 0.907500 0.397700
vt 0.904400 0.403700
vt 0.903700 0.402000
vt 0.905100 0.401300
vt 0.905900 0.403200
vt 0.902900 0.400400
vt 0.904200 0.399600
vt 0.901800 0.398200
vt 0.902200 0.397300
vt 0.903300 0.398200
vt 0.902300 0.399000
vt 0.903000 0.396100
vt 0.904500 0.397100
vt 0.906000 0.395900
vt 0.904100 0.394700
vt 0.910400 0.404200
vt 0.910900 0.406600
vt 0.908800 0.406700
vt 0.908400 0.404600
vt 0.910700 0.411300
vt 0.911200 0.409000
vt 0.908600 0.410400
vt 0.909000 0.408700
vt 0.906100 0.409200
vt 0.905900 0.408300
vt 0.907200 0.408400
vt 0.907000 0.409700
vt 0.905500 0.406900
vt 0.907000 0.406800
vt 0.906600 0.405000
vt 0.905000 0.405400
vt 0.910600 0.414700
vt 0.909100 0.413000
vt 0.907900 0.416200
vt 0.906900 0.414400
vt 0.906000 0.412800
vt 0.907500 0.411800
vt 0.902700 0.418200
vt 0.902500 0.416200
vt 0.904800 0.415400
vt 0.905300 0.417300
vt 0.902400 0.414300
vt 0.904200 0.413600
vt 0.902000 0.411000
vt 0.903200 0.410600
vt 0.903700 0.412100
vt 0.902200 0.412600
vt 0.904300 0.410100
vt 0.905100 0.411400
vt 0.906300 0.410700
vt 0.905300 0.409600
vt 0.890900 0.415900
vt 0.892800 0.417200
vt 0.889400 0.414100
vt 0.892400 0.412400
vt 0.893600 0.413900
vt 0.895000 0.414900
vt 0.888200 0.412100
vt 0.891400 0.410700
vt 0.895900 0.408600
vt 0.893900 0.409500
vt 0.896500 0.410000
vt 0.894700 0.411000
vt 0.897200 0.412100
vt 0.896400 0.413200
vt 0.895500 0.412300
vt 0.897000 0.411200
vt 0.896200 0.405000
vt 0.896800 0.406500
vt 0.895500 0.403600
vt 0.896800 0.403100
vt 0.897500 0.404600
vt 0.898100 0.406000
vt 0.894800 0.402300
vt 0.896000 0.401800
vt 0.898000 0.400800
vt 0.897000 0.401200
vt 0.898700 0.402200
vt 0.897800 0.402700
vt 0.900100 0.405300
vt 0.899100 0.405600
vt 0.898500 0.404200
vt 0.899400 0.403800
vt 0.897400 0.407900
vt 0.898700 0.407400
vt 0.899200 0.408800
vt 0.898000 0.409300
vt 0.900600 0.406700
vt 0.899700 0.407000
vt 0.901200 0.408100
vt 0.900200 0.408400
vt 0.900800 0.411400
vt 0.900600 0.409900
vt 0.901600 0.409500
vt 0.899500 0.411700
vt 0.899500 0.410200
vt 0.898300 0.410600
vt 0.898300 0.412000
vt 0.903000 0.420500
vt 0.900200 0.421200
vt 0.900200 0.418900
vt 0.903400 0.422900
vt 0.900400 0.423700
vt 0.897300 0.424400
vt 0.897200 0.421900
vt 0.897300 0.419500
vt 0.904200 0.428400
vt 0.901200 0.428900
vt 0.900800 0.426200
vt 0.903800 0.425600
vt 0.898100 0.429300
vt 0.897600 0.426800
vt 0.894200 0.427500
vt 0.895000 0.429800
vt 0.893700 0.425100
vt 0.894000 0.420000
vt 0.893500 0.422600
vt 0.947200 0.342000
vt 0.948200 0.344500
vt 0.946200 0.344700
vt 0.945300 0.342100
vt 0.949200 0.347000
vt 0.947100 0.347200
vt 0.945100 0.347600
vt 0.944200 0.345000
vt 0.943300 0.342300
vt 0.950700 0.351800
vt 0.948600 0.352200
vt 0.947900 0.349700
vt 0.950000 0.349400
vt 0.946500 0.352600
vt 0.945900 0.350100
vt 0.943700 0.350600
vt 0.944300 0.353200
vt 0.942900 0.348000
vt 0.941100 0.342600
vt 0.942100 0.345400
vt 0.951300 0.354300
vt 0.949100 0.354700
vt 0.951600 0.356800
vt 0.949500 0.357300
vt 0.947500 0.357900
vt 0.947100 0.355200
vt 0.952200 0.362200
vt 0.950200 0.362900
vt 0.949900 0.360100
vt 0.951900 0.359500
vt 0.948300 0.363500
vt 0.947900 0.360700
vt 0.945900 0.361300
vt 0.946300 0.364200
vt 0.945400 0.358500
vt 0.944900 0.355800
vt 0.952500 0.365100
vt 0.950600 0.365800
vt 0.953000 0.367800
vt 0.951100 0.368700
vt 0.949200 0.369600
vt 0.948700 0.366600
vt 0.954200 0.372500
vt 0.952600 0.373600
vt 0.951700 0.371300
vt 0.953500 0.370400
vt 0.950800 0.374900
vt 0.949900 0.372500
vt 0.947800 0.373800
vt 0.948800 0.376600
vt 0.947200 0.370500
vt 0.946700 0.367300
vt 0.963000 0.373500
vt 0.961900 0.374400
vt 0.960900 0.373600
vt 0.962100 0.372700
vt 0.960800 0.375300
vt 0.959800 0.374500
vt 0.958800 0.373500
vt 0.960100 0.372600
vt 0.961300 0.371800
vt 0.958600 0.377400
vt 0.957400 0.376600
vt 0.958600 0.375500
vt 0.959700 0.376300
vt 0.956200 0.375500
vt 0.957500 0.374500
vt 0.955800 0.371600
vt 0.956600 0.373200
vt 0.955100 0.374200
vt 0.957300 0.370700
vt 0.958000 0.372300
vt 0.960200 0.369200
vt 0.960600 0.370600
vt 0.959300 0.371400
vt 0.958800 0.369900
vt 0.955100 0.383300
vt 0.956800 0.383800
vt 0.956500 0.386200
vt 0.954900 0.385800
vt 0.958300 0.384300
vt 0.958100 0.386500
vt 0.958200 0.389000
vt 0.956600 0.388800
vt 0.954900 0.388600
vt 0.961100 0.385100
vt 0.961000 0.387000
vt 0.959600 0.386800
vt 0.959800 0.384700
vt 0.961100 0.389200
vt 0.959700 0.389100
vt 0.962200 0.393900
vt 0.960800 0.394200
vt 0.960100 0.391600
vt 0.961500 0.391500
vt 0.959400 0.394400
vt 0.958600 0.391700
vt 0.956200 0.394800
vt 0.955400 0.391700
vt 0.957000 0.391700
vt 0.957800 0.394700
vt 0.957300 0.397900
vt 0.955600 0.398300
vt 0.954400 0.395000
vt 0.958700 0.401000
vt 0.957000 0.401500
vt 0.955100 0.402000
vt 0.953800 0.398600
vt 0.952700 0.395100
vt 0.962500 0.407100
vt 0.960400 0.408000
vt 0.958600 0.404800
vt 0.960500 0.404000
vt 0.958200 0.409000
vt 0.956600 0.405500
vt 0.954600 0.406100
vt 0.956000 0.409900
vt 0.953200 0.402300
vt 0.950900 0.395100
vt 0.951900 0.398700
vt 0.944100 0.319000
vt 0.945400 0.320700
vt 0.943200 0.322600
vt 0.941700 0.321500
vt 0.946700 0.321900
vt 0.944700 0.323600
vt 0.943000 0.325600
vt 0.941200 0.324800
vt 0.939300 0.323900
vt 0.949300 0.323900
vt 0.947800 0.325300
vt 0.946300 0.324500
vt 0.948000 0.322900
vt 0.946400 0.327000
vt 0.944800 0.326300
vt 0.944900 0.331200
vt 0.942900 0.330800
vt 0.943600 0.328400
vt 0.945400 0.329000
vt 0.940800 0.330400
vt 0.941600 0.327800
vt 0.936900 0.326400
vt 0.939300 0.327100
vt 0.938100 0.329800
vt 0.944900 0.333800
vt 0.943000 0.333500
vt 0.945400 0.336500
vt 0.943500 0.336300
vt 0.941400 0.336300
vt 0.940800 0.333200
vt 0.944300 0.339200
vt 0.946200 0.339300
vt 0.942300 0.339300
vt 0.940100 0.339700
vt 0.939100 0.336500
vt 0.938200 0.333100
vt 0.963200 0.342400
vt 0.963500 0.343500
vt 0.962300 0.343700
vt 0.961900 0.342500
vt 0.964200 0.344500
vt 0.963100 0.344900
vt 0.961600 0.345300
vt 0.960700 0.343800
vt 0.960400 0.342400
vt 0.966400 0.346000
vt 0.965500 0.346600
vt 0.964200 0.345900
vt 0.965200 0.345400
vt 0.964500 0.347400
vt 0.962900 0.346500
vt 0.962200 0.350200
vt 0.959700 0.348000
vt 0.961500 0.347300
vt 0.963400 0.348400
vt 0.958100 0.346000
vt 0.960000 0.345600
vt 0.956100 0.341300
vt 0.958600 0.342100
vt 0.958900 0.343800
vt 0.956900 0.343800
vt 0.971000 0.351600
vt 0.970600 0.352900
vt 0.968700 0.353000
vt 0.969300 0.351600
vt 0.970500 0.354300
vt 0.968600 0.354500
vt 0.966400 0.354800
vt 0.966600 0.353000
vt 0.967300 0.351400
vt 0.971200 0.356900
vt 0.969400 0.357400
vt 0.968800 0.356000
vt 0.970700 0.355700
vt 0.967300 0.358000
vt 0.966600 0.356500
vt 0.962400 0.360300
vt 0.961800 0.357700
vt 0.964300 0.357100
vt 0.965100 0.358800
vt 0.961600 0.355400
vt 0.964100 0.355100
vt 0.965100 0.351100
vt 0.964200 0.352900
vt 0.961600 0.352900
vt 0.966800 0.363000
vt 0.966000 0.363800
vt 0.965000 0.363700
vt 0.965900 0.362700
vt 0.965400 0.364900
vt 0.964400 0.364900
vt 0.963200 0.365000
vt 0.963900 0.363500
vt 0.964900 0.362300
vt 0.964900 0.367300
vt 0.963900 0.367700
vt 0.964000 0.366300
vt 0.965100 0.366100
vt 0.962800 0.368100
vt 0.962900 0.366600
vt 0.960100 0.367400
vt 0.961500 0.366900
vt 0.961600 0.368600
vt 0.960400 0.365300
vt 0.961900 0.365100
vt 0.963800 0.361700
vt 0.962600 0.363200
vt 0.961000 0.363000
vt 0.968900 0.367300
vt 0.968400 0.368000
vt 0.967900 0.367600
vt 0.968500 0.367000
vt 0.967800 0.368700
vt 0.967300 0.368300
vt 0.966900 0.367800
vt 0.967600 0.367200
vt 0.968100 0.366700
vt 0.966500 0.370100
vt 0.965900 0.369600
vt 0.966700 0.368900
vt 0.967200 0.369400
vt 0.965400 0.369000
vt 0.966200 0.368400
vt 0.965800 0.366900
vt 0.965900 0.367700
vt 0.965100 0.368200
vt 0.966600 0.366600
vt 0.966700 0.367300
vt 0.967600 0.366100
vt 0.967800 0.366400
vt 0.967300 0.366800
vt 0.967200 0.366300
vt 0.962700 0.391500
vt 0.963400 0.393700
vt 0.962400 0.389300
vt 0.963500 0.389300
vt 0.963900 0.391400
vt 0.964500 0.393400
vt 0.962300 0.385400
vt 0.962200 0.387200
vt 0.963300 0.385700
vt 0.963300 0.387400
vt 0.965100 0.386100
vt 0.965100 0.387600
vt 0.964300 0.387500
vt 0.964200 0.385900
vt 0.965400 0.389300
vt 0.964500 0.389300
vt 0.966400 0.392900
vt 0.965500 0.393200
vt 0.964900 0.391200
vt 0.965800 0.391100
vt 0.963200 0.380000
vt 0.964100 0.380500
vt 0.963500 0.381500
vt 0.962500 0.381000
vt 0.964900 0.381000
vt 0.964300 0.382000
vt 0.963800 0.383000
vt 0.962900 0.382600
vt 0.961900 0.382200
vt 0.966300 0.382000
vt 0.965800 0.382800
vt 0.965100 0.382400
vt 0.965600 0.381500
vt 0.965400 0.383700
vt 0.964700 0.383400
vt 0.964400 0.384500
vt 0.965100 0.384800
vt 0.963500 0.384200
vt 0.961400 0.383500
vt 0.962500 0.383900
vt 0.969700 0.378500
vt 0.969300 0.377800
vt 0.970800 0.376700
vt 0.971000 0.377400
vt 0.968900 0.377100
vt 0.970600 0.375900
vt 0.972500 0.374800
vt 0.972500 0.375600
vt 0.972600 0.376400
vt 0.967900 0.375500
vt 0.970300 0.374300
vt 0.970400 0.375100
vt 0.968500 0.376400
vt 0.972400 0.373000
vt 0.972400 0.373900
vt 0.976900 0.369600
vt 0.976900 0.371600
vt 0.974600 0.372600
vt 0.974600 0.371500
vt 0.976700 0.372900
vt 0.974500 0.373700
vt 0.976200 0.374800
vt 0.974400 0.375400
vt 0.974400 0.374600
vt 0.976400 0.373900
vt 0.955400 0.319800
vt 0.956600 0.319200
vt 0.957400 0.320200
vt 0.956300 0.320900
vt 0.957700 0.318700
vt 0.958400 0.319700
vt 0.959200 0.320800
vt 0.958400 0.321300
vt 0.957300 0.322000
vt 0.959600 0.317900
vt 0.960100 0.318900
vt 0.959300 0.319300
vt 0.958700 0.318200
vt 0.960700 0.319900
vt 0.960000 0.320300
vt 0.962600 0.322300
vt 0.962100 0.322800
vt 0.960900 0.321500
vt 0.961500 0.321000
vt 0.961600 0.323300
vt 0.960300 0.322000
vt 0.960200 0.324700
vt 0.958600 0.323200
vt 0.959500 0.322600
vt 0.961000 0.324000
vt 0.970500 0.399600
vt 0.969300 0.398000
vt 0.969900 0.397500
vt 0.970900 0.399100
vt 0.968200 0.396400
vt 0.968900 0.396000
vt 0.969600 0.395500
vt 0.970400 0.397100
vt 0.971200 0.398600
vt 0.967300 0.392700
vt 0.968100 0.394300
vt 0.967200 0.394700
vt 0.968100 0.392400
vt 0.968800 0.394000
vt 0.969900 0.391800
vt 0.970400 0.393300
vt 0.969600 0.393600
vt 0.969000 0.392100
vt 0.970900 0.394700
vt 0.970200 0.395100
vt 0.971800 0.397700
vt 0.971500 0.398100
vt 0.970900 0.396600
vt 0.971400 0.396200
vt 0.969600 0.311400
vt 0.969900 0.312200
vt 0.968000 0.312700
vt 0.967800 0.311900
vt 0.970200 0.313000
vt 0.968300 0.313500
vt 0.966500 0.314000
vt 0.966200 0.313200
vt 0.966000 0.312500
vt 0.970900 0.314700
vt 0.968900 0.315200
vt 0.968600 0.314300
vt 0.970500 0.313800
vt 0.967000 0.315700
vt 0.966700 0.314800
vt 0.963700 0.316500
vt 0.963400 0.315700
vt 0.965000 0.315300
vt 0.965200 0.316100
vt 0.963200 0.314900
vt 0.964800 0.314500
vt 0.962500 0.313600
vt 0.964300 0.313000
vt 0.964500 0.313700
vt 0.963000 0.314100
vt 0.976200 0.326600
vt 0.973900 0.326200
vt 0.973200 0.324600
vt 0.975300 0.324600
vt 0.971900 0.326000
vt 0.971300 0.324600
vt 0.970500 0.323000
vt 0.972400 0.322800
vt 0.974500 0.322600
vt 0.969300 0.325600
vt 0.968500 0.324700
vt 0.969700 0.324600
vt 0.970300 0.325800
vt 0.967400 0.323500
vt 0.968800 0.323200
vt 0.965600 0.320700
vt 0.967100 0.320300
vt 0.967900 0.321800
vt 0.966500 0.322100
vt 0.968900 0.319900
vt 0.969700 0.321400
vt 0.972800 0.318600
vt 0.973700 0.320600
vt 0.971600 0.321000
vt 0.970900 0.319400
vt 0.984000 0.375600
vt 0.983500 0.376600
vt 0.981600 0.376000
vt 0.982100 0.375100
vt 0.983000 0.377500
vt 0.981200 0.377000
vt 0.979400 0.376500
vt 0.979800 0.375600
vt 0.980100 0.374700
vt 0.982100 0.379300
vt 0.980100 0.379000
vt 0.980800 0.377900
vt 0.982600 0.378400
vt 0.978500 0.378400
vt 0.979100 0.377400
vt 0.976200 0.377800
vt 0.976100 0.377100
vt 0.977500 0.377100
vt 0.977100 0.378000
vt 0.976100 0.376400
vt 0.977700 0.376300
vt 0.978200 0.374600
vt 0.977900 0.375500
vt 0.976100 0.375600
vt 0.969000 0.384400
vt 0.969600 0.383700
vt 0.970600 0.384800
vt 0.970000 0.385400
vt 0.970300 0.383000
vt 0.971300 0.384000
vt 0.972400 0.385300
vt 0.971700 0.386000
vt 0.971000 0.386700
vt 0.972000 0.381200
vt 0.973000 0.382200
vt 0.972100 0.383200
vt 0.971000 0.382200
vt 0.974200 0.383400
vt 0.973300 0.384400
vt 0.976800 0.386600
vt 0.975900 0.387300
vt 0.974600 0.385800
vt 0.975500 0.384800
vt 0.975000 0.388100
vt 0.973700 0.386700
vt 0.973100 0.389600
vt 0.972000 0.388100
vt 0.972800 0.387400
vt 0.974000 0.388800
vt 0.954300 0.327000
vt 0.955300 0.327900
vt 0.954400 0.328900
vt 0.953200 0.328100
vt 0.956300 0.328700
vt 0.955400 0.329600
vt 0.954700 0.330600
vt 0.953600 0.330000
vt 0.952400 0.329400
vt 0.957900 0.330300
vt 0.957200 0.331000
vt 0.956300 0.330300
vt 0.957100 0.329500
vt 0.956600 0.331800
vt 0.955700 0.331200
vt 0.956200 0.333700
vt 0.955200 0.333500
vt 0.955300 0.332300
vt 0.956200 0.332700
vt 0.954100 0.333200
vt 0.954200 0.331800
vt 0.951600 0.332600
vt 0.951800 0.330900
vt 0.953100 0.331400
vt 0.952900 0.332900
vt 0.956400 0.334800
vt 0.955500 0.334800
vt 0.956900 0.335900
vt 0.956100 0.336100
vt 0.955100 0.336300
vt 0.954400 0.334700
vt 0.958600 0.337400
vt 0.958000 0.337900
vt 0.956900 0.337200
vt 0.957700 0.336800
vt 0.957300 0.338600
vt 0.956100 0.337700
vt 0.954000 0.338900
vt 0.955200 0.338300
vt 0.956600 0.339500
vt 0.952700 0.336700
vt 0.954000 0.336500
vt 0.953300 0.334700
vt 0.951900 0.334600
vt 0.973300 0.369000
vt 0.973000 0.369100
vt 0.972900 0.369000
vt 0.973300 0.368800
vt 0.972500 0.369400
vt 0.972400 0.369200
vt 0.972400 0.369000
vt 0.972800 0.368800
vt 0.973200 0.368600
vt 0.971600 0.369700
vt 0.971500 0.369600
vt 0.971900 0.369400
vt 0.972000 0.369600
vt 0.971400 0.369400
vt 0.971900 0.369200
vt 0.971500 0.369000
vt 0.971800 0.368800
vt 0.971800 0.369000
vt 0.971400 0.369200
vt 0.972200 0.368600
vt 0.972300 0.368800
vt 0.972800 0.368400
vt 0.973000 0.368400
vt 0.972700 0.368600
vt 0.972500 0.368500
vt 0.965000 0.332200
vt 0.965100 0.332300
vt 0.964700 0.332100
vt 0.964700 0.331900
vt 0.964900 0.332500
vt 0.964600 0.332200
vt 0.964100 0.331900
vt 0.964200 0.331700
vt 0.964300 0.331500
vt 0.964500 0.332700
vt 0.964300 0.332500
vt 0.964400 0.332400
vt 0.964700 0.332600
vt 0.963900 0.332200
vt 0.964000 0.332100
vt 0.963300 0.331700
vt 0.963300 0.331500
vt 0.963600 0.331700
vt 0.963600 0.331900
vt 0.963300 0.331200
vt 0.963700 0.331500
vt 0.963500 0.331000
vt 0.963800 0.331200
vt 0.963800 0.331400
vt 0.963300 0.331000
vt 0.959600 0.337600
vt 0.959100 0.338100
vt 0.960700 0.337400
vt 0.960400 0.337800
vt 0.960100 0.338300
vt 0.958700 0.338700
vt 0.962900 0.336300
vt 0.962900 0.336500
vt 0.961600 0.337300
vt 0.961800 0.336900
vt 0.963000 0.336800
vt 0.961600 0.337700
vt 0.963400 0.337400
vt 0.961800 0.338400
vt 0.961600 0.338000
vt 0.963100 0.337100
vt 0.960200 0.339400
vt 0.960000 0.338900
vt 0.958300 0.339500
vt 0.958400 0.340300
vt 0.960300 0.332900
vt 0.960800 0.333500
vt 0.960300 0.333800
vt 0.959800 0.333300
vt 0.961300 0.334100
vt 0.960800 0.334400
vt 0.960400 0.334700
vt 0.959900 0.334200
vt 0.959400 0.333600
vt 0.962100 0.335100
vt 0.961500 0.335500
vt 0.961200 0.335000
vt 0.961700 0.334700
vt 0.960900 0.335800
vt 0.960700 0.335300
vt 0.960000 0.336000
vt 0.959800 0.335700
vt 0.960200 0.335500
vt 0.960400 0.335900
vt 0.959400 0.335200
vt 0.959900 0.335000
vt 0.958900 0.334300
vt 0.959100 0.334000
vt 0.959500 0.334500
vt 0.959100 0.334700
vt 0.963800 0.337800
vt 0.962300 0.338800
vt 0.964400 0.338200
vt 0.963000 0.339200
vt 0.961800 0.340200
vt 0.960900 0.339800
vt 0.965700 0.339100
vt 0.964700 0.339800
vt 0.963900 0.339500
vt 0.965000 0.338700
vt 0.963900 0.340600
vt 0.962900 0.340400
vt 0.962200 0.341400
vt 0.963300 0.341500
vt 0.960900 0.341200
vt 0.959400 0.340900
vt 0.967800 0.340900
vt 0.968400 0.341500
vt 0.968000 0.341800
vt 0.967400 0.341300
vt 0.968900 0.342200
vt 0.968500 0.342500
vt 0.968100 0.342800
vt 0.967600 0.342200
vt 0.967000 0.341700
vt 0.969800 0.343400
vt 0.969300 0.343800
vt 0.968900 0.343200
vt 0.969400 0.342900
vt 0.968800 0.344000
vt 0.968500 0.343400
vt 0.967900 0.344200
vt 0.967600 0.343800
vt 0.968000 0.343600
vt 0.968300 0.344200
vt 0.967100 0.343300
vt 0.967600 0.343100
vt 0.966400 0.342400
vt 0.966600 0.342100
vt 0.967200 0.342500
vt 0.966700 0.342800
vt 0.978400 0.350500
vt 0.979000 0.351600
vt 0.978200 0.351900
vt 0.977600 0.350900
vt 0.979300 0.352900
vt 0.978500 0.353100
vt 0.977700 0.353200
vt 0.977400 0.352200
vt 0.976900 0.351300
vt 0.979300 0.355600
vt 0.978300 0.355500
vt 0.978600 0.354300
vt 0.979500 0.354200
vt 0.977500 0.355400
vt 0.977800 0.354400
vt 0.976000 0.355000
vt 0.976000 0.354400
vt 0.976900 0.354300
vt 0.976700 0.355200
vt 0.976000 0.353500
vt 0.976900 0.353400
vt 0.975600 0.352000
vt 0.976100 0.351700
vt 0.976600 0.352500
vt 0.975800 0.352700
vt 0.978700 0.356900
vt 0.977700 0.356600
vt 0.977800 0.358000
vt 0.976700 0.357600
vt 0.975800 0.357100
vt 0.976800 0.356300
vt 0.975500 0.359800
vt 0.974300 0.359100
vt 0.975600 0.358400
vt 0.976700 0.359000
vt 0.973100 0.358500
vt 0.974500 0.357900
vt 0.972900 0.356400
vt 0.973600 0.357200
vt 0.972100 0.357800
vt 0.974300 0.355900
vt 0.975000 0.356600
vt 0.976000 0.356000
vt 0.975400 0.355400
vt 0.971600 0.362400
vt 0.971200 0.362800
vt 0.969500 0.361900
vt 0.969800 0.361500
vt 0.971100 0.363100
vt 0.969500 0.362300
vt 0.967900 0.361800
vt 0.967600 0.361400
vt 0.967800 0.360900
vt 0.971200 0.363600
vt 0.970100 0.362900
vt 0.969800 0.362600
vt 0.971200 0.363400
vt 0.968900 0.362600
vt 0.968400 0.362200
vt 0.967100 0.362200
vt 0.967800 0.362600
vt 0.966300 0.361800
vt 0.965500 0.360500
vt 0.965600 0.361200
vt 0.970900 0.364900
vt 0.970500 0.365400
vt 0.970000 0.365100
vt 0.970300 0.364500
vt 0.970000 0.366000
vt 0.969600 0.365700
vt 0.969100 0.365400
vt 0.969500 0.364800
vt 0.969700 0.364300
vt 0.969100 0.366300
vt 0.969500 0.366600
vt 0.968700 0.366100
vt 0.967800 0.365700
vt 0.968300 0.365800
vt 0.968100 0.365100
vt 0.968600 0.365200
vt 0.968700 0.364200
vt 0.969100 0.364200
vt 0.969000 0.364700
vt 0.968500 0.364600
vt 0.938300 0.402800
vt 0.937700 0.400500
vt 0.939600 0.400200
vt 0.940200 0.402400
vt 0.937200 0.398200
vt 0.939100 0.398000
vt 0.940900 0.397900
vt 0.941400 0.400100
vt 0.941900 0.402200
vt 0.987300 0.362300
vt 0.986600 0.362200
vt 0.986800 0.361700
vt 0.987600 0.362000
vt 0.985800 0.362100
vt 0.986000 0.361500
vt 0.986200 0.361000
vt 0.987100 0.361200
vt 0.987900 0.361500
vt 0.984300 0.361600
vt 0.984300 0.361200
vt 0.985100 0.361300
vt 0.984900 0.361800
vt 0.984400 0.360600
vt 0.985200 0.360800
vt 0.985000 0.359800
vt 0.985600 0.359800
vt 0.985500 0.360300
vt 0.984700 0.360100
vt 0.986500 0.360000
vt 0.986300 0.360500
vt 0.987800 0.360500
vt 0.987900 0.360900
vt 0.987200 0.360700
vt 0.987300 0.360300
vt 0.967500 0.346200
vt 0.967000 0.346900
vt 0.968700 0.346100
vt 0.968400 0.346700
vt 0.968100 0.347300
vt 0.966300 0.347600
vt 0.970900 0.345000
vt 0.971100 0.345300
vt 0.969800 0.346100
vt 0.969900 0.345700
vt 0.971400 0.345600
vt 0.969800 0.346600
vt 0.972200 0.346400
vt 0.970300 0.347500
vt 0.970000 0.347100
vt 0.971700 0.346000
vt 0.968200 0.348500
vt 0.967900 0.347900
vt 0.965700 0.348500
vt 0.965700 0.349300
vt 0.971800 0.350600
vt 0.973200 0.350700
vt 0.972600 0.351600
vt 0.972900 0.349700
vt 0.974100 0.349900
vt 0.975200 0.350200
vt 0.974400 0.350900
vt 0.973900 0.351700
vt 0.975300 0.348000
vt 0.976200 0.348500
vt 0.975100 0.349200
vt 0.974100 0.348900
vt 0.977000 0.349000
vt 0.976100 0.349600
vt 0.976900 0.350200
vt 0.977700 0.349700
vt 0.976100 0.350700
vt 0.974900 0.351900
vt 0.975400 0.351200
vt 0.976700 0.383500
vt 0.978100 0.384800
vt 0.975300 0.382200
vt 0.976500 0.380900
vt 0.977900 0.381900
vt 0.979400 0.383000
vt 0.973000 0.380200
vt 0.974100 0.381100
vt 0.974200 0.379200
vt 0.975200 0.380000
vt 0.976300 0.379000
vt 0.975300 0.378300
vt 0.977600 0.379600
vt 0.980800 0.381200
vt 0.979100 0.380400
vt 0.968800 0.328200
vt 0.970700 0.329200
vt 0.970900 0.330200
vt 0.968900 0.329000
vt 0.972700 0.330100
vt 0.972900 0.331200
vt 0.973100 0.332500
vt 0.971000 0.331300
vt 0.969000 0.329900
vt 0.976500 0.331100
vt 0.976900 0.332900
vt 0.974900 0.332100
vt 0.974600 0.330700
vt 0.977200 0.334600
vt 0.975100 0.333600
vt 0.975400 0.335000
vt 0.977600 0.336400
vt 0.973200 0.333700
vt 0.969000 0.331000
vt 0.971100 0.332500
vt 0.963100 0.321800
vt 0.964200 0.323200
vt 0.963900 0.323700
vt 0.963700 0.321400
vt 0.964700 0.322800
vt 0.965900 0.324300
vt 0.965600 0.324700
vt 0.965400 0.325300
vt 0.965400 0.322400
vt 0.964500 0.321000
vt 0.966500 0.323800
vt 0.969100 0.326100
vt 0.967700 0.325100
vt 0.968900 0.326800
vt 0.967300 0.325600
vt 0.967000 0.326800
vt 0.967100 0.326200
vt 0.968800 0.327400
vt 0.934900 0.412900
vt 0.935000 0.412100
vt 0.936200 0.411900
vt 0.935800 0.413100
vt 0.934900 0.411200
vt 0.936100 0.410800
vt 0.937100 0.410500
vt 0.937400 0.411900
vt 0.936900 0.413400
vt 0.933900 0.409700
vt 0.934400 0.409200
vt 0.935500 0.409800
vt 0.934400 0.410300
vt 0.935000 0.408400
vt 0.936400 0.409200
vt 0.937300 0.408500
vt 0.935700 0.407300
vt 0.938300 0.410100
vt 0.938300 0.413800
vt 0.938700 0.412000
vt 0.930400 0.419900
vt 0.926700 0.421000
vt 0.926800 0.420200
vt 0.929700 0.419000
vt 0.923100 0.422100
vt 0.924000 0.421000
vt 0.924700 0.420100
vt 0.926600 0.419300
vt 0.929100 0.418200
vt 0.915800 0.424300
vt 0.919500 0.421200
vt 0.921400 0.421500
vt 0.919400 0.423200
vt 0.922300 0.419200
vt 0.923600 0.420000
vt 0.927600 0.416500
vt 0.928400 0.417400
vt 0.925900 0.418600
vt 0.925000 0.417700
vt 0.924300 0.416400
vt 0.927000 0.415200
vt 0.921500 0.417800
vt 0.920900 0.416000
vt 0.923800 0.414800
vt 0.926600 0.413800
vt 0.915300 0.421200
vt 0.918400 0.419500
vt 0.914900 0.418500
vt 0.917900 0.417200
vt 0.917800 0.412600
vt 0.917600 0.414800
vt 0.914400 0.415700
vt 0.920800 0.412300
vt 0.920700 0.414000
vt 0.926200 0.410900
vt 0.926300 0.412300
vt 0.923600 0.413100
vt 0.923500 0.411600
vt 0.923800 0.410500
vt 0.926200 0.409900
vt 0.921400 0.410900
vt 0.922100 0.410000
vt 0.923900 0.409500
vt 0.926300 0.408900
vt 0.919100 0.410900
vt 0.921200 0.409600
vt 0.926000 0.407900
vt 0.923500 0.408700
vt 0.932200 0.417800
vt 0.933000 0.418600
vt 0.931500 0.417100
vt 0.933700 0.415900
vt 0.934600 0.416600
vt 0.935500 0.417200
vt 0.930100 0.415300
vt 0.930800 0.416300
vt 0.932200 0.414300
vt 0.932900 0.415200
vt 0.934600 0.414100
vt 0.933900 0.413500
vt 0.935600 0.414700
vt 0.938100 0.415900
vt 0.936800 0.415300
vt 0.928700 0.410400
vt 0.928800 0.411600
vt 0.930900 0.410000
vt 0.931100 0.411100
vt 0.931400 0.412200
vt 0.929100 0.412900
vt 0.932900 0.410700
vt 0.932700 0.409800
vt 0.933300 0.411600
vt 0.933500 0.412600
vt 0.931700 0.413300
vt 0.929500 0.414200
vt 0.928600 0.407300
vt 0.931100 0.406900
vt 0.931100 0.408100
vt 0.928700 0.408400
vt 0.933600 0.406800
vt 0.933200 0.408000
vt 0.932900 0.408900
vt 0.930900 0.409000
vt 0.928700 0.409400
vt 0.972200 0.340300
vt 0.972100 0.340500
vt 0.971900 0.340200
vt 0.972000 0.340100
vt 0.972000 0.340700
vt 0.971700 0.340400
vt 0.971400 0.340100
vt 0.971600 0.339900
vt 0.971700 0.339700
vt 0.971600 0.340800
vt 0.971400 0.340700
vt 0.971500 0.340500
vt 0.971800 0.340800
vt 0.971100 0.340400
vt 0.971300 0.340200
vt 0.970800 0.339900
vt 0.970800 0.339600
vt 0.971000 0.339900
vt 0.970900 0.340100
vt 0.970900 0.339400
vt 0.971100 0.339700
vt 0.971100 0.339100
vt 0.971400 0.339400
vt 0.971300 0.339600
vt 0.971000 0.339200
vt 0.895400 0.381400
vt 0.894400 0.379400
vt 0.896500 0.383200
vt 0.893300 0.384100
vt 0.892300 0.382300
vt 0.891300 0.380300
vt 0.898700 0.386600
vt 0.897600 0.384900
vt 0.895500 0.387500
vt 0.894400 0.385800
vt 0.891500 0.386700
vt 0.892600 0.388300
vt 0.890400 0.385000
vt 0.888400 0.381100
vt 0.889400 0.383100
vt 0.899800 0.388200
vt 0.900800 0.389700
vt 0.897600 0.390500
vt 0.896600 0.389000
vt 0.902100 0.392900
vt 0.901600 0.391300
vt 0.899100 0.393300
vt 0.898500 0.392000
vt 0.895600 0.392800
vt 0.896400 0.394000
vt 0.894700 0.391400
vt 0.893700 0.389900
vt 0.889400 0.353700
vt 0.889500 0.351300
vt 0.889400 0.356000
vt 0.886200 0.356800
vt 0.886300 0.354500
vt 0.886400 0.352100
vt 0.889400 0.360800
vt 0.889300 0.358400
vt 0.886300 0.361600
vt 0.886200 0.359200
vt 0.883300 0.360000
vt 0.883400 0.362400
vt 0.883200 0.357600
vt 0.883300 0.352900
vt 0.883200 0.355300
vt 0.889700 0.363100
vt 0.890100 0.365500
vt 0.887000 0.366300
vt 0.886600 0.364000
vt 0.891200 0.370200
vt 0.890600 0.367800
vt 0.888100 0.371100
vt 0.887500 0.368700
vt 0.884600 0.369500
vt 0.885200 0.371900
vt 0.884100 0.367100
vt 0.883700 0.364800
vt 0.891900 0.372600
vt 0.892600 0.374900
vt 0.889500 0.375800
vt 0.888800 0.373500
vt 0.893400 0.377200
vt 0.890300 0.378100
vt 0.887500 0.378900
vt 0.886700 0.376700
vt 0.885900 0.374300
vt 0.897000 0.395200
vt 0.899300 0.394600
vt 0.899400 0.395900
vt 0.897500 0.396400
vt 0.901800 0.394400
vt 0.901300 0.395700
vt 0.900800 0.398200
vt 0.900900 0.397000
vt 0.899700 0.398500
vt 0.899500 0.397100
vt 0.898000 0.397600
vt 0.898500 0.398900
vt 0.895300 0.417500
vt 0.896700 0.415300
vt 0.898600 0.415200
vt 0.897900 0.417300
vt 0.897700 0.413500
vt 0.899200 0.413300
vt 0.900700 0.413000
vt 0.900500 0.414800
vt 0.900300 0.416800
vt 0.901200 0.399500
vt 0.901800 0.401000
vt 0.900700 0.401400
vt 0.900100 0.399900
vt 0.903100 0.404200
vt 0.902400 0.402500
vt 0.902000 0.404600
vt 0.901300 0.403000
vt 0.900400 0.403400
vt 0.901000 0.404900
vt 0.899700 0.401800
vt 0.899000 0.400300
vt 0.901600 0.406400
vt 0.902600 0.406100
vt 0.903100 0.407500
vt 0.902100 0.407800
vt 0.903700 0.405700
vt 0.904200 0.407200
vt 0.904700 0.408500
vt 0.903700 0.408800
vt 0.902600 0.409200
vt 0.911400 0.417100
vt 0.911900 0.419800
vt 0.909000 0.421000
vt 0.908500 0.418400
vt 0.912900 0.425300
vt 0.912400 0.422500
vt 0.910000 0.426400
vt 0.909500 0.423600
vt 0.906700 0.424700
vt 0.907100 0.427400
vt 0.906200 0.422000
vt 0.905800 0.419600
vt 0.949200 0.341900
vt 0.950300 0.344400
vt 0.951300 0.341800
vt 0.952500 0.344200
vt 0.953600 0.346500
vt 0.951300 0.346800
vt 0.954700 0.344000
vt 0.953500 0.341600
vt 0.955900 0.346300
vt 0.958500 0.350800
vt 0.957300 0.348500
vt 0.955600 0.351100
vt 0.954700 0.348800
vt 0.952300 0.349100
vt 0.953100 0.351500
vt 0.953600 0.353900
vt 0.956100 0.353500
vt 0.956400 0.356000
vt 0.953900 0.356400
vt 0.958900 0.353200
vt 0.959000 0.355700
vt 0.959200 0.360700
vt 0.959100 0.358200
vt 0.956600 0.361100
vt 0.956500 0.358600
vt 0.954100 0.359000
vt 0.954300 0.361700
vt 0.954500 0.364400
vt 0.956700 0.363800
vt 0.956700 0.366300
vt 0.954800 0.367000
vt 0.958900 0.363300
vt 0.958600 0.365700
vt 0.958600 0.367900
vt 0.956900 0.368600
vt 0.955200 0.369400
vt 0.962200 0.379400
vt 0.963100 0.378400
vt 0.964100 0.379000
vt 0.961100 0.378800
vt 0.962000 0.377800
vt 0.963000 0.376800
vt 0.964100 0.377400
vt 0.965100 0.378000
vt 0.960900 0.377100
vt 0.959800 0.378100
vt 0.961900 0.376100
vt 0.964000 0.374200
vt 0.963000 0.375100
vt 0.965100 0.374800
vt 0.964100 0.375800
vt 0.966300 0.376900
vt 0.965200 0.376300
vt 0.966300 0.375200
vt 0.955700 0.381300
vt 0.957300 0.382000
vt 0.956500 0.379800
vt 0.958000 0.380500
vt 0.959400 0.381100
vt 0.958800 0.382500
vt 0.958900 0.379200
vt 0.957500 0.378500
vt 0.960200 0.379900
vt 0.961400 0.380500
vt 0.960700 0.381700
vt 0.960100 0.383100
vt 0.953600 0.375400
vt 0.954800 0.376700
vt 0.953500 0.378000
vt 0.952000 0.376700
vt 0.956100 0.377700
vt 0.955000 0.379000
vt 0.953400 0.382700
vt 0.954000 0.380600
vt 0.951400 0.381900
vt 0.952300 0.379700
vt 0.950400 0.378500
vt 0.949200 0.380900
vt 0.950100 0.391500
vt 0.949500 0.387800
vt 0.951300 0.388000
vt 0.951900 0.391500
vt 0.949100 0.384100
vt 0.951200 0.384800
vt 0.953100 0.385300
vt 0.953200 0.388300
vt 0.953600 0.391600
vt 0.958900 0.397500
vt 0.960500 0.397100
vt 0.961900 0.399700
vt 0.960400 0.400400
vt 0.963200 0.396200
vt 0.961900 0.396600
vt 0.964500 0.398400
vt 0.963200 0.399100
vt 0.967800 0.402700
vt 0.966500 0.403800
vt 0.964800 0.401400
vt 0.966000 0.400600
vt 0.965100 0.404900
vt 0.963400 0.402300
vt 0.962000 0.403200
vt 0.963800 0.406000
vt 0.954000 0.320600
vt 0.953100 0.319500
vt 0.954600 0.318700
vt 0.952400 0.321500
vt 0.951400 0.320400
vt 0.950500 0.319300
vt 0.952300 0.318300
vt 0.954000 0.317500
vt 0.949700 0.321600
vt 0.950900 0.322600
vt 0.948600 0.320500
vt 0.946400 0.317900
vt 0.947500 0.319200
vt 0.948700 0.316900
vt 0.949600 0.318100
vt 0.953300 0.314700
vt 0.953500 0.316200
vt 0.951600 0.317100
vt 0.951000 0.315800
vt 0.953100 0.326300
vt 0.954400 0.325200
vt 0.955500 0.326100
vt 0.951900 0.325500
vt 0.953300 0.324400
vt 0.954700 0.323400
vt 0.955800 0.324400
vt 0.956800 0.325400
vt 0.952100 0.323500
vt 0.950600 0.324700
vt 0.953500 0.322500
vt 0.955000 0.321600
vt 0.956100 0.322600
vt 0.958400 0.324900
vt 0.957300 0.323700
vt 0.947200 0.329500
vt 0.946700 0.331600
vt 0.948000 0.327700
vt 0.949600 0.328200
vt 0.948800 0.330000
vt 0.948500 0.332000
vt 0.949200 0.326100
vt 0.950600 0.326800
vt 0.952000 0.327400
vt 0.951000 0.328800
vt 0.950100 0.332300
vt 0.950400 0.330400
vt 0.946900 0.334000
vt 0.948700 0.334200
vt 0.949300 0.336700
vt 0.947400 0.336600
vt 0.950400 0.334400
vt 0.951100 0.336800
vt 0.952200 0.339200
vt 0.950200 0.339300
vt 0.948200 0.339300
vt 0.964300 0.342400
vt 0.964600 0.343300
vt 0.965200 0.342300
vt 0.965500 0.343100
vt 0.966000 0.343900
vt 0.965200 0.344200
vt 0.966200 0.343000
vt 0.965900 0.342300
vt 0.966600 0.343600
vt 0.967700 0.344600
vt 0.967100 0.344200
vt 0.967400 0.345000
vt 0.966700 0.344500
vt 0.966000 0.344900
vt 0.967000 0.345500
vt 0.972200 0.352800
vt 0.973700 0.352700
vt 0.973700 0.353900
vt 0.972200 0.354100
vt 0.974800 0.352700
vt 0.974900 0.353700
vt 0.975000 0.354600
vt 0.973900 0.355000
vt 0.972400 0.355300
vt 0.967500 0.363300
vt 0.966800 0.364000
vt 0.968100 0.363600
vt 0.967500 0.364200
vt 0.967000 0.364900
vt 0.966300 0.364900
vt 0.968000 0.364400
vt 0.968500 0.363900
vt 0.967600 0.365000
vt 0.967300 0.365700
vt 0.966700 0.365800
vt 0.965900 0.365900
vt 0.970000 0.371100
vt 0.968900 0.371100
vt 0.969200 0.370300
vt 0.969800 0.370400
vt 0.968000 0.370900
vt 0.968400 0.370100
vt 0.968900 0.369400
vt 0.969400 0.369600
vt 0.969900 0.369700
vt 0.967800 0.369800
vt 0.967200 0.370600
vt 0.968300 0.369000
vt 0.969300 0.367700
vt 0.968800 0.368300
vt 0.969700 0.368000
vt 0.969300 0.368600
vt 0.970500 0.368500
vt 0.970100 0.369100
vt 0.969700 0.368900
vt 0.970100 0.368300
vt 0.964000 0.372600
vt 0.964900 0.373200
vt 0.964900 0.371700
vt 0.965800 0.372300
vt 0.966700 0.372800
vt 0.965900 0.373800
vt 0.966500 0.371400
vt 0.965800 0.370900
vt 0.967400 0.371800
vt 0.969600 0.372000
vt 0.968400 0.372000
vt 0.969200 0.372900
vt 0.967800 0.373000
vt 0.967100 0.374100
vt 0.968600 0.374000
vt 0.964100 0.368700
vt 0.964500 0.369600
vt 0.963500 0.370300
vt 0.963000 0.369300
vt 0.965100 0.370300
vt 0.964200 0.371100
vt 0.963100 0.371900
vt 0.962400 0.371000
vt 0.961900 0.369900
vt 0.965800 0.386200
vt 0.965900 0.387600
vt 0.966400 0.386400
vt 0.966600 0.387700
vt 0.967000 0.389100
vt 0.966200 0.389200
vt 0.967500 0.386800
vt 0.967900 0.387600
vt 0.967300 0.387700
vt 0.967100 0.386600
vt 0.968400 0.388700
vt 0.967700 0.389000
vt 0.968300 0.390500
vt 0.969100 0.390200
vt 0.967500 0.390700
vt 0.966700 0.390900
vt 0.968500 0.379400
vt 0.968100 0.378800
vt 0.967600 0.380300
vt 0.967100 0.379800
vt 0.966500 0.379200
vt 0.967600 0.378200
vt 0.966300 0.380600
vt 0.966900 0.381200
vt 0.965600 0.380100
vt 0.964900 0.379600
vt 0.965900 0.378600
vt 0.967000 0.377500
vt 0.968200 0.383600
vt 0.968800 0.382900
vt 0.967600 0.382900
vt 0.968100 0.382200
vt 0.968800 0.381400
vt 0.969400 0.382100
vt 0.967500 0.381700
vt 0.966900 0.382400
vt 0.968200 0.380900
vt 0.970100 0.379100
vt 0.969000 0.380000
vt 0.970500 0.379700
vt 0.969600 0.380600
vt 0.970200 0.381300
vt 0.971100 0.380400
vt 0.965800 0.385000
vt 0.966100 0.384100
vt 0.966700 0.384400
vt 0.966500 0.385300
vt 0.966400 0.383200
vt 0.967100 0.383700
vt 0.968500 0.385000
vt 0.967800 0.384300
vt 0.968100 0.385600
vt 0.967400 0.384900
vt 0.967100 0.385700
vt 0.967700 0.386300
vt 0.974400 0.376200
vt 0.974500 0.376900
vt 0.973100 0.377700
vt 0.972800 0.377000
vt 0.974800 0.377600
vt 0.973500 0.378400
vt 0.972300 0.379400
vt 0.971700 0.378700
vt 0.971300 0.378100
vt 0.959100 0.313400
vt 0.959000 0.314600
vt 0.957800 0.314900
vt 0.957700 0.313700
vt 0.959100 0.315800
vt 0.958000 0.316000
vt 0.956800 0.316400
vt 0.956500 0.315200
vt 0.956200 0.314000
vt 0.958300 0.317200
vt 0.959300 0.316800
vt 0.957200 0.317600
vt 0.956000 0.318000
vt 0.955500 0.316900
vt 0.954800 0.314400
vt 0.955100 0.315600
vt 0.962400 0.316900
vt 0.962200 0.316000
vt 0.961400 0.317200
vt 0.961100 0.316300
vt 0.961000 0.315300
vt 0.962000 0.315100
vt 0.960200 0.316500
vt 0.960500 0.317500
vt 0.960000 0.315500
vt 0.960000 0.313400
vt 0.960000 0.314500
vt 0.960800 0.313500
vt 0.960900 0.314400
vt 0.961800 0.314300
vt 0.961600 0.313500
vt 0.962100 0.320600
vt 0.961400 0.319500
vt 0.962200 0.319100
vt 0.962800 0.320200
vt 0.960900 0.318500
vt 0.961700 0.318100
vt 0.964000 0.317400
vt 0.962700 0.317800
vt 0.964400 0.318400
vt 0.963200 0.318800
vt 0.963700 0.319800
vt 0.964900 0.319500
vt 0.967000 0.399900
vt 0.968500 0.401900
vt 0.965600 0.397900
vt 0.966500 0.397400
vt 0.967800 0.399300
vt 0.969200 0.401100
vt 0.964400 0.395800
vt 0.965400 0.395400
vt 0.966400 0.395000
vt 0.967400 0.396900
vt 0.969800 0.400400
vt 0.968600 0.398600
vt 0.971300 0.315600
vt 0.969300 0.316100
vt 0.971800 0.316600
vt 0.969800 0.317100
vt 0.967800 0.317600
vt 0.967300 0.316600
vt 0.970300 0.318100
vt 0.972300 0.317600
vt 0.968300 0.318600
vt 0.966500 0.319100
vt 0.965900 0.318000
vt 0.965500 0.317000
vt 0.978500 0.373700
vt 0.978800 0.372600
vt 0.981100 0.372600
vt 0.980600 0.373700
vt 0.979700 0.369800
vt 0.979200 0.371300
vt 0.982200 0.370000
vt 0.981600 0.371300
vt 0.986900 0.370500
vt 0.986200 0.371800
vt 0.983900 0.371500
vt 0.984500 0.370200
vt 0.985500 0.373000
vt 0.983300 0.372800
vt 0.982600 0.374000
vt 0.984700 0.374300
vt 0.969800 0.389700
vt 0.970700 0.391200
vt 0.969000 0.388300
vt 0.969700 0.387900
vt 0.970600 0.389200
vt 0.971500 0.390700
vt 0.968400 0.387200
vt 0.968800 0.386600
vt 0.969400 0.386100
vt 0.970300 0.387300
vt 0.972300 0.390200
vt 0.971300 0.388700
vt 0.961900 0.329300
vt 0.960600 0.329100
vt 0.960300 0.328200
vt 0.961600 0.328400
vt 0.959600 0.329300
vt 0.959100 0.328400
vt 0.958500 0.327400
vt 0.959800 0.327200
vt 0.961200 0.327400
vt 0.958000 0.328900
vt 0.958700 0.329700
vt 0.957300 0.328000
vt 0.956500 0.327000
vt 0.957700 0.326400
vt 0.960800 0.326300
vt 0.959200 0.326100
vt 0.959700 0.332300
vt 0.960300 0.331900
vt 0.960700 0.332500
vt 0.959200 0.331700
vt 0.959800 0.331200
vt 0.960400 0.330900
vt 0.960800 0.331600
vt 0.961200 0.332200
vt 0.959300 0.330500
vt 0.958500 0.331000
vt 0.960000 0.330100
vt 0.961600 0.329900
vt 0.960900 0.329900
vt 0.961700 0.330500
vt 0.961100 0.330600
vt 0.962200 0.331800
vt 0.961700 0.332000
vt 0.961400 0.331300
vt 0.961900 0.331200
vt 0.957100 0.333000
vt 0.957000 0.333900
vt 0.957400 0.332300
vt 0.958200 0.332700
vt 0.957900 0.333400
vt 0.957800 0.334000
vt 0.957900 0.331600
vt 0.958600 0.332200
vt 0.959200 0.332700
vt 0.958800 0.333200
vt 0.958400 0.334200
vt 0.958500 0.333700
vt 0.957200 0.334800
vt 0.958000 0.334800
vt 0.958400 0.335500
vt 0.957700 0.335700
vt 0.958600 0.334800
vt 0.958900 0.335400
vt 0.959800 0.336300
vt 0.959300 0.335900
vt 0.959500 0.336600
vt 0.958900 0.336200
vt 0.958300 0.336500
vt 0.959100 0.337000
vt 0.974200 0.370800
vt 0.975300 0.369200
vt 0.972400 0.372200
vt 0.972400 0.371500
vt 0.973800 0.370300
vt 0.974700 0.369000
vt 0.970500 0.373300
vt 0.970800 0.372400
vt 0.971300 0.370900
vt 0.971000 0.371600
vt 0.972500 0.370400
vt 0.972500 0.370900
vt 0.974300 0.368500
vt 0.974400 0.368700
vt 0.973700 0.369900
vt 0.973600 0.369600
vt 0.963100 0.329000
vt 0.963200 0.329700
vt 0.962900 0.328200
vt 0.964500 0.329400
vt 0.964500 0.330000
vt 0.964400 0.330500
vt 0.962600 0.326300
vt 0.962700 0.327300
vt 0.964700 0.328100
vt 0.964600 0.328800
vt 0.967300 0.332200
vt 0.966300 0.330500
vt 0.966700 0.330100
vt 0.966600 0.332300
vt 0.965800 0.330800
vt 0.966100 0.332700
vt 0.965500 0.331500
vt 0.965600 0.331200
vt 0.966200 0.332500
vt 0.962400 0.335500
vt 0.961700 0.335900
vt 0.962600 0.335800
vt 0.961800 0.336300
vt 0.961000 0.336600
vt 0.961000 0.336200
vt 0.961800 0.336600
vt 0.962800 0.336000
vt 0.960900 0.337000
vt 0.960000 0.337100
vt 0.960200 0.336700
vt 0.960400 0.336300
vt 0.965700 0.333700
vt 0.965300 0.333900
vt 0.965700 0.333300
vt 0.965000 0.334700
vt 0.964600 0.334700
vt 0.964200 0.334600
vt 0.964800 0.334000
vt 0.965200 0.333500
vt 0.963700 0.335400
vt 0.964000 0.335500
vt 0.963400 0.335200
vt 0.962700 0.334700
vt 0.963100 0.335000
vt 0.963200 0.334300
vt 0.963700 0.334500
vt 0.964100 0.333500
vt 0.964700 0.333600
vt 0.964300 0.334000
vt 0.963700 0.333900
vt 0.964600 0.336000
vt 0.964900 0.336400
vt 0.964400 0.335800
vt 0.965600 0.334700
vt 0.965900 0.334900
vt 0.966300 0.335200
vt 0.964200 0.335600
vt 0.965300 0.334700
vt 0.966000 0.333600
vt 0.966400 0.333600
vt 0.967600 0.334000
vt 0.967000 0.333700
vt 0.961200 0.333200
vt 0.961700 0.332900
vt 0.962200 0.333500
vt 0.961700 0.333800
vt 0.962500 0.332400
vt 0.962100 0.332600
vt 0.963000 0.332900
vt 0.962600 0.333100
vt 0.963200 0.333600
vt 0.963500 0.333300
vt 0.962700 0.333900
vt 0.962200 0.334300
vt 0.968900 0.337500
vt 0.968700 0.336700
vt 0.967800 0.337900
vt 0.967500 0.337200
vt 0.967100 0.336500
vt 0.968500 0.335900
vt 0.966200 0.337900
vt 0.966700 0.338400
vt 0.965700 0.337300
vt 0.965300 0.336800
vt 0.966700 0.335800
vt 0.968100 0.334900
vt 0.967300 0.340400
vt 0.967900 0.340000
vt 0.968300 0.340600
vt 0.966800 0.339900
vt 0.967500 0.339500
vt 0.968300 0.339100
vt 0.968500 0.339700
vt 0.968800 0.340300
vt 0.967100 0.339000
vt 0.966200 0.339500
vt 0.968000 0.338500
vt 0.969700 0.338100
vt 0.968900 0.338200
vt 0.969600 0.338700
vt 0.969000 0.338800
vt 0.969700 0.339900
vt 0.969300 0.340100
vt 0.969100 0.339400
vt 0.969600 0.339300
vt 0.964400 0.341600
vt 0.964800 0.340800
vt 0.965600 0.341000
vt 0.965300 0.341700
vt 0.965400 0.340100
vt 0.966100 0.340500
vt 0.966800 0.340800
vt 0.966300 0.341300
vt 0.966000 0.341800
vt 0.968800 0.341200
vt 0.969200 0.340900
vt 0.969700 0.341600
vt 0.969300 0.341900
vt 0.970000 0.340500
vt 0.969600 0.340700
vt 0.970300 0.341000
vt 0.970000 0.341300
vt 0.971200 0.341800
vt 0.971000 0.342100
vt 0.970500 0.341800
vt 0.970700 0.341500
vt 0.970600 0.342600
vt 0.970100 0.342100
vt 0.969800 0.342500
vt 0.970200 0.343000
vt 0.979200 0.350100
vt 0.979700 0.351200
vt 0.980000 0.349500
vt 0.980500 0.350800
vt 0.981000 0.352200
vt 0.980100 0.352600
vt 0.981600 0.348300
vt 0.982100 0.349800
vt 0.981300 0.350300
vt 0.980800 0.349000
vt 0.982600 0.351400
vt 0.981800 0.351800
vt 0.983600 0.354400
vt 0.982700 0.354800
vt 0.982300 0.353300
vt 0.983100 0.352900
vt 0.981900 0.355200
vt 0.981400 0.353700
vt 0.980400 0.354000
vt 0.980600 0.355400
vt 0.981100 0.363100
vt 0.979400 0.362300
vt 0.980100 0.361000
vt 0.981200 0.361400
vt 0.978100 0.361500
vt 0.979000 0.360300
vt 0.979900 0.359100
vt 0.980800 0.359700
vt 0.981700 0.360100
vt 0.977800 0.359600
vt 0.976800 0.360600
vt 0.978800 0.358600
vt 0.980600 0.356200
vt 0.979700 0.357400
vt 0.981800 0.356800
vt 0.980800 0.357900
vt 0.983400 0.357500
vt 0.982500 0.358800
vt 0.981700 0.358400
vt 0.982600 0.357100
vt 0.972300 0.361900
vt 0.973900 0.363100
vt 0.973200 0.363700
vt 0.973200 0.361300
vt 0.974700 0.362400
vt 0.976200 0.363600
vt 0.975400 0.364600
vt 0.974700 0.365300
vt 0.975700 0.361500
vt 0.974300 0.360600
vt 0.977100 0.362600
vt 0.980300 0.364500
vt 0.978600 0.363600
vt 0.979400 0.366000
vt 0.977700 0.364900
vt 0.975900 0.367100
vt 0.976800 0.366200
vt 0.978400 0.367500
vt 0.970300 0.358400
vt 0.971500 0.359100
vt 0.970000 0.359700
vt 0.968500 0.359000
vt 0.972900 0.359800
vt 0.971600 0.360500
vt 0.970600 0.361000
vt 0.968700 0.360300
vt 0.966700 0.359700
vt 0.974000 0.367100
vt 0.974300 0.367300
vt 0.973300 0.365800
vt 0.973500 0.365800
vt 0.973800 0.365800
vt 0.974600 0.367400
vt 0.972500 0.364500
vt 0.972400 0.364600
vt 0.972600 0.364300
vt 0.972800 0.364100
vt 0.974200 0.365600
vt 0.975100 0.367400
vt 0.971100 0.364500
vt 0.971800 0.365100
vt 0.971400 0.365400
vt 0.971200 0.364100
vt 0.972000 0.364900
vt 0.972700 0.365800
vt 0.972400 0.365800
vt 0.971900 0.366000
vt 0.972200 0.364700
vt 0.971300 0.363900
vt 0.973100 0.365800
vt 0.974100 0.367800
vt 0.973700 0.366900
vt 0.973700 0.367400
vt 0.973300 0.366700
vt 0.972600 0.367200
vt 0.972300 0.366600
vt 0.972800 0.366600
vt 0.973200 0.367200
vt 0.968300 0.362900
vt 0.969300 0.362900
vt 0.969600 0.363300
vt 0.968800 0.363300
vt 0.970300 0.363300
vt 0.970400 0.363600
vt 0.970400 0.364000
vt 0.969700 0.363800
vt 0.969000 0.363700
vt 0.971000 0.365900
vt 0.971400 0.366400
vt 0.970800 0.366800
vt 0.970400 0.366400
vt 0.972000 0.367300
vt 0.971800 0.366900
vt 0.971500 0.367600
vt 0.971200 0.367200
vt 0.970600 0.367700
vt 0.971000 0.368000
vt 0.970300 0.367400
vt 0.969900 0.367000
vt 0.985100 0.368900
vt 0.987400 0.369200
vt 0.982800 0.368600
vt 0.983500 0.367300
vt 0.985700 0.367600
vt 0.987900 0.367900
vt 0.980500 0.368300
vt 0.981300 0.366700
vt 0.982800 0.364200
vt 0.982100 0.365300
vt 0.984600 0.364800
vt 0.984100 0.366000
vt 0.988900 0.365400
vt 0.988400 0.366700
vt 0.986200 0.366400
vt 0.986600 0.365200
vt 0.970200 0.343900
vt 0.969600 0.344300
vt 0.970500 0.344300
vt 0.969800 0.344800
vt 0.969000 0.345100
vt 0.969000 0.344600
vt 0.969800 0.345200
vt 0.970700 0.344700
vt 0.968900 0.345600
vt 0.968000 0.345700
vt 0.968200 0.345200
vt 0.968300 0.344700
vt 0.973200 0.341900
vt 0.972600 0.342200
vt 0.972900 0.341400
vt 0.972700 0.343000
vt 0.972100 0.343100
vt 0.971600 0.343000
vt 0.972100 0.342300
vt 0.972300 0.341800
vt 0.971500 0.343900
vt 0.971900 0.344100
vt 0.971100 0.343700
vt 0.970700 0.343400
vt 0.971100 0.342900
vt 0.971800 0.341900
vt 0.971500 0.342300
vt 0.973200 0.344600
vt 0.973800 0.344900
vt 0.972700 0.344400
vt 0.973800 0.342900
vt 0.974500 0.342900
vt 0.975200 0.343100
vt 0.972300 0.344200
vt 0.973200 0.342900
vt 0.973800 0.341600
vt 0.974500 0.341300
vt 0.976400 0.340900
vt 0.975500 0.341000
vt 0.972800 0.346700
vt 0.971000 0.347900
vt 0.973600 0.347100
vt 0.971900 0.348300
vt 0.970200 0.349200
vt 0.969000 0.348900
vt 0.973000 0.348600
vt 0.974400 0.347600
vt 0.971500 0.349500
vt 0.970300 0.350400
vt 0.968600 0.350200
vt 0.966900 0.349900
vt 0.980000 0.343400
vt 0.978800 0.344600
vt 0.978300 0.343600
vt 0.979500 0.342100
vt 0.977700 0.345800
vt 0.977000 0.345000
vt 0.976400 0.344200
vt 0.977700 0.342500
vt 0.979000 0.340800
vt 0.975800 0.346400
vt 0.976500 0.347000
vt 0.975100 0.345800
vt 0.974400 0.345300
vt 0.975800 0.343600
vt 0.978400 0.339400
vt 0.977100 0.341600
vt 0.978600 0.349100
vt 0.977900 0.348300
vt 0.978900 0.347500
vt 0.979500 0.348500
vt 0.977200 0.347600
vt 0.978300 0.346700
vt 0.980400 0.344700
vt 0.979300 0.345700
vt 0.980800 0.345900
vt 0.979800 0.346700
vt 0.980300 0.347800
vt 0.981200 0.347100
vt 0.970600 0.326800
vt 0.972300 0.327200
vt 0.972400 0.328100
vt 0.970600 0.327600
vt 0.976300 0.327800
vt 0.974200 0.327500
vt 0.976400 0.328900
vt 0.974400 0.328600
vt 0.974500 0.329600
vt 0.976500 0.330000
vt 0.972500 0.329100
vt 0.970600 0.328400
vt 0.966900 0.329300
vt 0.964900 0.327300
vt 0.965000 0.326600
vt 0.967000 0.328300
vt 0.962800 0.325600
vt 0.963200 0.324900
vt 0.963500 0.324300
vt 0.965200 0.325900
vt 0.967000 0.327500
vt 0.972500 0.368300
vt 0.972900 0.368200
vt 0.972000 0.368400
vt 0.971900 0.368200
vt 0.972400 0.368000
vt 0.972900 0.367900
vt 0.971300 0.368900
vt 0.971600 0.368700
vt 0.971100 0.368900
vt 0.971400 0.368500
vt 0.971200 0.368300
vt 0.970800 0.368700
vt 0.971700 0.367900
vt 0.972800 0.367600
vt 0.972300 0.367700
vt 0.973700 0.368700
vt 0.973600 0.368900
vt 0.973500 0.368400
vt 0.973700 0.368200
vt 0.973900 0.368500
vt 0.973800 0.368900
vt 0.973300 0.368300
vt 0.973400 0.368000
vt 0.973400 0.367700
vt 0.973800 0.367900
vt 0.974100 0.368800
vt 0.974100 0.368300
vt 0.973500 0.369400
vt 0.972600 0.370000
vt 0.972600 0.369800
vt 0.973300 0.369300
vt 0.970700 0.370500
vt 0.971600 0.370400
vt 0.971100 0.370200
vt 0.971800 0.370100
vt 0.971900 0.369800
vt 0.971400 0.369900
vt 0.972600 0.369600
vt 0.973100 0.369300
vt 0.971100 0.369300
vt 0.971100 0.369600
vt 0.970700 0.369700
vt 0.970800 0.369300
vt 0.971100 0.369800
vt 0.970800 0.370000
vt 0.970400 0.370300
vt 0.970300 0.369800
vt 0.970500 0.369200
vt 0.964900 0.332900
vt 0.964600 0.332800
vt 0.965200 0.332800
vt 0.965400 0.333000
vt 0.965000 0.333100
vt 0.964500 0.333000
vt 0.965300 0.332200
vt 0.965400 0.332500
vt 0.965500 0.332300
vt 0.965600 0.332700
vt 0.965800 0.332900
vt 0.965800 0.332400
vt 0.965400 0.333200
vt 0.964400 0.333300
vt 0.964900 0.333300
vt 0.963800 0.333000
vt 0.963300 0.332700
vt 0.963600 0.332500
vt 0.964000 0.332800
vt 0.962500 0.331700
vt 0.962900 0.332200
vt 0.962800 0.331600
vt 0.963200 0.332100
vt 0.963400 0.332000
vt 0.963100 0.331600
vt 0.963800 0.332400
vt 0.964200 0.332600
vt 0.965300 0.331700
vt 0.965100 0.331700
vt 0.964400 0.331100
vt 0.964400 0.330900
vt 0.964900 0.331800
vt 0.964300 0.331300
vt 0.963300 0.330700
vt 0.963800 0.330900
vt 0.963000 0.330300
vt 0.963600 0.330600
vt 0.963400 0.330200
vt 0.962600 0.329900
vt 0.963000 0.330700
vt 0.962900 0.330900
vt 0.962500 0.330700
vt 0.962600 0.330400
vt 0.962900 0.331300
vt 0.962600 0.331200
vt 0.962300 0.331100
vt 0.962100 0.330600
vt 0.962200 0.330100
vt 0.987500 0.359900
vt 0.988200 0.360400
vt 0.986600 0.359600
vt 0.986700 0.359200
vt 0.987800 0.359600
vt 0.988600 0.360300
vt 0.984800 0.359500
vt 0.985600 0.359400
vt 0.984400 0.359100
vt 0.985500 0.359000
vt 0.985200 0.357900
vt 0.985400 0.358500
vt 0.984100 0.358600
vt 0.986900 0.358400
vt 0.986800 0.358800
vt 0.990500 0.359400
vt 0.989300 0.360000
vt 0.988200 0.359300
vt 0.988700 0.358900
vt 0.988100 0.362300
vt 0.987500 0.362700
vt 0.988400 0.361700
vt 0.988900 0.361900
vt 0.988500 0.362700
vt 0.987700 0.363200
vt 0.988500 0.361100
vt 0.989000 0.361100
vt 0.990100 0.360900
vt 0.989500 0.361000
vt 0.989700 0.362400
vt 0.989300 0.362100
vt 0.988100 0.364000
vt 0.988900 0.363300
vt 0.989300 0.363900
vt 0.986700 0.364200
vt 0.985000 0.363900
vt 0.985300 0.363200
vt 0.986600 0.363400
vt 0.982400 0.362500
vt 0.983500 0.363400
vt 0.983200 0.362100
vt 0.984100 0.362800
vt 0.984600 0.362300
vt 0.983900 0.361800
vt 0.985500 0.362600
vt 0.986600 0.362800
vt 0.984100 0.359900
vt 0.983700 0.360500
vt 0.983100 0.360400
vt 0.983600 0.359600
vt 0.983600 0.361200
vt 0.982900 0.361300
vt 0.982200 0.361500
vt 0.982500 0.360300
vt 0.983100 0.359200
vt 0.971900 0.341000
vt 0.971600 0.341000
vt 0.972200 0.340900
vt 0.972300 0.341100
vt 0.971900 0.341200
vt 0.971500 0.341200
vt 0.972400 0.340400
vt 0.972400 0.340700
vt 0.972700 0.340400
vt 0.972600 0.340800
vt 0.972800 0.341000
vt 0.973000 0.340500
vt 0.972400 0.341400
vt 0.971400 0.341500
vt 0.971900 0.341500
vt 0.971000 0.341200
vt 0.970600 0.340800
vt 0.970800 0.340700
vt 0.971100 0.341000
vt 0.970100 0.339800
vt 0.970300 0.340400
vt 0.970400 0.339800
vt 0.970500 0.340300
vt 0.970700 0.340200
vt 0.970600 0.339800
vt 0.971000 0.340500
vt 0.971300 0.340800
vt 0.972700 0.339700
vt 0.972400 0.339800
vt 0.971900 0.339200
vt 0.972100 0.338900
vt 0.972200 0.339900
vt 0.971800 0.339500
vt 0.971000 0.338900
vt 0.971400 0.339100
vt 0.970900 0.338500
vt 0.971400 0.338800
vt 0.971300 0.338300
vt 0.970600 0.338100
vt 0.970800 0.338900
vt 0.970600 0.339100
vt 0.970400 0.338900
vt 0.970500 0.338600
vt 0.970500 0.339400
vt 0.970300 0.339300
vt 0.970000 0.339300
vt 0.970000 0.338700
vt 0.970200 0.338300
vt 0.256410 0.397816
vt 0.256399 0.397788
vt 0.256381 0.397731
vt 0.252544 0.374895
vt 0.252222 0.368922
vt 0.251409 0.359347
vt 0.252033 0.350811
vt 0.253840 0.339862
vt 0.255228 0.325520
vt 0.255274 0.325278
vt 0.260533 0.310973
vt 0.264091 0.298645
vt 0.265754 0.294474
vt 0.273008 0.282552
vt 0.279205 0.270901
vt 0.282337 0.265993
vt 0.292937 0.254061
vt 0.304241 0.240029
vt 0.304889 0.239304
vt 0.321800 0.224469
vt 0.331941 0.214816
vt 0.361090 0.193070
vt 0.361221 0.192975
vt 0.361264 0.192942
vt 0.361329 0.192903
vt 0.392917 0.174864
vt 0.398973 0.172394
vt 0.420079 0.164115
vt 0.426620 0.161744
vt 0.462444 0.154007
vt 0.464899 0.153791
vt 0.467715 0.153613
vt 0.501118 0.153163
vt 0.503912 0.153457
vt 0.506228 0.153752
vt 0.538397 0.159396
vt 0.540529 0.159836
vt 0.543418 0.160513
vt 0.568184 0.168434
vt 0.576523 0.171562
vt 0.589786 0.176855
vt 0.596984 0.180154
vt 0.623958 0.195117
vt 0.639153 0.205717
vt 0.646289 0.210867
vt 0.650196 0.213486
vt 0.675168 0.236458
vt 0.678732 0.240683
vt 0.684811 0.248193
vt 0.699578 0.264283
vt 0.707538 0.276226
vt 0.718498 0.294188
vt 0.722191 0.304402
vt 0.729148 0.319751
vt 0.731253 0.324963
vt 0.732000 0.332287
vt 0.735119 0.355719
vt 0.728872 0.383814
vt 0.728613 0.385795
vt 0.728598 0.386207
vt 0.728361 0.386993
vt 0.718290 0.415954
vt 0.711396 0.425603
vt 0.703803 0.440641
vt 0.700879 0.443434
vt 0.691591 0.454994
vt 0.689877 0.458775
vt 0.685119 0.465042
vt 0.677003 0.472990
vt 0.672606 0.476246
vt 0.666731 0.484544
vt 0.658632 0.494487
vt 0.658288 0.494909
vt 0.658267 0.494950
vt 0.658245 0.494989
vt 0.658084 0.495185
vt 0.649263 0.505048
vt 0.643817 0.510959
vt 0.638134 0.514905
vt 0.631646 0.520691
vt 0.627768 0.523089
vt 0.624742 0.524563
vt 0.612742 0.533153
vt 0.611217 0.533802
vt 0.609629 0.534510
vt 0.597373 0.542996
vt 0.594614 0.544075
vt 0.590567 0.546225
vt 0.583833 0.550704
vt 0.576158 0.553729
vt 0.571073 0.557111
vt 0.564000 0.560834
vt 0.558437 0.562782
vt 0.551469 0.565006
vt 0.544791 0.568015
vt 0.540435 0.569962
vt 0.529395 0.572719
vt 0.528507 0.572898
vt 0.517299 0.576088
vt 0.507296 0.577212
vt 0.502376 0.578352
vt 0.492450 0.580504
vt 0.478643 0.580710
vt 0.477169 0.580474
vt 0.460822 0.578682
vt 0.455410 0.577102
vt 0.450700 0.574297
vt 0.431034 0.565664
vt 0.427994 0.563308
vt 0.413126 0.553197
vt 0.403589 0.547784
vt 0.389774 0.535828
vt 0.380541 0.529068
vt 0.371058 0.522403
vt 0.360753 0.513138
vt 0.349688 0.504497
vt 0.336258 0.493199
vt 0.331716 0.489665
vt 0.320328 0.479339
vt 0.315774 0.474737
vt 0.305095 0.464349
vt 0.296522 0.456627
vt 0.292593 0.453099
vt 0.283862 0.443518
vt 0.279681 0.438079
vt 0.271045 0.425851
vt 0.266609 0.418341
vt 0.256449 0.397892
s 1
usemtl Australian_Cattle_Dog.011
f 1/1/1 2/2/2 3/3/3 4/4/4
f 5/5/5 6/6/6 3/3/3 2/2/2
f 7/7/7 8/8/8 3/3/3 6/6/6
f 9/9/9 4/4/4 3/3/3 8/8/8
f 10/10/10 11/11/11 12/12/12 13/13/13
f 14/14/14 15/15/15 12/12/12 11/11/11
f 7/7/7 6/6/6 12/12/12 15/15/15
f 5/5/5 13/13/13 12/12/12 6/6/6
f 16/16/16 17/17/17 18/18/18 19/19/19
f 20/20/20 21/21/21 18/18/18 17/17/17
f 7/7/7 15/15/15 18/18/18 21/21/21
f 14/14/14 19/19/19 18/18/18 15/15/15
f 22/22/22 23/23/23 24/24/24 25/25/25
f 9/9/9 8/8/8 24/24/24 23/23/23
f 7/7/7 21/21/21 24/24/24 8/8/8
f 20/20/20 25/25/25 24/24/24 21/21/21
f 3690/26/26 28/27/27 26/28/28 27/29/29 3688/30/30 3689/31/31
f 27/29/29 3691/32/32 3688/30/30
f 28/27/27 3690/26/26 3692/33/33
f 29/34/34 30/35/35 31/36/36 32/37/37
f 33/38/38 34/39/39 31/36/36 30/35/35
f 35/40/40 36/41/41 31/36/36 34/39/39
f 37/42/42 32/37/37 31/36/36 36/41/41
f 3694/43/43 38/44/44 39/45/45 3695/46/46 3693/47/47
f 38/44/44 3694/43/43 3696/48/48 3697/49/49
f 3698/50/50 35/40/40 34/39/39 38/44/44 3697/49/49
f 33/38/38 39/45/45 38/44/44 34/39/39
f 40/51/51 3699/52/52 3700/53/53
f 3699/52/52 40/51/51 35/40/40 3698/50/50 3701/54/54
f 26/28/28 41/55/55 42/56/56 27/29/29
f 37/42/42 36/41/41 42/56/56 41/55/55
f 35/40/40 40/51/51 42/56/56 36/41/41
f 3691/32/32 27/29/29 42/56/56 40/51/51 3700/53/53 3702/57/57
f 3703/58/58 43/59/59 44/60/60 3704/61/61
f 43/59/59 3703/58/58 3705/62/62 3706/63/63
f 3707/64/64 45/65/65 46/66/66 43/59/59 3706/63/63
f 47/67/67 44/60/60 43/59/59 46/66/66
f 45/65/65 3707/64/64 3708/68/68 3709/69/69
f 39/45/45 3710/70/70 3695/46/46
f 3711/71/71 3710/70/70 39/45/45 33/38/38 48/72/72 3712/73/73
f 48/72/72 45/65/65 3709/69/69 3712/73/73
f 29/34/34 49/74/74 50/75/75 30/35/35
f 47/67/67 46/66/66 50/75/75 49/74/74
f 45/65/65 48/72/72 50/75/75 46/66/66
f 33/38/38 30/35/35 50/75/75 48/72/72
f 51/76/76 3714/77/77 3713/78/78 3715/79/79
f 52/80/80 3716/81/81 3717/82/82
f 3718/83/83 3716/81/81 52/80/80 53/84/84 54/85/85 3719/86/86
f 54/85/85 3720/87/87 3719/86/86
f 55/88/88 56/89/89 57/90/90 58/91/91
f 3715/79/79 3721/92/92 57/90/90 56/89/89 51/76/76
f 3720/87/87 54/85/85 57/90/90 3721/92/92
f 53/84/84 58/91/91 57/90/90 54/85/85
f 55/88/88 58/91/91 59/93/93 60/94/94
f 53/84/84 61/95/95 59/93/93 58/91/91
f 62/96/96 63/97/97 59/93/93 61/95/95
f 64/98/98 60/94/94 59/93/93 63/97/97
f 3722/99/99 3704/61/61 44/60/60 65/100/100 52/80/80 3717/82/82
f 47/67/67 66/101/101 65/100/100 44/60/60
f 62/96/96 61/95/95 65/100/100 66/101/101
f 53/84/84 52/80/80 65/100/100 61/95/95
f 29/34/34 67/102/102 68/103/103 49/74/74
f 69/104/104 70/105/105 68/103/103 67/102/102
f 62/96/96 66/101/101 68/103/103 70/105/105
f 47/67/67 49/74/74 68/103/103 66/101/101
f 71/106/106 72/107/107 73/108/108 74/109/109
f 64/98/98 63/97/97 73/108/108 72/107/107
f 62/96/96 70/105/105 73/108/108 63/97/97
f 69/104/104 74/109/109 73/108/108 70/105/105
f 71/106/106 74/109/109 75/110/110 76/111/111
f 69/104/104 77/112/112 75/110/110 74/109/109
f 78/113/113 79/114/114 75/110/110 77/112/112
f 80/115/115 76/111/111 75/110/110 79/114/114
f 29/34/34 32/37/37 81/116/116 67/102/102
f 37/42/42 82/117/117 81/116/116 32/37/37
f 78/113/113 77/112/112 81/116/116 82/117/117
f 69/104/104 67/102/102 81/116/116 77/112/112
f 26/28/28 83/118/118 84/119/119 41/55/55
f 85/120/120 86/121/121 84/119/119 83/118/118
f 78/113/113 82/117/117 84/119/119 86/121/121
f 37/42/42 41/55/55 84/119/119 82/117/117
f 87/122/122 88/123/123 89/124/124 90/125/125
f 80/115/115 79/114/114 89/124/124 88/123/123
f 78/113/113 86/121/121 89/124/124 79/114/114
f 85/120/120 90/125/125 89/124/124 86/121/121
f 91/126/126 3723/127/127 3724/128/128 3725/129/129
f 87/122/122 90/125/125 92/130/130 93/131/131
f 85/120/120 94/132/132 92/130/130 90/125/125
f 95/133/133 96/134/134 92/130/130 94/132/132
f 97/135/135 93/131/131 92/130/130 96/134/134
f 26/28/28 28/27/27 98/136/136 83/118/118
f 3726/137/137 99/138/138 98/136/136 28/27/27 3692/33/33 3727/139/139
f 95/133/133 94/132/132 98/136/136 99/138/138
f 85/120/120 83/118/118 98/136/136 94/132/132
f 3728/140/140 3730/141/141 95/133/133 99/138/138 3729/142/142
f 99/138/138 3726/137/137 3729/142/142
f 3723/127/127 91/126/126 100/143/143 101/144/144 3731/145/145
f 97/135/135 96/134/134 101/144/144 100/143/143
f 3730/141/141 3732/146/146 101/144/144 96/134/134 95/133/133
f 101/144/144 3732/146/146 3733/147/147 3731/145/145
f 102/148/148 103/149/149 104/150/150 105/151/151
f 3734/152/152 104/150/150 103/149/149 106/153/153 3735/154/154
f 3736/155/155 3737/156/156 104/150/150 3734/152/152
f 3738/157/157 3739/158/158 105/151/151 104/150/150 3737/156/156
f 3741/159/159 107/160/160 91/126/126 3725/129/129 3740/161/161
f 3735/154/154 106/153/153 107/160/160 3741/159/159 3742/162/162
f 108/163/163 109/164/164 110/165/165 111/166/166
f 112/167/167 113/168/168 110/165/165 109/164/164
f 114/169/169 115/170/170 110/165/165 113/168/168
f 116/171/171 111/166/166 110/165/165 115/170/170
f 87/122/122 93/131/131 117/172/172 118/173/173
f 97/135/135 119/174/174 117/172/172 93/131/131
f 114/169/169 113/168/168 117/172/172 119/174/174
f 112/167/167 118/173/173 117/172/172 113/168/168
f 91/126/126 107/160/160 120/175/175 100/143/143
f 106/153/153 121/176/176 120/175/175 107/160/160
f 114/169/169 119/174/174 120/175/175 121/176/176
f 97/135/135 100/143/143 120/175/175 119/174/174
f 102/148/148 122/177/177 123/178/178 103/149/149
f 116/171/171 115/170/170 123/178/178 122/177/177
f 114/169/169 121/176/176 123/178/178 115/170/170
f 106/153/153 103/149/149 123/178/178 121/176/176
f 124/179/179 125/180/180 126/181/181 127/182/182
f 128/183/183 129/184/184 126/181/181 125/180/180
f 130/185/185 131/186/186 126/181/181 129/184/184
f 132/187/187 127/182/182 126/181/181 131/186/186
f 71/106/106 76/111/111 133/188/188 134/189/189
f 80/115/115 135/190/190 133/188/188 76/111/111
f 130/185/185 129/184/184 133/188/188 135/190/190
f 128/183/183 134/189/189 133/188/188 129/184/184
f 87/122/122 118/173/173 136/191/191 88/123/123
f 112/167/167 137/192/192 136/191/191 118/173/173
f 130/185/185 135/190/190 136/191/191 137/192/192
f 80/115/115 88/123/123 136/191/191 135/190/190
f 108/163/163 138/193/193 139/194/194 109/164/164
f 132/187/187 131/186/186 139/194/194 138/193/193
f 130/185/185 137/192/192 139/194/194 131/186/186
f 112/167/167 109/164/164 139/194/194 137/192/192
f 140/195/195 141/196/196 142/197/197 143/198/198
f 144/199/199 145/200/200 142/197/197 141/196/196
f 146/201/201 147/202/202 142/197/197 145/200/200
f 148/203/203 143/198/198 142/197/197 147/202/202
f 55/88/88 60/94/94 149/204/204 150/205/205
f 64/98/98 151/206/206 149/204/204 60/94/94
f 146/201/201 145/200/200 149/204/204 151/206/206
f 144/199/199 150/205/205 149/204/204 145/200/200
f 71/106/106 134/189/189 152/207/207 72/107/107
f 128/183/183 153/208/208 152/207/207 134/189/189
f 146/201/201 151/206/206 152/207/207 153/208/208
f 64/98/98 72/107/107 152/207/207 151/206/206
f 124/179/179 154/209/209 155/210/210 125/180/180
f 148/203/203 147/202/202 155/210/210 154/209/209
f 146/201/201 153/208/208 155/210/210 147/202/202
f 128/183/183 125/180/180 155/210/210 153/208/208
f 3743/211/211 3744/212/212 157/213/213 158/214/214 156/215/215
f 3745/216/216 3746/217/217 159/218/218 157/213/213 3744/212/212
f 160/219/219 161/220/220 157/213/213 159/218/218
f 162/221/221 158/214/214 157/213/213 161/220/220
f 3714/77/77 51/76/76 163/222/222 3747/223/223
f 3749/224/224 3747/223/223 163/222/222 160/219/219 159/218/218 3748/225/225
f 159/218/218 3746/217/217 3748/225/225
f 55/88/88 150/205/205 164/226/226 56/89/89
f 144/199/199 165/227/227 164/226/226 150/205/205
f 160/219/219 163/222/222 164/226/226 165/227/227
f 51/76/76 56/89/89 164/226/226 163/222/222
f 140/195/195 166/228/228 167/229/229 141/196/196
f 162/221/221 161/220/220 167/229/229 166/228/228
f 160/219/219 165/227/227 167/229/229 161/220/220
f 144/199/199 141/196/196 167/229/229 165/227/227
f 156/215/215 3751/230/230 3750/231/231 3743/211/211
f 3752/232/232 3751/230/230 156/215/215 168/233/233 3753/234/234
f 168/233/233 3754/235/235 3753/234/234
f 169/236/236 170/237/237 171/238/238 172/239/239
f 173/240/240 174/241/241 171/238/238 170/237/237
f 175/242/242 176/243/243 171/238/238 174/241/241
f 177/244/244 172/239/239 171/238/238 176/243/243
f 3755/245/245 3756/246/246 178/247/247 179/248/248 3757/249/249
f 3758/250/250 180/251/251 178/247/247 3756/246/246 3759/252/252
f 175/242/242 174/241/241 178/247/247 180/251/251
f 173/240/240 179/248/248 178/247/247 174/241/241
f 156/215/215 158/214/214 181/253/253 168/233/233
f 162/221/221 182/254/254 181/253/253 158/214/214
f 175/242/242 180/251/251 181/253/253 182/254/254
f 3754/235/235 168/233/233 181/253/253 180/251/251 3758/250/250 3760/255/255
f 140/195/195 183/256/256 184/257/257 166/228/228
f 177/244/244 176/243/243 184/257/257 183/256/256
f 175/242/242 182/254/254 184/257/257 176/243/243
f 162/221/221 166/228/228 184/257/257 182/254/254
f 169/236/236 185/258/258 186/259/259 170/237/237
f 187/260/260 188/261/261 186/259/259 185/258/258
f 189/262/262 190/263/263 186/259/259 188/261/261
f 173/240/240 170/237/237 186/259/259 190/263/263
f 191/264/264 192/265/265 193/266/266 194/267/267
f 3761/268/268 195/269/269 193/266/266 192/265/265 3763/270/270
f 3763/270/270 3762/271/271 3761/268/268
f 189/262/262 188/261/261 193/266/266 195/269/269
f 187/260/260 194/267/267 193/266/266 188/261/261
f 3766/272/272 189/262/262 195/269/269 3765/273/273 3764/274/274
f 195/269/269 3761/268/268 3765/273/273
f 3757/249/249 179/248/248 3767/275/275
f 3768/276/276 3767/275/275 179/248/248 173/240/240 190/263/263 3769/277/277
f 3769/277/277 190/263/263 189/262/262 3766/272/272 3770/278/278
f 196/279/279 3772/280/280 3771/281/281 3773/282/282
f 197/283/283 3775/284/284 3774/285/285
f 3776/286/286 3775/284/284 197/283/283 198/287/287 3777/288/288
f 191/264/264 199/289/289 200/290/290 192/265/265
f 201/291/291 202/292/292 200/290/290 199/289/289
f 198/287/287 197/283/283 200/290/290 202/292/292
f 3778/293/293 3763/270/270 192/265/265 200/290/290 197/283/283 3774/285/285
f 203/294/294 204/295/295 205/296/296 206/297/297
f 207/298/298 208/299/299 205/296/296 204/295/295
f 198/287/287 202/292/292 205/296/296 208/299/299
f 201/291/291 206/297/297 205/296/296 202/292/292
f 3779/300/300 209/301/301 210/302/302 196/279/279 3773/282/282
f 209/301/301 3779/300/300 3781/303/303 3780/304/304
f 3777/288/288 198/287/287 208/299/299 209/301/301 3780/304/304
f 207/298/298 210/302/302 209/301/301 208/299/299
f 191/264/264 194/267/267 211/305/305 199/289/289
f 187/260/260 212/306/306 211/305/305 194/267/267
f 213/307/307 214/308/308 211/305/305 212/306/306
f 201/291/291 199/289/289 211/305/305 214/308/308
f 169/236/236 215/309/309 216/310/310 185/258/258
f 217/311/311 218/312/312 216/310/310 215/309/309
f 213/307/307 212/306/306 216/310/310 218/312/312
f 187/260/260 185/258/258 216/310/310 212/306/306
f 219/313/313 220/314/314 221/315/315 222/316/316
f 223/317/317 224/318/318 221/315/315 220/314/314
f 213/307/307 218/312/312 221/315/315 224/318/318
f 217/311/311 222/316/316 221/315/315 218/312/312
f 203/294/294 206/297/297 225/319/319 226/320/320
f 201/291/291 214/308/308 225/319/319 206/297/297
f 213/307/307 224/318/318 225/319/319 214/308/308
f 223/317/317 226/320/320 225/319/319 224/318/318
f 140/195/195 143/198/198 227/321/321 183/256/256
f 148/203/203 228/322/322 227/321/321 143/198/198
f 229/323/323 230/324/324 227/321/321 228/322/322
f 177/244/244 183/256/256 227/321/321 230/324/324
f 124/179/179 231/325/325 232/326/326 154/209/209
f 233/327/327 234/328/328 232/326/326 231/325/325
f 229/323/323 228/322/322 232/326/326 234/328/328
f 148/203/203 154/209/209 232/326/326 228/322/322
f 219/313/313 222/316/316 235/329/329 236/330/330
f 217/311/311 237/331/331 235/329/329 222/316/316
f 229/323/323 234/328/328 235/329/329 237/331/331
f 233/327/327 236/330/330 235/329/329 234/328/328
f 169/236/236 172/239/239 238/332/332 215/309/309
f 177/244/244 230/324/324 238/332/332 172/239/239
f 229/323/323 237/331/331 238/332/332 230/324/324
f 217/311/311 215/309/309 238/332/332 237/331/331
f 239/333/333 240/334/334 241/335/335 242/336/336
f 243/337/337 244/338/338 241/335/335 240/334/334
f 245/339/339 246/340/340 241/335/335 244/338/338
f 247/341/341 242/336/336 241/335/335 246/340/340
f 219/313/313 236/330/330 248/342/342 249/343/343
f 233/327/327 250/344/344 248/342/342 236/330/330
f 245/339/339 244/338/338 248/342/342 250/344/344
f 243/337/337 249/343/343 248/342/342 244/338/338
f 124/179/179 127/182/182 251/345/345 231/325/325
f 132/187/187 252/346/346 251/345/345 127/182/182
f 245/339/339 250/344/344 251/345/345 252/346/346
f 233/327/327 231/325/325 251/345/345 250/344/344
f 108/163/163 253/347/347 254/348/348 138/193/193
f 247/341/341 246/340/340 254/348/348 253/347/347
f 245/339/339 252/346/346 254/348/348 246/340/340
f 132/187/187 138/193/193 254/348/348 252/346/346
f 255/349/349 256/350/350 257/351/351 258/352/352
f 259/353/353 260/354/354 257/351/351 256/350/350
f 261/355/355 262/356/356 257/351/351 260/354/354
f 263/357/357 258/352/352 257/351/351 262/356/356
f 264/358/358 265/359/359 266/360/360 267/361/361
f 268/362/362 269/363/363 266/360/360 265/359/359
f 261/355/355 260/354/354 266/360/360 269/363/363
f 259/353/353 267/361/361 266/360/360 260/354/354
f 108/163/163 111/166/166 270/364/364 271/365/365
f 116/171/171 272/366/366 270/364/364 111/166/166
f 261/355/355 269/363/363 270/364/364 272/366/366
f 268/362/362 271/365/365 270/364/364 269/363/363
f 102/148/148 273/367/367 274/368/368 122/177/177
f 263/357/357 262/356/356 274/368/368 273/367/367
f 261/355/355 272/366/366 274/368/368 262/356/356
f 116/171/171 122/177/177 274/368/368 272/366/366
f 275/369/369 276/370/370 277/371/371 278/372/372
f 279/373/373 280/374/374 277/371/371 276/370/370
f 281/375/375 282/376/376 277/371/371 280/374/374
f 283/377/377 278/372/372 277/371/371 282/376/376
f 239/333/333 242/336/336 284/378/378 285/379/379
f 247/341/341 286/380/380 284/378/378 242/336/336
f 281/375/375 280/374/374 284/378/378 286/380/380
f 279/373/373 285/379/379 284/378/378 280/374/374
f 108/163/163 271/365/365 287/381/381 253/347/347
f 268/362/362 288/382/382 287/381/381 271/365/365
f 281/375/375 286/380/380 287/381/381 288/382/382
f 247/341/341 253/347/347 287/381/381 286/380/380
f 264/358/358 289/383/383 290/384/384 265/359/359
f 283/377/377 282/376/376 290/384/384 289/383/383
f 281/375/375 288/382/382 290/384/384 282/376/376
f 268/362/362 265/359/359 290/384/384 288/382/382
f 291/385/385 292/386/386 293/387/387 294/388/388
f 295/389/389 296/390/390 293/387/387 292/386/386
f 297/391/391 298/392/392 293/387/387 296/390/390
f 299/393/393 294/388/388 293/387/387 298/392/392
f 300/394/394 301/395/395 302/396/396 303/397/397
f 304/398/398 305/399/399 302/396/396 301/395/395
f 297/391/391 296/390/390 302/396/396 305/399/399
f 295/389/389 303/397/397 302/396/396 296/390/390
f 239/333/333 285/379/379 306/400/400 307/401/401
f 279/373/373 308/402/402 306/400/400 285/379/379
f 297/391/391 305/399/399 306/400/400 308/402/402
f 304/398/398 307/401/401 306/400/400 305/399/399
f 275/369/369 309/403/403 310/404/404 276/370/370
f 299/393/393 298/392/392 310/404/404 309/403/403
f 297/391/391 308/402/402 310/404/404 298/392/392
f 279/373/373 276/370/370 310/404/404 308/402/402
f 311/405/405 312/406/406 313/407/407 314/408/408
f 315/409/409 316/410/410 313/407/407 312/406/406
f 317/411/411 318/412/412 313/407/407 316/410/410
f 319/413/413 314/408/408 313/407/407 318/412/412
f 219/313/313 249/343/343 320/414/414 321/415/415
f 243/337/337 322/416/416 320/414/414 249/343/343
f 317/411/411 316/410/410 320/414/414 322/416/416
f 315/409/409 321/415/415 320/414/414 316/410/410
f 239/333/333 307/401/401 323/417/417 240/334/334
f 304/398/398 324/418/418 323/417/417 307/401/401
f 317/411/411 322/416/416 323/417/417 324/418/418
f 243/337/337 240/334/334 323/417/417 322/416/416
f 300/394/394 325/419/419 326/420/420 301/395/395
f 319/413/413 318/412/412 326/420/420 325/419/419
f 317/411/411 324/418/418 326/420/420 318/412/412
f 304/398/398 301/395/395 326/420/420 324/418/418
f 327/421/421 328/422/422 329/423/423 330/424/424
f 331/425/425 332/426/426 329/423/423 328/422/422
f 333/427/427 334/428/428 329/423/423 332/426/426
f 335/429/429 330/424/424 329/423/423 334/428/428
f 203/294/294 226/320/320 336/430/430 337/431/431
f 223/317/317 338/432/432 336/430/430 226/320/320
f 333/427/427 332/426/426 336/430/430 338/432/432
f 331/425/425 337/431/431 336/430/430 332/426/426
f 219/313/313 321/415/415 339/433/433 220/314/314
f 315/409/409 340/434/434 339/433/433 321/415/415
f 333/427/427 338/432/432 339/433/433 340/434/434
f 223/317/317 220/314/314 339/433/433 338/432/432
f 311/405/405 341/435/435 342/436/436 312/406/406
f 335/429/429 334/428/428 342/436/436 341/435/435
f 333/427/427 340/434/434 342/436/436 334/428/428
f 315/409/409 312/406/406 342/436/436 340/434/434
f 196/279/279 210/302/302 343/437/437 344/438/438
f 207/298/298 345/439/439 343/437/437 210/302/302
f 346/440/440 347/441/441 343/437/437 345/439/439
f 348/442/442 344/438/438 343/437/437 347/441/441
f 203/294/294 337/431/431 349/443/443 204/295/295
f 331/425/425 350/444/444 349/443/443 337/431/431
f 346/440/440 345/439/439 349/443/443 350/444/444
f 207/298/298 204/295/295 349/443/443 345/439/439
f 327/421/421 351/445/445 352/446/446 328/422/422
f 353/447/447 354/448/448 352/446/446 351/445/445
f 346/440/440 350/444/444 352/446/446 354/448/448
f 331/425/425 328/422/422 352/446/446 350/444/444
f 355/449/449 356/450/450 357/451/451 358/452/452
f 348/442/442 347/441/441 357/451/451 356/450/450
f 346/440/440 354/448/448 357/451/451 347/441/441
f 353/447/447 358/452/452 357/451/451 354/448/448
f 3772/280/280 196/279/279 344/438/438 359/453/453 3782/454/454
f 348/442/442 360/455/455 359/453/453 344/438/438
f 3784/456/456 3783/457/457 359/453/453 360/455/455 361/458/458
f 359/453/453 3783/457/457 3785/459/459 3782/454/454
f 355/449/449 362/460/460 363/461/461 356/450/450
f 364/462/462 365/463/463 363/461/461 362/460/460
f 361/458/458 360/455/455 363/461/461 365/463/463
f 348/442/442 356/450/450 363/461/461 360/455/455
f 366/464/464 367/465/465 368/466/466 369/467/467
f 370/468/468 371/469/469 368/466/466 367/465/465
f 361/458/458 365/463/463 368/466/466 371/469/469
f 364/462/462 369/467/467 368/466/466 365/463/463
f 3784/456/456 361/458/458 371/469/469 3787/470/470 3786/471/471
f 3787/470/470 371/469/469 370/468/468 3789/472/472 3788/473/473
f 372/474/474 373/475/475 374/476/476 375/477/477
f 376/478/478 377/479/479 374/476/476 373/475/475
f 378/480/480 379/481/481 374/476/476 377/479/479
f 380/482/482 375/477/477 374/476/476 379/481/481
f 381/483/483 382/484/484 383/485/485 384/486/486
f 385/487/487 386/488/488 383/485/485 382/484/484
f 378/480/480 377/479/479 383/485/485 386/488/488
f 376/478/478 384/486/486 383/485/485 377/479/479
f 300/394/394 303/397/397 387/489/489 388/490/490
f 295/389/389 389/491/491 387/489/489 303/397/397
f 378/480/480 386/488/488 387/489/489 389/491/491
f 385/487/487 388/490/490 387/489/489 386/488/488
f 291/385/385 390/492/492 391/493/493 292/386/386
f 380/482/482 379/481/481 391/493/493 390/492/492
f 378/480/480 389/491/491 391/493/493 379/481/481
f 295/389/389 292/386/386 391/493/493 389/491/491
f 381/483/483 392/494/494 393/495/495 382/484/484
f 394/496/496 395/497/497 393/495/495 392/494/494
f 396/498/498 397/499/499 393/495/495 395/497/497
f 385/487/487 382/484/484 393/495/495 397/499/499
f 327/421/421 330/424/424 398/500/500 399/501/501
f 335/429/429 400/502/502 398/500/500 330/424/424
f 396/498/498 395/497/497 398/500/500 400/502/502
f 394/496/496 399/501/501 398/500/500 395/497/497
f 311/405/405 314/408/408 401/503/503 341/435/435
f 319/413/413 402/504/504 401/503/503 314/408/408
f 396/498/498 400/502/502 401/503/503 402/504/504
f 335/429/429 341/435/435 401/503/503 400/502/502
f 300/394/394 388/490/490 403/505/505 325/419/419
f 385/487/487 397/499/499 403/505/505 388/490/490
f 396/498/498 402/504/504 403/505/505 397/499/499
f 319/413/413 325/419/419 403/505/505 402/504/504
f 366/464/464 369/467/467 404/506/506 405/507/507
f 364/462/462 406/508/508 404/506/506 369/467/467
f 407/509/509 408/510/510 404/506/506 406/508/508
f 409/511/511 405/507/507 404/506/506 408/510/510
f 355/449/449 358/452/452 410/512/512 362/460/460
f 353/447/447 411/513/513 410/512/512 358/452/452
f 407/509/509 406/508/508 410/512/512 411/513/513
f 364/462/462 362/460/460 410/512/512 406/508/508
f 327/421/421 399/501/501 412/514/514 351/445/445
f 394/496/496 413/515/515 412/514/514 399/501/501
f 407/509/509 411/513/513 412/514/514 413/515/515
f 353/447/447 351/445/445 412/514/514 411/513/513
f 381/483/483 414/516/516 415/517/517 392/494/494
f 409/511/511 408/510/510 415/517/517 414/516/516
f 407/509/509 413/515/515 415/517/517 408/510/510
f 394/496/496 392/494/494 415/517/517 413/515/515
f 381/483/483 384/486/486 416/518/518 414/516/516
f 376/478/478 417/519/519 416/518/518 384/486/486
f 418/520/520 419/521/521 416/518/518 417/519/519
f 409/511/511 414/516/516 416/518/518 419/521/521
f 372/474/474 420/522/522 421/523/523 373/475/475
f 422/524/524 423/525/525 421/523/523 420/522/522
f 418/520/520 417/519/519 421/523/523 423/525/525
f 376/478/478 373/475/475 421/523/523 417/519/519
f 424/526/526 425/527/527 426/528/528 427/529/529
f 428/530/530 429/531/531 426/528/528 425/527/527
f 418/520/520 423/525/525 426/528/528 429/531/531
f 422/524/524 427/529/529 426/528/528 423/525/525
f 366/464/464 405/507/507 430/532/532 431/533/533
f 409/511/511 419/521/521 430/532/532 405/507/507
f 418/520/520 429/531/531 430/532/532 419/521/521
f 428/530/530 431/533/533 430/532/532 429/531/531
f 424/526/526 432/534/534 433/535/535 425/527/527
f 434/536/536 435/537/537 433/535/535 432/534/534
f 436/538/538 437/539/539 433/535/535 435/537/537
f 428/530/530 425/527/527 433/535/535 437/539/539
f 3790/540/540 439/541/541 440/542/542 438/543/543 3791/544/544
f 3793/545/545 441/546/546 439/541/541 3790/540/540 3792/547/547
f 436/538/538 435/537/537 439/541/541 441/546/546
f 434/536/536 440/542/542 439/541/541 435/537/537
f 3789/472/472 370/468/468 442/548/548 3795/549/549 3794/550/550
f 3795/549/549 442/548/548 436/538/538 441/546/546 3797/551/551 3796/552/552
f 441/546/546 3793/545/545 3797/551/551
f 366/464/464 431/533/533 443/553/553 367/465/465
f 428/530/530 437/539/539 443/553/553 431/533/533
f 436/538/538 442/548/548 443/553/553 437/539/539
f 370/468/468 367/465/465 443/553/553 442/548/548
f 3798/554/554 3800/555/555 444/556/556 3799/557/557
f 3801/558/558 3791/559/544 438/560/543 445/561/559 3802/562/560
f 445/561/559 3803/563/561 3802/562/560
f 255/349/349 258/352/352 446/564/562 447/565/563
f 263/357/357 448/566/564 446/564/562 258/352/352
f 449/567/565 450/568/566 446/564/562 448/566/564
f 451/569/567 447/565/563 446/564/562 450/568/566
f 102/148/148 105/151/151 452/570/568 273/367/367
f 3804/571/569 3805/572/570 453/573/571 452/570/568 105/151/151 3739/158/158
f 449/567/565 448/566/564 452/570/568 453/573/571
f 263/357/357 273/367/367 452/570/568 448/566/564
f 3806/574/572 3808/575/573 449/567/565 453/573/571 3807/576/574
f 3805/572/570 3807/576/574 453/573/571
f 3799/557/557 444/556/556 454/577/575 455/578/576 3809/579/577
f 451/569/567 450/568/566 455/578/576 454/577/575
f 3808/575/573 3810/580/578 455/578/576 450/568/566 449/567/565
f 3811/581/579 3809/579/577 455/578/576 3810/580/578
f 456/582/580 457/583/581 458/584/582 459/585/583
f 460/586/584 461/587/585 458/584/582 457/583/581
f 462/588/586 463/589/587 458/584/582 461/587/585
f 464/590/588 459/585/583 458/584/582 463/589/587
f 465/591/589 466/592/590 467/593/591 468/594/592
f 469/595/593 470/596/594 467/593/591 466/592/590
f 462/588/586 461/587/585 467/593/591 470/596/594
f 460/586/584 468/594/592 467/593/591 461/587/585
f 275/369/369 278/372/372 471/597/595 472/598/596
f 283/377/377 473/599/597 471/597/595 278/372/372
f 462/588/586 470/596/594 471/597/595 473/599/597
f 469/595/593 472/598/596 471/597/595 470/596/594
f 264/358/358 474/600/598 475/601/599 289/383/383
f 464/590/588 463/589/587 475/601/599 474/600/598
f 462/588/586 473/599/597 475/601/599 463/589/587
f 283/377/377 289/383/383 475/601/599 473/599/597
f 456/582/580 476/602/600 477/603/601 457/583/581
f 478/604/602 479/605/603 477/603/601 476/602/600
f 480/606/604 481/607/605 477/603/601 479/605/603
f 460/586/584 457/583/581 477/603/601 481/607/605
f 482/608/606 483/609/607 484/610/608 485/611/609
f 486/612/610 487/613/611 484/610/608 483/609/607
f 480/606/604 479/605/603 484/610/608 487/613/611
f 478/604/602 485/611/609 484/610/608 479/605/603
f 488/614/612 489/615/613 490/616/614 491/617/615
f 492/618/616 493/619/617 490/616/614 489/615/613
f 480/606/604 487/613/611 490/616/614 493/619/617
f 486/612/610 491/617/615 490/616/614 487/613/611
f 465/591/589 468/594/592 494/620/618 495/621/619
f 460/586/584 481/607/605 494/620/618 468/594/592
f 480/606/604 493/619/617 494/620/618 481/607/605
f 492/618/616 495/621/619 494/620/618 493/619/617
f 482/608/606 496/622/620 497/623/621 483/609/607
f 498/624/622 499/625/623 497/623/621 496/622/620
f 500/626/624 501/627/625 497/623/621 499/625/623
f 486/612/610 483/609/607 497/623/621 501/627/625
f 502/628/626 503/629/627 504/630/628 505/631/629
f 506/632/630 507/633/631 504/630/628 503/629/627
f 500/626/624 499/625/623 504/630/628 507/633/631
f 498/624/622 505/631/629 504/630/628 499/625/623
f 508/634/632 509/635/633 510/636/634 511/637/635
f 512/638/636 513/639/637 510/636/634 509/635/633
f 500/626/624 507/633/631 510/636/634 513/639/637
f 506/632/630 511/637/635 510/636/634 507/633/631
f 488/614/612 491/617/615 514/640/638 515/641/639
f 486/612/610 501/627/625 514/640/638 491/617/615
f 500/626/624 513/639/637 514/640/638 501/627/625
f 512/638/636 515/641/639 514/640/638 513/639/637
f 502/628/626 516/642/640 517/643/641 503/629/627
f 518/644/642 519/645/643 517/643/641 516/642/640
f 520/646/644 521/647/645 517/643/641 519/645/643
f 506/632/630 503/629/627 517/643/641 521/647/645
f 522/648/646 523/649/647 524/650/648 525/651/649
f 526/652/650 527/653/651 524/650/648 523/649/647
f 520/646/644 519/645/643 524/650/648 527/653/651
f 518/644/642 525/651/649 524/650/648 519/645/643
f 528/654/652 529/655/653 530/656/654 531/657/655
f 532/658/656 533/659/657 530/656/654 529/655/653
f 520/646/644 527/653/651 530/656/654 533/659/657
f 526/652/650 531/657/655 530/656/654 527/653/651
f 508/634/632 511/637/635 534/660/658 535/661/659
f 506/632/630 521/647/645 534/660/658 511/637/635
f 520/646/644 533/659/657 534/660/658 521/647/645
f 532/658/656 535/661/659 534/660/658 533/659/657
f 536/662/660 537/663/661 538/664/662 539/665/663
f 540/666/664 541/667/665 538/664/662 537/663/661
f 542/668/666 543/669/667 538/664/662 541/667/665
f 544/670/668 539/665/663 538/664/662 543/669/667
f 528/654/652 531/657/655 545/671/669 546/672/670
f 526/652/650 547/673/671 545/671/669 531/657/655
f 542/668/666 541/667/665 545/671/669 547/673/671
f 540/666/664 546/672/670 545/671/669 541/667/665
f 522/648/646 548/674/672 549/675/673 523/649/647
f 550/676/674 551/677/675 549/675/673 548/674/672
f 542/668/666 547/673/671 549/675/673 551/677/675
f 526/652/650 523/649/647 549/675/673 547/673/671
f 552/678/676 553/679/677 554/680/678 555/681/679
f 544/670/668 543/669/667 554/680/678 553/679/677
f 542/668/666 551/677/675 554/680/678 543/669/667
f 550/676/674 555/681/679 554/680/678 551/677/675
f 556/682/680 557/683/681 558/684/682 559/685/683
f 560/686/684 561/687/685 558/684/682 557/683/681
f 562/688/686 563/689/687 558/684/682 561/687/685
f 564/690/688 559/685/683 558/684/682 563/689/687
f 565/691/689 566/692/690 567/693/691 568/694/692
f 569/695/693 570/696/694 567/693/691 566/692/690
f 562/688/686 561/687/685 567/693/691 570/696/694
f 560/686/684 568/694/692 567/693/691 561/687/685
f 571/697/695 572/698/696 573/699/697 574/700/698
f 575/701/699 576/702/700 573/699/697 572/698/696
f 562/688/686 570/696/694 573/699/697 576/702/700
f 569/695/693 574/700/698 573/699/697 570/696/694
f 577/703/701 578/704/702 579/705/703 580/706/704
f 564/690/688 563/689/687 579/705/703 578/704/702
f 562/688/686 576/702/700 579/705/703 563/689/687
f 575/701/699 580/706/704 579/705/703 576/702/700
f 565/691/689 581/707/705 582/708/706 566/692/690
f 583/709/707 584/710/708 582/708/706 581/707/705
f 585/711/709 586/712/710 582/708/706 584/710/708
f 569/695/693 566/692/690 582/708/706 586/712/710
f 587/713/711 588/714/712 589/715/713 590/716/714
f 591/717/715 592/718/716 589/715/713 588/714/712
f 585/711/709 584/710/708 589/715/713 592/718/716
f 583/709/707 590/716/714 589/715/713 584/710/708
f 593/719/717 594/720/718 595/721/719 596/722/720
f 597/723/721 598/724/722 595/721/719 594/720/718
f 585/711/709 592/718/716 595/721/719 598/724/722
f 591/717/715 596/722/720 595/721/719 592/718/716
f 571/697/695 574/700/698 599/725/723 600/726/724
f 569/695/693 586/712/710 599/725/723 574/700/698
f 585/711/709 598/724/722 599/725/723 586/712/710
f 597/723/721 600/726/724 599/725/723 598/724/722
f 587/713/711 601/727/725 602/728/726 588/714/712
f 603/729/727 604/730/728 602/728/726 601/727/725
f 605/731/729 606/732/730 602/728/726 604/730/728
f 591/717/715 588/714/712 602/728/726 606/732/730
f 607/733/731 608/734/732 609/735/733 610/736/734
f 611/737/735 612/738/736 609/735/733 608/734/732
f 605/731/729 604/730/728 609/735/733 612/738/736
f 603/729/727 610/736/734 609/735/733 604/730/728
f 613/739/737 614/740/738 615/741/739 616/742/740
f 617/743/741 618/744/742 615/741/739 614/740/738
f 605/731/729 612/738/736 615/741/739 618/744/742
f 611/737/735 616/742/740 615/741/739 612/738/736
f 593/719/717 596/722/720 619/745/743 620/746/744
f 591/717/715 606/732/730 619/745/743 596/722/720
f 605/731/729 618/744/742 619/745/743 606/732/730
f 617/743/741 620/746/744 619/745/743 618/744/742
f 465/591/589 621/747/745 622/748/746 466/592/590
f 623/749/747 624/750/748 622/748/746 621/747/745
f 625/751/749 626/752/750 622/748/746 624/750/748
f 469/595/593 466/592/590 622/748/746 626/752/750
f 627/753/751 628/754/752 629/755/753 630/756/754
f 631/757/755 632/758/756 629/755/753 628/754/752
f 625/751/749 624/750/748 629/755/753 632/758/756
f 623/749/747 630/756/754 629/755/753 624/750/748
f 291/385/385 294/388/388 633/759/757 634/760/758
f 299/393/393 635/761/759 633/759/757 294/388/388
f 625/751/749 632/758/756 633/759/757 635/761/759
f 631/757/755 634/760/758 633/759/757 632/758/756
f 275/369/369 472/598/596 636/762/760 309/403/403
f 469/595/593 626/752/750 636/762/760 472/598/596
f 625/751/749 635/761/759 636/762/760 626/752/750
f 299/393/393 309/403/403 636/762/760 635/761/759
f 465/591/589 495/621/619 637/763/761 621/747/745
f 492/618/616 638/764/762 637/763/761 495/621/619
f 639/765/763 640/766/764 637/763/761 638/764/762
f 623/749/747 621/747/745 637/763/761 640/766/764
f 488/614/612 641/767/765 642/768/766 489/615/613
f 643/769/767 644/770/768 642/768/766 641/767/765
f 639/765/763 638/764/762 642/768/766 644/770/768
f 492/618/616 489/615/613 642/768/766 638/764/762
f 645/771/769 646/772/770 647/773/771 648/774/772
f 649/775/773 650/776/774 647/773/771 646/772/770
f 639/765/763 644/770/768 647/773/771 650/776/774
f 643/769/767 648/774/772 647/773/771 644/770/768
f 627/753/751 630/756/754 651/777/775 652/778/776
f 623/749/747 640/766/764 651/777/775 630/756/754
f 639/765/763 650/776/774 651/777/775 640/766/764
f 649/775/773 652/778/776 651/777/775 650/776/774
f 488/614/612 515/641/639 653/779/777 641/767/765
f 512/638/636 654/780/778 653/779/777 515/641/639
f 655/781/779 656/782/780 653/779/777 654/780/778
f 643/769/767 641/767/765 653/779/777 656/782/780
f 508/634/632 657/783/781 658/784/782 509/635/633
f 659/785/783 660/786/784 658/784/782 657/783/781
f 655/781/779 654/780/778 658/784/782 660/786/784
f 512/638/636 509/635/633 658/784/782 654/780/778
f 661/787/785 662/788/786 663/789/787 664/790/788
f 665/791/789 666/792/790 663/789/787 662/788/786
f 655/781/779 660/786/784 663/789/787 666/792/790
f 659/785/783 664/790/788 663/789/787 660/786/784
f 645/771/769 648/774/772 667/793/791 668/794/792
f 643/769/767 656/782/780 667/793/791 648/774/772
f 655/781/779 666/792/790 667/793/791 656/782/780
f 665/791/789 668/794/792 667/793/791 666/792/790
f 508/634/632 535/661/659 669/795/793 657/783/781
f 532/658/656 670/796/794 669/795/793 535/661/659
f 671/797/795 672/798/796 669/795/793 670/796/794
f 659/785/783 657/783/781 669/795/793 672/798/796
f 528/654/652 673/799/797 674/800/798 529/655/653
f 675/801/799 676/802/800 674/800/798 673/799/797
f 671/797/795 670/796/794 674/800/798 676/802/800
f 532/658/656 529/655/653 674/800/798 670/796/794
f 677/803/801 678/804/802 679/805/803 680/806/804
f 681/807/805 682/808/806 679/805/803 678/804/802
f 671/797/795 676/802/800 679/805/803 682/808/806
f 675/801/799 680/806/804 679/805/803 676/802/800
f 661/787/785 664/790/788 683/809/807 684/810/808
f 659/785/783 672/798/796 683/809/807 664/790/788
f 671/797/795 682/808/806 683/809/807 672/798/796
f 681/807/805 684/810/808 683/809/807 682/808/806
f 685/811/809 686/812/810 687/813/811 688/814/812
f 689/815/813 690/816/814 687/813/811 686/812/810
f 691/817/815 692/818/816 687/813/811 690/816/814
f 693/819/817 688/814/812 687/813/811 692/818/816
f 677/803/801 680/806/804 694/820/818 695/821/819
f 675/801/799 696/822/820 694/820/818 680/806/804
f 691/817/815 690/816/814 694/820/818 696/822/820
f 689/815/813 695/821/819 694/820/818 690/816/814
f 528/654/652 546/672/670 697/823/821 673/799/797
f 540/666/664 698/824/822 697/823/821 546/672/670
f 691/817/815 696/822/820 697/823/821 698/824/822
f 675/801/799 673/799/797 697/823/821 696/822/820
f 536/662/660 699/825/823 700/826/824 537/663/661
f 693/819/817 692/818/816 700/826/824 699/825/823
f 691/817/815 698/824/822 700/826/824 692/818/816
f 540/666/664 537/663/661 700/826/824 698/824/822
f 577/703/701 580/706/704 701/827/825 702/828/826
f 575/701/699 703/829/827 701/827/825 580/706/704
f 704/830/828 705/831/829 701/827/825 703/829/827
f 706/832/830 702/828/826 701/827/825 705/831/829
f 571/697/695 707/833/831 708/834/832 572/698/696
f 709/835/833 710/836/834 708/834/832 707/833/831
f 704/830/828 703/829/827 708/834/832 710/836/834
f 575/701/699 572/698/696 708/834/832 703/829/827
f 711/837/835 712/838/836 713/839/837 714/840/838
f 715/841/839 716/842/840 713/839/837 712/838/836
f 704/830/828 710/836/834 713/839/837 716/842/840
f 709/835/833 714/840/838 713/839/837 710/836/834
f 717/843/841 718/844/842 719/845/843 720/846/844
f 706/832/830 705/831/829 719/845/843 718/844/842
f 704/830/828 716/842/840 719/845/843 705/831/829
f 715/841/839 720/846/844 719/845/843 716/842/840
f 571/697/695 600/726/724 721/847/845 707/833/831
f 597/723/721 722/848/846 721/847/845 600/726/724
f 723/849/847 724/850/848 721/847/845 722/848/846
f 709/835/833 707/833/831 721/847/845 724/850/848
f 593/719/717 725/851/849 726/852/850 594/720/718
f 727/853/851 728/854/852 726/852/850 725/851/849
f 723/849/847 722/848/846 726/852/850 728/854/852
f 597/723/721 594/720/718 726/852/850 722/848/846
f 729/855/853 730/856/854 731/857/855 732/858/856
f 733/859/857 734/860/858 731/857/855 730/856/854
f 723/849/847 728/854/852 731/857/855 734/860/858
f 727/853/851 732/858/856 731/857/855 728/854/852
f 711/837/835 714/840/838 735/861/859 736/862/860
f 709/835/833 724/850/848 735/861/859 714/840/838
f 723/849/847 734/860/858 735/861/859 724/850/848
f 733/859/857 736/862/860 735/861/859 734/860/858
f 593/719/717 620/746/744 737/863/861 725/851/849
f 617/743/741 738/864/862 737/863/861 620/746/744
f 739/865/863 740/866/864 737/863/861 738/864/862
f 727/853/851 725/851/849 737/863/861 740/866/864
f 613/739/737 741/867/865 742/868/866 614/740/738
f 743/869/867 744/870/868 742/868/866 741/867/865
f 739/865/863 738/864/862 742/868/866 744/870/868
f 617/743/741 614/740/738 742/868/866 738/864/862
f 745/871/869 746/872/870 747/873/871 748/874/872
f 749/875/873 750/876/874 747/873/871 746/872/870
f 739/865/863 744/870/868 747/873/871 750/876/874
f 743/869/867 748/874/872 747/873/871 744/870/868
f 729/855/853 732/858/856 751/877/875 752/878/876
f 727/853/851 740/866/864 751/877/875 732/858/856
f 739/865/863 750/876/874 751/877/875 740/866/864
f 749/875/873 752/878/876 751/877/875 750/876/874
f 627/753/751 753/879/877 754/880/878 628/754/752
f 755/881/879 756/882/880 754/880/878 753/879/877
f 757/883/881 758/884/882 754/880/878 756/882/880
f 631/757/755 628/754/752 754/880/878 758/884/882
f 759/885/883 760/886/884 761/887/885 762/888/886
f 763/889/887 764/890/888 761/887/885 760/886/884
f 757/883/881 756/882/880 761/887/885 764/890/888
f 755/881/879 762/888/886 761/887/885 756/882/880
f 372/474/474 375/477/477 765/891/889 766/892/890
f 380/482/482 767/893/891 765/891/889 375/477/477
f 757/883/881 764/890/888 765/891/889 767/893/891
f 763/889/887 766/892/890 765/891/889 764/890/888
f 291/385/385 634/760/758 768/894/892 390/492/492
f 631/757/755 758/884/882 768/894/892 634/760/758
f 757/883/881 767/893/891 768/894/892 758/884/882
f 380/482/482 390/492/492 768/894/892 767/893/891
f 627/753/751 652/778/776 769/895/893 753/879/877
f 649/775/773 770/896/894 769/895/893 652/778/776
f 771/897/895 772/898/896 769/895/893 770/896/894
f 755/881/879 753/879/877 769/895/893 772/898/896
f 645/771/769 773/899/897 774/900/898 646/772/770
f 775/901/899 776/902/900 774/900/898 773/899/897
f 771/897/895 770/896/894 774/900/898 776/902/900
f 649/775/773 646/772/770 774/900/898 770/896/894
f 777/903/901 778/904/902 779/905/903 780/906/904
f 781/907/905 782/908/906 779/905/903 778/904/902
f 771/897/895 776/902/900 779/905/903 782/908/906
f 775/901/899 780/906/904 779/905/903 776/902/900
f 759/885/883 762/888/886 783/909/907 784/910/908
f 755/881/879 772/898/896 783/909/907 762/888/886
f 771/897/895 782/908/906 783/909/907 772/898/896
f 781/907/905 784/910/908 783/909/907 782/908/906
f 645/771/769 668/794/792 785/911/909 773/899/897
f 665/791/789 786/912/910 785/911/909 668/794/792
f 787/913/911 788/914/912 785/911/909 786/912/910
f 775/901/899 773/899/897 785/911/909 788/914/912
f 661/787/785 789/915/913 790/916/914 662/788/786
f 791/917/915 792/918/916 790/916/914 789/915/913
f 787/913/911 786/912/910 790/916/914 792/918/916
f 665/791/789 662/788/786 790/916/914 786/912/910
f 793/919/917 794/920/918 795/921/919 796/922/920
f 797/923/921 798/924/922 795/921/919 794/920/918
f 787/913/911 792/918/916 795/921/919 798/924/922
f 791/917/915 796/922/920 795/921/919 792/918/916
f 777/903/901 780/906/904 799/925/923 800/926/924
f 775/901/899 788/914/912 799/925/923 780/906/904
f 787/913/911 798/924/922 799/925/923 788/914/912
f 797/923/921 800/926/924 799/925/923 798/924/922
f 661/787/785 684/810/808 801/927/925 789/915/913
f 681/807/805 802/928/926 801/927/925 684/810/808
f 803/929/927 804/930/928 801/927/925 802/928/926
f 791/917/915 789/915/913 801/927/925 804/930/928
f 677/803/801 805/931/929 806/932/930 678/804/802
f 807/933/931 808/934/932 806/932/930 805/931/929
f 803/929/927 802/928/926 806/932/930 808/934/932
f 681/807/805 678/804/802 806/932/930 802/928/926
f 809/935/933 810/936/934 811/937/935 812/938/936
f 813/939/937 814/940/938 811/937/935 810/936/934
f 803/929/927 808/934/932 811/937/935 814/940/938
f 807/933/931 812/938/936 811/937/935 808/934/932
f 793/919/917 796/922/920 815/941/939 816/942/940
f 791/917/915 804/930/928 815/941/939 796/922/920
f 803/929/927 814/940/938 815/941/939 804/930/928
f 813/939/937 816/942/940 815/941/939 814/940/938
f 759/885/883 817/943/941 818/944/942 760/886/884
f 819/945/943 820/946/944 818/944/942 817/943/941
f 821/947/945 822/948/946 818/944/942 820/946/944
f 763/889/887 760/886/884 818/944/942 822/948/946
f 823/949/947 824/950/948 825/951/949 826/952/950
f 827/953/951 828/954/952 825/951/949 824/950/948
f 821/947/945 820/946/944 825/951/949 828/954/952
f 819/945/943 826/952/950 825/951/949 820/946/944
f 424/526/526 427/529/529 829/955/953 830/956/954
f 422/524/524 831/957/955 829/955/953 427/529/529
f 821/947/945 828/954/952 829/955/953 831/957/955
f 827/953/951 830/956/954 829/955/953 828/954/952
f 372/474/474 766/892/890 832/958/956 420/522/522
f 763/889/887 822/948/946 832/958/956 766/892/890
f 821/947/945 831/957/955 832/958/956 822/948/946
f 422/524/524 420/522/522 832/958/956 831/957/955
f 759/885/883 784/910/908 833/959/957 817/943/941
f 781/907/905 834/960/958 833/959/957 784/910/908
f 835/961/959 836/962/960 833/959/957 834/960/958
f 819/945/943 817/943/941 833/959/957 836/962/960
f 777/903/901 837/963/961 838/964/962 778/904/902
f 839/965/963 840/966/964 838/964/962 837/963/961
f 835/961/959 834/960/958 838/964/962 840/966/964
f 781/907/905 778/904/902 838/964/962 834/960/958
f 841/967/965 842/968/966 843/969/967 844/970/968
f 845/971/969 846/972/970 843/969/967 842/968/966
f 835/961/959 840/966/964 843/969/967 846/972/970
f 839/965/963 844/970/968 843/969/967 840/966/964
f 823/949/947 826/952/950 847/973/971 848/974/972
f 819/945/943 836/962/960 847/973/971 826/952/950
f 835/961/959 846/972/970 847/973/971 836/962/960
f 845/971/969 848/974/972 847/973/971 846/972/970
f 777/903/901 800/926/924 849/975/973 837/963/961
f 797/923/921 850/976/974 849/975/973 800/926/924
f 851/977/975 852/978/976 849/975/973 850/976/974
f 839/965/963 837/963/961 849/975/973 852/978/976
f 793/919/917 853/979/977 854/980/978 794/920/918
f 855/981/979 856/982/980 854/980/978 853/979/977
f 851/977/975 850/976/974 854/980/978 856/982/980
f 797/923/921 794/920/918 854/980/978 850/976/974
f 857/983/981 858/984/982 859/985/983 860/986/984
f 861/987/985 862/988/986 859/985/983 858/984/982
f 851/977/975 856/982/980 859/985/983 862/988/986
f 855/981/979 860/986/984 859/985/983 856/982/980
f 841/967/965 844/970/968 863/989/987 864/990/988
f 839/965/963 852/978/976 863/989/987 844/970/968
f 851/977/975 862/988/986 863/989/987 852/978/976
f 861/987/985 864/990/988 863/989/987 862/988/986
f 793/919/917 816/942/940 865/991/989 853/979/977
f 813/939/937 866/992/990 865/991/989 816/942/940
f 867/993/991 868/994/992 865/991/989 866/992/990
f 855/981/979 853/979/977 865/991/989 868/994/992
f 809/935/933 869/995/993 870/996/994 810/936/934
f 871/997/995 872/998/996 870/996/994 869/995/993
f 867/993/991 866/992/990 870/996/994 872/998/996
f 813/939/937 810/936/934 870/996/994 866/992/990
f 873/999/997 874/1000/998 875/1001/999 876/1002/1000
f 877/1003/1001 878/1004/1002 875/1001/999 874/1000/998
f 867/993/991 872/998/996 875/1001/999 878/1004/1002
f 871/997/995 876/1002/1000 875/1001/999 872/998/996
f 857/983/981 860/986/984 879/1005/1003 880/1006/1004
f 855/981/979 868/994/992 879/1005/1003 860/986/984
f 867/993/991 878/1004/1002 879/1005/1003 868/994/992
f 877/1003/1001 880/1006/1004 879/1005/1003 878/1004/1002
f 823/949/947 881/1007/1005 882/1008/1006 824/950/948
f 883/1009/1007 884/1010/1008 882/1008/1006 881/1007/1005
f 885/1011/1009 886/1012/1010 882/1008/1006 884/1010/1008
f 827/953/951 824/950/948 882/1008/1006 886/1012/1010
f 887/1013/1011 888/1014/1012 889/1015/1013 890/1016/1014
f 891/1017/1015 892/1018/1016 889/1015/1013 888/1014/1012
f 885/1011/1009 884/1010/1008 889/1015/1013 892/1018/1016
f 883/1009/1007 890/1016/1014 889/1015/1013 884/1010/1008
f 438/543/543 440/542/542 893/1019/1017 894/1020/1018
f 434/536/536 895/1021/1019 893/1019/1017 440/542/542
f 885/1011/1009 892/1018/1016 893/1019/1017 895/1021/1019
f 891/1017/1015 894/1020/1018 893/1019/1017 892/1018/1016
f 424/526/526 830/956/954 896/1022/1020 432/534/534
f 827/953/951 886/1012/1010 896/1022/1020 830/956/954
f 885/1011/1009 895/1021/1019 896/1022/1020 886/1012/1010
f 434/536/536 432/534/534 896/1022/1020 895/1021/1019
f 823/949/947 848/974/972 897/1023/1021 881/1007/1005
f 845/971/969 898/1024/1022 897/1023/1021 848/974/972
f 899/1025/1023 900/1026/1024 897/1023/1021 898/1024/1022
f 883/1009/1007 881/1007/1005 897/1023/1021 900/1026/1024
f 841/967/965 901/1027/1025 902/1028/1026 842/968/966
f 903/1029/1027 904/1030/1028 902/1028/1026 901/1027/1025
f 899/1025/1023 898/1024/1022 902/1028/1026 904/1030/1028
f 845/971/969 842/968/966 902/1028/1026 898/1024/1022
f 905/1031/1029 906/1032/1030 907/1033/1031 908/1034/1032
f 909/1035/1033 910/1036/1034 907/1033/1031 906/1032/1030
f 899/1025/1023 904/1030/1028 907/1033/1031 910/1036/1034
f 903/1029/1027 908/1034/1032 907/1033/1031 904/1030/1028
f 887/1013/1011 890/1016/1014 911/1037/1035 912/1038/1036
f 883/1009/1007 900/1026/1024 911/1037/1035 890/1016/1014
f 899/1025/1023 910/1036/1034 911/1037/1035 900/1026/1024
f 909/1035/1033 912/1038/1036 911/1037/1035 910/1036/1034
f 841/967/965 864/990/988 913/1039/1037 901/1027/1025
f 861/987/985 914/1040/1038 913/1039/1037 864/990/988
f 915/1041/1039 916/1042/1040 913/1039/1037 914/1040/1038
f 903/1029/1027 901/1027/1025 913/1039/1037 916/1042/1040
f 857/983/981 917/1043/1041 918/1044/1042 858/984/982
f 919/1045/1043 920/1046/1044 918/1044/1042 917/1043/1041
f 915/1041/1039 914/1040/1038 918/1044/1042 920/1046/1044
f 861/987/985 858/984/982 918/1044/1042 914/1040/1038
f 921/1047/1045 922/1048/1046 923/1049/1047 924/1050/1048
f 925/1051/1049 926/1052/1050 923/1049/1047 922/1048/1046
f 915/1041/1039 920/1046/1044 923/1049/1047 926/1052/1050
f 919/1045/1043 924/1050/1048 923/1049/1047 920/1046/1044
f 905/1031/1029 908/1034/1032 927/1053/1051 928/1054/1052
f 903/1029/1027 916/1042/1040 927/1053/1051 908/1034/1032
f 915/1041/1039 926/1052/1050 927/1053/1051 916/1042/1040
f 925/1051/1049 928/1054/1052 927/1053/1051 926/1052/1050
f 857/983/981 880/1006/1004 929/1055/1053 917/1043/1041
f 877/1003/1001 930/1056/1054 929/1055/1053 880/1006/1004
f 931/1057/1055 932/1058/1056 929/1055/1053 930/1056/1054
f 919/1045/1043 917/1043/1041 929/1055/1053 932/1058/1056
f 873/999/997 933/1059/1057 934/1060/1058 874/1000/998
f 935/1061/1059 936/1062/1060 934/1060/1058 933/1059/1057
f 931/1057/1055 930/1056/1054 934/1060/1058 936/1062/1060
f 877/1003/1001 874/1000/998 934/1060/1058 930/1056/1054
f 937/1063/1061 938/1064/1062 939/1065/1063 940/1066/1064
f 941/1067/1065 942/1068/1066 939/1065/1063 938/1064/1062
f 931/1057/1055 936/1062/1060 939/1065/1063 942/1068/1066
f 935/1061/1059 940/1066/1064 939/1065/1063 936/1062/1060
f 921/1047/1045 924/1050/1048 943/1069/1067 944/1070/1068
f 919/1045/1043 932/1058/1056 943/1069/1067 924/1050/1048
f 931/1057/1055 942/1068/1066 943/1069/1067 932/1058/1056
f 941/1067/1065 944/1070/1068 943/1069/1067 942/1068/1066
f 887/1071/1011 945/1072/1069 946/1073/1070 888/1074/1012
f 947/1075/1071 948/1076/1072 946/1073/1070 945/1072/1069
f 949/1077/1073 950/1078/1074 946/1073/1070 948/1076/1072
f 891/1079/1015 888/1074/1012 946/1073/1070 950/1078/1074
f 951/1080/1075 952/1081/1076 953/1082/1077 954/1083/1078
f 955/1084/1079 956/1085/1080 953/1082/1077 952/1081/1076
f 949/1077/1073 948/1076/1072 953/1082/1077 956/1085/1080
f 947/1075/1071 954/1083/1078 953/1082/1077 948/1076/1072
f 3800/555/555 3812/1086/1081 957/1087/1082 958/1088/1083 444/556/556
f 3813/1089/1084 959/1090/1085 957/1087/1082 3812/1086/1081 3814/1091/1086
f 949/1077/1073 956/1085/1080 957/1087/1082 959/1090/1085
f 955/1084/1079 958/1088/1083 957/1087/1082 956/1085/1080
f 438/560/543 894/1092/1018 960/1093/1087 445/561/559
f 891/1079/1015 950/1078/1074 960/1093/1087 894/1092/1018
f 949/1077/1073 959/1090/1085 960/1093/1087 950/1078/1074
f 3815/1094/1088 3803/563/561 445/561/559 960/1093/1087 959/1090/1085 3813/1089/1084
f 887/1071/1011 912/1095/1036 961/1096/1089 945/1072/1069
f 909/1097/1033 962/1098/1090 961/1096/1089 912/1095/1036
f 963/1099/1091 964/1100/1092 961/1096/1089 962/1098/1090
f 947/1075/1071 945/1072/1069 961/1096/1089 964/1100/1092
f 905/1101/1029 965/1102/1093 966/1103/1094 906/1104/1030
f 967/1105/1095 968/1106/1096 966/1103/1094 965/1102/1093
f 963/1099/1091 962/1098/1090 966/1103/1094 968/1106/1096
f 909/1097/1033 906/1104/1030 966/1103/1094 962/1098/1090
f 969/1107/1097 970/1108/1098 971/1109/1099 972/1110/1100
f 973/1111/1101 974/1112/1102 971/1109/1099 970/1108/1098
f 963/1099/1091 968/1106/1096 971/1109/1099 974/1112/1102
f 967/1105/1095 972/1110/1100 971/1109/1099 968/1106/1096
f 951/1080/1075 954/1083/1078 975/1113/1103 976/1114/1104
f 947/1075/1071 964/1100/1092 975/1113/1103 954/1083/1078
f 963/1099/1091 974/1112/1102 975/1113/1103 964/1100/1092
f 973/1111/1101 976/1114/1104 975/1113/1103 974/1112/1102
f 905/1101/1029 928/1115/1052 977/1116/1105 965/1102/1093
f 925/1117/1049 978/1118/1106 977/1116/1105 928/1115/1052
f 979/1119/1107 980/1120/1108 977/1116/1105 978/1118/1106
f 967/1105/1095 965/1102/1093 977/1116/1105 980/1120/1108
f 921/1121/1045 981/1122/1109 982/1123/1110 922/1124/1046
f 983/1125/1111 984/1126/1112 982/1123/1110 981/1122/1109
f 979/1119/1107 978/1118/1106 982/1123/1110 984/1126/1112
f 925/1117/1049 922/1124/1046 982/1123/1110 978/1118/1106
f 985/1127/1113 986/1128/1114 987/1129/1115 988/1130/1116
f 989/1131/1117 990/1132/1118 987/1129/1115 986/1128/1114
f 979/1119/1107 984/1126/1112 987/1129/1115 990/1132/1118
f 983/1125/1111 988/1130/1116 987/1129/1115 984/1126/1112
f 969/1107/1097 972/1110/1100 991/1133/1119 992/1134/1120
f 967/1105/1095 980/1120/1108 991/1133/1119 972/1110/1100
f 979/1119/1107 990/1132/1118 991/1133/1119 980/1120/1108
f 989/1131/1117 992/1134/1120 991/1133/1119 990/1132/1118
f 921/1121/1045 944/1135/1068 993/1136/1121 981/1122/1109
f 941/1137/1065 994/1138/1122 993/1136/1121 944/1135/1068
f 995/1139/1123 996/1140/1124 993/1136/1121 994/1138/1122
f 983/1125/1111 981/1122/1109 993/1136/1121 996/1140/1124
f 937/1141/1061 997/1142/1125 998/1143/1126 938/1144/1062
f 999/1145/1127 1000/1146/1128 998/1143/1126 997/1142/1125
f 995/1139/1123 994/1138/1122 998/1143/1126 1000/1146/1128
f 941/1137/1065 938/1144/1062 998/1143/1126 994/1138/1122
f 1001/1147/1129 1002/1148/1130 1003/1149/1131 1004/1150/1132
f 1005/1151/1133 1006/1152/1134 1003/1149/1131 1002/1148/1130
f 995/1139/1123 1000/1146/1128 1003/1149/1131 1006/1152/1134
f 999/1145/1127 1004/1150/1132 1003/1149/1131 1000/1146/1128
f 985/1127/1113 988/1130/1116 1007/1153/1135 1008/1154/1136
f 983/1125/1111 996/1140/1124 1007/1153/1135 988/1130/1116
f 995/1139/1123 1006/1152/1134 1007/1153/1135 996/1140/1124
f 1005/1151/1133 1008/1154/1136 1007/1153/1135 1006/1152/1134
f 1009/1155/1137 1010/1156/1138 1011/1157/1139 1012/1158/1140
f 1013/1159/1141 1014/1160/1142 1011/1157/1139 1010/1156/1138
f 1015/1161/1143 1016/1162/1144 1011/1157/1139 1014/1160/1142
f 1017/1163/1145 1012/1158/1140 1011/1157/1139 1016/1162/1144
f 1001/1147/1129 1004/1150/1132 1018/1164/1146 1019/1165/1147
f 999/1145/1127 1020/1166/1148 1018/1164/1146 1004/1150/1132
f 1015/1161/1143 1014/1160/1142 1018/1164/1146 1020/1166/1148
f 1013/1159/1141 1019/1165/1147 1018/1164/1146 1014/1160/1142
f 937/1141/1061 1021/1167/1149 1022/1168/1150 997/1142/1125
f 1023/1169/1151 1024/1170/1152 1022/1168/1150 1021/1167/1149
f 1015/1161/1143 1020/1166/1148 1022/1168/1150 1024/1170/1152
f 999/1145/1127 997/1142/1125 1022/1168/1150 1020/1166/1148
f 1025/1171/1153 1026/1172/1154 1027/1173/1155 1028/1174/1156
f 1017/1163/1145 1016/1162/1144 1027/1173/1155 1026/1172/1154
f 1015/1161/1143 1024/1170/1152 1027/1173/1155 1016/1162/1144
f 1023/1169/1151 1028/1174/1156 1027/1173/1155 1024/1170/1152
f 1029/1175/1157 1030/1176/1158 1031/1177/1159 1032/1178/1160
f 1033/1179/1161 1034/1180/1162 1031/1177/1159 1030/1176/1158
f 1035/1181/1163 1036/1182/1164 1031/1177/1159 1034/1180/1162
f 1037/1183/1165 1032/1178/1160 1031/1177/1159 1036/1182/1164
f 1038/1184/1166 1039/1185/1167 1040/1186/1168 1041/1187/1169
f 1042/1188/1170 1043/1189/1171 1040/1186/1168 1039/1185/1167
f 1035/1181/1163 1034/1180/1162 1040/1186/1168 1043/1189/1171
f 1033/1179/1161 1041/1187/1169 1040/1186/1168 1034/1180/1162
f 1044/1190/1172 1045/1191/1173 1046/1192/1174 1047/1193/1175
f 1048/1194/1176 1049/1195/1177 1046/1192/1174 1045/1191/1173
f 1035/1181/1163 1043/1189/1171 1046/1192/1174 1049/1195/1177
f 1042/1188/1170 1047/1193/1175 1046/1192/1174 1043/1189/1171
f 1050/1196/1178 1051/1197/1179 1052/1198/1180 1053/1199/1181
f 1037/1183/1165 1036/1182/1164 1052/1198/1180 1051/1197/1179
f 1035/1181/1163 1049/1195/1177 1052/1198/1180 1036/1182/1164
f 1048/1194/1176 1053/1199/1181 1052/1198/1180 1049/1195/1177
f 1038/1184/1166 1054/1200/1182 1055/1201/1183 1039/1185/1167
f 1056/1202/1184 1057/1203/1185 1055/1201/1183 1054/1200/1182
f 1058/1204/1186 1059/1205/1187 1055/1201/1183 1057/1203/1185
f 1042/1188/1170 1039/1185/1167 1055/1201/1183 1059/1205/1187
f 1060/1206/1188 1061/1207/1189 1062/1208/1190 1063/1209/1191
f 1064/1210/1192 1065/1211/1193 1062/1208/1190 1061/1207/1189
f 1058/1204/1186 1057/1203/1185 1062/1208/1190 1065/1211/1193
f 1056/1202/1184 1063/1209/1191 1062/1208/1190 1057/1203/1185
f 1066/1212/1194 1067/1213/1195 1068/1214/1196 1069/1215/1197
f 1070/1216/1198 1071/1217/1199 1068/1214/1196 1067/1213/1195
f 1058/1204/1186 1065/1211/1193 1068/1214/1196 1071/1217/1199
f 1064/1210/1192 1069/1215/1197 1068/1214/1196 1065/1211/1193
f 1044/1190/1172 1047/1193/1175 1072/1218/1200 1073/1219/1201
f 1042/1188/1170 1059/1205/1187 1072/1218/1200 1047/1193/1175
f 1058/1204/1186 1071/1217/1199 1072/1218/1200 1059/1205/1187
f 1070/1216/1198 1073/1219/1201 1072/1218/1200 1071/1217/1199
f 1060/1206/1188 1074/1220/1202 1075/1221/1203 1061/1207/1189
f 1076/1222/1204 1077/1223/1205 1075/1221/1203 1074/1220/1202
f 1078/1224/1206 1079/1225/1207 1075/1221/1203 1077/1223/1205
f 1064/1210/1192 1061/1207/1189 1075/1221/1203 1079/1225/1207
f 1080/1226/1208 1081/1227/1209 1082/1228/1210 1083/1229/1211
f 1084/1230/1212 1085/1231/1213 1082/1228/1210 1081/1227/1209
f 1078/1224/1206 1077/1223/1205 1082/1228/1210 1085/1231/1213
f 1076/1222/1204 1083/1229/1211 1082/1228/1210 1077/1223/1205
f 1086/1232/1214 1087/1233/1215 1088/1234/1216 1089/1235/1217
f 1090/1236/1218 1091/1237/1219 1088/1234/1216 1087/1233/1215
f 1078/1224/1206 1085/1231/1213 1088/1234/1216 1091/1237/1219
f 1084/1230/1212 1089/1235/1217 1088/1234/1216 1085/1231/1213
f 1066/1212/1194 1069/1215/1197 1092/1238/1220 1093/1239/1221
f 1064/1210/1192 1079/1225/1207 1092/1238/1220 1069/1215/1197
f 1078/1224/1206 1091/1237/1219 1092/1238/1220 1079/1225/1207
f 1090/1236/1218 1093/1239/1221 1092/1238/1220 1091/1237/1219
f 951/1080/1075 1094/1240/1222 1095/1241/1223 952/1081/1076
f 1096/1242/1224 1097/1243/1225 1095/1241/1223 1094/1240/1222
f 1098/1244/1226 1099/1245/1227 1095/1241/1223 1097/1243/1225
f 955/1084/1079 952/1081/1076 1095/1241/1223 1099/1245/1227
f 1100/1246/1228 1101/1247/1229 1102/1248/1230 1103/1249/1231
f 1104/1250/1232 1105/1251/1233 1102/1248/1230 1101/1247/1229
f 1098/1244/1226 1097/1243/1225 1102/1248/1230 1105/1251/1233
f 1096/1242/1224 1103/1249/1231 1102/1248/1230 1097/1243/1225
f 255/349/349 447/565/563 1106/1252/1234 1107/1253/1235
f 451/569/567 1108/1254/1236 1106/1252/1234 447/565/563
f 1098/1244/1226 1105/1251/1233 1106/1252/1234 1108/1254/1236
f 1104/1250/1232 1107/1253/1235 1106/1252/1234 1105/1251/1233
f 444/556/556 958/1088/1083 1109/1255/1237 454/577/575
f 955/1084/1079 1099/1245/1227 1109/1255/1237 958/1088/1083
f 1098/1244/1226 1108/1254/1236 1109/1255/1237 1099/1245/1227
f 451/569/567 454/577/575 1109/1255/1237 1108/1254/1236
f 951/1080/1075 976/1114/1104 1110/1256/1238 1094/1240/1222
f 973/1111/1101 1111/1257/1239 1110/1256/1238 976/1114/1104
f 1112/1258/1240 1113/1259/1241 1110/1256/1238 1111/1257/1239
f 1096/1242/1224 1094/1240/1222 1110/1256/1238 1113/1259/1241
f 969/1107/1097 1114/1260/1242 1115/1261/1243 970/1108/1098
f 1116/1262/1244 1117/1263/1245 1115/1261/1243 1114/1260/1242
f 1112/1258/1240 1111/1257/1239 1115/1261/1243 1117/1263/1245
f 973/1111/1101 970/1108/1098 1115/1261/1243 1111/1257/1239
f 1118/1264/1246 1119/1265/1247 1120/1266/1248 1121/1267/1249
f 1122/1268/1250 1123/1269/1251 1120/1266/1248 1119/1265/1247
f 1112/1258/1240 1117/1263/1245 1120/1266/1248 1123/1269/1251
f 1116/1262/1244 1121/1267/1249 1120/1266/1248 1117/1263/1245
f 1100/1246/1228 1103/1249/1231 1124/1270/1252 1125/1271/1253
f 1096/1242/1224 1113/1259/1241 1124/1270/1252 1103/1249/1231
f 1112/1258/1240 1123/1269/1251 1124/1270/1252 1113/1259/1241
f 1122/1268/1250 1125/1271/1253 1124/1270/1252 1123/1269/1251
f 969/1107/1097 992/1134/1120 1126/1272/1254 1114/1260/1242
f 989/1131/1117 1127/1273/1255 1126/1272/1254 992/1134/1120
f 1128/1274/1256 1129/1275/1257 1126/1272/1254 1127/1273/1255
f 1116/1262/1244 1114/1260/1242 1126/1272/1254 1129/1275/1257
f 985/1127/1113 1130/1276/1258 1131/1277/1259 986/1128/1114
f 1132/1278/1260 1133/1279/1261 1131/1277/1259 1130/1276/1258
f 1128/1274/1256 1127/1273/1255 1131/1277/1259 1133/1279/1261
f 989/1131/1117 986/1128/1114 1131/1277/1259 1127/1273/1255
f 1134/1280/1262 1135/1281/1263 1136/1282/1264 1137/1283/1265
f 1138/1284/1266 1139/1285/1267 1136/1282/1264 1135/1281/1263
f 1128/1274/1256 1133/1279/1261 1136/1282/1264 1139/1285/1267
f 1132/1278/1260 1137/1283/1265 1136/1282/1264 1133/1279/1261
f 1118/1264/1246 1121/1267/1249 1140/1286/1268 1141/1287/1269
f 1116/1262/1244 1129/1275/1257 1140/1286/1268 1121/1267/1249
f 1128/1274/1256 1139/1285/1267 1140/1286/1268 1129/1275/1257
f 1138/1284/1266 1141/1287/1269 1140/1286/1268 1139/1285/1267
f 985/1127/1113 1008/1154/1136 1142/1288/1270 1130/1276/1258
f 1005/1151/1133 1143/1289/1271 1142/1288/1270 1008/1154/1136
f 1144/1290/1272 1145/1291/1273 1142/1288/1270 1143/1289/1271
f 1132/1278/1260 1130/1276/1258 1142/1288/1270 1145/1291/1273
f 1001/1147/1129 1146/1292/1274 1147/1293/1275 1002/1148/1130
f 1148/1294/1276 1149/1295/1277 1147/1293/1275 1146/1292/1274
f 1144/1290/1272 1143/1289/1271 1147/1293/1275 1149/1295/1277
f 1005/1151/1133 1002/1148/1130 1147/1293/1275 1143/1289/1271
f 1150/1296/1278 1151/1297/1279 1152/1298/1280 1153/1299/1281
f 1154/1300/1282 1155/1301/1283 1152/1298/1280 1151/1297/1279
f 1144/1290/1272 1149/1295/1277 1152/1298/1280 1155/1301/1283
f 1148/1294/1276 1153/1299/1281 1152/1298/1280 1149/1295/1277
f 1134/1280/1262 1137/1283/1265 1156/1302/1284 1157/1303/1285
f 1132/1278/1260 1145/1291/1273 1156/1302/1284 1137/1283/1265
f 1144/1290/1272 1155/1301/1283 1156/1302/1284 1145/1291/1273
f 1154/1300/1282 1157/1303/1285 1156/1302/1284 1155/1301/1283
f 1158/1304/1286 1159/1305/1287 1160/1306/1288 1161/1307/1289
f 1162/1308/1290 1163/1309/1291 1160/1306/1288 1159/1305/1287
f 1164/1310/1292 1165/1311/1293 1160/1306/1288 1163/1309/1291
f 1166/1312/1294 1161/1307/1289 1160/1306/1288 1165/1311/1293
f 1150/1296/1278 1153/1299/1281 1167/1313/1295 1168/1314/1296
f 1148/1294/1276 1169/1315/1297 1167/1313/1295 1153/1299/1281
f 1164/1310/1292 1163/1309/1291 1167/1313/1295 1169/1315/1297
f 1162/1308/1290 1168/1314/1296 1167/1313/1295 1163/1309/1291
f 1001/1147/1129 1019/1165/1147 1170/1316/1298 1146/1292/1274
f 1013/1159/1141 1171/1317/1299 1170/1316/1298 1019/1165/1147
f 1164/1310/1292 1169/1315/1297 1170/1316/1298 1171/1317/1299
f 1148/1294/1276 1146/1292/1274 1170/1316/1298 1169/1315/1297
f 1009/1155/1137 1172/1318/1300 1173/1319/1301 1010/1156/1138
f 1166/1312/1294 1165/1311/1293 1173/1319/1301 1172/1318/1300
f 1164/1310/1292 1171/1317/1299 1173/1319/1301 1165/1311/1293
f 1013/1159/1141 1010/1156/1138 1173/1319/1301 1171/1317/1299
f 1050/1196/1178 1053/1199/1181 1174/1320/1302 1175/1321/1303
f 1048/1194/1176 1176/1322/1304 1174/1320/1302 1053/1199/1181
f 1177/1323/1305 1178/1324/1306 1174/1320/1302 1176/1322/1304
f 1179/1325/1307 1175/1321/1303 1174/1320/1302 1178/1324/1306
f 1044/1190/1172 1180/1326/1308 1181/1327/1309 1045/1191/1173
f 1182/1328/1310 1183/1329/1311 1181/1327/1309 1180/1326/1308
f 1177/1323/1305 1176/1322/1304 1181/1327/1309 1183/1329/1311
f 1048/1194/1176 1045/1191/1173 1181/1327/1309 1176/1322/1304
f 1184/1330/1312 1185/1331/1313 1186/1332/1314 1187/1333/1315
f 1188/1334/1316 1189/1335/1317 1186/1332/1314 1185/1331/1313
f 1177/1323/1305 1183/1329/1311 1186/1332/1314 1189/1335/1317
f 1182/1328/1310 1187/1333/1315 1186/1332/1314 1183/1329/1311
f 1190/1336/1318 1191/1337/1319 1192/1338/1320 1193/1339/1321
f 1179/1325/1307 1178/1324/1306 1192/1338/1320 1191/1337/1319
f 1177/1323/1305 1189/1335/1317 1192/1338/1320 1178/1324/1306
f 1188/1334/1316 1193/1339/1321 1192/1338/1320 1189/1335/1317
f 1044/1190/1172 1073/1219/1201 1194/1340/1322 1180/1326/1308
f 1070/1216/1198 1195/1341/1323 1194/1340/1322 1073/1219/1201
f 1196/1342/1324 1197/1343/1325 1194/1340/1322 1195/1341/1323
f 1182/1328/1310 1180/1326/1308 1194/1340/1322 1197/1343/1325
f 1066/1212/1194 1198/1344/1326 1199/1345/1327 1067/1213/1195
f 1200/1346/1328 1201/1347/1329 1199/1345/1327 1198/1344/1326
f 1196/1342/1324 1195/1341/1323 1199/1345/1327 1201/1347/1329
f 1070/1216/1198 1067/1213/1195 1199/1345/1327 1195/1341/1323
f 1202/1348/1330 1203/1349/1331 1204/1350/1332 1205/1351/1333
f 1206/1352/1334 1207/1353/1335 1204/1350/1332 1203/1349/1331
f 1196/1342/1324 1201/1347/1329 1204/1350/1332 1207/1353/1335
f 1200/1346/1328 1205/1351/1333 1204/1350/1332 1201/1347/1329
f 1184/1330/1312 1187/1333/1315 1208/1354/1336 1209/1355/1337
f 1182/1328/1310 1197/1343/1325 1208/1354/1336 1187/1333/1315
f 1196/1342/1324 1207/1353/1335 1208/1354/1336 1197/1343/1325
f 1206/1352/1334 1209/1355/1337 1208/1354/1336 1207/1353/1335
f 1066/1212/1194 1093/1239/1221 1210/1356/1338 1198/1344/1326
f 1090/1236/1218 1211/1357/1339 1210/1356/1338 1093/1239/1221
f 1212/1358/1340 1213/1359/1341 1210/1356/1338 1211/1357/1339
f 1200/1346/1328 1198/1344/1326 1210/1356/1338 1213/1359/1341
f 1086/1232/1214 1214/1360/1342 1215/1361/1343 1087/1233/1215
f 1216/1362/1344 1217/1363/1345 1215/1361/1343 1214/1360/1342
f 1212/1358/1340 1211/1357/1339 1215/1361/1343 1217/1363/1345
f 1090/1236/1218 1087/1233/1215 1215/1361/1343 1211/1357/1339
f 1218/1364/1346 1219/1365/1347 1220/1366/1348 1221/1367/1349
f 1222/1368/1350 1223/1369/1351 1220/1366/1348 1219/1365/1347
f 1212/1358/1340 1217/1363/1345 1220/1366/1348 1223/1369/1351
f 1216/1362/1344 1221/1367/1349 1220/1366/1348 1217/1363/1345
f 1202/1348/1330 1205/1351/1333 1224/1370/1352 1225/1371/1353
f 1200/1346/1328 1213/1359/1341 1224/1370/1352 1205/1351/1333
f 1212/1358/1340 1223/1369/1351 1224/1370/1352 1213/1359/1341
f 1222/1368/1350 1225/1371/1353 1224/1370/1352 1223/1369/1351
f 1100/1246/1228 1226/1372/1354 1227/1373/1355 1101/1247/1229
f 1228/1374/1356 1229/1375/1357 1227/1373/1355 1226/1372/1354
f 1230/1376/1358 1231/1377/1359 1227/1373/1355 1229/1375/1357
f 1104/1250/1232 1101/1247/1229 1227/1373/1355 1231/1377/1359
f 456/582/580 459/585/583 1232/1378/1360 1233/1379/1361
f 464/590/588 1234/1380/1362 1232/1378/1360 459/585/583
f 1230/1376/1358 1229/1375/1357 1232/1378/1360 1234/1380/1362
f 1228/1374/1356 1233/1379/1361 1232/1378/1360 1229/1375/1357
f 264/358/358 267/361/361 1235/1381/1363 474/600/598
f 259/353/353 1236/1382/1364 1235/1381/1363 267/361/361
f 1230/1376/1358 1234/1380/1362 1235/1381/1363 1236/1382/1364
f 464/590/588 474/600/598 1235/1381/1363 1234/1380/1362
f 255/349/349 1107/1253/1235 1237/1383/1365 256/350/350
f 1104/1250/1232 1231/1377/1359 1237/1383/1365 1107/1253/1235
f 1230/1376/1358 1236/1382/1364 1237/1383/1365 1231/1377/1359
f 259/353/353 256/350/350 1237/1383/1365 1236/1382/1364
f 1100/1246/1228 1125/1271/1253 1238/1384/1366 1226/1372/1354
f 1122/1268/1250 1239/1385/1367 1238/1384/1366 1125/1271/1253
f 1240/1386/1368 1241/1387/1369 1238/1384/1366 1239/1385/1367
f 1228/1374/1356 1226/1372/1354 1238/1384/1366 1241/1387/1369
f 1118/1264/1246 1242/1388/1370 1243/1389/1371 1119/1265/1247
f 1244/1390/1372 1245/1391/1373 1243/1389/1371 1242/1388/1370
f 1240/1386/1368 1239/1385/1367 1243/1389/1371 1245/1391/1373
f 1122/1268/1250 1119/1265/1247 1243/1389/1371 1239/1385/1367
f 482/608/606 485/611/609 1246/1392/1374 1247/1393/1375
f 478/604/602 1248/1394/1376 1246/1392/1374 485/611/609
f 1240/1386/1368 1245/1391/1373 1246/1392/1374 1248/1394/1376
f 1244/1390/1372 1247/1393/1375 1246/1392/1374 1245/1391/1373
f 456/582/580 1233/1379/1361 1249/1395/1377 476/602/600
f 1228/1374/1356 1241/1387/1369 1249/1395/1377 1233/1379/1361
f 1240/1386/1368 1248/1394/1376 1249/1395/1377 1241/1387/1369
f 478/604/602 476/602/600 1249/1395/1377 1248/1394/1376
f 1118/1264/1246 1141/1287/1269 1250/1396/1378 1242/1388/1370
f 1138/1284/1266 1251/1397/1379 1250/1396/1378 1141/1287/1269
f 1252/1398/1380 1253/1399/1381 1250/1396/1378 1251/1397/1379
f 1244/1390/1372 1242/1388/1370 1250/1396/1378 1253/1399/1381
f 1134/1280/1262 1254/1400/1382 1255/1401/1383 1135/1281/1263
f 1256/1402/1384 1257/1403/1385 1255/1401/1383 1254/1400/1382
f 1252/1398/1380 1251/1397/1379 1255/1401/1383 1257/1403/1385
f 1138/1284/1266 1135/1281/1263 1255/1401/1383 1251/1397/1379
f 502/628/626 505/631/629 1258/1404/1386 1259/1405/1387
f 498/624/622 1260/1406/1388 1258/1404/1386 505/631/629
f 1252/1398/1380 1257/1403/1385 1258/1404/1386 1260/1406/1388
f 1256/1402/1384 1259/1405/1387 1258/1404/1386 1257/1403/1385
f 482/608/606 1247/1393/1375 1261/1407/1389 496/622/620
f 1244/1390/1372 1253/1399/1381 1261/1407/1389 1247/1393/1375
f 1252/1398/1380 1260/1406/1388 1261/1407/1389 1253/1399/1381
f 498/624/622 496/622/620 1261/1407/1389 1260/1406/1388
f 1134/1280/1262 1157/1303/1285 1262/1408/1390 1254/1400/1382
f 1154/1300/1282 1263/1409/1391 1262/1408/1390 1157/1303/1285
f 1264/1410/1392 1265/1411/1393 1262/1408/1390 1263/1409/1391
f 1256/1402/1384 1254/1400/1382 1262/1408/1390 1265/1411/1393
f 1150/1296/1278 1266/1412/1394 1267/1413/1395 1151/1297/1279
f 1268/1414/1396 1269/1415/1397 1267/1413/1395 1266/1412/1394
f 1264/1410/1392 1263/1409/1391 1267/1413/1395 1269/1415/1397
f 1154/1300/1282 1151/1297/1279 1267/1413/1395 1263/1409/1391
f 522/648/646 525/651/649 1270/1416/1398 1271/1417/1399
f 518/644/642 1272/1418/1400 1270/1416/1398 525/651/649
f 1264/1410/1392 1269/1415/1397 1270/1416/1398 1272/1418/1400
f 1268/1414/1396 1271/1417/1399 1270/1416/1398 1269/1415/1397
f 502/628/626 1259/1405/1387 1273/1419/1401 516/642/640
f 1256/1402/1384 1265/1411/1393 1273/1419/1401 1259/1405/1387
f 1264/1410/1392 1272/1418/1400 1273/1419/1401 1265/1411/1393
f 518/644/642 516/642/640 1273/1419/1401 1272/1418/1400
f 552/678/676 555/681/679 1274/1420/1402 1275/1421/1403
f 550/676/674 1276/1422/1404 1274/1420/1402 555/681/679
f 1277/1423/1405 1278/1424/1406 1274/1420/1402 1276/1422/1404
f 1279/1425/1407 1275/1421/1403 1274/1420/1402 1278/1424/1406
f 522/648/646 1271/1417/1399 1280/1426/1408 548/674/672
f 1268/1414/1396 1281/1427/1409 1280/1426/1408 1271/1417/1399
f 1277/1423/1405 1276/1422/1404 1280/1426/1408 1281/1427/1409
f 550/676/674 548/674/672 1280/1426/1408 1276/1422/1404
f 1150/1296/1278 1168/1314/1296 1282/1428/1410 1266/1412/1394
f 1162/1308/1290 1283/1429/1411 1282/1428/1410 1168/1314/1296
f 1277/1423/1405 1281/1427/1409 1282/1428/1410 1283/1429/1411
f 1268/1414/1396 1266/1412/1394 1282/1428/1410 1281/1427/1409
f 1158/1304/1286 1284/1430/1412 1285/1431/1413 1159/1305/1287
f 1279/1425/1407 1278/1424/1406 1285/1431/1413 1284/1430/1412
f 1277/1423/1405 1283/1429/1411 1285/1431/1413 1278/1424/1406
f 1162/1308/1290 1159/1305/1287 1285/1431/1413 1283/1429/1411
f 1190/1336/1318 1193/1339/1321 1286/1432/1414 1287/1433/1415
f 1188/1334/1316 1288/1434/1416 1286/1432/1414 1193/1339/1321
f 1289/1435/1417 1290/1436/1418 1286/1432/1414 1288/1434/1416
f 1291/1437/1419 1287/1433/1415 1286/1432/1414 1290/1436/1418
f 1184/1330/1312 1292/1438/1420 1293/1439/1421 1185/1331/1313
f 1294/1440/1422 1295/1441/1423 1293/1439/1421 1292/1438/1420
f 1289/1435/1417 1288/1434/1416 1293/1439/1421 1295/1441/1423
f 1188/1334/1316 1185/1331/1313 1293/1439/1421 1288/1434/1416
f 565/691/689 568/694/692 1296/1442/1424 1297/1443/1425
f 560/686/684 1298/1444/1426 1296/1442/1424 568/694/692
f 1289/1435/1417 1295/1441/1423 1296/1442/1424 1298/1444/1426
f 1294/1440/1422 1297/1443/1425 1296/1442/1424 1295/1441/1423
f 556/682/680 1299/1445/1427 1300/1446/1428 557/683/681
f 1291/1437/1419 1290/1436/1418 1300/1446/1428 1299/1445/1427
f 1289/1435/1417 1298/1444/1426 1300/1446/1428 1290/1436/1418
f 560/686/684 557/683/681 1300/1446/1428 1298/1444/1426
f 1184/1330/1312 1209/1355/1337 1301/1447/1429 1292/1438/1420
f 1206/1352/1334 1302/1448/1430 1301/1447/1429 1209/1355/1337
f 1303/1449/1431 1304/1450/1432 1301/1447/1429 1302/1448/1430
f 1294/1440/1422 1292/1438/1420 1301/1447/1429 1304/1450/1432
f 1202/1348/1330 1305/1451/1433 1306/1452/1434 1203/1349/1331
f 1307/1453/1435 1308/1454/1436 1306/1452/1434 1305/1451/1433
f 1303/1449/1431 1302/1448/1430 1306/1452/1434 1308/1454/1436
f 1206/1352/1334 1203/1349/1331 1306/1452/1434 1302/1448/1430
f 587/713/711 590/716/714 1309/1455/1437 1310/1456/1438
f 583/709/707 1311/1457/1439 1309/1455/1437 590/716/714
f 1303/1449/1431 1308/1454/1436 1309/1455/1437 1311/1457/1439
f 1307/1453/1435 1310/1456/1438 1309/1455/1437 1308/1454/1436
f 565/691/689 1297/1443/1425 1312/1458/1440 581/707/705
f 1294/1440/1422 1304/1450/1432 1312/1458/1440 1297/1443/1425
f 1303/1449/1431 1311/1457/1439 1312/1458/1440 1304/1450/1432
f 583/709/707 581/707/705 1312/1458/1440 1311/1457/1439
f 1202/1348/1330 1225/1371/1353 1313/1459/1441 1305/1451/1433
f 1222/1368/1350 1314/1460/1442 1313/1459/1441 1225/1371/1353
f 1315/1461/1443 1316/1462/1444 1313/1459/1441 1314/1460/1442
f 1307/1453/1435 1305/1451/1433 1313/1459/1441 1316/1462/1444
f 1218/1364/1346 1317/1463/1445 1318/1464/1446 1219/1365/1347
f 1319/1465/1447 1320/1466/1448 1318/1464/1446 1317/1463/1445
f 1315/1461/1443 1314/1460/1442 1318/1464/1446 1320/1466/1448
f 1222/1368/1350 1219/1365/1347 1318/1464/1446 1314/1460/1442
f 607/733/731 610/736/734 1321/1467/1449 1322/1468/1450
f 603/729/727 1323/1469/1451 1321/1467/1449 610/736/734
f 1315/1461/1443 1320/1466/1448 1321/1467/1449 1323/1469/1451
f 1319/1465/1447 1322/1468/1450 1321/1467/1449 1320/1466/1448
f 587/713/711 1310/1456/1438 1324/1470/1452 601/727/725
f 1307/1453/1435 1316/1462/1444 1324/1470/1452 1310/1456/1438
f 1315/1461/1443 1323/1469/1451 1324/1470/1452 1316/1462/1444
f 603/729/727 601/727/725 1324/1470/1452 1323/1469/1451
f 1325/1471/1453 1326/1472/1454 1327/1473/1455 1328/1474/1456
f 1329/1475/1457 1330/1476/1458 1327/1473/1455 1326/1472/1454
f 1331/1477/1459 1332/1478/1460 1327/1473/1455 1330/1476/1458
f 1333/1479/1461 1328/1474/1456 1327/1473/1455 1332/1478/1460
f 1334/1480/1462 1335/1481/1463 1336/1482/1464 1337/1483/1465
f 1338/1484/1466 1339/1485/1467 1336/1482/1464 1335/1481/1463
f 1331/1477/1459 1330/1476/1458 1336/1482/1464 1339/1485/1467
f 1329/1475/1457 1337/1483/1465 1336/1482/1464 1330/1476/1458
f 745/871/869 748/874/872 1340/1486/1468 1341/1487/1469
f 743/869/867 1342/1488/1470 1340/1486/1468 748/874/872
f 1331/1477/1459 1339/1485/1467 1340/1486/1468 1342/1488/1470
f 1338/1484/1466 1341/1487/1469 1340/1486/1468 1339/1485/1467
f 613/739/737 1343/1489/1471 1344/1490/1472 741/867/865
f 1333/1479/1461 1332/1478/1460 1344/1490/1472 1343/1489/1471
f 1331/1477/1459 1342/1488/1470 1344/1490/1472 1332/1478/1460
f 743/869/867 741/867/865 1344/1490/1472 1342/1488/1470
f 711/837/835 1345/1491/1473 1346/1492/1474 712/838/836
f 1347/1493/1475 1348/1494/1476 1346/1492/1474 1345/1491/1473
f 1349/1495/1477 1350/1496/1478 1346/1492/1474 1348/1494/1476
f 715/841/839 712/838/836 1346/1492/1474 1350/1496/1478
f 1351/1497/1479 1352/1498/1480 1353/1499/1481 1354/1500/1482
f 1355/1501/1483 1356/1502/1484 1353/1499/1481 1352/1498/1480
f 1349/1495/1477 1348/1494/1476 1353/1499/1481 1356/1502/1484
f 1347/1493/1475 1354/1500/1482 1353/1499/1481 1348/1494/1476
f 1357/1503/1485 1358/1504/1486 1359/1505/1487 1360/1506/1488
f 1361/1507/1489 1362/1508/1490 1359/1505/1487 1358/1504/1486
f 1349/1495/1477 1356/1502/1484 1359/1505/1487 1362/1508/1490
f 1355/1501/1483 1360/1506/1488 1359/1505/1487 1356/1502/1484
f 717/843/841 720/846/844 1363/1509/1491 1364/1510/1492
f 715/841/839 1350/1496/1478 1363/1509/1491 720/846/844
f 1349/1495/1477 1362/1508/1490 1363/1509/1491 1350/1496/1478
f 1361/1507/1489 1364/1510/1492 1363/1509/1491 1362/1508/1490
f 711/837/835 736/862/860 1365/1511/1493 1345/1491/1473
f 733/859/857 1366/1512/1494 1365/1511/1493 736/862/860
f 1367/1513/1495 1368/1514/1496 1365/1511/1493 1366/1512/1494
f 1347/1493/1475 1345/1491/1473 1365/1511/1493 1368/1514/1496
f 729/855/853 1369/1515/1497 1370/1516/1498 730/856/854
f 1371/1517/1499 1372/1518/1500 1370/1516/1498 1369/1515/1497
f 1367/1513/1495 1366/1512/1494 1370/1516/1498 1372/1518/1500
f 733/859/857 730/856/854 1370/1516/1498 1366/1512/1494
f 1373/1519/1501 1374/1520/1502 1375/1521/1503 1376/1522/1504
f 1377/1523/1505 1378/1524/1506 1375/1521/1503 1374/1520/1502
f 1367/1513/1495 1372/1518/1500 1375/1521/1503 1378/1524/1506
f 1371/1517/1499 1376/1522/1504 1375/1521/1503 1372/1518/1500
f 1351/1497/1479 1354/1500/1482 1379/1525/1507 1380/1526/1508
f 1347/1493/1475 1368/1514/1496 1379/1525/1507 1354/1500/1482
f 1367/1513/1495 1378/1524/1506 1379/1525/1507 1368/1514/1496
f 1377/1523/1505 1380/1526/1508 1379/1525/1507 1378/1524/1506
f 729/855/853 752/878/876 1381/1527/1509 1369/1515/1497
f 749/875/873 1382/1528/1510 1381/1527/1509 752/878/876
f 1383/1529/1511 1384/1530/1512 1381/1527/1509 1382/1528/1510
f 1371/1517/1499 1369/1515/1497 1381/1527/1509 1384/1530/1512
f 745/871/869 1341/1487/1469 1385/1531/1513 746/872/870
f 1338/1484/1466 1386/1532/1514 1385/1531/1513 1341/1487/1469
f 1383/1529/1511 1382/1528/1510 1385/1531/1513 1386/1532/1514
f 749/875/873 746/872/870 1385/1531/1513 1382/1528/1510
f 1334/1480/1462 1387/1533/1515 1388/1534/1516 1335/1481/1463
f 1389/1535/1517 1390/1536/1518 1388/1534/1516 1387/1533/1515
f 1383/1529/1511 1386/1532/1514 1388/1534/1516 1390/1536/1518
f 1338/1484/1466 1335/1481/1463 1388/1534/1516 1386/1532/1514
f 1373/1519/1501 1376/1522/1504 1391/1537/1519 1392/1538/1520
f 1371/1517/1499 1384/1530/1512 1391/1537/1519 1376/1522/1504
f 1383/1529/1511 1390/1536/1518 1391/1537/1519 1384/1530/1512
f 1389/1535/1517 1392/1538/1520 1391/1537/1519 1390/1536/1518
f 1351/1497/1479 1393/1539/1521 1394/1540/1522 1352/1498/1480
f 1395/1541/1523 1396/1542/1524 1394/1540/1522 1393/1539/1521
f 1397/1543/1525 1398/1544/1526 1394/1540/1522 1396/1542/1524
f 1355/1501/1483 1352/1498/1480 1394/1540/1522 1398/1544/1526
f 1399/1545/1527 1400/1546/1528 1401/1547/1529 1402/1548/1530
f 1403/1549/1531 1404/1550/1532 1401/1547/1529 1400/1546/1528
f 1397/1543/1525 1396/1542/1524 1401/1547/1529 1404/1550/1532
f 1395/1541/1523 1402/1548/1530 1401/1547/1529 1396/1542/1524
f 1405/1551/1533 1406/1552/1534 1407/1553/1535 1408/1554/1536
f 1409/1555/1537 1410/1556/1538 1407/1553/1535 1406/1552/1534
f 1397/1543/1525 1404/1550/1532 1407/1553/1535 1410/1556/1538
f 1403/1549/1531 1408/1554/1536 1407/1553/1535 1404/1550/1532
f 1357/1503/1485 1360/1506/1488 1411/1557/1539 1412/1558/1540
f 1355/1501/1483 1398/1544/1526 1411/1557/1539 1360/1506/1488
f 1397/1543/1525 1410/1556/1538 1411/1557/1539 1398/1544/1526
f 1409/1555/1537 1412/1558/1540 1411/1557/1539 1410/1556/1538
f 1351/1497/1479 1380/1526/1508 1413/1559/1541 1393/1539/1521
f 1377/1523/1505 1414/1560/1542 1413/1559/1541 1380/1526/1508
f 1415/1561/1543 1416/1562/1544 1413/1559/1541 1414/1560/1542
f 1395/1541/1523 1393/1539/1521 1413/1559/1541 1416/1562/1544
f 1373/1519/1501 1417/1563/1545 1418/1564/1546 1374/1520/1502
f 1419/1565/1547 1420/1566/1548 1418/1564/1546 1417/1563/1545
f 1415/1561/1543 1414/1560/1542 1418/1564/1546 1420/1566/1548
f 1377/1523/1505 1374/1520/1502 1418/1564/1546 1414/1560/1542
f 1421/1567/1549 1422/1568/1550 1423/1569/1551 1424/1570/1552
f 1425/1571/1553 1426/1572/1554 1423/1569/1551 1422/1568/1550
f 1415/1561/1543 1420/1566/1548 1423/1569/1551 1426/1572/1554
f 1419/1565/1547 1424/1570/1552 1423/1569/1551 1420/1566/1548
f 1399/1545/1527 1402/1548/1530 1427/1573/1555 1428/1574/1556
f 1395/1541/1523 1416/1562/1544 1427/1573/1555 1402/1548/1530
f 1415/1561/1543 1426/1572/1554 1427/1573/1555 1416/1562/1544
f 1425/1571/1553 1428/1574/1556 1427/1573/1555 1426/1572/1554
f 1334/1480/1462 1337/1483/1465 1429/1575/1557 1430/1576/1558
f 1329/1475/1457 1431/1577/1559 1429/1575/1557 1337/1483/1465
f 1432/1578/1560 1433/1579/1561 1429/1575/1557 1431/1577/1559
f 1434/1580/1562 1430/1576/1558 1429/1575/1557 1433/1579/1561
f 1325/1471/1453 1435/1581/1563 1436/1582/1564 1326/1472/1454
f 1437/1583/1565 1438/1584/1566 1436/1582/1564 1435/1581/1563
f 1432/1578/1560 1431/1577/1559 1436/1582/1564 1438/1584/1566
f 1329/1475/1457 1326/1472/1454 1436/1582/1564 1431/1577/1559
f 1080/1585/1208 1439/1586/1567 1440/1587/1568 1441/1588/1569
f 1442/1589/1570 1443/1590/1571 1440/1587/1568 1439/1586/1567
f 1432/1578/1560 1438/1584/1566 1440/1587/1568 1443/1590/1571
f 1437/1583/1565 1441/1588/1569 1440/1587/1568 1438/1584/1566
f 1444/1591/1572 1445/1592/1573 1446/1593/1574 1447/1594/1575
f 1434/1580/1562 1433/1579/1561 1446/1593/1574 1445/1592/1573
f 1432/1578/1560 1443/1590/1571 1446/1593/1574 1433/1579/1561
f 1442/1589/1570 1447/1594/1575 1446/1593/1574 1443/1590/1571
f 1080/1585/1208 1083/1595/1211 1448/1596/1576 1439/1586/1567
f 1076/1597/1204 1449/1598/1577 1448/1596/1576 1083/1595/1211
f 1450/1599/1578 1451/1600/1579 1448/1596/1576 1449/1598/1577
f 1442/1589/1570 1439/1586/1567 1448/1596/1576 1451/1600/1579
f 1060/1601/1188 1452/1602/1580 1453/1603/1581 1074/1604/1202
f 1454/1605/1582 1455/1606/1583 1453/1603/1581 1452/1602/1580
f 1450/1599/1578 1449/1598/1577 1453/1603/1581 1455/1606/1583
f 1076/1597/1204 1074/1604/1202 1453/1603/1581 1449/1598/1577
f 1421/1567/1549 1456/1607/1584 1457/1608/1585 1458/1609/1586
f 1459/1610/1587 1460/1611/1588 1457/1608/1585 1456/1607/1584
f 1450/1599/1578 1455/1606/1583 1457/1608/1585 1460/1611/1588
f 1454/1605/1582 1458/1609/1586 1457/1608/1585 1455/1606/1583
f 1444/1591/1572 1447/1594/1575 1461/1612/1589 1462/1613/1590
f 1442/1589/1570 1451/1600/1579 1461/1612/1589 1447/1594/1575
f 1450/1599/1578 1460/1611/1588 1461/1612/1589 1451/1600/1579
f 1459/1610/1587 1462/1613/1590 1461/1612/1589 1460/1611/1588
f 677/803/801 695/821/819 1463/1614/1591 1464/1615/1592
f 689/815/813 1465/1616/1593 1463/1614/1591 695/821/819
f 1466/1617/1594 1467/1618/1595 1463/1614/1591 1465/1616/1593
f 1468/1619/1596 1464/1615/1592 1463/1614/1591 1467/1618/1595
f 685/811/809 1469/1620/1597 1470/1621/1598 686/812/810
f 1471/1622/1599 1472/1623/1600 1470/1621/1598 1469/1620/1597
f 1466/1617/1594 1465/1616/1593 1470/1621/1598 1472/1623/1600
f 689/815/813 686/812/810 1470/1621/1598 1465/1616/1593
f 1473/1624/1601 1474/1625/1602 1475/1626/1603 1476/1627/1604
f 1477/1628/1605 1478/1629/1606 1475/1626/1603 1474/1625/1602
f 1466/1617/1594 1472/1623/1600 1475/1626/1603 1478/1629/1606
f 1471/1622/1599 1476/1627/1604 1475/1626/1603 1472/1623/1600
f 1479/1630/1607 1480/1631/1608 1481/1632/1609 1482/1633/1610
f 1468/1619/1596 1467/1618/1595 1481/1632/1609 1480/1631/1608
f 1466/1617/1594 1478/1629/1606 1481/1632/1609 1467/1618/1595
f 1477/1628/1605 1482/1633/1610 1481/1632/1609 1478/1629/1606
f 1479/1630/1607 1483/1634/1611 1484/1635/1612 1480/1631/1608
f 1485/1636/1613 1486/1637/1614 1484/1635/1612 1483/1634/1611
f 1487/1638/1615 1488/1639/1616 1484/1635/1612 1486/1637/1614
f 1468/1619/1596 1480/1631/1608 1484/1635/1612 1488/1639/1616
f 1489/1640/1617 1490/1641/1618 1491/1642/1619 1492/1643/1620
f 1493/1644/1621 1494/1645/1622 1491/1642/1619 1490/1641/1618
f 1487/1638/1615 1486/1637/1614 1491/1642/1619 1494/1645/1622
f 1485/1636/1613 1492/1643/1620 1491/1642/1619 1486/1637/1614
f 809/935/933 812/938/936 1495/1646/1623 1496/1647/1624
f 807/933/931 1497/1648/1625 1495/1646/1623 812/938/936
f 1487/1638/1615 1494/1645/1622 1495/1646/1623 1497/1648/1625
f 1493/1644/1621 1496/1647/1624 1495/1646/1623 1494/1645/1622
f 677/803/801 1464/1615/1592 1498/1649/1626 805/931/929
f 1468/1619/1596 1488/1639/1616 1498/1649/1626 1464/1615/1592
f 1487/1638/1615 1497/1648/1625 1498/1649/1626 1488/1639/1616
f 807/933/931 805/931/929 1498/1649/1626 1497/1648/1625
f 1357/1503/1485 1499/1650/1627 1500/1651/1628 1358/1504/1486
f 1501/1652/1629 1502/1653/1630 1500/1651/1628 1499/1650/1627
f 1503/1654/1631 1504/1655/1632 1500/1651/1628 1502/1653/1630
f 1361/1507/1489 1358/1504/1486 1500/1651/1628 1504/1655/1632
f 1505/1656/1633 1506/1657/1634 1507/1658/1635 1508/1659/1636
f 1509/1660/1637 1510/1661/1638 1507/1658/1635 1506/1657/1634
f 1503/1654/1631 1502/1653/1630 1507/1658/1635 1510/1661/1638
f 1501/1652/1629 1508/1659/1636 1507/1658/1635 1502/1653/1630
f 1511/1662/1639 1512/1663/1640 1513/1664/1641 1514/1665/1642
f 1515/1666/1643 1516/1667/1644 1513/1664/1641 1512/1663/1640
f 1503/1654/1631 1510/1661/1638 1513/1664/1641 1516/1667/1644
f 1509/1660/1637 1514/1665/1642 1513/1664/1641 1510/1661/1638
f 717/843/841 1364/1510/1492 1517/1668/1645 1518/1669/1646
f 1361/1507/1489 1504/1655/1632 1517/1668/1645 1364/1510/1492
f 1503/1654/1631 1516/1667/1644 1517/1668/1645 1504/1655/1632
f 1515/1666/1643 1518/1669/1646 1517/1668/1645 1516/1667/1644
f 1357/1503/1485 1412/1558/1540 1519/1670/1647 1499/1650/1627
f 1409/1555/1537 1520/1671/1648 1519/1670/1647 1412/1558/1540
f 1521/1672/1649 1522/1673/1650 1519/1670/1647 1520/1671/1648
f 1501/1652/1629 1499/1650/1627 1519/1670/1647 1522/1673/1650
f 1405/1551/1533 1523/1674/1651 1524/1675/1652 1406/1552/1534
f 1525/1676/1653 1526/1677/1654 1524/1675/1652 1523/1674/1651
f 1521/1672/1649 1520/1671/1648 1524/1675/1652 1526/1677/1654
f 1409/1555/1537 1406/1552/1534 1524/1675/1652 1520/1671/1648
f 1527/1678/1655 1528/1679/1656 1529/1680/1657 1530/1681/1658
f 1531/1682/1659 1532/1683/1660 1529/1680/1657 1528/1679/1656
f 1521/1672/1649 1526/1677/1654 1529/1680/1657 1532/1683/1660
f 1525/1676/1653 1530/1681/1658 1529/1680/1657 1526/1677/1654
f 1505/1656/1633 1508/1659/1636 1533/1684/1661 1534/1685/1662
f 1501/1652/1629 1522/1673/1650 1533/1684/1661 1508/1659/1636
f 1521/1672/1649 1532/1683/1660 1533/1684/1661 1522/1673/1650
f 1531/1682/1659 1534/1685/1662 1533/1684/1661 1532/1683/1660
f 1405/1551/1533 1535/1686/1663 1536/1687/1664 1523/1674/1651
f 1537/1688/1665 1538/1689/1666 1536/1687/1664 1535/1686/1663
f 1539/1690/1667 1540/1691/1668 1536/1687/1664 1538/1689/1666
f 1525/1676/1653 1523/1674/1651 1536/1687/1664 1540/1691/1668
f 1541/1692/1669 1542/1693/1670 1543/1694/1671 1544/1695/1672
f 1545/1696/1673 1546/1697/1674 1543/1694/1671 1542/1693/1670
f 1539/1690/1667 1538/1689/1666 1543/1694/1671 1546/1697/1674
f 1537/1688/1665 1544/1695/1672 1543/1694/1671 1538/1689/1666
f 1547/1698/1675 1548/1699/1676 1549/1700/1677 1550/1701/1678
f 1551/1702/1679 1552/1703/1680 1549/1700/1677 1548/1699/1676
f 1539/1690/1667 1546/1697/1674 1549/1700/1677 1552/1703/1680
f 1545/1696/1673 1550/1701/1678 1549/1700/1677 1546/1697/1674
f 1527/1678/1655 1530/1681/1658 1553/1704/1681 1554/1705/1682
f 1525/1676/1653 1540/1691/1668 1553/1704/1681 1530/1681/1658
f 1539/1690/1667 1552/1703/1680 1553/1704/1681 1540/1691/1668
f 1551/1702/1679 1554/1705/1682 1553/1704/1681 1552/1703/1680
f 873/999/997 876/1002/1000 1555/1706/1683 1556/1707/1684
f 871/997/995 1557/1708/1685 1555/1706/1683 876/1002/1000
f 1558/1709/1686 1559/1710/1687 1555/1706/1683 1557/1708/1685
f 1560/1711/1688 1556/1707/1684 1555/1706/1683 1559/1710/1687
f 809/935/933 1496/1647/1624 1561/1712/1689 869/995/993
f 1493/1644/1621 1562/1713/1690 1561/1712/1689 1496/1647/1624
f 1558/1709/1686 1557/1708/1685 1561/1712/1689 1562/1713/1690
f 871/997/995 869/995/993 1561/1712/1689 1557/1708/1685
f 1489/1640/1617 1563/1714/1691 1564/1715/1692 1490/1641/1618
f 1565/1716/1693 1566/1717/1694 1564/1715/1692 1563/1714/1691
f 1558/1709/1686 1562/1713/1690 1564/1715/1692 1566/1717/1694
f 1493/1644/1621 1490/1641/1618 1564/1715/1692 1562/1713/1690
f 1567/1718/1695 1568/1719/1696 1569/1720/1697 1570/1721/1698
f 1560/1711/1688 1559/1710/1687 1569/1720/1697 1568/1719/1696
f 1558/1709/1686 1566/1717/1694 1569/1720/1697 1559/1710/1687
f 1565/1716/1693 1570/1721/1698 1569/1720/1697 1566/1717/1694
f 1489/1640/1617 1492/1643/1620 1571/1722/1699 1572/1723/1700
f 1485/1636/1613 1573/1724/1701 1571/1722/1699 1492/1643/1620
f 1574/1725/1702 1575/1726/1703 1571/1722/1699 1573/1724/1701
f 1576/1727/1704 1572/1723/1700 1571/1722/1699 1575/1726/1703
f 1479/1630/1607 1482/1633/1610 1577/1728/1705 1483/1634/1611
f 1477/1628/1605 1578/1729/1706 1577/1728/1705 1482/1633/1610
f 1574/1725/1702 1573/1724/1701 1577/1728/1705 1578/1729/1706
f 1485/1636/1613 1483/1634/1611 1577/1728/1705 1573/1724/1701
f 1473/1624/1601 1579/1730/1707 1580/1731/1708 1474/1625/1602
f 1581/1732/1709 1582/1733/1710 1580/1731/1708 1579/1730/1707
f 1574/1725/1702 1578/1729/1706 1580/1731/1708 1582/1733/1710
f 1477/1628/1605 1474/1625/1602 1580/1731/1708 1578/1729/1706
f 1583/1734/1711 1584/1735/1712 1585/1736/1713 1586/1737/1714
f 1576/1727/1704 1575/1726/1703 1585/1736/1713 1584/1735/1712
f 1574/1725/1702 1582/1733/1710 1585/1736/1713 1575/1726/1703
f 1581/1732/1709 1586/1737/1714 1585/1736/1713 1582/1733/1710
f 1489/1640/1617 1572/1723/1700 1587/1738/1715 1563/1714/1691
f 1576/1727/1704 1588/1739/1716 1587/1738/1715 1572/1723/1700
f 1589/1740/1717 1590/1741/1718 1587/1738/1715 1588/1739/1716
f 1565/1716/1693 1563/1714/1691 1587/1738/1715 1590/1741/1718
f 1583/1734/1711 1591/1742/1719 1592/1743/1720 1584/1735/1712
f 1593/1744/1721 1594/1745/1722 1592/1743/1720 1591/1742/1719
f 1589/1740/1717 1588/1739/1716 1592/1743/1720 1594/1745/1722
f 1576/1727/1704 1584/1735/1712 1592/1743/1720 1588/1739/1716
f 1547/1698/1675 1595/1746/1723 1596/1747/1724 1597/1748/1725
f 1598/1749/1726 1599/1750/1727 1596/1747/1724 1595/1746/1723
f 1589/1740/1717 1594/1745/1722 1596/1747/1724 1599/1750/1727
f 1593/1744/1721 1597/1748/1725 1596/1747/1724 1594/1745/1722
f 1567/1718/1695 1570/1721/1698 1600/1751/1728 1601/1752/1729
f 1565/1716/1693 1590/1741/1718 1600/1751/1728 1570/1721/1698
f 1589/1740/1717 1599/1750/1727 1600/1751/1728 1590/1741/1718
f 1598/1749/1726 1601/1752/1729 1600/1751/1728 1599/1750/1727
f 1541/1692/1669 1602/1753/1730 1603/1754/1731 1604/1755/1732
f 1605/1756/1733 1606/1757/1734 1603/1754/1731 1602/1753/1730
f 1607/1758/1735 1608/1759/1736 1603/1754/1731 1606/1757/1734
f 1609/1760/1737 1604/1755/1732 1603/1754/1731 1608/1759/1736
f 1025/1761/1153 1028/1762/1156 1610/1763/1738 1611/1764/1739
f 1023/1765/1151 1612/1766/1740 1610/1763/1738 1028/1762/1156
f 1607/1758/1735 1606/1757/1734 1610/1763/1738 1612/1766/1740
f 1605/1756/1733 1611/1764/1739 1610/1763/1738 1606/1757/1734
f 937/1063/1061 940/1066/1064 1613/1767/1741 1021/1768/1149
f 935/1061/1059 1614/1769/1742 1613/1767/1741 940/1066/1064
f 1607/1758/1735 1612/1766/1740 1613/1767/1741 1614/1769/1742
f 1023/1765/1151 1021/1768/1149 1613/1767/1741 1612/1766/1740
f 873/999/997 1615/1770/1743 1616/1771/1744 933/1059/1057
f 1609/1760/1737 1608/1759/1736 1616/1771/1744 1615/1770/1743
f 1607/1758/1735 1614/1769/1742 1616/1771/1744 1608/1759/1736
f 935/1061/1059 933/1059/1057 1616/1771/1744 1614/1769/1742
f 1617/1772/1745 1618/1773/1746 1619/1774/1747 1620/1775/1748
f 1621/1776/1749 1622/1777/1750 1619/1774/1747 1618/1773/1746
f 1623/1778/1751 1624/1779/1752 1619/1774/1747 1622/1777/1750
f 1625/1780/1753 1620/1775/1748 1619/1774/1747 1624/1779/1752
f 1626/1781/1754 1627/1782/1755 1628/1783/1756 1629/1784/1757
f 1630/1785/1758 1631/1786/1759 1628/1783/1756 1627/1782/1755
f 1623/1778/1751 1622/1777/1750 1628/1783/1756 1631/1786/1759
f 1621/1776/1749 1629/1784/1757 1628/1783/1756 1622/1777/1750
f 1218/1364/1346 1221/1367/1349 1632/1787/1760 1633/1788/1761
f 1216/1362/1344 1634/1789/1762 1632/1787/1760 1221/1367/1349
f 1623/1778/1751 1631/1786/1759 1632/1787/1760 1634/1789/1762
f 1630/1785/1758 1633/1788/1761 1632/1787/1760 1631/1786/1759
f 1086/1232/1214 1635/1790/1763 1636/1791/1764 1214/1360/1342
f 1625/1780/1753 1624/1779/1752 1636/1791/1764 1635/1790/1763
f 1623/1778/1751 1634/1789/1762 1636/1791/1764 1624/1779/1752
f 1216/1362/1344 1214/1360/1342 1636/1791/1764 1634/1789/1762
f 1626/1781/1754 1637/1792/1765 1638/1793/1766 1627/1782/1755
f 1639/1794/1767 1640/1795/1768 1638/1793/1766 1637/1792/1765
f 1641/1796/1769 1642/1797/1770 1638/1793/1766 1640/1795/1768
f 1630/1785/1758 1627/1782/1755 1638/1793/1766 1642/1797/1770
f 1643/1798/1771 1644/1799/1772 1645/1800/1773 1646/1801/1774
f 1647/1802/1775 1648/1803/1776 1645/1800/1773 1644/1799/1772
f 1641/1796/1769 1640/1795/1768 1645/1800/1773 1648/1803/1776
f 1639/1794/1767 1646/1801/1774 1645/1800/1773 1640/1795/1768
f 607/733/731 1322/1468/1450 1649/1804/1777 1650/1805/1778
f 1319/1465/1447 1651/1806/1779 1649/1804/1777 1322/1468/1450
f 1641/1796/1769 1648/1803/1776 1649/1804/1777 1651/1806/1779
f 1647/1802/1775 1650/1805/1778 1649/1804/1777 1648/1803/1776
f 1218/1364/1346 1633/1788/1761 1652/1807/1780 1317/1463/1445
f 1630/1785/1758 1642/1797/1770 1652/1807/1780 1633/1788/1761
f 1641/1796/1769 1651/1806/1779 1652/1807/1780 1642/1797/1770
f 1319/1465/1447 1317/1463/1445 1652/1807/1780 1651/1806/1779
f 1643/1798/1771 1653/1808/1781 1654/1809/1782 1644/1799/1772
f 1655/1810/1783 1656/1811/1784 1654/1809/1782 1653/1808/1781
f 1657/1812/1785 1658/1813/1786 1654/1809/1782 1656/1811/1784
f 1647/1802/1775 1644/1799/1772 1654/1809/1782 1658/1813/1786
f 1659/1814/1787 1660/1815/1788 1661/1816/1789 1662/1817/1790
f 1663/1818/1791 1664/1819/1792 1661/1816/1789 1660/1815/1788
f 1657/1812/1785 1656/1811/1784 1661/1816/1789 1664/1819/1792
f 1655/1810/1783 1662/1817/1790 1661/1816/1789 1656/1811/1784
f 613/739/737 616/742/740 1665/1820/1793 1666/1821/1794
f 611/737/735 1667/1822/1795 1665/1820/1793 616/742/740
f 1657/1812/1785 1664/1819/1792 1665/1820/1793 1667/1822/1795
f 1663/1818/1791 1666/1821/1794 1665/1820/1793 1664/1819/1792
f 607/733/731 1650/1805/1778 1668/1823/1796 608/734/732
f 1647/1802/1775 1658/1813/1786 1668/1823/1796 1650/1805/1778
f 1657/1812/1785 1667/1822/1795 1668/1823/1796 1658/1813/1786
f 611/737/735 608/734/732 1668/1823/1796 1667/1822/1795
f 1669/1824/1797 1670/1825/1798 1671/1826/1799 1672/1827/1800
f 1673/1828/1801 1674/1829/1802 1671/1826/1799 1670/1825/1798
f 1675/1830/1803 1676/1831/1804 1671/1826/1799 1674/1829/1802
f 1677/1832/1805 1672/1827/1800 1671/1826/1799 1676/1831/1804
f 1678/1833/1806 1679/1834/1807 1680/1835/1808 1681/1836/1809
f 1682/1837/1810 1683/1838/1811 1680/1835/1808 1679/1834/1807
f 1675/1830/1803 1674/1829/1802 1680/1835/1808 1683/1838/1811
f 1673/1828/1801 1681/1836/1809 1680/1835/1808 1674/1829/1802
f 1659/1814/1787 1684/1839/1812 1685/1840/1813 1686/1841/1814
f 1687/1842/1815 1688/1843/1816 1685/1840/1813 1684/1839/1812
f 1675/1830/1803 1683/1838/1811 1685/1840/1813 1688/1843/1816
f 1682/1837/1810 1686/1841/1814 1685/1840/1813 1683/1838/1811
f 1689/1844/1817 1690/1845/1818 1691/1846/1819 1692/1847/1820
f 1677/1832/1805 1676/1831/1804 1691/1846/1819 1690/1845/1818
f 1675/1830/1803 1688/1843/1816 1691/1846/1819 1676/1831/1804
f 1687/1842/1815 1692/1847/1820 1691/1846/1819 1688/1843/1816
f 1693/1848/1821 1694/1849/1822 1695/1850/1823 1696/1851/1824
f 1697/1852/1825 1698/1853/1826 1695/1850/1823 1694/1849/1822
f 1699/1854/1827 1700/1855/1828 1695/1850/1823 1698/1853/1826
f 1701/1856/1829 1696/1851/1824 1695/1850/1823 1700/1855/1828
f 1702/1857/1830 1703/1858/1831 1704/1859/1832 1705/1860/1833
f 1706/1861/1834 1707/1862/1835 1704/1859/1832 1703/1858/1831
f 1699/1854/1827 1698/1853/1826 1704/1859/1832 1707/1862/1835
f 1697/1852/1825 1705/1860/1833 1704/1859/1832 1698/1853/1826
f 1708/1863/1836 1709/1864/1837 1710/1865/1838 1711/1866/1839
f 1712/1867/1840 1713/1868/1841 1710/1865/1838 1709/1864/1837
f 1699/1854/1827 1707/1862/1835 1710/1865/1838 1713/1868/1841
f 1706/1861/1834 1711/1866/1839 1710/1865/1838 1707/1862/1835
f 1714/1869/1842 1715/1870/1843 1716/1871/1844 1717/1872/1845
f 1701/1856/1829 1700/1855/1828 1716/1871/1844 1715/1870/1843
f 1699/1854/1827 1713/1868/1841 1716/1871/1844 1700/1855/1828
f 1712/1867/1840 1717/1872/1845 1716/1871/1844 1713/1868/1841
f 1714/1869/1842 1718/1873/1846 1719/1874/1847 1720/1875/1848
f 1721/1876/1849 1722/1877/1850 1719/1874/1847 1718/1873/1846
f 1723/1878/1851 1724/1879/1852 1719/1874/1847 1722/1877/1850
f 1725/1880/1853 1720/1875/1848 1719/1874/1847 1724/1879/1852
f 1726/1881/1854 1727/1882/1855 1728/1883/1856 1729/1884/1857
f 1730/1885/1858 1731/1886/1859 1728/1883/1856 1727/1882/1855
f 1723/1878/1851 1722/1877/1850 1728/1883/1856 1731/1886/1859
f 1721/1876/1849 1729/1884/1857 1728/1883/1856 1722/1877/1850
f 1080/1585/1208 1441/1588/1569 1732/1887/1860 1733/1888/1861
f 1437/1583/1565 1734/1889/1862 1732/1887/1860 1441/1588/1569
f 1723/1878/1851 1731/1886/1859 1732/1887/1860 1734/1889/1862
f 1730/1885/1858 1733/1888/1861 1732/1887/1860 1731/1886/1859
f 1325/1471/1453 1735/1890/1863 1736/1891/1864 1435/1581/1563
f 1725/1880/1853 1724/1879/1852 1736/1891/1864 1735/1890/1863
f 1723/1878/1851 1734/1889/1862 1736/1891/1864 1724/1879/1852
f 1437/1583/1565 1435/1581/1563 1736/1891/1864 1734/1889/1862
f 1726/1892/1854 1737/1893/1865 1738/1894/1866 1727/1895/1855
f 1739/1896/1867 1740/1897/1868 1738/1894/1866 1737/1893/1865
f 1741/1898/1869 1742/1899/1870 1738/1894/1866 1740/1897/1868
f 1730/1900/1858 1727/1895/1855 1738/1894/1866 1742/1899/1870
f 1743/1901/1871 1744/1902/1872 1745/1903/1873 1746/1904/1874
f 1747/1905/1875 1748/1906/1876 1745/1903/1873 1744/1902/1872
f 1741/1898/1869 1740/1897/1868 1745/1903/1873 1748/1906/1876
f 1739/1896/1867 1746/1904/1874 1745/1903/1873 1740/1897/1868
f 1749/1907/1877 1750/1908/1878 1751/1909/1879 1752/1910/1880
f 1753/1911/1881 1754/1912/1882 1751/1909/1879 1750/1908/1878
f 1741/1898/1869 1748/1906/1876 1751/1909/1879 1754/1912/1882
f 1747/1905/1875 1752/1910/1880 1751/1909/1879 1748/1906/1876
f 1080/1226/1208 1733/1913/1861 1755/1914/1883 1756/1915/1884
f 1730/1900/1858 1742/1899/1870 1755/1914/1883 1733/1913/1861
f 1741/1898/1869 1754/1912/1882 1755/1914/1883 1742/1899/1870
f 1753/1911/1881 1756/1915/1884 1755/1914/1883 1754/1912/1882
f 1749/1907/1877 1757/1916/1885 1758/1917/1886 1750/1908/1878
f 1759/1918/1887 1760/1919/1888 1758/1917/1886 1757/1916/1885
f 1761/1920/1889 1762/1921/1890 1758/1917/1886 1760/1919/1888
f 1753/1911/1881 1750/1908/1878 1758/1917/1886 1762/1921/1890
f 1617/1772/1745 1620/1775/1748 1763/1922/1891 1764/1923/1892
f 1625/1780/1753 1765/1924/1893 1763/1922/1891 1620/1775/1748
f 1761/1920/1889 1760/1919/1888 1763/1922/1891 1765/1924/1893
f 1759/1918/1887 1764/1923/1892 1763/1922/1891 1760/1919/1888
f 1086/1232/1214 1089/1235/1217 1766/1925/1894 1635/1790/1763
f 1084/1230/1212 1767/1926/1895 1766/1925/1894 1089/1235/1217
f 1761/1920/1889 1765/1924/1893 1766/1925/1894 1767/1926/1895
f 1625/1780/1753 1635/1790/1763 1766/1925/1894 1765/1924/1893
f 1080/1226/1208 1756/1915/1884 1768/1927/1896 1081/1227/1209
f 1753/1911/1881 1762/1921/1890 1768/1927/1896 1756/1915/1884
f 1761/1920/1889 1767/1926/1895 1768/1927/1896 1762/1921/1890
f 1084/1230/1212 1081/1227/1209 1768/1927/1896 1767/1926/1895
f 1769/1928/1897 1770/1929/1898 1771/1930/1899 1772/1931/1900
f 1773/1932/1901 1774/1933/1902 1771/1930/1899 1770/1929/1898
f 1775/1934/1903 1776/1935/1904 1771/1930/1899 1774/1933/1902
f 1777/1936/1905 1772/1931/1900 1771/1930/1899 1776/1935/1904
f 1778/1937/1906 1779/1938/1907 1780/1939/1908 1781/1940/1909
f 1782/1941/1910 1783/1942/1911 1780/1939/1908 1779/1938/1907
f 1775/1934/1903 1774/1933/1902 1780/1939/1908 1783/1942/1911
f 1773/1932/1901 1781/1940/1909 1780/1939/1908 1774/1933/1902
f 1784/1943/1912 1785/1944/1913 1786/1945/1914 1787/1946/1915
f 1788/1947/1916 1789/1948/1917 1786/1945/1914 1785/1944/1913
f 1775/1934/1903 1783/1942/1911 1786/1945/1914 1789/1948/1917
f 1782/1941/1910 1787/1946/1915 1786/1945/1914 1783/1942/1911
f 1790/1949/1918 1791/1950/1919 1792/1951/1920 1793/1952/1921
f 1777/1936/1905 1776/1935/1904 1792/1951/1920 1791/1950/1919
f 1775/1934/1903 1789/1948/1917 1792/1951/1920 1776/1935/1904
f 1788/1947/1916 1793/1952/1921 1792/1951/1920 1789/1948/1917
f 1794/1953/1922 1795/1954/1923 1796/1955/1924 1797/1956/1925
f 1798/1957/1926 1799/1958/1927 1796/1955/1924 1795/1954/1923
f 1800/1959/1928 1801/1960/1929 1796/1955/1924 1799/1958/1927
f 1802/1961/1930 1797/1956/1925 1796/1955/1924 1801/1960/1929
f 1803/1962/1931 1804/1963/1932 1805/1964/1933 1806/1965/1934
f 1807/1966/1935 1808/1967/1936 1805/1964/1933 1804/1963/1932
f 1800/1959/1928 1799/1958/1927 1805/1964/1933 1808/1967/1936
f 1798/1957/1926 1806/1965/1934 1805/1964/1933 1799/1958/1927
f 1809/1968/1937 1810/1969/1938 1811/1970/1939 1812/1971/1940
f 1813/1972/1941 1814/1973/1942 1811/1970/1939 1810/1969/1938
f 1800/1959/1928 1808/1967/1936 1811/1970/1939 1814/1973/1942
f 1807/1966/1935 1812/1971/1940 1811/1970/1939 1808/1967/1936
f 1784/1943/1912 1815/1974/1943 1816/1975/1944 1817/1976/1945
f 1802/1961/1930 1801/1960/1929 1816/1975/1944 1815/1974/1943
f 1800/1959/1928 1814/1973/1942 1816/1975/1944 1801/1960/1929
f 1813/1972/1941 1817/1976/1945 1816/1975/1944 1814/1973/1942
f 1818/1977/1946 1819/1978/1947 1820/1979/1948 1821/1980/1949
f 1822/1981/1950 1823/1982/1951 1820/1979/1948 1819/1978/1947
f 1824/1983/1952 1825/1984/1953 1820/1979/1948 1823/1982/1951
f 1826/1985/1954 1821/1980/1949 1820/1979/1948 1825/1984/1953
f 1827/1986/1955 1828/1987/1956 1829/1988/1957 1830/1989/1958
f 1831/1990/1959 1832/1991/1960 1829/1988/1957 1828/1987/1956
f 1824/1983/1952 1823/1982/1951 1829/1988/1957 1832/1991/1960
f 1822/1981/1950 1830/1989/1958 1829/1988/1957 1823/1982/1951
f 1689/1844/1817 1833/1992/1961 1834/1993/1962 1835/1994/1963
f 1836/1995/1964 1837/1996/1965 1834/1993/1962 1833/1992/1961
f 1824/1983/1952 1832/1991/1960 1834/1993/1962 1837/1996/1965
f 1831/1990/1959 1835/1994/1963 1834/1993/1962 1832/1991/1960
f 1809/1968/1937 1838/1997/1966 1839/1998/1967 1840/1999/1968
f 1826/1985/1954 1825/1984/1953 1839/1998/1967 1838/1997/1966
f 1824/1983/1952 1837/1996/1965 1839/1998/1967 1825/1984/1953
f 1836/1995/1964 1840/1999/1968 1839/1998/1967 1837/1996/1965
f 1841/2000/1969 1842/2001/1970 1843/2002/1971 1844/2003/1972
f 1845/2004/1973 1846/2005/1974 1843/2002/1971 1842/2001/1970
f 1847/2006/1975 1848/2007/1976 1843/2002/1971 1846/2005/1974
f 1849/2008/1977 1844/2003/1972 1843/2002/1971 1848/2007/1976
f 1850/2009/1978 1851/2010/1979 1852/2011/1980 1853/2012/1981
f 1854/2013/1982 1855/2014/1983 1852/2011/1980 1851/2010/1979
f 1847/2006/1975 1846/2005/1974 1852/2011/1980 1855/2014/1983
f 1845/2004/1973 1853/2012/1981 1852/2011/1980 1846/2005/1974
f 1827/1986/1955 1856/2015/1984 1857/2016/1985 1858/2017/1986
f 1859/2018/1987 1860/2019/1988 1857/2016/1985 1856/2015/1984
f 1847/2006/1975 1855/2014/1983 1857/2016/1985 1860/2019/1988
f 1854/2013/1982 1858/2017/1986 1857/2016/1985 1855/2014/1983
f 1861/2020/1989 1862/2021/1990 1863/2022/1991 1864/2023/1992
f 1849/2008/1977 1848/2007/1976 1863/2022/1991 1862/2021/1990
f 1847/2006/1975 1860/2019/1988 1863/2022/1991 1848/2007/1976
f 1859/2018/1987 1864/2023/1992 1863/2022/1991 1860/2019/1988
f 1708/1863/1836 1711/1866/1839 1865/2024/1993 1866/2025/1994
f 1706/1861/1834 1867/2026/1995 1865/2024/1993 1711/1866/1839
f 1868/2027/1996 1869/2028/1997 1865/2024/1993 1867/2026/1995
f 1870/2029/1998 1866/2025/1994 1865/2024/1993 1869/2028/1997
f 1702/1857/1830 1871/2030/1999 1872/2031/2000 1703/1858/1831
f 1873/2032/2001 1874/2033/2002 1872/2031/2000 1871/2030/1999
f 1868/2027/1996 1867/2026/1995 1872/2031/2000 1874/2033/2002
f 1706/1861/1834 1703/1858/1831 1872/2031/2000 1867/2026/1995
f 1875/2034/2003 1876/2035/2004 1877/2036/2005 1878/2037/2006
f 1879/2038/2007 1880/2039/2008 1877/2036/2005 1876/2035/2004
f 1868/2027/1996 1874/2033/2002 1877/2036/2005 1880/2039/2008
f 1873/2032/2001 1878/2037/2006 1877/2036/2005 1874/2033/2002
f 1881/2040/2009 1882/2041/2010 1883/2042/2011 1884/2043/2012
f 1870/2029/1998 1869/2028/1997 1883/2042/2011 1882/2041/2010
f 1868/2027/1996 1880/2039/2008 1883/2042/2011 1869/2028/1997
f 1879/2038/2007 1884/2043/2012 1883/2042/2011 1880/2039/2008
f 1885/2044/2013 1886/2045/2014 1887/2046/2015 1888/2047/2016
f 1889/2048/2017 1890/2049/2018 1887/2046/2015 1886/2045/2014
f 1891/2050/2019 1892/2051/2020 1887/2046/2015 1890/2049/2018
f 1893/2052/2021 1888/2047/2016 1887/2046/2015 1892/2051/2020
f 1894/2053/2022 1895/2054/2023 1896/2055/2024 1897/2056/2025
f 1898/2057/2026 1899/2058/2027 1896/2055/2024 1895/2054/2023
f 1891/2050/2019 1890/2049/2018 1896/2055/2024 1899/2058/2027
f 1889/2048/2017 1897/2056/2025 1896/2055/2024 1890/2049/2018
f 1875/2034/2003 1878/2037/2006 1900/2059/2028 1901/2060/2029
f 1873/2032/2001 1902/2061/2030 1900/2059/2028 1878/2037/2006
f 1891/2050/2019 1899/2058/2027 1900/2059/2028 1902/2061/2030
f 1898/2057/2026 1901/2060/2029 1900/2059/2028 1899/2058/2027
f 1702/1857/1830 1903/2062/2031 1904/2063/2032 1871/2030/1999
f 1893/2052/2021 1892/2051/2020 1904/2063/2032 1903/2062/2031
f 1891/2050/2019 1902/2061/2030 1904/2063/2032 1892/2051/2020
f 1873/2032/2001 1871/2030/1999 1904/2063/2032 1902/2061/2030
f 1905/2064/2033 1906/2065/2034 1907/2066/2035 1908/2067/2036
f 1909/2068/2037 1910/2069/2038 1907/2066/2035 1906/2065/2034
f 1911/2070/2039 1912/2071/2040 1907/2066/2035 1910/2069/2038
f 1913/2072/2041 1908/2067/2036 1907/2066/2035 1912/2071/2040
f 1914/2073/2042 1915/2074/2043 1916/2075/2044 1917/2076/2045
f 1918/2077/2046 1919/2078/2047 1916/2075/2044 1915/2074/2043
f 1911/2070/2039 1910/2069/2038 1916/2075/2044 1919/2078/2047
f 1909/2068/2037 1917/2076/2045 1916/2075/2044 1910/2069/2038
f 1920/2079/2048 1921/2080/2049 1922/2081/2050 1923/2082/2051
f 1924/2083/2052 1925/2084/2053 1922/2081/2050 1921/2080/2049
f 1911/2070/2039 1919/2078/2047 1922/2081/2050 1925/2084/2053
f 1918/2077/2046 1923/2082/2051 1922/2081/2050 1919/2078/2047
f 1926/2085/2054 1927/2086/2055 1928/2087/2056 1929/2088/2057
f 1913/2072/2041 1912/2071/2040 1928/2087/2056 1927/2086/2055
f 1911/2070/2039 1925/2084/2053 1928/2087/2056 1912/2071/2040
f 1924/2083/2052 1929/2088/2057 1928/2087/2056 1925/2084/2053
f 1930/2089/2058 1931/2090/2059 1932/2091/2060 1933/2092/2061
f 1934/2093/2062 1935/2094/2063 1932/2091/2060 1931/2090/2059
f 1936/2095/2064 1937/2096/2065 1932/2091/2060 1935/2094/2063
f 1938/2097/2066 1933/2092/2061 1932/2091/2060 1937/2096/2065
f 1939/2098/2067 1940/2099/2068 1941/2100/2069 1942/2101/2070
f 1943/2102/2071 1944/2103/2072 1941/2100/2069 1940/2099/2068
f 1936/2095/2064 1935/2094/2063 1941/2100/2069 1944/2103/2072
f 1934/2093/2062 1942/2101/2070 1941/2100/2069 1935/2094/2063
f 1945/2104/2073 1946/2105/2074 1947/2106/2075 1948/2107/2076
f 1949/2108/2077 1950/2109/2078 1947/2106/2075 1946/2105/2074
f 1936/2095/2064 1944/2103/2072 1947/2106/2075 1950/2109/2078
f 1943/2102/2071 1948/2107/2076 1947/2106/2075 1944/2103/2072
f 1951/2110/2079 1952/2111/2080 1953/2112/2081 1954/2113/2082
f 1938/2097/2066 1937/2096/2065 1953/2112/2081 1952/2111/2080
f 1936/2095/2064 1950/2109/2078 1953/2112/2081 1937/2096/2065
f 1949/2108/2077 1954/2113/2082 1953/2112/2081 1950/2109/2078
f 1955/2114/2083 1956/2115/2084 1957/2116/2085 1958/2117/2086
f 1959/2118/2087 1960/2119/2088 1957/2116/2085 1956/2115/2084
f 1961/2120/2089 1962/2121/2090 1957/2116/2085 1960/2119/2088
f 1963/2122/2091 1958/2117/2086 1957/2116/2085 1962/2121/2090
f 1881/2040/2009 1964/2123/2092 1965/2124/2093 1966/2125/2094
f 1967/2126/2095 1968/2127/2096 1965/2124/2093 1964/2123/2092
f 1961/2120/2089 1960/2119/2088 1965/2124/2093 1968/2127/2096
f 1959/2118/2087 1966/2125/2094 1965/2124/2093 1960/2119/2088
f 1969/2128/2097 1970/2129/2098 1971/2130/2099 1972/2131/2100
f 1973/2132/2101 1974/2133/2102 1971/2130/2099 1970/2129/2098
f 1961/2120/2089 1968/2127/2096 1971/2130/2099 1974/2133/2102
f 1967/2126/2095 1972/2131/2100 1971/2130/2099 1968/2127/2096
f 1975/2134/2103 1976/2135/2104 1977/2136/2105 1978/2137/2106
f 1963/2122/2091 1962/2121/2090 1977/2136/2105 1976/2135/2104
f 1961/2120/2089 1974/2133/2102 1977/2136/2105 1962/2121/2090
f 1973/2132/2101 1978/2137/2106 1977/2136/2105 1974/2133/2102
f 1969/2138/2097 1979/2139/2107 1980/2140/2108 1970/2141/2098
f 1981/2142/2109 1982/2143/2110 1980/2140/2108 1979/2139/2107
f 1983/2144/2111 1984/2145/2112 1980/2140/2108 1982/2143/2110
f 1973/2146/2101 1970/2141/2098 1980/2140/2108 1984/2145/2112
f 1985/2147/2113 1986/2148/2114 1987/2149/2115 1988/2150/2116
f 1989/2151/2117 1990/2152/2118 1987/2149/2115 1986/2148/2114
f 1983/2144/2111 1982/2143/2110 1987/2149/2115 1990/2152/2118
f 1981/2142/2109 1988/2150/2116 1987/2149/2115 1982/2143/2110
f 1991/2153/2119 1992/2154/2120 1993/2155/2121 1994/2156/2122
f 1995/2157/2123 1996/2158/2124 1993/2155/2121 1992/2154/2120
f 1983/2144/2111 1990/2152/2118 1993/2155/2121 1996/2158/2124
f 1989/2151/2117 1994/2156/2122 1993/2155/2121 1990/2152/2118
f 1975/2159/2103 1978/2160/2106 1997/2161/2125 1998/2162/2126
f 1973/2146/2101 1984/2145/2112 1997/2161/2125 1978/2160/2106
f 1983/2144/2111 1996/2158/2124 1997/2161/2125 1984/2145/2112
f 1995/2157/2123 1998/2162/2126 1997/2161/2125 1996/2158/2124
f 1999/2163/2127 2000/2164/2128 2001/2165/2129 2002/2166/2130
f 2003/2167/2131 2004/2168/2132 2001/2165/2129 2000/2164/2128
f 2005/2169/2133 2006/2170/2134 2001/2165/2129 2004/2168/2132
f 2007/2171/2135 2002/2166/2130 2001/2165/2129 2006/2170/2134
f 2008/2172/2136 2009/2173/2137 2010/2174/2138 2011/2175/2139
f 2012/2176/2140 2013/2177/2141 2010/2174/2138 2009/2173/2137
f 2005/2169/2133 2004/2168/2132 2010/2174/2138 2013/2177/2141
f 2003/2167/2131 2011/2175/2139 2010/2174/2138 2004/2168/2132
f 2014/2178/2142 2015/2179/2143 2016/2180/2144 2017/2181/2145
f 2018/2182/2146 2019/2183/2147 2016/2180/2144 2015/2179/2143
f 2005/2169/2133 2013/2177/2141 2016/2180/2144 2019/2183/2147
f 2012/2176/2140 2017/2181/2145 2016/2180/2144 2013/2177/2141
f 2020/2184/2148 2021/2185/2149 2022/2186/2150 2023/2187/2151
f 2007/2171/2135 2006/2170/2134 2022/2186/2150 2021/2185/2149
f 2005/2169/2133 2019/2183/2147 2022/2186/2150 2006/2170/2134
f 2018/2182/2146 2023/2187/2151 2022/2186/2150 2019/2183/2147
f 2024/2188/2152 2025/2189/2153 2026/2190/2154 2027/2191/2155
f 2028/2192/2156 2029/2193/2157 2026/2190/2154 2025/2189/2153
f 2030/2194/2158 2031/2195/2159 2026/2190/2154 2029/2193/2157
f 2032/2196/2160 2027/2191/2155 2026/2190/2154 2031/2195/2159
f 1999/2197/2127 2033/2198/2161 2034/2199/2162 2035/2200/2163
f 2036/2201/2164 2037/2202/2165 2034/2199/2162 2033/2198/2161
f 2030/2194/2158 2029/2193/2157 2034/2199/2162 2037/2202/2165
f 2028/2192/2156 2035/2200/2163 2034/2199/2162 2029/2193/2157
f 2038/2203/2166 2039/2204/2167 2040/2205/2168 2041/2206/2169
f 2042/2207/2170 2043/2208/2171 2040/2205/2168 2039/2204/2167
f 2030/2194/2158 2037/2202/2165 2040/2205/2168 2043/2208/2171
f 2036/2201/2164 2041/2206/2169 2040/2205/2168 2037/2202/2165
f 1926/2085/2054 2044/2209/2172 2045/2210/2173 2046/2211/2174
f 2032/2196/2160 2031/2195/2159 2045/2210/2173 2044/2209/2172
f 2030/2194/2158 2043/2208/2171 2045/2210/2173 2031/2195/2159
f 2042/2207/2170 2046/2211/2174 2045/2210/2173 2043/2208/2171
f 2047/2212/2175 2048/2213/2176 2049/2214/2177 2050/2215/2178
f 2051/2216/2179 2052/2217/2180 2049/2214/2177 2048/2213/2176
f 2053/2218/2181 2054/2219/2182 2049/2214/2177 2052/2217/2180
f 2055/2220/2183 2050/2215/2178 2049/2214/2177 2054/2219/2182
f 2056/2221/2184 2057/2222/2185 2058/2223/2186 2059/2224/2187
f 2060/2225/2188 2061/2226/2189 2058/2223/2186 2057/2222/2185
f 2053/2218/2181 2052/2217/2180 2058/2223/2186 2061/2226/2189
f 2051/2216/2179 2059/2224/2187 2058/2223/2186 2052/2217/2180
f 2020/2227/2148 2062/2228/2190 2063/2229/2191 2064/2230/2192
f 2065/2231/2193 2066/2232/2194 2063/2229/2191 2062/2228/2190
f 2053/2218/2181 2061/2226/2189 2063/2229/2191 2066/2232/2194
f 2060/2225/2188 2064/2230/2192 2063/2229/2191 2061/2226/2189
f 1985/2233/2113 2067/2234/2195 2068/2235/2196 2069/2236/2197
f 2055/2220/2183 2054/2219/2182 2068/2235/2196 2067/2234/2195
f 2053/2218/2181 2066/2232/2194 2068/2235/2196 2054/2219/2182
f 2065/2231/2193 2069/2236/2197 2068/2235/2196 2066/2232/2194
f 2070/2237/2198 2071/2238/2199 2072/2239/2200 2073/2240/2201
f 2074/2241/2202 2075/2242/2203 2072/2239/2200 2071/2238/2199
f 2076/2243/2204 2077/2244/2205 2072/2239/2200 2075/2242/2203
f 2078/2245/2206 2073/2240/2201 2072/2239/2200 2077/2244/2205
f 2079/2246/2207 2080/2247/2208 2081/2248/2209 2082/2249/2210
f 2083/2250/2211 2084/2251/2212 2081/2248/2209 2080/2247/2208
f 2076/2243/2204 2075/2242/2203 2081/2248/2209 2084/2251/2212
f 2074/2241/2202 2082/2249/2210 2081/2248/2209 2075/2242/2203
f 2085/2252/2213 2086/2253/2214 2087/2254/2215 2088/2255/2216
f 2089/2256/2217 2090/2257/2218 2087/2254/2215 2086/2253/2214
f 2076/2243/2204 2084/2251/2212 2087/2254/2215 2090/2257/2218
f 2083/2250/2211 2088/2255/2216 2087/2254/2215 2084/2251/2212
f 2091/2258/2219 2092/2259/2220 2093/2260/2221 2094/2261/2222
f 2078/2245/2206 2077/2244/2205 2093/2260/2221 2092/2259/2220
f 2076/2243/2204 2090/2257/2218 2093/2260/2221 2077/2244/2205
f 2089/2256/2217 2094/2261/2222 2093/2260/2221 2090/2257/2218
f 2085/2252/2213 2095/2262/2223 2096/2263/2224 2086/2253/2214
f 2097/2264/2225 2098/2265/2226 2096/2263/2224 2095/2262/2223
f 2099/2266/2227 2100/2267/2228 2096/2263/2224 2098/2265/2226
f 2089/2256/2217 2086/2253/2214 2096/2263/2224 2100/2267/2228
f 2101/2268/2229 2102/2269/2230 2103/2270/2231 2104/2271/2232
f 2105/2272/2233 2106/2273/2234 2103/2270/2231 2102/2269/2230
f 2099/2266/2227 2098/2265/2226 2103/2270/2231 2106/2273/2234
f 2097/2264/2225 2104/2271/2232 2103/2270/2231 2098/2265/2226
f 1790/1949/1918 2107/2274/2235 2108/2275/2236 2109/2276/2237
f 2110/2277/2238 2111/2278/2239 2108/2275/2236 2107/2274/2235
f 2099/2266/2227 2106/2273/2234 2108/2275/2236 2111/2278/2239
f 2105/2272/2233 2109/2276/2237 2108/2275/2236 2106/2273/2234
f 2091/2258/2219 2094/2261/2222 2112/2279/2240 2113/2280/2241
f 2089/2256/2217 2100/2267/2228 2112/2279/2240 2094/2261/2222
f 2099/2266/2227 2111/2278/2239 2112/2279/2240 2100/2267/2228
f 2110/2277/2238 2113/2280/2241 2112/2279/2240 2111/2278/2239
f 2114/2281/2242 2115/2282/2243 2116/2283/2244 2117/2284/2245
f 2118/2285/2246 2119/2286/2247 2116/2283/2244 2115/2282/2243
f 2120/2287/2248 2121/2288/2249 2116/2283/2244 2119/2286/2247
f 2122/2289/2250 2117/2284/2245 2116/2283/2244 2121/2288/2249
f 2123/2290/2251 2124/2291/2252 2125/2292/2253 2126/2293/2254
f 2127/2294/2255 2128/2295/2256 2125/2292/2253 2124/2291/2252
f 2120/2287/2248 2119/2286/2247 2125/2292/2253 2128/2295/2256
f 2118/2285/2246 2126/2293/2254 2125/2292/2253 2119/2286/2247
f 2129/2296/2257 2130/2297/2258 2131/2298/2259 2132/2299/2260
f 2133/2300/2261 2134/2301/2262 2131/2298/2259 2130/2297/2258
f 2120/2287/2248 2128/2295/2256 2131/2298/2259 2134/2301/2262
f 2127/2294/2255 2132/2299/2260 2131/2298/2259 2128/2295/2256
f 2135/2302/2263 2136/2303/2264 2137/2304/2265 2138/2305/2266
f 2122/2289/2250 2121/2288/2249 2137/2304/2265 2136/2303/2264
f 2120/2287/2248 2134/2301/2262 2137/2304/2265 2121/2288/2249
f 2133/2300/2261 2138/2305/2266 2137/2304/2265 2134/2301/2262
f 2139/2306/2267 2140/2307/2268 2141/2308/2269 2142/2309/2270
f 2143/2310/2271 2144/2311/2272 2141/2308/2269 2140/2307/2268
f 2145/2312/2273 2146/2313/2274 2141/2308/2269 2144/2311/2272
f 2147/2314/2275 2142/2309/2270 2141/2308/2269 2146/2313/2274
f 2148/2315/2276 2149/2316/2277 2150/2317/2278 2151/2318/2279
f 2152/2319/2280 2153/2320/2281 2150/2317/2278 2149/2316/2277
f 2145/2312/2273 2144/2311/2272 2150/2317/2278 2153/2320/2281
f 2143/2310/2271 2151/2318/2279 2150/2317/2278 2144/2311/2272
f 2154/2321/2282 2155/2322/2283 2156/2323/2284 2157/2324/2285
f 2158/2325/2286 2159/2326/2287 2156/2323/2284 2155/2322/2283
f 2145/2312/2273 2153/2320/2281 2156/2323/2284 2159/2326/2287
f 2152/2319/2280 2157/2324/2285 2156/2323/2284 2153/2320/2281
f 2160/2327/2288 2161/2328/2289 2162/2329/2290 2163/2330/2291
f 2147/2314/2275 2146/2313/2274 2162/2329/2290 2161/2328/2289
f 2145/2312/2273 2159/2326/2287 2162/2329/2290 2146/2313/2274
f 2158/2325/2286 2163/2330/2291 2162/2329/2290 2159/2326/2287
f 2101/2268/2229 2164/2331/2292 2165/2332/2293 2102/2269/2230
f 2166/2333/2294 2167/2334/2295 2165/2332/2293 2164/2331/2292
f 2168/2335/2296 2169/2336/2297 2165/2332/2293 2167/2334/2295
f 2105/2272/2233 2102/2269/2230 2165/2332/2293 2169/2336/2297
f 2170/2337/2298 2171/2338/2299 2172/2339/2300 2173/2340/2301
f 2174/2341/2302 2175/2342/2303 2172/2339/2300 2171/2338/2299
f 2168/2335/2296 2167/2334/2295 2172/2339/2300 2175/2342/2303
f 2166/2333/2294 2173/2340/2301 2172/2339/2300 2167/2334/2295
f 2176/2343/2304 2177/2344/2305 2178/2345/2306 2179/2346/2307
f 2180/2347/2308 2181/2348/2309 2178/2345/2306 2177/2344/2305
f 2168/2335/2296 2175/2342/2303 2178/2345/2306 2181/2348/2309
f 2174/2341/2302 2179/2346/2307 2178/2345/2306 2175/2342/2303
f 1790/1949/1918 2109/2276/2237 2182/2349/2310 2183/2350/2311
f 2105/2272/2233 2169/2336/2297 2182/2349/2310 2109/2276/2237
f 2168/2335/2296 2181/2348/2309 2182/2349/2310 2169/2336/2297
f 2180/2347/2308 2183/2350/2311 2182/2349/2310 2181/2348/2309
f 2184/2351/2312 2185/2352/2313 2186/2353/2314 2187/2354/2315
f 2188/2355/2316 2189/2356/2317 2186/2353/2314 2185/2352/2313
f 2190/2357/2318 2191/2358/2319 2186/2353/2314 2189/2356/2317
f 2192/2359/2320 2187/2354/2315 2186/2353/2314 2191/2358/2319
f 2193/2360/2321 2194/2361/2322 2195/2362/2323 2196/2363/2324
f 2197/2364/2325 2198/2365/2326 2195/2362/2323 2194/2361/2322
f 2190/2357/2318 2189/2356/2317 2195/2362/2323 2198/2365/2326
f 2188/2355/2316 2196/2363/2324 2195/2362/2323 2189/2356/2317
f 2199/2366/2327 2200/2367/2328 2201/2368/2329 2202/2369/2330
f 2203/2370/2331 2204/2371/2332 2201/2368/2329 2200/2367/2328
f 2190/2357/2318 2198/2365/2326 2201/2368/2329 2204/2371/2332
f 2197/2364/2325 2202/2369/2330 2201/2368/2329 2198/2365/2326
f 2205/2372/2333 2206/2373/2334 2207/2374/2335 2208/2375/2336
f 2192/2359/2320 2191/2358/2319 2207/2374/2335 2206/2373/2334
f 2190/2357/2318 2204/2371/2332 2207/2374/2335 2191/2358/2319
f 2203/2370/2331 2208/2375/2336 2207/2374/2335 2204/2371/2332
f 2176/2343/2304 2209/2376/2337 2210/2377/2338 2177/2344/2305
f 2211/2378/2339 2212/2379/2340 2210/2377/2338 2209/2376/2337
f 2213/2380/2341 2214/2381/2342 2210/2377/2338 2212/2379/2340
f 2180/2347/2308 2177/2344/2305 2210/2377/2338 2214/2381/2342
f 2215/2382/2343 2216/2383/2344 2217/2384/2345 2218/2385/2346
f 2219/2386/2347 2220/2387/2348 2217/2384/2345 2216/2383/2344
f 2213/2380/2341 2212/2379/2340 2217/2384/2345 2220/2387/2348
f 2211/2378/2339 2218/2385/2346 2217/2384/2345 2212/2379/2340
f 1769/1928/1897 1772/1931/1900 2221/2388/2349 2222/2389/2350
f 1777/1936/1905 2223/2390/2351 2221/2388/2349 1772/1931/1900
f 2213/2380/2341 2220/2387/2348 2221/2388/2349 2223/2390/2351
f 2219/2386/2347 2222/2389/2350 2221/2388/2349 2220/2387/2348
f 1790/1949/1918 2183/2350/2311 2224/2391/2352 1791/1950/1919
f 2180/2347/2308 2214/2381/2342 2224/2391/2352 2183/2350/2311
f 2213/2380/2341 2223/2390/2351 2224/2391/2352 2214/2381/2342
f 1777/1936/1905 1791/1950/1919 2224/2391/2352 2223/2390/2351
f 2225/2392/2353 2226/2393/2354 2227/2394/2355 2228/2395/2356
f 2229/2396/2357 2230/2397/2358 2227/2394/2355 2226/2393/2354
f 2231/2398/2359 2232/2399/2360 2227/2394/2355 2230/2397/2358
f 2233/2400/2361 2228/2395/2356 2227/2394/2355 2232/2399/2360
f 2234/2401/2362 2235/2402/2363 2236/2403/2364 2237/2404/2365
f 2238/2405/2366 2239/2406/2367 2236/2403/2364 2235/2402/2363
f 2231/2398/2359 2230/2397/2358 2236/2403/2364 2239/2406/2367
f 2229/2396/2357 2237/2404/2365 2236/2403/2364 2230/2397/2358
f 2240/2407/2368 2241/2408/2369 2242/2409/2370 2243/2410/2371
f 2244/2411/2372 2245/2412/2373 2242/2409/2370 2241/2408/2369
f 2231/2398/2359 2239/2406/2367 2242/2409/2370 2245/2412/2373
f 2238/2405/2366 2243/2410/2371 2242/2409/2370 2239/2406/2367
f 2246/2413/2374 2247/2414/2375 2248/2415/2376 2249/2416/2377
f 2233/2400/2361 2232/2399/2360 2248/2415/2376 2247/2414/2375
f 2231/2398/2359 2245/2412/2373 2248/2415/2376 2232/2399/2360
f 2244/2411/2372 2249/2416/2377 2248/2415/2376 2245/2412/2373
f 2250/2417/2378 2251/2418/2379 2252/2419/2380 2253/2420/2381
f 2254/2421/2382 2255/2422/2383 2252/2419/2380 2251/2418/2379
f 2256/2423/2384 2257/2424/2385 2252/2419/2380 2255/2422/2383
f 2258/2425/2386 2253/2420/2381 2252/2419/2380 2257/2424/2385
f 2259/2426/2387 2260/2427/2388 2261/2428/2389 2262/2429/2390
f 2263/2430/2391 2264/2431/2392 2261/2428/2389 2260/2427/2388
f 2256/2423/2384 2255/2422/2383 2261/2428/2389 2264/2431/2392
f 2254/2421/2382 2262/2429/2390 2261/2428/2389 2255/2422/2383
f 2265/2432/2393 2266/2433/2394 2267/2434/2395 2268/2435/2396
f 2269/2436/2397 2270/2437/2398 2267/2434/2395 2266/2433/2394
f 2256/2423/2384 2264/2431/2392 2267/2434/2395 2270/2437/2398
f 2263/2430/2391 2268/2435/2396 2267/2434/2395 2264/2431/2392
f 2271/2438/2399 2272/2439/2400 2273/2440/2401 2274/2441/2402
f 2258/2425/2386 2257/2424/2385 2273/2440/2401 2272/2439/2400
f 2256/2423/2384 2270/2437/2398 2273/2440/2401 2257/2424/2385
f 2269/2436/2397 2274/2441/2402 2273/2440/2401 2270/2437/2398
f 2259/2426/2387 2275/2442/2403 2276/2443/2404 2260/2427/2388
f 2277/2444/2405 2278/2445/2406 2276/2443/2404 2275/2442/2403
f 2279/2446/2407 2280/2447/2408 2276/2443/2404 2278/2445/2406
f 2263/2430/2391 2260/2427/2388 2276/2443/2404 2280/2447/2408
f 2281/2448/2409 2282/2449/2410 2283/2450/2411 2284/2451/2412
f 2285/2452/2413 2286/2453/2414 2283/2450/2411 2282/2449/2410
f 2279/2446/2407 2278/2445/2406 2283/2450/2411 2286/2453/2414
f 2277/2444/2405 2284/2451/2412 2283/2450/2411 2278/2445/2406
f 1803/1962/1931 2287/2454/2415 2288/2455/2416 2289/2456/2417
f 2290/2457/2418 2291/2458/2419 2288/2455/2416 2287/2454/2415
f 2279/2446/2407 2286/2453/2414 2288/2455/2416 2291/2458/2419
f 2285/2452/2413 2289/2456/2417 2288/2455/2416 2286/2453/2414
f 2265/2432/2393 2268/2435/2396 2292/2459/2420 2293/2460/2421
f 2263/2430/2391 2280/2447/2408 2292/2459/2420 2268/2435/2396
f 2279/2446/2407 2291/2458/2419 2292/2459/2420 2280/2447/2408
f 2290/2457/2418 2293/2460/2421 2292/2459/2420 2291/2458/2419
f 2294/2461/2422 2295/2462/2423 2296/2463/2424 2297/2464/2425
f 2298/2465/2426 2299/2466/2427 2296/2463/2424 2295/2462/2423
f 2300/2467/2428 2301/2468/2429 2296/2463/2424 2299/2466/2427
f 2302/2469/2430 2297/2464/2425 2296/2463/2424 2301/2468/2429
f 2303/2470/2431 2304/2471/2432 2305/2472/2433 2306/2473/2434
f 2307/2474/2435 2308/2475/2436 2305/2472/2433 2304/2471/2432
f 2300/2467/2428 2299/2466/2427 2305/2472/2433 2308/2475/2436
f 2298/2465/2426 2306/2473/2434 2305/2472/2433 2299/2466/2427
f 1818/1977/1946 1821/1980/1949 2309/2476/2437 2310/2477/2438
f 1826/1985/1954 2311/2478/2439 2309/2476/2437 1821/1980/1949
f 2300/2467/2428 2308/2475/2436 2309/2476/2437 2311/2478/2439
f 2307/2474/2435 2310/2477/2438 2309/2476/2437 2308/2475/2436
f 1809/1968/1937 2312/2479/2440 2313/2480/2441 1838/1997/1966
f 2302/2469/2430 2301/2468/2429 2313/2480/2441 2312/2479/2440
f 2300/2467/2428 2311/2478/2439 2313/2480/2441 2301/2468/2429
f 1826/1985/1954 1838/1997/1966 2313/2480/2441 2311/2478/2439
f 2314/2481/2442 2315/2482/2443 2316/2483/2444 2317/2484/2445
f 2318/2485/2446 2319/2486/2447 2316/2483/2444 2315/2482/2443
f 2320/2487/2448 2321/2488/2449 2316/2483/2444 2319/2486/2447
f 2322/2489/2450 2317/2484/2445 2316/2483/2444 2321/2488/2449
f 1841/2000/1969 1844/2003/1972 2323/2490/2451 2324/2491/2452
f 1849/2008/1977 2325/2492/2453 2323/2490/2451 1844/2003/1972
f 2320/2487/2448 2319/2486/2447 2323/2490/2451 2325/2492/2453
f 2318/2485/2446 2324/2491/2452 2323/2490/2451 2319/2486/2447
f 1861/2020/1989 2326/2493/2454 2327/2494/2455 1862/2021/1990
f 2328/2495/2456 2329/2496/2457 2327/2494/2455 2326/2493/2454
f 2320/2487/2448 2325/2492/2453 2327/2494/2455 2329/2496/2457
f 1849/2008/1977 1862/2021/1990 2327/2494/2455 2325/2492/2453
f 2330/2497/2458 2331/2498/2459 2332/2499/2460 2333/2500/2461
f 2322/2489/2450 2321/2488/2449 2332/2499/2460 2331/2498/2459
f 2320/2487/2448 2329/2496/2457 2332/2499/2460 2321/2488/2449
f 2328/2495/2456 2333/2500/2461 2332/2499/2460 2329/2496/2457
f 1421/1567/1549 1424/1570/1552 2334/2501/2462 1456/1607/1584
f 1419/1565/1547 2335/2502/2463 2334/2501/2462 1424/1570/1552
f 2336/2503/2464 2337/2504/2465 2334/2501/2462 2335/2502/2463
f 1459/1610/1587 1456/1607/1584 2334/2501/2462 2337/2504/2465
f 1373/1519/1501 1392/1538/1520 2338/2505/2466 1417/1563/1545
f 1389/1535/1517 2339/2506/2467 2338/2505/2466 1392/1538/1520
f 2336/2503/2464 2335/2502/2463 2338/2505/2466 2339/2506/2467
f 1419/1565/1547 1417/1563/1545 2338/2505/2466 2335/2502/2463
f 1334/1480/1462 1430/1576/1558 2340/2507/2468 1387/1533/1515
f 1434/1580/1562 2341/2508/2469 2340/2507/2468 1430/1576/1558
f 2336/2503/2464 2339/2506/2467 2340/2507/2468 2341/2508/2469
f 1389/1535/1517 1387/1533/1515 2340/2507/2468 2339/2506/2467
f 1444/1591/1572 1462/1613/1590 2342/2509/2470 1445/1592/1573
f 1459/1610/1587 2337/2504/2465 2342/2509/2470 1462/1613/1590
f 2336/2503/2464 2341/2508/2469 2342/2509/2470 2337/2504/2465
f 1434/1580/1562 1445/1592/1573 2342/2509/2470 2341/2508/2469
f 2343/2510/2471 2344/2511/2472 2345/2512/2473 2346/2513/2474
f 2347/2514/2475 2348/2515/2476 2345/2512/2473 2344/2511/2472
f 2349/2516/2477 2350/2517/2478 2345/2512/2473 2348/2515/2476
f 2351/2518/2479 2346/2513/2474 2345/2512/2473 2350/2517/2478
f 2352/2519/2480 2353/2520/2481 2354/2521/2482 2355/2522/2483
f 2356/2523/2484 2357/2524/2485 2354/2521/2482 2353/2520/2481
f 2349/2516/2477 2348/2515/2476 2354/2521/2482 2357/2524/2485
f 2347/2514/2475 2355/2522/2483 2354/2521/2482 2348/2515/2476
f 2358/2525/2486 2359/2526/2487 2360/2527/2488 2361/2528/2489
f 2362/2529/2490 2363/2530/2491 2360/2527/2488 2359/2526/2487
f 2349/2516/2477 2357/2524/2485 2360/2527/2488 2363/2530/2491
f 2356/2523/2484 2361/2528/2489 2360/2527/2488 2357/2524/2485
f 2364/2531/2492 2365/2532/2493 2366/2533/2494 2367/2534/2495
f 2351/2518/2479 2350/2517/2478 2366/2533/2494 2365/2532/2493
f 2349/2516/2477 2363/2530/2491 2366/2533/2494 2350/2517/2478
f 2362/2529/2490 2367/2534/2495 2366/2533/2494 2363/2530/2491
f 1778/1937/1906 2368/2535/2496 2369/2536/2497 1779/1938/1907
f 2370/2537/2498 2371/2538/2499 2369/2536/2497 2368/2535/2496
f 2372/2539/2500 2373/2540/2501 2369/2536/2497 2371/2538/2499
f 1782/1941/1910 1779/1938/1907 2369/2536/2497 2373/2540/2501
f 2374/2541/2502 2375/2542/2503 2376/2543/2504 2377/2544/2505
f 2378/2545/2506 2379/2546/2507 2376/2543/2504 2375/2542/2503
f 2372/2539/2500 2371/2538/2499 2376/2543/2504 2379/2546/2507
f 2370/2537/2498 2377/2544/2505 2376/2543/2504 2371/2538/2499
f 2380/2547/2508 2381/2548/2509 2382/2549/2510 2383/2550/2511
f 2384/2551/2512 2385/2552/2513 2382/2549/2510 2381/2548/2509
f 2372/2539/2500 2379/2546/2507 2382/2549/2510 2385/2552/2513
f 2378/2545/2506 2383/2550/2511 2382/2549/2510 2379/2546/2507
f 1784/1943/1912 1787/1946/1915 2386/2553/2514 2387/2554/2515
f 1782/1941/1910 2373/2540/2501 2386/2553/2514 1787/1946/1915
f 2372/2539/2500 2385/2552/2513 2386/2553/2514 2373/2540/2501
f 2384/2551/2512 2387/2554/2515 2386/2553/2514 2385/2552/2513
f 1794/1953/1922 2388/2555/2516 2389/2556/2517 2390/2557/2518
f 2391/2558/2519 2392/2559/2520 2389/2556/2517 2388/2555/2516
f 2393/2560/2521 2394/2561/2522 2389/2556/2517 2392/2559/2520
f 2395/2562/2523 2390/2557/2518 2389/2556/2517 2394/2561/2522
f 2396/2563/2524 2397/2564/2525 2398/2565/2526 2399/2566/2527
f 2400/2567/2528 2401/2568/2529 2398/2565/2526 2397/2564/2525
f 2393/2560/2521 2392/2559/2520 2398/2565/2526 2401/2568/2529
f 2391/2558/2519 2399/2566/2527 2398/2565/2526 2392/2559/2520
f 2250/2417/2378 2253/2420/2381 2402/2569/2530 2403/2570/2531
f 2258/2425/2386 2404/2571/2532 2402/2569/2530 2253/2420/2381
f 2393/2560/2521 2401/2568/2529 2402/2569/2530 2404/2571/2532
f 2400/2567/2528 2403/2570/2531 2402/2569/2530 2401/2568/2529
f 2271/2438/2399 2405/2572/2533 2406/2573/2534 2272/2439/2400
f 2395/2562/2523 2394/2561/2522 2406/2573/2534 2405/2572/2533
f 2393/2560/2521 2404/2571/2532 2406/2573/2534 2394/2561/2522
f 2258/2425/2386 2272/2439/2400 2406/2573/2534 2404/2571/2532
f 2020/2227/2148 2064/2230/2192 2407/2574/2535 2021/2575/2149
f 2060/2225/2188 2408/2576/2536 2407/2574/2535 2064/2230/2192
f 2409/2577/2537 2410/2578/2538 2407/2574/2535 2408/2576/2536
f 2007/2579/2135 2021/2575/2149 2407/2574/2535 2410/2578/2538
f 2056/2221/2184 2411/2580/2539 2412/2581/2540 2057/2222/2185
f 2413/2582/2541 2414/2583/2542 2412/2581/2540 2411/2580/2539
f 2409/2577/2537 2408/2576/2536 2412/2581/2540 2414/2583/2542
f 2060/2225/2188 2057/2222/2185 2412/2581/2540 2408/2576/2536
f 2038/2203/2166 2041/2206/2169 2415/2584/2543 2416/2585/2544
f 2036/2201/2164 2417/2586/2545 2415/2584/2543 2041/2206/2169
f 2409/2577/2537 2414/2583/2542 2415/2584/2543 2417/2586/2545
f 2413/2582/2541 2416/2585/2544 2415/2584/2543 2414/2583/2542
f 1999/2197/2127 2002/2587/2130 2418/2588/2546 2033/2198/2161
f 2007/2579/2135 2410/2578/2538 2418/2588/2546 2002/2587/2130
f 2409/2577/2537 2417/2586/2545 2418/2588/2546 2410/2578/2538
f 2036/2201/2164 2033/2198/2161 2418/2588/2546 2417/2586/2545
f 2419/2589/2547 2420/2590/2548 2421/2591/2549 2422/2592/2550
f 2423/2593/2551 2424/2594/2552 2421/2591/2549 2420/2590/2548
f 2425/2595/2553 2426/2596/2554 2421/2591/2549 2424/2594/2552
f 2427/2597/2555 2422/2592/2550 2421/2591/2549 2426/2596/2554
f 2024/2598/2152 2428/2599/2556 2429/2600/2557 2430/2601/2558
f 2431/2602/2559 2432/2603/2560 2429/2600/2557 2428/2599/2556
f 2425/2595/2553 2424/2594/2552 2429/2600/2557 2432/2603/2560
f 2423/2593/2551 2430/2601/2558 2429/2600/2557 2424/2594/2552
f 16/16/16 19/19/19 2433/2604/2561 2434/2605/2562
f 14/14/14 2435/2606/2563 2433/2604/2561 19/19/19
f 2425/2595/2553 2432/2603/2560 2433/2604/2561 2435/2606/2563
f 2431/2602/2559 2434/2605/2562 2433/2604/2561 2432/2603/2560
f 10/10/10 2436/2607/2564 2437/2608/2565 11/11/11
f 2427/2597/2555 2426/2596/2554 2437/2608/2565 2436/2607/2564
f 2425/2595/2553 2435/2606/2563 2437/2608/2565 2426/2596/2554
f 14/14/14 11/11/11 2437/2608/2565 2435/2606/2563
f 1945/2104/2073 2438/2609/2566 2439/2610/2567 2440/2611/2568
f 2441/2612/2569 2442/2613/2570 2439/2610/2567 2438/2609/2566
f 2443/2614/2571 2444/2615/2572 2439/2610/2567 2442/2613/2570
f 2445/2616/2573 2440/2611/2568 2439/2610/2567 2444/2615/2572
f 2014/2178/2142 2017/2181/2145 2446/2617/2574 2447/2618/2575
f 2012/2176/2140 2448/2619/2576 2446/2617/2574 2017/2181/2145
f 2443/2614/2571 2442/2613/2570 2446/2617/2574 2448/2619/2576
f 2441/2612/2569 2447/2618/2575 2446/2617/2574 2442/2613/2570
f 2008/2172/2136 2449/2620/2577 2450/2621/2578 2009/2173/2137
f 2451/2622/2579 2452/2623/2580 2450/2621/2578 2449/2620/2577
f 2443/2614/2571 2448/2619/2576 2450/2621/2578 2452/2623/2580
f 2012/2176/2140 2009/2173/2137 2450/2621/2578 2448/2619/2576
f 2419/2589/2547 2453/2624/2581 2454/2625/2582 2455/2626/2583
f 2445/2616/2573 2444/2615/2572 2454/2625/2582 2453/2624/2581
f 2443/2614/2571 2452/2623/2580 2454/2625/2582 2444/2615/2572
f 2451/2622/2579 2455/2626/2583 2454/2625/2582 2452/2623/2580
f 2456/2627/2584 2457/2628/2585 2458/2629/2586 2459/2630/2587
f 2460/2631/2588 2461/2632/2589 2458/2629/2586 2457/2628/2585
f 2462/2633/2590 2463/2634/2591 2458/2629/2586 2461/2632/2589
f 2464/2635/2592 2459/2630/2587 2458/2629/2586 2463/2634/2591
f 2465/2636/2593 2466/2637/2594 2467/2638/2595 2468/2639/2596
f 2469/2640/2597 2470/2641/2598 2467/2638/2595 2466/2637/2594
f 2462/2633/2590 2461/2632/2589 2467/2638/2595 2470/2641/2598
f 2460/2631/2588 2468/2639/2596 2467/2638/2595 2461/2632/2589
f 1421/1567/1549 1458/1609/1586 2471/2642/2599 2472/2643/2600
f 1454/1605/1582 2473/2644/2601 2471/2642/2599 1458/1609/1586
f 2462/2633/2590 2470/2641/2598 2471/2642/2599 2473/2644/2601
f 2469/2640/2597 2472/2643/2600 2471/2642/2599 2470/2641/2598
f 1060/1601/1188 2474/2645/2602 2475/2646/2603 1452/1602/1580
f 2464/2635/2592 2463/2634/2591 2475/2646/2603 2474/2645/2602
f 2462/2633/2590 2473/2644/2601 2475/2646/2603 2463/2634/2591
f 1454/1605/1582 1452/1602/1580 2475/2646/2603 2473/2644/2601
f 1038/2647/1166 1041/2648/1169 2476/2649/2604 2477/2650/2605
f 1033/2651/1161 2478/2652/2606 2476/2649/2604 1041/2648/1169
f 2479/2653/2607 2480/2654/2608 2476/2649/2604 2478/2652/2606
f 2481/2655/2609 2477/2650/2605 2476/2649/2604 2480/2654/2608
f 1029/2656/1157 2482/2657/2610 2483/2658/2611 1030/2659/1158
f 2484/2660/2612 2485/2661/2613 2483/2658/2611 2482/2657/2610
f 2479/2653/2607 2478/2652/2606 2483/2658/2611 2485/2661/2613
f 1033/2651/1161 1030/2659/1158 2483/2658/2611 2478/2652/2606
f 2486/2662/2614 2487/2663/2615 2488/2664/2616 2489/2665/2617
f 2481/2655/2609 2480/2654/2608 2488/2664/2616 2487/2663/2615
f 2479/2653/2607 2485/2661/2613 2488/2664/2616 2480/2654/2608
f 2484/2660/2612 2489/2665/2617 2488/2664/2616 2485/2661/2613
f 2486/2662/2614 2489/2665/2617 2490/2666/2618 2491/2667/2619
f 2484/2660/2612 2492/2668/2620 2490/2666/2618 2489/2665/2617
f 2493/2669/2621 2494/2670/2622 2490/2666/2618 2492/2668/2620
f 2495/2671/2623 2491/2667/2619 2490/2666/2618 2494/2670/2622
f 1029/2656/1157 2496/2672/2624 2497/2673/2625 2482/2657/2610
f 2498/2674/2626 2499/2675/2627 2497/2673/2625 2496/2672/2624
f 2493/2669/2621 2492/2668/2620 2497/2673/2625 2499/2675/2627
f 2484/2660/2612 2482/2657/2610 2497/2673/2625 2492/2668/2620
f 1405/1551/1533 2500/2676/2628 2501/2677/2629 2502/2678/2630
f 2503/2679/2631 2504/2680/2632 2501/2677/2629 2500/2676/2628
f 2493/2669/2621 2499/2675/2627 2501/2677/2629 2504/2680/2632
f 2498/2674/2626 2502/2678/2630 2501/2677/2629 2499/2675/2627
f 2505/2681/2633 2506/2682/2634 2507/2683/2635 2508/2684/2636
f 2495/2671/2623 2494/2670/2622 2507/2683/2635 2506/2682/2634
f 2493/2669/2621 2504/2680/2632 2507/2683/2635 2494/2670/2622
f 2503/2679/2631 2508/2684/2636 2507/2683/2635 2504/2680/2632
f 2505/2681/2633 2508/2684/2636 2509/2685/2637 2510/2686/2638
f 2503/2679/2631 2511/2687/2639 2509/2685/2637 2508/2684/2636
f 2512/2688/2640 2513/2689/2641 2509/2685/2637 2511/2687/2639
f 2514/2690/2642 2510/2686/2638 2509/2685/2637 2513/2689/2641
f 1405/1551/1533 1408/1554/1536 2515/2691/2643 2500/2676/2628
f 1403/1549/1531 2516/2692/2644 2515/2691/2643 1408/1554/1536
f 2512/2688/2640 2511/2687/2639 2515/2691/2643 2516/2692/2644
f 2503/2679/2631 2500/2676/2628 2515/2691/2643 2511/2687/2639
f 1399/1545/1527 2517/2693/2645 2518/2694/2646 1400/1546/1528
f 2514/2690/2642 2513/2689/2641 2518/2694/2646 2517/2693/2645
f 2512/2688/2640 2516/2692/2644 2518/2694/2646 2513/2689/2641
f 1403/1549/1531 1400/1546/1528 2518/2694/2646 2516/2692/2644
f 1038/2647/1166 2477/2650/2605 2519/2695/2647 1054/2696/1182
f 2481/2655/2609 2520/2697/2648 2519/2695/2647 2477/2650/2605
f 2521/2698/2649 2522/2699/2650 2519/2695/2647 2520/2697/2648
f 1056/2700/1184 1054/2696/1182 2519/2695/2647 2522/2699/2650
f 2486/2662/2614 2523/2701/2651 2524/2702/2652 2487/2663/2615
f 2525/2703/2653 2526/2704/2654 2524/2702/2652 2523/2701/2651
f 2521/2698/2649 2520/2697/2648 2524/2702/2652 2526/2704/2654
f 2481/2655/2609 2487/2663/2615 2524/2702/2652 2520/2697/2648
f 2456/2627/2584 2459/2630/2587 2527/2705/2655 2528/2706/2656
f 2464/2635/2592 2529/2707/2657 2527/2705/2655 2459/2630/2587
f 2521/2698/2649 2526/2704/2654 2527/2705/2655 2529/2707/2657
f 2525/2703/2653 2528/2706/2656 2527/2705/2655 2526/2704/2654
f 1060/1601/1188 1063/2708/1191 2530/2709/2658 2474/2645/2602
f 1056/2700/1184 2522/2699/2650 2530/2709/2658 1063/2708/1191
f 2521/2698/2649 2529/2707/2657 2530/2709/2658 2522/2699/2650
f 2464/2635/2592 2474/2645/2602 2530/2709/2658 2529/2707/2657
f 2505/2681/2633 2531/2710/2659 2532/2711/2660 2506/2682/2634
f 2533/2712/2661 2534/2713/2662 2532/2711/2660 2531/2710/2659
f 2535/2714/2663 2536/2715/2664 2532/2711/2660 2534/2713/2662
f 2495/2671/2623 2506/2682/2634 2532/2711/2660 2536/2715/2664
f 2465/2636/2593 2468/2639/2596 2537/2716/2665 2538/2717/2666
f 2460/2631/2588 2539/2718/2667 2537/2716/2665 2468/2639/2596
f 2535/2714/2663 2534/2713/2662 2537/2716/2665 2539/2718/2667
f 2533/2712/2661 2538/2717/2666 2537/2716/2665 2534/2713/2662
f 2456/2627/2584 2528/2706/2656 2540/2719/2668 2457/2628/2585
f 2525/2703/2653 2541/2720/2669 2540/2719/2668 2528/2706/2656
f 2535/2714/2663 2539/2718/2667 2540/2719/2668 2541/2720/2669
f 2460/2631/2588 2457/2628/2585 2540/2719/2668 2539/2718/2667
f 2486/2662/2614 2491/2667/2619 2542/2721/2670 2523/2701/2651
f 2495/2671/2623 2536/2715/2664 2542/2721/2670 2491/2667/2619
f 2535/2714/2663 2541/2720/2669 2542/2721/2670 2536/2715/2664
f 2525/2703/2653 2523/2701/2651 2542/2721/2670 2541/2720/2669
f 1399/1545/1527 1428/1574/1556 2543/2722/2671 2517/2693/2645
f 1425/1571/1553 2544/2723/2672 2543/2722/2671 1428/1574/1556
f 2545/2724/2673 2546/2725/2674 2543/2722/2671 2544/2723/2672
f 2514/2690/2642 2517/2693/2645 2543/2722/2671 2546/2725/2674
f 1421/1567/1549 2472/2643/2600 2547/2726/2675 1422/1568/1550
f 2469/2640/2597 2548/2727/2676 2547/2726/2675 2472/2643/2600
f 2545/2724/2673 2544/2723/2672 2547/2726/2675 2548/2727/2676
f 1425/1571/1553 1422/1568/1550 2547/2726/2675 2544/2723/2672
f 2465/2636/2593 2538/2717/2666 2549/2728/2677 2466/2637/2594
f 2533/2712/2661 2550/2729/2678 2549/2728/2677 2538/2717/2666
f 2545/2724/2673 2548/2727/2676 2549/2728/2677 2550/2729/2678
f 2469/2640/2597 2466/2637/2594 2549/2728/2677 2548/2727/2676
f 2505/2681/2633 2510/2686/2638 2551/2730/2679 2531/2710/2659
f 2514/2690/2642 2546/2725/2674 2551/2730/2679 2510/2686/2638
f 2545/2724/2673 2550/2729/2678 2551/2730/2679 2546/2725/2674
f 2533/2712/2661 2531/2710/2659 2551/2730/2679 2550/2729/2678
f 2552/2731/2680 2553/2732/2681 2554/2733/2682 2555/2734/2683
f 2556/2735/2684 2557/2736/2685 2554/2733/2682 2553/2732/2681
f 2558/2737/2686 2559/2738/2687 2554/2733/2682 2557/2736/2685
f 2560/2739/2688 2555/2734/2683 2554/2733/2682 2559/2738/2687
f 2561/2740/2689 2562/2741/2690 2563/2742/2691 2564/2743/2692
f 2565/2744/2693 2566/2745/2694 2563/2742/2691 2562/2741/2690
f 2558/2737/2686 2557/2736/2685 2563/2742/2691 2566/2745/2694
f 2556/2735/2684 2564/2743/2692 2563/2742/2691 2557/2736/2685
f 2567/2746/2695 2568/2747/2696 2569/2748/2697 2570/2749/2698
f 2571/2750/2699 2572/2751/2700 2569/2748/2697 2568/2747/2696
f 2558/2737/2686 2566/2745/2694 2569/2748/2697 2572/2751/2700
f 2565/2744/2693 2570/2749/2698 2569/2748/2697 2566/2745/2694
f 2573/2752/2701 2574/2753/2702 2575/2754/2703 2576/2755/2704
f 2560/2739/2688 2559/2738/2687 2575/2754/2703 2574/2753/2702
f 2558/2737/2686 2572/2751/2700 2575/2754/2703 2559/2738/2687
f 2571/2750/2699 2576/2755/2704 2575/2754/2703 2572/2751/2700
f 556/682/680 559/685/683 2577/2756/2705 2578/2757/2706
f 564/690/688 2579/2758/2707 2577/2756/2705 559/685/683
f 2580/2759/2708 2581/2760/2709 2577/2756/2705 2579/2758/2707
f 2582/2761/2710 2578/2757/2706 2577/2756/2705 2581/2760/2709
f 577/703/701 2583/2762/2711 2584/2763/2712 578/704/702
f 2585/2764/2713 2586/2765/2714 2584/2763/2712 2583/2762/2711
f 2580/2759/2708 2579/2758/2707 2584/2763/2712 2586/2765/2714
f 564/690/688 578/704/702 2584/2763/2712 2579/2758/2707
f 536/662/660 539/665/663 2587/2766/2715 2588/2767/2716
f 544/670/668 2589/2768/2717 2587/2766/2715 539/665/663
f 2580/2759/2708 2586/2765/2714 2587/2766/2715 2589/2768/2717
f 2585/2764/2713 2588/2767/2716 2587/2766/2715 2586/2765/2714
f 552/678/676 2590/2769/2718 2591/2770/2719 553/679/677
f 2582/2761/2710 2581/2760/2709 2591/2770/2719 2590/2769/2718
f 2580/2759/2708 2589/2768/2717 2591/2770/2719 2581/2760/2709
f 544/670/668 553/679/677 2591/2770/2719 2589/2768/2717
f 577/703/701 702/828/826 2592/2771/2720 2583/2762/2711
f 706/832/830 2593/2772/2721 2592/2771/2720 702/828/826
f 2594/2773/2722 2595/2774/2723 2592/2771/2720 2593/2772/2721
f 2585/2764/2713 2583/2762/2711 2592/2771/2720 2595/2774/2723
f 717/843/841 2596/2775/2724 2597/2776/2725 718/844/842
f 2598/2777/2726 2599/2778/2727 2597/2776/2725 2596/2775/2724
f 2594/2773/2722 2593/2772/2721 2597/2776/2725 2599/2778/2727
f 706/832/830 718/844/842 2597/2776/2725 2593/2772/2721
f 685/811/809 688/814/812 2600/2779/2728 2601/2780/2729
f 693/819/817 2602/2781/2730 2600/2779/2728 688/814/812
f 2594/2773/2722 2599/2778/2727 2600/2779/2728 2602/2781/2730
f 2598/2777/2726 2601/2780/2729 2600/2779/2728 2599/2778/2727
f 536/662/660 2588/2767/2716 2603/2782/2731 699/825/823
f 2585/2764/2713 2595/2774/2723 2603/2782/2731 2588/2767/2716
f 2594/2773/2722 2602/2781/2730 2603/2782/2731 2595/2774/2723
f 693/819/817 699/825/823 2603/2782/2731 2602/2781/2730
f 1029/1175/1157 1032/1178/1160 2604/2783/2732 2605/2784/2733
f 1037/1183/1165 2606/2785/2734 2604/2783/2732 1032/1178/1160
f 2607/2786/2735 2608/2787/2736 2604/2783/2732 2606/2785/2734
f 2609/2788/2737 2605/2784/2733 2604/2783/2732 2608/2787/2736
f 1050/1196/1178 2610/2789/2738 2611/2790/2739 1051/1197/1179
f 2612/2791/2740 2613/2792/2741 2611/2790/2739 2610/2789/2738
f 2607/2786/2735 2606/2785/2734 2611/2790/2739 2613/2792/2741
f 1037/1183/1165 1051/1197/1179 2611/2790/2739 2606/2785/2734
f 1009/1155/1137 1012/1158/1140 2614/2793/2742 2615/2794/2743
f 1017/1163/1145 2616/2795/2744 2614/2793/2742 1012/1158/1140
f 2607/2786/2735 2613/2792/2741 2614/2793/2742 2616/2795/2744
f 2612/2791/2740 2615/2794/2743 2614/2793/2742 2613/2792/2741
f 1025/1171/1153 2617/2796/2745 2618/2797/2746 1026/1172/1154
f 2609/2788/2737 2608/2787/2736 2618/2797/2746 2617/2796/2745
f 2607/2786/2735 2616/2795/2744 2618/2797/2746 2608/2787/2736
f 1017/1163/1145 1026/1172/1154 2618/2797/2746 2616/2795/2744
f 1050/1196/1178 1175/1321/1303 2619/2798/2747 2610/2789/2738
f 1179/1325/1307 2620/2799/2748 2619/2798/2747 1175/1321/1303
f 2621/2800/2749 2622/2801/2750 2619/2798/2747 2620/2799/2748
f 2612/2791/2740 2610/2789/2738 2619/2798/2747 2622/2801/2750
f 1190/1336/1318 2623/2802/2751 2624/2803/2752 1191/1337/1319
f 2625/2804/2753 2626/2805/2754 2624/2803/2752 2623/2802/2751
f 2621/2800/2749 2620/2799/2748 2624/2803/2752 2626/2805/2754
f 1179/1325/1307 1191/1337/1319 2624/2803/2752 2620/2799/2748
f 1158/1304/1286 1161/1307/1289 2627/2806/2755 2628/2807/2756
f 1166/1312/1294 2629/2808/2757 2627/2806/2755 1161/1307/1289
f 2621/2800/2749 2626/2805/2754 2627/2806/2755 2629/2808/2757
f 2625/2804/2753 2628/2807/2756 2627/2806/2755 2626/2805/2754
f 1009/1155/1137 2615/2794/2743 2630/2809/2758 1172/1318/1300
f 2612/2791/2740 2622/2801/2750 2630/2809/2758 2615/2794/2743
f 2621/2800/2749 2629/2808/2757 2630/2809/2758 2622/2801/2750
f 1166/1312/1294 1172/1318/1300 2630/2809/2758 2629/2808/2757
f 1190/1336/1318 1287/1433/1415 2631/2810/2759 2623/2802/2751
f 1291/1437/1419 2632/2811/2760 2631/2810/2759 1287/1433/1415
f 2633/2812/2761 2634/2813/2762 2631/2810/2759 2632/2811/2760
f 2625/2804/2753 2623/2802/2751 2631/2810/2759 2634/2813/2762
f 556/682/680 2578/2757/2706 2635/2814/2763 1299/1445/1427
f 2582/2761/2710 2636/2815/2764 2635/2814/2763 2578/2757/2706
f 2633/2812/2761 2632/2811/2760 2635/2814/2763 2636/2815/2764
f 1291/1437/1419 1299/1445/1427 2635/2814/2763 2632/2811/2760
f 552/678/676 1275/1421/1403 2637/2816/2765 2590/2769/2718
f 1279/1425/1407 2638/2817/2766 2637/2816/2765 1275/1421/1403
f 2633/2812/2761 2636/2815/2764 2637/2816/2765 2638/2817/2766
f 2582/2761/2710 2590/2769/2718 2637/2816/2765 2636/2815/2764
f 1158/1304/1286 2628/2807/2756 2639/2818/2767 1284/1430/1412
f 2625/2804/2753 2634/2813/2762 2639/2818/2767 2628/2807/2756
f 2633/2812/2761 2638/2817/2766 2639/2818/2767 2634/2813/2762
f 1279/1425/1407 1284/1430/1412 2639/2818/2767 2638/2817/2766
f 685/811/809 2601/2780/2729 2640/2819/2768 1469/1620/1597
f 2598/2777/2726 2641/2820/2769 2640/2819/2768 2601/2780/2729
f 2642/2821/2770 2643/2822/2771 2640/2819/2768 2641/2820/2769
f 1471/1622/1599 1469/1620/1597 2640/2819/2768 2643/2822/2771
f 717/843/841 1518/1669/1646 2644/2823/2772 2596/2775/2724
f 1515/1666/1643 2645/2824/2773 2644/2823/2772 1518/1669/1646
f 2642/2821/2770 2641/2820/2769 2644/2823/2772 2645/2824/2773
f 2598/2777/2726 2596/2775/2724 2644/2823/2772 2641/2820/2769
f 1511/1662/1639 2646/2825/2774 2647/2826/2775 1512/1663/1640
f 2648/2827/2776 2649/2828/2777 2647/2826/2775 2646/2825/2774
f 2642/2821/2770 2645/2824/2773 2647/2826/2775 2649/2828/2777
f 1515/1666/1643 1512/1663/1640 2647/2826/2775 2645/2824/2773
f 1473/1624/1601 1476/1627/1604 2650/2829/2778 2651/2830/2779
f 1471/1622/1599 2643/2822/2771 2650/2829/2778 1476/1627/1604
f 2642/2821/2770 2649/2828/2777 2650/2829/2778 2643/2822/2771
f 2648/2827/2776 2651/2830/2779 2650/2829/2778 2649/2828/2777
f 873/999/997 1556/1707/1684 2652/2831/2780 1615/1770/1743
f 1560/1711/1688 2653/2832/2781 2652/2831/2780 1556/1707/1684
f 2654/2833/2782 2655/2834/2783 2652/2831/2780 2653/2832/2781
f 1609/1760/1737 1615/1770/1743 2652/2831/2780 2655/2834/2783
f 1567/1718/1695 1601/1752/1729 2656/2835/2784 1568/1719/1696
f 1598/1749/1726 2657/2836/2785 2656/2835/2784 1601/1752/1729
f 2654/2833/2782 2653/2832/2781 2656/2835/2784 2657/2836/2785
f 1560/1711/1688 1568/1719/1696 2656/2835/2784 2653/2832/2781
f 1547/1698/1675 1550/1701/1678 2658/2837/2786 1595/1746/1723
f 1545/1696/1673 2659/2838/2787 2658/2837/2786 1550/1701/1678
f 2654/2833/2782 2657/2836/2785 2658/2837/2786 2659/2838/2787
f 1598/1749/1726 1595/1746/1723 2658/2837/2786 2657/2836/2785
f 1541/1692/1669 1604/1755/1732 2660/2839/2788 1542/1693/1670
f 1609/1760/1737 2655/2834/2783 2660/2839/2788 1604/1755/1732
f 2654/2833/2782 2659/2838/2787 2660/2839/2788 2655/2834/2783
f 1545/1696/1673 1542/1693/1670 2660/2839/2788 2659/2838/2787
f 1511/1662/1639 1514/1665/1642 2661/2840/2789 2646/2825/2774
f 1509/1660/1637 2662/2841/2790 2661/2840/2789 1514/1665/1642
f 2663/2842/2791 2664/2843/2792 2661/2840/2789 2662/2841/2790
f 2648/2827/2776 2646/2825/2774 2661/2840/2789 2664/2843/2792
f 1505/1656/1633 2665/2844/2793 2666/2845/2794 1506/1657/1634
f 2667/2846/2795 2668/2847/2796 2666/2845/2794 2665/2844/2793
f 2663/2842/2791 2662/2841/2790 2666/2845/2794 2668/2847/2796
f 1509/1660/1637 1506/1657/1634 2666/2845/2794 2662/2841/2790
f 1583/1734/1711 1586/1737/1714 2669/2848/2797 2670/2849/2798
f 1581/1732/1709 2671/2850/2799 2669/2848/2797 1586/1737/1714
f 2663/2842/2791 2668/2847/2796 2669/2848/2797 2671/2850/2799
f 2667/2846/2795 2670/2849/2798 2669/2848/2797 2668/2847/2796
f 1473/1624/1601 2651/2830/2779 2672/2851/2800 1579/1730/1707
f 2648/2827/2776 2664/2843/2792 2672/2851/2800 2651/2830/2779
f 2663/2842/2791 2671/2850/2799 2672/2851/2800 2664/2843/2792
f 1581/1732/1709 1579/1730/1707 2672/2851/2800 2671/2850/2799
f 1583/1734/1711 2670/2849/2798 2673/2852/2801 1591/1742/1719
f 2667/2846/2795 2674/2853/2802 2673/2852/2801 2670/2849/2798
f 2675/2854/2803 2676/2855/2804 2673/2852/2801 2674/2853/2802
f 1593/1744/1721 1591/1742/1719 2673/2852/2801 2676/2855/2804
f 1505/1656/1633 1534/1685/1662 2677/2856/2805 2665/2844/2793
f 1531/1682/1659 2678/2857/2806 2677/2856/2805 1534/1685/1662
f 2675/2854/2803 2674/2853/2802 2677/2856/2805 2678/2857/2806
f 2667/2846/2795 2665/2844/2793 2677/2856/2805 2674/2853/2802
f 1527/1678/1655 1554/1705/1682 2679/2858/2807 1528/1679/1656
f 1551/1702/1679 2680/2859/2808 2679/2858/2807 1554/1705/1682
f 2675/2854/2803 2678/2857/2806 2679/2858/2807 2680/2859/2808
f 1531/1682/1659 1528/1679/1656 2679/2858/2807 2678/2857/2806
f 1547/1698/1675 1597/1748/1725 2681/2860/2809 1548/1699/1676
f 1593/1744/1721 2676/2855/2804 2681/2860/2809 1597/1748/1725
f 2675/2854/2803 2680/2859/2808 2681/2860/2809 2676/2855/2804
f 1551/1702/1679 1548/1699/1676 2681/2860/2809 2680/2859/2808
f 1405/1551/1533 2502/2678/2630 2682/2861/2810 1535/1686/1663
f 2498/2674/2626 2683/2862/2811 2682/2861/2810 2502/2678/2630
f 2684/2863/2812 2685/2864/2813 2682/2861/2810 2683/2862/2811
f 1537/1688/1665 1535/1686/1663 2682/2861/2810 2685/2864/2813
f 1029/2656/1157 2605/2865/2733 2686/2866/2814 2496/2672/2624
f 2609/2867/2737 2687/2868/2815 2686/2866/2814 2605/2865/2733
f 2684/2863/2812 2683/2862/2811 2686/2866/2814 2687/2868/2815
f 2498/2674/2626 2496/2672/2624 2686/2866/2814 2683/2862/2811
f 1025/1761/1153 1611/1764/1739 2688/2869/2816 2617/2870/2745
f 1605/1756/1733 2689/2871/2817 2688/2869/2816 1611/1764/1739
f 2684/2863/2812 2687/2868/2815 2688/2869/2816 2689/2871/2817
f 2609/2867/2737 2617/2870/2745 2688/2869/2816 2687/2868/2815
f 1541/1692/1669 1544/1695/1672 2690/2872/2818 1602/1753/1730
f 1537/1688/1665 2685/2864/2813 2690/2872/2818 1544/1695/1672
f 2684/2863/2812 2689/2871/2817 2690/2872/2818 2685/2864/2813
f 1605/1756/1733 1602/1753/1730 2690/2872/2818 2689/2871/2817
f 1617/1772/1745 2691/2873/2819 2692/2874/2820 1618/1773/1746
f 2693/2875/2821 2694/2876/2822 2692/2874/2820 2691/2873/2819
f 2695/2877/2823 2696/2878/2824 2692/2874/2820 2694/2876/2822
f 1621/1776/1749 1618/1773/1746 2692/2874/2820 2696/2878/2824
f 1790/1949/1918 1793/1952/1921 2697/2879/2825 2698/2880/2826
f 1788/1947/1916 2699/2881/2827 2697/2879/2825 1793/1952/1921
f 2695/2877/2823 2694/2876/2822 2697/2879/2825 2699/2881/2827
f 2693/2875/2821 2698/2880/2826 2697/2879/2825 2694/2876/2822
f 1784/1943/1912 2700/2882/2828 2701/2883/2829 1785/1944/1913
f 2702/2884/2830 2703/2885/2831 2701/2883/2829 2700/2882/2828
f 2695/2877/2823 2699/2881/2827 2701/2883/2829 2703/2885/2831
f 1788/1947/1916 1785/1944/1913 2701/2883/2829 2699/2881/2827
f 1626/1781/1754 1629/1784/1757 2704/2886/2832 2705/2887/2833
f 1621/1776/1749 2696/2878/2824 2704/2886/2832 1629/1784/1757
f 2695/2877/2823 2703/2885/2831 2704/2886/2832 2696/2878/2824
f 2702/2884/2830 2705/2887/2833 2704/2886/2832 2703/2885/2831
f 1626/1781/1754 2705/2887/2833 2706/2888/2834 1637/1792/1765
f 2702/2884/2830 2707/2889/2835 2706/2888/2834 2705/2887/2833
f 2708/2890/2836 2709/2891/2837 2706/2888/2834 2707/2889/2835
f 1639/1794/1767 1637/1792/1765 2706/2888/2834 2709/2891/2837
f 1784/1943/1912 1817/1976/1945 2710/2892/2838 2700/2882/2828
f 1813/1972/1941 2711/2893/2839 2710/2892/2838 1817/1976/1945
f 2708/2890/2836 2707/2889/2835 2710/2892/2838 2711/2893/2839
f 2702/2884/2830 2700/2882/2828 2710/2892/2838 2707/2889/2835
f 1809/1968/1937 2712/2894/2840 2713/2895/2841 1810/1969/1938
f 2714/2896/2842 2715/2897/2843 2713/2895/2841 2712/2894/2840
f 2708/2890/2836 2711/2893/2839 2713/2895/2841 2715/2897/2843
f 1813/1972/1941 1810/1969/1938 2713/2895/2841 2711/2893/2839
f 1643/1798/1771 1646/1801/1774 2716/2898/2844 2717/2899/2845
f 1639/1794/1767 2709/2891/2837 2716/2898/2844 1646/1801/1774
f 2708/2890/2836 2715/2897/2843 2716/2898/2844 2709/2891/2837
f 2714/2896/2842 2717/2899/2845 2716/2898/2844 2715/2897/2843
f 1643/1798/1771 2717/2899/2845 2718/2900/2846 1653/1808/1781
f 2714/2896/2842 2719/2901/2847 2718/2900/2846 2717/2899/2845
f 2720/2902/2848 2721/2903/2849 2718/2900/2846 2719/2901/2847
f 1655/1810/1783 1653/1808/1781 2718/2900/2846 2721/2903/2849
f 1809/1968/1937 1840/1999/1968 2722/2904/2850 2712/2894/2840
f 1836/1995/1964 2723/2905/2851 2722/2904/2850 1840/1999/1968
f 2720/2902/2848 2719/2901/2847 2722/2904/2850 2723/2905/2851
f 2714/2896/2842 2712/2894/2840 2722/2904/2850 2719/2901/2847
f 1689/1844/1817 1692/1847/1820 2724/2906/2852 1833/1992/1961
f 1687/1842/1815 2725/2907/2853 2724/2906/2852 1692/1847/1820
f 2720/2902/2848 2723/2905/2851 2724/2906/2852 2725/2907/2853
f 1836/1995/1964 1833/1992/1961 2724/2906/2852 2723/2905/2851
f 1659/1814/1787 1662/1817/1790 2726/2908/2854 1684/1839/1812
f 1655/1810/1783 2721/2903/2849 2726/2908/2854 1662/1817/1790
f 2720/2902/2848 2725/2907/2853 2726/2908/2854 2721/2903/2849
f 1687/1842/1815 1684/1839/1812 2726/2908/2854 2725/2907/2853
f 1885/2044/2013 2727/2909/2855 2728/2910/2856 2729/2911/2857
f 2730/2912/2858 2731/2913/2859 2728/2910/2856 2727/2909/2855
f 2732/2914/2860 2733/2915/2861 2728/2910/2856 2731/2913/2859
f 2734/2916/2862 2729/2911/2857 2728/2910/2856 2733/2915/2861
f 1678/1833/1806 1681/1836/1809 2735/2917/2863 2736/2918/2864
f 1673/1828/1801 2737/2919/2865 2735/2917/2863 1681/1836/1809
f 2732/2914/2860 2731/2913/2859 2735/2917/2863 2737/2919/2865
f 2730/2912/2858 2736/2918/2864 2735/2917/2863 2731/2913/2859
f 1669/1824/1797 2738/2920/2866 2739/2921/2867 1670/1825/1798
f 2740/2922/2868 2741/2923/2869 2739/2921/2867 2738/2920/2866
f 2732/2914/2860 2737/2919/2865 2739/2921/2867 2741/2923/2869
f 1673/1828/1801 1670/1825/1798 2739/2921/2867 2737/2919/2865
f 1914/2073/2042 2742/2924/2870 2743/2925/2871 2744/2926/2872
f 2734/2916/2862 2733/2915/2861 2743/2925/2871 2742/2924/2870
f 2732/2914/2860 2741/2923/2869 2743/2925/2871 2733/2915/2861
f 2740/2922/2868 2744/2926/2872 2743/2925/2871 2741/2923/2869
f 1693/1848/1821 2745/2927/2873 2746/2928/2874 1694/1849/1822
f 2747/2929/2875 2748/2930/2876 2746/2928/2874 2745/2927/2873
f 2749/2931/2877 2750/2932/2878 2746/2928/2874 2748/2930/2876
f 1697/1852/1825 1694/1849/1822 2746/2928/2874 2750/2932/2878
f 1678/1833/1806 2736/2918/2864 2751/2933/2879 2752/2934/2880
f 2730/2912/2858 2753/2935/2881 2751/2933/2879 2736/2918/2864
f 2749/2931/2877 2748/2930/2876 2751/2933/2879 2753/2935/2881
f 2747/2929/2875 2752/2934/2880 2751/2933/2879 2748/2930/2876
f 1885/2044/2013 1888/2047/2016 2754/2936/2882 2727/2909/2855
f 1893/2052/2021 2755/2937/2883 2754/2936/2882 1888/2047/2016
f 2749/2931/2877 2753/2935/2881 2754/2936/2882 2755/2937/2883
f 2730/2912/2858 2727/2909/2855 2754/2936/2882 2753/2935/2881
f 1702/1857/1830 1705/1860/1833 2756/2938/2884 1903/2062/2031
f 1697/1852/1825 2750/2932/2878 2756/2938/2884 1705/1860/1833
f 2749/2931/2877 2755/2937/2883 2756/2938/2884 2750/2932/2878
f 1893/2052/2021 1903/2062/2031 2756/2938/2884 2755/2937/2883
f 1659/1814/1787 1686/1841/1814 2757/2939/2885 1660/1815/1788
f 1682/1837/1810 2758/2940/2886 2757/2939/2885 1686/1841/1814
f 2759/2941/2887 2760/2942/2888 2757/2939/2885 2758/2940/2886
f 1663/1818/1791 1660/1815/1788 2757/2939/2885 2760/2942/2888
f 1678/1833/1806 2752/2934/2880 2761/2943/2889 1679/1834/1807
f 2747/2929/2875 2762/2944/2890 2761/2943/2889 2752/2934/2880
f 2759/2941/2887 2758/2940/2886 2761/2943/2889 2762/2944/2890
f 1682/1837/1810 1679/1834/1807 2761/2943/2889 2758/2940/2886
f 1693/1848/1821 2763/2945/2891 2764/2946/2892 2745/2927/2873
f 2765/2947/2893 2766/2948/2894 2764/2946/2892 2763/2945/2891
f 2759/2941/2887 2762/2944/2890 2764/2946/2892 2766/2948/2894
f 2747/2929/2875 2745/2927/2873 2764/2946/2892 2762/2944/2890
f 613/739/737 1666/1821/1794 2767/2949/2895 2768/2950/2896
f 1663/1818/1791 2760/2942/2888 2767/2949/2895 1666/1821/1794
f 2759/2941/2887 2766/2948/2894 2767/2949/2895 2760/2942/2888
f 2765/2947/2893 2768/2950/2896 2767/2949/2895 2766/2948/2894
f 1325/1471/1453 1328/1474/1456 2769/2951/2897 1735/1890/1863
f 1333/1479/1461 2770/2952/2898 2769/2951/2897 1328/1474/1456
f 2771/2953/2899 2772/2954/2900 2769/2951/2897 2770/2952/2898
f 1725/1880/1853 1735/1890/1863 2769/2951/2897 2772/2954/2900
f 613/739/737 2768/2950/2896 2773/2955/2901 1343/1489/1471
f 2765/2947/2893 2774/2956/2902 2773/2955/2901 2768/2950/2896
f 2771/2953/2899 2770/2952/2898 2773/2955/2901 2774/2956/2902
f 1333/1479/1461 1343/1489/1471 2773/2955/2901 2770/2952/2898
f 1693/1848/1821 1696/1851/1824 2775/2957/2903 2763/2945/2891
f 1701/1856/1829 2776/2958/2904 2775/2957/2903 1696/1851/1824
f 2771/2953/2899 2774/2956/2902 2775/2957/2903 2776/2958/2904
f 2765/2947/2893 2763/2945/2891 2775/2957/2903 2774/2956/2902
f 1714/1869/1842 1720/1875/1848 2777/2959/2905 1715/1870/1843
f 1725/1880/1853 2772/2954/2900 2777/2959/2905 1720/1875/1848
f 2771/2953/2899 2776/2958/2904 2777/2959/2905 2772/2954/2900
f 1701/1856/1829 1715/1870/1843 2777/2959/2905 2776/2958/2904
f 1714/1869/1842 1717/1872/1845 2778/2960/2906 1718/1873/1846
f 1712/1867/1840 2779/2961/2907 2778/2960/2906 1717/1872/1845
f 2780/2962/2908 2781/2963/2909 2778/2960/2906 2779/2961/2907
f 1721/1876/1849 1718/1873/1846 2778/2960/2906 2781/2963/2909
f 1708/1863/1836 2782/2964/2910 2783/2965/2911 1709/1864/1837
f 2784/2966/2912 2785/2967/2913 2783/2965/2911 2782/2964/2910
f 2780/2962/2908 2779/2961/2907 2783/2965/2911 2785/2967/2913
f 1712/1867/1840 1709/1864/1837 2783/2965/2911 2779/2961/2907
f 2786/2968/2914 2787/2969/2915 2788/2970/2916 2789/2971/2917
f 2790/2972/2918 2791/2973/2919 2788/2970/2916 2787/2969/2915
f 2780/2962/2908 2785/2967/2913 2788/2970/2916 2791/2973/2919
f 2784/2966/2912 2789/2971/2917 2788/2970/2916 2785/2967/2913
f 1726/1881/1854 1729/1884/1857 2792/2974/2920 2793/2975/2921
f 1721/1876/1849 2781/2963/2909 2792/2974/2920 1729/1884/1857
f 2780/2962/2908 2791/2973/2919 2792/2974/2920 2781/2963/2909
f 2790/2972/2918 2793/2975/2921 2792/2974/2920 2791/2973/2919
f 1930/2089/2058 2794/2976/2922 2795/2977/2923 2796/2978/2924
f 2797/2979/2925 2798/2980/2926 2795/2977/2923 2794/2976/2922
f 2799/2981/2927 2800/2982/2928 2795/2977/2923 2798/2980/2926
f 2801/2983/2929 2796/2978/2924 2795/2977/2923 2800/2982/2928
f 1743/1901/1871 1746/1904/1874 2802/2984/2930 2803/2985/2931
f 1739/1896/1867 2804/2986/2932 2802/2984/2930 1746/1904/1874
f 2799/2981/2927 2798/2980/2926 2802/2984/2930 2804/2986/2932
f 2797/2979/2925 2803/2985/2931 2802/2984/2930 2798/2980/2926
f 1726/1892/1854 2793/2987/2921 2805/2988/2933 1737/1893/1865
f 2790/2989/2918 2806/2990/2934 2805/2988/2933 2793/2987/2921
f 2799/2981/2927 2804/2986/2932 2805/2988/2933 2806/2990/2934
f 1739/1896/1867 1737/1893/1865 2805/2988/2933 2804/2986/2932
f 2786/2991/2914 2807/2992/2935 2808/2993/2936 2787/2994/2915
f 2801/2983/2929 2800/2982/2928 2808/2993/2936 2807/2992/2935
f 2799/2981/2927 2806/2990/2934 2808/2993/2936 2800/2982/2928
f 2790/2989/2918 2787/2994/2915 2808/2993/2936 2806/2990/2934
f 2070/2237/2198 2809/2995/2937 2810/2996/2938 2811/2997/2939
f 2812/2998/2940 2813/2999/2941 2810/2996/2938 2809/2995/2937
f 2814/3000/2942 2815/3001/2943 2810/2996/2938 2813/2999/2941
f 2816/3002/2944 2811/2997/2939 2810/2996/2938 2815/3001/2943
f 1743/1901/1871 2803/2985/2931 2817/3003/2945 2818/3004/2946
f 2797/2979/2925 2819/3005/2947 2817/3003/2945 2803/2985/2931
f 2814/3000/2942 2813/2999/2941 2817/3003/2945 2819/3005/2947
f 2812/2998/2940 2818/3004/2946 2817/3003/2945 2813/2999/2941
f 1930/2089/2058 1933/2092/2061 2820/3006/2948 2794/2976/2922
f 1938/2097/2066 2821/3007/2949 2820/3006/2948 1933/2092/2061
f 2814/3000/2942 2819/3005/2947 2820/3006/2948 2821/3007/2949
f 2797/2979/2925 2794/2976/2922 2820/3006/2948 2819/3005/2947
f 1951/2110/2079 2822/3008/2950 2823/3009/2951 1952/2111/2080
f 2816/3002/2944 2815/3001/2943 2823/3009/2951 2822/3008/2950
f 2814/3000/2942 2821/3007/2949 2823/3009/2951 2815/3001/2943
f 1938/2097/2066 1952/2111/2080 2823/3009/2951 2821/3007/2949
f 1749/1907/1877 1752/1910/1880 2824/3010/2952 2825/3011/2953
f 1747/1905/1875 2826/3012/2954 2824/3010/2952 1752/1910/1880
f 2827/3013/2955 2828/3014/2956 2824/3010/2952 2826/3012/2954
f 2829/3015/2957 2825/3011/2953 2824/3010/2952 2828/3014/2956
f 1743/1901/1871 2818/3004/2946 2830/3016/2958 1744/1902/1872
f 2812/2998/2940 2831/3017/2959 2830/3016/2958 2818/3004/2946
f 2827/3013/2955 2826/3012/2954 2830/3016/2958 2831/3017/2959
f 1747/1905/1875 1744/1902/1872 2830/3016/2958 2826/3012/2954
f 2070/2237/2198 2073/2240/2201 2832/3018/2960 2809/2995/2937
f 2078/2245/2206 2833/3019/2961 2832/3018/2960 2073/2240/2201
f 2827/3013/2955 2831/3017/2959 2832/3018/2960 2833/3019/2961
f 2812/2998/2940 2809/2995/2937 2832/3018/2960 2831/3017/2959
f 2091/2258/2219 2834/3020/2962 2835/3021/2963 2092/2259/2220
f 2829/3015/2957 2828/3014/2956 2835/3021/2963 2834/3020/2962
f 2827/3013/2955 2833/3019/2961 2835/3021/2963 2828/3014/2956
f 2078/2245/2206 2092/2259/2220 2835/3021/2963 2833/3019/2961
f 1749/1907/1877 2825/3011/2953 2836/3022/2964 1757/1916/1885
f 2829/3015/2957 2837/3023/2965 2836/3022/2964 2825/3011/2953
f 2838/3024/2966 2839/3025/2967 2836/3022/2964 2837/3023/2965
f 1759/1918/1887 1757/1916/1885 2836/3022/2964 2839/3025/2967
f 2091/2258/2219 2113/2280/2241 2840/3026/2968 2834/3020/2962
f 2110/2277/2238 2841/3027/2969 2840/3026/2968 2113/2280/2241
f 2838/3024/2966 2837/3023/2965 2840/3026/2968 2841/3027/2969
f 2829/3015/2957 2834/3020/2962 2840/3026/2968 2837/3023/2965
f 1790/1949/1918 2698/2880/2826 2842/3028/2970 2107/2274/2235
f 2693/2875/2821 2843/3029/2971 2842/3028/2970 2698/2880/2826
f 2838/3024/2966 2841/3027/2969 2842/3028/2970 2843/3029/2971
f 2110/2277/2238 2107/2274/2235 2842/3028/2970 2841/3027/2969
f 1617/1772/1745 1764/1923/1892 2844/3030/2972 2691/2873/2819
f 1759/1918/1887 2839/3025/2967 2844/3030/2972 1764/1923/1892
f 2838/3024/2966 2843/3029/2971 2844/3030/2972 2839/3025/2967
f 2693/2875/2821 2691/2873/2819 2844/3030/2972 2843/3029/2971
f 1769/1928/1897 2845/3031/2973 2846/3032/2974 1770/1929/1898
f 2847/3033/2975 2848/3034/2976 2846/3032/2974 2845/3031/2973
f 2849/3035/2977 2850/3036/2978 2846/3032/2974 2848/3034/2976
f 1773/1932/1901 1770/1929/1898 2846/3032/2974 2850/3036/2978
f 2246/2413/2374 2249/2416/2377 2851/3037/2979 2852/3038/2980
f 2244/2411/2372 2853/3039/2981 2851/3037/2979 2249/2416/2377
f 2849/3035/2977 2848/3034/2976 2851/3037/2979 2853/3039/2981
f 2847/3033/2975 2852/3038/2980 2851/3037/2979 2848/3034/2976
f 2240/2407/2368 2854/3040/2982 2855/3041/2983 2241/2408/2369
f 2856/3042/2984 2857/3043/2985 2855/3041/2983 2854/3040/2982
f 2849/3035/2977 2853/3039/2981 2855/3041/2983 2857/3043/2985
f 2244/2411/2372 2241/2408/2369 2855/3041/2983 2853/3039/2981
f 1778/1937/1906 1781/1940/1909 2858/3044/2986 2859/3045/2987
f 1773/1932/1901 2850/3036/2978 2858/3044/2986 1781/1940/1909
f 2849/3035/2977 2857/3043/2985 2858/3044/2986 2850/3036/2978
f 2856/3042/2984 2859/3045/2987 2858/3044/2986 2857/3043/2985
f 1794/1953/1922 2390/2557/2518 2860/3046/2988 1795/1954/1923
f 2395/2562/2523 2861/3047/2989 2860/3046/2988 2390/2557/2518
f 2862/3048/2990 2863/3049/2991 2860/3046/2988 2861/3047/2989
f 1798/1957/1926 1795/1954/1923 2860/3046/2988 2863/3049/2991
f 2271/2438/2399 2274/2441/2402 2864/3050/2992 2405/2572/2533
f 2269/2436/2397 2865/3051/2993 2864/3050/2992 2274/2441/2402
f 2862/3048/2990 2861/3047/2989 2864/3050/2992 2865/3051/2993
f 2395/2562/2523 2405/2572/2533 2864/3050/2992 2861/3047/2989
f 2265/2432/2393 2293/2460/2421 2866/3052/2994 2266/2433/2394
f 2290/2457/2418 2867/3053/2995 2866/3052/2994 2293/2460/2421
f 2862/3048/2990 2865/3051/2993 2866/3052/2994 2867/3053/2995
f 2269/2436/2397 2266/2433/2394 2866/3052/2994 2865/3051/2993
f 1803/1962/1931 1806/1965/1934 2868/3054/2996 2287/2454/2415
f 1798/1957/1926 2863/3049/2991 2868/3054/2996 1806/1965/1934
f 2862/3048/2990 2867/3053/2995 2868/3054/2996 2863/3049/2991
f 2290/2457/2418 2287/2454/2415 2868/3054/2996 2867/3053/2995
f 1818/1977/1946 2869/3055/2997 2870/3056/2998 1819/1978/1947
f 2871/3057/2999 2872/3058/3000 2870/3056/2998 2869/3055/2997
f 2873/3059/3001 2874/3060/3002 2870/3056/2998 2872/3058/3000
f 1822/1981/1950 1819/1978/1947 2870/3056/2998 2874/3060/3002
f 2330/2497/2458 2333/2500/2461 2875/3061/3003 2876/3062/3004
f 2328/2495/2456 2877/3063/3005 2875/3061/3003 2333/2500/2461
f 2873/3059/3001 2872/3058/3000 2875/3061/3003 2877/3063/3005
f 2871/3057/2999 2876/3062/3004 2875/3061/3003 2872/3058/3000
f 1861/2020/1989 1864/2023/1992 2878/3064/3006 2326/2493/2454
f 1859/2018/1987 2879/3065/3007 2878/3064/3006 1864/2023/1992
f 2873/3059/3001 2877/3063/3005 2878/3064/3006 2879/3065/3007
f 2328/2495/2456 2326/2493/2454 2878/3064/3006 2877/3063/3005
f 1827/1986/1955 1830/1989/1958 2880/3066/3008 1856/2015/1984
f 1822/1981/1950 2874/3060/3002 2880/3066/3008 1830/1989/1958
f 2873/3059/3001 2879/3065/3007 2880/3066/3008 2874/3060/3002
f 1859/2018/1987 1856/2015/1984 2880/3066/3008 2879/3065/3007
f 2881/3067/3009 2882/3068/3010 2883/3069/3011 2884/3070/3012
f 2885/3071/3013 2886/3072/3014 2883/3069/3011 2882/3068/3010
f 2887/3073/3015 2888/3074/3016 2883/3069/3011 2886/3072/3014
f 2889/3075/3017 2884/3070/3012 2883/3069/3011 2888/3074/3016
f 1850/2009/1978 1853/2012/1981 2890/3076/3018 2891/3077/3019
f 1845/2004/1973 2892/3078/3020 2890/3076/3018 1853/2012/1981
f 2887/3073/3015 2886/3072/3014 2890/3076/3018 2892/3078/3020
f 2885/3071/3013 2891/3077/3019 2890/3076/3018 2886/3072/3014
f 1841/2000/1969 2893/3079/3021 2894/3080/3022 1842/2001/1970
f 2895/3081/3023 2896/3082/3024 2894/3080/3022 2893/3079/3021
f 2887/3073/3015 2892/3078/3020 2894/3080/3022 2896/3082/3024
f 1845/2004/1973 1842/2001/1970 2894/3080/3022 2892/3078/3020
f 2897/3083/3025 2898/3084/3026 2899/3085/3027 2900/3086/3028
f 2889/3075/3017 2888/3074/3016 2899/3085/3027 2898/3084/3026
f 2887/3073/3015 2896/3082/3024 2899/3085/3027 2888/3074/3016
f 2895/3081/3023 2900/3086/3028 2899/3085/3027 2896/3082/3024
f 1669/1824/1797 2901/3087/3029 2902/3088/3030 2738/2920/2866
f 2903/3089/3031 2904/3090/3032 2902/3088/3030 2901/3087/3029
f 2905/3091/3033 2906/3092/3034 2902/3088/3030 2904/3090/3032
f 2740/2922/2868 2738/2920/2866 2902/3088/3030 2906/3092/3034
f 1850/2009/1978 2891/3077/3019 2907/3093/3035 2908/3094/3036
f 2885/3071/3013 2909/3095/3037 2907/3093/3035 2891/3077/3019
f 2905/3091/3033 2904/3090/3032 2907/3093/3035 2909/3095/3037
f 2903/3089/3031 2908/3094/3036 2907/3093/3035 2904/3090/3032
f 2881/3067/3009 2910/3096/3038 2911/3097/3039 2882/3068/3010
f 2912/3098/3040 2913/3099/3041 2911/3097/3039 2910/3096/3038
f 2905/3091/3033 2909/3095/3037 2911/3097/3039 2913/3099/3041
f 2885/3071/3013 2882/3068/3010 2911/3097/3039 2909/3095/3037
f 1914/2073/2042 2744/2926/2872 2914/3100/3042 2915/3101/3043
f 2740/2922/2868 2906/3092/3034 2914/3100/3042 2744/2926/2872
f 2905/3091/3033 2913/3099/3041 2914/3100/3042 2906/3092/3034
f 2912/3098/3040 2915/3101/3043 2914/3100/3042 2913/3099/3041
f 1827/1986/1955 1858/2017/1986 2916/3102/3044 1828/1987/1956
f 1854/2013/1982 2917/3103/3045 2916/3102/3044 1858/2017/1986
f 2918/3104/3046 2919/3105/3047 2916/3102/3044 2917/3103/3045
f 1831/1990/1959 1828/1987/1956 2916/3102/3044 2919/3105/3047
f 1850/2009/1978 2908/3094/3036 2920/3106/3048 1851/2010/1979
f 2903/3089/3031 2921/3107/3049 2920/3106/3048 2908/3094/3036
f 2918/3104/3046 2917/3103/3045 2920/3106/3048 2921/3107/3049
f 1854/2013/1982 1851/2010/1979 2920/3106/3048 2917/3103/3045
f 1669/1824/1797 1672/1827/1800 2922/3108/3050 2901/3087/3029
f 1677/1832/1805 2923/3109/3051 2922/3108/3050 1672/1827/1800
f 2918/3104/3046 2921/3107/3049 2922/3108/3050 2923/3109/3051
f 2903/3089/3031 2901/3087/3029 2922/3108/3050 2921/3107/3049
f 1689/1844/1817 1835/1994/1963 2924/3110/3052 1690/1845/1818
f 1831/1990/1959 2919/3105/3047 2924/3110/3052 1835/1994/1963
f 2918/3104/3046 2923/3109/3051 2924/3110/3052 2919/3105/3047
f 1677/1832/1805 1690/1845/1818 2924/3110/3052 2923/3109/3051
f 1875/2034/2003 2925/3111/3053 2926/3112/3054 1876/2035/2004
f 2927/3113/3055 2928/3114/3056 2926/3112/3054 2925/3111/3053
f 2929/3115/3057 2930/3116/3058 2926/3112/3054 2928/3114/3056
f 1879/2038/2007 1876/2035/2004 2926/3112/3054 2930/3116/3058
f 2931/3117/3059 2932/3118/3060 2933/3119/3061 2934/3120/3062
f 2935/3121/3063 2936/3122/3064 2933/3119/3061 2932/3118/3060
f 2929/3115/3057 2928/3114/3056 2933/3119/3061 2936/3122/3064
f 2927/3113/3055 2934/3120/3062 2933/3119/3061 2928/3114/3056
f 1969/2128/2097 1972/2131/2100 2937/3123/3065 2938/3124/3066
f 1967/2126/2095 2939/3125/3067 2937/3123/3065 1972/2131/2100
f 2929/3115/3057 2936/3122/3064 2937/3123/3065 2939/3125/3067
f 2935/3121/3063 2938/3124/3066 2937/3123/3065 2936/3122/3064
f 1881/2040/2009 1884/2043/2012 2940/3126/3068 1964/2123/2092
f 1879/2038/2007 2930/3116/3058 2940/3126/3068 1884/2043/2012
f 2929/3115/3057 2939/3125/3067 2940/3126/3068 2930/3116/3058
f 1967/2126/2095 1964/2123/2092 2940/3126/3068 2939/3125/3067
f 1905/2064/2033 2941/3127/3069 2942/3128/3070 1906/2065/2034
f 2943/3129/3071 2944/3130/3072 2942/3128/3070 2941/3127/3069
f 2945/3131/3073 2946/3132/3074 2942/3128/3070 2944/3130/3072
f 1909/2068/2037 1906/2065/2034 2942/3128/3070 2946/3132/3074
f 1894/2053/2022 1897/2056/2025 2947/3133/3075 2948/3134/3076
f 1889/2048/2017 2949/3135/3077 2947/3133/3075 1897/2056/2025
f 2945/3131/3073 2944/3130/3072 2947/3133/3075 2949/3135/3077
f 2943/3129/3071 2948/3134/3076 2947/3133/3075 2944/3130/3072
f 1885/2044/2013 2729/2911/2857 2950/3136/3078 1886/2045/2014
f 2734/2916/2862 2951/3137/3079 2950/3136/3078 2729/2911/2857
f 2945/3131/3073 2949/3135/3077 2950/3136/3078 2951/3137/3079
f 1889/2048/2017 1886/2045/2014 2950/3136/3078 2949/3135/3077
f 1914/2073/2042 1917/2076/2045 2952/3138/3080 2742/2924/2870
f 1909/2068/2037 2946/3132/3074 2952/3138/3080 1917/2076/2045
f 2945/3131/3073 2951/3137/3079 2952/3138/3080 2946/3132/3074
f 2734/2916/2862 2742/2924/2870 2952/3138/3080 2951/3137/3079
f 2047/2212/2175 2953/3139/3081 2954/3140/3082 2048/2213/2176
f 2955/3141/3083 2956/3142/3084 2954/3140/3082 2953/3139/3081
f 2957/3143/3085 2958/3144/3086 2954/3140/3082 2956/3142/3084
f 2051/2216/2179 2048/2213/2176 2954/3140/3082 2958/3144/3086
f 1894/2053/2022 2948/3134/3076 2959/3145/3087 2960/3146/3088
f 2943/3129/3071 2961/3147/3089 2959/3145/3087 2948/3134/3076
f 2957/3143/3085 2956/3142/3084 2959/3145/3087 2961/3147/3089
f 2955/3141/3083 2960/3146/3088 2959/3145/3087 2956/3142/3084
f 1905/2064/2033 2962/3148/3090 2963/3149/3091 2941/3127/3069
f 2964/3150/3092 2965/3151/3093 2963/3149/3091 2962/3148/3090
f 2957/3143/3085 2961/3147/3089 2963/3149/3091 2965/3151/3093
f 2943/3129/3071 2941/3127/3069 2963/3149/3091 2961/3147/3089
f 2056/2221/2184 2059/2224/2187 2966/3152/3094 2967/3153/3095
f 2051/2216/2179 2958/3144/3086 2966/3152/3094 2059/2224/2187
f 2957/3143/3085 2965/3151/3093 2966/3152/3094 2958/3144/3086
f 2964/3150/3092 2967/3153/3095 2966/3152/3094 2965/3151/3093
f 1875/2034/2003 1901/2060/2029 2968/3154/3096 2925/3111/3053
f 1898/2057/2026 2969/3155/3097 2968/3154/3096 1901/2060/2029
f 2970/3156/3098 2971/3157/3099 2968/3154/3096 2969/3155/3097
f 2927/3113/3055 2925/3111/3053 2968/3154/3096 2971/3157/3099
f 1894/2053/2022 2960/3146/3088 2972/3158/3100 1895/2054/2023
f 2955/3141/3083 2973/3159/3101 2972/3158/3100 2960/3146/3088
f 2970/3156/3098 2969/3155/3097 2972/3158/3100 2973/3159/3101
f 1898/2057/2026 1895/2054/2023 2972/3158/3100 2969/3155/3097
f 2047/2212/2175 2974/3160/3102 2975/3161/3103 2953/3139/3081
f 2976/3162/3104 2977/3163/3105 2975/3161/3103 2974/3160/3102
f 2970/3156/3098 2973/3159/3101 2975/3161/3103 2977/3163/3105
f 2955/3141/3083 2953/3139/3081 2975/3161/3103 2973/3159/3101
f 2931/3117/3059 2934/3120/3062 2978/3164/3106 2979/3165/3107
f 2927/3113/3055 2971/3157/3099 2978/3164/3106 2934/3120/3062
f 2970/3156/3098 2977/3163/3105 2978/3164/3106 2971/3157/3099
f 2976/3162/3104 2979/3165/3107 2978/3164/3106 2977/3163/3105
f 1926/2085/2054 2046/2211/2174 2980/3166/3108 1927/2086/2055
f 2042/2207/2170 2981/3167/3109 2980/3166/3108 2046/2211/2174
f 2982/3168/3110 2983/3169/3111 2980/3166/3108 2981/3167/3109
f 1913/2072/2041 1927/2086/2055 2980/3166/3108 2983/3169/3111
f 2038/2203/2166 2416/2585/2544 2984/3170/3112 2039/2204/2167
f 2413/2582/2541 2985/3171/3113 2984/3170/3112 2416/2585/2544
f 2982/3168/3110 2981/3167/3109 2984/3170/3112 2985/3171/3113
f 2042/2207/2170 2039/2204/2167 2984/3170/3112 2981/3167/3109
f 2056/2221/2184 2967/3153/3095 2986/3172/3114 2411/2580/2539
f 2964/3150/3092 2987/3173/3115 2986/3172/3114 2967/3153/3095
f 2982/3168/3110 2985/3171/3113 2986/3172/3114 2987/3173/3115
f 2413/2582/2541 2411/2580/2539 2986/3172/3114 2985/3171/3113
f 1905/2064/2033 1908/2067/2036 2988/3174/3116 2962/3148/3090
f 1913/2072/2041 2983/3169/3111 2988/3174/3116 1908/2067/2036
f 2982/3168/3110 2987/3173/3115 2988/3174/3116 2983/3169/3111
f 2964/3150/3092 2962/3148/3090 2988/3174/3116 2987/3173/3115
f 1955/3175/2083 2989/3176/3117 2990/3177/3118 2991/3178/3119
f 2992/3179/3120 2993/3180/3121 2990/3177/3118 2989/3176/3117
f 2994/3181/3122 2995/3182/3123 2990/3177/3118 2993/3180/3121
f 2996/3183/3124 2991/3178/3119 2990/3177/3118 2995/3182/3123
f 1939/2098/2067 1942/2101/2070 2997/3184/3125 2998/3185/3126
f 1934/2093/2062 2999/3186/3127 2997/3184/3125 1942/2101/2070
f 2994/3181/3122 2993/3180/3121 2997/3184/3125 2999/3186/3127
f 2992/3179/3120 2998/3185/3126 2997/3184/3125 2993/3180/3121
f 1930/2089/2058 2796/2978/2924 3000/3187/3128 1931/2090/2059
f 2801/2983/2929 3001/3188/3129 3000/3187/3128 2796/2978/2924
f 2994/3181/3122 2999/3186/3127 3000/3187/3128 3001/3188/3129
f 1934/2093/2062 1931/2090/2059 3000/3187/3128 2999/3186/3127
f 2786/2991/2914 3002/3189/3130 3003/3190/3131 2807/2992/2935
f 2996/3183/3124 2995/3182/3123 3003/3190/3131 3002/3189/3130
f 2994/3181/3122 3001/3188/3129 3003/3190/3131 2995/3182/3123
f 2801/2983/2929 2807/2992/2935 3003/3190/3131 3001/3188/3129
f 1991/2153/2119 3004/3191/3132 3005/3192/3133 1992/2154/2120
f 3006/3193/3134 3007/3194/3135 3005/3192/3133 3004/3191/3132
f 3008/3195/3136 3009/3196/3137 3005/3192/3133 3007/3194/3135
f 1995/2157/2123 1992/2154/2120 3005/3192/3133 3009/3196/3137
f 1939/2098/2067 2998/3185/3126 3010/3197/3138 3011/3198/3139
f 2992/3179/3120 3012/3199/3140 3010/3197/3138 2998/3185/3126
f 3008/3195/3136 3007/3194/3135 3010/3197/3138 3012/3199/3140
f 3006/3193/3134 3011/3198/3139 3010/3197/3138 3007/3194/3135
f 1955/3175/2083 1958/3200/2086 3013/3201/3141 2989/3176/3117
f 1963/3202/2091 3014/3203/3142 3013/3201/3141 1958/3200/2086
f 3008/3195/3136 3012/3199/3140 3013/3201/3141 3014/3203/3142
f 2992/3179/3120 2989/3176/3117 3013/3201/3141 3012/3199/3140
f 1975/2159/2103 1998/2162/2126 3015/3204/3143 1976/3205/2104
f 1995/2157/2123 3009/3196/3137 3015/3204/3143 1998/2162/2126
f 3008/3195/3136 3014/3203/3142 3015/3204/3143 3009/3196/3137
f 1963/3202/2091 1976/3205/2104 3015/3204/3143 3014/3203/3142
f 1945/2104/2073 1948/2107/2076 3016/3206/3144 2438/2609/2566
f 1943/2102/2071 3017/3207/3145 3016/3206/3144 1948/2107/2076
f 3018/3208/3146 3019/3209/3147 3016/3206/3144 3017/3207/3145
f 2441/2612/2569 2438/2609/2566 3016/3206/3144 3019/3209/3147
f 1939/2098/2067 3011/3198/3139 3020/3210/3148 1940/2099/2068
f 3006/3193/3134 3021/3211/3149 3020/3210/3148 3011/3198/3139
f 3018/3208/3146 3017/3207/3145 3020/3210/3148 3021/3211/3149
f 1943/2102/2071 1940/2099/2068 3020/3210/3148 3017/3207/3145
f 1991/2153/2119 3022/3212/3150 3023/3213/3151 3004/3191/3132
f 3024/3214/3152 3025/3215/3153 3023/3213/3151 3022/3212/3150
f 3018/3208/3146 3021/3211/3149 3023/3213/3151 3025/3215/3153
f 3006/3193/3134 3004/3191/3132 3023/3213/3151 3021/3211/3149
f 2014/2178/2142 2447/2618/2575 3026/3216/3154 3027/3217/3155
f 2441/2612/2569 3019/3209/3147 3026/3216/3154 2447/2618/2575
f 3018/3208/3146 3025/3215/3153 3026/3216/3154 3019/3209/3147
f 3024/3214/3152 3027/3217/3155 3026/3216/3154 3025/3215/3153
f 2786/2968/2914 2789/2971/2917 3028/3218/3156 3002/3219/3130
f 2784/2966/2912 3029/3220/3157 3028/3218/3156 2789/2971/2917
f 3030/3221/3158 3031/3222/3159 3028/3218/3156 3029/3220/3157
f 2996/3223/3124 3002/3219/3130 3028/3218/3156 3031/3222/3159
f 1708/1863/1836 1866/2025/1994 3032/3224/3160 2782/2964/2910
f 1870/2029/1998 3033/3225/3161 3032/3224/3160 1866/2025/1994
f 3030/3221/3158 3029/3220/3157 3032/3224/3160 3033/3225/3161
f 2784/2966/2912 2782/2964/2910 3032/3224/3160 3029/3220/3157
f 1881/2040/2009 1966/2125/2094 3034/3226/3162 1882/2041/2010
f 1959/2118/2087 3035/3227/3163 3034/3226/3162 1966/2125/2094
f 3030/3221/3158 3033/3225/3161 3034/3226/3162 3035/3227/3163
f 1870/2029/1998 1882/2041/2010 3034/3226/3162 3033/3225/3161
f 1955/2114/2083 2991/3228/3119 3036/3229/3164 1956/2115/2084
f 2996/3223/3124 3031/3222/3159 3036/3229/3164 2991/3228/3119
f 3030/3221/3158 3035/3227/3163 3036/3229/3164 3031/3222/3159
f 1959/2118/2087 1956/2115/2084 3036/3229/3164 3035/3227/3163
f 1985/2147/2113 2069/3230/2197 3037/3231/3165 1986/2148/2114
f 2065/3232/2193 3038/3233/3166 3037/3231/3165 2069/3230/2197
f 3039/3234/3167 3040/3235/3168 3037/3231/3165 3038/3233/3166
f 1989/2151/2117 1986/2148/2114 3037/3231/3165 3040/3235/3168
f 2020/2184/2148 2023/2187/2151 3041/3236/3169 2062/3237/2190
f 2018/2182/2146 3042/3238/3170 3041/3236/3169 2023/2187/2151
f 3039/3234/3167 3038/3233/3166 3041/3236/3169 3042/3238/3170
f 2065/3232/2193 2062/3237/2190 3041/3236/3169 3038/3233/3166
f 2014/2178/2142 3027/3217/3155 3043/3239/3171 2015/2179/2143
f 3024/3214/3152 3044/3240/3172 3043/3239/3171 3027/3217/3155
f 3039/3234/3167 3042/3238/3170 3043/3239/3171 3044/3240/3172
f 2018/2182/2146 2015/2179/2143 3043/3239/3171 3042/3238/3170
f 1991/2153/2119 1994/2156/2122 3045/3241/3173 3022/3212/3150
f 1989/2151/2117 3040/3235/3168 3045/3241/3173 1994/2156/2122
f 3039/3234/3167 3044/3240/3172 3045/3241/3173 3040/3235/3168
f 3024/3214/3152 3022/3212/3150 3045/3241/3173 3044/3240/3172
f 1926/2085/2054 1929/2088/2057 3046/3242/3174 2044/2209/2172
f 1924/2083/2052 3047/3243/3175 3046/3242/3174 1929/2088/2057
f 3048/3244/3176 3049/3245/3177 3046/3242/3174 3047/3243/3175
f 2032/2196/2160 2044/2209/2172 3046/3242/3174 3049/3245/3177
f 1920/2079/2048 3050/3246/3178 3051/3247/3179 1921/2080/2049
f 3052/3248/3180 3053/3249/3181 3051/3247/3179 3050/3246/3178
f 3048/3244/3176 3047/3243/3175 3051/3247/3179 3053/3249/3181
f 1924/2083/2052 1921/2080/2049 3051/3247/3179 3047/3243/3175
f 16/3250/16 2434/3251/2562 3054/3252/3182 3055/3253/3183
f 2431/3254/2559 3056/3255/3184 3054/3252/3182 2434/3251/2562
f 3048/3244/3176 3053/3249/3181 3054/3252/3182 3056/3255/3184
f 3052/3248/3180 3055/3253/3183 3054/3252/3182 3053/3249/3181
f 2024/2188/2152 2027/2191/2155 3057/3256/3185 2428/3257/2556
f 2032/2196/2160 3049/3245/3177 3057/3256/3185 2027/2191/2155
f 3048/3244/3176 3056/3255/3184 3057/3256/3185 3049/3245/3177
f 2431/3254/2559 2428/3257/2556 3057/3256/3185 3056/3255/3184
f 1969/2128/2097 2938/3124/3066 3058/3258/3186 1979/3259/2107
f 2935/3121/3063 3059/3260/3187 3058/3258/3186 2938/3124/3066
f 3060/3261/3188 3061/3262/3189 3058/3258/3186 3059/3260/3187
f 1981/3263/2109 1979/3259/2107 3058/3258/3186 3061/3262/3189
f 2931/3117/3059 2979/3165/3107 3062/3264/3190 2932/3118/3060
f 2976/3162/3104 3063/3265/3191 3062/3264/3190 2979/3165/3107
f 3060/3261/3188 3059/3260/3187 3062/3264/3190 3063/3265/3191
f 2935/3121/3063 2932/3118/3060 3062/3264/3190 3059/3260/3187
f 2047/2212/2175 2050/2215/2178 3064/3266/3192 2974/3160/3102
f 2055/2220/2183 3065/3267/3193 3064/3266/3192 2050/2215/2178
f 3060/3261/3188 3063/3265/3191 3064/3266/3192 3065/3267/3193
f 2976/3162/3104 2974/3160/3102 3064/3266/3192 3063/3265/3191
f 1985/2233/2113 1988/3268/2116 3066/3269/3194 2067/2234/2195
f 1981/3263/2109 3061/3262/3189 3066/3269/3194 1988/3268/2116
f 3060/3261/3188 3065/3267/3193 3066/3269/3194 3061/3262/3189
f 2055/2220/2183 2067/2234/2195 3066/3269/3194 3065/3267/3193
f 3067/3270/3195 3068/3271/3196 3069/3272/3197 3070/3273/3198
f 3071/3274/3199 3072/3275/3200 3069/3272/3197 3068/3271/3196
f 3073/3276/3201 3074/3277/3202 3069/3272/3197 3072/3275/3200
f 3075/3278/3203 3070/3273/3198 3069/3272/3197 3074/3277/3202
f 2079/2246/2207 2082/2249/2210 3076/3279/3204 3077/3280/3205
f 2074/2241/2202 3078/3281/3206 3076/3279/3204 2082/2249/2210
f 3073/3276/3201 3072/3275/3200 3076/3279/3204 3078/3281/3206
f 3071/3274/3199 3077/3280/3205 3076/3279/3204 3072/3275/3200
f 2070/2237/2198 2811/2997/2939 3079/3282/3207 2071/2238/2199
f 2816/3002/2944 3080/3283/3208 3079/3282/3207 2811/2997/2939
f 3073/3276/3201 3078/3281/3206 3079/3282/3207 3080/3283/3208
f 2074/2241/2202 2071/2238/2199 3079/3282/3207 3078/3281/3206
f 1951/2110/2079 3081/3284/3209 3082/3285/3210 2822/3008/2950
f 3075/3278/3203 3074/3277/3202 3082/3285/3210 3081/3284/3209
f 3073/3276/3201 3080/3283/3208 3082/3285/3210 3074/3277/3202
f 2816/3002/2944 2822/3008/2950 3082/3285/3210 3080/3283/3208
f 2184/2351/2312 3083/3286/3211 3084/3287/3212 3085/3288/3213
f 3086/3289/3214 3087/3290/3215 3084/3287/3212 3083/3286/3211
f 3088/3291/3216 3089/3292/3217 3084/3287/3212 3087/3290/3215
f 3090/3293/3218 3085/3288/3213 3084/3287/3212 3089/3292/3217
f 2079/2246/2207 3077/3280/3205 3091/3294/3219 3092/3295/3220
f 3071/3274/3199 3093/3296/3221 3091/3294/3219 3077/3280/3205
f 3088/3291/3216 3087/3290/3215 3091/3294/3219 3093/3296/3221
f 3086/3289/3214 3092/3295/3220 3091/3294/3219 3087/3290/3215
f 3067/3270/3195 3094/3297/3222 3095/3298/3223 3068/3271/3196
f 3096/3299/3224 3097/3300/3225 3095/3298/3223 3094/3297/3222
f 3088/3291/3216 3093/3296/3221 3095/3298/3223 3097/3300/3225
f 3071/3274/3199 3068/3271/3196 3095/3298/3223 3093/3296/3221
f 3098/3301/3226 3099/3302/3227 3100/3303/3228 3101/3304/3229
f 3090/3293/3218 3089/3292/3217 3100/3303/3228 3099/3302/3227
f 3088/3291/3216 3097/3300/3225 3100/3303/3228 3089/3292/3217
f 3096/3299/3224 3101/3304/3229 3100/3303/3228 3097/3300/3225
f 2085/2252/2213 2088/2255/2216 3102/3305/3230 3103/3306/3231
f 2083/2250/2211 3104/3307/3232 3102/3305/3230 2088/2255/2216
f 3105/3308/3233 3106/3309/3234 3102/3305/3230 3104/3307/3232
f 3107/3310/3235 3103/3306/3231 3102/3305/3230 3106/3309/3234
f 2079/2246/2207 3092/3295/3220 3108/3311/3236 2080/2247/2208
f 3086/3289/3214 3109/3312/3237 3108/3311/3236 3092/3295/3220
f 3105/3308/3233 3104/3307/3232 3108/3311/3236 3109/3312/3237
f 2083/2250/2211 2080/2247/2208 3108/3311/3236 3104/3307/3232
f 2184/2351/2312 2187/2354/2315 3110/3313/3238 3083/3286/3211
f 2192/2359/2320 3111/3314/3239 3110/3313/3238 2187/2354/2315
f 3105/3308/3233 3109/3312/3237 3110/3313/3238 3111/3314/3239
f 3086/3289/3214 3083/3286/3211 3110/3313/3238 3109/3312/3237
f 2205/2372/2333 3112/3315/3240 3113/3316/3241 2206/2373/2334
f 3107/3310/3235 3106/3309/3234 3113/3316/3241 3112/3315/3240
f 3105/3308/3233 3111/3314/3239 3113/3316/3241 3106/3309/3234
f 2192/2359/2320 2206/2373/2334 3113/3316/3241 3111/3314/3239
f 2085/2252/2213 3103/3306/3231 3114/3317/3242 2095/2262/2223
f 3107/3310/3235 3115/3318/3243 3114/3317/3242 3103/3306/3231
f 3116/3319/3244 3117/3320/3245 3114/3317/3242 3115/3318/3243
f 2097/2264/2225 2095/2262/2223 3114/3317/3242 3117/3320/3245
f 2205/2372/2333 2208/2375/2336 3118/3321/3246 3112/3315/3240
f 2203/2370/2331 3119/3322/3247 3118/3321/3246 2208/2375/2336
f 3116/3319/3244 3115/3318/3243 3118/3321/3246 3119/3322/3247
f 3107/3310/3235 3112/3315/3240 3118/3321/3246 3115/3318/3243
f 2199/2366/2327 3120/3323/3248 3121/3324/3249 2200/2367/2328
f 3122/3325/3250 3123/3326/3251 3121/3324/3249 3120/3323/3248
f 3116/3319/3244 3119/3322/3247 3121/3324/3249 3123/3326/3251
f 2203/2370/2331 2200/2367/2328 3121/3324/3249 3119/3322/3247
f 2101/2268/2229 2104/2271/2232 3124/3327/3252 3125/3328/3253
f 2097/2264/2225 3117/3320/3245 3124/3327/3252 2104/2271/2232
f 3116/3319/3244 3123/3326/3251 3124/3327/3252 3117/3320/3245
f 3122/3325/3250 3125/3328/3253 3124/3327/3252 3123/3326/3251
f 1920/2079/2048 1923/2082/2051 3126/3329/3254 3127/3330/3255
f 1918/2077/2046 3128/3331/3256 3126/3329/3254 1923/2082/2051
f 3129/3332/3257 3130/3333/3258 3126/3329/3254 3128/3331/3256
f 3131/3334/3259 3127/3330/3255 3126/3329/3254 3130/3333/3258
f 1914/2073/2042 2915/3101/3043 3132/3335/3260 1915/2074/2043
f 2912/3098/3040 3133/3336/3261 3132/3335/3260 2915/3101/3043
f 3129/3332/3257 3128/3331/3256 3132/3335/3260 3133/3336/3261
f 1918/2077/2046 1915/2074/2043 3132/3335/3260 3128/3331/3256
f 2881/3067/3009 3134/3337/3262 3135/3338/3263 2910/3096/3038
f 3136/3339/3264 3137/3340/3265 3135/3338/3263 3134/3337/3262
f 3129/3332/3257 3133/3336/3261 3135/3338/3263 3137/3340/3265
f 2912/3098/3040 2910/3096/3038 3135/3338/3263 3133/3336/3261
f 3138/3341/3266 3139/3342/3267 3140/3343/3268 3141/3344/3269
f 3131/3334/3259 3130/3333/3258 3140/3343/3268 3139/3342/3267
f 3129/3332/3257 3137/3340/3265 3140/3343/3268 3130/3333/3258
f 3136/3339/3264 3141/3344/3269 3140/3343/3268 3137/3340/3265
f 3067/3270/3195 3070/3273/3198 3142/3345/3270 3143/3346/3271
f 3075/3278/3203 3144/3347/3272 3142/3345/3270 3070/3273/3198
f 3145/3348/3273 3146/3349/3274 3142/3345/3270 3144/3347/3272
f 3147/3350/3275 3143/3346/3271 3142/3345/3270 3146/3349/3274
f 1951/2110/2079 3148/3351/3276 3149/3352/3277 3081/3284/3209
f 3150/3353/3278 3151/3354/3279 3149/3352/3277 3148/3351/3276
f 3145/3348/3273 3144/3347/3272 3149/3352/3277 3151/3354/3279
f 3075/3278/3203 3081/3284/3209 3149/3352/3277 3144/3347/3272
f 10/10/10 3152/3355/3280 3153/3356/3281 3154/3357/3282
f 3155/3358/3283 3156/3359/3284 3153/3356/3281 3152/3355/3280
f 3145/3348/3273 3151/3354/3279 3153/3356/3281 3156/3359/3284
f 3150/3353/3278 3154/3357/3282 3153/3356/3281 3151/3354/3279
f 3157/3360/3285 3158/3361/3286 3159/3362/3287 3160/3363/3288
f 3147/3350/3275 3146/3349/3274 3159/3362/3287 3158/3361/3286
f 3145/3348/3273 3156/3359/3284 3159/3362/3287 3146/3349/3274
f 3155/3358/3283 3160/3363/3288 3159/3362/3287 3156/3359/3284
f 2193/2360/2321 3161/3364/3289 3162/3365/3290 2194/2361/2322
f 3163/3366/3291 3164/3367/3292 3162/3365/3290 3161/3364/3289
f 3165/3368/3293 3166/3369/3294 3162/3365/3290 3164/3367/3292
f 2197/2364/2325 2194/2361/2322 3162/3365/3290 3166/3369/3294
f 2170/2337/2298 2173/2340/2301 3167/3370/3295 3168/3371/3296
f 2166/2333/2294 3169/3372/3297 3167/3370/3295 2173/2340/2301
f 3165/3368/3293 3164/3367/3292 3167/3370/3295 3169/3372/3297
f 3163/3366/3291 3168/3371/3296 3167/3370/3295 3164/3367/3292
f 2101/2268/2229 3125/3328/3253 3170/3373/3298 2164/2331/2292
f 3122/3325/3250 3171/3374/3299 3170/3373/3298 3125/3328/3253
f 3165/3368/3293 3169/3372/3297 3170/3373/3298 3171/3374/3299
f 2166/2333/2294 2164/2331/2292 3170/3373/3298 3169/3372/3297
f 2199/2366/2327 2202/2369/2330 3172/3375/3300 3120/3323/3248
f 2197/2364/2325 3166/3369/3294 3172/3375/3300 2202/2369/2330
f 3165/3368/3293 3171/3374/3299 3172/3375/3300 3166/3369/3294
f 3122/3325/3250 3120/3323/3248 3172/3375/3300 3171/3374/3299
f 3157/3360/3285 3173/3376/3301 3174/3377/3302 3175/3378/3303
f 3176/3379/3304 3177/3380/3305 3174/3377/3302 3173/3376/3301
f 3178/3381/3306 3179/3382/3307 3174/3377/3302 3177/3380/3305
f 3180/3383/3308 3175/3378/3303 3174/3377/3302 3179/3382/3307
f 2170/2337/2298 3168/3371/3296 3181/3384/3309 3182/3385/3310
f 3163/3366/3291 3183/3386/3311 3181/3384/3309 3168/3371/3296
f 3178/3381/3306 3177/3380/3305 3181/3384/3309 3183/3386/3311
f 3176/3379/3304 3182/3385/3310 3181/3384/3309 3177/3380/3305
f 2193/2360/2321 3184/3387/3312 3185/3388/3313 3161/3364/3289
f 3186/3389/3314 3187/3390/3315 3185/3388/3313 3184/3387/3312
f 3178/3381/3306 3183/3386/3311 3185/3388/3313 3187/3390/3315
f 3163/3366/3291 3161/3364/3289 3185/3388/3313 3183/3386/3311
f 3188/3391/3316 3189/3392/3317 3190/3393/3318 3191/3394/3319
f 3180/3383/3308 3179/3382/3307 3190/3393/3318 3189/3392/3317
f 3178/3381/3306 3187/3390/3315 3190/3393/3318 3179/3382/3307
f 3186/3389/3314 3191/3394/3319 3190/3393/3318 3187/3390/3315
f 2176/2343/2304 2179/2346/2307 3192/3395/3320 3193/3396/3321
f 2174/2341/2302 3194/3397/3322 3192/3395/3320 2179/2346/2307
f 3195/3398/3323 3196/3399/3324 3192/3395/3320 3194/3397/3322
f 3197/3400/3325 3193/3396/3321 3192/3395/3320 3196/3399/3324
f 2170/2337/2298 3182/3385/3310 3198/3401/3326 2171/2338/2299
f 3176/3379/3304 3199/3402/3327 3198/3401/3326 3182/3385/3310
f 3195/3398/3323 3194/3397/3322 3198/3401/3326 3199/3402/3327
f 2174/2341/2302 2171/2338/2299 3198/3401/3326 3194/3397/3322
f 3157/3360/3285 3160/3363/3288 3200/3403/3328 3173/3376/3301
f 3155/3358/3283 3201/3404/3329 3200/3403/3328 3160/3363/3288
f 3195/3398/3323 3199/3402/3327 3200/3403/3328 3201/3404/3329
f 3176/3379/3304 3173/3376/3301 3200/3403/3328 3199/3402/3327
f 10/10/10 3202/3405/3330 3203/3406/3331 3152/3355/3280
f 3197/3400/3325 3196/3399/3324 3203/3406/3331 3202/3405/3330
f 3195/3398/3323 3201/3404/3329 3203/3406/3331 3196/3399/3324
f 3155/3358/3283 3152/3355/3280 3203/3406/3331 3201/3404/3329
f 2184/2351/2312 3085/3288/3213 3204/3407/3332 2185/2352/2313
f 3090/3293/3218 3205/3408/3333 3204/3407/3332 3085/3288/3213
f 3206/3409/3334 3207/3410/3335 3204/3407/3332 3205/3408/3333
f 2188/2355/2316 2185/2352/2313 3204/3407/3332 3207/3410/3335
f 3098/3301/3226 3208/3411/3336 3209/3412/3337 3099/3302/3227
f 3210/3413/3338 3211/3414/3339 3209/3412/3337 3208/3411/3336
f 3206/3409/3334 3205/3408/3333 3209/3412/3337 3211/3414/3339
f 3090/3293/3218 3099/3302/3227 3209/3412/3337 3205/3408/3333
f 3188/3391/3316 3191/3394/3319 3212/3415/3340 3213/3416/3341
f 3186/3389/3314 3214/3417/3342 3212/3415/3340 3191/3394/3319
f 3206/3409/3334 3211/3414/3339 3212/3415/3340 3214/3417/3342
f 3210/3413/3338 3213/3416/3341 3212/3415/3340 3211/3414/3339
f 2193/2360/2321 2196/2363/2324 3215/3418/3343 3184/3387/3312
f 2188/2355/2316 3207/3410/3335 3215/3418/3343 2196/2363/2324
f 3206/3409/3334 3214/3417/3342 3215/3418/3343 3207/3410/3335
f 3186/3389/3314 3184/3387/3312 3215/3418/3343 3214/3417/3342
f 1/1/1 3216/3419/3344 3217/3420/3345 2/2/2
f 3218/3421/3346 3219/3422/3347 3217/3420/3345 3216/3419/3344
f 3220/3423/3348 3221/3424/3349 3217/3420/3345 3219/3422/3347
f 5/5/5 2/2/2 3217/3420/3345 3221/3424/3349
f 2215/2382/2343 2218/2385/2346 3222/3425/3350 3223/3426/3351
f 2211/2378/2339 3224/3427/3352 3222/3425/3350 2218/2385/2346
f 3220/3423/3348 3219/3422/3347 3222/3425/3350 3224/3427/3352
f 3218/3421/3346 3223/3426/3351 3222/3425/3350 3219/3422/3347
f 2176/2343/2304 3193/3396/3321 3225/3428/3353 2209/2376/2337
f 3197/3400/3325 3226/3429/3354 3225/3428/3353 3193/3396/3321
f 3220/3423/3348 3224/3427/3352 3225/3428/3353 3226/3429/3354
f 2211/2378/2339 2209/2376/2337 3225/3428/3353 3224/3427/3352
f 10/10/10 13/13/13 3227/3430/3355 3202/3405/3330
f 5/5/5 3221/3424/3349 3227/3430/3355 13/13/13
f 3220/3423/3348 3226/3429/3354 3227/3430/3355 3221/3424/3349
f 3197/3400/3325 3202/3405/3330 3227/3430/3355 3226/3429/3354
f 2225/2392/2353 3228/3431/3356 3229/3432/3357 3230/3433/3358
f 3231/3434/3359 3232/3435/3360 3229/3432/3357 3228/3431/3356
f 3233/3436/3361 3234/3437/3362 3229/3432/3357 3232/3435/3360
f 3235/3438/3363 3230/3433/3358 3229/3432/3357 3234/3437/3362
f 2215/2382/2343 3223/3426/3351 3236/3439/3364 3237/3440/3365
f 3218/3421/3346 3238/3441/3366 3236/3439/3364 3223/3426/3351
f 3233/3436/3361 3232/3435/3360 3236/3439/3364 3238/3441/3366
f 3231/3434/3359 3237/3440/3365 3236/3439/3364 3232/3435/3360
f 1/1/1 3239/3442/3367 3240/3443/3368 3216/3419/3344
f 3241/3444/3369 3242/3445/3370 3240/3443/3368 3239/3442/3367
f 3233/3436/3361 3238/3441/3366 3240/3443/3368 3242/3445/3370
f 3218/3421/3346 3216/3419/3344 3240/3443/3368 3238/3441/3366
f 3243/3446/3371 3244/3447/3372 3245/3448/3373 3246/3449/3374
f 3235/3438/3363 3234/3437/3362 3245/3448/3373 3244/3447/3372
f 3233/3436/3361 3242/3445/3370 3245/3448/3373 3234/3437/3362
f 3241/3444/3369 3246/3449/3374 3245/3448/3373 3242/3445/3370
f 1769/1928/1897 2222/2389/2350 3247/3450/3375 2845/3031/2973
f 2219/2386/2347 3248/3451/3376 3247/3450/3375 2222/2389/2350
f 3249/3452/3377 3250/3453/3378 3247/3450/3375 3248/3451/3376
f 2847/3033/2975 2845/3031/2973 3247/3450/3375 3250/3453/3378
f 2215/2382/2343 3237/3440/3365 3251/3454/3379 2216/2383/2344
f 3231/3434/3359 3252/3455/3380 3251/3454/3379 3237/3440/3365
f 3249/3452/3377 3248/3451/3376 3251/3454/3379 3252/3455/3380
f 2219/2386/2347 2216/2383/2344 3251/3454/3379 3248/3451/3376
f 2225/2392/2353 2228/2395/2356 3253/3456/3381 3228/3431/3356
f 2233/2400/2361 3254/3457/3382 3253/3456/3381 2228/2395/2356
f 3249/3452/3377 3252/3455/3380 3253/3456/3381 3254/3457/3382
f 3231/3434/3359 3228/3431/3356 3253/3456/3381 3252/3455/3380
f 2246/2413/2374 2852/3038/2980 3255/3458/3383 2247/2414/2375
f 2847/3033/2975 3250/3453/3378 3255/3458/3383 2852/3038/2980
f 3249/3452/3377 3254/3457/3382 3255/3458/3383 3250/3453/3378
f 2233/2400/2361 2247/2414/2375 3255/3458/3383 3254/3457/3382
f 2225/2392/2353 3230/3433/3358 3256/3459/3384 2226/2393/2354
f 3235/3438/3363 3257/3460/3385 3256/3459/3384 3230/3433/3358
f 3258/3461/3386 3259/3462/3387 3256/3459/3384 3257/3460/3385
f 2229/2396/2357 2226/2393/2354 3256/3459/3384 3259/3462/3387
f 3243/3446/3371 3260/3463/3388 3261/3464/3389 3244/3447/3372
f 3262/3465/3390 3263/3466/3391 3261/3464/3389 3260/3463/3388
f 3258/3461/3386 3257/3460/3385 3261/3464/3389 3263/3466/3391
f 3235/3438/3363 3244/3447/3372 3261/3464/3389 3257/3460/3385
f 3264/3467/3392 3265/3468/3393 3266/3469/3394 3267/3470/3395
f 3268/3471/3396 3269/3472/3397 3266/3469/3394 3265/3468/3393
f 3258/3461/3386 3263/3466/3391 3266/3469/3394 3269/3472/3397
f 3262/3465/3390 3267/3470/3395 3266/3469/3394 3263/3466/3391
f 2234/2401/2362 2237/2404/2365 3270/3473/3398 3271/3474/3399
f 2229/2396/2357 3259/3462/3387 3270/3473/3398 2237/2404/2365
f 3258/3461/3386 3269/3472/3397 3270/3473/3398 3259/3462/3387
f 3268/3471/3396 3271/3474/3399 3270/3473/3398 3269/3472/3397
f 2250/2417/2378 3272/3475/3400 3273/3476/3401 2251/2418/2379
f 3274/3477/3402 3275/3478/3403 3273/3476/3401 3272/3475/3400
f 3276/3479/3404 3277/3480/3405 3273/3476/3401 3275/3478/3403
f 2254/2421/2382 2251/2418/2379 3273/3476/3401 3277/3480/3405
f 3278/3481/3406 3279/3482/3407 3280/3483/3408 3281/3484/3409
f 3282/3485/3410 3283/3486/3411 3280/3483/3408 3279/3482/3407
f 3276/3479/3404 3275/3478/3403 3280/3483/3408 3283/3486/3411
f 3274/3477/3402 3281/3484/3409 3280/3483/3408 3275/3478/3403
f 3284/3487/3412 3285/3488/3413 3286/3489/3414 3287/3490/3415
f 3288/3491/3416 3289/3492/3417 3286/3489/3414 3285/3488/3413
f 3276/3479/3404 3283/3486/3411 3286/3489/3414 3289/3492/3417
f 3282/3485/3410 3287/3490/3415 3286/3489/3414 3283/3486/3411
f 2259/2426/2387 2262/2429/2390 3290/3493/3418 3291/3494/3419
f 2254/2421/2382 3277/3480/3405 3290/3493/3418 2262/2429/2390
f 3276/3479/3404 3289/3492/3417 3290/3493/3418 3277/3480/3405
f 3288/3491/3416 3291/3494/3419 3290/3493/3418 3289/3492/3417
f 3292/3495/3420 3293/3496/3421 3294/3497/3422 3295/3498/3423
f 3296/3499/3424 3297/3500/3425 3294/3497/3422 3293/3496/3421
f 3298/3501/3426 3299/3502/3427 3294/3497/3422 3297/3500/3425
f 3300/3503/3428 3295/3498/3423 3294/3497/3422 3299/3502/3427
f 2281/2448/2409 2284/2451/2412 3301/3504/3429 3302/3505/3430
f 2277/2444/2405 3303/3506/3431 3301/3504/3429 2284/2451/2412
f 3298/3501/3426 3297/3500/3425 3301/3504/3429 3303/3506/3431
f 3296/3499/3424 3302/3505/3430 3301/3504/3429 3297/3500/3425
f 2259/2426/2387 3291/3507/3419 3304/3508/3432 2275/2442/2403
f 3288/3509/3416 3305/3510/3433 3304/3508/3432 3291/3507/3419
f 3298/3501/3426 3303/3506/3431 3304/3508/3432 3305/3510/3433
f 2277/2444/2405 2275/2442/2403 3304/3508/3432 3303/3506/3431
f 3284/3511/3412 3306/3512/3434 3307/3513/3435 3285/3514/3413
f 3300/3503/3428 3299/3502/3427 3307/3513/3435 3306/3512/3434
f 3298/3501/3426 3305/3510/3433 3307/3513/3435 3299/3502/3427
f 3288/3509/3416 3285/3514/3413 3307/3513/3435 3305/3510/3433
f 2294/2461/2422 3308/3515/3436 3309/3516/3437 3310/3517/3438
f 3311/3518/3439 3312/3519/3440 3309/3516/3437 3308/3515/3436
f 3313/3520/3441 3314/3521/3442 3309/3516/3437 3312/3519/3440
f 3315/3522/3443 3310/3517/3438 3309/3516/3437 3314/3521/3442
f 2281/2448/2409 3302/3505/3430 3316/3523/3444 3317/3524/3445
f 3296/3499/3424 3318/3525/3446 3316/3523/3444 3302/3505/3430
f 3313/3520/3441 3312/3519/3440 3316/3523/3444 3318/3525/3446
f 3311/3518/3439 3317/3524/3445 3316/3523/3444 3312/3519/3440
f 3292/3495/3420 3319/3526/3447 3320/3527/3448 3293/3496/3421
f 3321/3528/3449 3322/3529/3450 3320/3527/3448 3319/3526/3447
f 3313/3520/3441 3318/3525/3446 3320/3527/3448 3322/3529/3450
f 3296/3499/3424 3293/3496/3421 3320/3527/3448 3318/3525/3446
f 1920/2079/2048 3323/3530/3451 3324/3531/3452 3325/3532/3453
f 3315/3522/3443 3314/3521/3442 3324/3531/3452 3323/3530/3451
f 3313/3520/3441 3322/3529/3450 3324/3531/3452 3314/3521/3442
f 3321/3528/3449 3325/3532/3453 3324/3531/3452 3322/3529/3450
f 1803/1962/1931 2289/2456/2417 3326/3533/3454 1804/1963/1932
f 2285/2452/2413 3327/3534/3455 3326/3533/3454 2289/2456/2417
f 3328/3535/3456 3329/3536/3457 3326/3533/3454 3327/3534/3455
f 1807/1966/1935 1804/1963/1932 3326/3533/3454 3329/3536/3457
f 2281/2448/2409 3317/3524/3445 3330/3537/3458 2282/2449/2410
f 3311/3518/3439 3331/3538/3459 3330/3537/3458 3317/3524/3445
f 3328/3535/3456 3327/3534/3455 3330/3537/3458 3331/3538/3459
f 2285/2452/2413 2282/2449/2410 3330/3537/3458 3327/3534/3455
f 2294/2461/2422 2297/2464/2425 3332/3539/3460 3308/3515/3436
f 2302/2469/2430 3333/3540/3461 3332/3539/3460 2297/2464/2425
f 3328/3535/3456 3331/3538/3459 3332/3539/3460 3333/3540/3461
f 3311/3518/3439 3308/3515/3436 3332/3539/3460 3331/3538/3459
f 1809/1968/1937 1812/1971/1940 3334/3541/3462 2312/2479/2440
f 1807/1966/1935 3329/3536/3457 3334/3541/3462 1812/1971/1940
f 3328/3535/3456 3333/3540/3461 3334/3541/3462 3329/3536/3457
f 2302/2469/2430 2312/2479/2440 3334/3541/3462 3333/3540/3461
f 3138/3341/3266 3335/3542/3463 3336/3543/3464 3139/3342/3267
f 3337/3544/3465 3338/3545/3466 3336/3543/3464 3335/3542/3463
f 3339/3546/3467 3340/3547/3468 3336/3543/3464 3338/3545/3466
f 3131/3334/3259 3139/3342/3267 3336/3543/3464 3340/3547/3468
f 2303/2470/2431 2306/2473/2434 3341/3548/3469 3342/3549/3470
f 2298/2465/2426 3343/3550/3471 3341/3548/3469 2306/2473/2434
f 3339/3546/3467 3338/3545/3466 3341/3548/3469 3343/3550/3471
f 3337/3544/3465 3342/3549/3470 3341/3548/3469 3338/3545/3466
f 2294/2461/2422 3310/3517/3438 3344/3551/3472 2295/2462/2423
f 3315/3522/3443 3345/3552/3473 3344/3551/3472 3310/3517/3438
f 3339/3546/3467 3343/3550/3471 3344/3551/3472 3345/3552/3473
f 2298/2465/2426 2295/2462/2423 3344/3551/3472 3343/3550/3471
f 1920/2079/2048 3127/3330/3255 3346/3553/3474 3323/3530/3451
f 3131/3334/3259 3340/3547/3468 3346/3553/3474 3127/3330/3255
f 3339/3546/3467 3345/3552/3473 3346/3553/3474 3340/3547/3468
f 3315/3522/3443 3323/3530/3451 3346/3553/3474 3345/3552/3473
f 2314/2481/2442 3347/3554/3475 3348/3555/3476 3349/3556/3477
f 3350/3557/3478 3351/3558/3479 3348/3555/3476 3347/3554/3475
f 3352/3559/3480 3353/3560/3481 3348/3555/3476 3351/3558/3479
f 3354/3561/3482 3349/3556/3477 3348/3555/3476 3353/3560/3481
f 2303/2470/2431 3342/3549/3470 3355/3562/3483 3356/3563/3484
f 3337/3544/3465 3357/3564/3485 3355/3562/3483 3342/3549/3470
f 3352/3559/3480 3351/3558/3479 3355/3562/3483 3357/3564/3485
f 3350/3557/3478 3356/3563/3484 3355/3562/3483 3351/3558/3479
f 3138/3341/3266 3358/3565/3486 3359/3566/3487 3335/3542/3463
f 3360/3567/3488 3361/3568/3489 3359/3566/3487 3358/3565/3486
f 3352/3559/3480 3357/3564/3485 3359/3566/3487 3361/3568/3489
f 3337/3544/3465 3335/3542/3463 3359/3566/3487 3357/3564/3485
f 3362/3569/3490 3363/3570/3491 3364/3571/3492 3365/3572/3493
f 3354/3561/3482 3353/3560/3481 3364/3571/3492 3363/3570/3491
f 3352/3559/3480 3361/3568/3489 3364/3571/3492 3353/3560/3481
f 3360/3567/3488 3365/3572/3493 3364/3571/3492 3361/3568/3489
f 1818/1977/1946 2310/2477/2438 3366/3573/3494 2869/3055/2997
f 2307/2474/2435 3367/3574/3495 3366/3573/3494 2310/2477/2438
f 3368/3575/3496 3369/3576/3497 3366/3573/3494 3367/3574/3495
f 2871/3057/2999 2869/3055/2997 3366/3573/3494 3369/3576/3497
f 2303/2470/2431 3356/3563/3484 3370/3577/3498 2304/2471/2432
f 3350/3557/3478 3371/3578/3499 3370/3577/3498 3356/3563/3484
f 3368/3575/3496 3367/3574/3495 3370/3577/3498 3371/3578/3499
f 2307/2474/2435 2304/2471/2432 3370/3577/3498 3367/3574/3495
f 2314/2481/2442 2317/2484/2445 3372/3579/3500 3347/3554/3475
f 2322/2489/2450 3373/3580/3501 3372/3579/3500 2317/2484/2445
f 3368/3575/3496 3371/3578/3499 3372/3579/3500 3373/3580/3501
f 3350/3557/3478 3347/3554/3475 3372/3579/3500 3371/3578/3499
f 2330/2497/2458 2876/3062/3004 3374/3581/3502 2331/2498/2459
f 2871/3057/2999 3369/3576/3497 3374/3581/3502 2876/3062/3004
f 3368/3575/3496 3373/3580/3501 3374/3581/3502 3369/3576/3497
f 2322/2489/2450 2331/2498/2459 3374/3581/3502 3373/3580/3501
f 2314/2481/2442 3349/3556/3477 3375/3582/3503 2315/2482/2443
f 3354/3561/3482 3376/3583/3504 3375/3582/3503 3349/3556/3477
f 3377/3584/3505 3378/3585/3506 3375/3582/3503 3376/3583/3504
f 2318/2485/2446 2315/2482/2443 3375/3582/3503 3378/3585/3506
f 3362/3569/3490 3379/3586/3507 3380/3587/3508 3363/3570/3491
f 3381/3588/3509 3382/3589/3510 3380/3587/3508 3379/3586/3507
f 3377/3584/3505 3376/3583/3504 3380/3587/3508 3382/3589/3510
f 3354/3561/3482 3363/3570/3491 3380/3587/3508 3376/3583/3504
f 2897/3083/3025 2900/3086/3028 3383/3590/3511 3384/3591/3512
f 2895/3081/3023 3385/3592/3513 3383/3590/3511 2900/3086/3028
f 3377/3584/3505 3382/3589/3510 3383/3590/3511 3385/3592/3513
f 3381/3588/3509 3384/3591/3512 3383/3590/3511 3382/3589/3510
f 1841/2000/1969 2324/2491/2452 3386/3593/3514 2893/3079/3021
f 2318/2485/2446 3378/3585/3506 3386/3593/3514 2324/2491/2452
f 3377/3584/3505 3385/3592/3513 3386/3593/3514 3378/3585/3506
f 2895/3081/3023 2893/3079/3021 3386/3593/3514 3385/3592/3513
f 16/3250/16 3055/3253/3183 3387/3594/3515 3388/3595/3516
f 3052/3248/3180 3389/3596/3517 3387/3594/3515 3055/3253/3183
f 3390/3597/3518 3391/3598/3519 3387/3594/3515 3389/3596/3517
f 3392/3599/3520 3388/3595/3516 3387/3594/3515 3391/3598/3519
f 1920/2079/2048 3325/3532/3453 3393/3600/3521 3050/3246/3178
f 3321/3528/3449 3394/3601/3522 3393/3600/3521 3325/3532/3453
f 3390/3597/3518 3389/3596/3517 3393/3600/3521 3394/3601/3522
f 3052/3248/3180 3050/3246/3178 3393/3600/3521 3389/3596/3517
f 3292/3495/3420 3395/3602/3523 3396/3603/3524 3319/3526/3447
f 3397/3604/3525 3398/3605/3526 3396/3603/3524 3395/3602/3523
f 3390/3597/3518 3394/3601/3522 3396/3603/3524 3398/3605/3526
f 3321/3528/3449 3319/3526/3447 3396/3603/3524 3394/3601/3522
f 3399/3606/3527 3400/3607/3528 3401/3608/3529 3402/3609/3530
f 3392/3599/3520 3391/3598/3519 3401/3608/3529 3400/3607/3528
f 3390/3597/3518 3398/3605/3526 3401/3608/3529 3391/3598/3519
f 3397/3604/3525 3402/3609/3530 3401/3608/3529 3398/3605/3526
f 2234/2401/2362 3403/3610/3531 3404/3611/3532 2235/2402/2363
f 3405/3612/3533 3406/3613/3534 3404/3611/3532 3403/3610/3531
f 3407/3614/3535 3408/3615/3536 3404/3611/3532 3406/3613/3534
f 2238/2405/2366 2235/2402/2363 3404/3611/3532 3408/3615/3536
f 2374/2541/2502 2377/2544/2505 3409/3616/3537 3410/3617/3538
f 2370/2537/2498 3411/3618/3539 3409/3616/3537 2377/2544/2505
f 3407/3614/3535 3406/3613/3534 3409/3616/3537 3411/3618/3539
f 3405/3612/3533 3410/3617/3538 3409/3616/3537 3406/3613/3534
f 1778/1937/1906 2859/3045/2987 3412/3619/3540 2368/2535/2496
f 2856/3042/2984 3413/3620/3541 3412/3619/3540 2859/3045/2987
f 3407/3614/3535 3411/3618/3539 3412/3619/3540 3413/3620/3541
f 2370/2537/2498 2368/2535/2496 3412/3619/3540 3411/3618/3539
f 2240/2407/2368 2243/2410/2371 3414/3621/3542 2854/3040/2982
f 2238/2405/2366 3408/3615/3536 3414/3621/3542 2243/2410/2371
f 3407/3614/3535 3413/3620/3541 3414/3621/3542 3408/3615/3536
f 2856/3042/2984 2854/3040/2982 3414/3621/3542 3413/3620/3541
f 22/22/22 3415/3622/3543 3416/3623/3544 3417/3624/3545
f 3418/3625/3546 3419/3626/3547 3416/3623/3544 3415/3622/3543
f 3420/3627/3548 3421/3628/3549 3416/3623/3544 3419/3626/3547
f 3422/3629/3550 3417/3624/3545 3416/3623/3544 3421/3628/3549
f 2374/2541/2502 3410/3617/3538 3423/3630/3551 3424/3631/3552
f 3405/3612/3533 3425/3632/3553 3423/3630/3551 3410/3617/3538
f 3420/3627/3548 3419/3626/3547 3423/3630/3551 3425/3632/3553
f 3418/3625/3546 3424/3631/3552 3423/3630/3551 3419/3626/3547
f 2234/2401/2362 3271/3474/3399 3426/3633/3554 3403/3610/3531
f 3268/3471/3396 3427/3634/3555 3426/3633/3554 3271/3474/3399
f 3420/3627/3548 3425/3632/3553 3426/3633/3554 3427/3634/3555
f 3405/3612/3533 3403/3610/3531 3426/3633/3554 3425/3632/3553
f 3264/3467/3392 3428/3635/3556 3429/3636/3557 3265/3468/3393
f 3422/3629/3550 3421/3628/3549 3429/3636/3557 3428/3635/3556
f 3420/3627/3548 3427/3634/3555 3429/3636/3557 3421/3628/3549
f 3268/3471/3396 3265/3468/3393 3429/3636/3557 3427/3634/3555
f 2380/2547/2508 2383/2550/2511 3430/3637/3558 3431/3638/3559
f 2378/2545/2506 3432/3639/3560 3430/3637/3558 2383/2550/2511
f 3433/3640/3561 3434/3641/3562 3430/3637/3558 3432/3639/3560
f 3435/3642/3563 3431/3638/3559 3430/3637/3558 3434/3641/3562
f 2374/2541/2502 3424/3631/3552 3436/3643/3564 2375/2542/2503
f 3418/3625/3546 3437/3644/3565 3436/3643/3564 3424/3631/3552
f 3433/3640/3561 3432/3639/3560 3436/3643/3564 3437/3644/3565
f 2378/2545/2506 2375/2542/2503 3436/3643/3564 3432/3639/3560
f 22/22/22 25/25/25 3438/3645/3566 3415/3622/3543
f 20/20/20 3439/3646/3567 3438/3645/3566 25/25/25
f 3433/3640/3561 3437/3644/3565 3438/3645/3566 3439/3646/3567
f 3418/3625/3546 3415/3622/3543 3438/3645/3566 3437/3644/3565
f 16/16/16 3440/3647/3568 3441/3648/3569 17/17/17
f 3435/3642/3563 3434/3641/3562 3441/3648/3569 3440/3647/3568
f 3433/3640/3561 3439/3646/3567 3441/3648/3569 3434/3641/3562
f 20/20/20 17/17/17 3441/3648/3569 3439/3646/3567
f 2380/2547/2508 3442/3649/3570 3443/3650/3571 2381/2548/2509
f 3444/3651/3572 3445/3652/3573 3443/3650/3571 3442/3649/3570
f 3446/3653/3574 3447/3654/3575 3443/3650/3571 3445/3652/3573
f 2384/2551/2512 2381/2548/2509 3443/3650/3571 3447/3654/3575
f 2396/2563/2524 2399/2566/2527 3448/3655/3576 3449/3656/3577
f 2391/2558/2519 3450/3657/3578 3448/3655/3576 2399/2566/2527
f 3446/3653/3574 3445/3652/3573 3448/3655/3576 3450/3657/3578
f 3444/3651/3572 3449/3656/3577 3448/3655/3576 3445/3652/3573
f 1794/1953/1922 1797/1956/1925 3451/3658/3579 2388/2555/2516
f 1802/1961/1930 3452/3659/3580 3451/3658/3579 1797/1956/1925
f 3446/3653/3574 3450/3657/3578 3451/3658/3579 3452/3659/3580
f 2391/2558/2519 2388/2555/2516 3451/3658/3579 3450/3657/3578
f 1784/1943/1912 2387/2554/2515 3453/3660/3581 1815/1974/1943
f 2384/2551/2512 3447/3654/3575 3453/3660/3581 2387/2554/2515
f 3446/3653/3574 3452/3659/3580 3453/3660/3581 3447/3654/3575
f 1802/1961/1930 1815/1974/1943 3453/3660/3581 3452/3659/3580
f 3399/3661/3527 3454/3662/3582 3455/3663/3583 3400/3664/3528
f 3456/3665/3584 3457/3666/3585 3455/3663/3583 3454/3662/3582
f 3458/3667/3586 3459/3668/3587 3455/3663/3583 3457/3666/3585
f 3392/3669/3520 3400/3664/3528 3455/3663/3583 3459/3668/3587
f 2396/2563/2524 3449/3656/3577 3460/3670/3588 3461/3671/3589
f 3444/3651/3572 3462/3672/3590 3460/3670/3588 3449/3656/3577
f 3458/3667/3586 3457/3666/3585 3460/3670/3588 3462/3672/3590
f 3456/3665/3584 3461/3671/3589 3460/3670/3588 3457/3666/3585
f 2380/2547/2508 3431/3638/3559 3463/3673/3591 3442/3649/3570
f 3435/3642/3563 3464/3674/3592 3463/3673/3591 3431/3638/3559
f 3458/3667/3586 3462/3672/3590 3463/3673/3591 3464/3674/3592
f 3444/3651/3572 3442/3649/3570 3463/3673/3591 3462/3672/3590
f 16/16/16 3388/3675/3516 3465/3676/3593 3440/3647/3568
f 3392/3669/3520 3459/3668/3587 3465/3676/3593 3388/3675/3516
f 3458/3667/3586 3464/3674/3592 3465/3676/3593 3459/3668/3587
f 3435/3642/3563 3440/3647/3568 3465/3676/3593 3464/3674/3592
f 2250/2417/2378 2403/2570/2531 3466/3677/3594 3272/3475/3400
f 2400/2567/2528 3467/3678/3595 3466/3677/3594 2403/2570/2531
f 3468/3679/3596 3469/3680/3597 3466/3677/3594 3467/3678/3595
f 3274/3477/3402 3272/3475/3400 3466/3677/3594 3469/3680/3597
f 2396/2563/2524 3461/3671/3589 3470/3681/3598 2397/2564/2525
f 3456/3665/3584 3471/3682/3599 3470/3681/3598 3461/3671/3589
f 3468/3679/3596 3467/3678/3595 3470/3681/3598 3471/3682/3599
f 2400/2567/2528 2397/2564/2525 3470/3681/3598 3467/3678/3595
f 3399/3661/3527 3472/3683/3600 3473/3684/3601 3454/3662/3582
f 3474/3685/3602 3475/3686/3603 3473/3684/3601 3472/3683/3600
f 3468/3679/3596 3471/3682/3599 3473/3684/3601 3475/3686/3603
f 3456/3665/3584 3454/3662/3582 3473/3684/3601 3471/3682/3599
f 3278/3481/3406 3281/3484/3409 3476/3687/3604 3477/3688/3605
f 3274/3477/3402 3469/3680/3597 3476/3687/3604 3281/3484/3409
f 3468/3679/3596 3475/3686/3603 3476/3687/3604 3469/3680/3597
f 3474/3685/3602 3477/3688/3605 3476/3687/3604 3475/3686/3603
f 2008/2172/2136 2011/2175/2139 3478/3689/3606 2449/2620/2577
f 2003/2167/2131 3479/3690/3607 3478/3689/3606 2011/2175/2139
f 3480/3691/3608 3481/3692/3609 3478/3689/3606 3479/3690/3607
f 2451/2622/2579 2449/2620/2577 3478/3689/3606 3481/3692/3609
f 1999/2163/2127 2035/3693/2163 3482/3694/3610 2000/2164/2128
f 2028/3695/2156 3483/3696/3611 3482/3694/3610 2035/3693/2163
f 3480/3691/3608 3479/3690/3607 3482/3694/3610 3483/3696/3611
f 2003/2167/2131 2000/2164/2128 3482/3694/3610 3479/3690/3607
f 2024/2598/2152 2430/2601/2558 3484/3697/3612 2025/3698/2153
f 2423/2593/2551 3485/3699/3613 3484/3697/3612 2430/2601/2558
f 3480/3691/3608 3483/3696/3611 3484/3697/3612 3485/3699/3613
f 2028/3695/2156 2025/3698/2153 3484/3697/3612 3483/3696/3611
f 2419/2589/2547 2455/2626/2583 3486/3700/3614 2420/2590/2548
f 2451/2622/2579 3481/3692/3609 3486/3700/3614 2455/2626/2583
f 3480/3691/3608 3485/3699/3613 3486/3700/3614 3481/3692/3609
f 2423/2593/2551 2420/2590/2548 3486/3700/3614 3485/3699/3613
f 10/10/10 3154/3357/3282 3487/3701/3615 2436/2607/2564
f 3150/3353/3278 3488/3702/3616 3487/3701/3615 3154/3357/3282
f 3489/3703/3617 3490/3704/3618 3487/3701/3615 3488/3702/3616
f 2427/2597/2555 2436/2607/2564 3487/3701/3615 3490/3704/3618
f 1951/2110/2079 1954/2113/2082 3491/3705/3619 3148/3351/3276
f 1949/2108/2077 3492/3706/3620 3491/3705/3619 1954/2113/2082
f 3489/3703/3617 3488/3702/3616 3491/3705/3619 3492/3706/3620
f 3150/3353/3278 3148/3351/3276 3491/3705/3619 3488/3702/3616
f 1945/2104/2073 2440/2611/2568 3493/3707/3621 1946/2105/2074
f 2445/2616/2573 3494/3708/3622 3493/3707/3621 2440/2611/2568
f 3489/3703/3617 3492/3706/3620 3493/3707/3621 3494/3708/3622
f 1949/2108/2077 1946/2105/2074 3493/3707/3621 3492/3706/3620
f 2419/2589/2547 2422/2592/2550 3495/3709/3623 2453/2624/2581
f 2427/2597/2555 3490/3704/3618 3495/3709/3623 2422/2592/2550
f 3489/3703/3617 3494/3708/3622 3495/3709/3623 3490/3704/3618
f 2445/2616/2573 2453/2624/2581 3495/3709/3623 3494/3708/3622
f 2135/2302/2263 2138/2305/2266 3496/3710/3624 3497/3711/3625
f 2133/2300/2261 3498/3712/3626 3496/3710/3624 2138/2305/2266
f 3499/3713/3627 3500/3714/3628 3496/3710/3624 3498/3712/3626
f 3501/3715/3629 3497/3711/3625 3496/3710/3624 3500/3714/3628
f 2129/2296/2257 3502/3716/3630 3503/3717/3631 2130/2297/2258
f 3504/3718/3632 3505/3719/3633 3503/3717/3631 3502/3716/3630
f 3499/3713/3627 3498/3712/3626 3503/3717/3631 3505/3719/3633
f 2133/2300/2261 2130/2297/2258 3503/3717/3631 3498/3712/3626
f 2897/3083/3025 3384/3591/3512 3506/3720/3634 3507/3721/3635
f 3381/3588/3509 3508/3722/3636 3506/3720/3634 3384/3591/3512
f 3499/3713/3627 3505/3719/3633 3506/3720/3634 3508/3722/3636
f 3504/3718/3632 3507/3721/3635 3506/3720/3634 3505/3719/3633
f 3362/3569/3490 3509/3723/3637 3510/3724/3638 3379/3586/3507
f 3501/3715/3629 3500/3714/3628 3510/3724/3638 3509/3723/3637
f 3499/3713/3627 3508/3722/3636 3510/3724/3638 3500/3714/3628
f 3381/3588/3509 3379/3586/3507 3510/3724/3638 3508/3722/3636
f 2114/2281/2242 2117/2284/2245 3511/3725/3639 3512/3726/3640
f 2122/2289/2250 3513/3727/3641 3511/3725/3639 2117/2284/2245
f 3514/3728/3642 3515/3729/3643 3511/3725/3639 3513/3727/3641
f 3516/3730/3644 3512/3726/3640 3511/3725/3639 3515/3729/3643
f 2135/2302/2263 3497/3711/3625 3517/3731/3645 2136/2303/2264
f 3501/3715/3629 3518/3732/3646 3517/3731/3645 3497/3711/3625
f 3514/3728/3642 3513/3727/3641 3517/3731/3645 3518/3732/3646
f 2122/2289/2250 2136/2303/2264 3517/3731/3645 3513/3727/3641
f 3362/3569/3490 3365/3572/3493 3519/3733/3647 3509/3723/3637
f 3360/3567/3488 3520/3734/3648 3519/3733/3647 3365/3572/3493
f 3514/3728/3642 3518/3732/3646 3519/3733/3647 3520/3734/3648
f 3501/3715/3629 3509/3723/3637 3519/3733/3647 3518/3732/3646
f 3138/3341/3266 3521/3735/3649 3522/3736/3650 3358/3565/3486
f 3516/3730/3644 3515/3729/3643 3522/3736/3650 3521/3735/3649
f 3514/3728/3642 3520/3734/3648 3522/3736/3650 3515/3729/3643
f 3360/3567/3488 3358/3565/3486 3522/3736/3650 3520/3734/3648
f 3138/3341/3266 3141/3344/3269 3523/3737/3651 3521/3735/3649
f 3136/3339/3264 3524/3738/3652 3523/3737/3651 3141/3344/3269
f 3525/3739/3653 3526/3740/3654 3523/3737/3651 3524/3738/3652
f 3516/3730/3644 3521/3735/3649 3523/3737/3651 3526/3740/3654
f 2881/3067/3009 3527/3741/3655 3528/3742/3656 3134/3337/3262
f 3529/3743/3657 3530/3744/3658 3528/3742/3656 3527/3741/3655
f 3525/3739/3653 3524/3738/3652 3528/3742/3656 3530/3744/3658
f 3136/3339/3264 3134/3337/3262 3528/3742/3656 3524/3738/3652
f 2123/2290/2251 2126/2293/2254 3531/3745/3659 3532/3746/3660
f 2118/2285/2246 3533/3747/3661 3531/3745/3659 2126/2293/2254
f 3525/3739/3653 3530/3744/3658 3531/3745/3659 3533/3747/3661
f 3529/3743/3657 3532/3746/3660 3531/3745/3659 3530/3744/3658
f 2114/2281/2242 3512/3726/3640 3534/3748/3662 2115/2282/2243
f 3516/3730/3644 3526/3740/3654 3534/3748/3662 3512/3726/3640
f 3525/3739/3653 3533/3747/3661 3534/3748/3662 3526/3740/3654
f 2118/2285/2246 2115/2282/2243 3534/3748/3662 3533/3747/3661
f 2129/2296/2257 2132/2299/2260 3535/3749/3663 3502/3716/3630
f 2127/2294/2255 3536/3750/3664 3535/3749/3663 2132/2299/2260
f 3537/3751/3665 3538/3752/3666 3535/3749/3663 3536/3750/3664
f 3504/3718/3632 3502/3716/3630 3535/3749/3663 3538/3752/3666
f 2123/2290/2251 3532/3746/3660 3539/3753/3667 2124/2291/2252
f 3529/3743/3657 3540/3754/3668 3539/3753/3667 3532/3746/3660
f 3537/3751/3665 3536/3750/3664 3539/3753/3667 3540/3754/3668
f 2127/2294/2255 2124/2291/2252 3539/3753/3667 3536/3750/3664
f 2881/3067/3009 2884/3070/3012 3541/3755/3669 3527/3741/3655
f 2889/3075/3017 3542/3756/3670 3541/3755/3669 2884/3070/3012
f 3537/3751/3665 3540/3754/3668 3541/3755/3669 3542/3756/3670
f 3529/3743/3657 3527/3741/3655 3541/3755/3669 3540/3754/3668
f 2897/3083/3025 3507/3721/3635 3543/3757/3671 2898/3084/3026
f 3504/3718/3632 3538/3752/3666 3543/3757/3671 3507/3721/3635
f 3537/3751/3665 3542/3756/3670 3543/3757/3671 3538/3752/3666
f 2889/3075/3017 2898/3084/3026 3543/3757/3671 3542/3756/3670
f 2148/2315/2276 2151/2318/2279 3544/3758/3672 3545/3759/3673
f 2143/2310/2271 3546/3760/3674 3544/3758/3672 2151/2318/2279
f 3547/3761/3675 3548/3762/3676 3544/3758/3672 3546/3760/3674
f 3549/3763/3677 3545/3759/3673 3544/3758/3672 3548/3762/3676
f 2139/2306/2267 3550/3764/3678 3551/3765/3679 2140/2307/2268
f 3552/3766/3680 3553/3767/3681 3551/3765/3679 3550/3764/3678
f 3547/3761/3675 3546/3760/3674 3551/3765/3679 3553/3767/3681
f 2143/2310/2271 2140/2307/2268 3551/3765/3679 3546/3760/3674
f 3157/3360/3285 3175/3378/3303 3554/3768/3682 3555/3769/3683
f 3180/3383/3308 3556/3770/3684 3554/3768/3682 3175/3378/3303
f 3547/3761/3675 3553/3767/3681 3554/3768/3682 3556/3770/3684
f 3552/3766/3680 3555/3769/3683 3554/3768/3682 3553/3767/3681
f 3188/3391/3316 3557/3771/3685 3558/3772/3686 3189/3392/3317
f 3549/3763/3677 3548/3762/3676 3558/3772/3686 3557/3771/3685
f 3547/3761/3675 3556/3770/3684 3558/3772/3686 3548/3762/3676
f 3180/3383/3308 3189/3392/3317 3558/3772/3686 3556/3770/3684
f 3188/3391/3316 3213/3416/3341 3559/3773/3687 3557/3771/3685
f 3210/3413/3338 3560/3774/3688 3559/3773/3687 3213/3416/3341
f 3561/3775/3689 3562/3776/3690 3559/3773/3687 3560/3774/3688
f 3549/3763/3677 3557/3771/3685 3559/3773/3687 3562/3776/3690
f 3098/3301/3226 3563/3777/3691 3564/3778/3692 3208/3411/3336
f 3565/3779/3693 3566/3780/3694 3564/3778/3692 3563/3777/3691
f 3561/3775/3689 3560/3774/3688 3564/3778/3692 3566/3780/3694
f 3210/3413/3338 3208/3411/3336 3564/3778/3692 3560/3774/3688
f 2154/2321/2282 2157/2324/2285 3567/3781/3695 3568/3782/3696
f 2152/2319/2280 3569/3783/3697 3567/3781/3695 2157/2324/2285
f 3561/3775/3689 3566/3780/3694 3567/3781/3695 3569/3783/3697
f 3565/3779/3693 3568/3782/3696 3567/3781/3695 3566/3780/3694
f 2148/2315/2276 3545/3759/3673 3570/3784/3698 2149/2316/2277
f 3549/3763/3677 3562/3776/3690 3570/3784/3698 3545/3759/3673
f 3561/3775/3689 3569/3783/3697 3570/3784/3698 3562/3776/3690
f 2152/2319/2280 2149/2316/2277 3570/3784/3698 3569/3783/3697
f 3157/3360/3285 3555/3769/3683 3571/3785/3699 3158/3361/3286
f 3552/3766/3680 3572/3786/3700 3571/3785/3699 3555/3769/3683
f 3573/3787/3701 3574/3788/3702 3571/3785/3699 3572/3786/3700
f 3147/3350/3275 3158/3361/3286 3571/3785/3699 3574/3788/3702
f 2139/2306/2267 2142/2309/2270 3575/3789/3703 3550/3764/3678
f 2147/2314/2275 3576/3790/3704 3575/3789/3703 2142/2309/2270
f 3573/3787/3701 3572/3786/3700 3575/3789/3703 3576/3790/3704
f 3552/3766/3680 3550/3764/3678 3575/3789/3703 3572/3786/3700
f 2160/2327/2288 3577/3791/3705 3578/3792/3706 2161/2328/2289
f 3579/3793/3707 3580/3794/3708 3578/3792/3706 3577/3791/3705
f 3573/3787/3701 3576/3790/3704 3578/3792/3706 3580/3794/3708
f 2147/2314/2275 2161/2328/2289 3578/3792/3706 3576/3790/3704
f 3067/3270/3195 3143/3346/3271 3581/3795/3709 3582/3796/3710
f 3147/3350/3275 3574/3788/3702 3581/3795/3709 3143/3346/3271
f 3573/3787/3701 3580/3794/3708 3581/3795/3709 3574/3788/3702
f 3579/3793/3707 3582/3796/3710 3581/3795/3709 3580/3794/3708
f 2160/2327/2288 2163/2330/2291 3583/3797/3711 3577/3791/3705
f 2158/2325/2286 3584/3798/3712 3583/3797/3711 2163/2330/2291
f 3585/3799/3713 3586/3800/3714 3583/3797/3711 3584/3798/3712
f 3579/3793/3707 3577/3791/3705 3583/3797/3711 3586/3800/3714
f 2154/2321/2282 3568/3782/3696 3587/3801/3715 2155/2322/2283
f 3565/3779/3693 3588/3802/3716 3587/3801/3715 3568/3782/3696
f 3585/3799/3713 3584/3798/3712 3587/3801/3715 3588/3802/3716
f 2158/2325/2286 2155/2322/2283 3587/3801/3715 3584/3798/3712
f 3098/3301/3226 3101/3304/3229 3589/3803/3717 3563/3777/3691
f 3096/3299/3224 3590/3804/3718 3589/3803/3717 3101/3304/3229
f 3585/3799/3713 3588/3802/3716 3589/3803/3717 3590/3804/3718
f 3565/3779/3693 3563/3777/3691 3589/3803/3717 3588/3802/3716
f 3067/3270/3195 3582/3796/3710 3591/3805/3719 3094/3297/3222
f 3579/3793/3707 3586/3800/3714 3591/3805/3719 3582/3796/3710
f 3585/3799/3713 3590/3804/3718 3591/3805/3719 3586/3800/3714
f 3096/3299/3224 3094/3297/3222 3591/3805/3719 3590/3804/3718
f 2364/2531/2492 2367/2534/2495 3592/3806/3720 3593/3807/3721
f 2362/2529/2490 3594/3808/3722 3592/3806/3720 2367/2534/2495
f 3595/3809/3723 3596/3810/3724 3592/3806/3720 3594/3808/3722
f 3597/3811/3725 3593/3807/3721 3592/3806/3720 3596/3810/3724
f 2358/2525/2486 3598/3812/3726 3599/3813/3727 2359/2526/2487
f 3600/3814/3728 3601/3815/3729 3599/3813/3727 3598/3812/3726
f 3595/3809/3723 3594/3808/3722 3599/3813/3727 3601/3815/3729
f 2362/2529/2490 2359/2526/2487 3599/3813/3727 3594/3808/3722
f 3284/3511/3412 3287/3816/3415 3602/3817/3730 3603/3818/3731
f 3282/3819/3410 3604/3820/3732 3602/3817/3730 3287/3816/3415
f 3595/3809/3723 3601/3815/3729 3602/3817/3730 3604/3820/3732
f 3600/3814/3728 3603/3818/3731 3602/3817/3730 3601/3815/3729
f 3278/3821/3406 3605/3822/3733 3606/3823/3734 3279/3824/3407
f 3597/3811/3725 3596/3810/3724 3606/3823/3734 3605/3822/3733
f 3595/3809/3723 3604/3820/3732 3606/3823/3734 3596/3810/3724
f 3282/3819/3410 3279/3824/3407 3606/3823/3734 3604/3820/3732
f 2343/2510/2471 2346/2513/2474 3607/3825/3735 3608/3826/3736
f 2351/2518/2479 3609/3827/3737 3607/3825/3735 2346/2513/2474
f 3610/3828/3738 3611/3829/3739 3607/3825/3735 3609/3827/3737
f 3612/3830/3740 3608/3826/3736 3607/3825/3735 3611/3829/3739
f 2364/2531/2492 3593/3807/3721 3613/3831/3741 2365/2532/2493
f 3597/3811/3725 3614/3832/3742 3613/3831/3741 3593/3807/3721
f 3610/3828/3738 3609/3827/3737 3613/3831/3741 3614/3832/3742
f 2351/2518/2479 2365/2532/2493 3613/3831/3741 3609/3827/3737
f 3278/3821/3406 3477/3833/3605 3615/3834/3743 3605/3822/3733
f 3474/3835/3602 3616/3836/3744 3615/3834/3743 3477/3833/3605
f 3610/3828/3738 3614/3832/3742 3615/3834/3743 3616/3836/3744
f 3597/3811/3725 3605/3822/3733 3615/3834/3743 3614/3832/3742
f 3399/3606/3527 3617/3837/3745 3618/3838/3746 3472/3839/3600
f 3612/3830/3740 3611/3829/3739 3618/3838/3746 3617/3837/3745
f 3610/3828/3738 3616/3836/3744 3618/3838/3746 3611/3829/3739
f 3474/3835/3602 3472/3839/3600 3618/3838/3746 3616/3836/3744
f 3399/3606/3527 3402/3609/3530 3619/3840/3747 3617/3837/3745
f 3397/3604/3525 3620/3841/3748 3619/3840/3747 3402/3609/3530
f 3621/3842/3749 3622/3843/3750 3619/3840/3747 3620/3841/3748
f 3612/3830/3740 3617/3837/3745 3619/3840/3747 3622/3843/3750
f 3292/3495/3420 3623/3844/3751 3624/3845/3752 3395/3602/3523
f 3625/3846/3753 3626/3847/3754 3624/3845/3752 3623/3844/3751
f 3621/3842/3749 3620/3841/3748 3624/3845/3752 3626/3847/3754
f 3397/3604/3525 3395/3602/3523 3624/3845/3752 3620/3841/3748
f 2352/2519/2480 2355/2522/2483 3627/3848/3755 3628/3849/3756
f 2347/2514/2475 3629/3850/3757 3627/3848/3755 2355/2522/2483
f 3621/3842/3749 3626/3847/3754 3627/3848/3755 3629/3850/3757
f 3625/3846/3753 3628/3849/3756 3627/3848/3755 3626/3847/3754
f 2343/2510/2471 3608/3826/3736 3630/3851/3758 2344/2511/2472
f 3612/3830/3740 3622/3843/3750 3630/3851/3758 3608/3826/3736
f 3621/3842/3749 3629/3850/3757 3630/3851/3758 3622/3843/3750
f 2347/2514/2475 2344/2511/2472 3630/3851/3758 3629/3850/3757
f 2358/2525/2486 2361/2528/2489 3631/3852/3759 3598/3812/3726
f 2356/2523/2484 3632/3853/3760 3631/3852/3759 2361/2528/2489
f 3633/3854/3761 3634/3855/3762 3631/3852/3759 3632/3853/3760
f 3600/3814/3728 3598/3812/3726 3631/3852/3759 3634/3855/3762
f 2352/2519/2480 3628/3849/3756 3635/3856/3763 2353/2520/2481
f 3625/3846/3753 3636/3857/3764 3635/3856/3763 3628/3849/3756
f 3633/3854/3761 3632/3853/3760 3635/3856/3763 3636/3857/3764
f 2356/2523/2484 2353/2520/2481 3635/3856/3763 3632/3853/3760
f 3292/3495/3420 3295/3498/3423 3637/3858/3765 3623/3844/3751
f 3300/3503/3428 3638/3859/3766 3637/3858/3765 3295/3498/3423
f 3633/3854/3761 3636/3857/3764 3637/3858/3765 3638/3859/3766
f 3625/3846/3753 3623/3844/3751 3637/3858/3765 3636/3857/3764
f 3284/3511/3412 3603/3818/3731 3639/3860/3767 3306/3512/3434
f 3600/3814/3728 3634/3855/3762 3639/3860/3767 3603/3818/3731
f 3633/3854/3761 3638/3859/3766 3639/3860/3767 3634/3855/3762
f 3300/3503/3428 3306/3512/3434 3639/3860/3767 3638/3859/3766
f 2561/2740/2689 2564/2743/2692 3640/3861/3768 3641/3862/3769
f 2556/2735/2684 3642/3863/3770 3640/3861/3768 2564/2743/2692
f 3643/3864/3771 3644/3865/3772 3640/3861/3768 3642/3863/3770
f 3645/3866/3773 3641/3862/3769 3640/3861/3768 3644/3865/3772
f 2552/2731/2680 3646/3867/3774 3647/3868/3775 2553/2732/2681
f 3648/3869/3776 3649/3870/3777 3647/3868/3775 3646/3867/3774
f 3643/3864/3771 3642/3863/3770 3647/3868/3775 3649/3870/3777
f 2556/2735/2684 2553/2732/2681 3647/3868/3775 3642/3863/3770
f 22/22/22 3417/3624/3545 3650/3871/3778 3651/3872/3779
f 3422/3629/3550 3652/3873/3780 3650/3871/3778 3417/3624/3545
f 3643/3864/3771 3649/3870/3777 3650/3871/3778 3652/3873/3780
f 3648/3869/3776 3651/3872/3779 3650/3871/3778 3649/3870/3777
f 3264/3467/3392 3653/3874/3781 3654/3875/3782 3428/3635/3556
f 3645/3866/3773 3644/3865/3772 3654/3875/3782 3653/3874/3781
f 3643/3864/3771 3652/3873/3780 3654/3875/3782 3644/3865/3772
f 3422/3629/3550 3428/3635/3556 3654/3875/3782 3652/3873/3780
f 3264/3467/3392 3267/3470/3395 3655/3876/3783 3653/3874/3781
f 3262/3465/3390 3656/3877/3784 3655/3876/3783 3267/3470/3395
f 3657/3878/3785 3658/3879/3786 3655/3876/3783 3656/3877/3784
f 3645/3866/3773 3653/3874/3781 3655/3876/3783 3658/3879/3786
f 3243/3446/3371 3659/3880/3787 3660/3881/3788 3260/3463/3388
f 3661/3882/3789 3662/3883/3790 3660/3881/3788 3659/3880/3787
f 3657/3878/3785 3656/3877/3784 3660/3881/3788 3662/3883/3790
f 3262/3465/3390 3260/3463/3388 3660/3881/3788 3656/3877/3784
f 2567/2746/2695 2570/2749/2698 3663/3884/3791 3664/3885/3792
f 2565/2744/2693 3665/3886/3793 3663/3884/3791 2570/2749/2698
f 3657/3878/3785 3662/3883/3790 3663/3884/3791 3665/3886/3793
f 3661/3882/3789 3664/3885/3792 3663/3884/3791 3662/3883/3790
f 2561/2740/2689 3641/3862/3769 3666/3887/3794 2562/2741/2690
f 3645/3866/3773 3658/3879/3786 3666/3887/3794 3641/3862/3769
f 3657/3878/3785 3665/3886/3793 3666/3887/3794 3658/3879/3786
f 2565/2744/2693 2562/2741/2690 3666/3887/3794 3665/3886/3793
f 22/22/22 3651/3872/3779 3667/3888/3795 23/23/23
f 3648/3869/3776 3668/3889/3796 3667/3888/3795 3651/3872/3779
f 3669/3890/3797 3670/3891/3798 3667/3888/3795 3668/3889/3796
f 9/9/9 23/23/23 3667/3888/3795 3670/3891/3798
f 2552/2731/2680 2555/2734/2683 3671/3892/3799 3646/3867/3774
f 2560/2739/2688 3672/3893/3800 3671/3892/3799 2555/2734/2683
f 3669/3890/3797 3668/3889/3796 3671/3892/3799 3672/3893/3800
f 3648/3869/3776 3646/3867/3774 3671/3892/3799 3668/3889/3796
f 2573/2752/2701 3673/3894/3801 3674/3895/3802 2574/2753/2702
f 3675/3896/3803 3676/3897/3804 3674/3895/3802 3673/3894/3801
f 3669/3890/3797 3672/3893/3800 3674/3895/3802 3676/3897/3804
f 2560/2739/2688 2574/2753/2702 3674/3895/3802 3672/3893/3800
f 1/1/1 4/4/4 3677/3898/3805 3678/3899/3806
f 9/9/9 3670/3891/3798 3677/3898/3805 4/4/4
f 3669/3890/3797 3676/3897/3804 3677/3898/3805 3670/3891/3798
f 3675/3896/3803 3678/3899/3806 3677/3898/3805 3676/3897/3804
f 2573/2752/2701 2576/2755/2704 3679/3900/3807 3673/3894/3801
f 2571/2750/2699 3680/3901/3808 3679/3900/3807 2576/2755/2704
f 3681/3902/3809 3682/3903/3810 3679/3900/3807 3680/3901/3808
f 3675/3896/3803 3673/3894/3801 3679/3900/3807 3682/3903/3810
f 2567/2746/2695 3664/3885/3792 3683/3904/3811 2568/2747/2696
f 3661/3882/3789 3684/3905/3812 3683/3904/3811 3664/3885/3792
f 3681/3902/3809 3680/3901/3808 3683/3904/3811 3684/3905/3812
f 2571/2750/2699 2568/2747/2696 3683/3904/3811 3680/3901/3808
f 3243/3446/3371 3246/3449/3374 3685/3906/3813 3659/3880/3787
f 3241/3444/3369 3686/3907/3814 3685/3906/3813 3246/3449/3374
f 3681/3902/3809 3684/3905/3812 3685/3906/3813 3686/3907/3814
f 3661/3882/3789 3659/3880/3787 3685/3906/3813 3684/3905/3812
f 1/1/1 3678/3899/3806 3687/3908/3815 3239/3442/3367
f 3675/3896/3803 3682/3903/3810 3687/3908/3815 3678/3899/3806
f 3681/3902/3809 3686/3907/3814 3687/3908/3815 3682/3903/3810
f 3241/3444/3369 3239/3442/3367 3687/3908/3815 3686/3907/3814
f 3725/3909/3816 3724/3910/3816 3723/3911/3816 3731/3912/3816 3733/3913/3816 3732/3914/3816 3730/3915/3816 3728/3916/3816 3729/3917/3816 3726/3918/3816 3727/3919/3816 3692/3920/3816 3690/3921/3816 3689/3922/3816 3688/3923/3816 3691/3924/3816 3702/3925/3816 3700/3926/3816 3699/3927/3816 3701/3928/3816 3698/3929/3816 3697/3930/3816 3696/3931/3816 3694/3932/3816 3693/3933/3816 3695/3934/3816 3710/3935/3816 3711/3936/3816 3712/3937/3816 3709/3938/3816 3708/3939/3816 3707/3940/3816 3706/3941/3816 3705/3942/3816 3703/3943/3816 3704/3944/3816 3722/3945/3816 3717/3946/3816 3716/3947/3816 3718/3948/3816 3719/3949/3816 3720/3950/3816 3721/3951/3816 3715/3952/3816 3713/3953/3816 3714/3954/3816 3747/3955/3816 3749/3956/3816 3748/3957/3816 3746/3958/3816 3745/3959/3816 3744/3960/3816 3743/3961/3816 3750/3962/3816 3751/3963/3816 3752/3964/3816 3753/3965/3816 3754/3966/3816 3760/3967/3816 3758/3968/3816 3759/3969/3816 3756/3970/3816 3755/3971/3816 3757/3972/3816 3767/3973/3816 3768/3974/3816 3769/3975/3816 3770/3976/3816 3766/3977/3816 3764/3978/3816 3765/3979/3816 3761/3980/3816 3762/3981/3816 3763/3982/3816 3778/3983/3816 3774/3984/3816 3775/3985/3816 3776/3986/3816 3777/3987/3816 3780/3988/3816 3781/3989/3816 3779/3990/3816 3773/3991/3816 3771/3992/3816 3772/3993/3816 3782/3994/3816 3785/3995/3816 3783/3996/3816 3784/3997/3816 3786/3998/3816 3787/3999/3816 3788/4000/3816 3789/4001/3816 3794/4002/3816 3795/4003/3816 3796/4004/3816 3797/4005/3816 3793/4006/3816 3792/4007/3816 3790/4008/3816 3791/4009/3816 3801/4010/3816 3802/4011/3816 3803/4012/3816 3815/4013/3816 3813/4014/3816 3814/4015/3816 3812/4016/3816 3800/4017/3816 3798/4018/3816 3799/4019/3816 3809/4020/3816 3811/4021/3816 3810/4022/3816 3808/4023/3816 3806/4024/3816 3807/4025/3816 3805/4026/3816 3804/4027/3816 3739/4028/3816 3738/4029/3816 3737/4030/3816 3736/4031/3816 3734/4032/3816 3735/4033/3816 3742/4034/3816 3741/4035/3816 3740/4036/3816
