# Blender 4.5.3 LTS
# www.blender.org
mtllib PieDer.mtl
o PieDer
v -98.057564 -15.578637 45.188305
v -98.025375 -15.299061 45.287949
v -98.130898 -15.500942 45.228992
v -98.242439 -15.568500 45.165722
v -98.244598 -15.289736 45.326927
v -98.220474 -15.240809 45.347019
v -98.057938 -15.147314 45.365177
v -98.345665 -15.282350 45.295746
v -98.393944 -15.459263 45.197884
v -98.400063 -15.272074 45.329475
v -98.403030 -15.187349 45.357140
v -98.302628 -15.627187 45.130791
v -98.057564 -15.578637 45.188305
v -97.915344 -15.492428 45.338310
v -98.025375 -15.299061 45.287949
v -97.860977 -15.419802 45.500957
v -97.845825 -15.214674 45.533325
v -98.057938 -15.147314 45.365177
v -97.920174 -15.054491 45.525848
v -97.860069 -15.021425 45.729965
v -97.836250 -15.600476 45.682964
v -97.875427 -15.380301 45.947720
v -97.841919 -15.037879 45.850231
v -97.845825 -15.214674 45.533325
v -97.860069 -15.021425 45.729965
v -97.851189 -15.622217 45.573326
v -97.850502 -14.988914 45.887096
v -97.884232 -15.224771 46.149090
v -97.885101 -15.011269 46.059292
v -97.878998 -15.267698 46.244576
v -97.863396 -15.408318 46.094627
v -97.844040 -15.484686 46.109818
v -97.850838 -15.440275 46.025002
v -97.853615 -15.612416 46.169712
v -98.399445 -16.117256 44.836872
v -98.312447 -16.053778 44.923985
v -98.382278 -16.008278 44.939499
v -98.399445 -16.117256 44.836872
v -98.382278 -16.008278 44.939499
v -98.578415 -16.075300 45.030293
v -98.302628 -15.627187 45.130791
v -98.390831 -15.641562 45.066162
v -98.389404 -15.566540 45.080051
v -98.302628 -15.627187 45.130791
v -98.389404 -15.566540 45.080051
v -98.393944 -15.459263 45.197884
v -98.578415 -16.075300 45.030293
v -98.855003 -16.315119 45.426750
v -98.593483 -15.879280 45.144707
v -98.605858 -15.856926 45.209362
v -99.036293 -16.253717 45.646214
v -99.048866 -16.103199 45.715881
v -98.390831 -15.641562 45.066162
v -99.354866 -16.316404 46.019863
v -99.552238 -16.158421 46.271358
v -99.634277 -16.258114 46.319717
v -99.515892 -16.552698 46.283791
v -98.390831 -15.641562 45.066162
v -98.439728 -15.596477 45.102398
v -98.402885 -15.560619 45.091885
v -98.605858 -15.856926 45.209362
v -98.390831 -15.641562 45.066162
v -98.455025 -15.540522 45.092079
v -98.389404 -15.566540 45.080051
v -98.390831 -15.641562 45.066162
v -98.402885 -15.560619 45.091885
v -98.455025 -15.540522 45.092079
v -98.389404 -15.566540 45.080051
v -98.439728 -15.596477 45.102398
v -98.393944 -15.459263 45.197884
v -98.389404 -15.566540 45.080051
v -98.402885 -15.560619 45.091885
v -98.455025 -15.540522 45.092079
v -98.389404 -15.566540 45.080051
v -98.402885 -15.560619 45.091885
v -98.439728 -15.596477 45.102398
v -98.057938 -15.147314 45.365177
v -98.220474 -15.240809 45.347019
v -98.191536 -15.096012 45.550602
v -97.920174 -15.054491 45.525848
v -97.860069 -15.021425 45.729965
v -98.403030 -15.187349 45.357140
v -98.147278 -14.904606 45.631878
v -98.109879 -15.009565 45.675461
v -98.345665 -15.282350 45.295746
v -97.885101 -15.011269 46.059292
v -98.258881 -14.983469 45.505577
v -98.393944 -15.459263 45.197884
v -98.482300 -15.576736 45.261486
v -98.400063 -15.272074 45.329475
v -98.578712 -15.546720 45.379318
v -98.889557 -15.852451 45.521843
v -99.097298 -15.773826 45.805191
v -99.483925 -16.116068 46.213970
v -99.442902 -15.835800 46.358906
v -99.120705 -15.638077 45.695957
v -99.097298 -15.773826 45.805191
v -99.526024 -15.696328 46.437744
v -99.587486 -15.857936 46.562881
v -98.575951 -15.453342 45.350548
v -98.578712 -15.546720 45.379318
v -98.894737 -15.919177 45.426193
v -98.593857 -15.727137 45.163483
v -98.393944 -15.459263 45.197884
v -98.455025 -15.540522 45.092079
v -98.393944 -15.459263 45.197884
v -98.439728 -15.596477 45.102398
v -98.455025 -15.540522 45.092079
v -97.850838 -15.440275 46.025002
v -97.853615 -15.612416 46.169712
v -97.722244 -15.631820 46.135761
v -97.783318 -15.711218 46.324688
v -97.988510 -15.829404 46.504402
v -98.605858 -15.856926 45.209362
v -98.439728 -15.596477 45.102398
v -98.593857 -15.727137 45.163483
v -98.894737 -15.919177 45.426193
v -99.048866 -16.103199 45.715881
v -98.455025 -15.540522 45.092079
v -97.853615 -15.612416 46.169712
v -97.844040 -15.484686 46.109818
v -97.988510 -15.829404 46.504402
v -98.077873 -15.691359 46.464207
v -98.085098 -15.616138 46.456951
v -97.863396 -15.408318 46.094627
v -97.860069 -15.021425 45.729965
v -98.191536 -15.096012 45.550602
v -98.109879 -15.009565 45.675461
v -97.850502 -14.988914 45.887096
v -97.863396 -15.408318 46.094627
v -97.878998 -15.267698 46.244576
v -98.085098 -15.616138 46.456951
v -98.894737 -15.919177 45.426193
v -99.048866 -16.103199 45.715881
v -99.483925 -16.116068 46.213970
v -99.552238 -16.158421 46.271358
v -99.638512 -15.948125 46.444885
v -98.400063 -15.272074 45.329475
v -98.403030 -15.187349 45.357140
v -98.480652 -15.292270 45.300632
v -98.400063 -15.272074 45.329475
v -98.578712 -15.546720 45.379318
v -98.575951 -15.453342 45.350548
v -98.480652 -15.292270 45.300632
v -98.781021 -15.527256 45.310379
v -98.403030 -15.187349 45.357140
v -98.341835 -15.041700 45.371941
v -98.334229 -15.199963 45.295452
v -98.257744 -15.257125 45.229328
v -98.300865 -15.301754 45.230335
v -98.116463 -15.218435 45.152954
v -98.403030 -15.187349 45.357140
v -98.480652 -15.292270 45.300632
v -98.510529 -15.248116 45.281116
v -98.341835 -15.041700 45.371941
v -98.403030 -15.187349 45.357140
v -98.334229 -15.199963 45.295452
v -98.258881 -14.983469 45.505577
v -98.188118 -15.098982 45.350056
v -98.300865 -15.301754 45.230335
v -97.988510 -15.829404 46.504402
v -98.233215 -15.785507 46.686047
v -98.077873 -15.691359 46.464207
v -98.518562 -15.846254 46.968399
v -98.295265 -15.958183 46.914707
v -98.390511 -16.025780 47.036892
v -98.653862 -15.926147 47.152874
v -98.838020 -15.724483 47.121441
v -98.950821 -15.750739 47.199635
v -98.590935 -15.679775 47.054264
v -99.075569 -15.573688 47.114147
v -98.540962 -15.726543 46.997799
v -98.838020 -15.724483 47.121441
v -98.590935 -15.679775 47.054264
v -98.217354 -15.629385 46.762897
v -98.085098 -15.616138 46.456951
v -98.014885 -15.506269 46.441315
v -97.878998 -15.267698 46.244576
v -98.109879 -15.009565 45.675461
v -97.885101 -15.011269 46.059292
v -97.850502 -14.988914 45.887096
v -97.878998 -15.267698 46.244576
v -97.885101 -15.011269 46.059292
v -97.809906 -15.165926 46.059837
v -97.805519 -15.031761 45.964870
v -97.732132 -15.178677 45.882687
v -97.754631 -15.063936 45.792141
v -97.765327 -15.191547 45.746754
v -97.840057 -15.161689 45.413059
v -97.930817 -14.906704 45.702427
v -97.885101 -15.011269 46.059292
v -97.983543 -14.874826 45.819695
v -97.923431 -15.117476 45.384232
v -97.878998 -15.267698 46.244576
v -97.820290 -15.296844 46.263042
v -98.014885 -15.506269 46.441315
v -97.701904 -15.024990 45.993195
v -97.878998 -15.267698 46.244576
v -97.809906 -15.165926 46.059837
v -97.701904 -15.024990 45.993195
v -98.575951 -15.453342 45.350548
v -99.120705 -15.638077 45.695957
v -98.781021 -15.527256 45.310379
v -98.147278 -14.904606 45.631878
v -97.885101 -15.011269 46.059292
v -97.983543 -14.874826 45.819695
v -98.147278 -14.904606 45.631878
v -98.258881 -14.983469 45.505577
v -98.061775 -15.215921 45.226261
v -97.983543 -14.874826 45.819695
v -97.930817 -14.906704 45.702427
v -98.188118 -15.098982 45.350056
v -98.480652 -15.292270 45.300632
v -98.510529 -15.248116 45.281116
v -98.408661 -15.400120 45.127419
v -98.390221 -15.434355 45.063000
v -98.181213 -15.704189 44.921227
v -98.480652 -15.292270 45.300632
v -98.408661 -15.400120 45.127419
v -98.557487 -15.418673 45.150909
v -98.781021 -15.527256 45.310379
v -98.930573 -15.609624 45.324043
v -99.120705 -15.638077 45.695957
v -99.507263 -15.736898 46.083778
v -99.094482 -15.768163 45.432171
v -99.595749 -15.958995 46.178871
v -99.686226 -15.682785 46.458492
v -99.760941 -15.830097 46.630714
v -99.774048 -15.624079 46.793011
v -99.746704 -15.680449 46.925922
v -99.842163 -15.925058 46.900494
v -99.746704 -15.680449 46.925922
v -99.836914 -16.088625 46.532936
v -99.868851 -16.332937 46.740635
v -99.651909 -15.826929 47.236500
v -99.832138 -16.327869 46.971786
v -99.763954 -16.307554 47.147049
v -99.684502 -16.425186 47.305885
v -99.687050 -16.305218 47.272926
v -99.871407 -16.528324 46.839550
v -99.842751 -16.880745 46.855888
v -99.802467 -16.517296 47.086018
v -99.785866 -16.746817 47.103436
v -99.868095 -16.478012 46.658897
v -99.834671 -16.680132 46.592129
v -99.686142 -16.541670 46.291687
v -99.605621 -16.703753 46.240376
v -99.788750 -16.908880 46.601032
v -99.235947 -16.915276 46.016644
v -98.598633 -16.935690 45.396301
v -98.985680 -16.599665 45.703629
v -99.297958 -16.550678 46.005009
v -98.598579 -16.585724 45.201241
v -99.297958 -16.550678 46.005009
v -98.395035 -16.739155 45.058434
v -98.079292 -16.584259 44.497482
v -98.144264 -16.917969 44.773312
v -97.940163 -16.874151 44.400276
v -97.815613 -16.554817 44.128326
v -98.059410 -16.511198 44.458420
v -98.307892 -16.474548 44.766186
v -97.692757 -16.470112 44.007568
v -97.981400 -16.361490 44.314438
v -98.540276 -16.420078 45.072018
v -98.157990 -16.153490 44.514408
v -97.630203 -16.305534 43.986736
v -98.608810 -16.029978 45.059540
v -98.759491 -16.297218 45.261402
v -97.874374 -16.122761 44.229256
v -98.371750 -15.994378 44.848999
v -98.528114 -15.828771 45.070965
v -98.356224 -15.748640 45.016293
v -98.210083 -15.893952 44.835346
v -97.892326 -15.989052 44.375313
v -97.599571 -15.918286 44.289124
v -97.957260 -15.875439 44.707970
v -97.957260 -15.875439 44.707970
v -98.181213 -15.704189 44.921227
v -98.744408 -15.968024 45.288551
v -98.528114 -15.828771 45.070965
v -98.855530 -15.848828 45.317406
v -99.110764 -16.141413 45.726509
v -99.109116 -16.286428 45.711220
v -99.484306 -16.204515 46.158710
v -99.474045 -16.305298 46.117588
v -99.413910 -16.408455 46.072830
v -98.965538 -16.468390 45.644588
v -99.569977 -16.198753 46.186443
v -99.694565 -16.424374 46.293339
v -99.766289 -16.364717 46.416870
v -99.589447 -16.064350 46.236748
v -99.683311 -16.029860 46.360542
v -99.589447 -16.064350 46.236748
v -98.539566 -15.638294 45.084267
v -98.457741 -15.522246 45.066288
v -98.685745 -15.602714 45.101780
v -98.855530 -15.848828 45.317406
v -98.356224 -15.748640 45.016293
v -98.181213 -15.704189 44.921227
v -99.190903 -15.984854 45.674789
v -99.589447 -16.064350 46.236748
v -99.670334 -16.864786 47.289951
v -99.684525 -16.735809 47.318821
v -99.723701 -16.502783 47.351780
v -99.600876 -15.609743 47.142399
v -99.642693 -15.486667 46.958164
v -99.391045 -15.476014 47.250946
v -99.507767 -15.442295 47.017624
v -99.774048 -15.624079 46.793011
v -98.510529 -15.248116 45.281116
v -98.375977 -15.045720 45.302986
v -98.341835 -15.041700 45.371941
v -98.510529 -15.248116 45.281116
v -98.390221 -15.434355 45.063000
v -98.367523 -15.239087 45.183533
v -98.375977 -15.045720 45.302986
v -98.212593 -15.198893 45.128872
v -98.306870 -15.352184 45.074608
v -98.014885 -15.506269 46.441315
v -97.820290 -15.296844 46.263042
v -97.932129 -15.532978 46.608021
v -98.217354 -15.629385 46.762897
v -98.372452 -15.701200 47.056938
v -98.341835 -15.041700 45.371941
v -98.375977 -15.045720 45.302986
v -98.116463 -15.218435 45.152954
v -98.212593 -15.198893 45.128872
v -97.820290 -15.296844 46.263042
v -97.701904 -15.024990 45.993195
v -97.684677 -15.225861 45.999828
v -97.639656 -15.400675 45.935341
v -97.675201 -15.420692 46.016895
v -97.707611 -15.595407 46.157700
v -97.433868 -15.636572 45.528873
v -97.449760 -15.667183 45.539974
v -97.717865 -15.415782 46.292107
v -97.794250 -15.629227 46.508812
v -97.932129 -15.532978 46.608021
v -97.717865 -15.415782 46.292107
v -98.067444 -15.768479 46.912327
v -97.833214 -15.744403 46.517143
v -98.060738 -15.911852 46.849224
v -98.055656 -16.040888 46.847950
v -98.396004 -15.967390 47.168804
v -98.394836 -15.753571 47.183605
v -98.634491 -15.868548 47.317043
v -98.466858 -16.090765 47.202534
v -98.583229 -15.943729 47.287571
v -99.060982 -15.778103 47.381615
v -98.804459 -16.033522 47.389988
v -98.814690 -16.279518 47.397423
v -99.170349 -16.014494 47.442490
v -99.081825 -16.296703 47.480335
v -99.344856 -16.304703 47.467552
v -98.856651 -16.373270 47.406227
v -99.258751 -16.421562 47.496395
v -99.684502 -16.425186 47.305885
v -99.687050 -16.305218 47.272926
v -99.522850 -15.992418 47.356091
v -99.394249 -15.634711 47.302765
v -99.651909 -15.826929 47.236500
v -99.763954 -16.307554 47.147049
v -99.687050 -16.305218 47.272926
v -99.600876 -15.609743 47.142399
v -99.391045 -15.476014 47.250946
v -99.362396 -15.445245 47.173885
v -99.507767 -15.442295 47.017624
v -99.362396 -15.445245 47.173885
v -98.804413 -15.668470 47.334225
v -99.062714 -15.684647 47.389595
v -98.804413 -15.668470 47.334225
v -98.394836 -15.753571 47.183605
v -98.818321 -15.593091 47.200699
v -98.372452 -15.701200 47.056938
v -98.466942 -16.374241 47.155575
v -98.604416 -16.443205 47.271961
v -98.978714 -16.436810 47.467636
v -98.954224 -16.822275 47.436932
v -99.258751 -16.421562 47.496395
v -99.342407 -16.834572 47.496155
v -99.437263 -16.702169 47.458313
v -99.684525 -16.735809 47.318821
v -99.670334 -16.864786 47.289951
v -99.471352 -16.489239 47.450710
v -98.532791 -16.842175 47.078499
v -97.942360 -16.871815 46.430756
v -98.306702 -16.638096 46.913937
v -98.117638 -16.498625 46.738731
v -98.148941 -16.438868 46.773705
v -97.434769 -16.512960 46.165039
v -97.469170 -16.665598 46.112492
v -97.642090 -16.460886 46.293201
v -96.710121 -16.465380 45.707886
v -97.273232 -16.891932 45.920387
v -96.902687 -16.844868 45.696098
v -96.423187 -16.594852 45.393513
v -96.548050 -16.837204 45.468307
v -96.303848 -16.492525 45.271091
v -96.844513 -16.422058 45.774906
v -97.642090 -16.460886 46.293201
v -98.117638 -16.498625 46.738731
v -97.392471 -16.403288 46.155308
v -97.853294 -16.333828 46.537163
v -98.359993 -16.297457 47.034344
v -98.030037 -16.135731 46.807041
v -97.342041 -16.268074 46.091518
v -97.601631 -16.070370 46.366703
v -97.749420 -15.860252 46.395069
v -97.558418 -15.815584 45.972359
v -97.526527 -15.938284 46.060452
v -97.278633 -15.944699 45.716175
v -97.312538 -16.056787 46.010525
v -97.167183 -16.168043 45.910084
v -96.861443 -16.044512 45.387802
v -96.950623 -15.943373 45.278511
v -96.503609 -16.287003 45.387943
v -96.675972 -15.980953 45.099178
v -96.854790 -15.859084 45.005962
v -96.658638 -15.890764 44.840221
v -97.155693 -15.879973 45.402462
v -97.505013 -15.732483 45.745899
v -96.303848 -16.492525 45.271091
v -96.821198 -16.364340 45.770580
v -96.844513 -16.422058 45.774906
v -96.303848 -16.492525 45.271091
v -97.642090 -16.460886 46.293201
v -98.148941 -16.438868 46.773705
v -97.686806 -15.786101 46.273235
v -97.749420 -15.860252 46.395069
v -98.583229 -15.943729 47.287571
v -97.820290 -15.296844 46.263042
v -96.854790 -15.859084 45.005962
v -97.635849 -15.317594 45.831654
v -97.580109 -15.375173 45.618969
v -97.569290 -15.497200 45.554073
v -97.566277 -15.392319 45.327362
v -97.595764 -15.296744 45.448494
v -97.635284 -15.209664 45.603973
v -97.613770 -15.150205 45.760460
v -97.647423 -15.145275 45.751469
v -97.820290 -15.296844 46.263042
v -97.675201 -15.420692 46.016895
v -97.717865 -15.415782 46.292107
v -98.188118 -15.098982 45.350056
v -98.257744 -15.257125 45.229328
v -98.061775 -15.215921 45.226261
v -98.219551 -15.378420 45.149410
v -98.188118 -15.098982 45.350056
v -98.300865 -15.301754 45.230335
v -98.257744 -15.257125 45.229328
v -97.809906 -15.165926 46.059837
v -97.732132 -15.178677 45.882687
v -97.701904 -15.024990 45.993195
v -97.702911 -15.101992 45.786739
v -98.390221 -15.434355 45.063000
v -98.306870 -15.352184 45.074608
v -98.207787 -15.422593 45.026821
v -98.149017 -15.503912 44.945393
v -98.181213 -15.704189 44.921227
v -98.133011 -15.277974 45.038906
v -98.217354 -15.629385 46.762897
v -98.590935 -15.679775 47.054264
v -98.372452 -15.701200 47.056938
v -98.061775 -15.215921 45.226261
v -98.219551 -15.378420 45.149410
v -98.231155 -15.307219 45.157070
v -98.061775 -15.215921 45.226261
v -97.955582 -15.056888 45.351639
v -97.923431 -15.117476 45.384232
v -97.813599 -15.048215 45.503056
v -98.061775 -15.215921 45.226261
v -98.116463 -15.218435 45.152954
v -98.231155 -15.307219 45.157070
v -98.061775 -15.215921 45.226261
v -98.027206 -15.142760 45.244644
v -97.955582 -15.056888 45.351639
v -98.061775 -15.215921 45.226261
v -98.116463 -15.218435 45.152954
v -98.027206 -15.142760 45.244644
v -98.061775 -15.215921 45.226261
v -97.923431 -15.117476 45.384232
v -97.930817 -14.906704 45.702427
v -98.381119 -16.082071 47.104977
v -98.390511 -16.025780 47.036892
v -98.670021 -16.046373 47.256588
v -98.381119 -16.082071 47.104977
v -98.670021 -16.046373 47.256588
v -98.659325 -16.207129 47.240013
v -98.567772 -16.460430 47.081818
v -98.872910 -16.068766 47.322323
v -98.977112 -16.426573 47.338131
v -99.148651 -16.212297 47.400795
v -99.265106 -16.457342 47.379936
v -99.406433 -16.213940 47.348461
v -99.523453 -16.488031 47.253956
v -99.664436 -16.513851 47.074970
v -99.650017 -16.197487 47.168133
v -99.480339 -15.937156 47.262905
v -99.692513 -15.912228 47.053398
v -99.785149 -16.289516 46.895565
v -99.751930 -15.946581 46.817989
v -99.749046 -16.063757 46.607811
v -99.759178 -16.506426 46.692543
v -99.759178 -16.506426 46.692543
v -99.515892 -16.552698 46.283791
v -99.685074 -16.278885 46.425926
v -99.634277 -16.258114 46.319717
v -99.638512 -15.948125 46.444885
v -99.552238 -16.158421 46.271358
v -99.708527 -15.831028 46.678291
v -99.676971 -15.703299 46.866180
v -99.677513 -15.772341 46.960644
v -99.611107 -15.775469 47.071095
v -99.583824 -15.660471 47.062344
v -99.751930 -15.946581 46.817989
v -99.562683 -15.511713 46.880615
v -99.352585 -15.592339 47.175861
v -99.355179 -15.451977 47.105396
v -99.399910 -15.661976 47.228588
v -99.139297 -15.716623 47.301838
v -99.462997 -15.777310 47.220577
v -99.214859 -15.799467 47.297764
v -98.844307 -15.856055 47.286606
v -99.232361 -15.878429 47.325626
v -98.570396 -15.967173 47.214924
v -98.390511 -16.025780 47.036892
v -99.611107 -15.775469 47.071095
v -98.390511 -16.025780 47.036892
v -98.653862 -15.926147 47.152874
v -98.570396 -15.967173 47.214924
v -98.844307 -15.856055 47.286606
v -98.950821 -15.750739 47.199635
v -98.257744 -15.257125 45.229328
v -98.231155 -15.307219 45.157070
v -98.116463 -15.218435 45.152954
v -98.257744 -15.257125 45.229328
v -98.231155 -15.307219 45.157070
v -98.219551 -15.378420 45.149410
v -97.701904 -15.024990 45.993195
v -97.702911 -15.101992 45.786739
v -97.647423 -15.145275 45.751469
v -97.696663 -15.182004 45.651772
v -99.120705 -15.638077 45.695957
v -99.526024 -15.696328 46.437744
v -99.507263 -15.736898 46.083778
v -99.686226 -15.682785 46.458492
v -99.606407 -15.590240 46.645306
v -99.642693 -15.486667 46.958164
v -99.507767 -15.442295 47.017624
v -99.562683 -15.511713 46.880615
v -97.923431 -15.117476 45.384232
v -97.813599 -15.048215 45.503056
v -97.840057 -15.161689 45.413059
v -98.212593 -15.198893 45.128872
v -98.116463 -15.218435 45.152954
v -98.027206 -15.142760 45.244644
v -98.212593 -15.198893 45.128872
v -98.133011 -15.277974 45.038906
v -97.983315 -15.153353 45.186470
v -98.027206 -15.142760 45.244644
v -98.212593 -15.198893 45.128872
v -98.306870 -15.352184 45.074608
v -98.133011 -15.277974 45.038906
v -97.639656 -15.400675 45.935341
v -97.569290 -15.497200 45.554073
v -97.433868 -15.636572 45.528873
v -97.453011 -15.566875 45.350071
v -97.341454 -15.632711 45.254528
v -96.994232 -15.822791 45.096489
v -97.256287 -15.660668 45.146038
v -97.168953 -15.692527 45.052204
v -97.071617 -15.739037 44.938744
v -96.956573 -15.776597 44.821178
v -96.637108 -15.864648 44.820900
v -96.939240 -15.784161 44.614082
v -96.959846 -15.802853 44.537189
v -97.073448 -15.668569 44.782536
v -97.173180 -15.639225 44.836903
v -97.241028 -15.557926 44.963833
v -97.318184 -15.557669 44.998260
v -97.732132 -15.178677 45.882687
v -97.702911 -15.101992 45.786739
v -97.765327 -15.191547 45.746754
v -97.754631 -15.063936 45.792141
v -97.796028 -15.261303 45.492233
v -97.765327 -15.191547 45.746754
v -97.840057 -15.161689 45.413059
v -97.726456 -15.320723 45.685570
v -97.750542 -15.319772 45.506557
v -98.372452 -15.701200 47.056938
v -98.590935 -15.679775 47.054264
v -98.818321 -15.593091 47.200699
v -99.075569 -15.573688 47.114147
v -99.173058 -15.488884 47.177864
v -99.362396 -15.445245 47.173885
v -99.355179 -15.451977 47.105396
v -99.507767 -15.442295 47.017624
v -97.702911 -15.101992 45.786739
v -97.645943 -15.023129 45.661362
v -97.696663 -15.182004 45.651772
v -97.702911 -15.101992 45.786739
v -97.701775 -14.998299 45.691406
v -97.645943 -15.023129 45.661362
v -97.702911 -15.101992 45.786739
v -97.765327 -15.191547 45.746754
v -97.679993 -15.046433 45.682140
v -97.702911 -15.101992 45.786739
v -97.701775 -14.998299 45.691406
v -97.679993 -15.046433 45.682140
v -99.483925 -16.116068 46.213970
v -99.638512 -15.948125 46.444885
v -99.587486 -15.857936 46.562881
v -99.526024 -15.696328 46.437744
v -99.562683 -15.511713 46.880615
v -99.708527 -15.831028 46.678291
v -99.676971 -15.703299 46.866180
v -97.635849 -15.317594 45.831654
v -97.647423 -15.145275 45.751469
v -97.613770 -15.150205 45.760460
v -97.647423 -15.145275 45.751469
v -97.696663 -15.182004 45.651772
v -97.613770 -15.150205 45.760460
v -97.765327 -15.191547 45.746754
v -97.696663 -15.182004 45.651772
v -97.679993 -15.046433 45.682140
v -97.645943 -15.023129 45.661362
v -97.765327 -15.191547 45.746754
v -97.726456 -15.320723 45.685570
v -97.696663 -15.182004 45.651772
v -97.955582 -15.056888 45.351639
v -97.813599 -15.048215 45.503056
v -97.852127 -15.003507 45.391190
v -97.955582 -15.056888 45.351639
v -98.027206 -15.142760 45.244644
v -97.852127 -15.003507 45.391190
v -98.855530 -15.848828 45.317406
v -99.190903 -15.984854 45.674789
v -99.589447 -16.064350 46.236748
v -97.813599 -15.048215 45.503056
v -97.840057 -15.161689 45.413059
v -97.781143 -15.106466 45.429131
v -97.836227 -15.259995 45.362854
v -97.813599 -15.048215 45.503056
v -97.852127 -15.003507 45.391190
v -97.813988 -15.119475 45.330566
v -97.813599 -15.048215 45.503056
v -97.701775 -14.998299 45.691406
v -97.679993 -15.046433 45.682140
v -97.781143 -15.106466 45.429131
v -97.813599 -15.048215 45.503056
v -97.813988 -15.119475 45.330566
v -97.713379 -15.001229 45.516243
v -97.701775 -14.998299 45.691406
v -98.027206 -15.142760 45.244644
v -97.882751 -15.149947 45.365948
v -97.852127 -15.003507 45.391190
v -98.027206 -15.142760 45.244644
v -97.983315 -15.153353 45.186470
v -97.882751 -15.149947 45.365948
v -97.813988 -15.119475 45.330566
v -97.696663 -15.182004 45.651772
v -97.836227 -15.259995 45.362854
v -97.781143 -15.106466 45.429131
v -97.698792 -15.239779 45.612934
v -97.696663 -15.182004 45.651772
v -97.613770 -15.150205 45.760460
v -97.781143 -15.106466 45.429131
v -97.696663 -15.182004 45.651772
v -97.726456 -15.320723 45.685570
v -97.698792 -15.239779 45.612934
v -97.750542 -15.319772 45.506557
v -97.613770 -15.150205 45.760460
v -97.781143 -15.106466 45.429131
v -97.748466 -15.187132 45.400375
v -97.813988 -15.119475 45.330566
v -97.613770 -15.150205 45.760460
v -97.635284 -15.209664 45.603973
v -97.748466 -15.187132 45.400375
v -97.852127 -15.003507 45.391190
v -97.882751 -15.149947 45.365948
v -97.813988 -15.119475 45.330566
v -98.207787 -15.422593 45.026821
v -98.149017 -15.503912 44.945393
v -98.198929 -15.413585 44.959549
v -98.207787 -15.422593 45.026821
v -98.133011 -15.277974 45.038906
v -98.198929 -15.413585 44.959549
v -97.840057 -15.161689 45.413059
v -97.836227 -15.259995 45.362854
v -97.796028 -15.261303 45.492233
v -98.133011 -15.277974 45.038906
v -97.983315 -15.153353 45.186470
v -98.107407 -15.239206 45.141041
v -98.133011 -15.277974 45.038906
v -98.087227 -15.274964 45.115879
v -98.107407 -15.239206 45.141041
v -98.133011 -15.277974 45.038906
v -98.009285 -15.269757 45.094780
v -98.087227 -15.274964 45.115879
v -98.133011 -15.277974 45.038906
v -98.071770 -15.356243 44.933201
v -98.009285 -15.269757 45.094780
v -98.133011 -15.277974 45.038906
v -98.198929 -15.413585 44.959549
v -98.071770 -15.356243 44.933201
v -97.796028 -15.261303 45.492233
v -97.659912 -15.236355 45.465549
v -97.750542 -15.319772 45.506557
v -97.667946 -15.211109 45.441578
v -97.796028 -15.261303 45.492233
v -97.779602 -15.394537 45.430168
v -97.836227 -15.259995 45.362854
v -97.813629 -15.225386 45.270393
v -97.796547 -15.403922 45.350811
v -97.760117 -15.432968 45.484100
v -97.796028 -15.261303 45.492233
v -97.779602 -15.394537 45.430168
v -97.667946 -15.211109 45.441578
v -97.645943 -15.023129 45.661362
v -97.781143 -15.106466 45.429131
v -97.679993 -15.046433 45.682140
v -97.645943 -15.023129 45.661362
v -97.701775 -14.998299 45.691406
v -97.713379 -15.001229 45.516243
v -97.645943 -15.023129 45.661362
v -97.713379 -15.001229 45.516243
v -97.781143 -15.106466 45.429131
v -97.983315 -15.153353 45.186470
v -97.756630 -15.115753 45.272141
v -97.945625 -15.176836 45.168999
v -97.983315 -15.153353 45.186470
v -97.945625 -15.176836 45.168999
v -97.813629 -15.225386 45.270393
v -97.983315 -15.153353 45.186470
v -97.813629 -15.225386 45.270393
v -97.813988 -15.119475 45.330566
v -97.983315 -15.153353 45.186470
v -97.899048 -15.184676 45.081116
v -97.756630 -15.115753 45.272141
v -97.983315 -15.153353 45.186470
v -98.087227 -15.274964 45.115879
v -98.107407 -15.239206 45.141041
v -97.899048 -15.184676 45.081116
v -98.181213 -15.704189 44.921227
v -97.957260 -15.875439 44.707970
v -98.001083 -15.827325 44.724182
v -98.181213 -15.704189 44.921227
v -98.149017 -15.503912 44.945393
v -98.057411 -15.590675 44.890469
v -98.181213 -15.704189 44.921227
v -98.001083 -15.827325 44.724182
v -98.057411 -15.590675 44.890469
v -97.951790 -15.703932 44.763119
v -98.838020 -15.724483 47.121441
v -98.950821 -15.750739 47.199635
v -99.352585 -15.592339 47.175861
v -99.075569 -15.573688 47.114147
v -99.355179 -15.451977 47.105396
v -97.836227 -15.259995 45.362854
v -97.813629 -15.225386 45.270393
v -97.813988 -15.119475 45.330566
v -97.836227 -15.259995 45.362854
v -97.698792 -15.239779 45.612934
v -97.748466 -15.187132 45.400375
v -97.836227 -15.259995 45.362854
v -97.748466 -15.187132 45.400375
v -97.813988 -15.119475 45.330566
v -97.635284 -15.209664 45.603973
v -97.748466 -15.187132 45.400375
v -97.698792 -15.239779 45.612934
v -97.635284 -15.209664 45.603973
v -97.750542 -15.319772 45.506557
v -97.595764 -15.296744 45.448494
v -97.635284 -15.209664 45.603973
v -97.698792 -15.239779 45.612934
v -97.750542 -15.319772 45.506557
v -97.686806 -15.786101 46.273235
v -97.749420 -15.860252 46.395069
v -98.055656 -16.040888 46.847950
v -97.781143 -15.106466 45.429131
v -97.713379 -15.001229 45.516243
v -97.813988 -15.119475 45.330566
v -98.844307 -15.856055 47.286606
v -98.950821 -15.750739 47.199635
v -99.139297 -15.716623 47.301838
v -99.352585 -15.592339 47.175861
v -97.433868 -15.636572 45.528873
v -96.994232 -15.822791 45.096489
v -96.854790 -15.859084 45.005962
v -98.149017 -15.503912 44.945393
v -98.158928 -15.506783 44.846073
v -98.093246 -15.529078 44.885540
v -98.149017 -15.503912 44.945393
v -98.057411 -15.590675 44.890469
v -98.123970 -15.575410 44.808846
v -98.158928 -15.506783 44.846073
v -98.149017 -15.503912 44.945393
v -98.068718 -15.501180 44.903236
v -98.093246 -15.529078 44.885540
v -98.149017 -15.503912 44.945393
v -98.198929 -15.413585 44.959549
v -98.110474 -15.378479 44.970303
v -98.068718 -15.501180 44.903236
v -97.930801 -15.501813 44.791580
v -98.004021 -15.402377 44.892105
v -97.569290 -15.497200 45.554073
v -97.447197 -15.469816 45.348404
v -97.453011 -15.566875 45.350071
v -97.569290 -15.497200 45.554073
v -97.566277 -15.392319 45.327362
v -97.527855 -15.387112 45.253185
v -97.447197 -15.469816 45.348404
v -98.087227 -15.274964 45.115879
v -98.009285 -15.269757 45.094780
v -97.899048 -15.184676 45.081116
v -98.198929 -15.413585 44.959549
v -98.110474 -15.378479 44.970303
v -98.071770 -15.356243 44.933201
v -97.750542 -15.319772 45.506557
v -97.659912 -15.236355 45.465549
v -97.779602 -15.394537 45.430168
v -97.750542 -15.319772 45.506557
v -97.779602 -15.394537 45.430168
v -97.760117 -15.432968 45.484100
v -97.750542 -15.319772 45.506557
v -97.760117 -15.432968 45.484100
v -97.595764 -15.296744 45.448494
v -99.589447 -16.064350 46.236748
v -99.569977 -16.198753 46.186443
v -99.484306 -16.204515 46.158710
v -99.474045 -16.305298 46.117588
v -97.945625 -15.176836 45.168999
v -97.899048 -15.184676 45.081116
v -98.009285 -15.269757 45.094780
v -97.945625 -15.176836 45.168999
v -97.756630 -15.115753 45.272141
v -97.817535 -15.188063 45.179123
v -97.945625 -15.176836 45.168999
v -97.899048 -15.184676 45.081116
v -97.817535 -15.188063 45.179123
v -97.945625 -15.176836 45.168999
v -98.009285 -15.269757 45.094780
v -97.813629 -15.225386 45.270393
v -97.779602 -15.394537 45.430168
v -97.659912 -15.236355 45.465549
v -97.717361 -15.253917 45.297665
v -97.662254 -15.180597 45.379990
v -97.779602 -15.394537 45.430168
v -97.717361 -15.253917 45.297665
v -97.667946 -15.211109 45.441578
v -97.659912 -15.236355 45.465549
v -97.667946 -15.211109 45.441578
v -97.662254 -15.180597 45.379990
v -97.796547 -15.403922 45.350811
v -97.813629 -15.225386 45.270393
v -97.702057 -15.440789 45.335426
v -97.778389 -15.526226 45.458546
v -97.796547 -15.403922 45.350811
v -97.778389 -15.526226 45.458546
v -97.760117 -15.432968 45.484100
v -97.813629 -15.225386 45.270393
v -97.764915 -15.327177 45.226078
v -97.702057 -15.440789 45.335426
v -97.813629 -15.225386 45.270393
v -98.009285 -15.269757 45.094780
v -97.906967 -15.277143 45.146389
v -97.764915 -15.327177 45.226078
v -97.878761 -15.372282 45.073906
v -98.071770 -15.356243 44.933201
v -98.110474 -15.378479 44.970303
v -98.004021 -15.402377 44.892105
v -98.071770 -15.356243 44.933201
v -97.667946 -15.211109 45.441578
v -97.756630 -15.115753 45.272141
v -97.662254 -15.180597 45.379990
v -97.667946 -15.211109 45.441578
v -97.717361 -15.253917 45.297665
v -97.756630 -15.115753 45.272141
v -97.817535 -15.188063 45.179123
v -97.899048 -15.184676 45.081116
v -97.756630 -15.115753 45.272141
v -97.899048 -15.184676 45.081116
v -97.662254 -15.180597 45.379990
v -97.717361 -15.253917 45.297665
v -98.071770 -15.356243 44.933201
v -98.004021 -15.402377 44.892105
v -98.050842 -15.441779 45.029594
v -98.071770 -15.356243 44.933201
v -98.050842 -15.441779 45.029594
v -97.878761 -15.372282 45.073906
v -97.595764 -15.296744 45.448494
v -97.720718 -15.413683 45.063461
v -97.566277 -15.392319 45.327362
v -97.764915 -15.327177 45.226078
v -97.878761 -15.372282 45.073906
v -97.595764 -15.296744 45.448494
v -97.692734 -15.376737 45.299526
v -97.764915 -15.327177 45.226078
v -97.595764 -15.296744 45.448494
v -97.760117 -15.432968 45.484100
v -97.692734 -15.376737 45.299526
v -97.760117 -15.432968 45.484100
v -97.651344 -15.466035 45.382133
v -97.692734 -15.376737 45.299526
v -97.760117 -15.432968 45.484100
v -97.778389 -15.526226 45.458546
v -97.651344 -15.466035 45.382133
v -98.068718 -15.501180 44.903236
v -98.057411 -15.590675 44.890469
v -98.004021 -15.402377 44.892105
v -98.068718 -15.501180 44.903236
v -98.093246 -15.529078 44.885540
v -98.158928 -15.506783 44.846073
v -98.004021 -15.402377 44.892105
v -98.068718 -15.501180 44.903236
v -98.057411 -15.590675 44.890469
v -97.930801 -15.501813 44.791580
v -98.093246 -15.529078 44.885540
v -98.079514 -15.500308 44.764141
v -98.123970 -15.575410 44.808846
v -98.093246 -15.529078 44.885540
v -98.123970 -15.575410 44.808846
v -98.057411 -15.590675 44.890469
v -98.093246 -15.529078 44.885540
v -98.057411 -15.590675 44.890469
v -98.079514 -15.500308 44.764141
v -99.686226 -15.682785 46.458492
v -99.642693 -15.486667 46.958164
v -99.774048 -15.624079 46.793011
v -97.702057 -15.440789 45.335426
v -97.692734 -15.376737 45.299526
v -97.723953 -15.422118 45.206001
v -97.702057 -15.440789 45.335426
v -97.651344 -15.466035 45.382133
v -97.723953 -15.422118 45.206001
v -97.702057 -15.440789 45.335426
v -97.778389 -15.526226 45.458546
v -97.651344 -15.466035 45.382133
v -97.702057 -15.440789 45.335426
v -97.764915 -15.327177 45.226078
v -97.692734 -15.376737 45.299526
v -98.157990 -16.153490 44.514408
v -97.630203 -16.305534 43.986736
v -97.874374 -16.122761 44.229256
v -97.892326 -15.989052 44.375313
v -97.471382 -15.990734 44.175495
v -97.532547 -16.119038 44.035194
v -97.599571 -15.918286 44.289124
v -97.383438 -15.950481 44.137592
v -97.599571 -15.918286 44.289124
v -97.186790 -15.809307 44.378071
v -97.081894 -16.064905 43.918175
v -97.195877 -16.157232 43.806770
v -97.348427 -15.836750 44.292065
v -97.488335 -15.793091 44.411198
v -97.308876 -15.721256 44.456753
v -96.939240 -15.784161 44.614082
v -96.943077 -15.718682 44.718304
v -97.073448 -15.668569 44.782536
v -97.497139 -15.656709 44.500172
v -97.645424 -15.793645 44.494137
v -97.497139 -15.656709 44.500172
v -97.500755 -15.643581 44.569054
v -97.396156 -16.344065 43.774891
v -96.981003 -16.282705 43.523018
v -96.575897 -16.220118 43.379078
v -96.126091 -16.232790 43.385643
v -96.431129 -16.265341 43.269199
v -96.793343 -16.368301 43.345211
v -96.509628 -16.138165 43.562752
v -96.422783 -16.111891 43.933731
v -95.941956 -16.265875 43.610859
v -96.889931 -16.023899 44.007515
v -96.959846 -15.802853 44.537189
v -96.633354 -15.999783 44.288200
v -96.350639 -16.082251 44.669956
v -96.066536 -16.189941 44.068878
v -95.912346 -16.256649 43.860477
v -95.971230 -16.281893 44.321774
v -95.843765 -16.309910 43.968563
v -95.941956 -16.265875 43.610859
v -96.126091 -16.232790 43.385643
v -96.103912 -16.352381 43.298138
v -95.906982 -16.427206 43.459763
v -95.812408 -16.447739 43.734192
v -95.811554 -16.716661 44.082516
v -95.796295 -16.397150 44.170132
v -95.953125 -16.743353 43.452343
v -95.906982 -16.427206 43.459763
v -97.254295 -16.429602 43.625618
v -96.737221 -16.499357 43.270390
v -97.059532 -16.536402 43.450539
v -97.632111 -16.506346 43.875374
v -96.720482 -16.776478 43.295002
v -97.395058 -16.661915 43.692429
v -97.407356 -16.847084 43.760975
v -97.766541 -16.853104 44.109493
v -97.940163 -16.874151 44.400276
v -97.815613 -16.554817 44.128326
v -98.059410 -16.511198 44.458420
v -97.692757 -16.470112 44.007568
v -97.981400 -16.361490 44.314438
v -96.441238 -16.692526 43.205189
v -96.333511 -16.412731 43.186008
v -96.178650 -16.697140 43.257286
v -95.906982 -16.427206 43.459763
v -95.953125 -16.743353 43.452343
v -96.103912 -16.352381 43.298138
v -96.103912 -16.352381 43.298138
v -96.126091 -16.232790 43.385643
v -99.139297 -15.716623 47.301838
v -99.352585 -15.592339 47.175861
v -99.399910 -15.661976 47.228588
v -99.583824 -15.660471 47.062344
v -98.004021 -15.402377 44.892105
v -98.050842 -15.441779 45.029594
v -97.970039 -15.485023 44.941879
v -98.004021 -15.402377 44.892105
v -98.057411 -15.590675 44.890469
v -98.079514 -15.500308 44.764141
v -98.004021 -15.402377 44.892105
v -97.930801 -15.501813 44.791580
v -98.079514 -15.500308 44.764141
v -98.004021 -15.402377 44.892105
v -97.970039 -15.485023 44.941879
v -97.720718 -15.413683 45.063461
v -98.004021 -15.402377 44.892105
v -98.014465 -15.425246 44.803288
v -97.720718 -15.413683 45.063461
v -97.856384 -15.500308 44.870167
v -97.930801 -15.501813 44.791580
v -98.004021 -15.402377 44.892105
v -98.158928 -15.506783 44.846073
v -98.014465 -15.425246 44.803288
v -98.123970 -15.575410 44.808846
v -98.079514 -15.500308 44.764141
v -98.158928 -15.506783 44.846073
v -98.158928 -15.506783 44.846073
v -98.079514 -15.500308 44.764141
v -98.014465 -15.425246 44.803288
v -97.692734 -15.376737 45.299526
v -97.720718 -15.413683 45.063461
v -97.723953 -15.422118 45.206001
v -97.798927 -15.491438 45.203804
v -97.692734 -15.376737 45.299526
v -97.566277 -15.392319 45.327362
v -97.720718 -15.413683 45.063461
v -97.692734 -15.376737 45.299526
v -97.651344 -15.466035 45.382133
v -97.566277 -15.392319 45.327362
v -98.050842 -15.441779 45.029594
v -97.970039 -15.485023 44.941879
v -97.878761 -15.372282 45.073906
v -98.001083 -15.827325 44.724182
v -97.951790 -15.703932 44.763119
v -97.804245 -15.765054 44.650974
v -97.645424 -15.793645 44.494137
v -97.599571 -15.918286 44.289124
v -97.500755 -15.643581 44.569054
v -97.827980 -15.560619 44.726925
v -97.669823 -15.606555 44.604786
v -97.500755 -15.643581 44.569054
v -97.932648 -15.653026 44.777412
v -98.001083 -15.827325 44.724182
v -97.957260 -15.875439 44.707970
v -97.599571 -15.918286 44.289124
v -97.453011 -15.566875 45.350071
v -97.314980 -15.520841 45.202713
v -97.341454 -15.632711 45.254528
v -97.453011 -15.566875 45.350071
v -97.447197 -15.469816 45.348404
v -97.489761 -15.476331 45.161915
v -97.453011 -15.566875 45.350071
v -97.408989 -15.483102 45.102566
v -97.314980 -15.520841 45.202713
v -97.453011 -15.566875 45.350071
v -97.489761 -15.476331 45.161915
v -97.408989 -15.483102 45.102566
v -97.566277 -15.392319 45.327362
v -97.651344 -15.466035 45.382133
v -97.527855 -15.387112 45.253185
v -97.635551 -15.532641 45.297092
v -97.651344 -15.466035 45.382133
v -97.723953 -15.422118 45.206001
v -97.635551 -15.532641 45.297092
v -97.878761 -15.372282 45.073906
v -97.970039 -15.485023 44.941879
v -97.720718 -15.413683 45.063461
v -99.606407 -15.590240 46.645306
v -99.562683 -15.511713 46.880615
v -99.507767 -15.442295 47.017624
v -98.057411 -15.590675 44.890469
v -98.000397 -15.608317 44.732849
v -97.932648 -15.653026 44.777412
v -98.057411 -15.590675 44.890469
v -98.000397 -15.608317 44.732849
v -97.951790 -15.703932 44.763119
v -97.865524 -15.567806 44.596272
v -98.057411 -15.590675 44.890469
v -97.932648 -15.653026 44.777412
v -97.914841 -15.598081 44.774334
v -98.057411 -15.590675 44.890469
v -97.914841 -15.598081 44.774334
v -97.930801 -15.501813 44.791580
v -98.079514 -15.500308 44.764141
v -97.930801 -15.501813 44.791580
v -98.014465 -15.425246 44.803288
v -97.505013 -15.732483 45.745899
v -97.155693 -15.879973 45.402462
v -96.950623 -15.943373 45.278511
v -97.930801 -15.501813 44.791580
v -97.862137 -15.520979 44.733086
v -97.856384 -15.500308 44.870167
v -97.775139 -15.563767 44.780071
v -97.930801 -15.501813 44.791580
v -97.905876 -15.581568 44.748657
v -97.827980 -15.560619 44.726925
v -97.930801 -15.501813 44.791580
v -97.827980 -15.560619 44.726925
v -97.862137 -15.520979 44.733086
v -97.930801 -15.501813 44.791580
v -97.905876 -15.581568 44.748657
v -97.914841 -15.598081 44.774334
v -97.932648 -15.653026 44.777412
v -97.827980 -15.560619 44.726925
v -97.447197 -15.469816 45.348404
v -97.527855 -15.387112 45.253185
v -97.489761 -15.476331 45.161915
v -97.527855 -15.387112 45.253185
v -97.720718 -15.413683 45.063461
v -97.728615 -15.491180 44.889515
v -97.489761 -15.476331 45.161915
v -97.629433 -15.503734 44.976460
v -97.856384 -15.500308 44.870167
v -97.527855 -15.387112 45.253185
v -97.615211 -15.506348 45.145084
v -97.720718 -15.413683 45.063461
v -97.527855 -15.387112 45.253185
v -97.599335 -15.498705 45.190727
v -97.615211 -15.506348 45.145084
v -97.527855 -15.387112 45.253185
v -97.635551 -15.532641 45.297092
v -97.599335 -15.498705 45.190727
v -97.723953 -15.422118 45.206001
v -97.798927 -15.491438 45.203804
v -97.635551 -15.532641 45.297092
v -97.951790 -15.703932 44.763119
v -97.940247 -15.622138 44.698181
v -97.865524 -15.567806 44.596272
v -97.951790 -15.703932 44.763119
v -97.932648 -15.653026 44.777412
v -97.940247 -15.622138 44.698181
v -99.413910 -16.408455 46.072830
v -99.766289 -16.364717 46.416870
v -99.694565 -16.424374 46.293339
v -97.856384 -15.500308 44.870167
v -97.775139 -15.563767 44.780071
v -97.917862 -15.588042 44.888103
v -97.832458 -15.704268 44.782593
v -97.641907 -15.721811 44.683495
v -97.856384 -15.500308 44.870167
v -97.917862 -15.588042 44.888103
v -97.728615 -15.491180 44.889515
v -97.914841 -15.598081 44.774334
v -98.000397 -15.608317 44.732849
v -97.940247 -15.622138 44.698181
v -97.827980 -15.560619 44.726925
v -97.914841 -15.598081 44.774334
v -97.905876 -15.581568 44.748657
v -98.000397 -15.608317 44.732849
v -99.562683 -15.511713 46.880615
v -99.355179 -15.451977 47.105396
v -99.507767 -15.442295 47.017624
v -98.000397 -15.608317 44.732849
v -97.882034 -15.460729 44.721760
v -97.905876 -15.581568 44.748657
v -97.862137 -15.520979 44.733086
v -98.000397 -15.608317 44.732849
v -97.940247 -15.622138 44.698181
v -97.932648 -15.653026 44.777412
v -98.000397 -15.608317 44.732849
v -97.865524 -15.567806 44.596272
v -97.882034 -15.460729 44.721760
v -97.635551 -15.532641 45.297092
v -97.798927 -15.491438 45.203804
v -97.611542 -15.557273 45.214275
v -97.708298 -15.535038 45.108559
v -97.635551 -15.532641 45.297092
v -97.611542 -15.557273 45.214275
v -97.599335 -15.498705 45.190727
v -97.798927 -15.491438 45.203804
v -97.720718 -15.413683 45.063461
v -97.708298 -15.535038 45.108559
v -97.720718 -15.413683 45.063461
v -97.615211 -15.506348 45.145084
v -97.611542 -15.557273 45.214275
v -97.720718 -15.413683 45.063461
v -97.611542 -15.557273 45.214275
v -97.708298 -15.535038 45.108559
v -97.862137 -15.520979 44.733086
v -97.865524 -15.567806 44.596272
v -97.905876 -15.581568 44.748657
v -97.940247 -15.622138 44.698181
v -97.862137 -15.520979 44.733086
v -97.882034 -15.460729 44.721760
v -97.775139 -15.563767 44.780071
v -97.862137 -15.520979 44.733086
v -97.827980 -15.560619 44.726925
v -97.865524 -15.567806 44.596272
v -97.599335 -15.498705 45.190727
v -97.489761 -15.476331 45.161915
v -97.629433 -15.503734 44.976460
v -97.599335 -15.498705 45.190727
v -97.629433 -15.503734 44.976460
v -97.615211 -15.506348 45.145084
v -97.599335 -15.498705 45.190727
v -97.611542 -15.557273 45.214275
v -97.489761 -15.476331 45.161915
v -97.728615 -15.491180 44.889515
v -97.629433 -15.503734 44.976460
v -97.612244 -15.483063 44.821194
v -97.882034 -15.460729 44.721760
v -97.468765 -15.567074 44.953362
v -97.728615 -15.491180 44.889515
v -97.639473 -15.552382 44.920837
v -97.775139 -15.563767 44.780071
v -97.728615 -15.491180 44.889515
v -97.775139 -15.563767 44.780071
v -97.882034 -15.460729 44.721760
v -97.728615 -15.491180 44.889515
v -97.832458 -15.704268 44.782593
v -97.639473 -15.552382 44.920837
v -97.728615 -15.491180 44.889515
v -97.917862 -15.588042 44.888103
v -97.832458 -15.704268 44.782593
v -97.905876 -15.581568 44.748657
v -97.940247 -15.622138 44.698181
v -97.827980 -15.560619 44.726925
v -97.827980 -15.560619 44.726925
v -97.612244 -15.483063 44.821194
v -97.865524 -15.567806 44.596272
v -97.775139 -15.563767 44.780071
v -97.639473 -15.552382 44.920837
v -97.827980 -15.560619 44.726925
v -97.669823 -15.606555 44.604786
v -97.775139 -15.563767 44.780071
v -96.861443 -16.044512 45.387802
v -96.675972 -15.980953 45.099178
v -96.503609 -16.287003 45.387943
v -96.658638 -15.890764 44.840221
v -96.288124 -16.322523 45.126842
v -96.303848 -16.492525 45.271091
v -96.155830 -16.491556 45.136097
v -96.116280 -16.320522 44.852512
v -95.976059 -16.387367 44.554058
v -95.944374 -16.526581 44.688286
v -96.303848 -16.492525 45.271091
v -96.169189 -16.840391 45.058170
v -96.423187 -16.594852 45.393513
v -96.548050 -16.837204 45.468307
v -95.924820 -16.771606 44.629272
v -95.811554 -16.716661 44.082516
v -95.812408 -16.447739 43.734192
v -95.796295 -16.397150 44.170132
v -95.843765 -16.309910 43.968563
v -95.971230 -16.281893 44.321774
v -95.912346 -16.256649 43.860477
v -96.066536 -16.189941 44.068878
v -96.350639 -16.082251 44.669956
v -96.352692 -16.160480 45.027016
v -96.422783 -16.111891 43.933731
v -96.637108 -15.864648 44.820900
v -96.959846 -15.802853 44.537189
v -96.633354 -15.999783 44.288200
v -97.865524 -15.567806 44.596272
v -97.882034 -15.460729 44.721760
v -97.612244 -15.483063 44.821194
v -97.775139 -15.563767 44.780071
v -97.641907 -15.721811 44.683495
v -97.507294 -15.649937 44.781151
v -97.775139 -15.563767 44.780071
v -97.669823 -15.606555 44.604786
v -97.507294 -15.649937 44.781151
v -97.343735 -15.688685 44.846729
v -97.500755 -15.643581 44.569054
v -97.410210 -15.650808 44.655731
v -97.615211 -15.506348 45.145084
v -97.611542 -15.557273 45.214275
v -97.505989 -15.601526 45.142494
v -97.615211 -15.506348 45.145084
v -97.629433 -15.503734 44.976460
v -97.505989 -15.601526 45.142494
v -97.832458 -15.704268 44.782593
v -97.641907 -15.721811 44.683495
v -97.548775 -15.537889 44.860519
v -97.639473 -15.552382 44.920837
v -97.507294 -15.649937 44.781151
v -97.629433 -15.503734 44.976460
v -97.604500 -15.597784 45.041718
v -97.451050 -15.635384 45.069244
v -97.629433 -15.503734 44.976460
v -97.468765 -15.567074 44.953362
v -97.451050 -15.635384 45.069244
v -97.629433 -15.503734 44.976460
v -97.604500 -15.597784 45.041718
v -97.505989 -15.601526 45.142494
v -99.642693 -15.486667 46.958164
v -99.598244 -15.507654 46.871094
v -99.604210 -15.536048 46.820637
v -97.341454 -15.632711 45.254528
v -97.314980 -15.520841 45.202713
v -97.318184 -15.557669 44.998260
v -97.611542 -15.557273 45.214275
v -97.505989 -15.601526 45.142494
v -97.489761 -15.476331 45.161915
v -97.399208 -15.577489 45.025043
v -97.408989 -15.483102 45.102566
v -97.451050 -15.635384 45.069244
v -97.408989 -15.483102 45.102566
v -97.318184 -15.557669 44.998260
v -97.314980 -15.520841 45.202713
v -97.548775 -15.537889 44.860519
v -97.507294 -15.649937 44.781151
v -97.408989 -15.483102 45.102566
v -97.399208 -15.577489 45.025043
v -97.468765 -15.567074 44.953362
v -97.548775 -15.537889 44.860519
v -97.612244 -15.483063 44.821194
v -97.548775 -15.537889 44.860519
v -97.468765 -15.567074 44.953362
v -97.612244 -15.483063 44.821194
v -97.639473 -15.552382 44.920837
v -97.548775 -15.537889 44.860519
v -97.505989 -15.601526 45.142494
v -97.604500 -15.597784 45.041718
v -97.451050 -15.635384 45.069244
v -96.854790 -15.859084 45.005962
v -96.994232 -15.822791 45.096489
v -96.637108 -15.864648 44.820900
v -96.658638 -15.890764 44.840221
v -97.399208 -15.577489 45.025043
v -97.318184 -15.557669 44.998260
v -97.507294 -15.649937 44.781151
v -97.399208 -15.577489 45.025043
v -97.468765 -15.567074 44.953362
v -97.507294 -15.649937 44.781151
v -97.399208 -15.577489 45.025043
v -97.318184 -15.557669 44.998260
v -97.288628 -15.668094 44.902340
v -97.241028 -15.557926 44.963833
v -97.240273 -15.679439 44.817272
v -97.399208 -15.577489 45.025043
v -97.327568 -15.697971 45.072910
v -97.451050 -15.635384 45.069244
v -97.399208 -15.577489 45.025043
v -97.288628 -15.668094 44.902340
v -97.327568 -15.697971 45.072910
v -97.468765 -15.567074 44.953362
v -97.451050 -15.635384 45.069244
v -97.327568 -15.697971 45.072910
v -97.468765 -15.567074 44.953362
v -97.327568 -15.697971 45.072910
v -97.411179 -15.769668 44.933632
v -97.507294 -15.649937 44.781151
v -99.235947 -16.915276 46.016644
v -98.598633 -16.935690 45.396301
v -99.006065 -16.936838 46.004616
v -99.129608 -16.919830 46.047123
v -99.788750 -16.908880 46.601032
v -99.425865 -16.932106 46.310059
v -99.561836 -16.932997 46.442337
v -99.617561 -16.897951 46.596233
v -99.720016 -16.894783 46.697372
v -99.842751 -16.880745 46.855888
v -99.696724 -16.890150 46.916931
v -99.670334 -16.864786 47.289951
v -99.495811 -16.904049 47.136490
v -99.576904 -16.882111 47.262665
v -99.342407 -16.834572 47.496155
v -98.954224 -16.822275 47.436932
v -99.040947 -16.833403 47.331341
v -99.231071 -16.863836 47.292557
v -99.347870 -16.860945 47.338058
v -99.330856 -16.829502 47.238194
v -99.285156 -16.920839 47.192551
v -99.087387 -16.880823 47.217693
v -98.924568 -16.843224 47.222328
v -98.777817 -16.851500 47.102036
v -98.477432 -16.862549 46.857094
v -98.532791 -16.842175 47.078499
v -97.942360 -16.871815 46.430756
v -98.241180 -16.866390 46.602364
v -98.141479 -16.864429 46.443161
v -98.317726 -16.881813 46.417065
v -98.390038 -16.898367 46.243385
v -98.195007 -16.886190 46.255173
v -98.426552 -16.899593 46.073334
v -98.270264 -16.902386 46.066067
v -99.601234 -16.922642 46.787453
v -99.427376 -16.921631 46.893887
v -99.533348 -16.924206 46.973648
v -99.487465 -16.931610 46.654362
v -99.453697 -16.884882 46.523426
v -99.323242 -16.956083 46.669708
v -99.247704 -16.956242 46.860748
v -99.344955 -16.948381 47.016434
v -99.085228 -16.913057 47.058899
v -99.289864 -16.891655 46.936028
v -99.389671 -16.947866 46.466373
v -99.286041 -16.933590 46.272800
v -98.932632 -16.939373 46.203583
v -99.117706 -16.942225 46.178059
v -98.881157 -16.936481 45.843498
v -98.733421 -16.938917 45.696995
v -98.595596 -16.935116 45.525204
v -98.416275 -16.908564 45.409615
v -98.436829 -16.936720 45.553989
v -98.660629 -16.880922 45.631008
v -98.533234 -16.927849 45.727936
v -98.385834 -16.927095 45.713318
v -98.257278 -16.920424 45.550518
v -98.202606 -16.918781 45.741280
v -98.292282 -16.936422 45.404518
v -98.063606 -16.925077 45.584385
v -98.122818 -16.932125 45.411381
v -98.378304 -16.933096 45.303238
v -98.212074 -16.912504 45.083412
v -98.144264 -16.917969 44.773312
v -98.117569 -16.919394 44.926941
v -98.037933 -16.908642 45.091282
v -97.999710 -16.925215 45.256012
v -97.814568 -16.919672 45.281971
v -97.876755 -16.920879 45.110657
v -98.181259 -16.926285 45.247486
v -97.957512 -16.909079 45.399689
v -97.983665 -16.858747 45.496292
v -98.122818 -16.932125 45.411381
v -98.288605 -16.877319 45.165794
v -97.942360 -16.871815 46.430756
v -97.273232 -16.891932 45.920387
v -97.855583 -16.867815 46.230602
v -98.008766 -16.874706 46.241173
v -98.040169 -16.873398 46.066429
v -98.142532 -16.835125 46.136868
v -97.894157 -16.884624 46.087528
v -97.942726 -16.897139 45.923595
v -98.137634 -16.908346 45.912857
v -97.754013 -16.873814 46.102596
v -97.578346 -16.879675 45.949665
v -97.446609 -16.893436 45.833668
v -97.942360 -16.871815 46.430756
v -98.045395 -16.809999 46.336182
v -98.008766 -16.874706 46.241173
v -97.942360 -16.871815 46.430756
v -98.045395 -16.809999 46.336182
v -98.141479 -16.864429 46.443161
v -97.500755 -15.643581 44.569054
v -97.497139 -15.656709 44.500172
v -97.385246 -15.730385 44.627438
v -97.500755 -15.643581 44.569054
v -97.410210 -15.650808 44.655731
v -97.385246 -15.730385 44.627438
v -96.844513 -16.422058 45.774906
v -96.303848 -16.492525 45.271091
v -96.710121 -16.465380 45.707886
v -98.856651 -16.373270 47.406227
v -98.978714 -16.436810 47.467636
v -99.258751 -16.421562 47.496395
v -97.507294 -15.649937 44.781151
v -97.411179 -15.769668 44.933632
v -97.343735 -15.688685 44.846729
v -97.343735 -15.688685 44.846729
v -97.410210 -15.650808 44.655731
v -97.278954 -15.713950 44.742188
v -97.343735 -15.688685 44.846729
v -97.411179 -15.769668 44.933632
v -97.288628 -15.668094 44.902340
v -97.327568 -15.697971 45.072910
v -97.343735 -15.688685 44.846729
v -97.278954 -15.713950 44.742188
v -97.288628 -15.668094 44.902340
v -97.166122 -15.732126 44.698826
v -97.385246 -15.730385 44.627438
v -97.288628 -15.668094 44.902340
v -97.240273 -15.679439 44.817272
v -97.166122 -15.732126 44.698826
v -97.241028 -15.557926 44.963833
v -97.410210 -15.650808 44.655731
v -97.173180 -15.639225 44.836903
v -97.241028 -15.557926 44.963833
v -97.240273 -15.679439 44.817272
v -97.410210 -15.650808 44.655731
v -97.410210 -15.650808 44.655731
v -97.278954 -15.713950 44.742188
v -97.410210 -15.650808 44.655731
v -97.173180 -15.639225 44.836903
v -97.385246 -15.730385 44.627438
v -98.881157 -16.936481 45.843498
v -98.733421 -16.938917 45.696995
v -98.800369 -16.868944 45.777611
v -98.881157 -16.936481 45.843498
v -99.006065 -16.936838 46.004616
v -98.961700 -16.881121 45.922951
v -98.881157 -16.936481 45.843498
v -98.961700 -16.881121 45.922951
v -98.821808 -16.921968 46.010429
v -98.693321 -16.935551 45.873318
v -98.631630 -16.929869 46.057175
v -98.881157 -16.936481 45.843498
v -98.693321 -16.935551 45.873318
v -98.800369 -16.868944 45.777611
v -99.006065 -16.936838 46.004616
v -98.895729 -16.879318 46.089813
v -98.821808 -16.921968 46.010429
v -99.006065 -16.936838 46.004616
v -98.932632 -16.939373 46.203583
v -98.895729 -16.879318 46.089813
v -99.006065 -16.936838 46.004616
v -98.961700 -16.881121 45.922951
v -98.821808 -16.921968 46.010429
v -97.173180 -15.639225 44.836903
v -97.240273 -15.679439 44.817272
v -97.278954 -15.713950 44.742188
v -97.173180 -15.639225 44.836903
v -97.385246 -15.730385 44.627438
v -97.278954 -15.713950 44.742188
v -97.173180 -15.639225 44.836903
v -97.240273 -15.679439 44.817272
v -97.073448 -15.668569 44.782536
v -99.129608 -16.919830 46.047123
v -99.286041 -16.933590 46.272800
v -99.198441 -16.875063 46.219696
v -99.129608 -16.919830 46.047123
v -99.198441 -16.875063 46.219696
v -99.117706 -16.942225 46.178059
v -99.076324 -16.943510 46.352173
v -97.497139 -15.656709 44.500172
v -97.166122 -15.732126 44.698826
v -97.385246 -15.730385 44.627438
v -97.497139 -15.656709 44.500172
v -97.308876 -15.721256 44.456753
v -97.166122 -15.732126 44.698826
v -98.733421 -16.938917 45.696995
v -98.660629 -16.880922 45.631008
v -98.595596 -16.935116 45.525204
v -98.733421 -16.938917 45.696995
v -98.621033 -16.876249 45.786556
v -98.533234 -16.927849 45.727936
v -98.733421 -16.938917 45.696995
v -98.693321 -16.935551 45.873318
v -98.621033 -16.876249 45.786556
v -98.733421 -16.938917 45.696995
v -98.533234 -16.927849 45.727936
v -98.660629 -16.880922 45.631008
v -98.733421 -16.938917 45.696995
v -98.800369 -16.868944 45.777611
v -98.693321 -16.935551 45.873318
v -98.777817 -16.851500 47.102036
v -99.085228 -16.913057 47.058899
v -98.849037 -16.783428 47.141140
v -98.777817 -16.851500 47.102036
v -98.563507 -16.829720 46.906292
v -98.691498 -16.860548 46.928467
v -98.754066 -16.876963 46.753025
v -98.600708 -16.865261 46.721607
v -98.835220 -16.907990 46.562756
v -98.639252 -16.894545 46.582539
v -98.489075 -16.817127 46.687798
v -98.477432 -16.862549 46.857094
v -98.384392 -16.869202 46.754482
v -98.777817 -16.851500 47.102036
v -98.728996 -16.791348 46.999481
v -98.883713 -16.883575 46.910393
v -98.777817 -16.851500 47.102036
v -98.883713 -16.883575 46.910393
v -98.918098 -16.819939 46.984344
v -98.777817 -16.851500 47.102036
v -98.918098 -16.819939 46.984344
v -99.085228 -16.913057 47.058899
v -98.777817 -16.851500 47.102036
v -98.477432 -16.862549 46.857094
v -98.563507 -16.829720 46.906292
v -98.777817 -16.851500 47.102036
v -98.849037 -16.783428 47.141140
v -98.924568 -16.843224 47.222328
v -98.777817 -16.851500 47.102036
v -98.691498 -16.860548 46.928467
v -98.728996 -16.791348 46.999481
v -97.273232 -16.891932 45.920387
v -97.393547 -16.839878 45.752045
v -97.446609 -16.893436 45.833668
v -97.523865 -16.913118 45.640598
v -97.273232 -16.891932 45.920387
v -97.169304 -16.876705 45.703560
v -97.266632 -16.875477 45.759281
v -96.973946 -16.857122 45.632534
v -97.393547 -16.839878 45.752045
v -97.354012 -16.887516 45.640068
v -97.523865 -16.913118 45.640598
v -97.561348 -16.908703 45.484898
v -97.361526 -16.901337 45.519310
v -97.361526 -16.901337 45.519310
v -97.170769 -16.894783 45.591091
v -97.273232 -16.891932 45.920387
v -96.902687 -16.844868 45.696098
v -96.973946 -16.857122 45.632534
v -97.170769 -16.894783 45.591091
v -97.010170 -16.858410 45.522896
v -96.565422 -16.874428 45.275951
v -96.922455 -16.872231 45.420227
v -96.782082 -16.843857 45.401829
v -96.782082 -16.843857 45.401829
v -97.169304 -16.876705 45.703560
v -96.768951 -16.882427 45.300213
v -96.565422 -16.874428 45.275951
v -97.006821 -16.873755 45.266331
v -96.873016 -16.837660 45.207600
v -97.179169 -16.903099 45.198566
v -97.064827 -16.844688 45.163666
v -97.147514 -16.899773 45.394817
v -97.320534 -16.849302 45.425816
v -97.255150 -16.896288 45.307537
v -97.358826 -16.915771 45.156960
v -97.474503 -16.919611 45.304161
v -97.224701 -16.918503 45.032127
v -97.408478 -16.913870 45.015774
v -97.552055 -16.909889 45.142189
v -97.474503 -16.919611 45.304161
v -97.647758 -16.912504 45.288662
v -97.621773 -16.860964 45.069942
v -97.607170 -16.915117 44.963383
v -97.628075 -16.908524 44.821011
v -97.738991 -16.917593 45.121101
v -97.773346 -16.890486 44.986050
v -97.431068 -16.895714 44.913120
v -97.750862 -16.905851 44.835094
v -97.908623 -16.921829 44.981461
v -97.734619 -16.847620 44.728886
v -97.876755 -16.920879 45.110657
v -97.814568 -16.919672 45.281971
v -97.647758 -16.912504 45.288662
v -97.621773 -16.860964 45.069942
v -97.423820 -16.911198 44.730358
v -97.296623 -16.853817 44.967236
v -97.033791 -16.911613 45.008831
v -96.548050 -16.837204 45.468307
v -96.169189 -16.840391 45.058170
v -96.438057 -16.880903 45.099697
v -96.379517 -16.870844 44.884968
v -96.153870 -16.823404 44.778492
v -96.298683 -16.800219 44.846687
v -96.272369 -16.847301 44.702244
v -96.093178 -16.794674 44.601284
v -95.924820 -16.771606 44.629272
v -96.226685 -16.796158 44.455173
v -95.973473 -16.753233 44.225086
v -96.063820 -16.751511 44.365387
v -95.990692 -16.746956 44.073681
v -96.081909 -16.707870 44.130371
v -95.920830 -16.741827 43.894806
v -95.811554 -16.716661 44.082516
v -95.953125 -16.743353 43.452343
v -96.143875 -16.725037 43.440556
v -96.099327 -16.780518 43.680080
v -96.043098 -16.766577 43.528450
v -96.178650 -16.697140 43.257286
v -96.636589 -16.802040 43.403538
v -96.390427 -16.725809 43.391106
v -96.188591 -16.758142 43.506805
v -96.267517 -16.685734 43.444714
v -96.315651 -16.799782 44.538448
v -96.352371 -16.747768 44.364014
v -96.292282 -16.784813 44.283005
v -96.378288 -16.799862 44.667282
v -97.121979 -16.827799 45.477058
v -97.147514 -16.899773 45.394817
v -97.361526 -16.901337 45.519310
v -97.491638 -16.850649 45.381950
v -97.561348 -16.908703 45.484898
v -97.647758 -16.912504 45.288662
v -99.425865 -16.932106 46.310059
v -99.286041 -16.933590 46.272800
v -99.313774 -16.884111 46.394257
v -99.425865 -16.932106 46.310059
v -99.389671 -16.947866 46.466373
v -99.313774 -16.884111 46.394257
v -99.258751 -16.421562 47.496395
v -99.471352 -16.489239 47.450710
v -99.684502 -16.425186 47.305885
v -99.723701 -16.502783 47.351780
v -98.477432 -16.862549 46.857094
v -98.241180 -16.866390 46.602364
v -98.384392 -16.869202 46.754482
v -97.240273 -15.679439 44.817272
v -97.166122 -15.732126 44.698826
v -97.073448 -15.668569 44.782536
v -98.144264 -16.917969 44.773312
v -98.117569 -16.919394 44.926941
v -97.965607 -16.904802 44.811436
v -97.916809 -16.903534 44.605164
v -97.683922 -16.873814 44.233780
v -97.940163 -16.874151 44.400276
v -97.766541 -16.853104 44.109493
v -97.559441 -16.867319 44.101681
v -97.407356 -16.847084 43.760975
v -97.348793 -16.859915 43.912868
v -97.212685 -16.851995 43.809391
v -96.952538 -16.832571 43.567051
v -96.720482 -16.776478 43.295002
v -96.798477 -16.824770 43.551762
v -96.636589 -16.802040 43.403538
v -96.441238 -16.692526 43.205189
v -96.178650 -16.697140 43.257286
v -96.943451 -16.827265 43.695061
v -96.847603 -16.777983 43.625782
v -97.021759 -16.847143 43.861542
v -96.855324 -16.831680 43.906990
v -96.663017 -16.807583 44.043453
v -96.949028 -16.857122 44.019512
v -97.160553 -16.878092 43.983418
v -96.806923 -16.846392 44.168873
v -97.160553 -16.878092 43.983418
v -97.515717 -16.880507 44.184525
v -97.386185 -16.875675 44.047543
v -97.458374 -16.811029 43.987087
v -97.348793 -16.859915 43.912868
v -97.782951 -16.880013 44.494625
v -97.576340 -16.881418 44.365864
v -97.806427 -16.905455 44.660408
v -97.700150 -16.896149 44.561802
v -97.663536 -16.830750 44.421501
v -97.908623 -16.921829 44.981461
v -98.241180 -16.866390 46.602364
v -98.384392 -16.869202 46.754482
v -98.393883 -16.876150 46.621281
v -98.361282 -16.821146 46.512367
v -98.241180 -16.866390 46.602364
v -98.317726 -16.881813 46.417065
v -98.361282 -16.821146 46.512367
v -99.561836 -16.932997 46.442337
v -99.453697 -16.884882 46.523426
v -99.389671 -16.947866 46.466373
v -99.561836 -16.932997 46.442337
v -99.487465 -16.931610 46.654362
v -99.453697 -16.884882 46.523426
v -98.378304 -16.933096 45.303238
v -98.288605 -16.877319 45.165794
v -98.212074 -16.912504 45.083412
v -98.378304 -16.933096 45.303238
v -98.279472 -16.879715 45.304260
v -98.181259 -16.926285 45.247486
v -98.378304 -16.933096 45.303238
v -98.292282 -16.936422 45.404518
v -98.279472 -16.879715 45.304260
v -98.122818 -16.932125 45.411381
v -98.378304 -16.933096 45.303238
v -98.181259 -16.926285 45.247486
v -98.288605 -16.877319 45.165794
v -99.198441 -16.875063 46.219696
v -99.286041 -16.933590 46.272800
v -99.076324 -16.943510 46.352173
v -99.286041 -16.933590 46.272800
v -99.136795 -16.884903 46.415215
v -99.076324 -16.943510 46.352173
v -99.286041 -16.933590 46.272800
v -99.136795 -16.884903 46.415215
v -99.216614 -16.942659 46.504749
v -99.013504 -16.938461 46.545452
v -99.286041 -16.933590 46.272800
v -99.313774 -16.884111 46.394257
v -99.216614 -16.942659 46.504749
v -98.141479 -16.864429 46.443161
v -98.045395 -16.809999 46.336182
v -98.195007 -16.886190 46.255173
v -97.073448 -15.668569 44.782536
v -96.956573 -15.776597 44.821178
v -96.943077 -15.718682 44.718304
v -97.073448 -15.668569 44.782536
v -97.166122 -15.732126 44.698826
v -97.308876 -15.721256 44.456753
v -98.728996 -16.791348 46.999481
v -98.691498 -16.860548 46.928467
v -98.883713 -16.883575 46.910393
v -98.691498 -16.860548 46.928467
v -98.883713 -16.883575 46.910393
v -98.806572 -16.813147 46.820675
v -98.691498 -16.860548 46.928467
v -98.806572 -16.813147 46.820675
v -98.754066 -16.876963 46.753025
v -99.117706 -16.942225 46.178059
v -99.001152 -16.878883 46.254322
v -98.932632 -16.939373 46.203583
v -99.117706 -16.942225 46.178059
v -99.076324 -16.943510 46.352173
v -99.001152 -16.878883 46.254322
v -99.389671 -16.947866 46.466373
v -99.323242 -16.956083 46.669708
v -99.216614 -16.942659 46.504749
v -99.133392 -16.931353 46.720222
v -99.389671 -16.947866 46.466373
v -99.453697 -16.884882 46.523426
v -99.323242 -16.956083 46.669708
v -99.389671 -16.947866 46.466373
v -99.216614 -16.942659 46.504749
v -99.313774 -16.884111 46.394257
v -98.924568 -16.843224 47.222328
v -98.849037 -16.783428 47.141140
v -99.085228 -16.913057 47.058899
v -98.924568 -16.843224 47.222328
v -99.085228 -16.913057 47.058899
v -99.042999 -16.827721 47.126804
v -98.924568 -16.843224 47.222328
v -99.042999 -16.827721 47.126804
v -99.087387 -16.880823 47.217693
v -98.384392 -16.869202 46.754482
v -98.489075 -16.817127 46.687798
v -98.600708 -16.865261 46.721607
v -98.384392 -16.869202 46.754482
v -98.393883 -16.876150 46.621281
v -98.489075 -16.817127 46.687798
v -98.393883 -16.876150 46.621281
v -98.639252 -16.894545 46.582539
v -98.489075 -16.817127 46.687798
v -98.393883 -16.876150 46.621281
v -98.361282 -16.821146 46.512367
v -98.501022 -16.900583 46.415497
v -98.393883 -16.876150 46.621281
v -98.501022 -16.900583 46.415497
v -98.559364 -16.833303 46.494530
v -98.709991 -16.912029 46.390602
v -98.393883 -16.876150 46.621281
v -98.559364 -16.833303 46.494530
v -98.639252 -16.894545 46.582539
v -98.709991 -16.912029 46.390602
v -99.871407 -16.528324 46.839550
v -99.684502 -16.425186 47.305885
v -99.802467 -16.517296 47.086018
v -99.723701 -16.502783 47.351780
v -98.045395 -16.809999 46.336182
v -98.008766 -16.874706 46.241173
v -98.195007 -16.886190 46.255173
v -97.754013 -16.873814 46.102596
v -97.658134 -16.840431 46.011478
v -97.761726 -16.894110 45.923286
v -97.754013 -16.873814 46.102596
v -97.815712 -16.819700 46.009922
v -97.894157 -16.884624 46.087528
v -97.754013 -16.873814 46.102596
v -97.761726 -16.894110 45.923286
v -97.815712 -16.819700 46.009922
v -97.754013 -16.873814 46.102596
v -97.578346 -16.879675 45.949665
v -97.658134 -16.840431 46.011478
v -98.181259 -16.926285 45.247486
v -98.279472 -16.879715 45.304260
v -98.122818 -16.932125 45.411381
v -98.693321 -16.935551 45.873318
v -98.573280 -16.866310 45.965527
v -98.503960 -16.935789 45.896713
v -98.426552 -16.899593 46.073334
v -98.693321 -16.935551 45.873318
v -98.631630 -16.929869 46.057175
v -98.573280 -16.866310 45.965527
v -98.426552 -16.899593 46.073334
v -98.693321 -16.935551 45.873318
v -98.621033 -16.876249 45.786556
v -98.503960 -16.935789 45.896713
v -98.821808 -16.921968 46.010429
v -98.684189 -16.868746 46.137737
v -98.631630 -16.929869 46.057175
v -98.565506 -16.922403 46.243149
v -98.821808 -16.921968 46.010429
v -98.756042 -16.934166 46.227230
v -98.684189 -16.868746 46.137737
v -98.821808 -16.921968 46.010429
v -98.895729 -16.879318 46.089813
v -98.756042 -16.934166 46.227230
v -98.932632 -16.939373 46.203583
v -98.709991 -16.912029 46.390602
v -98.756042 -16.934166 46.227230
v -98.889526 -16.936304 46.382637
v -98.932632 -16.939373 46.203583
v -98.895729 -16.879318 46.089813
v -98.756042 -16.934166 46.227230
v -98.932632 -16.939373 46.203583
v -99.001152 -16.878883 46.254322
v -98.889526 -16.936304 46.382637
v -98.317726 -16.881813 46.417065
v -98.361282 -16.821146 46.512367
v -98.501022 -16.900583 46.415497
v -98.317726 -16.881813 46.417065
v -98.390038 -16.898367 46.243385
v -98.453377 -16.832037 46.305744
v -98.317726 -16.881813 46.417065
v -98.453377 -16.832037 46.305744
v -98.501022 -16.900583 46.415497
v -98.008766 -16.874706 46.241173
v -98.195007 -16.886190 46.255173
v -98.142532 -16.835125 46.136868
v -98.270264 -16.902386 46.066067
v -97.578346 -16.879675 45.949665
v -97.504829 -16.831205 45.901432
v -97.645958 -16.897673 45.773438
v -97.578346 -16.879675 45.949665
v -97.658134 -16.840431 46.011478
v -97.761726 -16.894110 45.923286
v -97.812538 -16.901237 45.757504
v -97.645958 -16.897673 45.773438
v -97.883057 -16.918127 45.588474
v -97.707123 -16.918999 45.607796
v -97.578346 -16.879675 45.949665
v -97.446609 -16.893436 45.833668
v -97.504829 -16.831205 45.901432
v -96.956573 -15.776597 44.821178
v -96.943077 -15.718682 44.718304
v -96.939240 -15.784161 44.614082
v -98.621033 -16.876249 45.786556
v -98.533234 -16.927849 45.727936
v -98.503960 -16.935789 45.896713
v -98.533234 -16.927849 45.727936
v -98.431450 -16.864311 45.801102
v -98.385834 -16.927095 45.713318
v -98.533234 -16.927849 45.727936
v -98.503960 -16.935789 45.896713
v -98.431450 -16.864311 45.801102
v -96.637108 -15.864648 44.820900
v -96.352692 -16.160480 45.027016
v -96.658638 -15.890764 44.840221
v -96.288124 -16.322523 45.126842
v -97.894157 -16.884624 46.087528
v -97.815712 -16.819700 46.009922
v -97.942726 -16.897139 45.923595
v -98.117569 -16.919394 44.926941
v -98.000870 -16.860628 45.006760
v -97.908623 -16.921829 44.981461
v -98.117569 -16.919394 44.926941
v -98.037933 -16.908642 45.091282
v -98.000870 -16.860628 45.006760
v -99.076324 -16.943510 46.352173
v -98.889526 -16.936304 46.382637
v -98.835220 -16.907990 46.562756
v -99.013504 -16.938461 46.545452
v -99.076324 -16.943510 46.352173
v -99.136795 -16.884903 46.415215
v -99.013504 -16.938461 46.545452
v -99.076324 -16.943510 46.352173
v -99.001152 -16.878883 46.254322
v -98.889526 -16.936304 46.382637
v -99.087387 -16.880823 47.217693
v -99.042999 -16.827721 47.126804
v -99.085228 -16.913057 47.058899
v -99.087387 -16.880823 47.217693
v -99.285156 -16.920839 47.192551
v -99.209625 -16.868429 47.114918
v -99.344955 -16.948381 47.016434
v -99.087387 -16.880823 47.217693
v -99.085228 -16.913057 47.058899
v -99.209625 -16.868429 47.114918
v -98.883713 -16.883575 46.910393
v -99.062813 -16.920542 46.888103
v -98.918098 -16.819939 46.984344
v -98.883713 -16.883575 46.910393
v -98.806572 -16.813147 46.820675
v -98.960693 -16.912226 46.725079
v -98.883713 -16.883575 46.910393
v -99.133392 -16.931353 46.720222
v -99.062813 -16.920542 46.888103
v -98.960693 -16.912226 46.725079
v -99.109169 -16.888605 46.597939
v -97.446609 -16.893436 45.833668
v -97.504829 -16.831205 45.901432
v -97.645958 -16.897673 45.773438
v -97.446609 -16.893436 45.833668
v -97.578720 -16.843878 45.712479
v -97.645958 -16.897673 45.773438
v -97.707123 -16.918999 45.607796
v -97.446609 -16.893436 45.833668
v -97.523865 -16.913118 45.640598
v -97.578720 -16.843878 45.712479
v -99.720016 -16.894783 46.697372
v -99.696724 -16.890150 46.916931
v -99.657379 -16.841898 46.832619
v -99.720016 -16.894783 46.697372
v -99.657379 -16.841898 46.832619
v -99.601234 -16.922642 46.787453
v -99.533348 -16.924206 46.973648
v -98.754066 -16.876963 46.753025
v -98.960693 -16.912226 46.725079
v -98.806572 -16.813147 46.820675
v -98.754066 -16.876963 46.753025
v -98.835220 -16.907990 46.562756
v -98.886055 -16.840590 46.631092
v -98.754066 -16.876963 46.753025
v -98.886055 -16.840590 46.631092
v -98.960693 -16.912226 46.725079
v -97.965607 -16.904802 44.811436
v -97.929214 -16.842510 44.695160
v -97.916809 -16.903534 44.605164
v -97.965607 -16.904802 44.811436
v -97.871338 -16.852154 44.863533
v -97.750862 -16.905851 44.835094
v -97.965607 -16.904802 44.811436
v -97.871338 -16.852154 44.863533
v -97.908623 -16.921829 44.981461
v -97.965607 -16.904802 44.811436
v -97.750862 -16.905851 44.835094
v -97.806427 -16.905455 44.660408
v -97.965607 -16.904802 44.811436
v -97.806427 -16.905455 44.660408
v -97.929214 -16.842510 44.695160
v -98.631630 -16.929869 46.057175
v -98.426552 -16.899593 46.073334
v -98.503159 -16.853025 46.135551
v -98.631630 -16.929869 46.057175
v -98.565506 -16.922403 46.243149
v -98.503159 -16.853025 46.135551
v -97.815712 -16.819700 46.009922
v -97.761726 -16.894110 45.923286
v -97.942726 -16.897139 45.923595
v -97.761726 -16.894110 45.923286
v -97.882149 -16.842531 45.823170
v -97.942726 -16.897139 45.923595
v -98.017059 -16.916899 45.753975
v -97.761726 -16.894110 45.923286
v -97.812538 -16.901237 45.757504
v -97.882149 -16.842531 45.823170
v -97.186790 -15.809307 44.378071
v -96.959846 -15.802853 44.537189
v -97.148582 -15.833799 44.498352
v -97.186790 -15.809307 44.378071
v -97.148582 -15.833799 44.498352
v -96.939240 -15.784161 44.614082
v -99.216614 -16.942659 46.504749
v -99.109169 -16.888605 46.597939
v -99.013504 -16.938461 46.545452
v -99.216614 -16.942659 46.504749
v -99.133392 -16.931353 46.720222
v -99.109169 -16.888605 46.597939
v -99.085228 -16.913057 47.058899
v -98.918098 -16.819939 46.984344
v -99.062813 -16.920542 46.888103
v -99.085228 -16.913057 47.058899
v -99.344955 -16.948381 47.016434
v -99.209625 -16.868429 47.114918
v -99.085228 -16.913057 47.058899
v -99.095924 -16.864964 46.963387
v -99.247704 -16.956242 46.860748
v -99.085228 -16.913057 47.058899
v -99.247704 -16.956242 46.860748
v -99.289864 -16.891655 46.936028
v -99.085228 -16.913057 47.058899
v -99.062813 -16.920542 46.888103
v -99.095924 -16.864964 46.963387
v -98.040169 -16.873398 46.066429
v -98.270264 -16.902386 46.066067
v -98.142532 -16.835125 46.136868
v -98.040169 -16.873398 46.066429
v -98.137634 -16.908346 45.912857
v -98.182732 -16.837145 45.989288
v -98.316101 -16.914782 45.901417
v -98.040169 -16.873398 46.066429
v -98.182732 -16.837145 45.989288
v -98.270264 -16.902386 46.066067
v -97.916809 -16.903534 44.605164
v -97.929214 -16.842510 44.695160
v -97.806427 -16.905455 44.660408
v -98.503960 -16.935789 45.896713
v -98.316101 -16.914782 45.901417
v -98.373711 -16.853619 45.989048
v -98.503960 -16.935789 45.896713
v -98.373711 -16.853619 45.989048
v -98.426552 -16.899593 46.073334
v -98.503960 -16.935789 45.896713
v -98.431450 -16.864311 45.801102
v -98.316101 -16.914782 45.901417
v -99.323242 -16.956083 46.669708
v -99.194626 -16.884745 46.767151
v -99.133392 -16.931353 46.720222
v -99.323242 -16.956083 46.669708
v -99.194626 -16.884745 46.767151
v -99.247704 -16.956242 46.860748
v -97.942726 -16.897139 45.923595
v -98.017059 -16.916899 45.753975
v -98.073174 -16.844887 45.813900
v -97.942726 -16.897139 45.923595
v -98.073174 -16.844887 45.813900
v -98.137634 -16.908346 45.912857
v -98.037933 -16.908642 45.091282
v -97.876755 -16.920879 45.110657
v -98.000870 -16.860628 45.006760
v -98.431450 -16.864311 45.801102
v -98.385834 -16.927095 45.713318
v -98.316101 -16.914782 45.901417
v -98.684189 -16.868746 46.137737
v -98.756042 -16.934166 46.227230
v -98.565506 -16.922403 46.243149
v -98.756042 -16.934166 46.227230
v -98.614861 -16.858767 46.329182
v -98.565506 -16.922403 46.243149
v -98.756042 -16.934166 46.227230
v -98.709991 -16.912029 46.390602
v -98.614861 -16.858767 46.329182
v -98.501022 -16.900583 46.415497
v -98.453377 -16.832037 46.305744
v -98.565506 -16.922403 46.243149
v -98.501022 -16.900583 46.415497
v -98.565506 -16.922403 46.243149
v -98.614861 -16.858767 46.329182
v -98.501022 -16.900583 46.415497
v -98.709991 -16.912029 46.390602
v -98.614861 -16.858767 46.329182
v -98.390038 -16.898367 46.243385
v -98.565506 -16.922403 46.243149
v -98.453377 -16.832037 46.305744
v -98.390038 -16.898367 46.243385
v -98.503159 -16.853025 46.135551
v -98.565506 -16.922403 46.243149
v -98.390038 -16.898367 46.243385
v -98.426552 -16.899593 46.073334
v -98.503159 -16.853025 46.135551
v -98.385834 -16.927095 45.713318
v -98.253792 -16.857836 45.807026
v -98.202606 -16.918781 45.741280
v -98.385834 -16.927095 45.713318
v -98.316101 -16.914782 45.901417
v -98.253792 -16.857836 45.807026
v -99.231071 -16.863836 47.292557
v -99.285156 -16.920839 47.192551
v -99.330856 -16.829502 47.238194
v -99.495811 -16.904049 47.136490
v -98.639252 -16.894545 46.582539
v -98.709991 -16.912029 46.390602
v -98.757248 -16.849104 46.480053
v -98.639252 -16.894545 46.582539
v -98.757248 -16.849104 46.480053
v -98.835220 -16.907990 46.562756
v -97.266632 -16.875477 45.759281
v -97.393547 -16.839878 45.752045
v -97.523865 -16.913118 45.640598
v -98.000870 -16.860628 45.006760
v -97.876755 -16.920879 45.110657
v -97.908623 -16.921829 44.981461
v -97.999710 -16.925215 45.256012
v -97.882248 -16.857361 45.346600
v -97.814568 -16.919672 45.281971
v -97.999710 -16.925215 45.256012
v -97.957512 -16.909079 45.399689
v -97.882248 -16.857361 45.346600
v -98.122818 -16.932125 45.411381
v -98.063606 -16.925077 45.584385
v -97.983665 -16.858747 45.496292
v -99.471352 -16.489239 47.450710
v -99.437263 -16.702169 47.458313
v -99.684525 -16.735809 47.318821
v -99.723701 -16.502783 47.351780
v -96.939240 -15.784161 44.614082
v -96.959846 -15.802853 44.537189
v -97.148582 -15.833799 44.498352
v -98.257278 -16.920424 45.550518
v -98.139618 -16.864885 45.639282
v -98.063606 -16.925077 45.584385
v -98.257278 -16.920424 45.550518
v -98.202606 -16.918781 45.741280
v -98.139618 -16.864885 45.639282
v -98.889526 -16.936304 46.382637
v -98.709991 -16.912029 46.390602
v -98.757248 -16.849104 46.480053
v -98.889526 -16.936304 46.382637
v -98.835220 -16.907990 46.562756
v -98.757248 -16.849104 46.480053
v -99.657379 -16.841898 46.832619
v -99.696724 -16.890150 46.916931
v -99.533348 -16.924206 46.973648
v -99.062813 -16.920542 46.888103
v -99.247704 -16.956242 46.860748
v -99.095924 -16.864964 46.963387
v -99.062813 -16.920542 46.888103
v -99.194626 -16.884745 46.767151
v -99.133392 -16.931353 46.720222
v -99.062813 -16.920542 46.888103
v -99.247704 -16.956242 46.860748
v -99.194626 -16.884745 46.767151
v -97.908623 -16.921829 44.981461
v -97.750862 -16.905851 44.835094
v -97.871338 -16.852154 44.863533
v -99.427376 -16.921631 46.893887
v -99.247704 -16.956242 46.860748
v -99.289864 -16.891655 46.936028
v -99.533348 -16.924206 46.973648
v -99.406319 -16.870052 47.064808
v -99.344955 -16.948381 47.016434
v -99.533348 -16.924206 46.973648
v -99.696724 -16.890150 46.916931
v -99.584969 -16.835661 47.016197
v -99.533348 -16.924206 46.973648
v -99.495811 -16.904049 47.136490
v -99.406319 -16.870052 47.064808
v -99.533348 -16.924206 46.973648
v -99.584969 -16.835661 47.016197
v -99.495811 -16.904049 47.136490
v -99.285156 -16.920839 47.192551
v -99.344955 -16.948381 47.016434
v -99.406319 -16.870052 47.064808
v -99.285156 -16.920839 47.192551
v -99.406319 -16.870052 47.064808
v -99.495811 -16.904049 47.136490
v -98.270264 -16.902386 46.066067
v -98.316101 -16.914782 45.901417
v -98.182732 -16.837145 45.989288
v -98.270264 -16.902386 46.066067
v -98.316101 -16.914782 45.901417
v -98.373711 -16.853619 45.989048
v -98.270264 -16.902386 46.066067
v -98.373711 -16.853619 45.989048
v -98.426552 -16.899593 46.073334
v -97.812538 -16.901237 45.757504
v -98.017059 -16.916899 45.753975
v -97.882149 -16.842531 45.823170
v -97.812538 -16.901237 45.757504
v -97.883057 -16.918127 45.588474
v -97.926735 -16.849480 45.672085
v -97.812538 -16.901237 45.757504
v -97.926735 -16.849480 45.672085
v -98.017059 -16.916899 45.753975
v -98.063606 -16.925077 45.584385
v -97.926735 -16.849480 45.672085
v -97.883057 -16.918127 45.588474
v -98.063606 -16.925077 45.584385
v -98.017059 -16.916899 45.753975
v -97.926735 -16.849480 45.672085
v -98.063606 -16.925077 45.584385
v -98.139618 -16.864885 45.639282
v -98.017059 -16.916899 45.753975
v -98.063606 -16.925077 45.584385
v -97.883057 -16.918127 45.588474
v -97.983665 -16.858747 45.496292
v -99.696724 -16.890150 46.916931
v -99.495811 -16.904049 47.136490
v -99.584969 -16.835661 47.016197
v -98.137634 -16.908346 45.912857
v -98.073174 -16.844887 45.813900
v -98.202606 -16.918781 45.741280
v -98.137634 -16.908346 45.912857
v -98.253792 -16.857836 45.807026
v -98.202606 -16.918781 45.741280
v -98.137634 -16.908346 45.912857
v -98.253792 -16.857836 45.807026
v -98.316101 -16.914782 45.901417
v -97.523865 -16.913118 45.640598
v -97.578720 -16.843878 45.712479
v -97.707123 -16.918999 45.607796
v -97.523865 -16.913118 45.640598
v -97.707123 -16.918999 45.607796
v -97.626350 -16.853420 45.541363
v -97.523865 -16.913118 45.640598
v -97.561348 -16.908703 45.484898
v -97.626350 -16.853420 45.541363
v -97.170769 -16.894783 45.591091
v -97.121979 -16.827799 45.477058
v -97.147514 -16.899773 45.394817
v -97.957512 -16.909079 45.399689
v -97.828468 -16.863380 45.496082
v -97.759766 -16.919632 45.450092
v -97.957512 -16.909079 45.399689
v -97.883057 -16.918127 45.588474
v -97.828468 -16.863380 45.496082
v -97.707123 -16.918999 45.607796
v -97.957512 -16.909079 45.399689
v -97.759766 -16.919632 45.450092
v -97.882248 -16.857361 45.346600
v -97.957512 -16.909079 45.399689
v -97.983665 -16.858747 45.496292
v -97.883057 -16.918127 45.588474
v -99.109169 -16.888605 46.597939
v -98.960693 -16.912226 46.725079
v -99.013504 -16.938461 46.545452
v -99.347870 -16.860945 47.338058
v -99.330856 -16.829502 47.238194
v -99.495811 -16.904049 47.136490
v -99.347870 -16.860945 47.338058
v -99.495811 -16.904049 47.136490
v -99.530342 -16.830513 47.197701
v -99.347870 -16.860945 47.338058
v -99.530342 -16.830513 47.197701
v -99.576904 -16.882111 47.262665
v -98.960693 -16.912226 46.725079
v -99.013504 -16.938461 46.545452
v -98.886055 -16.840590 46.631092
v -97.806427 -16.905455 44.660408
v -97.734619 -16.847620 44.728886
v -97.700150 -16.896149 44.561802
v -97.806427 -16.905455 44.660408
v -97.750862 -16.905851 44.835094
v -97.734619 -16.847620 44.728886
v -98.202606 -16.918781 45.741280
v -98.073174 -16.844887 45.813900
v -98.017059 -16.916899 45.753975
v -98.202606 -16.918781 45.741280
v -98.017059 -16.916899 45.753975
v -98.139618 -16.864885 45.639282
v -99.013504 -16.938461 46.545452
v -98.886055 -16.840590 46.631092
v -98.835220 -16.907990 46.562756
v -97.683922 -16.873814 44.233780
v -97.525742 -16.827442 44.290005
v -97.515717 -16.880507 44.184525
v -97.683922 -16.873814 44.233780
v -97.576340 -16.881418 44.365864
v -97.525742 -16.827442 44.290005
v -97.707123 -16.918999 45.607796
v -97.626350 -16.853420 45.541363
v -97.759766 -16.919632 45.450092
v -97.707123 -16.918999 45.607796
v -97.759766 -16.919632 45.450092
v -97.828468 -16.863380 45.496082
v -97.010170 -16.858410 45.522896
v -97.147514 -16.899773 45.394817
v -97.121979 -16.827799 45.477058
v -97.734619 -16.847620 44.728886
v -97.628075 -16.908524 44.821011
v -97.700150 -16.896149 44.561802
v -97.814568 -16.919672 45.281971
v -97.685074 -16.855797 45.372177
v -97.647758 -16.912504 45.288662
v -97.814568 -16.919672 45.281971
v -97.685074 -16.855797 45.372177
v -97.759766 -16.919632 45.450092
v -97.561348 -16.908703 45.484898
v -97.814568 -16.919672 45.281971
v -97.882248 -16.857361 45.346600
v -97.759766 -16.919632 45.450092
v -96.565422 -16.874428 45.275951
v -96.550766 -16.829819 45.132259
v -96.590904 -16.897654 45.044800
v -96.565422 -16.874428 45.275951
v -96.664795 -16.818117 45.256294
v -96.746590 -16.892723 45.189369
v -96.565422 -16.874428 45.275951
v -96.707405 -16.908424 44.976070
v -96.746590 -16.892723 45.189369
v -96.590904 -16.897654 45.044800
v -96.438057 -16.880903 45.099697
v -96.511673 -16.888229 44.909145
v -96.379517 -16.870844 44.884968
v -96.577423 -16.882883 44.801537
v -96.488037 -16.874269 44.700478
v -96.785103 -16.914919 44.810272
v -96.651276 -16.890923 44.648102
v -96.272369 -16.847301 44.702244
v -96.565422 -16.874428 45.275951
v -96.438057 -16.880903 45.099697
v -96.550766 -16.829819 45.132259
v -96.565422 -16.874428 45.275951
v -96.664795 -16.818117 45.256294
v -96.768951 -16.882427 45.300213
v -97.561348 -16.908703 45.484898
v -97.626350 -16.853420 45.541363
v -97.759766 -16.919632 45.450092
v -97.561348 -16.908703 45.484898
v -97.647758 -16.912504 45.288662
v -97.685074 -16.855797 45.372177
v -97.782951 -16.880013 44.494625
v -97.663536 -16.830750 44.421501
v -97.576340 -16.881418 44.365864
v -97.700150 -16.896149 44.561802
v -97.628075 -16.908524 44.821011
v -97.575851 -16.882803 44.627968
v -97.507645 -16.904068 44.555866
v -97.576340 -16.881418 44.365864
v -97.417969 -16.842075 44.628235
v -97.335884 -16.908821 44.569809
v -97.700150 -16.896149 44.561802
v -97.576340 -16.881418 44.365864
v -97.663536 -16.830750 44.421501
v -97.738991 -16.917593 45.121101
v -97.621773 -16.860964 45.069942
v -97.607170 -16.915117 44.963383
v -97.361526 -16.901337 45.519310
v -97.320534 -16.849302 45.425816
v -97.474503 -16.919611 45.304161
v -97.361526 -16.901337 45.519310
v -97.474503 -16.919611 45.304161
v -97.491638 -16.850649 45.381950
v -97.361526 -16.901337 45.519310
v -97.147514 -16.899773 45.394817
v -97.320534 -16.849302 45.425816
v -97.628075 -16.908524 44.821011
v -97.550934 -16.846212 44.760502
v -97.575851 -16.882803 44.627968
v -97.628075 -16.908524 44.821011
v -97.550934 -16.846212 44.760502
v -97.423820 -16.911198 44.730358
v -99.576904 -16.882111 47.262665
v -99.530342 -16.830513 47.197701
v -99.495811 -16.904049 47.136490
v -97.607170 -16.915117 44.963383
v -97.621773 -16.860964 45.069942
v -97.552055 -16.909889 45.142189
v -97.647758 -16.912504 45.288662
v -97.491638 -16.850649 45.381950
v -97.474503 -16.919611 45.304161
v -97.576340 -16.881418 44.365864
v -97.465820 -16.834986 44.461346
v -97.379311 -16.898287 44.418743
v -97.576340 -16.881418 44.365864
v -97.507645 -16.904068 44.555866
v -97.465820 -16.834986 44.461346
v -97.576340 -16.881418 44.365864
v -97.515717 -16.880507 44.184525
v -97.332634 -16.890982 44.179695
v -97.379311 -16.898287 44.418743
v -97.507645 -16.904068 44.555866
v -97.335884 -16.908821 44.569809
v -97.228859 -16.897079 44.494709
v -97.258362 -16.896624 44.284908
v -97.258636 -16.901178 44.720722
v -97.147568 -16.918682 44.731995
v -97.031380 -16.918364 44.602951
v -96.950272 -16.909693 44.751595
v -96.851234 -16.909454 44.638947
v -96.785103 -16.914919 44.810272
v -96.651276 -16.890923 44.648102
v -96.924515 -16.897614 44.893505
v -96.926247 -16.846649 45.041580
v -97.033791 -16.911613 45.008831
v -97.198730 -16.913374 44.932682
v -97.172997 -16.855797 44.826191
v -97.423820 -16.911198 44.730358
v -97.576340 -16.881418 44.365864
v -97.525742 -16.827442 44.290005
v -97.515717 -16.880507 44.184525
v -97.575851 -16.882803 44.627968
v -97.550934 -16.846212 44.760502
v -97.423820 -16.911198 44.730358
v -97.575851 -16.882803 44.627968
v -97.423820 -16.911198 44.730358
v -97.417969 -16.842075 44.628235
v -97.474503 -16.919611 45.304161
v -97.366501 -16.853579 45.262020
v -97.358826 -16.915771 45.156960
v -97.474503 -16.919611 45.304161
v -97.255150 -16.896288 45.307537
v -97.366501 -16.853579 45.262020
v -97.255150 -16.896288 45.307537
v -97.358826 -16.915771 45.156960
v -97.366501 -16.853579 45.262020
v -97.006821 -16.873755 45.266331
v -96.873016 -16.837660 45.207600
v -96.871452 -16.902466 45.122585
v -97.006821 -16.873755 45.266331
v -96.871452 -16.902466 45.122585
v -97.033791 -16.911613 45.008831
v -97.006821 -16.873755 45.266331
v -97.033791 -16.911613 45.008831
v -97.064827 -16.844688 45.163666
v -96.768951 -16.882427 45.300213
v -96.746590 -16.892723 45.189369
v -96.664795 -16.818117 45.256294
v -96.768951 -16.882427 45.300213
v -96.746590 -16.892723 45.189369
v -96.873016 -16.837660 45.207600
v -97.431068 -16.895714 44.913120
v -97.354820 -16.851242 44.788963
v -97.423820 -16.911198 44.730358
v -97.431068 -16.895714 44.913120
v -97.296623 -16.853817 44.967236
v -97.198730 -16.913374 44.932682
v -97.431068 -16.895714 44.913120
v -97.258636 -16.901178 44.720722
v -97.198730 -16.913374 44.932682
v -97.431068 -16.895714 44.913120
v -97.354820 -16.851242 44.788963
v -97.258636 -16.901178 44.720722
v -97.423820 -16.911198 44.730358
v -97.354820 -16.851242 44.788963
v -97.258636 -16.901178 44.720722
v -97.423820 -16.911198 44.730358
v -97.417969 -16.842075 44.628235
v -97.335884 -16.908821 44.569809
v -96.873016 -16.837660 45.207600
v -96.746590 -16.892723 45.189369
v -96.871452 -16.902466 45.122585
v -97.507645 -16.904068 44.555866
v -97.379311 -16.898287 44.418743
v -97.465820 -16.834986 44.461346
v -96.438057 -16.880903 45.099697
v -96.424072 -16.824987 44.993557
v -96.511673 -16.888229 44.909145
v -96.438057 -16.880903 45.099697
v -96.590904 -16.897654 45.044800
v -96.550766 -16.829819 45.132259
v -96.438057 -16.880903 45.099697
v -96.379517 -16.870844 44.884968
v -96.424072 -16.824987 44.993557
v -97.408478 -16.913870 45.015774
v -97.296623 -16.853817 44.967236
v -97.224701 -16.918503 45.032127
v -97.179169 -16.903099 45.198566
v -97.064827 -16.844688 45.163666
v -97.033791 -16.911613 45.008831
v -96.746590 -16.892723 45.189369
v -96.726990 -16.842590 45.087837
v -96.871452 -16.902466 45.122585
v -96.746590 -16.892723 45.189369
v -96.707405 -16.908424 44.976070
v -96.726990 -16.842590 45.087837
v -96.871452 -16.902466 45.122585
v -96.726990 -16.842590 45.087837
v -96.707405 -16.908424 44.976070
v -96.871452 -16.902466 45.122585
v -96.707405 -16.908424 44.976070
v -96.924515 -16.897614 44.893505
v -96.871452 -16.902466 45.122585
v -96.926247 -16.846649 45.041580
v -97.033791 -16.911613 45.008831
v -96.871452 -16.902466 45.122585
v -96.926247 -16.846649 45.041580
v -96.924515 -16.897614 44.893505
v -97.515717 -16.880507 44.184525
v -97.386185 -16.875675 44.047543
v -97.396477 -16.824116 44.148251
v -97.515717 -16.880507 44.184525
v -97.332634 -16.890982 44.179695
v -97.396477 -16.824116 44.148251
v -97.559441 -16.867319 44.101681
v -97.458374 -16.811029 43.987087
v -97.348793 -16.859915 43.912868
v -97.258636 -16.901178 44.720722
v -97.172997 -16.855797 44.826191
v -97.198730 -16.913374 44.932682
v -97.296623 -16.853817 44.967236
v -97.224701 -16.918503 45.032127
v -97.198730 -16.913374 44.932682
v -97.224701 -16.918503 45.032127
v -97.112457 -16.846273 44.992409
v -97.198730 -16.913374 44.932682
v -97.224701 -16.918503 45.032127
v -97.033791 -16.911613 45.008831
v -97.112457 -16.846273 44.992409
v -97.033791 -16.911613 45.008831
v -97.198730 -16.913374 44.932682
v -97.112457 -16.846273 44.992409
v -97.198730 -16.913374 44.932682
v -97.147568 -16.918682 44.731995
v -97.172997 -16.855797 44.826191
v -96.424072 -16.824987 44.993557
v -96.379517 -16.870844 44.884968
v -96.511673 -16.888229 44.909145
v -97.386185 -16.875675 44.047543
v -97.274208 -16.815207 44.033176
v -97.348793 -16.859915 43.912868
v -97.332634 -16.890982 44.179695
v -97.386185 -16.875675 44.047543
v -97.396477 -16.824116 44.148251
v -97.332634 -16.890982 44.179695
v -97.332634 -16.890982 44.179695
v -97.219521 -16.833244 44.194550
v -97.089439 -16.881893 44.148079
v -97.332634 -16.890982 44.179695
v -97.258362 -16.896624 44.284908
v -97.219521 -16.833244 44.194550
v -97.332634 -16.890982 44.179695
v -97.089439 -16.881893 44.148079
v -97.160553 -16.878092 43.983418
v -97.332634 -16.890982 44.179695
v -97.274208 -16.815207 44.033176
v -97.160553 -16.878092 43.983418
v -96.379517 -16.870844 44.884968
v -96.298683 -16.800219 44.846687
v -96.272369 -16.847301 44.702244
v -96.379517 -16.870844 44.884968
v -96.153870 -16.823404 44.778492
v -96.298683 -16.800219 44.846687
v -97.348793 -16.859915 43.912868
v -97.274208 -16.815207 44.033176
v -97.160553 -16.878092 43.983418
v -97.228859 -16.897079 44.494709
v -97.109276 -16.848927 44.529446
v -97.077606 -16.908325 44.413410
v -97.228859 -16.897079 44.494709
v -97.167847 -16.843084 44.350502
v -97.258362 -16.896624 44.284908
v -97.228859 -16.897079 44.494709
v -97.031380 -16.918364 44.602951
v -97.109276 -16.848927 44.529446
v -97.228859 -16.897079 44.494709
v -97.077606 -16.908325 44.413410
v -97.167847 -16.843084 44.350502
v -96.707405 -16.908424 44.976070
v -96.785103 -16.914919 44.810272
v -96.805313 -16.853439 44.905155
v -96.707405 -16.908424 44.976070
v -96.924515 -16.897614 44.893505
v -96.805313 -16.853439 44.905155
v -97.258362 -16.896624 44.284908
v -97.167847 -16.843084 44.350502
v -97.077606 -16.908325 44.413410
v -97.258362 -16.896624 44.284908
v -97.077606 -16.908325 44.413410
v -97.089439 -16.881893 44.148079
v -97.258362 -16.896624 44.284908
v -97.089439 -16.881893 44.148079
v -97.219521 -16.833244 44.194550
v -96.805313 -16.853439 44.905155
v -96.785103 -16.914919 44.810272
v -96.924515 -16.897614 44.893505
v -96.577423 -16.882883 44.801537
v -96.668449 -16.841145 44.776672
v -96.651276 -16.890923 44.648102
v -96.577423 -16.882883 44.801537
v -96.785103 -16.914919 44.810272
v -96.668449 -16.841145 44.776672
v -97.212685 -16.851995 43.809391
v -97.160553 -16.878092 43.983418
v -97.145218 -16.800278 43.905560
v -97.212685 -16.851995 43.809391
v -97.145218 -16.800278 43.905560
v -97.021759 -16.847143 43.861542
v -97.031380 -16.918364 44.602951
v -96.930367 -16.848965 44.562698
v -96.896622 -16.888050 44.444084
v -97.031380 -16.918364 44.602951
v -96.896622 -16.888050 44.444084
v -97.077606 -16.908325 44.413410
v -97.031380 -16.918364 44.602951
v -96.851234 -16.909454 44.638947
v -96.930367 -16.848965 44.562698
v -97.031380 -16.918364 44.602951
v -97.077606 -16.908325 44.413410
v -97.109276 -16.848927 44.529446
v -97.077606 -16.908325 44.413410
v -96.987793 -16.828295 44.400879
v -96.940346 -16.877834 44.288971
v -97.077606 -16.908325 44.413410
v -97.089439 -16.881893 44.148079
v -97.034210 -16.828413 44.237953
v -97.077606 -16.908325 44.413410
v -96.940346 -16.877834 44.288971
v -97.034210 -16.828413 44.237953
v -97.077606 -16.908325 44.413410
v -96.896622 -16.888050 44.444084
v -96.987793 -16.828295 44.400879
v -96.488037 -16.874269 44.700478
v -96.378288 -16.799862 44.667282
v -96.315651 -16.799782 44.538448
v -96.488037 -16.874269 44.700478
v -96.463371 -16.788576 44.509621
v -96.553856 -16.841778 44.471134
v -96.488037 -16.874269 44.700478
v -96.315651 -16.799782 44.538448
v -96.463371 -16.788576 44.509621
v -96.488037 -16.874269 44.700478
v -96.569901 -16.820177 44.631218
v -96.651276 -16.890923 44.648102
v -96.488037 -16.874269 44.700478
v -96.553856 -16.841778 44.471134
v -96.569901 -16.820177 44.631218
v -96.488037 -16.874269 44.700478
v -96.272369 -16.847301 44.702244
v -96.378288 -16.799862 44.667282
v -96.785103 -16.914919 44.810272
v -96.668449 -16.841145 44.776672
v -96.651276 -16.890923 44.648102
v -97.089439 -16.881893 44.148079
v -96.906982 -16.786793 44.101597
v -96.949028 -16.857122 44.019512
v -97.089439 -16.881893 44.148079
v -97.076347 -16.812752 44.073612
v -97.160553 -16.878092 43.983418
v -97.089439 -16.881893 44.148079
v -97.034210 -16.828413 44.237953
v -96.940346 -16.877834 44.288971
v -97.089439 -16.881893 44.148079
v -96.940346 -16.877834 44.288971
v -96.806923 -16.846392 44.168873
v -97.089439 -16.881893 44.148079
v -96.806923 -16.846392 44.168873
v -96.906982 -16.786793 44.101597
v -97.089439 -16.881893 44.148079
v -96.949028 -16.857122 44.019512
v -97.076347 -16.812752 44.073612
v -97.160553 -16.878092 43.983418
v -97.076347 -16.812752 44.073612
v -96.949028 -16.857122 44.019512
v -97.160553 -16.878092 43.983418
v -97.021759 -16.847143 43.861542
v -97.145218 -16.800278 43.905560
v -96.952538 -16.832571 43.567051
v -96.847603 -16.777983 43.625782
v -96.798477 -16.824770 43.551762
v -96.651276 -16.890923 44.648102
v -96.569901 -16.820177 44.631218
v -96.553856 -16.841778 44.471134
v -96.651276 -16.890923 44.648102
v -96.553856 -16.841778 44.471134
v -96.759277 -16.859102 44.480991
v -96.651276 -16.890923 44.648102
v -96.759277 -16.859102 44.480991
v -96.749405 -16.825403 44.606674
v -96.651276 -16.890923 44.648102
v -96.749405 -16.825403 44.606674
v -96.851234 -16.909454 44.638947
v -96.093178 -16.794674 44.601284
v -96.226685 -16.796158 44.455173
v -96.164650 -16.712643 44.412037
v -96.292282 -16.784813 44.283005
v -96.093178 -16.794674 44.601284
v -96.063820 -16.751511 44.365387
v -96.164650 -16.712643 44.412037
v -96.930367 -16.848965 44.562698
v -96.851234 -16.909454 44.638947
v -96.896622 -16.888050 44.444084
v -96.949028 -16.857122 44.019512
v -96.906982 -16.786793 44.101597
v -96.806923 -16.846392 44.168873
v -96.987793 -16.828295 44.400879
v -96.940346 -16.877834 44.288971
v -96.896622 -16.888050 44.444084
v -96.896622 -16.888050 44.444084
v -96.851234 -16.909454 44.638947
v -96.759277 -16.859102 44.480991
v -96.778526 -16.859558 44.349285
v -96.940346 -16.877834 44.288971
v -96.639511 -16.789743 44.469315
v -96.749405 -16.825403 44.606674
v -96.943451 -16.827265 43.695061
v -96.846024 -16.783072 43.776390
v -96.743553 -16.832987 43.723873
v -96.688530 -16.810772 43.903923
v -96.943451 -16.827265 43.695061
v -96.855324 -16.831680 43.906990
v -96.846024 -16.783072 43.776390
v -96.943451 -16.827265 43.695061
v -96.743553 -16.832987 43.723873
v -96.847603 -16.777983 43.625782
v -96.315651 -16.799782 44.538448
v -96.463371 -16.788576 44.509621
v -96.553856 -16.841778 44.471134
v -96.315651 -16.799782 44.538448
v -96.441544 -16.786892 44.284084
v -96.553856 -16.841778 44.471134
v -96.352371 -16.747768 44.364014
v -96.778526 -16.859558 44.349285
v -96.599777 -16.801842 44.238300
v -96.488556 -16.777210 44.076229
v -96.940346 -16.877834 44.288971
v -96.855713 -16.796831 44.267143
v -96.806923 -16.846392 44.168873
v -96.940346 -16.877834 44.288971
v -96.778526 -16.859558 44.349285
v -96.855713 -16.796831 44.267143
v -95.973473 -16.753233 44.225086
v -96.046402 -16.689060 44.288887
v -96.147652 -16.772419 44.171616
v -95.973473 -16.753233 44.225086
v -96.147652 -16.772419 44.171616
v -96.081909 -16.707870 44.130371
v -95.973473 -16.753233 44.225086
v -96.063820 -16.751511 44.365387
v -96.046402 -16.689060 44.288887
v -96.847603 -16.777983 43.625782
v -96.743553 -16.832987 43.723873
v -96.798477 -16.824770 43.551762
v -96.798477 -16.824770 43.551762
v -96.747810 -16.758499 43.487652
v -96.636589 -16.802040 43.403538
v -96.798477 -16.824770 43.551762
v -96.611481 -16.818335 43.582314
v -96.673073 -16.759706 43.675713
v -96.798477 -16.824770 43.551762
v -96.743553 -16.832987 43.723873
v -96.673073 -16.759706 43.675713
v -96.798477 -16.824770 43.551762
v -96.747810 -16.758499 43.487652
v -96.611481 -16.818335 43.582314
v -96.855324 -16.831680 43.906990
v -96.756615 -16.763054 43.974918
v -96.688530 -16.810772 43.903923
v -96.855324 -16.831680 43.906990
v -96.663017 -16.807583 44.043453
v -96.756615 -16.763054 43.974918
v -96.855324 -16.831680 43.906990
v -96.688530 -16.810772 43.903923
v -96.846024 -16.783072 43.776390
v -96.806923 -16.846392 44.168873
v -96.719109 -16.747015 44.125664
v -96.663017 -16.807583 44.043453
v -96.806923 -16.846392 44.168873
v -96.778526 -16.859558 44.349285
v -96.677528 -16.777784 44.302216
v -96.806923 -16.846392 44.168873
v -96.599777 -16.801842 44.238300
v -96.677528 -16.777784 44.302216
v -96.806923 -16.846392 44.168873
v -96.599777 -16.801842 44.238300
v -96.719109 -16.747015 44.125664
v -96.806923 -16.846392 44.168873
v -96.855713 -16.796831 44.267143
v -96.778526 -16.859558 44.349285
v -96.778526 -16.859558 44.349285
v -96.639511 -16.789743 44.469315
v -96.553856 -16.841778 44.471134
v -96.778526 -16.859558 44.349285
v -96.599777 -16.801842 44.238300
v -96.677528 -16.777784 44.302216
v -96.759277 -16.859102 44.480991
v -96.553856 -16.841778 44.471134
v -96.639511 -16.789743 44.469315
v -96.636589 -16.802040 43.403538
v -96.611481 -16.818335 43.582314
v -96.528862 -16.745550 43.536011
v -96.636589 -16.802040 43.403538
v -96.528862 -16.745550 43.536011
v -96.470650 -16.794060 43.453686
v -96.636589 -16.802040 43.403538
v -96.470650 -16.794060 43.453686
v -96.390427 -16.725809 43.391106
v -96.309555 -16.767963 43.491825
v -96.267517 -16.685734 43.444714
v -96.188591 -16.758142 43.506805
v -96.636589 -16.802040 43.403538
v -96.747810 -16.758499 43.487652
v -96.611481 -16.818335 43.582314
v -96.063820 -16.751511 44.365387
v -96.046402 -16.689060 44.288887
v -96.147652 -16.772419 44.171616
v -96.063820 -16.751511 44.365387
v -96.164650 -16.712643 44.412037
v -96.292282 -16.784813 44.283005
v -96.063820 -16.751511 44.365387
v -96.147652 -16.772419 44.171616
v -96.216049 -16.717295 44.239086
v -96.319992 -16.769587 44.123158
v -96.063820 -16.751511 44.365387
v -96.216049 -16.717295 44.239086
v -96.292282 -16.784813 44.283005
v -96.743553 -16.832987 43.723873
v -96.604118 -16.754639 43.838524
v -96.570969 -16.796734 43.751160
v -96.743553 -16.832987 43.723873
v -96.688530 -16.810772 43.903923
v -96.604118 -16.754639 43.838524
v -96.511841 -16.773884 43.925819
v -96.743553 -16.832987 43.723873
v -96.570969 -16.796734 43.751160
v -96.673073 -16.759706 43.675713
v -96.352371 -16.747768 44.364014
v -96.292282 -16.784813 44.283005
v -96.441544 -16.786892 44.284084
v -96.292282 -16.784813 44.283005
v -96.216049 -16.717295 44.239086
v -96.319992 -16.769587 44.123158
v -96.292282 -16.784813 44.283005
v -96.382584 -16.722166 44.196201
v -96.319992 -16.769587 44.123158
v -96.292282 -16.784813 44.283005
v -96.382584 -16.722166 44.196201
v -96.441544 -16.786892 44.284084
v -96.663017 -16.807583 44.043453
v -96.586258 -16.737154 44.001324
v -96.688530 -16.810772 43.903923
v -96.663017 -16.807583 44.043453
v -96.560226 -16.737274 44.156441
v -96.488556 -16.777210 44.076229
v -96.663017 -16.807583 44.043453
v -96.599777 -16.801842 44.238300
v -96.560226 -16.737274 44.156441
v -96.663017 -16.807583 44.043453
v -96.719109 -16.747015 44.125664
v -96.599777 -16.801842 44.238300
v -96.663017 -16.807583 44.043453
v -96.756615 -16.763054 43.974918
v -96.688530 -16.810772 43.903923
v -96.663017 -16.807583 44.043453
v -96.488556 -16.777210 44.076229
v -96.586258 -16.737154 44.001324
v -96.599777 -16.801842 44.238300
v -96.560226 -16.737274 44.156441
v -96.488556 -16.777210 44.076229
v -96.688530 -16.810772 43.903923
v -96.586258 -16.737154 44.001324
v -96.511841 -16.773884 43.925819
v -96.611481 -16.818335 43.582314
v -96.518143 -16.737532 43.690411
v -96.426086 -16.793941 43.621037
v -96.611481 -16.818335 43.582314
v -96.570969 -16.796734 43.751160
v -96.518143 -16.737532 43.690411
v -96.611481 -16.818335 43.582314
v -96.673073 -16.759706 43.675713
v -96.570969 -16.796734 43.751160
v -96.611481 -16.818335 43.582314
v -96.426086 -16.793941 43.621037
v -96.528862 -16.745550 43.536011
v -96.441544 -16.786892 44.284084
v -96.382584 -16.722166 44.196201
v -96.488556 -16.777210 44.076229
v -96.147652 -16.772419 44.171616
v -96.081909 -16.707870 44.130371
v -96.209595 -16.768835 43.987816
v -96.147652 -16.772419 44.171616
v -96.319992 -16.769587 44.123158
v -96.361839 -16.741154 43.969475
v -96.209595 -16.768835 43.987816
v -96.469040 -16.714663 43.860226
v -96.511841 -16.773884 43.925819
v -96.488556 -16.777210 44.076229
v -96.570969 -16.796734 43.751160
v -96.586258 -16.737154 44.001324
v -96.570969 -16.796734 43.751160
v -96.469040 -16.714663 43.860226
v -96.411102 -16.770557 43.771824
v -96.361839 -16.741154 43.969475
v -96.570969 -16.796734 43.751160
v -96.604118 -16.754639 43.838524
v -96.511841 -16.773884 43.925819
v -96.570969 -16.796734 43.751160
v -96.411102 -16.770557 43.771824
v -96.518143 -16.737532 43.690411
v -96.382584 -16.722166 44.196201
v -96.488556 -16.777210 44.076229
v -96.319992 -16.769587 44.123158
v -96.081909 -16.707870 44.130371
v -95.990692 -16.746956 44.073681
v -96.209595 -16.768835 43.987816
v -95.990692 -16.746956 44.073681
v -95.965675 -16.688704 43.994591
v -96.104073 -16.766874 43.835670
v -95.990692 -16.746956 44.073681
v -96.104073 -16.766874 43.835670
v -96.161652 -16.704624 43.929459
v -96.277695 -16.774734 43.775593
v -96.426086 -16.793941 43.621037
v -96.411102 -16.770557 43.771824
v -96.313019 -16.699198 43.899597
v -96.296707 -16.788734 43.651043
v -96.099327 -16.780518 43.680080
v -95.990692 -16.746956 44.073681
v -96.161652 -16.704624 43.929459
v -96.209595 -16.768835 43.987816
v -96.277695 -16.774734 43.775593
v -95.990692 -16.746956 44.073681
v -95.920830 -16.741827 43.894806
v -95.965675 -16.688704 43.994591
v -96.470650 -16.794060 43.453686
v -96.387192 -16.722048 43.560581
v -96.309555 -16.767963 43.491825
v -96.470650 -16.794060 43.453686
v -96.426086 -16.793941 43.621037
v -96.387192 -16.722048 43.560581
v -96.470650 -16.794060 43.453686
v -96.528862 -16.745550 43.536011
v -96.426086 -16.793941 43.621037
v -96.518143 -16.737532 43.690411
v -96.411102 -16.770557 43.771824
v -96.426086 -16.793941 43.621037
v -96.426086 -16.793941 43.621037
v -96.296707 -16.788734 43.651043
v -96.387192 -16.722048 43.560581
v -95.965675 -16.688704 43.994591
v -95.920830 -16.741827 43.894806
v -96.104073 -16.766874 43.835670
v -96.411102 -16.770557 43.771824
v -96.361839 -16.741154 43.969475
v -96.313019 -16.699198 43.899597
v -96.361839 -16.741154 43.969475
v -96.209595 -16.768835 43.987816
v -96.313019 -16.699198 43.899597
v -96.209595 -16.768835 43.987816
v -96.277695 -16.774734 43.775593
v -96.313019 -16.699198 43.899597
v -96.390427 -16.725809 43.391106
v -96.267517 -16.685734 43.444714
v -96.143875 -16.725037 43.440556
v -95.920830 -16.741827 43.894806
v -96.049469 -16.726917 43.797810
v -96.099327 -16.780518 43.680080
v -95.920830 -16.741827 43.894806
v -96.104073 -16.766874 43.835670
v -96.049469 -16.726917 43.797810
v -96.387192 -16.722048 43.560581
v -96.296707 -16.788734 43.651043
v -96.309555 -16.767963 43.491825
v -96.104073 -16.766874 43.835670
v -96.049469 -16.726917 43.797810
v -96.099327 -16.780518 43.680080
v -96.309555 -16.767963 43.491825
v -96.255821 -16.710207 43.586891
v -96.188591 -16.758142 43.506805
v -96.099327 -16.780518 43.680080
v -96.309555 -16.767963 43.491825
v -96.255821 -16.710207 43.586891
v -96.296707 -16.788734 43.651043
v -96.296707 -16.788734 43.651043
v -96.099327 -16.780518 43.680080
v -96.255821 -16.710207 43.586891
v -96.099327 -16.780518 43.680080
v -96.087410 -16.719513 43.636776
v -96.188591 -16.758142 43.506805
v -96.099327 -16.780518 43.680080
v -96.043098 -16.766577 43.528450
v -96.087410 -16.719513 43.636776
v -96.043098 -16.766577 43.528450
v -96.188591 -16.758142 43.506805
v -96.087410 -16.719513 43.636776
vn 0.1509 -0.2586 0.9541
vn 0.0359 -0.3388 0.9402
vn 0.1780 -0.2668 0.9472
vn 0.0303 -0.2546 0.9666
vn -0.1171 -0.4074 0.9057
vn -0.1153 -0.3278 0.9377
vn 0.1448 -0.2598 0.9547
vn 0.0769 -0.3905 0.9174
vn -0.0293 -0.4017 0.9153
vn 0.3594 -0.2356 0.9029
vn 0.3910 -0.1483 0.9084
vn -0.0503 -0.3640 0.9301
vn -0.8340 -0.2713 0.4804
vn -0.7126 -0.3252 0.6216
vn -0.6309 -0.2362 0.7390
vn -0.9718 -0.1416 0.1888
vn -0.7304 -0.2888 0.6189
vn -0.6011 -0.3915 0.6967
vn -0.7238 -0.3698 0.5826
vn -0.8093 -0.4336 0.3962
vn -0.9875 -0.1570 -0.0103
vn -0.9884 -0.1470 -0.0374
vn -0.9941 -0.0560 0.0927
vn -0.9952 -0.0982 -0.0036
vn -0.9843 -0.1482 0.0954
vn -0.9761 -0.0226 -0.2160
vn -0.9920 -0.1057 -0.0690
vn -0.9990 -0.0363 0.0268
vn -0.9831 -0.0979 -0.1544
vn -0.9933 -0.0900 0.0725
vn -0.9750 -0.2207 -0.0247
vn -0.9619 -0.2727 -0.0195
vn -0.9989 0.0221 0.0412
vn -0.9881 0.1217 0.0938
vn 0.2443 0.6599 -0.7105
vn -0.4119 0.6598 -0.6285
vn -0.5770 -0.2068 0.7901
vn -0.6616 -0.6308 0.4055
vn 0.8043 -0.2895 0.5189
vn 0.7419 -0.4406 0.5054
vn 0.7063 -0.1240 0.6969
vn 0.6866 -0.5822 0.4355
vn 0.7383 -0.0783 0.6699
vn 0.7249 -0.5389 0.4290
vn 0.7287 -0.0422 0.6835
vn 0.6986 -0.1577 0.6980
vn 0.7358 -0.0197 0.6769
vn 0.7857 0.0832 0.6130
vn 0.7522 0.2946 0.5894
vn 0.5174 -0.0154 0.8556
vn 0.4884 -0.0613 0.8705
vn 0.4726 -0.0855 0.8771
vn 0.4166 -0.1656 0.8939
vn 0.0792 -0.1836 0.9798
vn 0.1570 0.3539 -0.9220
vn 0.1571 0.3539 -0.9220
vn 0.5120 -0.4435 0.7356
vn 0.5120 -0.4437 0.7356
vn -0.3668 -0.9194 0.1420
vn -0.4687 0.2309 -0.8527
vn -0.4687 0.2309 -0.8526
vn 0.1695 -0.6967 0.6970
vn 0.2574 -0.7593 0.5977
vn -0.2570 -0.5555 0.7908
vn 0.1400 -0.9414 0.3067
vn 0.1276 -0.9768 0.1720
vn -0.7045 -0.1442 0.6949
vn -0.3499 -0.4826 0.8030
vn -0.1397 -0.6453 0.7511
vn -0.7864 -0.1216 0.6056
vn -0.7938 -0.1291 0.5943
vn -0.5322 -0.1699 0.8294
vn 0.7807 -0.4385 0.4452
vn 0.7780 -0.1602 0.6075
vn 0.7209 -0.1688 0.6722
vn 0.6134 -0.3196 0.7222
vn 0.6689 -0.4310 0.6056
vn 0.7185 -0.1841 0.6707
vn 0.7761 -0.2353 0.5851
vn 0.7922 -0.0264 0.6097
vn 0.7599 -0.0746 0.6458
vn 0.5057 0.4466 0.7381
vn 0.7624 0.1677 0.6250
vn 0.5795 0.4373 0.6877
vn 0.4441 0.3369 0.8302
vn 0.4615 0.3066 0.8325
vn 0.6839 -0.5126 0.5192
vn 0.6885 -0.6135 0.3867
vn 0.8310 -0.5254 0.1827
vn 0.8015 -0.5229 0.2902
vn -0.8538 -0.2549 0.4539
vn -0.2839 -0.5764 -0.7663
vn -0.2743 -0.7131 -0.6452
vn -0.2206 -0.7298 -0.6471
vn -0.0547 -0.8121 -0.5809
vn 0.0124 -0.7993 -0.6008
vn 0.1323 0.2502 0.9591
vn 0.1993 0.2848 0.9377
vn 0.3688 0.3003 0.8797
vn 0.3802 0.4737 0.7944
vn 0.3707 0.5000 0.7827
vn 0.1390 0.2416 0.9604
vn -0.8564 -0.1480 -0.4947
vn -0.5657 -0.4487 -0.6919
vn -0.7189 -0.3013 -0.6264
vn -0.6813 -0.2794 -0.6766
vn -0.8638 0.1569 -0.4787
vn -0.7001 -0.3266 -0.6349
vn -0.1463 -0.8742 0.4631
vn -0.1646 -0.7265 0.6671
vn -0.1677 -0.6772 0.7164
vn -0.1397 -0.9049 0.4021
vn -0.8800 0.2035 -0.4292
vn -0.8800 0.2036 -0.4292
vn 0.7270 0.1084 0.6780
vn 0.7123 -0.1994 0.6730
vn 0.7383 -0.0782 0.6699
vn 0.8366 -0.1032 0.5380
vn 0.6985 -0.1578 0.6980
vn -0.5277 0.0567 0.8475
vn -0.4252 -0.1140 0.8979
vn -0.2586 -0.2357 0.9368
vn -0.0618 0.2231 0.9728
vn -0.2807 0.4095 0.8681
vn -0.2053 0.3585 0.9107
vn -0.3545 0.4727 0.8068
vn -0.3155 0.4606 0.8297
vn 0.5187 -0.1870 0.8343
vn 0.6769 -0.1390 0.7228
vn 0.4200 -0.2287 0.8782
vn 0.4055 -0.2791 0.8705
vn 0.3602 -0.1899 0.9133
vn 0.4375 -0.3716 0.8188
vn -0.5278 0.0568 0.8475
vn -0.5381 0.0153 0.8427
vn -0.4254 -0.1138 0.8978
vn -0.5934 0.1631 0.7882
vn -0.5290 0.5532 -0.6435
vn -0.3205 0.5940 -0.7379
vn -0.2127 0.5023 -0.8381
vn -0.1492 0.5500 -0.8217
vn 0.0004 0.3821 -0.9241
vn -0.5657 -0.4488 -0.6918
vn -0.5399 -0.2350 -0.8082
vn -0.6964 -0.0460 -0.7162
vn -0.6813 -0.2793 -0.6766
vn -0.4750 -0.5185 -0.7110
vn -0.4784 -0.3997 -0.7819
vn -0.4905 -0.4267 -0.7598
vn -0.3288 -0.4915 -0.8064
vn -0.2889 -0.2675 -0.9192
vn -0.1075 -0.0563 -0.9926
vn -0.2888 -0.2673 -0.9193
vn -0.1555 -0.1448 -0.9772
vn -0.4956 0.2921 -0.8180
vn -0.3056 0.3649 -0.8795
vn -0.3886 0.4531 -0.8023
vn -0.7587 0.3441 -0.5531
vn -0.8638 0.1572 -0.4786
vn -0.8894 0.4533 -0.0593
vn -0.8870 0.4608 0.0291
vn 0.1869 -0.9778 -0.0948
vn 0.7694 0.3685 0.5218
vn 0.7999 0.3765 0.4673
vn 0.8174 0.3417 0.4637
vn 0.7474 0.6100 0.2632
vn 0.9644 0.2540 0.0737
vn 0.8672 0.4788 -0.1365
vn 0.9766 0.1575 -0.1466
vn 0.8102 0.4502 -0.3753
vn 0.4721 0.7964 -0.3780
vn 0.5385 0.8336 0.1229
vn 0.7435 0.6682 0.0285
vn 0.3269 0.6981 -0.6370
vn 0.0751 0.6406 0.7642
vn 0.0682 0.6327 0.7714
vn 0.1001 0.6679 0.7375
vn 0.0431 0.6038 0.7960
vn -0.8593 0.5109 -0.0254
vn -0.2681 0.9517 -0.1498
vn -0.6415 0.4318 0.6341
vn -0.6415 0.4319 0.6341
vn 0.1495 0.7341 -0.6623
vn 0.1592 0.7078 -0.6883
vn 0.0933 0.6881 -0.7196
vn 0.4719 0.7964 -0.3782
vn 0.1503 0.8990 -0.4113
vn 0.3311 0.7664 -0.5505
vn -0.8124 -0.5767 -0.0863
vn -0.8454 -0.4649 -0.2631
vn -0.8094 -0.5823 -0.0767
vn -0.7578 -0.6512 -0.0417
vn -0.7519 -0.6586 -0.0308
vn -0.1901 0.4809 -0.8559
vn -0.3440 0.5596 -0.7540
vn -0.3916 0.7135 -0.5810
vn -0.4850 0.8169 -0.3121
vn -0.5627 0.5461 -0.6206
vn -0.8063 0.1389 -0.5750
vn -0.5870 0.6245 -0.5152
vn -0.6638 0.0302 -0.7473
vn -0.8322 -0.1326 -0.5384
vn -0.9053 0.0534 -0.4213
vn -0.9526 0.1084 -0.2842
vn -0.9972 -0.0720 -0.0223
vn -0.9996 0.0234 0.0153
vn -0.9798 0.0714 0.1866
vn -0.8538 0.2166 0.4735
vn -0.6804 0.1101 0.7245
vn -0.9081 0.0381 -0.4170
vn -0.9889 -0.1252 -0.0798
vn -0.9443 -0.1700 0.2816
vn -0.8743 -0.0805 0.4787
vn -0.8803 -0.1480 0.4507
vn -0.8538 0.0902 0.5127
vn -0.9822 -0.1725 0.0745
vn -0.9599 -0.1328 -0.2469
vn -0.9655 -0.2599 0.0179
vn -0.9013 -0.2786 0.3318
vn -0.8882 -0.2482 -0.3867
vn -0.9322 -0.2098 0.2951
vn -0.7417 -0.1474 -0.6543
vn -0.6517 -0.3163 -0.6894
vn -0.8208 -0.3422 -0.4574
vn -0.5980 -0.3419 -0.7249
vn -0.5929 -0.5222 -0.6130
vn -0.6895 -0.3276 -0.6459
vn -0.4826 -0.7517 -0.4495
vn -0.7075 -0.3435 -0.6176
vn -0.7218 -0.3610 -0.5904
vn -0.6556 -0.0554 -0.7530
vn -0.8000 -0.1468 -0.5818
vn -0.7884 -0.2689 -0.5532
vn -0.8388 -0.1635 -0.5192
vn -0.8191 0.0886 -0.5668
vn -0.7795 -0.0984 -0.6186
vn -0.7470 -0.1859 -0.6383
vn -0.7466 0.0044 -0.6653
vn -0.7788 0.3484 -0.5216
vn -0.7309 -0.1365 -0.6687
vn -0.7131 0.2040 -0.6708
vn -0.6198 0.4062 -0.6715
vn -0.6872 0.2453 -0.6838
vn -0.7317 -0.1088 -0.6729
vn -0.4830 0.5652 -0.6688
vn -0.5494 0.4490 -0.7047
vn -0.5510 0.4487 -0.7036
vn -0.4091 0.5129 -0.7547
vn -0.3767 0.6483 -0.6616
vn -0.3763 0.7589 -0.5315
vn -0.2111 0.9040 -0.3717
vn -0.3048 0.6971 -0.6489
vn -0.4277 0.4394 -0.7900
vn -0.4802 0.3364 -0.8101
vn -0.6462 -0.0182 -0.7630
vn -0.4154 0.0312 -0.9091
vn -0.5710 -0.1779 -0.8014
vn -0.7144 -0.0142 -0.6996
vn -0.7091 -0.1242 -0.6941
vn -0.7341 -0.0623 -0.6762
vn -0.7189 -0.0754 -0.6910
vn -0.7062 -0.1812 -0.6844
vn -0.6569 -0.1609 -0.7366
vn -0.7115 -0.0484 -0.7010
vn -0.8231 -0.1315 -0.5525
vn -0.7574 -0.0711 -0.6491
vn -0.7024 0.1598 -0.6936
vn -0.6958 0.2690 -0.6660
vn -0.7197 -0.1341 -0.6812
vn -0.3185 -0.0533 -0.9464
vn -0.2550 0.2635 -0.9303
vn -0.3624 0.0628 -0.9299
vn -0.3609 -0.0091 -0.9326
vn -0.4446 -0.3283 -0.8334
vn -0.3997 -0.1150 -0.9094
vn -0.6902 -0.2520 -0.6783
vn -0.8158 -0.2772 -0.5076
vn -0.8527 -0.3572 0.3813
vn -0.8833 -0.2839 0.3731
vn -0.9057 -0.3049 0.2945
vn -0.6799 0.2676 0.6827
vn -0.7340 0.3661 0.5721
vn -0.2770 0.4555 0.8460
vn -0.5157 0.6053 0.6063
vn -0.8852 0.2777 0.3734
vn -0.8584 0.4734 0.1977
vn -0.4972 0.3186 -0.8070
vn -0.4237 0.3391 -0.8399
vn -0.3040 0.3422 -0.8891
vn -0.4381 0.3407 -0.8319
vn -0.3532 0.3310 -0.8750
vn -0.2912 0.3220 -0.9009
vn -0.3672 0.8115 0.4545
vn -0.2894 0.8817 0.3726
vn -0.4525 0.7535 0.4771
vn -0.3795 0.9251 0.0093
vn -0.4102 0.9096 -0.0660
vn 0.3071 0.8002 -0.5151
vn 0.2946 0.7938 -0.5321
vn 0.3055 0.7995 -0.5172
vn 0.2920 0.7924 -0.5356
vn 0.8612 0.1440 0.4874
vn 0.9146 0.1631 0.3700
vn 0.9292 0.1576 0.3342
vn 0.9026 0.1412 0.4067
vn 0.9010 0.1041 0.4210
vn 0.6947 -0.1342 0.7066
vn 0.9315 0.1039 0.3484
vn 0.7753 0.1868 0.6034
vn 0.9712 -0.0747 0.2261
vn 0.8799 0.0011 0.4752
vn 0.6771 0.3497 0.6475
vn 0.7132 0.0510 0.6991
vn 0.6240 0.4734 0.6217
vn 0.7464 -0.1096 0.6564
vn 0.8672 -0.1112 0.4854
vn 0.7030 -0.0219 0.7109
vn 0.5645 -0.1263 0.8157
vn 0.4895 -0.1032 0.8659
vn 0.2546 -0.1576 0.9541
vn 0.5514 -0.1415 0.8222
vn 0.4537 -0.0203 0.8909
vn 0.0418 -0.0073 0.9991
vn 0.3135 0.0859 0.9457
vn 0.0142 0.1112 0.9937
vn 0.1481 -0.0295 0.9885
vn 0.4138 -0.0359 0.9097
vn -0.2411 -0.0246 0.9702
vn -0.0778 -0.0367 0.9963
vn 0.3914 -0.0517 0.9188
vn -0.4300 0.0525 0.9013
vn -0.4466 0.0138 0.8946
vn -0.4145 0.0371 0.9093
vn -0.3046 0.1569 0.9395
vn -0.6802 0.1101 0.7247
vn -0.8742 -0.0803 0.4788
vn -0.8539 0.0905 0.5126
vn -0.6798 0.2676 0.6829
vn -0.2769 0.4556 0.8460
vn 0.2834 0.7351 0.6159
vn 0.1685 0.6313 0.7570
vn -0.5009 0.6205 0.6034
vn -0.5157 0.6052 0.6064
vn -0.2770 0.4553 0.8461
vn -0.0204 0.0849 0.9962
vn 0.2106 -0.0720 0.9749
vn 0.4340 0.6099 0.6631
vn 0.3881 0.6625 0.6407
vn 0.3204 0.8015 0.5049
vn 0.6268 0.1188 0.7701
vn 0.5471 0.0262 0.8367
vn 0.2669 -0.0734 0.9609
vn -0.1771 -0.1149 0.9775
vn 0.3318 -0.1304 0.9343
vn -0.0508 -0.0634 0.9967
vn -0.3806 -0.1048 0.9188
vn -0.4305 -0.2771 0.8590
vn -0.4798 -0.3674 0.7968
vn -0.3111 -0.1389 0.9402
vn 0.6184 -0.2134 0.7563
vn 0.6563 -0.1663 0.7359
vn 0.5557 -0.2361 0.7972
vn 0.6315 -0.0318 0.7748
vn 0.5808 0.0991 0.8080
vn 0.6561 0.0326 0.7540
vn 0.5052 -0.2452 0.8274
vn 0.5097 0.0963 0.8549
vn 0.6151 -0.2298 0.7542
vn 0.5226 -0.1460 0.8400
vn 0.5619 -0.2120 0.7995
vn 0.7465 -0.0708 0.6617
vn 0.6528 -0.0482 0.7560
vn 0.7556 -0.0691 0.6514
vn 0.5218 0.0683 0.8503
vn 0.4160 0.6211 0.6642
vn 0.4144 0.6329 0.6540
vn 0.5520 -0.0735 0.8306
vn 0.5212 -0.1622 0.8378
vn 0.6484 -0.0630 0.7587
vn 0.6518 -0.0903 0.7530
vn 0.6331 0.2047 0.7465
vn 0.6469 0.3485 0.6783
vn 0.6816 0.3957 0.6155
vn 0.6280 0.6262 0.4620
vn 0.7807 0.4405 0.4431
vn 0.5847 0.6024 0.5434
vn 0.5898 0.6994 0.4037
vn 0.5916 0.5110 0.6237
vn 0.4895 0.7772 0.3954
vn 0.4972 0.7737 0.3927
vn 0.6204 0.5971 0.5085
vn 0.5034 0.7810 0.3696
vn 0.4551 0.8043 0.3821
vn 0.4857 0.7991 0.3543
vn 0.6591 0.5616 0.5002
vn 0.7871 0.4428 0.4294
vn 0.6505 0.2456 0.7187
vn 0.6868 0.4055 0.6032
vn 0.6041 -0.1361 0.7852
vn 0.7033 -0.1714 0.6899
vn 0.3941 -0.7181 0.5736
vn 0.3915 -0.7299 0.5604
vn 0.8665 0.1519 0.4756
vn 0.8817 0.0157 0.4716
vn 0.0824 -0.3030 0.9494
vn 0.5892 0.5221 0.6166
vn 0.6197 -0.0728 0.7815
vn 0.9552 0.1927 0.2246
vn 0.9609 0.1798 0.2108
vn 0.9801 0.0635 0.1882
vn 0.9710 0.1994 0.1316
vn 0.9449 0.3018 0.1266
vn 0.9692 0.2072 0.1332
vn 0.9966 -0.0788 0.0238
vn 0.9603 0.1823 0.2114
vn 0.8414 0.5302 0.1046
vn 0.8414 0.5302 0.1045
vn -0.1046 0.4953 -0.8624
vn -0.0985 0.4421 -0.8915
vn -0.0990 0.4455 -0.8898
vn -0.0922 0.3882 -0.9169
vn -0.6295 0.4620 -0.6247
vn -0.6294 0.4620 -0.6248
vn -0.9596 0.2389 -0.1484
vn -0.8282 0.2704 -0.4910
vn -0.9142 0.2104 -0.3465
vn -0.9519 0.3065 -0.0045
vn -0.2910 0.3220 -0.9009
vn -0.2445 0.3717 -0.8956
vn -0.3039 0.3422 -0.8891
vn -0.3414 0.2152 -0.9149
vn -0.4289 0.2580 -0.8657
vn -0.3280 0.2709 -0.9050
vn 0.0878 0.9728 0.2146
vn -0.2350 -0.1970 0.9518
vn -0.6442 -0.1422 0.7516
vn -0.6008 -0.1983 0.7744
vn -0.6380 -0.1353 0.7581
vn -0.5424 -0.2870 0.7896
vn -0.4940 0.8327 0.2502
vn -0.4941 0.8327 0.2502
vn -0.8453 0.2664 0.4631
vn -0.9353 0.3269 0.1352
vn -0.9243 0.3162 0.2140
vn -0.8454 0.2662 0.4631
vn -0.9243 0.3161 0.2138
vn -0.8140 0.2497 0.5244
vn 0.1591 0.7078 -0.6883
vn 0.4720 0.7964 -0.3781
vn 0.3267 0.6982 -0.6370
vn -0.3814 -0.5684 -0.7290
vn -0.4288 0.0130 -0.9033
vn -0.3890 0.1115 -0.9145
vn -0.3682 0.0392 -0.9289
vn -0.4531 0.2865 -0.8441
vn -0.2874 0.1430 -0.9471
vn -0.2543 -0.0182 -0.9669
vn -0.0759 0.0170 -0.9970
vn 0.1430 0.2133 -0.9665
vn 0.3579 0.0820 -0.9301
vn 0.5711 0.2720 -0.7745
vn 0.7329 0.1447 -0.6648
vn 0.8067 0.3505 -0.4757
vn 0.8537 -0.1209 -0.5065
vn 0.4466 -0.1031 -0.8888
vn 0.9590 0.2199 -0.1788
vn 0.9963 -0.0698 -0.0496
vn 0.9447 0.0130 0.3277
vn 0.9042 0.2033 0.3757
vn 0.8557 0.4843 -0.1823
vn 0.7523 0.2947 0.5893
vn 0.8533 0.1953 0.4835
vn 0.7858 0.0832 0.6128
vn 0.8366 -0.1033 0.5379
vn 0.6986 -0.1578 0.6979
vn 0.9859 -0.1249 0.1116
vn 0.9118 -0.0886 -0.4010
vn 0.9361 -0.2185 -0.2757
vn 0.7212 -0.2861 -0.6309
vn 0.7029 -0.0995 -0.7043
vn 0.8226 0.1495 -0.5487
vn 0.7357 -0.4450 -0.5106
vn 0.5450 -0.3589 -0.7578
vn 0.4265 -0.2205 -0.8772
vn 0.4078 -0.0538 -0.9115
vn 0.0873 0.0669 -0.9939
vn 0.0969 -0.0743 -0.9925
vn 0.4500 -0.1201 -0.8849
vn -0.1637 -0.0173 -0.9864
vn 0.0564 -0.1544 -0.9864
vn -0.4942 0.1899 -0.8483
vn -0.5856 0.3073 -0.7501
vn 0.9251 -0.3048 -0.2264
vn -0.4668 -0.8241 -0.3209
vn -0.4846 -0.8249 -0.2911
vn -0.5234 -0.8137 -0.2527
vn -0.5591 -0.7485 -0.3564
vn -0.4937 -0.7517 -0.4373
vn 0.4065 -0.5996 0.6894
vn 0.4373 -0.3718 0.8188
vn 0.4053 -0.2790 0.8706
vn 0.8507 0.5256 -0.0067
vn 0.8507 0.5255 -0.0067
vn 0.4635 0.7400 -0.4874
vn 0.4508 0.6788 -0.5796
vn 0.4471 0.7336 -0.5117
vn 0.4300 0.6804 -0.5935
vn -0.3383 0.9334 -0.1194
vn -0.2930 0.9494 -0.1129
vn -0.0491 0.9778 -0.2039
vn -0.0469 0.9535 -0.2978
vn -0.0346 0.9263 -0.3753
vn -0.1800 0.9069 -0.3810
vn -0.1807 0.9067 -0.3811
vn 0.1371 0.9291 -0.3435
vn -0.6006 -0.1984 0.7745
vn -0.4769 -0.3861 0.7896
vn -0.5423 -0.2871 0.7896
vn -0.2725 -0.4889 0.8287
vn 0.0563 0.7230 -0.6885
vn 0.1137 0.8867 -0.4482
vn 0.0665 0.6793 -0.7308
vn 0.1177 0.8782 -0.4635
vn -0.3280 0.2711 -0.9049
vn -0.2911 0.3220 -0.9009
vn 0.7687 0.6392 0.0210
vn 0.7276 0.6574 0.1962
vn 0.7695 0.6335 0.0811
vn 0.7043 0.6617 0.2570
vn 0.6437 0.7220 0.2537
vn 0.5431 0.8140 0.2061
vn 0.6403 0.7079 0.2983
vn 0.6950 0.6654 0.2725
vn 0.6252 0.7407 0.2461
vn 0.4685 0.8516 0.2350
vn 0.4475 0.8941 -0.0207
vn 0.4580 0.8672 -0.1954
vn 0.4061 0.8783 -0.2524
vn 0.5868 0.7032 0.4015
vn 0.7051 0.6509 0.2813
vn 0.6744 0.6411 0.3663
vn 0.4320 0.7759 0.4598
vn -0.9518 0.3066 -0.0043
vn -0.9211 0.3825 0.0733
vn -0.9597 0.2389 -0.1483
vn 0.8673 0.4787 -0.1366
vn 0.9145 0.3407 -0.2182
vn 0.8105 0.4499 -0.3752
vn 0.9766 0.1576 -0.1465
vn 0.8951 0.4192 -0.1517
vn 0.7984 0.5996 -0.0557
vn 0.1061 0.9130 -0.3939
vn 0.2205 0.9324 -0.2865
vn 0.0887 0.9035 -0.4194
vn 0.3130 0.7689 -0.5575
vn 0.3560 0.7852 -0.5067
vn 0.3885 0.8606 -0.3293
vn 0.4066 0.8299 -0.3820
vn 0.4709 0.6756 -0.5673
vn 0.8877 -0.1802 0.4237
vn 0.5753 0.5426 0.6120
vn -0.9073 0.4172 -0.0518
vn -0.9210 0.3826 0.0734
vn -0.8287 -0.3813 -0.4096
vn -0.8288 -0.3812 -0.4097
vn 0.2727 -0.6502 0.7092
vn 0.6665 -0.5421 0.5118
vn 0.3230 -0.6450 0.6925
vn 0.9613 -0.1986 0.1907
vn 0.8764 -0.3303 0.3505
vn 0.4546 -0.7217 0.5220
vn 0.7312 -0.4920 0.4725
vn -0.1533 0.4151 0.8968
vn 0.4301 0.6803 -0.5934
vn 0.4509 0.6788 -0.5796
vn 0.5032 0.6275 -0.5942
vn -0.6981 -0.0029 -0.7160
vn -0.7187 -0.0118 -0.6953
vn -0.5236 0.0727 -0.8489
vn -0.4450 0.0793 -0.8920
vn -0.7186 -0.0120 -0.6953
vn -0.6981 -0.0030 -0.7160
vn -0.7199 -0.0745 -0.6900
vn -0.3105 0.8586 0.4079
vn -0.3106 0.8586 0.4079
vn -0.0065 0.6789 -0.7342
vn -0.0066 0.6789 -0.7342
vn 0.3151 -0.9490 0.0042
vn 0.3150 -0.9491 0.0043
vn 0.2556 -0.3450 0.9031
vn 0.3708 -0.4390 0.8184
vn 0.4190 -0.4771 0.7725
vn 0.1983 -0.2968 0.9341
vn 0.8926 0.4330 -0.1253
vn -0.7513 -0.3385 0.5665
vn -0.5849 -0.6683 0.4597
vn -0.7178 -0.4317 0.5463
vn -0.5420 -0.7216 0.4307
vn -0.3298 0.8223 -0.4638
vn -0.3680 0.8683 -0.3325
vn -0.2859 0.7610 -0.5823
vn -0.3987 0.8964 -0.1936
vn 0.5799 -0.0235 -0.8144
vn 0.1179 0.8782 -0.4636
vn 0.0019 0.9816 -0.1910
vn 0.1138 0.8867 -0.4481
vn -0.0864 0.9842 -0.1544
vn -0.9096 -0.0131 0.4152
vn -0.8062 -0.3482 0.4784
vn -0.8521 0.1968 0.4849
vn -0.9074 0.1029 0.4075
vn -0.7845 0.4021 0.4720
vn -0.9074 0.1030 0.4074
vn -0.8521 0.1971 0.4848
vn -0.9620 0.2725 -0.0187
vn -0.9641 0.0731 -0.2551
vn -0.9732 0.2076 -0.0994
vn -0.9260 0.3636 0.1018
vn 0.8111 0.4842 -0.3280
vn 0.7625 0.5521 -0.3373
vn 0.8011 0.4984 -0.3314
vn 0.8179 0.4844 -0.3104
vn 0.7313 0.5954 -0.3326
vn 0.8010 0.4986 -0.3314
vn 0.7624 0.5522 -0.3373
vn -0.2709 0.1852 -0.9446
vn -0.7848 -0.5763 -0.2278
vn -0.7848 -0.5763 -0.2279
vn -0.8908 0.4276 -0.1536
vn 0.8104 0.4499 -0.3752
vn 0.9146 0.3407 -0.2180
vn 0.9618 0.2645 0.0702
vn 0.4176 -0.8407 0.3448
vn 0.5706 0.7082 -0.4159
vn -0.0071 0.9992 0.0399
vn -0.0071 0.9992 0.0400
vn 0.2077 0.8058 -0.5545
vn 0.3467 0.7284 -0.5909
vn 0.3414 0.7578 -0.5561
vn -0.3093 0.5481 -0.7771
vn 0.1252 0.3816 0.9158
vn 0.0842 0.5793 0.8107
vn 0.0625 0.6657 0.7436
vn 0.1374 0.3112 0.9404
vn 0.9310 0.3144 -0.1856
vn 0.9618 0.2647 0.0703
vn 0.9145 0.3409 -0.2180
vn 0.9202 0.3898 0.0367
vn 0.9179 0.1131 0.3805
vn 0.9338 0.2217 -0.2809
vn -0.3919 0.2006 -0.8979
vn 0.3765 -0.9116 0.1652
vn 0.5778 0.8025 -0.1487
vn 0.5792 0.8020 -0.1456
vn 0.5792 0.8020 -0.1457
vn 0.8796 -0.1242 -0.4592
vn -0.1613 -0.6092 0.7764
vn -0.1558 -0.6169 0.7715
vn -0.1438 -0.6330 0.7607
vn 0.4899 0.8372 -0.2430
vn 0.5274 0.4027 -0.7481
vn 0.5274 0.4028 -0.7481
vn -0.0091 0.9025 -0.4305
vn -0.1891 0.5277 -0.8281
vn -0.3211 0.5835 -0.7459
vn -0.3918 0.6081 -0.6904
vn -0.0497 0.4562 -0.8885
vn -0.7611 -0.4482 -0.4688
vn -0.7570 -0.4360 -0.4867
vn -0.7392 -0.3910 -0.5484
vn -0.4550 0.2984 -0.8390
vn -0.4290 0.2582 -0.8656
vn -0.4551 0.2986 -0.8389
vn -0.4457 0.4743 -0.7592
vn -0.4382 0.4077 -0.8011
vn -0.3287 -0.4915 -0.8065
vn -0.1648 -0.2751 -0.9472
vn -0.2888 -0.2675 -0.9193
vn -0.1556 -0.1447 -0.9772
vn -0.1457 -0.2799 -0.9489
vn 0.9178 0.1128 0.3807
vn 0.9394 -0.0477 0.3394
vn 0.9618 0.2645 0.0705
vn 0.6940 -0.6514 -0.3066
vn 0.5298 -0.2752 -0.8022
vn 0.2417 -0.9302 -0.2763
vn -0.1754 0.7638 -0.6211
vn -0.1937 0.7709 -0.6068
vn -0.1489 0.7529 -0.6410
vn -0.2529 0.7908 -0.5574
vn -0.1936 0.7709 -0.6068
vn -0.1753 0.7638 -0.6212
vn 0.3341 0.6905 0.6416
vn 0.3341 0.6904 0.6416
vn 0.8807 -0.4702 0.0568
vn -0.4936 -0.7516 -0.4375
vn -0.5591 -0.7485 -0.3567
vn -0.4435 -0.8129 -0.3775
vn -0.4360 -0.8268 -0.3555
vn 0.2733 0.9297 -0.2470
vn 0.3527 0.9341 -0.0549
vn -0.5311 -0.7994 0.2807
vn -0.6836 -0.7063 0.1837
vn -0.6420 -0.7366 0.2128
vn -0.8248 -0.5620 0.0623
vn -0.3473 0.6965 -0.6280
vn 0.0221 0.1397 -0.9900
vn -0.2716 0.1952 -0.9424
vn -0.2998 0.1898 -0.9350
vn -0.5659 0.1144 -0.8165
vn -0.6300 0.0763 -0.7728
vn -0.3769 0.4520 -0.8085
vn 0.7976 -0.0636 0.5998
vn 0.5144 0.7775 0.3618
vn 0.5223 0.7720 0.3622
vn 0.5784 0.7302 0.3636
vn 0.4927 0.7919 0.3607
vn -0.2459 0.1020 -0.9639
vn 0.2070 -0.9491 -0.2373
vn 0.2069 -0.9491 -0.2374
vn 0.2069 -0.9491 -0.2373
vn 0.6473 -0.4913 0.5828
vn 0.9187 0.0971 -0.3829
vn 0.9338 0.2217 -0.2806
vn 0.9310 0.3144 -0.1854
vn -0.2649 0.0606 -0.9624
vn -0.2650 0.0606 -0.9624
vn -0.2813 0.2852 -0.9163
vn -0.2746 0.3170 -0.9078
vn -0.2790 0.2965 -0.9134
vn -0.2720 0.3290 -0.9043
vn 0.5416 -0.6710 0.5064
vn -0.1383 -0.6403 0.7556
vn -0.1438 -0.6329 0.7607
vn -0.1464 -0.9852 0.0892
vn 0.6233 0.1615 -0.7652
vn 0.8377 -0.5433 0.0557
vn 0.9083 -0.4182 0.0100
vn 0.9197 -0.3925 0.0010
vn 0.9823 -0.1731 -0.0715
vn -0.8767 0.4504 -0.1689
vn 0.7266 0.5632 0.3935
vn 0.3887 0.4954 0.7768
vn 0.3994 0.5338 0.7454
vn 0.3668 0.4230 0.8286
vn 0.4163 0.6001 0.6831
vn 0.9776 -0.0609 -0.2013
vn 0.9776 -0.0609 -0.2014
vn 0.9776 -0.0610 -0.2013
vn 0.8531 0.5099 0.1105
vn 0.3468 0.7283 -0.5909
vn 0.4869 0.6030 -0.6319
vn 0.4144 0.6542 -0.6328
vn 0.4111 0.7732 -0.4829
vn 0.2744 0.7309 -0.6249
vn 0.3416 0.7576 -0.5561
vn -0.5568 -0.2727 -0.7846
vn 0.1862 0.8801 0.4367
vn -0.8917 -0.3613 0.2727
vn -0.8272 -0.2948 0.4783
vn -0.8541 -0.3186 0.4111
vn -0.7608 -0.2373 0.6041
vn -0.7604 -0.2345 0.6056
vn 0.7666 0.2284 -0.6001
vn 0.7627 0.2462 -0.5980
vn 0.7637 0.2419 -0.5985
vn 0.7605 0.2560 -0.5967
vn 0.6267 0.6454 0.4367
vn 0.6635 0.6031 0.4427
vn 0.6668 0.5992 0.4432
vn 0.3752 -0.6515 -0.6594
vn 0.4109 0.7733 -0.4828
vn 0.5390 0.7489 -0.3855
vn 0.3123 0.8002 -0.5120
vn 0.6322 0.6750 -0.3805
vn 0.2742 0.7310 -0.6249
vn -0.7986 -0.1966 0.5689
vn -0.6291 0.7714 -0.0958
vn -0.5944 -0.6658 -0.4510
vn -0.5643 0.2603 -0.7835
vn 0.3330 -0.1066 0.9369
vn -0.5043 -0.1072 0.8568
vn -0.5038 0.2726 0.8197
vn -0.5088 0.2152 0.8336
vn -0.4865 0.3955 0.7790
vn -0.6301 0.0763 -0.7728
vn -0.6038 0.0388 -0.7962
vn 0.8217 -0.5477 0.1578
vn 0.7138 0.4926 -0.4978
vn 0.7138 0.4926 -0.4977
vn -0.7920 -0.5369 -0.2905
vn -0.7920 -0.5369 -0.2906
vn -0.6708 0.6975 -0.2522
vn 0.9652 -0.2533 -0.0656
vn 0.9757 -0.1966 -0.0965
vn 0.8189 -0.5698 0.0687
vn 0.3903 0.9166 0.0862
vn -0.0467 0.8537 0.5187
vn -0.0465 0.8536 0.5189
vn -0.4527 0.4826 0.7498
vn -0.7131 0.2039 -0.6708
vn -0.5494 0.4489 -0.7047
vn -0.6197 0.4063 -0.6715
vn -0.3762 0.7589 -0.5316
vn -0.3048 0.6970 -0.6491
vn -0.4265 0.6545 -0.6243
vn -0.4030 0.6725 -0.6208
vn -0.1923 0.8175 -0.5428
vn -0.2480 0.7991 -0.5477
vn 0.0416 0.8153 -0.5775
vn 0.2952 0.8498 -0.4367
vn -0.0121 0.9017 -0.4323
vn -0.2778 0.7713 -0.5727
vn -0.1916 0.7101 -0.6776
vn 0.2047 0.7904 -0.5774
vn -0.1690 0.5113 -0.8426
vn 0.4547 0.7753 -0.4384
vn 0.4089 0.8295 -0.3804
vn 0.3552 0.8834 -0.3055
vn -0.3860 0.7116 -0.5871
vn -0.3859 0.7116 -0.5872
vn -0.5735 0.7393 -0.3528
vn -0.6651 0.7284 -0.1645
vn -0.5141 0.5184 -0.6834
vn -0.1255 0.8380 -0.5311
vn -0.3713 0.6397 -0.6730
vn -0.3467 0.5059 -0.7899
vn 0.1520 0.9685 -0.1975
vn -0.0431 0.6901 -0.7224
vn 0.0937 0.9630 -0.2528
vn 0.1799 0.9429 -0.2804
vn 0.2529 0.9631 -0.0926
vn 0.2216 0.9736 -0.0544
vn 0.4060 0.8783 -0.2524
vn 0.3498 0.9191 -0.1812
vn 0.6362 0.7676 0.0782
vn 0.3428 0.9389 0.0305
vn 0.6093 0.7929 -0.0001
vn 0.6565 0.7353 0.1685
vn 0.8229 0.5625 0.0795
vn 0.6094 0.7929 -0.0002
vn 0.7845 0.5501 -0.2862
vn 0.6994 0.4802 -0.5293
vn 0.6479 0.5514 -0.5256
vn 0.6873 0.5900 -0.4237
vn 0.9754 0.1759 -0.1328
vn 0.9754 0.1757 -0.1329
vn 0.9889 -0.1011 0.1092
vn 0.9497 -0.2002 -0.2406
vn 0.9378 0.2875 0.1948
vn 0.9396 -0.1218 -0.3198
vn -0.5373 0.3946 -0.7454
vn -0.5329 0.1001 -0.8402
vn -0.3354 0.1521 -0.9297
vn -0.7389 0.1674 -0.6527
vn -0.6277 -0.1037 -0.7715
vn -0.3888 -0.1126 -0.9144
vn -0.6502 -0.1988 -0.7333
vn -0.8169 -0.1055 -0.5670
vn -0.8190 0.0888 -0.5669
vn -0.8388 -0.1635 -0.5193
vn -0.7796 -0.0982 -0.6186
vn -0.7466 0.0046 -0.6653
vn -0.0985 -0.0869 -0.9913
vn 0.1142 0.2012 -0.9729
vn 0.4144 -0.1304 -0.9007
vn 0.5952 -0.1105 -0.7960
vn 0.5813 -0.0849 -0.8093
vn 0.5443 -0.1098 -0.8317
vn 0.2213 0.5840 -0.7810
vn 0.2219 0.5868 -0.7787
vn 0.0098 -0.5459 -0.8378
vn 0.2382 -0.6368 -0.7334
vn 0.2013 -0.6248 -0.7544
vn 0.4219 -0.6789 -0.6010
vn 0.6635 0.6031 0.4426
vn 0.6985 0.5585 0.4474
vn 0.6667 0.5992 0.4432
vn 0.9602 -0.1942 -0.2009
vn 0.9602 -0.1941 -0.2009
vn -0.1360 -0.7456 0.6524
vn -0.4452 0.1975 0.8734
vn -0.4452 0.1974 0.8734
vn 0.2415 0.9310 -0.2739
vn 0.4342 0.7510 -0.4975
vn 0.3973 0.8048 -0.4410
vn 0.5080 0.6451 -0.5708
vn 0.5114 0.6757 -0.5310
vn -0.5065 0.7364 -0.4486
vn -0.4900 0.8325 -0.2586
vn -0.5041 0.7676 -0.3958
vn -0.6716 -0.0110 -0.7408
vn -0.5065 0.7363 -0.4487
vn -0.5041 0.7675 -0.3961
vn -0.5022 0.6267 -0.5959
vn 0.9651 -0.2535 -0.0655
vn 0.8189 -0.5699 0.0686
vn 0.7240 -0.6846 0.0850
vn 0.6689 -0.7391 0.0794
vn -0.2366 -0.9506 0.2007
vn 0.0135 -0.6679 -0.7441
vn -0.0296 0.7366 -0.6757
vn -0.1519 0.7600 -0.6319
vn 0.2742 0.7308 -0.6250
vn -0.4381 0.4077 -0.8012
vn -0.4609 0.4763 -0.7488
vn -0.4457 0.4744 -0.7592
vn -0.3860 0.7116 -0.5870
vn -0.2481 0.7991 -0.5477
vn -0.5735 0.7393 -0.3529
vn -0.5496 0.2098 -0.8087
vn -0.3494 0.0170 -0.9368
vn -0.5415 0.2069 -0.8149
vn -0.2330 -0.1023 -0.9671
vn -0.7570 -0.4358 -0.4869
vn -0.7355 -0.3825 -0.5592
vn -0.7392 -0.3909 -0.5485
vn 0.6699 0.1572 0.7256
vn 0.6699 0.1571 0.7256
vn 0.9811 -0.1107 -0.1588
vn 0.2512 0.9108 0.3278
vn 0.1097 0.9481 0.2986
vn 0.2645 0.9061 0.3302
vn 0.2513 0.9107 0.3277
vn 0.2647 0.9061 0.3301
vn 0.4315 0.8292 0.3554
vn -0.6607 0.5960 -0.4562
vn -0.6953 0.4391 -0.5690
vn -0.7006 0.3888 -0.5983
vn -0.7037 0.3314 -0.6285
vn 0.8489 0.5034 -0.1613
vn 0.2741 0.7309 -0.6250
vn 0.3122 0.8002 -0.5121
vn -0.0294 0.7365 -0.6758
vn 0.9232 -0.3790 -0.0643
vn 0.9231 -0.3792 -0.0643
vn 0.9231 -0.3791 -0.0643
vn 0.5379 0.8363 0.1059
vn 0.4987 0.8459 0.1890
vn 0.5053 0.8449 0.1756
vn -0.7172 -0.4995 -0.4859
vn -0.6981 -0.4967 -0.5157
vn -0.8127 -0.5029 -0.2943
vn -0.5696 -0.4680 -0.6757
vn -0.6038 0.0387 -0.7962
vn -0.6515 0.0408 -0.7575
vn -0.5416 0.2068 -0.8148
vn -0.6039 0.0387 -0.7961
vn -0.6301 0.0760 -0.7728
vn -0.6514 0.0407 -0.7576
vn 0.1660 0.3600 -0.9181
vn 0.1235 0.9094 -0.3972
vn 0.1855 0.9714 -0.1479
vn 0.3681 0.9180 -0.1477
vn 0.3953 0.9067 -0.1472
vn 0.5342 0.8333 -0.1423
vn -0.3089 0.3976 -0.8640
vn -0.6687 -0.4575 -0.5862
vn -0.8839 -0.0871 -0.4595
vn -0.6516 0.0407 -0.7575
vn -0.6302 0.0762 -0.7727
vn -0.6514 0.0408 -0.7576
vn -0.5496 0.2098 -0.8086
vn -0.5417 0.2069 -0.8147
vn 0.6853 0.6602 -0.3075
vn 0.8260 0.5409 -0.1584
vn 0.6590 0.6549 -0.3699
vn 0.2649 0.8722 -0.4113
vn 0.6851 0.6604 -0.3075
vn 0.2106 0.8693 -0.4472
vn 0.6589 0.6550 -0.3699
vn 0.5304 0.7277 -0.4350
vn 0.0521 0.8943 -0.4444
vn -0.6929 -0.1908 0.6954
vn -0.8600 0.5101 0.0155
vn -0.8354 0.5449 -0.0725
vn -0.8782 0.4640 0.1162
vn -0.8153 0.5645 -0.1291
vn -0.8354 0.5449 -0.0726
vn -0.8600 0.5101 0.0151
vn 0.3466 -0.3670 -0.8632
vn 0.5951 0.4432 0.6704
vn 0.9399 -0.2813 -0.1935
vn -0.5509 0.5169 -0.6552
vn -0.5509 0.5170 -0.6552
vn 0.5970 -0.2515 0.7618
vn 0.5987 -0.2369 0.7651
vn 0.5442 -0.2063 0.8132
vn 0.5165 -0.1896 0.8350
vn 0.4453 -0.1629 0.8805
vn 0.1133 -0.3767 -0.9194
vn 0.1132 -0.3768 -0.9194
vn -0.0847 -0.9246 0.3714
vn 0.1308 -0.9363 0.3259
vn 0.2015 -0.9301 0.3070
vn 0.3779 -0.8911 0.2511
vn -0.2621 0.8898 0.3737
vn -0.2620 0.8898 0.3736
vn 0.4764 0.6335 -0.6096
vn 0.4708 0.6758 -0.5671
vn 0.4067 0.8298 -0.3821
vn -0.1819 0.2219 0.9579
vn -0.1429 0.2177 0.9655
vn -0.1908 0.1535 0.9696
vn -0.1990 0.1116 0.9736
vn 0.4985 0.8460 0.1892
vn 0.4454 0.8479 0.2875
vn -0.6610 0.4724 -0.5830
vn 0.4048 0.9014 -0.1538
vn 0.4050 0.9037 -0.1393
vn 0.4051 0.9048 -0.1316
vn 0.4052 0.9066 -0.1179
vn -0.9372 0.0353 -0.3471
vn -0.9372 0.0352 -0.3471
vn 0.7247 0.3166 0.6120
vn 0.3634 0.7216 0.5893
vn 0.2175 0.7586 0.6142
vn 0.5425 0.6472 0.5356
vn -0.7445 0.1299 0.6549
vn 0.8426 -0.4759 0.2520
vn 0.7788 -0.5844 0.2280
vn 0.7722 -0.5941 0.2255
vn 0.6885 -0.6985 0.1953
vn -0.1994 0.1119 0.9735
vn -0.4150 0.0279 0.9094
vn -0.1911 0.1535 0.9695
vn -0.7160 -0.6669 0.2064
vn 0.1073 -0.9926 0.0569
vn 0.1402 -0.9886 0.0557
vn 0.1306 -0.9899 0.0560
vn 0.1400 -0.9886 0.0557
vn 0.3841 -0.9223 0.0441
vn 0.1304 -0.9899 0.0561
vn -0.1920 -0.3307 -0.9240
vn 0.3189 0.9258 0.2029
vn 0.2116 0.9664 0.1459
vn 0.0763 0.9875 0.1380
vn 0.0911 0.9824 0.1628
vn 0.4603 0.8109 0.3613
vn -0.6420 -0.5041 0.5777
vn -0.6804 -0.4652 0.5662
vn -0.6080 -0.5356 0.5860
vn -0.6805 -0.4651 0.5662
vn -0.6421 -0.5039 0.5778
vn -0.7068 -0.4363 0.5568
vn 0.4646 0.2274 -0.8558
vn 0.4646 0.2275 -0.8558
vn -0.2596 0.5217 -0.8127
vn -0.2655 0.8023 -0.5346
vn 0.4376 -0.8307 -0.3441
vn 0.4531 -0.7798 -0.4320
vn 0.3639 -0.9234 -0.1220
vn 0.3353 -0.9411 -0.0427
vn 0.4534 -0.7971 -0.3989
vn 0.2235 0.9607 -0.1647
vn 0.2868 0.9503 -0.1213
vn 0.3249 0.9453 -0.0305
vn 0.5037 0.7809 0.3695
vn 0.4895 0.7772 0.3955
vn 0.6203 0.5973 0.5084
vn 0.4859 0.7990 0.3544
vn 0.6520 0.5644 0.5062
vn 0.6868 0.4056 0.6032
vn 0.7894 0.1560 0.5938
vn 0.8730 0.3882 0.2953
vn 0.7673 0.5608 0.3112
vn 0.9195 0.0911 0.3824
vn 0.8275 -0.1119 0.5503
vn 0.7556 -0.0691 0.6513
vn 0.7465 -0.0708 0.6616
vn 0.6530 -0.0484 0.7558
vn 0.9303 -0.0644 0.3612
vn 0.9889 -0.1010 0.1093
vn 0.9377 0.2877 0.1950
vn 0.9755 0.1756 -0.1327
vn 0.8230 0.5624 0.0797
vn 0.3429 0.9389 0.0306
vn 0.6571 0.6929 0.2968
vn 0.2529 0.9631 -0.0925
vn 0.6363 0.7675 0.0782
vn 0.4476 0.8940 -0.0209
vn 0.4061 0.8783 -0.2523
vn 0.3499 0.9191 -0.1812
vn 0.3094 0.7441 -0.5921
vn -0.2406 -0.6342 0.7348
vn 0.3250 0.9452 -0.0305
vn 0.3642 0.9299 -0.0506
vn 0.2329 0.9697 0.0743
vn -0.0509 0.9701 0.2374
vn 0.2299 0.9684 0.0965
vn 0.5425 0.6471 0.5357
vn 0.6391 0.5902 0.4931
vn 0.3634 0.7215 0.5894
vn 0.7223 0.6913 -0.0188
vn -0.2556 0.7568 -0.6016
vn 0.1565 0.7719 -0.6161
vn -0.0885 0.7090 -0.6996
vn -0.3460 0.8349 -0.4280
vn 0.3489 0.6133 -0.7086
vn 0.0470 0.5590 0.8278
vn 0.3190 0.9257 0.2031
vn 0.4978 0.7606 0.4168
vn 0.4601 0.8109 0.3615
vn 0.7155 -0.2406 -0.6559
vn 0.6474 -0.5937 0.4779
vn 0.6474 -0.5936 0.4780
vn 0.9728 -0.2040 0.1094
vn 0.9730 -0.2034 0.1093
vn -0.4574 0.1685 -0.8732
vn -0.5569 0.2428 -0.7943
vn -0.6400 0.1604 -0.7514
vn -0.6589 0.2604 -0.7058
vn -0.3960 0.5403 -0.7424
vn -0.7274 0.1578 -0.6678
vn 0.1569 0.7719 -0.6161
vn 0.4784 0.8474 -0.2303
vn 0.4532 0.8169 -0.3568
vn 0.5604 0.8182 -0.1290
vn 0.3491 0.6133 -0.7085
vn -0.7318 -0.4786 0.4852
vn -0.7170 -0.5272 0.4560
vn -0.6957 -0.5365 0.4777
vn -0.7723 -0.4271 0.4703
vn 0.7516 0.5005 -0.4296
vn -0.3420 -0.7267 -0.5958
vn -0.3420 -0.7266 -0.5958
vn 0.3506 0.9264 -0.1376
vn 0.5838 0.3631 0.7262
vn 0.5859 0.3530 0.7294
vn 0.6148 0.1043 0.7818
vn 0.6157 0.0586 0.7858
vn 0.2032 -0.9561 0.2113
vn -0.7168 -0.5275 0.4560
vn -0.6542 -0.6269 0.4232
vn -0.6957 -0.5366 0.4775
vn -0.3062 0.5405 -0.7836
vn -0.5529 0.5550 -0.6215
vn -0.3224 0.5342 -0.7814
vn -0.3744 0.5606 -0.7386
vn -0.6619 0.5412 -0.5186
vn -0.2656 -0.4330 -0.8614
vn -0.8009 -0.4984 -0.3317
vn 0.5211 0.7496 0.4081
vn 0.4602 0.8109 0.3614
vn 0.8130 0.2594 -0.5213
vn 0.8662 0.2651 -0.4236
vn 0.8846 0.2666 -0.3825
vn 0.9217 0.2677 -0.2807
vn 0.0706 -0.9965 0.0448
vn -0.0802 -0.9968 0.0072
vn -0.0120 -0.9998 0.0133
vn -0.0445 -0.9952 0.0876
vn 0.0988 -0.9912 0.0880
vn -0.0514 -0.9953 -0.0820
vn -0.0615 -0.9976 -0.0316
vn -0.0016 -0.9980 0.0630
vn 0.0629 -0.9980 0.0052
vn 0.0068 -0.9999 0.0109
vn -0.0237 -0.9997 0.0048
vn -0.0499 -0.9974 0.0512
vn -0.0655 -0.9978 0.0135
vn -0.0488 -0.9972 0.0573
vn 0.0213 -0.9987 0.0464
vn -0.0393 -0.9991 0.0136
vn -0.0276 -0.9962 0.0825
vn -0.0159 -0.9979 0.0629
vn 0.0098 -0.9990 -0.0425
vn -0.1254 -0.9036 -0.4095
vn -0.0046 -0.9699 0.2433
vn -0.0105 -0.9542 0.2991
vn -0.0192 -0.9965 0.0815
vn 0.0140 -0.9975 0.0689
vn 0.0298 -0.9964 0.0791
vn 0.0634 -0.9944 0.0841
vn 0.0049 -0.9995 -0.0326
vn 0.0058 -0.9985 -0.0548
vn 0.0293 -0.9992 -0.0257
vn 0.0989 -0.9947 -0.0277
vn 0.0342 -0.9981 -0.0512
vn -0.0052 -0.9995 0.0327
vn -0.0406 -0.9991 -0.0108
vn -0.0069 -0.9989 -0.0470
vn 0.0269 -0.9970 -0.0726
vn 0.0366 -0.9925 -0.1163
vn 0.0752 -0.9886 -0.1306
vn -0.0777 -0.9933 -0.0861
vn -0.0786 -0.9277 -0.3650
vn -0.1147 -0.9907 -0.0728
vn -0.1420 -0.9885 0.0522
vn 0.1677 -0.8867 -0.4308
vn 0.1280 -0.8244 -0.5514
vn 0.2069 -0.8408 -0.5003
vn -0.0291 -0.9978 -0.0602
vn -0.0513 -0.9954 -0.0805
vn -0.0460 -0.9980 -0.0431
vn 0.0235 -0.9906 -0.1346
vn 0.0609 -0.9977 0.0294
vn 0.0271 -0.9996 0.0060
vn -0.0293 -0.9992 0.0266
vn -0.0129 -0.9967 0.0795
vn 0.0403 -0.9972 -0.0624
vn -0.1168 -0.9900 0.0788
vn -0.4498 -0.8718 0.1942
vn 0.0264 -0.9996 0.0080
vn -0.0071 -0.9997 0.0215
vn 0.0165 -0.9993 -0.0339
vn -0.1507 -0.9776 0.1469
vn -0.0334 -0.9971 0.0678
vn -0.0638 -0.9973 0.0366
vn -0.0255 -0.9949 0.0976
vn 0.0318 -0.9995 0.0018
vn 0.0177 -0.9989 0.0424
vn -0.0199 -0.9997 0.0113
vn 0.0158 -0.9996 -0.0219
vn 0.0273 -0.9996 -0.0044
vn 0.0180 -0.9998 0.0060
vn 0.0217 -0.9997 -0.0108
vn -0.0475 -0.9987 -0.0201
vn 0.0823 -0.9641 0.2523
vn 0.1201 -0.9898 0.0770
vn 0.0971 -0.8994 0.4261
vn -0.4018 -0.9155 0.0190
vn -0.0378 -0.9991 -0.0184
vn 0.0109 -0.9990 -0.0440
vn -0.0102 -0.9994 -0.0318
vn -0.0179 -0.9984 -0.0537
vn -0.1323 -0.9907 0.0312
vn -0.3361 -0.9416 -0.0192
vn -0.0835 -0.9944 0.0641
vn -0.0618 -0.9951 0.0770
vn -0.0169 -0.9936 0.1119
vn 0.0480 -0.9972 0.0566
vn -0.0324 -0.9991 -0.0266
vn -0.0358 -0.9992 0.0169
vn -0.6543 -0.7277 0.2056
vn 0.0620 -0.7994 -0.5976
vn 0.6848 0.7254 -0.0690
vn 0.6375 0.4130 -0.6505
vn 0.6255 0.4133 -0.6617
vn 0.6854 0.4106 -0.6014
vn 0.5422 0.7090 0.4510
vn 0.1156 0.5437 0.8313
vn -0.0215 0.7470 0.6645
vn 0.4997 0.8641 0.0601
vn 0.4998 0.8641 0.0600
vn -0.6270 0.7772 0.0528
vn -0.6156 0.7806 0.1083
vn -0.5732 0.7765 0.2615
vn -0.6417 0.7658 -0.0415
vn -0.0439 0.9471 -0.3180
vn 0.0045 0.9492 -0.3147
vn 0.1004 0.9622 -0.2531
vn 0.1204 0.9636 -0.2386
vn 0.1459 0.9736 -0.1758
vn -0.8610 -0.1181 -0.4947
vn 0.3454 0.8487 -0.4005
vn -0.6473 -0.5969 0.4740
vn -0.6689 -0.5417 0.5091
vn -0.6617 -0.5613 0.4971
vn -0.6690 -0.5416 0.5090
vn -0.6976 -0.4452 0.5614
vn 0.5823 0.4134 -0.7000
vn 0.6255 0.4134 -0.6618
vn 0.6374 0.4130 -0.6505
vn 0.6377 -0.1348 0.7584
vn 0.7408 0.3303 0.5848
vn -0.3825 -0.8930 0.2371
vn -0.2277 -0.9586 0.1710
vn -0.1030 -0.9915 0.0791
vn -0.0295 -0.9991 0.0302
vn -0.0600 -0.9982 -0.0016
vn 0.1815 -0.7389 -0.6489
vn 0.0170 -0.8547 0.5188
vn 0.5601 -0.7840 -0.2676
vn 0.1101 -0.8516 -0.5126
vn 0.4468 -0.8774 0.1748
vn 0.4468 -0.8774 0.1749
vn 0.7477 -0.3065 -0.5891
vn -0.1150 0.6162 -0.7792
vn -0.0692 0.8140 -0.5767
vn -0.0795 0.7773 -0.6241
vn 0.6814 -0.6089 0.4060
vn 0.6815 -0.6089 0.4060
vn -0.6046 -0.7962 0.0232
vn -0.5829 -0.8070 0.0946
vn -0.5790 -0.8084 0.1064
vn -0.5554 -0.8136 0.1722
vn -0.1725 0.7422 0.6475
vn -0.1725 0.7422 0.6476
vn 0.3851 0.9151 -0.1194
vn 0.7446 -0.1688 0.6458
vn -0.1004 -0.7697 0.6304
vn 0.5641 -0.8098 -0.1612
vn 0.1650 -0.8144 -0.5563
vn -0.5995 -0.7783 0.1864
vn -0.1525 -0.6303 0.7613
vn -0.1525 -0.6302 0.7613
vn -0.1525 -0.6303 0.7612
vn 0.2394 -0.9507 0.1971
vn 0.2374 -0.9674 0.0880
vn 0.0127 -0.9937 0.1114
vn 0.0947 -0.9954 0.0166
vn 0.1048 -0.9921 0.0684
vn 0.0033 -0.9982 0.0592
vn 0.0547 -0.9914 0.1186
vn 0.3984 -0.9168 0.0277
vn -0.0308 -0.9989 -0.0346
vn -0.1497 -0.9871 0.0568
vn 0.5431 -0.8171 -0.1934
vn -0.5750 -0.7589 0.3056
vn -0.5750 -0.7590 0.3056
vn -0.5749 -0.7590 0.3056
vn 0.1523 -0.8594 -0.4881
vn -0.5160 -0.4097 -0.7523
vn -0.5782 -0.2212 -0.7854
vn -0.8467 -0.0512 -0.5296
vn -0.8467 -0.0512 -0.5297
vn 0.2196 -0.8731 -0.4353
vn 0.3632 -0.8686 -0.3370
vn 0.4251 -0.8578 -0.2888
vn 0.5517 -0.8151 -0.1766
vn -0.1441 -0.9866 -0.0770
vn -0.0273 -0.9994 0.0215
vn 0.0522 -0.9979 0.0372
vn -0.1387 -0.9891 -0.0488
vn -0.2904 -0.9500 -0.1144
vn 0.0808 -0.9948 -0.0624
vn 0.0167 -0.9994 0.0300
vn 0.1841 -0.9563 -0.2272
vn -0.0269 -0.9996 -0.0092
vn -0.0324 -0.9995 -0.0002
vn 0.0831 -0.9929 0.0851
vn -0.1440 -0.9866 -0.0769
vn -0.0323 -0.9995 -0.0005
vn -0.0531 -0.9975 -0.0463
vn -0.0271 -0.9994 0.0216
vn 0.0638 -0.9953 0.0728
vn -0.2770 -0.9274 -0.2513
vn 0.1083 -0.9885 0.1053
vn 0.1767 -0.9515 0.2520
vn 0.0717 -0.9910 0.1129
vn 0.0894 -0.9520 0.2927
vn 0.0157 -0.8840 -0.4672
vn 0.0675 -0.9846 -0.1614
vn 0.0185 -0.9995 -0.0272
vn 0.2637 -0.8698 -0.4171
vn -0.0614 -0.9970 0.0462
vn -0.1296 -0.9527 0.2748
vn -0.1300 -0.9812 0.1424
vn -0.0525 -0.9985 0.0149
vn 0.0070 -0.9418 0.3362
vn -0.0328 -0.9987 0.0397
vn 0.0634 -0.9958 -0.0653
vn -0.1516 -0.9857 -0.0740
vn -0.0643 -0.9972 -0.0378
vn -0.1597 -0.9829 -0.0913
vn -0.3591 -0.9068 -0.2209
vn -0.0275 -0.9994 -0.0189
vn -0.0018 -0.9967 -0.0808
vn 0.1170 -0.9902 -0.0758
vn -0.0252 -0.9940 -0.1066
vn 0.0224 -0.9997 0.0018
vn 0.0821 -0.9932 -0.0829
vn 0.2073 -0.9772 0.0468
vn -0.0587 -0.8992 -0.4335
vn 0.0220 -0.9997 -0.0109
vn 0.1611 -0.9861 -0.0416
vn 0.3671 -0.9192 -0.1423
vn 0.0109 -0.9949 0.1001
vn 0.3673 -0.9084 -0.2000
vn -0.0119 -0.9986 0.0517
vn 0.1249 -0.9833 0.1324
vn 0.1359 -0.9895 0.0488
vn 0.1226 -0.9882 0.0914
vn 0.1448 -0.9889 0.0345
vn 0.0359 -0.9961 0.0804
vn 0.1429 -0.9896 0.0176
vn -0.0736 -0.9266 0.3687
vn -0.0554 -0.9951 0.0817
vn 0.1654 -0.9858 0.0279
vn 0.1319 -0.9912 0.0120
vn -0.2444 -0.9670 -0.0726
vn -0.0553 -0.9969 -0.0551
vn 0.2517 -0.9676 -0.0192
vn -0.1832 -0.9815 -0.0559
vn 0.2773 -0.9573 -0.0819
vn -0.4119 -0.9109 -0.0243
vn 0.0930 -0.9851 -0.1445
vn 0.1492 -0.9819 -0.1170
vn -0.0484 -0.9722 -0.2290
vn 0.0041 -0.9961 -0.0881
vn 0.1067 -0.9906 -0.0851
vn 0.2023 -0.9362 0.2875
vn 0.1518 -0.9677 0.2013
vn -0.0845 -0.9440 -0.3190
vn -0.2705 -0.8989 -0.3446
vn -0.2766 -0.9518 -0.1326
vn -0.4754 -0.8784 0.0484
vn -0.5419 -0.8257 0.1568
vn -0.4307 -0.8965 -0.1036
vn -0.0940 -0.8798 -0.4659
vn -0.0324 -0.9995 -0.0003
vn -0.0269 -0.9996 -0.0093
vn -0.0480 -0.9986 0.0237
vn -0.0270 -0.9996 -0.0094
vn 0.1843 -0.9562 -0.2274
vn 0.2836 -0.9114 -0.2983
vn 0.4275 -0.8859 -0.1803
vn 0.0727 -0.8943 0.4416
vn 0.5147 -0.8316 -0.2085
vn -0.2872 0.5055 0.8136
vn -0.2982 0.4850 0.8221
vn -0.2886 0.5029 0.8147
vn -0.3000 0.4815 0.8235
vn 0.6346 0.0145 0.7727
vn 0.6345 0.0144 0.7728
vn 0.6345 0.0145 0.7728
vn -0.0795 0.7774 -0.6240
vn -0.0692 0.8143 -0.5764
vn -0.0476 0.8793 -0.4739
vn 0.0318 -0.9995 0.0017
vn 0.0492 -0.9988 -0.0072
vn -0.0198 -0.9997 0.0112
vn 0.0321 -0.9986 -0.0427
vn -0.0558 -0.9951 -0.0811
vn -0.1179 -0.9829 -0.1416
vn -0.0698 -0.9932 -0.0929
vn -0.0226 -0.9980 -0.0582
vn -0.0775 -0.9869 -0.1418
vn -0.0204 -0.9985 -0.0509
vn -0.0139 -0.9983 -0.0565
vn 0.0476 -0.9893 -0.1376
vn 0.0033 -0.9768 -0.2141
vn 0.0064 -0.9887 -0.1500
vn 0.0108 -0.9813 -0.1921
vn 0.0370 -0.9342 -0.3549
vn 0.0259 -0.8828 -0.4690
vn 0.1492 -0.9887 -0.0153
vn 0.4497 -0.8932 0.0014
vn 0.0349 -0.9959 -0.0831
vn 0.0238 -0.9962 -0.0839
vn 0.0230 -0.9971 -0.0726
vn -0.0030 -0.9982 -0.0602
vn 0.0520 -0.9958 -0.0755
vn -0.0054 -0.9992 -0.0389
vn -0.0588 -0.9947 -0.0848
vn -0.0748 -0.9892 -0.1259
vn -0.3076 -0.8938 -0.3264
vn -0.3471 -0.8578 -0.3790
vn -0.4930 -0.8466 -0.2006
vn -0.0286 -0.9995 -0.0105
vn 0.1053 -0.9914 -0.0783
vn 0.0185 -0.9761 -0.2165
vn 0.0058 -0.9940 -0.1089
vn 0.1437 -0.9266 -0.3476
vn 0.0259 -0.9977 -0.0631
vn 0.0746 -0.9972 0.0038
vn 0.0826 -0.9702 -0.2279
vn 0.0834 -0.9614 -0.2621
vn 0.0862 -0.8704 -0.4848
vn -0.5726 -0.7862 0.2323
vn -0.1424 -0.7132 0.6863
vn 0.4971 -0.8532 -0.1579
vn 0.7442 0.2563 0.6168
vn 0.1568 -0.4370 0.8857
vn 0.4543 -0.8071 -0.3771
vn 0.3135 -0.8548 -0.4136
vn 0.2268 -0.8736 -0.4307
vn 0.0993 -0.8880 -0.4490
vn -0.0548 -0.9194 -0.3895
vn 0.1850 -0.7819 -0.5954
vn -0.2357 -0.7834 0.5751
vn 0.2628 -0.8950 -0.3603
vn 0.2652 -0.8952 -0.3582
vn 0.4447 -0.8775 -0.1796
vn 0.0579 -0.8516 -0.5210
vn -0.6413 -0.7301 0.2359
vn 0.4818 -0.8733 -0.0724
vn 0.4686 0.8516 0.2351
vn 0.5814 0.6704 0.4611
vn 0.5869 0.7030 0.4017
vn -0.7549 0.4818 0.4450
vn -0.1270 -0.7230 0.6791
vn 0.1383 -0.8194 -0.5564
vn 0.1383 -0.8193 -0.5564
vn -0.6547 -0.7275 0.2050
vn -0.6548 -0.7275 0.2051
vn -0.1195 -0.6832 0.7204
vn 0.5310 -0.8284 -0.1783
vn 0.0243 -0.9992 -0.0316
vn 0.0351 -0.9991 -0.0228
vn 0.0361 -0.9991 -0.0221
vn 0.0464 -0.9988 -0.0136
vn -0.5705 -0.8001 0.1854
vn 0.1530 -0.7878 -0.5967
vn 0.4132 -0.8835 -0.2207
vn -0.7294 -0.3211 0.6040
vn -0.7294 -0.3212 0.6040
vn 0.1251 -0.8710 -0.4750
vn 0.1686 -0.7484 -0.6415
vn -0.4814 -0.8765 0.0075
vn -0.1801 -0.7429 0.6448
vn -0.1801 -0.7429 0.6447
vn 0.6022 -0.7594 -0.2464
vn -0.5523 -0.7823 0.2881
vn -0.3822 -0.8012 0.4604
vn -0.3861 -0.8012 0.4571
vn -0.1889 -0.7726 0.6061
vn 0.1981 -0.8348 -0.5136
vn 0.3587 -0.8616 -0.3591
vn 0.3407 -0.8607 -0.3784
vn 0.4901 -0.8480 -0.2016
vn -0.8444 0.4867 0.2239
vn -0.8470 0.4806 0.2273
vn -0.8642 0.4353 0.2524
vn -0.8665 0.4286 0.2560
vn -0.0266 -0.8234 0.5668
vn 0.3776 -0.9257 0.0225
vn 0.3775 -0.9257 0.0225
vn 0.1561 -0.7938 -0.5878
vn 0.1560 -0.7938 -0.5879
vn -0.7317 -0.6804 0.0410
vn -0.5608 0.0438 -0.8268
vn -0.3824 -0.9125 0.1451
vn -0.1398 -0.7601 0.6346
vn -0.3501 -0.8085 0.4730
vn -0.3334 -0.8067 0.4879
vn -0.5165 -0.8021 0.2998
vn 0.5995 -0.7598 -0.2517
vn 0.4160 -0.8092 -0.4149
vn 0.3947 -0.8115 -0.4308
vn 0.1896 -0.8055 -0.5614
vn 0.1035 -0.8293 -0.5492
vn -0.2309 -0.8209 0.5223
vn -0.4207 -0.8207 0.3867
vn -0.4446 -0.8172 0.3668
vn -0.6115 -0.7646 0.2035
vn 0.5416 -0.7924 -0.2808
vn -0.4342 -0.8979 0.0727
vn 0.0149 -0.9999 -0.0001
vn 0.0133 -0.9999 0.0019
vn 0.0636 -0.9962 -0.0600
vn -0.0393 -0.9970 0.0663
vn 0.0410 -0.8950 -0.4442
vn -0.6094 -0.7779 0.1535
vn -0.6094 -0.7778 0.1534
vn -0.0462 -0.8271 0.5602
vn -0.5612 -0.8019 0.2050
vn 0.1585 -0.8200 -0.5501
vn 0.1585 -0.8199 -0.5501
vn 0.2795 -0.8903 -0.3594
vn 0.3299 -0.8848 -0.3291
vn 0.0955 -0.8852 -0.4554
vn 0.5009 -0.8394 -0.2110
vn 0.4883 -0.8604 -0.1461
vn -0.0794 -0.8888 0.4514
vn 0.0196 -0.9960 0.0876
vn -0.0264 -0.9728 0.2302
vn 0.0124 -0.9998 0.0166
vn -0.0003 -0.9995 0.0321
vn -0.0110 -0.9991 0.0399
vn -0.0255 -0.9981 0.0554
vn -0.5278 0.3110 -0.7904
vn -0.5279 0.3110 -0.7903
vn 0.9847 -0.1240 0.1227
vn 0.9847 -0.1240 0.1228
vn -0.4777 -0.8775 0.0430
vn -0.0319 -0.8096 0.5861
vn -0.0318 -0.8096 0.5861
vn 0.6096 -0.7716 -0.1815
vn -0.0626 0.6394 0.7664
vn -0.0783 0.6276 0.7746
vn -0.2701 0.4578 0.8470
vn -0.2765 0.4513 0.8484
vn 0.5630 -0.8127 -0.1501
vn -0.2524 -0.6213 0.7418
vn 0.5595 -0.8089 -0.1807
vn -0.0447 -0.9962 0.0751
vn 0.0077 -0.9999 0.0139
vn 0.0589 -0.9972 -0.0460
vn -0.6026 -0.7722 0.2014
vn 0.0879 -0.8392 -0.5366
vn 0.8229 -0.5537 0.1277
vn 0.3326 -0.8995 -0.2834
vn 0.3093 -0.8997 -0.3079
vn 0.1373 -0.8724 -0.4692
vn 0.4838 -0.8691 -0.1033
vn -0.3656 -0.9307 0.0095
vn -0.0918 -0.7823 0.6161
vn 0.5299 -0.8356 -0.1445
vn -0.0026 -1.0000 -0.0040
vn -0.0132 -0.9782 -0.2073
vn -0.0437 -0.9975 -0.0553
vn 0.0521 -0.9961 -0.0706
vn -0.0212 -0.9291 -0.3693
vn -0.2280 -0.8215 0.5227
vn -0.2279 -0.8215 0.5227
vn 0.2265 -0.8124 -0.5373
vn 0.4112 -0.8421 -0.3489
vn 0.3952 -0.8419 -0.3674
vn 0.5561 -0.8169 -0.1529
vn -0.5895 -0.7701 0.2436
vn 0.7207 -0.6925 -0.0316
vn -0.4839 -0.8106 0.3297
vn -0.3810 -0.7923 0.4765
vn -0.4985 -0.8110 0.3061
vn -0.5783 -0.8005 0.1573
vn -0.1381 -0.7027 0.6979
vn -0.6231 -0.7473 0.2308
vn 0.1618 -0.8135 -0.5586
vn 0.9540 -0.1791 0.2402
vn -0.1539 -0.6234 0.7666
vn 0.5887 -0.7774 -0.2215
vn -0.0076 -0.9995 0.0294
vn -0.0076 -0.9995 0.0295
vn -0.5023 -0.6844 -0.5286
vn -0.0603 -0.7726 0.6321
vn 0.5708 -0.7803 -0.2554
vn -0.0984 -0.7857 0.6107
vn 0.0848 -0.8810 -0.4655
vn 0.2833 -0.8938 -0.3477
vn 0.3212 -0.8906 -0.3220
vn 0.4996 -0.8466 -0.1834
vn -0.5486 -0.8210 0.1582
vn -0.1607 0.9321 0.3246
vn -0.1606 0.9321 0.3246
vn 0.3585 -0.8629 -0.3561
vn -0.1558 -0.7778 0.6089
vn 0.5047 -0.8403 -0.1979
vn 0.3707 -0.9200 0.1273
vn -0.0978 -0.7982 0.5944
vn 0.6009 -0.6829 -0.4154
vn -0.4725 -0.7933 0.3840
vn -0.8905 -0.4034 -0.2105
vn -0.0148 -0.8494 0.5276
vn -0.5196 -0.7623 0.3859
vn -0.3410 -0.7829 0.5203
vn -0.3200 -0.7828 0.5337
vn -0.1230 -0.7596 0.6387
vn 0.1495 -0.7764 -0.6122
vn 0.1494 -0.7764 -0.6122
vn -0.3019 -0.8063 0.5087
vn -0.0983 -0.7698 0.6306
vn -0.0983 -0.7698 0.6307
vn 0.5681 -0.8018 -0.1854
vn 0.5682 -0.8018 -0.1854
vn 0.1678 -0.7860 -0.5950
vn -0.1675 -0.6801 0.7138
vn -0.1674 -0.6801 0.7138
vn 0.5617 -0.7996 -0.2125
vn -0.6256 -0.7357 0.2596
vn 0.1193 -0.8431 -0.5244
vn 0.0395 -0.8876 -0.4588
vn -0.6234 -0.7483 0.2267
vn 0.1393 -0.7703 -0.6222
vn 0.1394 -0.7703 -0.6222
vn -0.1172 -0.8181 0.5630
vn 0.4542 -0.8862 -0.0917
vn 0.6479 -0.7247 -0.2347
vn -0.6020 -0.7677 0.2196
vn 0.1379 -0.7674 -0.6262
vn -0.0460 -0.7113 0.7014
vn -0.0460 -0.7112 0.7015
vn 0.1452 -0.8190 -0.5551
vn -0.5097 -0.8589 0.0498
vn -0.5092 -0.8593 0.0491
vn -0.1912 -0.7410 0.6437
vn 0.5373 -0.8180 -0.2051
vn -0.5241 -0.7288 0.4407
vn -0.3413 -0.7069 0.6195
vn -0.3737 -0.7139 0.5922
vn -0.1992 -0.6637 0.7210
vn -0.6150 -0.7676 0.1804
vn 0.0704 -0.8205 -0.5673
vn 0.0703 -0.8206 -0.5672
vn 0.0704 -0.8205 -0.5672
vn -0.3054 -0.7219 0.6209
vn -0.5118 -0.8470 0.1437
vn -0.1399 -0.7474 0.6494
vn -0.1399 -0.7474 0.6495
vn 0.5346 -0.8435 -0.0521
vn 0.5262 -0.8331 -0.1705
vn -0.3113 -0.1389 0.9401
vn -0.3807 -0.1047 0.9187
vn -0.3194 -0.2851 0.9037
vn -0.0340 0.9813 -0.1892
vn -0.2218 -0.7223 0.6550
vn 0.5081 -0.8416 -0.1830
vn 0.0089 -0.8249 0.5652
vn 0.5187 -0.8472 -0.1151
vn 0.5188 -0.8471 -0.1151
vn 0.5189 -0.8471 -0.1150
vn 0.0595 -0.8502 -0.5231
vn -0.1116 -0.7692 0.6291
vn -0.1116 -0.7693 0.6291
vn -0.5774 -0.7997 0.1649
vn -0.5774 -0.7997 0.1648
vn 0.1231 -0.8096 -0.5739
vn -0.4325 -0.7232 -0.5385
vn -0.0179 -0.7267 0.6868
vn -0.1637 -0.7151 0.6796
vn -0.1638 -0.7151 0.6795
vn -0.2279 -0.6872 0.6898
vn -0.2279 -0.6872 0.6899
vn 0.4183 -0.9075 -0.0395
vn -0.6668 -0.7340 0.1287
vn -0.5764 -0.7970 0.1801
vn -0.5764 -0.7971 0.1800
vn 0.0757 -0.8776 -0.4734
vn 0.5238 -0.8390 -0.1473
vn -0.6320 -0.7533 0.1820
vn 0.0299 -0.8376 -0.5455
vn 0.0299 -0.8375 -0.5456
vn -0.1529 -0.7218 0.6750
vn -0.6352 -0.7272 0.2601
vn 0.1735 -0.7686 -0.6157
vn 0.1734 -0.7686 -0.6157
vn -0.1095 -0.7914 0.6014
vn 0.5299 -0.8355 -0.1454
vn 0.5300 -0.8355 -0.1454
vn -0.5680 -0.8055 0.1689
vn 0.1202 -0.8050 -0.5810
vn 0.6817 -0.2500 -0.6875
vn 0.5410 -0.8140 -0.2116
vn -0.6331 -0.7388 0.2311
vn 0.1053 -0.8500 -0.5162
vn -0.1731 -0.7924 0.5849
vn 0.1809 -0.7811 -0.5977
vn -0.6049 -0.7905 0.0959
vn 0.8636 -0.4952 0.0942
vn -0.2752 -0.7469 0.6053
vn 0.2605 -0.8814 -0.3941
vn 0.4880 -0.8377 -0.2454
vn 0.3367 -0.8745 -0.3491
vn 0.0944 -0.8731 -0.4783
vn 0.1672 -0.8035 -0.5713
vn -0.6472 -0.7397 0.1843
vn -0.4381 -0.8885 0.1366
vn 0.4873 -0.8354 -0.2544
vn -0.5285 -0.7325 0.4291
vn 0.2155 -0.8149 -0.5380
vn 0.5720 -0.8077 -0.1428
vn 0.3683 -0.8642 0.3428
vn 0.7363 -0.6450 -0.2045
vn -0.1288 -0.7086 0.6938
vn 0.0616 -0.8792 -0.4724
vn -0.0589 -0.7296 0.6813
vn 0.1077 -0.8907 0.4416
vn 0.3891 -0.8595 -0.3315
vn 0.5286 -0.8263 -0.1947
vn -0.5696 -0.8081 0.1501
vn -0.4810 -0.6552 0.5825
vn -0.5757 -0.8040 0.1488
vn -0.5756 -0.8041 0.1488
vn -0.0533 -0.8396 0.5406
vn 0.3630 -0.8603 -0.3580
vn 0.3683 -0.8602 -0.3528
vn 0.5306 -0.8314 -0.1652
vn 0.1812 -0.8350 -0.5196
vn -0.5781 -0.7958 0.1805
vn 0.9094 -0.4153 -0.0248
vn -0.3758 -0.3908 0.8403
vn 0.0450 -0.9970 0.0626
vn 0.0457 -0.9989 0.0124
vn 0.0475 -0.9978 0.0469
vn 0.0584 -0.9967 0.0570
vn 0.0916 -0.9950 0.0398
vn 0.0530 -0.9984 -0.0190
vn 0.0162 -0.9998 0.0061
vn 0.0615 -0.9980 0.0129
vn 0.0553 -0.9982 -0.0231
vn -0.0296 -0.9987 0.0405
vn 0.0264 -0.9989 0.0393
vn 0.1212 -0.9926 0.0106
vn -0.4806 -0.8118 -0.3316
vn -0.4807 -0.8117 -0.3317
vn -0.1252 -0.4838 -0.8662
vn -0.1838 -0.7601 0.6233
vn -0.6096 -0.7553 0.2408
vn 0.5397 -0.0172 0.8417
vn 0.0353 -0.9993 0.0125
vn 0.0950 -0.9792 0.1795
vn 0.1543 -0.9868 -0.0498
vn 0.0475 -0.9423 0.3313
vn -0.0220 -0.9978 -0.0627
vn -0.0882 -0.7240 0.6842
vn -0.0009 -0.7790 0.6270
vn -0.6464 -0.6379 -0.4187
vn -0.6463 -0.6379 -0.4187
vn 0.4866 -0.7567 0.4365
vn 0.5131 -0.8299 -0.2192
vn -0.6857 -0.6427 0.3418
vn -0.3773 -0.7366 -0.5613
vn -0.3774 -0.7366 -0.5612
vn 0.6569 -0.7482 0.0935
vn -0.3802 -0.3663 -0.8493
vn -0.3801 -0.3663 -0.8493
vn 0.8199 -0.0566 0.5696
vn -0.7205 -0.6523 0.2355
vn -0.1671 -0.8194 0.5483
vn -0.1670 -0.8194 0.5483
vn -0.2427 -0.7392 0.6283
vn 0.5769 -0.7758 -0.2555
vn -0.0220 -0.9998 0.0014
vn -0.0221 -0.9996 -0.0170
vn -0.0369 -0.9992 -0.0175
vn 0.0015 -0.9997 -0.0250
vn -0.0113 -0.9993 -0.0346
vn 0.0535 -0.9984 -0.0188
vn 0.0100 -0.9995 -0.0302
vn 0.0096 -0.9999 -0.0142
vn -0.0924 -0.9912 0.0947
vn -0.0959 -0.9904 0.0998
vn -0.0357 -0.9993 -0.0118
vn -0.0227 -0.9996 0.0194
vn -0.0255 -0.9997 -0.0052
vn 0.0055 -0.9994 -0.0339
vn -0.0520 -0.9986 0.0071
vn 0.1296 -0.9877 0.0873
vn 0.3960 -0.8784 0.2676
vn 0.1730 -0.9796 0.1020
vn -0.0127 -0.9999 -0.0083
vn -0.2297 -0.8560 0.4631
vn 0.0523 -0.9985 0.0176
vn -0.8628 0.4294 -0.2667
vn -0.3794 -0.8666 0.3242
vn 0.2478 -0.8237 -0.5101
vn 0.2477 -0.8237 -0.5101
vn 0.5432 -0.7248 0.4239
vn 0.1078 -0.6270 -0.7716
vn -0.5363 -0.7566 0.3742
vn 0.4425 -0.7471 0.4960
vn -0.0706 -0.9933 0.0917
vn -0.0706 -0.9933 0.0916
vn -0.7176 -0.6857 0.1218
vn 0.5904 -0.7925 0.1528
vn -0.4277 -0.9035 -0.0255
vn 0.5867 -0.8038 0.0985
vn -0.1969 -0.6423 0.7407
vn -0.1968 -0.6423 0.7408
vn -0.1072 -0.9934 -0.0419
vn -0.6684 -0.4670 -0.5789
vn 0.0336 -0.7907 0.6112
vn -0.7253 -0.5602 -0.4002
vn -0.3036 -0.8053 0.5093
vn -0.3036 -0.8053 0.5092
vn -0.6269 -0.5304 -0.5707
vn 0.7338 -0.6536 -0.1852
vn -0.1546 -0.7653 0.6248
vn -0.9216 -0.2566 -0.2912
vn 0.0658 -0.7306 -0.6797
vn 0.4680 -0.7944 0.3872
vn 0.2567 -0.8886 -0.3801
vn -0.9811 -0.0056 -0.1932
vn 0.4220 -0.7570 0.4989
vn -0.0809 -0.9961 -0.0359
vn 0.5298 -0.5260 -0.6653
vn -0.8305 -0.5407 0.1342
vn 0.4952 -0.7682 0.4058
vn -0.0183 -0.4749 -0.8799
vn 0.6308 0.3968 0.6668
vn 0.6309 0.3967 0.6668
vn 0.6718 -0.7070 -0.2209
vn -0.5804 -0.7986 -0.1596
vn 0.5027 -0.8592 0.0949
vn -0.1028 -0.3515 -0.9305
vn -0.1027 -0.3516 -0.9305
vn -0.4728 -0.3615 0.8036
vn -0.9725 -0.0130 -0.2324
vn 0.1269 -0.8441 0.5209
vn 0.4467 -0.8865 -0.1209
vn 0.4516 -0.8871 -0.0950
vn 0.4183 -0.8753 -0.2429
vn 0.4723 -0.8808 0.0343
vn -0.7370 -0.6349 0.2320
vn -0.7369 -0.6349 0.2321
vn 0.1183 -0.4936 0.8616
vn 0.4715 -0.8176 -0.3304
vn 0.0196 -0.9995 -0.0244
vn -0.5636 -0.6692 -0.4843
vn 0.6964 -0.6031 0.3890
vn -0.4385 0.0263 -0.8984
vn -0.2668 -0.8398 0.4728
vn 0.1835 -0.8796 0.4390
vn 0.1835 -0.8796 0.4389
vn 0.5423 -0.8369 -0.0740
vn 0.4363 -0.4525 -0.7777
vn -0.3055 -0.8536 -0.4220
vn -0.6668 -0.7003 0.2548
vn 0.2895 -0.5834 -0.7589
vn -0.6143 -0.0647 0.7864
vn -0.0076 -0.9980 -0.0620
vn -0.4814 -0.6583 -0.5787
vn 0.2061 -0.8280 0.5215
vn -0.5573 -0.7984 0.2280
vn -0.5574 -0.7984 0.2280
vn -0.5573 -0.7984 0.2279
vn 0.0686 -0.5276 -0.8467
vn 0.0686 -0.5275 -0.8468
vn 0.8168 -0.4912 -0.3025
vn -0.1621 -0.8295 0.5345
vn 0.5875 -0.6635 0.4633
vn 0.0017 -0.9980 -0.0630
vn 0.1484 -0.6967 -0.7018
vn -0.7375 -0.6623 0.1322
vn 0.5339 -0.6747 0.5097
vn 0.7254 -0.6828 -0.0866
vn 0.7254 -0.6829 -0.0866
vn -0.2806 -0.8798 -0.3837
vn -0.2810 -0.8795 -0.3841
vn 0.2027 -0.4519 -0.8687
vn 0.5785 -0.7166 0.3897
vn 0.5785 -0.7166 0.3898
vn 0.5260 -0.8399 -0.1339
vn -0.0663 -0.9491 -0.3079
vn 0.3017 -0.5952 -0.7448
vn -0.6309 -0.7744 0.0489
vn 0.1364 -0.6492 -0.7483
vn 0.4954 -0.7597 0.4213
vn 0.3998 -0.8590 0.3199
vn 0.7682 -0.5440 -0.3375
vn -0.6377 -0.4671 0.6125
vn 0.0177 -0.9984 -0.0544
vn 0.0915 -0.7085 -0.6998
vn 0.0916 -0.7084 -0.6998
vn 0.0915 -0.7084 -0.6998
vn -0.5407 -0.6167 -0.5722
vn -0.0812 -0.7979 0.5973
vn -0.5259 -0.6085 -0.5943
vn 0.0876 -0.8105 0.5791
vn 0.5278 -0.7999 0.2857
vn -0.0566 -0.9923 -0.1104
vn -0.6285 -0.7433 0.2291
vn -0.6286 -0.7433 0.2290
vn 0.1204 -0.5280 -0.8407
vn 0.6397 -0.7245 -0.2565
vn 0.6471 -0.7223 -0.2442
vn 0.6158 -0.7305 -0.2951
vn 0.6687 -0.7144 -0.2061
vn -0.5380 -0.8224 -0.1847
vn -0.5380 -0.8225 -0.1847
vn -0.6642 -0.7425 0.0869
vn -0.6944 -0.3722 0.6159
vn -0.6092 -0.7841 0.1187
vn -0.6092 -0.7841 0.1186
vn 0.3300 -0.9420 0.0613
vn 0.0873 -0.9937 -0.0707
vn 0.2564 -0.9663 -0.0229
vn 0.1353 -0.9887 -0.0645
vn 0.0418 -0.9945 -0.0961
vn 0.3315 -0.9409 -0.0698
vn 0.5101 -0.8368 0.1992
vn -0.1717 -0.8257 0.5374
vn -0.3538 -0.8968 0.2656
vn -0.2783 -0.8781 0.3893
vn -0.4302 -0.8949 0.1185
vn 0.5466 -0.7888 -0.2811
vn 0.0173 -0.8518 -0.5236
vn -0.2547 -0.2820 0.9250
vn 0.2977 -0.9462 -0.1269
vn 0.1753 -0.9803 -0.0910
vn 0.5729 -0.7797 -0.2528
vn 0.0966 -0.9928 -0.0713
vn -0.0153 -0.9978 -0.0646
vn 0.0500 -0.9972 -0.0551
vn 0.0730 -0.9972 -0.0181
vn 0.5500 -0.6366 0.5406
vn 0.3144 -0.5995 -0.7360
vn -0.1028 -0.8621 0.4962
vn -0.1028 -0.8621 0.4961
vn 0.2642 -0.7455 -0.6119
vn 0.2643 -0.7455 -0.6118
vn -0.8250 -0.2905 -0.4847
vn -0.5953 -0.7951 0.1156
vn 0.6088 0.2304 0.7591
vn -0.0845 -0.9062 0.4143
vn 0.5467 -0.7973 -0.2558
vn 0.5468 -0.7972 -0.2558
vn 0.1500 -0.7367 -0.6594
vn -0.0411 -0.8036 0.5938
vn 0.5895 -0.1093 -0.8004
vn 0.5895 -0.1094 -0.8003
vn -0.0613 -0.9305 -0.3611
vn 0.6376 -0.4312 0.6384
vn 0.6376 -0.4312 0.6383
vn 0.4363 -0.8907 -0.1275
vn -0.1638 -0.8759 0.4538
vn -0.1639 -0.8759 0.4538
vn 0.1829 -0.7796 -0.5990
vn -0.6990 -0.7070 0.1074
vn -0.4208 -0.5992 0.6811
vn -0.5387 0.2118 -0.8154
vn -0.0238 -0.0644 -0.9976
vn 0.5826 -0.8007 -0.1397
vn -0.1280 -0.8878 0.4420
vn 0.1582 -0.8852 -0.4375
vn 0.1869 -0.8310 -0.5239
vn 0.1431 -0.8793 -0.4543
vn 0.2289 -0.7070 -0.6691
vn 0.2361 -0.6410 -0.7303
vn 0.1267 -0.6016 -0.7887
vn -0.4122 -0.9105 -0.0337
vn 0.7541 -0.6093 -0.2452
vn 0.7540 -0.6094 -0.2452
vn -0.1448 -0.8274 0.5426
vn -0.4883 -0.8466 0.2117
vn -0.3229 -0.8735 0.3643
vn -0.2924 -0.8736 0.3890
vn -0.1024 -0.8463 0.5228
vn 0.2964 -0.7637 -0.5735
vn -0.1040 -0.8703 0.4813
vn -0.1040 -0.8703 0.4814
vn 0.2988 -0.8901 -0.3441
vn 0.4277 -0.8845 -0.1861
vn 0.2620 -0.8853 -0.3842
vn 0.1108 -0.8410 -0.5295
vn 0.0917 -0.6852 -0.7225
vn -0.0259 -0.8775 0.4789
vn -0.0252 -0.8773 0.4794
vn 0.5981 -0.7872 -0.1505
vn -0.5640 -0.8176 0.1159
vn -0.0528 -0.8808 -0.4705
vn -0.0528 -0.8808 -0.4706
vn 0.5471 -0.8224 -0.1559
vn -0.0965 -0.9006 0.4237
vn 0.5604 -0.7868 -0.2586
vn 0.5603 -0.7869 -0.2586
vn -0.5741 -0.7938 0.2007
vn -0.5596 -0.8210 0.1132
vn 0.1803 -0.7227 -0.6672
vn 0.1803 -0.7227 -0.6673
vn -0.7856 -0.2560 -0.5633
vn -0.0600 -0.8759 0.4788
vn -0.1438 -0.8419 0.5201
vn 0.6341 -0.7012 -0.3259
vn -0.5591 -0.8257 0.0748
vn -0.5591 -0.8257 0.0749
vn 0.1279 -0.6470 -0.7517
vn 0.5511 -0.8225 -0.1410
vn 0.5511 -0.8225 -0.1411
vn 0.6230 -0.7589 -0.1896
vn 0.0714 -0.9874 -0.1412
vn 0.1056 -0.9766 -0.1875
vn 0.0007 -0.9972 -0.0754
vn -0.0691 -0.9976 0.0009
vn 0.1146 -0.9690 -0.2188
vn 0.4432 -0.8309 -0.3363
vn -0.1372 -0.9905 -0.0014
vn -0.4801 -0.8726 0.0902
vn 0.5886 -0.7796 -0.2139
vn -0.0938 -0.8637 0.4953
vn -0.2735 -0.8940 0.3550
vn -0.2897 -0.8943 0.3409
vn -0.4492 -0.8741 0.1846
vn -0.5675 -0.7891 0.2352
vn -0.5675 -0.7891 0.2351
vn 0.1503 -0.7169 -0.6808
vn -0.1503 -0.8546 0.4970
vn -0.0773 -0.8849 0.4593
vn 0.6577 -0.7039 -0.2683
vn -0.3688 -0.9221 0.1176
vn -0.2404 -0.9496 0.2009
vn -0.0723 -0.9871 0.1425
vn 0.0577 -0.9924 0.1086
vn 0.0678 -0.9956 -0.0649
vn 0.0348 -0.9994 -0.0008
vn 0.1036 -0.9945 0.0179
vn 0.0768 -0.9371 0.3404
vn 0.0978 -0.9945 -0.0376
vn 0.3016 -0.7654 -0.5685
vn 0.4739 -0.7654 -0.4354
vn 0.5065 -0.7610 -0.4054
vn 0.6534 -0.7162 -0.2452
vn -0.9127 -0.1357 -0.3855
vn -0.9127 -0.1356 -0.3855
vn -0.0936 -0.8804 0.4649
vn 0.6537 -0.6834 -0.3252
vn 0.6537 -0.6834 -0.3251
vn 0.6536 -0.6834 -0.3251
vn -0.5878 -0.8069 0.0587
vn -0.5878 -0.8069 0.0586
vn -0.4869 -0.8704 0.0728
vn 0.1788 -0.6900 -0.7014
vn -0.1519 -0.9122 0.3805
vn 0.5494 -0.8290 -0.1046
vn 0.0014 -0.8534 -0.5212
vn -0.4758 -0.8765 0.0726
vn -0.4758 -0.8765 0.0725
vn -0.4759 -0.8765 0.0725
vn -0.1855 -0.6027 0.7761
vn -0.7443 -0.4504 0.4930
vn -0.7443 -0.4504 0.4931
vn 0.2478 -0.7508 -0.6123
vn -0.4741 -0.8794 0.0438
vn -0.4741 -0.8794 0.0437
vn 0.7052 -0.7082 0.0342
vn -0.0494 -0.8998 0.4336
vn -0.2248 -0.9285 0.2955
vn -0.1984 -0.9272 0.3178
vn -0.3590 -0.9173 0.1723
vn 0.6008 -0.7273 -0.3317
vn 0.6008 -0.7273 -0.3318
vn 0.1487 -0.7131 -0.6852
vn 0.7335 -0.5004 -0.4600
vn -0.9360 -0.0728 -0.3444
vn -0.0130 -0.9207 0.3900
vt 0.473477 0.903325
vt 0.495781 0.903006
vt 0.498675 0.874028
vt 0.467774 0.956173
vt 0.512788 0.912420
vt 0.478651 0.955360
vt 0.453268 0.931758
vt 0.475050 0.965682
vt 0.508509 0.956784
vt 0.473414 0.984869
vt 0.461926 0.987724
vt 0.522667 0.914298
vt 0.477129 0.862542
vt 0.446529 0.861283
vt 0.435220 0.891963
vt 0.424997 0.928009
vt 0.407087 0.920242
vt 0.429271 0.828853
vt 0.388709 0.861385
vt 0.446341 0.830374
vt 0.389818 0.913714
vt 0.383507 0.923401
vt 0.362629 0.888757
vt 0.364413 0.920198
vt 0.355335 0.878217
vt 0.370946 0.858620
vt 0.386585 0.846541
vt 0.375231 0.842748
vt 0.369030 0.822448
vt 0.682967 0.240941
vt 0.695501 0.236505
vt 0.674155 0.248249
vt 0.685287 0.280338
vt 0.521966 0.929948
vt 0.531583 0.917727
vt 0.668287 0.308785
vt 0.714430 0.332649
vt 0.663999 0.320729
vt 0.683431 0.381909
vt 0.632847 0.282522
vt 0.703029 0.367759
vt 0.683818 0.446526
vt 0.711691 0.418856
vt 0.700005 0.454794
vt 0.733124 0.454672
vt 0.630774 0.292119
vt 0.626320 0.288256
vt 0.518523 0.998796
vt 0.522026 0.998812
vt 0.514019 0.992596
vt 0.511239 0.996413
vt 0.523260 0.941157
vt 0.548785 0.992523
vt 0.547794 0.996411
vt 0.553555 0.996133
vt 0.522213 0.934706
vt 0.430558 0.962217
vt 0.410942 0.973529
vt 0.406484 0.955025
vt 0.422073 0.980287
vt 0.464643 0.303476
vt 0.453056 0.287593
vt 0.433151 0.301953
vt 0.469736 0.324139
vt 0.503872 0.316764
vt 0.514433 0.349005
vt 0.553161 0.330231
vt 0.557325 0.364962
vt 0.581252 0.359827
vt 0.505062 0.364420
vt 0.571953 0.380942
vt 0.454449 0.330599
vt 0.503731 0.302733
vt 0.475773 0.285456
vt 0.457205 0.273405
vt 0.521253 0.947703
vt 0.379735 0.811201
vt 0.357831 0.799351
vt 0.337939 0.799537
vt 0.466903 0.267771
vt 0.486531 0.274582
vt 0.523006 0.299937
vt 0.350739 0.831159
vt 0.354053 0.841778
vt 0.454671 0.262886
vt 0.479444 0.243875
vt 0.435677 0.260378
vt 0.579402 0.342872
vt 0.565036 0.321719
vt 0.429545 0.297212
vt 0.429479 0.310579
vt 0.456918 0.350179
vt 0.585414 0.948915
vt 0.601761 0.970402
vt 0.608852 0.951436
vt 0.604131 0.922496
vt 0.609848 0.929361
vt 0.575295 0.917411
vt 0.588367 0.977327
vt 0.596040 0.980290
vt 0.634554 0.968081
vt 0.627614 0.941127
vt 0.504729 0.264258
vt 0.549829 0.234742
vt 0.514172 0.238951
vt 0.489595 0.251989
vt 0.541153 0.254646
vt 0.555784 0.259276
vt 0.572427 0.245722
vt 0.588089 0.233395
vt 0.580912 0.226703
vt 0.559334 0.210897
vt 0.615400 0.224147
vt 0.550814 0.218677
vt 0.505089 0.219026
vt 0.464676 0.240556
vt 0.341703 0.902135
vt 0.350321 0.925356
vt 0.318527 0.927797
vt 0.332854 0.942519
vt 0.309693 0.939226
vt 0.317460 0.967223
vt 0.358536 0.960612
vt 0.380424 0.954604
vt 0.318589 0.991471
vt 0.428991 0.250621
vt 0.399665 0.286356
vt 0.422864 0.284092
vt 0.653932 0.970242
vt 0.641584 0.931180
vt 0.672628 0.953746
vt 0.674164 0.971165
vt 0.422557 0.305250
vt 0.392108 0.318716
vt 0.375948 0.318010
vt 0.313502 0.332728
vt 0.412389 0.328462
vt 0.459680 0.365965
vt 0.533639 0.390841
vt 0.466049 0.392842
vt 0.527646 0.423092
vt 0.578134 0.404464
vt 0.590126 0.434884
vt 0.621424 0.412268
vt 0.637284 0.428045
vt 0.621646 0.466848
vt 0.672140 0.465424
vt 0.569714 0.469191
vt 0.588016 0.509208
vt 0.617369 0.518289
vt 0.641396 0.526353
vt 0.644232 0.566448
vt 0.653765 0.548237
vt 0.591873 0.540494
vt 0.569413 0.521013
vt 0.569142 0.576256
vt 0.603009 0.584078
vt 0.549358 0.538667
vt 0.618153 0.557172
vt 0.510718 0.513373
vt 0.493893 0.529560
vt 0.536420 0.561011
vt 0.438523 0.541540
vt 0.381564 0.501718
vt 0.330485 0.520952
vt 0.453999 0.498087
vt 0.330589 0.470992
vt 0.295195 0.488141
vt 0.240881 0.452891
vt 0.244264 0.494741
vt 0.199335 0.469801
vt 0.185119 0.424359
vt 0.225481 0.436497
vt 0.272089 0.440611
vt 0.217534 0.410697
vt 0.191236 0.416440
vt 0.323778 0.444248
vt 0.253143 0.402411
vt 0.199047 0.399163
vt 0.354544 0.409710
vt 0.364083 0.436562
vt 0.307699 0.383223
vt 0.214730 0.385337
vt 0.369044 0.382220
vt 0.342844 0.362714
vt 0.292009 0.361158
vt 0.226260 0.363349
vt 0.265971 0.346039
vt 0.227895 0.345747
vt 0.399989 0.409010
vt 0.429046 0.398863
vt 0.447723 0.437594
vt 0.426606 0.456268
vt 0.500034 0.458305
vt 0.490739 0.473771
vt 0.402415 0.476225
vt 0.475484 0.483062
vt 0.512458 0.463356
vt 0.541815 0.496633
vt 0.515016 0.498555
vt 0.524239 0.443932
vt 0.547051 0.447819
vt 0.389712 0.362523
vt 0.383720 0.334188
vt 0.414114 0.357452
vt 0.467649 0.420570
vt 0.603305 0.623069
vt 0.619084 0.610088
vt 0.640491 0.582632
vt 0.668325 0.427486
vt 0.650352 0.397671
vt 0.677457 0.402003
vt 0.655755 0.385242
vt 0.577826 0.946884
vt 0.559655 0.959311
vt 0.549552 0.973189
vt 0.564739 0.916193
vt 0.535365 0.934337
vt 0.465830 0.215176
vt 0.539392 0.200359
vt 0.391943 0.263610
vt 0.376225 0.231861
vt 0.388554 0.228729
vt 0.309120 0.199686
vt 0.400501 0.198766
vt 0.311759 0.192912
vt 0.422566 0.225897
vt 0.444419 0.195249
vt 0.498263 0.176505
vt 0.488516 0.158109
vt 0.445039 0.177104
vt 0.486462 0.136031
vt 0.538907 0.148301
vt 0.546384 0.176900
vt 0.578872 0.159650
vt 0.548838 0.120712
vt 0.569278 0.143383
vt 0.632370 0.168648
vt 0.598780 0.128020
vt 0.644069 0.131812
vt 0.634487 0.089043
vt 0.598452 0.092282
vt 0.667363 0.091560
vt 0.657569 0.072932
vt 0.603854 0.079893
vt 0.707729 0.080402
vt 0.709488 0.094889
vt 0.686378 0.138794
vt 0.667232 0.196677
vt 0.702615 0.164959
vt 0.715013 0.114395
vt 0.694414 0.202614
vt 0.663339 0.218485
vt 0.599131 0.193177
vt 0.657581 0.228788
vt 0.671835 0.236033
vt 0.630207 0.185943
vt 0.593131 0.209283
vt 0.547344 0.081255
vt 0.565451 0.066056
vt 0.620804 0.068663
vt 0.665343 0.022161
vt 0.613756 0.025821
vt 0.680920 0.038953
vt 0.702612 0.025242
vt 0.706041 0.015568
vt 0.685777 0.067053
vt 0.542276 0.022761
vt 0.509639 0.048794
vt 0.441107 0.017906
vt 0.484795 0.059972
vt 0.406398 0.066038
vt 0.488138 0.073699
vt 0.373925 0.036207
vt 0.373984 0.057486
vt 0.264044 0.048411
vt 0.352382 0.008577
vt 0.282062 0.005342
vt 0.219849 0.023746
vt 0.240472 0.000610
vt 0.209167 0.049556
vt 0.283530 0.057517
vt 0.443439 0.086635
vt 0.369735 0.073852
vt 0.525401 0.093518
vt 0.469018 0.111394
vt 0.359419 0.093890
vt 0.407154 0.119405
vt 0.427271 0.148847
vt 0.370475 0.137717
vt 0.367741 0.160254
vt 0.348340 0.115968
vt 0.316818 0.146116
vt 0.317757 0.104058
vt 0.250160 0.121273
vt 0.242718 0.143869
vt 0.231979 0.072912
vt 0.209140 0.129259
vt 0.207538 0.154545
vt 0.178595 0.149555
vt 0.272879 0.155577
vt 0.339679 0.179412
vt 0.280631 0.065265
vt 0.408329 0.166242
vt 0.365935 0.247746
vt 0.334185 0.240775
vt 0.320752 0.229325
vt 0.299372 0.244125
vt 0.319511 0.256046
vt 0.342876 0.265457
vt 0.360385 0.266133
vt 0.366013 0.273342
vt 0.166722 0.270122
vt 0.185106 0.253738
vt 0.158731 0.264463
vt 0.163455 0.251096
vt 0.410145 0.295501
vt 0.379632 0.293623
vt 0.064427 0.384772
vt 0.050930 0.401644
vt 0.080316 0.392315
vt 0.044937 0.427688
vt 0.060650 0.443251
vt 0.030451 0.389147
vt 0.125565 0.361344
vt 0.147000 0.363227
vt 0.135089 0.348458
vt 0.105246 0.205974
vt 0.110746 0.184231
vt 0.097924 0.191486
vt 0.092065 0.167379
vt 0.156717 0.361202
vt 0.090485 0.206389
vt 0.155367 0.368970
vt 0.121399 0.190789
vt 0.562083 0.265625
vt 0.568290 0.265506
vt 0.119872 0.627567
vt 0.139506 0.616351
vt 0.111269 0.614502
vt 0.173487 0.635205
vt 0.174560 0.582021
vt 0.122739 0.588564
vt 0.144985 0.558186
vt 0.176345 0.540923
vt 0.145439 0.525680
vt 0.179342 0.502987
vt 0.140457 0.490206
vt 0.180784 0.476252
vt 0.096993 0.483419
vt 0.104433 0.515534
vt 0.147453 0.454982
vt 0.098307 0.452583
vt 0.110915 0.425948
vt 0.174490 0.435479
vt 0.174926 0.373783
vt 0.141136 0.399879
vt 0.131932 0.387373
vt 0.086808 0.407177
vt 0.107468 0.384918
vt 0.074271 0.439494
vt 0.073650 0.475902
vt 0.061080 0.466867
vt 0.059042 0.491066
vt 0.076793 0.492723
vt 0.029999 0.481680
vt 0.025440 0.514235
vt 0.045788 0.523479
vt 0.061122 0.520427
vt 0.066568 0.549626
vt 0.082444 0.547124
vt 0.080898 0.515534
vt 0.084892 0.590087
vt 0.102716 0.555069
vt 0.098938 0.623162
vt 0.104557 0.642151
vt 0.573340 0.254044
vt 0.584789 0.241844
vt 0.145170 0.339499
vt 0.125563 0.346313
vt 0.365781 0.285202
vt 0.602293 0.387598
vt 0.621043 0.378643
vt 0.131780 0.192852
vt 0.139326 0.198404
vt 0.141388 0.187860
vt 0.164764 0.362495
vt 0.163348 0.356638
vt 0.185216 0.356564
vt 0.214102 0.341095
vt 0.192795 0.339027
vt 0.205930 0.358681
vt 0.168203 0.336835
vt 0.289176 0.212855
vt 0.269317 0.201298
vt 0.224802 0.172189
vt 0.248344 0.197672
vt 0.235114 0.191207
vt 0.213661 0.185197
vt 0.189864 0.179108
vt 0.172310 0.154247
vt 0.173608 0.172969
vt 0.167056 0.171727
vt 0.199602 0.192200
vt 0.210462 0.199626
vt 0.230839 0.206741
vt 0.240538 0.211100
vt 0.306435 0.933682
vt 0.754236 0.103725
vt 0.752597 0.074113
vt 0.741664 0.096620
vt 0.772051 0.100899
vt 0.774047 0.083739
vt 0.763464 0.068820
vt 0.635097 0.223353
vt 0.654238 0.232724
vt 0.066040 0.962185
vt 0.064007 0.978787
vt 0.086436 0.974104
vt 0.089951 0.957190
vt 0.067687 0.991450
vt 0.081116 0.985895
vt 0.062658 0.985121
vt 0.085109 0.996672
vt 0.599506 0.355940
vt 0.608239 0.359312
vt 0.795272 0.091036
vt 0.799402 0.101355
vt 0.803068 0.100064
vt 0.085254 0.176847
vt 0.147867 0.188645
vt 0.153651 0.211002
vt 0.062944 0.179039
vt 0.106338 0.996164
vt 0.112334 0.988943
vt 0.115130 0.957994
vt 0.103308 0.969891
vt 0.122143 0.982214
vt 0.076804 0.190239
vt 0.068377 0.209393
vt 0.169240 0.195450
vt 0.159482 0.189698
vt 0.812311 0.089733
vt 0.794185 0.076217
vt 0.185161 0.218911
vt 0.184971 0.210641
vt 0.174856 0.210890
vt 0.177416 0.220422
vt 0.815211 0.105995
vt 0.818368 0.098756
vt 0.038100 0.406953
vt 0.133245 0.221672
vt 0.774913 0.942334
vt 0.794881 0.940722
vt 0.797346 0.951408
vt 0.787407 0.953027
vt 0.010979 0.395608
vt 0.017236 0.389926
vt 0.016831 0.413229
vt 0.692894 0.931733
vt 0.704034 0.942394
vt 0.710644 0.937077
vt 0.688540 0.948596
vt 0.125513 0.291884
vt 0.158804 0.288459
vt 0.139214 0.279316
vt 0.135716 0.302136
vt 0.162028 0.297263
vt 0.113652 0.300073
vt 0.684395 0.978481
vt 0.708238 0.971980
vt 0.688526 0.964817
vt 0.762825 0.938418
vt 0.741890 0.939795
vt 0.105030 0.042752
vt 0.114785 0.045924
vt 0.126202 0.032878
vt 0.127962 0.044436
vt 0.758977 0.960752
vt 0.271305 0.337858
vt 0.115233 0.936801
vt 0.102620 0.938182
vt 0.112748 0.947287
vt 0.292931 0.314410
vt 0.274005 0.318446
vt 0.062476 0.577914
vt 0.044557 0.570718
vt 0.033892 0.552460
vt 0.134868 0.042774
vt 0.791671 0.067101
vt 0.804686 0.063916
vt 0.111699 0.285340
vt 0.096418 0.285034
vt 0.091213 0.304842
vt 0.785016 0.068252
vt 0.127817 0.927046
vt 0.115696 0.921431
vt 0.103182 0.924147
vt 0.128966 0.931857
vt 0.026148 0.419357
vt 0.029050 0.432967
vt 0.017833 0.430540
vt 0.008250 0.426508
vt 0.291866 0.228708
vt 0.287591 0.240985
vt 0.776008 0.971224
vt 0.687084 0.962125
vt 0.761979 0.974335
vt 0.745061 0.965730
vt 0.739529 0.972372
vt 0.096958 0.024301
vt 0.719496 0.957723
vt 0.718070 0.943525
vt 0.127790 0.322123
vt 0.116315 0.309801
vt 0.153892 0.320289
vt 0.114011 0.022130
vt 0.136440 0.009402
vt 0.116484 0.002780
vt 0.098548 0.005269
vt 0.005071 0.419642
vt 0.087713 0.344691
vt 0.099901 0.370587
vt 0.098862 0.356362
vt 0.887048 0.066982
vt 0.897269 0.097357
vt 0.902539 0.049462
vt 0.919591 0.089261
vt 0.888468 0.048652
vt 0.879733 0.085989
vt 0.882183 0.098673
vt 0.879060 0.095764
vt 0.118704 0.326829
vt 0.841055 0.129861
vt 0.827933 0.127620
vt 0.836630 0.132373
vt 0.840374 0.136843
vt 0.828231 0.135382
vt 0.844736 0.133130
vt 0.094130 0.932828
vt 0.099713 0.914174
vt 0.088045 0.928186
vt 0.140468 0.327266
vt 0.133363 0.328563
vt 0.016978 0.753390
vt 0.020048 0.772770
vt 0.055072 0.740848
vt 0.007605 0.791057
vt 0.029558 0.806517
vt 0.049071 0.797738
vt 0.059927 0.773844
vt 0.062219 0.804324
vt 0.048504 0.830084
vt 0.058571 0.849241
vt 0.108730 0.806224
vt 0.105052 0.782736
vt 0.027700 0.832464
vt 0.034357 0.854242
vt 0.015977 0.849446
vt 0.064852 0.884491
vt 0.055022 0.893612
vt 0.038795 0.890830
vt 0.009163 0.831064
vt 0.008779 0.853070
vt 0.087504 0.743439
vt 0.198850 0.781915
vt 0.150381 0.762515
vt 0.182814 0.753641
vt 0.246503 0.816752
vt 0.225119 0.780962
vt 0.194002 0.809746
vt 0.118806 0.829391
vt 0.173797 0.849931
vt 0.253339 0.854110
vt 0.070812 0.876376
vt 0.126043 0.871187
vt 0.134385 0.894044
vt 0.206649 0.884973
vt 0.240344 0.878101
vt 0.226100 0.898555
vt 0.247550 0.888973
vt 0.263533 0.800798
vt 0.278136 0.836729
vt 0.274613 0.879057
vt 0.308558 0.871960
vt 0.303376 0.802638
vt 0.264200 0.890411
vt 0.120757 0.735741
vt 0.154645 0.727148
vt 0.200571 0.740693
vt 0.067555 0.715547
vt 0.108528 0.698853
vt 0.206537 0.710949
vt 0.109248 0.677588
vt 0.043354 0.667262
vt 0.035299 0.705176
vt 0.007204 0.656572
vt 0.047898 0.717230
vt 0.025372 0.715779
vt 0.020548 0.735291
vt 0.246834 0.733251
vt 0.246661 0.765669
vt 0.277980 0.749749
vt 0.109320 0.349267
vt 0.102774 0.341041
vt 0.091254 0.918134
vt 0.806765 0.966391
vt 0.809508 0.971700
vt 0.815403 0.957675
vt 0.853266 0.969098
vt 0.856079 0.943596
vt 0.840020 0.967966
vt 0.820960 0.969365
vt 0.831337 0.941304
vt 0.822367 0.133564
vt 0.111586 0.912396
vt 0.920151 0.070575
vt 0.918409 0.058702
vt 0.913792 0.048836
vt 0.933315 0.087924
vt 0.722660 0.067834
vt 0.735119 0.044860
vt 0.709111 0.054023
vt 0.738255 0.021006
vt 0.716203 0.020027
vt 0.765416 0.024828
vt 0.745152 0.066762
vt 0.757969 0.047006
vt 0.727157 0.071572
vt 0.705444 0.040770
vt 0.132375 0.948165
vt 0.122307 0.948586
vt 0.134980 0.957842
vt 0.276595 0.232302
vt 0.148038 0.966377
vt 0.270430 0.228438
vt 0.928917 0.094579
vt 0.938478 0.096952
vt 0.940240 0.090019
vt 0.867743 0.955669
vt 0.023142 0.471880
vt 0.021415 0.492753
vt 0.277547 0.306205
vt 0.275111 0.308839
vt 0.264975 0.307082
vt 0.282228 0.309148
vt 0.819422 0.025455
vt 0.827428 0.020598
vt 0.821680 0.013045
vt 0.817000 0.941424
vt 0.817052 0.933577
vt 0.869599 0.531810
vt 0.873392 0.532224
vt 0.868616 0.528970
vt 0.175433 0.917645
vt 0.171538 0.916394
vt 0.170928 0.928961
vt 0.885711 0.528777
vt 0.880005 0.527982
vt 0.883639 0.532861
vt 0.880393 0.537288
vt 0.303167 0.289102
vt 0.332505 0.278940
vt 0.282719 0.276472
vt 0.329766 0.267178
vt 0.299796 0.265518
vt 0.285924 0.282532
vt 0.325768 0.292841
vt 0.332722 0.292649
vt 0.933963 0.098934
vt 0.117183 0.271937
vt 0.145874 0.264046
vt 0.119027 0.263789
vt 0.264318 0.310869
vt 0.266840 0.315033
vt 0.867573 0.042636
vt 0.865482 0.049922
vt 0.870342 0.075118
vt 0.850888 0.062538
vt 0.832702 0.080961
vt 0.846321 0.037936
vt 0.887792 0.517485
vt 0.876452 0.518203
vt 0.136416 0.923013
vt 0.136235 0.929126
vt 0.147530 0.934334
vt 0.141663 0.936689
vt 0.265453 0.313011
vt 0.157441 0.921504
vt 0.144015 0.250328
vt 0.126662 0.249537
vt 0.343573 0.294501
vt 0.338063 0.296131
vt 0.108786 0.247578
vt 0.324434 0.295287
vt 0.162112 0.912770
vt 0.155673 0.911669
vt 0.251108 0.284053
vt 0.262030 0.283596
vt 0.252593 0.277797
vt 0.163947 0.952679
vt 0.176450 0.946664
vt 0.168358 0.941896
vt 0.200154 0.952074
vt 0.192040 0.950811
vt 0.204691 0.977702
vt 0.182380 0.950023
vt 0.274980 0.257601
vt 0.292939 0.254068
vt 0.255552 0.241213
vt 0.255118 0.248561
vt 0.261935 0.242465
vt 0.829622 0.046898
vt 0.251620 0.254467
vt 0.251193 0.260627
vt 0.872955 0.081884
vt 0.849105 0.094926
vt 0.881398 0.544495
vt 0.851167 0.547433
vt 0.834756 0.572910
vt 0.916616 0.551644
vt 0.863828 0.597623
vt 0.831606 0.605117
vt 0.848380 0.622771
vt 0.916490 0.672802
vt 0.891037 0.628027
vt 0.889629 0.670329
vt 0.823720 0.661389
vt 0.797639 0.607032
vt 0.761554 0.621185
vt 0.869151 0.696688
vt 0.924160 0.755404
vt 0.949192 0.724916
vt 0.952458 0.770142
vt 0.973720 0.728961
vt 0.946668 0.688325
vt 0.964561 0.691018
vt 0.968464 0.681448
vt 0.887018 0.583458
vt 0.966340 0.650096
vt 0.939829 0.599341
vt 0.930768 0.557216
vt 0.953884 0.566533
vt 0.957456 0.593154
vt 0.818731 0.079508
vt 0.769079 0.047426
vt 0.789975 0.042445
vt 0.808618 0.029000
vt 0.783893 0.022813
vt 0.176276 0.965892
vt 0.817102 0.051931
vt 0.190645 0.974025
vt 0.170721 0.981270
vt 0.186021 0.995199
vt 0.536091 0.994219
vt 0.539989 0.998375
vt 0.532424 0.994171
vt 0.130715 0.971958
vt 0.160319 0.983120
vt 0.137945 0.990910
vt 0.134153 0.985765
vt 0.149812 0.991843
vt 0.815935 0.041974
vt 0.808611 0.051119
vt 0.827937 0.033013
vt 0.151256 0.040441
vt 0.150663 0.014205
vt 0.143464 0.042460
vt 0.157423 0.030299
vt 0.198060 0.043685
vt 0.194306 0.018302
vt 0.188798 0.043846
vt 0.205574 0.025176
vt 0.205285 0.007921
vt 0.182481 0.031984
vt 0.172349 0.041528
vt 0.175015 0.013901
vt 0.410948 0.558862
vt 0.429768 0.555934
vt 0.476560 0.565964
vt 0.500143 0.568735
vt 0.521289 0.579994
vt 0.539589 0.577789
vt 0.563803 0.596109
vt 0.563108 0.637639
vt 0.589077 0.635701
vt 0.581411 0.684115
vt 0.525454 0.713657
vt 0.529233 0.698465
vt 0.548882 0.680851
vt 0.571068 0.669493
vt 0.560188 0.662444
vt 0.522838 0.681554
vt 0.543194 0.661407
vt 0.503042 0.696039
vt 0.472613 0.695952
vt 0.436635 0.713090
vt 0.415806 0.696585
vt 0.333784 0.697905
vt 0.373976 0.688159
vt 0.353456 0.678217
vt 0.367161 0.660663
vt 0.361950 0.633780
vt 0.343374 0.651036
vt 0.339193 0.623545
vt 0.355987 0.612873
vt 0.536268 0.596798
vt 0.527528 0.617159
vt 0.550320 0.618417
vt 0.511217 0.594430
vt 0.497618 0.585079
vt 0.493587 0.609317
vt 0.501984 0.632545
vt 0.532036 0.642582
vt 0.503232 0.665007
vt 0.518172 0.636719
vt 0.485679 0.583510
vt 0.461631 0.570385
vt 0.417136 0.587513
vt 0.435674 0.570275
vt 0.384360 0.551733
vt 0.362281 0.545669
vt 0.337243 0.538566
vt 0.312178 0.539015
vt 0.319874 0.552419
vt 0.342178 0.561136
vt 0.350602 0.544009
vt 0.324680 0.575041
vt 0.301217 0.566417
vt 0.308688 0.592434
vt 0.296187 0.544340
vt 0.277878 0.559832
vt 0.283081 0.584397
vt 0.300618 0.529480
vt 0.268292 0.521073
vt 0.247267 0.509716
vt 0.249158 0.530851
vt 0.253919 0.549940
vt 0.235658 0.565619
vt 0.232284 0.542195
vt 0.274739 0.537511
vt 0.260817 0.569925
vt 0.269660 0.583080
vt 0.281430 0.523196
vt 0.238602 0.688518
vt 0.311994 0.680312
vt 0.326913 0.668405
vt 0.316873 0.643429
vt 0.331580 0.643133
vt 0.305026 0.660133
vt 0.296947 0.635682
vt 0.313909 0.618069
vt 0.294096 0.676955
vt 0.266756 0.671249
vt 0.245992 0.667713
vt 0.338213 0.677441
vt 0.016544 0.872418
vt 0.775307 0.019510
vt 0.186171 0.006873
vt 0.803429 0.019585
vt 0.010958 0.894523
vt 0.018342 0.892917
vt 0.018904 0.886628
vt 0.028735 0.884611
vt 0.199021 0.199816
vt 0.189213 0.199571
vt 0.195632 0.201084
vt 0.201291 0.213397
vt 0.223096 0.009406
vt 0.223942 0.004913
vt 0.212138 0.002146
vt 0.016332 0.884340
vt 0.005704 0.873739
vt 0.373478 0.549814
vt 0.399887 0.554816
vt 0.390970 0.574428
vt 0.368521 0.566844
vt 0.374413 0.592273
vt 0.405749 0.576912
vt 0.194853 0.203392
vt 0.448473 0.569779
vt 0.441937 0.592441
vt 0.355576 0.564305
vt 0.487121 0.695070
vt 0.444853 0.685106
vt 0.433354 0.693355
vt 0.436405 0.660824
vt 0.419118 0.669715
vt 0.431503 0.633689
vt 0.410968 0.650164
vt 0.404885 0.675211
vt 0.399554 0.690484
vt 0.458216 0.690481
vt 0.465135 0.666842
vt 0.477801 0.671031
vt 0.232676 0.661847
vt 0.234330 0.635068
vt 0.208449 0.674152
vt 0.197088 0.687021
vt 0.220829 0.673553
vt 0.216079 0.648953
vt 0.224761 0.612224
vt 0.213055 0.622909
vt 0.206526 0.639324
vt 0.199521 0.659935
vt 0.716429 0.605034
vt 0.698798 0.604977
vt 0.701649 0.615658
vt 0.679960 0.625906
vt 0.700860 0.627242
vt 0.682166 0.607382
vt 0.715762 0.637163
vt 0.732933 0.634359
vt 0.762905 0.646677
vt 0.738888 0.648145
vt 0.729964 0.663157
vt 0.712072 0.660044
vt 0.693572 0.678075
vt 0.708462 0.677182
vt 0.690135 0.650291
vt 0.667588 0.651293
vt 0.679601 0.666791
vt 0.672834 0.692631
vt 0.654282 0.678292
vt 0.697772 0.700558
vt 0.676335 0.712007
vt 0.654820 0.705124
vt 0.635322 0.688911
vt 0.647944 0.716628
vt 0.656315 0.727343
vt 0.661245 0.748868
vt 0.678692 0.729100
vt 0.644096 0.753051
vt 0.634756 0.732992
vt 0.630708 0.716473
vt 0.619007 0.743155
vt 0.650353 0.765558
vt 0.619305 0.720967
vt 0.617463 0.701550
vt 0.688924 0.750721
vt 0.690101 0.713145
vt 0.720319 0.696962
vt 0.787113 0.664231
vt 0.805938 0.684191
vt 0.833300 0.689057
vt 0.853890 0.708027
vt 0.815672 0.685223
vt 0.823598 0.701519
vt 0.896302 0.750882
vt 0.846259 0.729935
vt 0.877306 0.737132
vt 0.905218 0.769537
vt 0.923066 0.781375
vt 0.887383 0.764361
vt 0.937703 0.838915
vt 0.928012 0.831144
vt 0.916636 0.855352
vt 0.911569 0.887442
vt 0.913071 0.815025
vt 0.848149 0.885428
vt 0.880978 0.880139
vt 0.909151 0.843997
vt 0.898356 0.864926
vt 0.832977 0.723799
vt 0.840800 0.745521
vt 0.850054 0.751435
vt 0.817098 0.709791
vt 0.688865 0.638555
vt 0.663010 0.645268
vt 0.636779 0.662733
vt 0.646413 0.665607
vt 0.472675 0.581912
vt 0.713206 0.073740
vt 0.031855 0.890561
vt 0.609749 0.784697
vt 0.620981 0.767232
vt 0.602910 0.761835
vt 0.636019 0.790393
vt 0.682405 0.828320
vt 0.647900 0.820216
vt 0.678090 0.844518
vt 0.743481 0.872875
vt 0.704750 0.841188
vt 0.739409 0.852673
vt 0.758440 0.859361
vt 0.802635 0.878377
vt 0.843032 0.901457
vt 0.822782 0.875378
vt 0.888508 0.902431
vt 0.797508 0.861033
vt 0.811664 0.869598
vt 0.777305 0.845397
vt 0.793525 0.831701
vt 0.779025 0.821872
vt 0.810111 0.802163
vt 0.756645 0.833684
vt 0.785927 0.793336
vt 0.704085 0.824382
vt 0.724589 0.837210
vt 0.722566 0.848551
vt 0.687333 0.802480
vt 0.657647 0.797532
vt 0.666889 0.782575
vt 0.647619 0.778351
vt 0.674338 0.802465
vt 0.391611 0.676679
vt 0.378342 0.668643
vt 0.288566 0.536518
vt 0.454762 0.597107
vt 0.470226 0.600935
vt 0.449285 0.618637
vt 0.054638 0.902587
vt 0.448612 0.664284
vt 0.429405 0.587941
vt 0.476440 0.627613
vt 0.508168 0.676820
vt 0.385030 0.644467
vt 0.397494 0.648208
vt 0.405773 0.624681
vt 0.280272 0.652380
vt 0.279939 0.673354
vt 0.291734 0.658625
vt 0.349755 0.583972
vt 0.362033 0.587704
vt 0.388195 0.598121
vt 0.379495 0.618948
vt 0.399410 0.602708
vt 0.424159 0.610257
vt 0.374616 0.637358
vt 0.257043 0.642648
vt 0.254513 0.671725
vt 0.271436 0.627574
vt 0.265560 0.600681
vt 0.249424 0.616767
vt 0.338213 0.580952
vt 0.229093 0.525899
vt 0.238206 0.524605
vt 0.527691 0.661363
vt 0.484485 0.649386
vt 0.455980 0.640109
vt 0.465267 0.619883
vt 0.243436 0.640553
vt 0.551190 0.593875
vt 0.442453 0.638685
vt 0.629186 0.779878
vt 0.628242 0.755440
vt 0.368481 0.613967
vt 0.282671 0.628938
vt 0.289491 0.607781
vt 0.059651 0.862858
vt 0.497059 0.655451
vt 0.325301 0.623771
vt 0.332663 0.601970
vt 0.344070 0.607092
vt 0.488612 0.629259
vt 0.301843 0.613576
vt 0.391957 0.626827
vt 0.318425 0.596566
vt 0.417479 0.630658
vt 0.246707 0.570642
vt 0.657349 0.608662
vt 0.642901 0.629976
vt 0.295646 0.585776
vt 0.546477 0.639372
vt 0.564193 0.616877
vt 0.276238 0.608038
vt 0.234894 0.614872
vt 0.242246 0.591007
vt 0.251475 0.593360
vt 0.578946 0.638525
vt 0.696086 0.812871
vt 0.219530 0.590226
vt 0.228795 0.589999
vt 0.772452 0.659884
vt 0.770406 0.674247
vt 0.752941 0.648692
vt 0.745894 0.663240
vt 0.759624 0.686152
vt 0.787816 0.684758
vt 0.784056 0.702025
vt 0.759710 0.714262
vt 0.784419 0.725244
vt 0.799797 0.710871
vt 0.673394 0.769040
vt 0.685311 0.777078
vt 0.706064 0.768670
vt 0.691652 0.763607
vt 0.670679 0.752897
vt 0.707754 0.788055
vt 0.693508 0.787979
vt 0.726035 0.816884
vt 0.720979 0.773135
vt 0.728452 0.801477
vt 0.707465 0.743625
vt 0.721684 0.738884
vt 0.741843 0.748719
vt 0.741216 0.726342
vt 0.759484 0.735434
vt 0.738410 0.705754
vt 0.730826 0.688694
vt 0.706599 0.715976
vt 0.711073 0.725663
vt 0.667705 0.677775
vt 0.733634 0.676745
vt 0.691578 0.738812
vt 0.794267 0.673091
vt 0.751782 0.673603
vt 0.719403 0.825361
vt 0.709763 0.700533
vt 0.740298 0.834797
vt 0.756018 0.812573
vt 0.738470 0.809765
vt 0.741386 0.775491
vt 0.734811 0.762441
vt 0.736373 0.787547
vt 0.752009 0.700015
vt 0.774056 0.711392
vt 0.763755 0.845472
vt 0.765171 0.761446
vt 0.754700 0.749902
vt 0.766791 0.785661
vt 0.756807 0.773865
vt 0.758330 0.796853
vt 0.807488 0.742685
vt 0.817170 0.734413
vt 0.795960 0.723503
vt 0.780158 0.808525
vt 0.761510 0.820089
vt 0.780838 0.752805
vt 0.775684 0.735609
vt 0.862016 0.732277
vt 0.782738 0.769504
vt 0.797592 0.747720
vt 0.818734 0.849514
vt 0.804317 0.847899
vt 0.814825 0.824243
vt 0.829584 0.760154
vt 0.811895 0.774330
vt 0.834073 0.787678
vt 0.779155 0.784214
vt 0.884450 0.743006
vt 0.875826 0.762699
vt 0.832505 0.881189
vt 0.842474 0.860621
vt 0.830816 0.854162
vt 0.804081 0.818859
vt 0.801742 0.795929
vt 0.798701 0.771728
vt 0.855237 0.865585
vt 0.866724 0.871892
vt 0.886834 0.858207
vt 0.864703 0.756552
vt 0.854885 0.775093
vt 0.839766 0.835479
vt 0.829340 0.828669
vt 0.837702 0.810640
vt 0.843784 0.768329
vt 0.824787 0.805294
vt 0.821499 0.782790
vt 0.864568 0.845053
vt 0.850582 0.842519
vt 0.879789 0.784082
vt 0.859509 0.795116
vt 0.848082 0.815719
vt 0.861173 0.822579
vt 0.912938 0.775861
vt 0.901638 0.799209
vt 0.891202 0.790995
vt 0.880452 0.811088
vt 0.883891 0.829708
vt 0.868495 0.802021
vt 0.875200 0.852665
vt 0.915639 0.799319
vt 0.896366 0.838911
vt 0.918259 0.821446
s 1
usemtl avaturn_shoes_0_material
f 2/1/1 3/2/2 1/3/3
f 3/2/2 2/1/1 6/4/4
f 4/5/5 3/2/2 5/6/6
f 3/2/2 6/4/4 5/6/6
f 2/1/1 7/7/7 6/4/4
f 6/4/4 8/8/8 5/6/6
f 9/9/9 8/8/8 10/10/10
f 4/5/5 8/8/8 9/9/9
f 4/5/5 5/6/6 8/8/8
f 8/8/8 11/11/11 10/10/10
f 12/12/12 4/5/5 9/9/9
f 14/13/13 15/1/14 13/3/15
f 16/14/16 17/15/17 15/1/14
f 14/13/13 16/14/16 15/1/14
f 17/15/17 18/7/18 15/1/14
f 17/15/17 19/16/19 18/7/18
f 19/16/19 17/15/17 20/17/20
f 21/18/21 22/19/22 16/14/16
f 16/14/16 26/20/23 21/18/21
f 16/14/16 22/19/22 23/21/24
f 16/14/16 23/21/24 25/17/25
f 24/15/26 16/14/16 25/17/25
f 16/14/16 14/13/13 26/20/23
f 23/21/24 27/22/27 25/17/25
f 28/23/28 29/24/29 27/22/27
f 23/21/24 28/23/28 27/22/27
f 28/23/28 30/25/30 29/24/29
f 31/26/31 30/25/30 28/23/28
f 33/27/32 32/28/33 31/26/31
f 22/19/22 31/26/31 28/23/28
f 33/27/32 31/26/31 22/19/22
f 21/18/21 33/27/32 22/19/22
f 34/29/34 32/28/33 33/27/32
f 22/19/22 28/23/28 23/21/24
f 36/30/35 35/31/35 37/32/35
f 38/31/36 40/33/36 39/32/36
f 41/12/37 43/34/37 42/35/37
f 44/12/38 46/9/38 45/34/38
f 47/33/39 49/36/40 48/37/41
f 50/38/42 52/39/43 49/36/40
f 53/40/44 50/38/42 49/36/40
f 49/36/40 51/41/45 48/37/41
f 49/36/40 52/39/43 51/41/45
f 52/39/43 55/42/46 54/43/47
f 54/43/47 51/41/45 52/39/43
f 54/43/47 55/42/46 56/44/48
f 54/43/47 56/44/48 57/45/49
f 48/37/41 51/41/45 54/43/47
f 61/38/50 58/40/51 59/46/52
f 58/40/51 60/47/53 59/46/52
f 62/48/54 64/49/54 63/50/54
f 66/51/55 65/48/55 67/50/56
f 69/52/57 68/34/57 70/9/58
f 72/53/59 73/54/59 71/55/59
f 75/56/60 74/34/61 76/52/60
f 78/4/62 77/7/63 79/57/64
f 77/7/63 80/16/65 79/57/64
f 80/16/65 81/17/66 79/57/64
f 79/57/64 83/58/67 82/11/68
f 85/8/69 79/57/64 82/11/68
f 84/59/70 83/58/67 79/57/64
f 85/8/69 78/4/62 79/57/64
f 84/59/70 86/24/71 83/58/67
f 82/11/68 83/58/67 87/60/72
f 89/61/73 88/62/74 90/63/75
f 90/63/75 91/64/76 89/61/73
f 92/65/77 89/61/73 91/64/76
f 92/65/77 91/64/76 93/66/78
f 92/65/77 93/66/78 94/67/79
f 94/67/79 93/66/78 95/68/80
f 94/67/79 95/68/80 99/69/81
f 96/70/82 98/71/83 95/68/80
f 97/66/84 96/70/82 95/68/80
f 95/68/80 98/71/83 99/69/81
f 100/72/85 96/70/82 97/66/84
f 101/64/86 100/72/85 97/66/84
f 102/73/87 92/65/77 94/67/79
f 103/74/88 92/65/77 102/73/87
f 103/74/88 104/62/89 89/61/73
f 105/75/90 104/62/89 103/74/88
f 89/61/73 92/65/77 103/74/88
f 107/52/91 106/9/91 108/76/91
f 109/27/92 111/77/93 110/29/94
f 111/77/93 112/78/95 110/29/94
f 112/78/95 113/79/96 110/29/94
f 115/80/97 116/74/98 114/81/99
f 114/81/99 116/74/98 117/73/100
f 117/73/100 118/82/101 114/81/99
f 115/80/97 119/75/102 116/74/98
f 120/29/103 122/79/104 121/28/105
f 122/79/104 123/83/106 121/28/105
f 123/83/106 124/84/107 121/28/105
f 121/28/105 124/84/107 125/26/108
f 126/17/109 128/59/110 127/57/111
f 126/17/109 129/22/112 128/59/110
f 130/85/113 132/86/113 131/87/114
f 133/73/115 135/67/116 134/82/117
f 135/67/116 137/88/118 136/89/119
f 134/82/117 135/67/116 136/89/119
f 139/90/120 140/91/121 138/63/122
f 142/64/123 141/63/124 143/72/125
f 141/63/124 144/91/126 143/72/125
f 143/72/125 144/91/126 145/92/127
f 147/93/128 146/94/129 148/95/130
f 147/93/128 148/95/130 149/96/131
f 148/95/130 150/97/132 149/96/131
f 147/93/128 149/96/131 151/98/133
f 152/94/134 154/99/135 153/100/136
f 152/94/134 155/93/137 154/99/135
f 156/94/138 158/101/139 157/95/140
f 157/95/140 158/101/139 159/102/141
f 157/95/140 159/102/141 160/97/142
f 161/103/143 164/104/144 162/105/145
f 162/105/145 163/106/146 161/103/143
f 161/103/143 165/107/147 164/104/144
f 166/108/148 167/109/149 165/107/147
f 164/104/144 165/107/147 167/109/149
f 167/109/149 169/110/150 168/111/151
f 167/109/149 168/111/151 164/104/144
f 170/112/152 168/111/153 171/113/154
f 162/105/145 164/104/144 172/114/155
f 172/114/155 164/104/144 173/111/156
f 172/114/155 173/111/156 174/112/157
f 172/114/155 174/112/157 175/115/158
f 175/115/158 162/105/145 172/114/155
f 176/86/159 162/105/145 175/115/158
f 176/86/159 175/115/158 177/116/160
f 176/86/159 177/116/160 178/87/161
f 163/106/146 162/105/145 176/86/159
f 180/24/162 179/59/162 181/22/162
f 183/24/163 182/25/164 184/117/165
f 184/117/165 185/118/166 183/24/163
f 184/117/165 186/119/167 185/118/166
f 185/118/166 186/119/167 187/120/168
f 188/121/169 187/120/168 186/119/167
f 187/120/168 189/122/170 190/123/171
f 185/118/166 187/120/168 190/123/171
f 191/24/172 185/118/166 190/123/171
f 191/24/172 190/123/171 192/124/173
f 190/123/171 189/122/170 193/125/174
f 194/87/175 195/126/176 197/127/177
f 194/87/175 196/116/178 195/126/176
f 198/87/179 200/127/179 199/128/179
f 201/72/180 203/92/180 202/70/180
f 205/24/181 206/124/182 204/58/181
f 207/129/183 209/130/184 208/101/185
f 207/129/183 211/131/186 209/130/184
f 210/132/187 211/131/186 207/129/183
f 208/101/185 209/130/184 212/102/188
f 214/133/189 215/134/190 213/91/191
f 215/134/190 216/135/192 217/136/193
f 214/133/189 216/135/192 215/134/190
f 219/134/194 220/137/195 218/91/196
f 218/91/196 220/137/195 221/92/197
f 221/92/197 220/137/195 222/138/198
f 221/92/197 222/138/198 224/139/199
f 223/70/200 221/92/197 224/139/199
f 222/138/198 225/140/201 224/139/199
f 225/140/201 226/141/202 224/139/199
f 224/139/199 226/141/202 227/142/203
f 227/142/203 228/143/204 229/144/205
f 226/141/202 228/143/204 227/142/203
f 229/144/205 228/143/204 230/145/206
f 228/143/204 231/146/207 230/145/206
f 232/145/208 231/146/207 235/147/209
f 233/148/210 234/149/211 231/146/207
f 233/148/210 231/146/207 228/143/204
f 234/149/211 236/150/212 231/146/207
f 231/146/207 237/151/213 235/147/209
f 231/146/207 236/150/212 237/151/213
f 236/150/212 238/152/214 237/151/213
f 237/151/213 238/152/214 239/153/215
f 236/150/212 240/154/216 238/152/214
f 244/155/217 240/154/216 236/150/212
f 240/154/216 241/156/218 243/157/219
f 245/158/220 241/156/218 240/154/216
f 240/154/216 243/157/219 242/159/221
f 244/155/217 245/158/220 240/154/216
f 244/155/217 246/160/222 245/158/220
f 247/161/223 245/158/220 246/160/222
f 247/161/223 248/162/224 245/158/220
f 245/158/220 248/162/224 241/156/218
f 247/161/223 249/163/225 248/162/224
f 251/164/226 250/165/227 249/163/225
f 251/164/226 249/163/225 247/161/223
f 252/166/228 253/167/229 251/164/226
f 251/164/226 253/167/229 255/168/230
f 251/164/226 247/161/223 254/166/231
f 251/164/226 255/168/230 250/165/227
f 253/167/229 256/169/232 255/168/230
f 250/165/227 255/168/230 257/170/233
f 255/168/230 256/169/232 257/170/233
f 256/169/232 258/171/234 257/170/233
f 256/169/232 259/172/235 258/171/234
f 260/173/236 259/172/235 256/169/232
f 261/174/237 263/175/238 260/173/236
f 261/174/237 260/173/236 253/167/229
f 253/167/229 260/173/236 256/169/232
f 263/175/238 262/176/239 260/173/236
f 264/177/240 263/175/238 261/174/237
f 265/178/241 263/175/238 264/177/240
f 265/178/241 266/179/242 263/175/238
f 267/180/243 265/178/241 268/181/244
f 270/182/245 265/178/241 267/180/243
f 268/181/244 265/178/241 264/177/240
f 270/182/245 269/183/246 265/178/241
f 270/182/245 267/180/243 271/184/247
f 271/184/247 272/185/248 270/182/245
f 272/185/248 273/186/249 270/182/245
f 273/186/249 274/187/250 270/182/245
f 270/182/245 274/187/250 269/183/246
f 276/188/251 274/187/250 273/186/249
f 274/187/250 276/188/251 275/189/252
f 272/185/248 277/188/253 273/186/249
f 278/136/254 277/188/253 272/185/248
f 271/184/247 267/180/243 279/190/255
f 280/184/256 279/190/255 281/191/257
f 279/190/255 282/192/258 281/191/257
f 282/192/258 279/190/255 283/193/259
f 267/180/243 268/181/244 279/190/255
f 279/190/255 268/181/244 283/193/259
f 282/192/258 283/193/259 284/194/260
f 284/194/260 283/193/259 285/195/261
f 283/193/259 268/181/244 287/196/262
f 283/193/259 286/197/263 285/195/261
f 283/193/259 287/196/262 286/197/263
f 264/177/240 287/196/262 268/181/244
f 286/197/263 287/196/262 254/166/231
f 287/196/262 264/177/240 261/174/237
f 287/196/262 253/167/229 254/166/231
f 287/196/262 261/174/237 253/167/229
f 288/198/264 285/195/261 286/197/263
f 286/197/263 254/166/231 246/160/222
f 286/197/263 290/199/265 288/198/264
f 286/197/263 246/160/222 289/200/266
f 288/198/264 290/199/265 233/148/210
f 233/148/210 290/199/265 234/149/211
f 290/199/265 244/155/217 234/149/211
f 290/199/265 289/200/266 244/155/217
f 289/200/266 246/160/222 244/155/217
f 291/201/267 288/198/264 292/202/268
f 292/202/268 288/198/264 233/148/210
f 291/201/267 292/202/268 228/143/204
f 228/143/204 292/202/268 233/148/210
f 293/201/269 282/192/258 284/194/260
f 281/191/257 282/192/258 293/201/269
f 294/203/270 280/184/256 281/191/257
f 294/203/270 295/204/271 299/136/272
f 296/205/273 295/204/271 294/203/270
f 296/205/273 294/203/270 297/191/274
f 298/185/275 280/184/256 294/203/270
f 294/203/270 299/136/272 298/185/275
f 219/134/194 299/136/272 295/204/271
f 297/191/274 300/206/276 225/140/201
f 225/140/201 296/205/273 297/191/274
f 226/141/202 225/140/201 300/206/276
f 300/206/276 301/201/277 226/141/202
f 226/141/202 301/201/277 228/143/204
f 219/134/194 296/205/273 220/137/195
f 220/137/195 296/205/273 222/138/198
f 219/134/194 295/204/271 296/205/273
f 222/138/198 296/205/273 225/140/201
f 254/166/231 247/161/223 246/160/222
f 236/150/212 234/149/211 244/155/217
f 243/157/219 302/207/278 303/208/279
f 243/157/219 241/156/218 302/207/278
f 243/157/219 303/208/279 242/159/221
f 304/209/280 242/159/221 303/208/279
f 232/145/208 235/147/209 305/210/281
f 232/145/208 305/210/281 306/211/282
f 306/211/282 305/210/281 307/212/283
f 308/213/284 306/211/282 307/212/283
f 309/144/285 232/145/208 306/211/282
f 310/99/286 312/93/286 311/214/286
f 313/99/287 315/215/288 314/216/289
f 313/99/287 316/214/290 315/215/288
f 315/215/288 316/214/290 317/217/291
f 318/218/292 315/215/288 317/217/291
f 315/215/288 318/218/292 314/216/289
f 319/116/293 321/219/294 320/126/295
f 319/116/293 322/115/296 321/219/294
f 322/115/296 323/220/297 321/219/294
f 324/93/298 326/98/299 325/214/300
f 326/98/299 327/217/301 325/214/300
f 328/126/302 330/221/303 329/127/304
f 328/126/302 331/222/305 330/221/303
f 328/126/302 332/223/306 331/222/305
f 331/222/305 332/223/306 334/224/307
f 332/223/306 333/225/308 335/226/309
f 336/227/310 333/225/308 332/223/306
f 334/224/307 332/223/306 335/226/309
f 333/225/308 336/227/310 337/228/311
f 338/219/312 340/229/313 337/228/311
f 339/227/314 338/219/312 337/228/311
f 340/229/313 342/230/315 337/228/311
f 337/228/311 341/231/316 333/225/308
f 337/228/311 342/230/315 341/231/316
f 341/231/316 342/230/315 343/232/317
f 342/230/315 344/233/318 343/232/317
f 340/229/313 344/233/318 342/230/315
f 344/233/318 345/234/319 346/235/320
f 340/229/313 345/234/319 344/233/318
f 344/233/318 347/236/321 343/232/317
f 344/233/318 346/235/320 348/237/322
f 348/237/322 347/236/321 344/233/318
f 349/238/323 350/239/324 348/237/322
f 347/236/321 348/237/322 350/239/324
f 350/239/324 349/238/323 352/240/325
f 350/239/324 353/241/326 351/242/327
f 347/236/321 350/239/324 351/242/327
f 350/239/324 352/240/325 353/241/326
f 353/241/326 354/243/328 356/244/329
f 352/240/325 354/243/328 353/241/326
f 353/241/326 356/244/329 355/245/330
f 355/245/330 351/242/327 353/241/326
f 356/244/329 354/243/328 357/246/331
f 354/243/328 358/247/332 357/246/331
f 354/243/328 359/248/333 358/247/332
f 359/248/333 360/249/334 361/250/335
f 360/249/334 359/248/333 352/240/325
f 362/251/336 359/248/333 361/250/335
f 354/243/328 352/240/325 359/248/333
f 362/251/336 363/247/337 359/248/333
f 360/249/334 364/252/338 361/250/335
f 360/249/334 365/253/339 364/252/338
f 369/254/340 366/255/341 365/253/339
f 368/255/342 367/256/343 365/253/344
f 365/253/339 360/249/334 370/257/345
f 369/254/340 365/253/339 370/257/345
f 370/257/345 349/238/323 346/235/320
f 371/254/346 370/257/345 346/235/320
f 370/257/345 360/249/334 349/238/323
f 345/234/319 371/254/346 346/235/320
f 372/234/347 374/220/348 369/254/340
f 369/254/340 373/258/349 366/255/341
f 374/220/348 373/258/349 369/254/340
f 338/219/312 374/220/348 372/234/347
f 338/219/312 372/234/347 340/229/313
f 349/238/323 360/249/334 352/240/325
f 351/242/327 355/245/330 375/259/350
f 375/259/350 355/245/330 376/260/351
f 355/245/330 377/261/352 376/260/351
f 377/261/352 380/262/353 378/263/354
f 377/261/352 378/263/354 376/260/351
f 379/244/355 380/262/353 377/261/352
f 379/244/355 381/264/356 380/262/353
f 381/264/356 382/265/357 380/262/353
f 380/262/353 382/265/357 383/266/358
f 379/244/355 384/267/359 381/264/356
f 376/260/351 378/263/354 385/268/360
f 387/269/361 385/268/360 386/270/362
f 376/260/351 385/268/360 387/269/361
f 388/271/363 376/260/351 387/269/361
f 388/271/363 387/269/361 386/270/362
f 392/272/364 389/273/365 388/271/363
f 389/273/365 375/259/350 388/271/363
f 375/259/350 376/260/351 388/271/363
f 388/271/363 386/270/362 391/274/366
f 390/275/367 388/271/363 391/274/366
f 390/275/367 391/274/366 393/276/368
f 391/274/366 386/270/362 394/277/369
f 393/276/368 391/274/366 395/278/370
f 391/274/366 394/277/369 395/278/370
f 393/276/368 395/278/370 396/279/371
f 396/279/371 395/278/370 397/280/372
f 393/276/368 396/279/371 398/281/373
f 399/282/374 390/275/367 393/276/368
f 400/272/375 390/275/367 399/282/374
f 400/272/375 401/271/376 390/275/367
f 403/283/377 389/273/365 402/284/378
f 403/283/377 404/285/379 389/273/365
f 404/285/379 375/259/350 389/273/365
f 405/286/380 404/285/379 403/283/377
f 405/286/380 347/236/321 404/285/379
f 347/236/321 351/242/327 404/285/379
f 404/285/379 351/242/327 375/259/350
f 343/232/317 347/236/321 405/286/380
f 406/287/381 405/286/380 403/283/377
f 405/286/380 406/287/381 407/288/382
f 408/289/383 405/286/380 407/288/382
f 343/232/317 405/286/380 408/289/383
f 408/289/383 407/288/382 410/290/384
f 409/291/385 408/289/383 410/290/384
f 410/290/384 412/292/386 411/293/387
f 409/291/385 410/290/384 411/293/387
f 410/290/384 407/288/382 412/292/386
f 413/294/388 412/292/386 406/287/381
f 407/288/382 406/287/381 412/292/386
f 411/293/387 412/292/386 414/295/389
f 414/295/389 412/292/386 413/294/388
f 411/293/387 414/295/389 415/296/390
f 413/294/388 416/297/391 414/295/389
f 415/296/390 414/295/389 417/298/392
f 415/296/390 417/298/392 418/299/393
f 419/300/394 418/299/393 417/298/392
f 418/299/393 335/226/309 420/301/395
f 420/301/395 415/296/390 418/299/393
f 421/302/396 420/301/395 335/226/309
f 421/302/396 411/293/387 415/296/390
f 335/226/309 333/225/308 421/302/396
f 421/302/396 409/291/385 411/293/387
f 333/225/308 409/291/385 421/302/396
f 416/297/391 423/303/397 422/281/398
f 413/294/388 423/303/397 416/297/391
f 423/303/397 424/282/399 425/281/400
f 402/284/378 424/282/399 423/303/397
f 413/294/388 402/284/378 423/303/397
f 402/284/378 426/272/401 424/282/399
f 402/284/378 427/273/402 426/272/401
f 406/287/381 402/284/378 413/294/388
f 428/304/403 429/289/404 409/291/385
f 428/304/403 409/291/385 333/225/308
f 341/231/316 343/232/317 428/304/403
f 341/231/316 428/304/403 333/225/308
f 406/287/381 403/283/377 402/284/378
f 346/235/320 349/238/323 430/237/405
f 338/219/312 339/227/314 431/126/406
f 334/224/307 335/226/309 432/299/407
f 433/305/408 331/222/305 434/306/409
f 330/221/303 331/222/305 433/305/408
f 331/222/305 435/307/410 434/306/409
f 434/306/409 435/307/410 436/308/411
f 434/306/409 436/308/411 437/309/412
f 438/310/413 434/306/409 437/309/412
f 433/305/408 434/306/409 438/310/413
f 439/311/414 433/305/408 438/310/413
f 330/221/303 433/305/408 440/312/415
f 329/127/304 330/221/303 440/312/415
f 441/126/416 443/227/417 442/223/416
f 444/313/418 446/314/419 445/315/420
f 445/315/420 446/314/419 447/316/421
f 449/97/422 448/102/423 450/96/422
f 452/317/424 451/128/425 453/127/426
f 452/317/424 453/127/426 454/318/427
f 456/319/428 457/320/429 455/321/430
f 457/320/429 458/322/431 455/321/430
f 455/321/430 458/322/431 459/323/432
f 456/319/428 460/324/433 457/320/429
f 462/112/434 463/220/434 461/115/434
f 465/325/435 464/326/435 466/327/435
f 467/328/436 469/329/437 468/330/438
f 469/329/437 470/331/439 468/330/438
f 472/332/440 473/327/440 471/326/441
f 474/328/442 476/330/443 475/333/444
f 477/326/445 479/334/446 478/332/447
f 480/328/448 482/335/449 481/329/450
f 484/108/451 483/336/451 485/337/451
f 486/338/452 488/339/453 487/340/454
f 489/341/455 491/342/456 488/339/453
f 488/339/453 491/342/456 490/343/457
f 487/340/454 488/339/453 490/343/457
f 490/343/457 491/342/456 492/344/458
f 493/345/459 492/344/458 491/342/456
f 494/346/460 492/344/458 493/345/459
f 495/347/461 494/346/460 493/345/459
f 495/347/461 497/348/462 494/346/460
f 496/349/463 497/348/462 495/347/461
f 497/348/462 499/350/464 498/351/465
f 494/346/460 497/348/462 498/351/465
f 500/352/466 499/350/464 497/348/462
f 496/349/463 500/352/466 497/348/462
f 501/353/467 499/350/464 500/352/466
f 502/354/468 501/353/467 500/352/466
f 502/354/468 500/352/466 503/355/469
f 504/355/470 500/352/466 496/349/463
f 505/356/471 506/357/472 503/355/469
f 502/354/468 503/355/469 506/357/472
f 507/358/473 506/357/472 505/356/471
f 507/358/473 502/354/468 506/357/472
f 508/359/474 502/354/468 507/358/473
f 507/358/473 509/360/475 508/359/474
f 510/361/476 502/354/468 508/359/474
f 510/361/476 501/353/467 502/354/468
f 510/361/476 512/362/477 501/353/467
f 511/363/478 512/362/477 510/361/476
f 511/363/478 514/364/479 512/362/477
f 513/365/480 512/362/477 514/364/479
f 512/362/477 513/365/480 515/353/481
f 511/363/478 516/366/482 514/364/479
f 516/366/482 518/367/483 514/364/479
f 517/368/484 514/364/479 518/367/483
f 519/369/485 513/365/480 514/364/479
f 520/370/486 522/371/487 519/369/485
f 519/369/485 521/372/488 513/365/480
f 522/371/487 521/372/488 519/369/485
f 523/373/489 522/371/487 520/370/486
f 523/373/489 524/374/490 522/371/487
f 522/371/487 524/374/490 498/351/465
f 522/371/487 498/351/465 521/372/488
f 523/373/489 490/343/457 524/374/490
f 490/343/457 492/344/458 524/374/490
f 524/374/490 494/346/460 498/351/465
f 524/374/490 492/344/458 494/346/460
f 525/375/491 487/340/454 523/373/489
f 487/340/454 490/343/457 523/373/489
f 526/376/492 487/340/454 525/375/491
f 498/351/465 499/350/464 521/372/488
f 513/365/480 521/372/488 499/350/464
f 501/353/467 527/365/493 499/350/464
f 528/108/494 530/377/495 529/109/496
f 529/109/496 530/377/495 531/378/497
f 529/109/496 531/378/497 532/110/498
f 534/327/499 535/332/500 533/379/501
f 537/327/502 536/380/503 538/325/503
f 539/127/504 541/312/505 540/318/506
f 540/318/506 541/312/505 542/381/507
f 543/70/508 545/139/509 544/71/510
f 544/71/510 545/139/509 546/142/511
f 544/71/510 546/142/511 547/382/512
f 547/382/512 546/142/511 548/211/513
f 547/382/512 548/211/513 549/213/514
f 544/71/510 547/382/512 550/383/515
f 551/384/516 553/385/517 552/386/518
f 555/332/519 556/387/519 554/388/519
f 557/389/520 559/390/521 558/391/522
f 560/392/523 559/390/521 557/389/520
f 561/389/291 563/391/524 562/393/525
f 564/222/526 566/224/527 565/307/528
f 566/224/527 567/394/529 565/307/528
f 566/224/527 568/395/530 567/394/529
f 566/224/527 569/396/531 568/395/530
f 570/397/532 568/395/530 569/396/531
f 569/396/531 571/398/533 570/397/532
f 571/398/533 569/396/531 572/399/534
f 572/399/534 569/396/531 573/400/535
f 569/396/531 574/401/536 573/400/535
f 573/400/535 574/401/536 575/402/537
f 575/402/537 574/401/536 576/403/538
f 572/399/534 573/400/535 577/404/539
f 572/399/534 577/404/539 578/405/540
f 571/398/533 572/399/534 578/405/540
f 571/398/533 578/405/540 579/406/541
f 570/397/532 571/398/533 579/406/541
f 580/407/542 570/397/532 579/406/541
f 568/395/530 570/397/532 580/407/542
f 582/408/543 583/121/544 581/119/545
f 584/409/546 585/410/547 587/411/548
f 584/409/546 586/412/549 585/410/547
f 586/412/549 588/413/550 585/410/547
f 585/410/547 588/413/550 589/414/551
f 591/112/552 592/258/553 590/220/554
f 591/112/552 593/113/555 592/258/553
f 593/113/555 594/415/556 592/258/553
f 594/415/556 595/255/557 592/258/553
f 595/255/557 596/416/558 597/256/559
f 596/416/558 595/255/557 594/415/556
f 594/415/556 593/113/555 596/416/558
f 598/417/560 600/418/560 599/419/560
f 601/417/561 603/419/561 602/420/561
f 604/421/543 606/422/562 605/423/563
f 608/424/564 609/422/565 607/421/565
f 610/67/566 612/69/567 611/88/568
f 612/69/567 613/71/569 614/383/570
f 612/69/567 615/425/571 611/88/568
f 612/69/567 614/383/570 616/426/572
f 612/69/567 616/426/572 615/425/571
f 617/305/573 619/311/573 618/312/573
f 621/427/574 620/428/575 622/429/576
f 624/418/577 623/423/578 625/422/579
f 626/419/580 624/418/577 625/422/579
f 627/412/581 629/427/582 628/413/583
f 631/331/584 632/430/585 630/330/585
f 634/333/586 633/330/587 635/430/587
f 637/206/588 636/191/589 638/201/588
f 640/385/590 641/431/591 639/386/592
f 642/432/593 641/431/591 640/385/590
f 644/430/594 643/331/594 645/433/594
f 647/424/595 646/434/596 648/422/597
f 648/422/597 646/434/596 649/435/598
f 650/436/599 652/437/600 651/438/601
f 653/420/602 652/437/600 650/436/599
f 654/333/603 656/430/603 655/439/603
f 657/333/604 659/439/605 658/440/606
f 660/433/607 658/440/606 659/439/605
f 662/432/608 664/441/609 661/442/610
f 662/432/608 661/442/610 663/431/611
f 666/429/612 667/443/613 665/427/614
f 669/413/615 668/427/616 670/444/617
f 671/414/618 669/413/615 670/444/617
f 673/445/619 672/446/620 674/447/621
f 673/445/619 674/447/621 675/448/622
f 677/449/623 678/450/624 676/429/625
f 679/430/626 681/433/626 680/439/626
f 682/320/627 684/451/627 683/322/628
f 686/324/629 687/451/629 685/320/629
f 688/385/630 690/452/631 689/432/632
f 692/453/633 693/454/633 691/455/633
f 694/455/634 696/454/634 695/456/634
f 698/457/635 697/324/636 699/458/636
f 700/324/637 702/457/638 701/459/639
f 704/451/640 703/324/640 705/459/640
f 706/460/641 707/461/642 709/462/643
f 706/460/641 708/463/644 707/461/642
f 711/464/645 712/465/646 710/466/647
f 711/464/645 714/467/648 712/465/646
f 712/465/646 714/467/648 713/468/649
f 711/464/645 715/469/650 714/467/648
f 716/470/651 718/471/651 717/472/651
f 719/419/652 721/422/652 720/435/652
f 723/420/653 722/419/654 724/437/655
f 725/419/656 727/435/656 726/437/656
f 728/453/657 730/473/658 729/474/659
f 732/475/660 731/476/660 733/477/660
f 734/476/661 736/478/662 735/477/662
f 737/453/663 739/474/663 738/479/663
f 741/456/664 740/453/665 743/479/666
f 741/456/664 742/454/667 740/453/665
f 744/136/668 746/480/669 745/188/670
f 748/481/431 749/482/671 747/483/432
f 750/136/672 752/484/673 751/480/674
f 752/484/673 753/485/675 751/480/674
f 755/486/676 756/368/677 754/487/678
f 754/487/678 756/368/677 757/488/679
f 757/488/679 756/368/677 758/367/680
f 760/477/681 761/478/682 759/489/683
f 762/432/684 764/447/684 763/441/684
f 765/432/685 767/448/685 766/447/685
f 768/490/686 770/444/686 769/491/686
f 772/492/687 771/493/688 773/494/689
f 775/444/690 774/490/691 776/495/692
f 777/304/693 779/232/693 778/289/694
f 781/437/695 780/435/695 782/438/695
f 784/486/696 783/373/697 785/370/698
f 784/486/696 785/370/698 786/368/699
f 787/224/700 789/299/700 788/396/700
f 790/481/701 792/496/701 791/497/701
f 794/482/702 793/481/703 795/498/704
f 793/481/703 796/497/705 795/498/704
f 798/499/706 799/496/706 797/481/706
f 801/451/707 802/500/708 800/322/709
f 800/322/709 802/500/708 803/501/710
f 802/500/708 804/502/711 803/501/710
f 802/500/708 805/503/712 804/502/711
f 806/307/713 808/394/713 807/504/713
f 809/307/714 811/505/715 810/308/716
f 809/307/714 812/504/717 811/505/715
f 813/456/718 815/479/718 814/506/718
f 816/451/719 818/459/720 817/500/721
f 819/463/722 821/472/722 820/461/722
f 822/463/723 824/507/724 823/472/725
f 825/492/726 827/494/727 826/469/727
f 828/201/728 830/194/729 829/198/730
f 830/194/729 831/195/731 829/198/730
f 833/479/732 832/508/732 834/506/732
f 835/508/658 837/509/733 836/510/734
f 839/479/735 840/509/735 838/508/735
f 841/475/736 843/477/736 842/511/736
f 844/472/737 846/512/738 845/461/739
f 847/513/740 845/461/739 846/512/738
f 848/472/741 850/471/741 849/512/741
f 852/462/742 851/461/742 853/513/742
f 854/467/743 856/514/744 855/468/745
f 854/467/743 857/515/746 856/514/744
f 858/467/747 860/469/748 859/515/749
f 861/468/750 863/514/750 862/516/750
f 865/511/751 864/477/752 866/517/753
f 867/518/754 866/517/753 864/477/752
f 866/517/753 867/518/754 868/519/755
f 868/519/755 865/511/751 866/517/753
f 868/519/755 869/520/756 865/511/751
f 870/500/757 872/459/757 871/503/757
f 873/462/758 875/513/758 874/474/758
f 876/471/759 878/510/760 877/512/761
f 879/509/762 877/512/761 878/510/760
f 879/509/762 880/479/763 877/512/761
f 881/474/764 883/513/765 882/479/766
f 882/479/766 883/513/765 884/512/767
f 885/459/768 887/521/769 886/503/770
f 888/522/771 890/523/771 889/524/771
f 894/525/772 891/526/773 892/527/774
f 891/526/773 893/528/775 892/527/774
f 895/529/776 894/525/772 892/527/774
f 897/530/777 896/526/777 898/525/777
f 900/531/778 899/526/778 901/530/778
f 903/532/779 902/531/779 904/530/779
f 906/515/780 905/469/780 907/533/780
f 909/534/781 910/535/781 908/536/781
f 912/537/782 911/536/783 913/538/784
f 913/538/784 911/536/783 914/535/785
f 915/536/710 917/539/786 916/534/787
f 918/540/788 920/498/788 919/541/788
f 921/540/789 923/482/790 922/498/789
f 924/540/791 926/541/792 925/542/791
f 927/142/793 929/144/793 928/211/793
f 931/543/794 930/514/795 932/544/796
f 934/533/797 935/544/797 933/514/797
f 937/515/798 938/533/799 936/514/799
f 940/516/800 939/514/800 941/543/800
f 942/545/801 944/546/802 943/547/803
f 945/548/804 948/549/805 944/546/802
f 946/550/806 947/551/807 944/546/802
f 948/549/805 946/550/806 944/546/802
f 944/546/802 947/551/807 943/547/803
f 948/549/805 949/552/808 946/550/806
f 950/549/809 954/553/810 949/552/808
f 949/552/808 947/551/807 946/550/806
f 951/554/811 952/555/812 949/552/808
f 954/553/810 951/554/811 949/552/808
f 949/552/808 953/556/813 947/551/807
f 949/552/808 952/555/812 953/556/813
f 955/557/814 956/558/815 954/553/810
f 955/557/814 954/553/810 950/549/809
f 956/558/815 951/554/811 954/553/810
f 955/557/814 960/559/816 956/558/815
f 956/558/815 957/560/817 951/554/811
f 958/561/818 957/560/817 956/558/815
f 958/561/818 956/558/815 959/562/819
f 961/563/820 960/559/816 955/557/814
f 961/563/821 963/564/822 962/559/823
f 961/563/820 955/557/814 950/549/809
f 947/551/807 953/556/813 964/565/824
f 952/555/812 966/566/825 953/556/813
f 964/565/824 953/556/813 965/567/826
f 966/566/825 965/567/826 953/556/813
f 965/567/826 966/566/825 969/568/827
f 966/566/825 967/569/828 968/570/829
f 966/566/825 970/571/830 967/569/828
f 966/566/825 968/570/829 969/568/827
f 952/555/812 970/571/830 966/566/825
f 952/555/812 973/572/831 970/571/830
f 971/573/832 972/574/833 970/571/830
f 973/572/831 971/573/832 970/571/830
f 972/574/833 967/569/828 970/571/830
f 951/554/811 974/575/834 973/572/831
f 973/572/831 952/555/812 951/554/811
f 974/575/834 975/576/835 973/572/831
f 975/576/835 971/573/832 973/572/831
f 975/576/835 976/577/836 971/573/832
f 971/573/832 977/578/837 972/574/833
f 977/578/837 978/579/838 972/574/833
f 979/580/839 980/581/840 978/579/841
f 978/579/841 980/581/840 981/574/842
f 982/569/843 981/574/842 983/582/844
f 983/582/844 981/574/842 984/583/845
f 981/574/842 985/584/846 984/583/845
f 980/581/840 985/584/846 981/574/842
f 985/584/847 986/585/848 988/586/849
f 980/581/840 987/587/850 985/584/846
f 989/583/851 985/584/847 988/586/849
f 965/567/826 969/568/827 990/588/852
f 990/588/852 969/568/827 992/589/853
f 969/568/827 968/570/829 991/590/854
f 992/589/853 969/568/827 991/590/854
f 993/591/855 990/588/852 992/589/853
f 993/591/855 992/589/853 995/592/856
f 992/589/853 991/590/854 994/593/857
f 996/594/858 992/589/853 994/593/857
f 995/592/856 992/589/853 996/594/858
f 997/595/859 995/592/856 996/594/858
f 999/596/860 997/595/859 998/597/861
f 997/595/859 993/591/855 995/592/856
f 999/596/860 993/591/855 997/595/859
f 1001/598/239 999/596/860 1000/599/862
f 1001/598/239 993/591/855 999/596/860
f 943/547/803 993/591/855 1001/598/239
f 1002/600/863 943/547/803 1001/598/239
f 991/590/854 1003/601/864 994/593/857
f 1004/602/865 1005/603/866 1003/601/864
f 991/590/854 1004/602/865 1003/601/864
f 1005/603/866 1006/583/867 1007/586/868
f 1008/582/869 1006/583/867 1005/603/866
f 1004/602/865 1008/582/869 1005/603/866
f 968/570/829 1009/582/870 1004/602/865
f 991/590/854 968/570/829 1004/602/865
f 1010/569/871 1009/582/870 968/570/829
f 993/591/855 964/565/824 990/588/852
f 943/547/803 964/565/824 993/591/855
f 964/565/824 965/567/826 990/588/852
f 943/547/803 947/551/807 964/565/824
f 1011/370/872 1013/369/873 1012/368/874
f 1012/368/874 1013/369/873 1014/364/875
f 1016/524/876 1017/604/877 1015/605/878
f 1019/542/879 1020/541/880 1018/606/880
f 1021/607/881 1023/608/881 1022/609/881
f 1025/610/882 1026/611/883 1024/612/882
f 1027/612/884 1029/611/885 1028/613/886
f 1029/611/885 1030/614/887 1028/613/886
f 1031/609/888 1028/613/886 1030/614/887
f 1033/538/889 1032/535/890 1034/615/891
f 1035/498/892 1037/497/892 1036/541/892
f 1038/497/893 1040/616/894 1039/541/895
f 1041/617/896 1043/618/897 1042/527/898
f 1042/527/898 1043/618/897 1044/619/899
f 1045/617/900 1047/527/900 1046/528/900
f 1049/620/901 1048/617/901 1050/528/901
f 1052/604/902 1051/524/903 1053/523/904
f 1055/621/905 1056/622/906 1054/623/907
f 1054/623/907 1056/622/906 1057/624/908
f 1057/624/908 1058/625/909 1054/623/907
f 1057/624/908 1056/622/906 1059/626/910
f 1060/627/911 1061/628/912 1056/622/906
f 1063/629/913 1060/627/911 1056/622/906
f 1056/622/906 1061/628/912 1062/626/914
f 1063/629/913 1056/622/906 1055/621/905
f 1064/623/915 1066/625/916 1065/630/917
f 1067/631/918 1069/632/918 1068/633/919
f 1070/394/920 1072/634/920 1071/504/920
f 1073/631/921 1075/633/922 1074/635/923
f 1076/394/924 1078/636/925 1077/634/926
f 1079/528/927 1081/637/928 1080/620/929
f 1080/620/929 1081/637/928 1082/638/930
f 1083/620/931 1085/638/931 1084/639/931
f 1086/640/932 1088/611/933 1087/610/934
f 1089/641/935 1091/642/936 1090/366/937
f 1092/484/938 1094/643/939 1093/644/940
f 1096/644/941 1097/485/942 1095/484/943
f 1097/485/942 1096/644/941 1098/645/944
f 1099/484/945 1101/646/946 1100/643/947
f 1102/647/948 1104/648/949 1103/649/950
f 1105/608/951 1107/613/951 1106/609/951
f 1108/302/952 1110/296/952 1109/301/952
f 1111/609/953 1113/614/954 1112/650/955
f 1112/650/955 1113/614/954 1114/651/956
f 1115/652/957 1117/653/957 1116/654/957
f 1118/655/958 1120/656/958 1119/657/958
f 1122/658/959 1123/659/960 1121/660/961
f 1123/659/962 1125/653/963 1124/661/964
f 1127/505/965 1126/504/966 1128/634/967
f 1130/662/968 1129/663/969 1131/664/970
f 1129/663/969 1132/665/971 1131/664/970
f 1132/665/971 1133/666/972 1131/664/970
f 1130/662/968 1131/664/970 1134/667/973
f 1135/663/974 1137/662/974 1136/668/974
f 1139/669/975 1138/663/976 1140/668/977
f 1142/638/978 1141/637/979 1143/670/980
f 1144/671/981 1146/672/981 1145/673/981
f 1147/485/982 1149/645/982 1148/674/982
f 1150/485/983 1152/674/983 1151/675/983
f 1153/197/984 1155/200/984 1154/199/985
f 1156/676/986 1158/677/987 1157/678/988
f 1157/678/988 1158/677/987 1159/679/989
f 1157/678/988 1159/679/989 1160/680/990
f 1161/676/991 1163/681/992 1162/677/992
f 1165/682/993 1166/683/994 1164/659/995
f 1166/683/994 1167/653/996 1164/659/995
f 1169/658/997 1170/682/997 1168/659/998
f 1171/366/999 1173/642/1000 1172/367/1001
f 1174/684/1002 1176/685/1003 1175/686/1004
f 1177/687/1005 1175/686/1004 1176/685/1003
f 1178/688/940 1180/675/1006 1179/674/1007
f 1181/684/1008 1183/686/1008 1182/689/1008
f 1184/672/1009 1186/690/1010 1185/673/1011
f 1185/673/1011 1186/690/1010 1187/691/1012
f 1188/692/1013 1190/669/1014 1189/693/1013
f 1192/694/1015 1191/673/1015 1193/691/1015
f 1195/668/1016 1194/662/1017 1196/695/1018
f 1197/694/1019 1199/691/1019 1198/690/1019
f 1200/656/1020 1202/696/1021 1201/689/1022
f 1202/696/1021 1203/697/1023 1201/689/1022
f 1204/698/1024 1206/699/1025 1205/700/1026
f 1207/656/1027 1209/689/1027 1208/657/1027
f 1211/701/1028 1210/702/1029 1212/703/1030
f 1213/704/1031 1215/705/1032 1214/706/1033
f 1216/702/1034 1218/701/1034 1217/707/1034
f 1220/666/1035 1221/708/1036 1219/664/1037
f 1219/664/1037 1221/708/1036 1222/700/1038
f 1220/666/1035 1223/709/1039 1221/708/1036
f 1224/710/1040 1226/711/1041 1225/712/1042
f 1228/699/1043 1227/664/1044 1229/700/1045
f 1230/681/1046 1232/713/1046 1231/679/1047
f 1234/677/1048 1233/681/1048 1235/679/1048
f 1237/683/1049 1236/654/1049 1238/653/1049
f 1240/708/1050 1242/711/1051 1239/714/1052
f 1239/714/1052 1241/715/1053 1240/708/1050
f 1242/711/1051 1240/708/1050 1243/712/1054
f 1244/716/1055 1246/678/1056 1245/717/1057
f 1248/718/1058 1247/719/1059 1249/720/1060
f 1248/718/1058 1249/720/1060 1250/721/1061
f 1250/721/1061 1249/720/1060 1251/722/1062
f 1249/720/1060 1252/723/1063 1251/722/1062
f 1251/722/1062 1252/723/1063 1253/724/1064
f 1253/724/1064 1255/725/1065 1254/726/1066
f 1251/722/1062 1253/724/1064 1254/726/1066
f 1253/724/1064 1256/727/1067 1255/725/1065
f 1253/724/1064 1258/728/1068 1256/727/1067
f 1257/723/1069 1258/728/1068 1253/724/1064
f 1259/729/1070 1260/730/1071 1258/728/1068
f 1259/729/1070 1258/728/1068 1257/723/1069
f 1256/727/1067 1258/728/1068 1261/731/1072
f 1256/727/1067 1261/731/1072 1262/732/1073
f 1264/733/1074 1262/732/1073 1263/734/1075
f 1256/727/1067 1262/732/1073 1264/733/1074
f 1265/735/1076 1255/725/1065 1264/733/1074
f 1255/725/1065 1256/727/1067 1264/733/1074
f 1266/736/839 1255/725/1065 1265/735/1076
f 1267/737/838 1254/726/1066 1266/736/839
f 1266/736/839 1254/726/1066 1255/725/1065
f 1254/726/1066 1267/737/838 1268/738/1077
f 1270/739/1078 1254/726/1066 1268/738/1077
f 1271/740/1079 1269/741/1080 1268/738/1077
f 1269/741/1080 1270/739/1078 1268/738/1077
f 1272/742/1081 1270/739/1078 1269/741/1080
f 1270/739/1078 1251/722/1062 1254/726/1066
f 1272/742/1081 1269/741/1080 1273/743/1082
f 1269/741/1080 1274/744/1083 1273/743/1082
f 1276/700/1084 1277/708/1084 1275/715/1084
f 1279/680/1085 1280/745/1085 1278/678/1085
f 1282/628/1086 1281/746/1056 1283/747/1087
f 1282/628/1086 1283/747/1087 1284/748/1088
f 1284/748/1088 1286/749/1089 1285/626/1090
f 1282/628/1086 1284/748/1088 1285/626/1090
f 1288/707/1091 1289/750/1092 1287/705/1093
f 1290/705/1094 1292/750/1094 1291/706/1094
f 1293/679/1095 1295/751/1096 1294/680/1097
f 1293/679/1095 1296/713/1098 1295/751/1096
f 1295/751/1096 1297/745/1099 1294/680/1097
f 1299/752/1100 1300/753/1100 1298/706/1100
f 1301/706/1101 1303/753/1102 1302/754/1103
f 1304/706/1104 1306/750/1104 1305/752/1104
f 1307/755/1105 1309/756/1106 1308/757/1105
f 1310/632/1107 1312/758/1108 1311/633/1107
f 1313/707/1109 1315/701/1110 1314/750/1111
f 1315/701/1110 1316/759/1112 1314/750/1111
f 1317/635/1113 1316/759/1112 1315/701/1110
f 1316/759/1112 1318/753/1114 1314/750/1111
f 1322/760/1115 1319/635/1116 1320/758/1117
f 1319/635/1116 1321/633/1118 1320/758/1117
f 1322/760/1115 1320/758/1117 1323/761/1119
f 1324/635/1120 1326/762/1121 1325/759/1122
f 1324/635/1120 1327/760/1123 1326/762/1121
f 1328/763/1124 1330/764/1124 1329/751/1124
f 1331/765/1125 1333/751/1126 1332/713/1125
f 1334/750/1127 1336/753/1127 1335/752/1127
f 1338/396/1128 1337/299/1129 1339/401/1130
f 1339/401/1130 1337/299/1129 1340/300/1131
f 1341/766/1132 1343/767/1132 1342/768/1132
f 1345/769/1133 1346/767/1134 1344/766/1135
f 1348/770/1136 1349/771/1137 1347/772/1138
f 1348/770/1136 1350/773/1139 1349/771/1137
f 1350/773/1139 1351/774/1140 1349/771/1137
f 1353/775/1141 1354/776/1141 1352/772/1141
f 1356/771/1142 1357/775/1142 1355/772/1142
f 1359/776/1102 1360/775/1143 1358/769/1144
f 1362/775/1145 1363/777/1146 1361/769/1147
f 1361/769/1147 1363/777/1146 1364/767/1148
f 1366/165/1149 1367/778/1150 1365/163/1151
f 1365/163/1151 1367/778/1150 1368/779/1152
f 1365/163/1151 1368/779/1152 1369/162/1153
f 1368/779/1152 1370/780/1154 1369/162/1153
f 1370/780/1154 1371/781/1155 1369/162/1153
f 1369/162/1153 1371/781/1155 1372/782/1156
f 1369/162/1153 1372/782/1156 1373/783/1157
f 1369/162/1153 1373/783/1157 1374/156/1158
f 1374/156/1158 1375/784/1159 1376/207/1160
f 1374/156/1158 1373/783/1157 1375/784/1159
f 1375/784/1159 1377/785/1161 1376/207/1160
f 1376/207/1160 1377/785/1161 1378/786/1162
f 1378/786/1162 1379/787/1163 1376/207/1160
f 1380/788/1164 1379/787/1163 1381/789/1165
f 1381/789/1165 1379/787/1163 1382/790/1166
f 1379/787/1163 1383/791/1167 1382/790/1166
f 1379/787/1163 1378/786/1162 1383/791/1167
f 1383/791/1167 1384/792/1168 1382/790/1166
f 1382/790/1166 1386/793/1169 1381/789/1165
f 1382/790/1166 1385/794/1170 1386/793/1169
f 1387/795/1171 1381/789/1165 1386/793/1169
f 1380/788/1164 1381/789/1165 1387/795/1171
f 1380/788/1164 1387/795/1171 1388/796/1172
f 1390/797/1173 1380/788/1164 1388/796/1172
f 1390/797/1173 1388/796/1172 1389/798/1174
f 1391/799/1175 1390/797/1173 1389/798/1174
f 1391/799/1175 1389/798/1174 1392/800/1176
f 1391/799/1175 1392/800/1176 1393/801/1177
f 1393/801/1177 1394/802/1178 1395/803/1179
f 1393/801/1177 1392/800/1176 1394/802/1178
f 1393/801/1177 1395/803/1179 1396/804/1180
f 1398/805/1181 1396/804/1180 1397/806/1182
f 1395/803/1179 1397/806/1182 1396/804/1180
f 1373/783/1157 1372/782/1156 1399/807/1183
f 1399/807/1183 1400/808/1184 1401/809/1185
f 1402/810/1186 1400/808/1184 1399/807/1183
f 1402/810/1186 1399/807/1183 1372/782/1156
f 1371/781/1155 1402/810/1186 1372/782/1156
f 1403/811/1187 1404/812/1188 1402/810/1186
f 1404/812/1188 1405/813/1189 1402/810/1186
f 1402/810/1186 1405/813/1189 1400/808/1184
f 1400/808/1184 1406/814/1190 1401/809/1185
f 1407/815/1191 1406/814/1190 1408/816/1192
f 1400/808/1184 1408/816/1192 1406/814/1190
f 1371/781/1155 1370/780/1154 1409/817/1193
f 1368/779/1152 1410/818/1194 1370/780/1154
f 1368/779/1152 1411/819/1195 1412/820/1196
f 1367/778/1150 1411/819/1195 1368/779/1152
f 1366/165/1149 1413/821/1197 1367/778/1150
f 1413/821/1197 1366/165/1149 1414/822/1198
f 1366/165/1149 1415/823/1199 1414/822/1198
f 1415/823/1199 1416/824/1200 1417/825/1201
f 1415/823/1199 1366/165/1149 1416/824/1200
f 1419/826/1202 1415/823/1199 1417/825/1201
f 1415/823/1199 1419/826/1202 1418/827/1203
f 1419/826/1202 1417/825/1201 1420/828/1204
f 1417/825/1201 1421/829/1205 1420/828/1204
f 1420/828/1204 1421/829/1205 1422/830/1206
f 1417/825/1201 1416/824/1200 1421/829/1205
f 1423/831/1207 1425/832/1208 1421/829/1205
f 1416/824/1200 1423/831/1207 1421/829/1205
f 1421/829/1205 1425/832/1208 1424/833/1209
f 1416/824/1200 1426/834/1210 1423/831/1207
f 1428/170/1211 1427/835/1212 1426/834/1210
f 1366/165/1149 1428/170/1211 1426/834/1210
f 1366/165/1149 1426/834/1210 1416/824/1200
f 1428/170/1211 1429/836/1213 1427/835/1212
f 1427/835/1212 1429/836/1213 1430/837/1214
f 1427/835/1212 1430/837/1214 1431/838/1215
f 1431/838/1215 1430/837/1214 1432/839/1216
f 1433/840/1217 1432/839/1216 1430/837/1214
f 1434/841/1218 1431/838/1215 1435/842/1219
f 1434/841/1218 1427/835/1212 1431/838/1215
f 1437/832/1220 1435/842/1219 1436/843/1221
f 1434/841/1218 1435/842/1219 1437/832/1220
f 1438/844/1222 1427/835/1212 1434/841/1218
f 1440/845/1223 1439/799/1224 1441/846/1225
f 1441/846/1225 1439/799/1224 1442/847/1226
f 1441/846/1225 1442/847/1226 1443/848/1227
f 1444/849/1228 1443/848/1227 1442/847/1226
f 1441/846/1225 1443/848/1227 1445/850/1229
f 1446/851/1230 1445/850/1229 1443/848/1227
f 1443/848/1227 1447/852/1231 1446/851/1230
f 1441/846/1225 1445/850/1229 1448/853/1232
f 1449/854/1233 1441/846/1225 1448/853/1232
f 1449/854/1233 1450/855/1234 1440/845/1223
f 1441/846/1225 1449/854/1233 1440/845/1223
f 1452/856/1235 1453/847/1235 1451/799/1235
f 1454/799/1236 1456/801/1236 1455/856/1236
f 1457/564/1237 1459/857/1237 1458/559/1237
f 1461/749/1238 1462/858/1239 1460/626/1240
f 1463/282/1241 1465/276/1241 1464/281/1241
f 1466/245/1242 1468/244/1242 1467/261/1242
f 1470/777/1243 1471/859/1243 1469/767/1243
f 1473/749/1244 1472/748/1245 1474/860/1245
f 1476/777/1246 1477/771/1247 1475/859/1248
f 1476/777/1246 1478/775/1249 1477/771/1247
f 1479/861/1250 1481/862/1251 1480/863/1252
f 1481/862/1251 1482/864/1253 1480/863/1252
f 1480/863/1252 1482/864/1253 1483/857/1254
f 1485/865/1255 1486/866/1255 1484/867/1255
f 1488/868/1256 1487/406/1256 1489/405/1256
f 1490/773/1257 1492/869/1258 1491/774/1259
f 1493/870/1260 1494/871/1261 1491/774/1259
f 1496/872/1262 1497/857/1263 1495/873/1264
f 1499/822/1265 1500/874/1265 1498/821/1265
f 1502/778/1266 1501/821/1266 1503/875/1266
f 1505/875/1267 1504/821/1268 1506/876/1269
f 1507/877/1270 1506/876/1269 1504/821/1268
f 1507/877/1270 1508/878/1271 1506/876/1269
f 1509/821/1272 1511/874/1272 1510/877/1272
f 1512/778/1273 1514/876/1273 1513/879/1273
f 1515/778/1274 1517/879/1274 1516/819/1274
f 1519/875/1275 1520/876/1275 1518/778/1275
f 1522/865/1276 1523/880/1276 1521/405/1277
f 1524/872/1278 1526/863/1278 1525/857/1278
f 1527/405/1279 1529/404/1280 1528/865/1281
f 1530/779/1282 1532/881/1283 1531/818/1283
f 1533/779/1284 1535/820/1285 1534/881/1286
f 1534/881/1286 1535/820/1285 1536/882/1287
f 1537/559/1288 1539/857/1289 1538/864/1289
f 1540/559/1290 1542/864/1290 1541/558/1290
f 1543/822/1291 1545/823/1291 1544/827/1291
f 1546/822/1292 1548/826/1292 1547/883/1292
f 1549/822/1293 1551/883/1293 1550/877/1293
f 1552/822/1294 1554/827/1294 1553/826/1294
f 1555/822/1295 1557/877/1295 1556/874/1295
f 1558/796/1296 1560/884/1297 1559/815/1298
f 1561/796/1299 1563/885/1300 1562/886/1301
f 1563/885/1300 1564/887/1302 1562/886/1301
f 1565/888/1303 1564/887/1302 1566/889/1304
f 1562/886/1301 1564/887/1302 1565/888/1303
f 1565/888/1303 1566/889/1304 1567/890/1305
f 1565/888/1303 1567/890/1305 1568/891/1306
f 1570/892/1307 1569/798/1308 1565/888/1303
f 1569/798/1308 1562/886/1301 1565/888/1303
f 1572/893/1309 1571/796/1309 1573/894/1309
f 1574/796/1310 1576/895/1311 1575/894/1312
f 1577/796/1313 1579/815/1313 1578/895/1313
f 1581/798/1314 1580/796/1314 1582/886/1314
f 1583/796/1315 1585/795/1315 1584/884/1315
f 1586/796/1316 1588/893/1317 1587/885/1317
f 1589/845/1318 1591/855/1319 1590/896/1320
f 1591/855/1319 1592/897/1321 1590/896/1320
f 1593/845/1322 1594/898/1323 1596/899/1324
f 1593/845/1322 1595/900/1325 1594/898/1323
f 1593/845/1322 1597/896/1326 1595/900/1325
f 1595/900/1325 1599/897/1327 1598/901/1328
f 1594/898/1323 1595/900/1325 1598/901/1328
f 1598/901/1328 1599/897/1327 1600/902/1329
f 1598/901/1328 1600/902/1329 1601/903/1330
f 1598/901/1328 1602/904/1330 1594/898/1323
f 1603/905/1331 1594/898/1323 1602/904/1330
f 1605/906/1332 1604/907/1333 1606/908/1324
f 1607/909/1334 1608/910/1335 1606/908/1324
f 1613/911/1336 1607/909/1334 1606/908/1324
f 1608/910/1335 1610/912/1337 1606/908/1324
f 1606/908/1324 1611/913/1338 1609/914/1339
f 1605/906/1332 1606/908/1324 1609/914/1339
f 1606/908/1324 1610/912/1337 1612/913/1340
f 1612/913/1340 1614/915/1341 1615/914/1342
f 1610/912/1337 1614/915/1341 1612/913/1340
f 1617/916/1343 1614/915/1341 1616/917/1344
f 1610/912/1337 1616/917/1344 1614/915/1341
f 1618/918/1345 1619/919/1346 1616/917/1344
f 1620/920/1347 1618/918/1345 1616/917/1344
f 1610/912/1337 1620/920/1347 1616/917/1344
f 1621/921/1348 1622/922/1349 1620/920/1347
f 1620/920/1347 1622/922/1349 1618/918/1345
f 1608/910/1335 1620/920/1347 1610/912/1337
f 1623/923/1350 1618/918/1345 1622/922/1349
f 1621/921/1348 1624/924/1351 1622/922/1349
f 1625/925/1352 1623/923/1350 1626/926/1353
f 1623/923/1350 1625/925/1352 1618/918/1345
f 1627/927/1354 1626/926/1353 1623/923/1350
f 1627/927/1354 1623/923/1350 1628/924/1355
f 1629/928/1356 1627/927/1354 1628/924/1355
f 1629/928/1356 1630/929/1357 1627/927/1354
f 1631/930/1358 1626/926/1353 1627/927/1354
f 1631/930/1358 1632/931/1359 1635/932/1360
f 1636/933/1361 1632/931/1359 1631/930/1358
f 1634/934/1362 1631/930/1358 1633/935/1363
f 1634/934/1362 1636/933/1361 1631/930/1358
f 1631/930/1358 1635/932/1360 1626/926/1353
f 1637/936/1364 1636/933/1361 1634/934/1362
f 1636/933/1361 1638/937/1365 1632/931/1359
f 1637/936/1364 1634/934/1362 1639/938/1366
f 1639/938/1366 1634/934/1362 1633/935/1363
f 1633/935/1363 1641/928/1367 1639/938/1366
f 1640/939/1216 1639/938/1366 1641/928/1367
f 1633/935/1363 1642/929/1368 1641/928/1367
f 1632/931/1359 1643/940/1369 1635/932/1360
f 1626/926/1353 1635/932/1360 1644/941/1370
f 1618/918/1345 1625/925/1352 1645/942/1371
f 1605/906/1332 1609/914/1339 1646/730/1372
f 1646/730/1372 1609/914/1339 1647/728/1373
f 1609/914/1339 1648/943/1374 1647/728/1373
f 1647/728/1373 1648/943/1374 1649/944/1375
f 1647/728/1373 1649/944/1375 1650/945/1376
f 1647/728/1373 1650/945/1376 1653/946/1377
f 1651/947/1378 1652/948/1379 1650/945/1376
f 1650/945/1376 1652/948/1379 1653/946/1377
f 1654/731/1380 1653/946/1377 1656/949/1381
f 1654/731/1380 1647/728/1373 1653/946/1377
f 1653/946/1377 1652/948/1379 1655/950/1382
f 1656/949/1381 1653/946/1377 1657/951/1383
f 1654/731/1380 1656/949/1381 1661/732/1384
f 1656/949/1381 1658/952/1385 1660/953/1386
f 1656/949/1381 1659/954/1387 1658/952/1385
f 1661/732/1384 1656/949/1381 1660/953/1386
f 1661/732/1384 1660/953/1386 1662/955/1388
f 1665/956/1389 1663/957/1390 1662/955/1388
f 1666/958/1391 1662/955/1388 1663/957/1390
f 1662/955/1388 1664/959/1392 1665/956/1389
f 1662/955/1388 1660/953/1386 1664/959/1392
f 1667/960/1393 1666/958/1391 1668/961/1394
f 1666/958/1391 1663/957/1390 1668/961/1394
f 1663/957/1390 1665/956/1389 1669/962/1395
f 1663/957/1390 1669/962/1395 1670/963/1396
f 1671/964/1397 1672/965/1398 1655/950/1382
f 1655/950/1382 1652/948/1379 1671/964/1397
f 1655/950/1382 1672/965/1398 1673/966/1399
f 1652/948/1379 1674/967/1400 1671/964/1397
f 1608/910/1335 1607/909/1334 1675/968/1401
f 1607/909/1402 1677/969/1403 1676/920/1404
f 1677/969/1405 1679/970/1406 1678/971/1407
f 1680/928/1408 1678/971/1407 1679/970/1406
f 1682/818/1409 1683/972/1409 1681/780/1409
f 1684/780/1410 1686/972/1410 1685/817/1410
f 1687/244/1411 1689/246/1412 1688/267/1413
f 1688/267/1413 1689/246/1412 1690/973/1414
f 1691/798/1415 1693/892/1416 1692/800/1417
f 1694/974/1418 1696/562/1419 1695/864/1420
f 1697/975/1421 1699/976/1422 1698/977/1423
f 1697/975/1421 1700/978/1424 1699/976/1422
f 1700/978/1424 1697/975/1421 1701/979/1425
f 1697/975/1421 1702/980/1426 1701/979/1425
f 1702/980/1426 1703/981/1427 1701/979/1425
f 1705/982/1428 1704/983/1429 1703/981/1427
f 1703/981/1427 1704/983/1429 1701/979/1425
f 1706/984/1430 1705/982/1428 1707/985/1431
f 1704/983/1429 1705/982/1428 1706/984/1430
f 1705/982/1428 1708/986/1432 1707/985/1431
f 1705/982/1428 1709/987/1433 1708/986/1432
f 1709/987/1433 1710/988/1434 1708/986/1432
f 1709/987/1433 1711/960/1435 1710/988/1434
f 1709/987/1433 1713/958/1436 1711/960/1435
f 1712/989/1437 1713/958/1436 1709/987/1433
f 1707/985/1431 1708/986/1432 1714/990/1438
f 1708/986/1432 1715/991/1439 1714/990/1438
f 1707/985/1431 1714/990/1438 1716/992/1440
f 1716/992/1440 1714/990/1438 1717/993/1441
f 1716/992/1440 1717/993/1441 1719/994/1442
f 1719/994/1442 1717/993/1441 1718/995/1443
f 1720/996/1444 1716/992/1440 1719/994/1442
f 1718/995/1443 1721/997/1445 1719/994/1442
f 1706/984/1430 1707/985/1431 1722/996/1446
f 1701/979/1425 1704/983/1429 1723/998/1447
f 1704/983/1429 1724/999/1448 1723/998/1447
f 1704/983/1429 1725/1000/1449 1724/999/1448
f 1726/984/1450 1724/999/1448 1725/1000/1449
f 1701/979/1425 1728/1001/1451 1727/1002/1452
f 1701/979/1425 1727/1002/1452 1700/978/1424
f 1727/1002/1452 1730/1003/1453 1729/1004/1454
f 1700/978/1424 1727/1002/1452 1729/1004/1454
f 1727/1002/1452 1731/1005/1455 1730/1003/1453
f 1698/977/1423 1699/976/1422 1732/936/1456
f 1734/892/1457 1735/1006/1458 1733/800/1459
f 1733/800/1459 1735/1006/1458 1736/1007/1460
f 1737/800/1461 1739/1007/1461 1738/802/1461
f 1740/781/1462 1742/817/1462 1741/811/1462
f 1743/781/1463 1745/811/1463 1744/810/1463
f 1746/834/1464 1748/835/1464 1747/844/1464
f 1749/834/1465 1751/841/1465 1750/1008/1465
f 1752/834/1466 1754/1008/1467 1753/831/1468
f 1755/832/1469 1753/831/1468 1754/1008/1467
f 1757/841/1470 1756/834/1470 1758/844/1470
f 1759/881/1471 1761/882/1471 1760/818/1471
f 1763/1009/1472 1762/818/1472 1764/882/1472
f 1766/1009/1473 1767/1010/1474 1765/818/1475
f 1766/1009/1473 1768/1011/1476 1767/1010/1474
f 1770/972/1477 1769/818/1477 1771/1010/1477
f 1773/856/1478 1772/801/1478 1774/804/1478
f 1776/1012/1479 1777/561/1480 1775/562/1481
f 1779/864/1482 1778/562/1482 1780/558/1482
f 1782/885/1483 1781/893/1483 1783/894/1483
f 1785/894/1484 1786/1013/1485 1784/885/1485
f 1788/1013/1486 1789/887/1487 1787/885/1486
f 1790/820/1488 1792/819/1488 1791/1014/1488
f 1793/820/1489 1795/1014/1489 1794/882/1489
f 1796/817/1490 1798/1010/1491 1797/812/1492
f 1798/1010/1491 1799/1015/1493 1797/812/1492
f 1800/817/1494 1802/812/1494 1801/811/1494
f 1803/817/1495 1805/972/1495 1804/1010/1495
f 1806/795/1496 1808/815/1496 1807/884/1496
f 1809/795/1497 1811/1016/1498 1810/815/1498
f 1812/795/1499 1814/793/1499 1813/1016/1499
f 1815/892/1500 1817/888/1500 1816/891/1500
f 1818/892/1501 1820/891/1501 1819/1006/1501
f 1821/1006/1502 1823/891/1502 1822/890/1503
f 1824/1006/1504 1826/1017/1504 1825/1007/1504
f 1827/1006/1505 1829/1018/1506 1828/1017/1507
f 1828/1017/1507 1829/1018/1506 1830/1019/1508
f 1831/1006/1509 1833/890/1510 1832/1018/1511
f 1832/1018/1511 1833/890/1510 1834/1019/1512
f 1835/154/1513 1837/159/1514 1836/152/1515
f 1837/159/1514 1838/209/1516 1836/152/1515
f 1840/847/1517 1839/856/1517 1841/804/1517
f 1842/853/1518 1844/1020/1519 1843/1021/1518
f 1846/1022/1520 1845/853/1521 1847/850/1520
f 1848/853/1522 1850/1022/1522 1849/1020/1522
f 1852/854/1523 1851/853/1523 1853/1021/1523
f 1854/841/1524 1856/832/1524 1855/1008/1524
f 1857/877/1525 1859/1023/1526 1858/1024/1527
f 1858/1024/1527 1859/1023/1526 1860/806/1528
f 1861/877/1529 1863/1024/1530 1862/878/1531
f 1862/878/1531 1863/1024/1530 1864/806/1532
f 1866/883/1533 1867/1023/1533 1865/877/1533
f 1868/876/1534 1870/878/1535 1869/1025/1536
f 1871/1026/1537 1869/1025/1536 1870/878/1535
f 1872/876/1538 1874/1025/1538 1873/1027/1538
f 1876/879/1539 1875/876/1539 1877/1027/1539
f 1878/819/1540 1879/1019/1541 1881/1028/1542
f 1878/819/1540 1880/1027/1543 1879/1019/1541
f 1883/879/1544 1884/1027/1544 1882/819/1544
f 1885/819/1545 1887/1028/1546 1886/1014/1545
f 1889/1007/1547 1890/1017/1547 1888/802/1547
f 1891/802/1548 1893/1029/1548 1892/803/1548
f 1894/802/1549 1896/1017/1550 1895/1029/1549
f 1898/804/1551 1899/849/1552 1897/847/1553
f 1898/804/1551 1900/805/1554 1899/849/1552
f 1901/854/1555 1903/1030/1555 1902/1031/1555
f 1905/1021/1556 1906/1020/1557 1904/854/1558
f 1906/1020/1557 1907/1032/1559 1904/854/1558
f 1908/1030/1560 1904/854/1558 1907/1032/1559
f 1908/1030/1560 1907/1032/1559 1909/1033/1561
f 1910/1034/1562 1908/1030/1560 1909/1033/1561
f 1911/854/1563 1913/1031/1563 1912/855/1564
f 1914/1012/1565 1916/560/1565 1915/561/1566
f 1918/826/1567 1919/1023/1567 1917/883/1567
f 1920/826/1568 1922/828/1569 1921/1035/1569
f 1923/826/1570 1925/1035/1570 1924/1023/1570
f 1926/742/1571 1928/721/1572 1927/739/1573
f 1929/722/1574 1927/739/1573 1928/721/1572
f 1930/850/1575 1932/851/1575 1931/1022/1575
f 1933/836/1576 1935/1036/1576 1934/1037/1576
f 1936/836/1577 1938/1037/1577 1937/837/1577
f 1940/1028/1578 1941/889/1579 1939/882/1579
f 1939/882/1579 1941/889/1579 1942/1011/1580
f 1944/1009/1581 1943/882/1581 1945/1011/1581
f 1947/1014/1582 1948/1028/1582 1946/882/1582
f 1949/793/1583 1951/815/1583 1950/1016/1583
f 1953/794/1584 1954/1038/1585 1952/793/1586
f 1954/1038/1585 1953/794/1584 1955/814/1587
f 1956/793/1588 1958/1038/1588 1957/815/1588
f 1959/894/1589 1961/895/1589 1960/1039/1589
f 1963/1013/1590 1962/894/1590 1964/1040/1590
f 1965/894/1591 1966/1015/1592 1968/1040/1593
f 1965/894/1591 1967/1039/1594 1966/1015/1592
f 1969/1041/1595 1968/1040/1593 1966/1015/1592
f 1971/1031/1596 1972/1030/1597 1970/855/1597
f 1973/855/1598 1975/1030/1599 1974/1042/1600
f 1975/1030/1599 1976/1034/1601 1974/1042/1600
f 1977/855/1602 1979/1042/1602 1978/897/1602
f 1980/783/1603 1982/1043/1603 1981/784/1603
f 1984/1043/1604 1983/783/1605 1985/807/1606
f 1985/807/1606 1986/809/1607 1984/1043/1604
f 1987/887/1608 1989/1013/1608 1988/1040/1608
f 1990/887/1609 1992/1044/1609 1991/889/1609
f 1993/887/1610 1995/1040/1610 1994/1044/1610
f 1996/976/1611 1998/978/1611 1997/1045/1611
f 1999/976/1612 2001/933/1612 2000/1046/1612
f 2003/1046/1613 2004/936/1613 2002/976/1613
f 2005/976/1614 2007/1004/1615 2006/933/1615
f 2008/976/1616 2010/1045/1616 2009/1004/1616
f 2012/806/1617 2013/1047/1617 2011/878/1617
f 2014/878/1618 2016/1047/1618 2015/1026/1618
f 2017/1022/1619 2019/851/1619 2018/1020/1619
f 2020/1020/1620 2022/851/1621 2021/1048/1622
f 2022/851/1621 2023/1049/1623 2021/1048/1622
f 2024/1020/1624 2026/1048/1624 2025/1032/1624
f 2027/554/1625 2029/1050/1626 2028/575/1626
f 2030/554/1627 2032/560/1627 2031/1050/1627
f 2034/1041/1628 2033/1010/1628 2035/1011/1628
f 2036/1010/1629 2038/1041/1629 2037/1015/1629
f 2039/815/1630 2041/1039/1630 2040/895/1630
f 2042/815/1631 2044/1038/1631 2043/814/1631
f 2045/815/1632 2047/813/1632 2046/1051/1632
f 2048/815/1633 2050/816/1633 2049/813/1633
f 2051/815/1634 2053/1051/1634 2052/1039/1634
f 2054/848/1635 2056/849/1635 2055/805/1635
f 2057/848/1636 2059/1052/1637 2058/852/1638
f 2060/1053/1639 2058/852/1638 2059/1052/1637
f 2061/848/1640 2063/805/1641 2062/1052/1640
f 2064/978/1642 2066/1004/1642 2065/1045/1642
f 2068/1053/1643 2069/1054/1644 2067/1023/1643
f 2071/1054/1645 2072/806/1645 2070/1023/1646
f 2074/1035/1647 2075/1053/1647 2073/1023/1647
f 2076/812/1648 2078/1015/1649 2077/1055/1649
f 2080/1055/1650 2081/813/1650 2079/812/1650
f 2082/851/1651 2084/1056/1651 2083/1049/1651
f 2085/851/1652 2087/852/1652 2086/1056/1652
f 2088/837/1653 2090/1037/1653 2089/840/1653
f 2092/828/1654 2093/1053/1654 2091/1035/1654
f 2094/1025/1655 2096/1026/1656 2095/1027/1655
f 2097/1027/1657 2099/1026/1657 2098/1057/1657
f 2101/1019/1658 2100/1027/1658 2102/1057/1658
f 2103/1017/1659 2105/1026/1659 2104/1029/1659
f 2106/1017/1660 2108/1057/1660 2107/1026/1660
f 2110/1019/1661 2111/1057/1661 2109/1017/1661
f 2112/803/1662 2114/1029/1663 2113/1026/1662
f 2115/803/1664 2117/1026/1664 2116/1047/1664
f 2119/806/1665 2118/803/1666 2120/1047/1665
f 2121/828/1667 2123/830/1667 2122/1058/1667
f 2124/828/1668 2126/1058/1668 2125/1053/1668
f 2127/790/1669 2129/792/1670 2128/794/1671
f 2128/794/1671 2129/792/1670 2130/785/1672
f 2132/1019/1673 2131/890/1673 2133/1059/1673
f 2134/890/1674 2136/889/1675 2135/1059/1676
f 2138/896/1677 2139/897/1677 2137/900/1677
f 2140/1037/1678 2142/1036/1678 2141/840/1678
f 2143/838/1679 2145/839/1680 2144/1060/1680
f 2146/838/1681 2148/1060/1681 2147/842/1681
f 2150/833/1682 2149/832/1682 2151/843/1682
f 2152/1061/1683 2154/208/357 2153/1062/1684
f 2152/1061/1683 2155/209/1685 2154/208/357
f 2157/575/1686 2158/1050/1686 2156/560/1686
f 2159/829/1687 2161/833/1687 2160/1063/1687
f 2162/829/1688 2164/1063/1688 2163/830/1688
f 2166/1019/1689 2167/1059/1689 2165/1028/1689
f 2168/1028/1690 2170/1059/1691 2169/889/1692
f 2172/784/1693 2171/1043/1693 2173/809/1693
f 2174/1039/1694 2176/1051/1695 2175/813/1694
f 2178/1055/1696 2179/1015/1696 2177/1039/1697
f 2181/813/1698 2182/1055/1698 2180/1039/1698
f 2183/936/1699 2185/1046/1699 2184/933/1699
f 2187/813/1700 2188/816/1700 2186/808/1700
f 2189/809/1701 2191/814/1702 2190/1064/1702
f 2192/809/1703 2194/1065/1703 2193/784/1704
f 2195/809/1705 2197/1064/1705 2196/785/1705
f 2198/809/1706 2200/785/1706 2199/1065/1706
f 2201/794/1707 2203/1064/1708 2202/814/1708
f 2204/794/1709 2206/785/1709 2205/1064/1709
f 2208/1053/1710 2209/1052/1710 2207/805/1710
f 2211/1053/1711 2210/805/1711 2212/1054/1711
f 2214/1054/1712 2213/805/1712 2215/806/1713
f 2216/1032/1714 2218/1048/1714 2217/1049/1714
f 2219/1032/1715 2221/1066/1715 2220/1033/1715
f 2223/1066/1716 2222/1032/1716 2224/1049/1717
f 2226/1066/1718 2225/833/1718 2227/1033/1718
f 2229/1049/1719 2228/833/1720 2230/1066/1719
f 2231/833/1721 2233/1049/1721 2232/1063/1721
f 2234/833/1722 2236/843/1722 2235/1033/1722
f 2237/784/1723 2239/1065/1723 2238/785/1723
f 2240/852/1724 2242/830/1724 2241/1056/1724
f 2244/1058/1725 2245/830/1725 2243/852/1725
f 2247/1058/1726 2246/852/1726 2248/1053/1726
f 2250/1042/1727 2251/1034/1727 2249/897/1727
f 2253/1034/1728 2254/1067/1728 2252/897/1728
f 2255/897/1729 2257/1067/1729 2256/902/1729
f 2259/968/1730 2258/909/1730 2260/920/1730
f 2261/842/1731 2263/1068/1731 2262/1069/1731
f 2265/1033/1732 2264/842/1733 2266/1069/1734
f 2267/1034/1735 2265/1033/1732 2266/1069/1734
f 2268/842/1736 2270/1060/1736 2269/1068/1736
f 2271/842/1737 2273/1033/1737 2272/843/1737
f 2274/1041/1738 2276/1011/1738 2275/1040/1738
f 2277/791/1739 2279/785/1739 2278/792/1739
f 2280/791/1740 2282/1070/1740 2281/785/1740
f 2283/791/1741 2285/786/1741 2284/1070/1741
f 2287/1011/1742 2288/1044/1742 2286/1040/1742
f 2290/937/1743 2289/1004/1743 2291/1003/1743
f 2292/1004/1744 2294/937/1744 2293/933/1744
f 2296/1056/1745 2295/830/1745 2297/1049/1745
f 2298/830/1746 2300/1063/1746 2299/1049/1746
f 2301/1011/1747 2303/889/1747 2302/1044/1747
f 2304/979/1748 2306/998/1748 2305/1071/1748
f 2307/979/1749 2309/1071/1749 2308/1001/1749
f 2311/1067/1750 2310/1034/1750 2312/1068/1750
f 2314/1068/1751 2313/1034/1751 2315/1069/1751
f 2316/910/1752 2318/968/1752 2317/920/1752
f 2319/937/1753 2321/1003/1753 2320/931/1754
f 2322/839/1755 2324/1072/1755 2323/1073/1755
f 2326/1073/1756 2327/1068/1757 2325/839/1758
f 2327/1068/1757 2326/1073/1756 2328/902/1759
f 2329/839/1760 2331/1068/1760 2330/1060/1760
f 2333/1074/1761 2332/914/1761 2334/1075/1761
f 2336/1076/1762 2337/1077/1762 2335/914/1762
f 2338/914/1763 2339/1078/1764 2341/1075/1765
f 2338/914/1763 2340/1077/1766 2339/1078/1764
f 2342/943/1767 2341/1075/1765 2343/1079/1768
f 2343/1079/1768 2341/1075/1765 2339/1078/1764
f 2339/1078/1764 2345/1080/1769 2343/1079/1768
f 2343/1079/1768 2345/1080/1769 2344/944/1770
f 2339/1078/1764 2347/1081/1771 2345/1080/1769
f 2345/1080/1769 2348/1082/1772 2346/1083/1773
f 2344/944/1770 2345/1080/1769 2346/1083/1773
f 2344/944/1770 2346/1083/1773 2349/948/1774
f 2350/914/1775 2352/1074/1776 2351/943/1776
f 2353/914/1777 2355/915/1777 2354/1076/1777
f 2357/1067/1778 2358/1068/1778 2356/902/1778
f 2360/1072/1779 2359/902/1779 2361/1073/1779
f 2362/1002/1780 2364/1001/1780 2363/1005/1780
f 2365/1003/1781 2367/1084/1782 2366/931/1783
f 2365/1003/1781 2368/1085/1784 2367/1084/1782
f 2365/1003/1781 2369/1001/1785 2368/1085/1784
f 2368/1085/1784 2371/1086/1786 2370/1087/1787
f 2368/1085/1784 2370/1087/1787 2367/1084/1782
f 2372/1003/1788 2374/1005/1789 2373/1001/1789
f 2375/935/1790 2377/930/1790 2376/929/1790
f 2378/969/1791 2380/924/1791 2379/921/1791
f 2381/969/1792 2383/971/1792 2382/924/1792
f 2385/920/1793 2384/969/1793 2386/921/1794
f 2387/931/1795 2389/1084/1795 2388/1088/1795
f 2391/1088/1796 2392/940/1796 2390/931/1797
f 2393/786/1798 2395/785/1798 2394/1070/1798
f 2397/929/1799 2396/930/1799 2398/927/1799
f 2400/971/1800 2399/928/1801 2401/924/1800
f 2402/1001/1802 2404/1089/1802 2403/1090/1802
f 2405/1001/1803 2407/1090/1803 2406/1085/1803
f 2409/998/1804 2410/1091/1805 2408/1001/1806
f 2408/1001/1806 2410/1091/1805 2411/1089/1807
f 2412/1085/1808 2411/1089/1807 2413/1086/1809
f 2413/1086/1809 2411/1089/1807 2414/1092/1810
f 2410/1091/1805 2415/1093/1811 2411/1089/1807
f 2411/1089/1807 2415/1093/1811 2414/1092/1810
f 2416/1094/1812 2413/1086/1809 2414/1092/1810
f 2416/1094/1812 2414/1092/1810 2417/1095/1813
f 2417/1095/1813 2414/1092/1810 2418/1096/1814
f 2418/1096/1814 2419/1097/1815 2417/1095/1813
f 2418/1096/1814 2420/1098/1816 2419/1097/1815
f 2422/1082/1817 2421/1081/1818 2420/1098/1816
f 2421/1081/1818 2419/1097/1815 2420/1098/1816
f 2423/1099/1819 2419/1097/1815 2421/1081/1818
f 2424/1100/1820 2425/942/1821 2423/1099/1819
f 2425/942/1821 2419/1097/1815 2423/1099/1819
f 2425/942/1821 2426/1101/1822 2419/1097/1815
f 2426/1101/1822 2417/1095/1813 2419/1097/1815
f 2427/1102/1823 2416/1094/1812 2417/1095/1813
f 2416/1094/1812 2428/940/1824 2413/1086/1809
f 2430/1071/1825 2431/998/1825 2429/1001/1825
f 2433/1088/1826 2432/1084/1826 2434/940/1826
f 2435/1084/1827 2437/1087/1827 2436/940/1828
f 2438/924/1829 2440/923/1829 2439/1103/1829
f 2442/922/1830 2441/924/1830 2443/1103/1830
f 2444/922/1831 2446/1103/1831 2445/923/1831
f 2448/916/1832 2447/917/1832 2449/1104/1832
f 2450/917/1833 2452/942/1833 2451/1104/1834
f 2453/917/1835 2455/919/1835 2454/942/1835
f 2457/1077/1836 2458/1076/1836 2456/915/1836
f 2459/915/1837 2461/916/1837 2460/1077/1837
f 2462/932/1838 2464/940/1838 2463/1105/1838
f 2466/941/1839 2465/932/1839 2467/1101/1840
f 2469/1094/1841 2470/1101/1841 2468/932/1841
f 2472/1105/1842 2473/1094/1842 2471/932/1842
f 2474/940/1843 2476/1094/1843 2475/1105/1843
f 2478/1087/1844 2479/1086/1844 2477/940/1844
f 2480/916/1845 2482/1104/1846 2481/1077/1845
f 2483/1085/1847 2485/1090/1847 2484/1089/1847
f 2486/943/1848 2488/1079/1848 2487/1106/1848
f 2489/943/1849 2491/1074/1849 2490/1075/1849
f 2492/943/1850 2494/1106/1850 2493/944/1850
f 2496/941/1851 2497/925/1851 2495/926/1851
f 2499/919/1852 2498/918/1852 2500/942/1852
f 2501/1077/1853 2503/1104/1853 2502/1107/1853
f 2504/1077/1854 2506/1107/1854 2505/1078/1854
f 2507/1104/1855 2509/1078/1855 2508/1107/1855
f 2510/1104/1856 2512/1099/1856 2511/1078/1856
f 2513/1104/1857 2515/942/1857 2514/1100/1857
f 2517/1100/1858 2518/1099/1858 2516/1104/1858
f 2520/999/1859 2521/1108/1859 2519/998/1859
f 2522/998/1860 2524/1108/1860 2523/1091/1860
f 2525/983/1861 2527/984/1862 2526/1000/1862
f 2529/1102/1863 2530/1101/1863 2528/1094/1863
f 2532/925/1864 2531/941/1864 2533/1101/1864
f 2535/1109/1865 2534/925/1865 2536/1101/1865
f 2537/925/1866 2539/1109/1867 2538/942/1867
f 2540/942/1868 2542/1109/1868 2541/1101/1868
f 2543/1101/1869 2545/1102/1869 2544/1095/1869
f 2546/1106/1870 2548/1079/1870 2547/944/1870
f 2549/999/1871 2550/1110/1872 2552/1091/1873
f 2549/999/1871 2551/984/1874 2550/1110/1872
f 2554/1108/1875 2553/999/1876 2555/1091/1875
f 2556/1091/1877 2558/1111/1877 2557/1112/1877
f 2560/1093/1878 2559/1091/1878 2561/1112/1878
f 2562/1091/1879 2564/996/1879 2563/1111/1879
f 2566/1110/1880 2567/996/1880 2565/1091/1880
f 2569/947/1881 2568/944/1881 2570/948/1881
f 2571/944/1882 2573/947/1882 2572/945/1882
f 2574/984/1883 2576/996/1883 2575/1110/1883
f 2577/1092/1884 2579/1113/1884 2578/1114/1885
f 2580/1092/1886 2582/1093/1886 2581/1115/1886
f 2583/1092/1887 2585/1114/1887 2584/1096/1887
f 2586/1092/1888 2588/1115/1888 2587/1113/1888
f 2589/1078/1889 2591/1116/1889 2590/1081/1889
f 2593/1099/1890 2594/1116/1890 2592/1078/1890
f 2595/1093/1891 2597/1113/1891 2596/1115/1891
f 2598/1093/1892 2600/1111/1892 2599/1113/1892
f 2601/1093/1893 2603/1112/1893 2602/1111/1893
f 2604/1116/1894 2606/1099/1894 2605/1081/1894
f 2608/1117/1895 2609/1082/1896 2607/1080/1897
f 2611/1081/1898 2612/1117/1899 2610/1080/1899
f 2613/985/1900 2615/1118/1900 2614/996/1900
f 2617/1118/1901 2616/985/1901 2618/992/1901
f 2619/1096/1902 2621/1119/1902 2620/1120/1902
f 2622/1096/1903 2624/1113/1903 2623/1119/1903
f 2626/1098/1904 2625/1096/1904 2627/1120/1904
f 2628/1096/1905 2630/1114/1905 2629/1113/1905
f 2631/1113/1906 2633/1121/1906 2632/1122/1906
f 2635/1111/1907 2636/1123/1907 2634/1113/1908
f 2637/1113/1909 2639/1123/1909 2638/1121/1910
f 2640/1113/1911 2642/1122/1911 2641/1119/1911
f 2644/967/1912 2643/1083/1912 2645/964/1913
f 2646/1083/1914 2648/1124/1914 2647/1125/1914
f 2650/964/1915 2649/1083/1915 2651/1125/1915
f 2652/1083/1916 2654/1082/1916 2653/1126/1916
f 2655/1083/1917 2657/1126/1917 2656/1124/1917
f 2659/948/1918 2658/1083/1918 2660/967/1918
f 2661/1081/1919 2663/1082/1919 2662/1117/1919
f 2664/1111/1920 2666/994/1920 2665/1127/1920
f 2667/1111/1921 2669/996/1921 2668/1128/1921
f 2671/1123/1922 2670/1111/1922 2672/1121/1922
f 2673/1111/1923 2675/997/1923 2674/1121/1923
f 2676/1111/1924 2678/1127/1925 2677/997/1926
f 2680/994/1927 2679/1111/1927 2681/1128/1927
f 2683/1128/1928 2682/996/1928 2684/994/1928
f 2685/996/1929 2687/1118/1929 2686/992/1929
f 2688/986/1930 2690/988/1930 2689/991/1930
f 2692/1126/1931 2691/1082/1931 2693/1124/1931
f 2694/1082/1932 2696/1129/1932 2695/1124/1932
f 2697/1082/1933 2699/1130/1933 2698/1129/1934
f 2700/1082/1935 2702/1098/1935 2701/1130/1935
f 2704/950/1936 2705/1131/1937 2703/946/1938
f 2704/950/1936 2706/966/1939 2705/1131/1937
f 2707/946/1940 2709/1131/1941 2708/951/1940
f 2710/1120/1942 2712/1119/1942 2711/1098/1942
f 2714/1127/1943 2713/994/1943 2715/997/1943
f 2717/1121/1944 2718/1119/1944 2716/1122/1945
f 2720/1098/1946 2719/1119/1947 2721/1129/1948
f 2719/1119/1947 2722/1132/1949 2721/1129/1948
f 2719/1119/1947 2723/1121/1950 2722/1132/1949
f 2721/1129/1948 2722/1132/1949 2724/1133/1951
f 2725/1130/1952 2720/1098/1946 2721/1129/1948
f 2726/990/1953 2728/1134/1954 2727/1135/1955
f 2728/1134/1954 2729/1136/1956 2727/1135/1955
f 2730/990/1957 2732/1135/1957 2731/993/1957
f 2733/990/1958 2735/991/1958 2734/1134/1958
f 2737/1125/1959 2738/1124/1959 2736/964/1959
f 2739/964/1960 2740/1137/1961 2742/965/1962
f 2739/964/1960 2741/1124/1963 2740/1137/1961
f 2741/1124/1963 2743/1132/1964 2744/1138/1965
f 2741/1124/1963 2744/1138/1965 2740/1137/1961
f 2740/1137/1961 2744/1138/1965 2745/1139/1966
f 2746/1121/1967 2748/997/1967 2747/1140/1967
f 2749/1121/1968 2751/1140/1968 2750/1132/1968
f 2753/1141/1969 2754/1142/1970 2752/949/1969
f 2756/1142/1971 2757/954/1972 2755/949/1972
f 2759/951/1973 2760/1141/1973 2758/949/1973
f 2761/991/1974 2763/988/1974 2762/1134/1974
f 2764/988/1975 2766/960/1975 2765/1143/1975
f 2768/1144/1976 2769/1145/1976 2767/988/1976
f 2770/988/1977 2772/1145/1977 2771/1134/1978
f 2774/1143/1979 2775/1144/1979 2773/988/1979
f 2776/993/1980 2778/1136/1980 2777/1146/1980
f 2779/993/1981 2781/1146/1981 2780/995/1982
f 2782/993/1983 2784/1135/1983 2783/1136/1983
f 2785/997/1984 2787/995/1985 2786/1147/1985
f 2788/997/1986 2790/1148/1986 2789/1132/1986
f 2792/1138/1987 2793/1148/1988 2791/997/1987
f 2794/997/1989 2796/1147/1989 2795/1138/1989
f 2798/1140/1990 2797/997/1990 2799/1132/1990
f 2800/1132/1991 2802/1124/1991 2801/1133/1991
f 2803/1132/1992 2805/1148/1992 2804/1138/1992
f 2806/1129/1993 2808/1133/1993 2807/1124/1993
f 2809/960/1994 2811/1149/1994 2810/1144/1994
f 2812/960/1995 2814/1150/1995 2813/1149/1995
f 2815/960/1996 2817/961/1997 2816/1150/1998
f 2817/961/1997 2818/1151/1999 2816/1150/1998
f 2818/1151/1999 2817/961/1997 2819/963/2000
f 2818/1151/1999 2819/963/2000 2820/962/2001
f 2822/1143/2002 2821/960/2002 2823/1144/2002
f 2824/951/2003 2826/1142/2003 2825/1141/2004
f 2828/1131/2005 2829/966/2005 2827/951/2005
f 2830/951/2006 2832/1152/2007 2831/1142/2008
f 2831/1142/2008 2832/1152/2007 2833/1153/2009
f 2834/951/2010 2836/966/2010 2835/1152/2010
f 2837/1134/2011 2839/1154/2012 2838/1155/2012
f 2841/1136/2013 2840/1134/2014 2842/1155/2015
f 2841/1136/2013 2842/1155/2015 2843/1156/2016
f 2844/1134/2017 2846/1145/2017 2845/1154/2017
f 2847/965/2018 2849/1137/2018 2848/966/2019
f 2851/1152/2020 2850/966/2020 2852/1153/2020
f 2854/1157/2021 2855/1153/2021 2853/966/2021
f 2856/966/2022 2858/1137/2023 2857/1157/2022
f 2859/995/2024 2861/1136/2024 2860/1158/2024
f 2862/995/2025 2864/1139/2025 2863/1159/2025
f 2865/995/2026 2867/1159/2027 2866/1138/2026
f 2869/1147/2028 2868/995/2028 2870/1138/2028
f 2872/1146/2029 2873/1136/2029 2871/995/2029
f 2874/995/2030 2876/1158/2031 2875/1139/2031
f 2878/1159/2032 2879/1139/2032 2877/1138/2032
f 2881/1158/2033 2880/1136/2033 2882/1156/2033
f 2883/1144/2034 2885/1160/2034 2884/1161/2034
f 2887/1154/2035 2886/1144/2035 2888/1161/2035
f 2890/1145/2036 2889/1144/2037 2891/1154/2037
f 2892/1144/2038 2894/1149/2038 2893/1160/2038
f 2895/1137/2039 2897/1139/2040 2896/1157/2039
f 2899/954/2041 2898/1142/2041 2900/1162/2041
f 2902/1153/2042 2903/1163/2043 2901/1142/2044
f 2901/1142/2044 2903/1163/2043 2904/1162/2045
f 2902/1153/2042 2906/1156/2046 2903/1163/2043
f 2906/1156/2046 2905/1164/2047 2903/1163/2043
f 2906/1156/2046 2902/1153/2042 2907/1139/2048
f 2909/1158/2049 2906/1156/2046 2907/1139/2048
f 2908/1154/2050 2905/1164/2047 2906/1156/2046
f 2910/1154/2051 2912/1165/2052 2911/1164/2053
f 2911/1164/2053 2912/1165/2052 2913/1163/2054
f 2915/1155/2055 2914/1154/2056 2916/1156/2056
f 2917/1154/2057 2919/1161/2057 2918/1165/2057
f 2921/1139/2058 2922/1153/2058 2920/1157/2058
f 2923/954/2059 2925/1162/2059 2924/952/2059
f 2927/1166/2060 2926/952/2060 2928/1167/2060
f 2929/952/2061 2931/1168/2062 2930/1167/2063
f 2930/1167/2063 2931/1168/2062 2932/1169/2064
f 2932/1169/2064 2933/1160/2065 2936/1170/2066
f 2933/1160/2065 2932/1169/2064 2934/1165/2067
f 2935/1171/2068 2934/1165/2067 2932/1169/2064
f 2930/1167/2063 2932/1169/2064 2936/1170/2066
f 2930/1167/2063 2936/1170/2066 2937/959/2069
f 2938/952/2070 2940/1162/2071 2939/1168/2072
f 2940/1162/2071 2941/1169/2073 2939/1168/2072
f 2942/952/2074 2944/1166/2074 2943/953/2075
f 2945/1150/2076 2947/1151/2076 2946/1172/2076
f 2948/1150/2077 2950/1172/2078 2949/1160/2079
f 2951/1150/2080 2953/1160/2081 2952/1149/2081
f 2954/1161/2082 2956/1160/2082 2955/1165/2082
f 2957/1160/2083 2959/1172/2083 2958/1170/2083
f 2960/1166/2084 2962/1167/2084 2961/953/2084
f 2963/1165/2085 2965/1171/2085 2964/1163/2085
f 2967/1162/2086 2966/1163/2086 2968/1171/2086
f 2969/1162/2087 2971/1171/2088 2970/1169/2089
f 2972/961/2090 2974/957/2090 2973/963/2090
f 2976/1173/2091 2977/959/2092 2975/953/2091
f 2979/1167/2093 2980/1173/2093 2978/953/2093
f 2981/1172/2094 2983/1151/2094 2982/1170/2095
f 2984/1167/2096 2986/959/2096 2985/1173/2096
f 2987/1151/2097 2989/962/2098 2988/1174/2099
f 2989/962/2098 2990/959/2100 2988/1174/2099
f 2992/1174/2101 2993/1170/2102 2991/1151/2101
f 2994/1170/2103 2996/1174/2103 2995/959/2103
f 2998/1175/2104 2997/959/2104 2999/962/2104
f 3000/959/2105 3002/1175/2105 3001/956/2105
f 3003/956/2106 3005/1175/2106 3004/962/2106
