# Blender 4.5.3 LTS
# www.blender.org
mtllib PieIzq.mtl
o PieIzq
v -0.324776 -19.396238 -1.987617
v -0.071617 -19.236216 -1.835991
v -0.335350 -19.194220 -1.983711
v -0.335350 -19.194220 -1.983711
v -0.126389 -19.075123 -1.780014
v -0.298050 -19.022455 -1.888451
v -0.774002 -19.398239 -1.947800
v -0.647255 -19.045700 -1.949158
v -0.519302 -19.019899 -1.944271
v -0.519302 -19.019899 -1.944271
v -0.957962 -19.224493 -1.917458
v -1.048500 -19.266449 -1.933323
v -0.679848 -18.996397 -1.932358
v -0.854271 -19.037226 -1.910713
v 1.459656 -20.813820 -3.635906
v 1.530724 -20.737591 -3.679871
v 1.434494 -20.804712 -3.837700
v 1.649040 -20.811365 -3.467941
v 1.620316 -20.797049 -3.626625
v 1.547592 -20.744303 -3.546318
v 1.422005 -20.752024 -3.420757
v 1.491623 -20.811523 -3.507030
v 1.338745 -20.795664 -3.528717
v 1.119820 -20.760656 -3.349411
v 1.197144 -20.790119 -3.424187
v 1.052025 -20.801426 -3.442963
v 1.491623 -20.811523 -3.507030
v 1.547592 -20.744303 -3.546318
v 1.459656 -20.813820 -3.635906
v 1.338745 -20.795664 -3.528717
v 1.261543 -20.731888 -3.464035
v 1.154877 -20.768339 -3.572079
v 1.154877 -20.768339 -3.572079
v 1.132095 -20.788733 -3.726715
v 1.220398 -20.726700 -3.620632
v 1.132095 -20.788733 -3.726715
v 1.220398 -20.726700 -3.620632
v 1.335388 -20.802000 -3.655899
v 1.717812 -20.772438 -3.553261
v 1.620316 -20.797049 -3.626625
v 1.663536 -20.703297 -3.670994
v 1.606483 -20.789703 -3.750504
v 1.220261 -20.761488 -4.014919
v 1.279427 -20.787624 -3.832855
v 1.313698 -20.735670 -3.896698
v 1.220261 -20.761488 -4.014919
v 1.313698 -20.735670 -3.896698
v 1.434494 -20.804712 -3.837700
v 1.547592 -20.744303 -3.546318
v 1.620316 -20.797049 -3.626625
v 1.459656 -20.813820 -3.635906
v 1.620316 -20.797049 -3.626625
v 1.530724 -20.737591 -3.679871
v 1.459656 -20.813820 -3.635906
v 1.620316 -20.797049 -3.626625
v 1.606483 -20.789703 -3.750504
v 1.530724 -20.737591 -3.679871
v 1.434494 -20.804712 -3.837700
v 1.434494 -20.804712 -3.837700
v 1.475319 -20.742975 -3.850384
v 1.582695 -20.791485 -3.896404
v -0.017548 -19.543095 -1.814793
v -0.166061 -19.471716 -1.949257
v -0.420708 -19.625681 -2.002487
v -0.530434 -19.609287 -2.014290
v -0.324776 -19.396238 -1.987617
v 0.039886 -19.571747 -1.568268
v -0.071617 -19.236216 -1.835991
v 0.102608 -19.595407 -1.487793
v -0.004929 -19.880249 -1.270012
v 0.096558 -19.502287 -1.489697
v -0.126389 -19.075123 -1.780014
v -0.013069 -19.388874 -1.468666
v 0.088913 -19.490290 -1.469788
v -0.862671 -19.463142 -1.985950
v -0.298050 -19.022455 -1.888451
v -0.077652 -19.867914 -1.257156
v -0.774002 -19.398239 -1.947800
v 0.067329 -19.534046 -1.434143
v -0.975113 -19.637205 -2.136753
v -1.175697 -19.714762 -2.096443
v 0.083626 -19.478291 -1.416611
v -0.014648 -19.698881 -1.273148
v -1.016426 -19.628613 -2.010033
v -0.945709 -19.499159 -2.004894
v -0.519302 -19.019899 -1.944271
v -0.317062 -19.044729 -1.619328
v -0.922806 -19.426474 -1.967484
v -0.334496 -19.966024 -0.964081
v -0.957962 -19.224493 -1.917458
v -0.129395 -19.204119 -1.440651
v -0.144882 -19.122404 -1.437431
v -0.238632 -19.541412 -1.280426
v -1.361794 -19.834532 -1.902367
v -1.297798 -19.619148 -1.789677
v -0.426506 -18.987944 -1.701836
v -1.311913 -19.692566 -1.800709
v -1.048500 -19.266449 -1.933323
v -0.195969 -19.407465 -1.269604
v -0.679848 -18.996397 -1.932358
v -0.374313 -18.880825 -1.648102
v -0.256302 -18.941235 -1.547615
v -0.109695 -19.230236 -1.360443
v -0.631462 -20.146362 -0.836998
v -0.086945 -19.195328 -1.334946
v -0.071754 -19.120920 -1.496052
v -0.854271 -19.037226 -1.910713
v -0.116768 -18.979448 -1.489849
v -0.108162 -19.018692 -1.634548
v -0.188156 -19.533829 -1.063908
v -0.923546 -20.356440 -0.550907
v -0.006287 -19.211882 -1.563591
v -0.874420 -19.174618 -1.993889
v -0.063118 -18.984735 -1.459412
v 0.132111 -19.350599 -1.480862
v -1.606377 -19.648729 -1.667084
v 0.001541 -19.132345 -1.786835
v -0.763100 -19.042671 -1.981499
v -0.467484 -18.891655 -1.867756
v 0.010719 -19.167053 -1.603004
v -1.446442 -19.547392 -1.937508
v -0.797020 -19.020197 -2.093239
v -0.692116 -19.721651 -0.716114
v 0.060593 -19.209328 -1.608688
v -1.188148 -20.197922 -0.361462
v -0.165131 -19.084211 -1.910908
v 0.100243 -19.112980 -1.632824
v -1.195511 -20.587685 -0.421722
v 0.072029 -19.131632 -1.733086
v -0.594933 -19.063877 -2.034576
v -1.907631 -19.698744 -1.532944
v 0.139679 -19.273855 -1.585796
v -0.608948 -19.111456 -2.094345
v -1.132896 -20.157253 -0.418419
v -0.580025 -19.163847 -2.175186
v -0.116295 -18.997864 -1.866581
v -0.290489 -19.034433 -2.020504
v -0.016022 -19.069183 -1.814976
v -0.599289 -19.177113 -2.217663
v -0.177528 -18.998358 -1.983627
v 0.183167 -19.343927 -1.663219
v 0.165611 -19.203011 -1.728325
v -0.490112 -19.048155 -2.164963
v 0.035843 -19.100903 -1.887135
v 0.240181 -19.677855 -1.693153
v -1.992622 -19.765490 -1.101597
v -0.503479 -19.064510 -2.120289
v -0.183456 -19.234335 -2.002876
v -0.496597 -19.005051 -2.091587
v -0.447968 -19.228830 -2.207443
v -0.240410 -19.089893 -2.042526
v -0.328583 -19.004911 -2.112530
v -0.135040 -19.098169 -2.033989
v 0.226196 -19.458233 -1.718033
v 0.254066 -19.341175 -1.675148
v 0.034386 -19.132107 -1.915668
v -1.375267 -19.740244 -0.419861
v -1.238953 -20.294683 -0.299564
v -2.114784 -19.770103 -1.007553
v 0.107689 -19.212357 -1.858768
v 0.227287 -19.322840 -1.769051
v -0.272736 -19.205744 -2.178795
v -0.096359 -19.098644 -2.077599
v 0.114677 -19.149490 -1.965439
v 0.259476 -19.298031 -1.804878
v -0.000839 -19.174953 -2.043076
v -1.377144 -19.996536 -0.312473
v 0.268921 -19.443996 -1.815422
v -1.396393 -19.727592 -0.278328
v -2.030075 -19.583250 -0.896835
v -0.213570 -19.173569 -2.188038
v -2.222954 -19.735472 -0.820953
v -0.060616 -19.323078 -2.108528
v 0.281891 -19.341234 -1.881645
v 0.354172 -19.526463 -1.766460
v 0.326622 -19.452391 -1.721661
v 0.150459 -19.391764 -1.823502
v 0.392426 -19.817226 -1.911678
v -1.596085 -19.621662 -0.394657
v -1.506355 -19.892368 -0.390976
v 0.397774 -19.450808 -1.822857
v 0.355644 -19.444769 -1.981022
v 0.367989 -19.368084 -1.883160
v -2.116615 -19.616732 -0.652454
v -1.628792 -19.856293 -0.292679
v 0.269920 -19.459143 -2.054035
v -1.828789 -19.531296 -0.453785
v 0.416435 -19.560005 -1.917965
v 0.397545 -19.467539 -2.055073
v 0.021324 -19.536581 -2.181080
v -1.754295 -19.658550 -0.249134
v -2.174652 -19.678726 -0.596745
v -2.038727 -19.473122 -0.640007
v 0.237923 -19.469280 -2.182129
v -1.825432 -19.722107 -0.343960
v 0.432533 -19.566637 -1.987297
v 0.526802 -19.505911 -2.073189
v 0.346756 -19.516544 -2.151592
v 0.420311 -19.400635 -2.035950
v 0.142624 -19.500031 -2.276451
v -1.911644 -19.502308 -0.374596
v -1.958565 -19.462372 -0.491486
v 0.016479 -19.505772 -2.493015
v -0.085396 -19.543175 -2.582928
v 0.303017 -19.464846 -2.305965
v 0.517662 -19.563351 -2.272377
v 0.617569 -19.782042 -2.294388
v 0.133324 -19.876171 -3.070713
v 0.815948 -19.940205 -2.330971
v 0.038918 -19.835363 -2.927135
v 0.168999 -19.571232 -2.444462
v 0.121872 -19.573172 -2.591553
v -0.918968 -20.951391 -0.681267
v 0.260086 -19.525414 -2.371376
v -1.330154 -20.889912 -1.999420
v 0.546555 -19.630037 -2.434338
v 0.274231 -19.701397 -2.576038
v 0.215416 -19.689299 -2.625278
v 0.155319 -19.575884 -2.670025
v -0.297043 -20.965508 -1.328506
v -1.972198 -20.854568 -1.414444
v 0.459000 -19.653461 -2.519180
v -0.746689 -20.964954 -1.049694
v -0.906342 -20.965607 -0.920959
v 0.283035 -19.659994 -2.745575
v -0.950943 -20.952223 -0.795765
v 0.614151 -19.649658 -2.436466
v -0.600174 -20.967804 -1.197277
v -1.996643 -20.863340 -1.170605
v -0.769493 -20.905495 -2.668221
v -0.429024 -20.964300 -1.333477
v -0.826897 -20.911810 -0.967751
v -1.217293 -20.962656 -0.510765
v -1.754433 -20.880150 -1.462296
v 0.303673 -19.693338 -2.682850
v 0.329712 -20.947906 -1.788597
v -0.677345 -20.898703 -1.128029
v -1.499397 -20.881655 -1.699078
v -0.310234 -20.937550 -1.513706
v -1.350792 -20.961172 -0.383148
v -1.124527 -20.883715 -2.085484
v -0.205437 -20.962656 -1.552029
v -0.533569 -20.910503 -1.266708
v -1.125633 -20.905436 -0.732300
v -1.179688 -20.962835 -0.648952
v -1.341133 -20.877220 -1.801449
v 0.342857 -19.688387 -2.847794
v 0.655495 -19.736303 -2.623699
v -2.332756 -20.830036 -0.992672
v -1.891792 -20.804098 -1.215115
v -1.819984 -20.873419 -1.253937
v -1.801491 -20.846371 -1.381386
v -0.452255 -20.961430 -1.492371
v -1.083206 -20.969746 -0.816414
v -1.375389 -20.976002 -0.550247
v -2.119751 -20.858429 -1.021118
v -2.039055 -20.798634 -1.094791
v -1.650810 -20.885813 -1.559139
v -1.519516 -20.887674 -1.550430
v 0.377655 -19.729017 -2.643257
v -1.759613 -20.550282 -0.093025
v -1.236206 -20.823997 -1.897888
v -0.984184 -20.885555 -2.187744
v -0.143593 -20.949154 -1.755165
v -0.774231 -20.962162 -1.239281
v -0.911613 -20.950579 -1.113400
v -1.437035 -20.909336 -0.497169
v -1.569160 -20.958817 -0.459805
v -2.227737 -20.840313 -0.906944
v -1.311981 -20.898584 -1.624397
v -1.137337 -20.890703 -1.932159
v -0.820679 -20.896624 -2.362499
v 0.314384 -19.794931 -2.963326
v -0.684021 -20.903059 -1.306747
v -1.619743 -20.881062 -1.342926
v -0.631325 -20.955112 -1.402122
v -1.300835 -20.908958 -0.627743
v -1.574043 -20.826136 -1.454708
v -1.407120 -20.833521 -1.580868
v -0.559090 -20.868765 -3.049740
v 0.421211 -19.744738 -2.760094
v -0.064072 -20.905790 -1.642010
v -0.296310 -20.960915 -1.638847
v -0.978874 -20.900267 -2.046070
v -0.890083 -20.855440 -2.282936
v 0.174698 -20.947945 -1.815228
v 0.021797 -20.944838 -1.716366
v -0.205101 -20.907059 -1.651432
v -1.257629 -20.966894 -0.860909
v -2.113716 -20.885635 -0.861050
v -0.991592 -20.905910 -1.035919
v -1.157318 -20.905415 -0.933224
v -2.022591 -20.833679 -0.906483
v -1.811096 -20.902029 -1.061916
v -0.701050 -20.909594 -2.497986
v -1.610466 -20.924681 -0.229099
v -1.653671 -20.898109 -1.187534
v 0.292320 -20.936581 -1.965496
v -0.957565 -20.955786 -1.304703
v -0.898216 -20.833897 -2.124599
v -0.807518 -20.910780 -2.178223
v 0.736351 -19.828096 -2.748512
v -0.866325 -20.891100 -1.360497
v -1.322037 -20.905930 -0.802666
v -1.413078 -20.964458 -0.724697
v -2.226326 -20.445204 -0.271072
v -1.957542 -20.921078 -0.863865
v -0.959190 -20.885614 -1.902927
v -0.760994 -20.845282 -2.435936
v 0.412979 -19.740700 -2.980549
v 0.698563 -20.902842 -1.995991
v 0.499527 -20.934797 -2.016907
v -0.795074 -20.957827 -1.427856
v -1.581940 -20.980991 -0.623123
v -1.768303 -20.906128 -0.108665
v -2.399918 -20.848352 -0.607384
v -1.720100 -20.827641 -1.139721
v -0.816078 -20.914999 -1.996311
v 0.008568 -20.941273 -1.892986
v -0.701424 -20.887814 -1.502773
v -1.041626 -20.886446 -1.249683
v -1.125130 -20.949648 -1.182953
v -1.314278 -20.919275 -1.439278
v -1.139717 -20.911673 -1.551678
v -1.153984 -20.905336 -1.745125
v -1.032524 -20.851282 -1.797836
v -0.559654 -20.895456 -2.776726
v -0.614479 -20.951569 -1.548920
v -2.188789 -20.865301 -0.719055
v -1.883377 -20.832432 -1.027489
v -1.481979 -20.911573 -1.302830
v -0.660080 -20.911118 -2.298645
v -0.616638 -20.894466 -2.679279
v 0.091774 -20.886051 -1.933884
v -0.151207 -20.953489 -1.932495
v -0.312691 -20.960539 -1.810577
v -0.608444 -20.855103 -2.548584
v 0.515656 -19.803108 -2.988640
v 0.404335 -20.869102 -2.004993
v -0.451302 -20.946936 -1.676842
v -2.006851 -20.544224 -0.158199
v 0.621689 -19.855043 -2.783852
v -1.287170 -20.955965 -1.050034
v -1.745865 -20.874210 -0.285900
v -1.788383 -20.931215 -0.883072
v -1.389084 -20.847618 -1.384300
v 0.120918 -20.949905 -2.024441
v -1.866623 -20.872051 -0.856808
v -0.494118 -20.877161 -2.975548
v 0.241074 -20.879141 -2.064621
v -1.805565 -20.944817 -0.523464
v -1.883209 -20.945866 -0.417786
v -2.094116 -20.928404 -0.667896
v -2.019913 -20.884525 -0.738655
v -0.965004 -20.921810 -1.668541
v -0.651695 -20.919394 -2.127682
v -0.484779 -20.951569 -1.872421
v -1.829857 -20.909237 -0.260239
v -0.813446 -20.927511 -1.800499
v -0.514626 -20.933273 -2.416908
v -0.456802 -20.912148 -2.777256
v 0.593445 -19.822750 -2.968647
v -0.296806 -20.935789 -1.976639
v -1.292732 -20.935373 -1.229424
v -1.501961 -20.903217 -0.834461
v -2.262421 -20.521730 -0.233131
v -1.202721 -20.850945 -1.489067
v -0.887451 -20.854944 -1.756927
v -0.804039 -20.938086 -1.622211
v -0.887482 -20.871616 -1.563408
v -2.241920 -20.874369 -0.600677
v -1.630020 -20.925987 -0.986973
v -0.715874 -20.865538 -2.057762
v -0.583443 -20.857935 -2.362823
v 0.443542 -20.933807 -2.128281
v -0.639557 -20.943926 -1.733265
v -1.031296 -20.869993 -1.439083
v -1.139984 -20.940441 -1.373882
v -1.448433 -20.956024 -0.928814
v -1.678299 -20.900505 -0.756214
v -1.533974 -20.857479 -1.057034
v -0.976021 -20.920858 -1.514072
v -0.507301 -20.906345 -2.591228
v 0.865005 -20.901337 -2.256123
v -0.706787 -20.876686 -1.683422
v -1.625076 -20.944283 -0.811642
v -0.497269 -20.936441 -2.234337
v -0.391335 -20.888050 -2.938995
v 0.375122 -20.874210 -2.200150
v -0.178467 -20.946182 -2.120876
v -0.536552 -20.887892 -1.797066
v -1.461678 -20.922403 -1.107716
v -0.645630 -20.937927 -1.919811
v -1.924065 -20.966181 -0.606487
v -1.770073 -20.975706 -0.702801
v -1.381050 -20.867598 -1.183529
v -1.229897 -20.878309 -1.325974
v -0.373909 -20.932323 -2.380325
v 0.604645 -20.906168 -2.153889
v -0.238548 -20.883892 -2.051559
v -0.396645 -20.879299 -1.955963
v -2.194504 -20.881437 -0.284222
v -2.140755 -20.841045 -0.619217
v -1.845604 -20.909098 -0.664116
v -0.289085 -20.898346 -3.025055
v -0.711815 -20.869022 -1.863934
v -0.486389 -20.937254 -2.057915
v -1.928070 -20.863260 -0.363575
v -0.572815 -20.873102 -2.012203
v 0.540245 -20.923908 -2.234955
v -0.010506 -20.944698 -2.194645
v -0.422516 -20.873062 -2.313625
v -0.395203 -20.926760 -2.582172
v -1.974007 -20.891457 -0.544117
v -0.271492 -20.923393 -2.799156
v 0.103279 -20.856192 -3.758652
v 0.286621 -20.934443 -2.305698
v -0.339272 -20.943907 -2.177341
v -2.170029 -20.899376 -0.373825
v 0.988983 -20.879635 -2.175575
v 0.143982 -20.937115 -2.328491
v -2.046165 -20.929472 -0.452522
v -0.305145 -20.874924 -2.623951
v -0.183815 -20.937273 -2.290398
v 0.736130 -20.908384 -2.361423
v -0.381203 -20.883160 -2.107826
v -0.269905 -20.874487 -2.451027
v 0.479897 -20.908226 -2.359055
v -2.108078 -20.854233 -0.419567
v -0.182877 -20.940779 -2.464832
v 0.678612 -20.856548 -2.274479
v 0.041801 -20.882387 -2.314968
v -0.267319 -20.882387 -2.252708
v -0.187347 -20.919275 -2.687595
v -0.136200 -20.895950 -2.936207
v 0.349625 -20.868250 -2.383209
v -0.169006 -20.912207 -3.175018
v 0.203537 -20.919136 -2.501709
v 0.382469 -20.933847 -2.509186
v -0.033058 -20.935789 -2.383865
v -0.074120 -20.862410 -3.068401
v 0.553001 -20.926245 -2.429241
v -0.144493 -20.878862 -2.574177
v 0.100983 -20.938105 -2.525974
v -0.078613 -20.928364 -2.762558
v 0.009308 -20.924026 -3.068054
v -0.039230 -20.939095 -2.578938
v 0.483932 -20.863102 -2.515919
v -0.034866 -20.867636 -2.876564
v 0.919632 -20.907791 -2.423069
v 0.647308 -20.859400 -2.471439
v 0.997223 -20.895119 -2.380871
v 0.813538 -20.852846 -2.414639
v 0.545113 -20.931194 -2.596703
v 0.399971 -20.921274 -2.673805
v 1.340073 -20.877457 -2.535858
v 0.689659 -20.922384 -2.556801
v 0.153183 -20.878784 -2.636604
v 0.089760 -20.940758 -2.712574
v 0.122017 -20.932343 -2.901894
v 0.192757 -20.935827 -2.734486
v 0.091797 -20.870111 -3.010006
v 1.053619 -20.901970 -2.555374
v 0.927711 -20.916563 -2.606014
v 0.299347 -20.876150 -2.757431
v 1.113602 -20.839460 -2.483551
v 0.132935 -20.869913 -2.823879
v 1.186295 -20.888090 -2.594017
v 0.622200 -20.918522 -2.704426
v 0.954414 -20.851301 -2.541935
v 0.396820 -20.937670 -2.783726
v 0.168510 -20.922344 -3.222691
v 0.381432 -20.837124 -3.771435
v 0.824905 -20.921255 -2.678215
v 0.504051 -20.779367 -3.983685
v 0.233276 -20.870785 -3.127064
v 1.290413 -20.881100 -2.730595
v 0.243263 -20.916641 -3.008549
v 1.074486 -20.843025 -2.665169
v 0.765686 -20.865299 -2.765327
v 0.527206 -20.937134 -2.898323
v 0.383087 -20.927313 -2.979862
v 0.594414 -20.867756 -2.822437
v 0.914749 -20.856508 -2.719112
v 0.335625 -20.928007 -3.143364
v 0.962852 -20.906504 -2.847668
v 1.121246 -20.903158 -2.780785
v 1.532463 -20.859558 -2.992462
v 1.806366 -20.802633 -3.222664
v 1.198303 -20.826195 -2.796299
v 0.550423 -20.811443 -3.825531
v 1.046257 -20.735432 -4.126900
v 1.036903 -20.838213 -2.862045
v 0.518570 -20.832729 -3.352463
v 0.883514 -20.852409 -2.897469
v 0.569283 -20.868706 -2.997936
v 1.246422 -20.870962 -2.921982
v 1.095886 -20.878586 -2.990810
v 0.686897 -20.907316 -3.032673
v 1.406929 -20.855242 -2.999321
v 0.901291 -20.768913 -3.959030
v 1.478905 -20.802435 -3.095829
v 1.552200 -20.853876 -3.145378
v 1.206718 -20.853598 -3.085342
v 1.017525 -20.809168 -3.029915
v 0.956375 -20.865637 -3.124672
v 1.333183 -20.806910 -3.096977
v 1.698524 -20.827522 -3.310684
v 0.774811 -20.771091 -3.850384
v 1.386276 -20.855103 -3.198090
v 1.614212 -20.785744 -3.198120
v 0.842171 -20.709909 -3.870953
v 1.080826 -20.829798 -3.271526
v 1.214714 -20.838352 -3.252945
v 1.523735 -20.842253 -3.331379
v 1.432846 -20.779982 -3.266441
v 1.147186 -20.777704 -3.179428
v 0.967560 -20.786398 -3.774544
v 0.894737 -20.733967 -3.712086
v 1.357216 -20.819740 -3.372093
v 1.004044 -20.721394 -3.836819
v 1.274094 -20.771606 -3.334499
v 1.059334 -20.768003 -3.939430
v 1.649040 -20.811365 -3.467941
v 1.572868 -20.769487 -3.410439
v 1.422005 -20.752024 -3.420757
v 1.119820 -20.760656 -3.349411
v 1.052025 -20.801426 -3.442963
v 1.841850 -20.723473 -3.760429
v 1.491623 -20.811523 -3.507030
v 1.133888 -20.704603 -3.966827
v 1.338745 -20.795664 -3.528717
v 1.197144 -20.790119 -3.424187
v 1.154877 -20.768339 -3.572079
v 1.132095 -20.788733 -3.726715
v 1.717812 -20.772438 -3.553261
v 1.261543 -20.731888 -3.464035
v 1.220261 -20.761488 -4.014919
v 1.653465 -20.767784 -3.992241
v 1.189148 -20.726957 -3.774193
v 1.547592 -20.744303 -3.546318
v 1.220398 -20.726700 -3.620632
v 1.279427 -20.787624 -3.832855
v 1.620316 -20.797049 -3.626625
v 1.335388 -20.802000 -3.655899
v 1.663536 -20.703297 -3.670994
v 1.459656 -20.813820 -3.635906
v 1.313698 -20.735670 -3.896698
v 1.669090 -20.756380 -3.788387
v 1.434494 -20.804712 -3.837700
v 1.530724 -20.737591 -3.679871
v 1.582695 -20.791485 -3.896404
v 1.606483 -20.789703 -3.750504
v 1.475319 -20.742975 -3.850384
v 1.897499 -20.720581 -3.498604
v 0.274788 -20.142502 -1.502522
v 0.084435 -20.097338 -1.309563
v 0.102608 -19.595407 -1.487793
v -0.004929 -19.880249 -1.270012
v -0.126389 -19.075123 -1.780014
v -0.013069 -19.388874 -1.468666
v -0.013069 -19.388874 -1.468666
v 0.088913 -19.490290 -1.469788
v -0.298050 -19.022455 -1.888451
v -0.975113 -19.637205 -2.136753
v -0.324150 -20.348244 -1.049080
v -1.175697 -19.714762 -2.096443
v 0.083626 -19.478291 -1.416611
v 0.083626 -19.478291 -1.416611
v -0.014648 -19.698881 -1.273148
v -0.014648 -19.698881 -1.273148
v -1.016426 -19.628613 -2.010033
v -0.945709 -19.499159 -2.004894
v -0.519302 -19.019899 -1.944271
v -0.317062 -19.044729 -1.619328
v -0.922806 -19.426474 -1.967484
v -0.922806 -19.426474 -1.967484
v -0.099586 -19.522465 -1.389759
v -0.334496 -19.966024 -0.964081
v -0.334496 -19.966024 -0.964081
v -0.957962 -19.224493 -1.917458
v -0.129395 -19.204119 -1.440651
v -0.550415 -20.282150 -0.856640
v -0.144882 -19.122404 -1.437431
v -0.238632 -19.541412 -1.280426
v -0.238632 -19.541412 -1.280426
v -1.361794 -19.834532 -1.902367
v -1.361794 -19.834532 -1.902367
v -1.297798 -19.619148 -1.789677
v -0.426506 -18.987944 -1.701836
v -1.311913 -19.692566 -1.800709
v -1.048500 -19.266449 -1.933323
v -1.048500 -19.266449 -1.933323
v -0.195969 -19.407465 -1.269604
v -0.679848 -18.996397 -1.932358
v -0.374313 -18.880825 -1.648102
v -0.374313 -18.880825 -1.648102
v -0.256302 -18.941235 -1.547615
v -0.256302 -18.941235 -1.547615
v -0.109695 -19.230236 -1.360443
v -0.109695 -19.230236 -1.360443
v -0.109695 -19.230236 -1.360443
v -0.442184 -19.909534 -0.965591
v -0.631462 -20.146362 -0.836998
v -0.086945 -19.195328 -1.334946
v -0.086945 -19.195328 -1.334946
v -0.086945 -19.195328 -1.334946
v -1.546661 -19.790318 -1.665504
v -1.268188 -19.509396 -1.839615
v -1.268188 -19.509396 -1.839615
v -0.854271 -19.037226 -1.910713
v -0.116768 -18.979448 -1.489849
v 0.071159 -19.322128 -1.454105
v 0.071159 -19.322128 -1.454105
v 0.071159 -19.322128 -1.454105
v -1.078453 -19.300743 -2.002750
v -1.078453 -19.300743 -2.002750
v -0.108162 -19.018692 -1.634548
v -0.188156 -19.533829 -1.063908
v -0.188156 -19.533829 -1.063908
v -0.923546 -20.356440 -0.550907
v -0.582993 -18.869005 -1.806713
v -0.582993 -18.869005 -1.806713
v -1.833282 -19.863520 -1.401703
v -0.063118 -18.984735 -1.459412
v -0.063118 -18.984735 -1.459412
v 0.033134 -19.150541 -1.474743
v 0.132111 -19.350599 -1.480862
v 0.132111 -19.350599 -1.480862
v 0.033165 -19.354462 -1.306736
v 0.033165 -19.354462 -1.306736
v -0.221268 -19.638334 -0.909130
v -1.606377 -19.648729 -1.667084
v -1.606377 -19.648729 -1.667084
v 0.001541 -19.132345 -1.786835
v 0.001541 -19.132345 -1.786835
v -1.121628 -19.416653 -2.125957
v -1.121628 -19.416653 -2.125957
v -0.763100 -19.042671 -1.981499
v -0.467484 -18.891655 -1.867756
v -1.986168 -20.096069 -1.551620
v -1.986168 -20.096069 -1.551620
v -1.919907 -20.036314 -1.539089
v -1.919907 -20.036314 -1.539089
v -1.919907 -20.036314 -1.539089
v -1.788002 -19.965429 -1.623192
v -1.446442 -19.547392 -1.937508
v 0.045853 -19.581270 -1.182072
v -0.781006 -19.844629 -0.749729
v -0.781006 -19.844629 -0.749729
v -0.816750 -19.238909 -2.124474
v -0.797020 -19.020197 -2.093239
v -0.692116 -19.721651 -0.716114
v -0.858383 -19.433325 -2.167961
v -0.858383 -19.433325 -2.167961
v -0.376694 -19.835857 -0.751858
v -1.188148 -20.197922 -0.361462
v -0.165131 -19.084211 -1.910908
v 0.100243 -19.112980 -1.632824
v 0.100243 -19.112980 -1.632824
v -1.195511 -20.587685 -0.421722
v -0.777969 -19.411070 -2.206013
v 0.072029 -19.131632 -1.733086
v -0.594933 -19.063877 -2.034576
v 0.108910 -19.460964 -1.415379
v 0.068924 -19.607544 -1.335995
v -1.907631 -19.698744 -1.532944
v -1.907631 -19.698744 -1.532944
v -1.907631 -19.698744 -1.532944
v -2.046288 -19.766399 -1.512558
v -2.046288 -19.766399 -1.512558
v 0.139679 -19.273855 -1.585796
v -2.150131 -20.063341 -1.270752
v -2.150131 -20.063341 -1.270752
v -1.356812 -19.633087 -2.083900
v -1.356812 -19.633087 -2.083900
v -2.095154 -19.988398 -1.361912
v -2.095154 -19.988398 -1.361912
v -0.608948 -19.111456 -2.094345
v -1.132896 -20.157253 -0.418419
v -1.759560 -19.783230 -1.836899
v -1.759560 -19.783230 -1.836899
v -0.676682 -19.333334 -2.204082
v -0.580025 -19.163847 -2.175186
v -0.997749 -19.600574 -2.151524
v -0.116295 -18.997864 -1.866581
v -0.202171 -19.878012 -0.997585
v -0.202171 -19.878012 -0.997585
v -0.202171 -19.878012 -0.997585
v -1.852058 -19.748421 -1.366882
v -0.290489 -19.034433 -2.020504
v -0.016022 -19.069183 -1.814976
v -2.039810 -19.940521 -1.277977
v -2.039810 -19.940521 -1.277977
v -1.018021 -19.810751 -0.371670
v -1.018021 -19.810751 -0.371670
v 0.073784 -19.829918 -1.343346
v -1.918518 -19.683142 -1.324024
v -1.918518 -19.683142 -1.324024
v -1.918518 -19.683142 -1.324024
v -0.599289 -19.177113 -2.217663
v -0.177528 -18.998358 -1.983627
v 0.183167 -19.343927 -1.663219
v -1.714447 -19.924860 -1.852608
v 0.165611 -19.203011 -1.728325
v -1.975349 -20.476072 -1.378670
v -2.165482 -20.502485 -0.445549
v -2.135895 -20.221958 -1.285244
v -1.378555 -19.754599 -2.061291
v -0.490112 -19.048155 -2.164963
v 0.035843 -19.100903 -1.887135
v 0.240181 -19.677855 -1.693153
v 0.240181 -19.677855 -1.693153
v -0.623276 -20.030869 -0.677208
v -0.623276 -20.030869 -0.677208
v -1.992622 -19.765490 -1.101597
v -1.992622 -19.765490 -1.101597
v -1.992622 -19.765490 -1.101597
v -0.503479 -19.064510 -2.120289
v -0.183456 -19.234335 -2.002876
v -1.347443 -20.314543 -0.265865
v -0.496597 -19.005051 -2.091587
v -0.408798 -19.680666 -2.441730
v -0.447968 -19.228830 -2.207443
v -0.149460 -19.103239 -1.946541
v 0.083710 -19.155153 -1.756802
v -1.614944 -20.534601 -0.205971
v -1.130516 -19.798792 -2.205273
v -0.240410 -19.089893 -2.042526
v -0.328583 -19.004911 -2.112530
v -0.135040 -19.098169 -2.033989
v -0.171089 -19.989527 -1.120399
v -0.477737 -19.399208 -2.271088
v -1.289330 -19.879675 -0.483170
v -2.186310 -19.866133 -1.103642
v -2.186310 -19.866133 -1.103642
v -2.231422 -20.084824 -1.083172
v -0.400200 -19.650787 -2.453968
v 0.226196 -19.458233 -1.718033
v -2.245369 -20.440313 -0.977158
v -2.043297 -19.985844 -1.533085
v -0.412590 -19.506723 -2.296276
v -0.412590 -19.506723 -2.296276
v 0.099304 -19.202517 -1.785839
v 0.254066 -19.341175 -1.675148
v -1.995850 -20.537788 -0.294399
v -1.258232 -19.873062 -2.150249
v -1.258232 -19.873062 -2.150249
v -0.331276 -19.304684 -2.090157
v -0.640884 -20.184378 -0.779327
v -1.152878 -20.106070 -0.320454
v -1.152878 -20.106070 -0.320454
v -1.152878 -20.106070 -0.320454
v -1.152878 -20.106070 -0.320454
v -1.152878 -20.106070 -0.320454
v -1.098579 -19.993170 -0.301468
v -1.722260 -20.053719 -1.869717
v 0.034386 -19.132107 -1.915668
v -1.375267 -19.740244 -0.419861
v -2.222672 -19.672667 -1.129303
v -0.845032 -19.835382 -2.334682
v -0.220657 -19.176836 -2.094402
v 0.060410 -20.049660 -1.274532
v -1.238953 -20.294683 -0.299564
v -2.114784 -19.770103 -1.007553
v -0.299774 -19.231939 -2.183937
v 0.107689 -19.212357 -1.858768
v 0.227287 -19.322840 -1.769051
v 0.260338 -20.025661 -1.533546
v -0.272736 -19.205744 -2.178795
v -0.096359 -19.098644 -2.077599
v 0.114677 -19.149490 -1.965439
v 0.259476 -19.298031 -1.804878
v -2.285408 -20.463419 -0.688042
v -1.240105 -20.081261 -2.319363
v -0.000839 -19.174953 -2.043076
v -2.322426 -20.225008 -0.808926
v -1.691132 -20.147036 -1.899525
v -0.612465 -20.323433 -0.791817
v -1.377144 -19.996536 -0.312473
v -2.075020 -19.626276 -1.114883
v -2.075020 -19.626276 -1.114883
v -0.305763 -19.324879 -2.263290
v 0.268921 -19.443996 -1.815422
v -0.928528 -19.949648 -2.384861
v 0.045517 -19.245481 -1.960960
v 0.286392 -19.473419 -1.789520
v -1.068184 -20.239679 -0.421608
v -1.068184 -20.239679 -0.421608
v -1.396393 -19.727592 -0.278328
v -1.396393 -19.727592 -0.278328
v -2.030075 -19.583250 -0.896835
v -2.213112 -19.879063 -1.305614
v -0.213570 -19.173569 -2.188038
v -0.192276 -19.446472 -2.161842
v 0.594017 -20.179487 -1.762302
v 0.594017 -20.179487 -1.762302
v -2.254257 -19.899754 -0.748707
v -2.229347 -19.815802 -0.764458
v -0.157524 -20.328484 -1.138306
v -1.025291 -20.342997 -0.434769
v -1.025291 -20.342997 -0.434769
v -1.545692 -20.103752 -0.234364
v -2.222954 -19.735472 -0.820953
v -2.222954 -19.735472 -0.820953
v -0.060616 -19.323078 -2.108528
v 0.281891 -19.341234 -1.881645
v 0.354172 -19.526463 -1.766460
v 0.326622 -19.452391 -1.721661
v 0.285805 -19.909891 -1.684151
v -0.581482 -19.960875 -2.632923
v 0.392426 -19.817226 -1.911678
v 0.145790 -19.721909 -1.512154
v -1.831757 -20.316683 -0.199474
v -0.221146 -19.579884 -2.433933
v -0.192726 -19.406139 -2.307758
v -0.138878 -19.259678 -2.157700
v 0.100693 -19.341669 -1.992222
v 0.409164 -19.869757 -1.960037
v 0.409164 -19.869757 -1.960037
v -1.596085 -19.621662 -0.394657
v -1.506355 -19.892368 -0.390976
v 0.277237 -19.551727 -1.834129
v 0.397774 -19.450808 -1.822857
v -0.613403 -19.755669 -2.375507
v -2.275871 -20.227404 -0.557655
v 0.355644 -19.444769 -1.981022
v -1.925606 -20.309296 -1.579399
v -0.223175 -19.484468 -2.439686
v 0.367989 -19.368084 -1.883160
v -0.547050 -20.499811 -0.952347
v -2.100204 -20.219662 -0.339706
v -2.116615 -19.616732 -0.652454
v -2.116615 -19.616732 -0.652454
v -2.303566 -19.697416 -0.896248
v -2.086655 -20.107851 -1.469620
v -0.124046 -19.402338 -2.355598
v -1.576416 -19.862509 -0.233467
v -0.937294 -20.277756 -2.592072
v 0.361916 -19.669262 -1.969597
v 0.361916 -19.669262 -1.969597
v -0.982254 -20.446848 -0.505978
v -0.982254 -20.446848 -0.505978
v -2.299240 -19.794575 -0.904327
v -2.175682 -19.952164 -1.352165
v -0.860588 -20.068588 -2.605495
v -1.103889 -20.228968 -0.336456
v -1.103889 -20.228968 -0.336456
v -1.628792 -19.856293 -0.292679
v 0.269920 -19.459143 -2.054035
v 0.365486 -19.544720 -2.003551
v 0.031822 -20.447777 -1.373489
v -1.428604 -20.348263 -2.085693
v -0.911942 -20.585546 -0.617256
v -0.911942 -20.585546 -0.617256
v -1.285019 -20.076588 -0.255657
v -1.828789 -19.531296 -0.453785
v -1.828789 -19.531296 -0.453785
v -1.828789 -19.531296 -0.453785
v 0.416435 -19.560005 -1.917965
v -2.052925 -20.386219 -1.478760
v 0.073624 -19.410040 -2.161842
v 0.352913 -19.613821 -1.989326
v 0.352913 -19.613821 -1.989326
v -0.065948 -19.517237 -2.279854
v -1.754295 -19.658550 -0.249134
v -1.668030 -20.452530 -1.794239
v -1.668030 -20.452530 -1.794239
v -1.768967 -19.975052 -0.259945
v -1.768967 -19.975052 -0.259945
v -2.174652 -19.678726 -0.596745
v -2.174652 -19.678726 -0.596745
v -2.038727 -19.473122 -0.640007
v -2.038727 -19.473122 -0.640007
v -2.294144 -20.051779 -1.143654
v -2.303108 -20.296604 -1.142365
v -2.303108 -20.296604 -1.142365
v 0.237923 -19.469280 -2.182129
v 0.386932 -19.527493 -2.017075
v 0.405304 -19.509712 -2.102982
v 0.405304 -19.509712 -2.102982
v -1.209129 -20.461420 -0.243927
v -1.209129 -20.461420 -0.243927
v -1.825432 -19.722107 -0.343960
v -2.209076 -19.940937 -0.502338
v -0.252953 -20.073914 -3.070656
v -0.252953 -20.073914 -3.070656
v -0.271408 -19.899416 -2.761379
v 0.432533 -19.566637 -1.987297
v 0.526802 -19.505911 -2.073189
v 0.346756 -19.516544 -2.151592
v 0.420311 -19.400635 -2.035950
v 0.729042 -20.010395 -2.036915
v 0.729042 -20.010395 -2.036915
v -0.606865 -20.632769 -0.934372
v -2.099884 -19.501297 -0.796059
v -1.170364 -20.472013 -2.295547
v -1.170364 -20.472013 -2.295547
v -0.020737 -19.519850 -2.270180
v 0.470505 -19.723494 -2.130859
v -2.168503 -19.793941 -0.534119
v -1.639252 -20.509237 -1.827419
v 0.142624 -19.500031 -2.276451
v -1.911644 -19.502308 -0.374596
v -1.911644 -19.502308 -0.374596
v -2.169746 -20.457460 -1.342674
v -1.000465 -20.410772 -2.542114
v -0.128014 -19.648550 -2.563412
v -0.128014 -19.648550 -2.563412
v -0.086334 -19.571251 -2.273750
v -1.206261 -20.575626 -0.243298
v -1.881226 -19.701714 -0.273609
v -1.916054 -19.798536 -0.344341
v -1.337395 -20.396893 -0.177662
v -1.337395 -20.396893 -0.177662
v -1.958565 -19.462372 -0.491486
v -1.958565 -19.462372 -0.491486
v -1.958565 -19.462372 -0.491486
v -1.958565 -19.462372 -0.491486
v -2.367371 -20.030434 -0.794926
v 0.016479 -19.505772 -2.493015
v -0.036896 -19.496645 -2.402290
v -2.018723 -19.683399 -0.430149
v -2.018723 -19.683399 -0.430149
v -2.389214 -20.314524 -0.876492
v -1.806221 -20.653044 -1.639420
v -0.085396 -19.543175 -2.582928
v -0.085396 -19.543175 -2.582928
v 0.303017 -19.464846 -2.305965
v 0.517662 -19.563351 -2.272377
v 0.517662 -19.563351 -2.272377
v -2.243675 -19.654808 -0.596745
v -1.016006 -20.521849 -2.505154
v -1.016006 -20.521849 -2.505154
v 0.617569 -19.782042 -2.294388
v 0.617569 -19.782042 -2.294388
v 0.617569 -19.782042 -2.294388
v -1.467781 -20.121078 -0.144047
v -0.753128 -20.180161 -2.764671
v 0.133324 -19.876171 -3.070713
v 0.133324 -19.876171 -3.070713
v 0.095612 -19.594833 -2.504887
v 0.201843 -19.540085 -2.274994
v 0.815948 -19.940205 -2.330971
v 0.815948 -19.940205 -2.330971
v 0.815948 -19.940205 -2.330971
v 0.815948 -19.940205 -2.330971
v -0.102097 -20.616850 -1.321560
v -1.147545 -20.740204 -0.327778
v -0.017838 -19.676548 -2.650593
v 0.038918 -19.835363 -2.927135
v 0.080139 -19.607128 -2.297607
v 0.872635 -20.148045 -2.058670
v 0.872635 -20.148045 -2.058670
v -1.851486 -19.962004 -0.173420
v -2.108032 -19.451283 -0.619987
v -2.108032 -19.451283 -0.619987
v -2.108032 -19.451283 -0.619987
v 0.168999 -19.571232 -2.444462
v -2.188690 -19.494684 -0.593792
v -2.188690 -19.494684 -0.593792
v 0.121872 -19.573172 -2.591553
v 0.051453 -19.653658 -2.451881
v -0.918968 -20.951391 -0.681267
v -0.918968 -20.951391 -0.681267
v -2.005676 -19.938007 -0.320805
v 0.260086 -19.525414 -2.371376
v -1.584297 -20.508127 -0.086868
v -2.030403 -19.793922 -0.404278
v -2.030403 -19.793922 -0.404278
v -0.969437 -20.676071 -2.472225
v -1.330154 -20.889912 -1.999420
v 0.546555 -19.630037 -2.434338
v 0.546555 -19.630037 -2.434338
v 0.546555 -19.630037 -2.434338
v 0.787483 -20.389605 -1.950081
v 0.787483 -20.389605 -1.950081
v 0.337776 -20.502684 -1.614147
v -1.669617 -20.364479 -0.099998
v -0.624466 -20.444214 -3.105309
v -0.624466 -20.444214 -3.105309
v -0.618332 -20.384081 -3.125889
v -2.312599 -20.391764 -1.097675
v -2.372734 -20.450333 -0.974483
v 0.076370 -19.712465 -2.742954
v -2.295013 -20.011168 -0.458405
v 0.338043 -19.642036 -2.419373
v 0.043472 -20.772795 -1.527832
v 0.274231 -19.701397 -2.576038
v -0.141663 -19.964558 -2.972664
v 0.215416 -19.689299 -2.625278
v -2.382195 -20.318108 -0.614834
v 0.155319 -19.575884 -2.670025
v 0.602196 -20.613068 -1.854485
v -0.297043 -20.965508 -1.328506
v -0.297043 -20.965508 -1.328506
v -1.972198 -20.854568 -1.414444
v 0.697472 -19.804039 -2.446728
v -2.184746 -19.852293 -0.352139
v -2.184746 -19.852293 -0.352139
v 0.459000 -19.653461 -2.519180
v -0.746689 -20.964954 -1.049694
v -0.906342 -20.965607 -0.920959
v -1.510033 -20.706366 -0.117809
v -2.097183 -19.629602 -0.408363
v -2.097183 -19.629602 -0.408363
v 0.283035 -19.659994 -2.745575
v -0.950943 -20.952223 -0.795765
v 0.614151 -19.649658 -2.436466
v 0.614151 -19.649658 -2.436466
v -0.600174 -20.967804 -1.197277
v -1.512230 -20.937986 -0.155289
v -1.512230 -20.937986 -0.155289
v -1.996643 -20.863340 -1.170605
v -0.769493 -20.905495 -2.668221
v -0.429024 -20.964300 -1.333477
v -0.826897 -20.911810 -0.967751
v -1.217293 -20.962656 -0.510765
v 0.188499 -19.760025 -2.843945
v -1.905571 -20.352818 -0.142265
v -2.075302 -20.333017 -0.214020
v -2.075302 -20.333017 -0.214020
v -2.410393 -20.438848 -0.693684
v -2.410393 -20.438848 -0.693684
v -2.410393 -20.438848 -0.693684
v -1.754433 -20.880150 -1.462296
v 0.303673 -19.693338 -2.682850
v 0.642365 -20.538759 -1.871662
v 0.642365 -20.538759 -1.871662
v 0.329712 -20.947906 -1.788597
v 0.329712 -20.947906 -1.788597
v -0.677345 -20.898703 -1.128029
v -1.499397 -20.881655 -1.699078
v -0.561737 -20.494703 -3.241619
v -0.561737 -20.494703 -3.241619
v -0.310234 -20.937550 -1.513706
v -1.350792 -20.961172 -0.383148
v -1.124527 -20.883715 -2.085484
v 0.925735 -20.017544 -2.464119
v -0.205437 -20.962656 -1.552029
v -0.533569 -20.910503 -1.266708
v -1.125633 -20.905436 -0.732300
v -1.179688 -20.962835 -0.648952
v -1.341133 -20.877220 -1.801449
v -0.241203 -20.317078 -3.435081
v -0.241203 -20.317078 -3.435081
v 0.342857 -19.688387 -2.847794
v 0.342857 -19.688387 -2.847794
v 0.655495 -19.736303 -2.623699
v 0.655495 -19.736303 -2.623699
v -2.332756 -20.830036 -0.992672
v -1.891792 -20.804098 -1.215115
v -1.819984 -20.873419 -1.253937
v -1.801491 -20.846371 -1.381386
v 0.044250 -19.995010 -3.256054
v 0.044250 -19.995010 -3.256054
v -0.452255 -20.961430 -1.492371
v -1.083206 -20.969746 -0.816414
v -1.375389 -20.976002 -0.550247
v -2.119751 -20.858429 -1.021118
v -2.039055 -20.798634 -1.094791
v -1.650810 -20.885813 -1.559139
v -1.519516 -20.887674 -1.550430
v 0.377655 -19.729017 -2.643257
v -1.759613 -20.550282 -0.093025
v -1.759613 -20.550282 -0.093025
v -1.236206 -20.823997 -1.897888
v -0.984184 -20.885555 -2.187744
v 0.816544 -19.860212 -2.583614
v -0.143593 -20.949154 -1.755165
v -0.774231 -20.962162 -1.239281
v -0.911613 -20.950579 -1.113400
v -1.107361 -20.964638 -1.001827
v -1.437035 -20.909336 -0.497169
v -1.569160 -20.958817 -0.459805
v -2.227737 -20.840313 -0.906944
v -1.311981 -20.898584 -1.624397
v -1.137337 -20.890703 -1.932159
v -0.820679 -20.896624 -2.362499
v 0.314384 -19.794931 -2.963326
v -0.684021 -20.903059 -1.306747
v -1.619743 -20.881062 -1.342926
v -0.631325 -20.955112 -1.402122
v -1.300835 -20.908958 -0.627743
v -2.202148 -20.323929 -0.268597
v -2.202148 -20.323929 -0.268597
v -2.202148 -20.323929 -0.268597
v -1.574043 -20.826136 -1.454708
v -1.407120 -20.833521 -1.580868
v -0.559090 -20.868765 -3.049740
v 0.325386 -19.880922 -3.285149
v 0.325386 -19.880922 -3.285149
v 0.421211 -19.744738 -2.760094
v -0.064072 -20.905790 -1.642010
v -0.296310 -20.960915 -1.638847
v -0.978874 -20.900267 -2.046070
v -0.890083 -20.855440 -2.282936
v 0.307045 -19.907276 -3.264595
v 0.307045 -19.907276 -3.264595
v 0.963081 -19.973507 -2.560989
v 0.963081 -19.973507 -2.560989
v 0.174698 -20.947945 -1.815228
v 0.021797 -20.944838 -1.716366
v -0.205101 -20.907059 -1.651432
v -1.257629 -20.966894 -0.860909
v -2.113716 -20.885635 -0.861050
v -0.991592 -20.905910 -1.035919
v -1.157318 -20.905415 -0.933224
v -2.022591 -20.833679 -0.906483
v -1.811096 -20.902029 -1.061916
v -0.701050 -20.909594 -2.497986
v -1.610466 -20.924681 -0.229099
v -1.653671 -20.898109 -1.187534
v -0.115158 -20.516542 -3.633625
v -0.115158 -20.516542 -3.633625
v -0.115158 -20.516542 -3.633625
v -0.115158 -20.516542 -3.633625
v -0.115158 -20.516542 -3.633625
v 0.292320 -20.936581 -1.965496
v -0.957565 -20.955786 -1.304703
v -0.898216 -20.833897 -2.124599
v -0.807518 -20.910780 -2.178223
v 0.736351 -19.828096 -2.748512
v 0.736351 -19.828096 -2.748512
v -0.866325 -20.891100 -1.360497
v -1.322037 -20.905930 -0.802666
v -1.413078 -20.964458 -0.724697
v -1.513313 -20.926186 -0.329918
v -2.226326 -20.445204 -0.271072
v -2.226326 -20.445204 -0.271072
v -2.226326 -20.445204 -0.271072
v -1.957542 -20.921078 -0.863865
v -0.959190 -20.885614 -1.902927
v -0.760994 -20.845282 -2.435936
v 0.412979 -19.740700 -2.980549
v 0.412979 -19.740700 -2.980549
v 0.698563 -20.902842 -1.995991
v 0.698563 -20.902842 -1.995991
v 0.698563 -20.902842 -1.995991
v 0.499527 -20.934797 -2.016907
v -0.795074 -20.957827 -1.427856
v -1.581940 -20.980991 -0.623123
v -1.700317 -20.948065 -0.351467
v -1.768303 -20.906128 -0.108665
v -1.768303 -20.906128 -0.108665
v -2.399918 -20.848352 -0.607384
v -1.720100 -20.827641 -1.139721
v -0.816078 -20.914999 -1.996311
v 1.065994 -20.145590 -2.406044
v 0.008568 -20.941273 -1.892986
v -0.701424 -20.887814 -1.502773
v -1.041626 -20.886446 -1.249683
v -1.125130 -20.949648 -1.182953
v -1.314278 -20.919275 -1.439278
v -1.139717 -20.911673 -1.551678
v -1.153984 -20.905336 -1.745125
v -1.032524 -20.851282 -1.797836
v -0.559654 -20.895456 -2.776726
v -0.614479 -20.951569 -1.548920
v -2.188789 -20.865301 -0.719055
v -1.883377 -20.832432 -1.027489
v -1.481979 -20.911573 -1.302830
v -0.660080 -20.911118 -2.298645
v -0.616638 -20.894466 -2.679279
v 0.091774 -20.886051 -1.933884
v -0.151207 -20.953489 -1.932495
v -0.312691 -20.960539 -1.810577
v -2.364067 -20.503574 -0.483242
v -0.608444 -20.855103 -2.548584
v 0.515656 -19.803108 -2.988640
v 0.515656 -19.803108 -2.988640
v 0.404335 -20.869102 -2.004993
v -0.451302 -20.946936 -1.676842
v -2.006851 -20.544224 -0.158199
v -2.006851 -20.544224 -0.158199
v 0.621689 -19.855043 -2.783852
v -1.287170 -20.955965 -1.050034
v -1.745865 -20.874210 -0.285900
v -2.366936 -20.717552 -0.513832
v -1.788383 -20.931215 -0.883072
v -1.389084 -20.847618 -1.384300
v 0.969589 -20.582556 -2.123650
v 0.969589 -20.582556 -2.123650
v 0.120918 -20.949905 -2.024441
v -1.866623 -20.872051 -0.856808
v -0.494118 -20.877161 -2.975548
v 1.186470 -20.092764 -2.860886
v 0.241074 -20.879141 -2.064621
v -1.805565 -20.944817 -0.523464
v -1.883209 -20.945866 -0.417786
v -2.094116 -20.928404 -0.667896
v -2.019913 -20.884525 -0.738655
v -0.965004 -20.921810 -1.668541
v -0.965004 -20.921810 -1.668541
v -0.651695 -20.919394 -2.127682
v -0.484779 -20.951569 -1.872421
v -1.829857 -20.909237 -0.260239
v -0.813446 -20.927511 -1.800499
v -0.514626 -20.933273 -2.416908
v -0.514626 -20.933273 -2.416908
v -0.456802 -20.912148 -2.777256
v 0.035362 -20.335867 -3.641930
v 0.593445 -19.822750 -2.968647
v 0.593445 -19.822750 -2.968647
v 0.593445 -19.822750 -2.968647
v 1.090233 -20.496664 -2.249249
v 1.090233 -20.496664 -2.249249
v -0.296806 -20.935789 -1.976639
v -1.292732 -20.935373 -1.229424
v -1.501961 -20.903217 -0.834461
v -2.262421 -20.521730 -0.233131
v -2.262421 -20.521730 -0.233131
v -1.202721 -20.850945 -1.489067
v -0.887451 -20.854944 -1.756927
v -0.257851 -20.628889 -3.523830
v -0.257851 -20.628889 -3.523830
v -0.804039 -20.938086 -1.622211
v -0.804039 -20.938086 -1.622211
v -0.887482 -20.871616 -1.563408
v -2.016693 -20.774498 -0.165886
v -2.241920 -20.874369 -0.600677
v -1.630020 -20.925987 -0.986973
v -0.715874 -20.865538 -2.057762
v -0.583443 -20.857935 -2.362823
v 0.129158 -20.164934 -3.576530
v 1.112114 -20.334225 -2.312630
v 1.112114 -20.334225 -2.312630
v 0.443542 -20.933807 -2.128281
v 0.268600 -20.932522 -2.184273
v -0.009468 -20.948341 -2.059006
v -0.639557 -20.943926 -1.733265
v -1.031296 -20.869993 -1.439083
v -1.139984 -20.940441 -1.373882
v -1.448433 -20.956024 -0.928814
v -1.678299 -20.900505 -0.756214
v -1.533974 -20.857479 -1.057034
v -0.976021 -20.920858 -1.514072
v -0.507301 -20.906345 -2.591228
v 0.865005 -20.901337 -2.256123
v -0.706787 -20.876686 -1.683422
v -1.625076 -20.944283 -0.811642
v -0.497269 -20.936441 -2.234337
v -0.391335 -20.888050 -2.938995
v 1.111427 -20.040075 -3.054234
v 1.295708 -20.186735 -2.748234
v 0.375122 -20.874210 -2.200150
v -0.178467 -20.946182 -2.120876
v -0.536552 -20.887892 -1.797066
v -1.461678 -20.922403 -1.107716
v -0.645630 -20.937927 -1.919811
v -0.139954 -20.902187 -3.377174
v 0.489296 -20.104385 -3.567753
v 0.489296 -20.104385 -3.567753
v -1.924065 -20.966181 -0.606487
v -1.770073 -20.975706 -0.702801
v -1.381050 -20.867598 -1.183529
v 0.114609 -20.914742 -2.164124
v -1.229897 -20.878309 -1.325974
v -2.232903 -20.761965 -0.262001
v -2.232903 -20.761965 -0.262001
v -0.373909 -20.932323 -2.380325
v 0.604645 -20.906168 -2.153889
v -0.238548 -20.883892 -2.051559
v -0.396645 -20.879299 -1.955963
v -2.194504 -20.881437 -0.284222
v -2.194504 -20.881437 -0.284222
v -2.140755 -20.841045 -0.619217
v -1.845604 -20.909098 -0.664116
v -0.338707 -20.849340 -2.822773
v -0.289085 -20.898346 -3.025055
v 1.323219 -20.374557 -2.548401
v -0.711815 -20.869022 -1.863934
v -0.486389 -20.937254 -2.057915
v -1.928070 -20.863260 -0.363575
v -0.572815 -20.873102 -2.012203
v 0.540245 -20.923908 -2.234955
v -0.010506 -20.944698 -2.194645
v -0.422516 -20.873062 -2.313625
v -0.395203 -20.926760 -2.582172
v -1.974007 -20.891457 -0.544117
v -0.271492 -20.923393 -2.799156
v 0.103279 -20.856192 -3.758652
v 0.286621 -20.934443 -2.305698
v -0.339272 -20.943907 -2.177341
v -2.170029 -20.899376 -0.373825
v -0.339676 -20.872705 -3.402977
v -0.339676 -20.872705 -3.402977
v 0.988983 -20.879635 -2.175575
v 0.988983 -20.879635 -2.175575
v 0.143982 -20.937115 -2.328491
v -2.046165 -20.929472 -0.452522
v -0.305145 -20.874924 -2.623951
v -0.272278 -20.872784 -3.165218
v 0.028542 -20.507236 -3.774220
v -0.183815 -20.937273 -2.290398
v 0.736130 -20.908384 -2.361423
v -0.381203 -20.883160 -2.107826
v -0.269905 -20.874487 -2.451027
v 0.308502 -20.334997 -3.807152
v 1.220932 -20.535610 -2.311035
v 0.479897 -20.908226 -2.359055
v -2.108078 -20.854233 -0.419567
v -0.182877 -20.940779 -2.464832
v 0.678612 -20.856548 -2.274479
v 0.041801 -20.882387 -2.314968
v -0.267319 -20.882387 -2.252708
v -0.187347 -20.919275 -2.687595
v -0.136200 -20.895950 -2.936207
v 0.349625 -20.868250 -2.383209
v -0.169006 -20.912207 -3.175018
v 0.203537 -20.919136 -2.501709
v 0.382469 -20.933847 -2.509186
v -0.033058 -20.935789 -2.383865
v -0.120590 -20.849203 -3.274704
v 1.405724 -20.692188 -2.549507
v -0.074120 -20.862410 -3.068401
v 1.579109 -20.313692 -2.963509
v 0.553001 -20.926245 -2.429241
v -0.144493 -20.878862 -2.574177
v 0.053268 -20.900108 -3.493507
v 0.850136 -20.027086 -3.296040
v 0.850136 -20.027086 -3.296040
v 1.473572 -20.460964 -2.690914
v 0.100983 -20.938105 -2.525974
v -0.078613 -20.928364 -2.762558
v -0.051704 -20.916641 -3.191902
v 0.330315 -20.871399 -2.577496
v 0.009308 -20.924026 -3.068054
v -0.039230 -20.939095 -2.578938
v 1.188126 -20.136957 -3.511440
v 1.188126 -20.136957 -3.511440
v 0.483932 -20.863102 -2.515919
v -0.034866 -20.867636 -2.876564
v 0.919632 -20.907791 -2.423069
v 0.647308 -20.859400 -2.471439
v 0.016518 -20.852133 -3.382915
v 0.997223 -20.895119 -2.380871
v 0.545113 -20.931194 -2.596703
v 0.399971 -20.921274 -2.673805
v 1.544693 -20.165489 -3.433064
v 1.340073 -20.877457 -2.535858
v 1.340073 -20.877457 -2.535858
v 0.689659 -20.922384 -2.556801
v 0.153183 -20.878784 -2.636604
v 0.089760 -20.940758 -2.712574
v 0.122017 -20.932343 -2.901894
v 0.055634 -20.860489 -3.207375
v 0.192757 -20.935827 -2.734486
v 0.100967 -20.917749 -3.342117
v 0.091797 -20.870111 -3.010006
v 0.165276 -20.836195 -3.502998
v 0.467339 -20.543867 -3.967556
v 1.053619 -20.901970 -2.555374
v 0.927711 -20.916563 -2.606014
v 0.299347 -20.876150 -2.757431
v 0.243347 -20.904484 -3.417313
v 1.113602 -20.839460 -2.483551
v 1.052879 -20.209940 -3.871342
v 1.052879 -20.209940 -3.871342
v 0.132935 -20.869913 -2.823879
v 0.273849 -20.884941 -3.546051
v 0.602669 -20.396338 -3.939667
v 1.254730 -20.278231 -4.028053
v 1.254730 -20.278231 -4.028053
v 1.186295 -20.888090 -2.594017
v 0.622200 -20.918522 -2.704426
v 0.954414 -20.851301 -2.541935
v 0.396820 -20.937670 -2.783726
v 0.168510 -20.922344 -3.222691
v 0.381432 -20.837124 -3.771435
v 0.814728 -20.297712 -3.961479
v 0.814728 -20.297712 -3.961479
v 0.824905 -20.921255 -2.678215
v 0.504051 -20.779367 -3.983685
v 1.648933 -20.564320 -2.885818
v 0.233276 -20.870785 -3.127064
v 0.312492 -20.817919 -3.630196
v 1.756264 -20.396238 -3.148582
v 0.348030 -20.897020 -3.348278
v 0.966843 -20.419107 -4.133480
v 0.966843 -20.419107 -4.133480
v 1.290413 -20.881100 -2.730595
v 0.243263 -20.916641 -3.008549
v 1.074486 -20.843025 -2.665169
v 0.765686 -20.865299 -2.765327
v 0.527206 -20.937134 -2.898323
v 0.383087 -20.927313 -2.979862
v 0.711906 -20.930204 -2.853184
v 0.594414 -20.867756 -2.822437
v 0.914749 -20.856508 -2.719112
v 0.452629 -20.886089 -3.437168
v 0.448227 -20.860983 -3.650146
v 0.335625 -20.928007 -3.143364
v 0.962852 -20.906504 -2.847668
v 1.724930 -20.244827 -3.364979
v 0.371887 -20.854153 -3.257019
v 1.121246 -20.903158 -2.780785
v 0.483879 -20.811958 -3.540634
v 1.532463 -20.859558 -2.992462
v 1.806366 -20.802633 -3.222664
v 1.806366 -20.802633 -3.222664
v 1.198303 -20.826195 -2.796299
v 0.502174 -20.902683 -3.271832
v 0.550423 -20.811443 -3.825531
v 1.046257 -20.735432 -4.126900
v 1.046257 -20.735432 -4.126900
v 1.036903 -20.838213 -2.862045
v 0.518570 -20.832729 -3.352463
v 0.883514 -20.852409 -2.897469
v 0.569283 -20.868706 -2.997936
v 1.246422 -20.870962 -2.921982
v 1.095886 -20.878586 -2.990810
v 0.731003 -20.839956 -2.942341
v 0.686897 -20.907316 -3.032673
v 1.406929 -20.855242 -2.999321
v 0.611298 -20.817226 -3.603256
v 0.835251 -20.898367 -2.993217
v 0.535400 -20.838213 -3.177536
v 1.831528 -20.527651 -3.204308
v 0.500885 -20.925076 -3.078594
v 0.643875 -20.805525 -3.454697
v 1.499741 -20.292307 -4.000221
v 1.499741 -20.292307 -4.000221
v 1.833672 -20.293833 -3.509480
v 0.901291 -20.768913 -3.959030
v 1.150200 -20.331966 -4.095341
v 1.150200 -20.331966 -4.095341
v 1.478905 -20.802435 -3.095829
v 1.552200 -20.853876 -3.145378
v 1.206718 -20.853598 -3.085342
v 1.017525 -20.809168 -3.029915
v 0.956375 -20.865637 -3.124672
v 1.718361 -20.265676 -3.813267
v 1.718361 -20.265676 -3.813267
v 1.718361 -20.265676 -3.813267
v 0.784195 -20.874052 -3.150768
v 0.659401 -20.876863 -3.168732
v 0.676109 -20.806316 -3.287163
v 0.859978 -20.812494 -3.072937
v 0.676682 -20.853598 -3.369194
v 0.682884 -20.809246 -3.697803
v 1.333183 -20.806910 -3.096977
v 1.698524 -20.827522 -3.310684
v 0.774811 -20.771091 -3.850384
v 1.386276 -20.855103 -3.198090
v 0.774094 -20.769863 -3.573997
v 0.726463 -20.737886 -3.762363
v 1.915840 -20.440075 -3.606743
v 1.614212 -20.785744 -3.198120
v 1.805473 -20.381310 -3.836735
v 1.805473 -20.381310 -3.836735
v 1.805473 -20.381310 -3.836735
v 0.851448 -20.803148 -3.633850
v 0.842171 -20.709909 -3.870953
v 1.897499 -20.720581 -3.498604
v 1.080826 -20.829798 -3.271526
v 0.898911 -20.822512 -3.330566
v 1.214714 -20.838352 -3.252945
v 1.523735 -20.842253 -3.331379
v 1.432846 -20.779982 -3.266441
v 1.147186 -20.777704 -3.179428
v 1.002701 -20.768597 -3.214008
v 0.846497 -20.804771 -3.491013
v 0.967560 -20.786398 -3.774544
v 0.894737 -20.733967 -3.712086
v 1.648415 -20.453381 -4.037560
v 1.648415 -20.453381 -4.037560
v 1.648415 -20.453381 -4.037560
v 1.357216 -20.819740 -3.372093
v 0.937737 -20.744856 -3.547897
v 1.004044 -20.721394 -3.836819
v 1.274094 -20.771606 -3.334499
v 1.009102 -20.790237 -3.612457
v 1.059334 -20.768003 -3.939430
v 1.649040 -20.811365 -3.467941
v 1.572868 -20.769487 -3.410439
v 1.422005 -20.752024 -3.420757
v 1.119820 -20.760656 -3.349411
v 0.977570 -20.759409 -3.370636
v 1.052025 -20.801426 -3.442963
v 1.841850 -20.723473 -3.760429
v 1.841850 -20.723473 -3.760429
v 1.491623 -20.811523 -3.507030
v 1.133888 -20.704603 -3.966827
v 1.338745 -20.795664 -3.528717
v 1.197144 -20.790119 -3.424187
v 1.154877 -20.768339 -3.572079
v 1.132095 -20.788733 -3.726715
v 1.717812 -20.772438 -3.553261
v 1.261543 -20.731888 -3.464035
v 1.220261 -20.761488 -4.014919
v 1.378258 -20.469755 -4.129040
v 1.378258 -20.469755 -4.129040
v 1.653465 -20.767784 -3.992241
v 1.653465 -20.767784 -3.992241
v 1.189148 -20.726957 -3.774193
v 1.547592 -20.744303 -3.546318
v 1.220398 -20.726700 -3.620632
v 1.279427 -20.787624 -3.832855
v 1.620316 -20.797049 -3.626625
v 1.335388 -20.802000 -3.655899
v 1.663536 -20.703297 -3.670994
v 1.459656 -20.813820 -3.635906
v 1.313698 -20.735670 -3.896698
v 1.669090 -20.756380 -3.788387
v 1.434494 -20.804712 -3.837700
v 1.530724 -20.737591 -3.679871
v 1.582695 -20.791485 -3.896404
v 1.606483 -20.789703 -3.750504
v 1.475319 -20.742975 -3.850384
v -1.770744 -19.558519 -0.407944
v -1.823509 -19.519493 -0.416721
v 1.897499 -20.720581 -3.498604
v 0.274788 -20.142502 -1.502522
v 0.184753 -20.083042 -1.591690
v -0.420708 -19.625681 -2.002487
v -0.530434 -19.609287 -2.014290
v 0.183517 -20.027681 -1.504047
v 0.039886 -19.571747 -1.568268
v 0.084435 -20.097338 -1.309563
v -0.071617 -19.236216 -1.835991
v 0.021919 -19.515158 -1.625965
v 0.102608 -19.595407 -1.487793
v -0.126389 -19.075123 -1.780014
v -0.120575 -19.172281 -1.629074
v -0.862671 -19.463142 -1.985950
v -0.298050 -19.022455 -1.888451
v -0.077652 -19.867914 -1.257156
v -0.774002 -19.398239 -1.947800
v -0.975113 -19.637205 -2.136753
v -1.175697 -19.714762 -2.096443
v -1.016426 -19.628613 -2.010033
v -0.945709 -19.499159 -2.004894
v -0.317062 -19.044729 -1.619328
v -0.922806 -19.426474 -1.967484
v -0.334496 -19.966024 -0.964081
v -0.957962 -19.224493 -1.917458
v -0.129395 -19.204119 -1.440651
v -0.144882 -19.122404 -1.437431
v -0.238632 -19.541412 -1.280426
v -1.361794 -19.834532 -1.902367
v -1.297798 -19.619148 -1.789677
v -0.426506 -18.987944 -1.701836
v -1.311913 -19.692566 -1.800709
v -1.048500 -19.266449 -1.933323
v -0.195969 -19.407465 -1.269604
v -0.679848 -18.996397 -1.932358
v -0.374313 -18.880825 -1.648102
v -0.256302 -18.941235 -1.547615
v -0.109695 -19.230236 -1.360443
v -0.631462 -20.146362 -0.836998
v -0.086945 -19.195328 -1.334946
v -1.268188 -19.509396 -1.839615
v -0.071754 -19.120920 -1.496052
v -0.854271 -19.037226 -1.910713
v -0.116768 -18.979448 -1.489849
v -1.078453 -19.300743 -2.002750
v -0.108162 -19.018692 -1.634548
v -0.188156 -19.533829 -1.063908
v -0.923546 -20.356440 -0.550907
v -0.582993 -18.869005 -1.806713
v -0.874420 -19.174618 -1.993889
v -0.063118 -18.984735 -1.459412
v 0.132111 -19.350599 -1.480862
v -1.606377 -19.648729 -1.667084
v 0.001541 -19.132345 -1.786835
v -0.763100 -19.042671 -1.981499
v -0.467484 -18.891655 -1.867756
v -1.986168 -20.096069 -1.551620
v -1.919907 -20.036314 -1.539089
v 0.010719 -19.167053 -1.603004
v -1.446442 -19.547392 -1.937508
v -0.797020 -19.020197 -2.093239
v -0.692116 -19.721651 -0.716114
v -0.165131 -19.084211 -1.910908
v 0.100243 -19.112980 -1.632824
v -1.195511 -20.587685 -0.421722
v -0.777969 -19.411070 -2.206013
v -0.699142 -19.188417 -2.079979
v 0.072029 -19.131632 -1.733086
v -0.594933 -19.063877 -2.034576
v -1.907631 -19.698744 -1.532944
v 0.139679 -19.273855 -1.585796
v -2.150131 -20.063341 -1.270752
v -0.608948 -19.111456 -2.094345
v -0.676682 -19.333334 -2.204082
v -0.580025 -19.163847 -2.175186
v 0.051254 -19.300486 -1.654007
v -0.116295 -18.997864 -1.866581
v -0.290489 -19.034433 -2.020504
v -0.016022 -19.069183 -1.814976
v -1.018021 -19.810751 -0.371670
v -0.485115 -19.199091 -2.131546
v -1.918518 -19.683142 -1.324024
v -0.599289 -19.177113 -2.217663
v -0.177528 -18.998358 -1.983627
v 0.183167 -19.343927 -1.663219
v -0.218704 -19.133692 -1.984341
v 0.165611 -19.203011 -1.728325
v -0.312515 -19.254847 -2.045242
v -0.490112 -19.048155 -2.164963
v 0.035843 -19.100903 -1.887135
v 0.240181 -19.677855 -1.693153
v -1.992622 -19.765490 -1.101597
v -0.496597 -19.005051 -2.091587
v -0.447968 -19.228830 -2.207443
v -1.130516 -19.798792 -2.205273
v -0.328583 -19.004911 -2.112530
v -0.135040 -19.098169 -2.033989
v -0.447784 -19.245779 -2.136082
v -2.186310 -19.866133 -1.103642
v -0.400200 -19.650787 -2.453968
v 0.226196 -19.458233 -1.718033
v -0.412590 -19.506723 -2.296276
v -1.258232 -19.873062 -2.150249
v -0.331276 -19.304684 -2.090157
v -1.722260 -20.053719 -1.869717
v 0.034386 -19.132107 -1.915668
v -1.375267 -19.740244 -0.419861
v -2.114784 -19.770103 -1.007553
v -0.299774 -19.231939 -2.183937
v -0.192123 -19.398497 -2.069901
v 0.107689 -19.212357 -1.858768
v -0.272736 -19.205744 -2.178795
v -0.096359 -19.098644 -2.077599
v 0.114677 -19.149490 -1.965439
v 0.259476 -19.298031 -1.804878
v -0.000839 -19.174953 -2.043076
v -0.305763 -19.324879 -2.263290
v 0.268921 -19.443996 -1.815422
v 0.045517 -19.245481 -1.960960
v 0.286392 -19.473419 -1.789520
v -1.396393 -19.727592 -0.278328
v -2.030075 -19.583250 -0.896835
v -0.213570 -19.173569 -2.188038
v -0.192276 -19.446472 -2.161842
v -2.222954 -19.735472 -0.820953
v -0.060616 -19.323078 -2.108528
v 0.281891 -19.341234 -1.881645
v 0.326622 -19.452391 -1.721661
v 0.150459 -19.391764 -1.823502
v 0.392426 -19.817226 -1.911678
v -0.221146 -19.579884 -2.433933
v -0.192726 -19.406139 -2.307758
v -0.138878 -19.259678 -2.157700
v 0.100693 -19.341669 -1.992222
v 0.409164 -19.869757 -1.960037
v -1.596085 -19.621662 -0.394657
v -1.506355 -19.892368 -0.390976
v 0.397774 -19.450808 -1.822857
v -0.613403 -19.755669 -2.375507
v 0.355644 -19.444769 -1.981022
v -0.223175 -19.484468 -2.439686
v 0.367989 -19.368084 -1.883160
v -2.116615 -19.616732 -0.652454
v -0.124046 -19.402338 -2.355598
v -1.628792 -19.856293 -0.292679
v 0.269920 -19.459143 -2.054035
v -1.828789 -19.531296 -0.453785
v -0.165436 -19.548817 -2.246811
v 0.073624 -19.410040 -2.161842
v 0.397545 -19.467539 -2.055073
v -0.065948 -19.517237 -2.279854
v 0.021324 -19.536581 -2.181080
v -1.754295 -19.658550 -0.249134
v -2.174652 -19.678726 -0.596745
v -2.038727 -19.473122 -0.640007
v 0.237923 -19.469280 -2.182129
v -1.825432 -19.722107 -0.343960
v -0.271408 -19.899416 -2.761379
v 0.526802 -19.505911 -2.073189
v 0.346756 -19.516544 -2.151592
v 0.420311 -19.400635 -2.035950
v 0.142624 -19.500031 -2.276451
v -1.911644 -19.502308 -0.374596
v -0.128014 -19.648550 -2.563412
v -1.958565 -19.462372 -0.491486
v 0.016479 -19.505772 -2.493015
v -0.036896 -19.496645 -2.402290
v -0.085396 -19.543175 -2.582928
v 0.303017 -19.464846 -2.305965
v 0.517662 -19.563351 -2.272377
v 0.617569 -19.782042 -2.294388
v 0.133324 -19.876171 -3.070713
v 0.095612 -19.594833 -2.504887
v 0.815948 -19.940205 -2.330971
v -0.017838 -19.676548 -2.650593
v 0.038918 -19.835363 -2.927135
v 0.168999 -19.571232 -2.444462
v 0.121872 -19.573172 -2.591553
v -0.918968 -20.951391 -0.681267
v 0.260086 -19.525414 -2.371376
v -1.330154 -20.889912 -1.999420
v 0.546555 -19.630037 -2.434338
v -0.624466 -20.444214 -3.105309
v -2.312599 -20.391764 -1.097675
v -2.372734 -20.450333 -0.974483
v 0.076370 -19.712465 -2.742954
v 0.338043 -19.642036 -2.419373
v 0.274231 -19.701397 -2.576038
v -0.141663 -19.964558 -2.972664
v 0.215416 -19.689299 -2.625278
v 0.155319 -19.575884 -2.670025
v -0.297043 -20.965508 -1.328506
v -1.972198 -20.854568 -1.414444
v 0.459000 -19.653461 -2.519180
v -0.746689 -20.964954 -1.049694
v -0.906342 -20.965607 -0.920959
v 0.283035 -19.659994 -2.745575
v -0.950943 -20.952223 -0.795765
v 0.614151 -19.649658 -2.436466
v -0.600174 -20.967804 -1.197277
v -1.512230 -20.937986 -0.155289
v -1.996643 -20.863340 -1.170605
v -0.769493 -20.905495 -2.668221
v -0.429024 -20.964300 -1.333477
v -0.826897 -20.911810 -0.967751
v -1.217293 -20.962656 -0.510765
v 0.188499 -19.760025 -2.843945
v -2.410393 -20.438848 -0.693684
v -1.754433 -20.880150 -1.462296
v 0.303673 -19.693338 -2.682850
v 0.329712 -20.947906 -1.788597
v -0.677345 -20.898703 -1.128029
v -1.499397 -20.881655 -1.699078
v -0.561737 -20.494703 -3.241619
v -0.310234 -20.937550 -1.513706
v -1.350792 -20.961172 -0.383148
v -1.124527 -20.883715 -2.085484
v -0.205437 -20.962656 -1.552029
v -0.533569 -20.910503 -1.266708
v -1.125633 -20.905436 -0.732300
v -1.179688 -20.962835 -0.648952
v -1.341133 -20.877220 -1.801449
v 0.342857 -19.688387 -2.847794
v 0.488045 -19.739273 -2.543503
v 0.655495 -19.736303 -2.623699
v -2.332756 -20.830036 -0.992672
v -1.891792 -20.804098 -1.215115
v -1.819984 -20.873419 -1.253937
v -1.801491 -20.846371 -1.381386
v -0.452255 -20.961430 -1.492371
v -1.083206 -20.969746 -0.816414
v -1.375389 -20.976002 -0.550247
v -2.119751 -20.858429 -1.021118
v -2.039055 -20.798634 -1.094791
v -1.650810 -20.885813 -1.559139
v -1.519516 -20.887674 -1.550430
v 0.377655 -19.729017 -2.643257
v -1.759613 -20.550282 -0.093025
v -1.236206 -20.823997 -1.897888
v -0.984184 -20.885555 -2.187744
v -0.143593 -20.949154 -1.755165
v -0.774231 -20.962162 -1.239281
v -0.911613 -20.950579 -1.113400
v -1.107361 -20.964638 -1.001827
v -1.437035 -20.909336 -0.497169
v -1.569160 -20.958817 -0.459805
v -2.227737 -20.840313 -0.906944
v -1.311981 -20.898584 -1.624397
v -1.137337 -20.890703 -1.932159
v -0.820679 -20.896624 -2.362499
v 0.314384 -19.794931 -2.963326
v -0.684021 -20.903059 -1.306747
v -1.619743 -20.881062 -1.342926
v -0.631325 -20.955112 -1.402122
v -1.300835 -20.908958 -0.627743
v -1.574043 -20.826136 -1.454708
v -1.407120 -20.833521 -1.580868
v -0.559090 -20.868765 -3.049740
v 0.325386 -19.880922 -3.285149
v 0.421211 -19.744738 -2.760094
v -0.064072 -20.905790 -1.642010
v -0.296310 -20.960915 -1.638847
v -0.978874 -20.900267 -2.046070
v -0.890083 -20.855440 -2.282936
v 0.307045 -19.907276 -3.264595
v 0.174698 -20.947945 -1.815228
v 0.021797 -20.944838 -1.716366
v -0.205101 -20.907059 -1.651432
v -1.257629 -20.966894 -0.860909
v -2.113716 -20.885635 -0.861050
v -0.991592 -20.905910 -1.035919
v -1.157318 -20.905415 -0.933224
v -2.022591 -20.833679 -0.906483
v -1.811096 -20.902029 -1.061916
v -0.701050 -20.909594 -2.497986
v -1.610466 -20.924681 -0.229099
v -1.653671 -20.898109 -1.187534
v -0.115158 -20.516542 -3.633625
v 0.292320 -20.936581 -1.965496
v -0.957565 -20.955786 -1.304703
v -0.898216 -20.833897 -2.124599
v -0.807518 -20.910780 -2.178223
v 0.736351 -19.828096 -2.748512
v -0.866325 -20.891100 -1.360497
v -1.322037 -20.905930 -0.802666
v -1.413078 -20.964458 -0.724697
v -1.513313 -20.926186 -0.329918
v -2.226326 -20.445204 -0.271072
v -1.957542 -20.921078 -0.863865
v -0.959190 -20.885614 -1.902927
v -0.760994 -20.845282 -2.435936
v 0.412979 -19.740700 -2.980549
v 0.698563 -20.902842 -1.995991
v 0.499527 -20.934797 -2.016907
v -0.795074 -20.957827 -1.427856
v -1.581940 -20.980991 -0.623123
v -1.700317 -20.948065 -0.351467
v -1.768303 -20.906128 -0.108665
v -2.399918 -20.848352 -0.607384
v -1.720100 -20.827641 -1.139721
v -0.816078 -20.914999 -1.996311
v 0.008568 -20.941273 -1.892986
v -0.701424 -20.887814 -1.502773
v -1.041626 -20.886446 -1.249683
v -1.125130 -20.949648 -1.182953
v -1.314278 -20.919275 -1.439278
v -1.139717 -20.911673 -1.551678
v -1.153984 -20.905336 -1.745125
v -1.032524 -20.851282 -1.797836
v -0.559654 -20.895456 -2.776726
v -0.614479 -20.951569 -1.548920
v -2.188789 -20.865301 -0.719055
v -1.883377 -20.832432 -1.027489
v -1.481979 -20.911573 -1.302830
v -0.660080 -20.911118 -2.298645
v -0.616638 -20.894466 -2.679279
v 0.091774 -20.886051 -1.933884
v -0.151207 -20.953489 -1.932495
v -0.312691 -20.960539 -1.810577
v -2.364067 -20.503574 -0.483242
v -0.608444 -20.855103 -2.548584
v 0.515656 -19.803108 -2.988640
v 0.404335 -20.869102 -2.004993
v -0.451302 -20.946936 -1.676842
v -2.006851 -20.544224 -0.158199
v 0.621689 -19.855043 -2.783852
v -1.287170 -20.955965 -1.050034
v -1.745865 -20.874210 -0.285900
v -2.366936 -20.717552 -0.513832
v -1.788383 -20.931215 -0.883072
v -1.389084 -20.847618 -1.384300
v 0.120918 -20.949905 -2.024441
v -1.866623 -20.872051 -0.856808
v -0.494118 -20.877161 -2.975548
v 0.241074 -20.879141 -2.064621
v -1.805565 -20.944817 -0.523464
v -1.883209 -20.945866 -0.417786
v -2.094116 -20.928404 -0.667896
v -2.019913 -20.884525 -0.738655
v -0.965004 -20.921810 -1.668541
v -0.651695 -20.919394 -2.127682
v -0.484779 -20.951569 -1.872421
v -1.829857 -20.909237 -0.260239
v -0.813446 -20.927511 -1.800499
v -0.514626 -20.933273 -2.416908
v -0.456802 -20.912148 -2.777256
v 0.035362 -20.335867 -3.641930
v 0.593445 -19.822750 -2.968647
v -0.296806 -20.935789 -1.976639
v -1.292732 -20.935373 -1.229424
v -1.501961 -20.903217 -0.834461
v -2.262421 -20.521730 -0.233131
v -1.202721 -20.850945 -1.489067
v -0.887451 -20.854944 -1.756927
v -0.804039 -20.938086 -1.622211
v -0.887482 -20.871616 -1.563408
v -2.241920 -20.874369 -0.600677
v -1.630020 -20.925987 -0.986973
v -0.715874 -20.865538 -2.057762
v -0.583443 -20.857935 -2.362823
v 0.129158 -20.164934 -3.576530
v 0.443542 -20.933807 -2.128281
v 0.268600 -20.932522 -2.184273
v -0.009468 -20.948341 -2.059006
v -0.639557 -20.943926 -1.733265
v -1.031296 -20.869993 -1.439083
v -1.139984 -20.940441 -1.373882
v -1.448433 -20.956024 -0.928814
v -1.678299 -20.900505 -0.756214
v -1.533974 -20.857479 -1.057034
v -0.976021 -20.920858 -1.514072
v -0.507301 -20.906345 -2.591228
v -0.706787 -20.876686 -1.683422
v -1.625076 -20.944283 -0.811642
v -0.497269 -20.936441 -2.234337
v -0.391335 -20.888050 -2.938995
v 0.375122 -20.874210 -2.200150
v -0.178467 -20.946182 -2.120876
v -0.536552 -20.887892 -1.797066
v -1.461678 -20.922403 -1.107716
v -0.645630 -20.937927 -1.919811
v -0.139954 -20.902187 -3.377174
v -1.924065 -20.966181 -0.606487
v -1.770073 -20.975706 -0.702801
v -1.381050 -20.867598 -1.183529
v 0.114609 -20.914742 -2.164124
v -1.229897 -20.878309 -1.325974
v -2.232903 -20.761965 -0.262001
v -0.373909 -20.932323 -2.380325
v 0.604645 -20.906168 -2.153889
v -0.238548 -20.883892 -2.051559
v -0.396645 -20.879299 -1.955963
v -2.194504 -20.881437 -0.284222
v -2.140755 -20.841045 -0.619217
v -1.845604 -20.909098 -0.664116
v -0.338707 -20.849340 -2.822773
v -0.289085 -20.898346 -3.025055
v -0.711815 -20.869022 -1.863934
v -0.486389 -20.937254 -2.057915
v -1.928070 -20.863260 -0.363575
v -0.572815 -20.873102 -2.012203
v 0.540245 -20.923908 -2.234955
v -0.010506 -20.944698 -2.194645
v -0.422516 -20.873062 -2.313625
v -0.395203 -20.926760 -2.582172
v -1.974007 -20.891457 -0.544117
v -0.271492 -20.923393 -2.799156
v 0.103279 -20.856192 -3.758652
v 0.286621 -20.934443 -2.305698
v -0.339272 -20.943907 -2.177341
v -2.170029 -20.899376 -0.373825
v -0.339676 -20.872705 -3.402977
v 0.988983 -20.879635 -2.175575
v 0.143982 -20.937115 -2.328491
v -2.046165 -20.929472 -0.452522
v -0.305145 -20.874924 -2.623951
v -0.272278 -20.872784 -3.165218
v -0.183815 -20.937273 -2.290398
v 0.736130 -20.908384 -2.361423
v -0.381203 -20.883160 -2.107826
v -0.269905 -20.874487 -2.451027
v 0.479897 -20.908226 -2.359055
v -2.108078 -20.854233 -0.419567
v -0.182877 -20.940779 -2.464832
v 0.678612 -20.856548 -2.274479
v 0.041801 -20.882387 -2.314968
v -0.267319 -20.882387 -2.252708
v -0.187347 -20.919275 -2.687595
v -0.136200 -20.895950 -2.936207
v 0.349625 -20.868250 -2.383209
v -0.169006 -20.912207 -3.175018
v 0.203537 -20.919136 -2.501709
v 0.382469 -20.933847 -2.509186
v -0.033058 -20.935789 -2.383865
v -0.120590 -20.849203 -3.274704
v -0.074120 -20.862410 -3.068401
v 0.553001 -20.926245 -2.429241
v -0.144493 -20.878862 -2.574177
v 0.053268 -20.900108 -3.493507
v 0.100983 -20.938105 -2.525974
v -0.078613 -20.928364 -2.762558
v -0.051704 -20.916641 -3.191902
v 0.330315 -20.871399 -2.577496
v 0.009308 -20.924026 -3.068054
v -0.039230 -20.939095 -2.578938
v 0.483932 -20.863102 -2.515919
v -0.034866 -20.867636 -2.876564
v 0.919632 -20.907791 -2.423069
v 0.647308 -20.859400 -2.471439
v 0.016518 -20.852133 -3.382915
v 0.545113 -20.931194 -2.596703
v 0.399971 -20.921274 -2.673805
v 1.340073 -20.877457 -2.535858
v 0.689659 -20.922384 -2.556801
v 0.153183 -20.878784 -2.636604
v 0.089760 -20.940758 -2.712574
v 0.122017 -20.932343 -2.901894
v 0.055634 -20.860489 -3.207375
v 0.192757 -20.935827 -2.734486
v 0.100967 -20.917749 -3.342117
v 0.091797 -20.870111 -3.010006
v 0.165276 -20.836195 -3.502998
v 1.053619 -20.901970 -2.555374
v 0.927711 -20.916563 -2.606014
v 0.299347 -20.876150 -2.757431
v 0.243347 -20.904484 -3.417313
v 0.132935 -20.869913 -2.823879
v 0.273849 -20.884941 -3.546051
v 0.622200 -20.918522 -2.704426
v 0.954414 -20.851301 -2.541935
v 0.396820 -20.937670 -2.783726
v 0.168510 -20.922344 -3.222691
v 0.381432 -20.837124 -3.771435
v 0.824905 -20.921255 -2.678215
v 0.504051 -20.779367 -3.983685
v 0.233276 -20.870785 -3.127064
v 0.312492 -20.817919 -3.630196
v 0.348030 -20.897020 -3.348278
v 1.290413 -20.881100 -2.730595
v 0.243263 -20.916641 -3.008549
v 1.074486 -20.843025 -2.665169
v 0.765686 -20.865299 -2.765327
v 0.527206 -20.937134 -2.898323
v 0.383087 -20.927313 -2.979862
v 0.711906 -20.930204 -2.853184
v 0.594414 -20.867756 -2.822437
v 0.914749 -20.856508 -2.719112
v 0.452629 -20.886089 -3.437168
v 0.448227 -20.860983 -3.650146
v 0.335625 -20.928007 -3.143364
v 0.962852 -20.906504 -2.847668
v 0.371887 -20.854153 -3.257019
v 1.121246 -20.903158 -2.780785
v 0.483879 -20.811958 -3.540634
v 1.532463 -20.859558 -2.992462
v 1.806366 -20.802633 -3.222664
v 1.198303 -20.826195 -2.796299
v 0.502174 -20.902683 -3.271832
v 0.550423 -20.811443 -3.825531
v 1.046257 -20.735432 -4.126900
v 1.036903 -20.838213 -2.862045
v 0.518570 -20.832729 -3.352463
v 0.883514 -20.852409 -2.897469
v 0.569283 -20.868706 -2.997936
v 1.246422 -20.870962 -2.921982
v 1.095886 -20.878586 -2.990810
v 0.731003 -20.839956 -2.942341
v 0.686897 -20.907316 -3.032673
v 1.406929 -20.855242 -2.999321
v 0.611298 -20.817226 -3.603256
v 0.835251 -20.898367 -2.993217
v 0.535400 -20.838213 -3.177536
v 0.500885 -20.925076 -3.078594
v 0.643875 -20.805525 -3.454697
v 0.901291 -20.768913 -3.959030
v 1.478905 -20.802435 -3.095829
v 1.552200 -20.853876 -3.145378
v 1.206718 -20.853598 -3.085342
v 1.017525 -20.809168 -3.029915
v 0.956375 -20.865637 -3.124672
v 0.784195 -20.874052 -3.150768
v 0.659401 -20.876863 -3.168732
v 0.676109 -20.806316 -3.287163
v 0.859978 -20.812494 -3.072937
v 0.676682 -20.853598 -3.369194
v 0.682884 -20.809246 -3.697803
v 1.333183 -20.806910 -3.096977
v 1.698524 -20.827522 -3.310684
v 0.774811 -20.771091 -3.850384
v 1.386276 -20.855103 -3.198090
v 0.774094 -20.769863 -3.573997
v 0.726463 -20.737886 -3.762363
v 1.614212 -20.785744 -3.198120
v 0.851448 -20.803148 -3.633850
v 0.842171 -20.709909 -3.870953
v 1.080826 -20.829798 -3.271526
v 0.898911 -20.822512 -3.330566
v 1.214714 -20.838352 -3.252945
v 1.523735 -20.842253 -3.331379
v 1.432846 -20.779982 -3.266441
v 1.147186 -20.777704 -3.179428
v 1.002701 -20.768597 -3.214008
v 0.846497 -20.804771 -3.491013
v 0.967560 -20.786398 -3.774544
v 0.894737 -20.733967 -3.712086
v 1.357216 -20.819740 -3.372093
v 0.937737 -20.744856 -3.547897
v 1.004044 -20.721394 -3.836819
v 1.274094 -20.771606 -3.334499
v 1.009102 -20.790237 -3.612457
v 1.059334 -20.768003 -3.939430
v 1.649040 -20.811365 -3.467941
v 1.572868 -20.769487 -3.410439
v 1.422005 -20.752024 -3.420757
v 1.119820 -20.760656 -3.349411
v 0.977570 -20.759409 -3.370636
v 1.052025 -20.801426 -3.442963
v 1.841850 -20.723473 -3.760429
v 1.491623 -20.811523 -3.507030
v 1.133888 -20.704603 -3.966827
v 1.338745 -20.795664 -3.528717
v 1.197144 -20.790119 -3.424187
v 1.154877 -20.768339 -3.572079
v 1.132095 -20.788733 -3.726715
v 1.717812 -20.772438 -3.553261
v 1.261543 -20.731888 -3.464035
v 1.220261 -20.761488 -4.014919
v 1.653465 -20.767784 -3.992241
v 1.189148 -20.726957 -3.774193
v 1.547592 -20.744303 -3.546318
v 1.220398 -20.726700 -3.620632
v 1.279427 -20.787624 -3.832855
v 1.620316 -20.797049 -3.626625
v 1.335388 -20.802000 -3.655899
v 1.663536 -20.703297 -3.670994
v 1.459656 -20.813820 -3.635906
v 1.313698 -20.735670 -3.896698
v 1.669090 -20.756380 -3.788387
v 1.434494 -20.804712 -3.837700
v 1.530724 -20.737591 -3.679871
v 1.582695 -20.791485 -3.896404
v 1.606483 -20.789703 -3.750504
v 1.475319 -20.742975 -3.850384
v 1.897499 -20.720581 -3.498604
v -0.017548 -19.543095 -1.814793
v 0.274788 -20.142502 -1.502522
v -0.039932 -19.440472 -1.732399
v -0.071617 -19.236216 -1.835991
v -0.004929 -19.880249 -1.270012
v 0.096558 -19.502287 -1.489697
v -0.126389 -19.075123 -1.780014
v -0.120575 -19.172281 -1.629074
v -0.013069 -19.388874 -1.468666
v 0.088913 -19.490290 -1.469788
v -0.862671 -19.463142 -1.985950
v -0.298050 -19.022455 -1.888451
v -0.774002 -19.398239 -1.947800
v 0.067329 -19.534046 -1.434143
v -0.975113 -19.637205 -2.136753
v -1.175697 -19.714762 -2.096443
v 0.083626 -19.478291 -1.416611
v -0.014648 -19.698881 -1.273148
v -0.945709 -19.499159 -2.004894
v -0.647255 -19.045700 -1.949158
v -0.519302 -19.019899 -1.944271
v -0.317062 -19.044729 -1.619328
v -0.922806 -19.426474 -1.967484
v -0.957962 -19.224493 -1.917458
v -0.129395 -19.204119 -1.440651
v -0.144882 -19.122404 -1.437431
v -0.238632 -19.541412 -1.280426
v -1.297798 -19.619148 -1.789677
v -0.426506 -18.987944 -1.701836
v -1.311913 -19.692566 -1.800709
v -1.048500 -19.266449 -1.933323
v -0.195969 -19.407465 -1.269604
v -0.679848 -18.996397 -1.932358
v -0.374313 -18.880825 -1.648102
v -0.256302 -18.941235 -1.547615
v -0.109695 -19.230236 -1.360443
v -0.631462 -20.146362 -0.836998
v -0.086945 -19.195328 -1.334946
v -1.268188 -19.509396 -1.839615
v -0.854271 -19.037226 -1.910713
v -0.116768 -18.979448 -1.489849
v -1.078453 -19.300743 -2.002750
v -0.108162 -19.018692 -1.634548
v -0.188156 -19.533829 -1.063908
v -0.582993 -18.869005 -1.806713
v -0.874420 -19.174618 -1.993889
v -0.063118 -18.984735 -1.459412
v 0.132111 -19.350599 -1.480862
v -1.606377 -19.648729 -1.667084
v 0.001541 -19.132345 -1.786835
v -0.763100 -19.042671 -1.981499
v -0.467484 -18.891655 -1.867756
v 0.010719 -19.167053 -1.603004
v -1.446442 -19.547392 -1.937508
v -0.797020 -19.020197 -2.093239
v -0.692116 -19.721651 -0.716114
v 0.060593 -19.209328 -1.608688
v -1.188148 -20.197922 -0.361462
v -0.165131 -19.084211 -1.910908
v 0.100243 -19.112980 -1.632824
v -0.777969 -19.411070 -2.206013
v -0.699142 -19.188417 -2.079979
v 0.072029 -19.131632 -1.733086
v -0.594933 -19.063877 -2.034576
v -1.907631 -19.698744 -1.532944
v 0.139679 -19.273855 -1.585796
v -0.608948 -19.111456 -2.094345
v -0.580025 -19.163847 -2.175186
v -0.116295 -18.997864 -1.866581
v -0.290489 -19.034433 -2.020504
v -0.016022 -19.069183 -1.814976
v -1.018021 -19.810751 -0.371670
v -0.485115 -19.199091 -2.131546
v -0.599289 -19.177113 -2.217663
v -0.177528 -18.998358 -1.983627
v 0.183167 -19.343927 -1.663219
v -0.218704 -19.133692 -1.984341
v 0.165611 -19.203011 -1.728325
v -0.312515 -19.254847 -2.045242
v -0.490112 -19.048155 -2.164963
v 0.035843 -19.100903 -1.887135
v -1.992622 -19.765490 -1.101597
v -0.503479 -19.064510 -2.120289
v -0.496597 -19.005051 -2.091587
v 0.083710 -19.155153 -1.756802
v -0.240410 -19.089893 -2.042526
v -0.328583 -19.004911 -2.112530
v -0.135040 -19.098169 -2.033989
v -0.447784 -19.245779 -2.136082
v -0.400200 -19.650787 -2.453968
v -0.412590 -19.506723 -2.296276
v 0.099304 -19.202517 -1.785839
v 0.254066 -19.341175 -1.675148
v -0.331276 -19.304684 -2.090157
v -1.152878 -20.106070 -0.320454
v 0.034386 -19.132107 -1.915668
v -1.375267 -19.740244 -0.419861
v -0.265160 -19.391308 -2.078033
v -0.220657 -19.176836 -2.094402
v -1.238953 -20.294683 -0.299564
v -0.299774 -19.231939 -2.183937
v -0.092270 -19.202101 -2.035065
v 0.107689 -19.212357 -1.858768
v 0.227287 -19.322840 -1.769051
v -0.272736 -19.205744 -2.178795
v -0.096359 -19.098644 -2.077599
v 0.114677 -19.149490 -1.965439
v 0.259476 -19.298031 -1.804878
v -0.000839 -19.174953 -2.043076
v -1.377144 -19.996536 -0.312473
v -0.305763 -19.324879 -2.263290
v 0.045517 -19.245481 -1.960960
v -1.396393 -19.727592 -0.278328
v -0.213570 -19.173569 -2.188038
v -0.060616 -19.323078 -2.108528
v 0.281891 -19.341234 -1.881645
v 0.354172 -19.526463 -1.766460
v 0.326622 -19.452391 -1.721661
v -0.221146 -19.579884 -2.433933
v -0.192726 -19.406139 -2.307758
v -0.138878 -19.259678 -2.157700
v -1.596085 -19.621662 -0.394657
v -1.506355 -19.892368 -0.390976
v 0.397774 -19.450808 -1.822857
v 0.355644 -19.444769 -1.981022
v -0.223175 -19.484468 -2.439686
v 0.367989 -19.368084 -1.883160
v -0.124046 -19.402338 -2.355598
v 0.228531 -19.440037 -1.922710
v -1.103889 -20.228968 -0.336456
v 0.269920 -19.459143 -2.054035
v 0.416435 -19.560005 -1.917965
v 0.073624 -19.410040 -2.161842
v 0.397545 -19.467539 -2.055073
v -0.065948 -19.517237 -2.279854
v 0.237923 -19.469280 -2.182129
v 0.432533 -19.566637 -1.987297
v 0.526802 -19.505911 -2.073189
v 0.346756 -19.516544 -2.151592
v 0.420311 -19.400635 -2.035950
v -0.020737 -19.519850 -2.270180
v 0.142624 -19.500031 -2.276451
v -0.128014 -19.648550 -2.563412
v 0.016479 -19.505772 -2.493015
v -0.036896 -19.496645 -2.402290
v -0.085396 -19.543175 -2.582928
v 0.303017 -19.464846 -2.305965
v 0.517662 -19.563351 -2.272377
v 0.617569 -19.782042 -2.294388
v 0.133324 -19.876171 -3.070713
v 0.095612 -19.594833 -2.504887
v 0.815948 -19.940205 -2.330971
v -0.017838 -19.676548 -2.650593
v 0.038918 -19.835363 -2.927135
v 0.168999 -19.571232 -2.444462
v 0.121872 -19.573172 -2.591553
v 0.051453 -19.653658 -2.451881
v -0.918968 -20.951391 -0.681267
v 0.260086 -19.525414 -2.371376
v 0.546555 -19.630037 -2.434338
v 0.076370 -19.712465 -2.742954
v 0.338043 -19.642036 -2.419373
v 0.274231 -19.701397 -2.576038
v 0.215416 -19.689299 -2.625278
v 0.155319 -19.575884 -2.670025
v -0.297043 -20.965508 -1.328506
v -1.972198 -20.854568 -1.414444
v 0.459000 -19.653461 -2.519180
v -0.746689 -20.964954 -1.049694
v -0.906342 -20.965607 -0.920959
v 0.283035 -19.659994 -2.745575
v -0.950943 -20.952223 -0.795765
v 0.614151 -19.649658 -2.436466
v -0.600174 -20.967804 -1.197277
v -0.769493 -20.905495 -2.668221
v -0.429024 -20.964300 -1.333477
v -0.826897 -20.911810 -0.967751
v -1.217293 -20.962656 -0.510765
v 0.188499 -19.760025 -2.843945
v -1.754433 -20.880150 -1.462296
v 0.329712 -20.947906 -1.788597
v -0.677345 -20.898703 -1.128029
v -1.499397 -20.881655 -1.699078
v -0.310234 -20.937550 -1.513706
v -0.205437 -20.962656 -1.552029
v -0.533569 -20.910503 -1.266708
v -1.125633 -20.905436 -0.732300
v -1.179688 -20.962835 -0.648952
v -1.341133 -20.877220 -1.801449
v 0.342857 -19.688387 -2.847794
v 0.655495 -19.736303 -2.623699
v -1.819984 -20.873419 -1.253937
v -1.801491 -20.846371 -1.381386
v -0.452255 -20.961430 -1.492371
v -1.083206 -20.969746 -0.816414
v -1.375389 -20.976002 -0.550247
v -1.650810 -20.885813 -1.559139
v -1.519516 -20.887674 -1.550430
v 0.377655 -19.729017 -2.643257
v -1.236206 -20.823997 -1.897888
v -0.143593 -20.949154 -1.755165
v -0.774231 -20.962162 -1.239281
v -0.911613 -20.950579 -1.113400
v -1.107361 -20.964638 -1.001827
v -1.311981 -20.898584 -1.624397
v -1.137337 -20.890703 -1.932159
v -0.820679 -20.896624 -2.362499
v 0.314384 -19.794931 -2.963326
v -0.684021 -20.903059 -1.306747
v -1.619743 -20.881062 -1.342926
v -0.631325 -20.955112 -1.402122
v -1.300835 -20.908958 -0.627743
v -1.574043 -20.826136 -1.454708
v -1.407120 -20.833521 -1.580868
v -0.559090 -20.868765 -3.049740
v 0.325386 -19.880922 -3.285149
v 0.421211 -19.744738 -2.760094
v -0.064072 -20.905790 -1.642010
v -0.296310 -20.960915 -1.638847
v -0.978874 -20.900267 -2.046070
v 0.307045 -19.907276 -3.264595
v 0.174698 -20.947945 -1.815228
v 0.021797 -20.944838 -1.716366
v -0.205101 -20.907059 -1.651432
v -1.257629 -20.966894 -0.860909
v -0.991592 -20.905910 -1.035919
v -1.157318 -20.905415 -0.933224
v -0.701050 -20.909594 -2.497986
v -1.653671 -20.898109 -1.187534
v -0.957565 -20.955786 -1.304703
v -0.898216 -20.833897 -2.124599
v 0.736351 -19.828096 -2.748512
v -0.866325 -20.891100 -1.360497
v -1.322037 -20.905930 -0.802666
v -1.413078 -20.964458 -0.724697
v -0.959190 -20.885614 -1.902927
v -0.760994 -20.845282 -2.435936
v 0.412979 -19.740700 -2.980549
v 0.499527 -20.934797 -2.016907
v -0.795074 -20.957827 -1.427856
v -1.720100 -20.827641 -1.139721
v -0.816078 -20.914999 -1.996311
v 0.008568 -20.941273 -1.892986
v -0.701424 -20.887814 -1.502773
v -1.041626 -20.886446 -1.249683
v -1.125130 -20.949648 -1.182953
v -1.314278 -20.919275 -1.439278
v -1.139717 -20.911673 -1.551678
v -1.153984 -20.905336 -1.745125
v -1.032524 -20.851282 -1.797836
v -0.559654 -20.895456 -2.776726
v -0.614479 -20.951569 -1.548920
v -1.481979 -20.911573 -1.302830
v -0.616638 -20.894466 -2.679279
v 0.091774 -20.886051 -1.933884
v -0.151207 -20.953489 -1.932495
v -0.312691 -20.960539 -1.810577
v -0.608444 -20.855103 -2.548584
v 0.515656 -19.803108 -2.988640
v 0.404335 -20.869102 -2.004993
v -0.451302 -20.946936 -1.676842
v 0.621689 -19.855043 -2.783852
v -1.287170 -20.955965 -1.050034
v -1.389084 -20.847618 -1.384300
v 0.120918 -20.949905 -2.024441
v -0.494118 -20.877161 -2.975548
v -0.965004 -20.921810 -1.668541
v -0.651695 -20.919394 -2.127682
v -0.484779 -20.951569 -1.872421
v -0.813446 -20.927511 -1.800499
v -0.514626 -20.933273 -2.416908
v -0.456802 -20.912148 -2.777256
v 0.035362 -20.335867 -3.641930
v 0.593445 -19.822750 -2.968647
v -0.296806 -20.935789 -1.976639
v -1.292732 -20.935373 -1.229424
v -1.501961 -20.903217 -0.834461
v -1.202721 -20.850945 -1.489067
v -0.887451 -20.854944 -1.756927
v -0.804039 -20.938086 -1.622211
v -0.887482 -20.871616 -1.563408
v -1.630020 -20.925987 -0.986973
v -0.715874 -20.865538 -2.057762
v -0.583443 -20.857935 -2.362823
v 0.129158 -20.164934 -3.576530
v 0.443542 -20.933807 -2.128281
v -0.009468 -20.948341 -2.059006
v -0.639557 -20.943926 -1.733265
v -1.031296 -20.869993 -1.439083
v -1.139984 -20.940441 -1.373882
v -1.448433 -20.956024 -0.928814
v -1.533974 -20.857479 -1.057034
v -0.976021 -20.920858 -1.514072
v -0.507301 -20.906345 -2.591228
v -0.706787 -20.876686 -1.683422
v -0.497269 -20.936441 -2.234337
v -0.391335 -20.888050 -2.938995
v -0.178467 -20.946182 -2.120876
v -0.536552 -20.887892 -1.797066
v -1.461678 -20.922403 -1.107716
v -0.645630 -20.937927 -1.919811
v -0.139954 -20.902187 -3.377174
v -1.381050 -20.867598 -1.183529
v -1.229897 -20.878309 -1.325974
v -0.373909 -20.932323 -2.380325
v -0.238548 -20.883892 -2.051559
v -0.396645 -20.879299 -1.955963
v -0.338707 -20.849340 -2.822773
v -0.289085 -20.898346 -3.025055
v -0.711815 -20.869022 -1.863934
v -0.486389 -20.937254 -2.057915
v -0.572815 -20.873102 -2.012203
v -0.422516 -20.873062 -2.313625
v -0.395203 -20.926760 -2.582172
v -0.271492 -20.923393 -2.799156
v 0.103279 -20.856192 -3.758652
v -0.339272 -20.943907 -2.177341
v -0.339676 -20.872705 -3.402977
v 0.988983 -20.879635 -2.175575
v -0.305145 -20.874924 -2.623951
v -0.272278 -20.872784 -3.165218
v -0.381203 -20.883160 -2.107826
v -0.267319 -20.882387 -2.252708
v -0.187347 -20.919275 -2.687595
v -0.136200 -20.895950 -2.936207
v -0.169006 -20.912207 -3.175018
v -0.120590 -20.849203 -3.274704
v -0.074120 -20.862410 -3.068401
v -0.144493 -20.878862 -2.574177
v 0.053268 -20.900108 -3.493507
v -0.078613 -20.928364 -2.762558
v -0.051704 -20.916641 -3.191902
v 0.009308 -20.924026 -3.068054
v -0.039230 -20.939095 -2.578938
v -0.034866 -20.867636 -2.876564
v 0.919632 -20.907791 -2.423069
v 0.016518 -20.852133 -3.382915
v 0.997223 -20.895119 -2.380871
v 1.340073 -20.877457 -2.535858
v 0.153183 -20.878784 -2.636604
v 0.089760 -20.940758 -2.712574
v 0.055634 -20.860489 -3.207375
v 0.192757 -20.935827 -2.734486
v 0.100967 -20.917749 -3.342117
v 0.091797 -20.870111 -3.010006
v 0.165276 -20.836195 -3.502998
v 1.053619 -20.901970 -2.555374
v 0.243347 -20.904484 -3.417313
v 1.113602 -20.839460 -2.483551
v 0.273849 -20.884941 -3.546051
v 1.186295 -20.888090 -2.594017
v 0.168510 -20.922344 -3.222691
v 0.381432 -20.837124 -3.771435
v 0.504051 -20.779367 -3.983685
v 0.233276 -20.870785 -3.127064
v 0.312492 -20.817919 -3.630196
v 0.348030 -20.897020 -3.348278
v 1.290413 -20.881100 -2.730595
v 1.074486 -20.843025 -2.665169
v 0.383087 -20.927313 -2.979862
v 0.452629 -20.886089 -3.437168
v 0.448227 -20.860983 -3.650146
v 0.371887 -20.854153 -3.257019
v 1.121246 -20.903158 -2.780785
v 0.483879 -20.811958 -3.540634
v 1.532463 -20.859558 -2.992462
v 1.806366 -20.802633 -3.222664
v 1.198303 -20.826195 -2.796299
v 0.550423 -20.811443 -3.825531
v 1.046257 -20.735432 -4.126900
v 1.036903 -20.838213 -2.862045
v 1.246422 -20.870962 -2.921982
v 0.686897 -20.907316 -3.032673
v 1.406929 -20.855242 -2.999321
v 0.611298 -20.817226 -3.603256
v 0.535400 -20.838213 -3.177536
v 0.500885 -20.925076 -3.078594
v 0.901291 -20.768913 -3.959030
v 1.478905 -20.802435 -3.095829
v 1.552200 -20.853876 -3.145378
v 1.206718 -20.853598 -3.085342
v 1.017525 -20.809168 -3.029915
v 0.956375 -20.865637 -3.124672
v 0.784195 -20.874052 -3.150768
v 0.659401 -20.876863 -3.168732
v 0.859978 -20.812494 -3.072937
v 0.682884 -20.809246 -3.697803
v 1.333183 -20.806910 -3.096977
v 1.698524 -20.827522 -3.310684
v 0.774811 -20.771091 -3.850384
v 1.386276 -20.855103 -3.198090
v 0.774094 -20.769863 -3.573997
v 0.726463 -20.737886 -3.762363
v 1.614212 -20.785744 -3.198120
v 0.851448 -20.803148 -3.633850
v 0.842171 -20.709909 -3.870953
v 1.080826 -20.829798 -3.271526
v 0.898911 -20.822512 -3.330566
v 1.214714 -20.838352 -3.252945
v 1.523735 -20.842253 -3.331379
v 1.432846 -20.779982 -3.266441
v 1.147186 -20.777704 -3.179428
v 1.002701 -20.768597 -3.214008
v 0.846497 -20.804771 -3.491013
v 0.967560 -20.786398 -3.774544
v 0.833672 -20.780952 -3.247849
v 0.894737 -20.733967 -3.712086
v 1.357216 -20.819740 -3.372093
v 0.937737 -20.744856 -3.547897
v 1.004044 -20.721394 -3.836819
v 1.274094 -20.771606 -3.334499
v 1.009102 -20.790237 -3.612457
v 1.059334 -20.768003 -3.939430
v 1.649040 -20.811365 -3.467941
v 1.572868 -20.769487 -3.410439
v 1.422005 -20.752024 -3.420757
v 1.119820 -20.760656 -3.349411
v 0.977570 -20.759409 -3.370636
v 1.052025 -20.801426 -3.442963
v 1.841850 -20.723473 -3.760429
v 1.491623 -20.811523 -3.507030
v 1.133888 -20.704603 -3.966827
v 1.338745 -20.795664 -3.528717
v 1.197144 -20.790119 -3.424187
v 1.154877 -20.768339 -3.572079
v 1.132095 -20.788733 -3.726715
v 1.717812 -20.772438 -3.553261
v 1.261543 -20.731888 -3.464035
v 1.220261 -20.761488 -4.014919
v 1.653465 -20.767784 -3.992241
v 1.189148 -20.726957 -3.774193
v 1.547592 -20.744303 -3.546318
v 1.220398 -20.726700 -3.620632
v 1.279427 -20.787624 -3.832855
v 1.620316 -20.797049 -3.626625
v 1.335388 -20.802000 -3.655899
v 1.663536 -20.703297 -3.670994
v 1.459656 -20.813820 -3.635906
v 1.313698 -20.735670 -3.896698
v 1.669090 -20.756380 -3.788387
v 1.434494 -20.804712 -3.837700
v 1.530724 -20.737591 -3.679871
v 1.582695 -20.791485 -3.896404
v 1.606483 -20.789703 -3.750504
v 1.475319 -20.742975 -3.850384
v 1.897499 -20.720581 -3.498604
v -0.017548 -19.543095 -1.814793
v 0.274788 -20.142502 -1.502522
v -0.420708 -19.625681 -2.002487
v -0.530434 -19.609287 -2.014290
v -0.039932 -19.440472 -1.732399
v 0.183517 -20.027681 -1.504047
v 0.039886 -19.571747 -1.568268
v 0.084435 -20.097338 -1.309563
v -0.071617 -19.236216 -1.835991
v 0.021919 -19.515158 -1.625965
v -0.126389 -19.075123 -1.780014
v -0.120575 -19.172281 -1.629074
v -0.013069 -19.388874 -1.468666
v -0.862671 -19.463142 -1.985950
v -0.298050 -19.022455 -1.888451
v -0.077652 -19.867914 -1.257156
v -0.774002 -19.398239 -1.947800
v -0.975113 -19.637205 -2.136753
v -1.175697 -19.714762 -2.096443
v -1.016426 -19.628613 -2.010033
v -0.945709 -19.499159 -2.004894
v -0.647255 -19.045700 -1.949158
v -0.519302 -19.019899 -1.944271
v -0.317062 -19.044729 -1.619328
v -0.922806 -19.426474 -1.967484
v -0.334496 -19.966024 -0.964081
v -0.957962 -19.224493 -1.917458
v -0.129395 -19.204119 -1.440651
v -0.144882 -19.122404 -1.437431
v -0.238632 -19.541412 -1.280426
v -1.297798 -19.619148 -1.789677
v -0.426506 -18.987944 -1.701836
v -1.311913 -19.692566 -1.800709
v -1.048500 -19.266449 -1.933323
v -0.195969 -19.407465 -1.269604
v -0.679848 -18.996397 -1.932358
v -0.374313 -18.880825 -1.648102
v -0.256302 -18.941235 -1.547615
v -0.109695 -19.230236 -1.360443
v -0.631462 -20.146362 -0.836998
v -0.086945 -19.195328 -1.334946
v -1.268188 -19.509396 -1.839615
v -0.071754 -19.120920 -1.496052
v -0.854271 -19.037226 -1.910713
v -0.116768 -18.979448 -1.489849
v -1.078453 -19.300743 -2.002750
v -0.108162 -19.018692 -1.634548
v -0.188156 -19.533829 -1.063908
v -0.923546 -20.356440 -0.550907
v -0.006287 -19.211882 -1.563591
v -0.874420 -19.174618 -1.993889
v -0.063118 -18.984735 -1.459412
v 0.132111 -19.350599 -1.480862
v -1.606377 -19.648729 -1.667084
v 0.001541 -19.132345 -1.786835
v -0.763100 -19.042671 -1.981499
v -0.467484 -18.891655 -1.867756
v 0.010719 -19.167053 -1.603004
v -1.446442 -19.547392 -1.937508
v -0.797020 -19.020197 -2.093239
v -0.692116 -19.721651 -0.716114
v 0.060593 -19.209328 -1.608688
v -1.188148 -20.197922 -0.361462
v -0.165131 -19.084211 -1.910908
v 0.100243 -19.112980 -1.632824
v -1.195511 -20.587685 -0.421722
v -0.699142 -19.188417 -2.079979
v 0.072029 -19.131632 -1.733086
v -0.594933 -19.063877 -2.034576
v -1.907631 -19.698744 -1.532944
v 0.139679 -19.273855 -1.585796
v -0.608948 -19.111456 -2.094345
v -1.132896 -20.157253 -0.418419
v -0.580025 -19.163847 -2.175186
v 0.051254 -19.300486 -1.654007
v -0.116295 -18.997864 -1.866581
v -0.290489 -19.034433 -2.020504
v -0.016022 -19.069183 -1.814976
v -0.485115 -19.199091 -2.131546
v -0.599289 -19.177113 -2.217663
v -0.177528 -18.998358 -1.983627
v -0.218704 -19.133692 -1.984341
v 0.165611 -19.203011 -1.728325
v -0.312515 -19.254847 -2.045242
v -0.490112 -19.048155 -2.164963
v 0.035843 -19.100903 -1.887135
v 0.240181 -19.677855 -1.693153
v -1.992622 -19.765490 -1.101597
v -0.503479 -19.064510 -2.120289
v -0.183456 -19.234335 -2.002876
v -0.496597 -19.005051 -2.091587
v -0.447968 -19.228830 -2.207443
v -0.328583 -19.004911 -2.112530
v -0.135040 -19.098169 -2.033989
v -0.400200 -19.650787 -2.453968
v 0.254066 -19.341175 -1.675148
v -0.331276 -19.304684 -2.090157
v -1.152878 -20.106070 -0.320454
v 0.034386 -19.132107 -1.915668
v -1.375267 -19.740244 -0.419861
v -2.114784 -19.770103 -1.007553
v -0.299774 -19.231939 -2.183937
v 0.107689 -19.212357 -1.858768
v 0.227287 -19.322840 -1.769051
v -0.272736 -19.205744 -2.178795
v -0.096359 -19.098644 -2.077599
v 0.114677 -19.149490 -1.965439
v 0.259476 -19.298031 -1.804878
v -0.000839 -19.174953 -2.043076
v -1.377144 -19.996536 -0.312473
v -0.305763 -19.324879 -2.263290
v 0.045517 -19.245481 -1.960960
v -1.068184 -20.239679 -0.421608
v -1.396393 -19.727592 -0.278328
v -2.030075 -19.583250 -0.896835
v -0.213570 -19.173569 -2.188038
v -2.222954 -19.735472 -0.820953
v -0.060616 -19.323078 -2.108528
v 0.281891 -19.341234 -1.881645
v 0.326622 -19.452391 -1.721661
v -0.221146 -19.579884 -2.433933
v -0.192726 -19.406139 -2.307758
v -0.138878 -19.259678 -2.157700
v 0.100693 -19.341669 -1.992222
v -1.596085 -19.621662 -0.394657
v -1.506355 -19.892368 -0.390976
v 0.397774 -19.450808 -1.822857
v 0.355644 -19.444769 -1.981022
v -0.223175 -19.484468 -2.439686
v 0.367989 -19.368084 -1.883160
v -2.116615 -19.616732 -0.652454
v -0.124046 -19.402338 -2.355598
v -1.103889 -20.228968 -0.336456
v 0.269920 -19.459143 -2.054035
v -1.828789 -19.531296 -0.453785
v 0.073624 -19.410040 -2.161842
v 0.397545 -19.467539 -2.055073
v -0.065948 -19.517237 -2.279854
v -1.754295 -19.658550 -0.249134
v -2.174652 -19.678726 -0.596745
v -2.038727 -19.473122 -0.640007
v 0.237923 -19.469280 -2.182129
v -1.825432 -19.722107 -0.343960
v 0.432533 -19.566637 -1.987297
v 0.526802 -19.505911 -2.073189
v 0.346756 -19.516544 -2.151592
v 0.420311 -19.400635 -2.035950
v 0.142624 -19.500031 -2.276451
v -1.911644 -19.502308 -0.374596
v -1.958565 -19.462372 -0.491486
v 0.016479 -19.505772 -2.493015
v -0.036896 -19.496645 -2.402290
v -0.085396 -19.543175 -2.582928
v 0.303017 -19.464846 -2.305965
v 0.517662 -19.563351 -2.272377
v -0.021118 -19.623245 -2.394268
v 0.133324 -19.876171 -3.070713
v 0.095612 -19.594833 -2.504887
v 0.815948 -19.940205 -2.330971
v 0.038918 -19.835363 -2.927135
v 0.168999 -19.571232 -2.444462
v 0.121872 -19.573172 -2.591553
v 0.051453 -19.653658 -2.451881
v -0.918968 -20.951391 -0.681267
v 0.260086 -19.525414 -2.371376
v -1.330154 -20.889912 -1.999420
v 0.546555 -19.630037 -2.434338
v 0.338043 -19.642036 -2.419373
v 0.274231 -19.701397 -2.576038
v 0.215416 -19.689299 -2.625278
v 0.155319 -19.575884 -2.670025
v -0.297043 -20.965508 -1.328506
v -1.972198 -20.854568 -1.414444
v 0.459000 -19.653461 -2.519180
v -0.746689 -20.964954 -1.049694
v -0.906342 -20.965607 -0.920959
v 0.283035 -19.659994 -2.745575
v -0.950943 -20.952223 -0.795765
v 0.614151 -19.649658 -2.436466
v -0.600174 -20.967804 -1.197277
v -1.512230 -20.937986 -0.155289
v -1.996643 -20.863340 -1.170605
v -0.769493 -20.905495 -2.668221
v -0.429024 -20.964300 -1.333477
v -0.826897 -20.911810 -0.967751
v -1.217293 -20.962656 -0.510765
v -2.410393 -20.438848 -0.693684
v -1.754433 -20.880150 -1.462296
v 0.329712 -20.947906 -1.788597
v -0.677345 -20.898703 -1.128029
v -1.499397 -20.881655 -1.699078
v -0.310234 -20.937550 -1.513706
v -1.350792 -20.961172 -0.383148
v -1.124527 -20.883715 -2.085484
v -0.205437 -20.962656 -1.552029
v -0.533569 -20.910503 -1.266708
v -1.125633 -20.905436 -0.732300
v -1.179688 -20.962835 -0.648952
v -1.341133 -20.877220 -1.801449
v 0.342857 -19.688387 -2.847794
v 0.488045 -19.739273 -2.543503
v 0.655495 -19.736303 -2.623699
v -2.332756 -20.830036 -0.992672
v -1.891792 -20.804098 -1.215115
v -1.819984 -20.873419 -1.253937
v -1.801491 -20.846371 -1.381386
v -0.452255 -20.961430 -1.492371
v -1.083206 -20.969746 -0.816414
v -1.375389 -20.976002 -0.550247
v -2.119751 -20.858429 -1.021118
v -2.039055 -20.798634 -1.094791
v -1.650810 -20.885813 -1.559139
v -1.519516 -20.887674 -1.550430
v 0.377655 -19.729017 -2.643257
v -1.759613 -20.550282 -0.093025
v -1.236206 -20.823997 -1.897888
v -0.984184 -20.885555 -2.187744
v -0.143593 -20.949154 -1.755165
v -0.774231 -20.962162 -1.239281
v -0.911613 -20.950579 -1.113400
v -1.107361 -20.964638 -1.001827
v -1.437035 -20.909336 -0.497169
v -1.569160 -20.958817 -0.459805
v -2.227737 -20.840313 -0.906944
v -1.311981 -20.898584 -1.624397
v -1.137337 -20.890703 -1.932159
v -0.820679 -20.896624 -2.362499
v 0.314384 -19.794931 -2.963326
v -0.684021 -20.903059 -1.306747
v -1.619743 -20.881062 -1.342926
v -0.631325 -20.955112 -1.402122
v -1.300835 -20.908958 -0.627743
v -1.574043 -20.826136 -1.454708
v -1.407120 -20.833521 -1.580868
v -0.559090 -20.868765 -3.049740
v 0.325386 -19.880922 -3.285149
v 0.421211 -19.744738 -2.760094
v -0.064072 -20.905790 -1.642010
v -0.296310 -20.960915 -1.638847
v -0.978874 -20.900267 -2.046070
v -0.890083 -20.855440 -2.282936
v 0.174698 -20.947945 -1.815228
v 0.021797 -20.944838 -1.716366
v -0.205101 -20.907059 -1.651432
v -1.257629 -20.966894 -0.860909
v -2.113716 -20.885635 -0.861050
v -0.991592 -20.905910 -1.035919
v -1.157318 -20.905415 -0.933224
v -2.022591 -20.833679 -0.906483
v -1.811096 -20.902029 -1.061916
v -0.701050 -20.909594 -2.497986
v -1.610466 -20.924681 -0.229099
v -1.653671 -20.898109 -1.187534
v 0.292320 -20.936581 -1.965496
v -0.957565 -20.955786 -1.304703
v -0.898216 -20.833897 -2.124599
v -0.807518 -20.910780 -2.178223
v 0.736351 -19.828096 -2.748512
v -0.866325 -20.891100 -1.360497
v -1.322037 -20.905930 -0.802666
v -1.413078 -20.964458 -0.724697
v -1.513313 -20.926186 -0.329918
v -2.226326 -20.445204 -0.271072
v -1.957542 -20.921078 -0.863865
v -0.760994 -20.845282 -2.435936
v 0.412979 -19.740700 -2.980549
v 0.499527 -20.934797 -2.016907
v -0.795074 -20.957827 -1.427856
v -1.581940 -20.980991 -0.623123
v -1.700317 -20.948065 -0.351467
v -1.768303 -20.906128 -0.108665
v -2.399918 -20.848352 -0.607384
v -1.720100 -20.827641 -1.139721
v 0.008568 -20.941273 -1.892986
v -0.701424 -20.887814 -1.502773
v -1.041626 -20.886446 -1.249683
v -1.125130 -20.949648 -1.182953
v -1.314278 -20.919275 -1.439278
v -1.139717 -20.911673 -1.551678
v -1.153984 -20.905336 -1.745125
v -1.032524 -20.851282 -1.797836
v -0.559654 -20.895456 -2.776726
v -0.614479 -20.951569 -1.548920
v -2.188789 -20.865301 -0.719055
v -1.883377 -20.832432 -1.027489
v -1.481979 -20.911573 -1.302830
v -0.660080 -20.911118 -2.298645
v -0.616638 -20.894466 -2.679279
v 0.091774 -20.886051 -1.933884
v -0.151207 -20.953489 -1.932495
v -0.312691 -20.960539 -1.810577
v -2.364067 -20.503574 -0.483242
v -0.608444 -20.855103 -2.548584
v 0.515656 -19.803108 -2.988640
v 0.404335 -20.869102 -2.004993
v -0.451302 -20.946936 -1.676842
v -2.006851 -20.544224 -0.158199
v 0.621689 -19.855043 -2.783852
v -1.287170 -20.955965 -1.050034
v -1.745865 -20.874210 -0.285900
v -1.788383 -20.931215 -0.883072
v -1.389084 -20.847618 -1.384300
v 0.120918 -20.949905 -2.024441
v -1.866623 -20.872051 -0.856808
v -0.494118 -20.877161 -2.975548
v 0.241074 -20.879141 -2.064621
v -1.805565 -20.944817 -0.523464
v -1.883209 -20.945866 -0.417786
v -2.094116 -20.928404 -0.667896
v -2.019913 -20.884525 -0.738655
v -0.965004 -20.921810 -1.668541
v -0.484779 -20.951569 -1.872421
v -1.829857 -20.909237 -0.260239
v -0.813446 -20.927511 -1.800499
v -0.514626 -20.933273 -2.416908
v -0.456802 -20.912148 -2.777256
v 0.593445 -19.822750 -2.968647
v -0.296806 -20.935789 -1.976639
v -1.292732 -20.935373 -1.229424
v -1.501961 -20.903217 -0.834461
v -2.262421 -20.521730 -0.233131
v -1.202721 -20.850945 -1.489067
v -0.887451 -20.854944 -1.756927
v -0.804039 -20.938086 -1.622211
v -0.887482 -20.871616 -1.563408
v -2.241920 -20.874369 -0.600677
v -0.583443 -20.857935 -2.362823
v -0.009468 -20.948341 -2.059006
v -0.639557 -20.943926 -1.733265
v -1.031296 -20.869993 -1.439083
v -1.139984 -20.940441 -1.373882
v -1.448433 -20.956024 -0.928814
v -1.533974 -20.857479 -1.057034
v -0.976021 -20.920858 -1.514072
v -0.507301 -20.906345 -2.591228
v -0.706787 -20.876686 -1.683422
v -0.391335 -20.888050 -2.938995
v -0.178467 -20.946182 -2.120876
v -0.536552 -20.887892 -1.797066
v -1.461678 -20.922403 -1.107716
v -0.645630 -20.937927 -1.919811
v -0.139954 -20.902187 -3.377174
v -1.924065 -20.966181 -0.606487
v -1.770073 -20.975706 -0.702801
v -1.381050 -20.867598 -1.183529
v 0.114609 -20.914742 -2.164124
v -1.229897 -20.878309 -1.325974
v -0.373909 -20.932323 -2.380325
v -0.238548 -20.883892 -2.051559
v -0.396645 -20.879299 -1.955963
v -2.194504 -20.881437 -0.284222
v -2.140755 -20.841045 -0.619217
v -1.845604 -20.909098 -0.664116
v -0.289085 -20.898346 -3.025055
v -0.711815 -20.869022 -1.863934
v -0.486389 -20.937254 -2.057915
v -1.928070 -20.863260 -0.363575
v -0.572815 -20.873102 -2.012203
v -0.010506 -20.944698 -2.194645
v -0.422516 -20.873062 -2.313625
v -0.395203 -20.926760 -2.582172
v -1.974007 -20.891457 -0.544117
v -0.271492 -20.923393 -2.799156
v 0.103279 -20.856192 -3.758652
v -2.170029 -20.899376 -0.373825
v -0.339676 -20.872705 -3.402977
v 0.143982 -20.937115 -2.328491
v -2.046165 -20.929472 -0.452522
v -0.305145 -20.874924 -2.623951
v -0.272278 -20.872784 -3.165218
v -0.183815 -20.937273 -2.290398
v -0.381203 -20.883160 -2.107826
v -0.269905 -20.874487 -2.451027
v -2.108078 -20.854233 -0.419567
v -0.182877 -20.940779 -2.464832
v 0.041801 -20.882387 -2.314968
v -0.267319 -20.882387 -2.252708
v -0.187347 -20.919275 -2.687595
v -0.136200 -20.895950 -2.936207
v -0.169006 -20.912207 -3.175018
v 0.203537 -20.919136 -2.501709
v 0.382469 -20.933847 -2.509186
v -0.033058 -20.935789 -2.383865
v -0.120590 -20.849203 -3.274704
v -0.074120 -20.862410 -3.068401
v -0.144493 -20.878862 -2.574177
v 0.053268 -20.900108 -3.493507
v 0.100983 -20.938105 -2.525974
v -0.078613 -20.928364 -2.762558
v -0.051704 -20.916641 -3.191902
v 0.330315 -20.871399 -2.577496
v 0.009308 -20.924026 -3.068054
v -0.039230 -20.939095 -2.578938
v 0.483932 -20.863102 -2.515919
v -0.034866 -20.867636 -2.876564
v 0.016518 -20.852133 -3.382915
v 0.545113 -20.931194 -2.596703
v 0.399971 -20.921274 -2.673805
v 1.340073 -20.877457 -2.535858
v 0.153183 -20.878784 -2.636604
v 0.089760 -20.940758 -2.712574
v 0.122017 -20.932343 -2.901894
v 0.055634 -20.860489 -3.207375
v 0.192757 -20.935827 -2.734486
v 0.100967 -20.917749 -3.342117
v 0.091797 -20.870111 -3.010006
v 0.165276 -20.836195 -3.502998
v 0.299347 -20.876150 -2.757431
v 0.243347 -20.904484 -3.417313
v 0.132935 -20.869913 -2.823879
v 0.273849 -20.884941 -3.546051
v 0.622200 -20.918522 -2.704426
v 0.396820 -20.937670 -2.783726
v 0.168510 -20.922344 -3.222691
v 0.381432 -20.837124 -3.771435
v 0.504051 -20.779367 -3.983685
v 0.233276 -20.870785 -3.127064
v 0.312492 -20.817919 -3.630196
v 0.348030 -20.897020 -3.348278
v 0.243263 -20.916641 -3.008549
v 0.527206 -20.937134 -2.898323
v 0.383087 -20.927313 -2.979862
v 0.594414 -20.867756 -2.822437
v 0.452629 -20.886089 -3.437168
v 0.448227 -20.860983 -3.650146
v 0.335625 -20.928007 -3.143364
v 0.371887 -20.854153 -3.257019
v 0.483879 -20.811958 -3.540634
v 1.532463 -20.859558 -2.992462
v 1.806366 -20.802633 -3.222664
v 0.502174 -20.902683 -3.271832
v 0.550423 -20.811443 -3.825531
v 1.046257 -20.735432 -4.126900
v 0.518570 -20.832729 -3.352463
v 0.883514 -20.852409 -2.897469
v 0.569283 -20.868706 -2.997936
v 1.246422 -20.870962 -2.921982
v 0.731003 -20.839956 -2.942341
v 0.686897 -20.907316 -3.032673
v 1.406929 -20.855242 -2.999321
v 0.611298 -20.817226 -3.603256
v 0.835251 -20.898367 -2.993217
v 0.535400 -20.838213 -3.177536
v 0.500885 -20.925076 -3.078594
v 0.643875 -20.805525 -3.454697
v 0.901291 -20.768913 -3.959030
v 1.478905 -20.802435 -3.095829
v 1.552200 -20.853876 -3.145378
v 1.206718 -20.853598 -3.085342
v 1.017525 -20.809168 -3.029915
v 0.956375 -20.865637 -3.124672
v 0.784195 -20.874052 -3.150768
v 0.659401 -20.876863 -3.168732
v 0.676109 -20.806316 -3.287163
v 0.859978 -20.812494 -3.072937
v 0.676682 -20.853598 -3.369194
v 0.682884 -20.809246 -3.697803
v 1.333183 -20.806910 -3.096977
v 1.698524 -20.827522 -3.310684
v 0.774811 -20.771091 -3.850384
v 1.386276 -20.855103 -3.198090
v 0.774094 -20.769863 -3.573997
v 0.726463 -20.737886 -3.762363
v 1.614212 -20.785744 -3.198120
v 0.851448 -20.803148 -3.633850
v 0.842171 -20.709909 -3.870953
v 1.080826 -20.829798 -3.271526
v 1.214714 -20.838352 -3.252945
v 1.523735 -20.842253 -3.331379
v 1.432846 -20.779982 -3.266441
v 0.846497 -20.804771 -3.491013
v 0.967560 -20.786398 -3.774544
v 0.894737 -20.733967 -3.712086
v 1.357216 -20.819740 -3.372093
v 0.937737 -20.744856 -3.547897
v 1.004044 -20.721394 -3.836819
v 1.274094 -20.771606 -3.334499
v 1.009102 -20.790237 -3.612457
v 1.059334 -20.768003 -3.939430
v 1.649040 -20.811365 -3.467941
v 1.572868 -20.769487 -3.410439
v 1.422005 -20.752024 -3.420757
v 1.119820 -20.760656 -3.349411
v 0.977570 -20.759409 -3.370636
v 1.052025 -20.801426 -3.442963
v 1.841850 -20.723473 -3.760429
v 1.491623 -20.811523 -3.507030
v 1.133888 -20.704603 -3.966827
v 1.338745 -20.795664 -3.528717
v 1.197144 -20.790119 -3.424187
v 1.154877 -20.768339 -3.572079
v 1.132095 -20.788733 -3.726715
v 1.717812 -20.772438 -3.553261
v 1.261543 -20.731888 -3.464035
v 1.220261 -20.761488 -4.014919
v 1.653465 -20.767784 -3.992241
v 1.189148 -20.726957 -3.774193
v 1.547592 -20.744303 -3.546318
v 1.220398 -20.726700 -3.620632
v 1.279427 -20.787624 -3.832855
v 1.620316 -20.797049 -3.626625
v 1.335388 -20.802000 -3.655899
v 1.663536 -20.703297 -3.670994
v 1.459656 -20.813820 -3.635906
v 1.313698 -20.735670 -3.896698
v 1.669090 -20.756380 -3.788387
v 1.434494 -20.804712 -3.837700
v 1.530724 -20.737591 -3.679871
v 1.582695 -20.791485 -3.896404
v 1.606483 -20.789703 -3.750504
v 1.475319 -20.742975 -3.850384
v 1.897499 -20.720581 -3.498604
v -0.039932 -19.440472 -1.732399
v 0.021919 -19.515158 -1.625965
v -0.113747 -19.217939 -1.604153
v -0.120575 -19.172281 -1.629074
v -0.078308 -19.206001 -1.522625
v -0.013069 -19.388874 -1.468666
v -0.129395 -19.204119 -1.440651
v -0.144882 -19.122404 -1.437431
v 0.039886 -19.571747 -1.568268
v 0.039886 -19.571747 -1.568268
v -0.013069 -19.388874 -1.468666
v 0.096558 -19.502287 -1.489697
v 0.039886 -19.571747 -1.568268
v 0.096558 -19.502287 -1.489697
v 0.102608 -19.595407 -1.487793
v 0.102608 -19.595407 -1.487793
v 0.088913 -19.490290 -1.469788
v 0.083626 -19.478291 -1.416611
v 1.649040 -20.811365 -3.467941
v 1.547592 -20.744303 -3.546318
v 1.491623 -20.811523 -3.507030
v 0.851448 -20.803148 -3.633850
v 0.846497 -20.804771 -3.491013
v 0.937737 -20.744856 -3.547897
v 0.851448 -20.803148 -3.633850
v 0.937737 -20.744856 -3.547897
v 1.009102 -20.790237 -3.612457
v 1.080826 -20.829798 -3.271526
v 1.119820 -20.760656 -3.349411
v 1.052025 -20.801426 -3.442963
v 1.080826 -20.829798 -3.271526
v 1.147186 -20.777704 -3.179428
v 1.214714 -20.838352 -3.252945
v 1.080826 -20.829798 -3.271526
v 1.002701 -20.768597 -3.214008
v 0.898911 -20.822512 -3.330566
v 1.080826 -20.829798 -3.271526
v 0.977570 -20.759409 -3.370636
v 0.898911 -20.822512 -3.330566
v 0.898911 -20.822512 -3.330566
v 0.977570 -20.759409 -3.370636
v 1.052025 -20.801426 -3.442963
v 1.214714 -20.838352 -3.252945
v 1.274094 -20.771606 -3.334499
v 1.197144 -20.790119 -3.424187
v 1.523735 -20.842253 -3.331379
v 1.572868 -20.769487 -3.410439
v 1.491623 -20.811523 -3.507030
v 1.523735 -20.842253 -3.331379
v 1.432846 -20.779982 -3.266441
v 1.357216 -20.819740 -3.372093
v 0.967560 -20.786398 -3.774544
v 1.009102 -20.790237 -3.612457
v 1.154877 -20.768339 -3.572079
v 1.132095 -20.788733 -3.726715
v 1.197144 -20.790119 -3.424187
v 1.052025 -20.801426 -3.442963
v 1.357216 -20.819740 -3.372093
v 1.422005 -20.752024 -3.420757
v 1.338745 -20.795664 -3.528717
v 1.357216 -20.819740 -3.372093
v 1.274094 -20.771606 -3.334499
v 1.197144 -20.790119 -3.424187
v 1.059334 -20.768003 -3.939430
v 1.133888 -20.704603 -3.966827
v 1.220261 -20.761488 -4.014919
v 1.059334 -20.768003 -3.939430
v 1.132095 -20.788733 -3.726715
v 1.189148 -20.726957 -3.774193
v 1.059334 -20.768003 -3.939430
v 1.189148 -20.726957 -3.774193
v 1.279427 -20.787624 -3.832855
v 1.335388 -20.802000 -3.655899
v 1.459656 -20.813820 -3.635906
v 1.434494 -20.804712 -3.837700
v 1.491623 -20.811523 -3.507030
v 1.338745 -20.795664 -3.528717
v 1.649040 -20.811365 -3.467941
v 1.491623 -20.811523 -3.507030
v 1.572868 -20.769487 -3.410439
v 1.552200 -20.853876 -3.145378
v 1.523735 -20.842253 -3.331379
v 1.432846 -20.779982 -3.266441
v 1.206718 -20.853598 -3.085342
v 1.333183 -20.806910 -3.096977
v 1.214714 -20.838352 -3.252945
v 1.206718 -20.853598 -3.085342
v 1.147186 -20.777704 -3.179428
v 1.080826 -20.829798 -3.271526
v 0.956375 -20.865637 -3.124672
v 0.859978 -20.812494 -3.072937
v 0.784195 -20.874052 -3.150768
v 0.956375 -20.865637 -3.124672
v 1.002701 -20.768597 -3.214008
v 0.898911 -20.822512 -3.330566
v 0.956375 -20.865637 -3.124672
v 0.833672 -20.780952 -3.247849
v 0.784195 -20.874052 -3.150768
v 0.784195 -20.874052 -3.150768
v 0.833672 -20.780952 -3.247849
v 0.898911 -20.822512 -3.330566
v 0.784195 -20.874052 -3.150768
v 0.676682 -20.853598 -3.369194
v 0.676109 -20.806316 -3.287163
v 0.659401 -20.876863 -3.168732
v 0.676109 -20.806316 -3.287163
v 0.676682 -20.853598 -3.369194
v 1.698524 -20.827522 -3.310684
v 1.614212 -20.785744 -3.198120
v 1.523735 -20.842253 -3.331379
v 1.698524 -20.827522 -3.310684
v 1.649040 -20.811365 -3.467941
v 1.572868 -20.769487 -3.410439
v 0.774811 -20.771091 -3.850384
v 0.851448 -20.803148 -3.633850
v 0.894737 -20.733967 -3.712086
v 0.774811 -20.771091 -3.850384
v 0.894737 -20.733967 -3.712086
v 0.967560 -20.786398 -3.774544
v 0.774811 -20.771091 -3.850384
v 0.726463 -20.737886 -3.762363
v 0.851448 -20.803148 -3.633850
v 1.386276 -20.855103 -3.198090
v 1.432846 -20.779982 -3.266441
v 1.357216 -20.819740 -3.372093
v 0.774094 -20.769863 -3.573997
v 0.846497 -20.804771 -3.491013
v 0.851448 -20.803148 -3.633850
v 0.452629 -20.886089 -3.437168
v 0.611298 -20.817226 -3.603256
v 0.643875 -20.805525 -3.454697
v 0.452629 -20.886089 -3.437168
v 0.676682 -20.853598 -3.369194
v 0.643875 -20.805525 -3.454697
v 0.962852 -20.906504 -2.847668
v 1.095886 -20.878586 -2.990810
v 1.036903 -20.838213 -2.862045
v 0.962852 -20.906504 -2.847668
v 1.017525 -20.809168 -3.029915
v 0.956375 -20.865637 -3.124672
v 0.962852 -20.906504 -2.847668
v 0.956375 -20.865637 -3.124672
v 0.835251 -20.898367 -2.993217
v 0.962852 -20.906504 -2.847668
v 0.883514 -20.852409 -2.897469
v 0.835251 -20.898367 -2.993217
v 0.962852 -20.906504 -2.847668
v 1.121246 -20.903158 -2.780785
v 1.036903 -20.838213 -2.862045
v 1.121246 -20.903158 -2.780785
v 1.198303 -20.826195 -2.796299
v 1.246422 -20.870962 -2.921982
v 1.806366 -20.802633 -3.222664
v 1.897499 -20.720581 -3.498604
v 1.897499 -20.720581 -3.498604
v 1.841850 -20.723473 -3.760429
v 1.897499 -20.720581 -3.498604
v 0.502174 -20.902683 -3.271832
v 0.500885 -20.925076 -3.078594
v 0.535400 -20.838213 -3.177536
v 0.502174 -20.902683 -3.271832
v 0.535400 -20.838213 -3.177536
v 0.659401 -20.876863 -3.168732
v 0.502174 -20.902683 -3.271832
v 0.659401 -20.876863 -3.168732
v 0.676682 -20.853598 -3.369194
v 0.550423 -20.811443 -3.825531
v 0.726463 -20.737886 -3.762363
v 0.774811 -20.771091 -3.850384
v 0.550423 -20.811443 -3.825531
v 0.682884 -20.809246 -3.697803
v 0.726463 -20.737886 -3.762363
v 0.851448 -20.803148 -3.633850
v 0.569283 -20.868706 -2.997936
v 0.686897 -20.907316 -3.032673
v 0.500885 -20.925076 -3.078594
v 1.095886 -20.878586 -2.990810
v 1.017525 -20.809168 -3.029915
v 0.956375 -20.865637 -3.124672
v 0.731003 -20.839956 -2.942341
v 0.835251 -20.898367 -2.993217
v 0.686897 -20.907316 -3.032673
v 0.686897 -20.907316 -3.032673
v 0.659401 -20.876863 -3.168732
v 0.835251 -20.898367 -2.993217
v 0.784195 -20.874052 -3.150768
v 0.676109 -20.806316 -3.287163
v 1.406929 -20.855242 -2.999321
v 1.478905 -20.802435 -3.095829
v 1.386276 -20.855103 -3.198090
v 1.406929 -20.855242 -2.999321
v 1.333183 -20.806910 -3.096977
v 1.206718 -20.853598 -3.085342
v 1.406929 -20.855242 -2.999321
v 1.386276 -20.855103 -3.198090
v 1.333183 -20.806910 -3.096977
v 1.214714 -20.838352 -3.252945
v 0.611298 -20.817226 -3.603256
v 0.676682 -20.853598 -3.369194
v 0.846497 -20.804771 -3.491013
v 0.774094 -20.769863 -3.573997
v 1.052025 -20.801426 -3.442963
v 0.898911 -20.822512 -3.330566
v 0.784195 -20.874052 -3.150768
v 0.835251 -20.898367 -2.993217
v 0.859978 -20.812494 -3.072937
v 0.784195 -20.874052 -3.150768
v 0.901291 -20.768913 -3.959030
v 0.774811 -20.771091 -3.850384
v 0.842171 -20.709909 -3.870953
v 0.901291 -20.768913 -3.959030
v 0.967560 -20.786398 -3.774544
v 1.004044 -20.721394 -3.836819
v 1.478905 -20.802435 -3.095829
v 1.552200 -20.853876 -3.145378
v 1.386276 -20.855103 -3.198090
v 1.552200 -20.853876 -3.145378
v 1.614212 -20.785744 -3.198120
v 1.523735 -20.842253 -3.331379
v 1.552200 -20.853876 -3.145378
v 1.432846 -20.779982 -3.266441
v 1.386276 -20.855103 -3.198090
v 1.053619 -20.901970 -2.555374
v 0.954414 -20.851301 -2.541935
v 0.927711 -20.916563 -2.606014
v 0.927711 -20.916563 -2.606014
v 1.074486 -20.843025 -2.665169
v 1.121246 -20.903158 -2.780785
v 0.927711 -20.916563 -2.606014
v 1.121246 -20.903158 -2.780785
v 0.962852 -20.906504 -2.847668
v 0.927711 -20.916563 -2.606014
v 0.824905 -20.921255 -2.678215
v 0.914749 -20.856508 -2.719112
v 0.273849 -20.884941 -3.546051
v 0.312492 -20.817919 -3.630196
v 0.381432 -20.837124 -3.771435
v 1.186295 -20.888090 -2.594017
v 1.121246 -20.903158 -2.780785
v 1.074486 -20.843025 -2.665169
v 0.622200 -20.918522 -2.704426
v 0.765686 -20.865299 -2.765327
v 0.711906 -20.930204 -2.853184
v 0.622200 -20.918522 -2.704426
v 0.594414 -20.867756 -2.822437
v 0.527206 -20.937134 -2.898323
v 0.622200 -20.918522 -2.704426
v 0.824905 -20.921255 -2.678215
v 0.765686 -20.865299 -2.765327
v 0.622200 -20.918522 -2.704426
v 0.711906 -20.930204 -2.853184
v 0.594414 -20.867756 -2.822437
v 0.168510 -20.922344 -3.222691
v 0.243263 -20.916641 -3.008549
v 0.233276 -20.870785 -3.127064
v 0.168510 -20.922344 -3.222691
v 0.233276 -20.870785 -3.127064
v 0.335625 -20.928007 -3.143364
v 0.824905 -20.921255 -2.678215
v 0.914749 -20.856508 -2.719112
v 0.962852 -20.906504 -2.847668
v 0.824905 -20.921255 -2.678215
v 0.962852 -20.906504 -2.847668
v 0.711906 -20.930204 -2.853184
v 0.824905 -20.921255 -2.678215
v 0.711906 -20.930204 -2.853184
v 0.765686 -20.865299 -2.765327
v 0.348030 -20.897020 -3.348278
v 0.335625 -20.928007 -3.143364
v 0.371887 -20.854153 -3.257019
v 0.348030 -20.897020 -3.348278
v 0.371887 -20.854153 -3.257019
v 0.502174 -20.902683 -3.271832
v 1.290413 -20.881100 -2.730595
v 1.198303 -20.826195 -2.796299
v 1.246422 -20.870962 -2.921982
v 1.290413 -20.881100 -2.730595
v 1.198303 -20.826195 -2.796299
v 1.121246 -20.903158 -2.780785
v 0.527206 -20.937134 -2.898323
v 0.594414 -20.867756 -2.822437
v 0.711906 -20.930204 -2.853184
v 0.527206 -20.937134 -2.898323
v 0.500885 -20.925076 -3.078594
v 0.569283 -20.868706 -2.997936
v 0.527206 -20.937134 -2.898323
v 0.711906 -20.930204 -2.853184
v 0.686897 -20.907316 -3.032673
v 0.711906 -20.930204 -2.853184
v 0.731003 -20.839956 -2.942341
v 0.686897 -20.907316 -3.032673
v 0.711906 -20.930204 -2.853184
v 0.883514 -20.852409 -2.897469
v 0.835251 -20.898367 -2.993217
v 0.711906 -20.930204 -2.853184
v 0.962852 -20.906504 -2.847668
v 0.883514 -20.852409 -2.897469
v 0.711906 -20.930204 -2.853184
v 0.835251 -20.898367 -2.993217
v 0.731003 -20.839956 -2.942341
v 0.452629 -20.886089 -3.437168
v 0.448227 -20.860983 -3.650146
v 0.483879 -20.811958 -3.540634
v 0.452629 -20.886089 -3.437168
v 0.518570 -20.832729 -3.352463
v 0.676682 -20.853598 -3.369194
v 0.452629 -20.886089 -3.437168
v 0.502174 -20.902683 -3.271832
v 0.518570 -20.832729 -3.352463
v -0.395203 -20.926760 -2.582172
v -0.269905 -20.874487 -2.451027
v -0.182877 -20.940779 -2.464832
v -0.395203 -20.926760 -2.582172
v -0.182877 -20.940779 -2.464832
v -0.305145 -20.874924 -2.623951
v 0.286621 -20.934443 -2.305698
v 0.349625 -20.868250 -2.383209
v 0.382469 -20.933847 -2.509186
v 0.143982 -20.937115 -2.328491
v 0.041801 -20.882387 -2.314968
v -0.033058 -20.935789 -2.383865
v -0.183815 -20.937273 -2.290398
v 0.041801 -20.882387 -2.314968
v -0.033058 -20.935789 -2.383865
v -0.182877 -20.940779 -2.464832
v -0.039230 -20.939095 -2.578938
v 0.736130 -20.908384 -2.361423
v 0.813538 -20.852846 -2.414639
v 0.919632 -20.907791 -2.423069
v 0.736130 -20.908384 -2.361423
v 0.919632 -20.907791 -2.423069
v 0.927711 -20.916563 -2.606014
v 0.689659 -20.922384 -2.556801
v 0.622200 -20.918522 -2.704426
v 0.824905 -20.921255 -2.678215
v 0.553001 -20.926245 -2.429241
v 0.545113 -20.931194 -2.596703
v 0.382469 -20.933847 -2.509186
v 0.399971 -20.921274 -2.673805
v 0.396820 -20.937670 -2.783726
v 0.527206 -20.937134 -2.898323
v 0.383087 -20.927313 -2.979862
v 0.192757 -20.935827 -2.734486
v 0.122017 -20.932343 -2.901894
v 0.091797 -20.870111 -3.010006
v 0.243263 -20.916641 -3.008549
v 0.335625 -20.928007 -3.143364
v 0.500885 -20.925076 -3.078594
v 0.502174 -20.902683 -3.271832
v 0.736130 -20.908384 -2.361423
v 0.647308 -20.859400 -2.471439
v 0.553001 -20.926245 -2.429241
v 0.479897 -20.908226 -2.359055
v 0.483932 -20.863102 -2.515919
v 0.382469 -20.933847 -2.509186
v 0.479897 -20.908226 -2.359055
v 0.349625 -20.868250 -2.383209
v 0.382469 -20.933847 -2.509186
v -0.182877 -20.940779 -2.464832
v -0.187347 -20.919275 -2.687595
v -0.144493 -20.878862 -2.574177
v -0.187347 -20.919275 -2.687595
v -0.144493 -20.878862 -2.574177
v -0.039230 -20.939095 -2.578938
v -0.136200 -20.895950 -2.936207
v -0.034866 -20.867636 -2.876564
v 0.122017 -20.932343 -2.901894
v -0.136200 -20.895950 -2.936207
v 0.122017 -20.932343 -2.901894
v 0.009308 -20.924026 -3.068054
v -0.169006 -20.912207 -3.175018
v -0.074120 -20.862410 -3.068401
v -0.051704 -20.916641 -3.191902
v 0.203537 -20.919136 -2.501709
v 0.330315 -20.871399 -2.577496
v 0.399971 -20.921274 -2.673805
v 0.203537 -20.919136 -2.501709
v 0.399971 -20.921274 -2.673805
v 0.192757 -20.935827 -2.734486
v 0.382469 -20.933847 -2.509186
v 0.483932 -20.863102 -2.515919
v 0.545113 -20.931194 -2.596703
v 0.553001 -20.926245 -2.429241
v 0.647308 -20.859400 -2.471439
v 0.689659 -20.922384 -2.556801
v 0.053268 -20.900108 -3.493507
v 0.165276 -20.836195 -3.502998
v 0.273849 -20.884941 -3.546051
v 0.100983 -20.938105 -2.525974
v 0.153183 -20.878784 -2.636604
v 0.089760 -20.940758 -2.712574
v -0.051704 -20.916641 -3.191902
v 0.055634 -20.860489 -3.207375
v 0.168510 -20.922344 -3.222691
v -0.051704 -20.916641 -3.191902
v 0.009308 -20.924026 -3.068054
v 0.055634 -20.860489 -3.207375
v 0.009308 -20.924026 -3.068054
v 0.091797 -20.870111 -3.010006
v 0.243263 -20.916641 -3.008549
v 0.009308 -20.924026 -3.068054
v 0.122017 -20.932343 -2.901894
v 0.091797 -20.870111 -3.010006
v 0.009308 -20.924026 -3.068054
v 0.243263 -20.916641 -3.008549
v 0.168510 -20.922344 -3.222691
v 0.919632 -20.907791 -2.423069
v 0.954414 -20.851301 -2.541935
v 0.927711 -20.916563 -2.606014
v 0.153183 -20.878784 -2.636604
v 0.089760 -20.940758 -2.712574
v 0.192757 -20.935827 -2.734486
v 0.089760 -20.940758 -2.712574
v 0.132935 -20.869913 -2.823879
v 0.122017 -20.932343 -2.901894
v 0.192757 -20.935827 -2.734486
v 0.299347 -20.876150 -2.757431
v 0.396820 -20.937670 -2.783726
v -1.829857 -20.909237 -0.260239
v -1.928070 -20.863260 -0.363575
v -2.046165 -20.929472 -0.452522
v -0.813446 -20.927511 -1.800499
v -0.706787 -20.876686 -1.683422
v -0.804039 -20.938086 -1.622211
v -0.813446 -20.927511 -1.800499
v -0.706787 -20.876686 -1.683422
v -0.639557 -20.943926 -1.733265
v -0.514626 -20.933273 -2.416908
v -0.422516 -20.873062 -2.313625
v -0.373909 -20.932323 -2.380325
v -0.514626 -20.933273 -2.416908
v -0.497269 -20.936441 -2.234337
v -0.422516 -20.873062 -2.313625
v -0.456802 -20.912148 -2.777256
v -0.395203 -20.926760 -2.582172
v -0.271492 -20.923393 -2.799156
v -0.296806 -20.935789 -1.976639
v -0.486389 -20.937254 -2.057915
v -0.396645 -20.879299 -1.955963
v -0.296806 -20.935789 -1.976639
v -0.238548 -20.883892 -2.051559
v -0.339272 -20.943907 -2.177341
v -0.296806 -20.935789 -1.976639
v -0.486389 -20.937254 -2.057915
v -0.381203 -20.883160 -2.107826
v -0.497269 -20.936441 -2.234337
v -1.501961 -20.903217 -0.834461
v -1.448433 -20.956024 -0.928814
v -1.630020 -20.925987 -0.986973
v -2.241920 -20.874369 -0.600677
v -2.170029 -20.899376 -0.373825
v -2.108078 -20.854233 -0.419567
v -2.241920 -20.874369 -0.600677
v -2.108078 -20.854233 -0.419567
v -2.046165 -20.929472 -0.452522
v -2.241920 -20.874369 -0.600677
v -2.046165 -20.929472 -0.452522
v -2.140755 -20.841045 -0.619217
v 0.443542 -20.933807 -2.128281
v 0.375122 -20.874210 -2.200150
v 0.268600 -20.932522 -2.184273
v -0.639557 -20.943926 -1.733265
v -0.536552 -20.887892 -1.797066
v -0.645630 -20.937927 -1.919811
v 0.865005 -20.901337 -2.256123
v 0.813538 -20.852846 -2.414639
v 0.736130 -20.908384 -2.361423
v -0.497269 -20.936441 -2.234337
v -0.339272 -20.943907 -2.177341
v -0.381203 -20.883160 -2.107826
v -0.391335 -20.888050 -2.938995
v -0.289085 -20.898346 -3.025055
v -0.271492 -20.923393 -2.799156
v -0.136200 -20.895950 -2.936207
v -0.305145 -20.874924 -2.623951
v -0.187347 -20.919275 -2.687595
v -0.078613 -20.928364 -2.762558
v -0.034866 -20.867636 -2.876564
v 0.089760 -20.940758 -2.712574
v 0.122017 -20.932343 -2.901894
v -0.182877 -20.940779 -2.464832
v -0.169006 -20.912207 -3.175018
v -0.074120 -20.862410 -3.068401
v 0.375122 -20.874210 -2.200150
v 0.540245 -20.923908 -2.234955
v 0.286621 -20.934443 -2.305698
v -0.178467 -20.946182 -2.120876
v -0.339272 -20.943907 -2.177341
v -0.238548 -20.883892 -2.051559
v -0.178467 -20.946182 -2.120876
v -0.267319 -20.882387 -2.252708
v -0.339272 -20.943907 -2.177341
v -0.373909 -20.932323 -2.380325
v -0.139954 -20.902187 -3.377174
v -0.169006 -20.912207 -3.175018
v -0.120590 -20.849203 -3.274704
v -0.139954 -20.902187 -3.377174
v 0.016518 -20.852133 -3.382915
v 0.053268 -20.900108 -3.493507
v -0.139954 -20.902187 -3.377174
v -0.051704 -20.916641 -3.191902
v 0.168510 -20.922344 -3.222691
v 0.100967 -20.917749 -3.342117
v 0.053268 -20.900108 -3.493507
v 0.243347 -20.904484 -3.417313
v 0.348030 -20.897020 -3.348278
v 0.273849 -20.884941 -3.546051
v 0.452629 -20.886089 -3.437168
v 0.448227 -20.860983 -3.650146
v 0.502174 -20.902683 -3.271832
v -0.373909 -20.932323 -2.380325
v -0.183815 -20.937273 -2.290398
v -0.267319 -20.882387 -2.252708
v -0.373909 -20.932323 -2.380325
v -0.395203 -20.926760 -2.582172
v -0.269905 -20.874487 -2.451027
v -0.183815 -20.937273 -2.290398
v 0.540245 -20.923908 -2.234955
v 0.678612 -20.856548 -2.274479
v 0.736130 -20.908384 -2.361423
v 0.540245 -20.923908 -2.234955
v 0.553001 -20.926245 -2.429241
v 0.736130 -20.908384 -2.361423
v -0.395203 -20.926760 -2.582172
v -0.271492 -20.923393 -2.799156
v -0.305145 -20.874924 -2.623951
v -0.816078 -20.914999 -1.996311
v -0.813446 -20.927511 -1.800499
v -0.711815 -20.869022 -1.863934
v -0.816078 -20.914999 -1.996311
v -0.711815 -20.869022 -1.863934
v -0.645630 -20.937927 -1.919811
v 0.008568 -20.941273 -1.892986
v 0.091774 -20.886051 -1.933884
v -0.009468 -20.948341 -2.059006
v -0.701424 -20.887814 -1.502773
v -0.614479 -20.951569 -1.548920
v -0.804039 -20.938086 -1.622211
v -1.041626 -20.886446 -1.249683
v -1.139984 -20.940441 -1.373882
v -1.125130 -20.949648 -1.182953
v -1.314278 -20.919275 -1.439278
v -1.292732 -20.935373 -1.229424
v -1.229897 -20.878309 -1.325974
v -1.314278 -20.919275 -1.439278
v -1.229897 -20.878309 -1.325974
v -1.139984 -20.940441 -1.373882
v -1.139717 -20.911673 -1.551678
v -0.976021 -20.920858 -1.514072
v -1.031296 -20.869993 -1.439083
v -1.139717 -20.911673 -1.551678
v -1.139984 -20.940441 -1.373882
v -1.031296 -20.869993 -1.439083
v -1.139717 -20.911673 -1.551678
v -1.153984 -20.905336 -1.745125
v -0.976021 -20.920858 -1.514072
v -0.965004 -20.921810 -1.668541
v -2.188789 -20.865301 -0.719055
v -2.140755 -20.841045 -0.619217
v -2.094116 -20.928404 -0.667896
v -1.481979 -20.911573 -1.302830
v -1.461678 -20.922403 -1.107716
v -1.381050 -20.867598 -1.183529
v -1.481979 -20.911573 -1.302830
v -1.292732 -20.935373 -1.229424
v -1.381050 -20.867598 -1.183529
v -0.660080 -20.911118 -2.298645
v -0.486389 -20.937254 -2.057915
v -0.497269 -20.936441 -2.234337
v 0.091774 -20.886051 -1.933884
v 0.120918 -20.949905 -2.024441
v -0.009468 -20.948341 -2.059006
v 0.515656 -19.803108 -2.988640
v 0.593445 -19.822750 -2.968647
v 0.621689 -19.855043 -2.783852
v -1.745865 -20.874210 -0.285900
v -1.829857 -20.909237 -0.260239
v -1.883209 -20.945866 -0.417786
v -1.788383 -20.931215 -0.883072
v -1.770073 -20.975706 -0.702801
v -1.678299 -20.900505 -0.756214
v -1.788383 -20.931215 -0.883072
v -1.678299 -20.900505 -0.756214
v -1.625076 -20.944283 -0.811642
v 0.120918 -20.949905 -2.024441
v 0.241074 -20.879141 -2.064621
v 0.268600 -20.932522 -2.184273
v 0.120918 -20.949905 -2.024441
v 0.268600 -20.932522 -2.184273
v 0.114609 -20.914742 -2.164124
v -0.009468 -20.948341 -2.059006
v -0.010506 -20.944698 -2.194645
v -0.178467 -20.946182 -2.120876
v -0.183815 -20.937273 -2.290398
v 0.041801 -20.882387 -2.314968
v 0.143982 -20.937115 -2.328491
v 0.286621 -20.934443 -2.305698
v 0.375122 -20.874210 -2.200150
v -1.883209 -20.945866 -0.417786
v -2.046165 -20.929472 -0.452522
v -1.928070 -20.863260 -0.363575
v -2.094116 -20.928404 -0.667896
v -1.974007 -20.891457 -0.544117
v -1.924065 -20.966181 -0.606487
v -2.094116 -20.928404 -0.667896
v -2.046165 -20.929472 -0.452522
v -1.974007 -20.891457 -0.544117
v -0.965004 -20.921810 -1.668541
v -0.887482 -20.871616 -1.563408
v -0.976021 -20.920858 -1.514072
v -0.965004 -20.921810 -1.668541
v -0.804039 -20.938086 -1.622211
v -0.887482 -20.871616 -1.563408
v -0.651695 -20.919394 -2.127682
v -0.572815 -20.873102 -2.012203
v -0.645630 -20.937927 -1.919811
v -0.651695 -20.919394 -2.127682
v -0.572815 -20.873102 -2.012203
v -0.486389 -20.937254 -2.057915
v -0.484779 -20.951569 -1.872421
v -0.396645 -20.879299 -1.955963
v -0.486389 -20.937254 -2.057915
v -0.484779 -20.951569 -1.872421
v -0.645630 -20.937927 -1.919811
v -0.536552 -20.887892 -1.797066
v -1.107361 -20.964638 -1.001827
v -1.287170 -20.955965 -1.050034
v -1.157318 -20.905415 -0.933224
v -1.107361 -20.964638 -1.001827
v -0.991592 -20.905910 -1.035919
v -1.125130 -20.949648 -1.182953
v -1.292732 -20.935373 -1.229424
v -1.287170 -20.955965 -1.050034
v -1.229897 -20.878309 -1.325974
v -1.437035 -20.909336 -0.497169
v -1.581940 -20.980991 -0.623123
v -1.569160 -20.958817 -0.459805
v -1.805565 -20.944817 -0.523464
v -1.770073 -20.975706 -0.702801
v -1.700317 -20.948065 -0.351467
v -1.883209 -20.945866 -0.417786
v -1.924065 -20.966181 -0.606487
v -1.845604 -20.909098 -0.664116
v -1.957542 -20.921078 -0.863865
v -1.311981 -20.898584 -1.624397
v -1.314278 -20.919275 -1.439278
v -1.202721 -20.850945 -1.489067
v -1.311981 -20.898584 -1.624397
v -1.202721 -20.850945 -1.489067
v -1.139717 -20.911673 -1.551678
v -1.137337 -20.890703 -1.932159
v -1.153984 -20.905336 -1.745125
v -1.032524 -20.851282 -1.797836
v -0.965004 -20.921810 -1.668541
v -1.137337 -20.890703 -1.932159
v -0.959190 -20.885614 -1.902927
v -1.032524 -20.851282 -1.797836
v -0.816078 -20.914999 -1.996311
v -0.813446 -20.927511 -1.800499
v -0.820679 -20.896624 -2.362499
v -0.760994 -20.845282 -2.435936
v -0.701050 -20.909594 -2.497986
v -0.684021 -20.903059 -1.306747
v -0.631325 -20.955112 -1.402122
v -0.795074 -20.957827 -1.427856
v -1.257629 -20.966894 -0.860909
v -1.157318 -20.905415 -0.933224
v -1.287170 -20.955965 -1.050034
v -1.257629 -20.966894 -0.860909
v -1.322037 -20.905930 -0.802666
v -1.448433 -20.956024 -0.928814
v -2.113716 -20.885635 -0.861050
v -2.019913 -20.884525 -0.738655
v -1.957542 -20.921078 -0.863865
v -2.113716 -20.885635 -0.861050
v -2.094116 -20.928404 -0.667896
v -2.019913 -20.884525 -0.738655
v -1.924065 -20.966181 -0.606487
v -1.811096 -20.902029 -1.061916
v -1.788383 -20.931215 -0.883072
v -1.625076 -20.944283 -0.811642
v -1.630020 -20.925987 -0.986973
v -1.501961 -20.903217 -0.834461
v -0.701050 -20.909594 -2.497986
v -0.660080 -20.911118 -2.298645
v -0.583443 -20.857935 -2.362823
v -0.701050 -20.909594 -2.497986
v -0.583443 -20.857935 -2.362823
v -0.514626 -20.933273 -2.416908
v -1.610466 -20.924681 -0.229099
v -1.745865 -20.874210 -0.285900
v -1.700317 -20.948065 -0.351467
v -1.883209 -20.945866 -0.417786
v -1.610466 -20.924681 -0.229099
v -1.768303 -20.906128 -0.108665
v -1.829857 -20.909237 -0.260239
v -2.194504 -20.881437 -0.284222
v -2.046165 -20.929472 -0.452522
v -2.170029 -20.899376 -0.373825
v -2.241920 -20.874369 -0.600677
v -2.399918 -20.848352 -0.607384
v -2.188789 -20.865301 -0.719055
v -2.140755 -20.841045 -0.619217
v -1.653671 -20.898109 -1.187534
v -1.630020 -20.925987 -0.986973
v -1.533974 -20.857479 -1.057034
v 0.292320 -20.936581 -1.965496
v 0.404335 -20.869102 -2.004993
v 0.443542 -20.933807 -2.128281
v 0.292320 -20.936581 -1.965496
v 0.443542 -20.933807 -2.128281
v 0.268600 -20.932522 -2.184273
v -0.807518 -20.910780 -2.178223
v -0.816078 -20.914999 -1.996311
v -0.715874 -20.865538 -2.057762
v -0.645630 -20.937927 -1.919811
v -0.807518 -20.910780 -2.178223
v -0.715874 -20.865538 -2.057762
v -0.651695 -20.919394 -2.127682
v -1.957542 -20.921078 -0.863865
v -1.866623 -20.872051 -0.856808
v -1.788383 -20.931215 -0.883072
v -1.957542 -20.921078 -0.863865
v -1.845604 -20.909098 -0.664116
v -1.770073 -20.975706 -0.702801
v -1.957542 -20.921078 -0.863865
v -1.770073 -20.975706 -0.702801
v -1.866623 -20.872051 -0.856808
v -1.957542 -20.921078 -0.863865
v -2.019913 -20.884525 -0.738655
v -1.924065 -20.966181 -0.606487
v -0.959190 -20.885614 -1.902927
v -0.965004 -20.921810 -1.668541
v -0.887451 -20.854944 -1.756927
v -0.959190 -20.885614 -1.902927
v -0.887451 -20.854944 -1.756927
v -0.813446 -20.927511 -1.800499
v 0.499527 -20.934797 -2.016907
v 0.443542 -20.933807 -2.128281
v 0.404335 -20.869102 -2.004993
v -0.795074 -20.957827 -1.427856
v -0.701424 -20.887814 -1.502773
v -0.804039 -20.938086 -1.622211
v -1.754433 -20.880150 -1.462296
v -1.801491 -20.846371 -1.381386
v -1.619743 -20.881062 -1.342926
v -1.650810 -20.885813 -1.559139
v 0.303673 -19.693338 -2.682850
v 0.342857 -19.688387 -2.847794
v 0.421211 -19.744738 -2.760094
v 0.329712 -20.947906 -1.788597
v 0.292320 -20.936581 -1.965496
v 0.499527 -20.934797 -2.016907
v 0.698563 -20.902842 -1.995991
v 0.865005 -20.901337 -2.256123
v 0.604645 -20.906168 -2.153889
v 0.736130 -20.908384 -2.361423
v 0.988983 -20.879635 -2.175575
v 0.997223 -20.895119 -2.380871
v 0.919632 -20.907791 -2.423069
v 1.053619 -20.901970 -2.555374
v 1.113602 -20.839460 -2.483551
v 1.186295 -20.888090 -2.594017
v 1.340073 -20.877457 -2.535858
v 1.186295 -20.888090 -2.594017
v 1.290413 -20.881100 -2.730595
v 1.121246 -20.903158 -2.780785
v 1.532463 -20.859558 -2.992462
v 1.406929 -20.855242 -2.999321
v 1.246422 -20.870962 -2.921982
v 1.121246 -20.903158 -2.780785
v 1.095886 -20.878586 -2.990810
v 1.206718 -20.853598 -3.085342
v 1.080826 -20.829798 -3.271526
v 0.956375 -20.865637 -3.124672
v 1.478905 -20.802435 -3.095829
v 1.806366 -20.802633 -3.222664
v 1.552200 -20.853876 -3.145378
v 1.698524 -20.827522 -3.310684
v 1.717812 -20.772438 -3.553261
v 1.649040 -20.811365 -3.467941
v 1.897499 -20.720581 -3.498604
v 1.841850 -20.723473 -3.760429
v 1.897499 -20.720581 -3.498604
v 1.669090 -20.756380 -3.788387
v 1.653465 -20.767784 -3.992241
v 1.434494 -20.804712 -3.837700
v 1.220261 -20.761488 -4.014919
v 1.046257 -20.735432 -4.126900
v 0.901291 -20.768913 -3.959030
v 0.774811 -20.771091 -3.850384
v 1.004044 -20.721394 -3.836819
v 1.059334 -20.768003 -3.939430
v 0.504051 -20.779367 -3.983685
v 0.550423 -20.811443 -3.825531
v 0.381432 -20.837124 -3.771435
v 0.682884 -20.809246 -3.697803
v 0.448227 -20.860983 -3.650146
v 0.103279 -20.856192 -3.758652
v -0.139954 -20.902187 -3.377174
v 0.053268 -20.900108 -3.493507
v 0.273849 -20.884941 -3.546051
v 0.312492 -20.817919 -3.630196
v 0.483879 -20.811958 -3.540634
v 0.611298 -20.817226 -3.603256
v 0.774094 -20.769863 -3.573997
v 0.851448 -20.803148 -3.633850
v 1.663536 -20.703297 -3.670994
v 1.606483 -20.789703 -3.750504
v 1.582695 -20.791485 -3.896404
v 1.620316 -20.797049 -3.626625
v 0.443542 -20.933807 -2.128281
v 0.540245 -20.923908 -2.234955
v 0.678612 -20.856548 -2.274479
v 0.174698 -20.947945 -1.815228
v 0.120918 -20.949905 -2.024441
v -1.499397 -20.881655 -1.699078
v -1.407120 -20.833521 -1.580868
v -1.311981 -20.898584 -1.624397
v -1.499397 -20.881655 -1.699078
v -1.519516 -20.887674 -1.550430
v -1.407120 -20.833521 -1.580868
v -0.205437 -20.962656 -1.552029
v -0.143593 -20.949154 -1.755165
v -0.064072 -20.905790 -1.642010
v -0.205437 -20.962656 -1.552029
v -0.205101 -20.907059 -1.651432
v -0.296310 -20.960915 -1.638847
v -0.312691 -20.960539 -1.810577
v -1.125633 -20.905436 -0.732300
v -1.257629 -20.966894 -0.860909
v -1.179688 -20.962835 -0.648952
v -1.179688 -20.962835 -0.648952
v -1.300835 -20.908958 -0.627743
v -1.413078 -20.964458 -0.724697
v -1.179688 -20.962835 -0.648952
v -1.322037 -20.905930 -0.802666
v -1.413078 -20.964458 -0.724697
v -1.448433 -20.956024 -0.928814
v 0.342857 -19.688387 -2.847794
v 0.421211 -19.744738 -2.760094
v 0.655495 -19.736303 -2.623699
v -1.819984 -20.873419 -1.253937
v -1.720100 -20.827641 -1.139721
v -1.653671 -20.898109 -1.187534
v -1.819984 -20.873419 -1.253937
v -1.811096 -20.902029 -1.061916
v -1.720100 -20.827641 -1.139721
v -0.452255 -20.961430 -1.492371
v -0.631325 -20.955112 -1.402122
v -0.451302 -20.946936 -1.676842
v -0.614479 -20.951569 -1.548920
v -0.639557 -20.943926 -1.733265
v -1.375389 -20.976002 -0.550247
v -1.300835 -20.908958 -0.627743
v -1.413078 -20.964458 -0.724697
v -1.375389 -20.976002 -0.550247
v -1.581940 -20.980991 -0.623123
v -1.437035 -20.909336 -0.497169
v -1.375389 -20.976002 -0.550247
v -1.413078 -20.964458 -0.724697
v -1.581940 -20.980991 -0.623123
v -1.625076 -20.944283 -0.811642
v -2.119751 -20.858429 -1.021118
v -2.113716 -20.885635 -0.861050
v -2.022591 -20.833679 -0.906483
v -2.119751 -20.858429 -1.021118
v -2.022591 -20.833679 -0.906483
v -1.957542 -20.921078 -0.863865
v -2.119751 -20.858429 -1.021118
v -1.957542 -20.921078 -0.863865
v -2.039055 -20.798634 -1.094791
v -1.650810 -20.885813 -1.559139
v -1.574043 -20.826136 -1.454708
v -1.519516 -20.887674 -1.550430
v -1.650810 -20.885813 -1.559139
v -1.619743 -20.881062 -1.342926
v -1.574043 -20.826136 -1.454708
v -1.519516 -20.887674 -1.550430
v -1.481979 -20.911573 -1.302830
v -1.389084 -20.847618 -1.384300
v -1.292732 -20.935373 -1.229424
v -1.519516 -20.887674 -1.550430
v -1.389084 -20.847618 -1.384300
v -1.314278 -20.919275 -1.439278
v -0.984184 -20.885555 -2.187744
v -0.820679 -20.896624 -2.362499
v -0.890083 -20.855440 -2.282936
v -0.984184 -20.885555 -2.187744
v -0.898216 -20.833897 -2.124599
v -0.807518 -20.910780 -2.178223
v -0.984184 -20.885555 -2.187744
v -0.898216 -20.833897 -2.124599
v -0.978874 -20.900267 -2.046070
v -0.774231 -20.962162 -1.239281
v -0.684021 -20.903059 -1.306747
v -0.795074 -20.957827 -1.427856
v -0.774231 -20.962162 -1.239281
v -0.866325 -20.891100 -1.360497
v -0.957565 -20.955786 -1.304703
v -0.976021 -20.920858 -1.514072
v -0.774231 -20.962162 -1.239281
v -0.795074 -20.957827 -1.427856
v -0.866325 -20.891100 -1.360497
v -0.976021 -20.920858 -1.514072
v -0.911613 -20.950579 -1.113400
v -0.991592 -20.905910 -1.035919
v -1.125130 -20.949648 -1.182953
v -0.911613 -20.950579 -1.113400
v -1.041626 -20.886446 -1.249683
v -1.125130 -20.949648 -1.182953
v -0.911613 -20.950579 -1.113400
v -0.957565 -20.955786 -1.304703
v -1.041626 -20.886446 -1.249683
v -1.139984 -20.940441 -1.373882
v 0.546555 -19.630037 -2.434338
v 0.488045 -19.739273 -2.543503
v 0.614151 -19.649658 -2.436466
v 0.283035 -19.659994 -2.745575
v 0.459000 -19.653461 -2.519180
v 0.546555 -19.630037 -2.434338
v 0.459000 -19.653461 -2.519180
v 0.488045 -19.739273 -2.543503
v 0.338043 -19.642036 -2.419373
v 0.184456 -19.788616 -2.503654
v 0.274231 -19.701397 -2.576038
v 0.274231 -19.701397 -2.576038
v 0.184456 -19.788616 -2.503654
v 0.215416 -19.689299 -2.625278
v 0.050934 -19.718365 -2.582016
v 0.274231 -19.701397 -2.576038
v 0.215416 -19.689299 -2.625278
v 0.377655 -19.729017 -2.643257
v 0.488045 -19.739273 -2.543503
v 0.421211 -19.744738 -2.760094
v 0.215416 -19.689299 -2.625278
v 0.303673 -19.693338 -2.682850
v 0.421211 -19.744738 -2.760094
v 0.155319 -19.575884 -2.670025
v 0.459000 -19.653461 -2.519180
v 0.303673 -19.693338 -2.682850
v 0.459000 -19.653461 -2.519180
v 0.377655 -19.729017 -2.643257
v 0.155319 -19.575884 -2.670025
v 0.459000 -19.653461 -2.519180
v 0.283035 -19.659994 -2.745575
v -0.297043 -20.965508 -1.328506
v -0.746689 -20.964954 -1.049694
v -0.600174 -20.967804 -1.197277
v -0.429024 -20.964300 -1.333477
v -0.205437 -20.962656 -1.552029
v -0.310234 -20.937550 -1.513706
v 0.329712 -20.947906 -1.788597
v 0.021797 -20.944838 -1.716366
v 0.174698 -20.947945 -1.815228
v 0.008568 -20.941273 -1.892986
v -0.151207 -20.953489 -1.932495
v -0.178467 -20.946182 -2.120876
v -0.009468 -20.948341 -2.059006
v -0.296806 -20.935789 -1.976639
v -0.143593 -20.949154 -1.755165
v -0.312691 -20.960539 -1.810577
v -0.205101 -20.907059 -1.651432
v -0.296310 -20.960915 -1.638847
v -1.972198 -20.854568 -1.414444
v -2.332756 -20.830036 -0.992672
v -1.996643 -20.863340 -1.170605
v -1.754433 -20.880150 -1.462296
v -2.119751 -20.858429 -1.021118
v -2.227737 -20.840313 -0.906944
v -2.113716 -20.885635 -0.861050
v -0.746689 -20.964954 -1.049694
v -0.677345 -20.898703 -1.128029
v -0.774231 -20.962162 -1.239281
v -0.746689 -20.964954 -1.049694
v -0.826897 -20.911810 -0.967751
v -0.911613 -20.950579 -1.113400
v -0.774231 -20.962162 -1.239281
v -0.957565 -20.955786 -1.304703
v -0.906342 -20.965607 -0.920959
v -0.826897 -20.911810 -0.967751
v -0.911613 -20.950579 -1.113400
v -0.906342 -20.965607 -0.920959
v -0.950943 -20.952223 -0.795765
v -1.107361 -20.964638 -1.001827
v -1.083206 -20.969746 -0.816414
v -1.217293 -20.962656 -0.510765
v -1.179688 -20.962835 -0.648952
v -1.350792 -20.961172 -0.383148
v -1.375389 -20.976002 -0.550247
v 0.283035 -19.659994 -2.745575
v 0.342857 -19.688387 -2.847794
v 0.303673 -19.693338 -2.682850
v 0.283035 -19.659994 -2.745575
v 0.377655 -19.729017 -2.643257
v 0.488045 -19.739273 -2.543503
v 0.283035 -19.659994 -2.745575
v 0.303673 -19.693338 -2.682850
v 0.377655 -19.729017 -2.643257
v -0.950943 -20.952223 -0.795765
v -1.083206 -20.969746 -0.816414
v -1.125633 -20.905436 -0.732300
v -1.257629 -20.966894 -0.860909
v 0.614151 -19.649658 -2.436466
v 0.421211 -19.744738 -2.760094
v 0.655495 -19.736303 -2.623699
v 0.614151 -19.649658 -2.436466
v 0.488045 -19.739273 -2.543503
v 0.421211 -19.744738 -2.760094
v -0.600174 -20.967804 -1.197277
v -0.774231 -20.962162 -1.239281
v -0.677345 -20.898703 -1.128029
v -0.600174 -20.967804 -1.197277
v -0.533569 -20.910503 -1.266708
v -0.631325 -20.955112 -1.402122
v -0.600174 -20.967804 -1.197277
v -0.684021 -20.903059 -1.306747
v -0.774231 -20.962162 -1.239281
v -1.996643 -20.863340 -1.170605
v -1.891792 -20.804098 -1.215115
v -1.819984 -20.873419 -1.253937
v -1.996643 -20.863340 -1.170605
v -2.119751 -20.858429 -1.021118
v -2.039055 -20.798634 -1.094791
v -1.996643 -20.863340 -1.170605
v -1.754433 -20.880150 -1.462296
v -1.801491 -20.846371 -1.381386
v -1.996643 -20.863340 -1.170605
v -1.957542 -20.921078 -0.863865
v -1.883377 -20.832432 -1.027489
v -1.996643 -20.863340 -1.170605
v -1.883377 -20.832432 -1.027489
v -1.811096 -20.902029 -1.061916
v -1.996643 -20.863340 -1.170605
v -1.891792 -20.804098 -1.215115
v -1.811096 -20.902029 -1.061916
v -0.769493 -20.905495 -2.668221
v -0.616638 -20.894466 -2.679279
v -0.559654 -20.895456 -2.776726
v -0.494118 -20.877161 -2.975548
v -0.608444 -20.855103 -2.548584
v -0.507301 -20.906345 -2.591228
v -0.456802 -20.912148 -2.777256
v -0.395203 -20.926760 -2.582172
v -0.514626 -20.933273 -2.416908
v -0.373909 -20.932323 -2.380325
v -0.395203 -20.926760 -2.582172
v -0.769493 -20.905495 -2.668221
v -0.559090 -20.868765 -3.049740
v -0.494118 -20.877161 -2.975548
v -0.769493 -20.905495 -2.668221
v -1.124527 -20.883715 -2.085484
v -0.820679 -20.896624 -2.362499
v -0.701050 -20.909594 -2.497986
v -0.984184 -20.885555 -2.187744
v 0.237923 -19.469280 -2.182129
v 0.201843 -19.540085 -2.274994
v 0.337051 -19.667084 -2.095383
v 0.237923 -19.469280 -2.182129
v 0.346756 -19.516544 -2.151592
v 0.201843 -19.540085 -2.274994
v 0.237923 -19.469280 -2.182129
v 0.346756 -19.516544 -2.151592
v 0.420311 -19.400635 -2.035950
v 0.237923 -19.469280 -2.182129
v 0.142624 -19.500031 -2.276451
v 0.303017 -19.464846 -2.305965
v 0.420311 -19.400635 -2.035950
v 0.168999 -19.571232 -2.444462
v 0.386932 -19.527493 -2.017075
v 0.432533 -19.566637 -1.987297
v 0.405304 -19.509712 -2.102982
v 0.405304 -19.509712 -2.102982
v 0.526802 -19.505911 -2.073189
v 0.303017 -19.464846 -2.305965
v 0.346756 -19.516544 -2.151592
v 0.201843 -19.540085 -2.274994
v 0.405304 -19.509712 -2.102982
v 0.346756 -19.516544 -2.151592
v 0.517662 -19.563351 -2.272377
v 0.526802 -19.505911 -2.073189
v 0.420311 -19.400635 -2.035950
v 0.303017 -19.464846 -2.305965
v 0.346756 -19.516544 -2.151592
v 0.517662 -19.563351 -2.272377
v 0.338043 -19.642036 -2.419373
v 0.274231 -19.701397 -2.576038
v 0.546555 -19.630037 -2.434338
v 0.459000 -19.653461 -2.519180
v 0.377655 -19.729017 -2.643257
v 0.346756 -19.516544 -2.151592
v 0.436554 -19.697239 -2.296810
v 0.338043 -19.642036 -2.419373
v -0.020737 -19.519850 -2.270180
v -0.086334 -19.571251 -2.273750
v -0.021118 -19.623245 -2.394268
v 0.142624 -19.500031 -2.276451
v 0.337051 -19.667084 -2.095383
v 0.260086 -19.525414 -2.371376
v 0.436554 -19.697239 -2.296810
v 0.201843 -19.540085 -2.274994
v 0.142624 -19.500031 -2.276451
v -0.021118 -19.623245 -2.394268
v 0.080139 -19.607128 -2.297607
v 0.142624 -19.500031 -2.276451
v 0.051453 -19.653658 -2.451881
v 0.168999 -19.571232 -2.444462
v -0.086334 -19.571251 -2.273750
v -0.036896 -19.496645 -2.402290
v -0.021118 -19.623245 -2.394268
v 0.095612 -19.594833 -2.504887
v 0.051453 -19.653658 -2.451881
v 0.016479 -19.505772 -2.493015
v 0.095612 -19.594833 -2.504887
v -0.036896 -19.496645 -2.402290
v 0.016479 -19.505772 -2.493015
v 0.168999 -19.571232 -2.444462
v 0.095612 -19.594833 -2.504887
v 0.260086 -19.525414 -2.371376
v 0.016479 -19.505772 -2.493015
v -0.085396 -19.543175 -2.582928
v 0.121872 -19.573172 -2.591553
v 0.260086 -19.525414 -2.371376
v 0.338043 -19.642036 -2.419373
v 0.303017 -19.464846 -2.305965
v 0.260086 -19.525414 -2.371376
v 0.201843 -19.540085 -2.274994
v 0.303017 -19.464846 -2.305965
v 0.168999 -19.571232 -2.444462
v 0.260086 -19.525414 -2.371376
v -0.021118 -19.623245 -2.394268
v 0.051453 -19.653658 -2.451881
v 0.080139 -19.607128 -2.297607
v 0.617569 -19.782042 -2.294388
v 0.546555 -19.630037 -2.434338
v 0.614151 -19.649658 -2.436466
v 0.095612 -19.594833 -2.504887
v 0.050934 -19.718365 -2.582016
v 0.051453 -19.653658 -2.451881
v 0.095612 -19.594833 -2.504887
v 0.121872 -19.573172 -2.591553
v 0.215416 -19.689299 -2.625278
v 0.155319 -19.575884 -2.670025
v 0.303673 -19.693338 -2.682850
v 0.095612 -19.594833 -2.504887
v 0.215416 -19.689299 -2.625278
v 0.050934 -19.718365 -2.582016
v 0.095612 -19.594833 -2.504887
v 0.168999 -19.571232 -2.444462
v 0.338043 -19.642036 -2.419373
v 0.095612 -19.594833 -2.504887
v 0.338043 -19.642036 -2.419373
v 0.121872 -19.573172 -2.591553
v 0.436554 -19.697239 -2.296810
v 0.260086 -19.525414 -2.371376
v 0.338043 -19.642036 -2.419373
v 0.168999 -19.571232 -2.444462
v 0.050934 -19.718365 -2.582016
v 0.184456 -19.788616 -2.503654
v 0.338043 -19.642036 -2.419373
v 0.168999 -19.571232 -2.444462
v 0.051453 -19.653658 -2.451881
v 0.050934 -19.718365 -2.582016
v -1.330154 -20.889912 -1.999420
v -1.341133 -20.877220 -1.801449
v -1.236206 -20.823997 -1.897888
v -1.330154 -20.889912 -1.999420
v -1.236206 -20.823997 -1.897888
v -1.137337 -20.890703 -1.932159
v 0.397774 -19.450808 -1.822857
v 0.367989 -19.368084 -1.883160
v 0.355644 -19.444769 -1.981022
v 0.355644 -19.444769 -1.981022
v 0.386932 -19.527493 -2.017075
v 0.365486 -19.544720 -2.003551
v 0.405304 -19.509712 -2.102982
v 0.352913 -19.613821 -1.989326
v 0.355644 -19.444769 -1.981022
v 0.397545 -19.467539 -2.055073
v 0.405304 -19.509712 -2.102982
v 0.355644 -19.444769 -1.981022
v 0.405304 -19.509712 -2.102982
v 0.386932 -19.527493 -2.017075
v -0.223175 -19.484468 -2.439686
v -0.124046 -19.402338 -2.355598
v -0.036896 -19.496645 -2.402290
v -0.124046 -19.402338 -2.355598
v -0.065948 -19.517237 -2.279854
v -0.020737 -19.519850 -2.270180
v -0.124046 -19.402338 -2.355598
v -0.165436 -19.548817 -2.246811
v -0.065948 -19.517237 -2.279854
v -0.124046 -19.402338 -2.355598
v 0.073624 -19.410040 -2.161842
v -0.020737 -19.519850 -2.270180
v -0.124046 -19.402338 -2.355598
v 0.073624 -19.410040 -2.161842
v 0.237923 -19.469280 -2.182129
v -0.036896 -19.496645 -2.402290
v 0.142624 -19.500031 -2.276451
v 0.269920 -19.459143 -2.054035
v -0.067093 -19.428137 -2.142929
v -0.165436 -19.548817 -2.246811
v -0.050255 -19.489061 -2.070587
v 0.361916 -19.669262 -1.969597
v 0.432533 -19.566637 -1.987297
v 0.352913 -19.613821 -1.989326
v 0.269920 -19.459143 -2.054035
v 0.237923 -19.469280 -2.182129
v 0.253464 -19.548084 -1.986847
v 0.269920 -19.459143 -2.054035
v 0.253464 -19.548084 -1.986847
v 0.346756 -19.516544 -2.151592
v 0.337051 -19.667084 -2.095383
v 0.436554 -19.697239 -2.296810
v 0.365486 -19.544720 -2.003551
v 0.386932 -19.527493 -2.017075
v 0.416435 -19.560005 -1.917965
v 0.365486 -19.544720 -2.003551
v 0.416435 -19.560005 -1.917965
v 0.432533 -19.566637 -1.987297
v 0.405304 -19.509712 -2.102982
v 0.416435 -19.560005 -1.917965
v 0.420311 -19.400635 -2.035950
v 0.526802 -19.505911 -2.073189
v 0.416435 -19.560005 -1.917965
v 0.386932 -19.527493 -2.017075
v 0.420311 -19.400635 -2.035950
v 0.397545 -19.467539 -2.055073
v 0.416435 -19.560005 -1.917965
v 0.352913 -19.613821 -1.989326
v 0.432533 -19.566637 -1.987297
v -0.165436 -19.548817 -2.246811
v -0.065948 -19.517237 -2.279854
v -0.086334 -19.571251 -2.273750
v -0.165436 -19.548817 -2.246811
v -0.086334 -19.571251 -2.273750
v -0.050255 -19.489061 -2.070587
v 0.021324 -19.536581 -2.181080
v -0.050255 -19.489061 -2.070587
v 0.073624 -19.410040 -2.161842
v 0.021324 -19.536581 -2.181080
v 0.073624 -19.410040 -2.161842
v 0.021324 -19.536581 -2.181080
v -0.086334 -19.571251 -2.273750
v 0.073624 -19.410040 -2.161842
v -0.020737 -19.519850 -2.270180
v -0.086334 -19.571251 -2.273750
v 0.397545 -19.467539 -2.055073
v 0.526802 -19.505911 -2.073189
v 0.405304 -19.509712 -2.102982
v 0.397545 -19.467539 -2.055073
v 0.346756 -19.516544 -2.151592
v 0.420311 -19.400635 -2.035950
v 0.397545 -19.467539 -2.055073
v 0.386932 -19.527493 -2.017075
v 0.526802 -19.505911 -2.073189
v 0.432533 -19.566637 -1.987297
v -0.065948 -19.517237 -2.279854
v -0.036896 -19.496645 -2.402290
v -0.086334 -19.571251 -2.273750
v -0.065948 -19.517237 -2.279854
v -0.036896 -19.496645 -2.402290
v 0.142624 -19.500031 -2.276451
v -0.065948 -19.517237 -2.279854
v -0.020737 -19.519850 -2.270180
v 0.142624 -19.500031 -2.276451
v 0.237923 -19.469280 -2.182129
v 0.253464 -19.548084 -1.986847
v 0.337051 -19.667084 -2.095383
v 0.268921 -19.443996 -1.815422
v 0.286392 -19.473419 -1.789520
v 0.326622 -19.452391 -1.721661
v 0.281891 -19.341234 -1.881645
v 0.286392 -19.473419 -1.789520
v 0.397774 -19.450808 -1.822857
v 0.277237 -19.551727 -1.834129
v 0.286392 -19.473419 -1.789520
v 0.277237 -19.551727 -1.834129
v 0.354172 -19.526463 -1.766460
v -1.396393 -19.727592 -0.278328
v -1.754295 -19.658550 -0.249134
v -1.911644 -19.502308 -0.374596
v -0.192276 -19.446472 -2.161842
v -0.060616 -19.323078 -2.108528
v -0.158600 -19.383528 -2.166363
v -0.192276 -19.446472 -2.161842
v -0.308563 -19.530146 -2.082008
v -0.242889 -19.474232 -2.213322
v -0.192276 -19.446472 -2.161842
v -0.242889 -19.474232 -2.213322
v -0.067093 -19.428137 -2.142929
v -0.192276 -19.446472 -2.161842
v -0.158600 -19.383528 -2.166363
v -0.067093 -19.428137 -2.142929
v -2.222954 -19.735472 -0.820953
v -2.174652 -19.678726 -0.596745
v -2.116615 -19.616732 -0.652454
v 0.281891 -19.341234 -1.881645
v 0.326622 -19.452391 -1.721661
v 0.367989 -19.368084 -1.883160
v 0.281891 -19.341234 -1.881645
v 0.073624 -19.410040 -2.161842
v 0.367989 -19.368084 -1.883160
v 0.355644 -19.444769 -1.981022
v 0.269920 -19.459143 -2.054035
v 0.397545 -19.467539 -2.055073
v 0.346756 -19.516544 -2.151592
v 0.281891 -19.341234 -1.881645
v 0.228531 -19.440037 -1.922710
v 0.073624 -19.410040 -2.161842
v 0.281891 -19.341234 -1.881645
v 0.397774 -19.450808 -1.822857
v 0.355644 -19.444769 -1.981022
v 0.281891 -19.341234 -1.881645
v 0.277237 -19.551727 -1.834129
v 0.397774 -19.450808 -1.822857
v 0.281891 -19.341234 -1.881645
v 0.150459 -19.391764 -1.823502
v 0.228531 -19.440037 -1.922710
v 0.354172 -19.526463 -1.766460
v 0.326622 -19.452391 -1.721661
v 0.397774 -19.450808 -1.822857
v 0.326622 -19.452391 -1.721661
v 0.367989 -19.368084 -1.883160
v 0.397774 -19.450808 -1.822857
v -0.158600 -19.383528 -2.166363
v -0.242889 -19.474232 -2.213322
v -0.192726 -19.406139 -2.307758
v -0.158600 -19.383528 -2.166363
v 0.073624 -19.410040 -2.161842
v -0.192726 -19.406139 -2.307758
v -0.158600 -19.383528 -2.166363
v -0.067093 -19.428137 -2.142929
v 0.073624 -19.410040 -2.161842
v -0.050255 -19.489061 -2.070587
v 0.150459 -19.391764 -1.823502
v 0.228531 -19.440037 -1.922710
v 0.100693 -19.341669 -1.992222
v 0.392426 -19.817226 -1.911678
v 0.815948 -19.940205 -2.330971
v 0.409164 -19.869757 -1.960037
v -0.221146 -19.579884 -2.433933
v -0.085396 -19.543175 -2.582928
v 0.016479 -19.505772 -2.493015
v -0.221146 -19.579884 -2.433933
v 0.016479 -19.505772 -2.493015
v -0.036896 -19.496645 -2.402290
v -0.221146 -19.579884 -2.433933
v -0.036896 -19.496645 -2.402290
v -0.223175 -19.484468 -2.439686
v -0.192726 -19.406139 -2.307758
v -0.124046 -19.402338 -2.355598
v -0.242889 -19.474232 -2.213322
v -0.165436 -19.548817 -2.246811
v -0.242889 -19.474232 -2.213322
v -0.165436 -19.548817 -2.246811
v -0.067093 -19.428137 -2.142929
v 0.100693 -19.341669 -1.992222
v 0.073624 -19.410040 -2.161842
v 0.228531 -19.440037 -1.922710
v 0.277237 -19.551727 -1.834129
v 0.365486 -19.544720 -2.003551
v 0.352913 -19.613821 -1.989326
v 0.277237 -19.551727 -1.834129
v 0.355644 -19.444769 -1.981022
v 0.365486 -19.544720 -2.003551
v 0.277237 -19.551727 -1.834129
v 0.416435 -19.560005 -1.917965
v 0.361916 -19.669262 -1.969597
v 0.526802 -19.505911 -2.073189
v 0.277237 -19.551727 -1.834129
v 0.352913 -19.613821 -1.989326
v 0.416435 -19.560005 -1.917965
v -0.240410 -19.089893 -2.042526
v -0.328583 -19.004911 -2.112530
v -0.135040 -19.098169 -2.033989
v -0.400200 -19.650787 -2.453968
v 0.133324 -19.876171 -3.070713
v 0.038918 -19.835363 -2.927135
v 0.226196 -19.458233 -1.718033
v 0.227287 -19.322840 -1.769051
v 0.268921 -19.443996 -1.815422
v 0.355644 -19.444769 -1.981022
v 0.281891 -19.341234 -1.881645
v 0.226196 -19.458233 -1.718033
v 0.268921 -19.443996 -1.815422
v 0.286392 -19.473419 -1.789520
v 0.226196 -19.458233 -1.718033
v 0.254066 -19.341175 -1.675148
v 0.227287 -19.322840 -1.769051
v 0.226196 -19.458233 -1.718033
v 0.277237 -19.551727 -1.834129
v 0.354172 -19.526463 -1.766460
v 0.326622 -19.452391 -1.721661
v 0.226196 -19.458233 -1.718033
v 0.286392 -19.473419 -1.789520
v 0.326622 -19.452391 -1.721661
v 0.099304 -19.202517 -1.785839
v 0.114677 -19.149490 -1.965439
v 0.107689 -19.212357 -1.858768
v 0.254066 -19.341175 -1.675148
v 0.259476 -19.298031 -1.804878
v 0.227287 -19.322840 -1.769051
v -0.331276 -19.304684 -2.090157
v -0.305763 -19.324879 -2.263290
v -0.325768 -19.442829 -2.095940
v -0.331276 -19.304684 -2.090157
v -0.325768 -19.442829 -2.095940
v -0.265160 -19.391308 -2.078033
v 0.034386 -19.132107 -1.915668
v 0.114677 -19.149490 -1.965439
v -0.000839 -19.174953 -2.043076
v 0.034386 -19.132107 -1.915668
v -0.092270 -19.202101 -2.035065
v 0.107689 -19.212357 -1.858768
v 0.034386 -19.132107 -1.915668
v -0.000839 -19.174953 -2.043076
v -0.096359 -19.098644 -2.077599
v -0.265160 -19.391308 -2.078033
v -0.272736 -19.205744 -2.178795
v -0.138878 -19.259678 -2.157700
v -0.265160 -19.391308 -2.078033
v -0.138878 -19.259678 -2.157700
v -0.299774 -19.231939 -2.183937
v -0.213570 -19.173569 -2.188038
v -0.192123 -19.398497 -2.069901
v -0.192276 -19.446472 -2.161842
v -0.092270 -19.202101 -2.035065
v -0.308563 -19.530146 -2.082008
v -0.092270 -19.202101 -2.035065
v 0.107689 -19.212357 -1.858768
v 0.045517 -19.245481 -1.960960
v -0.060616 -19.323078 -2.108528
v 0.100693 -19.341669 -1.992222
v 0.259476 -19.298031 -1.804878
v -0.092270 -19.202101 -2.035065
v -0.192276 -19.446472 -2.161842
v -0.060616 -19.323078 -2.108528
v 0.227287 -19.322840 -1.769051
v 0.259476 -19.298031 -1.804878
v 0.281891 -19.341234 -1.881645
v -0.272736 -19.205744 -2.178795
v -0.096359 -19.098644 -2.077599
v -0.138878 -19.259678 -2.157700
v -0.000839 -19.174953 -2.043076
v 0.114677 -19.149490 -1.965439
v -0.272736 -19.205744 -2.178795
v -0.213570 -19.173569 -2.188038
v -0.096359 -19.098644 -2.077599
v -0.096359 -19.098644 -2.077599
v -0.213570 -19.173569 -2.188038
v 0.114677 -19.149490 -1.965439
v -0.138878 -19.259678 -2.157700
v 0.259476 -19.298031 -1.804878
v 0.100693 -19.341669 -1.992222
v 0.150459 -19.391764 -1.823502
v 0.259476 -19.298031 -1.804878
v 0.150459 -19.391764 -1.823502
v 0.281891 -19.341234 -1.881645
v -0.305763 -19.324879 -2.263290
v -0.325768 -19.442829 -2.095940
v -0.158600 -19.383528 -2.166363
v -0.305763 -19.324879 -2.263290
v -0.158600 -19.383528 -2.166363
v -0.060616 -19.323078 -2.108528
v -0.305763 -19.324879 -2.263290
v -0.192726 -19.406139 -2.307758
v 0.073624 -19.410040 -2.161842
v -0.060616 -19.323078 -2.108528
v 0.100693 -19.341669 -1.992222
v -0.325768 -19.442829 -2.095940
v -0.308563 -19.530146 -2.082008
v -0.242889 -19.474232 -2.213322
v -0.325768 -19.442829 -2.095940
v -0.242889 -19.474232 -2.213322
v -0.158600 -19.383528 -2.166363
v 0.268921 -19.443996 -1.815422
v 0.355644 -19.444769 -1.981022
v 0.277237 -19.551727 -1.834129
v -0.485115 -19.199091 -2.131546
v -0.599289 -19.177113 -2.217663
v -0.240410 -19.089893 -2.042526
v -0.599289 -19.177113 -2.217663
v -0.240410 -19.089893 -2.042526
v -0.220657 -19.176836 -2.094402
v -0.135040 -19.098169 -2.033989
v -0.599289 -19.177113 -2.217663
v -0.447968 -19.228830 -2.207443
v -0.220657 -19.176836 -2.094402
v -0.177528 -18.998358 -1.983627
v -0.135040 -19.098169 -2.033989
v -0.149460 -19.103239 -1.946541
v 0.183167 -19.343927 -1.663219
v 0.254066 -19.341175 -1.675148
v 0.226196 -19.458233 -1.718033
v 0.183167 -19.343927 -1.663219
v 0.165611 -19.203011 -1.728325
v 0.254066 -19.341175 -1.675148
v -0.218704 -19.133692 -1.984341
v -0.312515 -19.254847 -2.045242
v -0.183456 -19.234335 -2.002876
v -0.218704 -19.133692 -1.984341
v -0.240410 -19.089893 -2.042526
v -0.183456 -19.234335 -2.002876
v 0.165611 -19.203011 -1.728325
v 0.254066 -19.341175 -1.675148
v 0.259476 -19.298031 -1.804878
v 0.165611 -19.203011 -1.728325
v 0.107689 -19.212357 -1.858768
v 0.259476 -19.298031 -1.804878
v 0.165611 -19.203011 -1.728325
v 0.107689 -19.212357 -1.858768
v 0.099304 -19.202517 -1.785839
v -0.312515 -19.254847 -2.045242
v -0.272736 -19.205744 -2.178795
v -0.265160 -19.391308 -2.078033
v -0.312515 -19.254847 -2.045242
v -0.265160 -19.391308 -2.078033
v -0.183456 -19.234335 -2.002876
v -0.192123 -19.398497 -2.069901
v -0.092270 -19.202101 -2.035065
v -0.325768 -19.442829 -2.095940
v -0.308563 -19.530146 -2.082008
v -0.312515 -19.254847 -2.045242
v -0.331276 -19.304684 -2.090157
v -0.299774 -19.231939 -2.183937
v -0.272736 -19.205744 -2.178795
v -0.490112 -19.048155 -2.164963
v -0.503479 -19.064510 -2.120289
v -0.240410 -19.089893 -2.042526
v -0.490112 -19.048155 -2.164963
v -0.240410 -19.089893 -2.042526
v -0.328583 -19.004911 -2.112530
v -0.490112 -19.048155 -2.164963
v -0.496597 -19.005051 -2.091587
v -0.328583 -19.004911 -2.112530
v 0.035843 -19.100903 -1.887135
v 0.099304 -19.202517 -1.785839
v 0.083710 -19.155153 -1.756802
v 0.114677 -19.149490 -1.965439
v 0.035843 -19.100903 -1.887135
v -0.096359 -19.098644 -2.077599
v 0.114677 -19.149490 -1.965439
v 0.035843 -19.100903 -1.887135
v 0.034386 -19.132107 -1.915668
v -0.096359 -19.098644 -2.077599
v 0.035843 -19.100903 -1.887135
v -0.135040 -19.098169 -2.033989
v -0.092270 -19.202101 -2.035065
v 0.034386 -19.132107 -1.915668
v 0.240181 -19.677855 -1.693153
v 0.392426 -19.817226 -1.911678
v 0.409164 -19.869757 -1.960037
v 0.240181 -19.677855 -1.693153
v 0.226196 -19.458233 -1.718033
v 0.277237 -19.551727 -1.834129
v 0.240181 -19.677855 -1.693153
v 0.277237 -19.551727 -1.834129
v 0.392426 -19.817226 -1.911678
v 0.361916 -19.669262 -1.969597
v -1.992622 -19.765490 -1.101597
v -2.114784 -19.770103 -1.007553
v -2.116615 -19.616732 -0.652454
v -2.222954 -19.735472 -0.820953
v -1.992622 -19.765490 -1.101597
v -2.116615 -19.616732 -0.652454
v -2.030075 -19.583250 -0.896835
v -2.038727 -19.473122 -0.640007
v -0.183456 -19.234335 -2.002876
v -0.135040 -19.098169 -2.033989
v -0.220657 -19.176836 -2.094402
v -0.183456 -19.234335 -2.002876
v -0.220657 -19.176836 -2.094402
v -0.447784 -19.245779 -2.136082
v -0.183456 -19.234335 -2.002876
v -0.092270 -19.202101 -2.035065
v -0.135040 -19.098169 -2.033989
v -0.447968 -19.228830 -2.207443
v -0.331276 -19.304684 -2.090157
v -0.305763 -19.324879 -2.263290
v -0.447968 -19.228830 -2.207443
v -0.447784 -19.245779 -2.136082
v -0.331276 -19.304684 -2.090157
v -0.447968 -19.228830 -2.207443
v -0.447784 -19.245779 -2.136082
v -0.220657 -19.176836 -2.094402
v 0.132111 -19.350599 -1.480862
v 0.139679 -19.273855 -1.585796
v 0.183167 -19.343927 -1.663219
v 0.226196 -19.458233 -1.718033
v 0.240181 -19.677855 -1.693153
v 0.165611 -19.203011 -1.728325
v 0.001541 -19.132345 -1.786835
v -0.116295 -18.997864 -1.866581
v -0.016022 -19.069183 -1.814976
v 0.001541 -19.132345 -1.786835
v -0.016022 -19.069183 -1.814976
v 0.072029 -19.131632 -1.733086
v 0.001541 -19.132345 -1.786835
v -0.165131 -19.084211 -1.910908
v -0.116295 -18.997864 -1.866581
v -0.290489 -19.034433 -2.020504
v 0.001541 -19.132345 -1.786835
v 0.072029 -19.131632 -1.733086
v 0.060593 -19.209328 -1.608688
v 0.001541 -19.132345 -1.786835
v -0.467484 -18.891655 -1.867756
v -0.165131 -19.084211 -1.910908
v 0.001541 -19.132345 -1.786835
v 0.051254 -19.300486 -1.654007
v 0.060593 -19.209328 -1.608688
v -0.763100 -19.042671 -1.981499
v -0.467484 -18.891655 -1.867756
v -0.594933 -19.063877 -2.034576
v -0.699142 -19.188417 -2.079979
v -0.564484 -19.200060 -2.053520
v -0.218704 -19.133692 -1.984341
v -0.165131 -19.084211 -1.910908
v 0.010719 -19.167053 -1.603004
v 0.060593 -19.209328 -1.608688
v 0.051254 -19.300486 -1.654007
v -0.797020 -19.020197 -2.093239
v -0.580025 -19.163847 -2.175186
v -0.608948 -19.111456 -2.094345
v -0.485115 -19.199091 -2.131546
v -0.165131 -19.084211 -1.910908
v -0.218704 -19.133692 -1.984341
v -0.290489 -19.034433 -2.020504
v 0.100243 -19.112980 -1.632824
v 0.165611 -19.203011 -1.728325
v 0.139679 -19.273855 -1.585796
v 0.100243 -19.112980 -1.632824
v 0.035843 -19.100903 -1.887135
v 0.165611 -19.203011 -1.728325
v -0.016022 -19.069183 -1.814976
v 0.100243 -19.112980 -1.632824
v 0.072029 -19.131632 -1.733086
v -0.016022 -19.069183 -1.814976
v -0.699142 -19.188417 -2.079979
v -0.608948 -19.111456 -2.094345
v -0.564484 -19.200060 -2.053520
v -0.594933 -19.063877 -2.034576
v -0.564484 -19.200060 -2.053520
v -0.312515 -19.254847 -2.045242
v -0.218704 -19.133692 -1.984341
v -0.528778 -19.341352 -2.107590
v -0.331276 -19.304684 -2.090157
v -0.608948 -19.111456 -2.094345
v -0.496597 -19.005051 -2.091587
v -0.503479 -19.064510 -2.120289
v -0.608948 -19.111456 -2.094345
v -0.503479 -19.064510 -2.120289
v -0.564484 -19.200060 -2.053520
v -1.132896 -20.157253 -0.418419
v -1.506355 -19.892368 -0.390976
v -1.377144 -19.996536 -0.312473
v -1.628792 -19.856293 -0.292679
v -0.580025 -19.163847 -2.175186
v -0.485115 -19.199091 -2.131546
v -0.599289 -19.177113 -2.217663
v -0.564484 -19.200060 -2.053520
v -0.485115 -19.199091 -2.131546
v -0.503479 -19.064510 -2.120289
v -0.490112 -19.048155 -2.164963
v -0.564484 -19.200060 -2.053520
v -0.485115 -19.199091 -2.131546
v -0.528778 -19.341352 -2.107590
v -0.447784 -19.245779 -2.136082
v -0.331276 -19.304684 -2.090157
v -0.116295 -18.997864 -1.866581
v -0.016022 -19.069183 -1.814976
v -0.177528 -18.998358 -1.983627
v -0.116295 -18.997864 -1.866581
v -0.290489 -19.034433 -2.020504
v -0.177528 -18.998358 -1.983627
v -0.290489 -19.034433 -2.020504
v -0.496597 -19.005051 -2.091587
v -0.503479 -19.064510 -2.120289
v -0.240410 -19.089893 -2.042526
v -0.290489 -19.034433 -2.020504
v -0.328583 -19.004911 -2.112530
v -0.135040 -19.098169 -2.033989
v -0.496597 -19.005051 -2.091587
v -0.290489 -19.034433 -2.020504
v -0.177528 -18.998358 -1.983627
v -0.135040 -19.098169 -2.033989
v -0.016022 -19.069183 -1.814976
v -0.149460 -19.103239 -1.946541
v 0.035843 -19.100903 -1.887135
v -0.135040 -19.098169 -2.033989
v -0.016022 -19.069183 -1.814976
v -0.177528 -18.998358 -1.983627
v -0.149460 -19.103239 -1.946541
v -0.485115 -19.199091 -2.131546
v -0.183456 -19.234335 -2.002876
v -0.240410 -19.089893 -2.042526
v -0.447784 -19.245779 -2.136082
v 0.102608 -19.595407 -1.487793
v 0.096558 -19.502287 -1.489697
v 0.083626 -19.478291 -1.416611
v 0.102608 -19.595407 -1.487793
v -0.077652 -19.867914 -1.257156
v -0.004929 -19.880249 -1.270012
v -0.631462 -20.146362 -0.836998
v 0.096558 -19.502287 -1.489697
v 0.088913 -19.490290 -1.469788
v 0.067329 -19.534046 -1.434143
v 0.096558 -19.502287 -1.489697
v 0.088913 -19.490290 -1.469788
v 0.083626 -19.478291 -1.416611
v 0.096558 -19.502287 -1.489697
v 0.067329 -19.534046 -1.434143
v -0.013069 -19.388874 -1.468666
v -0.126389 -19.075123 -1.780014
v -0.120575 -19.172281 -1.629074
v -0.317062 -19.044729 -1.619328
v -0.519302 -19.019899 -1.944271
v -0.144882 -19.122404 -1.437431
v -0.298050 -19.022455 -1.888451
v -0.078308 -19.206001 -1.522625
v -0.013069 -19.388874 -1.468666
v 0.067329 -19.534046 -1.434143
v 0.083626 -19.478291 -1.416611
v -0.077652 -19.867914 -1.257156
v 0.067329 -19.534046 -1.434143
v -0.014648 -19.698881 -1.273148
v -0.334496 -19.966024 -0.964081
v -0.631462 -20.146362 -0.836998
v 0.083626 -19.478291 -1.416611
v -1.016426 -19.628613 -2.010033
v -1.361794 -19.834532 -1.902367
v -0.945709 -19.499159 -2.004894
v -0.945709 -19.499159 -2.004894
v -1.361794 -19.834532 -1.902367
v -1.311913 -19.692566 -1.800709
v -0.519302 -19.019899 -1.944271
v -0.679848 -18.996397 -1.932358
v -0.426506 -18.987944 -1.701836
v -0.854271 -19.037226 -1.910713
v -0.519302 -19.019899 -1.944271
v -0.426506 -18.987944 -1.701836
v -0.317062 -19.044729 -1.619328
v -0.317062 -19.044729 -1.619328
v -0.374313 -18.880825 -1.648102
v -0.144882 -19.122404 -1.437431
v -0.426506 -18.987944 -1.701836
v -0.854271 -19.037226 -1.910713
v -0.256302 -18.941235 -1.547615
v -0.334496 -19.966024 -0.964081
v -1.132896 -20.157253 -0.418419
v -0.631462 -20.146362 -0.836998
v -1.188148 -20.197922 -0.361462
v -1.377144 -19.996536 -0.312473
v -0.129395 -19.204119 -1.440651
v -0.238632 -19.541412 -1.280426
v -0.195969 -19.407465 -1.269604
v -0.109695 -19.230236 -1.360443
v -0.188156 -19.533829 -1.063908
v -0.129395 -19.204119 -1.440651
v -0.144882 -19.122404 -1.437431
v -0.109695 -19.230236 -1.360443
v -0.144882 -19.122404 -1.437431
v -0.256302 -18.941235 -1.547615
v -0.071754 -19.120920 -1.496052
v -0.108162 -19.018692 -1.634548
v -0.006287 -19.211882 -1.563591
v -0.144882 -19.122404 -1.437431
v -0.086945 -19.195328 -1.334946
v -0.109695 -19.230236 -1.360443
v -0.116768 -18.979448 -1.489849
v -1.048500 -19.266449 -1.933323
v -0.797020 -19.020197 -2.093239
v -0.874420 -19.174618 -1.993889
v -0.699142 -19.188417 -2.079979
v -0.608948 -19.111456 -2.094345
v -0.195969 -19.407465 -1.269604
v -0.188156 -19.533829 -1.063908
v -0.692116 -19.721651 -0.716114
v -0.086945 -19.195328 -1.334946
v -0.116768 -18.979448 -1.489849
v -0.063118 -18.984735 -1.459412
v -0.116768 -18.979448 -1.489849
v 0.072029 -19.131632 -1.733086
v -0.063118 -18.984735 -1.459412
v 0.100243 -19.112980 -1.632824
v -0.108162 -19.018692 -1.634548
v -0.006287 -19.211882 -1.563591
v 0.010719 -19.167053 -1.603004
v -0.108162 -19.018692 -1.634548
v 0.001541 -19.132345 -1.786835
v 0.010719 -19.167053 -1.603004
v 0.051254 -19.300486 -1.654007
vn -0.4676 0.0382 0.8831
vn -0.5174 -0.3630 0.7750
vn -0.4270 -0.3047 0.8514
vn -0.4986 -0.4089 0.7643
vn -0.3997 -0.3986 0.8255
vn -0.2037 -0.4516 0.8687
vn 0.0285 0.0047 0.9996
vn 0.1276 -0.2214 0.9668
vn 0.1924 -0.0055 0.9813
vn 0.2647 -0.0625 0.9623
vn 0.0525 -0.1925 0.9799
vn 0.1885 -0.2170 0.9578
vn -0.0976 0.0947 0.9907
vn 0.1643 -0.0957 0.9818
vn -0.1729 0.1161 0.9781
vn 0.6515 -0.7503 -0.1123
vn -0.4754 -0.8734 0.1054
vn -0.1118 -0.8574 0.5023
vn -0.0481 -0.8751 0.4816
vn 0.7007 -0.6933 -0.1685
vn -0.1664 -0.8596 0.4831
vn 0.5403 -0.8412 -0.0199
vn -0.0951 -0.8697 0.4843
vn 0.7061 -0.6317 -0.3198
vn 0.7479 -0.6108 -0.2598
vn 0.6001 -0.6647 -0.4451
vn 0.8216 -0.5554 -0.1285
vn 0.6560 -0.7125 -0.2490
vn 0.6559 -0.7125 -0.2490
vn -0.5351 -0.3507 0.7686
vn -0.5349 -0.3508 0.7686
vn -0.5350 -0.3508 0.7686
vn -0.0749 -0.8610 0.5030
vn 0.2651 -0.7328 -0.6267
vn -0.4969 -0.8675 0.0231
vn -0.3669 -0.9123 0.1817
vn -0.3269 -0.9178 0.2254
vn -0.1866 -0.9125 0.3641
vn 0.3606 -0.0754 0.9297
vn -0.4084 -0.1835 0.8942
vn -0.6718 -0.1370 0.7279
vn -0.5085 -0.2097 0.8351
vn -0.1235 -0.1647 0.9786
vn 0.1045 -0.1363 0.9851
vn -0.0461 -0.0308 0.9985
vn -0.8453 -0.0269 -0.5337
vn -0.8472 -0.0307 -0.5305
vn -0.8509 -0.0383 -0.5240
vn -0.8430 -0.0225 -0.5375
vn 0.1742 -0.2638 0.9487
vn 0.7657 -0.5841 0.2693
vn 0.7601 -0.5862 0.2803
vn 0.7666 -0.5875 0.2593
vn 0.5701 -0.8207 0.0370
vn 0.4020 -0.9094 -0.1066
vn 0.5930 -0.8049 -0.0209
vn 0.6609 -0.4001 0.6350
vn 0.6517 -0.3977 0.6459
vn 0.3638 -0.3047 0.8802
vn -0.8096 -0.4788 -0.3396
vn -0.8690 -0.2619 -0.4197
vn -0.8582 -0.3670 -0.3590
vn 0.0705 0.9101 0.4084
vn 0.0706 0.9101 0.4084
vn 0.0706 0.9101 0.4083
vn -0.6436 0.1295 -0.7543
vn -0.5499 0.2993 -0.7798
vn -0.5333 0.0955 -0.8405
vn -0.6253 -0.1608 -0.7636
vn -0.2616 -0.8494 -0.4584
vn -0.4837 -0.7319 -0.4800
vn -0.4050 -0.7935 -0.4542
vn 0.3220 0.8821 -0.3437
vn 0.3591 0.9220 -0.1448
vn 0.4568 0.8056 -0.3772
vn 0.2960 0.9422 0.1571
vn 0.3636 0.9069 0.2127
vn 0.3689 0.9083 0.1972
vn 0.0208 -0.9979 0.0615
vn -0.0109 -0.9988 0.0477
vn 0.0254 -0.9979 0.0603
vn -0.0657 -0.9870 -0.1470
vn -0.1809 -0.9822 0.0507
vn 0.0426 -0.9970 -0.0641
vn 0.0507 -0.9953 -0.0824
vn -0.0205 -0.9912 -0.1311
vn -0.1121 -0.9761 0.1861
vn -0.1937 -0.8756 0.4425
vn -0.0980 -0.9739 0.2045
vn -0.0418 -0.9991 0.0015
vn -0.0515 -0.9987 -0.0011
vn -0.1486 -0.9888 -0.0155
vn -0.1279 -0.9852 0.1137
vn 0.1569 -0.9835 -0.0898
vn -0.0117 -0.9996 0.0276
vn -0.0010 -0.9998 0.0213
vn -0.0115 -0.9991 -0.0414
vn -0.0602 -0.9973 -0.0432
vn -0.0014 -0.9991 -0.0434
vn -0.1444 -0.9823 0.1191
vn -0.5839 -0.7757 0.2396
vn -0.5444 -0.7917 0.2772
vn -0.5775 -0.7789 0.2444
vn -0.2345 0.8485 -0.4744
vn -0.4091 0.6823 -0.6059
vn -0.4492 0.6520 -0.6108
vn -0.1582 -0.9871 0.0246
vn 0.1111 -0.9475 -0.2998
vn 0.1697 -0.8638 -0.4745
vn 0.0098 -0.9978 -0.0648
vn 0.4597 -0.8703 -0.1769
vn 0.2899 -0.8659 -0.4077
vn 0.3599 -0.8697 -0.3378
vn -0.0655 -0.9967 0.0472
vn -0.1276 -0.9199 -0.3708
vn 0.0361 -0.9983 -0.0462
vn 0.0066 -0.9997 -0.0243
vn -0.0391 -0.9966 0.0732
vn -0.2179 0.4762 0.8519
vn -0.2259 0.4615 0.8579
vn -0.2189 0.4744 0.8526
vn 0.1830 -0.8207 -0.5412
vn 0.3566 -0.8598 -0.3656
vn 0.3565 -0.8598 -0.3656
vn -0.5800 -0.7999 0.1544
vn -0.6061 -0.7731 0.1871
vn -0.6134 -0.7748 0.1534
vn 0.0859 -0.7942 -0.6015
vn 0.2582 -0.8013 -0.5397
vn 0.1993 -0.8407 -0.5035
vn 0.1633 -0.8326 -0.5292
vn -0.2269 0.4596 0.8586
vn -0.2080 -0.7608 0.6148
vn -0.2079 -0.7608 0.6148
vn 0.2096 -0.8140 -0.5418
vn 0.1960 -0.7886 -0.5828
vn 0.2103 -0.7972 -0.5659
vn 0.0060 -0.9987 -0.0499
vn 0.1797 -0.8385 -0.5145
vn 0.0398 -0.9038 -0.4261
vn 0.0378 -0.9972 -0.0639
vn -0.0256 -0.9994 -0.0253
vn -0.0357 -0.9946 -0.0970
vn -0.1016 -0.9944 -0.0281
vn -0.4460 -0.8875 -0.1158
vn -0.4623 -0.8635 0.2016
vn -0.5243 -0.8366 0.1588
vn -0.5040 -0.8568 0.1086
vn -0.8059 -0.3770 0.4565
vn -0.0376 -0.9993 0.0059
vn -0.1141 -0.9877 0.1065
vn -0.1009 -0.9945 -0.0284
vn -0.6121 -0.7887 0.0569
vn 0.1900 -0.8667 -0.4613
vn 0.1899 -0.8667 -0.4612
vn 0.2969 -0.7105 -0.6381
vn 0.2969 -0.7105 -0.6380
vn -0.4636 -0.8768 0.1275
vn -0.3553 -0.9331 -0.0556
vn -0.5820 -0.7952 0.1702
vn -0.5747 -0.8035 -0.1554
vn -0.5558 -0.1994 -0.8070
vn -0.6984 -0.0508 -0.7139
vn -0.5854 -0.2185 -0.7807
vn -0.2659 -0.4884 -0.8311
vn -0.3433 -0.5811 -0.7379
vn -0.1452 -0.4960 -0.8561
vn -0.3958 -0.3928 -0.8301
vn -0.6431 -0.1218 -0.7560
vn -0.5809 -0.1180 -0.8054
vn -0.6782 -0.2980 -0.6717
vn -0.5340 -0.4527 -0.7141
vn -0.4391 -0.5444 -0.7147
vn -0.6667 0.0069 -0.7453
vn 0.4680 0.1386 0.8728
vn 0.4278 0.1668 0.8883
vn 0.4902 0.0978 0.8661
vn -0.6645 -0.0678 -0.7442
vn -0.5654 -0.1390 -0.8130
vn 0.6961 -0.1312 0.7059
vn 0.6795 -0.5178 0.5198
vn 0.6684 -0.3248 0.6691
vn 0.1262 0.3723 0.9195
vn 0.0921 -0.6048 0.7910
vn 0.0928 -0.6044 0.7912
vn 0.0827 -0.6082 0.7895
vn 0.6442 0.7352 0.2110
vn 0.5268 0.6969 0.4867
vn 0.5244 0.7117 0.4675
vn 0.2642 0.7622 0.5910
vn 0.7632 -0.2941 0.5754
vn 0.6727 -0.5589 0.4849
vn 0.7654 0.2454 0.5949
vn 0.9062 0.2408 0.3475
vn 0.8266 0.2868 0.4842
vn 0.6274 0.4265 0.6515
vn 0.5646 0.2760 0.7778
vn 0.4763 0.8310 -0.2872
vn 0.5459 0.7973 -0.2576
vn 0.4988 0.7928 -0.3503
vn 0.2292 0.8043 -0.5483
vn 0.8083 0.2980 0.5077
vn 0.1712 0.9549 -0.2424
vn 0.1815 0.8127 -0.5537
vn 0.2205 -0.4947 0.8406
vn -0.6385 0.4193 -0.6454
vn -0.4203 0.5921 -0.6876
vn -0.4437 0.5634 -0.6969
vn -0.5195 0.1904 -0.8330
vn -0.4051 0.1450 -0.9027
vn -0.4359 0.2058 -0.8761
vn 0.9206 0.2236 0.3202
vn 0.9147 -0.0370 0.4024
vn -0.8238 0.2841 -0.4905
vn -0.6478 0.4526 -0.6128
vn -0.8247 0.3179 -0.4677
vn -0.6155 -0.2065 -0.7606
vn -0.7202 0.4577 -0.5213
vn -0.1645 0.6021 -0.7813
vn 0.9349 0.2561 0.2458
vn 0.7126 -0.0445 0.7001
vn -0.4560 0.1838 -0.8708
vn -0.4751 0.1342 -0.8696
vn 0.9192 0.2630 0.2930
vn 0.8927 0.2950 0.3407
vn 0.9416 0.1795 0.2850
vn 0.9395 -0.0984 0.3280
vn 0.7995 0.2540 0.5444
vn -0.6303 0.3747 -0.6799
vn -0.3316 0.2136 -0.9189
vn 0.7540 0.2194 0.6191
vn 0.8331 0.1145 0.5411
vn 0.9041 0.0015 0.4272
vn -0.6321 0.6193 -0.4657
vn -0.6153 0.6731 -0.4102
vn -0.6703 0.4452 -0.5937
vn -0.2664 -0.0113 -0.9638
vn -0.3766 0.1659 -0.9114
vn -0.5111 -0.2575 -0.8200
vn -0.3401 -0.1259 -0.9319
vn -0.2862 0.2548 -0.9237
vn 0.7319 -0.4623 0.5006
vn 0.6998 -0.4644 0.5428
vn 0.8270 -0.2596 0.4987
vn 0.7798 0.4265 0.4583
vn 0.3103 -0.8252 0.4720
vn 0.2130 -0.8105 0.5456
vn 0.2682 -0.8260 0.4958
vn -0.5061 -0.0229 -0.8622
vn 0.4949 0.1218 0.8604
vn 0.8840 -0.0041 0.4675
vn 0.8972 0.1110 0.4274
vn -0.6517 -0.1372 -0.7460
vn -0.6636 -0.0294 -0.7475
vn -0.1843 0.9780 -0.0974
vn 0.2249 -0.4907 0.8418
vn 0.7817 -0.2098 0.5874
vn 0.8412 0.1776 0.5108
vn 0.8606 0.3169 0.3988
vn 0.8894 0.1485 0.4323
vn 0.6471 -0.2850 0.7071
vn -0.4880 0.2148 -0.8460
vn 0.9004 0.1225 0.4175
vn -0.0455 -0.0699 -0.9965
vn -0.1587 0.2374 -0.9584
vn -0.5132 -0.8384 -0.1836
vn 0.7534 -0.0643 0.6544
vn -0.5332 0.0955 -0.8406
vn -0.5499 0.2990 -0.7799
vn -0.4168 0.1669 -0.8936
vn 0.7233 -0.4616 0.5135
vn 0.3320 -0.7234 0.6054
vn 0.9520 -0.0218 0.3054
vn -0.7069 0.0471 -0.7058
vn -0.2373 0.2240 -0.9453
vn 0.5742 -0.6395 0.5112
vn -0.7012 -0.1381 -0.6994
vn -0.4966 -0.0435 -0.8669
vn -0.8011 -0.0698 -0.5944
vn -0.8415 -0.0195 -0.5399
vn -0.6103 0.1828 -0.7708
vn 0.6685 -0.0389 0.7427
vn -0.3063 -0.7180 -0.6251
vn -0.3062 -0.7180 -0.6251
vn 0.8335 0.2880 0.4715
vn 0.9381 0.1730 0.2999
vn -0.2129 0.1163 -0.9701
vn -0.2251 0.2222 -0.9487
vn 0.9690 -0.0526 0.2415
vn -0.8251 0.4392 -0.3554
vn -0.4738 0.7920 -0.3850
vn -0.4427 0.4911 -0.7502
vn 0.7232 0.5126 0.4628
vn 0.7159 0.1593 0.6797
vn 0.6618 -0.1597 0.7325
vn 0.4467 -0.1446 0.8829
vn -0.5025 0.1396 -0.8532
vn -0.4381 0.4762 -0.7624
vn -0.1425 0.3678 -0.9189
vn 0.9885 -0.1497 -0.0197
vn 0.3590 0.9279 -0.1012
vn 0.3858 0.9192 -0.0790
vn 0.2532 0.9374 -0.2392
vn -0.6095 0.4588 -0.6466
vn -0.7505 -0.0443 -0.6593
vn -0.5487 -0.7294 -0.4086
vn 0.6713 -0.1609 0.7235
vn -0.6788 0.3432 -0.6492
vn -0.4985 0.0643 -0.8645
vn 0.9952 0.0532 0.0820
vn -0.4581 0.6484 -0.6080
vn 0.6599 -0.0663 0.7484
vn 0.6674 -0.1827 0.7219
vn -0.9376 -0.1446 -0.3162
vn 0.6860 0.1639 0.7089
vn 0.4127 -0.3011 0.8596
vn -0.4915 -0.0637 -0.8686
vn 0.5209 0.7919 -0.3186
vn 0.5283 -0.2442 0.8132
vn -0.4041 -0.1315 -0.9052
vn -0.6236 -0.1556 -0.7661
vn -0.2353 -0.0476 -0.9708
vn 0.9968 -0.0735 -0.0329
vn 0.7513 0.5275 0.3967
vn -0.9923 0.1091 -0.0583
vn -0.8098 -0.1064 -0.5770
vn -0.1575 0.2735 -0.9489
vn 0.4488 0.3033 -0.8406
vn 0.1715 0.1455 -0.9744
vn 0.2488 0.0631 0.9665
vn -0.9685 -0.0351 -0.2465
vn -0.9685 -0.0352 -0.2466
vn 0.9493 0.2647 -0.1697
vn 0.4891 0.7918 -0.3659
vn -0.8846 -0.0630 -0.4621
vn -0.1961 -0.5344 -0.8222
vn 0.9989 0.0447 -0.0103
vn -0.3931 0.7103 -0.5839
vn 0.8645 0.2623 0.4287
vn 0.7462 0.2842 -0.6020
vn 0.9181 0.1040 -0.3824
vn -0.7526 -0.0321 -0.6576
vn -0.5989 -0.0782 -0.7970
vn -0.0104 -0.1711 -0.9852
vn 0.6388 0.1147 -0.7607
vn 0.7167 -0.1896 0.6711
vn 0.6734 -0.2187 0.7061
vn 0.1510 0.1456 0.9778
vn -0.7287 0.1919 -0.6574
vn -0.5367 0.5954 -0.5979
vn -0.9942 0.0138 -0.1070
vn -0.8060 -0.0880 -0.5854
vn 0.5620 0.0074 0.8271
vn 0.5638 0.2936 0.7720
vn 0.6392 -0.0780 0.7651
vn 0.8910 0.3120 0.3297
vn 0.8901 0.2977 0.3452
vn 0.8884 0.3211 0.3281
vn 0.1008 -0.1358 -0.9856
vn 0.6676 -0.1917 0.7195
vn -0.2182 0.0487 0.9747
vn 0.3249 0.8592 -0.3952
vn -0.7265 0.6341 -0.2648
vn 0.5546 0.5052 0.6612
vn -0.7476 0.0185 -0.6639
vn 0.7442 -0.0457 0.6663
vn 0.8842 -0.1136 -0.4531
vn 0.9176 -0.0506 -0.3943
vn -0.8460 0.4776 0.2370
vn -0.9279 0.0900 -0.3617
vn -0.9017 -0.0491 -0.4296
vn -0.7585 0.1223 -0.6401
vn 0.6199 -0.3322 0.7109
vn -0.6134 0.5142 -0.5994
vn -0.4931 0.5616 -0.6644
vn 0.8479 0.3335 0.4122
vn 0.8132 0.3937 0.4286
vn 0.8003 0.3792 0.4644
vn 0.4582 -0.7374 0.4963
vn 0.6150 -0.5100 0.6014
vn 0.6315 -0.0295 0.7748
vn 0.6433 -0.1143 0.7570
vn -0.3955 0.7740 -0.4945
vn -0.7626 -0.0467 -0.6451
vn 0.8589 0.1257 0.4966
vn 0.8400 0.1640 0.5173
vn -0.7168 0.3938 -0.5754
vn 0.8897 -0.1154 -0.4417
vn -0.9950 0.0920 -0.0397
vn -0.8332 -0.0484 -0.5509
vn -0.3970 0.7774 -0.4879
vn -0.3679 0.1816 0.9120
vn 0.2936 -0.2479 -0.9232
vn 0.4079 -0.1170 -0.9055
vn 0.3777 0.8314 -0.4075
vn -0.7323 0.3809 -0.5646
vn -0.8298 -0.0059 -0.5580
vn 0.5175 -0.0936 0.8506
vn 0.6315 0.5322 0.5639
vn 0.6316 0.5321 0.5640
vn 0.3357 0.0963 0.9370
vn 0.2663 -0.0454 -0.9628
vn 0.2664 -0.0454 -0.9628
vn 0.6224 -0.2893 -0.7273
vn 0.5023 -0.4403 -0.7443
vn -0.9465 0.1618 0.2794
vn -0.7032 0.5273 -0.4769
vn -0.6355 -0.6106 -0.4725
vn -0.6182 -0.6306 -0.4692
vn 0.6445 -0.2033 0.7371
vn -0.8172 0.3069 -0.4879
vn 0.5678 0.7260 0.3880
vn -0.9110 -0.0859 -0.4034
vn -0.7611 -0.0925 -0.6420
vn 0.9348 0.0217 0.3544
vn 0.4504 0.8483 0.2783
vn 0.6893 -0.2858 0.6657
vn 0.7100 0.4411 0.5489
vn -0.2113 0.1346 0.9681
vn 0.6929 -0.1130 -0.7121
vn 0.6796 0.6392 0.3600
vn 0.4894 -0.1712 -0.8551
vn 0.5529 0.7051 -0.4441
vn -0.7259 -0.1989 -0.6584
vn -0.1143 -0.1871 -0.9757
vn -0.1142 -0.1871 -0.9757
vn -0.9867 -0.0530 -0.1534
vn -0.8545 0.5144 -0.0728
vn -0.8545 0.5143 -0.0728
vn 0.6250 -0.1047 0.7735
vn 0.7242 -0.3215 0.6101
vn -0.3704 0.8110 -0.4530
vn 0.2393 -0.0664 0.9687
vn 0.5321 0.1040 -0.8403
vn 0.5745 -0.7031 -0.4190
vn 0.5745 -0.7031 -0.4191
vn 0.8786 -0.2366 -0.4149
vn 0.7473 -0.3742 -0.5491
vn 0.6732 0.6651 0.3232
vn 0.2133 -0.3635 -0.9068
vn -0.5809 0.6653 0.4690
vn -0.8461 0.4775 0.2370
vn -0.5886 0.6280 0.5090
vn -0.9029 0.0327 0.4286
vn -0.7770 -0.2382 -0.5827
vn -0.7996 -0.3033 -0.5183
vn -0.8171 -0.2417 -0.5233
vn 0.6021 0.7554 0.2585
vn 0.6669 -0.0134 0.7450
vn 0.5958 -0.3552 0.7204
vn -0.9537 -0.1288 -0.2717
vn -0.7847 -0.0966 -0.6123
vn -0.7127 0.2612 -0.6510
vn 0.9666 -0.0962 0.2376
vn 0.0562 -0.0380 0.9977
vn -0.8366 0.2213 -0.5012
vn 0.6657 0.6617 0.3450
vn -0.5680 0.3594 0.7404
vn -0.7062 0.1373 0.6946
vn -0.5886 0.6280 0.5091
vn -0.8461 0.4775 0.2371
vn 0.6439 -0.3277 0.6914
vn -0.6729 0.2686 0.6893
vn -0.7457 -0.2471 -0.6187
vn -0.6728 0.2687 0.6894
vn 0.7217 0.6707 0.1714
vn 0.8725 0.4658 0.1474
vn 0.6022 0.7554 0.2584
vn 0.5878 -0.1404 0.7967
vn -0.9647 -0.0350 0.2610
vn -0.3193 0.6588 -0.6812
vn -0.2283 0.4903 -0.8411
vn -0.3724 0.6834 -0.6280
vn 0.3909 -0.2013 0.8982
vn -0.7061 0.1373 0.6947
vn -0.9279 -0.1770 -0.3280
vn -0.5030 0.5945 -0.6274
vn -0.2969 0.6344 -0.7137
vn 0.4597 -0.2908 0.8391
vn -0.2662 -0.0845 0.9602
vn -0.7419 -0.2611 -0.6176
vn 0.5620 -0.2625 0.7844
vn -0.7626 -0.1013 -0.6389
vn -0.9938 -0.0456 0.1017
vn -0.8368 0.2197 -0.5015
vn -0.3492 0.7762 -0.5249
vn -0.1669 0.8423 -0.5126
vn -0.8406 -0.1875 -0.5081
vn 0.6089 0.7675 -0.2004
vn -0.4015 -0.6136 -0.6799
vn -0.7662 0.1732 -0.6188
vn -0.7662 0.1732 -0.6189
vn 0.5679 0.7260 0.3879
vn 0.7101 0.4410 0.5489
vn 0.6733 0.6650 0.3232
vn -0.4463 -0.0018 0.8949
vn -0.4985 0.7495 -0.4357
vn -0.0575 -0.1046 0.9929
vn 0.5982 0.8011 -0.0195
vn -0.7214 -0.6748 0.1558
vn -0.4463 -0.0017 0.8949
vn -0.8060 -0.2219 -0.5487
vn 0.5189 0.8351 0.1827
vn 0.6244 0.6414 0.4458
vn -0.8825 0.0124 0.4701
vn 0.0008 -0.2295 0.9733
vn -0.3492 0.7762 -0.5250
vn -0.5028 0.5946 -0.6274
vn 0.7703 0.3970 0.4991
vn -0.6070 0.2221 -0.7631
vn -0.7079 -0.6959 0.1209
vn -0.4588 0.1490 0.8759
vn -0.3257 0.8011 -0.5022
vn -0.8893 0.0502 0.4547
vn -0.5432 -0.8394 0.0162
vn -0.6847 -0.1376 -0.7157
vn -0.6609 -0.7396 0.1278
vn -0.6609 -0.7395 0.1278
vn 0.4588 0.8447 -0.2757
vn 0.6860 0.1638 0.7089
vn 0.6682 0.3968 0.6293
vn 0.6189 0.6623 0.4223
vn 0.5699 0.0874 0.8171
vn -0.9906 -0.1240 0.0573
vn -0.9672 -0.1596 0.1974
vn 0.4284 0.7928 -0.4335
vn 0.5235 0.3391 0.7816
vn -0.5678 0.4245 -0.7052
vn 0.3669 0.8439 -0.3914
vn 0.3000 0.8892 -0.3454
vn -0.1326 -0.1022 -0.9859
vn -0.2404 -0.2159 -0.9464
vn -0.4153 -0.0679 0.9072
vn -0.9040 -0.1407 0.4037
vn -0.9254 -0.1838 0.3314
vn -0.5685 -0.8207 0.0570
vn 0.5255 -0.1483 0.8378
vn -0.5918 -0.8060 0.0150
vn -0.1155 -0.5614 -0.8195
vn -0.6620 -0.7252 0.1891
vn -0.6620 -0.7253 0.1891
vn -0.7436 -0.6189 0.2529
vn -0.4588 0.1489 0.8760
vn -0.6137 -0.7852 0.0832
vn -0.6136 -0.7852 0.0832
vn -0.3257 0.8010 -0.5024
vn 0.4508 0.8919 0.0362
vn 0.0175 -0.6992 -0.7147
vn -0.6999 -0.6961 0.1601
vn -0.6996 -0.6963 0.1601
vn -0.6877 -0.6582 0.3062
vn -0.6297 -0.0460 -0.7755
vn -0.7498 -0.0504 -0.6598
vn -0.3222 0.9353 0.1462
vn -0.3218 0.9355 0.1459
vn 0.5795 0.7602 0.2937
vn -0.5135 -0.8581 -0.0073
vn -0.5134 -0.8581 -0.0074
vn -0.5894 -0.0598 -0.8056
vn 0.6670 -0.0133 0.7449
vn -0.2792 -0.1825 0.9427
vn -0.3128 -0.2705 0.9105
vn -0.4790 0.5732 -0.6648
vn 0.6250 -0.1046 0.7736
vn 0.5698 0.0875 0.8171
vn -0.6577 -0.7462 0.1028
vn -0.6497 -0.7580 0.0575
vn -0.7190 -0.6764 0.1598
vn -0.5678 0.4246 -0.7052
vn 0.0462 0.8936 -0.4465
vn -0.0390 0.8160 -0.5767
vn -0.2727 0.6974 -0.6628
vn -0.7058 -0.7068 0.0487
vn 0.2946 0.9417 -0.1625
vn 0.6813 0.5083 0.5267
vn -0.4498 -0.8880 -0.0956
vn -0.4497 -0.8880 -0.0956
vn -0.6850 -0.7284 0.0135
vn -0.6320 -0.7553 0.1735
vn -0.6320 -0.7553 0.1736
vn -0.6478 -0.7504 0.1316
vn -0.6478 -0.7504 0.1315
vn -0.6612 -0.7475 0.0634
vn 0.2725 0.8726 -0.4053
vn -0.3453 -0.8599 -0.3759
vn -0.5555 -0.8315 -0.0071
vn -0.3611 -0.3739 0.8543
vn -0.2655 -0.2878 0.9202
vn -0.3497 -0.2811 0.8937
vn 0.1647 -0.8285 -0.5353
vn 0.1877 0.9208 -0.3418
vn 0.5719 -0.0949 0.8148
vn -0.8377 -0.3104 0.4494
vn -0.0819 -0.4879 -0.8691
vn -0.0795 -0.9735 -0.2146
vn -0.1651 -0.9700 -0.1787
vn -0.1686 -0.9517 -0.2566
vn -0.5511 0.1553 -0.8199
vn 0.6498 0.1694 0.7410
vn -0.6888 -0.7154 0.1170
vn -0.6888 -0.7155 0.1170
vn -0.6882 -0.7085 0.1562
vn -0.7709 -0.4018 0.4943
vn -0.2998 0.5677 -0.7667
vn -0.5727 -0.8157 0.0818
vn -0.6296 -0.0460 -0.7755
vn -0.5086 -0.1187 -0.8528
vn 0.7470 0.3770 0.5476
vn -0.1022 -0.7229 -0.6833
vn -0.4349 -0.7375 -0.5167
vn -0.4348 -0.7375 -0.5167
vn -0.6430 -0.7499 0.1558
vn -0.7497 -0.0506 -0.6599
vn 0.6749 0.6378 0.3711
vn -0.8320 -0.0631 -0.5511
vn 0.7716 -0.0937 0.6291
vn -0.5742 -0.0806 -0.8147
vn -0.0820 -0.8232 -0.5618
vn -0.3125 0.3859 -0.8680
vn -0.0991 -0.7831 -0.6139
vn 0.7334 -0.1950 0.6512
vn -0.4065 -0.7305 -0.5487
vn 0.0966 0.9638 -0.2485
vn 0.8366 0.1004 0.5386
vn -0.7141 -0.6985 0.0457
vn -0.6922 -0.7188 0.0646
vn -0.6963 -0.7140 0.0733
vn -0.3515 -0.8070 -0.4746
vn 0.5433 0.8300 0.1267
vn 0.1044 -0.4176 -0.9026
vn -0.3831 0.0813 -0.9201
vn 0.2681 0.9594 -0.0875
vn -0.0234 0.9422 -0.3343
vn -0.6834 0.3517 -0.6397
vn -0.4602 -0.7598 -0.4592
vn 0.0012 0.8013 -0.5983
vn -0.1785 0.7502 -0.6367
vn -0.4087 -0.7548 -0.5131
vn -0.4087 -0.7548 -0.5130
vn -0.0731 -0.8642 -0.4978
vn 0.7916 0.5033 0.3463
vn -0.3885 -0.0238 -0.9211
vn -0.2217 0.2948 -0.9295
vn -0.3656 -0.6373 -0.6784
vn -0.8733 -0.4641 -0.1483
vn -0.8733 -0.4640 -0.1483
vn 0.9085 -0.1134 0.4023
vn -0.1300 -0.0878 -0.9876
vn 0.9275 0.1522 0.3415
vn -0.4090 -0.7481 -0.5226
vn -0.4089 -0.7481 -0.5227
vn -0.4836 -0.6227 -0.6151
vn -0.4835 -0.6227 -0.6152
vn -0.4264 -0.7006 -0.5721
vn 0.2105 0.9658 -0.1515
vn 0.0635 0.9735 -0.2196
vn -0.0233 0.9422 -0.3342
vn 0.7289 0.6833 0.0423
vn -0.0907 0.5717 -0.8154
vn -0.2173 -0.8186 -0.5317
vn 0.9727 0.2020 -0.1141
vn -0.1785 0.7501 -0.6367
vn 0.0012 0.8012 -0.5984
vn -0.0906 0.5717 -0.8154
vn -0.7635 0.2079 -0.6114
vn 0.7842 0.5825 -0.2138
vn 0.7878 0.5780 -0.2128
vn 0.2536 -0.6281 -0.7357
vn 0.2535 -0.6281 -0.7357
vn -0.6774 -0.4052 -0.6139
vn 0.5408 0.4881 -0.6850
vn 0.5373 0.5565 -0.6338
vn 0.2971 0.5569 -0.7756
vn 0.9924 -0.0729 0.0991
vn -0.6370 -0.7696 0.0435
vn -0.6370 -0.7696 0.0434
vn 0.4347 0.5900 -0.6804
vn 0.1349 0.1814 -0.9741
vn 0.1460 -0.7863 -0.6003
vn 0.9043 -0.1220 -0.4091
vn 0.1202 -0.8223 -0.5562
vn 0.8419 -0.0992 -0.5305
vn 0.8054 -0.1068 -0.5830
vn -0.5431 -0.8253 0.1546
vn 0.1348 0.1813 -0.9741
vn -0.5409 -0.8380 0.0715
vn -0.5409 -0.8381 0.0715
vn 0.8152 -0.0883 -0.5724
vn 0.3259 -0.1266 -0.9369
vn 0.2468 -0.2026 -0.9477
vn 0.1349 0.1813 -0.9741
vn -0.1300 -0.0880 -0.9876
vn -0.8301 -0.5366 0.1514
vn -0.0331 -0.7364 -0.6758
vn -0.0331 -0.7364 -0.6757
vn -0.4146 -0.9100 -0.0073
vn -0.4620 -0.6286 -0.6256
vn 0.7296 0.5883 -0.3487
vn -0.9608 -0.2481 -0.1237
vn -0.9345 -0.3131 -0.1691
vn -0.9596 -0.2641 -0.0968
vn -0.1549 0.1131 0.9814
vn -0.1675 -0.1911 0.9672
vn -0.0637 -0.3144 0.9471
vn -0.0265 -0.1366 0.9903
vn -0.8019 -0.1446 -0.5797
vn -0.8027 -0.1362 -0.5806
vn -0.6805 -0.0670 -0.7296
vn -0.4241 0.5879 -0.6888
vn -0.5074 0.4037 -0.7613
vn -0.5623 0.4197 -0.7125
vn -0.3472 0.7322 -0.5859
vn -0.1969 0.6840 -0.7024
vn -0.0130 0.7438 -0.6683
vn -0.8794 -0.2070 -0.4288
vn -0.3779 0.3567 -0.8544
vn -0.8582 -0.3668 -0.3591
vn 0.6993 -0.5866 0.4085
vn 0.6994 -0.5866 0.4084
vn -0.5445 0.7848 -0.2959
vn -0.9058 0.3891 0.1679
vn -0.4562 -0.1459 -0.8778
vn -0.6488 0.6171 -0.4452
vn -0.6487 0.6172 -0.4452
vn 0.9766 -0.0384 0.2114
vn 0.9535 -0.1381 0.2679
vn 0.9732 -0.0514 0.2240
vn 0.2217 -0.7927 0.5678
vn 0.5974 -0.7210 0.3511
vn 0.3321 -0.7234 0.6054
vn -0.1002 -0.2525 -0.9624
vn -0.1870 -0.3255 -0.9269
vn -0.0207 -0.1836 -0.9828
vn -0.3685 0.7721 -0.5178
vn -0.3699 0.7237 -0.5826
vn -0.3688 0.7660 -0.5266
vn -0.3675 0.7870 -0.4956
vn -0.2964 -0.4138 -0.8608
vn 0.3624 0.9251 -0.1136
vn 0.2999 0.9212 0.2479
vn 0.3479 0.9054 0.2434
vn 0.3061 0.9100 0.2796
vn -0.7272 0.1568 -0.6682
vn -0.5037 0.7769 -0.3777
vn -0.5783 0.7893 -0.2064
vn -0.4114 0.8879 -0.2060
vn -0.0170 -0.9999 -0.0026
vn 0.0464 -0.9979 -0.0453
vn -0.0091 -0.9998 -0.0153
vn -0.5874 0.3311 -0.7385
vn -0.8500 0.5120 -0.1235
vn -0.8501 0.5120 -0.1234
vn -0.8500 0.5120 -0.1234
vn -0.6420 -0.1457 -0.7527
vn 0.0532 -0.9913 0.1200
vn -0.0104 -0.9999 0.0104
vn 0.0764 -0.9971 -0.0023
vn 0.0753 -0.9934 -0.0866
vn 0.1625 -0.8480 -0.5044
vn -0.4493 -0.8896 -0.0821
vn -0.6894 0.3768 -0.6187
vn -0.7481 0.1030 -0.6556
vn -0.6927 0.3666 -0.6211
vn -0.7521 0.0559 -0.6566
vn -0.2544 0.7101 -0.6565
vn -0.3799 0.6379 -0.6699
vn -0.4084 0.7888 -0.4593
vn -0.8948 -0.4152 -0.1639
vn -0.8948 -0.4152 -0.1638
vn -0.7475 -0.6389 0.1820
vn -0.7474 -0.6389 0.1820
vn 0.0001 -0.9813 -0.1924
vn -0.0294 -0.9914 -0.1273
vn -0.0944 -0.9439 -0.3164
vn 0.1840 -0.8321 -0.5233
vn -0.1398 -0.9835 -0.1145
vn -0.0106 -0.9972 -0.0739
vn -0.0792 -0.9958 0.0462
vn 0.0708 -0.8770 -0.4752
vn -0.0310 -0.9931 -0.1129
vn 0.1940 -0.9669 0.1659
vn -0.0274 -0.9988 0.0411
vn -0.2299 -0.9713 0.0609
vn 0.0009 -0.9853 -0.1707
vn -0.4057 0.7635 -0.5025
vn 0.1553 -0.8105 -0.5648
vn -0.4612 -0.8855 0.0568
vn 0.2008 -0.7923 -0.5761
vn -0.0296 -0.9990 -0.0341
vn -0.0097 -0.9041 -0.4273
vn -0.0096 -0.9041 -0.4272
vn -0.1954 -0.9802 0.0333
vn -0.2036 -0.9790 -0.0060
vn -0.2627 -0.9647 0.0173
vn -0.0419 -0.9984 0.0369
vn -0.1766 -0.9815 -0.0740
vn -0.1598 -0.9871 -0.0072
vn -0.5993 -0.7880 0.1408
vn -0.9254 -0.1838 0.3315
vn -0.9040 -0.1407 0.4038
vn -0.8377 -0.3103 0.4494
vn -0.7785 -0.6124 0.1375
vn -0.6641 -0.7180 0.2083
vn -0.6642 -0.7180 0.2083
vn -0.6706 -0.7049 0.2313
vn -0.6705 -0.7049 0.2313
vn 0.1546 -0.8277 -0.5394
vn -0.8846 -0.3137 0.3450
vn 0.1086 -0.8543 -0.5083
vn -0.6441 -0.7574 0.1077
vn -0.6441 -0.7573 0.1077
vn 0.0514 -0.8429 -0.5356
vn -0.5574 -0.8204 0.1275
vn -0.6809 -0.6926 0.2381
vn -0.6564 -0.7440 0.1249
vn -0.6554 -0.7449 0.1247
vn -0.6127 -0.6015 0.5127
vn -0.6127 -0.6015 0.5126
vn 0.1564 -0.9877 0.0054
vn 0.2399 -0.9681 0.0727
vn 0.1783 -0.9809 0.0780
vn 0.1706 -0.9742 0.1476
vn -0.0646 -0.9931 -0.0979
vn 0.0525 -0.9851 -0.1637
vn -0.1702 -0.9786 -0.1154
vn -0.3790 -0.8872 0.2633
vn -0.3166 -0.9475 -0.0456
vn -0.2338 -0.9489 0.2118
vn -0.3299 -0.9055 -0.2670
vn -0.3681 -0.9110 -0.1859
vn -0.3181 -0.9370 -0.1441
vn -0.5383 -0.8417 0.0428
vn -0.3998 -0.9008 -0.1694
vn 0.0159 -0.9999 -0.0050
vn 0.0044 -0.9998 -0.0218
vn -0.0333 -0.9994 0.0091
vn -0.4564 -0.7683 -0.4489
vn -0.4533 -0.8606 -0.2321
vn 0.0171 -0.9996 0.0224
vn -0.1947 -0.9808 0.0050
vn -0.0347 -0.9989 0.0325
vn -0.8187 -0.4170 0.3948
vn -0.6254 -0.7768 -0.0739
vn -0.6391 -0.7366 0.2215
vn -0.7291 -0.6628 0.1707
vn -0.7291 -0.6627 0.1707
vn -0.0022 -0.9989 0.0474
vn -0.4818 -0.8632 -0.1509
vn 0.2647 -0.8734 -0.4089
vn 0.2540 -0.8747 -0.4127
vn 0.2635 -0.8726 -0.4114
vn -0.5003 -0.8343 -0.2316
vn -0.5003 -0.8343 -0.2317
vn -0.0680 -0.9973 -0.0279
vn -0.0198 -0.9968 -0.0772
vn -0.0330 -0.9994 0.0093
vn -0.3194 -0.7754 -0.5447
vn -0.3194 -0.7754 -0.5448
vn -0.5902 -0.8041 -0.0713
vn 0.0708 -0.9895 -0.1257
vn 0.0455 -0.9874 -0.1517
vn 0.2217 -0.9675 -0.1214
vn -0.3408 -0.8445 -0.4131
vn -0.5753 -0.5891 -0.5674
vn -0.5754 -0.5891 -0.5674
vn 0.1773 -0.8140 -0.5531
vn 0.1774 -0.8140 -0.5531
vn 0.1847 -0.7481 -0.6374
vn -0.5194 -0.8472 0.1114
vn -0.4953 -0.8679 0.0382
vn 0.1119 -0.8265 -0.5517
vn 0.1120 -0.8265 -0.5518
vn 0.3847 -0.9230 -0.0010
vn 0.3397 -0.9405 0.0084
vn 0.2970 -0.9523 -0.0703
vn 0.4655 -0.4807 -0.7431
vn -0.9700 -0.2212 -0.1013
vn -0.9808 -0.1847 -0.0626
vn -0.9792 -0.1847 -0.0843
vn -0.9502 -0.2766 -0.1438
vn -0.3608 -0.9302 -0.0679
vn -0.2186 -0.9755 0.0240
vn -0.2001 -0.9797 -0.0136
vn -0.0132 -0.3191 0.9476
vn 0.0963 -0.5246 0.8459
vn 0.0854 -0.3695 0.9253
vn -0.1266 -0.5058 0.8533
vn 0.1402 0.0652 0.9880
vn 0.0754 -0.0812 0.9938
vn 0.1782 -0.0784 0.9809
vn -0.7733 0.6329 -0.0384
vn -0.7819 0.6227 -0.0280
vn -0.8023 0.5969 -0.0022
vn -0.5764 0.4153 0.7038
vn -0.5763 0.4153 0.7038
vn -0.7510 0.6572 -0.0640
vn -0.6271 0.5794 -0.5205
vn -0.7614 -0.6380 -0.1150
vn -0.8384 -0.5378 -0.0882
vn -0.8344 -0.5417 -0.1019
vn 0.5362 0.5757 -0.6173
vn -0.0771 0.6498 -0.7562
vn -0.1213 0.6436 -0.7557
vn -0.2092 0.6656 -0.7164
vn 0.0997 0.9546 0.2806
vn 0.2227 0.9718 0.0779
vn 0.1020 0.9656 0.2390
vn -0.5997 -0.5268 -0.6023
vn -0.2574 0.6727 -0.6937
vn 0.2736 0.9618 -0.0127
vn 0.5271 0.8497 0.0162
vn -0.2527 0.7255 -0.6401
vn -0.1198 0.8038 -0.5828
vn -0.1654 0.7523 -0.6377
vn -0.4084 0.6631 -0.6273
vn -0.0881 0.7945 -0.6008
vn -0.2697 0.8567 -0.4396
vn 0.0729 -0.9919 -0.1044
vn 0.0759 -0.9953 -0.0599
vn -0.0208 -0.9884 -0.1503
vn 0.1730 -0.9841 -0.0400
vn -0.3242 0.8613 -0.3913
vn -0.6463 -0.7554 0.1079
vn 0.2122 -0.8311 -0.5141
vn -0.0341 -0.9919 -0.1227
vn 0.0465 -0.9929 -0.1093
vn 0.0196 -0.9954 -0.0934
vn -0.5329 -0.8460 -0.0175
vn -0.5328 -0.8460 -0.0175
vn -0.0853 -0.9123 0.4005
vn 0.0004 -0.9940 0.1090
vn -0.0116 -0.9886 0.1502
vn -0.0751 -0.9925 -0.0964
vn -0.0623 -0.9963 -0.0595
vn -0.0074 -0.9977 -0.0674
vn -0.1041 -0.9767 -0.1876
vn 0.0561 -0.9983 0.0159
vn -0.1394 -0.9880 0.0668
vn 0.0624 -0.9980 -0.0136
vn -0.0943 -0.9693 0.2271
vn -0.0464 -0.9969 0.0629
vn -0.0539 -0.9879 0.1453
vn -0.0454 -0.9990 0.0055
vn -0.0760 -0.9959 0.0498
vn -0.1463 -0.9841 -0.1012
vn -0.0930 -0.9872 -0.1296
vn -0.7485 0.6616 0.0460
vn -0.8530 0.4288 0.2975
vn -0.7608 0.6456 0.0670
vn 0.1452 -0.9894 -0.0070
vn -0.0403 -0.9982 -0.0446
vn 0.0829 -0.9941 0.0706
vn -0.1392 -0.9871 0.0790
vn -0.8546 0.4204 0.3048
vn 0.2432 -0.7211 -0.6487
vn 0.2431 -0.7211 -0.6488
vn 0.4715 -0.8733 0.1225
vn -0.1674 -0.9857 0.0186
vn 0.2057 -0.8177 -0.5376
vn 0.1409 -0.8184 -0.5571
vn 0.1408 -0.8184 -0.5571
vn 0.1422 -0.8424 -0.5198
vn -0.6357 -0.7189 0.2813
vn -0.3407 -0.9348 -0.1005
vn -0.2648 -0.9613 -0.0767
vn -0.3931 -0.9193 -0.0175
vn 0.0727 -0.9931 0.0919
vn 0.0872 -0.9937 0.0707
vn 0.0906 -0.9933 0.0717
vn -0.4871 -0.8171 0.3082
vn 0.2523 -0.6368 -0.7286
vn 0.2522 -0.6368 -0.7286
vn 0.1056 -0.9845 -0.1398
vn -0.0125 -0.9986 0.0518
vn 0.0163 -0.9832 -0.1817
vn -0.0565 -0.8751 -0.4806
vn -0.0461 -0.8796 -0.4736
vn -0.0407 -0.8799 -0.4735
vn -0.5019 -0.8482 0.1694
vn -0.5213 -0.8464 0.1086
vn 0.1168 -0.8183 -0.5628
vn 0.1167 -0.8183 -0.5628
vn -0.5093 -0.8566 0.0830
vn 0.2113 -0.7563 -0.6192
vn 0.3560 -0.8144 -0.4584
vn 0.3694 -0.8108 -0.4541
vn 0.5860 -0.7827 -0.2095
vn -0.0133 -0.9635 -0.2674
vn -0.0589 -0.9663 -0.2506
vn 0.0082 -0.9933 -0.1155
vn 0.6855 0.5765 0.4446
vn 0.6855 0.5765 0.4447
vn -0.1697 -0.3390 0.9253
vn -0.1569 -0.4779 0.8643
vn 0.0690 -0.4151 0.9072
vn 0.4252 -0.8568 0.2919
vn 0.4207 -0.9041 0.0749
vn 0.4993 -0.8479 0.1781
vn 0.5899 -0.0809 0.8034
vn 0.4700 -0.1469 0.8704
vn 0.5150 0.1395 0.8458
vn -0.1123 -0.1337 0.9846
vn -0.1082 -0.2840 0.9527
vn -0.0054 -0.2367 0.9716
vn -0.4682 0.8047 0.3649
vn -0.4963 0.7396 0.4547
vn -0.4336 0.8599 0.2692
vn -0.3952 0.9018 0.1748
vn -0.7464 -0.2215 -0.6275
vn -0.8471 -0.2334 -0.4775
vn -0.8467 -0.1187 -0.5186
vn -0.5407 -0.0088 -0.8412
vn -0.6412 -0.0953 -0.7615
vn -0.6234 -0.1517 -0.7670
vn -0.3861 0.5163 -0.7644
vn -0.3861 0.5164 -0.7644
vn 0.9006 0.2723 0.3387
vn 0.9030 0.2850 0.3215
vn 0.8839 0.3132 0.3472
vn 0.5990 0.6632 -0.4487
vn 0.3779 0.8313 -0.4075
vn 0.5528 0.7052 -0.4440
vn 0.6156 -0.5943 0.5175
vn -0.0940 -0.9934 -0.0653
vn 0.1745 -0.8722 0.4570
vn 0.0612 -0.9980 0.0137
vn -0.0742 -0.9960 -0.0492
vn -0.0829 -0.9892 -0.1205
vn 0.0952 -0.9951 0.0249
vn 0.0872 -0.9962 -0.0001
vn 0.0773 -0.9904 0.1143
vn -0.1349 -0.9705 -0.2000
vn -0.1973 -0.9702 -0.1404
vn -0.1537 -0.9451 -0.2885
vn -0.0533 -0.9798 0.1928
vn -0.0779 -0.9797 0.1848
vn -0.0273 -0.9260 -0.3765
vn -0.8112 0.4897 0.3196
vn -0.8123 0.4867 0.3212
vn -0.8202 0.4655 0.3325
vn 0.2744 -0.7774 -0.5660
vn -0.2370 0.9132 -0.3315
vn -0.0624 0.9122 -0.4050
vn 0.0462 0.8936 -0.4464
vn 0.2518 -0.7557 -0.6046
vn 0.2519 -0.7557 -0.6045
vn 0.1765 -0.7694 -0.6139
vn 0.1764 -0.7693 -0.6140
vn 0.0518 -0.9986 -0.0057
vn -0.6289 -0.7693 0.1128
vn -0.6289 -0.7693 0.1127
vn -0.5514 -0.8047 0.2201
vn 0.2348 0.8497 -0.4722
vn 0.0246 -0.9982 0.0542
vn 0.2726 0.8725 -0.4054
vn -0.8217 0.4614 0.3346
vn 0.2172 -0.7713 -0.5982
vn 0.1962 -0.8296 -0.5227
vn -0.0803 -0.9957 0.0459
vn -0.0234 -0.9997 -0.0024
vn -0.0236 -0.9997 -0.0022
vn -0.0731 -0.9970 -0.0254
vn -0.0788 -0.9905 -0.1124
vn -0.0199 -0.9985 -0.0517
vn 0.2582 -0.7727 -0.5798
vn 0.0329 -0.9982 -0.0500
vn -0.1106 -0.9880 -0.1075
vn 0.1800 -0.8179 -0.5465
vn 0.2833 -0.9185 0.2760
vn -0.6477 -0.7517 0.1243
vn -0.6445 -0.7507 0.1450
vn -0.6228 -0.7719 0.1281
vn -0.6345 -0.7542 0.1694
vn -0.6857 -0.7026 0.1904
vn -0.6530 -0.6959 0.2989
vn -0.1640 -0.9748 -0.1513
vn 0.2171 -0.9757 -0.0296
vn 0.2579 -0.9445 -0.2033
vn 0.1806 -0.9646 -0.1923
vn -0.5551 -0.8181 0.1506
vn 0.2060 -0.9105 -0.3584
vn -0.5815 -0.8005 0.1451
vn 0.2324 -0.7041 -0.6710
vn 0.0309 -0.9966 -0.0768
vn 0.1043 -0.9945 0.0023
vn 0.0546 -0.9985 -0.0037
vn 0.0516 -0.9974 -0.0502
vn -0.0632 -0.9947 -0.0808
vn 0.0204 -0.9992 -0.0353
vn -0.0244 -0.9995 0.0202
vn -0.9274 -0.2749 0.2537
vn 0.1185 -0.9827 -0.1422
vn 0.0801 -0.9841 -0.1582
vn -0.0169 -0.9740 -0.2259
vn -0.5098 -0.8528 0.1136
vn -0.5097 -0.8528 0.1136
vn -0.4866 -0.8662 0.1136
vn -0.5008 -0.8604 0.0950
vn -0.4820 -0.8653 0.1376
vn -0.4589 -0.8799 0.1229
vn 0.2952 -0.6682 -0.6829
vn 0.2334 -0.7190 -0.6546
vn -0.9319 -0.3382 0.1309
vn -0.9487 -0.2478 0.1962
vn -0.8917 -0.4061 0.1998
vn -0.9839 -0.0776 0.1613
vn -0.9445 -0.3178 -0.0835
vn -0.9489 -0.3152 -0.0151
vn -0.8685 -0.1770 -0.4631
vn -0.8735 -0.0797 -0.4803
vn -0.9607 -0.2764 0.0266
vn -0.3813 -0.5502 0.7429
vn -0.8080 -0.0558 0.5866
vn 0.9895 0.1367 0.0466
vn 0.3304 -0.6867 -0.6475
vn 0.4824 -0.8731 0.0703
vn 0.4824 -0.8732 0.0703
vn 0.4823 -0.8732 0.0702
vn -0.0681 -0.8227 0.5644
vn -0.0681 -0.8227 0.5643
vn 0.6892 -0.7043 -0.1702
vn -0.1136 -0.8042 0.5833
vn -0.1136 -0.8042 0.5834
vn -0.1985 -0.7908 0.5790
vn 0.2556 -0.7883 -0.5596
vn 0.2556 -0.7884 -0.5596
vn 0.6030 -0.2457 0.7590
vn 0.5899 -0.7963 -0.1342
vn 0.7223 -0.6782 -0.1352
vn -0.1072 -0.8223 0.5588
vn -0.1072 -0.8224 0.5588
vn 0.1211 -0.9908 -0.0600
vn 0.0625 -0.9980 -0.0022
vn 0.0886 -0.9930 -0.0785
vn 0.0069 -0.9989 0.0465
vn 0.2367 -0.9598 -0.1509
vn 0.0709 -0.9972 -0.0247
vn 0.6793 -0.7206 -0.1390
vn -0.2497 -0.7873 0.5637
vn 0.4132 -0.1888 0.8908
vn 0.6022 -0.7626 -0.2362
vn -0.1451 -0.9064 0.3966
vn -0.1661 -0.9807 0.1033
vn -0.2515 -0.9336 0.2552
vn -0.0769 -0.9913 -0.1066
vn 0.0049 -0.9991 -0.0430
vn 0.0405 -0.9956 -0.0841
vn 0.0299 -0.9980 -0.0558
vn 0.0972 -0.9951 -0.0165
vn -0.0688 -0.8242 0.5622
vn -0.0689 -0.8241 0.5622
vn -0.4162 -0.9013 0.1202
vn 0.3729 -0.9253 0.0692
vn 0.8064 -0.1086 -0.5813
vn -0.1083 -0.7132 0.6926
vn 0.6218 -0.7640 -0.1723
vn 0.6217 -0.7640 -0.1724
vn 0.6218 -0.7640 -0.1722
vn 0.1158 -0.8924 -0.4361
vn 0.8359 0.1614 0.5246
vn -0.7091 -0.5768 0.4055
vn 0.9950 -0.0887 0.0450
vn 0.0710 -0.8951 0.4401
vn -0.4009 -0.9011 0.1655
vn 0.6163 -0.7372 -0.2770
vn -0.1889 -0.8556 0.4819
vn -0.2252 -0.8539 0.4691
vn -0.2145 -0.8847 0.4139
vn -0.5268 -0.8408 0.1246
vn 0.7248 -0.6747 -0.1395
vn -0.4625 -0.8853 0.0478
vn 0.3091 -0.9471 0.0858
vn 0.3091 -0.9471 0.0859
vn 0.1324 -0.8442 -0.5195
vn 0.1323 -0.8442 -0.5195
vn 0.1324 -0.8442 -0.5194
vn 0.5810 -0.5981 0.5520
vn 0.7057 -0.7055 -0.0654
vn 0.0467 -0.9988 -0.0145
vn -0.6190 -0.4984 0.6070
vn 0.3291 -0.5479 -0.7691
vn 0.6098 -0.5914 0.5276
vn 0.6099 -0.5914 0.5275
vn 0.3107 -0.1372 -0.9406
vn 0.3018 0.2718 -0.9138
vn -0.0000 1.0000 -0.0000
vn 0.2079 0.0108 0.9781
vn 0.2078 -0.0054 0.9781
vn 0.8590 -0.5048 -0.0854
vn 0.8591 -0.5047 -0.0853
vn -0.2518 -0.7141 0.6532
vn 0.1080 -0.9922 0.0619
vn 0.1793 -0.8229 0.5391
vn 0.2563 -0.7520 -0.6073
vn 0.2978 -0.7561 -0.5828
vn 0.2474 -0.7509 -0.6123
vn 0.2057 -0.7447 -0.6349
vn -0.1085 -0.7438 0.6595
vn -0.1085 -0.7439 0.6594
vn -0.6155 -0.3689 0.6964
vn -0.1194 -0.7634 0.6348
vn -0.0372 -0.9908 -0.1303
vn 0.1674 -0.9498 -0.2644
vn 0.0482 -0.9886 -0.1425
vn 0.0870 -0.9954 -0.0395
vn 0.0475 -0.9400 -0.3377
vn 0.5581 -0.8297 0.0108
vn 0.2881 -0.7959 -0.5325
vn -0.5728 -0.7977 0.1888
vn -0.4278 -0.8552 0.2925
vn -0.2833 -0.8815 0.3777
vn -0.1390 -0.8830 0.4484
vn 0.1170 -0.9559 -0.2693
vn 0.0728 -0.9849 -0.1571
vn 0.0574 -0.9952 -0.0790
vn 0.2440 -0.8049 -0.5410
vn 0.0366 -0.9984 -0.0428
vn -0.0047 -0.9979 -0.0641
vn 0.0479 -0.9987 0.0196
vn 0.7533 -0.5872 -0.2962
vn 0.5733 -0.3684 0.7318
vn 0.6456 -0.7214 -0.2505
vn -0.1116 -0.7727 0.6248
vn 0.6895 -0.7146 -0.1180
vn 0.2869 -0.7959 -0.5331
vn -0.2123 -0.6305 0.7466
vn 0.5056 -0.6361 0.5829
vn 0.0269 -0.9995 -0.0183
vn 0.3445 -0.8110 -0.4729
vn 0.8860 0.0692 0.4586
vn -0.4771 -0.8379 0.2652
vn 0.4226 -0.8445 0.3290
vn 0.7907 -0.4503 -0.4148
vn 0.0606 -0.8273 -0.5585
vn -0.4666 -0.8572 -0.2181
vn 0.7664 -0.5843 -0.2671
vn -0.2534 -0.6853 0.6827
vn -0.2534 -0.6853 0.6828
vn 0.6018 -0.6200 0.5034
vn 0.0627 -0.9980 0.0011
vn -0.8009 -0.0784 0.5937
vn -0.8009 -0.0783 0.5937
vn 0.8382 -0.5438 -0.0410
vn -0.2267 -0.7884 0.5719
vn -0.5363 -0.8308 0.1486
vn -0.5370 -0.8303 0.1488
vn 0.2998 -0.4877 -0.8199
vn -0.1432 -0.6480 0.7480
vn 0.6962 -0.7074 -0.1222
vn 0.0478 -0.9988 -0.0091
vn 0.0477 -0.9988 -0.0091
vn 0.8691 -0.4621 -0.1767
vn 0.3863 -0.8780 0.2825
vn 0.3864 -0.8780 0.2825
vn 0.0738 -0.6701 -0.7386
vn -0.5302 -0.6396 -0.5565
vn -0.5301 -0.6396 -0.5566
vn 0.7626 -0.6357 -0.1201
vn -0.0469 -0.7704 0.6358
vn 0.7596 -0.5855 -0.2832
vn -0.3520 -0.6388 0.6841
vn 0.2388 -0.8395 -0.4882
vn 0.8402 -0.3497 0.4144
vn -0.2306 -0.6140 0.7549
vn -0.2306 -0.6141 0.7548
vn 0.0895 -0.9792 0.1820
vn 0.1406 -0.9610 0.2382
vn 0.2329 -0.8796 0.4149
vn 0.0318 -0.9971 0.0696
vn -0.0112 -0.9981 0.0611
vn 0.2737 0.4332 0.8587
vn 0.0086 -0.9996 0.0260
vn 0.0208 -0.9991 0.0360
vn 0.0204 -0.9994 0.0275
vn 0.0213 -0.9998 -0.0006
vn 0.0123 -0.9999 0.0023
vn 0.0235 -0.9996 -0.0129
vn 0.0125 -0.9982 -0.0590
vn 0.0314 -0.9994 0.0163
vn 0.0107 -0.9989 0.0453
vn -0.0249 -0.9973 -0.0685
vn 0.0647 -0.9884 0.1371
vn 0.0752 -0.9923 0.0983
vn 0.0267 -0.9996 0.0117
vn -0.0744 -0.9934 -0.0868
vn -0.0372 -0.9960 -0.0811
vn -0.0715 -0.9813 -0.1788
vn -0.2224 -0.8869 -0.4048
vn -0.0963 -0.9743 -0.2038
vn 0.1003 -0.9950 0.0033
vn -0.0279 -0.9995 -0.0134
vn 0.0618 -0.9972 -0.0415
vn 0.0503 -0.9987 0.0008
vn 0.2448 -0.7764 -0.5808
vn 0.5170 -0.8220 -0.2389
vn -0.3398 -0.8614 0.3776
vn 0.7758 -0.6271 -0.0693
vn -0.3777 -0.7531 0.5386
vn -0.1220 -0.6805 0.7225
vn -0.1219 -0.6806 0.7225
vn -0.1220 -0.6806 0.7225
vn -0.0653 -0.9948 0.0785
vn 0.0481 -0.8961 0.4412
vn 0.5761 -0.4440 0.6863
vn 0.0518 -0.9929 0.1075
vn 0.4019 -0.5434 0.7370
vn 0.5699 -0.5154 0.6400
vn 0.5699 -0.5154 0.6399
vn 0.2452 -0.2869 0.9261
vn 0.2452 -0.2869 0.9260
vn 0.6658 -0.7444 -0.0503
vn 0.1473 -0.0076 0.9891
vn 0.4274 -0.8759 -0.2240
vn -0.1317 -0.5519 0.8235
vn 0.6723 -0.5384 -0.5080
vn 0.6723 -0.5384 -0.5081
vn 0.0642 -0.9940 0.0886
vn 0.8856 -0.4620 0.0475
vn 0.1348 -0.8051 0.5776
vn 0.9189 -0.3648 0.1505
vn 0.9189 -0.3647 0.1504
vn 0.2205 -0.0326 0.9748
vn 0.6859 -0.2525 -0.6825
vn 0.5261 -0.8450 -0.0957
vn -0.2488 -0.7097 0.6591
vn -0.0894 -0.7862 0.6115
vn 0.6045 -0.7877 -0.1186
vn -0.0021 -0.9988 0.0488
vn -0.0148 -0.9981 0.0593
vn -0.0752 -0.9947 0.0705
vn -0.2254 -0.7046 0.6728
vn 0.5763 -0.8007 -0.1638
vn 0.5758 -0.8011 -0.1636
vn 0.3802 -0.8930 -0.2407
vn 0.3325 -0.8841 -0.3283
vn 0.2303 -0.8413 -0.4891
vn 0.4619 -0.8847 -0.0634
vn -0.1337 -0.8952 0.4251
vn 0.5313 -0.8177 -0.2218
vn 0.5313 -0.8176 -0.2218
vn -0.4040 -0.7492 0.5248
vn -0.4040 -0.7493 0.5248
vn 0.2489 -0.8412 -0.4800
vn 0.2002 -0.6423 -0.7398
vn 0.4982 -0.8647 -0.0640
vn 0.3388 -0.8571 -0.3881
vn -0.1858 -0.7906 0.5834
vn -0.1857 -0.7907 0.5834
vn -0.0832 -0.9819 -0.1702
vn -0.0445 -0.9983 0.0368
vn -0.0308 -0.9962 0.0817
vn 0.1807 -0.9830 -0.0331
vn 0.0149 -0.9869 -0.1607
vn -0.2703 -0.9537 0.1320
vn -0.1150 -0.9879 0.1045
vn 0.4290 -0.8741 -0.2278
vn 0.0252 -0.9962 -0.0828
vn -0.0321 -0.9992 0.0235
vn -0.1294 -0.9906 -0.0447
vn -0.3296 -0.9441 -0.0029
vn 0.2809 -0.9597 0.0033
vn 0.4720 -0.8814 0.0196
vn -0.1429 -0.7991 0.5840
vn -0.1820 -0.7951 0.5785
vn 0.3591 -0.8652 -0.3499
vn 0.1674 -0.8345 -0.5249
vn 0.3543 -0.8652 -0.3548
vn 0.5196 -0.8393 -0.1600
vn 0.8471 -0.5202 0.1085
vn 0.2918 -0.8247 0.4845
vn -0.0156 -0.9996 -0.0252
vn 0.0395 -0.9988 -0.0274
vn -0.0065 -0.9990 -0.0452
vn 0.0030 -0.9997 -0.0245
vn 0.0166 -0.9961 -0.0866
vn -0.0138 -0.9952 -0.0972
vn 0.1982 -0.9739 -0.1108
vn 0.0107 -0.9984 -0.0559
vn -0.0100 -0.9869 -0.1608
vn -0.0237 -0.9995 -0.0190
vn 0.0012 -0.9948 -0.1014
vn -0.0232 -0.9992 0.0311
vn -0.2432 -0.7686 0.5917
vn 0.4456 -0.8937 -0.0532
vn 0.3133 -0.9153 -0.2530
vn 0.3321 -0.9155 -0.2271
vn 0.1851 -0.8917 -0.4130
vn 0.4412 -0.5822 0.6829
vn 0.0756 -0.9971 -0.0051
vn 0.0979 -0.9949 0.0248
vn 0.0571 -0.9983 0.0108
vn 0.5760 -0.7247 0.3781
vn 0.5761 -0.7247 0.3781
vn 0.5191 -0.8476 -0.1100
vn 0.5191 -0.8476 -0.1099
vn -0.2591 -0.7435 0.6165
vn 0.4970 -0.8654 -0.0638
vn 0.4970 -0.8654 -0.0639
vn -0.2247 -0.7530 0.6185
vn 0.6111 -0.7819 -0.1230
vn 0.6111 -0.7819 -0.1229
vn 0.6395 -0.7558 -0.1406
vn -0.2153 -0.7605 0.6126
vn -0.0354 -0.8473 0.5300
vn -0.0353 -0.8473 0.5299
vn 0.5787 -0.8022 -0.1471
vn 0.0767 -0.9970 -0.0094
vn 0.0136 -0.9997 0.0202
vn 0.0500 -0.9984 0.0256
vn 0.0037 -0.9976 0.0688
vn -0.4034 -0.7550 0.5169
vn -0.4518 -0.5956 0.6642
vn -0.5832 -0.7662 0.2697
vn 0.5575 -0.8282 -0.0566
vn 0.5575 -0.8282 -0.0567
vn -0.1709 -0.7754 0.6079
vn -0.0618 -0.9975 0.0332
vn -0.0720 -0.9961 0.0500
vn -0.0807 -0.9961 0.0344
vn -0.1510 -0.8339 0.5309
vn 0.2467 0.9686 0.0320
vn 0.2467 0.9686 0.0319
vn 0.5430 -0.8376 -0.0594
vn 0.5430 -0.8376 -0.0593
vn 0.5747 -0.8087 -0.1250
vn 0.5748 -0.8087 -0.1250
vn 0.5747 -0.8088 -0.1249
vn -0.1719 -0.7952 0.5815
vn 0.5569 -0.6924 0.4587
vn -0.0521 -0.9745 -0.2184
vn -0.0509 -0.9924 -0.1119
vn 0.0929 -0.9953 0.0271
vn -0.0259 -0.9571 -0.2887
vn 0.0338 -0.9789 -0.2017
vn -0.0203 -0.9985 0.0510
vn 0.0481 -0.9837 -0.1733
vn -0.0023 -0.9996 -0.0269
vn 0.1535 -0.9081 -0.3897
vn -0.0770 -0.9939 0.0789
vn 0.1785 -0.9810 0.0764
vn 0.4359 -0.8967 0.0771
vn -0.1422 -0.7258 0.6730
vn -0.1821 -0.7833 0.5944
vn 0.4826 -0.8722 -0.0803
vn 0.4825 -0.8722 -0.0803
vn 0.5581 -0.8297 -0.0078
vn -0.1682 -0.7341 0.6579
vn 0.6181 -0.7673 -0.1710
vn 0.6180 -0.7673 -0.1709
vn -0.2338 -0.7695 0.5943
vn 0.6080 -0.7798 -0.1494
vn 0.6080 -0.7798 -0.1495
vn -0.1734 -0.7875 0.5914
vn -0.1501 -0.7864 0.5992
vn 0.4562 -0.8878 -0.0604
vn 0.2763 -0.9599 -0.0469
vn 0.0985 -0.9904 -0.0968
vn 0.0737 -0.9608 -0.2674
vn 0.0637 -0.9961 -0.0611
vn 0.1156 -0.8824 -0.4561
vn 0.4175 -0.9042 0.0897
vn 0.2189 -0.9724 0.0806
vn 0.0801 -0.9878 0.1335
vn -0.0552 -0.9869 0.1515
vn -0.0611 -0.9961 0.0633
vn -0.0899 -0.9925 -0.0824
vn 0.1409 -0.9871 -0.0766
vn 0.1503 -0.9871 0.0546
vn 0.4303 -0.8864 -0.1708
vn 0.5003 -0.8405 -0.2081
vn 0.5517 -0.8240 -0.1292
vn 0.5689 -0.8074 -0.1561
vn -0.1982 -0.7886 0.5820
vn 0.3643 -0.8880 -0.2807
vn 0.4568 -0.8842 -0.0975
vn 0.3323 -0.8815 -0.3354
vn 0.2174 -0.8349 -0.5057
vn 0.0546 -0.9501 0.3072
vn 0.0291 -0.9409 0.3375
vn -0.1173 -0.9520 0.2827
vn -0.1576 -0.9875 -0.0069
vn -0.1314 -0.9911 -0.0216
vn -0.1326 -0.9909 0.0230
vn 0.7988 0.2130 0.5626
vn 0.7988 0.2131 0.5626
vn -0.0233 -0.8807 0.4731
vn -0.0233 -0.8807 0.4730
vn 0.5354 -0.8403 -0.0852
vn -0.2198 -0.7782 0.5883
vn -0.2176 -0.7648 0.6064
vn -0.2859 -0.7593 0.5846
vn 0.0079 -0.9278 0.3731
vn 0.2879 -0.8982 -0.3322
vn 0.4767 -0.8689 -0.1335
vn 0.3107 -0.8983 -0.3107
vn 0.1016 -0.8670 -0.4878
vn 0.0179 -0.9998 0.0023
vn 0.2152 -0.9766 0.0037
vn 0.0569 -0.9979 -0.0299
vn 0.0868 -0.9959 0.0238
vn 0.3749 -0.9271 0.0047
vn 0.5315 -0.8304 -0.1670
vn -0.2770 -0.7448 0.6071
vn -0.3091 -0.7950 0.5220
vn -0.2940 -0.7946 0.5312
vn -0.4595 -0.7848 0.4160
vn -0.1438 -0.7774 0.6124
vn -0.0151 -0.9996 -0.0236
vn 0.0057 -0.9994 0.0335
vn -0.1584 -0.9829 0.0938
vn 0.0444 -0.9908 0.1280
vn -0.0033 -0.9975 0.0706
vn 0.0295 -0.9957 0.0875
vn -0.0382 -0.9988 -0.0299
vn 0.0581 -0.9983 -0.0098
vn -0.2784 -0.9418 -0.1886
vn -0.0787 -0.9918 -0.1009
vn 0.3982 -0.9090 0.1229
vn 0.5510 -0.8224 -0.1415
vn 0.5546 -0.6443 0.5266
vn -0.0263 -0.9997 0.0001
vn 0.4696 -0.8802 -0.0685
vn 0.3255 -0.8945 -0.3065
vn 0.3475 -0.8967 -0.2742
vn 0.1820 -0.8516 -0.4916
vn -0.1379 -0.8373 0.5291
vn 0.2104 -0.3734 0.9035
vn 0.2104 -0.3735 0.9035
vn -0.3890 -0.7913 0.4717
vn 0.4214 -0.6679 -0.6135
vn -0.5917 -0.8006 0.0943
vn -0.5918 -0.8006 0.0943
vn 0.6153 -0.7706 -0.1661
vn -0.4019 -0.7550 0.5181
vn -0.5400 -0.6537 0.5302
vn -0.3685 -0.8485 0.3799
vn -0.5370 -0.7918 0.2911
vn 0.5979 -0.7824 -0.1740
vn -0.0450 -0.9869 0.1547
vn -0.2189 -0.9710 0.0960
vn -0.1547 -0.9651 0.2114
vn 0.0384 -0.9982 0.0452
vn 0.5920 0.8024 0.0760
vn 0.4701 0.8816 0.0417
vn 0.5424 0.8378 0.0618
vn 0.0109 -0.9994 -0.0332
vn 0.0053 -0.9992 -0.0390
vn 0.0595 -0.9980 -0.0200
vn 0.0885 -0.9941 0.0622
vn 0.1412 -0.9835 0.1134
vn 0.0800 -0.9898 -0.1177
vn 0.0139 -0.9991 0.0396
vn 0.1163 -0.9900 0.0799
vn 0.1974 -0.9742 0.1094
vn 0.1267 -0.9894 0.0707
vn 0.3447 -0.8836 0.3170
vn 0.2132 -0.8343 0.5085
vn 0.4000 -0.8441 0.3570
vn 0.0601 -0.9981 0.0134
vn 0.0631 -0.9976 0.0274
vn 0.0666 -0.9976 0.0163
vn 0.0963 -0.9929 0.0705
vn 0.0663 -0.9975 0.0262
vn 0.0292 -0.9914 -0.1275
vn 0.1431 -0.9890 -0.0388
vn 0.0836 -0.9964 -0.0159
vn 0.0881 -0.9951 -0.0455
vn 0.0714 -0.9974 -0.0116
vn 0.0779 -0.9970 -0.0036
vn 0.0529 -0.9986 0.0066
vn 0.0362 -0.9993 0.0084
vn 0.0167 -0.8954 -0.4449
vn 0.2121 -0.9772 -0.0088
vn 0.1657 -0.9860 0.0207
vn 0.2264 -0.9737 -0.0270
vn 0.5652 -0.7092 -0.4215
vn 0.2700 -0.9622 -0.0353
vn 0.3124 -0.9484 -0.0551
vn 0.1862 -0.9822 -0.0241
vn -0.3017 0.2718 0.9138
vn -0.3106 -0.1372 0.9406
vn 0.2704 -0.9589 -0.0857
vn 0.1624 -0.9861 0.0340
vn 0.0091 -0.9686 -0.2484
vn 0.1013 -0.9840 -0.1462
vn 0.0751 -0.9632 -0.2580
vn -0.0020 -0.9677 -0.2520
vn 0.0630 -0.9957 0.0685
vn 0.0361 -0.9992 0.0146
vn 0.0263 -0.9988 -0.0409
vn -0.0199 -0.9914 -0.1292
vn 0.0319 -0.9933 0.1107
vn -0.0072 -0.9119 0.4104
vn -0.0259 -0.9832 -0.1809
vn -0.2639 -0.9442 -0.1969
vn -0.0826 -0.9941 0.0700
vn 0.1227 -0.9627 -0.2413
vn 0.0606 -0.9675 0.2454
vn -0.1168 -0.9797 -0.1632
vn -0.0291 -0.9939 -0.1063
vn -0.0400 -0.9909 -0.1283
vn 0.0110 -0.9927 -0.1200
vn -0.3518 -0.9345 0.0542
vn 0.1284 -0.9505 0.2830
vn 0.1026 -0.9026 0.4180
vn -0.0470 -0.8899 0.4536
vn -0.1608 -0.8398 0.5185
vn 0.4585 -0.8561 0.2383
vn 0.3941 -0.8743 0.2833
vn 0.3512 -0.9317 0.0931
vn 0.4649 -0.8851 -0.0224
vn 0.3338 -0.9419 -0.0368
vn 0.1177 -0.9929 -0.0156
vn 0.2338 -0.9723 -0.0034
vn 0.3669 -0.9209 -0.1314
vn 0.0614 -0.9962 0.0612
vn 0.0531 -0.9984 -0.0172
vn 0.0553 -0.9984 -0.0148
vn -0.2353 -0.7721 0.5903
vn 0.4521 -0.8906 -0.0496
vn 0.4878 -0.8690 -0.0831
vn 0.5116 -0.8591 -0.0130
vn 0.3709 -0.9284 0.0209
vn 0.3724 -0.8055 -0.4610
vn 0.4301 -0.8760 -0.2181
vn 0.4124 -0.8571 -0.3088
vn 0.4494 -0.8898 -0.0790
vn 0.5946 -0.7854 -0.1719
vn -0.2326 -0.7017 0.6734
vn 0.3684 -0.8909 -0.2655
vn 0.1890 -0.8753 -0.4450
vn 0.3647 -0.8912 -0.2697
vn 0.5264 -0.8477 -0.0656
vn -0.4377 0.5041 0.7445
vn -0.2116 -0.7121 0.6694
vn 0.5662 -0.8115 -0.1447
vn -0.0395 -0.9984 -0.0395
vn -0.0002 -0.9998 -0.0196
vn -0.0534 -0.9969 -0.0571
vn -0.0397 -0.9982 -0.0447
vn 0.0430 -0.9991 -0.0019
vn 0.6158 -0.7737 -0.1491
vn -0.1982 -0.7297 0.6544
vn 0.0504 -0.9985 -0.0211
vn 0.0351 -0.9986 -0.0399
vn 0.0420 -0.9980 -0.0472
vn 0.0165 -0.9959 -0.0891
vn 0.4858 -0.8686 -0.0979
vn -0.5839 -0.3070 0.7515
vn 0.2585 -0.8765 -0.4060
vn 0.2585 -0.8766 -0.4060
vn 0.0227 -0.8539 0.5200
vn 0.6891 -0.7004 -0.1860
vn 0.5176 -0.8304 -0.2062
vn 0.3842 -0.8558 -0.3465
vn 0.3656 -0.8567 -0.3639
vn 0.2098 -0.8440 -0.4936
vn -0.2868 -0.7811 0.5547
vn -0.4048 -0.6578 0.6352
vn -0.2626 -0.8655 0.4266
vn 0.7963 0.0399 0.6035
vn 0.7964 0.0399 0.6035
vn -0.0513 -0.6689 0.7416
vn 0.5914 -0.7913 -0.1552
vn 0.5596 -0.8224 -0.1021
vn 0.2556 -0.7592 -0.5986
vn 0.4299 -0.8107 -0.3974
vn 0.4136 -0.8082 -0.4192
vn 0.5557 -0.8073 -0.1988
vn -0.6288 -0.7657 0.1356
vn -0.4874 -0.8118 0.3216
vn -0.4717 -0.8139 0.3392
vn -0.3068 -0.8103 0.4993
vn -0.0778 -0.9010 0.4268
vn 0.2720 -0.8018 -0.5320
vn 0.2721 -0.8018 -0.5320
vn 0.2720 -0.8018 -0.5321
vn -0.5212 -0.8213 0.2320
vn -0.3673 -0.8189 0.4410
vn -0.3845 -0.8217 0.4206
vn -0.2039 -0.7681 0.6070
vn 0.2265 0.5659 -0.7928
vn 0.1106 0.6127 -0.7825
vn 0.5669 0.4320 -0.7014
vn 0.6874 0.3910 -0.6120
vn 0.6130 0.3860 -0.6893
vn 0.5671 0.4320 -0.7013
vn 0.6129 0.3860 -0.6894
vn 0.2268 0.5657 -0.7928
vn -0.7114 0.7010 -0.0506
vn -0.0526 0.7806 0.6228
vn -0.2965 0.7761 0.5565
vn -0.1287 0.7846 0.6065
vn 0.0561 0.7668 0.6394
vn 0.2593 0.9633 -0.0693
vn 0.2026 0.9721 -0.1180
vn 0.2582 0.9628 -0.0795
vn 0.1288 0.9801 -0.1511
vn 0.1893 0.9738 -0.1263
vn 0.5351 0.0225 0.8445
vn -0.4281 -0.6286 0.6493
vn -0.4707 -0.5696 0.6738
vn -0.4908 -0.5389 0.6846
vn -0.4908 -0.5388 0.6847
vn -0.4707 -0.5694 0.6740
vn -0.5753 -0.3852 0.7215
vn 0.3599 0.8518 -0.3807
vn -0.0967 -0.9925 0.0754
vn -0.0050 -0.9997 -0.0255
vn -0.0140 -0.9999 -0.0061
vn -0.0144 -0.9994 -0.0301
vn -0.1158 -0.9902 -0.0776
vn -0.1046 -0.9941 0.0279
vn -0.0011 -0.9997 -0.0238
vn -0.2123 -0.9767 -0.0314
vn -0.0570 -0.9937 -0.0964
vn -0.0091 -0.9999 0.0109
vn -0.0198 -0.9998 0.0030
vn 0.1066 -0.9929 -0.0519
vn -0.0022 -0.9996 -0.0269
vn 0.0190 -0.9995 -0.0244
vn 0.0196 -0.9991 -0.0371
vn -0.0484 -0.9822 0.1813
vn -0.0264 -0.9989 -0.0399
vn -0.1473 -0.9887 0.0292
vn 0.0410 -0.9991 -0.0073
vn -0.0853 -0.9295 0.3587
vn -0.1554 -0.9689 0.1925
vn -0.0806 -0.9967 -0.0077
vn -0.0711 -0.9973 -0.0202
vn -0.0290 -0.9996 -0.0040
vn -0.1141 -0.9877 -0.1068
vn -0.0839 -0.9963 0.0158
vn -0.1297 -0.9775 -0.1663
vn -0.4395 -0.8976 0.0351
vn 0.6495 -0.7412 -0.1694
vn -0.2264 -0.9016 0.3686
vn -0.0726 -0.9919 0.1046
vn -0.1616 -0.9619 0.2206
vn -0.0255 -0.9991 0.0348
vn 0.0060 -0.9978 0.0659
vn 0.5147 -0.8505 -0.1087
vn -0.0489 -0.9941 0.0963
vn 0.0516 -0.9973 0.0530
vn 0.0422 -0.9978 0.0513
vn 0.1248 -0.9921 -0.0105
vn 0.0759 -0.9971 -0.0019
vn 0.2548 -0.8597 0.4426
vn 0.0656 -0.9971 0.0375
vn -0.0375 -0.9697 0.2413
vn 0.0588 -0.9971 0.0473
vn 0.2608 -0.8964 -0.3585
vn 0.7117 0.6935 0.1122
vn 0.5922 0.8022 0.0762
vn 0.5426 0.8377 0.0618
vn 0.5958 -0.2839 -0.7512
vn 0.5958 -0.2838 -0.7513
vn -0.2397 -0.8962 -0.3732
vn -0.0283 -0.8137 0.5806
vn -0.0959 -0.8239 0.5586
vn -0.0853 -0.8226 0.5622
vn -0.1485 -0.8289 0.5394
vn 0.1830 0.8599 -0.4766
vn 0.1829 0.8599 -0.4766
vn -0.6986 0.6959 0.1661
vn -0.6986 0.6959 0.1662
vn -0.1761 -0.7853 0.5935
vn 0.5506 -0.8184 -0.1644
vn 0.1672 -0.8028 -0.5724
vn 0.5125 -0.0686 0.8559
vn 0.7853 -0.2229 0.5776
vn 0.7853 -0.2228 0.5776
vn 0.7663 -0.3688 0.5261
vn 0.7663 -0.3688 0.5262
vn 0.5105 -0.8482 -0.1415
vn -0.3028 -0.7327 0.6095
vn -0.3028 -0.7327 0.6094
vn 0.2210 -0.8069 -0.5477
vn 0.0654 -0.9840 0.1655
vn 0.1245 -0.9632 0.2383
vn 0.1008 -0.9440 0.3142
vn -0.0716 -0.9962 -0.0492
vn -0.0365 -0.9991 -0.0235
vn -0.1776 -0.9789 -0.1014
vn -0.0870 -0.9961 0.0143
vn -0.0753 -0.9947 0.0705
vn 0.0454 -0.9970 -0.0623
vn 0.0185 -0.9997 -0.0182
vn 0.0833 -0.9933 -0.0805
vn 0.1083 -0.9799 -0.1678
vn -0.0161 -0.9975 -0.0681
vn -0.0684 -0.9872 -0.1439
vn 0.0654 -0.9841 0.1654
vn 0.0556 -0.9982 0.0217
vn -0.0325 -0.9980 0.0534
vn 0.0375 -0.9985 0.0391
vn -0.1130 -0.9927 -0.0415
vn 0.0879 -0.9947 0.0542
vn 0.8310 0.2120 -0.5143
vn -0.4356 -0.5392 0.7208
vn -0.4413 -0.5683 0.6945
vn -0.4278 -0.5028 0.7511
vn -0.4279 -0.5027 0.7512
vn -0.4216 -0.4758 0.7719
vn -0.4356 -0.5391 0.7209
vn -0.3104 0.8679 -0.3877
vn -0.2439 0.9527 -0.1812
vn -0.2538 0.9230 -0.2893
vn -0.2577 0.9476 -0.1889
vn -0.4436 0.7577 -0.4787
vn 0.5454 0.8034 0.2389
vn 0.1032 -0.9708 -0.2166
vn 0.4009 -0.8521 -0.3365
vn 0.0251 -0.9833 -0.1804
vn 0.4524 -0.8162 -0.3594
vn 0.4736 -0.8031 -0.3615
vn 0.1062 0.9448 -0.3098
vn -0.0313 0.8913 -0.4524
vn 0.0486 0.9217 -0.3849
vn 0.5551 0.7011 -0.4476
vn -0.0313 0.8912 -0.4526
vn -0.0683 0.8884 -0.4539
vn 0.0485 0.9216 -0.3851
vn -0.0995 0.8716 -0.4800
vn -0.0928 0.9072 -0.4103
vn -0.2118 0.9517 -0.2222
vn -0.0911 0.8244 -0.5586
vn -0.7055 -0.6200 0.3434
vn -0.5091 0.6383 -0.5773
vn -0.4406 0.7278 -0.5255
vn -0.2521 0.6536 -0.7137
vn -0.1011 0.6763 -0.7297
vn 0.5691 0.7926 0.2189
vn 0.5059 0.8248 0.2524
vn 0.3770 0.8722 0.3117
vn 0.6331 0.7525 0.1815
vn 0.6460 -0.2310 -0.7276
vn -0.3105 0.8679 -0.3878
vn -0.4438 0.7576 -0.4786
vn -0.5031 0.7204 -0.4774
vn 0.8758 0.1778 0.4488
vn 0.7497 0.1698 0.6397
vn 0.7923 0.1732 0.5850
vn 0.6644 0.1616 0.7297
vn 0.6645 0.1613 0.7296
vn 0.7229 0.6205 0.3040
vn -0.3716 -0.4902 0.7884
vn -0.3470 -0.5215 0.7795
vn -0.3575 -0.4272 0.8304
vn -0.3654 -0.5476 0.7528
vn 0.1315 0.8760 -0.4641
vn 0.2555 0.8411 -0.4768
vn 0.0787 0.8576 -0.5082
vn 0.5249 0.6994 -0.4852
vn 0.6587 0.6191 -0.4276
vn 0.6268 -0.6986 0.3450
vn 0.6269 -0.6986 0.3450
vn 0.2437 0.5752 -0.7808
vn 0.2437 0.5752 -0.7809
vn 0.2438 0.5752 -0.7808
vn 0.0594 0.9115 -0.4070
vn 0.0594 0.9115 -0.4071
vn 0.1968 0.7240 0.6612
vn 0.1968 0.7238 0.6614
vn 0.8654 -0.4168 0.2781
vn 0.7840 0.5267 0.3285
vn 0.7789 0.5148 0.3583
vn 0.6083 0.5459 0.5762
vn 0.7338 0.5570 0.3889
vn 0.4903 0.5308 0.6913
vn 0.3223 -0.5011 0.8031
vn -0.3468 -0.5218 0.7794
vn -0.3652 -0.5478 0.7527
vn -0.3212 -0.6086 0.7255
vn -0.1029 -0.9714 -0.2139
vn 0.5249 0.6993 -0.4853
vn 0.7060 0.6188 -0.3444
vn 0.6588 0.6191 -0.4274
vn 0.5302 0.2336 -0.8151
vn 0.3304 0.2383 -0.9133
vn 0.3993 0.2381 -0.8854
vn 0.1942 0.2352 -0.9524
vn -0.5020 0.7191 -0.4805
vn 0.6062 -0.7940 -0.0455
vn 0.6062 -0.7940 -0.0454
vn -0.1905 -0.7192 0.6682
vn 0.9462 0.2389 -0.2183
vn 0.5654 -0.0931 0.8195
vn 0.8516 0.0395 0.5227
vn 0.8376 -0.0450 0.5445
vn 0.8377 -0.0450 0.5443
vn 0.8589 0.1254 0.4965
vn 0.8400 0.1638 0.5172
vn 0.5846 -0.5283 0.6157
vn 0.5846 -0.5284 0.6157
vn 0.9216 0.2925 0.2552
vn 0.2411 0.6705 -0.7016
vn 0.2963 0.6405 -0.7085
vn 0.1325 0.5570 -0.8199
vn 0.0052 0.5205 0.8538
vn -0.0916 0.4791 0.8729
vn 0.0742 0.5464 0.8342
vn 0.1336 0.5663 0.8133
vn 0.0054 0.5207 0.8537
vn 0.0743 0.5464 0.8342
vn -0.6590 -0.1546 0.7361
vn 0.3022 0.8904 -0.3405
vn 0.3232 0.8879 -0.3275
vn 0.2412 0.6706 -0.7015
vn 0.2965 0.6406 -0.7083
vn 0.4488 0.5153 -0.7301
vn 0.2969 0.8171 -0.4943
vn 0.8521 -0.3258 -0.4097
vn 0.1592 -0.2732 -0.9487
vn 0.9246 -0.3503 -0.1496
vn -0.8125 -0.2311 -0.5353
vn -0.8482 -0.1629 -0.5041
vn -0.8207 -0.1955 -0.5368
vn -0.8860 -0.1260 -0.4463
vn -0.8617 -0.1417 -0.4872
vn -0.3768 0.8787 0.2931
vn -0.3796 -0.9204 0.0941
vn -0.3261 -0.9267 -0.1868
vn -0.3452 -0.9328 -0.1030
vn -0.2798 -0.8930 -0.3525
vn 0.6540 0.4353 0.6187
vn -0.9242 0.2698 0.2703
vn -0.9382 0.2366 0.2525
vn -0.9331 0.2677 0.2401
vn -0.9475 0.2173 0.2346
vn -0.3061 0.8193 -0.4848
vn -0.4309 0.8153 -0.3868
vn -0.3156 0.8197 -0.4779
vn 0.3617 -0.0311 0.9318
vn 0.0481 0.8836 -0.4658
vn 0.0681 0.8814 -0.4675
vn 0.0600 0.8823 -0.4669
vn 0.0802 0.8799 -0.4684
vn -0.6474 0.3485 -0.6778
vn -0.6372 0.1285 0.7599
vn -0.4408 0.7278 -0.5254
vn -0.5092 0.6383 -0.5773
vn -0.5948 0.7517 -0.2850
vn -0.1474 -0.7277 0.6699
vn -0.9475 0.2173 0.2347
vn -0.9382 0.2366 0.2526
vn -0.9192 0.1769 0.3519
vn -0.2915 -0.4873 -0.8231
vn -0.2566 -0.6032 -0.7552
vn -0.2583 -0.5980 -0.7587
vn -0.2179 -0.7050 -0.6749
vn 0.9260 -0.3284 0.1860
vn 0.0535 -0.9907 -0.1253
vn 0.0526 -0.9877 -0.1471
vn 0.0522 -0.9859 -0.1591
vn 0.0522 -0.9859 -0.1593
vn 0.0391 -0.8998 -0.4345
vn 0.8543 0.5006 0.1399
vn -0.8619 -0.0829 0.5003
vn -0.8322 0.2327 0.5033
vn -0.8169 0.2909 0.4981
vn -0.7745 0.4108 0.4810
vn 0.3318 -0.4958 0.8026
vn 0.3319 -0.4958 0.8025
vn 0.5158 0.3777 -0.7689
vn 0.1369 0.6553 0.7428
vn -0.7168 0.4602 0.5239
vn -0.7167 0.4602 0.5240
vn -0.5064 0.8618 0.0298
vn -0.0971 0.9096 -0.4039
vn 0.0659 -0.2406 -0.9684
vn -0.0492 -0.5973 -0.8005
vn 0.1007 -0.1723 -0.9799
vn 0.8405 -0.5374 0.0691
vn 0.5260 0.6981 0.4858
vn 0.4293 0.7585 0.4903
vn 0.2732 0.8307 0.4850
vn 0.2591 0.8445 -0.4687
vn 0.3330 0.7727 -0.5405
vn 0.3023 0.8902 -0.3407
vn 0.2636 0.8124 -0.5201
vn 0.2969 0.8170 -0.4944
vn 0.0725 0.8910 -0.4481
vn 0.0682 0.8498 -0.5227
vn -0.8234 0.2232 0.5217
vn -0.7198 -0.6736 0.1681
vn -0.7197 -0.6736 0.1682
vn 0.2123 -0.2191 -0.9523
vn -0.4957 0.6012 -0.6267
vn -0.4953 0.6050 -0.6235
vn -0.5016 0.5457 -0.6713
vn 0.8077 -0.0301 0.5888
vn 0.5262 0.6979 0.4858
vn 0.6886 0.5603 0.4603
vn 0.4296 0.7583 0.4903
vn 0.7378 -0.6742 -0.0317
vn 0.7379 -0.6742 -0.0316
vn -0.1266 -0.9621 0.2416
vn 0.0658 -0.2408 -0.9683
vn -0.0510 -0.7272 -0.6845
vn -0.0491 -0.5973 -0.8005
vn -0.0284 -0.8078 -0.5888
vn 0.6485 0.7477 -0.1430
vn 0.5709 0.6723 -0.4712
vn 0.6032 0.7966 0.0399
vn 0.5673 -0.3939 0.7232
vn 0.5355 -0.4160 0.7350
vn 0.5306 -0.4193 0.7367
vn -0.3170 0.9031 -0.2897
vn -0.3208 0.8942 -0.3121
vn -0.2837 0.9513 -0.1207
vn -0.3171 0.9030 -0.2898
vn -0.3461 0.7908 -0.5048
vn -0.3208 0.8942 -0.3122
vn 0.1500 -0.0997 -0.9836
vn 0.1500 -0.0997 -0.9837
vn 0.4761 0.5900 0.6520
vn 0.6131 0.3876 0.6884
vn 0.5847 0.4366 0.6837
vn 0.6423 0.3317 0.6910
vn 0.1539 0.5076 -0.8477
vn 0.5711 0.6723 -0.4711
vn 0.6486 0.7476 -0.1432
vn 0.4291 0.7494 -0.5043
vn 0.8686 -0.0075 0.4954
vn 0.8686 -0.0075 0.4955
vn 0.8377 -0.0449 0.5443
vn 0.8516 0.0396 0.5227
vn 0.5856 -0.4901 0.6457
vn 0.4112 -0.4852 0.7717
vn 0.5936 -0.4896 0.6387
vn 0.7342 -0.4717 0.4883
vn -0.2229 0.8112 -0.5405
vn -0.3058 0.8194 -0.4849
vn -0.3154 0.8197 -0.4781
vn -0.0444 -0.5326 -0.8452
vn 0.1846 0.9383 -0.2924
vn 0.1847 0.9383 -0.2924
vn 0.8951 0.1194 0.4295
vn 0.8802 0.0679 0.4698
vn 0.8900 0.1468 0.4317
vn 0.8516 0.0397 0.5226
vn 0.8843 0.3373 0.3228
vn 0.6207 0.6905 0.3713
vn 0.6208 0.6905 0.3713
vn 0.9818 -0.0203 -0.1887
vn 0.9818 -0.0203 -0.1888
vn -0.2285 -0.8027 0.5509
vn -0.1348 -0.7232 0.6774
vn -0.0928 -0.6817 0.7257
vn 0.0569 -0.5070 0.8601
vn -0.0637 0.9548 -0.2904
vn 0.9869 0.1056 0.1222
vn 0.2924 -0.9483 -0.1235
vn 0.2925 -0.9483 -0.1235
vn 0.9886 0.0417 0.1445
vn 0.2256 0.0662 -0.9720
vn 0.1078 0.2509 -0.9620
vn 0.1489 0.0287 -0.9884
vn -0.0475 -0.9242 0.3789
vn -0.0474 -0.9243 0.3788
vn 0.6451 0.1142 -0.7555
vn -0.6932 -0.5338 0.4843
vn -0.6528 -0.6158 0.4412
vn -0.6329 -0.6500 0.4207
vn 0.1524 0.4595 0.8750
vn -0.0342 -0.5543 -0.8316
vn 0.0022 -0.4027 -0.9153
vn -0.0002 -0.4132 -0.9106
vn 0.0565 -0.1528 -0.9866
vn -0.7712 0.4942 -0.4012
vn -0.7200 0.5420 -0.4334
vn -0.6779 0.5764 -0.4562
vn -0.8105 0.4521 -0.3724
vn 0.5509 0.6613 -0.5092
vn 0.5164 0.6091 -0.6019
vn 0.4818 0.5829 -0.6542
vn 0.3817 0.7054 -0.5973
vn 0.5710 0.6721 -0.4714
vn 0.5523 0.6795 -0.4830
vn -0.1845 0.4840 -0.8554
vn 0.7653 -0.4106 0.4958
vn -0.2162 -0.3973 0.8919
vn -0.3138 -0.3721 0.8735
vn -0.4013 -0.3380 0.8513
vn -0.4548 -0.3547 0.8170
vn -0.4360 -0.3782 0.8166
vn -0.4484 0.8684 -0.2118
vn -0.4483 0.8684 -0.2117
vn 0.4781 0.3345 -0.8121
vn 0.4850 0.3088 -0.8182
vn 0.4878 0.2976 -0.8207
vn 0.4919 0.2809 -0.8241
vn 0.6488 -0.6703 -0.3602
vn -0.4862 0.6599 -0.5729
vn -0.4953 0.6051 -0.6233
vn -0.4958 0.6014 -0.6266
vn 0.0711 0.8168 0.5725
vn -0.4712 -0.1123 0.8748
vn -0.4713 -0.1122 0.8748
vn 0.2946 0.7486 -0.5940
vn 0.4289 0.7495 -0.5042
vn 0.2945 0.7446 -0.5990
vn 0.3817 0.7055 -0.5971
vn 0.5708 0.6724 -0.4712
vn 0.8269 0.2362 0.5103
vn 0.4473 -0.6852 0.5748
vn 0.8802 0.0680 0.4698
vn -0.4609 0.3960 0.7942
vn -0.4475 0.1692 0.8781
vn -0.3543 0.0736 0.9322
vn 0.1609 0.5043 -0.8484
vn 0.1843 0.5126 -0.8386
vn 0.2242 0.5447 -0.8081
vn 0.0895 0.4979 -0.8626
vn 0.2205 0.5667 -0.7938
vn 0.2242 0.5448 -0.8080
vn 0.1844 0.5128 -0.8385
vn 0.9553 0.2509 0.1561
vn 0.1682 -0.4308 0.8866
vn 0.1402 0.4107 0.9009
vn 0.2223 0.4549 -0.8624
vn -0.1075 0.2860 -0.9522
vn 0.1106 0.3720 -0.9216
vn -0.9352 -0.3250 0.1408
vn -0.9472 -0.2920 0.1325
vn -0.8868 -0.4263 0.1786
vn 0.8018 0.5684 0.1844
vn 0.5635 0.7639 -0.3144
vn 0.5523 0.6797 -0.4827
vn 0.5509 0.6614 -0.5090
vn 0.1094 0.9817 -0.1560
vn 0.1093 0.9817 -0.1559
vn 0.9166 0.2199 0.3339
vn 0.1078 0.2510 -0.9620
vn 0.1106 0.3721 -0.9216
vn -0.1077 0.2862 -0.9521
vn -0.0209 0.3022 -0.9530
vn -0.3902 0.1206 -0.9128
vn 0.1489 0.0285 -0.9884
vn 0.1414 -0.0536 -0.9885
vn -0.9158 0.3923 -0.0860
vn -0.8224 0.5651 -0.0660
vn -0.9441 0.3162 -0.0933
vn -0.7561 0.6523 -0.0538
vn -0.0763 -0.9660 -0.2471
vn -0.0762 -0.9660 -0.2471
vn 0.3456 -0.1943 -0.9180
vn -0.0321 0.7725 -0.6342
vn 0.8670 0.4983 -0.0056
vn 0.7644 0.6079 0.2146
vn 0.8166 0.5648 0.1189
vn 0.9031 0.3954 -0.1672
vn 0.3661 0.8709 -0.3278
vn -0.7093 -0.4945 0.5024
vn -0.6529 -0.6157 0.4412
vn -0.6932 -0.5336 0.4844
vn 0.4303 0.5093 -0.7452
vn 0.5685 0.3665 -0.7365
vn 0.6065 0.3197 -0.7280
vn 0.2504 0.6487 -0.7187
vn 0.5759 -0.3877 0.7197
vn 0.5674 -0.3939 0.7231
vn 0.9415 0.1256 0.3128
vn 0.9038 0.1822 0.3872
vn 0.8965 0.2089 0.3907
vn 0.9037 0.1824 0.3874
vn 0.8133 0.3936 0.4286
vn 0.8964 0.2091 0.3908
vn 0.8479 0.3335 0.4121
vn 0.5873 -0.7227 0.3644
vn 0.7233 -0.4616 0.5136
vn 0.4950 -0.7255 0.4781
vn 0.3593 -0.7859 0.5033
vn 0.9732 -0.0516 0.2241
vn 0.9535 -0.1382 0.2679
vn 0.9316 -0.2518 0.2620
vn 0.9209 -0.2956 0.2541
vn 0.7358 -0.3258 -0.5937
vn 0.3290 -0.6786 -0.6567
vn 0.3290 -0.6786 -0.6568
vn -0.3901 0.1203 -0.9129
vn -0.1076 0.2860 -0.9522
vn -0.3443 -0.0439 -0.9378
vn 0.5470 0.8369 -0.0208
vn 0.5785 0.8122 -0.0753
vn 0.5160 0.8561 0.0291
vn 0.4340 0.8887 0.1479
vn 0.5469 0.8369 -0.0207
vn 0.3275 -0.9310 -0.1610
vn 0.9192 0.2629 0.2930
vn 0.9063 0.2408 0.3474
vn 0.9426 0.2199 0.2513
vn 0.9038 0.1822 0.3873
vn 0.9344 0.2460 0.2575
vn -0.5078 0.1395 0.8501
vn -0.2414 0.2399 0.9403
vn -0.1568 0.2656 0.9513
vn -0.5080 0.1395 0.8500
vn -0.5689 0.1117 0.8148
vn -0.2417 0.2397 0.9403
vn -0.5623 -0.1128 0.8192
vn -0.6005 -0.0811 0.7955
vn -0.6465 -0.1270 0.7523
vn -0.6873 -0.2322 0.6883
vn -0.2834 0.8499 0.4442
vn -0.2833 0.8499 0.4443
vn 0.4988 0.7927 -0.3504
vn 0.4371 0.7313 -0.5236
vn -0.9556 -0.1156 0.2711
vn -0.1265 0.5609 -0.8181
vn 0.1991 0.7984 -0.5682
vn -0.0182 0.4836 -0.8751
vn -0.0606 0.3382 -0.9391
vn 0.0611 0.2283 -0.9717
vn 0.2223 0.4551 -0.8622
vn 0.4371 0.7312 -0.5238
vn 0.1861 0.4748 -0.8602
vn 0.4209 0.7894 -0.4469
vn 0.4308 0.7870 -0.4416
vn 0.4595 0.7456 -0.4827
vn 0.4651 0.7509 -0.4690
vn -0.6465 -0.1272 0.7522
vn -0.6873 -0.2325 0.6882
vn -0.6857 -0.3439 0.6415
vn 0.8928 0.2949 0.3405
vn 0.9344 0.2459 0.2575
vn 0.3447 0.8985 -0.2717
vn 0.6886 0.7005 -0.1873
vn 0.3590 0.8913 -0.2770
vn 0.7556 0.6241 -0.1991
vn -0.7458 -0.5587 0.3627
vn 0.0299 0.2913 0.9562
vn 0.2036 0.2204 0.9539
vn -0.0412 0.3675 0.9291
vn -0.0182 0.4835 -0.8751
vn 0.1105 0.3722 -0.9215
vn 0.0610 0.2283 -0.9717
vn 0.2221 0.4549 -0.8624
vn -0.1008 0.6478 -0.7551
vn 0.0308 0.4350 -0.8999
vn 0.4097 -0.4112 0.8143
vn 0.0300 0.2915 0.9561
vn -0.0409 0.3676 0.9291
vn 0.0317 0.3967 0.9174
vn -0.6499 -0.7100 -0.2711
vn -0.6297 -0.7064 -0.3231
vn -0.5772 -0.6693 -0.4678
vn -0.3007 -0.8815 -0.3640
vn 0.4650 0.7510 -0.4688
vn 0.4669 0.6959 -0.5456
vn 0.4595 0.7455 -0.4828
vn 0.6677 -0.0155 0.7443
vn 0.9010 0.0693 0.4282
vn 0.7219 -0.0460 0.6905
vn 0.9518 0.0971 0.2911
vn 0.3402 0.1326 0.9310
vn 0.6675 -0.0155 0.7445
vn 0.1333 0.2058 0.9695
vn -0.0782 0.3641 0.9281
vn 0.6647 0.6513 -0.3661
vn -0.4292 0.8798 0.2043
vn -0.3246 -0.3714 0.8699
vn -0.3096 -0.4154 0.8553
vn -0.2692 -0.5200 0.8107
vn -0.2570 -0.5482 0.7959
vn 0.1227 0.9828 0.1382
vn 0.3798 0.9249 0.0158
vn 0.2469 0.9656 0.0811
vn 0.4891 0.8712 -0.0418
vn 0.1069 0.4983 -0.8604
vn 0.3445 0.8985 -0.2719
vn 0.3588 0.8913 -0.2771
vn 0.0368 0.9825 -0.1828
vn 0.0129 0.9954 -0.0948
vn 0.6971 0.0357 -0.7160
vn 0.6971 0.0357 -0.7161
vn -0.3460 -0.0361 0.9375
vn -0.4475 0.1689 0.8782
vn -0.3647 -0.3938 0.8437
vn -0.3544 0.0736 0.9322
vn -0.9881 -0.0867 -0.1271
vn -0.4589 -0.4783 -0.7488
vn -0.3855 -0.4434 -0.8092
vn -0.4605 -0.4970 -0.7355
vn -0.2854 -0.7527 -0.5933
vn 0.9081 -0.0975 0.4072
vn -0.6567 -0.7302 0.1883
vn -0.6568 -0.7302 0.1883
vn -0.7280 -0.3864 -0.5664
vn -0.5777 -0.8031 -0.1461
vn -0.6665 -0.7401 -0.0900
vn -0.5406 -0.7727 -0.3326
vn -0.0698 -0.9969 -0.0362
vn 0.1029 -0.9947 -0.0036
vn 0.0011 -1.0000 -0.0062
vn -0.6116 -0.7671 0.1936
vn -0.6220 -0.7038 0.3431
vn -0.4983 -0.1998 0.8437
vn -0.9526 0.2826 -0.1126
vn -0.8693 0.2635 -0.4183
vn -0.9411 0.2812 -0.1880
vn -0.7681 0.5318 -0.3567
vn -0.7512 0.5667 -0.3383
vn -0.9530 0.2805 -0.1148
vn 0.4884 -0.1657 0.8567
vn 0.6795 -0.5177 0.5199
vn 0.5308 -0.5505 0.6443
vn 0.7183 -0.5315 0.4491
vn -0.1638 -0.9314 0.3252
vn -0.0386 -0.9788 0.2013
vn 0.0685 -0.9935 0.0910
vn 0.1645 -0.9863 -0.0113
vn -0.6711 -0.6153 0.4136
vn -0.6711 -0.6152 0.4136
vn -0.4727 -0.2601 0.8420
vn -0.7106 -0.2119 0.6710
vn -0.5940 -0.2142 0.7754
vn -0.7248 -0.1722 0.6670
vn -0.3758 -0.3144 0.8718
vn -0.6642 -0.0610 0.7451
vn -0.6509 0.1876 -0.7356
vn -0.6449 -0.0429 -0.7630
vn -0.6408 -0.1508 -0.7528
vn -0.4043 -0.1316 -0.9051
vn -0.9595 0.2809 0.0189
vn -0.9022 0.3941 0.1753
vn -0.8590 0.4440 0.2547
vn -0.8109 0.4876 0.3237
vn -0.8165 0.4850 0.3132
vn -0.8534 0.1221 0.5067
vn -0.9655 -0.1779 0.1901
vn -0.9138 -0.0289 0.4052
vn 0.5894 0.5826 0.5596
vn 0.7786 0.5672 0.2683
vn 0.6802 0.6397 0.3580
vn 0.8812 0.4671 0.0729
vn 0.7724 0.6046 0.1947
vn -0.8533 0.1224 0.5068
vn -0.8388 0.1031 0.5346
vn -0.7829 0.2227 0.5810
vn -0.9137 -0.0287 0.4055
vn 0.1350 0.4616 0.8768
vn 0.2506 0.4092 0.8774
vn 0.3439 0.2462 0.9061
vn 0.2037 0.2204 0.9539
vn 0.0300 0.2911 0.9562
vn 0.0377 0.9146 0.4027
vn 0.0378 0.9146 0.4027
vn -0.2039 0.4758 0.8556
vn 0.3981 0.8266 -0.3977
vn 0.4019 0.8258 -0.3955
vn 0.4259 0.8205 -0.3813
vn 0.4319 0.8190 -0.3777
vn 0.4632 0.4488 0.7642
vn 0.7980 0.6024 -0.0158
vn 0.8862 0.4628 -0.0210
vn 0.9025 0.4302 -0.0220
vn 0.9623 0.2706 -0.0268
vt 0.446529 0.861283
vt 0.473477 0.903325
vt 0.435220 0.891963
vt 0.453268 0.931758
vt 0.424997 0.928009
vt 0.407087 0.920242
vt 0.389818 0.913714
vt 0.388709 0.861385
vt 0.383507 0.923401
vt 0.362629 0.888757
vt 0.364413 0.920198
vt 0.355335 0.878217
vt 0.883891 0.829708
vt 0.913071 0.815025
vt 0.896366 0.838911
vt 0.866724 0.871892
vt 0.875200 0.852665
vt 0.886834 0.858207
vt 0.850582 0.842519
vt 0.861173 0.822579
vt 0.864568 0.845053
vt 0.824787 0.805294
vt 0.834073 0.787678
vt 0.837702 0.810640
vt 0.848082 0.815719
vt 0.859509 0.795116
vt 0.879789 0.784082
vt 0.868495 0.802021
vt 0.880452 0.811088
vt 0.898356 0.864926
vt 0.880978 0.880139
vt 0.909151 0.843997
vt 0.901638 0.799209
vt 0.923066 0.781375
vt 0.915639 0.799319
vt 0.928012 0.831144
vt 0.918259 0.821446
vt 0.477129 0.862542
vt 0.498675 0.874028
vt 0.429271 0.828853
vt 0.446341 0.830374
vt 0.632847 0.282522
vt 0.630774 0.292119
vt 0.626320 0.288256
vt 0.663999 0.320729
vt 0.386585 0.846541
vt 0.369030 0.822448
vt 0.379735 0.811201
vt 0.357831 0.799351
vt 0.337939 0.799537
vt 0.375231 0.842748
vt 0.370946 0.858620
vt 0.354053 0.841778
vt 0.135089 0.348458
vt 0.145170 0.339499
vt 0.156717 0.361202
vt 0.505089 0.219026
vt 0.465830 0.215176
vt 0.539392 0.200359
vt 0.711691 0.418856
vt 0.733124 0.454672
vt 0.700005 0.454794
vt 0.683818 0.446526
vt 0.581252 0.359827
vt 0.599506 0.355940
vt 0.608239 0.359312
vt 0.571953 0.380942
vt 0.621043 0.378643
vt 0.602293 0.387598
vt 0.655755 0.385242
vt 0.650352 0.397671
vt 0.330485 0.520952
vt 0.438523 0.541540
vt 0.410948 0.558862
vt 0.384360 0.551733
vt 0.429768 0.555934
vt 0.399554 0.690484
vt 0.373976 0.688159
vt 0.391611 0.676679
vt 0.337243 0.538566
vt 0.350602 0.544009
vt 0.342178 0.561136
vt 0.319874 0.552419
vt 0.311994 0.680312
vt 0.294096 0.676955
vt 0.305026 0.660133
vt 0.301217 0.566417
vt 0.312178 0.539015
vt 0.609749 0.784697
vt 0.602910 0.761835
vt 0.620981 0.767232
vt 0.296187 0.544340
vt 0.454762 0.597107
vt 0.441937 0.592441
vt 0.461631 0.570385
vt 0.054638 0.902587
vt 0.038795 0.890830
vt 0.055022 0.893612
vt 0.316873 0.643429
vt 0.266756 0.671249
vt 0.254513 0.671725
vt 0.257043 0.642648
vt 0.238602 0.688518
vt 0.232676 0.661847
vt 0.245992 0.667713
vt 0.277878 0.559832
vt 0.503232 0.665007
vt 0.477801 0.671031
vt 0.484485 0.649386
vt 0.280272 0.652380
vt 0.271436 0.627574
vt 0.283081 0.584397
vt 0.591873 0.540494
vt 0.644232 0.566448
vt 0.618153 0.557172
vt 0.234330 0.635068
vt 0.058571 0.849241
vt 0.059651 0.862858
vt 0.064852 0.884491
vt 0.385030 0.644467
vt 0.405773 0.624681
vt 0.397494 0.648208
vt 0.470226 0.600935
vt 0.476440 0.627613
vt 0.465267 0.619883
vt 0.448612 0.664284
vt 0.455980 0.640109
vt 0.465135 0.666842
vt 0.640491 0.582632
vt 0.436405 0.660824
vt 0.431503 0.633689
vt 0.442453 0.638685
vt 0.324680 0.575041
vt 0.332663 0.601970
vt 0.318425 0.596566
vt 0.344070 0.607092
vt 0.349755 0.583972
vt 0.355987 0.612873
vt 0.488612 0.629259
vt 0.493587 0.609317
vt 0.501984 0.632545
vt 0.265560 0.600681
vt 0.234894 0.614872
vt 0.242246 0.591007
vt 0.249424 0.616767
vt 0.550320 0.618417
vt 0.563108 0.637639
vt 0.546477 0.639372
vt 0.656315 0.727343
vt 0.678692 0.729100
vt 0.661245 0.748868
vt 0.688924 0.750721
vt 0.682405 0.828320
vt 0.696086 0.812871
vt 0.704085 0.824382
vt 0.711073 0.725663
vt 0.721684 0.738884
vt 0.707465 0.743625
vt 0.720319 0.696962
vt 0.706599 0.715976
vt 0.709763 0.700533
vt 0.738410 0.705754
vt 0.759710 0.714262
vt 0.741216 0.726342
vt 0.761510 0.820089
vt 0.779025 0.821872
vt 0.756645 0.833684
vt 0.814825 0.824243
vt 0.829340 0.828669
vt 0.818734 0.849514
vt 0.839766 0.835479
vt 0.842474 0.860621
vt 0.912938 0.775861
vt 0.685287 0.280338
vt 0.714430 0.332649
vt 0.668287 0.308785
vt 0.457205 0.273405
vt 0.475773 0.285456
vt 0.453056 0.287593
vt 0.464643 0.303476
vt 0.433151 0.301953
vt 0.469736 0.324139
vt 0.503872 0.316764
vt 0.503731 0.302733
vt 0.703029 0.367759
vt 0.454671 0.262886
vt 0.435677 0.260378
vt 0.479444 0.243875
vt 0.683431 0.381909
vt 0.514172 0.238951
vt 0.504729 0.264258
vt 0.489595 0.251989
vt 0.464676 0.240556
vt 0.422557 0.305250
vt 0.429479 0.310579
vt 0.392108 0.318716
vt 0.412389 0.328462
vt 0.456918 0.350179
vt 0.549829 0.234742
vt 0.541153 0.254646
vt 0.588367 0.977327
vt 0.549552 0.973189
vt 0.559655 0.959311
vt 0.459680 0.365965
vt 0.653932 0.970242
vt 0.634554 0.968081
vt 0.641584 0.931180
vt 0.627614 0.941127
vt 0.577826 0.946884
vt 0.674164 0.971165
vt 0.672628 0.953746
vt 0.375948 0.318010
vt 0.428991 0.250621
vt 0.422566 0.225897
vt 0.399665 0.286356
vt 0.391943 0.263610
vt 0.414114 0.357452
vt 0.514433 0.349005
vt 0.454449 0.330599
vt 0.505062 0.364420
vt 0.388554 0.228729
vt 0.466049 0.392842
vt 0.376225 0.231861
vt 0.535365 0.934337
vt 0.564739 0.916193
vt 0.383720 0.334188
vt 0.389712 0.362523
vt 0.550814 0.218677
vt 0.444419 0.195249
vt 0.366013 0.273342
vt 0.104557 0.642151
vt 0.098938 0.623162
vt 0.111269 0.614502
vt 0.546384 0.176900
vt 0.498263 0.176505
vt 0.400501 0.198766
vt 0.553161 0.330231
vt 0.365935 0.247746
vt 0.555784 0.259276
vt 0.572427 0.245722
vt 0.429046 0.398863
vt 0.559334 0.210897
vt 0.573340 0.254044
vt 0.445039 0.177104
vt 0.533639 0.390841
vt 0.119872 0.627567
vt 0.139506 0.616351
vt 0.488516 0.158109
vt 0.313502 0.332728
vt 0.369044 0.382220
vt 0.580912 0.226703
vt 0.467649 0.420570
vt 0.408329 0.166242
vt 0.342844 0.362714
vt 0.360385 0.266133
vt 0.342876 0.265457
vt 0.774913 0.942334
vt 0.797346 0.951408
vt 0.794881 0.940722
vt 0.399989 0.409010
vt 0.131932 0.387373
vt 0.174926 0.373783
vt 0.141136 0.399879
vt 0.584789 0.241844
vt 0.122739 0.588564
vt 0.486462 0.136031
vt 0.334185 0.240775
vt 0.588089 0.233395
vt 0.309120 0.199686
vt 0.557325 0.364962
vt 0.538907 0.148301
vt 0.311759 0.192912
vt 0.447723 0.437594
vt 0.524239 0.443932
vt 0.173487 0.635205
vt 0.174560 0.582021
vt 0.320752 0.229325
vt 0.174490 0.435479
vt 0.084892 0.590087
vt 0.599131 0.193177
vt 0.593131 0.209283
vt 0.367741 0.160254
vt 0.307699 0.383223
vt 0.354544 0.409710
vt 0.527646 0.423092
vt 0.339679 0.179412
vt 0.319511 0.256046
vt 0.102716 0.555069
vt 0.427271 0.148847
vt 0.469018 0.111394
vt 0.758977 0.960752
vt 0.776008 0.971224
vt 0.761979 0.974335
vt 0.426606 0.456268
vt 0.407154 0.119405
vt 0.144985 0.558186
vt 0.370475 0.137717
vt 0.500034 0.458305
vt 0.364083 0.436562
vt 0.578872 0.159650
vt 0.253143 0.402411
vt 0.615400 0.224147
vt 0.490739 0.473771
vt 0.086808 0.407177
vt 0.107468 0.384918
vt 0.110915 0.425948
vt 0.082444 0.547124
vt 0.292009 0.361158
vt 0.630207 0.185943
vt 0.548838 0.120712
vt 0.299372 0.244125
vt 0.180784 0.476252
vt 0.147453 0.454982
vt 0.578134 0.404464
vt 0.841055 0.129861
vt 0.836630 0.132373
vt 0.827933 0.127620
vt 0.176345 0.540923
vt 0.635097 0.223353
vt 0.569278 0.143383
vt 0.094130 0.932828
vt 0.099713 0.914174
vt 0.103182 0.924147
vt 0.066568 0.549626
vt 0.316818 0.146116
vt 0.265971 0.346039
vt 0.179342 0.502987
vt 0.145439 0.525680
vt 0.525401 0.093518
vt 0.291866 0.228708
vt 0.289176 0.212855
vt 0.074271 0.439494
vt 0.140457 0.490206
vt 0.475484 0.483062
vt 0.402415 0.476225
vt 0.590126 0.434884
vt 0.359419 0.093890
vt 0.348340 0.115968
vt 0.632370 0.168648
vt 0.443439 0.086635
vt 0.547051 0.447819
vt 0.512458 0.463356
vt 0.098307 0.452583
vt 0.323778 0.444248
vt 0.621424 0.412268
vt 0.657581 0.228788
vt 0.488138 0.073699
vt 0.453999 0.498087
vt 0.104433 0.515534
vt 0.061122 0.520427
vt 0.663339 0.218485
vt 0.598780 0.128020
vt 0.598452 0.092282
vt 0.547344 0.081255
vt 0.330589 0.470992
vt 0.317757 0.104058
vt 0.272879 0.155577
vt 0.722660 0.067834
vt 0.709111 0.054023
vt 0.735119 0.044860
vt 0.381564 0.501718
vt 0.515016 0.498555
vt 0.510718 0.513373
vt 0.242718 0.143869
vt 0.484795 0.059972
vt 0.727157 0.071572
vt 0.745152 0.066762
vt 0.274005 0.318446
vt 0.264318 0.310869
vt 0.264975 0.307082
vt 0.080898 0.515534
vt 0.644069 0.131812
vt 0.369735 0.073852
vt 0.250160 0.121273
vt 0.637284 0.428045
vt 0.061080 0.466867
vt 0.073650 0.475902
vt 0.654238 0.232724
vt 0.565451 0.066056
vt 0.541815 0.496633
vt 0.569714 0.469191
vt 0.023142 0.471880
vt 0.029999 0.481680
vt 0.021415 0.492753
vt 0.059042 0.491066
vt 0.667232 0.196677
vt 0.406398 0.066038
vt 0.272089 0.440611
vt 0.373984 0.057486
vt 0.226260 0.363349
vt 0.603854 0.079893
vt 0.207538 0.154545
vt 0.757969 0.047006
vt 0.493893 0.529560
vt 0.214730 0.385337
vt 0.621646 0.466848
vt 0.076793 0.492723
vt 0.738255 0.021006
vt 0.096993 0.483419
vt 0.671835 0.236033
vt 0.509639 0.048794
vt 0.122307 0.948586
vt 0.134980 0.957842
vt 0.130715 0.971958
vt 0.634487 0.089043
vt 0.190645 0.974025
vt 0.204691 0.977702
vt 0.170721 0.981270
vt 0.225481 0.436497
vt 0.569413 0.521013
vt 0.045788 0.523479
vt 0.025440 0.514235
vt 0.227895 0.345747
vt 0.686378 0.138794
vt 0.441107 0.017906
vt 0.373925 0.036207
vt 0.716203 0.020027
vt 0.217534 0.410697
vt 0.295195 0.488141
vt 0.620804 0.068663
vt 0.283530 0.057517
vt 0.280631 0.065265
vt 0.765416 0.024828
vt 0.588016 0.509208
vt 0.702615 0.164959
vt 0.677457 0.402003
vt 0.694414 0.202614
vt 0.542276 0.022761
vt 0.668325 0.427486
vt 0.009163 0.831064
vt 0.027700 0.832464
vt 0.015977 0.849446
vt 0.029558 0.806517
vt 0.240881 0.452891
vt 0.667363 0.091560
vt 0.248344 0.197672
vt 0.230839 0.206741
vt 0.235114 0.191207
vt 0.549358 0.538667
vt 0.672140 0.465424
vt 0.613756 0.025821
vt 0.231979 0.072912
vt 0.210462 0.199626
vt 0.536420 0.561011
vt 0.617369 0.518289
vt 0.264044 0.048411
vt 0.244264 0.494741
vt 0.362281 0.545669
vt 0.373478 0.549814
vt 0.657569 0.072932
vt 0.209140 0.129259
vt 0.213661 0.185197
vt 0.352382 0.008577
vt 0.034357 0.854242
vt 0.448473 0.569779
vt 0.415806 0.696585
vt 0.007605 0.791057
vt 0.020048 0.772770
vt 0.641396 0.526353
vt 0.199602 0.192200
vt 0.048504 0.830084
vt 0.500143 0.568735
vt 0.497618 0.585079
vt 0.485679 0.583510
vt 0.715013 0.114395
vt 0.282062 0.005342
vt 0.062219 0.804324
vt 0.049071 0.797738
vt 0.709488 0.094889
vt 0.569142 0.576256
vt 0.881398 0.544495
vt 0.834756 0.572910
vt 0.851167 0.547433
vt 0.300618 0.529480
vt 0.281430 0.523196
vt 0.268292 0.521073
vt 0.435674 0.570275
vt 0.429405 0.587941
vt 0.417136 0.587513
vt 0.178595 0.149555
vt 0.707729 0.080402
vt 0.326913 0.668405
vt 0.343374 0.651036
vt 0.338213 0.677441
vt 0.209167 0.049556
vt 0.444853 0.685106
vt 0.458216 0.690481
vt 0.016978 0.753390
vt 0.055072 0.740848
vt 0.199047 0.399163
vt 0.059927 0.773844
vt 0.185119 0.424359
vt 0.665343 0.022161
vt 0.191236 0.416440
vt 0.629186 0.779878
vt 0.636019 0.790393
vt 0.680920 0.038953
vt 0.685777 0.067053
vt 0.378342 0.668643
vt 0.367161 0.660663
vt 0.199335 0.469801
vt 0.338213 0.580952
vt 0.522838 0.681554
vt 0.508168 0.676820
vt 0.410968 0.650164
vt 0.404885 0.675211
vt 0.247267 0.509716
vt 0.238206 0.524605
vt 0.229093 0.525899
vt 0.653765 0.548237
vt 0.291734 0.658625
vt 0.296947 0.635682
vt 0.916616 0.551644
vt 0.108730 0.806224
vt 0.539589 0.577789
vt 0.563803 0.596109
vt 0.551190 0.593875
vt 0.220829 0.673553
vt 0.219849 0.023746
vt 0.240472 0.000610
vt 0.070812 0.876376
vt 0.105052 0.782736
vt 0.339193 0.623545
vt 0.331580 0.643133
vt 0.020548 0.735291
vt 0.047898 0.717230
vt 0.603009 0.584078
vt 0.863828 0.597623
vt 0.025372 0.715779
vt 0.035299 0.705176
vt 0.374413 0.592273
vt 0.368481 0.613967
vt 0.831606 0.605117
vt 0.930768 0.557216
vt 0.939829 0.599341
vt 0.887018 0.583458
vt 0.361950 0.633780
vt 0.379495 0.618948
vt 0.374616 0.637358
vt 0.118806 0.829391
vt 0.087504 0.743439
vt 0.269660 0.583080
vt 0.260817 0.569925
vt 0.527528 0.617159
vt 0.518172 0.636719
vt 0.243436 0.640553
vt 0.253919 0.549940
vt 0.246707 0.570642
vt 0.235658 0.565619
vt 0.449285 0.618637
vt 0.953884 0.566533
vt 0.650353 0.765558
vt 0.666889 0.782575
vt 0.647619 0.778351
vt 0.424159 0.610257
vt 0.417479 0.630658
vt 0.603305 0.623069
vt 0.619084 0.610088
vt 0.325301 0.623771
vt 0.957456 0.593154
vt 0.007204 0.656572
vt 0.043354 0.667262
vt 0.702612 0.025242
vt 0.688865 0.638555
vt 0.690135 0.650291
vt 0.679960 0.625906
vt 0.701649 0.615658
vt 0.732933 0.634359
vt 0.715762 0.637163
vt 0.848380 0.622771
vt 0.067555 0.715547
vt 0.301843 0.613576
vt 0.289491 0.607781
vt 0.308688 0.592434
vt 0.532036 0.642582
vt 0.706041 0.015568
vt 0.891037 0.628027
vt 0.276238 0.608038
vt 0.797639 0.607032
vt 0.823720 0.661389
vt 0.120757 0.735741
vt 0.670679 0.752897
vt 0.673394 0.769040
vt 0.126043 0.871187
vt 0.630708 0.716473
vt 0.647944 0.716628
vt 0.224761 0.612224
vt 0.761554 0.621185
vt 0.150381 0.762515
vt 0.657647 0.797532
vt 0.674338 0.802465
vt 0.687333 0.802480
vt 0.108528 0.698853
vt 0.589077 0.635701
vt 0.578946 0.638525
vt 0.745894 0.663240
vt 0.738888 0.648145
vt 0.752941 0.648692
vt 0.916490 0.672802
vt 0.691578 0.738812
vt 0.109248 0.677588
vt 0.654282 0.678292
vt 0.667705 0.677775
vt 0.672834 0.692631
vt 0.173797 0.849931
vt 0.154645 0.727148
vt 0.685311 0.777078
vt 0.691652 0.763607
vt 0.706064 0.768670
vt 0.708462 0.677182
vt 0.693572 0.678075
vt 0.198850 0.781915
vt 0.772452 0.659884
vt 0.770406 0.674247
vt 0.762905 0.646677
vt 0.889629 0.670329
vt 0.194002 0.809746
vt 0.968464 0.681448
vt 0.134385 0.894044
vt 0.704750 0.841188
vt 0.722566 0.848551
vt 0.739409 0.852673
vt 0.733634 0.676745
vt 0.751782 0.673603
vt 0.759624 0.686152
vt 0.964561 0.691018
vt 0.946668 0.688325
vt 0.724589 0.837210
vt 0.719403 0.825361
vt 0.966340 0.650096
vt 0.697772 0.700558
vt 0.182814 0.753641
vt 0.869151 0.696688
vt 0.949192 0.724916
vt 0.815672 0.685223
vt 0.823598 0.701519
vt 0.805938 0.684191
vt 0.726035 0.816884
vt 0.738470 0.809765
vt 0.756018 0.812573
vt 0.206537 0.710949
vt 0.924160 0.755404
vt 0.200571 0.740693
vt 0.774056 0.711392
vt 0.784419 0.725244
vt 0.741843 0.748719
vt 0.754700 0.749902
vt 0.765171 0.761446
vt 0.817098 0.709791
vt 0.832977 0.723799
vt 0.799797 0.710871
vt 0.246503 0.816752
vt 0.253339 0.854110
vt 0.206649 0.884973
vt 0.225119 0.780962
vt 0.973720 0.728961
vt 0.775684 0.735609
vt 0.780838 0.752805
vt 0.759484 0.735434
vt 0.246661 0.765669
vt 0.226100 0.898555
vt 0.240344 0.878101
vt 0.247550 0.888973
vt 0.822782 0.875378
vt 0.832505 0.881189
vt 0.848149 0.885428
vt 0.263533 0.800798
vt 0.877306 0.737132
vt 0.884450 0.743006
vt 0.875826 0.762699
vt 0.785927 0.793336
vt 0.801742 0.795929
vt 0.810111 0.802163
vt 0.246834 0.733251
vt 0.793525 0.831701
vt 0.804081 0.818859
vt 0.278136 0.836729
vt 0.274613 0.879057
vt 0.264200 0.890411
vt 0.864703 0.756552
vt 0.854885 0.775093
vt 0.850054 0.751435
vt 0.277980 0.749749
vt 0.829584 0.760154
vt 0.843784 0.768329
vt 0.952458 0.770142
vt 0.303376 0.802638
vt 0.308558 0.871960
vt 0.916636 0.855352
vt 0.536091 0.994219
vt 0.532424 0.994171
vt 0.539989 0.998375
vt 0.682967 0.240941
vt 0.674155 0.248249
vt 0.695501 0.236505
vt 0.467774 0.956173
vt 0.585414 0.948915
vt 0.608852 0.951436
vt 0.601761 0.970402
vt 0.341703 0.902135
vt 0.350321 0.925356
vt 0.380424 0.954604
vt 0.358536 0.960612
vt 0.604131 0.922496
vt 0.318527 0.927797
vt 0.575295 0.917411
vt 0.568290 0.265506
vt 0.562083 0.265625
vt 0.066040 0.962185
vt 0.086436 0.974104
vt 0.064007 0.978787
vt 0.062476 0.577914
vt 0.287591 0.240985
vt 0.132375 0.948165
vt 0.240538 0.211100
vt 0.399887 0.554816
vt 0.333784 0.697905
vt 0.511217 0.594430
vt 0.476560 0.565964
vt 0.472675 0.581912
vt 0.224802 0.172189
vt 0.172310 0.154247
vt 0.189864 0.179108
vt 0.288566 0.536518
vt 0.274739 0.537511
vt 0.472613 0.695952
vt 0.487121 0.695070
vt 0.433354 0.693355
vt 0.521289 0.579994
vt 0.353456 0.678217
vt 0.536268 0.596798
vt 0.525454 0.713657
vt 0.529233 0.698465
vt 0.581411 0.684115
vt 0.279939 0.673354
vt 0.249158 0.530851
vt 0.419118 0.669715
vt 0.548882 0.680851
vt 0.543194 0.661407
vt 0.682166 0.607382
vt 0.657349 0.608662
vt 0.642901 0.629976
vt 0.628242 0.755440
vt 0.644096 0.753051
vt 0.295646 0.585776
vt 0.497059 0.655451
vt 0.399410 0.602708
vt 0.391957 0.626827
vt 0.564193 0.616877
vt 0.282671 0.628938
vt 0.700860 0.627242
vt 0.619305 0.720967
vt 0.634756 0.732992
vt 0.228795 0.589999
vt 0.219530 0.590226
vt 0.654820 0.705124
vt 0.676335 0.712007
vt 0.729964 0.663157
vt 0.712072 0.660044
vt 0.679601 0.666791
vt 0.693508 0.787979
vt 0.707754 0.788055
vt 0.690101 0.713145
vt 0.794267 0.673091
vt 0.787816 0.684758
vt 0.740298 0.834797
vt 0.752009 0.700015
vt 0.795960 0.723503
vt 0.807488 0.742685
vt 0.802635 0.878377
vt 0.811664 0.869598
vt 0.780158 0.808525
vt 0.766791 0.785661
vt 0.779155 0.784214
vt 0.855237 0.865585
vt 0.887383 0.764361
vt 0.937703 0.838915
vt 0.495781 0.903006
vt 0.430558 0.962217
vt 0.410942 0.973529
vt 0.089951 0.957190
vt 0.139326 0.198404
vt 0.141388 0.187860
vt 0.147867 0.188645
vt 0.787407 0.953027
vt 0.688540 0.948596
vt 0.704034 0.942394
vt 0.688526 0.964817
vt 0.269317 0.201298
vt 0.355576 0.564305
vt 0.405749 0.576912
vt 0.390970 0.574428
vt 0.208449 0.674152
vt 0.216079 0.648953
vt 0.313909 0.618069
vt 0.251475 0.593360
vt 0.743481 0.872875
vt 0.678090 0.844518
vt 0.787113 0.664231
vt 0.833300 0.689057
vt 0.811895 0.774330
vt 0.798701 0.771728
vt 0.896302 0.750882
vt 0.905218 0.769537
vt 0.350739 0.831159
vt 0.609848 0.929361
vt 0.710644 0.937077
vt 0.718070 0.943525
vt 0.436635 0.713090
vt 0.173608 0.172969
vt 0.167056 0.171727
vt 0.713206 0.073740
vt 0.619007 0.743155
vt 0.716429 0.605034
vt 0.560188 0.662444
vt 0.646413 0.665607
vt 0.635322 0.688911
vt 0.784056 0.702025
vt 0.817170 0.734413
vt 0.821499 0.782790
vt 0.891202 0.790995
vt 0.512788 0.912420
vt 0.478651 0.955360
vt 0.475050 0.965682
vt 0.508509 0.956784
vt 0.473414 0.984869
vt 0.461926 0.987724
vt 0.522667 0.914298
vt 0.521966 0.929948
vt 0.531583 0.917727
vt 0.511239 0.996413
vt 0.514019 0.992596
vt 0.518523 0.998796
vt 0.830816 0.854162
vt 0.804317 0.847899
vt 0.782738 0.769504
vt 0.797592 0.747720
vt 0.862016 0.732277
vt 0.840800 0.745521
vt 0.758330 0.796853
vt 0.777305 0.845397
vt 0.763755 0.845472
vt 0.888508 0.902431
vt 0.843032 0.901457
vt 0.885045 0.902726
vt 0.911569 0.887442
vt 0.881998 0.901352
vt 0.853890 0.708027
vt 0.846259 0.729935
vt 0.756807 0.773865
vt 0.797508 0.861033
vt 0.728452 0.801477
vt 0.720979 0.773135
vt 0.741386 0.775491
vt 0.736373 0.787547
vt 0.734811 0.762441
vt 0.758440 0.859361
vt 0.663010 0.645268
vt 0.667588 0.651293
vt 0.730826 0.688694
vt 0.571068 0.669493
vt 0.636779 0.662733
vt 0.232284 0.542195
vt 0.388195 0.598121
vt 0.617463 0.701550
vt 0.527691 0.661363
vt 0.031855 0.890561
vt 0.028735 0.884611
vt 0.647900 0.820216
vt 0.503042 0.696039
vt 0.368521 0.566844
vt 0.362033 0.587704
vt 0.008779 0.853070
vt 0.016544 0.872418
vt 0.016332 0.884340
vt 0.005704 0.873739
vt 0.783893 0.022813
vt 0.775307 0.019510
vt 0.175015 0.013901
vt 0.150663 0.014205
vt 0.186171 0.006873
vt 0.194306 0.018302
vt 0.182481 0.031984
vt 0.010958 0.894523
vt 0.018904 0.886628
vt 0.018342 0.892917
vt 0.199021 0.199816
vt 0.195632 0.201084
vt 0.189213 0.199571
vt 0.205574 0.025176
vt 0.205285 0.007921
vt 0.223096 0.009406
vt 0.223942 0.004913
vt 0.212138 0.002146
vt 0.201291 0.213397
vt 0.194853 0.203392
vt 0.197088 0.687021
vt 0.206526 0.639324
vt 0.199521 0.659935
vt 0.213055 0.622909
vt 0.698798 0.604977
vt 0.846321 0.037936
vt 0.850888 0.062538
vt 0.829622 0.046898
vt 0.255552 0.241213
vt 0.261935 0.242465
vt 0.255118 0.248561
vt 0.262030 0.283596
vt 0.252593 0.277797
vt 0.282719 0.276472
vt 0.299796 0.265518
vt 0.274980 0.257601
vt 0.292939 0.254068
vt 0.876452 0.518203
vt 0.873392 0.532224
vt 0.868616 0.528970
vt 0.251620 0.254467
vt 0.251193 0.260627
vt 0.872955 0.081884
vt 0.849105 0.094926
vt 0.870342 0.075118
vt 0.789975 0.042445
vt 0.769079 0.047426
vt 0.808618 0.029000
vt 0.803429 0.019585
vt 0.832702 0.080961
vt 0.818731 0.079508
vt 0.182380 0.950023
vt 0.192040 0.950811
vt 0.176276 0.965892
vt 0.817102 0.051931
vt 0.186021 0.995199
vt 0.163947 0.952679
vt 0.160319 0.983120
vt 0.148038 0.966377
vt 0.149812 0.991843
vt 0.137945 0.990910
vt 0.134153 0.985765
vt 0.827937 0.033013
vt 0.815935 0.041974
vt 0.808611 0.051119
vt 0.188798 0.043846
vt 0.172349 0.041528
vt 0.198060 0.043685
vt 0.157423 0.030299
vt 0.151256 0.040441
vt 0.143464 0.042460
vt 0.809508 0.971700
vt 0.815403 0.957675
vt 0.820960 0.969365
vt 0.885711 0.528777
vt 0.883639 0.532861
vt 0.880005 0.527982
vt 0.880393 0.537288
vt 0.175433 0.917645
vt 0.170928 0.928961
vt 0.171538 0.916394
vt 0.869599 0.531810
vt 0.276595 0.232302
vt 0.332722 0.292649
vt 0.325768 0.292841
vt 0.332505 0.278940
vt 0.938478 0.096952
vt 0.933963 0.098934
vt 0.928917 0.094579
vt 0.303167 0.289102
vt 0.329766 0.267178
vt 0.285924 0.282532
vt 0.117183 0.271937
vt 0.119027 0.263789
vt 0.145874 0.264046
vt 0.266840 0.315033
vt 0.867573 0.042636
vt 0.865482 0.049922
vt 0.887792 0.517485
vt 0.136416 0.923013
vt 0.157441 0.921504
vt 0.147530 0.934334
vt 0.136235 0.929126
vt 0.141663 0.936689
vt 0.265453 0.313011
vt 0.343573 0.294501
vt 0.338063 0.296131
vt 0.144015 0.250328
vt 0.126662 0.249537
vt 0.108786 0.247578
vt 0.324434 0.295287
vt 0.251108 0.284053
vt 0.162112 0.912770
vt 0.155673 0.911669
vt 0.176450 0.946664
vt 0.168358 0.941896
vt 0.200154 0.952074
vt 0.840374 0.136843
vt 0.828231 0.135382
vt 0.088045 0.928186
vt 0.102620 0.938182
vt 0.153892 0.320289
vt 0.140468 0.327266
vt 0.127790 0.322123
vt 0.116315 0.309801
vt 0.118704 0.326829
vt 0.133363 0.328563
vt 0.822367 0.133564
vt 0.840020 0.967966
vt 0.856079 0.943596
vt 0.831337 0.941304
vt 0.817000 0.941424
vt 0.817052 0.933577
vt 0.853266 0.969098
vt 0.806765 0.966391
vt 0.091254 0.918134
vt 0.098862 0.356362
vt 0.102774 0.341041
vt 0.109320 0.349267
vt 0.115696 0.921431
vt 0.111586 0.912396
vt 0.933315 0.087924
vt 0.919591 0.089261
vt 0.920151 0.070575
vt 0.902539 0.049462
vt 0.918409 0.058702
vt 0.913792 0.048836
vt 0.099901 0.370587
vt 0.705444 0.040770
vt 0.270430 0.228438
vt 0.940240 0.090019
vt 0.867743 0.955669
vt 0.292931 0.314410
vt 0.277547 0.306205
vt 0.282228 0.309148
vt 0.819422 0.025455
vt 0.821680 0.013045
vt 0.827428 0.020598
vt 0.275111 0.308839
vt 0.103308 0.969891
vt 0.122143 0.982214
vt 0.112334 0.988943
vt 0.044937 0.427688
vt 0.029050 0.432967
vt 0.026148 0.419357
vt 0.017833 0.430540
vt 0.008250 0.426508
vt 0.128966 0.931857
vt 0.115233 0.936801
vt 0.127817 0.927046
vt 0.038100 0.406953
vt 0.016831 0.413229
vt 0.111699 0.285340
vt 0.113652 0.300073
vt 0.091213 0.304842
vt 0.687084 0.962125
vt 0.745061 0.965730
vt 0.105030 0.042752
vt 0.096958 0.024301
vt 0.126202 0.032878
vt 0.739529 0.972372
vt 0.719496 0.957723
vt 0.708238 0.971980
vt 0.135716 0.302136
vt 0.162028 0.297263
vt 0.114011 0.022130
vt 0.136440 0.009402
vt 0.116484 0.002780
vt 0.098548 0.005269
vt 0.741890 0.939795
vt 0.087713 0.344691
vt 0.005071 0.419642
vt 0.882183 0.098673
vt 0.879733 0.085989
vt 0.897269 0.097357
vt 0.887048 0.066982
vt 0.888468 0.048652
vt 0.879060 0.095764
vt 0.844736 0.133130
vt 0.803068 0.100064
vt 0.795272 0.091036
vt 0.812311 0.089733
vt 0.185161 0.218911
vt 0.174856 0.210890
vt 0.184971 0.210641
vt 0.177416 0.220422
vt 0.815211 0.105995
vt 0.818368 0.098756
vt 0.085254 0.176847
vt 0.076804 0.190239
vt 0.062944 0.179039
vt 0.050930 0.401644
vt 0.030451 0.389147
vt 0.153651 0.211002
vt 0.133245 0.221672
vt 0.010979 0.395608
vt 0.017236 0.389926
vt 0.684395 0.978481
vt 0.125513 0.291884
vt 0.139214 0.279316
vt 0.158804 0.288459
vt 0.692894 0.931733
vt 0.081116 0.985895
vt 0.762825 0.938418
vt 0.114785 0.045924
vt 0.127962 0.044436
vt 0.271305 0.337858
vt 0.112748 0.947287
vt 0.044557 0.570718
vt 0.033892 0.552460
vt 0.169240 0.195450
vt 0.134868 0.042774
vt 0.096418 0.285034
vt 0.794185 0.076217
vt 0.785016 0.068252
vt 0.791671 0.067101
vt 0.804686 0.063916
vt 0.064427 0.384772
vt 0.080316 0.392315
vt 0.060650 0.443251
vt 0.105246 0.205974
vt 0.090485 0.206389
vt 0.097924 0.191486
vt 0.147000 0.363227
vt 0.155367 0.368970
vt 0.110746 0.184231
vt 0.092065 0.167379
vt 0.121399 0.190789
vt 0.125565 0.361344
vt 0.332854 0.942519
vt 0.309693 0.939226
vt 0.317460 0.967223
vt 0.318589 0.991471
vt 0.125563 0.346313
vt 0.379632 0.293623
vt 0.365781 0.285202
vt 0.131780 0.192852
vt 0.185216 0.356564
vt 0.168203 0.336835
vt 0.192795 0.339027
vt 0.205930 0.358681
vt 0.214102 0.341095
vt 0.163348 0.356638
vt 0.164764 0.362495
vt 0.306435 0.933682
vt 0.754236 0.103725
vt 0.752597 0.074113
vt 0.772051 0.100899
vt 0.741664 0.096620
vt 0.763464 0.068820
vt 0.774047 0.083739
vt 0.085109 0.996672
vt 0.067687 0.991450
vt 0.062658 0.985121
vt 0.579402 0.342872
vt 0.799402 0.101355
vt 0.106338 0.996164
vt 0.115130 0.957994
vt 0.068377 0.209393
vt 0.159482 0.189698
vt 0.522026 0.998812
vt 0.522213 0.934706
vt 0.523260 0.941157
vt 0.548785 0.992523
vt 0.553555 0.996133
vt 0.547794 0.996411
vt 0.521253 0.947703
vt 0.466903 0.267771
vt 0.486531 0.274582
vt 0.523006 0.299937
vt 0.406484 0.955025
vt 0.422073 0.980287
vt 0.565036 0.321719
vt 0.429545 0.297212
vt 0.596040 0.980290
vt 0.422864 0.284092
vt 0.410145 0.295501
vt 0.166722 0.270122
vt 0.158731 0.264463
vt 0.185106 0.253738
vt 0.163455 0.251096
s 1
usemtl avaturn_shoes_0_material
f 1/1/1 2/2/2 4/3/3
f 4/3/3 2/2/2 5/4/4
f 4/3/3 5/4/4 6/5/5
f 6/5/5 10/6/6 4/3/3
f 1/1/7 8/7/8 7/8/9
f 3/3/10 9/6/11 1/1/7
f 1/1/7 9/6/11 8/7/8
f 8/7/8 13/9/12 11/10/13
f 8/7/8 9/6/11 13/9/12
f 11/10/13 13/9/12 14/11/14
f 11/10/13 14/11/14 12/12/15
f 15/13/16 17/14/16 16/15/16
f 18/16/17 20/17/17 19/18/17
f 21/19/18 23/20/18 22/21/18
f 24/22/19 26/23/19 25/24/19
f 27/21/20 29/13/20 28/17/20
f 31/25/21 32/26/21 30/20/21
f 34/27/22 35/28/22 33/26/22
f 36/27/23 38/29/23 37/28/23
f 40/18/24 41/30/25 39/31/26
f 40/18/24 42/32/27 41/30/25
f 44/33/28 43/34/29 45/35/28
f 47/35/30 46/34/31 48/14/32
f 49/17/33 51/13/33 50/18/33
f 53/15/34 52/18/34 54/13/34
f 55/18/35 57/15/36 56/32/37
f 56/32/37 57/15/36 58/14/38
f 59/14/39 61/36/39 60/37/39
f 63/38/40 62/39/41 68/2/42
f 63/38/40 68/2/42 66/1/43
f 66/1/43 65/40/44 64/41/45
f 66/1/43 64/41/45 63/38/40
f 69/42/46 79/43/47 74/44/48
f 77/45/49 79/43/47 69/42/46
f 65/40/44 66/1/43 78/8/50
f 75/46/51 84/47/52 80/48/53
f 81/49/54 84/47/55 94/50/56
f 85/51/57 88/52/58 95/53/59
f 124/54/60 120/55/61 129/56/62
f 116/57/63 121/58/64 131/59/65
f 111/60/66 128/61/67 158/62/68
f 111/60/66 158/62/68 125/63/69
f 180/64/70 185/65/71 195/66/72
f 157/67/73 187/68/74 179/69/75
f 179/69/76 202/70/77 201/71/78
f 220/72/79 213/73/80 224/74/81
f 220/72/79 224/74/81 223/75/82
f 213/73/80 226/76/83 224/74/81
f 258/77/84 238/78/85 259/79/86
f 231/80/87 243/81/88 276/82/89
f 276/82/89 253/83/90 231/80/87
f 241/84/91 263/85/92 284/86/93
f 253/83/94 340/87/95 239/88/96
f 236/89/97 286/90/98 298/91/99
f 239/88/96 340/87/95 283/92/100
f 304/93/101 289/94/102 245/95/103
f 273/96/104 247/97/105 310/98/106
f 241/84/91 284/86/93 308/99/107
f 272/100/108 309/101/109 332/102/110
f 230/103/111 337/104/112 295/105/113
f 283/92/100 340/87/95 336/106/114
f 307/107/115 330/108/115 345/109/115
f 301/110/116 272/100/108 356/111/117
f 340/87/95 357/112/118 336/106/114
f 261/113/119 306/114/120 341/115/121
f 295/105/113 337/104/112 360/116/122
f 302/117/123 342/118/124 338/119/124
f 332/102/110 356/111/117 272/100/108
f 323/120/125 364/121/126 346/122/127
f 305/123/128 386/124/129 365/125/130
f 317/126/131 372/127/131 294/128/131
f 341/115/121 306/114/120 366/129/132
f 297/130/133 392/131/134 381/132/133
f 328/133/135 369/134/135 385/135/135
f 370/136/136 313/137/136 382/138/136
f 380/139/137 314/140/137 395/141/137
f 332/102/110 407/142/138 356/111/117
f 412/143/139 418/144/139 387/145/139
f 352/146/140 422/147/140 414/148/140
f 421/149/141 438/150/142 417/151/143
f 417/151/143 438/150/142 439/152/144
f 384/153/145 453/154/145 450/155/145
f 465/156/146 471/157/147 455/158/148
f 460/159/149 461/160/149 467/161/149
f 478/162/150 485/163/151 482/164/152
f 493/165/153 498/166/153 487/167/153
f 514/168/154 522/169/154 510/170/155
f 520/171/156 526/19/157 515/172/156
f 531/173/158 538/34/158 543/33/158
f 542/28/159 545/29/160 532/20/161
f 557/174/162 566/175/163 559/176/164
f 568/177/165 570/178/166 561/179/167
f 578/180/168 582/181/169 562/179/170
f 570/178/166 578/180/168 561/179/167
f 582/181/169 578/180/168 586/182/171
f 578/180/168 570/178/166 603/183/172
f 570/178/166 579/184/173 603/183/172
f 559/176/164 566/175/163 583/185/174
f 576/186/175 592/187/176 589/188/177
f 559/176/164 583/185/174 604/189/178
f 566/175/163 621/60/179 583/185/174
f 608/190/180 587/191/181 591/192/182
f 589/188/177 592/187/176 609/193/183
f 606/194/184 601/195/185 614/196/186
f 603/183/172 586/182/171 578/180/168
f 615/196/187 600/195/188 631/197/189
f 600/195/188 619/198/190 631/197/189
f 587/191/181 624/199/191 646/200/192
f 605/201/193 628/202/194 627/203/195
f 619/198/190 632/204/196 631/197/189
f 589/188/177 609/193/183 633/57/197
f 596/205/198 598/206/199 635/207/200
f 587/191/181 608/190/180 624/199/191
f 591/192/182 589/188/177 608/190/180
f 598/206/199 618/208/201 635/207/200
f 605/201/193 627/203/195 625/209/202
f 622/210/203 596/205/198 640/211/204
f 606/194/184 614/196/186 629/212/205
f 621/60/179 604/189/178 583/185/174
f 647/58/206 616/213/207 637/214/208
f 596/205/198 635/207/200 640/211/204
f 589/188/177 633/57/197 608/190/180
f 617/213/209 652/215/210 651/216/211
f 630/197/212 632/204/196 648/217/213
f 585/182/214 649/218/215 594/219/216
f 603/183/172 650/218/217 586/182/171
f 594/219/216 649/218/215 653/220/218
f 616/213/207 654/221/219 637/214/208
f 613/196/220 630/197/212 648/217/213
f 632/204/196 656/222/221 648/217/213
f 617/213/209 651/216/211 662/223/222
f 617/213/209 662/223/222 655/221/223
f 672/224/224 659/225/225 627/203/195
f 613/196/220 648/217/213 665/226/226
f 648/217/213 666/227/227 665/226/226
f 633/57/197 690/228/228 608/190/180
f 637/214/208 676/229/229 647/58/206
f 627/203/195 659/225/225 625/209/202
f 652/215/210 684/230/230 651/216/211
f 643/231/231 677/232/232 673/233/233
f 647/58/206 670/234/234 669/59/235
f 627/203/195 628/202/194 672/224/224
f 647/58/206 681/235/236 670/234/234
f 638/214/237 655/221/223 685/236/238
f 579/184/173 680/237/239 603/183/172
f 647/58/206 676/229/229 681/235/236
f 685/236/238 675/229/240 638/214/237
f 651/216/211 683/238/241 662/223/222
f 644/239/242 646/200/192 693/240/243
f 608/190/180 690/228/228 624/199/191
f 656/222/221 688/241/244 648/217/213
f 690/228/228 633/57/197 698/242/245
f 651/216/211 684/230/230 683/238/241
f 645/239/246 694/240/247 678/243/248
f 624/199/191 693/240/243 646/200/192
f 675/229/240 685/236/238 709/244/249
f 648/217/213 688/241/244 666/227/227
f 619/198/190 695/245/250 632/204/196
f 641/246/251 673/233/233 708/247/252
f 682/235/253 675/229/240 704/248/254
f 700/242/255 634/57/255 668/59/255
f 675/229/240 709/244/249 704/248/254
f 632/204/196 695/245/250 656/222/221
f 614/196/186 713/249/256 629/212/205
f 666/227/227 687/241/257 697/250/258
f 690/228/228 716/251/259 624/199/191
f 613/196/220 665/226/226 712/249/260
f 688/241/244 656/222/221 714/252/261
f 709/244/249 685/236/238 728/253/262
f 813/254/263 666/227/227 697/250/258
f 701/255/264 724/256/265 683/238/241
f 711/257/266 705/258/266 726/259/266
f 697/250/258 687/241/257 732/260/267
f 603/183/172 680/237/239 650/218/217
f 764/261/268 661/262/269 721/263/270
f 693/240/243 624/199/191 717/251/271
f 694/240/247 736/264/272 678/243/248
f 673/233/233 737/265/273 708/247/252
f 709/244/249 757/266/274 704/248/254
f 709/244/249 728/253/262 757/266/274
f 683/238/241 733/267/275 662/223/222
f 666/227/227 712/249/260 665/226/226
f 693/240/243 717/251/271 765/268/276
f 662/223/222 738/269/277 655/221/223
f 666/227/227 813/254/263 712/249/260
f 649/218/215 734/270/278 653/220/218
f 690/228/228 698/242/245 716/251/259
f 682/235/253 741/271/279 671/234/280
f 655/221/223 723/272/281 685/236/238
f 738/269/277 723/272/281 655/221/223
f 683/238/241 724/256/265 733/267/275
f 732/260/267 687/241/257 750/273/282
f 715/252/283 755/274/284 689/241/284
f 680/237/239 734/270/278 650/218/217
f 706/275/285 708/247/252 740/276/286
f 694/240/247 765/268/276 736/264/272
f 662/223/222 733/267/275 742/277/287
f 661/262/269 727/278/288 721/263/270
f 677/232/232 735/279/289 673/233/233
f 669/59/235 760/280/290 782/281/291
f 670/234/234 760/280/290 669/59/235
f 682/235/253 704/248/254 741/271/279
f 728/253/262 685/236/238 761/282/292
f 769/283/293 697/250/258 763/284/294
f 687/241/257 751/274/295 750/273/282
f 756/285/296 714/252/261 656/222/221
f 656/222/221 695/245/250 756/285/296
f 653/220/218 734/270/278 759/67/297
f 673/233/233 735/279/289 737/265/273
f 685/236/238 825/286/298 761/282/292
f 723/272/281 825/286/298 685/236/238
f 724/256/265 783/287/299 733/267/275
f 708/247/252 737/265/273 740/276/286
f 704/248/254 757/266/274 741/271/279
f 697/250/258 769/283/293 813/254/263
f 697/250/258 732/260/267 763/284/294
f 735/279/289 798/288/300 737/265/273
f 699/242/301 667/59/302 781/281/303
f 757/266/274 747/289/304 778/290/305
f 772/291/306 767/292/306 758/293/306
f 750/273/282 779/294/307 732/260/267
f 747/289/304 775/295/308 778/290/305
f 728/253/262 761/282/292 748/289/309
f 737/265/273 777/296/310 740/276/286
f 761/282/292 785/297/311 747/289/304
f 751/274/295 788/298/312 750/273/282
f 763/284/294 732/260/267 800/299/313
f 750/273/282 788/298/312 779/294/307
f 671/234/280 793/300/314 760/280/290
f 769/283/293 763/284/294 797/301/315
f 714/252/261 756/285/296 753/274/316
f 680/237/239 822/64/317 734/270/278
f 737/265/273 798/288/300 777/296/310
f 699/242/301 781/281/303 792/302/318
f 732/260/267 779/294/307 800/299/313
f 788/298/312 801/303/319 779/294/307
f 764/261/268 780/304/320 657/305/321
f 764/261/268 721/263/270 803/306/322
f 735/279/289 799/307/323 798/288/300
f 741/271/279 793/300/314 671/234/280
f 813/254/263 769/283/293 810/308/324
f 760/280/290 793/300/314 835/309/325
f 741/271/279 757/266/274 836/310/326
f 757/266/274 778/290/305 836/310/326
f 733/267/275 783/287/299 816/311/327
f 727/278/288 746/312/328 814/313/329
f 747/289/304 785/297/311 775/295/308
f 733/267/275 816/311/327 742/277/287
f 695/245/250 790/314/330 756/285/296
f 823/315/331 784/316/332 807/317/332
f 734/270/278 822/64/317 759/67/297
f 774/318/333 740/276/286 777/296/310
f 792/302/318 781/281/303 896/319/334
f 741/271/279 845/320/335 793/300/314
f 787/321/336 824/322/336 808/323/336
f 780/304/320 764/261/268 803/306/322
f 803/306/322 721/263/270 727/278/288
f 735/279/289 804/324/337 799/307/323
f 845/320/335 741/271/279 836/310/326
f 761/282/292 811/325/338 785/297/311
f 712/249/260 813/254/263 819/326/339
f 707/327/340 774/318/333 826/328/341
f 778/290/305 828/329/342 836/310/326
f 743/277/343 829/330/343 815/331/343
f 849/332/344 780/304/320 803/306/322
f 746/312/328 707/327/340 832/333/345
f 707/327/340 826/328/341 832/333/345
f 825/286/298 811/325/338 761/282/292
f 779/294/307 842/334/346 831/335/347
f 779/294/307 801/303/319 842/334/346
f 756/285/296 838/336/348 753/274/316
f 756/285/296 790/314/330 838/336/348
f 778/290/305 775/295/308 839/337/349
f 785/297/311 846/338/350 775/295/308
f 835/309/325 793/300/314 844/339/351
f 839/337/349 853/340/352 778/290/305
f 813/254/263 810/308/324 819/326/339
f 779/294/307 831/335/347 800/299/313
f 752/274/353 856/341/354 847/342/355
f 803/306/322 727/278/288 814/313/329
f 778/290/305 853/340/352 828/329/342
f 763/284/294 800/299/313 797/301/315
f 789/298/356 848/342/357 802/303/358
f 803/306/322 814/313/329 870/343/359
f 746/312/328 832/333/345 814/313/329
f 826/328/341 774/318/333 777/296/310
f 793/300/314 845/320/335 844/339/351
f 852/344/360 800/299/313 831/335/347
f 790/314/330 866/345/361 838/336/348
f 896/319/334 781/281/303 956/346/362
f 760/280/290 958/346/363 782/281/291
f 775/295/308 846/338/350 839/337/349
f 785/297/311 811/325/338 846/338/350
f 798/288/300 826/328/341 777/296/310
f 754/274/364 838/336/348 856/341/354
f 853/340/352 868/347/365 828/329/342
f 842/334/346 854/348/366 831/335/347
f 847/342/355 842/334/346 801/303/319
f 849/332/344 803/306/322 870/343/359
f 826/328/341 885/349/367 832/333/345
f 804/324/337 871/350/368 799/307/323
f 760/280/290 835/309/325 960/351/369
f 844/339/351 845/320/335 875/352/370
f 836/310/326 875/352/370 845/320/335
f 836/310/326 828/329/342 877/353/371
f 828/329/342 868/347/365 861/354/372
f 831/335/347 854/348/366 948/355/373
f 799/307/323 885/349/367 798/288/300
f 939/356/374 839/337/349 846/338/350
f 825/286/298 723/272/281 888/357/375
f 840/358/376 812/359/377 900/360/378
f 800/299/313 852/344/360 797/301/315
f 855/348/379 895/361/380 948/355/373
f 842/334/346 882/362/381 911/363/382
f 825/286/298 990/364/383 811/325/338
f 760/280/290 960/351/369 958/346/363
f 836/310/326 877/353/371 875/352/370
f 868/347/365 902/365/384 861/354/372
f 863/366/385 900/360/378 880/367/386
f 841/368/387 889/369/387 890/370/387
f 863/366/385 840/358/376 900/360/378
f 842/334/346 911/363/382 854/348/366
f 798/288/300 885/349/367 826/328/341
f 799/307/323 901/371/388 885/349/367
f 875/352/370 920/372/389 844/339/351
f 839/337/349 907/373/390 853/340/352
f 811/325/338 886/374/391 846/338/350
f 866/345/361 912/375/392 838/336/348
f 884/376/393 849/332/344 913/377/394
f 896/319/334 874/378/395 792/302/318
f 828/329/342 861/354/372 876/353/396
f 861/354/372 902/365/384 906/379/397
f 842/334/346 847/342/355 914/380/398
f 853/340/352 907/373/390 868/347/365
f 843/334/399 915/380/399 883/362/400
f 856/341/354 938/381/401 847/342/355
f 821/382/402 858/383/402 919/384/403
f 884/376/393 924/385/404 857/383/405
f 849/332/344 870/343/359 913/377/394
f 835/309/325 844/339/351 932/386/406
f 898/387/407 902/365/384 868/347/365
f 907/373/390 897/387/408 867/347/409
f 831/335/347 978/388/410 852/344/360
f 831/335/347 948/355/373 978/388/410
f 838/336/348 938/381/401 856/341/354
f 799/307/323 871/350/368 901/371/388
f 960/351/369 835/309/325 932/386/406
f 844/339/351 920/372/389 932/386/406
f 898/387/407 933/389/411 902/365/384
f 810/308/324 769/283/293 894/390/412
f 874/378/395 896/319/334 956/346/362
f 861/354/372 906/379/397 983/391/413
f 886/374/391 939/356/374 846/338/350
f 738/269/277 941/392/414 723/272/281
f 880/367/386 900/360/378 930/393/415
f 820/326/416 810/308/324 894/390/412
f 895/361/380 854/348/366 949/394/417
f 854/348/366 911/363/382 949/394/417
f 847/342/355 938/381/401 914/380/398
f 769/283/293 954/395/418 894/390/412
f 938/381/401 838/336/348 955/396/419
f 871/350/368 969/397/420 901/371/388
f 812/359/377 936/398/421 900/360/378
f 814/313/329 832/333/345 966/399/422
f 956/346/362 916/400/423 874/378/395
f 902/365/384 926/401/424 906/379/397
f 908/402/425 927/403/426 962/404/425
f 870/343/359 814/313/329 966/399/422
f 875/352/370 925/405/427 920/372/389
f 952/406/428 903/407/428 963/408/429
f 769/283/293 797/301/315 954/395/418
f 978/388/410 948/355/373 1029/409/430
f 895/361/380 949/394/417 964/73/431
f 838/336/348 912/375/392 955/396/419
f 875/352/370 877/353/371 925/405/427
f 877/353/371 861/354/372 983/391/413
f 940/392/432 888/357/375 723/272/281
f 882/362/381 968/410/433 911/363/382
f 913/377/394 869/343/434 969/397/420
f 834/411/435 923/385/436 872/350/435
f 833/411/437 873/412/438 924/385/404
f 839/337/349 939/356/374 907/373/390
f 811/325/338 990/364/383 886/374/391
f 894/390/412 945/413/439 820/326/416
f 884/376/393 913/377/394 924/385/404
f 870/343/359 966/399/422 970/397/440
f 871/350/368 924/385/404 969/397/420
f 957/346/441 960/351/442 918/400/443
f 932/386/406 920/372/389 986/414/444
f 902/365/384 972/415/445 926/401/424
f 934/389/446 971/416/447 902/365/384
f 936/398/421 812/359/377 947/417/448
f 797/301/315 852/344/360 977/418/449
f 885/349/367 901/371/388 966/399/422
f 969/397/420 966/399/422 901/371/388
f 852/344/360 978/388/410 977/418/449
f 895/361/380 988/419/450 948/355/373
f 857/383/405 924/385/404 873/412/438
f 983/391/413 906/379/397 984/420/451
f 907/373/390 981/421/452 897/387/408
f 939/356/374 982/422/453 907/373/390
f 900/360/378 973/423/454 930/393/415
f 938/381/401 955/396/419 979/424/455
f 902/365/384 971/416/447 972/415/445
f 898/387/407 980/421/456 933/389/411
f 936/398/421 974/423/457 900/360/378
f 938/381/401 979/424/455 914/380/398
f 832/333/345 885/349/367 966/399/422
f 969/397/420 924/385/404 913/377/394
f 888/357/375 940/392/432 990/364/383
f 866/345/361 904/71/458 912/375/392
f 986/414/444 1000/425/459 932/386/406
f 907/373/390 982/422/453 981/421/452
f 917/70/460 961/426/461 904/71/458
f 895/361/380 995/72/462 988/419/450
f 895/361/380 964/73/431 995/72/462
f 932/386/406 1006/427/463 960/351/369
f 906/379/397 926/401/424 997/428/464
f 912/375/392 904/71/458 1005/429/465
f 904/71/458 961/426/461 1005/429/465
f 935/430/421 998/431/466 1009/432/467
f 935/430/421 946/433/468 998/431/466
f 948/355/373 988/419/450 994/434/469
f 914/380/398 968/410/433 882/362/381
f 926/401/424 972/415/445 997/428/464
f 992/435/470 986/414/444 920/372/389
f 950/436/471 993/437/472 985/438/473
f 949/394/417 911/363/382 1004/439/474
f 912/375/392 1005/429/465 999/440/475
f 906/379/397 997/428/464 1051/441/476
f 939/356/374 886/374/391 1045/442/477
f 985/438/473 993/437/472 1007/443/478
f 912/375/392 999/440/475 955/396/419
f 920/372/389 925/405/427 992/435/470
f 983/391/413 925/405/427 877/353/371
f 932/386/406 1000/425/459 1006/427/463
f 948/355/373 994/434/469 1029/409/430
f 949/394/417 1012/444/479 964/73/431
f 949/394/417 1004/439/474 1012/444/479
f 979/424/455 955/396/419 1020/445/480
f 934/389/446 1035/446/481 971/416/447
f 988/419/450 1030/447/482 994/434/469
f 1011/448/483 1002/75/483 1032/449/483
f 968/410/433 1004/439/474 911/363/382
f 925/405/427 983/391/413 1023/450/484
f 980/421/456 1034/446/485 933/389/411
f 990/364/383 1055/451/486 886/374/391
f 985/438/473 1007/443/478 1019/452/487
f 995/72/462 1030/447/482 988/419/450
f 914/380/398 979/424/455 968/410/433
f 971/416/447 1015/453/488 972/415/445
f 998/431/466 1049/454/489 1009/432/467
f 939/356/374 1045/442/477 982/422/453
f 1008/76/490 1043/95/490 1042/455/490
f 984/420/451 906/379/397 1051/441/476
f 1026/456/491 1033/78/492 1062/77/491
f 893/457/493 953/458/494 944/433/495
f 955/396/419 1021/459/496 1020/445/480
f 1019/452/487 1007/443/478 1048/460/497
f 968/410/433 1065/113/498 1004/439/474
f 955/396/419 999/440/475 1021/459/496
f 925/405/427 1023/450/484 992/435/470
f 998/431/466 946/433/468 1069/461/499
f 990/364/383 940/392/432 1055/451/486
f 998/431/466 1069/461/499 1049/454/489
f 1037/462/500 1074/463/500 1059/464/500
f 1022/465/501 1000/425/459 986/414/444
f 1035/446/481 1090/466/502 971/416/447
f 946/433/468 1101/467/503 1069/461/499
f 944/433/495 953/458/494 1039/468/504
f 992/435/470 1087/469/505 986/414/444
f 978/388/410 1029/409/430 977/418/449
f 1004/439/474 1144/470/506 1012/444/479
f 1056/471/507 1046/472/508 887/473/391
f 944/433/495 1039/468/504 1100/467/509
f 1040/474/510 1094/475/510 1103/476/510
f 1058/477/511 1108/478/511 1073/479/511
f 1020/445/480 968/410/433 979/424/455
f 1022/465/501 986/414/444 1086/469/512
f 1098/480/513 1055/451/486 940/392/432
f 1023/450/484 1130/481/514 992/435/470
f 1078/482/515 1156/483/515 1067/484/515
f 982/422/453 1118/485/516 981/421/452
f 968/410/433 1020/445/480 1065/113/498
f 1053/486/517 1110/128/518 1052/487/517
f 971/416/447 1090/466/502 1015/453/488
f 1049/454/489 1069/461/499 1123/117/519
f 796/488/520 1226/489/521 953/458/494
f 797/301/315 977/418/449 1227/490/521
f 1039/468/504 953/458/494 1149/491/522
f 1029/409/430 994/434/469 1183/492/523
f 992/435/470 1130/481/514 1087/469/505
f 1069/461/499 1101/467/503 1123/117/519
f 1101/467/503 1039/468/504 1149/491/522
f 1004/439/474 1065/113/498 1144/470/506
f 1024/450/524 984/420/451 1146/493/525
f 1049/454/489 1123/117/519 1170/119/526
f 977/418/449 1029/409/430 1207/494/527
f 984/420/451 1051/441/476 1146/493/525
f 1045/442/477 1114/485/528 982/422/453
f 1135/98/529 1047/97/530 1049/454/489
f 1080/96/531 1136/98/531 1171/119/531
f 1135/98/529 1049/454/489 1170/119/526
f 1119/91/532 1172/495/532 1140/496/532
f 1020/445/480 1129/114/533 1065/113/498
f 1024/450/524 1179/497/534 1168/498/535
f 1089/499/536 1077/500/536 1154/120/536
f 953/458/494 1226/489/521 1149/491/522
f 994/434/469 1030/447/482 1138/501/537
f 1083/82/538 1151/502/538 1159/133/538
f 1106/503/539 1109/504/539 1132/107/539
f 1063/79/540 1162/505/541 1088/506/541
f 1102/507/542 1165/508/542 1184/509/542
f 1020/445/480 1021/459/496 1129/114/533
f 1021/459/496 1085/510/543 1129/114/533
f 1024/450/524 1146/493/525 1179/497/534
f 1121/511/544 1122/110/544 1148/512/545
f 1056/471/507 1099/513/546 1046/472/508
f 1123/117/519 1101/467/503 1187/514/547
f 994/434/469 1138/501/537 1183/492/523
f 1112/515/548 1197/516/548 1178/517/548
f 1113/130/549 1222/127/550 1147/126/550
f 1169/104/551 1164/518/551 1199/116/551
f 1215/519/552 1286/520/553 1090/466/502
f 1124/117/554 1205/521/555 1176/118/555
f 1101/467/503 1149/491/522 1245/522/556
f 1133/99/557 1194/523/558 1157/524/557
f 1035/446/481 1215/519/552 1090/466/502
f 1035/446/481 1116/485/559 1215/519/552
f 976/525/560 1206/526/527 1226/489/521
f 1065/113/498 1174/115/561 1220/527/562
f 1099/513/546 1202/528/563 1046/472/508
f 1206/526/527 1028/529/564 1182/530/565
f 1218/134/566 1141/137/566 1219/136/566
f 1237/138/567 1120/531/567 1232/532/567
f 1142/140/568 1235/139/568 1241/124/568
f 1065/113/498 1220/527/562 1144/470/506
f 1046/472/508 1202/528/563 1115/533/569
f 1091/534/570 1253/535/571 1225/536/572
f 1155/537/573 1233/538/573 1213/539/573
f 1244/540/574 1123/117/519 1187/514/547
f 1149/491/522 1271/541/575 1245/522/556
f 1226/489/521 1271/541/575 1149/491/522
f 1101/467/503 1245/522/556 1187/514/547
f 1167/106/576 1264/542/577 1208/543/577
f 1255/141/578 1189/544/578 1268/545/578
f 1224/546/579 1200/116/579 1242/145/580
f 1166/547/581 1263/548/582 1247/549/582
f 1234/550/583 1236/132/583 1249/131/583
f 1091/534/570 1204/551/584 1253/535/571
f 1246/552/585 1276/553/585 1228/554/585
f 1209/121/586 1177/555/586 1256/556/586
f 1220/527/562 1265/557/587 1144/470/506
f 1211/129/588 1259/558/589 1174/115/561
f 1217/134/590 1193/523/590 1214/559/590
f 1253/535/571 1204/551/584 1322/560/591
f 1182/530/565 1137/561/537 1288/562/592
f 1179/497/534 1146/493/525 1260/563/593
f 1269/564/594 1281/565/594 1201/566/594
f 1186/567/595 1293/568/596 1270/569/597
f 1202/528/563 1294/570/598 1115/533/569
f 1226/489/521 1206/526/527 1300/571/599
f 1206/526/527 1182/530/565 1300/571/599
f 1220/527/562 1174/115/561 1259/558/589
f 1272/572/600 1250/573/601 1231/574/601
f 1190/146/602 1280/148/602 1254/575/602
f 1146/493/525 1266/576/603 1260/563/593
f 1225/536/572 1299/577/604 1202/528/563
f 1226/489/521 1300/571/599 1271/541/575
f 1275/578/605 1273/142/605 1196/112/605
f 1216/579/606 1117/533/559 1282/580/607
f 1123/117/519 1244/540/574 1203/521/584
f 1300/571/599 1323/581/608 1271/541/575
f 1182/530/565 1288/562/592 1300/571/599
f 1283/151/609 1309/582/609 1301/583/609
f 1117/533/559 1294/570/598 1282/580/607
f 1203/521/584 1244/540/574 1321/584/591
f 1277/585/610 1305/586/610 1290/149/611
f 1278/143/612 1261/587/612 1284/144/612
f 1216/579/606 1282/580/607 1287/588/613
f 1271/541/575 1317/589/614 1245/522/556
f 1262/590/615 1304/591/615 1296/592/615
f 1220/527/562 1259/558/589 1265/557/587
f 1202/528/563 1299/577/604 1294/570/598
f 1288/562/592 1315/593/616 1300/571/599
f 1285/594/617 1302/595/617 1291/147/617
f 1271/541/575 1323/581/608 1317/589/614
f 1326/596/618 1310/597/618 1314/598/618
f 1294/570/598 1299/577/604 1362/599/619
f 1311/150/620 1327/600/620 1312/152/620
f 1288/562/592 1341/601/621 1315/593/616
f 1303/602/622 1319/603/622 1329/604/622
f 1321/584/591 1244/540/574 1330/605/623
f 1300/571/599 1375/606/624 1323/581/608
f 1318/607/625 1332/608/626 1338/609/627
f 1333/610/628 1346/159/628 1325/611/628
f 1187/514/547 1245/522/556 1395/612/629
f 1336/613/630 1349/614/630 1251/615/630
f 1294/570/598 1352/616/631 1282/580/607
f 1187/514/547 1340/617/632 1244/540/574
f 1253/535/571 1359/618/633 1225/536/572
f 1321/584/591 1330/605/623 1252/619/571
f 1300/571/599 1315/593/616 1375/606/624
f 1187/514/547 1395/612/629 1340/617/632
f 1294/570/598 1362/599/619 1352/616/631
f 1337/620/634 1357/621/634 1365/622/634
f 1328/623/635 1347/624/635 1369/625/635
f 1225/536/572 1359/618/633 1299/577/604
f 1364/626/636 1372/627/637 1299/577/604
f 1299/577/604 1359/618/633 1364/626/636
f 1395/612/629 1245/522/556 1317/589/614
f 1353/628/638 1334/155/639 1367/629/638
f 1372/627/637 1362/599/619 1299/577/604
f 1331/630/623 1359/618/633 1253/535/571
f 1360/161/640 1348/160/640 1345/631/640
f 1317/589/614 1323/581/608 1378/632/641
f 1352/616/631 1374/633/642 1282/580/607
f 1244/540/574 1340/617/632 1330/605/623
f 1315/593/616 1341/601/621 1375/606/624
f 1362/599/619 1381/634/643 1352/616/631
f 1377/635/644 1392/636/644 1361/637/644
f 1354/638/645 1390/639/646 1394/640/646
f 1341/601/621 1400/641/647 1375/606/624
f 1323/581/608 1375/606/624 1378/632/641
f 1352/616/631 1381/634/643 1406/642/648
f 1375/606/624 1419/643/649 1378/632/641
f 1317/589/614 1378/632/641 1395/612/629
f 1393/163/650 1396/644/651 1403/645/651
f 1352/616/631 1406/642/648 1374/633/642
f 1386/646/652 1410/647/653 1414/648/653
f 1398/649/654 1416/650/654 1391/651/654
f 1395/612/629 1434/652/655 1340/617/632
f 1375/606/624 1400/641/647 1419/643/649
f 1330/605/623 1422/653/656 1358/654/657
f 1330/605/623 1340/617/632 1422/653/656
f 1395/612/629 1378/632/641 1424/655/658
f 1427/656/659 1381/634/643 1362/599/619
f 1372/627/637 1427/656/659 1362/599/619
f 1395/612/629 1424/655/658 1434/652/655
f 1418/657/660 1437/658/660 1420/659/660
f 1422/653/656 1340/617/632 1434/652/655
f 1378/632/641 1419/643/649 1424/655/658
f 1419/643/649 1448/660/661 1424/655/658
f 1371/661/662 1363/662/663 1426/663/664
f 1358/654/657 1422/653/656 1363/662/636
f 1429/664/665 1449/665/665 1443/666/665
f 1433/652/666 1424/655/658 1450/667/667
f 1444/668/668 1454/669/669 1464/670/668
f 1432/671/670 1462/672/670 1456/673/670
f 1435/652/671 1452/667/672 1423/653/673
f 1419/643/649 1455/674/674 1448/660/661
f 1430/675/675 1461/676/676 1458/168/675
f 1419/643/649 1400/641/647 1455/674/674
f 1452/667/672 1467/677/677 1423/653/673
f 1424/655/658 1448/660/661 1450/667/667
f 1363/662/663 1423/653/673 1426/663/664
f 1426/663/664 1492/678/678 1380/679/643
f 1465/680/679 1473/681/679 1453/682/679
f 1426/663/664 1423/653/673 1492/678/678
f 1448/660/661 1455/674/674 1481/683/680
f 1463/684/681 1470/685/681 1480/23/681
f 1423/653/673 1467/677/677 1492/678/678
f 1451/667/682 1481/683/680 1466/677/683
f 1459/172/684 1477/19/684 1483/21/684
f 1448/660/661 1481/683/680 1451/667/682
f 1381/634/643 1493/686/685 1406/642/648
f 1469/171/686 1490/25/687 1485/20/686
f 1481/683/680 1494/687/688 1466/677/683
f 1468/677/689 1495/687/690 1492/678/691
f 1492/678/691 1495/687/690 1405/688/692
f 1489/31/693 1502/30/693 1505/689/693
f 1499/33/694 1504/35/694 1506/14/695
f 1508/36/696 1509/32/696 1510/37/696
f 905/690/697 1512/691/697 1511/692/697
f 1515/693/698 1518/694/698 1514/695/698
f 1521/2/699 1525/696/700 1524/4/701
f 1532/47/702 1526/46/702 1533/51/702
f 1529/8/703 1537/10/704 1535/52/705
f 1556/697/706 1554/698/707 1539/699/708
f 1555/11/709 1562/700/710 1545/12/711
f 1562/700/710 1555/11/709 1567/701/712
f 1555/11/709 1561/702/713 1568/703/714
f 1555/11/709 1568/703/714 1567/701/712
f 1556/697/706 1571/704/715 1554/698/707
f 1562/700/710 1567/701/712 1579/705/716
f 1556/697/706 1580/706/717 1571/704/715
f 1570/239/718 1584/707/719 1569/708/718
f 1574/220/720 1592/245/720 1559/198/720
f 1586/238/721 1587/230/721 1595/255/721
f 1585/709/722 1601/710/722 1593/711/722
f 1607/253/723 1615/289/724 1617/266/724
f 1594/242/725 1634/302/726 1604/251/727
f 1620/712/728 1637/324/729 1611/279/730
f 1649/64/731 1659/68/732 1619/67/733
f 1614/277/734 1644/311/735 1656/713/736
f 1614/277/734 1656/713/736 1653/330/737
f 1649/64/731 1669/66/738 1659/68/732
f 1651/286/739 1670/357/739 1701/364/739
f 1648/69/740 1675/71/741 1633/314/742
f 1643/714/743 1680/403/743 1676/402/743
f 1690/715/744 1703/437/745 1687/436/746
f 1691/73/747 1713/444/748 1710/76/749
f 1708/74/750 1717/716/750 1707/75/750
f 1696/391/751 1697/420/752 1720/450/753
f 1712/448/754 1731/81/754 1716/80/754
f 1715/103/755 1729/84/756 1693/717/757
f 1729/84/756 1761/482/758 1693/717/757
f 1728/462/759 1758/718/759 1757/463/759
f 1733/95/760 1718/719/760 1767/720/760
f 1688/721/761 1771/722/762 1684/392/763
f 1771/722/762 1777/480/764 1684/392/763
f 1719/452/765 1735/460/766 1763/723/767
f 1730/474/768 1780/724/769 1753/725/768
f 1714/726/770 1801/107/770 1746/727/771
f 1740/486/772 1741/728/773 1789/130/774
f 1743/477/775 1781/94/775 1784/478/775
f 1713/444/776 1788/515/777 1799/729/778
f 1751/484/779 1820/483/779 1734/730/779
f 1729/84/756 1802/99/780 1761/482/758
f 1788/515/777 1809/731/781 1799/729/778
f 1738/732/782 1759/733/783 1811/734/784
f 1695/421/785 1790/485/785 1726/446/785
f 1775/86/786 1793/511/786 1813/512/786
f 1776/735/787 1762/100/787 1794/110/787
f 1778/507/788 1814/736/788 1829/508/788
f 1713/444/776 1810/470/789 1788/515/777
f 1765/737/790 1768/506/791 1826/505/790
f 1759/733/783 1824/738/792 1811/734/784
f 1824/738/792 1759/733/783 1782/503/793
f 1824/738/792 1782/503/793 1850/739/794
f 1822/740/795 1846/567/796 1858/566/797
f 1863/125/798 1880/550/798 1798/123/798
f 1832/741/799 1841/742/800 1900/558/801
f 1791/91/802 1847/743/802 1875/744/802
f 1823/133/803 1885/135/804 1877/574/803
f 1836/87/805 1891/745/806 1854/112/805
f 1827/102/807 1872/546/807 1887/145/807
f 1832/741/799 1900/558/801 1864/129/808
f 1839/555/809 1892/131/809 1897/556/809
f 1842/109/810 1896/141/810 1845/746/811
f 1830/547/812 1861/543/812 1903/548/812
f 1817/747/813 1899/748/813 1879/538/813
f 1849/146/814 1855/516/814 1912/749/814
f 1853/111/815 1893/573/816 1871/750/816
f 1888/751/817 1919/565/818 1908/564/818
f 1876/752/819 1915/585/820 1898/753/821
f 1898/753/821 1915/585/820 1926/149/822
f 1914/553/823 1921/151/824 1934/583/825
f 1923/594/826 1905/557/827 1811/734/828
f 1909/569/829 1929/568/830 1943/597/831
f 1890/549/832 1939/754/832 1930/755/832
f 1914/553/823 1934/583/825 1949/607/833
f 1926/149/834 1946/756/835 1952/757/836
f 1948/758/837 1956/623/837 1941/759/837
f 1949/607/833 1934/583/825 1958/608/838
f 1957/604/839 1940/760/840 1953/611/841
f 1947/598/842 1894/615/842 1954/596/842
f 1945/152/843 1955/600/843 1964/158/843
f 1946/756/835 1957/604/839 1952/757/836
f 1931/592/844 1961/761/844 1966/762/844
f 1967/763/845 1971/160/845 1944/150/846
f 1957/604/839 1953/611/841 1968/631/847
f 1968/631/847 1952/757/836 1957/604/839
f 1974/764/848 1980/637/848 1978/765/848
f 1975/628/849 1976/638/850 1993/766/851
f 1988/767/852 2002/163/853 1992/162/853
f 1995/646/854 1983/157/855 1996/164/856
f 2014/768/857 2037/769/858 2010/645/858
f 2007/770/859 2028/771/859 2029/664/859
f 2025/659/860 2034/658/861 2020/648/862
f 2003/640/863 2031/772/863 2018/166/863
f 2023/773/864 2036/774/864 2032/671/865
f 2040/666/866 2051/172/866 2065/775/867
f 2060/776/868 2076/27/868 2056/670/868
f 2069/23/869 2059/685/869 2062/681/869
f 2067/22/870 2074/24/870 2050/168/870
f 2073/20/871 2075/26/872 2083/28/872
f 2093/36/873 2080/777/874 2090/689/875
f 2095/37/876 2094/32/876 2091/14/876
f 2100/2/877 2097/39/878 2099/778/879
f 2099/778/879 2104/696/880 2100/2/877
f 2103/4/881 2118/779/882 2108/5/883
f 2107/46/884 2119/52/885 2115/51/886
f 2107/46/884 2109/8/887 2119/52/885
f 2109/8/888 2116/7/889 2120/10/890
f 2127/187/891 2138/213/892 2135/193/893
f 2136/11/894 2130/780/894 2141/702/895
f 2127/187/891 2151/215/896 2138/213/892
f 2163/709/897 2180/781/897 2176/710/897
f 2173/782/898 2166/783/899 2182/784/900
f 2174/258/901 2188/785/901 2181/259/901
f 2157/223/902 2187/277/903 2186/269/904
f 2152/220/905 2193/67/906 2168/245/907
f 2190/786/908 2197/787/908 2194/788/908
f 2186/269/904 2187/277/903 2215/331/909
f 2193/67/906 2209/314/910 2168/245/907
f 2193/67/906 2218/69/911 2209/314/910
f 2186/269/904 2215/331/909 2239/789/912
f 2186/269/904 2239/789/912 2250/721/913
f 2249/436/914 2250/721/913 2239/789/912
f 2239/789/912 2252/715/915 2249/436/914
f 2250/721/913 2249/436/914 2257/438/916
f 2257/438/916 2275/452/917 2250/721/913
f 2272/80/918 2280/88/919 2262/72/920
f 2272/80/918 2290/83/921 2280/88/919
f 2275/452/917 2304/723/922 2250/721/913
f 2270/448/923 2305/790/923 2307/82/923
f 2274/719/924 2292/464/924 2308/720/924
f 2285/730/925 2301/500/926 2279/78/927
f 2266/74/928 2322/791/929 2299/792/928
f 2314/475/930 2297/725/931 2319/476/932
f 2289/728/933 2306/737/934 2325/130/935
f 2285/730/925 2344/537/936 2301/500/926
f 2297/725/931 2352/547/937 2319/476/932
f 2285/730/925 2345/483/938 2344/537/936
f 2319/476/932 2352/547/937 2339/736/939
f 2338/512/940 2332/99/941 2316/86/942
f 2306/737/934 2396/131/943 2325/130/935
f 2347/793/944 2390/794/945 2350/518/946
f 2312/534/947 2381/536/948 2317/513/949
f 2368/566/950 2362/567/951 2393/751/952
f 2306/737/934 2349/505/953 2396/131/943
f 2369/528/954 2317/513/949 2381/536/948
f 2343/120/955 2374/539/956 2386/538/956
f 2393/751/952 2404/564/957 2368/566/950
f 2393/751/952 2362/567/951 2405/569/958
f 2366/795/959 2406/572/959 2384/574/959
f 2387/550/960 2378/127/960 2388/132/961
f 2397/573/962 2408/578/962 2365/112/962
f 2371/543/963 2418/796/963 2413/144/963
f 2417/568/964 2398/615/965 2422/597/966
f 2435/797/967 2415/798/968 2434/620/969
f 2424/758/970 2428/596/970 2429/623/970
f 2426/799/971 2442/764/972 2444/765/972
f 2412/580/973 2449/800/974 2446/637/975
f 2443/628/976 2455/766/977 2447/622/978
f 2494/801/979 2479/671/979 2502/802/979
f 2492/669/980 2474/803/980 2501/670/980
f 2493/673/981 2513/22/981 2495/168/982
f 2506/776/983 2509/804/983 2522/27/983
f 2504/171/984 2520/24/985 2524/25/986
f 2520/24/985 2521/26/987 2524/25/986
f 2526/777/988 2539/36/989 2537/14/990
f 2544/695/991 2548/694/992 2550/174/992
f 2546/40/993 2559/8/994 2556/46/995
f 2560/48/996 2562/47/997 2561/49/998
f 2575/805/999 2563/51/1000 2573/53/1001
f 2567/52/1002 2569/10/1003 2576/12/1004
f 2584/193/1005 2588/213/1006 2601/58/1007
f 2584/193/1005 2601/58/1007 2596/57/1008
f 2585/698/1009 2600/704/1010 2592/806/1011
f 2582/189/1012 2591/60/1013 2605/63/1014
f 2647/807/1015 2658/808/1016 2644/787/1015
f 2640/274/1017 2675/342/1018 2655/298/1019
f 2677/383/1020 2683/412/1021 2692/384/1022
f 2720/76/1023 2723/444/1024 2728/719/1025
f 2708/717/1026 2730/456/1027 2715/809/1028
f 2728/719/1025 2723/444/1024 2735/462/1029
f 2708/717/1026 2733/78/1030 2730/456/1027
f 2708/717/1026 2741/730/1031 2733/78/1030
f 2724/726/1032 2748/728/1033 2747/486/1034
f 2723/444/1024 2804/729/1035 2735/462/1029
f 2735/462/1029 2804/729/1035 2765/718/1036
f 2759/85/1037 2783/735/1037 2799/110/1037
f 2729/450/1038 2834/498/1039 2805/481/1040
f 2718/74/1041 2763/479/1041 2789/791/1041
f 2702/721/1042 2770/723/1043 2778/722/1044
f 2755/79/1045 2776/499/1046 2820/120/1046
f 2773/82/1047 2810/137/1048 2817/502/1047
f 2765/718/1036 2804/729/1035 2812/731/1049
f 2792/128/1050 2843/109/1051 2827/108/1051
f 2807/101/1052 2793/105/1052 2829/102/1052
f 2770/723/1043 2836/810/1053 2778/722/1044
f 2765/718/1036 2812/731/1049 2849/544/1054
f 2836/810/1053 2859/811/1055 2778/722/1044
f 2834/498/1039 2863/812/1056 2805/481/1040
f 2848/743/1057 2796/91/1057 2845/813/1057
f 2838/87/1058 2871/574/1058 2881/745/1058
f 2841/555/1059 2787/94/1060 2882/131/1061
f 2777/814/1062 2884/615/1063 2847/567/1064
f 2797/531/1065 2873/538/1065 2872/532/1065
f 2787/94/1060 2874/550/1066 2882/131/1061
f 2777/814/1062 2908/588/1067 2884/615/1063
f 2854/112/1068 2892/542/1068 2833/106/1068
f 2847/567/1064 2884/615/1063 2912/568/1069
f 2866/134/1070 2865/559/1071 2856/795/1072
f 2851/739/1073 2910/147/1074 2894/815/1075
f 2908/588/1067 2906/580/1076 2884/615/1063
f 2909/149/1077 2930/757/1078 2923/150/1079
f 2915/816/1080 2917/602/1080 2913/817/1080
f 2930/757/1078 2942/763/1081 2923/150/1079
f 2929/799/1082 2947/614/1082 2938/613/1082
f 2950/156/1083 2940/158/1083 2946/160/1083
f 2956/625/1084 2951/765/1085 2961/818/1086
f 2956/625/1084 2961/818/1086 2968/163/1087
f 2963/646/1088 2964/164/1089 2986/659/1090
f 2987/819/1091 2983/650/1091 2998/769/1091
f 2958/633/1092 2975/642/1093 2988/803/1094
f 3003/170/1095 3019/169/1095 3016/171/1096
f 3014/670/1097 3020/681/1098 3015/680/1099
f 3009/673/1100 3026/820/1100 3027/23/1100
f 3030/173/1101 3042/33/1101 3021/804/1101
f 3034/27/1102 3039/821/1102 3044/29/1102
f 3056/822/1103 3057/823/1104 3055/778/1105
f 3055/778/1105 3057/823/1104 3058/696/1106
f 3058/696/1106 3057/823/1104 3059/824/1107
f 3060/825/1108 3061/826/1109 3059/824/1107
f 3056/822/1103 3060/825/1108 3059/824/1107
f 3056/822/1103 3059/824/1107 3057/823/1104
f 3059/824/1107 3061/826/1109 3062/827/1110
f 3063/828/1111 3060/825/1108 3056/822/1103
f 3064/828/1112 3066/829/1112 3065/825/1112
f 3067/828/1113 3069/830/1113 3068/829/1113
f 3071/831/1114 3072/832/1114 3070/833/1114
f 3073/16/1115 3075/21/1115 3074/17/1115
f 3076/682/1116 3078/685/1117 3077/684/1118
f 3080/685/1119 3079/682/1120 3081/681/1120
f 3082/673/1121 3084/23/1121 3083/22/1121
f 3086/676/1122 3085/673/1123 3087/168/1123
f 3089/672/1124 3090/801/1124 3088/673/1124
f 3091/673/1125 3093/801/1126 3092/820/1125
f 3095/820/1127 3094/801/1127 3096/23/1127
f 3097/168/1128 3099/24/1128 3098/169/1128
f 3100/172/1129 3102/21/1129 3101/775/1129
f 3104/834/1130 3105/171/1130 3103/172/1131
f 3107/681/1132 3106/670/1133 3108/26/1134
f 3106/670/1133 3109/27/1135 3108/26/1134
f 3107/681/1132 3108/26/1134 3110/24/1136
f 3110/24/1136 3111/23/1137 3107/681/1132
f 3112/171/1138 3114/20/1138 3113/19/1138
f 3116/169/1139 3117/24/1139 3115/171/1139
f 3118/804/1140 3120/34/1140 3119/173/1140
f 3121/804/1141 3123/821/1141 3122/27/1141
f 3124/804/1142 3126/33/1143 3125/821/1144
f 3126/33/1143 3127/29/1145 3125/821/1144
f 3126/33/1143 3128/13/1146 3127/29/1145
f 3126/33/1143 3129/14/1147 3128/13/1146
f 3127/29/1145 3128/13/1146 3130/21/1148
f 3130/21/1148 3131/20/1149 3127/29/1145
f 3132/16/1150 3134/775/1150 3133/21/1151
f 3136/172/1152 3135/664/1152 3137/834/1152
f 3138/675/1153 3140/168/1153 3139/835/1153
f 3141/675/1154 3143/673/1154 3142/676/1154
f 3145/774/1155 3146/836/1155 3144/671/1155
f 3147/671/1156 3149/801/1157 3148/672/1158
f 3150/671/1159 3152/836/1159 3151/802/1159
f 3153/836/1160 3155/801/1160 3154/802/1160
f 3156/836/1161 3158/837/1161 3157/769/1161
f 3159/658/1162 3161/769/1162 3160/837/1162
f 3163/665/1163 3164/172/1163 3162/666/1163
f 3165/666/1164 3167/775/1164 3166/16/1164
f 3168/668/1165 3170/680/1165 3169/682/1165
f 3171/668/1166 3173/670/1167 3172/680/1168
f 3175/838/1169 3174/668/1169 3176/682/1169
f 3177/170/1170 3179/171/1170 3178/834/1170
f 3180/839/1171 3182/682/1171 3181/684/1171
f 3184/650/1172 3185/819/1173 3183/651/1172
f 3186/651/1174 3188/819/1175 3187/769/1176
f 3190/166/1177 3191/165/1177 3189/640/1177
f 3192/640/1178 3194/671/1178 3193/772/1178
f 3195/640/1179 3197/773/1179 3196/671/1179
f 3199/840/1180 3200/773/1180 3198/640/1180
f 3201/640/1181 3203/165/1181 3202/167/1181
f 3204/167/1182 3206/841/1182 3205/842/1183
s 0
f 3208/843/1184 3207/844/1185 3209/845/1186
f 3210/846/1187 3208/843/1186 3209/845/1186
f 3209/845/1186 3211/847/1188 3210/846/1187
s 1
f 3212/645/1189 3214/657/1190 3213/659/1190
f 3215/645/1191 3217/658/1191 3216/657/1191
f 3218/645/1192 3220/769/1192 3219/658/1192
f 3221/848/1193 3223/668/1193 3222/838/1193
f 3225/849/1194 3224/848/1195 3226/838/1196
f 3225/849/1194 3226/838/1196 3227/682/1197
f 3228/647/1198 3230/659/1199 3229/648/1199
f 3232/772/1200 3233/671/1200 3231/166/1200
f 3235/773/1201 3234/850/1201 3236/648/1201
f 3237/648/1202 3238/658/1203 3240/836/1204
f 3237/648/1202 3240/836/1204 3239/773/1205
f 3238/658/1203 3241/837/1206 3240/836/1204
f 3242/851/1207 3244/170/1207 3243/771/1207
f 3245/851/1208 3247/675/1208 3246/835/1208
f 3248/851/1209 3250/835/1210 3249/170/1211
f 3249/170/1211 3250/835/1210 3251/168/1212
f 3252/650/1213 3254/684/1214 3253/769/1215
f 3252/650/1213 3255/839/1216 3254/684/1214
f 3253/769/1215 3254/684/1214 3257/801/1217
f 3254/684/1214 3256/23/1218 3257/801/1217
f 3253/769/1215 3257/801/1217 3258/836/1219
f 3259/773/1220 3261/836/1220 3260/774/1220
f 3263/668/1221 3262/803/1221 3264/669/1221
f 3266/670/1222 3265/803/1222 3267/776/1222
f 3268/771/1223 3270/170/1223 3269/664/1223
f 3272/665/1224 3271/664/1224 3273/172/1224
f 3274/664/1225 3276/170/1225 3275/834/1225
f 3278/629/1226 3279/638/1226 3277/628/1226
f 3281/766/1227 3280/638/1227 3282/167/1227
f 3283/638/1228 3285/640/1228 3284/167/1228
f 3287/852/1229 3288/639/1229 3286/638/1229
f 3289/637/1230 3291/800/1230 3290/635/1230
f 3292/622/1231 3294/766/1231 3293/167/1231
f 3295/853/1232 3297/854/1232 3296/855/1232
f 3298/853/1233 3300/646/1233 3299/856/1233
f 3301/853/1234 3303/855/1234 3302/852/1234
f 3304/853/1235 3306/856/1235 3305/854/1235
f 3308/162/1236 3307/625/1236 3309/767/1236
f 3310/625/1237 3312/163/1237 3311/767/1238
f 3313/852/1239 3315/640/1239 3314/639/1239
f 3316/852/1240 3318/854/1240 3317/640/1240
f 3319/852/1241 3321/855/1242 3320/854/1241
f 3323/163/1243 3322/818/1243 3324/644/1243
f 3326/644/1244 3325/818/1244 3327/645/1244
f 3329/842/1245 3330/841/1246 3328/857/1245
f 3331/857/1247 3333/167/1247 3332/842/1247
f 3334/646/1248 3336/854/1248 3335/856/1248
f 3338/659/1249 3339/647/1249 3337/646/1249
f 3340/646/1250 3342/648/1250 3341/854/1251
f 3343/854/1252 3345/648/1252 3344/850/1252
f 3346/854/1253 3348/773/1254 3347/840/1254
f 3350/640/1255 3349/854/1255 3351/840/1255
f 3352/854/1256 3354/850/1256 3353/773/1257
f 3356/636/1258 3357/649/1258 3355/651/1258
f 3358/651/1259 3360/769/1259 3359/768/1259
f 3361/651/1260 3363/768/1260 3362/645/1260
f 3364/858/1261 3366/602/1261 3365/816/1261
f 3367/858/1262 3369/859/1262 3368/602/1262
f 3371/582/1263 3370/151/1263 3372/152/1263
f 3374/586/1264 3375/756/1265 3373/149/1265
f 3376/817/1266 3378/756/1267 3377/586/1268
f 3376/817/1266 3379/602/1269 3378/756/1267
f 3378/756/1267 3379/602/1269 3380/604/1270
f 3382/154/1271 3381/592/1271 3383/155/1271
f 3385/155/1272 3384/592/1273 3386/638/1274
f 3384/592/1273 3387/762/1275 3386/638/1274
f 3386/638/1274 3387/762/1275 3389/852/1276
f 3387/762/1275 3388/853/1277 3389/852/1276
f 3391/609/1278 3388/853/1277 3387/762/1275
f 3390/607/1279 3391/609/1278 3387/762/1275
f 3393/158/1280 3391/609/1278 3392/152/1281
f 3393/158/1280 3388/853/1277 3391/609/1278
f 3393/158/1280 3394/157/1282 3388/853/1277
f 3394/157/1282 3395/646/1283 3388/853/1277
f 3397/160/1284 3396/164/1285 3394/157/1286
f 3398/159/1287 3396/164/1285 3397/160/1284
f 3399/860/1288 3400/162/1289 3398/159/1287
f 3398/159/1287 3400/162/1289 3396/164/1285
f 3401/163/1290 3402/659/1291 3396/164/1292
f 3403/645/1293 3402/659/1291 3401/163/1290
f 3404/592/1294 3406/607/1294 3405/761/1294
f 3407/583/1295 3409/152/1295 3408/608/1295
f 3411/582/1296 3412/152/1296 3410/583/1296
f 3414/760/1297 3415/603/1297 3413/602/1297
f 3416/760/1298 3418/604/1298 3417/603/1298
f 3419/759/1299 3421/159/1300 3420/610/1301
f 3422/759/1302 3424/623/1302 3423/159/1302
f 3425/597/1303 3427/596/1303 3426/758/1303
f 3429/600/1304 3428/150/1304 3430/158/1304
f 3432/158/1305 3431/150/1305 3433/160/1305
f 3435/608/1306 3434/152/1306 3436/609/1306
f 3437/607/1307 3439/762/1308 3438/761/1307
f 3440/799/1309 3442/637/1310 3441/764/1310
f 3444/763/1311 3443/757/1311 3445/631/1311
f 3446/596/1312 3448/625/1312 3447/624/1312
f 3449/596/1313 3451/624/1313 3450/623/1313
f 3453/860/1314 3452/623/1314 3454/162/1314
f 3455/623/1315 3457/860/1316 3456/159/1315
f 3458/623/1317 3460/625/1317 3459/162/1317
f 3461/155/1318 3463/638/1318 3462/629/1318
f 3465/631/1319 3466/160/1319 3464/763/1319
f 3467/631/1320 3469/159/1320 3468/161/1321
f 3470/160/1322 3472/157/1322 3471/156/1322
f 3473/516/1323 3475/147/1323 3474/749/1323
f 3477/135/1324 3478/134/1324 3476/795/1324
f 3480/135/1325 3479/795/1325 3481/574/1325
f 3482/116/1326 3484/587/1326 3483/143/1326
f 3486/145/1327 3485/116/1327 3487/143/1327
f 3488/566/1328 3490/565/1329 3489/858/1330
f 3491/543/1331 3493/542/1331 3492/142/1331
f 3494/543/1332 3496/144/1333 3495/548/1333
f 3498/142/1334 3499/796/1335 3497/543/1336
f 3500/145/1337 3499/796/1335 3498/142/1334
f 3501/125/1338 3503/127/1338 3502/550/1338
f 3504/861/1339 3506/595/1339 3505/594/1340
f 3507/861/1341 3509/147/1342 3508/595/1342
f 3510/861/1343 3512/815/1343 3511/147/1343
f 3513/554/1344 3515/744/1344 3514/552/1344
f 3516/574/1345 3518/573/1345 3517/745/1345
f 3519/153/1346 3521/592/1346 3520/154/1346
f 3523/144/1347 3524/796/1348 3522/145/1348
f 3525/751/1349 3526/569/1350 3527/565/1351
f 3526/569/1350 3528/759/1352 3527/565/1351
f 3527/565/1351 3528/759/1352 3531/611/1353
f 3529/859/1354 3527/565/1351 3530/760/1355
f 3527/565/1351 3531/611/1353 3530/760/1355
f 3531/611/1353 3528/759/1352 3532/610/1356
f 3531/611/1357 3534/159/1358 3533/631/1359
f 3529/859/1354 3530/760/1355 3535/602/1360
f 3526/569/1350 3536/597/1361 3528/759/1352
f 3537/758/1362 3528/759/1352 3536/597/1361
f 3538/552/1363 3540/151/1363 3539/553/1363
f 3541/549/1364 3543/548/1364 3542/144/1364
f 3545/754/1365 3544/549/1366 3546/144/1367
f 3546/144/1367 3547/587/1368 3545/754/1365
f 3548/615/1369 3550/598/1369 3549/597/1369
f 3551/615/1370 3553/799/1370 3552/613/1370
f 3554/615/1371 3556/625/1372 3555/596/1373
f 3554/615/1371 3557/614/1374 3556/625/1372
f 3558/799/1375 3559/765/1376 3557/614/1374
f 3559/765/1376 3556/625/1372 3557/614/1374
f 3559/765/1377 3561/637/1378 3560/818/1379
f 3561/637/1378 3562/651/1380 3560/818/1379
f 3561/637/1378 3563/636/1381 3562/651/1380
f 3560/818/1379 3562/651/1380 3564/645/1382
f 3566/755/1383 3567/754/1383 3565/587/1383
f 3569/858/1384 3570/816/1385 3568/862/1386
f 3571/817/1387 3568/862/1386 3570/816/1385
f 3572/553/1388 3574/592/1388 3573/591/1388
f 3575/553/1389 3576/607/1390 3577/592/1391
f 3579/565/1392 3580/859/1393 3578/858/1393
f 3581/512/1394 3583/572/1395 3582/795/1395
f 3584/512/1396 3586/573/1396 3585/572/1396
f 3587/736/1397 3589/863/1398 3588/508/1397
f 3591/133/1399 3590/502/1399 3592/134/1399
f 3593/864/1400 3595/747/1400 3594/538/1401
f 3597/121/1402 3596/120/1402 3598/748/1402
f 3599/120/1403 3601/538/1403 3600/748/1403
f 3603/138/1404 3604/532/1405 3602/537/1405
f 3605/537/1406 3607/532/1406 3606/538/1406
f 3608/537/1407 3609/483/1408 3610/138/1409
f 3611/523/1410 3610/138/1409 3609/483/1408
f 3612/738/1411 3614/739/1412 3613/815/1413
f 3615/505/1414 3617/556/1415 3616/131/1414
f 3619/121/1416 3620/556/1416 3618/505/1416
f 3623/145/1417 3622/142/1418 3621/102/1419
f 3624/508/1420 3626/863/1420 3625/509/1420
f 3628/521/1421 3627/119/1421 3629/118/1422
f 3631/516/1423 3632/146/1424 3630/517/1424
f 3634/141/1425 3633/109/1426 3635/139/1427
f 3637/139/1428 3636/109/1428 3638/124/1428
f 3639/813/1429 3641/744/1429 3640/743/1429
f 3642/813/1430 3644/753/1431 3643/744/1432
f 3642/813/1430 3645/752/1433 3644/753/1431
f 3646/585/1434 3645/752/1435 3648/817/1436
f 3647/865/1437 3648/817/1436 3645/752/1435
f 3646/585/1434 3648/817/1436 3649/586/1438
f 3644/753/1431 3650/149/1439 3643/744/1432
f 3643/744/1432 3650/149/1439 3651/151/1440
f 3643/744/1432 3651/151/1440 3652/552/1441
f 3653/146/1442 3655/749/1442 3654/147/1442
f 3656/739/1443 3658/575/1443 3657/148/1443
f 3659/739/1444 3661/148/1445 3660/147/1444
f 3663/136/1446 3664/138/1446 3662/523/1446
f 3666/134/1447 3667/136/1447 3665/523/1447
f 3669/578/1448 3670/573/1449 3668/111/1448
f 3671/111/1450 3673/142/1450 3672/578/1450
f 3674/112/1451 3676/142/1452 3675/542/1452
f 3677/112/1453 3679/745/1453 3678/573/1453
f 3680/479/1454 3682/478/1454 3681/555/1454
f 3684/791/1455 3683/479/1456 3685/747/1457
f 3683/479/1456 3686/121/1458 3685/747/1457
f 3683/479/1456 3687/555/1459 3686/121/1458
f 3686/121/1458 3688/748/1460 3685/747/1457
f 3689/463/1461 3691/718/1462 3690/140/1463
f 3690/140/1463 3691/718/1462 3693/141/1464
f 3691/718/1462 3692/544/1465 3693/141/1464
f 3694/731/1466 3695/146/1467 3692/544/1468
f 3692/544/1468 3695/146/1467 3696/575/1469
f 3692/544/1468 3696/575/1469 3697/545/1470
f 3698/107/1471 3697/545/1470 3696/575/1469
f 3699/500/1472 3701/539/1472 3700/120/1472
f 3702/500/1473 3704/537/1473 3703/539/1473
f 3706/483/1474 3705/482/1475 3707/524/1476
f 3706/483/1474 3707/524/1476 3708/523/1477
f 3711/524/1478 3709/482/1479 3710/99/1480
f 3710/99/1481 3712/512/1482 3713/795/1483
f 3714/100/1484 3716/105/1484 3715/101/1485
f 3718/82/1486 3717/790/1486 3719/137/1487
f 3721/478/1488 3720/94/1488 3722/555/1488
f 3724/93/1489 3725/550/1490 3723/94/1491
f 3726/503/1492 3728/107/1492 3727/866/1492
f 3730/739/1493 3729/503/1494 3731/866/1495
f 3731/866/1495 3732/575/1496 3730/739/1493
f 3733/128/1497 3735/124/1498 3734/109/1499
f 3733/128/1497 3736/127/1500 3735/124/1498
f 3737/125/1501 3735/124/1498 3736/127/1500
f 3738/105/1502 3740/546/1502 3739/102/1502
f 3741/105/1503 3743/116/1503 3742/546/1503
f 3745/517/1504 3746/731/1505 3744/515/1506
f 3746/731/1505 3745/517/1504 3747/146/1507
f 3749/470/1508 3750/516/1509 3748/515/1510
f 3750/516/1509 3751/557/1511 3752/147/1512
f 3749/470/1508 3751/557/1511 3750/516/1509
f 3751/557/1511 3753/594/1513 3752/147/1512
f 3755/734/1514 3754/861/1515 3753/594/1516
f 3755/734/1514 3756/738/1517 3754/861/1515
f 3754/861/1515 3756/738/1517 3757/815/1518
f 3758/130/1519 3760/132/1519 3759/127/1519
f 3761/91/1520 3763/554/1520 3762/495/1520
f 3764/91/1521 3766/744/1521 3765/554/1521
f 3767/110/1522 3769/750/1523 3768/512/1524
f 3768/512/1524 3769/750/1523 3770/573/1525
f 3771/110/1526 3773/111/1526 3772/750/1526
f 3774/107/1527 3776/109/1528 3775/746/1527
f 3777/107/1529 3779/141/1529 3778/545/1529
f 3780/107/1530 3782/746/1530 3781/141/1530
f 3783/107/1531 3785/575/1531 3784/866/1532
f 3786/99/1533 3788/559/1533 3787/523/1533
f 3789/99/1534 3791/795/1535 3790/559/1536
f 3792/496/1537 3794/495/1537 3793/554/1537
f 3796/502/1538 3795/137/1538 3797/134/1538
f 3798/456/1539 3800/737/1540 3799/728/1541
f 3801/77/1542 3800/737/1540 3798/456/1539
f 3802/867/1543 3804/868/1544 3803/97/1545
f 3805/89/1546 3806/91/1547 3807/496/1548
f 3807/496/1548 3809/153/1549 3805/89/1546
f 3805/89/1546 3809/153/1549 3808/869/1550
f 3809/153/1549 3810/590/1551 3811/592/1552
f 3809/153/1549 3807/496/1548 3810/590/1551
f 3812/798/1553 3809/153/1549 3813/620/1554
f 3808/869/1550 3809/153/1549 3812/798/1553
f 3809/153/1549 3814/155/1555 3813/620/1554
f 3813/620/1554 3814/155/1555 3815/628/1556
f 3817/622/1557 3816/621/1558 3815/628/1556
f 3813/620/1554 3815/628/1556 3816/621/1558
f 3813/620/1559 3819/622/1560 3818/797/1561
f 3819/622/1560 3821/167/1562 3820/857/1563
f 3819/622/1560 3820/857/1563 3818/797/1561
f 3820/857/1563 3823/851/1564 3822/770/1565
f 3818/797/1561 3820/857/1563 3822/770/1565
f 3820/857/1563 3824/841/1566 3823/851/1564
f 3825/167/1567 3826/166/1568 3824/841/1566
f 3824/841/1566 3826/166/1568 3827/675/1569
f 3824/841/1566 3827/675/1569 3823/851/1564
f 3826/166/1568 3828/673/1570 3827/675/1569
f 3828/673/1570 3826/166/1568 3829/671/1571
f 3822/770/1565 3823/851/1564 3830/771/1572
f 3831/844/1573 3822/770/1565 3832/664/1574
f 3818/797/1561 3822/770/1565 3831/844/1573
f 3831/844/1573 3832/664/1574 3833/666/1575
f 3831/844/1573 3833/666/1575 3836/847/1576
f 3833/666/1575 3834/31/1577 3836/847/1576
f 3833/666/1575 3835/16/1578 3834/31/1577
f 3834/31/1577 3837/846/1579 3836/847/1576
s 0
f 3831/844/1580 3836/847/1186 3838/845/1581
s 1
f 3837/846/1579 3834/31/1577 3839/689/1582
f 3837/846/1579 3839/689/1582 3840/777/1583
f 3840/777/1584 3841/14/1585 3842/34/1586
f 3843/642/1587 3840/777/1584 3842/34/1586
f 3843/642/1587 3842/34/1586 3844/803/1588
f 3844/803/1589 3845/668/1590 3849/848/1591
f 3844/803/1588 3847/804/1592 3846/776/1593
f 3844/803/1588 3842/34/1586 3847/804/1592
f 3848/633/1594 3844/803/1589 3849/848/1591
f 3850/800/1595 3849/848/1591 3852/636/1596
f 3853/580/1597 3849/848/1591 3850/800/1595
f 3848/633/1594 3849/848/1591 3853/580/1597
f 3849/848/1591 3851/849/1598 3852/636/1596
f 3854/615/1599 3853/580/1600 3855/799/1601
f 3853/580/1600 3856/637/1602 3855/799/1601
f 3857/635/1603 3850/800/1595 3852/636/1596
f 3852/636/1596 3859/650/1604 3858/649/1605
f 3851/849/1598 3859/650/1604 3852/636/1596
f 3859/650/1604 3851/849/1598 3860/839/1606
f 3851/849/1598 3861/682/1607 3860/839/1606
f 3839/689/1608 3862/30/1609 3863/32/1610
f 3839/689/1608 3863/32/1610 3864/36/1611
f 3834/31/1577 3835/16/1578 3865/18/1612
f 3810/590/1551 3866/554/1613 3867/553/1614
f 3807/496/1548 3866/554/1613 3810/590/1551
f 3810/590/1551 3867/553/1614 3868/591/1615
f 3869/90/1616 3870/813/1617 3806/91/1618
f 3871/78/1619 3873/500/1619 3872/499/1619
f 3874/78/1620 3876/499/1621 3875/79/1622
f 3878/725/1623 3879/475/1623 3877/474/1623
f 3880/474/1624 3882/92/1625 3881/724/1626
f 3883/106/1627 3881/724/1626 3882/92/1625
f 3884/455/1628 3886/95/1628 3885/94/1628
f 3888/720/1629 3889/123/1629 3887/95/1629
f 3891/93/1630 3890/95/1631 3892/123/1632
f 3891/93/1630 3892/123/1632 3893/550/1633
f 3895/868/1634 3896/454/1634 3894/97/1634
f 3898/126/1635 3897/486/1635 3899/130/1635
f 3901/128/1636 3900/486/1636 3902/126/1636
f 3904/82/1637 3906/133/1638 3903/83/1639
f 3903/83/1639 3906/133/1638 3905/87/1640
f 3906/133/1638 3907/574/1641 3905/87/1640
f 3908/464/1642 3910/123/1642 3909/720/1642
f 3911/464/1643 3913/463/1643 3912/140/1643
f 3914/464/1644 3916/140/1645 3915/123/1646
f 3915/123/1646 3916/140/1645 3917/124/1647
f 3918/870/1648 3920/504/1648 3919/503/1648
f 3921/870/1649 3923/107/1649 3922/504/1649
f 3924/870/1650 3926/727/1651 3925/107/1651
f 3927/77/1652 3929/79/1652 3928/506/1652
f 3930/77/1653 3932/506/1653 3931/737/1653
f 3933/79/1654 3935/122/1655 3934/505/1656
f 3935/122/1655 3936/121/1657 3934/505/1656
f 3937/79/1658 3939/120/1659 3938/122/1660
f 3941/100/1661 3942/735/1661 3940/85/1662
f 3943/85/1663 3945/110/1663 3944/511/1663
f 3947/511/1664 3948/86/1664 3946/85/1664
f 3950/790/1665 3949/871/1665 3951/137/1665
f 3952/871/1666 3954/531/1667 3953/872/1668
f 3954/531/1667 3955/138/1669 3953/872/1668
f 3956/871/1670 3958/872/1671 3957/137/1672
f 3958/872/1671 3959/138/1673 3957/137/1672
f 3961/791/1674 3962/747/1674 3960/792/1674
f 3963/792/1675 3965/747/1676 3964/864/1677
f 3966/792/1678 3968/864/1679 3967/531/1680
f 3969/538/1681 3967/531/1680 3968/864/1679
f 3970/873/1682 3972/432/1683 3971/874/1684
f 3973/875/1685 3974/876/1686 3971/874/1687
f 3976/877/1688 3975/423/1689 3977/878/1684
f 3979/879/1690 3978/880/1690 3980/881/1690
f 3982/879/1691 3981/881/1692 3983/882/1693
f 3982/879/1691 3983/882/1693 3984/883/1694
f 3985/884/1695 3987/885/1696 3986/886/1697
f 3987/885/1696 3988/874/1698 3989/868/1699
f 3986/886/1697 3987/885/1696 3989/868/1699
f 3991/887/1700 3990/888/1700 3992/889/1700
f 3993/890/1701 3995/891/1702 3994/892/1703
f 3996/893/1704 3995/891/1705 3997/894/1706
f 3999/895/1707 4000/443/1707 3998/437/1707
f 4002/75/1708 4003/448/1709 4001/72/1710
f 4001/72/1710 4003/448/1709 4004/80/1711
f 4001/72/1712 4005/474/1713 4007/447/1714
f 4001/72/1712 4006/88/1715 4005/474/1713
f 4007/447/1714 4005/474/1713 4008/476/1716
f 4007/447/1714 4008/476/1716 4009/507/1717
f 4008/476/1716 4010/736/1718 4009/507/1717
f 4011/547/1719 4012/549/1720 4010/736/1721
f 4013/863/1722 4010/736/1721 4012/549/1720
f 4015/725/1723 4014/543/1724 4011/547/1725
f 4015/725/1723 4016/106/1726 4014/543/1724
f 4015/725/1723 4017/724/1727 4016/106/1726
f 4006/88/1715 4018/92/1728 4005/474/1713
f 4019/809/1729 4021/726/1730 4020/732/1731
f 4019/809/1729 4022/456/1732 4021/726/1730
f 4020/732/1731 4021/726/1730 4023/870/1733
f 4020/732/1731 4023/870/1733 4024/733/1734
f 4023/870/1733 4025/503/1735 4024/733/1734
f 4026/75/1736 4028/871/1736 4027/449/1736
f 4030/716/1737 4031/792/1738 4029/75/1739
f 4032/871/1740 4029/75/1739 4031/792/1738
f 4032/871/1740 4031/792/1738 4033/531/1741
f 4035/716/1742 4034/74/1742 4036/792/1742
f 4037/74/1743 4038/76/1744 4039/479/1745
f 4038/76/1744 4040/477/1746 4039/479/1745
f 4038/76/1747 4041/719/1748 4042/95/1749
f 4043/462/1750 4044/464/1751 4041/719/1752
f 4045/443/1753 4047/887/1754 4046/460/1755
f 4048/875/1756 4050/874/1757 4049/885/1756
f 4052/887/1758 4051/443/1758 4053/896/1758
f 4054/76/1759 4056/455/1760 4055/477/1761
f 4056/455/1760 4057/94/1762 4055/477/1761
f 4058/432/1763 4060/454/1764 4059/868/1764
f 4061/432/1765 4063/868/1766 4062/874/1766
f 4064/448/1767 4066/449/1767 4065/871/1767
f 4067/448/1768 4069/82/1768 4068/81/1768
f 4070/448/1769 4072/871/1769 4071/790/1769
f 4073/726/1770 4075/486/1770 4074/487/1770
f 4076/726/1771 4078/727/1772 4077/870/1771
f 4080/456/1773 4081/728/1773 4079/726/1774
f 4082/726/1775 4084/108/1775 4083/107/1775
f 4085/726/1776 4087/128/1777 4086/108/1777
f 4089/487/1778 4090/128/1778 4088/726/1778
f 4091/103/1779 4092/518/1780 4095/104/1781
f 4091/103/1779 4093/793/1782 4092/518/1780
f 4091/103/1779 4094/897/1783 4093/793/1782
f 4096/794/1784 4093/793/1785 4098/898/1786
f 4097/899/1328 4098/898/1786 4093/793/1785
f 4096/794/1787 4100/587/1788 4099/116/1789
f 4092/518/1790 4096/794/1787 4099/116/1789
f 4096/794/1787 4101/900/1786 4100/587/1788
f 4103/814/1791 4104/567/1792 4102/901/1793
f 4106/84/1794 4105/103/1795 4107/100/1796
f 4107/100/1796 4105/103/1795 4108/105/1797
f 4107/100/1796 4109/85/1798 4106/84/1794
f 4110/902/1799 4112/903/1799 4111/904/1799
f 4113/905/1800 4115/906/1801 4114/907/1802
f 4117/908/1803 4118/909/1804 4116/910/1805
f 4120/911/1806 4119/910/1807 4121/912/1808
f 4119/910/1807 4122/909/1809 4121/912/1808
f 4120/911/1806 4121/912/1808 4123/913/1810
f 4125/914/1811 4126/915/1811 4124/916/1811
f 4127/917/1812 4129/912/1813 4128/918/1814
f 4129/912/1813 4127/917/1812 4130/907/1815
f 4130/907/1815 4131/906/1816 4129/912/1813
f 4132/919/1817 4134/920/1818 4133/921/1819
f 4136/909/1820 4135/918/1820 4137/912/1820
f 4139/393/1821 4140/922/1822 4138/923/1823
f 4139/393/1821 4141/924/1824 4140/922/1822
f 4139/393/1821 4142/423/1825 4141/924/1824
f 4141/924/1824 4142/423/1825 4143/877/1826
f 4143/877/1826 4144/925/1827 4141/924/1824
f 4146/926/1828 4145/921/1828 4147/927/1828
f 4149/928/1829 4148/929/1830 4150/930/1831
f 4148/929/1830 4151/407/1832 4150/930/1831
f 4152/903/1833 4153/931/1834 4155/904/1835
f 4152/903/1833 4154/926/1836 4153/931/1834
f 4156/407/1837 4158/406/1837 4157/930/1837
f 4159/407/1838 4161/932/1839 4160/408/1840
f 4162/928/1841 4164/930/1842 4163/933/1843
f 4165/934/1844 4164/930/1842 4166/408/1845
f 4163/933/1843 4164/930/1842 4165/934/1844
f 4167/935/1846 4169/933/1846 4168/934/1846
f 4170/935/1847 4171/936/1848 4173/937/1849
f 4170/935/1847 4172/934/1850 4171/936/1848
f 4174/935/1851 4176/404/1852 4175/403/1853
f 4177/937/1854 4176/404/1852 4174/935/1851
f 4177/937/1854 4178/938/1855 4176/404/1852
f 4179/939/1856 4181/904/1857 4180/931/1856
f 4182/940/1858 4184/931/1859 4183/941/1860
f 4185/930/1861 4187/406/1862 4186/408/1861
f 4188/430/1863 4190/432/1864 4189/873/1863
f 4192/883/1865 4191/942/1865 4193/943/1865
f 4195/944/1866 4194/942/1867 4196/882/1868
f 4195/944/1866 4196/882/1868 4197/890/1869
f 4197/890/1869 4196/882/1868 4198/891/1870
f 4200/882/1871 4199/942/1871 4201/883/1871
f 4203/945/1872 4202/946/1873 4204/880/1874
f 4205/946/1875 4207/947/1875 4206/880/1875
f 4209/931/1876 4208/926/1877 4210/927/1878
f 4212/883/1879 4211/945/1880 4213/879/1881
f 4211/945/1880 4214/880/1882 4213/879/1881
f 4216/943/1840 4215/945/1839 4217/883/1883
f 4218/717/1884 4220/484/1884 4219/730/1885
f 4222/484/1886 4221/717/1886 4223/482/1886
f 4224/948/1887 4226/949/1887 4225/950/1887
f 4228/951/1888 4227/952/1889 4229/953/1890
f 4229/953/1891 4231/954/1892 4230/915/1893
f 4232/955/1894 4234/956/1894 4233/957/1895
f 4235/958/1896 4237/916/1896 4236/915/1896
f 4239/713/1897 4240/959/1898 4238/330/1899
f 4242/960/1900 4243/961/1901 4241/962/1902
f 4245/963/1903 4246/964/1904 4244/965/1905
f 4247/962/1906 4249/961/1906 4248/966/1906
f 4251/966/1907 4252/910/1908 4250/962/1909
f 4250/962/1909 4252/910/1908 4253/967/1910
f 4253/967/1910 4252/910/1908 4254/911/1911
f 4251/966/1907 4255/968/1912 4252/910/1908
f 4256/969/1913 4258/970/1913 4257/971/1913
f 4259/368/1914 4261/972/1914 4260/369/1914
f 4262/973/1915 4264/974/1915 4263/902/1915
f 4265/973/1916 4267/921/1917 4266/974/1918
f 4267/921/1917 4269/926/1919 4268/903/1920
f 4267/921/1917 4268/903/1920 4266/974/1918
f 4271/951/1921 4270/953/1921 4272/975/1921
f 4274/975/1922 4273/953/1923 4275/914/1924
f 4275/914/1924 4273/953/1923 4276/915/1925
f 4277/976/1926 4279/977/1926 4278/978/1926
f 4280/976/1927 4282/978/1928 4281/979/1929
f 4283/980/1930 4281/979/1929 4282/978/1928
f 4284/981/1931 4286/369/1932 4285/972/1933
f 4287/982/1934 4289/983/1934 4288/960/1934
f 4290/971/1935 4292/970/1936 4291/984/1937
f 4292/970/1936 4293/985/1938 4291/984/1937
f 4295/986/1939 4296/985/1939 4294/970/1939
f 4297/986/1940 4299/984/1940 4298/985/1940
f 4301/961/1941 4302/987/1942 4300/966/1943
f 4303/957/1944 4305/956/1944 4304/977/1944
f 4306/988/1945 4308/909/1946 4307/908/1947
f 4309/957/1948 4311/977/1949 4310/989/1950
f 4310/989/1950 4311/977/1949 4312/990/1951
f 4313/991/1952 4315/928/1952 4314/933/1952
f 4317/933/1953 4318/992/1954 4316/991/1955
f 4319/993/1956 4321/407/1954 4320/929/1957
f 4323/974/1958 4324/903/1958 4322/902/1958
f 4326/994/1959 4327/995/1960 4325/316/1961
f 4327/995/1960 4328/317/1962 4325/316/1961
f 4329/321/1963 4331/996/1963 4330/322/1964
f 4332/321/1965 4334/323/1965 4333/997/1965
f 4335/314/1966 4337/71/1966 4336/345/1966
f 4339/998/1967 4340/999/1968 4338/1000/1967
f 4342/1001/1969 4341/1000/1969 4343/1002/1969
f 4345/1002/1970 4344/1000/1970 4346/1003/1970
f 4348/999/1971 4349/1003/1972 4347/1000/1973
f 4350/324/1974 4352/411/1974 4351/350/1974
f 4354/995/1975 4355/1004/1976 4353/317/1977
f 4356/1005/1978 4358/950/1979 4357/1006/1980
f 4359/949/1981 4360/1007/1982 4358/950/1979
f 4357/1006/1980 4358/950/1979 4360/1007/1982
f 4361/1008/1983 4362/1009/1984 4360/1007/1982
f 4359/949/1981 4361/1008/1983 4360/1007/1982
f 4364/1010/1985 4363/1005/1985 4365/1006/1985
f 4366/1011/1986 4368/949/1986 4367/948/1987
f 4370/996/1988 4369/1012/1988 4371/322/1988
f 4373/1013/1989 4372/1014/1990 4374/1015/1991
f 4375/323/1992 4377/322/1992 4376/1016/1992
f 4378/1016/1993 4380/322/1994 4379/1017/1995
f 4382/1018/1996 4383/1019/1996 4381/1020/1997
f 4384/1020/1998 4386/1019/1998 4385/1021/1998
f 4387/1020/1999 4389/1021/2000 4388/1022/2001
f 4389/1021/2000 4390/1023/2002 4388/1022/2001
f 4392/1015/2003 4393/1024/2004 4391/1013/2005
f 4394/359/2006 4396/1025/2007 4395/417/2008
f 4397/714/2009 4399/935/2010 4398/403/2011
f 4400/331/2012 4402/959/2013 4401/1026/2014
f 4403/331/2015 4405/330/2015 4404/959/2016
f 4406/1019/2017 4408/1018/2018 4407/965/2019
f 4408/1018/2018 4409/963/2020 4407/965/2019
f 4410/1018/2021 4412/1027/2021 4411/963/2021
f 4413/1028/2022 4415/1010/2023 4414/1006/2024
f 4416/1029/2025 4418/1030/1892 4417/1031/1891
f 4419/1032/2026 4421/1033/2027 4420/1034/2028
f 4423/1035/2029 4422/1029/2030 4424/368/2031
f 4424/368/2031 4425/370/2032 4423/1035/2029
f 4426/1029/2033 4428/1035/2034 4427/1030/2035
f 4430/1036/2036 4431/1037/2036 4429/1038/2036
f 4432/269/2037 4434/721/2038 4433/392/2038
f 4435/1039/2039 4437/1040/2040 4436/1041/2041
f 4436/1041/2041 4437/1040/2040 4438/1042/2042
f 4436/1041/2041 4438/1042/2042 4439/1043/2043
f 4441/1044/2044 4440/1045/2045 4442/1046/2045
f 4444/1047/2046 4443/1039/2047 4445/1041/2046
f 4447/997/2048 4448/323/2049 4446/1045/2050
f 4446/1045/2050 4448/323/2049 4449/1016/2051
f 4450/1045/2052 4452/1016/2052 4451/1046/2052
f 4453/785/2053 4455/292/2053 4454/291/2053
f 4456/1047/2054 4458/1041/2055 4457/1048/2055
f 4459/1049/2056 4461/1050/2056 4460/1051/2056
f 4462/786/2057 4464/788/2058 4463/1052/2059
f 4466/291/2060 4465/293/2061 4467/1053/2060
f 4468/1054/2062 4470/1055/2062 4469/1056/2062
f 4471/293/2063 4473/1057/2064 4472/1053/2065
f 4474/788/2066 4476/1058/2066 4475/1059/2066
f 4477/788/2067 4479/787/2068 4478/1058/2069
f 4480/808/2070 4478/1058/2069 4479/787/2068
f 4481/1060/2071 4482/1000/2072 4484/1001/2073
f 4481/1060/2071 4483/1061/2074 4482/1000/2072
f 4486/1055/2075 4487/1062/2076 4485/1056/2077
f 4488/1063/2078 4485/1056/2077 4487/1062/2076
f 4487/1062/2076 4489/1064/2079 4488/1063/2078
f 4489/1064/2079 4486/1055/2075 4490/1065/2080
f 4489/1064/2079 4487/1062/2076 4486/1055/2075
f 4491/1061/2081 4493/998/2081 4492/1000/2081
f 4494/1041/2082 4496/1043/2082 4495/1048/2082
f 4497/1059/2083 4499/1058/2084 4498/1057/2085
f 4500/1053/2086 4498/1057/2085 4499/1058/2084
f 4500/1053/2086 4499/1058/2084 4501/291/2087
f 4502/807/2088 4504/1066/2089 4503/808/2089
f 4505/1066/2090 4507/291/2091 4506/808/2092
f 4507/291/2091 4508/1058/2093 4506/808/2092
f 4509/1067/2094 4511/1013/2094 4510/1024/2094
f 4512/1048/2095 4514/1043/2096 4513/1068/2097
f 4516/1069/2098 4517/1070/2098 4515/1071/2098
f 4519/1070/2099 4520/1072/2099 4518/1071/2100
f 4521/1071/2101 4523/1021/2102 4522/1019/2103
f 4524/1072/2104 4523/1021/2102 4521/1071/2101
f 4525/1073/2105 4523/1021/2102 4524/1072/2104
f 4527/1001/2106 4528/1002/2106 4526/1050/2106
f 4530/1074/2107 4531/1070/2107 4529/1069/2107
f 4532/316/2108 4534/315/2026 4533/1075/2028
f 4536/1076/2109 4535/1077/2110 4537/1078/2111
f 4539/1079/2112 4540/1080/2113 4538/1081/2114
f 4539/1079/2112 4541/1082/2115 4540/1080/2113
f 4543/1083/2116 4542/1076/2117 4544/1084/2118
f 4545/1085/2119 4547/1086/2119 4546/1087/2119
f 4548/1088/2120 4550/1039/2120 4549/1047/2120
f 4552/1089/2121 4551/1088/2121 4553/1047/2121
f 4554/782/2122 4556/1090/2123 4555/1091/2124
f 4559/1090/2125 4557/782/2126 4558/784/2127
f 4561/1047/2128 4562/1048/2128 4560/1089/2128
f 4563/1089/2129 4565/1048/2130 4564/1092/2131
f 4567/1092/2132 4568/1093/2132 4566/1089/2133
f 4569/1094/2134 4571/788/2134 4570/1059/2134
f 4573/1095/2135 4572/1096/2136 4574/1097/2137
f 4573/1095/2135 4574/1097/2137 4575/1060/2138
f 4574/1097/2137 4576/1061/2139 4575/1060/2138
f 4573/1095/2135 4575/1060/2138 4577/1050/2140
f 4575/1060/2138 4578/1001/2141 4577/1050/2140
f 4579/1098/2142 4581/787/2143 4580/786/2144
f 4579/1098/2142 4582/807/2145 4581/787/2143
f 4583/710/2146 4585/1038/2146 4584/1099/2147
f 4586/710/2148 4588/1036/2148 4587/1038/2148
f 4590/781/2149 4591/1036/2149 4589/710/2149
f 4593/785/2150 4595/291/2151 4592/257/2152
f 4593/785/2150 4592/257/2152 4594/259/2153
f 4596/257/2154 4598/291/2154 4597/1066/2154
f 4599/257/2155 4601/1066/2156 4600/1100/2157
f 4602/1101/2158 4604/1056/2159 4603/1102/2160
f 4605/1054/2161 4604/1056/2159 4602/1101/2158
f 4606/249/2162 4608/326/2007 4607/1103/2163
f 4610/1045/2164 4609/1104/2165 4611/997/2166
f 4612/249/2167 4614/1103/2168 4613/1029/2169
f 4613/1029/2169 4614/1103/2168 4615/368/2170
f 4617/712/2171 4616/1105/2172 4618/411/2173
f 4617/712/2171 4618/411/2173 4619/324/2174
f 4620/1105/2175 4622/1106/2176 4621/411/2177
f 4622/1106/2176 4623/412/2178 4621/411/2177
f 4624/1090/2179 4626/1080/2179 4625/1082/2179
f 4627/1090/2180 4629/1107/2181 4628/1080/2180
f 4631/1056/2182 4630/1108/2183 4632/1102/2184
f 4634/1049/2185 4635/1051/2186 4633/1109/2187
f 4637/1110/2188 4638/1111/2189 4636/1112/2187
f 4639/1112/2190 4641/1113/2190 4640/1110/2190
f 4643/1114/2191 4642/1115/2192 4644/1088/2193
f 4644/1088/2193 4642/1115/2192 4645/1039/2164
f 4642/1115/2192 4646/1116/2194 4645/1039/2164
f 4643/1114/2191 4644/1088/2193 4647/1089/2195
f 4648/1117/2196 4650/1118/2197 4649/1119/2198
f 4651/1120/2199 4653/56/2200 4652/1121/2201
f 4654/1117/2202 4656/1119/2203 4655/1122/2204
f 4655/1122/2204 4656/1119/2203 4657/1123/2205
f 4659/56/2206 4658/1120/2207 4660/54/2206
f 4661/1117/2208 4663/1122/2209 4662/1124/204
f 4665/1125/2210 4666/54/2210 4664/1120/2210
f 4667/701/2211 4668/703/2212 4669/1126/2213
f 4667/701/2211 4669/1126/2213 4670/705/2214
f 4671/1127/2215 4670/705/2214 4669/1126/2213
f 4669/1126/2213 4668/703/2212 4672/1128/2216
f 4668/703/2212 4673/1129/2217 4672/1128/2216
f 4675/54/2218 4676/1125/2218 4674/1130/2218
f 4677/215/2219 4679/1131/2220 4678/230/2221
f 4679/1131/2220 4680/1132/2222 4678/230/2221
f 4681/1133/2223 4683/783/2224 4682/782/2225
f 4684/1134/2226 4686/1135/2191 4685/1136/2227
f 4690/1137/2228 4687/1134/2229 4688/1138/2230
f 4687/1134/2229 4689/1136/2231 4688/1138/2230
f 4692/56/2232 4691/1139/2232 4693/1140/2232
f 4695/1141/2233 4694/705/2234 4696/1127/2235
f 4697/1142/2236 4699/1143/2237 4698/1144/2238
f 4697/1142/2236 4700/1145/2239 4699/1143/2237
f 4699/1143/2237 4702/1146/2240 4701/1147/2241
f 4698/1144/2238 4699/1143/2237 4701/1147/2241
f 4704/1148/2242 4703/1149/2242 4705/1099/2242
f 4706/1149/2243 4708/1150/2244 4707/1099/2245
f 4709/237/2246 4711/1151/2247 4710/64/2248
f 4710/64/2248 4711/1151/2247 4712/65/2249
f 4714/1077/2250 4715/1076/2251 4713/1152/2252
f 4717/711/2253 4718/1099/2254 4716/1150/2255
f 4719/710/2256 4718/1099/2254 4717/711/2253
f 4720/1144/2255 4722/1147/2257 4721/1077/2258
f 4722/1147/2257 4723/1110/2259 4721/1077/2258
f 4724/1146/2260 4723/1110/2259 4722/1147/2257
f 4726/1118/2261 4727/1085/2261 4725/1119/2261
f 4729/1123/2262 4728/1119/2262 4730/1085/2262
f 4732/1148/2263 4733/1099/2264 4731/1153/2265
f 4733/1099/2264 4734/1038/2266 4731/1153/2265
f 4738/781/2267 4735/1154/2268 4736/1036/2269
f 4735/1154/2268 4737/1037/2270 4736/1036/2269
f 4740/1085/2271 4741/1087/2271 4739/1123/2271
f 4742/1118/2272 4744/1155/2273 4743/1086/2274
f 4745/1087/2275 4743/1086/2274 4744/1155/2273
f 4746/1118/2276 4748/1086/2277 4747/1085/2277
f 4750/1090/2278 4749/1156/2279 4752/1107/2280
f 4750/1090/2278 4751/784/2281 4749/1156/2279
f 4753/833/2282 4755/832/2282 4754/1157/2282
f 4756/42/2283 4758/176/2284 4757/45/2285
f 4757/45/2285 4758/176/2284 4759/189/2286
f 4761/1158/2287 4762/1159/2287 4760/829/2287
f 4764/1160/2288 4763/1161/2288 4765/1162/2289
f 4767/1159/2290 4768/825/2290 4766/829/2290
f 4770/696/2291 4771/779/2292 4769/4/2293
f 4774/5/2294 4771/779/2295 4772/6/2296
f 4775/824/2297 4773/827/2298 4771/779/2292
f 4775/824/2297 4771/779/2292 4770/696/2291
f 4777/1159/2299 4778/1163/2299 4776/825/2299
f 4780/1164/2300 4779/1165/2301 4781/178/2302
f 4779/1165/2301 4782/184/2303 4781/178/2302
f 4782/184/2303 4779/1165/2301 4783/1166/2304
f 4780/1164/2300 4781/178/2302 4784/177/2305
f 4785/47/2306 4787/51/2306 4786/50/2306
f 4789/50/2307 4788/51/2308 4790/805/2309
f 4791/6/2310 4793/1167/2311 4792/9/2312
f 4794/11/2313 4792/9/2312 4793/1167/2311
f 4795/6/2314 4797/779/2315 4796/1167/2315
f 4801/1167/2316 4798/779/2317 4799/780/2318
f 4798/779/2317 4800/827/2319 4799/780/2318
f 4801/1167/2316 4799/780/2318 4802/11/2320
f 4800/827/2319 4803/1168/2321 4799/780/2318
f 4804/184/2322 4806/1166/2323 4805/237/2324
f 4806/1166/2323 4807/1169/321 4805/237/2324
f 4805/237/2324 4807/1169/321 4808/1151/2325
f 4810/182/2326 4811/219/2327 4809/181/2328
f 4809/181/2328 4811/219/2327 4812/195/2329
f 4811/219/2327 4813/198/2330 4812/195/2329
f 4815/1170/2331 4814/181/2332 4816/195/2333
f 4817/699/2334 4819/698/2335 4818/206/2336
f 4819/698/2335 4821/806/2337 4820/208/2338
f 4819/698/2335 4820/208/2338 4818/206/2336
f 4822/699/2339 4823/201/2340 4825/697/2341
f 4822/699/2339 4824/1171/2342 4823/201/2340
f 4826/187/2343 4828/1172/2344 4827/215/2345
f 4829/1173/2346 4827/215/2345 4828/1172/2344
f 4829/1173/2346 4830/1131/2347 4827/215/2345
f 4831/219/2348 4833/220/2348 4832/198/2349
f 4834/201/2350 4836/209/2350 4835/697/2350
f 4837/697/2351 4839/209/2352 4838/706/2353
f 4838/706/2353 4839/209/2352 4840/225/2354
f 4842/806/2355 4843/704/2355 4841/208/2355
f 4844/1174/2356 4846/1175/2357 4845/1176/2358
f 4846/1175/2357 4847/1177/2359 4845/1176/2358
l 100 107
l 106 112
l 249 269
l 269 290
l 271 308
l 383 398
l 405 437
l 411 432
l 424 427
l 440 447
l 471 481
l 474 480
l 471 482
l 518 519
l 501 523
l 524 541
l 544 553
l 85 97
l 86 96
l 93 99
l 70 104
l 146 170
l 184 192
l 186 198
l 189 197
l 194 205
l 208 210
l 205 211
l 233 240
l 228 274
l 308 318
l 340 376
l 425 451
l 435 446
l 463 470
l 464 484
l 475 501
l 488 502
l 539 549
l 539 550
l 101 102
l 145 178
l 196 197
l 230 241
l 236 311
l 353 403
l 399 431
l 444 458
l 477 490
l 504 507
l 529 555
l 534 535
l 72 87
l 103 105
l 105 108
l 89 134
l 169 191
l 252 275
l 270 279
l 359 368
l 388 405
l 363 426
l 311 420
l 420 452
l 462 478
l 469 483
l 547 551
l 90 98
l 118 119
l 122 133
l 143 149
l 139 150
l 144 156
l 174 177
l 220 231
l 220 239
l 225 235
l 215 262
l 326 355
l 375 389
l 358 408
l 413 423
l 445 449
l 445 459
l 468 479
l 503 516
l 536 546
l 540 545
l 76 87
l 99 110
l 127 138
l 170 193
l 221 249
l 221 234
l 242 288
l 229 250
l 256 257
l 324 325
l 321 322
l 319 335
l 333 383
l 312 339
l 361 415
l 402 419
l 428 436
l 454 457
l 454 455
l 492 501
l 508 525
l 489 555
l 492 539
l 119 126
l 155 161
l 159 172
l 265 303
l 327 333
l 264 335
l 255 305
l 268 351
l 280 349
l 327 383
l 354 394
l 315 402
l 373 393
l 390 433
l 434 445
l 410 442
l 416 473
l 456 488
l 416 475
l 486 495
l 533 534
l 71 73
l 91 92
l 137 140
l 134 167
l 154 176
l 226 233
l 222 260
l 226 254
l 287 319
l 296 315
l 316 329
l 316 419
l 430 434
l 452 456
l 452 466
l 549 552
l 558 563
l 584 612
l 691 729
l 1076 1160
l 1313 1324
l 1373 1385
l 1368 1387
l 1475 1497
l 565 567
l 574 590
l 642 674
l 620 696
l 850 891
l 878 929
l 929 959
l 612 663
l 749 766
l 1066 1175
l 1031 1139
l 1180 1185
l 1153 1258
l 1195 1223
l 1295 1306
l 1308 1316
l 1382 1402
l 1399 1428
l 1482 1513
l 567 588
l 602 607
l 593 611
l 987 989
l 1018 1084
l 1173 1248
l 1139 1289
l 1289 1342
l 1335 1343
l 1366 1389
l 1412 1431
l 1487 1498
l 1503 1507
l 679 710
l 921 922
l 899 910
l 909 928
l 1003 1017
l 996 1036
l 951 1092
l 1072 1107
l 1279 1292
l 1404 1441
l 1471 1488
l 1478 1486
l 564 575
l 660 692
l 770 794
l 1016 1041
l 1036 1057
l 1036 1095
l 1111 1134
l 1127 1210
l 1188 1229
l 1397 1407
l 1408 1440
l 1417 1439
l 1445 1472
l 1401 1513
l 1496 1501
l 611 639
l 611 623
l 745 768
l 851 881
l 1013 1128
l 1128 1143
l 1071 1125
l 1079 1097
l 1013 1145
l 1160 1191
l 1230 1257
l 1351 1356
l 1376 1383
l 1388 1413
l 572 573
l 577 581
l 739 809
l 860 864
l 965 996
l 965 1013
l 1001 1064
l 1070 1104
l 1014 1061
l 1158 1186
l 1523 1528
l 1542 1544
l 1565 1572
l 1590 1598
l 1578 1612
l 1725 1760
l 1763 1834
l 1868 1883
l 1818 1865
l 1884 1901
l 1915 1938
l 1986 1994
l 1985 1989
l 2043 2055
l 2064 2082
l 1530 1531
l 1540 1546
l 1566 1588
l 1655 1666
l 1658 1672
l 1662 1671
l 1668 1681
l 1681 1689
l 1687 1698
l 1808 1881
l 1831 1904
l 1846 1909
l 1846 1929
l 1906 1927
l 1933 1936
l 1969 1979
l 1987 2012
l 2027 2047
l 1560 1577
l 1616 1621
l 1603 1642
l 1698 1719
l 1748 1769
l 1715 1833
l 1750 1837
l 1723 1805
l 1866 1867
l 1922 1932
l 1902 1937
l 1991 2009
l 2030 2039
l 2070 2096
l 1531 1541
l 1550 1552
l 1699 1700
l 1773 1779
l 1795 1838
l 1870 1882
l 1805 1925
l 1925 1965
l 1981 1998
l 2058 2078
l 2088 2092
l 1602 1618
l 1639 1641
l 1678 1679
l 1704 1727
l 1709 1722
l 1736 1772
l 1755 1783
l 1760 1819
l 1807 1815
l 1809 1848
l 1821 1852
l 1834 1860
l 1843 1862
l 1874 1889
l 1856 1910
l 1917 1928
l 1953 1959
l 2011 2038
l 2022 2026
l 2072 2084
l 2077 2087
l 1527 1534
l 1576 1591
l 1624 1635
l 1622 1636
l 1661 1664
l 1705 1738
l 1705 1721
l 1727 1742
l 1764 1766
l 1727 1774
l 1787 1803
l 1828 1884
l 1806 1835
l 1792 1878
l 1962 1972
l 1984 1990
l 2005 2013
l 2041 2044
l 2042 2061
l 2008 2096
l 2081 2086
l 2012 2080
l 1516 1517
l 1519 1522
l 1568 1575
l 1630 1632
l 1647 1686
l 1667 1677
l 1721 1725
l 1754 1796
l 1770 1846
l 1851 1895
l 1770 1924
l 1810 1905
l 1920 1924
l 1920 1985
l 1920 1987
l 1997 2019
l 1517 1529
l 1553 1557
l 1551 1560
l 1557 1573
l 1613 1640
l 1691 1704
l 1706 1749
l 1786 1825
l 1833 1857
l 1859 1873
l 2038 2046
l 2106 2110
l 2124 2126
l 2145 2150
l 2288 2289
l 2302 2332
l 2304 2355
l 2321 2359
l 2377 2389
l 2390 2401
l 2392 2409
l 2405 2422
l 2449 2452
l 2488 2500
l 2503 2508
l 2510 2528
l 2519 2529
l 2531 2540
l 2111 2112
l 2117 2125
l 2123 2128
l 2101 2133
l 2153 2159
l 2227 2235
l 2230 2234
l 2232 2243
l 2243 2251
l 2353 2403
l 2364 2407
l 2362 2417
l 2462 2475
l 2450 2466
l 2526 2536
l 2233 2234
l 2277 2318
l 2284 2330
l 2294 2310
l 2271 2354
l 2357 2395
l 2348 2391
l 2375 2376
l 2454 2464
l 2477 2484
l 2516 2542
l 2132 2134
l 2134 2137
l 2207 2216
l 2258 2259
l 2328 2358
l 2469 2481
l 2534 2538
l 2147 2148
l 2147 2158
l 2154 2196
l 2170 2195
l 2177 2192
l 2212 2225
l 2240 2241
l 2262 2265
l 2272 2282
l 2336 2340
l 2346 2363
l 2355 2370
l 2360 2372
l 2331 2373
l 2410 2416
l 2427 2431
l 2427 2437
l 2456 2473
l 2465 2483
l 2476 2497
l 2518 2530
l 2523 2533
l 2128 2140
l 2156 2167
l 2164 2169
l 2201 2210
l 2263 2276
l 2281 2320
l 2280 2315
l 2341 2342
l 2324 2333
l 2303 2364
l 2335 2356
l 2326 2385
l 2368 2411
l 2433 2440
l 2448 2453
l 2460 2467
l 2486 2489
l 2487 2507
l 2485 2511
l 2496 2512
l 2463 2542
l 2527 2532
l 2466 2526
l 2148 2155
l 2189 2200
l 2276 2279
l 2286 2334
l 2298 2329
l 2311 2362
l 2311 2414
l 2394 2419
l 2420 2427
l 2412 2414
l 2435 2462
l 2412 2450
l 2102 2105
l 2119 2120
l 2121 2122
l 2133 2154
l 2191 2226
l 2254 2262
l 2254 2268
l 2264 2295
l 2268 2291
l 2354 2367
l 2434 2445
l 2483 2491
l 2514 2515
l 2536 2539
l 2543 2551
l 2578 2586
l 2667 2691
l 2745 2766
l 2766 2788
l 2867 2876
l 2877 2890
l 2896 2922
l 2901 2918
l 2925 2935
l 2955 2963
l 2955 2964
l 2957 2960
l 3004 3013
l 3022 3040
l 3031 3041
l 3043 3052
l 2547 2552
l 2547 2554
l 2565 2574
l 2572 2577
l 2604 2610
l 2597 2617
l 2630 2657
l 2673 2682
l 2676 2688
l 2679 2687
l 2684 2696
l 2696 2703
l 2722 2771
l 2736 2782
l 2811 2886
l 2921 2934
l 2932 2956
l 2944 2952
l 2971 2989
l 3038 3048
l 3038 3049
l 2579 2580
l 2591 2608
l 2668 2685
l 2663 2671
l 2686 2687
l 2690 2698
l 2725 2736
l 2731 2784
l 2740 2802
l 2725 2835
l 2757 2839
l 2825 2878
l 2991 3000
l 3028 3054
l 2553 2566
l 2559 2564
l 2581 2583
l 2583 2587
l 2568 2615
l 2653 2664
l 2642 2667
l 2656 2681
l 2710 2711
l 2748 2772
l 2800 2840
l 2795 2875
l 2879 2896
l 2860 2914
l 2948 2962
l 2954 2965
l 2981 2995
l 3046 3050
l 2564 2569
l 2598 2599
l 2598 2609
l 2602 2614
l 2627 2633
l 2622 2634
l 2628 2641
l 2693 2694
l 2700 2704
l 2714 2717
l 2714 2726
l 2714 2734
l 2726 2749
l 2743 2779
l 2726 2738
l 2823 2853
l 2844 2861
l 2803 2862
l 2888 2909
l 2850 2904
l 2855 2899
l 2903 2911
l 2923 2924
l 2931 2937
l 2931 2943
l 2974 2999
l 2990 3012
l 3035 3045
l 2557 2566
l 2577 2590
l 2607 2620
l 2616 2621
l 2626 2639
l 2637 2699
l 2715 2745
l 2734 2749
l 2737 2786
l 2734 2781
l 2752 2753
l 2821 2822
l 2818 2819
l 2816 2832
l 2830 2877
l 2809 2837
l 2858 2905
l 2893 2907
l 2961 2973
l 2993 2994
l 3002 3005
l 3001 3023
l 3011 3024
l 2972 3054
l 2975 3038
l 2545 2546
l 2549 2552
l 2599 2606
l 2638 2646
l 2643 2659
l 2742 2808
l 2761 2801
l 2824 2830
l 2760 2832
l 2751 2803
l 2824 2877
l 2852 2885
l 2813 2893
l 2870 2888
l 2870 2901
l 2880 2919
l 2920 2931
l 2906 2953
l 2906 2957
l 2962 2964
l 2941 2971
l 2906 2958
l 2980 2984
l 3032 3033
l 2570 2571
l 2619 2623
l 2615 2652
l 2706 2714
l 2706 2720
l 2716 2756
l 2720 2750
l 2785 2816
l 2794 2813
l 2814 2826
l 2835 2857
l 2814 2907
l 2999 3007
l 3048 3051
