# Blender 4.5.3 LTS
# www.blender.org
mtllib proyecto.mtl
o ROOM1
v -100.915535 35.805447 -17.973209
v -189.876862 -8.049072 -17.973209
v -189.876862 35.805447 -17.973209
v -187.853699 -11.056654 64.588593
v -187.853699 -11.056654 -22.109470
v -187.853699 32.798206 -22.109470
v -193.300812 -14.257734 68.231049
v -193.300812 42.014107 68.231049
v -193.300812 -14.257734 -25.751919
v -193.300812 42.014107 -25.751919
v -54.098724 -14.257734 68.231049
v -54.098724 42.014107 68.231049
v -54.098724 -14.257734 -25.751919
v -54.098724 42.014107 -25.751919
v -54.098732 -11.056654 64.588600
v -54.098732 32.798206 64.588600
v -54.098732 32.798206 -22.109474
v -54.098732 -11.056654 -22.109474
v -187.853699 -8.049072 -17.973209
v -187.853699 32.798206 -17.973209
v -100.915535 32.798206 -17.973209
v -100.915535 -8.049072 68.231041
v -100.915535 -8.049072 64.588608
v -100.915535 35.805447 68.231041
v -189.876862 35.805447 68.231041
v -189.876862 -8.049072 68.231041
v -187.853699 -8.049072 64.588593
v -100.915527 32.798206 64.588593
vn -0.0000 -0.0000 1.0000
vn -0.0000 -1.0000 -0.0000
vn 1.0000 -0.0000 -0.0000
vn -0.0000 1.0000 -0.0000
vn -1.0000 -0.0000 -0.0000
vn -0.0000 -0.0000 -1.0000
vt 0.375000 0.500000
vt 0.375000 0.505686
vt 0.607857 0.505686
vt 0.607857 0.750000
vt 0.625000 0.750000
vt 0.625000 0.500000
vt 0.714452 0.750000
vt 0.714452 0.500000
vt 0.375000 0.000000
vt 0.375000 0.250000
vt 0.625000 0.250000
vt 0.625000 0.238073
vt 0.392145 0.238073
vt 0.392145 0.000000
vt 0.375000 0.494256
vt 0.625000 0.494256
vt 0.125000 0.500000
vt 0.125000 0.750000
vt 0.369256 0.750000
vt 0.369256 0.500000
vt 0.625000 0.000000
vt 0.584056 0.509689
vt 0.389222 0.509689
vt 0.389222 0.740311
vt 0.375000 0.750000
vt 0.597417 0.834081
vt 0.402583 0.834081
vt 0.402583 0.993851
vt 0.375000 1.000000
vt 0.875000 0.500000
vt 0.875000 0.750000
vt 0.584056 0.740311
vt 0.375000 0.755744
vt 0.392145 1.000000
vt 0.392145 0.841238
vt 0.625000 0.841238
vt 0.625000 0.755744
vt 0.630744 0.750000
vt 0.716238 0.750000
vt 0.716238 0.511927
vt 0.875000 0.511927
vt 0.630744 0.500000
vt 0.597417 0.993851
vt 0.625000 1.000000
vt 0.375000 0.410548
vt 0.625000 0.410548
vt 0.375000 0.835672
vt 0.375000 0.839452
vt 0.625000 0.839452
vt 0.607857 0.835672
vt 0.285548 0.750000
vt 0.289328 0.750000
vt 0.289328 0.505686
vt 0.285548 0.500000
s 0
usemtl interior
f 2/1/1 19/2/1 20/3/1 21/4/1 1/5/1 3/6/1
f 3/6/2 1/5/2 24/7/2 25/8/2
f 4/9/3 5/10/3 6/11/3 20/12/3 19/13/3 27/14/3
f 5/10/1 18/15/1 17/16/1 6/11/1
f 5/17/4 4/18/4 15/19/4 18/20/4
f 7/9/5 8/21/5 10/11/5 9/10/5
f 13/1/3 14/6/3 17/22/3 18/23/3 15/24/3 11/25/3
f 11/25/3 15/24/3 16/32/3 17/22/3 14/6/3 12/5/3
f 15/33/6 4/29/6 27/34/6 23/35/6 28/36/6 16/37/6
f 16/38/2 28/39/2 21/40/2 20/41/2 6/30/2 17/42/2
f 26/45/3 2/1/3 3/6/3 25/46/3
f 23/47/5 22/48/5 24/49/5 1/5/5 21/4/5 28/50/5
f 22/51/4 23/52/4 27/53/4 19/2/4 2/1/4 26/54/4
usemtl Material.002
f 9/10/6 10/11/6 14/6/6 13/1/6
f 11/25/1 12/5/1 24/26/1 22/27/1 26/28/1 7/29/1
f 9/17/2 13/1/2 11/25/2 7/18/2
f 14/6/4 10/30/4 8/31/4 12/5/4
f 7/29/1 26/28/1 25/43/1 24/26/1 12/5/1 8/44/1
o ROOM2
v -100.301270 -11.056646 309.055908
v -100.301270 32.798203 309.055908
v -189.243240 -11.056646 309.055908
v -189.243240 32.798203 309.055908
v -96.564537 -14.257727 318.861023
v -96.564537 42.014099 318.861023
v -192.979950 -14.257727 318.861023
v -192.979950 42.014099 318.861023
v -96.564545 -14.257727 68.289207
v -96.564545 42.014099 68.289207
v -192.979950 -14.257727 68.289207
v -192.979950 42.014099 68.289207
v -100.301277 -11.056646 68.289230
v -100.301277 32.798203 68.289230
v -189.243256 32.798203 68.289230
v -189.243256 -11.056646 68.289230
vn -0.0000 -0.0000 -1.0000
vn 1.0000 -0.0000 -0.0000
vn -0.0000 1.0000 -0.0000
vn -0.0000 -0.0000 1.0000
vn -1.0000 -0.0000 -0.0000
vn -0.0000 -1.0000 -0.0000
vt 0.375000 0.000000
vt 0.375000 0.250000
vt 0.625000 0.250000
vt 0.625000 0.000000
vt 0.375000 0.494256
vt 0.625000 0.494256
vt 0.125000 0.500000
vt 0.125000 0.750000
vt 0.369256 0.750000
vt 0.369256 0.500000
vt 0.625000 0.500000
vt 0.375000 0.500000
vt 0.584056 0.509689
vt 0.389221 0.509689
vt 0.389221 0.740311
vt 0.375000 0.750000
vt 0.625000 0.750000
vt 0.625000 1.000000
vt 0.375000 1.000000
vt 0.875000 0.500000
vt 0.875000 0.750000
vt 0.584056 0.740311
vt 0.375000 0.755744
vt 0.625000 0.755744
vt 0.630744 0.750000
vt 0.630744 0.500000
s 0
usemtl interior.001
f 29/55/7 31/56/7 32/57/7 30/58/7
f 31/56/8 44/59/8 43/60/8 32/57/8
f 31/61/9 29/62/9 41/63/9 44/64/9
f 39/66/7 40/65/7 43/67/7 44/68/7 41/69/7 37/70/7
f 35/61/12 39/66/12 37/70/12 33/62/12
f 37/70/7 41/69/7 42/76/7 43/67/7 40/65/7 38/71/7
f 41/77/11 29/73/11 30/72/11 42/78/11
f 42/79/12 30/75/12 32/74/12 43/80/12
usemtl Material.009
f 33/55/10 34/58/10 36/57/10 35/56/10
f 35/56/11 36/57/11 40/65/11 39/66/11
f 37/70/8 38/71/8 34/72/8 33/73/8
f 40/65/9 36/74/9 34/75/9 38/71/9
o CABECERA
v -51.388618 24.859968 -25.378609
v -51.388618 57.872849 -25.378609
v -51.388611 24.859968 68.327782
v -51.388611 57.872849 68.327782
v -58.325924 27.480246 -25.378609
v -58.325924 55.252571 -25.378609
v -58.325916 27.480246 68.327782
v -58.325916 55.252571 68.327782
v -51.388611 24.859968 59.809017
v -51.388611 24.859968 51.290257
v -51.388611 24.859968 42.771492
v -51.388615 24.859968 34.252731
v -51.388615 24.859968 25.733967
v -51.388615 24.859968 17.215204
v -51.388615 24.859968 8.696442
v -51.388615 24.859968 0.177679
v -51.388618 24.859968 -8.341084
v -51.388618 24.859968 -16.859844
v -49.911083 27.717190 -25.378609
v -48.717747 30.660271 -25.378609
v -47.816109 33.670696 -25.378609
v -47.211849 36.729530 -25.378609
v -46.908768 39.817535 -25.378609
v -46.908768 42.915283 -25.378609
v -47.211849 46.003288 -25.378609
v -47.816109 49.062122 -25.378609
v -48.717747 52.072548 -25.378609
v -49.911083 55.015629 -25.378609
v -51.388618 57.872849 -16.859844
v -51.388618 57.872849 -8.341084
v -51.388615 57.872849 0.177681
v -51.388615 57.872849 8.696444
v -51.388615 57.872849 17.215206
v -51.388615 57.872849 25.733969
v -51.388615 57.872849 34.252731
v -51.388611 57.872849 42.771492
v -51.388611 57.872849 51.290257
v -51.388611 57.872849 59.809017
v -49.911076 55.015629 68.327782
v -48.717735 52.072548 68.327782
v -47.816101 49.062122 68.327782
v -47.211842 46.003288 68.327782
v -46.908760 42.915283 68.327782
v -46.908760 39.817535 68.327782
v -47.211842 36.729530 68.327782
v -47.816101 33.670696 68.327782
v -48.717735 30.660271 68.327782
v -49.911076 27.717190 68.327782
v -57.695251 27.242039 68.327782
v -57.064590 27.003834 68.327782
v -56.433926 26.765625 68.327782
v -55.803261 26.527418 68.327782
v -55.172596 26.289211 68.327782
v -54.541931 26.051003 68.327782
v -53.911266 25.812798 68.327782
v -53.280602 25.574589 68.327782
v -52.649940 25.336382 68.327782
v -52.019276 25.098177 68.327782
v -52.019276 57.634644 68.327782
v -52.649940 57.396439 68.327782
v -53.280602 57.158230 68.327782
v -53.911266 56.920021 68.327782
v -54.541931 56.681816 68.327782
v -55.172596 56.443607 68.327782
v -55.803261 56.205399 68.327782
v -56.433926 55.967194 68.327782
v -57.064590 55.728985 68.327782
v -57.695251 55.490780 68.327782
v -57.082932 52.848915 68.327782
v -56.079025 50.373028 68.327782
v -55.320518 47.840485 68.327782
v -54.812180 45.267216 68.327782
v -54.557213 42.669411 68.327782
v -54.557213 40.063408 68.327782
v -54.812180 37.465603 68.327782
v -55.320518 34.892334 68.327782
v -56.079025 32.359791 68.327782
v -57.082932 29.883904 68.327782
v -58.325924 27.480246 -16.859844
v -58.325924 27.480246 -8.341084
v -58.325924 27.480246 0.177681
v -58.325920 27.480246 8.696445
v -58.325920 27.480246 17.215206
v -58.325920 27.480246 25.733969
v -58.325920 27.480246 34.252731
v -58.325920 27.480246 42.771492
v -58.325920 27.480246 51.290257
v -58.325916 27.480246 59.809017
v -58.325916 55.252571 59.809017
v -58.325920 55.252571 51.290257
v -58.325920 55.252571 42.771492
v -58.325920 55.252571 34.252731
v -58.325920 55.252571 25.733967
v -58.325920 55.252571 17.215204
v -58.325920 55.252571 8.696443
v -58.325924 55.252571 0.177679
v -58.325924 55.252571 -8.341084
v -58.325924 55.252571 -16.859844
v -57.082939 52.848915 -25.378609
v -56.079033 50.373028 -25.378609
v -55.320526 47.840485 -25.378609
v -54.812187 45.267216 -25.378609
v -54.557220 42.669411 -25.378609
v -54.557220 40.063408 -25.378609
v -54.812187 37.465603 -25.378609
v -55.320526 34.892334 -25.378609
v -56.079033 32.359791 -25.378609
v -57.082939 29.883904 -25.378609
v -52.019283 25.098177 -25.378609
v -52.649948 25.336382 -25.378609
v -53.280613 25.574589 -25.378609
v -53.911274 25.812798 -25.378609
v -54.541939 26.051003 -25.378609
v -55.172604 26.289211 -25.378609
v -55.803268 26.527418 -25.378609
v -56.433933 26.765625 -25.378609
v -57.064598 27.003834 -25.378609
v -57.695263 27.242039 -25.378609
v -57.695263 55.490780 -25.378609
v -57.064598 55.728985 -25.378609
v -56.433933 55.967194 -25.378609
v -55.803268 56.205399 -25.378609
v -55.172604 56.443607 -25.378609
v -54.541939 56.681816 -25.378609
v -53.911274 56.920021 -25.378609
v -53.280609 57.158230 -25.378609
v -52.649948 57.396439 -25.378609
v -52.019283 57.634644 -25.378609
v -57.695255 55.490780 59.809017
v -57.695255 55.490780 51.290257
v -57.695255 55.490780 42.771492
v -57.695255 55.490780 34.252731
v -57.695255 55.490780 25.733967
v -57.695259 55.490780 17.215204
v -57.695259 55.490780 8.696443
v -57.695259 55.490780 0.177679
v -57.695259 55.490780 -8.341084
v -57.695259 55.490780 -16.859844
v -57.064590 55.728985 59.809017
v -57.064590 55.728985 51.290257
v -57.064590 55.728985 42.771492
v -57.064590 55.728985 34.252731
v -57.064594 55.728985 25.733967
v -57.064594 55.728985 17.215204
v -57.064594 55.728985 8.696443
v -57.064594 55.728985 0.177679
v -57.064594 55.728985 -8.341084
v -57.064598 55.728985 -16.859844
v -56.433926 55.967194 59.809017
v -56.433926 55.967194 51.290257
v -56.433926 55.967194 42.771492
v -56.433929 55.967194 34.252731
v -56.433929 55.967194 25.733967
v -56.433929 55.967194 17.215204
v -56.433929 55.967194 8.696443
v -56.433929 55.967194 0.177679
v -56.433929 55.967194 -8.341084
v -56.433933 55.967194 -16.859844
v -55.803261 56.205399 59.809017
v -55.803261 56.205399 51.290257
v -55.803261 56.205399 42.771492
v -55.803265 56.205399 34.252731
v -55.803265 56.205399 25.733967
v -55.803265 56.205399 17.215204
v -55.803265 56.205399 8.696442
v -55.803268 56.205399 0.177679
v -55.803268 56.205399 -8.341084
v -55.803268 56.205399 -16.859844
v -55.172596 56.443607 59.809017
v -55.172596 56.443607 51.290257
v -55.172600 56.443607 42.771492
v -55.172600 56.443607 34.252731
v -55.172600 56.443607 25.733967
v -55.172600 56.443607 17.215204
v -55.172600 56.443607 8.696442
v -55.172600 56.443607 0.177679
v -55.172604 56.443607 -8.341084
v -55.172604 56.443607 -16.859844
v -54.541931 56.681816 59.809017
v -54.541935 56.681816 51.290257
v -54.541935 56.681816 42.771492
v -54.541935 56.681816 34.252731
v -54.541935 56.681816 25.733967
v -54.541935 56.681816 17.215204
v -54.541939 56.681816 8.696442
v -54.541939 56.681816 0.177679
v -54.541939 56.681816 -8.341084
v -54.541939 56.681816 -16.859844
v -53.911266 56.920021 59.809017
v -53.911270 56.920021 51.290257
v -53.911270 56.920021 42.771492
v -53.911270 56.920021 34.252731
v -53.911270 56.920021 25.733967
v -53.911270 56.920021 17.215204
v -53.911274 56.920021 8.696442
v -53.911274 56.920021 0.177679
v -53.911274 56.920021 -8.341084
v -53.911274 56.920021 -16.859844
v -53.280605 57.158230 59.809017
v -53.280605 57.158230 51.290257
v -53.280605 57.158230 42.771492
v -53.280605 57.158230 34.252731
v -53.280605 57.158230 25.733967
v -53.280609 57.158230 17.215204
v -53.280609 57.158230 8.696442
v -53.280609 57.158230 0.177679
v -53.280609 57.158230 -8.341084
v -53.280609 57.158230 -16.859844
v -52.649940 57.396439 59.809017
v -52.649940 57.396439 51.290257
v -52.649940 57.396439 42.771492
v -52.649940 57.396439 34.252731
v -52.649940 57.396439 25.733967
v -52.649944 57.396439 17.215204
v -52.649944 57.396439 8.696442
v -52.649944 57.396439 0.177679
v -52.649944 57.396439 -8.341084
v -52.649944 57.396439 -16.859844
v -52.019276 57.634644 59.809017
v -52.019276 57.634644 51.290257
v -52.019276 57.634644 42.771492
v -52.019276 57.634644 34.252731
v -52.019279 57.634644 25.733967
v -52.019279 57.634644 17.215204
v -52.019279 57.634644 8.696442
v -52.019279 57.634644 0.177679
v -52.019279 57.634644 -8.341084
v -52.019283 57.634644 -16.859844
v -52.019276 25.098177 59.809017
v -52.019276 25.098177 51.290257
v -52.019276 25.098177 42.771492
v -52.019276 25.098177 34.252731
v -52.019279 25.098177 25.733967
v -52.019279 25.098177 17.215204
v -52.019279 25.098177 8.696442
v -52.019279 25.098177 0.177679
v -52.019279 25.098177 -8.341084
v -52.019283 25.098177 -16.859844
v -52.649940 25.336382 59.809017
v -52.649940 25.336382 51.290257
v -52.649940 25.336382 42.771492
v -52.649940 25.336382 34.252731
v -52.649940 25.336382 25.733967
v -52.649944 25.336382 17.215204
v -52.649944 25.336382 8.696442
v -52.649944 25.336382 0.177679
v -52.649944 25.336382 -8.341084
v -52.649944 25.336382 -16.859844
v -53.280605 25.574589 59.809017
v -53.280605 25.574589 51.290257
v -53.280605 25.574589 42.771492
v -53.280605 25.574589 34.252731
v -53.280605 25.574589 25.733967
v -53.280609 25.574589 17.215204
v -53.280609 25.574589 8.696442
v -53.280609 25.574589 0.177679
v -53.280609 25.574589 -8.341084
v -53.280609 25.574589 -16.859844
v -53.911266 25.812798 59.809017
v -53.911270 25.812798 51.290257
v -53.911270 25.812798 42.771492
v -53.911270 25.812798 34.252731
v -53.911270 25.812798 25.733967
v -53.911270 25.812798 17.215204
v -53.911274 25.812798 8.696442
v -53.911274 25.812798 0.177679
v -53.911274 25.812798 -8.341084
v -53.911274 25.812798 -16.859844
v -54.541931 26.051003 59.809017
v -54.541935 26.051003 51.290257
v -54.541935 26.051003 42.771492
v -54.541935 26.051003 34.252731
v -54.541935 26.051003 25.733967
v -54.541935 26.051003 17.215204
v -54.541939 26.051003 8.696442
v -54.541939 26.051003 0.177679
v -54.541939 26.051003 -8.341084
v -54.541939 26.051003 -16.859844
v -55.172596 26.289211 59.809017
v -55.172596 26.289211 51.290257
v -55.172600 26.289211 42.771492
v -55.172600 26.289211 34.252731
v -55.172600 26.289211 25.733967
v -55.172600 26.289211 17.215204
v -55.172600 26.289211 8.696442
v -55.172600 26.289211 0.177679
v -55.172604 26.289211 -8.341084
v -55.172604 26.289211 -16.859844
v -55.803261 26.527418 59.809017
v -55.803261 26.527418 51.290257
v -55.803261 26.527418 42.771492
v -55.803265 26.527418 34.252731
v -55.803265 26.527418 25.733967
v -55.803265 26.527418 17.215204
v -55.803265 26.527418 8.696442
v -55.803268 26.527418 0.177679
v -55.803268 26.527418 -8.341084
v -55.803268 26.527418 -16.859844
v -56.433926 26.765625 59.809017
v -56.433926 26.765625 51.290257
v -56.433926 26.765625 42.771492
v -56.433929 26.765625 34.252731
v -56.433929 26.765625 25.733967
v -56.433929 26.765625 17.215204
v -56.433929 26.765625 8.696443
v -56.433929 26.765625 0.177679
v -56.433929 26.765625 -8.341084
v -56.433933 26.765625 -16.859844
v -57.064590 27.003834 59.809017
v -57.064590 27.003834 51.290257
v -57.064590 27.003834 42.771492
v -57.064590 27.003834 34.252731
v -57.064594 27.003834 25.733967
v -57.064594 27.003834 17.215204
v -57.064594 27.003834 8.696443
v -57.064594 27.003834 0.177679
v -57.064594 27.003834 -8.341084
v -57.064598 27.003834 -16.859844
v -57.695255 27.242039 59.809017
v -57.695255 27.242039 51.290257
v -57.695255 27.242039 42.771492
v -57.695255 27.242039 34.252731
v -57.695255 27.242039 25.733967
v -57.695259 27.242039 17.215204
v -57.695259 27.242039 8.696443
v -57.695259 27.242039 0.177679
v -57.695259 27.242039 -8.341084
v -57.695259 27.242039 -16.859844
v -56.430950 29.686930 -25.378609
v -55.778965 29.489956 -25.378609
v -55.126976 29.292980 -25.378609
v -54.474991 29.096008 -25.378609
v -53.823002 28.899035 -25.378609
v -53.171017 28.702061 -25.378609
v -52.519028 28.505085 -25.378609
v -51.867043 28.308113 -25.378609
v -51.215057 28.111137 -25.378609
v -50.563068 27.914162 -25.378609
v -55.409828 32.205288 -25.378609
v -54.740620 32.050789 -25.378609
v -54.071411 31.896286 -25.378609
v -53.402203 31.741783 -25.378609
v -52.732994 31.587282 -25.378609
v -52.063786 31.432779 -25.378609
v -51.394577 31.278278 -25.378609
v -50.725368 31.123775 -25.378609
v -50.056160 30.969273 -25.378609
v -49.386951 30.814772 -25.378609
v -54.638306 34.781277 -25.378609
v -53.956085 34.670219 -25.378609
v -53.273869 34.559158 -25.378609
v -52.591648 34.448101 -25.378609
v -51.909428 34.337044 -25.378609
v -51.227207 34.225986 -25.378609
v -50.544987 34.114929 -25.378609
v -49.862770 34.003868 -25.378609
v -49.180550 33.892811 -25.378609
v -48.498329 33.781754 -25.378609
v -54.121250 37.398685 -25.378609
v -53.430309 37.331772 -25.378609
v -52.739368 37.264854 -25.378609
v -52.048431 37.197941 -25.378609
v -51.357491 37.131023 -25.378609
v -50.666550 37.064110 -25.378609
v -49.975609 36.997192 -25.378609
v -49.284668 36.930279 -25.378609
v -48.593731 36.863361 -25.378609
v -47.902790 36.796448 -25.378609
v -53.861904 40.041058 -25.378609
v -53.166592 40.018703 -25.378609
v -52.471279 39.996353 -25.378609
v -51.775963 39.973999 -25.378609
v -51.080650 39.951649 -25.378609
v -50.385338 39.929295 -25.378609
v -49.690022 39.906944 -25.378609
v -48.994709 39.884590 -25.378609
v -48.299397 39.862240 -25.378609
v -47.604080 39.839890 -25.378609
v -53.861904 42.691761 -25.378609
v -53.166592 42.714115 -25.378609
v -52.471279 42.736465 -25.378609
v -51.775963 42.758820 -25.378609
v -51.080650 42.781170 -25.378609
v -50.385338 42.803524 -25.378609
v -49.690022 42.825874 -25.378609
v -48.994709 42.848228 -25.378609
v -48.299397 42.870579 -25.378609
v -47.604080 42.892933 -25.378609
v -54.121250 45.334133 -25.378609
v -53.430309 45.401047 -25.378609
v -52.739368 45.467964 -25.378609
v -52.048431 45.534878 -25.378609
v -51.357491 45.601795 -25.378609
v -50.666550 45.668709 -25.378609
v -49.975609 45.735626 -25.378609
v -49.284668 45.802540 -25.378609
v -48.593731 45.869457 -25.378609
v -47.902790 45.936371 -25.378609
v -54.638306 47.951542 -25.378609
v -53.956085 48.062599 -25.378609
v -53.273869 48.173660 -25.378609
v -52.591648 48.284718 -25.378609
v -51.909428 48.395775 -25.378609
v -51.227207 48.506832 -25.378609
v -50.544987 48.617889 -25.378609
v -49.862770 48.728951 -25.378609
v -49.180550 48.840008 -25.378609
v -48.498329 48.951065 -25.378609
v -55.409828 50.527531 -25.378609
v -54.740620 50.682030 -25.378609
v -54.071411 50.836533 -25.378609
v -53.402203 50.991035 -25.378609
v -52.732994 51.145538 -25.378609
v -52.063786 51.300041 -25.378609
v -51.394577 51.454540 -25.378609
v -50.725368 51.609043 -25.378609
v -50.056160 51.763546 -25.378609
v -49.386951 51.918045 -25.378609
v -56.430950 53.045891 -25.378609
v -55.778965 53.242863 -25.378609
v -55.126976 53.439838 -25.378609
v -54.474991 53.636810 -25.378609
v -53.823002 53.833786 -25.378609
v -53.171017 54.030758 -25.378609
v -52.519028 54.227734 -25.378609
v -51.867043 54.424706 -25.378609
v -51.215057 54.621681 -25.378609
v -50.563068 54.818657 -25.378609
v -57.082932 29.883904 59.809017
v -57.082932 29.883904 51.290257
v -57.082932 29.883904 42.771492
v -57.082932 29.883904 34.252731
v -57.082932 29.883904 25.733967
v -57.082935 29.883904 17.215204
v -57.082935 29.883904 8.696443
v -57.082935 29.883904 0.177679
v -57.082935 29.883904 -8.341084
v -57.082939 29.883904 -16.859844
v -56.079025 32.359791 59.809017
v -56.079029 32.359791 51.290257
v -56.079029 32.359791 42.771492
v -56.079029 32.359791 34.252731
v -56.079029 32.359791 25.733967
v -56.079029 32.359791 17.215204
v -56.079033 32.359791 8.696442
v -56.079033 32.359791 0.177679
v -56.079033 32.359791 -8.341084
v -56.079033 32.359791 -16.859844
v -55.320518 34.892334 59.809017
v -55.320518 34.892334 51.290257
v -55.320522 34.892334 42.771492
v -55.320522 34.892334 34.252731
v -55.320522 34.892334 25.733967
v -55.320522 34.892334 17.215204
v -55.320522 34.892334 8.696442
v -55.320526 34.892334 0.177679
v -55.320526 34.892334 -8.341084
v -55.320526 34.892334 -16.859844
v -54.812180 37.465603 59.809017
v -54.812183 37.465603 51.290257
v -54.812183 37.465603 42.771492
v -54.812183 37.465603 34.252731
v -54.812183 37.465603 25.733967
v -54.812187 37.465603 17.215204
v -54.812187 37.465603 8.696442
v -54.812187 37.465603 0.177679
v -54.812187 37.465603 -8.341084
v -54.812187 37.465603 -16.859844
v -54.557213 40.063408 59.809017
v -54.557213 40.063408 51.290257
v -54.557213 40.063408 42.771492
v -54.557213 40.063408 34.252731
v -54.557213 40.063408 25.733967
v -54.557217 40.063408 17.215204
v -54.557217 40.063408 8.696442
v -54.557217 40.063408 0.177679
v -54.557217 40.063408 -8.341084
v -54.557217 40.063408 -16.859844
v -54.557213 42.669411 59.809017
v -54.557213 42.669411 51.290257
v -54.557213 42.669411 42.771492
v -54.557213 42.669411 34.252731
v -54.557213 42.669411 25.733967
v -54.557217 42.669411 17.215204
v -54.557217 42.669411 8.696442
v -54.557217 42.669411 0.177679
v -54.557217 42.669411 -8.341084
v -54.557217 42.669411 -16.859844
v -54.812180 45.267216 59.809017
v -54.812183 45.267216 51.290257
v -54.812183 45.267216 42.771492
v -54.812183 45.267216 34.252731
v -54.812183 45.267216 25.733967
v -54.812187 45.267216 17.215204
v -54.812187 45.267216 8.696442
v -54.812187 45.267216 0.177679
v -54.812187 45.267216 -8.341084
v -54.812187 45.267216 -16.859844
v -55.320518 47.840485 59.809017
v -55.320518 47.840485 51.290257
v -55.320522 47.840485 42.771492
v -55.320522 47.840485 34.252731
v -55.320522 47.840485 25.733967
v -55.320522 47.840485 17.215204
v -55.320522 47.840485 8.696442
v -55.320526 47.840485 0.177679
v -55.320526 47.840485 -8.341084
v -55.320526 47.840485 -16.859844
v -56.079025 50.373028 59.809017
v -56.079029 50.373028 51.290257
v -56.079029 50.373028 42.771492
v -56.079029 50.373028 34.252731
v -56.079029 50.373028 25.733967
v -56.079029 50.373028 17.215204
v -56.079033 50.373028 8.696442
v -56.079033 50.373028 0.177679
v -56.079033 50.373028 -8.341084
v -56.079033 50.373028 -16.859844
v -57.082932 52.848915 59.809017
v -57.082932 52.848915 51.290257
v -57.082932 52.848915 42.771492
v -57.082932 52.848915 34.252731
v -57.082932 52.848915 25.733967
v -57.082935 52.848915 17.215204
v -57.082935 52.848915 8.696443
v -57.082935 52.848915 0.177679
v -57.082935 52.848915 -8.341084
v -57.082939 52.848915 -16.859844
v -50.563061 27.914162 68.327782
v -51.215046 28.111137 68.327782
v -51.867035 28.308113 68.327782
v -52.519020 28.505085 68.327782
v -53.171009 28.702061 68.327782
v -53.822994 28.899035 68.327782
v -54.474983 29.096008 68.327782
v -55.126968 29.292980 68.327782
v -55.778954 29.489956 68.327782
v -56.430943 29.686930 68.327782
v -49.386944 30.814772 68.327782
v -50.056152 30.969273 68.327782
v -50.725361 31.123775 68.327782
v -51.394569 31.278278 68.327782
v -52.063778 31.432779 68.327782
v -52.732986 31.587282 68.327782
v -53.402195 31.741783 68.327782
v -54.071404 31.896286 68.327782
v -54.740608 32.050789 68.327782
v -55.409817 32.205288 68.327782
v -48.498322 33.781754 68.327782
v -49.180542 33.892811 68.327782
v -49.862759 34.003868 68.327782
v -50.544979 34.114929 68.327782
v -51.227200 34.225986 68.327782
v -51.909420 34.337044 68.327782
v -52.591640 34.448101 68.327782
v -53.273861 34.559158 68.327782
v -53.956078 34.670219 68.327782
v -54.638298 34.781277 68.327782
v -47.902782 36.796448 68.327782
v -48.593723 36.863361 68.327782
v -49.284660 36.930279 68.327782
v -49.975601 36.997192 68.327782
v -50.666542 37.064110 68.327782
v -51.357483 37.131023 68.327782
v -52.048420 37.197941 68.327782
v -52.739361 37.264854 68.327782
v -53.430302 37.331772 68.327782
v -54.121243 37.398685 68.327782
v -47.604073 39.839886 68.327782
v -48.299389 39.862240 68.327782
v -48.994701 39.884590 68.327782
v -49.690014 39.906944 68.327782
v -50.385330 39.929295 68.327782
v -51.080643 39.951649 68.327782
v -51.775955 39.973999 68.327782
v -52.471272 39.996353 68.327782
v -53.166584 40.018703 68.327782
v -53.861897 40.041058 68.327782
v -47.604073 42.892929 68.327782
v -48.299389 42.870579 68.327782
v -48.994701 42.848225 68.327782
v -49.690014 42.825874 68.327782
v -50.385330 42.803524 68.327782
v -51.080643 42.781170 68.327782
v -51.775955 42.758820 68.327782
v -52.471272 42.736465 68.327782
v -53.166584 42.714115 68.327782
v -53.861897 42.691761 68.327782
v -47.902782 45.936371 68.327782
v -48.593723 45.869457 68.327782
v -49.284660 45.802540 68.327782
v -49.975601 45.735626 68.327782
v -50.666542 45.668709 68.327782
v -51.357483 45.601795 68.327782
v -52.048420 45.534878 68.327782
v -52.739361 45.467964 68.327782
v -53.430302 45.401047 68.327782
v -54.121243 45.334133 68.327782
v -48.498322 48.951065 68.327782
v -49.180542 48.840008 68.327782
v -49.862759 48.728951 68.327782
v -50.544979 48.617889 68.327782
v -51.227200 48.506832 68.327782
v -51.909420 48.395775 68.327782
v -52.591640 48.284718 68.327782
v -53.273861 48.173660 68.327782
v -53.956078 48.062599 68.327782
v -54.638298 47.951542 68.327782
v -49.386944 51.918045 68.327782
v -50.056152 51.763546 68.327782
v -50.725361 51.609043 68.327782
v -51.394569 51.454540 68.327782
v -52.063778 51.300041 68.327782
v -52.732986 51.145538 68.327782
v -53.402195 50.991035 68.327782
v -54.071404 50.836533 68.327782
v -54.740608 50.682030 68.327782
v -55.409817 50.527531 68.327782
v -50.563061 54.818657 68.327782
v -51.215046 54.621681 68.327782
v -51.867035 54.424706 68.327782
v -52.519020 54.227734 68.327782
v -53.171009 54.030758 68.327782
v -53.822994 53.833786 68.327782
v -54.474983 53.636810 68.327782
v -55.126968 53.439838 68.327782
v -55.778954 53.242863 68.327782
v -56.430943 53.045891 68.327782
v -49.911079 27.717190 -16.859844
v -49.911079 27.717190 -8.341084
v -49.911079 27.717190 0.177681
v -49.911079 27.717190 8.696444
v -49.911079 27.717190 17.215206
v -49.911079 27.717190 25.733969
v -49.911076 27.717190 34.252731
v -49.911076 27.717190 42.771492
v -49.911076 27.717190 51.290257
v -49.911076 27.717190 59.809017
v -48.717743 30.660271 -16.859844
v -48.717743 30.660271 -8.341084
v -48.717743 30.660271 0.177681
v -48.717743 30.660271 8.696444
v -48.717743 30.660271 17.215206
v -48.717739 30.660271 25.733969
v -48.717739 30.660271 34.252731
v -48.717739 30.660271 42.771492
v -48.717739 30.660271 51.290257
v -48.717739 30.660271 59.809017
v -47.816109 33.670696 -16.859844
v -47.816109 33.670696 -8.341084
v -47.816109 33.670696 0.177681
v -47.816105 33.670696 8.696444
v -47.816105 33.670696 17.215206
v -47.816105 33.670696 25.733969
v -47.816105 33.670696 34.252731
v -47.816105 33.670696 42.771492
v -47.816101 33.670696 51.290257
v -47.816101 33.670696 59.809017
v -47.211849 36.729530 -16.859844
v -47.211849 36.729530 -8.341084
v -47.211849 36.729530 0.177681
v -47.211849 36.729530 8.696444
v -47.211845 36.729530 17.215206
v -47.211845 36.729530 25.733969
v -47.211845 36.729530 34.252731
v -47.211845 36.729530 42.771492
v -47.211845 36.729530 51.290257
v -47.211842 36.729530 59.809017
v -46.908768 39.817535 -16.859844
v -46.908768 39.817535 -8.341084
v -46.908768 39.817535 0.177681
v -46.908764 39.817535 8.696444
v -46.908764 39.817535 17.215206
v -46.908764 39.817535 25.733969
v -46.908764 39.817535 34.252731
v -46.908760 39.817535 42.771492
v -46.908760 39.817535 51.290257
v -46.908760 39.817535 59.809017
v -46.908768 42.915283 -16.859844
v -46.908768 42.915283 -8.341084
v -46.908768 42.915283 0.177681
v -46.908764 42.915283 8.696444
v -46.908764 42.915283 17.215206
v -46.908764 42.915283 25.733969
v -46.908764 42.915283 34.252731
v -46.908760 42.915283 42.771492
v -46.908760 42.915283 51.290257
v -46.908760 42.915283 59.809017
v -47.211849 46.003288 -16.859844
v -47.211849 46.003288 -8.341084
v -47.211849 46.003288 0.177681
v -47.211849 46.003288 8.696444
v -47.211845 46.003288 17.215206
v -47.211845 46.003288 25.733969
v -47.211845 46.003288 34.252731
v -47.211845 46.003288 42.771492
v -47.211845 46.003288 51.290257
v -47.211842 46.003288 59.809017
v -47.816109 49.062122 -16.859844
v -47.816109 49.062122 -8.341084
v -47.816109 49.062122 0.177681
v -47.816105 49.062122 8.696444
v -47.816105 49.062122 17.215206
v -47.816105 49.062122 25.733969
v -47.816105 49.062122 34.252731
v -47.816105 49.062122 42.771492
v -47.816101 49.062122 51.290257
v -47.816101 49.062122 59.809017
v -48.717743 52.072548 -16.859844
v -48.717743 52.072548 -8.341084
v -48.717743 52.072548 0.177681
v -48.717743 52.072548 8.696444
v -48.717743 52.072548 17.215206
v -48.717739 52.072548 25.733969
v -48.717739 52.072548 34.252731
v -48.717739 52.072548 42.771492
v -48.717739 52.072548 51.290257
v -48.717739 52.072548 59.809017
v -49.911079 55.015629 -16.859844
v -49.911079 55.015629 -8.341084
v -49.911079 55.015629 0.177681
v -49.911079 55.015629 8.696444
v -49.911079 55.015629 17.215206
v -49.911079 55.015629 25.733969
v -49.911076 55.015629 34.252731
v -49.911076 55.015629 42.771492
v -49.911076 55.015629 51.290257
v -49.911076 55.015629 59.809017
vn 0.8883 0.4593 -0.0000
vn -0.0000 -0.0000 1.0000
vn -0.8883 -0.4593 -0.0000
vn -0.0000 -0.0000 -1.0000
vn -0.3533 -0.9355 -0.0000
vn -0.3533 0.9355 -0.0000
vn -0.8883 0.4593 -0.0000
vn -0.9267 0.3758 -0.0000
vn -0.9580 0.2869 -0.0000
vn -0.9810 0.1938 -0.0000
vn -0.9952 0.0977 -0.0000
vn -1.0000 -0.0000 -0.0000
vn -0.9952 -0.0977 -0.0000
vn -0.9810 -0.1938 -0.0000
vn -0.9580 -0.2869 -0.0000
vn -0.9267 -0.3758 -0.0000
vn 0.8883 -0.4593 -0.0000
vn 0.9267 -0.3758 -0.0000
vn 0.9580 -0.2869 -0.0000
vn 0.9810 -0.1938 -0.0000
vn 0.9952 -0.0977 -0.0000
vn 1.0000 -0.0000 -0.0000
vn 0.9952 0.0977 -0.0000
vn 0.9810 0.1938 -0.0000
vn 0.9580 0.2869 -0.0000
vn 0.9267 0.3758 -0.0000
vt 0.602273 0.227273
vt 0.625000 0.227273
vt 0.625000 0.250000
vt 0.602273 0.250000
vt 0.602273 0.477273
vt 0.625000 0.477273
vt 0.625000 0.500000
vt 0.602273 0.500000
vt 0.602273 0.727273
vt 0.625000 0.727273
vt 0.625000 0.750000
vt 0.602273 0.750000
vt 0.602273 0.977273
vt 0.625000 0.977273
vt 0.625000 1.000000
vt 0.602273 1.000000
vt 0.352273 0.727273
vt 0.375000 0.727273
vt 0.375000 0.750000
vt 0.352273 0.750000
vt 0.852273 0.727273
vt 0.875000 0.727273
vt 0.875000 0.750000
vt 0.852273 0.750000
vt 0.647727 0.727273
vt 0.647727 0.750000
vt 0.670455 0.727273
vt 0.670455 0.750000
vt 0.693182 0.727273
vt 0.693182 0.750000
vt 0.715909 0.727273
vt 0.715909 0.750000
vt 0.738636 0.727273
vt 0.738636 0.750000
vt 0.761364 0.727273
vt 0.761364 0.750000
vt 0.784091 0.727273
vt 0.784091 0.750000
vt 0.806818 0.727273
vt 0.806818 0.750000
vt 0.829545 0.727273
vt 0.829545 0.750000
vt 0.647727 0.500000
vt 0.647727 0.522727
vt 0.625000 0.522727
vt 0.647727 0.545455
vt 0.625000 0.545455
vt 0.647727 0.568182
vt 0.625000 0.568182
vt 0.647727 0.590909
vt 0.625000 0.590909
vt 0.647727 0.613636
vt 0.625000 0.613636
vt 0.647727 0.636364
vt 0.625000 0.636364
vt 0.647727 0.659091
vt 0.625000 0.659091
vt 0.647727 0.681818
vt 0.625000 0.681818
vt 0.647727 0.704545
vt 0.625000 0.704545
vt 0.670455 0.500000
vt 0.670455 0.522727
vt 0.670455 0.545455
vt 0.670455 0.568182
vt 0.670455 0.590909
vt 0.670455 0.613636
vt 0.670455 0.636364
vt 0.670455 0.659091
vt 0.670455 0.681818
vt 0.670455 0.704545
vt 0.693182 0.500000
vt 0.693182 0.522727
vt 0.693182 0.545455
vt 0.693182 0.568182
vt 0.693182 0.590909
vt 0.693182 0.613636
vt 0.693182 0.636364
vt 0.693182 0.659091
vt 0.693182 0.681818
vt 0.693182 0.704545
vt 0.715909 0.500000
vt 0.715909 0.522727
vt 0.715909 0.545455
vt 0.715909 0.568182
vt 0.715909 0.590909
vt 0.715909 0.613636
vt 0.715909 0.636364
vt 0.715909 0.659091
vt 0.715909 0.681818
vt 0.715909 0.704545
vt 0.738636 0.500000
vt 0.738636 0.522727
vt 0.738636 0.545455
vt 0.738636 0.568182
vt 0.738636 0.590909
vt 0.738636 0.613636
vt 0.738636 0.636364
vt 0.738636 0.659091
vt 0.738636 0.681818
vt 0.738636 0.704545
vt 0.761364 0.500000
vt 0.761364 0.522727
vt 0.761364 0.545455
vt 0.761364 0.568182
vt 0.761364 0.590909
vt 0.761364 0.613636
vt 0.761364 0.636364
vt 0.761364 0.659091
vt 0.761364 0.681818
vt 0.761364 0.704545
vt 0.784091 0.500000
vt 0.784091 0.522727
vt 0.784091 0.545455
vt 0.784091 0.568182
vt 0.784091 0.590909
vt 0.784091 0.613636
vt 0.784091 0.636364
vt 0.784091 0.659091
vt 0.784091 0.681818
vt 0.784091 0.704545
vt 0.806818 0.500000
vt 0.806818 0.522727
vt 0.806818 0.545455
vt 0.806818 0.568182
vt 0.806818 0.590909
vt 0.806818 0.613636
vt 0.806818 0.636364
vt 0.806818 0.659091
vt 0.806818 0.681818
vt 0.806818 0.704545
vt 0.829545 0.500000
vt 0.829545 0.522727
vt 0.829545 0.545455
vt 0.829545 0.568182
vt 0.829545 0.590909
vt 0.829545 0.613636
vt 0.829545 0.636364
vt 0.829545 0.659091
vt 0.829545 0.681818
vt 0.829545 0.704545
vt 0.852273 0.500000
vt 0.852273 0.522727
vt 0.852273 0.545455
vt 0.852273 0.568182
vt 0.852273 0.590909
vt 0.852273 0.613636
vt 0.852273 0.636364
vt 0.852273 0.659091
vt 0.852273 0.681818
vt 0.852273 0.704545
vt 0.875000 0.500000
vt 0.875000 0.522727
vt 0.875000 0.545455
vt 0.875000 0.568182
vt 0.875000 0.590909
vt 0.875000 0.613636
vt 0.875000 0.636364
vt 0.875000 0.659091
vt 0.875000 0.681818
vt 0.875000 0.704545
vt 0.125000 0.727273
vt 0.147727 0.727273
vt 0.147727 0.750000
vt 0.125000 0.750000
vt 0.170455 0.727273
vt 0.170455 0.750000
vt 0.193182 0.727273
vt 0.193182 0.750000
vt 0.215909 0.727273
vt 0.215909 0.750000
vt 0.238636 0.727273
vt 0.238636 0.750000
vt 0.261364 0.727273
vt 0.261364 0.750000
vt 0.284091 0.727273
vt 0.284091 0.750000
vt 0.306818 0.727273
vt 0.306818 0.750000
vt 0.329545 0.727273
vt 0.329545 0.750000
vt 0.125000 0.500000
vt 0.147727 0.500000
vt 0.147727 0.522727
vt 0.125000 0.522727
vt 0.147727 0.545455
vt 0.125000 0.545455
vt 0.147727 0.568182
vt 0.125000 0.568182
vt 0.147727 0.590909
vt 0.125000 0.590909
vt 0.147727 0.613636
vt 0.125000 0.613636
vt 0.147727 0.636364
vt 0.125000 0.636364
vt 0.147727 0.659091
vt 0.125000 0.659091
vt 0.147727 0.681818
vt 0.125000 0.681818
vt 0.147727 0.704545
vt 0.125000 0.704545
vt 0.170455 0.500000
vt 0.170455 0.522727
vt 0.170455 0.545455
vt 0.170455 0.568182
vt 0.170455 0.590909
vt 0.170455 0.613636
vt 0.170455 0.636364
vt 0.170455 0.659091
vt 0.170455 0.681818
vt 0.170455 0.704545
vt 0.193182 0.500000
vt 0.193182 0.522727
vt 0.193182 0.545455
vt 0.193182 0.568182
vt 0.193182 0.590909
vt 0.193182 0.613636
vt 0.193182 0.636364
vt 0.193182 0.659091
vt 0.193182 0.681818
vt 0.193182 0.704545
vt 0.215909 0.500000
vt 0.215909 0.522727
vt 0.215909 0.545455
vt 0.215909 0.568182
vt 0.215909 0.590909
vt 0.215909 0.613636
vt 0.215909 0.636364
vt 0.215909 0.659091
vt 0.215909 0.681818
vt 0.215909 0.704545
vt 0.238636 0.500000
vt 0.238636 0.522727
vt 0.238636 0.545455
vt 0.238636 0.568182
vt 0.238636 0.590909
vt 0.238636 0.613636
vt 0.238636 0.636364
vt 0.238636 0.659091
vt 0.238636 0.681818
vt 0.238636 0.704545
vt 0.261364 0.500000
vt 0.261364 0.522727
vt 0.261364 0.545455
vt 0.261364 0.568182
vt 0.261364 0.590909
vt 0.261364 0.613636
vt 0.261364 0.636364
vt 0.261364 0.659091
vt 0.261364 0.681818
vt 0.261364 0.704545
vt 0.284091 0.500000
vt 0.284091 0.522727
vt 0.284091 0.545455
vt 0.284091 0.568182
vt 0.284091 0.590909
vt 0.284091 0.613636
vt 0.284091 0.636364
vt 0.284091 0.659091
vt 0.284091 0.681818
vt 0.284091 0.704545
vt 0.306818 0.500000
vt 0.306818 0.522727
vt 0.306818 0.545455
vt 0.306818 0.568182
vt 0.306818 0.590909
vt 0.306818 0.613636
vt 0.306818 0.636364
vt 0.306818 0.659091
vt 0.306818 0.681818
vt 0.306818 0.704545
vt 0.329545 0.500000
vt 0.329545 0.522727
vt 0.329545 0.545455
vt 0.329545 0.568182
vt 0.329545 0.590909
vt 0.329545 0.613636
vt 0.329545 0.636364
vt 0.329545 0.659091
vt 0.329545 0.681818
vt 0.329545 0.704545
vt 0.352273 0.500000
vt 0.352273 0.522727
vt 0.352273 0.545455
vt 0.352273 0.568182
vt 0.352273 0.590909
vt 0.352273 0.613636
vt 0.352273 0.636364
vt 0.352273 0.659091
vt 0.352273 0.681818
vt 0.352273 0.704545
vt 0.375000 0.500000
vt 0.375000 0.522727
vt 0.375000 0.545455
vt 0.375000 0.568182
vt 0.375000 0.590909
vt 0.375000 0.613636
vt 0.375000 0.636364
vt 0.375000 0.659091
vt 0.375000 0.681818
vt 0.375000 0.704545
vt 0.375000 0.977273
vt 0.397727 0.977273
vt 0.397727 1.000000
vt 0.375000 1.000000
vt 0.420455 0.977273
vt 0.420455 1.000000
vt 0.443182 0.977273
vt 0.443182 1.000000
vt 0.465909 0.977273
vt 0.465909 1.000000
vt 0.488636 0.977273
vt 0.488636 1.000000
vt 0.511364 0.977273
vt 0.511364 1.000000
vt 0.534091 0.977273
vt 0.534091 1.000000
vt 0.556818 0.977273
vt 0.556818 1.000000
vt 0.579545 0.977273
vt 0.579545 1.000000
vt 0.397727 0.750000
vt 0.397727 0.772727
vt 0.375000 0.772727
vt 0.397727 0.795455
vt 0.375000 0.795455
vt 0.397727 0.818182
vt 0.375000 0.818182
vt 0.397727 0.840909
vt 0.375000 0.840909
vt 0.397727 0.863636
vt 0.375000 0.863636
vt 0.397727 0.886364
vt 0.375000 0.886364
vt 0.397727 0.909091
vt 0.375000 0.909091
vt 0.397727 0.931818
vt 0.375000 0.931818
vt 0.397727 0.954545
vt 0.375000 0.954545
vt 0.420455 0.750000
vt 0.420455 0.772727
vt 0.420455 0.795455
vt 0.420455 0.818182
vt 0.420455 0.840909
vt 0.420455 0.863636
vt 0.420455 0.886364
vt 0.420455 0.909091
vt 0.420455 0.931818
vt 0.420455 0.954545
vt 0.443182 0.750000
vt 0.443182 0.772727
vt 0.443182 0.795455
vt 0.443182 0.818182
vt 0.443182 0.840909
vt 0.443182 0.863636
vt 0.443182 0.886364
vt 0.443182 0.909091
vt 0.443182 0.931818
vt 0.443182 0.954545
vt 0.465909 0.750000
vt 0.465909 0.772727
vt 0.465909 0.795455
vt 0.465909 0.818182
vt 0.465909 0.840909
vt 0.465909 0.863636
vt 0.465909 0.886364
vt 0.465909 0.909091
vt 0.465909 0.931818
vt 0.465909 0.954545
vt 0.488636 0.750000
vt 0.488636 0.772727
vt 0.488636 0.795455
vt 0.488636 0.818182
vt 0.488636 0.840909
vt 0.488636 0.863636
vt 0.488636 0.886364
vt 0.488636 0.909091
vt 0.488636 0.931818
vt 0.488636 0.954545
vt 0.511364 0.750000
vt 0.511364 0.772727
vt 0.511364 0.795455
vt 0.511364 0.818182
vt 0.511364 0.840909
vt 0.511364 0.863636
vt 0.511364 0.886364
vt 0.511364 0.909091
vt 0.511364 0.931818
vt 0.511364 0.954545
vt 0.534091 0.750000
vt 0.534091 0.772727
vt 0.534091 0.795455
vt 0.534091 0.818182
vt 0.534091 0.840909
vt 0.534091 0.863636
vt 0.534091 0.886364
vt 0.534091 0.909091
vt 0.534091 0.931818
vt 0.534091 0.954545
vt 0.556818 0.750000
vt 0.556818 0.772727
vt 0.556818 0.795455
vt 0.556818 0.818182
vt 0.556818 0.840909
vt 0.556818 0.863636
vt 0.556818 0.886364
vt 0.556818 0.909091
vt 0.556818 0.931818
vt 0.556818 0.954545
vt 0.579545 0.750000
vt 0.579545 0.772727
vt 0.579545 0.795455
vt 0.579545 0.818182
vt 0.579545 0.840909
vt 0.579545 0.863636
vt 0.579545 0.886364
vt 0.579545 0.909091
vt 0.579545 0.931818
vt 0.579545 0.954545
vt 0.602273 0.772727
vt 0.602273 0.795455
vt 0.602273 0.818182
vt 0.602273 0.840909
vt 0.602273 0.863636
vt 0.602273 0.886364
vt 0.602273 0.909091
vt 0.602273 0.931818
vt 0.602273 0.954545
vt 0.625000 0.772727
vt 0.625000 0.795455
vt 0.625000 0.818182
vt 0.625000 0.840909
vt 0.625000 0.863636
vt 0.625000 0.886364
vt 0.625000 0.909091
vt 0.625000 0.931818
vt 0.625000 0.954545
vt 0.397727 0.727273
vt 0.420455 0.727273
vt 0.443182 0.727273
vt 0.465909 0.727273
vt 0.488636 0.727273
vt 0.511364 0.727273
vt 0.534091 0.727273
vt 0.556818 0.727273
vt 0.579545 0.727273
vt 0.397727 0.500000
vt 0.397727 0.522727
vt 0.397727 0.545455
vt 0.397727 0.568182
vt 0.397727 0.590909
vt 0.397727 0.613636
vt 0.397727 0.636364
vt 0.397727 0.659091
vt 0.397727 0.681818
vt 0.397727 0.704545
vt 0.420455 0.500000
vt 0.420455 0.522727
vt 0.420455 0.545455
vt 0.420455 0.568182
vt 0.420455 0.590909
vt 0.420455 0.613636
vt 0.420455 0.636364
vt 0.420455 0.659091
vt 0.420455 0.681818
vt 0.420455 0.704545
vt 0.443182 0.500000
vt 0.443182 0.522727
vt 0.443182 0.545455
vt 0.443182 0.568182
vt 0.443182 0.590909
vt 0.443182 0.613636
vt 0.443182 0.636364
vt 0.443182 0.659091
vt 0.443182 0.681818
vt 0.443182 0.704545
vt 0.465909 0.500000
vt 0.465909 0.522727
vt 0.465909 0.545455
vt 0.465909 0.568182
vt 0.465909 0.590909
vt 0.465909 0.613636
vt 0.465909 0.636364
vt 0.465909 0.659091
vt 0.465909 0.681818
vt 0.465909 0.704545
vt 0.488636 0.500000
vt 0.488636 0.522727
vt 0.488636 0.545455
vt 0.488636 0.568182
vt 0.488636 0.590909
vt 0.488636 0.613636
vt 0.488636 0.636364
vt 0.488636 0.659091
vt 0.488636 0.681818
vt 0.488636 0.704545
vt 0.511364 0.500000
vt 0.511364 0.522727
vt 0.511364 0.545455
vt 0.511364 0.568182
vt 0.511364 0.590909
vt 0.511364 0.613636
vt 0.511364 0.636364
vt 0.511364 0.659091
vt 0.511364 0.681818
vt 0.511364 0.704545
vt 0.534091 0.500000
vt 0.534091 0.522727
vt 0.534091 0.545455
vt 0.534091 0.568182
vt 0.534091 0.590909
vt 0.534091 0.613636
vt 0.534091 0.636364
vt 0.534091 0.659091
vt 0.534091 0.681818
vt 0.534091 0.704545
vt 0.556818 0.500000
vt 0.556818 0.522727
vt 0.556818 0.545455
vt 0.556818 0.568182
vt 0.556818 0.590909
vt 0.556818 0.613636
vt 0.556818 0.636364
vt 0.556818 0.659091
vt 0.556818 0.681818
vt 0.556818 0.704545
vt 0.579545 0.500000
vt 0.579545 0.522727
vt 0.579545 0.545455
vt 0.579545 0.568182
vt 0.579545 0.590909
vt 0.579545 0.613636
vt 0.579545 0.636364
vt 0.579545 0.659091
vt 0.579545 0.681818
vt 0.579545 0.704545
vt 0.602273 0.522727
vt 0.602273 0.545455
vt 0.602273 0.568182
vt 0.602273 0.590909
vt 0.602273 0.613636
vt 0.602273 0.636364
vt 0.602273 0.659091
vt 0.602273 0.681818
vt 0.602273 0.704545
vt 0.375000 0.477273
vt 0.397727 0.477273
vt 0.420455 0.477273
vt 0.443182 0.477273
vt 0.465909 0.477273
vt 0.488636 0.477273
vt 0.511364 0.477273
vt 0.534091 0.477273
vt 0.556818 0.477273
vt 0.579545 0.477273
vt 0.375000 0.250000
vt 0.397727 0.250000
vt 0.397727 0.272727
vt 0.375000 0.272727
vt 0.397727 0.295455
vt 0.375000 0.295455
vt 0.397727 0.318182
vt 0.375000 0.318182
vt 0.397727 0.340909
vt 0.375000 0.340909
vt 0.397727 0.363636
vt 0.375000 0.363636
vt 0.397727 0.386364
vt 0.375000 0.386364
vt 0.397727 0.409091
vt 0.375000 0.409091
vt 0.397727 0.431818
vt 0.375000 0.431818
vt 0.397727 0.454545
vt 0.375000 0.454545
vt 0.420455 0.250000
vt 0.420455 0.272727
vt 0.420455 0.295455
vt 0.420455 0.318182
vt 0.420455 0.340909
vt 0.420455 0.363636
vt 0.420455 0.386364
vt 0.420455 0.409091
vt 0.420455 0.431818
vt 0.420455 0.454545
vt 0.443182 0.250000
vt 0.443182 0.272727
vt 0.443182 0.295455
vt 0.443182 0.318182
vt 0.443182 0.340909
vt 0.443182 0.363636
vt 0.443182 0.386364
vt 0.443182 0.409091
vt 0.443182 0.431818
vt 0.443182 0.454545
vt 0.465909 0.250000
vt 0.465909 0.272727
vt 0.465909 0.295455
vt 0.465909 0.318182
vt 0.465909 0.340909
vt 0.465909 0.363636
vt 0.465909 0.386364
vt 0.465909 0.409091
vt 0.465909 0.431818
vt 0.465909 0.454545
vt 0.488636 0.250000
vt 0.488636 0.272727
vt 0.488636 0.295455
vt 0.488636 0.318182
vt 0.488636 0.340909
vt 0.488636 0.363636
vt 0.488636 0.386364
vt 0.488636 0.409091
vt 0.488636 0.431818
vt 0.488636 0.454545
vt 0.511364 0.250000
vt 0.511364 0.272727
vt 0.511364 0.295455
vt 0.511364 0.318182
vt 0.511364 0.340909
vt 0.511364 0.363636
vt 0.511364 0.386364
vt 0.511364 0.409091
vt 0.511364 0.431818
vt 0.511364 0.454545
vt 0.534091 0.250000
vt 0.534091 0.272727
vt 0.534091 0.295455
vt 0.534091 0.318182
vt 0.534091 0.340909
vt 0.534091 0.363636
vt 0.534091 0.386364
vt 0.534091 0.409091
vt 0.534091 0.431818
vt 0.534091 0.454545
vt 0.556818 0.250000
vt 0.556818 0.272727
vt 0.556818 0.295455
vt 0.556818 0.318182
vt 0.556818 0.340909
vt 0.556818 0.363636
vt 0.556818 0.386364
vt 0.556818 0.409091
vt 0.556818 0.431818
vt 0.556818 0.454545
vt 0.579545 0.250000
vt 0.579545 0.272727
vt 0.579545 0.295455
vt 0.579545 0.318182
vt 0.579545 0.340909
vt 0.579545 0.363636
vt 0.579545 0.386364
vt 0.579545 0.409091
vt 0.579545 0.431818
vt 0.579545 0.454545
vt 0.602273 0.272727
vt 0.602273 0.295455
vt 0.602273 0.318182
vt 0.602273 0.340909
vt 0.602273 0.363636
vt 0.602273 0.386364
vt 0.602273 0.409091
vt 0.602273 0.431818
vt 0.602273 0.454545
vt 0.625000 0.272727
vt 0.625000 0.295455
vt 0.625000 0.318182
vt 0.625000 0.340909
vt 0.625000 0.363636
vt 0.625000 0.386364
vt 0.625000 0.409091
vt 0.625000 0.431818
vt 0.625000 0.454545
vt 0.375000 0.227273
vt 0.397727 0.227273
vt 0.420455 0.227273
vt 0.443182 0.227273
vt 0.465909 0.227273
vt 0.488636 0.227273
vt 0.511364 0.227273
vt 0.534091 0.227273
vt 0.556818 0.227273
vt 0.579545 0.227273
vt 0.375000 0.000000
vt 0.397727 0.000000
vt 0.397727 0.022727
vt 0.375000 0.022727
vt 0.397727 0.045455
vt 0.375000 0.045455
vt 0.397727 0.068182
vt 0.375000 0.068182
vt 0.397727 0.090909
vt 0.375000 0.090909
vt 0.397727 0.113636
vt 0.375000 0.113636
vt 0.397727 0.136364
vt 0.375000 0.136364
vt 0.397727 0.159091
vt 0.375000 0.159091
vt 0.397727 0.181818
vt 0.375000 0.181818
vt 0.397727 0.204545
vt 0.375000 0.204545
vt 0.420455 0.000000
vt 0.420455 0.022727
vt 0.420454 0.045455
vt 0.420454 0.068182
vt 0.420454 0.090909
vt 0.420455 0.113636
vt 0.420455 0.136364
vt 0.420455 0.159091
vt 0.420455 0.181818
vt 0.420455 0.204545
vt 0.443182 0.000000
vt 0.443182 0.022727
vt 0.443182 0.045455
vt 0.443182 0.068182
vt 0.443182 0.090909
vt 0.443182 0.113636
vt 0.443182 0.136364
vt 0.443182 0.159091
vt 0.443182 0.181818
vt 0.443182 0.204545
vt 0.465909 0.000000
vt 0.465909 0.022727
vt 0.465909 0.045455
vt 0.465909 0.068182
vt 0.465909 0.090909
vt 0.465909 0.113636
vt 0.465909 0.136364
vt 0.465909 0.159091
vt 0.465909 0.181818
vt 0.465909 0.204545
vt 0.488636 0.000000
vt 0.488636 0.022727
vt 0.488636 0.045455
vt 0.488636 0.068182
vt 0.488636 0.090909
vt 0.488636 0.113636
vt 0.488636 0.136364
vt 0.488636 0.159091
vt 0.488636 0.181818
vt 0.488636 0.204545
vt 0.511364 0.000000
vt 0.511364 0.022727
vt 0.511364 0.045455
vt 0.511364 0.068182
vt 0.511364 0.090909
vt 0.511364 0.113636
vt 0.511364 0.136364
vt 0.511364 0.159091
vt 0.511364 0.181818
vt 0.511364 0.204545
vt 0.534091 0.000000
vt 0.534091 0.022727
vt 0.534091 0.045455
vt 0.534091 0.068182
vt 0.534091 0.090909
vt 0.534091 0.113636
vt 0.534091 0.136364
vt 0.534091 0.159091
vt 0.534091 0.181818
vt 0.534091 0.204545
vt 0.556818 0.000000
vt 0.556818 0.022727
vt 0.556818 0.045455
vt 0.556818 0.068182
vt 0.556818 0.090909
vt 0.556818 0.113636
vt 0.556818 0.136364
vt 0.556818 0.159091
vt 0.556818 0.181818
vt 0.556818 0.204545
vt 0.579545 0.000000
vt 0.579545 0.022727
vt 0.579545 0.045455
vt 0.579545 0.068182
vt 0.579545 0.090909
vt 0.579545 0.113636
vt 0.579545 0.136364
vt 0.579545 0.159091
vt 0.579545 0.181818
vt 0.579545 0.204545
vt 0.602273 0.000000
vt 0.602273 0.022727
vt 0.602273 0.045455
vt 0.602273 0.068182
vt 0.602273 0.090909
vt 0.602273 0.113636
vt 0.602273 0.136364
vt 0.602273 0.159091
vt 0.602273 0.181818
vt 0.602273 0.204545
vt 0.625000 0.000000
vt 0.625000 0.022727
vt 0.625000 0.045455
vt 0.625000 0.068182
vt 0.625000 0.090909
vt 0.625000 0.113636
vt 0.625000 0.136364
vt 0.625000 0.159091
vt 0.625000 0.181818
vt 0.625000 0.204545
s 0
usemtl Material.002
f 772/81/13 82/82/13 48/83/13 83/84/13
f 672/85/14 112/86/14 52/87/14 113/88/14
f 572/89/15 142/90/15 50/91/15 143/92/15
f 472/93/16 172/94/16 46/95/16 72/96/16
f 372/97/17 123/98/17 49/99/17 162/100/17
f 272/101/18 73/102/18 46/103/18 172/104/18
f 142/90/18 182/105/18 163/106/18 50/91/18
f 182/105/18 192/107/18 164/108/18 163/106/18
f 192/107/18 202/109/18 165/110/18 164/108/18
f 202/109/18 212/111/18 166/112/18 165/110/18
f 212/111/18 222/113/18 167/114/18 166/112/18
f 222/113/18 232/115/18 168/116/18 167/114/18
f 232/115/18 242/117/18 169/118/18 168/116/18
f 242/117/18 252/119/18 170/120/18 169/118/18
f 252/119/18 262/121/18 171/122/18 170/120/18
f 262/121/18 272/101/18 172/104/18 171/122/18
f 52/87/18 112/123/18 173/124/18 133/125/18
f 133/125/18 173/124/18 174/126/18 134/127/18
f 134/127/18 174/126/18 175/128/18 135/129/18
f 135/129/18 175/128/18 176/130/18 136/131/18
f 136/131/18 176/130/18 177/132/18 137/133/18
f 137/133/18 177/132/18 178/134/18 138/135/18
f 138/135/18 178/134/18 179/136/18 139/137/18
f 139/137/18 179/136/18 180/138/18 140/139/18
f 140/139/18 180/138/18 181/140/18 141/141/18
f 141/141/18 181/140/18 182/105/18 142/90/18
f 112/123/18 111/142/18 183/143/18 173/124/18
f 173/124/18 183/143/18 184/144/18 174/126/18
f 174/126/18 184/144/18 185/145/18 175/128/18
f 175/128/18 185/145/18 186/146/18 176/130/18
f 176/130/18 186/146/18 187/147/18 177/132/18
f 177/132/18 187/147/18 188/148/18 178/134/18
f 178/134/18 188/148/18 189/149/18 179/136/18
f 179/136/18 189/149/18 190/150/18 180/138/18
f 180/138/18 190/150/18 191/151/18 181/140/18
f 181/140/18 191/151/18 192/107/18 182/105/18
f 111/142/18 110/152/18 193/153/18 183/143/18
f 183/143/18 193/153/18 194/154/18 184/144/18
f 184/144/18 194/154/18 195/155/18 185/145/18
f 185/145/18 195/155/18 196/156/18 186/146/18
f 186/146/18 196/156/18 197/157/18 187/147/18
f 187/147/18 197/157/18 198/158/18 188/148/18
f 188/148/18 198/158/18 199/159/18 189/149/18
f 189/149/18 199/159/18 200/160/18 190/150/18
f 190/150/18 200/160/18 201/161/18 191/151/18
f 191/151/18 201/161/18 202/109/18 192/107/18
f 110/152/18 109/162/18 203/163/18 193/153/18
f 193/153/18 203/163/18 204/164/18 194/154/18
f 194/154/18 204/164/18 205/165/18 195/155/18
f 195/155/18 205/165/18 206/166/18 196/156/18
f 196/156/18 206/166/18 207/167/18 197/157/18
f 197/157/18 207/167/18 208/168/18 198/158/18
f 198/158/18 208/168/18 209/169/18 199/159/18
f 199/159/18 209/169/18 210/170/18 200/160/18
f 200/160/18 210/170/18 211/171/18 201/161/18
f 201/161/18 211/171/18 212/111/18 202/109/18
f 109/162/18 108/172/18 213/173/18 203/163/18
f 203/163/18 213/173/18 214/174/18 204/164/18
f 204/164/18 214/174/18 215/175/18 205/165/18
f 205/165/18 215/175/18 216/176/18 206/166/18
f 206/166/18 216/176/18 217/177/18 207/167/18
f 207/167/18 217/177/18 218/178/18 208/168/18
f 208/168/18 218/178/18 219/179/18 209/169/18
f 209/169/18 219/179/18 220/180/18 210/170/18
f 210/170/18 220/180/18 221/181/18 211/171/18
f 211/171/18 221/181/18 222/113/18 212/111/18
f 108/172/18 107/182/18 223/183/18 213/173/18
f 213/173/18 223/183/18 224/184/18 214/174/18
f 214/174/18 224/184/18 225/185/18 215/175/18
f 215/175/18 225/185/18 226/186/18 216/176/18
f 216/176/18 226/186/18 227/187/18 217/177/18
f 217/177/18 227/187/18 228/188/18 218/178/18
f 218/178/18 228/188/18 229/189/18 219/179/18
f 219/179/18 229/189/18 230/190/18 220/180/18
f 220/180/18 230/190/18 231/191/18 221/181/18
f 221/181/18 231/191/18 232/115/18 222/113/18
f 107/182/18 106/192/18 233/193/18 223/183/18
f 223/183/18 233/193/18 234/194/18 224/184/18
f 224/184/18 234/194/18 235/195/18 225/185/18
f 225/185/18 235/195/18 236/196/18 226/186/18
f 226/186/18 236/196/18 237/197/18 227/187/18
f 227/187/18 237/197/18 238/198/18 228/188/18
f 228/188/18 238/198/18 239/199/18 229/189/18
f 229/189/18 239/199/18 240/200/18 230/190/18
f 230/190/18 240/200/18 241/201/18 231/191/18
f 231/191/18 241/201/18 242/117/18 232/115/18
f 106/192/18 105/202/18 243/203/18 233/193/18
f 233/193/18 243/203/18 244/204/18 234/194/18
f 234/194/18 244/204/18 245/205/18 235/195/18
f 235/195/18 245/205/18 246/206/18 236/196/18
f 236/196/18 246/206/18 247/207/18 237/197/18
f 237/197/18 247/207/18 248/208/18 238/198/18
f 238/198/18 248/208/18 249/209/18 239/199/18
f 239/199/18 249/209/18 250/210/18 240/200/18
f 240/200/18 250/210/18 251/211/18 241/201/18
f 241/201/18 251/211/18 252/119/18 242/117/18
f 105/202/18 104/212/18 253/213/18 243/203/18
f 243/203/18 253/213/18 254/214/18 244/204/18
f 244/204/18 254/214/18 255/215/18 245/205/18
f 245/205/18 255/215/18 256/216/18 246/206/18
f 246/206/18 256/216/18 257/217/18 247/207/18
f 247/207/18 257/217/18 258/218/18 248/208/18
f 248/208/18 258/218/18 259/219/18 249/209/18
f 249/209/18 259/219/18 260/220/18 250/210/18
f 250/210/18 260/220/18 261/221/18 251/211/18
f 251/211/18 261/221/18 262/121/18 252/119/18
f 104/212/18 103/222/18 263/223/18 253/213/18
f 253/213/18 263/223/18 264/224/18 254/214/18
f 254/214/18 264/224/18 265/225/18 255/215/18
f 255/215/18 265/225/18 266/226/18 256/216/18
f 256/216/18 266/226/18 267/227/18 257/217/18
f 257/217/18 267/227/18 268/228/18 258/218/18
f 258/218/18 268/228/18 269/229/18 259/219/18
f 259/219/18 269/229/18 270/230/18 260/220/18
f 260/220/18 270/230/18 271/231/18 261/221/18
f 261/221/18 271/231/18 272/101/18 262/121/18
f 103/222/18 48/232/18 82/233/18 263/223/18
f 263/223/18 82/233/18 81/234/18 264/224/18
f 264/224/18 81/234/18 80/235/18 265/225/18
f 265/225/18 80/235/18 79/236/18 266/226/18
f 266/226/18 79/236/18 78/237/18 267/227/18
f 267/227/18 78/237/18 77/238/18 268/228/18
f 268/228/18 77/238/18 76/239/18 269/229/18
f 269/229/18 76/239/18 75/240/18 270/230/18
f 270/230/18 75/240/18 74/241/18 271/231/18
f 271/231/18 74/241/18 73/102/18 272/101/18
f 62/242/17 282/243/17 153/244/17 45/245/17
f 282/243/17 292/246/17 154/247/17 153/244/17
f 292/246/17 302/248/17 155/249/17 154/247/17
f 302/248/17 312/250/17 156/251/17 155/249/17
f 312/250/17 322/252/17 157/253/17 156/251/17
f 322/252/17 332/254/17 158/255/17 157/253/17
f 332/254/17 342/256/17 159/257/17 158/255/17
f 342/256/17 352/258/17 160/259/17 159/257/17
f 352/258/17 362/260/17 161/261/17 160/259/17
f 362/260/17 372/97/17 162/100/17 161/261/17
f 47/262/17 102/263/17 273/264/17 53/265/17
f 53/265/17 273/264/17 274/266/17 54/267/17
f 54/267/17 274/266/17 275/268/17 55/269/17
f 55/269/17 275/268/17 276/270/17 56/271/17
f 56/271/17 276/270/17 277/272/17 57/273/17
f 57/273/17 277/272/17 278/274/17 58/275/17
f 58/275/17 278/274/17 279/276/17 59/277/17
f 59/277/17 279/276/17 280/278/17 60/279/17
f 60/279/17 280/278/17 281/280/17 61/281/17
f 61/281/17 281/280/17 282/243/17 62/242/17
f 102/263/17 101/282/17 283/283/17 273/264/17
f 273/264/17 283/283/17 284/284/17 274/266/17
f 274/266/17 284/284/17 285/285/17 275/268/17
f 275/268/17 285/285/17 286/286/17 276/270/17
f 276/270/17 286/286/17 287/287/17 277/272/17
f 277/272/17 287/287/17 288/288/17 278/274/17
f 278/274/17 288/288/17 289/289/17 279/276/17
f 279/276/17 289/289/17 290/290/17 280/278/17
f 280/278/17 290/290/17 291/291/17 281/280/17
f 281/280/17 291/291/17 292/246/17 282/243/17
f 101/282/17 100/292/17 293/293/17 283/283/17
f 283/283/17 293/293/17 294/294/17 284/284/17
f 284/284/17 294/294/17 295/295/17 285/285/17
f 285/285/17 295/295/17 296/296/17 286/286/17
f 286/286/17 296/296/17 297/297/17 287/287/17
f 287/287/17 297/297/17 298/298/17 288/288/17
f 288/288/17 298/298/17 299/299/17 289/289/17
f 289/289/17 299/299/17 300/300/17 290/290/17
f 290/290/17 300/300/17 301/301/17 291/291/17
f 291/291/17 301/301/17 302/248/17 292/246/17
f 100/292/17 99/302/17 303/303/17 293/293/17
f 293/293/17 303/303/17 304/304/17 294/294/17
f 294/294/17 304/304/17 305/305/17 295/295/17
f 295/295/17 305/305/17 306/306/17 296/296/17
f 296/296/17 306/306/17 307/307/17 297/297/17
f 297/297/17 307/307/17 308/308/17 298/298/17
f 298/298/17 308/308/17 309/309/17 299/299/17
f 299/299/17 309/309/17 310/310/17 300/300/17
f 300/300/17 310/310/17 311/311/17 301/301/17
f 301/301/17 311/311/17 312/250/17 302/248/17
f 99/302/17 98/312/17 313/313/17 303/303/17
f 303/303/17 313/313/17 314/314/17 304/304/17
f 304/304/17 314/314/17 315/315/17 305/305/17
f 305/305/17 315/315/17 316/316/17 306/306/17
f 306/306/17 316/316/17 317/317/17 307/307/17
f 307/307/17 317/317/17 318/318/17 308/308/17
f 308/308/17 318/318/17 319/319/17 309/309/17
f 309/309/17 319/319/17 320/320/17 310/310/17
f 310/310/17 320/320/17 321/321/17 311/311/17
f 311/311/17 321/321/17 322/252/17 312/250/17
f 98/312/17 97/322/17 323/323/17 313/313/17
f 313/313/17 323/323/17 324/324/17 314/314/17
f 314/314/17 324/324/17 325/325/17 315/315/17
f 315/315/17 325/325/17 326/326/17 316/316/17
f 316/316/17 326/326/17 327/327/17 317/317/17
f 317/317/17 327/327/17 328/328/17 318/318/17
f 318/318/17 328/328/17 329/329/17 319/319/17
f 319/319/17 329/329/17 330/330/17 320/320/17
f 320/320/17 330/330/17 331/331/17 321/321/17
f 321/321/17 331/331/17 332/254/17 322/252/17
f 97/322/17 96/332/17 333/333/17 323/323/17
f 323/323/17 333/333/17 334/334/17 324/324/17
f 324/324/17 334/334/17 335/335/17 325/325/17
f 325/325/17 335/335/17 336/336/17 326/326/17
f 326/326/17 336/336/17 337/337/17 327/327/17
f 327/327/17 337/337/17 338/338/17 328/328/17
f 328/328/17 338/338/17 339/339/17 329/329/17
f 329/329/17 339/339/17 340/340/17 330/330/17
f 330/330/17 340/340/17 341/341/17 331/331/17
f 331/331/17 341/341/17 342/256/17 332/254/17
f 96/332/17 95/342/17 343/343/17 333/333/17
f 333/333/17 343/343/17 344/344/17 334/334/17
f 334/334/17 344/344/17 345/345/17 335/335/17
f 335/335/17 345/345/17 346/346/17 336/336/17
f 336/336/17 346/346/17 347/347/17 337/337/17
f 337/337/17 347/347/17 348/348/17 338/338/17
f 338/338/17 348/348/17 349/349/17 339/339/17
f 339/339/17 349/349/17 350/350/17 340/340/17
f 340/340/17 350/350/17 351/351/17 341/341/17
f 341/341/17 351/351/17 352/258/17 342/256/17
f 95/342/17 94/352/17 353/353/17 343/343/17
f 343/343/17 353/353/17 354/354/17 344/344/17
f 344/344/17 354/354/17 355/355/17 345/345/17
f 345/345/17 355/355/17 356/356/17 346/346/17
f 346/346/17 356/356/17 357/357/17 347/347/17
f 347/347/17 357/357/17 358/358/17 348/348/17
f 348/348/17 358/358/17 359/359/17 349/349/17
f 349/349/17 359/359/17 360/360/17 350/350/17
f 350/350/17 360/360/17 361/361/17 351/351/17
f 351/351/17 361/361/17 362/260/17 352/258/17
f 94/352/17 93/362/17 363/363/17 353/353/17
f 353/353/17 363/363/17 364/364/17 354/354/17
f 354/354/17 364/364/17 365/365/17 355/355/17
f 355/355/17 365/365/17 366/366/17 356/356/17
f 356/356/17 366/366/17 367/367/17 357/357/17
f 357/357/17 367/367/17 368/368/17 358/358/17
f 358/358/17 368/368/17 369/369/17 359/359/17
f 359/359/17 369/369/17 370/370/17 360/360/17
f 360/360/17 370/370/17 371/371/17 361/361/17
f 361/361/17 371/371/17 372/97/17 362/260/17
f 93/362/17 51/372/17 132/373/17 363/363/17
f 363/363/17 132/373/17 131/374/17 364/364/17
f 364/364/17 131/374/17 130/375/17 365/365/17
f 365/365/17 130/375/17 129/376/17 366/366/17
f 366/366/17 129/376/17 128/377/17 367/367/17
f 367/367/17 128/377/17 127/378/17 368/368/17
f 368/368/17 127/378/17 126/379/17 369/369/17
f 369/369/17 126/379/17 125/380/17 370/370/17
f 370/370/17 125/380/17 124/381/17 371/371/17
f 371/371/17 124/381/17 123/98/17 372/97/17
f 153/382/16 382/383/16 63/384/16 45/385/16
f 382/383/16 392/386/16 64/387/16 63/384/16
f 392/386/16 402/388/16 65/389/16 64/387/16
f 402/388/16 412/390/16 66/391/16 65/389/16
f 412/390/16 422/392/16 67/393/16 66/391/16
f 422/392/16 432/394/16 68/395/16 67/393/16
f 432/394/16 442/396/16 69/397/16 68/395/16
f 442/396/16 452/398/16 70/399/16 69/397/16
f 452/398/16 462/400/16 71/401/16 70/399/16
f 462/400/16 472/93/16 72/96/16 71/401/16
f 49/99/16 152/402/16 373/403/16 162/404/16
f 162/404/16 373/403/16 374/405/16 161/406/16
f 161/406/16 374/405/16 375/407/16 160/408/16
f 160/408/16 375/407/16 376/409/16 159/410/16
f 159/410/16 376/409/16 377/411/16 158/412/16
f 158/412/16 377/411/16 378/413/16 157/414/16
f 157/414/16 378/413/16 379/415/16 156/416/16
f 156/416/16 379/415/16 380/417/16 155/418/16
f 155/418/16 380/417/16 381/419/16 154/420/16
f 154/420/16 381/419/16 382/383/16 153/382/16
f 152/402/16 151/421/16 383/422/16 373/403/16
f 373/403/16 383/422/16 384/423/16 374/405/16
f 374/405/16 384/423/16 385/424/16 375/407/16
f 375/407/16 385/424/16 386/425/16 376/409/16
f 376/409/16 386/425/16 387/426/16 377/411/16
f 377/411/16 387/426/16 388/427/16 378/413/16
f 378/413/16 388/427/16 389/428/16 379/415/16
f 379/415/16 389/428/16 390/429/16 380/417/16
f 380/417/16 390/429/16 391/430/16 381/419/16
f 381/419/16 391/430/16 392/386/16 382/383/16
f 151/421/16 150/431/16 393/432/16 383/422/16
f 383/422/16 393/432/16 394/433/16 384/423/16
f 384/423/16 394/433/16 395/434/16 385/424/16
f 385/424/16 395/434/16 396/435/16 386/425/16
f 386/425/16 396/435/16 397/436/16 387/426/16
f 387/426/16 397/436/16 398/437/16 388/427/16
f 388/427/16 398/437/16 399/438/16 389/428/16
f 389/428/16 399/438/16 400/439/16 390/429/16
f 390/429/16 400/439/16 401/440/16 391/430/16
f 391/430/16 401/440/16 402/388/16 392/386/16
f 150/431/16 149/441/16 403/442/16 393/432/16
f 393/432/16 403/442/16 404/443/16 394/433/16
f 394/433/16 404/443/16 405/444/16 395/434/16
f 395/434/16 405/444/16 406/445/16 396/435/16
f 396/435/16 406/445/16 407/446/16 397/436/16
f 397/436/16 407/446/16 408/447/16 398/437/16
f 398/437/16 408/447/16 409/448/16 399/438/16
f 399/438/16 409/448/16 410/449/16 400/439/16
f 400/439/16 410/449/16 411/450/16 401/440/16
f 401/440/16 411/450/16 412/390/16 402/388/16
f 149/441/16 148/451/16 413/452/16 403/442/16
f 403/442/16 413/452/16 414/453/16 404/443/16
f 404/443/16 414/453/16 415/454/16 405/444/16
f 405/444/16 415/454/16 416/455/16 406/445/16
f 406/445/16 416/455/16 417/456/16 407/446/16
f 407/446/16 417/456/16 418/457/16 408/447/16
f 408/447/16 418/457/16 419/458/16 409/448/16
f 409/448/16 419/458/16 420/459/16 410/449/16
f 410/449/16 420/459/16 421/460/16 411/450/16
f 411/450/16 421/460/16 422/392/16 412/390/16
f 148/451/16 147/461/16 423/462/16 413/452/16
f 413/452/16 423/462/16 424/463/16 414/453/16
f 414/453/16 424/463/16 425/464/16 415/454/16
f 415/454/16 425/464/16 426/465/16 416/455/16
f 416/455/16 426/465/16 427/466/16 417/456/16
f 417/456/16 427/466/16 428/467/16 418/457/16
f 418/457/16 428/467/16 429/468/16 419/458/16
f 419/458/16 429/468/16 430/469/16 420/459/16
f 420/459/16 430/469/16 431/470/16 421/460/16
f 421/460/16 431/470/16 432/394/16 422/392/16
f 147/461/16 146/471/16 433/472/16 423/462/16
f 423/462/16 433/472/16 434/473/16 424/463/16
f 424/463/16 434/473/16 435/474/16 425/464/16
f 425/464/16 435/474/16 436/475/16 426/465/16
f 426/465/16 436/475/16 437/476/16 427/466/16
f 427/466/16 437/476/16 438/477/16 428/467/16
f 428/467/16 438/477/16 439/478/16 429/468/16
f 429/468/16 439/478/16 440/479/16 430/469/16
f 430/469/16 440/479/16 441/480/16 431/470/16
f 431/470/16 441/480/16 442/396/16 432/394/16
f 146/471/16 145/481/16 443/482/16 433/472/16
f 433/472/16 443/482/16 444/483/16 434/473/16
f 434/473/16 444/483/16 445/484/16 435/474/16
f 435/474/16 445/484/16 446/485/16 436/475/16
f 436/475/16 446/485/16 447/486/16 437/476/16
f 437/476/16 447/486/16 448/487/16 438/477/16
f 438/477/16 448/487/16 449/488/16 439/478/16
f 439/478/16 449/488/16 450/489/16 440/479/16
f 440/479/16 450/489/16 451/490/16 441/480/16
f 441/480/16 451/490/16 452/398/16 442/396/16
f 145/481/16 144/491/16 453/492/16 443/482/16
f 443/482/16 453/492/16 454/493/16 444/483/16
f 444/483/16 454/493/16 455/494/16 445/484/16
f 445/484/16 455/494/16 456/495/16 446/485/16
f 446/485/16 456/495/16 457/496/16 447/486/16
f 447/486/16 457/496/16 458/497/16 448/487/16
f 448/487/16 458/497/16 459/498/16 449/488/16
f 449/488/16 459/498/16 460/499/16 450/489/16
f 450/489/16 460/499/16 461/500/16 451/490/16
f 451/490/16 461/500/16 462/400/16 452/398/16
f 144/491/16 143/92/16 463/501/16 453/492/16
f 453/492/16 463/501/16 464/502/16 454/493/16
f 454/493/16 464/502/16 465/503/16 455/494/16
f 455/494/16 465/503/16 466/504/16 456/495/16
f 456/495/16 466/504/16 467/505/16 457/496/16
f 457/496/16 467/505/16 468/506/16 458/497/16
f 458/497/16 468/506/16 469/507/16 459/498/16
f 459/498/16 469/507/16 470/508/16 460/499/16
f 460/499/16 470/508/16 471/509/16 461/500/16
f 461/500/16 471/509/16 472/93/16 462/400/16
f 143/92/16 50/91/16 163/510/16 463/501/16
f 463/501/16 163/510/16 164/511/16 464/502/16
f 464/502/16 164/511/16 165/512/16 465/503/16
f 465/503/16 165/512/16 166/513/16 466/504/16
f 466/504/16 166/513/16 167/514/16 467/505/16
f 467/505/16 167/514/16 168/515/16 468/506/16
f 468/506/16 168/515/16 169/516/16 469/507/16
f 469/507/16 169/516/16 170/517/16 470/508/16
f 470/508/16 170/517/16 171/518/16 471/509/16
f 471/509/16 171/518/16 172/94/16 472/93/16
f 123/98/19 482/519/19 152/402/19 49/99/19
f 482/519/20 492/520/20 151/421/20 152/402/20
f 492/520/21 502/521/21 150/431/21 151/421/21
f 502/521/22 512/522/22 149/441/22 150/431/22
f 512/522/23 522/523/23 148/451/23 149/441/23
f 522/523/24 532/524/24 147/461/24 148/451/24
f 532/524/25 542/525/25 146/471/25 147/461/25
f 542/525/26 552/526/26 145/481/26 146/471/26
f 552/526/27 562/527/27 144/491/27 145/481/27
f 562/527/28 572/89/28 143/92/28 144/491/28
f 51/372/19 122/528/19 473/529/19 132/373/19
f 132/373/19 473/529/19 474/530/19 131/374/19
f 131/374/19 474/530/19 475/531/19 130/375/19
f 130/375/19 475/531/19 476/532/19 129/376/19
f 129/376/19 476/532/19 477/533/19 128/377/19
f 128/377/19 477/533/19 478/534/19 127/378/19
f 127/378/19 478/534/19 479/535/19 126/379/19
f 126/379/19 479/535/19 480/536/19 125/380/19
f 125/380/19 480/536/19 481/537/19 124/381/19
f 124/381/19 481/537/19 482/519/19 123/98/19
f 122/528/20 121/538/20 483/539/20 473/529/20
f 473/529/20 483/539/20 484/540/20 474/530/20
f 474/530/20 484/540/20 485/541/20 475/531/20
f 475/531/20 485/541/20 486/542/20 476/532/20
f 476/532/20 486/542/20 487/543/20 477/533/20
f 477/533/20 487/543/20 488/544/20 478/534/20
f 478/534/20 488/544/20 489/545/20 479/535/20
f 479/535/20 489/545/20 490/546/20 480/536/20
f 480/536/20 490/546/20 491/547/20 481/537/20
f 481/537/20 491/547/20 492/520/20 482/519/20
f 121/538/21 120/548/21 493/549/21 483/539/21
f 483/539/21 493/549/21 494/550/21 484/540/21
f 484/540/21 494/550/21 495/551/21 485/541/21
f 485/541/21 495/551/21 496/552/21 486/542/21
f 486/542/21 496/552/21 497/553/21 487/543/21
f 487/543/21 497/553/21 498/554/21 488/544/21
f 488/544/21 498/554/21 499/555/21 489/545/21
f 489/545/21 499/555/21 500/556/21 490/546/21
f 490/546/21 500/556/21 501/557/21 491/547/21
f 491/547/21 501/557/21 502/521/21 492/520/21
f 120/548/22 119/558/22 503/559/22 493/549/22
f 493/549/22 503/559/22 504/560/22 494/550/22
f 494/550/22 504/560/22 505/561/22 495/551/22
f 495/551/22 505/561/22 506/562/22 496/552/22
f 496/552/22 506/562/22 507/563/22 497/553/22
f 497/553/22 507/563/22 508/564/22 498/554/22
f 498/554/22 508/564/22 509/565/22 499/555/22
f 499/555/22 509/565/22 510/566/22 500/556/22
f 500/556/22 510/566/22 511/567/22 501/557/22
f 501/557/22 511/567/22 512/522/22 502/521/22
f 119/558/23 118/568/23 513/569/23 503/559/23
f 503/559/23 513/569/23 514/570/23 504/560/23
f 504/560/23 514/570/23 515/571/23 505/561/23
f 505/561/23 515/571/23 516/572/23 506/562/23
f 506/562/23 516/572/23 517/573/23 507/563/23
f 507/563/23 517/573/23 518/574/23 508/564/23
f 508/564/23 518/574/23 519/575/23 509/565/23
f 509/565/23 519/575/23 520/576/23 510/566/23
f 510/566/23 520/576/23 521/577/23 511/567/23
f 511/567/23 521/577/23 522/523/23 512/522/23
f 118/568/24 117/578/24 523/579/24 513/569/24
f 513/569/24 523/579/24 524/580/24 514/570/24
f 514/570/24 524/580/24 525/581/24 515/571/24
f 515/571/24 525/581/24 526/582/24 516/572/24
f 516/572/24 526/582/24 527/583/24 517/573/24
f 517/573/24 527/583/24 528/584/24 518/574/24
f 518/574/24 528/584/24 529/585/24 519/575/24
f 519/575/24 529/585/24 530/586/24 520/576/24
f 520/576/24 530/586/24 531/587/24 521/577/24
f 521/577/24 531/587/24 532/524/24 522/523/24
f 117/578/25 116/588/25 533/589/25 523/579/25
f 523/579/25 533/589/25 534/590/25 524/580/25
f 524/580/25 534/590/25 535/591/25 525/581/25
f 525/581/25 535/591/25 536/592/25 526/582/25
f 526/582/25 536/592/25 537/593/25 527/583/25
f 527/583/25 537/593/25 538/594/25 528/584/25
f 528/584/25 538/594/25 539/595/25 529/585/25
f 529/585/25 539/595/25 540/596/25 530/586/25
f 530/586/25 540/596/25 541/597/25 531/587/25
f 531/587/25 541/597/25 542/525/25 532/524/25
f 116/588/26 115/598/26 543/599/26 533/589/26
f 533/589/26 543/599/26 544/600/26 534/590/26
f 534/590/26 544/600/26 545/601/26 535/591/26
f 535/591/26 545/601/26 546/602/26 536/592/26
f 536/592/26 546/602/26 547/603/26 537/593/26
f 537/593/26 547/603/26 548/604/26 538/594/26
f 538/594/26 548/604/26 549/605/26 539/595/26
f 539/595/26 549/605/26 550/606/26 540/596/26
f 540/596/26 550/606/26 551/607/26 541/597/26
f 541/597/26 551/607/26 552/526/26 542/525/26
f 115/598/27 114/608/27 553/609/27 543/599/27
f 543/599/27 553/609/27 554/610/27 544/600/27
f 544/600/27 554/610/27 555/611/27 545/601/27
f 545/601/27 555/611/27 556/612/27 546/602/27
f 546/602/27 556/612/27 557/613/27 547/603/27
f 547/603/27 557/613/27 558/614/27 548/604/27
f 548/604/27 558/614/27 559/615/27 549/605/27
f 549/605/27 559/615/27 560/616/27 550/606/27
f 550/606/27 560/616/27 561/617/27 551/607/27
f 551/607/27 561/617/27 562/527/27 552/526/27
f 114/608/28 113/88/28 563/618/28 553/609/28
f 553/609/28 563/618/28 564/619/28 554/610/28
f 554/610/28 564/619/28 565/620/28 555/611/28
f 555/611/28 565/620/28 566/621/28 556/612/28
f 556/612/28 566/621/28 567/622/28 557/613/28
f 557/613/28 567/622/28 568/623/28 558/614/28
f 558/614/28 568/623/28 569/624/28 559/615/28
f 559/615/28 569/624/28 570/625/28 560/616/28
f 560/616/28 570/625/28 571/626/28 561/617/28
f 561/617/28 571/626/28 572/89/28 562/527/28
f 113/88/15 52/87/15 133/125/15 563/618/15
f 563/618/15 133/125/15 134/127/15 564/619/15
f 564/619/15 134/127/15 135/129/15 565/620/15
f 565/620/15 135/129/15 136/131/15 566/621/15
f 566/621/15 136/131/15 137/133/15 567/622/15
f 567/622/15 137/133/15 138/135/15 568/623/15
f 568/623/15 138/135/15 139/137/15 569/624/15
f 569/624/15 139/137/15 140/139/15 570/625/15
f 570/625/15 140/139/15 141/141/15 571/626/15
f 571/626/15 141/141/15 142/90/15 572/89/15
f 93/627/14 582/628/14 122/528/14 51/372/14
f 582/628/14 592/629/14 121/538/14 122/528/14
f 592/629/14 602/630/14 120/548/14 121/538/14
f 602/630/14 612/631/14 119/558/14 120/548/14
f 612/631/14 622/632/14 118/568/14 119/558/14
f 622/632/14 632/633/14 117/578/14 118/568/14
f 632/633/14 642/634/14 116/588/14 117/578/14
f 642/634/14 652/635/14 115/598/14 116/588/14
f 652/635/14 662/636/14 114/608/14 115/598/14
f 662/636/14 672/85/14 113/88/14 114/608/14
f 47/637/14 92/638/14 573/639/14 102/640/14
f 102/640/14 573/639/14 574/641/14 101/642/14
f 101/642/14 574/641/14 575/643/14 100/644/14
f 100/644/14 575/643/14 576/645/14 99/646/14
f 99/646/14 576/645/14 577/647/14 98/648/14
f 98/648/14 577/647/14 578/649/14 97/650/14
f 97/650/14 578/649/14 579/651/14 96/652/14
f 96/652/14 579/651/14 580/653/14 95/654/14
f 95/654/14 580/653/14 581/655/14 94/656/14
f 94/656/14 581/655/14 582/628/14 93/627/14
f 92/638/14 91/657/14 583/658/14 573/639/14
f 573/639/14 583/658/14 584/659/14 574/641/14
f 574/641/14 584/659/14 585/660/14 575/643/14
f 575/643/14 585/660/14 586/661/14 576/645/14
f 576/645/14 586/661/14 587/662/14 577/647/14
f 577/647/14 587/662/14 588/663/14 578/649/14
f 578/649/14 588/663/14 589/664/14 579/651/14
f 579/651/14 589/664/14 590/665/14 580/653/14
f 580/653/14 590/665/14 591/666/14 581/655/14
f 581/655/14 591/666/14 592/629/14 582/628/14
f 91/657/14 90/667/14 593/668/14 583/658/14
f 583/658/14 593/668/14 594/669/14 584/659/14
f 584/659/14 594/669/14 595/670/14 585/660/14
f 585/660/14 595/670/14 596/671/14 586/661/14
f 586/661/14 596/671/14 597/672/14 587/662/14
f 587/662/14 597/672/14 598/673/14 588/663/14
f 588/663/14 598/673/14 599/674/14 589/664/14
f 589/664/14 599/674/14 600/675/14 590/665/14
f 590/665/14 600/675/14 601/676/14 591/666/14
f 591/666/14 601/676/14 602/630/14 592/629/14
f 90/667/14 89/677/14 603/678/14 593/668/14
f 593/668/14 603/678/14 604/679/14 594/669/14
f 594/669/14 604/679/14 605/680/14 595/670/14
f 595/670/14 605/680/14 606/681/14 596/671/14
f 596/671/14 606/681/14 607/682/14 597/672/14
f 597/672/14 607/682/14 608/683/14 598/673/14
f 598/673/14 608/683/14 609/684/14 599/674/14
f 599/674/14 609/684/14 610/685/14 600/675/14
f 600/675/14 610/685/14 611/686/14 601/676/14
f 601/676/14 611/686/14 612/631/14 602/630/14
f 89/677/14 88/687/14 613/688/14 603/678/14
f 603/678/14 613/688/14 614/689/14 604/679/14
f 604/679/14 614/689/14 615/690/14 605/680/14
f 605/680/14 615/690/14 616/691/14 606/681/14
f 606/681/14 616/691/14 617/692/14 607/682/14
f 607/682/14 617/692/14 618/693/14 608/683/14
f 608/683/14 618/693/14 619/694/14 609/684/14
f 609/684/14 619/694/14 620/695/14 610/685/14
f 610/685/14 620/695/14 621/696/14 611/686/14
f 611/686/14 621/696/14 622/632/14 612/631/14
f 88/687/14 87/697/14 623/698/14 613/688/14
f 613/688/14 623/698/14 624/699/14 614/689/14
f 614/689/14 624/699/14 625/700/14 615/690/14
f 615/690/14 625/700/14 626/701/14 616/691/14
f 616/691/14 626/701/14 627/702/14 617/692/14
f 617/692/14 627/702/14 628/703/14 618/693/14
f 618/693/14 628/703/14 629/704/14 619/694/14
f 619/694/14 629/704/14 630/705/14 620/695/14
f 620/695/14 630/705/14 631/706/14 621/696/14
f 621/696/14 631/706/14 632/633/14 622/632/14
f 87/697/14 86/707/14 633/708/14 623/698/14
f 623/698/14 633/708/14 634/709/14 624/699/14
f 624/699/14 634/709/14 635/710/14 625/700/14
f 625/700/14 635/710/14 636/711/14 626/701/14
f 626/701/14 636/711/14 637/712/14 627/702/14
f 627/702/14 637/712/14 638/713/14 628/703/14
f 628/703/14 638/713/14 639/714/14 629/704/14
f 629/704/14 639/714/14 640/715/14 630/705/14
f 630/705/14 640/715/14 641/716/14 631/706/14
f 631/706/14 641/716/14 642/634/14 632/633/14
f 86/707/14 85/717/14 643/718/14 633/708/14
f 633/708/14 643/718/14 644/719/14 634/709/14
f 634/709/14 644/719/14 645/720/14 635/710/14
f 635/710/14 645/720/14 646/721/14 636/711/14
f 636/711/14 646/721/14 647/722/14 637/712/14
f 637/712/14 647/722/14 648/723/14 638/713/14
f 638/713/14 648/723/14 649/724/14 639/714/14
f 639/714/14 649/724/14 650/725/14 640/715/14
f 640/715/14 650/725/14 651/726/14 641/716/14
f 641/716/14 651/726/14 652/635/14 642/634/14
f 85/717/14 84/727/14 653/728/14 643/718/14
f 643/718/14 653/728/14 654/729/14 644/719/14
f 644/719/14 654/729/14 655/730/14 645/720/14
f 645/720/14 655/730/14 656/731/14 646/721/14
f 646/721/14 656/731/14 657/732/14 647/722/14
f 647/722/14 657/732/14 658/733/14 648/723/14
f 648/723/14 658/733/14 659/734/14 649/724/14
f 649/724/14 659/734/14 660/735/14 650/725/14
f 650/725/14 660/735/14 661/736/14 651/726/14
f 651/726/14 661/736/14 662/636/14 652/635/14
f 84/727/14 83/84/14 663/737/14 653/728/14
f 653/728/14 663/737/14 664/738/14 654/729/14
f 654/729/14 664/738/14 665/739/14 655/730/14
f 655/730/14 665/739/14 666/740/14 656/731/14
f 656/731/14 666/740/14 667/741/14 657/732/14
f 657/732/14 667/741/14 668/742/14 658/733/14
f 658/733/14 668/742/14 669/743/14 659/734/14
f 659/734/14 669/743/14 670/744/14 660/735/14
f 660/735/14 670/744/14 671/745/14 661/736/14
f 661/736/14 671/745/14 672/85/14 662/636/14
f 83/84/14 48/83/14 103/746/14 663/737/14
f 663/737/14 103/746/14 104/747/14 664/738/14
f 664/738/14 104/747/14 105/748/14 665/739/14
f 665/739/14 105/748/14 106/749/14 666/740/14
f 666/740/14 106/749/14 107/750/14 667/741/14
f 667/741/14 107/750/14 108/751/14 668/742/14
f 668/742/14 108/751/14 109/752/14 669/743/14
f 669/743/14 109/752/14 110/753/14 670/744/14
f 670/744/14 110/753/14 111/754/14 671/745/14
f 671/745/14 111/754/14 112/86/14 672/85/14
f 53/755/29 682/756/29 92/638/29 47/637/29
f 682/756/30 692/757/30 91/657/30 92/638/30
f 692/757/31 702/758/31 90/667/31 91/657/31
f 702/758/32 712/759/32 89/677/32 90/667/32
f 712/759/33 722/760/33 88/687/33 89/677/33
f 722/760/34 732/761/34 87/697/34 88/687/34
f 732/761/35 742/762/35 86/707/35 87/697/35
f 742/762/36 752/763/36 85/717/36 86/707/36
f 752/763/37 762/764/37 84/727/37 85/717/37
f 762/764/38 772/81/38 83/84/38 84/727/38
f 45/765/29 63/766/29 673/767/29 62/768/29
f 62/768/29 673/767/29 674/769/29 61/770/29
f 61/770/29 674/769/29 675/771/29 60/772/29
f 60/772/29 675/771/29 676/773/29 59/774/29
f 59/774/29 676/773/29 677/775/29 58/776/29
f 58/776/29 677/775/29 678/777/29 57/778/29
f 57/778/29 678/777/29 679/779/29 56/780/29
f 56/780/29 679/779/29 680/781/29 55/782/29
f 55/782/29 680/781/29 681/783/29 54/784/29
f 54/784/29 681/783/29 682/756/29 53/755/29
f 63/766/30 64/785/30 683/786/30 673/767/30
f 673/767/30 683/786/30 684/787/30 674/769/30
f 674/769/30 684/787/30 685/788/30 675/771/30
f 675/771/30 685/788/30 686/789/30 676/773/30
f 676/773/30 686/789/30 687/790/30 677/775/30
f 677/775/30 687/790/30 688/791/30 678/777/30
f 678/777/30 688/791/30 689/792/30 679/779/30
f 679/779/30 689/792/30 690/793/30 680/781/30
f 680/781/30 690/793/30 691/794/30 681/783/30
f 681/783/30 691/794/30 692/757/30 682/756/30
f 64/785/31 65/795/31 693/796/31 683/786/31
f 683/786/31 693/796/31 694/797/31 684/787/31
f 684/787/31 694/797/31 695/798/31 685/788/31
f 685/788/31 695/798/31 696/799/31 686/789/31
f 686/789/31 696/799/31 697/800/31 687/790/31
f 687/790/31 697/800/31 698/801/31 688/791/31
f 688/791/31 698/801/31 699/802/31 689/792/31
f 689/792/31 699/802/31 700/803/31 690/793/31
f 690/793/31 700/803/31 701/804/31 691/794/31
f 691/794/31 701/804/31 702/758/31 692/757/31
f 65/795/32 66/805/32 703/806/32 693/796/32
f 693/796/32 703/806/32 704/807/32 694/797/32
f 694/797/32 704/807/32 705/808/32 695/798/32
f 695/798/32 705/808/32 706/809/32 696/799/32
f 696/799/32 706/809/32 707/810/32 697/800/32
f 697/800/32 707/810/32 708/811/32 698/801/32
f 698/801/32 708/811/32 709/812/32 699/802/32
f 699/802/32 709/812/32 710/813/32 700/803/32
f 700/803/32 710/813/32 711/814/32 701/804/32
f 701/804/32 711/814/32 712/759/32 702/758/32
f 66/805/33 67/815/33 713/816/33 703/806/33
f 703/806/33 713/816/33 714/817/33 704/807/33
f 704/807/33 714/817/33 715/818/33 705/808/33
f 705/808/33 715/818/33 716/819/33 706/809/33
f 706/809/33 716/819/33 717/820/33 707/810/33
f 707/810/33 717/820/33 718/821/33 708/811/33
f 708/811/33 718/821/33 719/822/33 709/812/33
f 709/812/33 719/822/33 720/823/33 710/813/33
f 710/813/33 720/823/33 721/824/33 711/814/33
f 711/814/33 721/824/33 722/760/33 712/759/33
f 67/815/34 68/825/34 723/826/34 713/816/34
f 713/816/34 723/826/34 724/827/34 714/817/34
f 714/817/34 724/827/34 725/828/34 715/818/34
f 715/818/34 725/828/34 726/829/34 716/819/34
f 716/819/34 726/829/34 727/830/34 717/820/34
f 717/820/34 727/830/34 728/831/34 718/821/34
f 718/821/34 728/831/34 729/832/34 719/822/34
f 719/822/34 729/832/34 730/833/34 720/823/34
f 720/823/34 730/833/34 731/834/34 721/824/34
f 721/824/34 731/834/34 732/761/34 722/760/34
f 68/825/35 69/835/35 733/836/35 723/826/35
f 723/826/35 733/836/35 734/837/35 724/827/35
f 724/827/35 734/837/35 735/838/35 725/828/35
f 725/828/35 735/838/35 736/839/35 726/829/35
f 726/829/35 736/839/35 737/840/35 727/830/35
f 727/830/35 737/840/35 738/841/35 728/831/35
f 728/831/35 738/841/35 739/842/35 729/832/35
f 729/832/35 739/842/35 740/843/35 730/833/35
f 730/833/35 740/843/35 741/844/35 731/834/35
f 731/834/35 741/844/35 742/762/35 732/761/35
f 69/835/36 70/845/36 743/846/36 733/836/36
f 733/836/36 743/846/36 744/847/36 734/837/36
f 734/837/36 744/847/36 745/848/36 735/838/36
f 735/838/36 745/848/36 746/849/36 736/839/36
f 736/839/36 746/849/36 747/850/36 737/840/36
f 737/840/36 747/850/36 748/851/36 738/841/36
f 738/841/36 748/851/36 749/852/36 739/842/36
f 739/842/36 749/852/36 750/853/36 740/843/36
f 740/843/36 750/853/36 751/854/36 741/844/36
f 741/844/36 751/854/36 752/763/36 742/762/36
f 70/845/37 71/855/37 753/856/37 743/846/37
f 743/846/37 753/856/37 754/857/37 744/847/37
f 744/847/37 754/857/37 755/858/37 745/848/37
f 745/848/37 755/858/37 756/859/37 746/849/37
f 746/849/37 756/859/37 757/860/37 747/850/37
f 747/850/37 757/860/37 758/861/37 748/851/37
f 748/851/37 758/861/37 759/862/37 749/852/37
f 749/852/37 759/862/37 760/863/37 750/853/37
f 750/853/37 760/863/37 761/864/37 751/854/37
f 751/854/37 761/864/37 762/764/37 752/763/37
f 71/855/38 72/865/38 763/866/38 753/856/38
f 753/856/38 763/866/38 764/867/38 754/857/38
f 754/857/38 764/867/38 765/868/38 755/858/38
f 755/858/38 765/868/38 766/869/38 756/859/38
f 756/859/38 766/869/38 767/870/38 757/860/38
f 757/860/38 767/870/38 768/871/38 758/861/38
f 758/861/38 768/871/38 769/872/38 759/862/38
f 759/862/38 769/872/38 770/873/38 760/863/38
f 760/863/38 770/873/38 771/874/38 761/864/38
f 761/864/38 771/874/38 772/81/38 762/764/38
f 72/865/13 46/875/13 73/876/13 763/866/13
f 763/866/13 73/876/13 74/877/13 764/867/13
f 764/867/13 74/877/13 75/878/13 765/868/13
f 765/868/13 75/878/13 76/879/13 766/869/13
f 766/869/13 76/879/13 77/880/13 767/870/13
f 767/870/13 77/880/13 78/881/13 768/871/13
f 768/871/13 78/881/13 79/882/13 769/872/13
f 769/872/13 79/882/13 80/883/13 770/873/13
f 770/873/13 80/883/13 81/884/13 771/874/13
f 771/874/13 81/884/13 82/82/13 772/81/13
o COLUMNA1
v -47.839802 -12.738834 -32.928291
v -48.559078 -12.738834 -34.307743
v -50.202888 -12.738834 -35.335796
v -52.296410 -12.738834 -35.721569
v -54.321823 -12.738834 -35.380981
v -55.793411 -12.738834 -34.430832
v -56.331711 -12.738834 -33.132389
v -55.786247 -12.738834 -31.830763
v -54.262291 -12.738834 -30.856390
v -52.108845 -12.738834 -30.443810
v -49.907967 -12.738834 -30.705835
v -48.321667 -12.738834 -31.604599
v -48.219337 18.545334 -33.098389
v -48.787834 18.545334 -34.410316
v -50.287457 18.545334 -35.373753
v -52.310650 18.545334 -35.727978
v -54.322495 18.545334 -35.381287
v -55.793411 18.545334 -34.430832
v -56.331749 18.545334 -33.132404
v -55.792217 18.545334 -31.833447
v -54.312572 18.545334 -30.878958
v -52.279392 18.545334 -30.520267
v -50.238304 18.545334 -30.853865
v -48.748268 18.545334 -31.795753
v -48.295242 49.829502 -33.132408
v -48.833588 49.829502 -34.430832
v -50.304371 49.829502 -35.381348
v -52.313499 49.829502 -35.729259
v -54.322628 49.829502 -35.381348
v -55.793411 49.829502 -34.430832
v -56.331757 49.829502 -33.132408
v -55.793411 49.829502 -31.833982
v -54.322628 49.829502 -30.883471
v -52.313499 49.829502 -30.535559
v -50.304371 49.829502 -30.883471
v -48.833588 49.829502 -31.833982
v -47.952477 -4.917792 -32.978790
v -48.058033 2.903251 -33.026096
v -48.149361 10.724291 -33.067028
v -47.912926 -12.738834 -33.284271
v -48.060425 -12.738834 -33.637379
v -48.277431 -12.738834 -33.980808
v -48.626991 -4.917792 -34.338196
v -48.690613 2.903251 -34.366726
v -48.745659 10.724291 -34.391407
v -48.260544 18.545334 -33.440079
v -48.370884 18.545334 -33.776546
v -48.547573 18.545334 -34.101921
v -48.900002 -12.738834 -34.611710
v -49.292843 -12.738834 -34.887569
v -49.729755 -12.738834 -35.130527
v -50.227993 -4.917792 -35.347065
v -50.251514 2.903251 -35.357620
v -50.271866 10.724291 -35.366756
v -49.088245 18.545334 -34.696133
v -49.442772 18.545334 -34.954823
v -49.844734 18.545334 -35.182121
v -50.704319 -12.738834 -35.499157
v -51.225880 -12.738834 -35.618755
v -51.759323 -12.738834 -35.693317
v -52.300636 -4.917792 -35.723473
v -52.304600 2.903251 -35.725254
v -52.308025 10.724291 -35.726795
v -50.763916 18.545334 -35.525917
v -51.265743 18.545334 -35.636665
v -51.784225 18.545334 -35.704514
v -52.828983 -12.738834 -35.702782
v -53.349236 -12.738834 -35.638420
v -53.849422 -12.738834 -35.530483
v -54.322021 -4.917792 -35.381073
v -54.322208 2.903251 -35.381157
v -54.322369 10.724291 -35.381229
v -52.836327 18.545334 -35.706089
v -53.352608 18.545334 -35.639942
v -53.850872 18.545334 -35.531139
v -54.758926 -12.738834 -35.192284
v -55.154140 -12.738834 -34.968227
v -55.501091 -12.738834 -34.713013
v -55.793411 -4.917792 -34.430832
v -55.793411 2.903251 -34.430832
v -55.793411 10.724291 -34.430832
v -54.759209 18.545334 -35.192413
v -55.154224 18.545334 -34.968266
v -55.501102 18.545334 -34.713017
v -56.025398 -12.738834 -34.126141
v -56.194019 -12.738834 -33.804379
v -56.296913 -12.738834 -33.471230
v -56.331722 -4.917792 -33.132393
v -56.331734 2.903251 -33.132397
v -56.331741 10.724291 -33.132401
v -56.025398 18.545334 -34.126144
v -56.194023 18.545334 -33.804382
v -56.296928 18.545334 -33.471237
v -56.296738 -12.738834 -32.793488
v -56.193024 -12.738834 -32.459984
v -56.022285 -12.738834 -32.137276
v -55.788021 -4.917792 -31.831560
v -55.789680 2.903251 -31.832306
v -55.791119 10.724291 -31.832952
v -56.296898 18.545334 -32.793560
v -56.193859 18.545334 -32.460361
v -56.024879 18.545334 -32.138439
v -55.487228 -12.738834 -31.545565
v -55.129986 -12.738834 -31.285646
v -54.719887 -12.738834 -31.054695
v -54.277218 -4.917792 -30.863091
v -54.291203 2.903251 -30.869366
v -54.303303 10.724291 -30.874796
v -55.498791 18.545334 -31.550760
v -55.150200 18.545334 -31.294727
v -54.752705 18.545334 -31.069431
v -53.763268 -12.738834 -30.694113
v -53.231659 -12.738834 -30.570019
v -52.677002 -12.738834 -30.485966
v -52.159477 -4.917792 -30.466507
v -52.206909 2.903251 -30.487772
v -52.247948 10.724291 -30.506170
v -53.836514 18.545334 -30.726974
v -53.333012 18.545334 -30.615479
v -52.810997 18.545334 -30.546049
v -51.536976 -12.738834 -30.445005
v -50.972183 -12.738834 -30.489426
v -50.425499 -12.738834 -30.576546
v -50.006035 -4.917792 -30.749783
v -50.097912 2.903251 -30.790953
v -50.177399 10.724291 -30.826572
v -51.747166 18.545334 -30.539223
v -51.223461 18.545334 -30.602045
v -50.717445 18.545334 -30.707378
v -49.430176 -12.738834 -30.876312
v -49.000946 -12.738834 -31.085133
v -48.628651 -12.738834 -31.328995
v -48.448311 -4.917792 -31.661348
v -48.566959 2.903251 -31.714512
v -48.669613 10.724291 -31.760509
v -49.794807 18.545334 -31.039700
v -49.394123 18.545334 -31.261307
v -49.043022 18.545334 -31.514666
v -47.844879 -12.738834 -32.576141
v -47.927807 -12.738834 -32.234062
v -48.087200 -12.738834 -31.908173
v -48.249203 18.545334 -32.757336
v -48.348778 18.545334 -32.422707
v -48.515865 18.545334 -32.100258
v -48.263218 26.366375 -33.118057
v -48.285751 34.187420 -33.128155
v -48.294056 42.008457 -33.131878
v -48.814285 26.366375 -34.422180
v -48.827866 34.187420 -34.428268
v -48.832870 42.008457 -34.430511
v -48.330067 49.829494 -33.471241
v -48.432972 49.829502 -33.804382
v -48.601601 49.829502 -34.126144
v -50.297234 26.366375 -35.378143
v -50.302258 34.187420 -35.380398
v -50.304108 42.008457 -35.381226
v -49.125893 49.829494 -34.713017
v -49.472755 49.829502 -34.968273
v -49.867733 49.829502 -35.192440
v -52.312298 26.366375 -35.728718
v -52.313145 34.187420 -35.729099
v -52.313454 42.008457 -35.729237
v -50.775837 49.829494 -35.531269
v -51.273716 49.829502 -35.640247
v -51.789204 49.829502 -35.706749
v -54.322571 26.366375 -35.381321
v -54.322613 34.187420 -35.381340
v -54.322624 42.008457 -35.381344
v -52.837795 49.829494 -35.706749
v -53.353283 49.829502 -35.640247
v -53.851162 49.829502 -35.531269
v -55.793411 26.366375 -34.430832
v -55.793411 34.187420 -34.430832
v -55.793411 42.008457 -34.430832
v -54.759266 49.829494 -35.192440
v -55.154243 49.829502 -34.968273
v -55.501106 49.829502 -34.713017
v -56.331753 26.366375 -33.132408
v -56.331757 34.187420 -33.132408
v -56.331757 42.008457 -33.132408
v -56.025398 49.829494 -34.126144
v -56.194027 49.829502 -33.804382
v -56.296932 49.829502 -33.471241
v -55.792908 26.366375 -31.833757
v -55.793262 34.187420 -31.833916
v -55.793396 42.008457 -31.833975
v -56.296932 49.829494 -32.793575
v -56.194027 49.829502 -32.460434
v -56.025398 49.829502 -32.138672
v -54.318386 26.366375 -30.881567
v -54.321373 34.187420 -30.882906
v -54.322472 42.008457 -30.883400
v -55.501106 49.829494 -31.551800
v -55.154243 49.829502 -31.296543
v -54.759266 49.829502 -31.072378
v -52.299110 26.366375 -30.529108
v -52.309235 34.187420 -30.533648
v -52.312965 42.008457 -30.535320
v -53.851162 49.829494 -30.733545
v -53.353283 49.829502 -30.624569
v -52.837795 49.829502 -30.558065
v -50.276497 26.366375 -30.870981
v -50.296112 34.187420 -30.879770
v -50.303337 42.008457 -30.883007
v -51.789204 49.829494 -30.558065
v -51.273716 49.829502 -30.624569
v -50.775837 49.829502 -30.733547
v -48.797592 26.366375 -31.817856
v -48.822922 34.187420 -31.829205
v -48.832253 42.008457 -31.833385
v -49.867733 49.829494 -31.072378
v -49.472755 49.829502 -31.296543
v -49.125893 49.829502 -31.551800
v -48.330067 49.829502 -32.793575
v -48.432972 49.829502 -32.460434
v -48.601601 49.829494 -32.138672
v -48.016125 -4.917792 -33.330524
v -48.152592 -4.917792 -33.678696
v -48.357632 -4.917792 -34.016766
v -48.112808 2.903251 -33.373859
v -48.238937 2.903248 -33.717403
v -48.432762 2.903251 -34.050449
v -48.196453 10.724291 -33.411350
v -48.313641 10.724291 -33.750889
v -48.497765 10.724289 -34.079590
v -48.955887 -4.917792 -34.636772
v -49.337353 -4.917792 -34.907536
v -49.763893 -4.917792 -35.145844
v -49.008240 2.903251 -34.660252
v -49.379051 2.903248 -34.926239
v -49.795868 2.903251 -35.160194
v -49.053535 10.724291 -34.680565
v -49.415131 10.724291 -34.942421
v -49.823536 10.724289 -35.172607
v -50.722012 -4.917792 -35.507103
v -51.237713 -4.917792 -35.624073
v -51.766716 -4.917792 -35.696640
v -50.738586 2.903251 -35.514545
v -51.248802 2.903248 -35.629055
v -51.773640 2.903251 -35.699753
v -50.752930 10.724291 -35.520985
v -51.258392 10.724291 -35.633362
v -51.779633 10.724289 -35.702450
v -52.831165 -4.917792 -35.703766
v -53.350235 -4.917792 -35.638870
v -53.849854 -4.917792 -35.530678
v -52.833206 2.903251 -35.704685
v -53.351173 2.903248 -35.639297
v -53.850258 2.903251 -35.530861
v -52.834972 10.724291 -35.705479
v -53.351986 10.724291 -35.639660
v -53.850605 10.724289 -35.531017
v -54.759010 -4.917792 -35.192322
v -55.154167 -4.917792 -34.968239
v -55.501095 -4.917792 -34.713013
v -54.759090 2.903251 -35.192360
v -55.154190 2.903248 -34.968250
v -55.501099 2.903251 -34.713013
v -54.759159 10.724291 -35.192390
v -55.154209 10.724291 -34.968258
v -55.501102 10.724289 -34.713013
v -56.025398 -4.917792 -34.126141
v -56.194023 -4.917792 -33.804379
v -56.296917 -4.917792 -33.471233
v -56.025398 2.903251 -34.126141
v -56.194023 2.903248 -33.804379
v -56.296921 2.903251 -33.471237
v -56.025398 10.724291 -34.126141
v -56.194023 10.724291 -33.804382
v -56.296925 10.724289 -33.471237
v -56.296787 -4.917792 -32.793510
v -56.193272 -4.917792 -32.460094
v -56.023056 -4.917792 -32.137623
v -56.296829 2.903251 -32.793530
v -56.193504 2.903248 -32.460201
v -56.023781 2.903251 -32.137947
v -56.296867 10.724291 -32.793549
v -56.193703 10.724291 -32.460289
v -56.024403 10.724289 -32.138226
v -55.490662 -4.917792 -31.547108
v -55.135986 -4.917792 -31.288343
v -54.729630 -4.917792 -31.059071
v -55.493877 2.903251 -31.548552
v -55.141609 2.903248 -31.290869
v -54.738754 2.903251 -31.063168
v -55.496658 10.724291 -31.549803
v -55.146473 10.724291 -31.293053
v -54.746655 10.724289 -31.066713
v -53.785011 -4.917792 -30.703869
v -53.261745 -4.917792 -30.583515
v -52.716782 -4.917792 -30.503803
v -53.805386 2.903251 -30.713007
v -53.289936 2.903248 -30.596157
v -52.754047 2.903251 -30.520514
v -53.823009 10.724291 -30.720915
v -53.314323 10.724291 -30.607096
v -52.786289 10.724289 -30.534971
v -51.599377 -4.917792 -30.472975
v -51.046780 -4.917792 -30.522860
v -50.512173 -4.917792 -30.615387
v -51.657837 2.903251 -30.499180
v -51.116665 2.903248 -30.554182
v -50.593369 2.903251 -30.651775
v -51.708412 10.724291 -30.521851
v -51.177132 10.724291 -30.581282
v -50.663620 10.724289 -30.683256
v -49.538425 -4.917792 -30.924818
v -49.117672 -4.917792 -31.137434
v -48.751667 -4.917792 -31.384117
v -49.639839 2.903251 -30.970261
v -49.227024 2.903248 -31.186434
v -48.866913 2.903251 -31.435757
v -49.727577 10.724291 -31.009575
v -49.321629 10.724291 -31.228825
v -48.966621 10.724289 -31.480433
v -48.214462 -4.917792 -31.965199
v -48.052784 -4.917792 -32.290066
v -47.964912 -4.917792 -32.629936
v -48.333683 2.903251 -32.018620
v -48.169865 2.903248 -32.342533
v -48.077366 2.903251 -32.680328
v -48.436832 10.724291 -32.064842
v -48.271164 10.724291 -32.387924
v -48.174656 10.724289 -32.723930
v -48.300739 26.366375 -33.458092
v -48.406780 26.366379 -33.792641
v -48.578808 26.366371 -34.115925
v -48.321377 34.187416 -33.467346
v -48.425213 34.187416 -33.800903
v -48.594845 34.187420 -34.123116
v -48.328983 42.008457 -33.470753
v -48.432003 42.008457 -33.803947
v -48.600754 42.008457 -34.125763
v -49.110012 26.366375 -34.705894
v -49.460106 26.366379 -34.962601
v -49.858032 26.366371 -35.188084
v -49.121189 34.187416 -34.710907
v -49.469009 34.187416 -34.966591
v -49.864857 34.187420 -35.191147
v -49.125305 42.008457 -34.712753
v -49.472290 42.008457 -34.968063
v -49.867371 42.008457 -35.192276
v -50.770809 26.366375 -35.529011
v -51.270351 26.366379 -35.638737
v -51.787106 26.366371 -35.705807
v -50.774345 34.187416 -35.530602
v -51.272720 34.187416 -35.639801
v -51.788582 34.187420 -35.706470
v -50.775650 42.008457 -35.531185
v -51.273590 42.008457 -35.640190
v -51.789127 42.008457 -35.706715
v -52.837173 26.366375 -35.706470
v -53.352997 26.366379 -35.640118
v -53.851040 26.366371 -35.531216
v -52.837608 34.187416 -35.706669
v -53.353199 34.187416 -35.640209
v -53.851128 34.187420 -35.531254
v -52.837772 42.008457 -35.706741
v -53.353271 42.008457 -35.640244
v -53.851158 42.008457 -35.531269
v -54.759243 26.366375 -35.192429
v -55.154236 26.366379 -34.968269
v -55.501106 26.366371 -34.713017
v -54.759262 34.187416 -35.192436
v -55.154240 34.187416 -34.968273
v -55.501106 34.187420 -34.713017
v -54.759266 42.008457 -35.192436
v -55.154240 42.008457 -34.968273
v -55.501106 42.008457 -34.713017
v -56.025398 26.366375 -34.126144
v -56.194023 26.366379 -33.804382
v -56.296928 26.366371 -33.471241
v -56.025398 34.187416 -34.126144
v -56.194023 34.187416 -33.804382
v -56.296932 34.187420 -33.471241
v -56.025398 42.008457 -34.126144
v -56.194023 42.008457 -33.804382
v -56.296932 42.008457 -33.471241
v -56.296917 26.366375 -32.793571
v -56.193954 26.366379 -32.460403
v -56.025181 26.366371 -32.138577
v -56.296928 34.187416 -32.793575
v -56.194004 34.187416 -32.460426
v -56.025333 34.187420 -32.138645
v -56.296928 42.008457 -32.793575
v -56.194023 42.008457 -32.460434
v -56.025391 42.008457 -32.138672
v -55.500130 26.366375 -31.551361
v -55.152534 26.366379 -31.295776
v -54.756500 26.366371 -31.071135
v -55.500816 34.187416 -31.551670
v -55.153736 34.187416 -31.296316
v -54.758446 34.187420 -31.072010
v -55.501068 42.008457 -31.551785
v -55.154179 42.008457 -31.296515
v -54.759163 42.008457 -31.072332
v -53.844982 26.366375 -30.730774
v -53.344730 26.366379 -30.620733
v -52.826488 26.366371 -30.552996
v -53.849331 34.187416 -30.732725
v -53.350750 34.187416 -30.623432
v -52.834442 34.187420 -30.556562
v -53.850933 42.008457 -30.733444
v -53.352966 42.008457 -30.624428
v -52.837376 42.008457 -30.557877
v -51.771469 26.366375 -30.550116
v -51.252514 26.366379 -30.615067
v -50.751202 26.366371 -30.722507
v -51.783951 34.187416 -30.555710
v -51.267433 34.187416 -30.621754
v -50.768536 34.187420 -30.730274
v -51.788548 42.008457 -30.557770
v -51.272930 42.008457 -30.624218
v -50.774925 42.008457 -30.733137
v -49.836967 26.366375 -31.058592
v -49.439583 26.366379 -31.281677
v -49.090931 26.366371 -31.536133
v -49.858616 34.187416 -31.068293
v -49.462929 34.187416 -31.292139
v -49.115536 34.187420 -31.547157
v -49.866592 42.008457 -31.071867
v -49.471527 42.008457 -31.295992
v -49.124599 42.008457 -31.551220
v -48.565430 26.366375 -32.122467
v -48.397453 26.366379 -32.444519
v -48.295952 26.366371 -32.778290
v -48.590881 34.187416 -32.133873
v -48.422451 34.187416 -32.455719
v -48.319962 34.187420 -32.789047
v -48.600258 42.008457 -32.138073
v -48.431660 42.008457 -32.459846
v -48.328804 42.008457 -32.793011
vn 0.9965 0.0138 -0.0827
vn 0.7160 0.0035 -0.6981
vn 0.3531 -0.0002 -0.9356
vn 0.0076 -0.0002 -1.0000
vn -0.3487 -0.0000 -0.9372
vn -0.7457 -0.0000 -0.6662
vn -1.0000 -0.0000 0.0002
vn -0.7423 -0.0001 0.6700
vn -0.3525 0.0002 0.9358
vn -0.0316 0.0027 0.9995
vn 0.2961 0.0091 0.9551
vn 0.7323 0.0167 0.6808
vn 0.9998 0.0072 -0.0179
vn 0.7391 0.0019 -0.6736
vn 0.3503 -0.0001 -0.9366
vn 0.0016 -0.0001 -1.0000
vn -0.3494 -0.0000 -0.9370
vn -1.0000 -0.0000 -0.0000
vn -0.7450 -0.0001 0.6670
vn -0.3502 0.0001 0.9367
vn -0.0070 0.0015 1.0000
vn 0.3380 0.0048 0.9411
vn 0.7430 0.0085 0.6693
vn 1.0000 0.0002 -0.0001
vn 0.7457 -0.0000 -0.6663
vn 0.3496 -0.0000 -0.9369
vn -0.0000 -0.0000 -1.0000
vn -0.3496 -0.0000 -0.9369
vn -0.7457 -0.0000 0.6662
vn -0.3496 -0.0000 0.9369
vn -0.0001 -0.0000 1.0000
vn 0.3495 0.0001 0.9369
vn 0.7457 0.0002 0.6662
vn 0.9973 0.0134 -0.0724
vn 0.9986 0.0122 -0.0512
vn 0.9994 0.0101 -0.0325
vn 0.9586 0.0110 -0.2847
vn 0.8911 0.0081 -0.4537
vn 0.8075 0.0056 -0.5899
vn 0.7196 0.0035 -0.6944
vn 0.7271 0.0032 -0.6865
vn 0.7338 0.0027 -0.6794
vn 0.9756 0.0058 -0.2194
vn 0.9169 0.0044 -0.3990
vn 0.8348 0.0031 -0.5505
vn 0.6229 0.0020 -0.7823
vn 0.5317 0.0009 -0.8470
vn 0.4421 0.0002 -0.8970
vn 0.3526 -0.0002 -0.9358
vn 0.3517 -0.0002 -0.9361
vn 0.3509 -0.0001 -0.9364
vn 0.6389 0.0011 -0.7693
vn 0.5403 0.0005 -0.8415
vn 0.4442 0.0001 -0.8959
vn 0.2654 -0.0004 -0.9641
vn 0.1795 -0.0004 -0.9837
vn 0.0941 -0.0003 -0.9956
vn 0.0066 -0.0002 -1.0000
vn 0.0046 -0.0002 -1.0000
vn 0.0029 -0.0002 -1.0000
vn 0.2596 -0.0002 -0.9657
vn 0.1725 -0.0002 -0.9850
vn 0.0871 -0.0002 -0.9962
vn -0.0797 -0.0002 -0.9968
vn -0.1671 -0.0001 -0.9859
vn -0.2562 -0.0000 -0.9666
vn -0.3488 -0.0000 -0.9372
vn -0.3490 -0.0000 -0.9371
vn -0.3492 -0.0000 -0.9370
vn -0.0841 -0.0001 -0.9965
vn -0.1699 -0.0000 -0.9855
vn -0.2577 -0.0000 -0.9662
vn -0.4443 -0.0000 -0.8959
vn -0.5425 -0.0000 -0.8400
vn -0.6435 -0.0000 -0.7654
vn -0.4447 -0.0000 -0.8957
vn -0.5427 -0.0000 -0.8399
vn -0.6436 -0.0000 -0.7654
vn -0.8425 -0.0000 -0.5388
vn -0.9238 -0.0000 -0.3830
vn -0.9796 -0.0000 -0.2007
vn -1.0000 -0.0000 0.0001
vn -0.9796 -0.0000 -0.2008
vn -0.9794 -0.0000 0.2018
vn -0.9227 -0.0000 0.3854
vn -0.8402 -0.0001 0.5423
vn -0.7428 -0.0001 0.6695
vn -0.7437 -0.0001 0.6685
vn -0.7445 -0.0001 0.6677
vn -0.9796 -0.0000 0.2010
vn -0.9235 -0.0000 0.3835
vn -0.8420 -0.0000 0.5395
vn -0.6397 -0.0001 0.7686
vn -0.5396 -0.0001 0.8419
vn -0.4438 -0.0000 0.8961
vn -0.3522 0.0001 0.9359
vn -0.3514 0.0001 0.9362
vn -0.3508 0.0001 0.9365
vn -0.6428 -0.0001 0.7661
vn -0.5421 -0.0001 0.8403
vn -0.4446 -0.0000 0.8957
vn -0.2667 0.0005 0.9638
vn -0.1862 0.0010 0.9825
vn -0.1086 0.0018 0.9941
vn -0.0277 0.0027 0.9996
vn -0.0197 0.0025 0.9998
vn -0.0126 0.0020 0.9999
vn -0.2600 0.0003 0.9656
vn -0.1740 0.0005 0.9847
vn -0.0904 0.0009 0.9959
vn 0.0456 0.0040 0.9990
vn 0.1240 0.0055 0.9923
vn 0.2066 0.0072 0.9784
vn 0.3029 0.0089 0.9530
vn 0.3165 0.0081 0.9485
vn 0.3286 0.0067 0.9445
vn 0.0765 0.0021 0.9971
vn 0.1604 0.0029 0.9870
vn 0.2468 0.0038 0.9691
vn 0.3934 0.0111 0.9193
vn 0.4984 0.0132 0.8669
vn 0.6121 0.0151 0.7906
vn 0.7341 0.0162 0.6788
vn 0.7376 0.0146 0.6750
vn 0.7407 0.0120 0.6718
vn 0.4338 0.0058 0.9010
vn 0.5334 0.0069 0.8458
vn 0.6370 0.0078 0.7708
vn 0.9905 0.0161 0.1363
vn 0.9376 0.0174 0.3472
vn 0.8466 0.0176 0.5319
vn 0.9823 0.0082 0.1871
vn 0.9268 0.0088 0.3755
vn 0.8434 0.0089 0.5373
vn 1.0000 0.0042 -0.0082
vn 1.0000 0.0020 -0.0029
vn 1.0000 0.0006 -0.0007
vn 0.7427 0.0011 -0.6696
vn 0.7447 0.0005 -0.6674
vn 0.7455 0.0002 -0.6665
vn 0.9796 0.0001 -0.2009
vn 0.9237 0.0001 -0.3831
vn 0.8424 0.0001 -0.5389
vn 0.3499 -0.0001 -0.9368
vn 0.3497 -0.0000 -0.9369
vn 0.6435 -0.0000 -0.7654
vn 0.5428 -0.0000 -0.8399
vn 0.4448 -0.0000 -0.8956
vn 0.0007 -0.0001 -1.0000
vn 0.0003 -0.0000 -1.0000
vn 0.0001 -0.0000 -1.0000
vn 0.2581 -0.0000 -0.9661
vn 0.1706 -0.0000 -0.9853
vn 0.0853 -0.0000 -0.9964
vn -0.3495 -0.0000 -0.9369
vn -0.0853 -0.0000 -0.9964
vn -0.1706 -0.0000 -0.9853
vn -0.2580 -0.0000 -0.9661
vn -0.4448 -0.0000 -0.8956
vn -0.5428 -0.0000 -0.8399
vn -0.9237 -0.0000 -0.3830
vn -0.7454 -0.0000 0.6666
vn -0.7456 -0.0000 0.6664
vn -0.7457 -0.0000 0.6663
vn -0.9796 -0.0000 0.2008
vn -0.9237 -0.0000 0.3830
vn -0.8425 -0.0000 0.5388
vn -0.3499 -0.0000 0.9368
vn -0.3497 -0.0000 0.9369
vn -0.6436 -0.0000 0.7654
vn -0.5428 -0.0000 0.8399
vn -0.4448 -0.0000 0.8956
vn -0.0032 0.0009 1.0000
vn -0.0011 0.0004 1.0000
vn -0.0003 0.0001 1.0000
vn -0.2581 -0.0000 0.9661
vn -0.1707 -0.0000 0.9853
vn -0.0853 -0.0000 0.9964
vn 0.3443 0.0028 0.9389
vn 0.3477 0.0013 0.9376
vn 0.3492 0.0004 0.9371
vn 0.0852 -0.0000 0.9964
vn 0.1705 0.0001 0.9853
vn 0.2580 0.0001 0.9662
vn 0.7445 0.0050 0.6676
vn 0.7453 0.0023 0.6667
vn 0.7457 0.0007 0.6663
vn 0.4448 0.0001 0.8956
vn 0.5427 0.0001 0.8399
vn 0.6435 0.0002 0.7654
vn 0.9797 0.0002 0.2007
vn 0.9238 0.0002 0.3829
vn 0.8425 0.0002 0.5388
vn 0.9615 0.0107 -0.2745
vn 0.8953 0.0080 -0.4453
vn 0.8118 0.0055 -0.5839
vn 0.9673 0.0098 -0.2534
vn 0.9039 0.0073 -0.4278
vn 0.8207 0.0051 -0.5713
vn 0.9721 0.0082 -0.2344
vn 0.9112 0.0061 -0.4118
vn 0.8286 0.0043 -0.5598
vn 0.6253 0.0020 -0.7804
vn 0.5329 0.0009 -0.8462
vn 0.4423 0.0002 -0.8969
vn 0.6305 0.0018 -0.7762
vn 0.5357 0.0008 -0.8444
vn 0.4430 0.0002 -0.8965
vn 0.6352 0.0015 -0.7723
vn 0.5383 0.0007 -0.8428
vn 0.4437 0.0002 -0.8962
vn 0.2643 -0.0004 -0.9644
vn 0.1783 -0.0004 -0.9840
vn 0.0929 -0.0003 -0.9957
vn 0.2625 -0.0003 -0.9649
vn 0.1761 -0.0003 -0.9844
vn 0.0907 -0.0003 -0.9959
vn 0.2609 -0.0003 -0.9654
vn 0.1741 -0.0003 -0.9847
vn 0.0887 -0.0002 -0.9961
vn -0.0804 -0.0002 -0.9968
vn -0.1676 -0.0001 -0.9859
vn -0.2565 -0.0000 -0.9666
vn -0.0819 -0.0001 -0.9966
vn -0.1685 -0.0001 -0.9857
vn -0.2569 -0.0000 -0.9664
vn -0.0831 -0.0001 -0.9965
vn -0.1693 -0.0001 -0.9856
vn -0.2573 -0.0000 -0.9663
vn -0.4444 -0.0000 -0.8958
vn -0.5426 -0.0000 -0.8400
vn -0.4445 -0.0000 -0.8958
vn -0.9795 -0.0000 0.2016
vn -0.9229 -0.0000 0.3851
vn -0.8405 -0.0001 0.5418
vn -0.9795 -0.0000 0.2014
vn -0.9231 -0.0000 0.3844
vn -0.8411 -0.0001 0.5409
vn -0.9796 -0.0000 0.2012
vn -0.9234 -0.0000 0.3839
vn -0.8416 -0.0000 0.5401
vn -0.6402 -0.0001 0.7682
vn -0.5400 -0.0001 0.8417
vn -0.4440 -0.0000 0.8960
vn -0.6412 -0.0001 0.7673
vn -0.5408 -0.0001 0.8411
vn -0.4442 -0.0000 0.8959
vn -0.6421 -0.0001 0.7666
vn -0.5416 -0.0001 0.8407
vn -0.4445 -0.0000 0.8958
vn -0.2657 0.0005 0.9641
vn -0.1843 0.0010 0.9829
vn -0.1057 0.0017 0.9944
vn -0.2635 0.0004 0.9647
vn -0.1803 0.0009 0.9836
vn -0.0998 0.0016 0.9950
vn -0.2615 0.0004 0.9652
vn -0.1768 0.0008 0.9842
vn -0.0946 0.0013 0.9955
vn 0.0505 0.0039 0.9987
vn 0.1299 0.0053 0.9915
vn 0.2131 0.0070 0.9770
vn 0.0605 0.0036 0.9982
vn 0.1416 0.0049 0.9899
vn 0.2261 0.0064 0.9741
vn 0.0695 0.0030 0.9976
vn 0.1521 0.0041 0.9884
vn 0.2377 0.0053 0.9713
vn 0.4000 0.0108 0.9164
vn 0.5042 0.0128 0.8635
vn 0.6163 0.0147 0.7873
vn 0.4132 0.0099 0.9106
vn 0.5157 0.0117 0.8567
vn 0.6245 0.0133 0.7809
vn 0.4248 0.0082 0.9053
vn 0.5257 0.0096 0.8506
vn 0.6316 0.0110 0.7752
vn 0.8462 0.0170 0.5326
vn 0.9360 0.0168 0.3517
vn 0.9894 0.0156 0.1445
vn 0.8451 0.0153 0.5344
vn 0.9324 0.0152 0.3611
vn 0.9868 0.0141 0.1613
vn 0.8441 0.0126 0.5360
vn 0.9292 0.0125 0.3692
vn 0.9843 0.0116 0.1759
vn 0.9778 0.0034 -0.2093
vn 0.9206 0.0026 -0.3904
vn 0.8390 0.0018 -0.5442
vn 0.9790 0.0016 -0.2038
vn 0.9227 0.0012 -0.3856
vn 0.8412 0.0008 -0.5407
vn 0.9795 0.0005 -0.2015
vn 0.9235 0.0004 -0.3836
vn 0.8422 0.0003 -0.5392
vn 0.6414 0.0006 -0.7672
vn 0.5416 0.0003 -0.8406
vn 0.4445 0.0001 -0.8958
vn 0.6428 0.0003 -0.7660
vn 0.5424 0.0001 -0.8401
vn 0.4447 -0.0000 -0.8957
vn 0.6434 0.0001 -0.7655
vn 0.5427 -0.0000 -0.8399
vn 0.2588 -0.0001 -0.9659
vn 0.1715 -0.0001 -0.9852
vn 0.0861 -0.0001 -0.9963
vn 0.2583 -0.0001 -0.9661
vn 0.1709 -0.0001 -0.9853
vn 0.0856 -0.0000 -0.9963
vn 0.1707 -0.0000 -0.9853
vn 0.0854 -0.0000 -0.9964
vn -0.0848 -0.0000 -0.9964
vn -0.1703 -0.0000 -0.9854
vn -0.2579 -0.0000 -0.9662
vn -0.0851 -0.0000 -0.9964
vn -0.1705 -0.0000 -0.9854
vn -0.0852 -0.0000 -0.9964
vn -0.9796 -0.0000 0.2009
vn -0.9237 -0.0000 0.3832
vn -0.8422 -0.0000 0.5391
vn -0.9237 -0.0000 0.3831
vn -0.8424 -0.0000 0.5389
vn -0.8424 -0.0000 0.5388
vn -0.6432 -0.0000 0.7657
vn -0.5425 -0.0000 0.8401
vn -0.4448 -0.0000 0.8957
vn -0.6435 -0.0000 0.7655
vn -0.5427 -0.0000 0.8399
vn -0.2589 0.0002 0.9659
vn -0.1722 0.0003 0.9851
vn -0.0876 0.0006 0.9962
vn -0.2584 0.0001 0.9660
vn -0.1712 0.0001 0.9852
vn -0.0861 0.0003 0.9963
vn -0.1708 -0.0000 0.9853
vn -0.0855 0.0001 0.9963
vn 0.0813 0.0013 0.9967
vn 0.1659 0.0017 0.9861
vn 0.2529 0.0022 0.9675
vn 0.0839 0.0006 0.9965
vn 0.1690 0.0008 0.9856
vn 0.2562 0.0010 0.9666
vn 0.0850 0.0002 0.9964
vn 0.1702 0.0002 0.9854
vn 0.2576 0.0003 0.9662
vn 0.4398 0.0034 0.8981
vn 0.5385 0.0040 0.8426
vn 0.6406 0.0045 0.7679
vn 0.4431 0.0016 0.8965
vn 0.5413 0.0019 0.8408
vn 0.6425 0.0021 0.7662
vn 0.4444 0.0005 0.8958
vn 0.5424 0.0006 0.8401
vn 0.6433 0.0006 0.7656
vn 0.8429 0.0052 0.5381
vn 0.9251 0.0051 0.3796
vn 0.9809 0.0048 0.1946
vn 0.8426 0.0024 0.5385
vn 0.9242 0.0024 0.3818
vn 0.9801 0.0022 0.1986
vn 0.8425 0.0007 0.5387
vn 0.9239 0.0007 0.3827
vn 0.9797 0.0007 0.2003
s 1
usemtl Material.003
f 989//232 990//233 993//236 992//235
f 990//233 991//234 994//237 993//236
f 992//235 993//236 996//239 995//238
f 993//236 994//237 997//240 996//239
f 773//39 812//75 989//232 809//72
f 812//75 813//76 990//233 989//232
f 813//76 814//77 991//234 990//233
f 814//77 774//40 815//78 991//234
f 991//234 815//78 816//79 994//237
f 994//237 816//79 817//80 997//240
f 997//240 817//80 786//52 820//83
f 996//239 997//240 820//83 819//82
f 995//238 996//239 819//82 818//81
f 811//74 995//238 818//81 785//51
f 810//73 992//235 995//238 811//74
f 809//72 989//232 992//235 810//73
f 998//241 999//242 1002//245 1001//244
f 999//242 1000//243 1003//246 1002//245
f 1001//244 1002//245 1005//248 1004//247
f 1002//245 1003//246 1006//249 1005//248
f 774//40 821//84 998//241 815//78
f 821//84 822//85 999//242 998//241
f 822//85 823//86 1000//243 999//242
f 823//86 775//41 824//87 1000//243
f 1000//243 824//87 825//88 1003//246
f 1003//246 825//88 826//89 1006//249
f 1006//249 826//89 787//53 829//92
f 1005//248 1006//249 829//92 828//91
f 1004//247 1005//248 828//91 827//90
f 817//80 1004//247 827//90 786//52
f 816//79 1001//244 1004//247 817//80
f 815//78 998//241 1001//244 816//79
f 1007//250 1008//251 1011//254 1010//253
f 1008//251 1009//252 1012//255 1011//254
f 1010//253 1011//254 1014//257 1013//256
f 1011//254 1012//255 1015//258 1014//257
f 775//41 830//93 1007//250 824//87
f 830//93 831//94 1008//251 1007//250
f 831//94 832//95 1009//252 1008//251
f 832//95 776//42 833//96 1009//252
f 1009//252 833//96 834//97 1012//255
f 1012//255 834//97 835//98 1015//258
f 1015//258 835//98 788//54 838//101
f 1014//257 1015//258 838//101 837//100
f 1013//256 1014//257 837//100 836//99
f 826//89 1013//256 836//99 787//53
f 825//88 1010//253 1013//256 826//89
f 824//87 1007//250 1010//253 825//88
f 1016//259 1017//260 1020//263 1019//262
f 1017//260 1018//261 1021//264 1020//263
f 1019//262 1020//263 1023//266 1022//265
f 1020//263 1021//264 1024//267 1023//266
f 776//42 839//102 1016//259 833//96
f 839//102 840//103 1017//260 1016//259
f 840//103 841//104 1018//261 1017//260
f 841//104 777//43 842//105 1018//261
f 1018//261 842//105 843//106 1021//264
f 1021//264 843//106 844//107 1024//267
f 1024//267 844//107 789//55 847//110
f 1023//266 1024//267 847//110 846//109
f 1022//265 1023//266 846//109 845//108
f 835//98 1022//265 845//108 788//54
f 834//97 1019//262 1022//265 835//98
f 833//96 1016//259 1019//262 834//97
f 1025//268 1026//269 1029//269 1028//270
f 1026//269 1027//113 1030//113 1029//269
f 1028//270 1029//269 1032//115 1031//114
f 1029//269 1030//113 1033//113 1032//115
f 777//43 848//111 1025//268 842//105
f 848//111 849//112 1026//269 1025//268
f 849//112 850//113 1027//113 1026//269
f 850//113 778//44 851//44 1027//113
f 1027//113 851//44 852//44 1030//113
f 1030//113 852//44 853//44 1033//113
f 1033//113 853//44 790//44 856//116
f 1032//115 1033//113 856//116 855//115
f 1031//114 1032//115 855//115 854//114
f 844//107 1031//114 854//114 789//55
f 843//106 1028//270 1031//114 844//107
f 842//105 1025//268 1028//270 843//106
f 1034//117 1035//118 1038//118 1037//117
f 1035//118 1036//119 1039//119 1038//118
f 1037//117 1038//118 1041//118 1040//117
f 1038//118 1039//119 1042//121 1041//118
f 778//44 857//117 1034//117 851//44
f 857//117 858//118 1035//118 1034//117
f 858//118 859//119 1036//119 1035//118
f 859//119 779//45 860//45 1036//119
f 1036//119 860//45 861//120 1039//119
f 1039//119 861//120 862//120 1042//121
f 1042//121 862//120 791//56 865//121
f 1041//118 1042//121 865//121 864//118
f 1040//117 1041//118 864//118 863//117
f 853//44 1040//117 863//117 790//44
f 852//44 1037//117 1040//117 853//44
f 851//44 1034//117 1037//117 852//44
f 1043//271 1044//272 1047//275 1046//274
f 1044//272 1045//273 1048//276 1047//275
f 1046//274 1047//275 1050//278 1049//277
f 1047//275 1048//276 1051//279 1050//278
f 779//45 866//122 1043//271 860//45
f 866//122 867//123 1044//272 1043//271
f 867//123 868//124 1045//273 1044//272
f 868//124 780//46 869//125 1045//273
f 1045//273 869//125 870//126 1048//276
f 1048//276 870//126 871//127 1051//279
f 1051//279 871//127 792//57 874//130
f 1050//278 1051//279 874//130 873//129
f 1049//277 1050//278 873//129 872//128
f 862//120 1049//277 872//128 791//56
f 861//120 1046//274 1049//277 862//120
f 860//45 1043//271 1046//274 861//120
f 1052//280 1053//281 1056//284 1055//283
f 1053//281 1054//282 1057//285 1056//284
f 1055//283 1056//284 1059//287 1058//286
f 1056//284 1057//285 1060//288 1059//287
f 780//46 875//131 1052//280 869//125
f 875//131 876//132 1053//281 1052//280
f 876//132 877//133 1054//282 1053//281
f 877//133 781//47 878//134 1054//282
f 1054//282 878//134 879//135 1057//285
f 1057//285 879//135 880//136 1060//288
f 1060//288 880//136 793//58 883//139
f 1059//287 1060//288 883//139 882//138
f 1058//286 1059//287 882//138 881//137
f 871//127 1058//286 881//137 792//57
f 870//126 1055//283 1058//286 871//127
f 869//125 1052//280 1055//283 870//126
f 1061//289 1062//290 1065//293 1064//292
f 1062//290 1063//291 1066//294 1065//293
f 1064//292 1065//293 1068//296 1067//295
f 1065//293 1066//294 1069//297 1068//296
f 781//47 884//140 1061//289 878//134
f 884//140 885//141 1062//290 1061//289
f 885//141 886//142 1063//291 1062//290
f 886//142 782//48 887//143 1063//291
f 1063//291 887//143 888//144 1066//294
f 1066//294 888//144 889//145 1069//297
f 1069//297 889//145 794//59 892//148
f 1068//296 1069//297 892//148 891//147
f 1067//295 1068//296 891//147 890//146
f 880//136 1067//295 890//146 793//58
f 879//135 1064//292 1067//295 880//136
f 878//134 1061//289 1064//292 879//135
f 1070//298 1071//299 1074//302 1073//301
f 1071//299 1072//300 1075//303 1074//302
f 1073//301 1074//302 1077//305 1076//304
f 1074//302 1075//303 1078//306 1077//305
f 782//48 893//149 1070//298 887//143
f 893//149 894//150 1071//299 1070//298
f 894//150 895//151 1072//300 1071//299
f 895//151 783//49 896//152 1072//300
f 1072//300 896//152 897//153 1075//303
f 1075//303 897//153 898//154 1078//306
f 1078//306 898//154 795//60 901//157
f 1077//305 1078//306 901//157 900//156
f 1076//304 1077//305 900//156 899//155
f 889//145 1076//304 899//155 794//59
f 888//144 1073//301 1076//304 889//145
f 887//143 1070//298 1073//301 888//144
f 1079//307 1080//308 1083//311 1082//310
f 1080//308 1081//309 1084//312 1083//311
f 1082//310 1083//311 1086//314 1085//313
f 1083//311 1084//312 1087//315 1086//314
f 783//49 902//158 1079//307 896//152
f 902//158 903//159 1080//308 1079//307
f 903//159 904//160 1081//309 1080//308
f 904//160 784//50 905//161 1081//309
f 1081//309 905//161 906//162 1084//312
f 1084//312 906//162 907//163 1087//315
f 1087//315 907//163 796//61 910//166
f 1086//314 1087//315 910//166 909//165
f 1085//313 1086//314 909//165 908//164
f 898//154 1085//313 908//164 795//60
f 897//153 1082//310 1085//313 898//154
f 896//152 1079//307 1082//310 897//153
f 1088//316 1089//317 1092//320 1091//319
f 1089//317 1090//318 1093//321 1092//320
f 1091//319 1092//320 1095//323 1094//322
f 1092//320 1093//321 1096//324 1095//323
f 784//50 913//169 1088//316 905//161
f 913//169 912//168 1089//317 1088//316
f 912//168 911//167 1090//318 1089//317
f 911//167 773//39 809//72 1090//318
f 1090//318 809//72 810//73 1093//321
f 1093//321 810//73 811//74 1096//324
f 1096//324 811//74 785//51 914//170
f 1095//323 1096//324 914//170 915//171
f 1094//322 1095//323 915//171 916//172
f 907//163 1094//322 916//172 796//61
f 906//162 1091//319 1094//322 907//163
f 905//161 1088//316 1091//319 906//162
f 1097//325 1098//326 1101//329 1100//328
f 1098//326 1099//327 1102//330 1101//329
f 1100//328 1101//329 1104//332 1103//331
f 1101//329 1102//330 1105//333 1104//332
f 785//51 818//81 1097//325 917//173
f 818//81 819//82 1098//326 1097//325
f 819//82 820//83 1099//327 1098//326
f 820//83 786//52 920//176 1099//327
f 1099//327 920//176 921//177 1102//330
f 1102//330 921//177 922//178 1105//333
f 1105//333 922//178 798//63 925//181
f 1104//332 1105//333 925//181 924//180
f 1103//331 1104//332 924//180 923//179
f 919//175 1103//331 923//179 797//62
f 918//174 1100//328 1103//331 919//175
f 917//173 1097//325 1100//328 918//174
f 1106//334 1107//335 1110//338 1109//337
f 1107//335 1108//336 1111//339 1110//338
f 1109//337 1110//338 1113//341 1112//340
f 1110//338 1111//339 1114//186 1113//341
f 786//52 827//90 1106//334 920//176
f 827//90 828//91 1107//335 1106//334
f 828//91 829//92 1108//336 1107//335
f 829//92 787//53 926//182 1108//336
f 1108//336 926//182 927//183 1111//339
f 1111//339 927//183 928//64 1114//186
f 1114//186 928//64 799//64 931//186
f 1113//341 1114//186 931//186 930//185
f 1112//340 1113//341 930//185 929//184
f 922//178 1112//340 929//184 798//63
f 921//177 1109//337 1112//340 922//178
f 920//176 1106//334 1109//337 921//177
f 1115//342 1116//343 1119//346 1118//345
f 1116//343 1117//344 1120//347 1119//346
f 1118//345 1119//346 1122//348 1121//190
f 1119//346 1120//347 1123//349 1122//348
f 787//53 836//99 1115//342 926//182
f 836//99 837//100 1116//343 1115//342
f 837//100 838//101 1117//344 1116//343
f 838//101 788//54 932//187 1117//344
f 1117//344 932//187 933//188 1120//347
f 1120//347 933//188 934//189 1123//349
f 1123//349 934//189 800//65 937//192
f 1122//348 1123//349 937//192 936//191
f 1121//190 1122//348 936//191 935//190
f 928//64 1121//190 935//190 799//64
f 927//183 1118//345 1121//190 928//64
f 926//182 1115//342 1118//345 927//183
f 1124//350 1125//351 1128//354 1127//353
f 1125//351 1126//352 1129//196 1128//354
f 1127//353 1128//354 1131//195 1130//355
f 1128//354 1129//196 1132//196 1131//195
f 788//54 845//108 1124//350 932//187
f 845//108 846//109 1125//351 1124//350
f 846//109 847//110 1126//352 1125//351
f 847//110 789//55 938//193 1126//352
f 1126//352 938//193 939//193 1129//196
f 1129//196 939//193 940//66 1132//196
f 1132//196 940//66 801//66 943//196
f 1131//195 1132//196 943//196 942//195
f 1130//355 1131//195 942//195 941//194
f 934//189 1130//355 941//194 800//65
f 933//188 1127//353 1130//355 934//189
f 932//187 1124//350 1127//353 933//188
f 1133//197 1134//198 1137//198 1136//197
f 1134//198 1135//116 1138//116 1137//198
f 1136//197 1137//198 1140//198 1139//197
f 1137//198 1138//116 1141//116 1140//198
f 789//55 854//114 1133//197 938//193
f 854//114 855//115 1134//198 1133//197
f 855//115 856//116 1135//116 1134//198
f 856//116 790//44 944//44 1135//116
f 1135//116 944//44 945//44 1138//116
f 1138//116 945//44 946//44 1141//116
f 1141//116 946//44 802//44 949//116
f 1140//198 1141//116 949//116 948//198
f 1139//197 1140//198 948//198 947//197
f 940//66 1139//197 947//197 801//66
f 939//193 1136//197 1139//197 940//66
f 938//193 1133//197 1136//197 939//193
f 1142//117 1143//199 1146//199 1145//117
f 1143//199 1144//121 1147//121 1146//199
f 1145//117 1146//199 1149//199 1148//117
f 1146//199 1147//121 1150//121 1149//199
f 790//44 863//117 1142//117 944//44
f 863//117 864//118 1143//199 1142//117
f 864//118 865//121 1144//121 1143//199
f 865//121 791//56 950//56 1144//121
f 1144//121 950//56 951//56 1147//121
f 1147//121 951//56 952//56 1150//121
f 1150//121 952//56 803//56 955//121
f 1149//199 1150//121 955//121 954//199
f 1148//117 1149//199 954//199 953//117
f 946//44 1148//117 953//117 802//44
f 945//44 1145//117 1148//117 946//44
f 944//44 1142//117 1145//117 945//44
f 1151//356 1152//357 1155//359 1154//203
f 1152//357 1153//358 1156//360 1155//359
f 1154//203 1155//359 1158//204 1157//203
f 1155//359 1156//360 1159//361 1158//204
f 791//56 872//128 1151//356 950//56
f 872//128 873//129 1152//357 1151//356
f 873//129 874//130 1153//358 1152//357
f 874//130 792//57 956//200 1153//358
f 1153//358 956//200 957//201 1156//360
f 1156//360 957//201 958//202 1159//361
f 1159//361 958//202 804//67 961//205
f 1158//204 1159//361 961//205 960//204
f 1157//203 1158//204 960//204 959//203
f 952//56 1157//203 959//203 803//56
f 951//56 1154//203 1157//203 952//56
f 950//56 1151//356 1154//203 951//56
f 1160//362 1161//363 1164//366 1163//365
f 1161//363 1162//364 1165//210 1164//366
f 1163//365 1164//366 1167//209 1166//208
f 1164//366 1165//210 1168//210 1167//209
f 792//57 881//137 1160//362 956//200
f 881//137 882//138 1161//363 1160//362
f 882//138 883//139 1162//364 1161//363
f 883//139 793//58 962//206 1162//364
f 1162//364 962//206 963//207 1165//210
f 1165//210 963//207 964//68 1168//210
f 1168//210 964//68 805//68 967//210
f 1167//209 1168//210 967//210 966//209
f 1166//208 1167//209 966//209 965//208
f 958//202 1166//208 965//208 804//67
f 957//201 1163//365 1166//208 958//202
f 956//200 1160//362 1163//365 957//201
f 1169//367 1170//368 1173//371 1172//370
f 1170//368 1171//369 1174//372 1173//371
f 1172//370 1173//371 1176//373 1175//214
f 1173//371 1174//372 1177//374 1176//373
f 793//58 890//146 1169//367 962//206
f 890//146 891//147 1170//368 1169//367
f 891//147 892//148 1171//369 1170//368
f 892//148 794//59 968//211 1171//369
f 1171//369 968//211 969//212 1174//372
f 1174//372 969//212 970//213 1177//374
f 1177//374 970//213 806//69 973//216
f 1176//373 1177//374 973//216 972//215
f 1175//214 1176//373 972//215 971//214
f 964//68 1175//214 971//214 805//68
f 963//207 1172//370 1175//214 964//68
f 962//206 1169//367 1172//370 963//207
f 1178//375 1179//376 1182//379 1181//378
f 1179//376 1180//377 1183//380 1182//379
f 1181//378 1182//379 1185//382 1184//381
f 1182//379 1183//380 1186//383 1185//382
f 794//59 899//155 1178//375 968//211
f 899//155 900//156 1179//376 1178//375
f 900//156 901//157 1180//377 1179//376
f 901//157 795//60 974//217 1180//377
f 1180//377 974//217 975//218 1183//380
f 1183//380 975//218 976//219 1186//383
f 1186//383 976//219 807//70 979//222
f 1185//382 1186//383 979//222 978//221
f 1184//381 1185//382 978//221 977//220
f 970//213 1184//381 977//220 806//69
f 969//212 1181//378 1184//381 970//213
f 968//211 1178//375 1181//378 969//212
f 1187//384 1188//385 1191//388 1190//387
f 1188//385 1189//386 1192//389 1191//388
f 1190//387 1191//388 1194//391 1193//390
f 1191//388 1192//389 1195//392 1194//391
f 795//60 908//164 1187//384 974//217
f 908//164 909//165 1188//385 1187//384
f 909//165 910//166 1189//386 1188//385
f 910//166 796//61 980//223 1189//386
f 1189//386 980//223 981//224 1192//389
f 1192//389 981//224 982//225 1195//392
f 1195//392 982//225 808//71 985//228
f 1194//391 1195//392 985//228 984//227
f 1193//390 1194//391 984//227 983//226
f 976//219 1193//390 983//226 807//70
f 975//218 1190//387 1193//390 976//219
f 974//217 1187//384 1190//387 975//218
f 1196//393 1197//394 1200//397 1199//396
f 1197//394 1198//395 1201//398 1200//397
f 1199//396 1200//397 1203//400 1202//399
f 1200//397 1201//398 1204//401 1203//400
f 796//61 916//172 1196//393 980//223
f 916//172 915//171 1197//394 1196//393
f 915//171 914//170 1198//395 1197//394
f 914//170 785//51 917//173 1198//395
f 1198//395 917//173 918//174 1201//398
f 1201//398 918//174 919//175 1204//401
f 1204//401 919//175 797//62 986//229
f 1203//400 1204//401 986//229 987//230
f 1202//399 1203//400 987//230 988//231
f 982//225 1202//399 988//231 808//71
f 981//224 1199//396 1202//399 982//225
f 980//223 1196//393 1199//396 981//224
o COLUMNA2
v -49.143848 -13.062643 75.984413
v -49.682194 -13.062643 74.685989
v -51.152977 -13.062643 73.735474
v -53.162106 -13.062643 73.387566
v -55.171234 -13.062643 73.735474
v -56.642017 -13.062643 74.685989
v -57.180363 -13.062643 75.984413
v -56.642017 -13.062643 77.282837
v -55.171234 -13.062643 78.233353
v -53.162106 -13.062643 78.581261
v -51.152977 -13.062643 78.233353
v -49.682194 -13.062643 77.282837
v -49.143848 18.222006 75.984413
v -49.682194 18.222006 74.685989
v -51.152977 18.222006 73.735474
v -53.162106 18.222006 73.387566
v -55.171234 18.222006 73.735474
v -56.642017 18.222006 74.685989
v -57.180363 18.222006 75.984413
v -56.642017 18.222006 77.282837
v -55.171234 18.222006 78.233353
v -53.162106 18.222006 78.581261
v -51.152977 18.222006 78.233353
v -49.682194 18.222006 77.282837
v -49.143848 49.506653 75.984413
v -49.682194 49.506653 74.685989
v -51.152977 49.506653 73.735474
v -53.162106 49.506653 73.387566
v -55.171234 49.506653 73.735474
v -56.642017 49.506653 74.685989
v -57.180363 49.506653 75.984413
v -56.642017 49.506653 77.282837
v -55.171234 49.506653 78.233353
v -53.162106 49.506653 78.581261
v -51.152977 49.506653 78.233353
v -49.682194 49.506653 77.282837
v -49.143848 -5.241481 75.984413
v -49.143848 2.579682 75.984413
v -49.143848 10.400843 75.984413
v -49.178673 -13.062643 75.645584
v -49.281578 -13.062643 75.312439
v -49.450207 -13.062643 74.990677
v -49.682194 -5.241481 74.685989
v -49.682194 2.579682 74.685989
v -49.682194 10.400843 74.685989
v -49.178673 18.222006 75.645584
v -49.281578 18.222006 75.312439
v -49.450207 18.222006 74.990677
v -49.974499 -13.062643 74.403809
v -50.321365 -13.062643 74.148544
v -50.716339 -13.062643 73.924385
v -51.152977 -5.241481 73.735474
v -51.152977 2.579682 73.735474
v -51.152977 10.400843 73.735474
v -49.974499 18.222006 74.403809
v -50.321365 18.222006 74.148544
v -50.716339 18.222006 73.924385
v -51.624443 -13.062643 73.585548
v -52.122322 -13.062643 73.476578
v -52.637810 -13.062643 73.410072
v -53.162106 -5.241481 73.387566
v -53.162106 2.579682 73.387566
v -53.162106 10.400843 73.387566
v -51.624443 18.222006 73.585548
v -52.122322 18.222006 73.476578
v -52.637810 18.222006 73.410072
v -53.686401 -13.062643 73.410072
v -54.201889 -13.062643 73.476578
v -54.699768 -13.062643 73.585548
v -55.171234 -5.241481 73.735474
v -55.171234 2.579682 73.735474
v -55.171234 10.400843 73.735474
v -53.686401 18.222006 73.410072
v -54.201889 18.222006 73.476578
v -54.699768 18.222006 73.585548
v -55.607872 -13.062643 73.924385
v -56.002846 -13.062643 74.148544
v -56.349712 -13.062643 74.403809
v -56.642017 -5.241481 74.685989
v -56.642017 2.579682 74.685989
v -56.642017 10.400843 74.685989
v -55.607872 18.222006 73.924385
v -56.002846 18.222006 74.148544
v -56.349712 18.222006 74.403809
v -56.874004 -13.062643 74.990677
v -57.042633 -13.062643 75.312439
v -57.145538 -13.062643 75.645584
v -57.180363 -5.241481 75.984413
v -57.180363 2.579682 75.984413
v -57.180363 10.400843 75.984413
v -56.874004 18.222006 74.990677
v -57.042633 18.222006 75.312439
v -57.145538 18.222006 75.645584
v -57.145538 -13.062643 76.323242
v -57.042633 -13.062643 76.656387
v -56.874004 -13.062643 76.978149
v -56.642017 -5.241481 77.282837
v -56.642017 2.579682 77.282837
v -56.642017 10.400843 77.282837
v -57.145538 18.222006 76.323242
v -57.042633 18.222006 76.656387
v -56.874004 18.222006 76.978149
v -56.349712 -13.062643 77.565018
v -56.002846 -13.062643 77.820282
v -55.607872 -13.062643 78.044441
v -55.171234 -5.241481 78.233353
v -55.171234 2.579682 78.233353
v -55.171234 10.400843 78.233353
v -56.349712 18.222006 77.565018
v -56.002846 18.222006 77.820282
v -55.607872 18.222006 78.044441
v -54.699768 -13.062643 78.383278
v -54.201889 -13.062643 78.492249
v -53.686401 -13.062643 78.558754
v -53.162106 -5.241481 78.581261
v -53.162106 2.579682 78.581261
v -53.162106 10.400843 78.581261
v -54.699768 18.222006 78.383278
v -54.201889 18.222006 78.492249
v -53.686401 18.222006 78.558754
v -52.637810 -13.062643 78.558754
v -52.122322 -13.062643 78.492249
v -51.624443 -13.062643 78.383278
v -51.152977 -5.241481 78.233353
v -51.152977 2.579682 78.233353
v -51.152977 10.400843 78.233353
v -52.637810 18.222006 78.558754
v -52.122322 18.222006 78.492249
v -51.624443 18.222006 78.383278
v -50.716339 -13.062643 78.044441
v -50.321365 -13.062643 77.820282
v -49.974499 -13.062643 77.565018
v -49.682194 -5.241481 77.282837
v -49.682194 2.579682 77.282837
v -49.682194 10.400843 77.282837
v -50.716339 18.222006 78.044441
v -50.321365 18.222006 77.820282
v -49.974499 18.222006 77.565018
v -49.178673 -13.062643 76.323242
v -49.281578 -13.062643 76.656387
v -49.450207 -13.062643 76.978149
v -49.178673 18.222006 76.323242
v -49.281578 18.222006 76.656387
v -49.450207 18.222006 76.978149
v -49.143848 26.043165 75.984413
v -49.143848 33.864334 75.984413
v -49.143848 41.685486 75.984413
v -49.682194 26.043165 74.685989
v -49.682194 33.864334 74.685989
v -49.682194 41.685486 74.685989
v -49.178673 49.506645 75.645584
v -49.281578 49.506653 75.312439
v -49.450207 49.506653 74.990677
v -51.152977 26.043165 73.735474
v -51.152977 33.864334 73.735474
v -51.152977 41.685486 73.735474
v -49.974499 49.506645 74.403809
v -50.321365 49.506653 74.148544
v -50.716339 49.506653 73.924385
v -53.162106 26.043165 73.387566
v -53.162106 33.864334 73.387566
v -53.162106 41.685486 73.387566
v -51.624443 49.506645 73.585548
v -52.122322 49.506653 73.476578
v -52.637810 49.506653 73.410072
v -55.171234 26.043165 73.735474
v -55.171234 33.864334 73.735474
v -55.171234 41.685486 73.735474
v -53.686401 49.506645 73.410072
v -54.201889 49.506653 73.476578
v -54.699768 49.506653 73.585548
v -56.642017 26.043165 74.685989
v -56.642017 33.864334 74.685989
v -56.642017 41.685486 74.685989
v -55.607872 49.506645 73.924385
v -56.002846 49.506653 74.148544
v -56.349712 49.506653 74.403809
v -57.180363 26.043165 75.984413
v -57.180363 33.864334 75.984413
v -57.180363 41.685486 75.984413
v -56.874004 49.506645 74.990677
v -57.042633 49.506653 75.312439
v -57.145538 49.506653 75.645584
v -56.642017 26.043165 77.282837
v -56.642017 33.864334 77.282837
v -56.642017 41.685486 77.282837
v -57.145538 49.506645 76.323242
v -57.042633 49.506653 76.656387
v -56.874004 49.506653 76.978149
v -55.171234 26.043165 78.233353
v -55.171234 33.864334 78.233353
v -55.171234 41.685486 78.233353
v -56.349712 49.506645 77.565018
v -56.002846 49.506653 77.820282
v -55.607872 49.506653 78.044441
v -53.162106 26.043165 78.581261
v -53.162106 33.864334 78.581261
v -53.162106 41.685486 78.581261
v -54.699768 49.506645 78.383278
v -54.201889 49.506653 78.492249
v -53.686401 49.506653 78.558754
v -51.152977 26.043165 78.233353
v -51.152977 33.864334 78.233353
v -51.152977 41.685486 78.233353
v -52.637810 49.506645 78.558754
v -52.122322 49.506653 78.492249
v -51.624443 49.506653 78.383278
v -49.682194 26.043165 77.282837
v -49.682194 33.864334 77.282837
v -49.682194 41.685486 77.282837
v -50.716339 49.506645 78.044441
v -50.321365 49.506653 77.820282
v -49.974499 49.506653 77.565018
v -49.178673 49.506653 76.323242
v -49.281578 49.506653 76.656387
v -49.450207 49.506645 76.978149
v -49.178673 -5.241480 75.645584
v -49.281578 -5.241480 75.312439
v -49.450207 -5.241481 74.990677
v -49.178673 2.579682 75.645584
v -49.281578 2.579679 75.312439
v -49.450207 2.579682 74.990677
v -49.178673 10.400843 75.645584
v -49.281578 10.400843 75.312439
v -49.450207 10.400841 74.990677
v -49.974499 -5.241480 74.403809
v -50.321365 -5.241480 74.148544
v -50.716339 -5.241481 73.924385
v -49.974499 2.579682 74.403809
v -50.321365 2.579679 74.148544
v -50.716339 2.579682 73.924385
v -49.974499 10.400843 74.403809
v -50.321365 10.400843 74.148544
v -50.716339 10.400841 73.924385
v -51.624443 -5.241480 73.585548
v -52.122322 -5.241480 73.476578
v -52.637810 -5.241481 73.410072
v -51.624443 2.579682 73.585548
v -52.122322 2.579679 73.476578
v -52.637810 2.579682 73.410072
v -51.624443 10.400843 73.585548
v -52.122322 10.400843 73.476578
v -52.637810 10.400841 73.410072
v -53.686401 -5.241480 73.410072
v -54.201889 -5.241480 73.476578
v -54.699768 -5.241481 73.585548
v -53.686401 2.579682 73.410072
v -54.201889 2.579679 73.476578
v -54.699768 2.579682 73.585548
v -53.686401 10.400843 73.410072
v -54.201889 10.400843 73.476578
v -54.699768 10.400841 73.585548
v -55.607872 -5.241480 73.924385
v -56.002846 -5.241480 74.148544
v -56.349712 -5.241481 74.403809
v -55.607872 2.579682 73.924385
v -56.002846 2.579679 74.148544
v -56.349712 2.579682 74.403801
v -55.607872 10.400843 73.924385
v -56.002846 10.400843 74.148544
v -56.349712 10.400841 74.403809
v -56.874004 -5.241480 74.990677
v -57.042633 -5.241480 75.312439
v -57.145538 -5.241481 75.645584
v -56.874004 2.579682 74.990677
v -57.042633 2.579679 75.312439
v -57.145538 2.579682 75.645584
v -56.874004 10.400843 74.990677
v -57.042633 10.400843 75.312439
v -57.145538 10.400841 75.645584
v -57.145538 -5.241480 76.323242
v -57.042633 -5.241480 76.656387
v -56.874004 -5.241481 76.978149
v -57.145538 2.579682 76.323242
v -57.042633 2.579679 76.656387
v -56.874004 2.579682 76.978149
v -57.145538 10.400843 76.323242
v -57.042633 10.400843 76.656387
v -56.874004 10.400841 76.978149
v -56.349712 -5.241480 77.565018
v -56.002846 -5.241480 77.820282
v -55.607872 -5.241481 78.044441
v -56.349712 2.579682 77.565018
v -56.002846 2.579679 77.820282
v -55.607872 2.579682 78.044441
v -56.349712 10.400843 77.565018
v -56.002846 10.400843 77.820282
v -55.607872 10.400841 78.044441
v -54.699768 -5.241480 78.383278
v -54.201889 -5.241480 78.492249
v -53.686401 -5.241481 78.558754
v -54.699768 2.579682 78.383278
v -54.201889 2.579679 78.492249
v -53.686401 2.579682 78.558754
v -54.699768 10.400843 78.383278
v -54.201889 10.400843 78.492249
v -53.686401 10.400841 78.558754
v -52.637810 -5.241480 78.558754
v -52.122322 -5.241480 78.492249
v -51.624443 -5.241481 78.383278
v -52.637810 2.579682 78.558754
v -52.122322 2.579679 78.492249
v -51.624443 2.579682 78.383278
v -52.637810 10.400843 78.558754
v -52.122322 10.400843 78.492249
v -51.624443 10.400841 78.383278
v -50.716339 -5.241480 78.044441
v -50.321365 -5.241480 77.820282
v -49.974499 -5.241481 77.565018
v -50.716339 2.579682 78.044441
v -50.321365 2.579679 77.820282
v -49.974499 2.579682 77.565025
v -50.716339 10.400843 78.044441
v -50.321365 10.400843 77.820282
v -49.974499 10.400841 77.565018
v -49.450207 -5.241480 76.978149
v -49.281578 -5.241480 76.656387
v -49.178673 -5.241481 76.323242
v -49.450207 2.579682 76.978149
v -49.281578 2.579679 76.656387
v -49.178673 2.579682 76.323242
v -49.450207 10.400843 76.978149
v -49.281578 10.400843 76.656387
v -49.178673 10.400841 76.323242
v -49.178673 26.043165 75.645584
v -49.281578 26.043169 75.312439
v -49.450207 26.043161 74.990677
v -49.178673 33.864326 75.645584
v -49.281582 33.864326 75.312439
v -49.450207 33.864334 74.990677
v -49.178673 41.685486 75.645584
v -49.281578 41.685486 75.312439
v -49.450207 41.685486 74.990677
v -49.974499 26.043165 74.403809
v -50.321362 26.043169 74.148544
v -50.716339 26.043161 73.924385
v -49.974499 33.864326 74.403801
v -50.321365 33.864326 74.148544
v -50.716339 33.864334 73.924385
v -49.974499 41.685486 74.403809
v -50.321365 41.685486 74.148544
v -50.716339 41.685486 73.924385
v -51.624443 26.043165 73.585548
v -52.122322 26.043169 73.476578
v -52.637810 26.043161 73.410072
v -51.624443 33.864326 73.585548
v -52.122322 33.864326 73.476578
v -52.637810 33.864334 73.410072
v -51.624443 41.685486 73.585548
v -52.122322 41.685486 73.476578
v -52.637810 41.685486 73.410072
v -53.686401 26.043165 73.410072
v -54.201889 26.043169 73.476578
v -54.699768 26.043161 73.585548
v -53.686401 33.864326 73.410072
v -54.201889 33.864326 73.476578
v -54.699768 33.864334 73.585548
v -53.686401 41.685486 73.410072
v -54.201889 41.685486 73.476578
v -54.699768 41.685486 73.585548
v -55.607872 26.043165 73.924385
v -56.002846 26.043169 74.148544
v -56.349712 26.043161 74.403809
v -55.607872 33.864326 73.924385
v -56.002846 33.864326 74.148544
v -56.349712 33.864334 74.403809
v -55.607872 41.685486 73.924385
v -56.002846 41.685486 74.148544
v -56.349712 41.685486 74.403809
v -56.874004 26.043165 74.990677
v -57.042633 26.043169 75.312439
v -57.145538 26.043161 75.645584
v -56.874004 33.864326 74.990677
v -57.042633 33.864326 75.312439
v -57.145538 33.864334 75.645584
v -56.874004 41.685486 74.990677
v -57.042633 41.685486 75.312439
v -57.145538 41.685486 75.645584
v -57.145538 26.043165 76.323242
v -57.042633 26.043169 76.656387
v -56.874004 26.043161 76.978149
v -57.145538 33.864326 76.323242
v -57.042629 33.864326 76.656387
v -56.874004 33.864334 76.978149
v -57.145538 41.685486 76.323242
v -57.042633 41.685486 76.656387
v -56.874004 41.685486 76.978149
v -56.349712 26.043165 77.565018
v -56.002850 26.043169 77.820282
v -55.607872 26.043161 78.044441
v -56.349712 33.864326 77.565025
v -56.002846 33.864326 77.820282
v -55.607872 33.864334 78.044441
v -56.349712 41.685486 77.565018
v -56.002846 41.685486 77.820282
v -55.607872 41.685486 78.044441
v -54.699768 26.043165 78.383278
v -54.201889 26.043169 78.492249
v -53.686401 26.043161 78.558754
v -54.699768 33.864326 78.383278
v -54.201889 33.864326 78.492249
v -53.686401 33.864334 78.558754
v -54.699768 41.685486 78.383278
v -54.201889 41.685486 78.492249
v -53.686401 41.685486 78.558754
v -52.637810 26.043165 78.558754
v -52.122322 26.043169 78.492249
v -51.624443 26.043161 78.383278
v -52.637810 33.864326 78.558754
v -52.122322 33.864326 78.492249
v -51.624443 33.864334 78.383278
v -52.637810 41.685486 78.558754
v -52.122322 41.685486 78.492249
v -51.624443 41.685486 78.383278
v -50.716339 26.043165 78.044441
v -50.321365 26.043169 77.820282
v -49.974499 26.043161 77.565018
v -50.716339 33.864326 78.044441
v -50.321365 33.864326 77.820282
v -49.974499 33.864334 77.565018
v -50.716339 41.685486 78.044441
v -50.321365 41.685486 77.820282
v -49.974499 41.685486 77.565018
v -49.450207 26.043165 76.978149
v -49.281578 26.043169 76.656387
v -49.178673 26.043161 76.323242
v -49.450207 33.864326 76.978149
v -49.281578 33.864326 76.656387
v -49.178673 33.864334 76.323242
v -49.450207 41.685486 76.978149
v -49.281578 41.685486 76.656387
v -49.178673 41.685486 76.323242
vn 1.0000 -0.0000 -0.0000
vn 0.7457 -0.0000 -0.6662
vn 0.3496 -0.0000 -0.9369
vn -0.0000 -0.0000 -1.0000
vn -0.3496 -0.0000 -0.9369
vn -0.7457 -0.0000 -0.6662
vn -1.0000 -0.0000 -0.0000
vn -0.7457 -0.0000 0.6662
vn -0.3496 -0.0000 0.9369
vn -0.0000 -0.0000 1.0000
vn 0.3496 -0.0000 0.9369
vn 0.7457 -0.0000 0.6662
vn 0.9796 -0.0000 -0.2008
vn 0.9237 -0.0000 -0.3830
vn 0.8425 -0.0000 -0.5388
vn 0.6436 -0.0000 -0.7654
vn 0.5428 -0.0000 -0.8399
vn 0.4448 -0.0000 -0.8956
vn 0.2581 -0.0000 -0.9661
vn 0.1706 -0.0000 -0.9853
vn 0.0853 -0.0000 -0.9964
vn -0.0853 -0.0000 -0.9964
vn -0.1706 -0.0000 -0.9853
vn -0.2581 -0.0000 -0.9661
vn -0.4448 -0.0000 -0.8956
vn -0.5428 -0.0000 -0.8399
vn -0.6436 -0.0000 -0.7654
vn -0.8425 -0.0000 -0.5388
vn -0.9237 -0.0000 -0.3830
vn -0.9796 -0.0000 -0.2008
vn -0.9796 -0.0000 0.2008
vn -0.9237 -0.0000 0.3830
vn -0.8425 -0.0000 0.5388
vn -0.6436 -0.0000 0.7654
vn -0.5428 -0.0000 0.8399
vn -0.4448 -0.0000 0.8956
vn -0.2581 -0.0000 0.9661
vn -0.1706 -0.0000 0.9853
vn -0.0853 -0.0000 0.9964
vn 0.0853 -0.0000 0.9964
vn 0.1706 -0.0000 0.9853
vn 0.2581 -0.0000 0.9661
vn 0.4448 -0.0000 0.8956
vn 0.5428 -0.0000 0.8399
vn 0.6436 -0.0000 0.7654
vn 0.9796 -0.0000 0.2008
vn 0.9237 -0.0000 0.3830
vn 0.8425 -0.0000 0.5388
s 1
f 1421//414 1422//415 1425//415 1424//414
f 1422//415 1423//416 1426//416 1425//415
f 1424//414 1425//415 1428//415 1427//414
f 1425//415 1426//416 1429//416 1428//415
f 1205//402 1244//414 1421//414 1241//402
f 1244//414 1245//415 1422//415 1421//414
f 1245//415 1246//416 1423//416 1422//415
f 1246//416 1206//403 1247//403 1423//416
f 1423//416 1247//403 1248//403 1426//416
f 1426//416 1248//403 1249//403 1429//416
f 1429//416 1249//403 1218//403 1252//416
f 1428//415 1429//416 1252//416 1251//415
f 1427//414 1428//415 1251//415 1250//414
f 1243//402 1427//414 1250//414 1217//402
f 1242//402 1424//414 1427//414 1243//402
f 1241//402 1421//414 1424//414 1242//402
f 1430//417 1431//418 1434//418 1433//417
f 1431//418 1432//419 1435//419 1434//418
f 1433//417 1434//418 1437//418 1436//417
f 1434//418 1435//419 1438//419 1437//418
f 1206//403 1253//417 1430//417 1247//403
f 1253//417 1254//418 1431//418 1430//417
f 1254//418 1255//419 1432//419 1431//418
f 1255//419 1207//404 1256//404 1432//419
f 1432//419 1256//404 1257//404 1435//419
f 1435//419 1257//404 1258//404 1438//419
f 1438//419 1258//404 1219//404 1261//419
f 1437//418 1438//419 1261//419 1260//418
f 1436//417 1437//418 1260//418 1259//417
f 1249//403 1436//417 1259//417 1218//403
f 1248//403 1433//417 1436//417 1249//403
f 1247//403 1430//417 1433//417 1248//403
f 1439//420 1440//421 1443//421 1442//420
f 1440//421 1441//422 1444//422 1443//421
f 1442//420 1443//421 1446//421 1445//420
f 1443//421 1444//422 1447//422 1446//421
f 1207//404 1262//420 1439//420 1256//404
f 1262//420 1263//421 1440//421 1439//420
f 1263//421 1264//422 1441//422 1440//421
f 1264//422 1208//405 1265//405 1441//422
f 1441//422 1265//405 1266//405 1444//422
f 1444//422 1266//405 1267//405 1447//422
f 1447//422 1267//405 1220//405 1270//422
f 1446//421 1447//422 1270//422 1269//421
f 1445//420 1446//421 1269//421 1268//420
f 1258//404 1445//420 1268//420 1219//404
f 1257//404 1442//420 1445//420 1258//404
f 1256//404 1439//420 1442//420 1257//404
f 1448//423 1449//424 1452//424 1451//423
f 1449//424 1450//425 1453//425 1452//424
f 1451//423 1452//424 1455//424 1454//423
f 1452//424 1453//425 1456//425 1455//424
f 1208//405 1271//423 1448//423 1265//405
f 1271//423 1272//424 1449//424 1448//423
f 1272//424 1273//425 1450//425 1449//424
f 1273//425 1209//406 1274//406 1450//425
f 1450//425 1274//406 1275//406 1453//425
f 1453//425 1275//406 1276//406 1456//425
f 1456//425 1276//406 1221//406 1279//425
f 1455//424 1456//425 1279//425 1278//424
f 1454//423 1455//424 1278//424 1277//423
f 1267//405 1454//423 1277//423 1220//405
f 1266//405 1451//423 1454//423 1267//405
f 1265//405 1448//423 1451//423 1266//405
f 1457//426 1458//427 1461//427 1460//426
f 1458//427 1459//428 1462//428 1461//427
f 1460//426 1461//427 1464//427 1463//426
f 1461//427 1462//428 1465//428 1464//427
f 1209//406 1280//426 1457//426 1274//406
f 1280//426 1281//427 1458//427 1457//426
f 1281//427 1282//428 1459//428 1458//427
f 1282//428 1210//407 1283//407 1459//428
f 1459//428 1283//407 1284//407 1462//428
f 1462//428 1284//407 1285//407 1465//428
f 1465//428 1285//407 1222//407 1288//428
f 1464//427 1465//428 1288//428 1287//427
f 1463//426 1464//427 1287//427 1286//426
f 1276//406 1463//426 1286//426 1221//406
f 1275//406 1460//426 1463//426 1276//406
f 1274//406 1457//426 1460//426 1275//406
f 1466//429 1467//430 1470//430 1469//429
f 1467//430 1468//431 1471//431 1470//430
f 1469//429 1470//430 1473//430 1472//429
f 1470//430 1471//431 1474//431 1473//430
f 1210//407 1289//429 1466//429 1283//407
f 1289//429 1290//430 1467//430 1466//429
f 1290//430 1291//431 1468//431 1467//430
f 1291//431 1211//408 1292//408 1468//431
f 1468//431 1292//408 1293//408 1471//431
f 1471//431 1293//408 1294//408 1474//431
f 1474//431 1294//408 1223//408 1297//431
f 1473//430 1474//431 1297//431 1296//430
f 1472//429 1473//430 1296//430 1295//429
f 1285//407 1472//429 1295//429 1222//407
f 1284//407 1469//429 1472//429 1285//407
f 1283//407 1466//429 1469//429 1284//407
f 1475//432 1476//433 1479//433 1478//432
f 1476//433 1477//434 1480//434 1479//433
f 1478//432 1479//433 1482//433 1481//432
f 1479//433 1480//434 1483//434 1482//433
f 1211//408 1298//432 1475//432 1292//408
f 1298//432 1299//433 1476//433 1475//432
f 1299//433 1300//434 1477//434 1476//433
f 1300//434 1212//409 1301//409 1477//434
f 1477//434 1301//409 1302//409 1480//434
f 1480//434 1302//409 1303//409 1483//434
f 1483//434 1303//409 1224//409 1306//434
f 1482//433 1483//434 1306//434 1305//433
f 1481//432 1482//433 1305//433 1304//432
f 1294//408 1481//432 1304//432 1223//408
f 1293//408 1478//432 1481//432 1294//408
f 1292//408 1475//432 1478//432 1293//408
f 1484//435 1485//436 1488//436 1487//435
f 1485//436 1486//437 1489//437 1488//436
f 1487//435 1488//436 1491//436 1490//435
f 1488//436 1489//437 1492//437 1491//436
f 1212//409 1307//435 1484//435 1301//409
f 1307//435 1308//436 1485//436 1484//435
f 1308//436 1309//437 1486//437 1485//436
f 1309//437 1213//410 1310//410 1486//437
f 1486//437 1310//410 1311//410 1489//437
f 1489//437 1311//410 1312//410 1492//437
f 1492//437 1312//410 1225//410 1315//437
f 1491//436 1492//437 1315//437 1314//436
f 1490//435 1491//436 1314//436 1313//435
f 1303//409 1490//435 1313//435 1224//409
f 1302//409 1487//435 1490//435 1303//409
f 1301//409 1484//435 1487//435 1302//409
f 1493//438 1494//439 1497//439 1496//438
f 1494//439 1495//440 1498//440 1497//439
f 1496//438 1497//439 1500//439 1499//438
f 1497//439 1498//440 1501//440 1500//439
f 1213//410 1316//438 1493//438 1310//410
f 1316//438 1317//439 1494//439 1493//438
f 1317//439 1318//440 1495//440 1494//439
f 1318//440 1214//411 1319//411 1495//440
f 1495//440 1319//411 1320//411 1498//440
f 1498//440 1320//411 1321//411 1501//440
f 1501//440 1321//411 1226//411 1324//440
f 1500//439 1501//440 1324//440 1323//439
f 1499//438 1500//439 1323//439 1322//438
f 1312//410 1499//438 1322//438 1225//410
f 1311//410 1496//438 1499//438 1312//410
f 1310//410 1493//438 1496//438 1311//410
f 1502//441 1503//442 1506//442 1505//441
f 1503//442 1504//443 1507//443 1506//442
f 1505//441 1506//442 1509//442 1508//441
f 1506//442 1507//443 1510//443 1509//442
f 1214//411 1325//441 1502//441 1319//411
f 1325//441 1326//442 1503//442 1502//441
f 1326//442 1327//443 1504//443 1503//442
f 1327//443 1215//412 1328//412 1504//443
f 1504//443 1328//412 1329//412 1507//443
f 1507//443 1329//412 1330//412 1510//443
f 1510//443 1330//412 1227//412 1333//443
f 1509//442 1510//443 1333//443 1332//442
f 1508//441 1509//442 1332//442 1331//441
f 1321//411 1508//441 1331//441 1226//411
f 1320//411 1505//441 1508//441 1321//411
f 1319//411 1502//441 1505//441 1320//411
f 1511//444 1512//445 1515//445 1514//444
f 1512//445 1513//446 1516//446 1515//445
f 1514//444 1515//445 1518//445 1517//444
f 1515//445 1516//446 1519//446 1518//445
f 1215//412 1334//444 1511//444 1328//412
f 1334//444 1335//445 1512//445 1511//444
f 1335//445 1336//446 1513//446 1512//445
f 1336//446 1216//413 1337//413 1513//446
f 1513//446 1337//413 1338//413 1516//446
f 1516//446 1338//413 1339//413 1519//446
f 1519//446 1339//413 1228//413 1342//446
f 1518//445 1519//446 1342//446 1341//445
f 1517//444 1518//445 1341//445 1340//444
f 1330//412 1517//444 1340//444 1227//412
f 1329//412 1514//444 1517//444 1330//412
f 1328//412 1511//444 1514//444 1329//412
f 1520//449 1521//448 1524//448 1523//449
f 1521//448 1522//447 1525//447 1524//448
f 1523//449 1524//448 1527//448 1526//449
f 1524//448 1525//447 1528//447 1527//448
f 1216//413 1345//449 1520//449 1337//413
f 1345//449 1344//448 1521//448 1520//449
f 1344//448 1343//447 1522//447 1521//448
f 1343//447 1205//402 1241//402 1522//447
f 1522//447 1241//402 1242//402 1525//447
f 1525//447 1242//402 1243//402 1528//447
f 1528//447 1243//402 1217//402 1346//447
f 1527//448 1528//447 1346//447 1347//448
f 1526//449 1527//448 1347//448 1348//449
f 1339//413 1526//449 1348//449 1228//413
f 1338//413 1523//449 1526//449 1339//413
f 1337//413 1520//449 1523//449 1338//413
f 1529//414 1530//415 1533//415 1532//414
f 1530//415 1531//416 1534//416 1533//415
f 1532//414 1533//415 1536//415 1535//414
f 1533//415 1534//416 1537//416 1536//415
f 1217//402 1250//414 1529//414 1349//402
f 1250//414 1251//415 1530//415 1529//414
f 1251//415 1252//416 1531//416 1530//415
f 1252//416 1218//403 1352//403 1531//416
f 1531//416 1352//403 1353//403 1534//416
f 1534//416 1353//403 1354//403 1537//416
f 1537//416 1354//403 1230//403 1357//416
f 1536//415 1537//416 1357//416 1356//415
f 1535//414 1536//415 1356//415 1355//414
f 1351//402 1535//414 1355//414 1229//402
f 1350//402 1532//414 1535//414 1351//402
f 1349//402 1529//414 1532//414 1350//402
f 1538//417 1539//418 1542//418 1541//417
f 1539//418 1540//419 1543//419 1542//418
f 1541//417 1542//418 1545//418 1544//417
f 1542//418 1543//419 1546//419 1545//418
f 1218//403 1259//417 1538//417 1352//403
f 1259//417 1260//418 1539//418 1538//417
f 1260//418 1261//419 1540//419 1539//418
f 1261//419 1219//404 1358//404 1540//419
f 1540//419 1358//404 1359//404 1543//419
f 1543//419 1359//404 1360//404 1546//419
f 1546//419 1360//404 1231//404 1363//419
f 1545//418 1546//419 1363//419 1362//418
f 1544//417 1545//418 1362//418 1361//417
f 1354//403 1544//417 1361//417 1230//403
f 1353//403 1541//417 1544//417 1354//403
f 1352//403 1538//417 1541//417 1353//403
f 1547//420 1548//421 1551//421 1550//420
f 1548//421 1549//422 1552//422 1551//421
f 1550//420 1551//421 1554//421 1553//420
f 1551//421 1552//422 1555//422 1554//421
f 1219//404 1268//420 1547//420 1358//404
f 1268//420 1269//421 1548//421 1547//420
f 1269//421 1270//422 1549//422 1548//421
f 1270//422 1220//405 1364//405 1549//422
f 1549//422 1364//405 1365//405 1552//422
f 1552//422 1365//405 1366//405 1555//422
f 1555//422 1366//405 1232//405 1369//422
f 1554//421 1555//422 1369//422 1368//421
f 1553//420 1554//421 1368//421 1367//420
f 1360//404 1553//420 1367//420 1231//404
f 1359//404 1550//420 1553//420 1360//404
f 1358//404 1547//420 1550//420 1359//404
f 1556//423 1557//424 1560//424 1559//423
f 1557//424 1558//425 1561//425 1560//424
f 1559//423 1560//424 1563//424 1562//423
f 1560//424 1561//425 1564//425 1563//424
f 1220//405 1277//423 1556//423 1364//405
f 1277//423 1278//424 1557//424 1556//423
f 1278//424 1279//425 1558//425 1557//424
f 1279//425 1221//406 1370//406 1558//425
f 1558//425 1370//406 1371//406 1561//425
f 1561//425 1371//406 1372//406 1564//425
f 1564//425 1372//406 1233//406 1375//425
f 1563//424 1564//425 1375//425 1374//424
f 1562//423 1563//424 1374//424 1373//423
f 1366//405 1562//423 1373//423 1232//405
f 1365//405 1559//423 1562//423 1366//405
f 1364//405 1556//423 1559//423 1365//405
f 1565//426 1566//427 1569//427 1568//426
f 1566//427 1567//428 1570//428 1569//427
f 1568//426 1569//427 1572//427 1571//426
f 1569//427 1570//428 1573//428 1572//427
f 1221//406 1286//426 1565//426 1370//406
f 1286//426 1287//427 1566//427 1565//426
f 1287//427 1288//428 1567//428 1566//427
f 1288//428 1222//407 1376//407 1567//428
f 1567//428 1376//407 1377//407 1570//428
f 1570//428 1377//407 1378//407 1573//428
f 1573//428 1378//407 1234//407 1381//428
f 1572//427 1573//428 1381//428 1380//427
f 1571//426 1572//427 1380//427 1379//426
f 1372//406 1571//426 1379//426 1233//406
f 1371//406 1568//426 1571//426 1372//406
f 1370//406 1565//426 1568//426 1371//406
f 1574//429 1575//430 1578//430 1577//429
f 1575//430 1576//431 1579//431 1578//430
f 1577//429 1578//430 1581//430 1580//429
f 1578//430 1579//431 1582//431 1581//430
f 1222//407 1295//429 1574//429 1376//407
f 1295//429 1296//430 1575//430 1574//429
f 1296//430 1297//431 1576//431 1575//430
f 1297//431 1223//408 1382//408 1576//431
f 1576//431 1382//408 1383//408 1579//431
f 1579//431 1383//408 1384//408 1582//431
f 1582//431 1384//408 1235//408 1387//431
f 1581//430 1582//431 1387//431 1386//430
f 1580//429 1581//430 1386//430 1385//429
f 1378//407 1580//429 1385//429 1234//407
f 1377//407 1577//429 1580//429 1378//407
f 1376//407 1574//429 1577//429 1377//407
f 1583//432 1584//433 1587//433 1586//432
f 1584//433 1585//434 1588//434 1587//433
f 1586//432 1587//433 1590//433 1589//432
f 1587//433 1588//434 1591//434 1590//433
f 1223//408 1304//432 1583//432 1382//408
f 1304//432 1305//433 1584//433 1583//432
f 1305//433 1306//434 1585//434 1584//433
f 1306//434 1224//409 1388//409 1585//434
f 1585//434 1388//409 1389//409 1588//434
f 1588//434 1389//409 1390//409 1591//434
f 1591//434 1390//409 1236//409 1393//434
f 1590//433 1591//434 1393//434 1392//433
f 1589//432 1590//433 1392//433 1391//432
f 1384//408 1589//432 1391//432 1235//408
f 1383//408 1586//432 1589//432 1384//408
f 1382//408 1583//432 1586//432 1383//408
f 1592//435 1593//436 1596//436 1595//435
f 1593//436 1594//437 1597//437 1596//436
f 1595//435 1596//436 1599//436 1598//435
f 1596//436 1597//437 1600//437 1599//436
f 1224//409 1313//435 1592//435 1388//409
f 1313//435 1314//436 1593//436 1592//435
f 1314//436 1315//437 1594//437 1593//436
f 1315//437 1225//410 1394//410 1594//437
f 1594//437 1394//410 1395//410 1597//437
f 1597//437 1395//410 1396//410 1600//437
f 1600//437 1396//410 1237//410 1399//437
f 1599//436 1600//437 1399//437 1398//436
f 1598//435 1599//436 1398//436 1397//435
f 1390//409 1598//435 1397//435 1236//409
f 1389//409 1595//435 1598//435 1390//409
f 1388//409 1592//435 1595//435 1389//409
f 1601//438 1602//439 1605//439 1604//438
f 1602//439 1603//440 1606//440 1605//439
f 1604//438 1605//439 1608//439 1607//438
f 1605//439 1606//440 1609//440 1608//439
f 1225//410 1322//438 1601//438 1394//410
f 1322//438 1323//439 1602//439 1601//438
f 1323//439 1324//440 1603//440 1602//439
f 1324//440 1226//411 1400//411 1603//440
f 1603//440 1400//411 1401//411 1606//440
f 1606//440 1401//411 1402//411 1609//440
f 1609//440 1402//411 1238//411 1405//440
f 1608//439 1609//440 1405//440 1404//439
f 1607//438 1608//439 1404//439 1403//438
f 1396//410 1607//438 1403//438 1237//410
f 1395//410 1604//438 1607//438 1396//410
f 1394//410 1601//438 1604//438 1395//410
f 1610//441 1611//442 1614//442 1613//441
f 1611//442 1612//443 1615//443 1614//442
f 1613//441 1614//442 1617//442 1616//441
f 1614//442 1615//443 1618//443 1617//442
f 1226//411 1331//441 1610//441 1400//411
f 1331//441 1332//442 1611//442 1610//441
f 1332//442 1333//443 1612//443 1611//442
f 1333//443 1227//412 1406//412 1612//443
f 1612//443 1406//412 1407//412 1615//443
f 1615//443 1407//412 1408//412 1618//443
f 1618//443 1408//412 1239//412 1411//443
f 1617//442 1618//443 1411//443 1410//442
f 1616//441 1617//442 1410//442 1409//441
f 1402//411 1616//441 1409//441 1238//411
f 1401//411 1613//441 1616//441 1402//411
f 1400//411 1610//441 1613//441 1401//411
f 1619//444 1620//445 1623//445 1622//444
f 1620//445 1621//446 1624//446 1623//445
f 1622//444 1623//445 1626//445 1625//444
f 1623//445 1624//446 1627//446 1626//445
f 1227//412 1340//444 1619//444 1406//412
f 1340//444 1341//445 1620//445 1619//444
f 1341//445 1342//446 1621//446 1620//445
f 1342//446 1228//413 1412//413 1621//446
f 1621//446 1412//413 1413//413 1624//446
f 1624//446 1413//413 1414//413 1627//446
f 1627//446 1414//413 1240//413 1417//446
f 1626//445 1627//446 1417//446 1416//445
f 1625//444 1626//445 1416//445 1415//444
f 1408//412 1625//444 1415//444 1239//412
f 1407//412 1622//444 1625//444 1408//412
f 1406//412 1619//444 1622//444 1407//412
f 1628//449 1629//448 1632//448 1631//449
f 1629//448 1630//447 1633//447 1632//448
f 1631//449 1632//448 1635//448 1634//449
f 1632//448 1633//447 1636//447 1635//448
f 1228//413 1348//449 1628//449 1412//413
f 1348//449 1347//448 1629//448 1628//449
f 1347//448 1346//447 1630//447 1629//448
f 1346//447 1217//402 1349//402 1630//447
f 1630//447 1349//402 1350//402 1633//447
f 1633//447 1350//402 1351//402 1636//447
f 1636//447 1351//402 1229//402 1418//447
f 1635//448 1636//447 1418//447 1419//448
f 1634//449 1635//448 1419//448 1420//449
f 1414//413 1634//449 1420//449 1240//413
f 1413//413 1631//449 1634//449 1414//413
f 1412//413 1628//449 1631//449 1413//413
o Column_box_bottom
v -57.921623 -14.099015 -29.508087
v -57.921623 -14.099015 -36.756729
v -46.705376 -14.099015 -36.756729
v -46.705376 -14.099015 -29.508087
v -57.921623 -12.738834 -29.508087
v -57.921623 -12.738834 -36.756729
v -46.705376 -12.738834 -36.756729
v -46.705376 -12.738834 -29.508087
vn -0.0000 -1.0000 -0.0000
vn -1.0000 -0.0000 -0.0000
vn -0.0000 -0.0000 -1.0000
vn 1.0000 -0.0000 -0.0000
vn -0.0000 1.0000 -0.0000
vn -0.0000 -0.0000 1.0000
s 0
f 1637//450 1638//450 1639//450 1640//450
f 1637//451 1641//451 1642//451 1638//451
f 1638//452 1642//452 1643//452 1639//452
f 1639//453 1643//453 1644//453 1640//453
f 1642//454 1641//454 1644//454 1643//454
f 1637//455 1640//455 1644//455 1641//455
o Column_box_bottom.001
v -58.770229 -14.422845 79.608734
v -58.770229 -14.422845 72.360092
v -47.553982 -14.422845 72.360092
v -47.553982 -14.422845 79.608734
v -58.770229 -13.062643 79.608734
v -58.770229 -13.062643 72.360092
v -47.553982 -13.062643 72.360092
v -47.553982 -13.062643 79.608734
vn -0.0000 -1.0000 -0.0000
vn -1.0000 -0.0000 -0.0000
vn -0.0000 -0.0000 -1.0000
vn 1.0000 -0.0000 -0.0000
vn -0.0000 1.0000 -0.0000
vn -0.0000 -0.0000 1.0000
s 0
f 1645//456 1646//456 1647//456 1648//456
f 1645//457 1649//457 1650//457 1646//457
f 1646//458 1650//458 1651//458 1647//458
f 1647//459 1651//459 1652//459 1648//459
f 1650//460 1649//460 1652//460 1651//460
f 1645//461 1648//461 1652//461 1649//461
o Column_box_top
v -57.921623 49.829494 -29.508087
v -57.921623 49.829494 -36.756729
v -46.705376 49.829494 -36.756729
v -46.705376 49.829494 -29.508087
v -57.921623 51.189674 -29.508087
v -57.921623 51.189674 -36.756729
v -46.705376 51.189674 -36.756729
v -46.705376 51.189674 -29.508087
vn -0.0000 -1.0000 -0.0000
vn -1.0000 -0.0000 -0.0000
vn -0.0000 -0.0000 -1.0000
vn 1.0000 -0.0000 -0.0000
vn -0.0000 1.0000 -0.0000
vn -0.0000 -0.0000 1.0000
s 0
f 1653//462 1654//462 1655//462 1656//462
f 1653//463 1657//463 1658//463 1654//463
f 1654//464 1658//464 1659//464 1655//464
f 1655//465 1659//465 1660//465 1656//465
f 1658//466 1657//466 1660//466 1659//466
f 1653//467 1656//467 1660//467 1657//467
o Column_box_top.001
v -58.770229 49.506645 79.608734
v -58.770229 49.506645 72.360092
v -47.553982 49.506645 72.360092
v -47.553982 49.506645 79.608734
v -58.770229 50.866848 79.608734
v -58.770229 50.866848 72.360092
v -47.553982 50.866848 72.360092
v -47.553982 50.866848 79.608734
vn -0.0000 -1.0000 -0.0000
vn -1.0000 -0.0000 -0.0000
vn -0.0000 -0.0000 -1.0000
vn 1.0000 -0.0000 -0.0000
vn -0.0000 1.0000 -0.0000
vn -0.0000 -0.0000 1.0000
s 0
f 1661//468 1662//468 1663//468 1664//468
f 1661//469 1665//469 1666//469 1662//469
f 1662//470 1666//470 1667//470 1663//470
f 1663//471 1667//471 1668//471 1664//471
f 1666//472 1665//472 1668//472 1667//472
f 1661//473 1664//473 1668//473 1665//473
o columnaInterior1
v -189.674698 -15.336958 70.343155
v -189.674698 40.860565 70.343155
v -189.674698 -15.336958 68.077957
v -189.674698 40.860565 68.077957
v -164.183212 -15.336958 70.343155
v -164.183212 40.860565 70.343155
v -164.183212 -15.336958 68.077957
v -164.183212 40.860565 68.077957
vn -1.0000 -0.0000 -0.0000
vn -0.0000 -0.0000 -1.0000
vn 1.0000 -0.0000 -0.0000
vn -0.0000 -0.0000 1.0000
vn -0.0000 -1.0000 -0.0000
vn -0.0000 1.0000 -0.0000
vt 0.375000 0.000000
vt 0.625000 0.000000
vt 0.625000 0.250000
vt 0.375000 0.250000
vt 0.625000 0.500000
vt 0.375000 0.500000
vt 0.625000 0.750000
vt 0.375000 0.750000
vt 0.625000 1.000000
vt 0.375000 1.000000
vt 0.125000 0.500000
vt 0.125000 0.750000
vt 0.875000 0.500000
vt 0.875000 0.750000
s 0
f 1669/885/474 1670/886/474 1672/887/474 1671/888/474
f 1671/888/475 1672/887/475 1676/889/475 1675/890/475
f 1675/890/476 1676/889/476 1674/891/476 1673/892/476
f 1673/892/477 1674/891/477 1670/893/477 1669/894/477
f 1671/895/478 1675/890/478 1673/892/478 1669/896/478
f 1676/889/479 1672/897/479 1670/898/479 1674/891/479
o columnaInterior2
v -189.674698 -15.336958 200.487030
v -189.674698 40.860565 200.487030
v -189.674698 -15.336958 198.221832
v -189.674698 40.860565 198.221832
v -164.183212 -15.336958 200.487030
v -164.183212 40.860565 200.487030
v -164.183212 -15.336958 198.221832
v -164.183212 40.860565 198.221832
vn -1.0000 -0.0000 -0.0000
vn -0.0000 -0.0000 -1.0000
vn 1.0000 -0.0000 -0.0000
vn -0.0000 -0.0000 1.0000
vn -0.0000 -1.0000 -0.0000
vn -0.0000 1.0000 -0.0000
vt 0.375000 0.000000
vt 0.625000 0.000000
vt 0.625000 0.250000
vt 0.375000 0.250000
vt 0.625000 0.500000
vt 0.375000 0.500000
vt 0.625000 0.750000
vt 0.375000 0.750000
vt 0.625000 1.000000
vt 0.375000 1.000000
vt 0.125000 0.500000
vt 0.125000 0.750000
vt 0.875000 0.500000
vt 0.875000 0.750000
s 0
f 1677/899/480 1678/900/480 1680/901/480 1679/902/480
f 1679/902/481 1680/901/481 1684/903/481 1683/904/481
f 1683/904/482 1684/903/482 1682/905/482 1681/906/482
f 1681/906/483 1682/905/483 1678/907/483 1677/908/483
f 1679/909/484 1683/904/484 1681/906/484 1677/910/484
f 1684/903/485 1680/911/485 1678/912/485 1682/905/485
o columnaInterior0
v -126.142395 -15.336958 70.343155
v -126.142395 40.860565 70.343155
v -126.142395 -15.336958 68.077957
v -126.142395 40.860565 68.077957
v -100.650909 -15.336958 70.343155
v -100.650909 40.860565 70.343155
v -100.650909 -15.336958 68.077957
v -100.650909 40.860565 68.077957
vn -1.0000 -0.0000 -0.0000
vn -0.0000 -0.0000 -1.0000
vn 1.0000 -0.0000 -0.0000
vn -0.0000 -0.0000 1.0000
vn -0.0000 -1.0000 -0.0000
vn -0.0000 1.0000 -0.0000
vt 0.375000 0.000000
vt 0.625000 0.000000
vt 0.625000 0.250000
vt 0.375000 0.250000
vt 0.625000 0.500000
vt 0.375000 0.500000
vt 0.625000 0.750000
vt 0.375000 0.750000
vt 0.625000 1.000000
vt 0.375000 1.000000
vt 0.125000 0.500000
vt 0.125000 0.750000
vt 0.875000 0.500000
vt 0.875000 0.750000
s 0
f 1685/913/486 1686/914/486 1688/915/486 1687/916/486
f 1687/916/487 1688/915/487 1692/917/487 1691/918/487
f 1691/918/488 1692/917/488 1690/919/488 1689/920/488
f 1689/920/489 1690/919/489 1686/921/489 1685/922/489
f 1687/923/490 1691/918/490 1689/920/490 1685/924/490
f 1692/917/491 1688/925/491 1686/926/491 1690/919/491
o columnaInterior3
v -126.142395 -15.336958 70.343155
v -126.142395 40.860565 70.343155
v -126.142395 -15.336958 68.077957
v -126.142395 40.860565 68.077957
v -100.650909 -15.336958 70.343155
v -100.650909 40.860565 70.343155
v -100.650909 -15.336958 68.077957
v -100.650909 40.860565 68.077957
vn -1.0000 -0.0000 -0.0000
vn -0.0000 -0.0000 -1.0000
vn 1.0000 -0.0000 -0.0000
vn -0.0000 -0.0000 1.0000
vn -0.0000 -1.0000 -0.0000
vn -0.0000 1.0000 -0.0000
vt 0.375000 0.000000
vt 0.625000 0.000000
vt 0.625000 0.250000
vt 0.375000 0.250000
vt 0.625000 0.500000
vt 0.375000 0.500000
vt 0.625000 0.750000
vt 0.375000 0.750000
vt 0.625000 1.000000
vt 0.375000 1.000000
vt 0.125000 0.500000
vt 0.125000 0.750000
vt 0.875000 0.500000
vt 0.875000 0.750000
s 0
f 1693/927/492 1694/928/492 1696/929/492 1695/930/492
f 1695/930/493 1696/929/493 1700/931/493 1699/932/493
f 1699/932/494 1700/931/494 1698/933/494 1697/934/494
f 1697/934/495 1698/933/495 1694/935/495 1693/936/495
f 1695/937/496 1699/932/496 1697/934/496 1693/938/496
f 1700/931/497 1696/939/497 1694/940/497 1698/933/497
o columnaInterior4
v -124.279236 -15.336958 200.487030
v -124.279236 40.860565 200.487030
v -124.279236 -15.336958 198.221832
v -124.279236 40.860565 198.221832
v -98.787750 -15.336958 200.487030
v -98.787750 40.860565 200.487030
v -98.787750 -15.336958 198.221832
v -98.787750 40.860565 198.221832
vn -1.0000 -0.0000 -0.0000
vn -0.0000 -0.0000 -1.0000
vn 1.0000 -0.0000 -0.0000
vn -0.0000 -0.0000 1.0000
vn -0.0000 -1.0000 -0.0000
vn -0.0000 1.0000 -0.0000
vt 0.375000 0.000000
vt 0.625000 0.000000
vt 0.625000 0.250000
vt 0.375000 0.250000
vt 0.625000 0.500000
vt 0.375000 0.500000
vt 0.625000 0.750000
vt 0.375000 0.750000
vt 0.625000 1.000000
vt 0.375000 1.000000
vt 0.125000 0.500000
vt 0.125000 0.750000
vt 0.875000 0.500000
vt 0.875000 0.750000
s 0
f 1701/941/498 1702/942/498 1704/943/498 1703/944/498
f 1703/944/499 1704/943/499 1708/945/499 1707/946/499
f 1707/946/500 1708/945/500 1706/947/500 1705/948/500
f 1705/948/501 1706/947/501 1702/949/501 1701/950/501
f 1703/951/502 1707/946/502 1705/948/502 1701/952/502
f 1708/945/503 1704/953/503 1702/954/503 1706/947/503
o columnaInterior5
v -156.673233 -10.400188 289.590759
v -156.673233 34.402485 289.590759
v -156.673233 -10.400188 287.325562
v -156.673233 34.402485 287.325562
v -131.181747 -10.400188 289.590759
v -131.181747 34.402485 289.590759
v -131.181747 -10.400188 287.325562
v -131.181747 34.402485 287.325562
vn -1.0000 -0.0000 -0.0000
vn -0.0000 -0.0000 -1.0000
vn 1.0000 -0.0000 -0.0000
vn -0.0000 -0.0000 1.0000
vn -0.0000 -1.0000 -0.0000
vn -0.0000 1.0000 -0.0000
vt 0.375000 0.000000
vt 0.625000 0.000000
vt 0.625000 0.250000
vt 0.375000 0.250000
vt 0.625000 0.500000
vt 0.375000 0.500000
vt 0.625000 0.750000
vt 0.375000 0.750000
vt 0.625000 1.000000
vt 0.375000 1.000000
vt 0.125000 0.500000
vt 0.125000 0.750000
vt 0.875000 0.500000
vt 0.875000 0.750000
s 0
f 1709/955/504 1710/956/504 1712/957/504 1711/958/504
f 1711/958/505 1712/957/505 1716/959/505 1715/960/505
f 1715/960/506 1716/959/506 1714/961/506 1713/962/506
f 1713/962/507 1714/961/507 1710/963/507 1709/964/507
f 1711/965/508 1715/960/508 1713/962/508 1709/966/508
f 1716/959/509 1712/967/509 1710/968/509 1714/961/509
o paredEntrada
v -54.155060 -12.162613 -23.346830
v -54.155060 35.163090 -23.346830
v -54.155060 -12.162613 65.068184
v -54.155060 35.163090 65.068184
v -54.821728 0.645044 40.088615
v -54.821728 15.645044 40.088615
v -54.821728 15.645044 58.088615
v -54.821728 0.645044 58.088615
v -53.988392 0.645044 -18.071737
v -54.155060 15.645044 -18.071737
v -54.821728 15.645044 -0.071735
v -54.821728 0.645044 -0.071735
v -54.155060 -12.162613 7.165812
v -54.988392 18.412989 7.165811
v -54.321728 18.412989 32.347157
v -54.155060 -12.162613 32.347160
vn -0.9999 -0.0065 -0.0123
vn -0.9979 -0.0180 0.0623
vn -0.9999 0.0101 -0.0071
vt 0.000000 0.000000
vt 1.000000 0.000000
vt 0.587580 0.263248
vt 0.587580 0.059663
vt 0.270628 0.059663
vt 0.000000 1.000000
vt 0.270628 0.717474
vt 0.270628 0.921059
vt 0.587580 0.921059
vt 1.000000 1.000000
vt 0.270628 0.263248
vt 0.587580 0.717474
vt 0.000000 0.629916
vt 0.646068 0.629915
vt 0.646068 0.345107
vt 0.000000 0.345107
s 0
usemtl Material.002
f 1717/969/510 1725/973/510 1726/972/510 1727/971/510 1718/970/510
f 1719/974/511 1720/978/511 1723/977/511 1724/976/511 1721/975/511
f 1728/979/512 1725/973/512 1717/969/512 1729/984/512 1730/983/512 1731/982/512 1732/981/512 1719/974/512 1721/975/512 1722/980/512 1723/977/512 1720/978/512 1718/970/512 1727/971/512
o Reception_table
v -70.500000 -10.995859 52.833820
v -69.792053 -10.991096 55.005295
v -70.637878 -1.057024 52.909504
v -69.938934 -1.057024 55.286282
v -63.313667 -1.057025 49.940365
v -62.278419 -1.057024 53.307693
v -63.463223 -10.995860 49.990189
v -62.592880 -10.991096 53.216904
v -86.527618 -10.991097 43.834198
v -84.364967 -10.995860 43.285275
v -86.707680 -1.057025 44.139488
v -84.356255 -1.057025 43.432354
v -86.996376 -1.057026 35.616066
v -84.449013 -1.057026 35.601955
v -86.711136 -10.991098 35.888237
v -84.398628 -10.995861 35.757572
v -71.922218 -1.057025 49.964760
v -64.492264 -1.057025 46.472820
v -64.635475 -10.995860 46.541794
v -71.778831 -10.995860 49.896088
v -73.137398 -1.057025 47.590286
v -66.211365 -1.057025 42.831764
v -66.346283 -10.995860 42.914402
v -73.001465 -10.995860 47.508972
v -74.402985 -1.057025 45.363514
v -68.966774 -1.057025 39.889023
v -69.081352 -10.995860 39.995575
v -74.286819 -10.995860 45.259876
v -76.174232 -1.057025 43.754055
v -72.447212 -1.057026 37.505562
v -72.524246 -10.995861 37.639698
v -76.103516 -10.995860 43.622257
v -78.430756 -1.057025 43.098923
v -76.853676 -1.057026 35.933331
v -76.880936 -10.995861 36.085789
v -78.402626 -10.995860 42.955807
v -81.120346 -1.057025 43.053059
v -80.811485 -1.057026 35.547020
v -80.790443 -10.995861 35.704079
v -81.142517 -10.995860 42.906200
v -62.579079 -1.553607 53.220772
v -63.450035 -1.553608 49.985317
v -64.622467 -1.553610 46.535606
v -66.334099 -1.553610 42.906445
v -69.071426 -1.553610 39.985943
v -72.517494 -1.553611 37.628181
v -76.878304 -1.553611 36.072628
v -80.791031 -1.553611 35.690407
v -84.400864 -1.553611 35.743652
v -86.993828 -1.553611 35.892677
v -86.790688 -1.553608 43.919987
v -84.364571 -1.553608 43.295528
v -81.141731 -1.553608 42.916279
v -78.404633 -1.553608 42.965553
v -76.108429 -1.553608 43.631065
v -74.294540 -1.553608 45.267086
v -73.010788 -1.553608 47.514866
v -71.788727 -1.553608 49.900795
v -70.509605 -1.553607 52.838573
v -69.797958 -1.553607 55.014774
v -71.653130 -1.545453 53.466290
v -70.483162 -1.545453 56.325611
v -70.482269 -1.060915 56.323906
v -71.651642 -1.060915 53.465473
v -62.211269 -1.060915 49.572716
v -61.114002 -1.060915 53.643761
v -61.112095 -1.545453 53.644310
v -62.209656 -1.545454 49.572182
v -87.630699 -1.545456 45.344212
v -84.292313 -1.545454 44.515381
v -84.292412 -1.060916 44.513794
v -87.629608 -1.060916 45.342361
v -88.322746 -1.060915 34.624603
v -84.818176 -1.060913 34.454704
v -84.818726 -1.545453 34.453026
v -88.324471 -1.545453 34.622952
v -80.965286 -1.060914 34.389526
v -80.965515 -1.545453 34.387833
v -80.957855 -1.545454 44.134270
v -80.958099 -1.060916 44.132687
v -63.434689 -1.545454 45.963589
v -63.436230 -1.060915 45.964336
v -72.976387 -1.060916 50.469563
v -72.977936 -1.545454 50.470303
v -65.215141 -1.545454 42.221088
v -65.216599 -1.060915 42.221977
v -74.136726 -1.060916 48.188347
v -74.138191 -1.545454 48.189220
v -68.121124 -1.545455 39.102222
v -68.122360 -1.060916 39.103371
v -75.256706 -1.060916 46.125526
v -75.257957 -1.545454 46.126648
v -71.878639 -1.545455 36.515701
v -71.879471 -1.060916 36.517151
v -76.694122 -1.060916 44.722713
v -76.694885 -1.545454 44.724133
v -76.652214 -1.545455 34.808220
v -76.652504 -1.060916 34.809860
v -78.637604 -1.060916 44.150951
v -78.637909 -1.545454 44.152500
v -61.340370 -1.057024 53.578407
v -62.402672 -1.057025 49.636467
v -63.619514 -1.057025 46.052601
v -65.389267 -1.057025 42.327736
v -68.269005 -1.057026 39.239738
v -71.978050 -1.057026 36.688816
v -76.687393 -1.057025 35.004974
v -80.938362 -1.057024 34.590523
v -84.753700 -1.057023 34.653862
v -88.117409 -1.057025 34.820538
v -87.499985 -1.057025 45.122585
v -84.303558 -1.057025 44.325562
v -80.986473 -1.057025 43.944740
v -78.601601 -1.057025 43.967796
v -76.603630 -1.057025 44.554039
v -75.108047 -1.057025 45.992886
v -73.962753 -1.057025 48.084286
v -72.792885 -1.057025 50.381680
v -71.475189 -1.057024 53.368614
v -70.376541 -1.057024 56.121628
v -61.105751 -1.138750 53.646137
v -62.204296 -1.138751 49.570396
v -63.429550 -1.138751 45.961124
v -65.210304 -1.138751 42.218124
v -68.117020 -1.138752 39.098404
v -71.875877 -1.138751 36.510891
v -76.651237 -1.138751 34.802753
v -80.966263 -1.138750 34.382202
v -84.820526 -1.138749 34.447449
v -88.330223 -1.138750 34.617470
v -87.634331 -1.138753 45.350368
v -84.292000 -1.138752 44.520649
v -80.957062 -1.138752 44.139534
v -78.638908 -1.138752 44.157627
v -76.697418 -1.138752 44.728863
v -75.262123 -1.138752 46.130360
v -74.143066 -1.138752 48.192139
v -72.983078 -1.138752 50.472763
v -71.658073 -1.138751 53.469002
v -70.486122 -1.138751 56.331280
v -61.105751 -1.472634 53.646137
v -62.204296 -1.472635 49.570393
v -63.429550 -1.472635 45.961124
v -65.210304 -1.472635 42.218124
v -68.117020 -1.472636 39.098400
v -71.875877 -1.472636 36.510891
v -76.651237 -1.472636 34.802753
v -80.966263 -1.472636 34.382202
v -84.820534 -1.472633 34.447449
v -88.330223 -1.472636 34.617462
v -87.634331 -1.472637 45.350368
v -84.292000 -1.472637 44.520649
v -80.957062 -1.472637 44.139534
v -78.638916 -1.472637 44.157627
v -76.697418 -1.472637 44.728863
v -75.262123 -1.472637 46.130360
v -74.143066 -1.472637 48.192139
v -72.983078 -1.472637 50.472763
v -71.658073 -1.472636 53.469002
v -70.486122 -1.472636 56.331280
v -61.321213 -1.548509 53.583939
v -70.385483 -1.548509 56.138748
v -71.490120 -1.548509 53.376812
v -72.808411 -1.548510 50.389118
v -73.977478 -1.548510 48.093090
v -75.120621 -1.548510 46.004120
v -76.611290 -1.548510 44.568314
v -78.604652 -1.548510 43.983299
v -80.984070 -1.548510 43.960644
v -84.302612 -1.548510 44.341488
v -87.510956 -1.548510 45.141186
v -88.134789 -1.548509 34.803955
v -84.759155 -1.548508 34.637005
v -80.940643 -1.548509 34.573517
v -76.684441 -1.548510 34.988464
v -71.969704 -1.548510 36.674286
v -68.256592 -1.548511 39.228195
v -65.374649 -1.548510 42.318787
v -63.604004 -1.548510 46.045132
v -62.386475 -1.548510 49.631069
v -62.361706 -1.548509 53.283535
v -69.899490 -1.548509 55.209007
v -70.679047 -1.548509 52.931587
v -71.964943 -1.548510 49.985184
v -73.177841 -1.548510 47.614788
v -74.437302 -1.548510 45.394451
v -76.195328 -1.548510 43.793034
v -78.439201 -1.548510 43.141434
v -81.114487 -1.548510 43.096760
v -84.353867 -1.548510 43.476288
v -86.915161 -1.548510 44.131027
v -87.190994 -1.548510 35.704533
v -84.462784 -1.548510 35.552410
v -80.816887 -1.548510 35.497391
v -76.844803 -1.548511 35.885269
v -72.422829 -1.548511 37.463333
v -68.930611 -1.548510 39.854996
v -66.168289 -1.548510 42.804890
v -64.446465 -1.548510 46.450848
v -63.266239 -1.548510 49.924103
v -62.586796 -2.754667 53.218540
v -63.456562 -2.754668 49.987492
v -64.628716 -2.754668 46.538612
v -66.339981 -2.754668 42.910046
v -69.076424 -2.754668 39.990593
v -72.520859 -2.754669 37.634029
v -76.879494 -2.754669 36.079277
v -80.790115 -2.754669 35.697254
v -84.398659 -2.754669 35.750443
v -86.986824 -2.754669 35.899357
v -86.786270 -2.754668 43.912498
v -84.364944 -2.754668 43.289112
v -81.142700 -2.754668 42.909870
v -78.403404 -2.754668 42.959312
v -76.105347 -2.754668 43.625317
v -74.289474 -2.754668 45.262558
v -73.004860 -2.754668 47.511318
v -71.782471 -2.754668 49.897797
v -70.503586 -2.754667 52.835270
v -69.794357 -2.754667 55.007881
v -62.586796 -9.788657 53.218540
v -63.456562 -9.788657 49.987492
v -64.628716 -9.788658 46.538616
v -66.339981 -9.788658 42.910049
v -69.076424 -9.788658 39.990593
v -72.520859 -9.788659 37.634033
v -76.879494 -9.788659 36.079281
v -80.790115 -9.788659 35.697258
v -84.398659 -9.788659 35.750443
v -86.986824 -9.788659 35.899361
v -86.786270 -9.788658 43.912498
v -84.364944 -9.788658 43.289112
v -81.142700 -9.788658 42.909870
v -78.403404 -9.788658 42.959312
v -76.105347 -9.788658 43.625317
v -74.289474 -9.788658 45.262558
v -73.004860 -9.788658 47.511318
v -71.782471 -9.788657 49.897804
v -70.503586 -9.788657 52.835270
v -69.794357 -9.788657 55.007881
v -62.523308 -1.057024 52.835712
v -61.470196 -1.057024 53.051353
v -61.248741 -1.060914 53.097385
v -61.240669 -1.138750 53.099064
v -61.240669 -1.472634 53.099064
v -61.246876 -1.545453 53.097775
v -61.451454 -1.548509 53.055248
v -62.469349 -1.548509 52.843678
v -62.681999 -1.553607 52.799477
v -62.689552 -2.754667 52.797909
v -62.689552 -9.788657 52.797909
v -62.696346 -10.995859 52.799747
v -69.873650 -10.995859 54.742500
v -69.877312 -9.788657 54.743492
v -69.877312 -2.754667 54.743492
v -69.881287 -1.553609 54.749847
v -69.993164 -1.548509 54.928894
v -70.528687 -1.548509 55.785934
v -70.636314 -1.545453 55.958191
v -70.639580 -1.472636 55.963413
v -70.639580 -1.138751 55.963413
v -70.635338 -1.060915 55.956612
v -70.518829 -1.057024 55.770157
v -69.964691 -1.057024 54.888191
v -63.376160 -1.057024 53.515144
v -63.625137 -1.057024 53.051147
v -64.373825 -1.057025 50.358170
v -65.559875 -1.057025 46.975861
v -67.207512 -1.057025 43.508968
v -69.754974 -1.057025 40.676811
v -72.987427 -1.057026 38.413879
v -77.077850 -1.057026 36.974808
v -80.836006 -1.057026 36.636078
v -84.394272 -1.057026 36.731705
v -87.131912 -1.057026 36.826027
v -88.517509 -1.057026 36.191059
v -88.736382 -1.060916 36.049988
v -88.744354 -1.138752 36.044853
v -88.744354 -1.472636 36.044846
v -88.738228 -1.545455 36.048801
v -88.536034 -1.548511 36.179119
v -87.529999 -1.548510 36.827522
v -87.319824 -1.553609 36.962982
v -87.312363 -2.754669 36.967789
v -87.312363 -9.788658 36.967796
v -86.960892 -10.995861 36.936256
v -84.394272 -11.001985 36.731705
v -80.836006 -11.001985 36.636078
v -77.077850 -11.001985 36.974812
v -72.987427 -11.001985 38.413879
v -69.754974 -11.001985 40.676811
v -67.207512 -11.001984 43.508972
v -65.559875 -11.001984 46.975861
v -64.373825 -11.001984 50.358170
v -63.625137 -11.001984 53.051151
v -63.519501 -10.995859 53.450096
v -63.518543 -9.788657 53.453716
v -63.518543 -2.754667 53.453716
v -63.512287 -1.553607 53.456558
v -63.336132 -1.548509 53.536495
v -62.492931 -1.548509 53.919121
v -62.323463 -1.545453 53.996025
v -62.318321 -1.472634 53.998356
v -62.318321 -1.138750 53.998356
v -62.325008 -1.060915 53.995319
v -62.508453 -1.057024 53.912075
v -68.930183 -1.057024 54.925621
v -68.963669 -1.057024 54.496185
v -69.607834 -1.057024 52.473286
v -70.873154 -1.057025 49.470810
v -72.157677 -1.057025 46.926445
v -73.626839 -1.057025 44.592430
v -75.649712 -1.057025 42.863758
v -78.209702 -1.057025 42.084785
v -81.097885 -1.057025 41.993065
v -84.369232 -1.057025 42.330864
v -86.938721 -1.057025 43.030872
v -88.042229 -1.057025 43.930099
v -88.204803 -1.060916 44.101982
v -88.210724 -1.138753 44.108246
v -88.210724 -1.472637 44.108246
v -88.206177 -1.545456 44.103428
v -88.055992 -1.548510 43.944641
v -87.308746 -1.548510 43.154602
v -87.152626 -1.553608 42.989548
v -87.147087 -2.754668 42.983688
v -87.147087 -9.788658 42.983692
v -86.811691 -10.995860 42.896568
v -84.369232 -11.001984 42.330864
v -81.097885 -11.001985 41.993065
v -78.209702 -11.001984 42.084785
v -75.649712 -11.001984 42.863758
v -73.626839 -11.001984 44.592434
v -72.157677 -11.001984 46.926445
v -70.873154 -11.001984 49.470810
v -69.607834 -11.001984 52.473286
v -68.963669 -11.001984 54.496185
v -68.880539 -10.995859 54.781013
v -68.879784 -9.788657 54.783604
v -68.879784 -2.754667 54.783604
v -68.881950 -1.553609 54.789909
v -68.942963 -1.548509 54.967621
v -69.235001 -1.548509 55.818249
v -69.293701 -1.545453 55.989212
v -69.295479 -1.472636 55.994396
v -69.295479 -1.138751 55.994396
v -69.293167 -1.060915 55.987656
v -69.229630 -1.057024 55.802586
v -70.099304 -10.995859 53.987328
v -70.213928 -1.057024 54.097698
v -62.846680 -1.057025 51.601273
v -63.008091 -10.995860 51.607990
v -70.503586 -10.977489 52.835274
v -69.794357 -10.977489 55.007877
v -70.489227 -1.057024 52.829468
v -69.865471 -1.057024 55.163143
v -63.483215 -11.001984 49.998260
v -62.607273 -10.995859 53.223629
v -85.788292 -10.995860 43.622753
v -85.834801 -1.057025 43.781860
v -86.029831 -1.057026 35.679295
v -85.924034 -10.995861 35.833683
v -86.786270 -10.977489 43.912498
v -84.364944 -10.977489 43.289112
v -86.906189 -1.057025 44.075756
v -84.365021 -1.057025 43.273754
v -86.986282 -10.995861 35.922058
v -84.398537 -11.001985 35.778957
v -71.247238 -1.057025 51.446182
v -63.855042 -1.057025 48.238995
v -63.999962 -10.995860 48.304646
v -71.102257 -10.995860 51.380650
v -72.543060 -1.057025 48.722279
v -65.246773 -1.057025 44.617508
v -71.767899 -1.057025 49.890957
v -65.386932 -10.995860 44.692043
v -72.402481 -10.995860 48.648418
v -64.655769 -11.001984 46.551323
v -71.782471 -10.977489 49.897804
v -73.732887 -1.057025 46.440323
v -67.478813 -1.057025 41.274273
v -72.991280 -1.057025 47.501942
v -67.605492 -10.995860 41.367859
v -73.604042 -10.995860 46.349094
v -66.365189 -11.001984 42.927456
v -73.004860 -10.977489 47.511314
v -75.221161 -1.057025 44.450954
v -70.592903 -1.057026 38.620014
v -74.278854 -1.057025 45.251816
v -70.690666 -10.995861 38.740723
v -75.126389 -10.995860 44.332397
v -69.096146 -11.001985 40.010529
v -74.289474 -10.977489 45.262558
v -77.249031 -1.057025 43.324245
v -74.619713 -1.057026 36.583984
v -76.098038 -1.057025 43.613098
v -74.672897 -10.995861 36.728916
v -77.198997 -10.995860 43.185055
v -72.534416 -11.001985 37.656693
v -76.105347 -10.977489 43.625317
v -79.704590 -1.057025 43.015488
v -78.892380 -1.057026 35.631653
v -78.400299 -1.057025 42.945290
v -78.892670 -10.995861 35.787724
v -79.704224 -10.995860 42.869560
v -76.885262 -11.001985 36.105305
v -78.403404 -10.977489 42.959312
v -82.727837 -1.057025 43.190716
v -82.686630 -1.057026 35.547493
v -81.141983 -1.057025 42.895176
v -82.656601 -10.995861 35.704201
v -82.756241 -10.995860 43.045593
v -80.791443 -11.001985 35.724537
v -81.142700 -10.977489 42.909870
v -62.586796 -1.568908 53.218540
v -63.456562 -1.568909 49.987492
v -62.575233 -1.553609 53.207645
v -64.628716 -1.568909 46.538612
v -63.986916 -1.553610 48.298866
v -66.339981 -1.568909 42.910046
v -65.374176 -1.553610 44.685047
v -69.076424 -1.568909 39.990593
v -67.594284 -1.553610 41.359058
v -72.520859 -1.568910 37.634033
v -70.682205 -1.553611 38.730160
v -76.879494 -1.568910 36.079277
v -74.668182 -1.553611 36.716480
v -80.790115 -1.568910 35.697254
v -78.891891 -1.553611 35.774208
v -84.398659 -1.568910 35.750443
v -82.657814 -1.553611 35.690411
v -86.986824 -1.568910 35.899357
v -85.928780 -1.553611 35.819569
v -87.348282 -1.553611 35.937508
v -85.790253 -1.553610 43.633667
v -82.755051 -1.553610 43.055672
v -79.704659 -1.553610 42.879539
v -77.202469 -1.553610 43.194420
v -75.132782 -1.553610 44.340424
v -73.612724 -1.553610 46.355614
v -72.412193 -1.553610 48.653664
v -71.112206 -1.553610 51.385078
v -70.107925 -1.553609 53.993362
v -69.786186 -1.553609 55.014446
v -70.527649 -1.548509 52.848484
v -69.808769 -1.548509 55.035461
v -71.058533 -1.545453 54.908737
v -70.124832 -1.057024 55.640099
v -70.486122 -1.536289 56.331276
v -71.055115 -1.057024 53.138023
v -71.057297 -1.060914 54.907543
v -71.658073 -1.536289 53.469002
v -62.858322 -1.057025 49.788231
v -61.879265 -1.057024 53.422813
v -61.657410 -1.060915 51.549816
v -62.555927 -1.548509 53.227459
v -61.105751 -1.072589 53.646145
v -63.430458 -1.548510 49.978802
v -61.107132 -1.545453 53.626953
v -62.204296 -1.072590 49.570393
v -70.467476 -1.545453 56.324863
v -70.466591 -1.060914 56.323158
v -86.803947 -1.548510 43.942471
v -84.363426 -1.548510 43.314785
v -86.175995 -1.545454 44.953217
v -84.330101 -1.057025 43.877445
v -84.292000 -1.536290 44.520649
v -87.191406 -1.057025 44.599403
v -86.175499 -1.060915 44.951500
v -87.634338 -1.536292 45.350368
v -87.628601 -1.057026 35.286972
v -84.600197 -1.057024 35.127972
v -86.805054 -1.060914 34.540825
v -84.407455 -1.548511 35.723286
v -84.820534 -1.072586 34.447449
v -87.014832 -1.548511 35.872643
v -86.806190 -1.545453 34.539154
v -88.330231 -1.072588 34.617466
v -88.828758 -1.545455 34.678230
v -88.115288 -1.060918 45.457916
v -80.874268 -1.057025 35.069023
v -80.793785 -1.548511 35.669849
v -80.966263 -1.072588 34.382202
v -82.906876 -1.545453 34.390739
v -82.906555 -1.060913 34.392433
v -81.138832 -1.548510 42.935501
v -81.054016 -1.057025 43.497311
v -80.957062 -1.536290 44.139534
v -82.519806 -1.060915 44.257694
v -82.519501 -1.545454 44.259262
v -64.603722 -1.548510 46.526581
v -62.784988 -1.545454 47.754410
v -64.055847 -1.057025 46.262730
v -63.429550 -1.072590 45.961124
v -62.786549 -1.060915 47.755116
v -72.356033 -1.057025 50.172478
v -72.313042 -1.060915 51.927864
v -71.807495 -1.548510 49.909786
v -72.983078 -1.536290 50.472767
v -72.314606 -1.545454 51.928570
v -66.316437 -1.548510 42.895630
v -64.211777 -1.545454 44.066906
v -65.800308 -1.057025 42.579502
v -65.210304 -1.072590 42.218128
v -64.213287 -1.060915 44.067711
v -73.548607 -1.057025 47.836559
v -73.576584 -1.060915 49.265415
v -73.028580 -1.548510 47.525505
v -74.143066 -1.536290 48.192135
v -73.578102 -1.545454 49.266212
v -69.056427 -1.548510 39.971996
v -66.543648 -1.545454 40.582878
v -68.618095 -1.057025 39.564373
v -68.117020 -1.072591 39.098404
v -66.545021 -1.060915 40.583885
v -74.754135 -1.057025 45.677128
v -74.679901 -1.060915 47.111279
v -74.309746 -1.548510 45.280647
v -75.262123 -1.536290 46.130360
v -74.681290 -1.545454 47.112267
v -72.507416 -1.548511 37.610626
v -69.871384 -1.545455 37.729057
v -72.212738 -1.057026 37.097485
v -71.875877 -1.072588 36.510895
v -69.872437 -1.060916 37.730362
v -76.388191 -1.057025 44.152500
v -75.917755 -1.060915 45.322388
v -76.117683 -1.548510 43.648312
v -76.697418 -1.536290 44.728863
v -75.918777 -1.545454 45.323669
v -76.874733 -1.548511 36.052673
v -74.227089 -1.545455 35.514465
v -76.770447 -1.057025 35.469452
v -76.651237 -1.072588 34.802753
v -74.227661 -1.060916 35.516029
v -78.515915 -1.057025 43.531773
v -77.616913 -1.060915 44.347336
v -78.408310 -1.548510 42.984287
v -78.638908 -1.536290 44.157627
v -77.617447 -1.545454 44.348839
v -78.889488 -1.545453 34.479836
v -78.889496 -1.060914 34.481514
v -79.707680 -1.060915 44.088253
v -79.707680 -1.545454 44.089828
v -61.138744 -1.057024 53.636616
v -62.232193 -1.057025 49.579685
v -61.335587 -1.057024 53.561707
v -63.456268 -1.057025 45.973980
v -62.972019 -1.057025 47.839127
v -65.235466 -1.057025 42.233536
v -64.392662 -1.057025 44.163094
v -68.138390 -1.057026 39.118279
v -66.707138 -1.057025 40.703663
v -71.890244 -1.057026 36.535912
v -69.997559 -1.057026 37.884842
v -76.656319 -1.057025 34.831192
v -74.295731 -1.057025 35.701515
v -80.962341 -1.057024 34.411499
v -78.889862 -1.057024 34.681252
v -84.811127 -1.057023 34.476475
v -82.868118 -1.057023 34.592983
v -88.300301 -1.057025 34.646023
v -86.669655 -1.057024 34.738403
v -87.615440 -1.057026 45.318340
v -88.598381 -1.057025 34.874187
v -84.293625 -1.057025 44.493214
v -86.115967 -1.057025 44.747875
v -80.961197 -1.057025 44.112144
v -82.556152 -1.057025 44.071968
v -78.633667 -1.057025 44.130932
v -79.707214 -1.057025 43.901493
v -76.684235 -1.057025 44.704277
v -77.552872 -1.057025 44.169197
v -75.240456 -1.057025 46.111031
v -75.796471 -1.057025 45.170662
v -74.117706 -1.057025 48.176968
v -74.515007 -1.057025 46.994522
v -72.956329 -1.057025 50.459953
v -73.396675 -1.057025 49.170891
v -71.632355 -1.057024 53.454880
v -72.127502 -1.057025 51.843998
v -70.470718 -1.057024 56.301792
v -70.910606 -1.057024 54.766289
v -70.361458 -1.057024 56.120941
v -61.105751 -1.306110 53.646145
v -62.204296 -1.306111 49.570393
v -61.100784 -1.138750 53.628769
v -63.429550 -1.306111 45.961124
v -62.779793 -1.138751 47.752052
v -65.210304 -1.306111 42.218128
v -64.206757 -1.138751 44.064236
v -68.117020 -1.306112 39.098404
v -66.539108 -1.138751 40.579521
v -71.875877 -1.306112 36.510891
v -69.867882 -1.138752 37.724731
v -76.651237 -1.306112 34.802753
v -74.225182 -1.138751 35.509270
v -80.966263 -1.306110 34.382202
v -78.889481 -1.138751 34.474239
v -84.820534 -1.306110 34.447449
v -82.907951 -1.138749 34.385124
v -88.330231 -1.306112 34.617466
v -86.809982 -1.138750 34.533623
v -87.634338 -1.072590 45.350368
v -88.835159 -1.138751 34.672787
v -84.292000 -1.072590 44.520649
v -86.177666 -1.138752 44.958920
v -80.957062 -1.072590 44.139534
v -82.518486 -1.138752 44.264462
v -78.638908 -1.072590 44.157627
v -79.707695 -1.138752 44.095058
v -76.697418 -1.072590 44.728863
v -77.619247 -1.138752 44.353828
v -75.262123 -1.072590 46.130360
v -75.922173 -1.138752 45.327919
v -74.143066 -1.072590 48.192135
v -74.685905 -1.138752 47.115536
v -72.983078 -1.072590 50.472767
v -73.583145 -1.138752 49.268860
v -71.658073 -1.072589 53.469002
v -72.319801 -1.138752 51.930920
v -70.486122 -1.072589 56.331276
v -71.062645 -1.138751 54.912689
v -70.470421 -1.138751 56.330524
v -61.105751 -1.536289 53.646145
v -62.204296 -1.536290 49.570393
v -61.100784 -1.472634 53.628769
v -63.429550 -1.536290 45.961121
v -62.779793 -1.472635 47.752052
v -65.210304 -1.536290 42.218128
v -64.206757 -1.472635 44.064232
v -68.117020 -1.536291 39.098404
v -66.539108 -1.472635 40.579521
v -71.875877 -1.536290 36.510891
v -69.867882 -1.472636 37.724731
v -76.651237 -1.536290 34.802753
v -74.225182 -1.472636 35.509270
v -80.966263 -1.536289 34.382202
v -78.889481 -1.472636 34.474239
v -84.820534 -1.536288 34.447445
v -82.907951 -1.472633 34.385124
v -88.330231 -1.536289 34.617462
v -86.809982 -1.472633 34.533623
v -87.634338 -1.306113 45.350368
v -88.835159 -1.472636 34.672787
v -84.292000 -1.306112 44.520649
v -86.177666 -1.472637 44.958920
v -80.957062 -1.306112 44.139534
v -82.518486 -1.472637 44.264462
v -78.638908 -1.306112 44.157627
v -79.707695 -1.472637 44.095058
v -76.697418 -1.306112 44.728863
v -77.619247 -1.472637 44.353828
v -75.262123 -1.306112 46.130360
v -75.922173 -1.472637 45.327919
v -74.143066 -1.306112 48.192135
v -74.685905 -1.472637 47.115536
v -72.983078 -1.306112 50.472767
v -73.583145 -1.472637 49.268860
v -71.658073 -1.306111 53.469002
v -72.319801 -1.472637 51.930920
v -70.486122 -1.306111 56.331276
v -71.062645 -1.472636 54.912689
v -70.470421 -1.472636 56.330524
v -61.131119 -1.548509 53.638821
v -70.474281 -1.548509 56.308609
v -61.345703 -1.548509 53.595970
v -71.638298 -1.548509 53.458149
v -70.393883 -1.548509 56.130409
v -72.962517 -1.548510 50.462921
v -72.143204 -1.548510 51.851097
v -74.123573 -1.548510 48.180473
v -73.411903 -1.548510 49.178890
v -75.245468 -1.548510 46.115501
v -74.528961 -1.548510 47.004406
v -76.687279 -1.548510 44.709961
v -75.806732 -1.548510 45.183510
v -78.634880 -1.548510 44.137104
v -77.558296 -1.548510 44.184273
v -80.960243 -1.548510 44.118477
v -79.707253 -1.548510 43.917297
v -84.293251 -1.548510 44.499557
v -82.553078 -1.548510 44.087685
v -87.619812 -1.548511 45.325741
v -86.121010 -1.548510 44.765114
v -88.307220 -1.548510 34.639420
v -87.975151 -1.548511 45.252338
v -84.813309 -1.548507 34.469765
v -86.681114 -1.548509 34.721680
v -80.963249 -1.548509 34.404724
v -82.871376 -1.548508 34.576012
v -76.655144 -1.548509 34.824615
v -78.889832 -1.548509 34.664345
v -71.886925 -1.548510 36.530128
v -74.289970 -1.548510 35.685814
v -68.133446 -1.548511 39.113682
v -69.986969 -1.548511 37.871765
v -65.229652 -1.548510 42.229977
v -66.693420 -1.548510 40.693523
v -63.450089 -1.548510 45.971008
v -64.377480 -1.548510 44.155025
v -62.225742 -1.548510 49.577538
v -62.956326 -1.548510 47.832020
v -61.846497 -1.548510 51.557682
v -61.840771 -1.548509 53.433937
v -70.142807 -1.548509 55.674492
v -62.382076 -1.548509 53.292976
v -71.085121 -1.548509 53.154495
v -69.905785 -1.548509 55.202335
v -72.387238 -1.548510 50.187416
v -71.290375 -1.548510 51.465614
v -73.578194 -1.548510 47.854256
v -72.584953 -1.548510 48.744427
v -74.779411 -1.548510 45.699688
v -73.771065 -1.548510 46.467739
v -76.403580 -1.548510 44.181190
v -75.249252 -1.548510 44.486126
v -78.522034 -1.548510 43.562923
v -77.263962 -1.548510 43.365475
v -81.049194 -1.548510 43.529274
v -79.705109 -1.548510 43.058880
v -84.328201 -1.548510 43.909458
v -82.720146 -1.548510 43.234016
v -87.213455 -1.548510 44.636776
v -85.847412 -1.548510 43.829197
v -87.663521 -1.548510 35.253647
v -87.271484 -1.548510 44.220070
v -84.611160 -1.548509 35.094101
v -86.058792 -1.548510 35.629837
v -80.878845 -1.548509 35.034843
v -82.694725 -1.548510 35.497826
v -76.764519 -1.548510 35.436272
v -78.891533 -1.548510 35.582409
v -72.195969 -1.548510 37.068287
v -74.602821 -1.548510 36.538368
v -68.593155 -1.548510 39.541183
v -70.562057 -1.548510 38.581818
v -65.770943 -1.548510 42.561516
v -67.438606 -1.548510 41.244049
v -64.024673 -1.548510 46.247723
v -65.201935 -1.548510 44.593452
v -62.825775 -1.548510 49.777390
v -63.808819 -1.548510 48.218193
v -62.795971 -1.548510 51.597191
v -62.586796 -6.271151 53.218540
v -63.456562 -6.271152 49.987492
v -62.582954 -2.754667 53.205437
v -64.628716 -6.271152 46.538612
v -63.993240 -2.754668 48.301731
v -66.339981 -6.271152 42.910049
v -65.380287 -2.754668 44.688297
v -69.076424 -6.271152 39.990593
v -67.599815 -2.754668 41.363140
v -72.520859 -6.271152 37.634033
v -70.686470 -2.754669 38.735424
v -76.879494 -6.271153 36.079281
v -74.670502 -2.754669 36.722801
v -80.790115 -6.271153 35.697258
v -78.891899 -2.754669 35.781017
v -84.398659 -6.271153 35.750443
v -82.656509 -2.754669 35.697247
v -86.986824 -6.271152 35.899361
v -85.924164 -2.754669 35.826305
v -86.786270 -1.568909 43.912498
v -87.340492 -2.754669 35.944130
v -84.364944 -1.568909 43.289112
v -85.788223 -2.754668 43.626724
v -81.142700 -1.568909 42.909870
v -82.756287 -2.754668 43.049339
v -78.403404 -1.568909 42.959312
v -79.704636 -2.754668 42.873173
v -76.105347 -1.568909 43.625317
v -77.200287 -2.754668 43.188347
v -74.289474 -1.568909 45.262558
v -75.128647 -2.754668 44.335255
v -73.004860 -1.568909 47.511314
v -73.607101 -2.754668 46.351631
v -71.782471 -1.568909 49.897804
v -72.406059 -2.754668 48.650436
v -70.503586 -1.568908 52.835274
v -71.105881 -2.754668 51.382221
v -69.794357 -1.568908 55.007877
v -70.102921 -2.754667 53.988544
v -69.782600 -2.754667 55.007553
v -62.586796 -10.977489 53.218540
v -63.456562 -10.977489 49.987492
v -62.582954 -9.788657 53.205437
v -64.628716 -10.977489 46.538616
v -63.993240 -9.788658 48.301731
v -66.339981 -10.977489 42.910049
v -65.380287 -9.788658 44.688297
v -69.076424 -10.977490 39.990593
v -67.599815 -9.788658 41.363144
v -72.520859 -10.977490 37.634033
v -70.686470 -9.788658 38.735428
v -76.879494 -10.977490 36.079281
v -74.670502 -9.788659 36.722801
v -80.790115 -10.977490 35.697258
v -78.891899 -9.788659 35.781017
v -84.398659 -10.977490 35.750443
v -82.656509 -9.788659 35.697250
v -86.986824 -10.977490 35.899361
v -85.924164 -9.788659 35.826305
v -86.786270 -6.271152 43.912498
v -87.340492 -9.788658 35.944138
v -84.364944 -6.271152 43.289112
v -85.788223 -9.788658 43.626728
v -81.142700 -6.271152 42.909870
v -82.756287 -9.788658 43.049339
v -78.403404 -6.271152 42.959312
v -79.704636 -9.788658 42.873173
v -76.105347 -6.271152 43.625317
v -77.200287 -9.788658 43.188347
v -74.289474 -6.271152 45.262558
v -75.128647 -9.788658 44.335255
v -73.004860 -6.271152 47.511314
v -73.607101 -9.788658 46.351631
v -71.782471 -6.271151 49.897804
v -72.406059 -9.788658 48.650440
v -70.503586 -6.271151 52.835274
v -71.105881 -9.788657 51.382221
v -69.794357 -6.271151 55.007877
v -70.102921 -9.788657 53.988548
v -69.782600 -9.788657 55.007553
v -62.412766 -1.057024 53.257694
v -61.863976 -1.057025 51.558411
v -61.997387 -1.057024 52.941776
v -61.109039 -1.060914 53.626411
v -61.272949 -1.057024 53.092354
v -61.649879 -1.138751 51.549500
v -61.240669 -1.072589 53.099064
v -61.649879 -1.472635 51.549500
v -61.240669 -1.306110 53.099064
v -61.655670 -1.545454 51.549740
v -61.240669 -1.536289 53.099064
v -61.316414 -1.548509 53.567181
v -61.265488 -1.548509 53.093906
v -62.357693 -1.548509 53.269783
v -61.959728 -1.548509 52.949608
v -62.994331 -1.553610 51.605442
v -62.659351 -1.548509 52.804184
v -63.001373 -2.754668 51.605736
v -62.689552 -1.568908 52.797909
v -63.001373 -9.788658 51.605736
v -62.689552 -6.271151 52.797909
v -62.589779 -10.995859 53.207138
v -62.689552 -10.977489 52.797909
v -69.796516 -10.995859 55.000648
v -62.716736 -11.001984 52.805267
v -69.800186 -9.788657 55.001564
v -69.877312 -10.977489 54.743492
v -69.800186 -2.754667 55.001564
v -69.877312 -6.271151 54.743492
v -69.803810 -1.553609 55.008446
v -69.877312 -1.568908 54.743492
v -70.248787 -1.548509 54.128998
v -69.893204 -1.548509 54.768917
v -70.923027 -1.548509 54.778248
v -70.261276 -1.548509 55.357983
v -70.491989 -1.545453 56.316933
v -70.626526 -1.548509 55.942516
v -70.494957 -1.472636 56.322594
v -70.639580 -1.536289 55.963409
v -70.494957 -1.138751 56.322594
v -70.639580 -1.306111 55.963409
v -70.491089 -1.060914 56.315231
v -70.639580 -1.072589 55.963409
v -70.384895 -1.057024 56.113316
v -70.622597 -1.057024 55.936234
v -69.879494 -1.057024 55.158421
v -70.241470 -1.057024 55.326271
v -69.862663 -1.057024 54.739525
v -62.431087 -1.057024 53.275135
v -62.716736 -1.057024 52.805264
v -63.522377 -1.057024 53.439232
v -63.483215 -1.057025 49.998260
v -63.925739 -1.057025 51.915894
v -64.655769 -1.057025 46.551319
v -64.919044 -1.057025 48.702698
v -66.365189 -1.057025 42.927452
v -66.294792 -1.057025 45.204029
v -69.096146 -1.057025 40.010529
v -68.381744 -1.057025 42.012463
v -72.534416 -1.057026 37.656693
v -71.264679 -1.057025 39.464321
v -76.885262 -1.057026 36.105301
v -74.999786 -1.057026 37.564381
v -80.791443 -1.057026 35.724537
v -78.997688 -1.057026 36.704159
v -84.398537 -1.057026 35.778957
v -82.669495 -1.057026 36.654224
v -87.164787 -1.057026 35.770218
v -85.906464 -1.057026 36.841640
v -88.279732 -1.057025 40.062851
v -87.996460 -1.057026 36.526882
v -88.826836 -1.060915 34.679871
v -88.712456 -1.057025 36.065411
v -88.477386 -1.138752 40.078915
v -88.744354 -1.072588 36.044853
v -88.477386 -1.472637 40.078915
v -88.744354 -1.306112 36.044849
v -88.472038 -1.545454 40.078480
v -88.744354 -1.536290 36.044846
v -88.617714 -1.548510 34.857742
v -88.719833 -1.548510 36.060658
v -87.567650 -1.548510 35.750912
v -88.033684 -1.548510 36.502892
v -87.236176 -1.553610 39.978035
v -87.342209 -1.548511 36.948555
v -87.229675 -2.754668 39.977509
v -87.312370 -1.568910 36.967793
v -87.229675 -9.788658 39.977509
v -87.312370 -6.271152 36.967796
v -86.886246 -10.995861 39.918159
v -87.312370 -10.977490 36.967796
v -84.381744 -11.001985 39.532928
v -85.906464 -11.001985 36.841640
v -80.967018 -11.001985 39.316147
v -82.669495 -11.001985 36.654221
v -77.644104 -11.001985 39.531300
v -78.997688 -11.001985 36.704159
v -74.319351 -11.001985 40.640129
v -74.999786 -11.001985 37.564381
v -71.692047 -11.001984 42.635773
v -71.264679 -11.001985 39.464321
v -69.684044 -11.001984 45.218712
v -68.381744 -11.001985 42.012463
v -68.218071 -11.001984 48.224072
v -66.294792 -11.001984 45.204029
v -66.992371 -11.001984 51.416351
v -64.919044 -11.001984 48.702698
v -66.295975 -11.001984 53.774094
v -63.925739 -11.001984 51.915894
v -66.201591 -10.995859 54.115948
v -63.522377 -11.001984 53.439232
v -62.606277 -9.788657 53.227425
v -63.518543 -10.977489 53.453720
v -62.606277 -2.754667 53.227425
v -63.518543 -6.271151 53.453720
v -62.598591 -1.553609 53.229675
v -63.518543 -1.568908 53.453720
v -66.141190 -1.548509 54.252480
v -63.493526 -1.548509 53.465073
v -65.865952 -1.548509 54.869240
v -62.913975 -1.548509 53.728062
v -61.137413 -1.545453 53.656860
v -62.338879 -1.548509 53.989025
v -61.131096 -1.472634 53.658710
v -62.318321 -1.536289 53.998356
v -61.131096 -1.138750 53.658710
v -62.318321 -1.306110 53.998356
v -61.139313 -1.060914 53.656311
v -62.318321 -1.072589 53.998356
v -61.364784 -1.057024 53.590385
v -62.345058 -1.057024 53.986221
v -62.945168 -1.057024 53.713902
v -66.154800 -1.057024 54.220798
v -66.295975 -1.057024 53.774090
v -68.882797 -1.057024 54.773258
v -66.992371 -1.057025 51.416351
v -69.200241 -1.057024 53.685665
v -68.218071 -1.057025 48.224072
v -70.201782 -1.057025 50.990654
v -69.684052 -1.057025 45.218712
v -71.513008 -1.057025 48.146805
v -71.692047 -1.057025 42.635773
v -72.843513 -1.057025 45.717545
v -74.319351 -1.057025 40.640125
v -74.563995 -1.057025 43.623455
v -77.644104 -1.057025 39.531300
v -76.878723 -1.057025 42.366501
v -80.967018 -1.057026 39.316147
v -79.601334 -1.057025 41.971680
v -84.381744 -1.057025 39.532928
v -82.743607 -1.057025 42.114807
v -87.035263 -1.057025 39.930271
v -85.805504 -1.057025 42.635204
v -87.962196 -1.057026 45.233337
v -87.655212 -1.057025 43.520916
v -88.470436 -1.060915 40.078350
v -88.187035 -1.057025 44.083195
v -88.120865 -1.138753 45.466103
v -88.210724 -1.072590 44.108246
v -88.120865 -1.472637 45.466103
v -88.210724 -1.306113 44.108246
v -88.116577 -1.545456 45.459808
v -88.210724 -1.536292 44.108246
v -88.295868 -1.548510 40.064163
v -88.192505 -1.548511 44.088978
v -87.419304 -1.548510 39.992920
v -87.682861 -1.548510 43.550144
v -87.124474 -1.553610 44.004406
v -87.169250 -1.548510 43.007126
v -87.119255 -2.754668 43.996750
v -87.147087 -1.568909 42.983688
v -87.119255 -9.788658 43.996754
v -87.147087 -6.271152 42.983692
v -86.786560 -10.995860 43.900272
v -87.147087 -10.977489 42.983692
v -84.365021 -11.001984 43.273754
v -85.805504 -11.001984 42.635204
v -81.141983 -11.001984 42.895176
v -82.743607 -11.001984 42.114807
v -78.400299 -11.001984 42.945290
v -79.601334 -11.001985 41.971680
v -76.098038 -11.001984 43.613102
v -76.878723 -11.001984 42.366501
v -74.278854 -11.001984 45.251820
v -74.563995 -11.001984 43.623455
v -72.991280 -11.001984 47.501942
v -72.843513 -11.001984 45.717545
v -71.767899 -11.001984 49.890957
v -71.513000 -11.001984 48.146805
v -70.489227 -11.001984 52.829468
v -70.201782 -11.001984 50.990654
v -69.862663 -11.001983 54.739529
v -69.200241 -11.001984 53.685658
v -69.783325 -10.995859 55.005142
v -68.882797 -11.001983 54.773258
v -66.200737 -9.788657 54.119053
v -68.879784 -10.977489 54.783604
v -66.200737 -2.754667 54.119049
v -68.879784 -6.271151 54.783604
v -66.198692 -1.553609 54.123623
v -68.879784 -1.568908 54.783604
v -69.887138 -1.548509 55.208622
v -68.888443 -1.548509 54.808838
v -70.370354 -1.548509 56.138058
v -69.089172 -1.548509 55.393497
v -65.810623 -1.545453 54.993198
v -69.288361 -1.548509 55.973656
v -65.808952 -1.472636 54.996960
v -69.295479 -1.536289 55.994396
v -65.808952 -1.138751 54.996960
v -69.295479 -1.306111 55.994396
v -65.811134 -1.060914 54.992069
v -69.295479 -1.072589 55.994396
v -65.871017 -1.057024 54.857887
v -69.286224 -1.057024 55.967419
v -69.078369 -1.057024 55.362022
v -71.062645 -1.072589 54.912689
v -70.088455 -1.057024 53.983688
v -61.649879 -1.072587 51.549500
v -70.088455 -11.001984 53.983688
v -70.470421 -1.072589 56.330524
v -86.177666 -1.072590 44.958920
v -85.788498 -1.057025 43.610832
v -86.809982 -1.072588 34.533623
v -85.788498 -11.001984 43.610832
v -88.120865 -1.072590 45.466103
v -82.756088 -1.057025 43.034359
v -82.907951 -1.072586 34.385124
v -82.756088 -11.001984 43.034359
v -82.518486 -1.072590 44.264462
v -71.091385 -1.057025 51.375942
v -62.779793 -1.072590 47.752052
v -71.091385 -11.001984 51.375938
v -72.319801 -1.072590 51.930920
v -72.391739 -1.057025 48.642361
v -64.206757 -1.072590 44.064236
v -72.391739 -11.001984 48.642365
v -73.583138 -1.072590 49.268860
v -73.594864 -1.057025 46.341469
v -66.539108 -1.072590 40.579521
v -73.594864 -11.001984 46.341469
v -74.685905 -1.072590 47.115536
v -75.119598 -1.057025 44.323837
v -69.867882 -1.072588 37.724731
v -75.119598 -11.001984 44.323837
v -75.922173 -1.072590 45.327919
v -77.195129 -1.057025 43.175167
v -74.225182 -1.072588 35.509270
v -77.195129 -11.001984 43.175167
v -77.619247 -1.072590 44.353828
v -79.702988 -1.057025 42.858723
v -78.889481 -1.072588 34.474239
v -79.702988 -11.001984 42.858723
v -79.707695 -1.072590 44.095058
v -63.001373 -1.568909 51.605736
v -63.993240 -1.568909 48.301731
v -65.380287 -1.568909 44.688297
v -67.599815 -1.568909 41.363140
v -70.686470 -1.568910 38.735424
v -74.670502 -1.568910 36.722801
v -78.891899 -1.568910 35.781017
v -82.656509 -1.568910 35.697247
v -85.924164 -1.568910 35.826305
v -87.119255 -1.568909 43.996750
v -85.788223 -1.568909 43.626724
v -82.756287 -1.568909 43.049339
v -79.704636 -1.568909 42.873173
v -77.200287 -1.568909 43.188347
v -75.128647 -1.568909 44.335251
v -73.607101 -1.568909 46.351635
v -72.406059 -1.568909 48.650436
v -71.105881 -1.568909 51.382217
v -70.102921 -1.568908 53.988544
v -69.782600 -1.568908 55.007553
v -70.122925 -1.548509 54.007805
v -70.561401 -1.057024 54.430027
v -62.355736 -1.057025 51.578869
v -62.973206 -1.548510 51.604565
v -69.796936 -1.548509 55.035122
v -70.111191 -1.057024 55.639565
v -85.796341 -1.548510 43.654495
v -85.974266 -1.057025 44.263145
v -86.347336 -1.057025 35.208763
v -85.942619 -1.548511 35.799362
v -87.140129 -1.548510 44.027378
v -87.597748 -1.057026 44.698696
v -82.661751 -1.548511 35.669899
v -82.776627 -1.057024 35.070412
v -82.642685 -1.057025 43.629833
v -82.751328 -1.548510 43.074669
v -63.967949 -1.548510 48.290279
v -63.413548 -1.057025 48.039135
v -71.685799 -1.057025 51.644348
v -71.131180 -1.548510 51.393658
v -65.355827 -1.548510 44.675289
v -64.819664 -1.057025 44.390167
v -72.968376 -1.057025 48.945873
v -72.430588 -1.548510 48.663326
v -67.577705 -1.548510 41.346809
v -67.093094 -1.057025 40.988792
v -74.122475 -1.057025 46.716568
v -73.629593 -1.548510 46.367558
v -70.669403 -1.548511 38.714359
v -70.295410 -1.057026 38.252594
v -75.507736 -1.057025 44.809471
v -75.145187 -1.548510 44.355942
v -74.661224 -1.548511 36.697510
v -74.457764 -1.057025 36.143070
v -77.400429 -1.057025 43.745121
v -77.209015 -1.548510 43.212639
v -78.891853 -1.548511 35.753780
v -78.890747 -1.057025 35.156738
v -79.706100 -1.057025 43.456894
v -79.704704 -1.548510 42.898640
v -61.679985 -1.057025 51.550755
v -62.806824 -1.057025 47.764297
v -64.232895 -1.057025 44.078136
v -66.562737 -1.057025 40.596981
v -69.886116 -1.057026 37.747246
v -74.235100 -1.057025 35.536304
v -78.889534 -1.057024 34.503349
v -82.902351 -1.057023 34.414352
v -86.790253 -1.057024 34.562424
v -88.098557 -1.057026 45.433372
v -86.168991 -1.057025 44.929241
v -82.523781 -1.057025 44.237392
v -79.707626 -1.057025 44.067841
v -77.609909 -1.057025 44.327862
v -75.904495 -1.057025 45.305805
v -74.661873 -1.057025 47.098518
v -73.556923 -1.057025 49.255081
v -72.292763 -1.057025 51.918697
v -71.041260 -1.057024 54.892105
v -70.455093 -1.057024 56.301048
v -61.649879 -1.306111 51.549500
v -62.779793 -1.306111 47.752052
v -64.206757 -1.306111 44.064236
v -66.539108 -1.306111 40.579521
v -69.867882 -1.306112 37.724731
v -74.225182 -1.306112 35.509270
v -78.889481 -1.306112 34.474239
v -82.907951 -1.306110 34.385124
v -86.809982 -1.306110 34.533623
v -88.120865 -1.306113 45.466103
v -86.177666 -1.306112 44.958920
v -82.518486 -1.306112 44.264462
v -79.707695 -1.306112 44.095058
v -77.619247 -1.306112 44.353828
v -75.922173 -1.306112 45.327919
v -74.685905 -1.306112 47.115536
v -73.583138 -1.306112 49.268860
v -72.319801 -1.306112 51.930920
v -71.062645 -1.306111 54.912689
v -70.470421 -1.306111 56.330524
v -61.649879 -1.536290 51.549500
v -62.779793 -1.536290 47.752052
v -64.206757 -1.536290 44.064232
v -66.539108 -1.536290 40.579525
v -69.867882 -1.536291 37.724731
v -74.225182 -1.536290 35.509270
v -78.889481 -1.536289 34.474239
v -82.907951 -1.536288 34.385120
v -86.809982 -1.536289 34.533623
v -88.120865 -1.536292 45.466103
v -86.177666 -1.536290 44.958920
v -82.518486 -1.536290 44.264462
v -79.707695 -1.536290 44.095058
v -77.619247 -1.536290 44.353828
v -75.922173 -1.536290 45.327919
v -74.685905 -1.536290 47.115536
v -73.583138 -1.536290 49.268860
v -72.319801 -1.536290 51.930920
v -71.062645 -1.536289 54.912689
v -70.470421 -1.536289 56.330524
v -70.458641 -1.548509 56.307865
v -71.046204 -1.548509 54.896862
v -72.299011 -1.548510 51.921524
v -73.562981 -1.548510 49.258266
v -74.667427 -1.548510 47.102455
v -75.908585 -1.548510 45.310921
v -77.612068 -1.548510 44.333866
v -79.707642 -1.548510 44.074131
v -82.522552 -1.548510 44.243652
v -86.170998 -1.548510 44.936104
v -88.103706 -1.548511 45.440933
v -86.794815 -1.548509 34.555759
v -82.903648 -1.548508 34.407593
v -78.889519 -1.548509 34.496620
v -74.232811 -1.548510 35.530052
v -69.881897 -1.548511 37.742043
v -66.557274 -1.548510 40.592949
v -64.226852 -1.548510 44.074924
v -62.800575 -1.548510 47.761467
v -61.673027 -1.548510 51.550465
v -70.129066 -1.548509 55.673954
v -70.586349 -1.548509 54.454052
v -71.717354 -1.548510 51.658607
v -72.998978 -1.548510 48.961945
v -74.150513 -1.548510 46.736427
v -75.528358 -1.548510 44.835278
v -77.411324 -1.548510 43.775417
v -79.706177 -1.548510 43.488659
v -82.636505 -1.548510 43.661415
v -85.984390 -1.548510 44.297771
v -87.623779 -1.548510 44.736885
v -86.370361 -1.548509 35.175163
v -82.783165 -1.548509 35.036308
v -78.890678 -1.548510 35.122772
v -74.446190 -1.548510 36.111526
v -70.274132 -1.548510 38.226322
v -67.065521 -1.548510 40.968422
v -64.789162 -1.548510 44.373947
v -63.382008 -1.548510 48.024849
v -62.320606 -1.548510 51.577408
v -63.001373 -6.271152 51.605736
v -63.993240 -6.271152 48.301731
v -65.380287 -6.271152 44.688297
v -67.599815 -6.271152 41.363140
v -70.686470 -6.271152 38.735428
v -74.670502 -6.271152 36.722801
v -78.891899 -6.271153 35.781017
v -82.656509 -6.271153 35.697250
v -85.924164 -6.271153 35.826305
v -87.119255 -6.271152 43.996750
v -85.788223 -6.271152 43.626728
v -82.756287 -6.271152 43.049339
v -79.704636 -6.271152 42.873173
v -77.200287 -6.271152 43.188347
v -75.128647 -6.271152 44.335255
v -73.607101 -6.271152 46.351635
v -72.406059 -6.271152 48.650436
v -71.105881 -6.271151 51.382217
v -70.102921 -6.271151 53.988548
v -69.782600 -6.271151 55.007553
v -63.001373 -10.977489 51.605736
v -63.993240 -10.977489 48.301731
v -65.380287 -10.977489 44.688297
v -67.599815 -10.977489 41.363144
v -70.686470 -10.977490 38.735428
v -74.670502 -10.977490 36.722801
v -78.891899 -10.977490 35.781017
v -82.656509 -10.977490 35.697250
v -85.924164 -10.977490 35.826305
v -87.119255 -10.977489 43.996754
v -85.788223 -10.977489 43.626728
v -82.756287 -10.977489 43.049339
v -79.704636 -10.977489 42.873173
v -77.200287 -10.977489 43.188347
v -75.128647 -10.977489 44.335255
v -73.607101 -10.977489 46.351639
v -72.406059 -10.977489 48.650440
v -71.105881 -10.977489 51.382217
v -70.102921 -10.977489 53.988548
v -69.782600 -10.977489 55.007553
v -61.874889 -1.057024 53.407673
v -61.133804 -1.057024 53.619339
v -61.100784 -1.072589 53.628769
v -61.100784 -1.306110 53.628769
v -61.100784 -1.536289 53.628769
v -61.126171 -1.548509 53.621517
v -61.836365 -1.548509 53.418682
v -62.552063 -1.548509 53.214264
v -62.582954 -1.568908 53.205437
v -62.582954 -6.271151 53.205437
v -62.582954 -10.977489 53.205437
v -69.785484 -11.001983 54.997902
v -69.800186 -10.977489 55.001564
v -69.800186 -6.271151 55.001564
v -69.800186 -1.568908 55.001564
v -69.814674 -1.548509 55.029091
v -70.150162 -1.548509 55.666985
v -70.483063 -1.548509 56.299965
v -70.494957 -1.536289 56.322594
v -70.494957 -1.306111 56.322594
v -70.494957 -1.072589 56.322594
v -70.479485 -1.057024 56.293159
v -70.132095 -1.057024 55.632648
v -69.785484 -1.057024 54.997902
v -62.610252 -1.057024 53.212234
v -63.028236 -1.057025 51.614746
v -64.020142 -1.057025 48.313385
v -65.406860 -1.057025 44.703285
v -67.622536 -1.057025 41.382008
v -70.703270 -1.057026 38.756607
v -74.680077 -1.057026 36.747253
v -78.894974 -1.057026 35.807842
v -82.656883 -1.057026 35.725052
v -85.923645 -1.057026 35.855808
v -88.054527 -1.057026 35.336784
v -88.801865 -1.057025 34.701107
v -88.835159 -1.072588 34.672787
v -88.835159 -1.306112 34.672787
v -88.835159 -1.536290 34.672787
v -88.809563 -1.548510 34.694561
v -88.093376 -1.548510 35.303734
v -87.371643 -1.548511 35.917633
v -87.340492 -1.568910 35.944130
v -87.340492 -6.271152 35.944138
v -87.340492 -10.977490 35.944138
v -85.923645 -11.001985 35.855808
v -82.656883 -11.001985 35.725056
v -78.894974 -11.001985 35.807842
v -74.680077 -11.001985 36.747253
v -70.703270 -11.001985 38.756607
v -67.622536 -11.001985 41.382008
v -65.406860 -11.001984 44.703285
v -64.020142 -11.001984 48.313385
v -63.028236 -11.001984 51.614750
v -62.610252 -11.001984 53.212234
v -62.606277 -10.977489 53.227425
v -62.606277 -6.271151 53.227425
v -62.606277 -1.568908 53.227425
v -62.575531 -1.548509 53.236416
v -61.863205 -1.548509 53.444672
v -61.156361 -1.548509 53.651325
v -61.131092 -1.536289 53.658710
v -61.131096 -1.306110 53.658710
v -61.131096 -1.072589 53.658710
v -61.163956 -1.057024 53.649101
v -61.901546 -1.057024 53.433460
v -66.204163 -1.057024 54.106636
v -66.564537 -1.057024 52.801292
v -67.561966 -1.057025 49.847347
v -68.905434 -1.057025 46.676281
v -70.613937 -1.057025 43.866089
v -72.915306 -1.057025 41.545105
v -75.939804 -1.057025 39.966850
v -79.299690 -1.057026 39.339466
v -82.706573 -1.057026 39.386120
v -85.855957 -1.057025 39.740120
v -87.825737 -1.057025 40.025951
v -88.449593 -1.057025 40.076656
v -88.477386 -1.072590 40.078918
v -88.477386 -1.306112 40.078915
v -88.477386 -1.536290 40.078915
v -88.456017 -1.548510 40.077179
v -87.858170 -1.548510 40.028587
v -87.255684 -1.548510 39.979622
v -87.229675 -1.568909 39.977509
v -87.229675 -6.271152 39.977509
v -87.229675 -10.977490 39.977509
v -85.855957 -11.001985 39.740124
v -82.706573 -11.001985 39.386116
v -79.299690 -11.001985 39.339466
v -75.939804 -11.001985 39.966854
v -72.915306 -11.001985 41.545105
v -70.613937 -11.001984 43.866093
v -68.905426 -11.001984 46.676281
v -67.561966 -11.001984 49.847347
v -66.564537 -11.001984 52.801296
v -66.204163 -11.001984 54.106636
v -66.200737 -10.977489 54.119053
v -66.200737 -6.271151 54.119053
v -66.200737 -1.568908 54.119049
v -66.192566 -1.548509 54.137352
v -66.003387 -1.548509 54.561272
v -65.815659 -1.548509 54.981922
v -65.808952 -1.536289 54.996964
v -65.808952 -1.306111 54.996964
v -65.808952 -1.072589 54.996964
v -65.817673 -1.057024 54.977402
v -66.013573 -1.057024 54.538445
vn -0.9258 -0.0000 0.3780
vn -0.9276 -0.0000 0.3735
vn -0.9249 0.0766 0.3724
vn -0.9227 0.0868 0.3757
vn -0.5286 0.8218 0.2126
vn -0.4654 0.8645 0.1899
vn -0.4364 0.8807 0.1840
vn -0.9175 0.0926 0.3868
vn -0.9216 -0.0000 0.3883
vn -0.0000 1.0000 -0.0000
vn 0.4578 0.8802 -0.1251
vn 0.4935 0.8599 -0.1303
vn 0.9631 0.0877 -0.2543
vn 0.9605 0.0930 -0.2622
vn 0.9669 -0.0000 -0.2553
vn 0.9647 -0.0000 -0.2634
vn 0.9585 -0.0000 -0.2852
vn 0.9543 0.0935 -0.2840
vn 0.4518 0.8819 -0.1344
vn -0.0000 -1.0000 -0.0000
vn -0.0060 -1.0000 0.0018
vn -0.0067 -1.0000 -0.0007
vn -0.8131 -0.5290 0.2430
vn -0.8041 -0.5327 0.2639
vn -0.7862 -0.5390 0.3025
vn -0.0057 -1.0000 0.0022
vn 0.2722 -0.0000 0.9622
vn 0.2750 -0.0000 0.9614
vn 0.2744 0.0670 0.9593
vn 0.2715 0.0592 0.9606
vn 0.1708 0.7835 0.5974
vn 0.1908 0.7137 0.6739
vn -0.1546 0.8600 0.4864
vn -0.3089 0.0911 0.9467
vn -0.3076 -0.0000 0.9515
vn 0.2410 -0.0000 0.9705
vn 0.1865 -0.0000 0.9825
vn 0.1860 0.0883 0.9786
vn 0.2405 0.0839 0.9670
vn 0.0908 0.8728 0.4796
vn 0.1236 0.8573 0.4998
vn 0.1497 0.8071 0.5712
vn 0.2514 0.0736 0.9651
vn 0.2525 -0.0000 0.9676
vn -0.0230 0.8781 -0.4779
vn -0.0177 0.8839 -0.4673
vn -0.0379 0.0942 -0.9948
vn -0.0484 0.0928 -0.9945
vn -0.0379 -0.0000 -0.9993
vn -0.0484 -0.0000 -0.9988
vn -0.0686 -0.0000 -0.9976
vn -0.0692 0.0849 -0.9940
vn -0.0354 0.8468 -0.5307
vn -0.0030 -1.0000 0.0001
vn 0.0011 -1.0000 0.0062
vn -0.0014 -1.0000 0.0062
vn 0.1589 -0.5300 0.8330
vn 0.2094 -0.5236 0.8258
vn 0.2300 -0.5358 0.8124
vn -0.0193 -0.9998 0.0092
vn -0.0195 -0.9998 0.0005
vn -0.9071 -0.0000 0.4209
vn -0.9038 0.0774 0.4208
vn -0.5473 0.7979 0.2526
vn -0.5876 0.8082 0.0388
vn -0.9951 0.0737 0.0658
vn -0.9978 -0.0000 0.0660
vn 0.0208 0.0926 -0.9955
vn 0.0222 -0.0000 -0.9998
vn -0.0170 -0.0000 -0.9999
vn -0.0170 0.0933 -0.9955
vn -0.0079 0.8816 -0.4720
vn 0.0107 0.8796 -0.4756
vn 0.0004 -1.0000 0.0064
vn 0.0494 -0.5182 0.8538
vn 0.0997 -0.5233 0.8463
vn 0.0008 -1.0000 0.0063
vn 0.0598 0.0881 0.9943
vn 0.0296 0.8712 0.4900
vn 0.0555 0.8729 0.4847
vn 0.1130 0.0886 0.9896
vn 0.1135 -0.0000 0.9935
vn 0.0601 -0.0000 0.9982
vn 0.9469 -0.0000 -0.3215
vn 0.9427 0.0938 -0.3201
vn 0.9326 -0.0000 -0.3609
vn 0.9285 0.0940 -0.3594
vn 0.4377 0.8830 -0.1693
vn 0.4456 0.8824 -0.1512
vn -0.7691 -0.5444 0.3348
vn -0.0056 -1.0000 0.0024
vn -0.7532 -0.5515 0.3585
vn -0.0054 -1.0000 0.0026
vn -0.4246 0.8857 0.1877
vn -0.9104 0.0948 0.4026
vn -0.4170 0.8871 0.1979
vn -0.8993 0.0954 0.4268
vn -0.9034 -0.0000 0.4288
vn -0.9145 -0.0000 0.4047
vn 0.9030 -0.0000 -0.4296
vn 0.8990 0.0932 -0.4279
vn 0.8311 -0.0000 -0.5561
vn 0.8276 0.0920 -0.5537
vn 0.4011 0.8758 -0.2687
vn 0.4294 0.8798 -0.2041
vn -0.7396 -0.5564 0.3788
vn -0.0052 -1.0000 0.0027
vn -0.7395 -0.5511 0.3865
vn -0.0053 -1.0000 0.0027
vn -0.4133 0.8860 0.2103
vn -0.8873 0.0949 0.4513
vn -0.4170 0.8835 0.2135
vn -0.8861 0.0940 0.4538
vn -0.8901 -0.0000 0.4558
vn -0.8911 -0.0000 0.4537
vn 0.7317 -0.0000 -0.6816
vn 0.7288 0.0916 -0.6785
vn 0.6511 -0.0000 -0.7590
vn 0.6485 0.0915 -0.7557
vn 0.3132 0.8765 -0.3656
vn 0.3528 0.8758 -0.3292
vn -0.7287 -0.5438 0.4162
vn -0.0050 -1.0000 0.0029
vn -0.6744 -0.5353 0.5085
vn -0.0045 -1.0000 0.0035
vn -0.4086 0.8853 0.2220
vn -0.8751 0.0941 0.4747
vn -0.3789 0.8874 0.2627
vn -0.8191 0.0942 0.5659
vn -0.8225 -0.0000 0.5688
vn -0.8789 -0.0000 0.4770
vn 0.5669 -0.0000 -0.8238
vn 0.5649 0.0908 -0.8202
vn 0.4532 -0.0000 -0.8914
vn 0.4515 0.0903 -0.8877
vn 0.2212 0.8726 -0.4355
vn 0.2752 0.8741 -0.4002
vn -0.5696 -0.5261 0.6315
vn -0.0038 -1.0000 0.0043
vn -0.4133 -0.5209 0.7469
vn -0.0027 -1.0000 0.0050
vn -0.3219 0.8872 0.3304
vn -0.6959 0.0936 0.7120
vn -0.2296 0.8870 0.4005
vn -0.4958 0.0931 0.8634
vn -0.4979 -0.0000 0.8672
vn -0.6986 -0.0000 0.7155
vn 0.3365 -0.0000 -0.9417
vn 0.3355 0.0905 -0.9377
vn 0.2166 -0.0000 -0.9763
vn 0.2156 0.0904 -0.9723
vn 0.1058 0.8730 -0.4761
vn 0.1639 0.8736 -0.4583
vn -0.2386 -0.5134 0.8243
vn -0.0017 -1.0000 0.0057
vn -0.1071 -0.5119 0.8524
vn -0.0008 -1.0000 0.0061
vn -0.1340 0.8805 0.4547
vn -0.2808 0.0906 0.9555
vn -0.0598 0.8748 0.4808
vn -0.1223 0.0887 0.9885
vn -0.1230 -0.0000 0.9924
vn -0.2823 -0.0000 0.9593
vn 0.0970 -0.0000 -0.9953
vn 0.0963 0.0913 -0.9911
vn 0.0470 0.8757 -0.4806
vn -0.0153 -0.5152 0.8570
vn -0.0001 -1.0000 0.0063
vn -0.0038 0.8732 0.4874
vn -0.0078 0.0883 0.9961
vn -0.0078 -0.0000 1.0000
vn 0.5671 -0.8090 -0.1547
vn 0.5381 -0.8310 -0.1408
vn 0.9674 -0.0062 -0.2530
vn 0.9647 -0.0058 -0.2633
vn 0.9675 -0.0000 -0.2530
vn 0.9647 -0.0000 -0.2633
vn 0.9579 -0.0000 -0.2871
vn 0.9578 -0.0058 -0.2875
vn 0.5677 -0.8054 -0.1704
vn 0.5602 -0.8062 -0.1905
vn 0.9468 -0.0058 -0.3218
vn 0.9469 -0.0000 -0.3216
vn 0.9336 -0.0000 -0.3582
vn 0.9336 -0.0058 -0.3583
vn 0.5517 -0.8067 -0.2118
vn 0.5284 -0.8115 -0.2493
vn 0.9045 -0.0059 -0.4265
vn 0.9046 -0.0000 -0.4263
vn 0.8317 -0.0000 -0.5552
vn 0.8317 -0.0059 -0.5552
vn 0.4808 -0.8160 -0.3209
vn 0.4280 -0.8100 -0.4009
vn 0.7296 -0.0058 -0.6839
vn 0.7299 -0.0000 -0.6836
vn 0.6484 -0.0000 -0.7613
vn 0.6482 -0.0058 -0.7614
vn 0.3851 -0.8046 -0.4521
vn 0.3344 -0.8060 -0.4885
vn 0.5646 -0.0058 -0.8253
vn 0.5647 -0.0000 -0.8253
vn 0.4509 -0.0000 -0.8926
vn 0.4509 -0.0058 -0.8926
vn 0.2668 -0.8063 -0.5279
vn 0.1996 -0.8043 -0.5596
vn 0.3362 -0.0057 -0.9418
vn 0.3359 -0.0000 -0.9419
vn 0.2177 -0.0000 -0.9760
vn 0.2177 -0.0058 -0.9760
vn 0.1287 -0.8066 -0.5770
vn 0.0574 -0.8061 -0.5889
vn 0.0972 -0.0057 -0.9952
vn 0.0973 -0.0000 -0.9953
vn 0.0220 -0.0000 -0.9998
vn 0.0223 -0.0057 -0.9997
vn 0.0131 -0.8041 -0.5944
vn -0.0088 -0.8050 -0.5932
vn -0.0147 -0.0058 -0.9999
vn -0.0149 -0.0000 -0.9999
vn -0.0396 -0.0000 -0.9992
vn -0.0394 -0.0058 -0.9992
vn -0.0234 -0.8074 -0.5896
vn -0.0330 -0.8207 -0.5704
vn -0.0574 -0.0060 -0.9983
vn -0.0574 -0.0000 -0.9984
vn -0.0829 -0.0000 -0.9966
vn -0.0828 -0.0067 -0.9965
vn -0.0432 -0.8578 -0.5122
vn -0.9321 -0.0001 0.3621
vn 0.2678 -0.0000 0.9635
vn 0.2678 -0.0057 0.9634
vn -0.9321 -0.0082 0.3620
vn 0.1536 -0.8183 0.5539
vn -0.3835 -0.9114 0.1495
vn -0.5827 -0.8125 0.0162
vn -0.9996 -0.0056 0.0275
vn -0.9996 -0.0000 0.0275
vn 0.2493 -0.0000 0.9684
vn 0.1871 -0.0000 0.9823
vn 0.1870 -0.0053 0.9823
vn 0.2493 -0.0053 0.9684
vn 0.1179 -0.7767 0.6188
vn 0.1552 -0.7836 0.6016
vn 0.0576 -0.0054 0.9983
vn 0.0360 -0.7798 0.6250
vn 0.0731 -0.7798 0.6218
vn 0.1169 -0.0054 0.9931
vn 0.1168 -0.0000 0.9932
vn 0.0576 -0.0000 0.9983
vn -0.1249 -0.0053 0.9922
vn -0.0794 -0.7715 0.6312
vn -0.0114 -0.7746 0.6324
vn -0.0181 -0.0053 0.9998
vn -0.0181 -0.0000 0.9998
vn -0.1249 -0.0000 0.9922
vn -0.4821 -0.0053 0.8761
vn -0.3078 -0.7721 0.5559
vn -0.1769 -0.7710 0.6118
vn -0.2784 -0.0053 0.9605
vn -0.2784 -0.0000 0.9605
vn -0.4844 -0.0000 0.8749
vn -0.7982 -0.0055 0.6023
vn -0.4937 -0.7860 0.3722
vn -0.4202 -0.7788 0.4657
vn -0.6696 -0.0054 0.7427
vn -0.6696 -0.0000 0.7427
vn -0.7982 -0.0000 0.6023
vn -0.8863 -0.0058 0.4631
vn -0.5271 -0.8039 0.2754
vn -0.5259 -0.7958 0.3003
vn -0.8683 -0.0057 0.4960
vn -0.8681 -0.0000 0.4963
vn -0.8863 -0.0000 0.4631
vn -0.9023 -0.0058 0.4311
vn -0.5377 -0.8034 0.2559
vn -0.5295 -0.8038 0.2712
vn -0.8900 -0.0058 0.4559
vn -0.8900 -0.0000 0.4560
vn -0.9030 -0.0000 0.4297
vn -0.9333 -0.0056 0.3591
vn -0.5646 -0.7963 0.2173
vn -0.5473 -0.8025 0.2376
vn -0.9169 -0.0058 0.3992
vn -0.9170 -0.0000 0.3989
vn -0.9333 -0.0000 0.3591
vn -0.9501 -0.0000 0.3118
vn -0.9581 -0.0000 0.2863
vn -0.9581 -0.0053 0.2863
vn -0.9501 -0.0054 0.3119
vn -0.5757 -0.7992 0.1725
vn -0.5829 -0.7897 0.1914
vn 0.2381 -0.0000 0.9712
vn 0.2408 -0.0000 0.9706
vn 0.2408 -0.0048 0.9706
vn 0.2382 -0.0057 0.9712
vn 0.1559 -0.7625 0.6279
vn 0.1329 -0.8300 0.5417
vn -0.1562 -0.8759 0.4565
vn -0.3222 -0.0072 0.9466
vn -0.3224 -0.0000 0.9466
vn -0.0190 -0.9998 0.0057
vn -0.0243 -0.9997 0.0079
vn -0.0252 -0.9996 0.0096
vn 0.0245 -0.9997 -0.0074
vn 0.0238 -0.9997 -0.0065
vn 0.0192 -0.9998 -0.0050
vn 0.0058 -0.9997 0.0233
vn 0.0030 -0.9999 0.0125
vn -0.0048 -0.9999 0.0128
vn 0.0055 -0.9996 0.0286
vn 0.0067 -0.9997 0.0254
vn 0.0046 -0.9998 0.0172
vn -0.0015 -0.9999 -0.0156
vn -0.0014 -0.9997 -0.0226
vn -0.0010 -0.9997 -0.0252
vn -0.0059 -1.0000 0.0026
vn -0.0186 -0.9998 0.0005
vn -0.0004 -0.9997 -0.0257
vn 0.0005 -0.9997 -0.0257
vn 0.0016 -0.9996 0.0291
vn 0.0034 -0.9996 0.0289
vn 0.0240 -0.9997 -0.0092
vn 0.0243 -0.9997 -0.0083
vn -0.0244 -0.9996 0.0106
vn -0.0241 -0.9996 0.0115
vn 0.0196 -0.9997 -0.0130
vn 0.0222 -0.9997 -0.0105
vn -0.0240 -0.9996 0.0113
vn -0.0234 -0.9997 0.0122
vn 0.0165 -0.9997 -0.0192
vn 0.0179 -0.9997 -0.0166
vn -0.0243 -0.9996 0.0138
vn -0.0239 -0.9996 0.0179
vn 0.0112 -0.9997 -0.0219
vn 0.0141 -0.9997 -0.0205
vn -0.0209 -0.9995 0.0230
vn -0.0156 -0.9995 0.0281
vn 0.0053 -0.9997 -0.0241
vn 0.0076 -0.9997 -0.0239
vn -0.0087 -0.9995 0.0304
vn -0.0038 -0.9995 0.0307
vn 0.0024 -0.9997 -0.0248
vn -0.0006 -0.9995 0.0302
vn 0.0244 0.9997 -0.0064
vn 0.0196 0.9998 -0.0054
vn 0.0191 0.9998 -0.0057
vn 0.0187 0.9998 -0.0063
vn 0.0183 0.9998 -0.0071
vn 0.0185 0.9998 -0.0087
vn 0.0177 0.9998 -0.0119
vn 0.0153 0.9998 -0.0144
vn 0.0134 0.9998 -0.0158
vn 0.0120 0.9998 -0.0175
vn 0.0097 0.9998 -0.0192
vn 0.0065 0.9998 -0.0202
vn 0.0047 0.9998 -0.0209
vn 0.0021 0.9998 -0.0208
vn 0.0005 0.9998 -0.0201
vn -0.0003 0.9998 -0.0198
vn -0.0007 0.9998 -0.0195
vn -0.0010 0.9998 -0.0212
vn -0.0018 0.9996 -0.0290
vn -0.0337 0.9994 0.0022
vn -0.0427 0.9989 0.0193
vn 0.0089 0.9994 0.0333
vn 0.0054 0.9997 0.0224
vn 0.0037 0.9998 0.0197
vn 0.0023 0.9998 0.0199
vn 0.0012 0.9998 0.0202
vn -0.0009 0.9998 0.0195
vn -0.0024 0.9998 0.0189
vn -0.0052 0.9998 0.0174
vn -0.0085 0.9999 0.0149
vn -0.0120 0.9999 0.0125
vn -0.0145 0.9998 0.0102
vn -0.0163 0.9998 0.0089
vn -0.0172 0.9998 0.0088
vn -0.0172 0.9998 0.0078
vn -0.0169 0.9998 0.0080
vn -0.0176 0.9998 0.0072
vn -0.0182 0.9998 0.0077
vn -0.0207 0.9997 0.0085
vn -0.0289 0.9995 0.0116
vn -0.0080 0.9996 0.0271
vn 0.0152 0.9984 0.0536
vn 0.0097 0.9994 0.0338
vn 0.9584 -0.0000 -0.2853
vn 0.9326 -0.0000 -0.3608
vn 0.7317 -0.0000 -0.6817
vn 0.6509 -0.0000 -0.7591
vn 0.5671 -0.0000 -0.8237
vn 0.5670 -0.0000 -0.8237
vn 0.4533 -0.0000 -0.8914
vn 0.2166 -0.0000 -0.9762
vn -0.0167 -0.0000 -0.9999
vn -0.0485 -0.0000 -0.9988
vn -0.9071 0.0001 0.4209
vn 0.1864 -0.0000 0.9825
vn -0.1229 -0.0000 0.9924
vn -0.4978 -0.0000 0.8673
vn -0.8914 -0.0000 0.4532
vn -0.9214 -0.0000 0.3886
vn -0.9147 -0.0000 0.4042
vn -0.9145 -0.0000 0.4046
vn 0.9643 -0.0721 -0.2546
vn 0.9622 -0.0766 -0.2615
vn 0.5009 -0.8554 -0.1323
vn 0.4651 -0.8761 -0.1271
vn 0.4591 -0.8778 -0.1366
vn 0.9556 -0.0770 -0.2844
vn 0.9440 -0.0772 -0.3208
vn 0.4528 -0.8783 -0.1536
vn 0.4448 -0.8789 -0.1720
vn 0.9298 -0.0774 -0.3598
vn 0.9005 -0.0766 -0.4281
vn 0.4362 -0.8756 -0.2074
vn 0.4074 -0.8715 -0.2729
vn 0.8287 -0.0757 -0.5545
vn 0.7309 -0.0754 -0.6783
vn 0.3585 -0.8716 -0.3345
vn 0.3183 -0.8722 -0.3714
vn 0.6493 -0.0753 -0.7568
vn 0.5673 -0.0747 -0.8201
vn 0.2796 -0.8698 -0.4066
vn 0.2248 -0.8682 -0.4424
vn 0.4521 -0.0743 -0.8889
vn 0.3356 -0.0745 -0.9390
vn 0.1665 -0.8692 -0.4656
vn 0.1074 -0.8687 -0.4836
vn 0.2159 -0.0744 -0.9736
vn 0.0939 -0.0751 -0.9927
vn 0.0478 -0.8714 -0.4882
vn 0.0109 -0.8754 -0.4832
vn 0.0219 -0.0762 -0.9969
vn -0.0174 -0.0768 -0.9969
vn -0.0080 -0.8775 -0.4796
vn -0.0180 -0.8799 -0.4749
vn -0.0380 -0.0775 -0.9963
vn -0.0496 -0.0764 -0.9958
vn -0.0233 -0.8740 -0.4854
vn -0.0359 -0.8421 -0.5381
vn -0.0692 -0.0697 -0.9952
vn -0.5539 -0.7924 0.2558
vn 0.1516 -0.8015 0.5785
vn 0.2517 -0.0605 0.9659
vn -0.9048 -0.0635 0.4210
vn -0.9960 -0.0606 0.0659
vn -0.5951 -0.8027 0.0393
vn 0.1255 -0.8526 0.5073
vn 0.0922 -0.8684 0.4872
vn 0.1862 -0.0727 0.9798
vn 0.2407 -0.0690 0.9681
vn 0.0599 -0.0725 0.9956
vn 0.1131 -0.0730 0.9909
vn 0.0564 -0.8684 0.4926
vn 0.0301 -0.8667 0.4979
vn -0.1230 -0.0730 0.9897
vn -0.0078 -0.0727 0.9973
vn -0.0039 -0.8687 0.4954
vn -0.0607 -0.8703 0.4887
vn -0.4977 -0.0767 0.8640
vn -0.2813 -0.0746 0.9567
vn -0.1363 -0.8762 0.4623
vn -0.2336 -0.8829 0.4073
vn -0.8202 -0.0775 0.5668
vn -0.6969 -0.0770 0.7130
vn -0.3274 -0.8831 0.3361
vn -0.3853 -0.8833 0.2671
vn -0.8874 -0.0774 0.4545
vn -0.8763 -0.0775 0.4755
vn -0.4155 -0.8811 0.2258
vn -0.4239 -0.8793 0.2171
vn -0.9000 -0.0785 0.4288
vn -0.8886 -0.0782 0.4520
vn -0.4202 -0.8819 0.2137
vn -0.4239 -0.8831 0.2012
vn -0.9189 -0.0762 0.3870
vn -0.9118 -0.0780 0.4032
vn -0.4316 -0.8816 0.1908
vn -0.4435 -0.8765 0.1870
vn -0.4725 -0.8600 0.1929
vn -0.5357 -0.8165 0.2155
vn -0.9258 -0.0630 0.3727
vn -0.9235 -0.0714 0.3770
vn 0.1927 -0.7070 0.6805
vn 0.1729 -0.7775 0.6047
vn 0.2746 -0.0551 0.9600
vn 0.2718 -0.0487 0.9611
vn -0.3088 -0.0749 0.9482
vn -0.1569 -0.8555 0.4934
vn 0.0083 -0.9995 0.0290
vn 0.0133 -0.9988 0.0469
vn -0.0069 -0.9997 0.0233
vn -0.0248 -0.9996 0.0100
vn -0.0176 -0.9998 0.0072
vn -0.0155 -0.9999 0.0065
vn -0.0150 -0.9999 0.0060
vn -0.0144 -0.9999 0.0068
vn -0.0147 -0.9999 0.0065
vn -0.0146 -0.9999 0.0075
vn -0.0139 -0.9999 0.0076
vn -0.0123 -0.9999 0.0087
vn -0.0102 -0.9999 0.0106
vn -0.0072 -0.9999 0.0126
vn -0.0044 -0.9999 0.0148
vn -0.0020 -0.9999 0.0161
vn -0.0009 -0.9999 0.0166
vn 0.0011 -0.9999 0.0172
vn 0.0020 -0.9999 0.0169
vn 0.0031 -0.9999 0.0167
vn 0.0046 -0.9998 0.0190
vn 0.0076 -0.9996 0.0286
vn -0.0377 -0.9991 0.0170
vn -0.0289 -0.9996 0.0019
vn -0.0015 -0.9997 -0.0249
vn -0.0008 -0.9998 -0.0180
vn -0.0006 -0.9999 -0.0165
vn -0.0003 -0.9999 -0.0168
vn 0.0004 -0.9999 -0.0171
vn 0.0018 -0.9998 -0.0177
vn 0.0040 -0.9998 -0.0178
vn 0.0054 -0.9998 -0.0172
vn 0.0083 -0.9998 -0.0163
vn 0.0102 -0.9998 -0.0149
vn 0.0114 -0.9998 -0.0134
vn 0.0131 -0.9998 -0.0123
vn 0.0151 -0.9998 -0.0101
vn 0.0157 -0.9998 -0.0075
vn 0.0155 -0.9999 -0.0060
vn 0.0159 -0.9999 -0.0054
vn 0.0162 -0.9999 -0.0048
vn 0.0167 -0.9999 -0.0046
vn 0.0208 -0.9998 -0.0055
vn 0.7296 -0.0000 -0.6839
vn 0.5648 -0.0000 -0.8252
vn 0.4510 -0.0000 -0.8925
vn 0.2178 -0.0000 -0.9760
vn 0.0972 -0.0000 -0.9953
vn -0.0574 -0.0000 -0.9983
vn -0.9321 -0.0000 0.3621
vn 0.2494 -0.0000 0.9684
vn -0.7983 -0.0000 0.6023
vn -0.8683 -0.0000 0.4960
vn -0.9333 -0.0000 0.3592
vn -0.3223 -0.0000 0.9466
vn -0.3223 -0.0000 0.9467
vn 0.9674 -0.0059 -0.2530
vn 0.9651 -0.0059 -0.2620
vn 0.6340 -0.7554 -0.1658
vn 0.6309 -0.7565 -0.1722
vn 0.6241 -0.7585 -0.1874
vn 0.9578 -0.0060 -0.2875
vn 0.9469 -0.0061 -0.3214
vn 0.6106 -0.7643 -0.2075
vn 0.5955 -0.7702 -0.2286
vn 0.9336 -0.0062 -0.3584
vn 0.9044 -0.0062 -0.4267
vn 0.5766 -0.7705 -0.2718
vn 0.5351 -0.7656 -0.3571
vn 0.8317 -0.0062 -0.5552
vn 0.7301 -0.0060 -0.6833
vn 0.4751 -0.7590 -0.4453
vn 0.4306 -0.7475 -0.5057
vn 0.5662 -0.0056 -0.8243
vn 0.3843 -0.7326 -0.5617
vn 0.3113 -0.7233 -0.6163
vn 0.4509 -0.0054 -0.8925
vn 0.3357 -0.0054 -0.9419
vn 0.2318 -0.7237 -0.6500
vn 0.1497 -0.7262 -0.6710
vn 0.2177 -0.0055 -0.9760
vn 0.0956 -0.0056 -0.9954
vn 0.0661 -0.7332 -0.6768
vn 0.0149 -0.7417 -0.6706
vn 0.0222 -0.0057 -0.9997
vn -0.0152 -0.0058 -0.9999
vn -0.0098 -0.7487 -0.6628
vn -0.0258 -0.7578 -0.6520
vn -0.0395 -0.0059 -0.9992
vn -0.0594 -0.0058 -0.9982
vn -0.0373 -0.7676 -0.6399
vn -0.0472 -0.7716 -0.6343
vn -0.0831 -0.0083 -0.9965
vn 0.2677 -0.0044 0.9635
vn -0.9085 -0.2308 0.3485
vn -0.9674 -0.2520 0.0265
vn 0.1871 -0.0032 0.9823
vn 0.2493 -0.0030 0.9684
vn 0.0576 -0.0031 0.9983
vn 0.1169 -0.0031 0.9931
vn -0.1249 -0.0030 0.9922
vn -0.0180 -0.0030 0.9998
vn -0.4843 -0.0031 0.8749
vn -0.2783 -0.0030 0.9605
vn -0.7979 -0.0032 0.6027
vn -0.6696 -0.0031 0.7427
vn -0.8863 -0.0034 0.4631
vn -0.8683 -0.0033 0.4960
vn -0.9023 -0.0034 0.4310
vn -0.8900 -0.0034 0.4559
vn -0.9333 -0.0033 0.3591
vn -0.9169 -0.0033 0.3992
vn -0.9581 -0.0032 0.2863
vn -0.9501 -0.0032 0.3118
vn 0.2184 -0.3961 0.8919
vn 0.2186 -0.4264 0.8777
vn 0.2408 -0.0024 0.9706
vn 0.2382 -0.0022 0.9712
vn -0.3224 -0.0021 0.9466
vn -0.3065 -0.2969 0.9044
vn 0.0335 0.9994 -0.0084
vn 0.0209 0.9995 0.0249
vn 0.3788 0.8361 0.3967
vn 0.5516 0.8228 -0.1366
vn 0.9680 0.0796 -0.2382
vn 0.7068 0.0839 0.7024
vn 0.7028 -0.0000 0.7114
vn 0.9709 -0.0000 -0.2394
vn 0.9689 -0.0654 -0.2385
vn 0.7065 -0.0689 0.7044
vn 0.3841 -0.8313 0.4018
vn 0.5589 -0.8176 -0.1383
vn 0.0289 -0.9996 -0.0072
vn 0.0180 -0.9996 0.0215
vn 0.4927 -0.8619 -0.1201
vn 0.0133 -0.9999 -0.0031
vn 0.0113 -0.9999 0.0085
vn 0.3615 -0.8528 0.3769
vn 0.9714 -0.0067 -0.2373
vn 0.6855 -0.0064 0.7280
vn 0.6861 -0.0000 0.7275
vn 0.9714 -0.0000 -0.2373
vn 0.6860 -0.0000 0.7276
vn 0.9714 -0.0058 -0.2373
vn 0.6864 -0.0035 0.7272
vn 0.5891 -0.4866 0.6451
vn 0.6401 -0.7524 -0.1552
vn 0.0046 -0.9998 0.0184
vn -0.0008 -0.9998 0.0214
vn -0.8071 -0.5329 0.2544
vn -0.9541 -0.0032 0.2994
vn -0.9541 -0.0000 0.2995
vn -0.9541 -0.0000 0.2994
vn -0.9541 -0.0056 0.2994
vn -0.5338 -0.8286 0.1685
vn -0.0113 -0.9999 0.0038
vn -0.0384 -0.9991 0.0157
vn -0.6112 -0.7497 0.2540
vn -0.9213 -0.0542 0.3849
vn -0.9229 -0.0000 0.3850
vn -0.9207 0.0660 0.3847
vn -0.6046 0.7559 0.2512
vn -0.0442 0.9989 0.0181
vn -0.0273 0.9996 0.0018
vn -0.0336 0.9994 -0.0097
vn -0.5035 0.8516 -0.1460
vn -0.5243 0.8509 0.0346
vn -0.9604 -0.0000 -0.2787
vn -0.9942 0.0854 0.0658
vn -0.9564 0.0907 -0.2778
vn -0.5106 -0.8470 -0.1480
vn -0.5319 -0.8461 0.0351
vn -0.9954 -0.0702 0.0659
vn -0.9577 -0.0744 -0.2780
vn -0.0234 -0.9997 0.0015
vn -0.0295 -0.9995 -0.0085
vn -0.3553 -0.9285 -0.1082
vn -0.5369 -0.8435 0.0149
vn -0.0180 -0.9998 0.0005
vn -0.0072 -1.0000 -0.0022
vn -0.9566 -0.0000 -0.2915
vn -0.9996 -0.0064 0.0275
vn -0.9565 -0.0096 -0.2914
vn -0.0178 -0.9998 -0.0075
vn -0.0173 -0.9999 0.0004
vn -0.9591 -0.2820 0.0263
vn -0.9238 -0.2641 -0.2771
vn -0.0003 -1.0000 -0.0064
vn -0.0027 -1.0000 -0.0058
vn -0.0024 -1.0000 0.0001
vn 0.0001 -1.0000 -0.0068
vn -0.0001 -1.0000 -0.0066
vn 0.0013 -1.0000 -0.0074
vn 0.0007 -1.0000 -0.0072
vn 0.0034 -1.0000 -0.0069
vn 0.0025 -1.0000 -0.0071
vn 0.0045 -1.0000 -0.0053
vn 0.0041 -1.0000 -0.0061
vn 0.0057 -1.0000 -0.0038
vn 0.0050 -1.0000 -0.0047
vn 0.0058 -1.0000 -0.0022
vn 0.0059 -1.0000 -0.0028
vn 0.0062 -1.0000 -0.0018
vn 0.0060 -1.0000 -0.0020
vn 0.0063 -1.0000 -0.0016
vn 0.0063 -1.0000 -0.0017
vn 0.0038 -0.9999 0.0153
vn 0.0099 -0.9999 0.0126
vn 0.2085 -0.5298 0.8221
vn 0.2082 -0.5030 0.8388
vn 0.2408 -0.0030 0.9706
vn 0.2448 -0.0032 0.9696
vn 0.2447 -0.0000 0.9696
vn 0.2448 -0.0000 0.9696
vn 0.2407 -0.0042 0.9706
vn 0.2447 -0.0044 0.9696
vn 0.1583 -0.7640 0.6255
vn 0.1655 -0.7270 0.6664
vn 0.0056 -0.9997 0.0225
vn 0.0028 -0.9999 0.0105
vn 0.0113 -0.9992 0.0395
vn 0.0230 -0.9965 0.0801
vn 0.2297 -0.5644 0.7929
vn 0.1952 -0.7042 0.6827
vn 0.2747 -0.0457 0.9604
vn 0.2791 -0.0355 0.9596
vn 0.2790 -0.0000 0.9603
vn 0.2746 0.0556 0.9599
vn 0.2790 0.0432 0.9593
vn 0.2283 0.5717 0.7881
vn 0.1933 0.7111 0.6760
vn 0.0131 0.9989 0.0459
vn 0.0259 0.9956 0.0902
vn -0.0207 0.9998 0.0014
vn -0.4870 0.8728 0.0322
vn -0.9938 0.0892 0.0657
vn -0.4946 -0.8685 0.0327
vn -0.9951 -0.0734 0.0658
vn -0.0176 -0.9998 0.0012
vn -0.6150 -0.7883 0.0171
vn -0.0271 -0.9996 0.0008
vn -0.9996 -0.0055 0.0275
vn -0.9616 -0.2733 0.0264
vn 0.0042 -0.9999 0.0168
vn 0.2132 -0.4656 0.8589
vn 0.2408 -0.0027 0.9706
vn 0.2408 -0.0042 0.9706
vn 0.1727 -0.6974 0.6955
vn 0.0086 -0.9994 0.0347
vn 0.0064 -0.9997 0.0223
vn 0.1653 -0.7991 0.5781
vn 0.2746 -0.0558 0.9599
vn 0.2744 0.0678 0.9592
vn 0.1631 0.8049 0.5705
vn 0.0075 0.9996 0.0263
vt 0.898462 0.372742
vt 0.916264 0.385835
vt 0.915123 0.386960
vt 0.897063 0.374072
vt 0.914849 0.387153
vt 0.896749 0.374342
vt 0.857471 0.357882
vt 0.857740 0.357540
vt 0.858927 0.355857
vt 0.871721 0.396986
vt 0.892253 0.402356
vt 0.889188 0.405227
vt 0.868847 0.400737
vt 0.890458 0.428480
vt 0.866104 0.425958
vt 0.829718 0.420441
vt 0.835966 0.392969
vt 0.838171 0.388297
vt 0.917307 0.627578
vt 0.941311 0.608327
vt 0.941554 0.608580
vt 0.917617 0.627883
vt 0.942814 0.609725
vt 0.919084 0.629326
vt 0.871728 0.652320
vt 0.870525 0.650556
vt 0.870261 0.650200
vt 0.457887 0.169339
vt 0.478437 0.163341
vt 0.484606 0.186134
vt 0.465443 0.191858
vt 0.484682 0.186412
vt 0.465536 0.192133
vt 0.436290 0.202292
vt 0.436180 0.202019
vt 0.427149 0.179673
vt 0.920824 0.391192
vt 0.928795 0.411052
vt 0.926885 0.411434
vt 0.919627 0.391794
vt 0.926529 0.411579
vt 0.919393 0.391928
vt 0.919375 0.391706
vt 0.919551 0.391561
vt 0.920661 0.390960
vt 0.143352 0.254610
vt 0.197209 0.253991
vt 0.197801 0.256003
vt 0.144303 0.256318
vt 0.197967 0.256409
vt 0.144515 0.256683
vt 0.120114 0.263317
vt 0.119923 0.263047
vt 0.119178 0.261656
vt 0.165132 0.286061
vt 0.206208 0.290061
vt 0.206885 0.295017
vt 0.167324 0.290575
vt 0.208200 0.324053
vt 0.167728 0.317052
vt 0.135929 0.309174
vt 0.138741 0.285020
vt 0.142748 0.282286
vt 0.064332 0.498271
vt 0.099559 0.529227
vt 0.099153 0.529460
vt 0.063920 0.498435
vt 0.097446 0.530774
vt 0.062121 0.499339
vt 0.048154 0.477860
vt 0.049608 0.477140
vt 0.049958 0.477061
vt 0.177720 0.590340
vt 0.170004 0.553925
vt 0.193909 0.553819
vt 0.202455 0.589909
vt 0.194201 0.553817
vt 0.202758 0.589903
vt 0.208119 0.608648
vt 0.209794 0.615213
vt 0.184346 0.615850
vt 0.113042 0.265952
vt 0.113924 0.266866
vt 0.114088 0.267036
vt 0.104977 0.283339
vt 0.104672 0.283082
vt 0.102922 0.282245
vt 0.305495 0.319917
vt 0.302204 0.349816
vt 0.254459 0.335220
vt 0.254979 0.305511
vt 0.255605 0.300544
vt 0.306676 0.314918
vt 0.192168 0.578169
vt 0.190963 0.579937
vt 0.142018 0.557429
vt 0.143458 0.555844
vt 0.143796 0.555534
vt 0.192449 0.577814
vt 0.184311 0.472103
vt 0.184591 0.472117
vt 0.188125 0.513030
vt 0.187840 0.513026
vt 0.164526 0.512710
vt 0.161440 0.470985
vt 0.313415 0.280703
vt 0.313379 0.281127
vt 0.258164 0.266597
vt 0.258134 0.266176
vt 0.257937 0.264102
vt 0.313494 0.278606
vt 0.783622 0.414202
vt 0.789961 0.384610
vt 0.733853 0.410346
vt 0.738788 0.379069
vt 0.739959 0.373740
vt 0.791540 0.379478
vt 0.820519 0.666755
vt 0.819635 0.664830
vt 0.767707 0.676208
vt 0.767072 0.674179
vt 0.766953 0.673754
vt 0.819460 0.664427
vt 0.399447 0.217562
vt 0.399328 0.217286
vt 0.361809 0.234715
vt 0.361678 0.234438
vt 0.351026 0.211753
vt 0.389560 0.194732
vt 0.804897 0.345283
vt 0.805088 0.344894
vt 0.749780 0.337982
vt 0.749918 0.337569
vt 0.750564 0.335585
vt 0.805979 0.343027
vt 0.688337 0.408658
vt 0.693112 0.376230
vt 0.644614 0.408008
vt 0.649691 0.374969
vt 0.650430 0.369459
vt 0.693999 0.370805
vt 0.711581 0.682226
vt 0.711175 0.680184
vt 0.655629 0.684025
vt 0.655439 0.682001
vt 0.655393 0.681578
vt 0.711100 0.679757
vt 0.330176 0.250527
vt 0.330022 0.250255
vt 0.301287 0.265713
vt 0.301109 0.265455
vt 0.286518 0.244320
vt 0.317458 0.227976
vt 0.701659 0.334476
vt 0.701762 0.334053
vt 0.657339 0.332802
vt 0.657426 0.332377
vt 0.657764 0.330337
vt 0.702244 0.332036
vt 0.600063 0.408762
vt 0.604745 0.375904
vt 0.555980 0.409075
vt 0.560156 0.376695
vt 0.560786 0.370863
vt 0.605395 0.370218
vt 0.600431 0.680999
vt 0.600429 0.678934
vt 0.544182 0.673870
vt 0.544348 0.671772
vt 0.544362 0.671333
vt 0.600408 0.678502
vt 0.271880 0.280991
vt 0.271687 0.280758
vt 0.244264 0.298301
vt 0.244060 0.298099
vt 0.227343 0.281569
vt 0.255868 0.261709
vt 0.611916 0.332232
vt 0.611998 0.331789
vt 0.566809 0.331506
vt 0.566887 0.331039
vt 0.567095 0.328785
vt 0.612248 0.329663
vt 0.512786 0.406669
vt 0.516638 0.374744
vt 0.470696 0.401967
vt 0.474918 0.370055
vt 0.475881 0.364294
vt 0.517438 0.368922
vt 0.487135 0.664135
vt 0.487454 0.662069
vt 0.428042 0.651776
vt 0.428517 0.649743
vt 0.428607 0.649320
vt 0.487507 0.661638
vt 0.220750 0.319587
vt 0.220533 0.319415
vt 0.202745 0.344361
vt 0.202513 0.344222
vt 0.183515 0.332856
vt 0.202776 0.305329
vt 0.523854 0.329216
vt 0.523931 0.328732
vt 0.482497 0.324446
vt 0.482568 0.323957
vt 0.482867 0.321580
vt 0.524173 0.326380
vt 0.429495 0.391965
vt 0.434903 0.360950
vt 0.388063 0.379139
vt 0.394194 0.348557
vt 0.395167 0.343137
vt 0.435865 0.355292
vt 0.364112 0.636185
vt 0.364752 0.634181
vt 0.300711 0.618714
vt 0.301516 0.616782
vt 0.301688 0.616383
vt 0.364882 0.633765
vt 0.191661 0.372135
vt 0.191410 0.372037
vt 0.185848 0.402651
vt 0.185582 0.402592
vt 0.163765 0.397760
vt 0.170908 0.364015
vt 0.441145 0.316649
vt 0.441199 0.316172
vt 0.399793 0.306297
vt 0.399838 0.305840
vt 0.400145 0.303626
vt 0.441526 0.313863
vt 0.346260 0.364949
vt 0.351641 0.334690
vt 0.352814 0.329531
vt 0.243772 0.600227
vt 0.244766 0.598368
vt 0.244988 0.597987
vt 0.183662 0.435651
vt 0.183387 0.435620
vt 0.160897 0.433043
vt 0.358910 0.294668
vt 0.358961 0.294228
vt 0.359186 0.292070
vt 0.956636 0.663335
vt 0.982432 0.622307
vt 0.982888 0.622473
vt 0.957018 0.663660
vt 0.961572 0.386198
vt 0.931509 0.386198
vt 0.931509 0.355972
vt 0.961572 0.355972
vt 0.931509 0.314944
vt 0.961572 0.314944
vt 0.905054 0.694988
vt 0.904743 0.694577
vt 0.847417 0.714554
vt 0.847659 0.715014
vt 0.931509 0.272204
vt 0.961572 0.272204
vt 0.931509 0.227503
vt 0.961572 0.227503
vt 0.787018 0.727848
vt 0.786850 0.727357
vt 0.723051 0.734620
vt 0.723151 0.735127
vt 0.931509 0.180591
vt 0.961572 0.180591
vt 0.931509 0.135506
vt 0.961572 0.135506
vt 0.658863 0.737105
vt 0.658829 0.736593
vt 0.596527 0.733296
vt 0.596502 0.733809
vt 0.931509 0.096287
vt 0.961572 0.096287
vt 0.931509 0.061488
vt 0.961572 0.061488
vt 0.535720 0.726631
vt 0.535789 0.726122
vt 0.475931 0.715579
vt 0.475829 0.716082
vt 0.931509 0.029665
vt 0.961572 0.029665
vt 0.931509 0.001741
vt 0.961572 0.001741
vt 0.414101 0.702918
vt 0.414232 0.702421
vt 0.347820 0.686050
vt 0.347663 0.686538
vt 0.017258 0.005263
vt 0.046669 0.005263
vt 0.046669 0.063296
vt 0.017258 0.063296
vt 0.046669 0.120344
vt 0.017258 0.120344
vt 0.281802 0.668167
vt 0.281986 0.667688
vt 0.222625 0.648428
vt 0.222413 0.648893
vt 0.046669 0.170970
vt 0.017258 0.170970
vt 0.046669 0.218190
vt 0.017258 0.218190
vt 0.166432 0.627430
vt 0.166680 0.626985
vt 0.112061 0.600809
vt 0.111758 0.601216
vt 0.046669 0.264599
vt 0.017258 0.264599
vt 0.046669 0.307964
vt 0.017258 0.307964
vt 0.061914 0.569554
vt 0.062273 0.569202
vt 0.024111 0.530932
vt 0.023716 0.531228
vt 0.046669 0.345935
vt 0.017258 0.345935
vt 0.046669 0.372409
vt 0.017258 0.372409
vt 0.007157 0.493479
vt 0.007589 0.493241
vt 0.937430 0.960851
vt 0.937430 0.952230
vt 0.967193 0.952230
vt 0.967193 0.960851
vt 0.094685 0.237846
vt 0.094965 0.238155
vt 0.083930 0.250946
vt 0.083413 0.250786
vt 0.053917 0.275721
vt 0.053396 0.275592
vt 0.209312 0.912598
vt 0.209312 0.882541
vt 0.235001 0.882541
vt 0.235001 0.912598
vt 0.937430 0.926164
vt 0.937430 0.889436
vt 0.967193 0.889436
vt 0.967193 0.926164
vt 0.183886 0.206601
vt 0.184051 0.207070
vt 0.128350 0.215853
vt 0.128124 0.215452
vt 0.307594 0.226071
vt 0.307651 0.226585
vt 0.246816 0.213480
vt 0.246709 0.212975
vt 0.937430 0.848598
vt 0.967193 0.848598
vt 0.937430 0.807931
vt 0.967193 0.807931
vt 0.406039 0.252087
vt 0.406017 0.252592
vt 0.360119 0.240699
vt 0.360109 0.240189
vt 0.937430 0.771808
vt 0.967193 0.771808
vt 0.937430 0.739052
vt 0.967193 0.739052
vt 0.487544 0.266225
vt 0.487506 0.266734
vt 0.447947 0.261071
vt 0.447978 0.260564
vt 0.937430 0.708275
vt 0.967193 0.708275
vt 0.937430 0.678649
vt 0.967193 0.678649
vt 0.571264 0.274025
vt 0.571195 0.274532
vt 0.528044 0.271717
vt 0.528098 0.271209
vt 0.998008 0.689441
vt 0.967945 0.689441
vt 0.967945 0.671442
vt 0.998008 0.671442
vt 0.967945 0.647931
vt 0.998008 0.647931
vt 0.666532 0.277874
vt 0.666421 0.278375
vt 0.617371 0.276582
vt 0.617457 0.276078
vt 0.967945 0.620319
vt 0.998008 0.620319
vt 0.967945 0.590917
vt 0.998008 0.590917
vt 0.769495 0.284897
vt 0.769302 0.285375
vt 0.715907 0.280455
vt 0.716055 0.279961
vt 0.967945 0.562037
vt 0.998008 0.562037
vt 0.967945 0.530412
vt 0.998008 0.530412
vt 0.889414 0.314455
vt 0.889093 0.314843
vt 0.831020 0.296000
vt 0.831272 0.295552
vt 0.967945 0.492777
vt 0.998008 0.492777
vt 0.967945 0.455937
vt 0.998008 0.455937
vt 0.967945 0.426697
vt 0.967945 0.407557
vt 0.998008 0.407557
vt 0.998008 0.426697
vt 0.948348 0.367408
vt 0.947961 0.367610
vt 0.929168 0.341360
vt 0.929537 0.341064
vt 0.422229 0.880291
vt 0.445459 0.880291
vt 0.445459 0.909906
vt 0.422229 0.909906
vt 0.975561 0.413714
vt 0.975038 0.413710
vt 0.954735 0.381636
vt 0.955304 0.381622
vt 0.953998 0.380721
vt 0.954490 0.380665
vt 0.421939 0.909906
vt 0.421939 0.880291
vt 0.947753 0.368159
vt 0.928893 0.341850
vt 0.945755 0.371790
vt 0.926636 0.345668
vt 0.885912 0.319507
vt 0.888746 0.315356
vt 0.845128 0.375379
vt 0.880748 0.386868
vt 0.853469 0.362891
vt 0.891517 0.377664
vt 0.910500 0.389221
vt 0.901260 0.395278
vt 0.892187 0.601287
vt 0.919010 0.588224
vt 0.927516 0.597265
vt 0.901482 0.612756
vt 0.936634 0.605537
vt 0.912200 0.623482
vt 0.866873 0.644660
vt 0.859469 0.631091
vt 0.852768 0.617255
vt 0.904338 0.694063
vt 0.956225 0.662860
vt 0.901032 0.689910
vt 0.952837 0.659122
vt 0.978000 0.619250
vt 0.981945 0.621884
vt 0.974409 0.413499
vt 0.953960 0.381435
vt 0.969429 0.411902
vt 0.948866 0.381329
vt 0.948509 0.381005
vt 0.953444 0.380845
vt 0.912467 0.420827
vt 0.902474 0.426638
vt 0.899400 0.404270
vt 0.908525 0.398519
vt 0.901842 0.402492
vt 0.908504 0.398196
vt 0.916528 0.393439
vt 0.916603 0.393734
vt 0.922430 0.414579
vt 0.184192 0.207633
vt 0.128378 0.216406
vt 0.185316 0.212186
vt 0.128638 0.220742
vt 0.095347 0.242833
vt 0.094927 0.238783
vt 0.131208 0.275210
vt 0.158031 0.273446
vt 0.123634 0.266674
vt 0.149059 0.261391
vt 0.200148 0.262180
vt 0.203854 0.276137
vt 0.103249 0.485870
vt 0.133502 0.507623
vt 0.120062 0.517190
vt 0.087649 0.492114
vt 0.105824 0.525918
vt 0.071430 0.496927
vt 0.055569 0.476338
vt 0.068792 0.473505
vt 0.083799 0.474646
vt 0.008018 0.492531
vt 0.024465 0.530343
vt 0.011750 0.488150
vt 0.027380 0.525732
vt 0.065602 0.564494
vt 0.062637 0.568687
vt 0.084612 0.250991
vt 0.090273 0.251441
vt 0.060635 0.274691
vt 0.054670 0.275601
vt 0.117230 0.297763
vt 0.122794 0.275831
vt 0.108422 0.287870
vt 0.116154 0.268970
vt 0.112384 0.600260
vt 0.115012 0.595786
vt 0.169042 0.621627
vt 0.166938 0.626400
vt 0.172841 0.528637
vt 0.217889 0.548098
vt 0.207464 0.560556
vt 0.161111 0.540077
vt 0.196895 0.572754
vt 0.148989 0.551061
vt 0.257192 0.286542
vt 0.258067 0.272460
vt 0.312460 0.286974
vt 0.309828 0.300943
vt 0.307760 0.227215
vt 0.246978 0.214093
vt 0.308651 0.232340
vt 0.248306 0.219064
vt 0.786604 0.726739
vt 0.847071 0.713980
vt 0.784586 0.721693
vt 0.844234 0.709299
vt 0.807599 0.628988
vt 0.812346 0.643766
vt 0.817318 0.658350
vt 0.765440 0.667453
vt 0.761767 0.652413
vt 0.758121 0.637239
vt 0.743606 0.358876
vt 0.796455 0.365191
vt 0.747832 0.344115
vt 0.802214 0.351099
vt 0.830703 0.296574
vt 0.828125 0.301249
vt 0.767056 0.290953
vt 0.769056 0.285986
vt 0.658802 0.735945
vt 0.722905 0.733978
vt 0.658574 0.730654
vt 0.721712 0.728744
vt 0.704811 0.643268
vt 0.707480 0.658428
vt 0.710074 0.673456
vt 0.654595 0.675377
vt 0.652638 0.660519
vt 0.650667 0.645511
vt 0.652838 0.354164
vt 0.696812 0.355704
vt 0.655881 0.339065
vt 0.700136 0.340715
vt 0.715724 0.281084
vt 0.714252 0.286233
vt 0.665379 0.284203
vt 0.666305 0.279012
vt 0.535916 0.725492
vt 0.596601 0.732657
vt 0.536956 0.720352
vt 0.597199 0.727452
vt 0.597315 0.641891
vt 0.598533 0.657090
vt 0.599831 0.672181
vt 0.544291 0.664922
vt 0.544160 0.649617
vt 0.544058 0.634221
vt 0.562731 0.354509
vt 0.607506 0.354378
vt 0.565355 0.338251
vt 0.610391 0.338720
vt 0.617305 0.277221
vt 0.616778 0.282431
vt 0.570740 0.280349
vt 0.571145 0.275166
vt 0.414413 0.701807
vt 0.476087 0.714957
vt 0.415880 0.696808
vt 0.477353 0.709888
vt 0.490723 0.625196
vt 0.489403 0.640334
vt 0.488075 0.655358
vt 0.429784 0.643182
vt 0.432601 0.628495
vt 0.435430 0.613681
vt 0.478638 0.347892
vt 0.519766 0.352503
vt 0.481377 0.331337
vt 0.522473 0.336060
vt 0.528004 0.272340
vt 0.527673 0.277434
vt 0.487118 0.272402
vt 0.487463 0.267349
vt 0.282201 0.667088
vt 0.348019 0.685442
vt 0.283963 0.662201
vt 0.349638 0.680509
vt 0.375661 0.598937
vt 0.371200 0.613406
vt 0.366750 0.627756
vt 0.304293 0.610646
vt 0.310545 0.596902
vt 0.316818 0.583006
vt 0.397586 0.327922
vt 0.438427 0.339357
vt 0.399331 0.312683
vt 0.440523 0.323357
vt 0.447884 0.261673
vt 0.447366 0.266588
vt 0.405509 0.258013
vt 0.405963 0.253185
vt 0.222857 0.647834
vt 0.224754 0.642991
vt 0.265187 0.566246
vt 0.256825 0.579478
vt 0.248464 0.592536
vt 0.355778 0.315153
vt 0.358124 0.300748
vt 0.360136 0.241308
vt 0.360274 0.246262
vt 0.940812 0.607999
vt 0.916748 0.627119
vt 0.869857 0.649606
vt 0.819210 0.663760
vt 0.766783 0.673058
vt 0.710989 0.679059
vt 0.655307 0.680893
vt 0.600344 0.677802
vt 0.544354 0.670624
vt 0.487571 0.660943
vt 0.428737 0.648640
vt 0.365089 0.633099
vt 0.301974 0.615748
vt 0.245370 0.597383
vt 0.192941 0.577256
vt 0.144379 0.555048
vt 0.100267 0.528881
vt 0.065102 0.498108
vt 0.050604 0.477030
vt 0.105355 0.283839
vt 0.114284 0.267230
vt 0.120531 0.263673
vt 0.144986 0.257216
vt 0.198246 0.257040
vt 0.258175 0.267243
vt 0.313286 0.281775
vt 0.358828 0.295345
vt 0.399749 0.307005
vt 0.441085 0.317393
vt 0.482374 0.325205
vt 0.523692 0.329972
vt 0.566636 0.332251
vt 0.611738 0.332949
vt 0.657173 0.333493
vt 0.701486 0.335164
vt 0.749557 0.338658
vt 0.804587 0.345921
vt 0.857011 0.358426
vt 0.896172 0.374711
vt 0.914347 0.387365
vt 0.919065 0.391907
vt 0.919104 0.392166
vt 0.926073 0.411908
vt 0.946658 0.611819
vt 0.922936 0.632886
vt 0.950716 0.613659
vt 0.927016 0.636079
vt 0.877880 0.661117
vt 0.874788 0.656727
vt 0.822738 0.671640
vt 0.824972 0.676429
vt 0.770882 0.686392
vt 0.769303 0.681309
vt 0.712602 0.687397
vt 0.713591 0.692511
vt 0.656586 0.694215
vt 0.656112 0.689127
vt 0.600439 0.686228
vt 0.600471 0.691407
vt 0.543357 0.684418
vt 0.543769 0.679157
vt 0.486323 0.669358
vt 0.485516 0.674527
vt 0.425651 0.661994
vt 0.426843 0.656899
vt 0.362495 0.641251
vt 0.360892 0.646264
vt 0.296660 0.628416
vt 0.298678 0.623577
vt 0.241262 0.604930
vt 0.238783 0.609576
vt 0.184905 0.588791
vt 0.187922 0.584373
vt 0.138386 0.561458
vt 0.134755 0.565372
vt 0.088700 0.537177
vt 0.093092 0.533996
vt 0.057436 0.501468
vt 0.052597 0.503093
vt 0.039869 0.479494
vt 0.044077 0.478805
vt 0.108657 0.262195
vt 0.112746 0.256075
vt 0.116134 0.258783
vt 0.110826 0.264081
vt 0.098741 0.279722
vt 0.094683 0.277030
vt 0.137405 0.246547
vt 0.193858 0.243950
vt 0.195584 0.248970
vt 0.140660 0.250365
vt 0.313590 0.273330
vt 0.257441 0.258837
vt 0.256799 0.253665
vt 0.313646 0.268076
vt 0.400797 0.298048
vt 0.359710 0.286619
vt 0.360053 0.281227
vt 0.401382 0.292530
vt 0.483595 0.315614
vt 0.442309 0.308063
vt 0.442946 0.302344
vt 0.484298 0.309752
vt 0.567737 0.323131
vt 0.524809 0.320479
vt 0.525527 0.314688
vt 0.568437 0.317551
vt 0.658698 0.325215
vt 0.612924 0.324297
vt 0.613757 0.319016
vt 0.659663 0.320122
vt 0.752249 0.330614
vt 0.703475 0.326929
vt 0.704765 0.321902
vt 0.753952 0.325660
vt 0.862062 0.351734
vt 0.808251 0.338289
vt 0.810621 0.333682
vt 0.865290 0.347643
vt 0.906317 0.366768
vt 0.923827 0.382072
vt 0.919885 0.383814
vt 0.902204 0.369486
vt 0.926476 0.388363
vt 0.938147 0.408157
vt 0.933499 0.409689
vt 0.923751 0.389877
vt 0.923532 0.389470
vt 0.926395 0.388092
vt 0.952318 0.614185
vt 0.928575 0.637321
vt 0.952472 0.614418
vt 0.928790 0.637570
vt 0.879343 0.662999
vt 0.879107 0.662744
vt 0.825836 0.678258
vt 0.826009 0.678558
vt 0.771600 0.688647
vt 0.771483 0.688323
vt 0.713965 0.694468
vt 0.714034 0.694799
vt 0.656790 0.696480
vt 0.656766 0.696153
vt 0.600483 0.693388
vt 0.600468 0.693720
vt 0.543161 0.686756
vt 0.543203 0.686421
vt 0.485206 0.676502
vt 0.485143 0.676832
vt 0.425113 0.664259
vt 0.425196 0.663934
vt 0.360281 0.648180
vt 0.360177 0.648501
vt 0.295771 0.630570
vt 0.295893 0.630258
vt 0.237840 0.611354
vt 0.237697 0.611658
vt 0.183582 0.590757
vt 0.183755 0.590466
vt 0.133357 0.566862
vt 0.133137 0.567118
vt 0.086727 0.538533
vt 0.086993 0.538327
vt 0.050743 0.503750
vt 0.050503 0.503965
vt 0.038018 0.479541
vt 0.038258 0.479449
vt 0.107472 0.261493
vt 0.111070 0.255258
vt 0.111247 0.255410
vt 0.107658 0.261537
vt 0.093223 0.275905
vt 0.092937 0.275803
vt 0.136113 0.244748
vt 0.192980 0.241776
vt 0.193105 0.242078
vt 0.136179 0.245041
vt 0.313626 0.266079
vt 0.256531 0.251684
vt 0.256457 0.251355
vt 0.313603 0.265742
vt 0.401563 0.290431
vt 0.360170 0.279169
vt 0.360186 0.278828
vt 0.401607 0.290089
vt 0.484556 0.307532
vt 0.443175 0.300173
vt 0.443224 0.299817
vt 0.484593 0.307163
vt 0.568746 0.315438
vt 0.525810 0.312492
vt 0.525836 0.312126
vt 0.568771 0.315083
vt 0.660059 0.318188
vt 0.614091 0.317004
vt 0.614123 0.316664
vt 0.660113 0.317860
vt 0.754626 0.323786
vt 0.705264 0.319979
vt 0.705347 0.319653
vt 0.754742 0.323469
vt 0.866574 0.346139
vt 0.811547 0.331922
vt 0.811710 0.331628
vt 0.866779 0.345882
vt 0.908089 0.365464
vt 0.925668 0.381644
vt 0.925449 0.381753
vt 0.907903 0.365702
vt 0.927799 0.387788
vt 0.940178 0.407451
vt 0.939876 0.407482
vt 0.927591 0.387837
vt 0.927516 0.387631
vt 0.927684 0.387629
vt 0.930743 0.386931
vt 0.944935 0.408040
vt 0.940622 0.407515
vt 0.928116 0.387768
vt 0.927960 0.387589
vt 0.930537 0.386689
vt 0.911175 0.361917
vt 0.928537 0.379657
vt 0.925922 0.381418
vt 0.908331 0.365084
vt 0.867079 0.345463
vt 0.869999 0.341336
vt 0.814429 0.326455
vt 0.811967 0.331152
vt 0.754927 0.322958
vt 0.756736 0.317944
vt 0.706760 0.313995
vt 0.705477 0.319130
vt 0.660179 0.317335
vt 0.660861 0.312177
vt 0.614346 0.310819
vt 0.614138 0.316122
vt 0.568772 0.314522
vt 0.568852 0.309062
vt 0.525978 0.306045
vt 0.525844 0.311558
vt 0.484638 0.306601
vt 0.485066 0.301099
vt 0.444150 0.294052
vt 0.443317 0.299280
vt 0.401694 0.289577
vt 0.402489 0.284590
vt 0.360380 0.273273
vt 0.360207 0.278312
vt 0.313541 0.265220
vt 0.312916 0.260102
vt 0.255161 0.245866
vt 0.256329 0.250847
vt 0.192835 0.241313
vt 0.191646 0.236711
vt 0.134856 0.240554
vt 0.136075 0.244310
vt 0.110912 0.254992
vt 0.109014 0.253091
vt 0.105504 0.260086
vt 0.107289 0.261404
vt 0.092460 0.275771
vt 0.087817 0.275372
vt 0.046474 0.507549
vt 0.034209 0.481172
vt 0.037668 0.479771
vt 0.050161 0.504356
vt 0.086357 0.538909
vt 0.082893 0.542793
vt 0.129915 0.571897
vt 0.132826 0.567551
vt 0.183341 0.591235
vt 0.181019 0.595946
vt 0.235445 0.616929
vt 0.237488 0.612145
vt 0.295586 0.631063
vt 0.293757 0.635899
vt 0.358390 0.653944
vt 0.360012 0.649007
vt 0.424972 0.664767
vt 0.423578 0.669754
vt 0.483878 0.682420
vt 0.485027 0.677349
vt 0.543070 0.687283
vt 0.542162 0.692447
vt 0.599948 0.699402
vt 0.600420 0.694246
vt 0.656819 0.697002
vt 0.657113 0.702161
vt 0.715354 0.700522
vt 0.714156 0.695328
vt 0.771804 0.689165
vt 0.773790 0.694255
vt 0.829071 0.683781
vt 0.826302 0.679036
vt 0.879712 0.663417
vt 0.883090 0.667656
vt 0.932711 0.641549
vt 0.929118 0.637975
vt 0.952746 0.614768
vt 0.956293 0.616463
vt 0.956814 0.409280
vt 0.938601 0.383918
vt 0.938255 0.383681
vt 0.936975 0.376176
vt 0.919467 0.354254
vt 0.878032 0.330394
vt 0.821226 0.313793
vt 0.761810 0.304385
vt 0.710401 0.300069
vt 0.662977 0.298163
vt 0.615388 0.296529
vt 0.569634 0.294503
vt 0.526742 0.291456
vt 0.486139 0.286442
vt 0.445923 0.280095
vt 0.404192 0.271168
vt 0.360508 0.259677
vt 0.310929 0.246181
vt 0.251823 0.232413
vt 0.188460 0.224371
vt 0.130877 0.231053
vt 0.102256 0.248526
vt 0.099619 0.255738
vt 0.075064 0.274076
vt 0.023621 0.483950
vt 0.036269 0.515657
vt 0.073950 0.553525
vt 0.122292 0.583816
vt 0.174888 0.608792
vt 0.230000 0.629968
vt 0.288806 0.649064
vt 0.353998 0.667273
vt 0.419758 0.683317
vt 0.480670 0.696199
vt 0.539628 0.706460
vt 0.598640 0.713444
vt 0.657884 0.716375
vt 0.718547 0.714655
vt 0.779183 0.708044
vt 0.836627 0.696625
vt 0.892121 0.678890
vt 0.943014 0.650240
vt 0.967107 0.617308
vt 0.842354 0.386198
vt 0.842354 0.355972
vt 0.753173 0.386198
vt 0.753173 0.355972
vt 0.753173 0.314944
vt 0.842354 0.314944
vt 0.842354 0.272204
vt 0.753173 0.272204
vt 0.753173 0.227503
vt 0.842354 0.227503
vt 0.842354 0.180591
vt 0.753173 0.180591
vt 0.753173 0.135506
vt 0.842354 0.135506
vt 0.842354 0.096287
vt 0.753173 0.096287
vt 0.753173 0.061488
vt 0.842354 0.061488
vt 0.842354 0.029665
vt 0.753173 0.029665
vt 0.753173 0.001741
vt 0.842354 0.001741
vt 0.133791 0.005263
vt 0.133791 0.063296
vt 0.221070 0.005263
vt 0.221070 0.063296
vt 0.221070 0.120344
vt 0.133791 0.120344
vt 0.133791 0.170970
vt 0.221070 0.170970
vt 0.221070 0.218190
vt 0.133791 0.218190
vt 0.133791 0.264599
vt 0.221070 0.264599
vt 0.221070 0.307964
vt 0.133791 0.307964
vt 0.133791 0.345935
vt 0.221070 0.345935
vt 0.221070 0.372409
vt 0.133791 0.372409
vt 0.760924 0.960851
vt 0.760924 0.952230
vt 0.849176 0.952230
vt 0.849176 0.960851
vt 0.209312 0.793403
vt 0.235001 0.793403
vt 0.209312 0.704239
vt 0.235001 0.704239
vt 0.760924 0.926164
vt 0.760924 0.889436
vt 0.849176 0.889436
vt 0.849176 0.926164
vt 0.849176 0.807931
vt 0.849176 0.848598
vt 0.760924 0.848598
vt 0.760924 0.807931
vt 0.849176 0.739052
vt 0.849176 0.771808
vt 0.760924 0.771808
vt 0.760924 0.739052
vt 0.849176 0.678649
vt 0.849176 0.708275
vt 0.760924 0.708275
vt 0.760924 0.678649
vt 0.878790 0.647931
vt 0.878790 0.671442
vt 0.878790 0.689441
vt 0.789609 0.689441
vt 0.789609 0.671442
vt 0.789609 0.647931
vt 0.878790 0.590917
vt 0.878790 0.620319
vt 0.789609 0.620319
vt 0.789609 0.590917
vt 0.878790 0.530412
vt 0.878790 0.562037
vt 0.789609 0.562037
vt 0.789609 0.530412
vt 0.878790 0.455937
vt 0.878790 0.492777
vt 0.789609 0.492777
vt 0.789609 0.455937
vt 0.789609 0.426697
vt 0.789609 0.407557
vt 0.878790 0.407557
vt 0.878790 0.426697
vt 0.422229 0.704613
vt 0.445459 0.704613
vt 0.445459 0.792464
vt 0.422229 0.792464
vt 0.421939 0.792464
vt 0.421939 0.704613
vt 0.723032 0.386198
vt 0.723032 0.355972
vt 0.722566 0.386244
vt 0.722566 0.356029
vt 0.722566 0.315012
vt 0.723032 0.314944
vt 0.723032 0.272204
vt 0.722566 0.272278
vt 0.722566 0.227584
vt 0.723032 0.227503
vt 0.723032 0.180591
vt 0.722566 0.180686
vt 0.722566 0.135617
vt 0.723032 0.135506
vt 0.723032 0.096287
vt 0.722566 0.096406
vt 0.722566 0.061614
vt 0.723032 0.061488
vt 0.723032 0.029665
vt 0.722566 0.029799
vt 0.255255 -0.046815
vt 0.255255 0.005263
vt 0.723032 0.001741
vt 0.255255 0.063296
vt 0.255255 0.120344
vt 0.255255 0.170970
vt 0.255255 0.218190
vt 0.255255 0.264599
vt 0.255255 0.307964
vt 0.255255 0.345935
vt 0.255255 0.365874
vt 0.255255 0.372409
vt 0.210104 0.615206
vt 0.212240 0.623648
vt 0.730885 0.952230
vt 0.730885 0.960851
vt 0.209312 0.674103
vt 0.235001 0.674103
vt 0.186555 0.624354
vt 0.730885 0.926164
vt 0.730885 0.889436
vt 0.730885 0.945555
vt 0.730885 0.807931
vt 0.730885 0.848598
vt 0.730885 0.739052
vt 0.730885 0.771808
vt 0.730885 0.678649
vt 0.730885 0.708275
vt 0.759468 0.647931
vt 0.759468 0.671442
vt 0.759468 0.689441
vt 0.759002 0.689519
vt 0.759002 0.671514
vt 0.759002 0.647999
vt 0.759468 0.590917
vt 0.759468 0.620319
vt 0.759002 0.620384
vt 0.759002 0.590977
vt 0.759468 0.530412
vt 0.759468 0.562037
vt 0.759002 0.562088
vt 0.759002 0.530455
vt 0.759468 0.455937
vt 0.759468 0.492777
vt 0.759002 0.492816
vt 0.759002 0.455974
vt 0.759002 0.426728
vt 0.759002 0.407582
vt 0.759468 0.407557
vt 0.759468 0.426697
vt 0.422229 0.674525
vt 0.445459 0.674525
vt 0.445459 0.674931
vt 0.422229 0.674931
vt 0.421939 0.674931
vt 0.421939 0.674525
vt 0.929841 0.585620
vt 0.932285 0.587621
vt 0.938306 0.593332
vt 0.938019 0.593577
vt 0.945092 0.599813
vt 0.944772 0.599997
vt 0.946981 0.602351
vt 0.947198 0.602088
vt 0.947467 0.602397
vt 0.947292 0.602616
vt 0.947463 0.602803
vt 0.947638 0.602571
vt 0.948719 0.603159
vt 0.948555 0.603423
vt 0.951365 0.605149
vt 0.951610 0.604702
vt 0.954580 0.606084
vt 0.954441 0.606365
vt 0.955610 0.606809
vt 0.955685 0.606522
vt 0.955877 0.606513
vt 0.955784 0.606760
vt 0.958662 0.606517
vt 0.956039 0.606799
vt 0.956190 0.606515
vt 0.958646 0.606144
vt 0.976777 0.602975
vt 0.966310 0.605763
vt 0.966355 0.605320
vt 0.976730 0.602474
vt 0.981852 0.601073
vt 0.981287 0.600983
vt 0.981138 0.600119
vt 0.981758 0.599874
vt 0.982326 0.601018
vt 0.982264 0.599726
vt 0.961572 0.396862
vt 0.931509 0.396862
vt 0.931509 0.396530
vt 0.961572 0.396530
vt 0.842354 0.396530
vt 0.842354 0.396862
vt 0.753173 0.396862
vt 0.753173 0.396530
vt 0.723032 0.396530
vt 0.723032 0.396862
vt 0.722687 0.396821
vt 0.722566 0.396573
vt 0.485462 0.161291
vt 0.491157 0.184177
vt 0.485658 0.161233
vt 0.491341 0.184122
vt 0.491345 0.184344
vt 0.491227 0.184457
vt 0.759002 0.401037
vt 0.759468 0.401014
vt 0.759123 0.400919
vt 0.759468 0.400854
vt 0.789609 0.400854
vt 0.789609 0.401014
vt 0.878790 0.401014
vt 0.878790 0.400854
vt 0.967945 0.400854
vt 0.967945 0.401014
vt 0.998008 0.401014
vt 0.998008 0.400854
vt 0.953513 0.379999
vt 0.953929 0.379906
vt 0.953223 0.380384
vt 0.948389 0.380713
vt 0.938105 0.383439
vt 0.930502 0.386427
vt 0.927929 0.387391
vt 0.927710 0.387461
vt 0.927535 0.387446
vt 0.926340 0.387890
vt 0.923359 0.389150
vt 0.920531 0.390787
vt 0.919426 0.391415
vt 0.919245 0.391579
vt 0.916323 0.393269
vt 0.918918 0.391747
vt 0.899216 0.403993
vt 0.908354 0.398007
vt 0.896052 0.406468
vt 0.898930 0.428725
vt 0.915933 0.584639
vt 0.911961 0.562368
vt 0.923495 0.561010
vt 0.926812 0.582296
vt 0.927041 0.563639
vt 0.930051 0.585141
vt 0.880765 0.570904
vt 0.888996 0.596915
vt 0.850396 0.612065
vt 0.840744 0.583446
vt 0.797054 0.592979
vt 0.805884 0.623418
vt 0.756787 0.631513
vt 0.749443 0.599763
vt 0.698869 0.605111
vt 0.703837 0.637534
vt 0.649971 0.639845
vt 0.647193 0.607321
vt 0.596117 0.604511
vt 0.596899 0.636173
vt 0.544040 0.628459
vt 0.544996 0.597842
vt 0.494013 0.590181
vt 0.491218 0.619540
vt 0.436470 0.608149
vt 0.441435 0.579811
vt 0.385323 0.565863
vt 0.377312 0.593528
vt 0.319127 0.577801
vt 0.330182 0.550726
vt 0.281687 0.534595
vt 0.268227 0.561263
vt 0.221637 0.543368
vt 0.237148 0.517177
vt 0.194216 0.498775
vt 0.177031 0.524236
vt 0.138255 0.503845
vt 0.156027 0.479188
vt 0.123592 0.459206
vt 0.108764 0.483218
vt 0.083241 0.469280
vt 0.094865 0.445486
vt 0.070176 0.443773
vt 0.062562 0.467285
vt 0.050653 0.469423
vt 0.054353 0.447549
vt 0.048431 0.449482
vt 0.047095 0.469967
vt 0.046700 0.470032
vt 0.047703 0.449712
vt 0.045215 0.470387
vt 0.045346 0.449672
vt 0.047280 0.449770
vt 0.046448 0.470080
vt 0.039200 0.471503
vt 0.035560 0.450244
vt 0.040455 0.449876
vt 0.042188 0.470941
vt 0.037792 0.471581
vt 0.033398 0.450401
vt 0.033706 0.450473
vt 0.037987 0.471612
vt 0.034528 0.472199
vt 0.028081 0.448577
vt 0.032908 0.450192
vt 0.037513 0.471593
vt 0.012075 0.476140
vt 0.001111 0.439036
vt 0.014820 0.445035
vt 0.024945 0.474475
vt 0.005248 0.474954
vt -0.004826 0.435155
vt -0.004170 0.435610
vt 0.005980 0.475115
vt 0.030801 0.882541
vt 0.056760 0.882541
vt 0.056760 0.912598
vt 0.030801 0.912598
vt -0.005334 0.435003
vt 0.004710 0.474905
vt 0.046669 0.381264
vt 0.017258 0.381264
vt 0.030801 0.704239
vt 0.056760 0.704239
vt 0.056760 0.793403
vt 0.030801 0.793403
vt 0.133791 0.381264
vt 0.221070 0.381264
vt 0.007519 0.620277
vt 0.033232 0.619633
vt 0.034032 0.628544
vt 0.008078 0.629257
vt 0.056760 0.674103
vt 0.030801 0.674103
vt 0.255255 0.381264
vt 0.006943 0.620290
vt 0.006661 0.613301
vt 0.005278 0.593345
vt 0.003348 0.554671
vt 0.003890 0.554668
vt 0.005839 0.593335
vt 0.028046 0.554560
vt 0.030833 0.592900
vt 0.002511 0.463216
vt 0.025622 0.464346
vt 0.026081 0.510831
vt 0.002524 0.510511
vt 0.001995 0.510504
vt 0.001992 0.463191
vt 0.012164 0.364181
vt 0.034209 0.369064
vt 0.027348 0.417738
vt 0.004623 0.415134
vt 0.004113 0.415076
vt 0.011670 0.364071
vt 0.051498 0.253872
vt 0.070695 0.265357
vt 0.049157 0.316378
vt 0.028440 0.308272
vt 0.027975 0.308090
vt 0.051067 0.253614
vt 0.111175 0.166700
vt 0.128068 0.183404
vt 0.097327 0.221680
vt 0.079384 0.207446
vt 0.078981 0.207127
vt 0.110796 0.166325
vt 0.185130 0.097461
vt 0.199873 0.118816
vt 0.161931 0.148587
vt 0.145947 0.129339
vt 0.145588 0.128907
vt 0.184799 0.096981
vt 0.277007 0.054121
vt 0.287771 0.077043
vt 0.242849 0.095676
vt 0.230153 0.073164
vt 0.229868 0.072659
vt 0.276766 0.053607
vt 0.364399 0.024393
vt 0.373524 0.046973
vt 0.331552 0.060796
vt 0.321681 0.038006
vt 0.321460 0.037494
vt 0.364194 0.023886
vt 0.405211 0.012347
vt 0.435426 0.004443
vt 0.435566 0.004960
vt 0.405383 0.012857
vt 0.441800 0.027991
vt 0.413018 0.035612
vt 0.451639 0.025386
vt 0.445884 0.002260
vt 0.445755 0.001741
vt 0.446003 0.001820
vt 0.446173 0.002185
vt 0.451915 0.025313
vt 0.583420 0.674931
vt 0.583420 0.674525
vt 0.606892 0.674525
vt 0.606892 0.674931
vt 0.607362 0.674525
vt 0.607362 0.674931
vt 0.607362 0.704613
vt 0.606892 0.704613
vt 0.583420 0.704613
vt 0.583420 0.792464
vt 0.606892 0.792464
vt 0.607362 0.792464
vt 0.607362 0.880291
vt 0.606892 0.880291
vt 0.583420 0.880291
vt 0.583420 0.909906
vt 0.606892 0.909906
vt 0.607362 0.909906
vt 0.981885 0.598376
vt 0.982419 0.598237
vt 0.989559 0.567561
vt 0.990050 0.567495
vt 0.989107 0.567949
vt 0.981317 0.598964
vt 0.977013 0.601834
vt 0.985617 0.571043
vt 0.976404 0.578306
vt 0.966694 0.604801
vt 0.958878 0.605712
vt 0.967410 0.583807
vt 0.964187 0.585602
vt 0.956519 0.606156
vt 0.956236 0.606264
vt 0.963852 0.585793
vt 0.963569 0.585810
vt 0.956028 0.606231
vt 0.954826 0.605636
vt 0.961801 0.585192
vt 0.957070 0.583834
vt 0.951988 0.604000
vt 0.948957 0.602729
vt 0.952318 0.582650
vt 0.950405 0.582351
vt 0.947736 0.602134
vt 0.947500 0.601960
vt 0.950038 0.582202
vt 0.945210 0.599401
vt 0.946155 0.578770
vt 0.949606 0.581832
vt 0.947249 0.601612
vt 0.936664 0.571131
vt 0.938362 0.592847
vt 0.904178 0.495521
vt 0.915126 0.494813
vt 0.919117 0.495035
vt 0.872805 0.497498
vt 0.830052 0.500403
vt 0.783195 0.502762
vt 0.734791 0.504954
vt 0.687734 0.507339
vt 0.641273 0.508577
vt 0.594766 0.507459
vt 0.548865 0.505129
vt 0.502924 0.501165
vt 0.456512 0.493340
vt 0.408877 0.481397
vt 0.361978 0.467542
vt 0.318701 0.452341
vt 0.276416 0.435847
vt 0.232292 0.418882
vt 0.188689 0.402435
vt 0.147751 0.387315
vt 0.112112 0.375651
vt 0.087389 0.368165
vt 0.072820 0.364295
vt 0.067364 0.362873
vt 0.066679 0.362719
vt 0.064117 0.362121
vt 0.066239 0.362631
vt 0.053485 0.359480
vt 0.058757 0.360793
vt 0.051125 0.358928
vt 0.051465 0.358990
vt 0.045545 0.357639
vt 0.050602 0.358824
vt 0.018912 0.351409
vt 0.032084 0.354519
vt 0.013422 0.350056
vt 0.014024 0.350207
vt 0.133080 0.882541
vt 0.133081 0.912598
vt 0.012931 0.349918
vt 0.133081 0.704239
vt 0.133080 0.793403
vt 0.108834 0.617740
vt 0.110338 0.626448
vt 0.133081 0.674103
vt 0.099067 0.554243
vt 0.104320 0.591619
vt 0.093570 0.467668
vt 0.095344 0.511771
vt 0.099025 0.383420
vt 0.094162 0.425395
vt 0.127138 0.299126
vt 0.110068 0.340210
vt 0.177734 0.232515
vt 0.150082 0.263529
vt 0.243221 0.181605
vt 0.208927 0.205181
vt 0.319417 0.144438
vt 0.280175 0.161865
vt 0.400352 0.113362
vt 0.360573 0.127803
vt 0.460129 0.095706
vt 0.435466 0.102515
vt 0.468560 0.093378
vt 0.468797 0.093313
vt 0.514399 0.674525
vt 0.514399 0.674931
vt 0.514399 0.704613
vt 0.514399 0.792464
vt 0.514399 0.880291
vt 0.514399 0.909906
vt 0.990446 0.491692
vt 0.990937 0.491672
vt 0.989973 0.491762
vt 0.986229 0.492358
vt 0.976176 0.494031
vt 0.966008 0.495724
vt 0.962219 0.496302
vt 0.961826 0.496359
vt 0.961510 0.496385
vt 0.959488 0.496447
vt 0.954203 0.496613
vt 0.948834 0.496793
vt 0.946714 0.496860
vt 0.946300 0.496854
vt 0.941543 0.496511
vt 0.945767 0.496816
vt 0.930276 0.495745
s 1
usemtl receptionTable
f 2355/985/513 1993/986/514 2599/987/515 2773/988/516
f 2599/987/515 1994/989/517 2183/990/518 2773/988/516
f 2183/990/518 1796/991/519 2352/992/520 2773/988/516
f 2352/992/520 1871/993/521 2355/985/513 2773/988/516
f 2082/994/522 1996/995/522 2604/996/522 2774/997/522
f 2604/996/522 2040/998/522 2693/999/522 2774/997/522
f 2693/999/522 2041/1000/522 2087/1001/522 2774/997/522
f 2087/1001/522 1735/1002/522 2082/994/522 2774/997/522
f 2187/1003/523 1975/1004/524 2563/1005/525 2775/1006/526
f 2563/1005/525 1976/1007/527 2562/1008/528 2775/1006/526
f 2562/1008/528 1854/1009/529 2192/1010/530 2775/1006/526
f 2192/1010/530 1797/1011/531 2187/1003/523 2775/1006/526
f 2749/1012/532 2069/1013/532 2748/1014/533 2776/1015/534
f 2746/1019/538 2068/1020/532 2749/1012/532 2776/1015/534
f 2356/1021/539 2078/1022/540 2769/1023/541 2777/1024/542
f 2769/1023/541 2079/1025/543 2194/1026/544 2777/1024/542
f 2194/1026/544 1795/1027/545 2354/1028/546 2777/1024/542
f 2354/1028/546 1872/1029/547 2356/1021/539 2777/1024/542
f 2339/1030/548 1864/1031/549 2338/1032/550 2778/1033/551
f 2338/1032/550 1803/1034/552 2201/1035/553 2778/1033/551
f 2201/1035/553 1804/1036/554 2336/1037/555 2778/1033/551
f 2336/1037/555 1863/1038/556 2339/1030/548 2778/1033/551
f 2092/1039/522 1744/1040/522 2098/1041/522 2779/1042/522
f 2098/1041/522 2048/1043/522 2709/1044/522 2779/1042/522
f 2709/1044/522 2049/1045/522 2097/1046/522 2779/1042/522
f 2097/1046/522 1743/1047/522 2092/1039/522 2779/1042/522
f 2205/1048/557 1806/1049/558 2207/1050/559 2780/1051/560
f 2207/1050/559 1861/1052/561 2335/1053/562 2780/1051/560
f 2335/1053/562 1862/1054/563 2210/1055/564 2780/1051/560
f 2210/1055/564 1805/1056/565 2205/1048/557 2780/1051/560
f 2733/1057/566 2061/1058/532 2732/1059/567 2781/1060/568
f 2732/1059/567 1742/1061/569 2091/1062/570 2781/1060/568
f 2091/1062/570 1741/1063/571 2730/1064/572 2781/1060/568
f 2730/1064/572 2060/1065/573 2733/1057/566 2781/1060/568
f 2714/1066/574 1863/1038/556 2336/1037/555 2782/1067/575
f 2336/1037/555 1804/1036/554 2212/1068/576 2782/1067/575
f 2212/1068/576 2051/1069/577 2715/1070/578 2782/1067/575
f 2715/1070/578 2052/1071/579 2714/1066/574 2782/1067/575
f 2142/1072/522 2047/1073/522 2707/1074/522 2783/1075/522
f 2707/1074/522 2048/1043/522 2098/1041/522 2783/1075/522
f 2098/1041/522 1744/1040/522 2140/1076/522 2783/1075/522
f 2140/1076/522 1769/1077/522 2142/1072/522 2783/1075/522
f 2215/1078/580 1860/1079/581 2333/1080/582 2784/1081/583
f 2333/1080/582 1861/1052/561 2207/1050/559 2784/1081/583
f 2207/1050/559 1806/1049/558 2217/1082/584 2784/1081/583
f 2217/1082/584 1809/1083/585 2215/1078/580 2784/1081/583
f 2734/1084/586 1772/1085/587 2144/1086/588 2785/1087/589
f 2144/1086/588 1742/1061/569 2732/1059/567 2785/1087/589
f 2732/1059/567 2061/1058/532 2735/1088/532 2785/1087/589
f 2735/1088/532 2062/1089/532 2734/1084/586 2785/1087/589
f 2340/1090/590 1812/1091/591 2221/1092/592 2786/1093/593
f 2221/1092/592 1803/1034/552 2338/1032/550 2786/1093/593
f 2338/1032/550 1864/1031/549 2341/1094/594 2786/1093/593
f 2341/1094/594 1865/1095/595 2340/1090/590 2786/1093/593
f 2087/1001/522 2041/1000/522 2695/1096/522 2787/1097/522
f 2695/1096/522 2042/1098/522 2107/1099/522 2787/1097/522
f 2107/1099/522 1749/1100/522 2101/1101/522 2787/1097/522
f 2101/1101/522 1735/1002/522 2087/1001/522 2787/1097/522
f 2192/1010/530 1854/1009/529 2321/1102/596 2788/1103/597
f 2321/1102/596 1855/1104/598 2226/1105/599 2788/1103/597
f 2226/1105/599 1814/1106/600 2227/1107/601 2788/1103/597
f 2227/1107/601 1797/1011/531 2192/1010/530 2788/1103/597
f 2746/1019/538 1733/1018/537 2104/1108/602 2789/1109/603
f 2747/1113/532 2068/1020/532 2746/1019/538 2789/1109/603
f 2352/992/520 1796/991/519 2229/1114/606 2790/1115/607
f 2229/1114/606 1815/1116/608 2350/1117/609 2790/1115/607
f 2350/1117/609 1870/1118/610 2353/1119/611 2790/1115/607
f 2353/1119/611 1871/993/521 2352/992/520 2790/1115/607
f 2107/1099/522 2042/1098/522 2697/1120/522 2791/1121/522
f 2697/1120/522 2043/1122/522 2114/1123/522 2791/1121/522
f 2114/1123/522 1753/1124/522 2105/1125/522 2791/1121/522
f 2105/1125/522 1749/1100/522 2107/1099/522 2791/1121/522
f 2226/1105/599 1855/1104/598 2323/1126/612 2792/1127/613
f 2323/1126/612 1856/1128/614 2236/1129/615 2792/1127/613
f 2236/1129/615 1818/1130/616 2237/1131/617 2792/1127/613
f 2237/1131/617 1814/1106/600 2226/1105/599 2792/1127/613
f 2744/1111/605 1752/1110/604 2109/1132/618 2793/1133/619
f 2109/1132/618 1756/1134/620 2742/1135/621 2793/1133/619
f 2742/1135/621 2066/1136/532 2745/1137/532 2793/1133/619
f 2745/1137/532 2067/1112/532 2744/1111/605 2793/1133/619
f 2350/1117/609 1815/1116/608 2239/1138/622 2794/1139/623
f 2239/1138/622 1819/1140/624 2348/1141/625 2794/1139/623
f 2348/1141/625 1869/1142/626 2351/1143/627 2794/1139/623
f 2351/1143/627 1870/1118/610 2350/1117/609 2794/1139/623
f 2114/1123/522 2043/1122/522 2699/1144/522 2795/1145/522
f 2699/1144/522 2044/1146/522 2121/1147/522 2795/1145/522
f 2121/1147/522 1757/1148/522 2112/1149/522 2795/1145/522
f 2112/1149/522 1753/1124/522 2114/1123/522 2795/1145/522
f 2236/1129/615 1856/1128/614 2325/1150/628 2796/1151/629
f 2325/1150/628 1857/1152/630 2246/1153/631 2796/1151/629
f 2246/1153/631 1822/1154/632 2247/1155/633 2796/1151/629
f 2247/1155/633 1818/1130/616 2236/1129/615 2796/1151/629
f 2742/1135/621 1756/1134/620 2116/1156/634 2797/1157/635
f 2116/1156/634 1760/1158/636 2740/1159/637 2797/1157/635
f 2740/1159/637 2065/1160/532 2743/1161/532 2797/1157/635
f 2743/1161/532 2066/1136/532 2742/1135/621 2797/1157/635
f 2348/1141/625 1819/1140/624 2249/1162/638 2798/1163/639
f 2249/1162/638 1823/1164/640 2346/1165/641 2798/1163/639
f 2346/1165/641 1868/1166/642 2349/1167/643 2798/1163/639
f 2349/1167/643 1869/1142/626 2348/1141/625 2798/1163/639
f 2121/1147/522 2044/1146/522 2701/1168/522 2799/1169/522
f 2701/1168/522 2045/1170/522 2128/1171/522 2799/1169/522
f 2128/1171/522 1761/1172/522 2119/1173/522 2799/1169/522
f 2119/1173/522 1757/1148/522 2121/1147/522 2799/1169/522
f 2246/1153/631 1857/1152/630 2327/1174/644 2800/1175/645
f 2327/1174/644 1858/1176/646 2256/1177/647 2800/1175/645
f 2256/1177/647 1826/1178/648 2257/1179/649 2800/1175/645
f 2257/1179/649 1822/1154/632 2246/1153/631 2800/1175/645
f 2738/1183/653 2064/1184/532 2741/1185/532 2801/1181/651
f 2741/1185/532 2065/1160/532 2740/1159/637 2801/1181/651
f 2346/1165/641 1823/1164/640 2259/1186/654 2802/1187/655
f 2259/1186/654 1827/1188/656 2344/1189/657 2802/1187/655
f 2344/1189/657 1867/1190/658 2347/1191/659 2802/1187/655
f 2347/1191/659 1868/1166/642 2346/1165/641 2802/1187/655
f 2128/1171/522 2045/1170/522 2703/1192/522 2803/1193/522
f 2703/1192/522 2046/1194/522 2135/1195/522 2803/1193/522
f 2135/1195/522 1765/1196/522 2126/1197/522 2803/1193/522
f 2126/1197/522 1761/1172/522 2128/1171/522 2803/1193/522
f 2256/1177/647 1858/1176/646 2329/1198/660 2804/1199/661
f 2329/1198/660 1859/1200/662 2266/1201/663 2804/1199/661
f 2266/1201/663 1830/1202/664 2267/1203/665 2804/1199/661
f 2267/1203/665 1826/1178/648 2256/1177/647 2804/1199/661
f 2736/1207/669 2063/1208/532 2739/1209/532 2805/1205/667
f 2739/1209/532 2064/1184/532 2738/1183/653 2805/1205/667
f 2344/1189/657 1827/1188/656 2269/1210/670 2806/1211/671
f 2269/1210/670 1831/1212/672 2342/1213/673 2806/1211/671
f 2342/1213/673 1866/1214/674 2345/1215/675 2806/1211/671
f 2345/1215/675 1867/1190/658 2344/1189/657 2806/1211/671
f 2135/1195/522 2046/1194/522 2705/1216/522 2807/1217/522
f 2705/1216/522 2047/1073/522 2142/1072/522 2807/1217/522
f 2142/1072/522 1769/1077/522 2133/1218/522 2807/1217/522
f 2133/1218/522 1765/1196/522 2135/1195/522 2807/1217/522
f 2266/1201/663 1859/1200/662 2331/1219/676 2808/1220/677
f 2331/1219/676 1860/1079/581 2215/1078/580 2808/1220/677
f 2215/1078/580 1809/1083/585 2274/1221/678 2808/1220/677
f 2274/1221/678 1830/1202/664 2266/1201/663 2808/1220/677
f 2736/1207/669 1768/1206/668 2137/1222/679 2809/1223/680
f 2734/1084/586 2062/1089/532 2737/1224/532 2809/1223/680
f 2737/1224/532 2063/1208/532 2736/1207/669 2809/1223/680
f 2342/1213/673 1831/1212/672 2275/1225/681 2810/1226/682
f 2275/1225/681 1812/1091/591 2340/1090/590 2810/1226/682
f 2340/1090/590 1865/1095/595 2343/1227/683 2810/1226/682
f 2343/1227/683 1866/1214/674 2342/1213/673 2810/1226/682
f 2572/1228/684 1981/1229/685 2575/1230/686 2811/1231/687
f 2148/1238/691 1774/1239/692 2572/1228/684 2811/1231/687
f 2151/1240/693 1774/1239/692 2148/1238/691 2812/1241/694
f 2150/1246/697 1775/1247/698 2151/1240/693 2812/1241/694
f 2153/1248/699 1775/1247/698 2150/1246/697 2813/1249/700
f 2152/1254/703 1776/1255/704 2153/1248/699 2813/1249/700
f 2155/1256/705 1776/1255/704 2152/1254/703 2814/1257/706
f 2154/1262/709 1777/1263/710 2155/1256/705 2814/1257/706
f 2157/1264/711 1777/1263/710 2154/1262/709 2815/1265/712
f 2156/1270/715 1778/1271/716 2157/1264/711 2815/1265/712
f 2159/1272/717 1778/1271/716 2156/1270/715 2816/1273/718
f 2158/1280/721 1779/1281/722 2159/1272/717 2816/1273/718
f 2161/1282/723 1779/1281/722 2158/1280/721 2817/1283/724
f 2160/1288/727 1780/1289/728 2161/1282/723 2817/1283/724
f 2163/1290/729 1780/1289/728 2160/1288/727 2818/1291/730
f 2162/1296/733 1781/1297/734 2163/1290/729 2818/1291/730
f 2165/1298/735 1781/1297/734 2162/1296/733 2819/1299/736
f 2164/1304/739 1782/1305/740 2165/1298/735 2819/1299/736
f 2496/1310/743 1783/1311/745 2724/1312/746 2820/1313/744
f 2724/1312/746 2057/1314/747 2727/1315/748 2820/1313/744
f 2498/1324/752 1784/1325/754 2167/1326/755 2821/1327/753
f 2167/1326/755 1783/1311/745 2496/1310/743 2821/1327/753
f 2500/1328/756 1785/1329/757 2168/1330/758 2822/1331/759
f 2168/1330/758 1784/1325/754 2498/1324/752 2822/1331/759
f 2169/1338/764 1785/1329/757 2500/1328/756 2823/1339/765
f 2506/1352/774 1788/1353/775 2171/1354/776 2825/1355/777
f 2508/1362/780 1789/1363/781 2172/1364/782 2826/1365/783
f 2172/1364/782 1788/1353/775 2506/1352/774 2826/1365/783
f 2510/1370/786 1790/1371/787 2173/1372/788 2827/1373/789
f 2173/1372/788 1789/1363/781 2508/1362/780 2827/1373/789
f 2512/1378/792 1791/1379/793 2174/1380/794 2828/1381/795
f 2174/1380/794 1790/1371/787 2510/1370/786 2828/1381/795
f 2516/1394/804 2072/1395/805 2757/1396/806 2830/1397/807
f 2757/1398/806 2073/1399/808 2176/1400/809 2830/1401/807
f 2176/1400/809 1792/1402/810 2514/1403/811 2830/1401/807
f 2514/1404/811 1952/1405/812 2516/1394/804 2830/1397/807
f 2175/1392/803 1988/1391/802 2589/1406/813 2831/1407/814
f 2589/1406/813 1989/1408/532 2588/1409/532 2831/1407/814
f 2588/1409/532 1915/1410/532 2177/1411/815 2831/1407/814
f 2082/994/522 1735/1002/522 2182/1412/522 2832/1413/522
f 2182/1412/522 1851/1414/522 2315/1415/522 2832/1413/522
f 2315/1415/522 1995/1416/522 2603/1417/522 2832/1413/522
f 2603/1417/522 1996/995/522 2082/994/522 2832/1413/522
f 2083/1418/522 1973/1419/522 2559/1420/522 2833/1421/522
f 2559/1420/522 1974/1422/522 2558/1423/522 2833/1421/522
f 2558/1423/522 1834/1424/522 2185/1425/522 2833/1421/522
f 2185/1425/522 1737/1426/522 2083/1418/522 2833/1421/522
f 2572/1228/684 1774/1239/692 2190/1427/816 2834/1428/817
f 2190/1427/816 1932/1429/532 2476/1430/532 2834/1428/817
f 2476/1430/532 1980/1431/532 2573/1432/818 2834/1428/817
f 2573/1432/818 1981/1229/685 2572/1228/684 2834/1428/817
f 2176/1400/809 2073/1399/808 2759/1433/819 2835/1434/820
f 2759/1433/819 2074/1435/532 2758/1436/532 2835/1434/820
f 2758/1436/532 1914/1437/532 2178/1438/821 2835/1434/820
f 2178/1438/821 1792/1402/810 2176/1400/809 2835/1434/820
f 2772/1439/522 2039/1440/522 2088/1441/522 2836/1442/522
f 2088/1441/522 1736/1443/522 2180/1444/522 2836/1442/522
f 2180/1444/522 1852/1445/522 2316/1446/522 2836/1442/522
f 2316/1446/522 2080/1447/522 2772/1439/522 2836/1442/522
f 2167/1326/755 1784/1325/754 2196/1448/822 2837/1449/823
f 2196/1448/822 1922/1450/532 2457/1451/532 2837/1449/823
f 2457/1451/532 1923/1452/532 2195/1453/824 2837/1449/823
f 2195/1453/824 1783/1311/745 2167/1326/755 2837/1449/823
f 2092/1039/522 1743/1047/522 2200/1454/522 2838/1455/522
f 2200/1454/522 1843/1456/522 2299/1457/522 2838/1455/522
f 2299/1457/522 1844/1458/522 2198/1459/522 2838/1455/522
f 2198/1459/522 1744/1040/522 2092/1039/522 2838/1455/522
f 2093/1460/522 1746/1461/522 2204/1462/522 2839/1463/522
f 2204/1462/522 1841/1464/522 2295/1465/522 2839/1463/522
f 2295/1465/522 1842/1466/522 2203/1467/522 2839/1463/522
f 2203/1467/522 1745/1468/522 2093/1460/522 2839/1463/522
f 2165/1298/735 1782/1305/740 2208/1469/825 2840/1470/826
f 2208/1469/825 1924/1471/532 2461/1472/532 2840/1470/826
f 2461/1472/532 1925/1473/532 2206/1474/827 2840/1470/826
f 2206/1474/827 1781/1297/734 2165/1298/735 2840/1470/826
f 2724/1312/746 1783/1311/745 2195/1453/824 2841/1475/828
f 2195/1453/824 1923/1452/532 2459/1476/532 2841/1475/828
f 2459/1476/532 2056/1477/532 2725/1478/829 2841/1475/828
f 2725/1478/829 2057/1314/747 2724/1312/746 2841/1475/828
f 2097/1046/522 2049/1045/522 2711/1479/522 2842/1480/522
f 2711/1479/522 2050/1481/522 2710/1482/522 2842/1480/522
f 2710/1482/522 1843/1456/522 2200/1454/522 2842/1480/522
f 2200/1454/522 1743/1047/522 2097/1046/522 2842/1480/522
f 2163/1290/729 1781/1297/734 2206/1474/827 2843/1483/830
f 2206/1474/827 1925/1473/532 2463/1484/532 2843/1483/830
f 2463/1484/532 1926/1485/532 2214/1486/831 2843/1483/830
f 2214/1486/831 1780/1289/728 2163/1290/729 2843/1483/830
f 2141/1487/522 1770/1488/522 2213/1489/522 2844/1490/522
f 2213/1489/522 1840/1491/522 2293/1492/522 2844/1490/522
f 2293/1492/522 1841/1464/522 2204/1462/522 2844/1490/522
f 2204/1462/522 1746/1461/522 2141/1487/522 2844/1490/522
f 2140/1076/522 1744/1040/522 2198/1459/522 2845/1493/522
f 2198/1459/522 1844/1458/522 2301/1494/522 2845/1493/522
f 2301/1494/522 1845/1495/522 2219/1496/522 2845/1493/522
f 2219/1496/522 1769/1077/522 2140/1076/522 2845/1493/522
f 2168/1330/758 1785/1329/757 2218/1497/832 2846/1498/833
f 2218/1497/832 1921/1499/532 2455/1500/532 2846/1498/833
f 2455/1500/532 1922/1450/532 2196/1448/822 2846/1498/833
f 2196/1448/822 1784/1325/754 2168/1330/758 2846/1498/833
f 2151/1240/693 1775/1247/698 2223/1501/834 2847/1502/835
f 2223/1501/834 1931/1503/532 2475/1504/532 2847/1502/835
f 2475/1504/532 1932/1429/532 2190/1427/816 2847/1502/835
f 2190/1427/816 1774/1239/692 2151/1240/693 2847/1502/835
f 2102/1505/522 1737/1426/522 2185/1425/522 2848/1506/522
f 2185/1425/522 1834/1424/522 2281/1507/522 2848/1506/522
f 2281/1507/522 1835/1508/522 2225/1509/522 2848/1506/522
f 2225/1509/522 1750/1510/522 2102/1505/522 2848/1506/522
f 2101/1101/522 1749/1100/522 2228/1511/522 2849/1512/522
f 2228/1511/522 1850/1513/522 2313/1514/522 2849/1512/522
f 2313/1514/522 1851/1414/522 2182/1412/522 2849/1512/522
f 2182/1412/522 1735/1002/522 2101/1101/522 2849/1512/522
f 2230/1518/837 1790/1371/787 2174/1380/794 2850/1515/836
f 2153/1248/699 1776/1255/704 2233/1519/838 2851/1520/839
f 2233/1519/838 1930/1521/532 2473/1522/532 2851/1520/839
f 2473/1522/532 1931/1503/532 2223/1501/834 2851/1520/839
f 2223/1501/834 1775/1247/698 2153/1248/699 2851/1520/839
f 2106/1523/522 1750/1510/522 2225/1509/522 2852/1524/522
f 2225/1509/522 1835/1508/522 2283/1525/522 2852/1524/522
f 2283/1525/522 1836/1526/522 2235/1527/522 2852/1524/522
f 2235/1527/522 1754/1528/522 2106/1523/522 2852/1524/522
f 2105/1125/522 1753/1124/522 2238/1529/522 2853/1530/522
f 2238/1529/522 1849/1531/522 2311/1532/522 2853/1530/522
f 2311/1532/522 1850/1513/522 2228/1511/522 2853/1530/522
f 2228/1511/522 1749/1100/522 2105/1125/522 2853/1530/522
f 2173/1372/788 1790/1371/787 2230/1518/837 2854/1533/840
f 2230/1518/837 1916/1517/532 2445/1534/532 2854/1533/840
f 2445/1534/532 1917/1535/532 2240/1536/841 2854/1533/840
f 2240/1536/841 1789/1363/781 2173/1372/788 2854/1533/840
f 2155/1256/705 1777/1263/710 2243/1537/842 2855/1538/843
f 2243/1537/842 1929/1539/532 2471/1540/532 2855/1538/843
f 2471/1540/532 1930/1521/532 2233/1519/838 2855/1538/843
f 2233/1519/838 1776/1255/704 2155/1256/705 2855/1538/843
f 2113/1541/522 1754/1528/522 2235/1527/522 2856/1542/522
f 2235/1527/522 1836/1526/522 2285/1543/522 2856/1542/522
f 2285/1543/522 1837/1544/522 2245/1545/522 2856/1542/522
f 2245/1545/522 1758/1546/522 2113/1541/522 2856/1542/522
f 2112/1149/522 1757/1148/522 2248/1547/522 2857/1548/522
f 2248/1547/522 1848/1549/522 2309/1550/522 2857/1548/522
f 2309/1550/522 1849/1531/522 2238/1529/522 2857/1548/522
f 2238/1529/522 1753/1124/522 2112/1149/522 2857/1548/522
f 2172/1364/782 1789/1363/781 2240/1536/841 2858/1551/844
f 2240/1536/841 1917/1535/532 2447/1552/532 2858/1551/844
f 2447/1552/532 1918/1553/532 2250/1554/845 2858/1551/844
f 2250/1554/845 1788/1353/775 2172/1364/782 2858/1551/844
f 2157/1264/711 1778/1271/716 2253/1555/846 2859/1556/847
f 2253/1555/846 1928/1557/532 2469/1558/532 2859/1556/847
f 2469/1558/532 1929/1539/532 2243/1537/842 2859/1556/847
f 2243/1537/842 1777/1263/710 2157/1264/711 2859/1556/847
f 2120/1559/522 1758/1546/522 2245/1545/522 2860/1560/522
f 2245/1545/522 1837/1544/522 2287/1561/522 2860/1560/522
f 2287/1561/522 1838/1562/522 2255/1563/522 2860/1560/522
f 2255/1563/522 1762/1564/522 2120/1559/522 2860/1560/522
f 2119/1173/522 1761/1172/522 2258/1565/522 2861/1566/522
f 2258/1565/522 1847/1567/522 2307/1568/522 2861/1566/522
f 2307/1568/522 1848/1549/522 2248/1547/522 2861/1566/522
f 2248/1547/522 1757/1148/522 2119/1173/522 2861/1566/522
f 2171/1354/776 1788/1353/775 2250/1554/845 2862/1569/848
f 2159/1272/717 1779/1281/722 2263/1573/850 2863/1574/851
f 2263/1573/850 1927/1575/532 2467/1576/532 2863/1574/851
f 2467/1576/532 1928/1557/532 2253/1555/846 2863/1574/851
f 2253/1555/846 1778/1271/716 2159/1272/717 2863/1574/851
f 2127/1577/522 1762/1564/522 2255/1563/522 2864/1578/522
f 2255/1563/522 1838/1562/522 2289/1579/522 2864/1578/522
f 2289/1579/522 1839/1580/522 2265/1581/522 2864/1578/522
f 2265/1581/522 1766/1582/522 2127/1577/522 2864/1578/522
f 2126/1197/522 1765/1196/522 2268/1583/522 2865/1584/522
f 2268/1583/522 1846/1585/522 2305/1586/522 2865/1584/522
f 2305/1586/522 1847/1567/522 2258/1565/522 2865/1584/522
f 2258/1565/522 1761/1172/522 2126/1197/522 2865/1584/522
f 2161/1282/723 1780/1289/728 2214/1486/831 2867/1591/854
f 2214/1486/831 1926/1485/532 2465/1592/532 2867/1591/854
f 2465/1592/532 1927/1575/532 2263/1573/850 2867/1591/854
f 2263/1573/850 1779/1281/722 2161/1282/723 2867/1591/854
f 2134/1593/522 1766/1582/522 2265/1581/522 2868/1594/522
f 2265/1581/522 1839/1580/522 2291/1595/522 2868/1594/522
f 2291/1595/522 1840/1491/522 2213/1489/522 2868/1594/522
f 2213/1489/522 1770/1488/522 2134/1593/522 2868/1594/522
f 2133/1218/522 1769/1077/522 2219/1496/522 2869/1596/522
f 2219/1496/522 1845/1495/522 2303/1597/522 2869/1596/522
f 2303/1597/522 1846/1585/522 2268/1583/522 2869/1596/522
f 2268/1583/522 1765/1196/522 2133/1218/522 2869/1596/522
f 2169/1338/764 1786/1337/763 2270/1590/853 2870/1598/855
f 2270/1590/853 1920/1589/532 2453/1599/532 2870/1598/855
f 2453/1599/532 1921/1499/532 2218/1497/832 2870/1598/855
f 2218/1497/832 1785/1329/757 2169/1338/764 2870/1598/855
f 2558/1423/522 1974/1422/522 2561/1600/856 2871/1601/857
f 2561/1600/856 1975/1004/524 2187/1003/523 2871/1601/857
f 2187/1003/523 1797/1011/531 2278/1602/858 2871/1601/857
f 2278/1602/858 1834/1424/522 2558/1423/522 2871/1601/857
f 2281/1507/522 1834/1424/522 2278/1602/858 2872/1603/859
f 2278/1602/858 1797/1011/531 2227/1107/601 2872/1603/859
f 2227/1107/601 1814/1106/600 2280/1604/860 2872/1603/859
f 2280/1604/860 1835/1508/522 2281/1507/522 2872/1603/859
f 2283/1525/522 1835/1508/522 2280/1604/860 2873/1605/861
f 2280/1604/860 1814/1106/600 2237/1131/617 2873/1605/861
f 2237/1131/617 1818/1130/616 2282/1606/862 2873/1605/861
f 2282/1606/862 1836/1526/522 2283/1525/522 2873/1605/861
f 2285/1543/522 1836/1526/522 2282/1606/862 2874/1607/863
f 2282/1606/862 1818/1130/616 2247/1155/633 2874/1607/863
f 2247/1155/633 1822/1154/632 2284/1608/864 2874/1607/863
f 2284/1608/864 1837/1544/522 2285/1543/522 2874/1607/863
f 2287/1561/522 1837/1544/522 2284/1608/864 2875/1609/865
f 2284/1608/864 1822/1154/632 2257/1179/649 2875/1609/865
f 2257/1179/649 1826/1178/648 2286/1610/866 2875/1609/865
f 2286/1610/866 1838/1562/522 2287/1561/522 2875/1609/865
f 2289/1579/522 1838/1562/522 2286/1610/866 2876/1611/867
f 2286/1610/866 1826/1178/648 2267/1203/665 2876/1611/867
f 2267/1203/665 1830/1202/664 2288/1612/868 2876/1611/867
f 2288/1612/868 1839/1580/522 2289/1579/522 2876/1611/867
f 2291/1595/522 1839/1580/522 2288/1612/868 2877/1613/869
f 2288/1612/868 1830/1202/664 2274/1221/678 2877/1613/869
f 2274/1221/678 1809/1083/585 2290/1614/870 2877/1613/869
f 2290/1614/870 1840/1491/522 2291/1595/522 2877/1613/869
f 2293/1492/522 1840/1491/522 2290/1614/870 2878/1615/871
f 2290/1614/870 1809/1083/585 2217/1082/584 2878/1615/871
f 2217/1082/584 1806/1049/558 2292/1616/872 2878/1615/871
f 2292/1616/872 1841/1464/522 2293/1492/522 2878/1615/871
f 2295/1465/522 1841/1464/522 2292/1616/872 2879/1617/873
f 2292/1616/872 1806/1049/558 2205/1048/557 2879/1617/873
f 2205/1048/557 1805/1056/565 2294/1618/874 2879/1617/873
f 2294/1618/874 1842/1466/522 2295/1465/522 2879/1617/873
f 2710/1482/522 2050/1481/522 2713/1619/875 2880/1620/876
f 2713/1619/875 2051/1069/577 2212/1068/576 2880/1620/876
f 2212/1068/576 1804/1036/554 2296/1621/877 2880/1620/876
f 2296/1621/877 1843/1456/522 2710/1482/522 2880/1620/876
f 2299/1457/522 1843/1456/522 2296/1621/877 2881/1622/878
f 2296/1621/877 1804/1036/554 2201/1035/553 2881/1622/878
f 2201/1035/553 1803/1034/552 2298/1623/879 2881/1622/878
f 2298/1623/879 1844/1458/522 2299/1457/522 2881/1622/878
f 2301/1494/522 1844/1458/522 2298/1623/879 2882/1624/880
f 2298/1623/879 1803/1034/552 2221/1092/592 2882/1624/880
f 2221/1092/592 1812/1091/591 2300/1625/881 2882/1624/880
f 2300/1625/881 1845/1495/522 2301/1494/522 2882/1624/880
f 2303/1597/522 1845/1495/522 2300/1625/881 2883/1626/882
f 2300/1625/881 1812/1091/591 2275/1225/681 2883/1626/882
f 2275/1225/681 1831/1212/672 2302/1627/883 2883/1626/882
f 2302/1627/883 1846/1585/522 2303/1597/522 2883/1626/882
f 2305/1586/522 1846/1585/522 2302/1627/883 2884/1628/884
f 2302/1627/883 1831/1212/672 2269/1210/670 2884/1628/884
f 2269/1210/670 1827/1188/656 2304/1629/885 2884/1628/884
f 2304/1629/885 1847/1567/522 2305/1586/522 2884/1628/884
f 2307/1568/522 1847/1567/522 2304/1629/885 2885/1630/886
f 2304/1629/885 1827/1188/656 2259/1186/654 2885/1630/886
f 2259/1186/654 1823/1164/640 2306/1631/887 2885/1630/886
f 2306/1631/887 1848/1549/522 2307/1568/522 2885/1630/886
f 2309/1550/522 1848/1549/522 2306/1631/887 2886/1632/888
f 2306/1631/887 1823/1164/640 2249/1162/638 2886/1632/888
f 2249/1162/638 1819/1140/624 2308/1633/889 2886/1632/888
f 2308/1633/889 1849/1531/522 2309/1550/522 2886/1632/888
f 2311/1532/522 1849/1531/522 2308/1633/889 2887/1634/890
f 2308/1633/889 1819/1140/624 2239/1138/622 2887/1634/890
f 2239/1138/622 1815/1116/608 2310/1635/891 2887/1634/890
f 2310/1635/891 1850/1513/522 2311/1532/522 2887/1634/890
f 2313/1514/522 1850/1513/522 2310/1635/891 2888/1636/892
f 2310/1635/891 1815/1116/608 2229/1114/606 2888/1636/892
f 2229/1114/606 1796/991/519 2312/1637/893 2888/1636/892
f 2312/1637/893 1851/1414/522 2313/1514/522 2888/1636/892
f 2315/1415/522 1851/1414/522 2312/1637/893 2889/1638/894
f 2312/1637/893 1796/991/519 2183/990/518 2889/1638/894
f 2183/990/518 1994/989/517 2601/1639/895 2889/1638/894
f 2601/1639/895 1995/1416/522 2315/1415/522 2889/1638/894
f 2316/1446/522 1852/1445/522 2314/1640/896 2890/1641/897
f 2314/1640/896 1795/1027/545 2194/1026/544 2890/1641/897
f 2194/1026/544 2079/1025/543 2771/1642/898 2890/1641/897
f 2771/1642/898 2080/1447/522 2316/1446/522 2890/1641/897
f 2562/1008/528 1976/1007/527 2565/1643/527 2891/1644/689
f 2565/1643/527 1977/1645/527 2564/1646/689 2891/1644/689
f 2564/1646/689 1874/1647/899 2318/1648/899 2891/1644/689
f 2318/1648/899 1854/1009/529 2562/1008/528 2891/1644/689
f 2321/1102/596 1854/1009/529 2318/1648/899 2892/1649/596
f 2318/1648/899 1874/1647/899 2361/1650/596 2892/1649/596
f 2361/1650/596 1875/1651/900 2320/1652/900 2892/1649/596
f 2320/1652/900 1855/1104/598 2321/1102/596 2892/1649/596
f 2323/1126/612 1855/1104/598 2320/1652/900 2893/1653/612
f 2320/1652/900 1875/1651/900 2363/1654/612 2893/1653/612
f 2363/1654/612 1876/1655/614 2322/1656/614 2893/1653/612
f 2322/1656/614 1856/1128/614 2323/1126/612 2893/1653/612
f 2325/1150/628 1856/1128/614 2322/1656/614 2894/1657/901
f 2322/1656/614 1876/1655/614 2365/1658/901 2894/1657/901
f 2365/1658/901 1877/1659/630 2324/1660/902 2894/1657/901
f 2324/1660/902 1857/1152/630 2325/1150/628 2894/1657/901
f 2327/1174/644 1857/1152/630 2324/1660/902 2895/1661/903
f 2324/1660/902 1877/1659/630 2367/1662/904 2895/1661/903
f 2367/1662/904 1878/1663/905 2326/1664/646 2895/1661/903
f 2326/1664/646 1858/1176/646 2327/1174/644 2895/1661/903
f 2329/1198/660 1858/1176/646 2326/1664/646 2896/1665/660
f 2326/1664/646 1878/1663/905 2369/1666/660 2896/1665/660
f 2369/1666/660 1879/1667/906 2328/1668/662 2896/1665/660
f 2328/1668/662 1859/1200/662 2329/1198/660 2896/1665/660
f 2331/1219/676 1859/1200/662 2328/1668/662 2897/1669/676
f 2328/1668/662 1879/1667/906 2371/1670/676 2897/1669/676
f 2371/1670/676 1880/1671/581 2330/1672/581 2897/1669/676
f 2330/1672/581 1860/1079/581 2331/1219/676 2897/1669/676
f 2333/1080/582 1860/1079/581 2330/1672/581 2898/1673/582
f 2330/1672/581 1880/1671/581 2373/1674/907 2898/1673/582
f 2373/1674/907 1881/1675/561 2332/1676/561 2898/1673/582
f 2332/1676/561 1861/1052/561 2333/1080/582 2898/1673/582
f 2335/1053/562 1861/1052/561 2332/1676/561 2899/1677/562
f 2332/1676/561 1881/1675/561 2375/1678/908 2899/1677/562
f 2375/1678/908 1882/1679/563 2334/1680/563 2899/1677/562
f 2334/1680/563 1862/1054/563 2335/1053/562 2899/1677/562
f 2716/1681/909 1883/1682/556 2376/1683/556 2900/1684/574
f 2376/1683/556 1863/1038/556 2714/1066/574 2900/1684/574
f 2714/1066/574 2052/1071/579 2717/1685/579 2900/1684/574
f 2717/1685/579 2053/1686/579 2716/1681/909 2900/1684/574
f 2379/1687/548 1884/1688/910 2378/1689/910 2901/1690/548
f 2378/1689/910 1864/1031/549 2339/1030/548 2901/1690/548
f 2339/1030/548 1863/1038/556 2376/1683/556 2901/1690/548
f 2376/1683/556 1883/1682/556 2379/1687/548 2901/1690/548
f 2380/1691/595 1865/1095/595 2341/1094/594 2902/1692/594
f 2341/1094/594 1864/1031/549 2378/1689/910 2902/1692/594
f 2378/1689/910 1884/1688/910 2381/1693/594 2902/1692/594
f 2381/1693/594 1885/1694/595 2380/1691/595 2902/1692/594
f 2382/1695/911 1866/1214/674 2343/1227/683 2903/1696/683
f 2343/1227/683 1865/1095/595 2380/1691/595 2903/1696/683
f 2380/1691/595 1885/1694/595 2383/1697/683 2903/1696/683
f 2383/1697/683 1886/1698/911 2382/1695/911 2903/1696/683
f 2384/1699/912 1867/1190/658 2345/1215/675 2904/1700/675
f 2345/1215/675 1866/1214/674 2382/1695/911 2904/1700/675
f 2382/1695/911 1886/1698/911 2385/1701/675 2904/1700/675
f 2385/1701/675 1887/1702/912 2384/1699/912 2904/1700/675
f 2386/1703/642 1868/1166/642 2347/1191/659 2905/1704/659
f 2347/1191/659 1867/1190/658 2384/1699/912 2905/1704/659
f 2388/1707/626 1869/1142/626 2349/1167/643 2906/1708/643
f 2349/1167/643 1868/1166/642 2386/1703/642 2906/1708/643
f 2390/1711/610 1870/1118/610 2351/1143/627 2907/1712/627
f 2351/1143/627 1869/1142/626 2388/1707/626 2907/1712/627
f 2392/1715/914 1871/993/521 2353/1119/611 2908/1716/915
f 2353/1119/611 1870/1118/610 2390/1711/610 2908/1716/915
f 2393/1717/916 1891/1718/521 2392/1715/914 2908/1716/915
f 2395/1719/513 1992/1720/514 2597/1721/514 2909/1722/513
f 2597/1721/514 1993/986/514 2355/985/513 2909/1722/513
f 2355/985/513 1871/993/521 2392/1715/914 2909/1722/513
f 2392/1715/914 1891/1718/521 2395/1719/513 2909/1722/513
f 2396/1723/539 2077/1724/540 2767/1725/540 2910/1726/539
f 2767/1725/540 2078/1022/540 2356/1021/539 2910/1726/539
f 2356/1021/539 1872/1029/547 2394/1727/547 2910/1726/539
f 2394/1727/547 1892/1728/547 2396/1723/539 2910/1726/539
f 2564/1646/689 1977/1645/527 2567/1729/917 2911/1730/918
f 2567/1729/917 1978/1731/919 2566/1732/920 2911/1730/918
f 2566/1732/920 1800/1733/921 2358/1734/922 2911/1730/918
f 2358/1734/922 1874/1647/899 2564/1646/689 2911/1730/918
f 2361/1650/596 1874/1647/899 2358/1734/922 2912/1735/923
f 2358/1734/922 1800/1733/921 2224/1736/924 2912/1735/923
f 2224/1736/924 1813/1737/925 2360/1738/926 2912/1735/923
f 2360/1738/926 1875/1651/900 2361/1650/596 2912/1735/923
f 2363/1654/612 1875/1651/900 2360/1738/926 2913/1739/927
f 2360/1738/926 1813/1737/925 2234/1740/928 2913/1739/927
f 2234/1740/928 1817/1741/929 2362/1742/930 2913/1739/927
f 2362/1742/930 1876/1655/614 2363/1654/612 2913/1739/927
f 2365/1658/901 1876/1655/614 2362/1742/930 2914/1743/931
f 2362/1742/930 1817/1741/929 2244/1744/932 2914/1743/931
f 2244/1744/932 1821/1745/933 2364/1746/934 2914/1743/931
f 2364/1746/934 1877/1659/630 2365/1658/901 2914/1743/931
f 2367/1662/904 1877/1659/630 2364/1746/934 2915/1747/935
f 2364/1746/934 1821/1745/933 2254/1748/936 2915/1747/935
f 2254/1748/936 1825/1749/937 2366/1750/938 2915/1747/935
f 2366/1750/938 1878/1663/905 2367/1662/904 2915/1747/935
f 2369/1666/660 1878/1663/905 2366/1750/938 2916/1751/939
f 2366/1750/938 1825/1749/937 2264/1752/940 2916/1751/939
f 2264/1752/940 1829/1753/941 2368/1754/942 2916/1751/939
f 2368/1754/942 1879/1667/906 2369/1666/660 2916/1751/939
f 2371/1670/676 1879/1667/906 2368/1754/942 2917/1755/943
f 2368/1754/942 1829/1753/941 2273/1756/944 2917/1755/943
f 2273/1756/944 1810/1757/945 2370/1758/946 2917/1755/943
f 2370/1758/946 1880/1671/581 2371/1670/676 2917/1755/943
f 2373/1674/907 1880/1671/581 2370/1758/946 2918/1759/947
f 2370/1758/946 1810/1757/945 2216/1760/948 2918/1759/947
f 2216/1760/948 1807/1761/949 2372/1762/950 2918/1759/947
f 2372/1762/950 1881/1675/561 2373/1674/907 2918/1759/947
f 2375/1678/908 1881/1675/561 2372/1762/950 2919/1763/951
f 2372/1762/950 1807/1761/949 2209/1764/952 2919/1763/951
f 2209/1764/952 1808/1765/953 2374/1766/954 2919/1763/951
f 2374/1766/954 1882/1679/563 2375/1678/908 2919/1763/951
f 2718/1767/955 1801/1768/956 2202/1769/957 2920/1770/958
f 2202/1769/957 1883/1682/556 2716/1681/909 2920/1770/958
f 2716/1681/909 2053/1686/579 2719/1771/959 2920/1770/958
f 2719/1771/959 2054/1772/960 2718/1767/955 2920/1770/958
f 2197/1773/961 1802/1774/962 2199/1775/963 2921/1776/964
f 2199/1775/963 1884/1688/910 2379/1687/548 2921/1776/964
f 2379/1687/548 1883/1682/556 2202/1769/957 2921/1776/964
f 2202/1769/957 1801/1768/956 2197/1773/961 2921/1776/964
f 2220/1777/965 1885/1694/595 2381/1693/594 2922/1778/966
f 2381/1693/594 1884/1688/910 2199/1775/963 2922/1778/966
f 2199/1775/963 1802/1774/962 2222/1779/967 2922/1778/966
f 2222/1779/967 1811/1780/968 2220/1777/965 2922/1778/966
f 2271/1781/969 1886/1698/911 2383/1697/683 2923/1782/970
f 2383/1697/683 1885/1694/595 2220/1777/965 2923/1782/970
f 2220/1777/965 1811/1780/968 2276/1783/971 2923/1782/970
f 2276/1783/971 1832/1784/972 2271/1781/969 2923/1782/970
f 2385/1701/675 1886/1698/911 2271/1781/969 2924/1786/974
f 2271/1781/969 1832/1784/972 2272/1787/975 2924/1786/974
f 2262/1791/979 1824/1792/980 2251/1789/977 2925/1790/978
f 2251/1789/977 1824/1792/980 2252/1795/983 2926/1794/982
f 2252/1795/983 1820/1796/984 2241/1793/981 2926/1794/982
f 2241/1793/981 1820/1796/984 2242/1799/987 2927/1798/986
f 2242/1799/987 1816/1800/988 2231/1797/985 2927/1798/986
f 2231/1797/985 1816/1800/988 2232/1803/991 2928/1802/990
f 2179/1805/993 1991/1806/994 2595/1807/995 2929/1808/996
f 2193/1809/997 2076/1810/998 2765/1811/999 2930/1812/1000
f 2765/1811/999 2077/1724/540 2396/1723/539 2930/1812/1000
f 2396/1723/539 1892/1728/547 2181/1813/1001 2930/1812/1000
f 2181/1813/1001 1794/1814/1002 2193/1809/997 2930/1812/1000
f 2760/1815/532 2075/1816/532 2763/1817/1003 2931/1818/1004
f 2763/1817/1003 2076/1810/998 2193/1809/997 2931/1818/1004
f 2193/1809/997 1794/1814/1002 2398/1819/1005 2931/1818/1004
f 2398/1819/1005 1894/1820/532 2760/1815/532 2931/1818/1004
f 2593/1823/1006 1991/1806/994 2179/1805/993 2932/1824/1007
f 2403/1827/532 1895/1826/532 2400/1825/1008 2933/1828/1009
f 2400/1825/1008 1793/1804/992 2232/1803/991 2933/1828/1009
f 2232/1803/991 1816/1800/988 2402/1829/1010 2933/1828/1009
f 2402/1829/1010 1896/1830/532 2403/1827/532 2933/1828/1009
f 2405/1831/532 1896/1830/532 2402/1829/1010 2934/1832/1011
f 2402/1829/1010 1816/1800/988 2242/1799/987 2934/1832/1011
f 2242/1799/987 1820/1796/984 2404/1833/1012 2934/1832/1011
f 2404/1833/1012 1897/1834/532 2405/1831/532 2934/1832/1011
f 2404/1833/1012 1820/1796/984 2252/1795/983 2935/1836/1013
f 2252/1795/983 1824/1792/980 2406/1837/1014 2935/1836/1013
f 2409/1839/532 1898/1838/532 2406/1837/1014 2936/1840/1015
f 2406/1837/1014 1824/1792/980 2262/1791/979 2936/1840/1015
f 2272/1787/975 1832/1784/972 2410/1845/1018 2937/1844/1017
f 2413/1847/532 1900/1846/532 2410/1845/1018 2938/1848/1019
f 2410/1845/1018 1832/1784/972 2276/1783/971 2938/1848/1019
f 2276/1783/971 1811/1780/968 2412/1849/1020 2938/1848/1019
f 2412/1849/1020 1901/1850/532 2413/1847/532 2938/1848/1019
f 2415/1851/532 1901/1850/532 2412/1849/1020 2939/1852/1021
f 2412/1849/1020 1811/1780/968 2222/1779/967 2939/1852/1021
f 2222/1779/967 1802/1774/962 2414/1853/1022 2939/1852/1021
f 2414/1853/1022 1902/1854/532 2415/1851/532 2939/1852/1021
f 2417/1855/532 1902/1854/532 2414/1853/1022 2940/1856/1023
f 2414/1853/1022 1802/1774/962 2197/1773/961 2940/1856/1023
f 2197/1773/961 1801/1768/956 2416/1857/1024 2940/1856/1023
f 2416/1857/1024 1903/1858/532 2417/1855/532 2940/1856/1023
f 2419/1859/532 1903/1858/532 2416/1857/1024 2941/1860/1025
f 2416/1857/1024 1801/1768/956 2718/1767/955 2941/1860/1025
f 2718/1767/955 2054/1772/960 2721/1861/1026 2941/1860/1025
f 2721/1861/1026 2055/1862/532 2419/1859/532 2941/1860/1025
f 2421/1863/532 1904/1864/532 2418/1865/1027 2942/1866/1028
f 2418/1865/1027 1808/1765/953 2209/1764/952 2942/1866/1028
f 2209/1764/952 1807/1761/949 2420/1867/1029 2942/1866/1028
f 2420/1867/1029 1905/1868/532 2421/1863/532 2942/1866/1028
f 2423/1869/532 1905/1868/532 2420/1867/1029 2943/1870/1030
f 2420/1867/1029 1807/1761/949 2216/1760/948 2943/1870/1030
f 2216/1760/948 1810/1757/945 2422/1871/1031 2943/1870/1030
f 2422/1871/1031 1906/1872/532 2423/1869/532 2943/1870/1030
f 2425/1873/532 1906/1872/532 2422/1871/1031 2944/1874/1032
f 2422/1871/1031 1810/1757/945 2273/1756/944 2944/1874/1032
f 2273/1756/944 1829/1753/941 2424/1875/1033 2944/1874/1032
f 2424/1875/1033 1907/1876/532 2425/1873/532 2944/1874/1032
f 2427/1877/532 1907/1876/532 2424/1875/1033 2945/1878/1034
f 2424/1875/1033 1829/1753/941 2264/1752/940 2945/1878/1034
f 2264/1752/940 1825/1749/937 2426/1879/1035 2945/1878/1034
f 2426/1879/1035 1908/1880/532 2427/1877/532 2945/1878/1034
f 2429/1881/532 1908/1880/532 2426/1879/1035 2946/1882/1036
f 2426/1879/1035 1825/1749/937 2254/1748/936 2946/1882/1036
f 2254/1748/936 1821/1745/933 2428/1883/1037 2946/1882/1036
f 2428/1883/1037 1909/1884/532 2429/1881/532 2946/1882/1036
f 2431/1885/532 1909/1884/532 2428/1883/1037 2947/1886/1038
f 2428/1883/1037 1821/1745/933 2244/1744/932 2947/1886/1038
f 2244/1744/932 1817/1741/929 2430/1887/1039 2947/1886/1038
f 2430/1887/1039 1910/1888/532 2431/1885/532 2947/1886/1038
f 2433/1889/532 1910/1888/532 2430/1887/1039 2948/1890/1040
f 2430/1887/1039 1817/1741/929 2234/1740/928 2948/1890/1040
f 2234/1740/928 1813/1737/925 2432/1891/1041 2948/1890/1040
f 2432/1891/1041 1911/1892/532 2433/1889/532 2948/1890/1040
f 2435/1893/532 1911/1892/532 2432/1891/1041 2949/1894/1042
f 2432/1891/1041 1813/1737/925 2224/1736/924 2949/1894/1042
f 2224/1736/924 1800/1733/921 2434/1895/1043 2949/1894/1042
f 2434/1895/1043 1912/1896/532 2435/1893/532 2949/1894/1042
f 2436/1897/532 1912/1896/532 2434/1895/1043 2950/1898/1044
f 2434/1895/1043 1800/1733/921 2566/1732/920 2950/1898/1044
f 2566/1732/920 1978/1731/919 2569/1899/1045 2950/1898/1044
f 2569/1899/1045 1979/1900/532 2436/1897/532 2950/1898/1044
f 2758/1436/532 2074/1435/532 2761/1901/532 2951/1902/532
f 2761/1901/532 2075/1816/532 2760/1815/532 2951/1902/532
f 2760/1815/532 1894/1820/532 2438/1903/532 2951/1902/532
f 2438/1903/532 1914/1437/532 2758/1436/532 2951/1902/532
f 2591/1904/532 1990/1822/532 2590/1821/532 2952/1905/532
f 2443/1516/532 1915/1410/532 2440/1906/532 2953/1907/532
f 2453/1599/532 1920/1589/532 2450/1916/532 2958/1917/532
f 2450/1916/532 1900/1846/532 2413/1847/532 2958/1917/532
f 2413/1847/532 1901/1850/532 2452/1918/532 2958/1917/532
f 2452/1918/532 1921/1499/532 2453/1599/532 2958/1917/532
f 2455/1500/532 1921/1499/532 2452/1918/532 2959/1919/532
f 2452/1918/532 1901/1850/532 2415/1851/532 2959/1919/532
f 2415/1851/532 1902/1854/532 2454/1920/532 2959/1919/532
f 2454/1920/532 1922/1450/532 2455/1500/532 2959/1919/532
f 2457/1451/532 1922/1450/532 2454/1920/532 2960/1921/532
f 2454/1920/532 1902/1854/532 2417/1855/532 2960/1921/532
f 2417/1855/532 1903/1858/532 2456/1922/532 2960/1921/532
f 2456/1922/532 1923/1452/532 2457/1451/532 2960/1921/532
f 2459/1476/532 1923/1452/532 2456/1922/532 2961/1923/532
f 2456/1922/532 1903/1858/532 2419/1859/532 2961/1923/532
f 2419/1859/532 2055/1862/532 2723/1924/532 2961/1923/532
f 2723/1924/532 2056/1477/532 2459/1476/532 2961/1923/532
f 2461/1472/532 1924/1471/532 2458/1925/532 2962/1926/532
f 2458/1925/532 1904/1864/532 2421/1863/532 2962/1926/532
f 2421/1863/532 1905/1868/532 2460/1927/532 2962/1926/532
f 2460/1927/532 1925/1473/532 2461/1472/532 2962/1926/532
f 2463/1484/532 1925/1473/532 2460/1927/532 2963/1928/532
f 2460/1927/532 1905/1868/532 2423/1869/532 2963/1928/532
f 2423/1869/532 1906/1872/532 2462/1929/532 2963/1928/532
f 2462/1929/532 1926/1485/532 2463/1484/532 2963/1928/532
f 2465/1592/532 1926/1485/532 2462/1929/532 2964/1930/532
f 2462/1929/532 1906/1872/532 2425/1873/532 2964/1930/532
f 2425/1873/532 1907/1876/532 2464/1931/532 2964/1930/532
f 2464/1931/532 1927/1575/532 2465/1592/532 2964/1930/532
f 2467/1576/532 1927/1575/532 2464/1931/532 2965/1932/532
f 2464/1931/532 1907/1876/532 2427/1877/532 2965/1932/532
f 2427/1877/532 1908/1880/532 2466/1933/532 2965/1932/532
f 2466/1933/532 1928/1557/532 2467/1576/532 2965/1932/532
f 2469/1558/532 1928/1557/532 2466/1933/532 2966/1934/532
f 2466/1933/532 1908/1880/532 2429/1881/532 2966/1934/532
f 2429/1881/532 1909/1884/532 2468/1935/532 2966/1934/532
f 2468/1935/532 1929/1539/532 2469/1558/532 2966/1934/532
f 2471/1540/532 1929/1539/532 2468/1935/532 2967/1936/532
f 2468/1935/532 1909/1884/532 2431/1885/532 2967/1936/532
f 2431/1885/532 1910/1888/532 2470/1937/532 2967/1936/532
f 2470/1937/532 1930/1521/532 2471/1540/532 2967/1936/532
f 2473/1522/532 1930/1521/532 2470/1937/532 2968/1938/532
f 2470/1937/532 1910/1888/532 2433/1889/532 2968/1938/532
f 2433/1889/532 1911/1892/532 2472/1939/532 2968/1938/532
f 2472/1939/532 1931/1503/532 2473/1522/532 2968/1938/532
f 2475/1504/532 1931/1503/532 2472/1939/532 2969/1940/532
f 2472/1939/532 1911/1892/532 2435/1893/532 2969/1940/532
f 2435/1893/532 1912/1896/532 2474/1941/532 2969/1940/532
f 2474/1941/532 1932/1429/532 2475/1504/532 2969/1940/532
f 2476/1430/532 1932/1429/532 2474/1941/532 2970/1942/532
f 2474/1941/532 1912/1896/532 2436/1897/532 2970/1942/532
f 2436/1897/532 1979/1900/532 2571/1943/532 2970/1942/532
f 2571/1943/532 1980/1431/532 2476/1430/532 2970/1942/532
f 2556/2030/804 2071/2031/805 2755/2032/805 2990/2033/804
f 2755/2032/805 2072/1395/805 2516/1394/804 2990/2033/804
f 2516/1394/804 1952/1405/812 2554/2034/1057 2990/2033/804
f 2554/2034/1057 1972/2035/1058 2556/2030/804 2990/2033/804
f 2579/2036/1059 1984/2038/1061 2084/2039/1062 2991/2037/1060
f 2084/2039/1062 1739/2040/1063 2518/2041/1064 2991/2037/1060
f 2518/2041/1064 1739/2040/1063 2103/2043/1066 2992/2042/1065
f 2730/1064/572 1741/1063/571 2095/2068/1096 3000/2069/1097
f 2731/2074/1098 2060/1065/573 2730/1064/572 3000/2069/1097
f 2750/2106/1117 2070/2107/1118 2753/2108/1119 3010/2109/1120
f 2753/2108/1119 2071/2031/805 2556/2030/804 3010/2109/1120
f 2556/2030/804 1972/2035/1058 2086/2110/1121 3010/2109/1120
f 2086/2110/1121 1734/2111/1122 2750/2106/1117 3010/2109/1120
f 2557/2112/522 1738/2113/522 2186/2114/522 3011/2115/522
f 2186/2114/522 1833/2116/522 2279/2117/522 3011/2115/522
f 2279/2117/522 1974/1422/522 2559/1420/522 3011/2115/522
f 2559/1420/522 1973/1419/522 2557/2112/522 3011/2115/522
f 2561/1600/856 1974/1422/522 2279/2117/522 3012/2118/1123
f 2279/2117/522 1833/2116/522 2277/2119/1124 3012/2118/1123
f 2277/2119/1124 1798/2120/1125 2560/2121/1126 3012/2118/1123
f 2560/2121/1126 1975/1004/524 2561/1600/856 3012/2118/1123
f 2563/1005/525 1975/1004/524 2560/2121/1126 3013/2122/1127
f 2560/2121/1126 1798/2120/1125 2189/2123/1128 3013/2122/1127
f 2189/2123/1128 1853/2124/1129 2319/2125/1130 3013/2122/1127
f 2319/2125/1130 1976/1007/527 2563/1005/525 3013/2122/1127
f 2565/1643/527 1976/1007/527 2319/2125/1130 3014/2126/1130
f 2319/2125/1130 1853/2124/1129 2317/2127/1129 3014/2126/1130
f 2317/2127/1129 1873/2128/1129 2359/2129/1130 3014/2126/1130
f 2359/2129/1130 1977/1645/527 2565/1643/527 3014/2126/1130
f 2567/1729/917 1977/1645/527 2359/2129/1130 3015/2130/1131
f 2359/2129/1130 1873/2128/1129 2357/2131/1132 3015/2130/1131
f 2357/2131/1132 1799/2132/1133 2191/2133/1134 3015/2130/1131
f 2191/2133/1134 1978/1731/919 2567/1729/917 3015/2130/1131
f 2568/2134/532 1979/1900/532 2569/1899/1045 3016/2135/1135
f 2569/1899/1045 1978/1731/919 2191/2133/1134 3016/2135/1135
f 2191/2133/1134 1799/2132/1133 2397/2136/1136 3016/2135/1135
f 2397/2136/1136 1893/2137/532 2568/2134/532 3016/2135/1135
f 2570/2138/532 1980/1431/532 2571/1943/532 3017/2139/532
f 2571/1943/532 1979/1900/532 2568/2134/532 3017/2139/532
f 2568/2134/532 1893/2137/532 2437/2140/532 3017/2139/532
f 2437/2140/532 1913/2141/532 2570/2138/532 3017/2139/532
f 2149/2142/1137 1981/1229/685 2573/1432/818 3018/2143/1138
f 2573/1432/818 1980/1431/532 2570/2138/532 3018/2143/1138
f 2570/2138/532 1913/2141/532 2188/2144/1139 3018/2143/1138
f 2188/2144/1139 1773/2145/1140 2149/2142/1137 3018/2143/1138
f 2575/1230/686 1981/1229/685 2149/2142/1137 3019/2146/1141
f 2149/2142/1137 1773/2145/1140 2147/2147/1142 3019/2146/1141
f 2147/2148/1142 1933/2149/1143 2479/2150/1144 3019/2151/1141
f 2479/2150/1144 1933/2149/1143 2477/2153/1143 3020/2152/1144
f 2477/2153/1143 1953/2154/1145 2519/2155/1144 3020/2152/1144
f 2519/2155/1144 1953/2154/1145 2517/2157/1147 3021/2156/1146
f 2517/2157/1147 1740/2158/1148 2578/2159/1149 3021/2156/1146
f 2578/2159/1149 1984/2038/1061 2579/2036/1059 3021/2156/1146
f 2748/1014/533 2069/1013/532 2751/2160/1150 3022/2161/1151
f 2751/2160/1150 2070/2162/1118 2750/2163/1117 3022/2161/1151
f 2750/2163/1117 1734/2164/1122 2580/2165/1152 3022/2161/1151
f 2580/2165/1152 1985/1016/535 2748/1014/533 3022/2161/1151
f 2580/2166/1152 1734/2168/1122 2086/2169/1121 3023/2167/1153
f 2086/2169/1121 1972/2170/1058 2582/2171/1154 3023/2167/1153
f 2582/2171/1154 1972/2170/1058 2554/2173/1057 3024/2172/1155
f 2554/2173/1057 1952/2174/812 2584/2175/1155 3024/2172/1155
f 2584/2175/1155 1952/2174/812 2514/2177/811 3025/2176/1156
f 2514/1403/811 1792/1402/810 2586/2178/1157 3025/2179/1156
f 2586/2178/1157 1988/1391/802 2587/1390/800 3025/2179/1156
f 2589/1406/813 1988/1391/802 2586/2178/1157 3026/2180/1158
f 2586/2178/1157 1792/1402/810 2178/1438/821 3026/2180/1158
f 2178/1438/821 1914/1437/532 2441/2181/532 3026/2180/1158
f 2441/2181/532 1989/1408/532 2589/1406/813 3026/2180/1158
f 2591/1904/532 1989/1408/532 2441/2181/532 3027/2182/532
f 2441/2181/532 1914/1437/532 2438/1903/532 3027/2182/532
f 2438/1903/532 1894/1820/532 2401/2183/532 3027/2182/532
f 2401/2183/532 1990/1822/532 2591/1904/532 3027/2182/532
f 2593/1823/1006 1990/1822/532 2401/2183/532 3028/2184/1159
f 2401/2183/532 1894/1820/532 2398/1819/1005 3028/2184/1159
f 2398/1819/1005 1794/1814/1002 2592/2185/1160 3028/2184/1159
f 2592/2185/1160 1991/1806/994 2593/1823/1006 3028/2184/1159
f 2595/1807/995 1991/1806/994 2592/2185/1160 3029/2186/1161
f 2592/2185/1160 1794/1814/1002 2181/1813/1001 3029/2186/1161
f 2181/1813/1001 1892/1728/547 2594/2187/1162 3029/2186/1161
f 2594/2187/1162 1992/1720/514 2595/1807/995 3029/2186/1161
f 2597/1721/514 1992/1720/514 2594/2187/1162 3030/2188/1162
f 2594/2187/1162 1892/1728/547 2394/1727/547 3030/2188/1162
f 2394/1727/547 1872/1029/547 2596/2189/1162 3030/2188/1162
f 2596/2189/1162 1993/986/514 2597/1721/514 3030/2188/1162
f 2599/987/515 1993/986/514 2596/2189/1162 3031/2190/1163
f 2596/2189/1162 1872/1029/547 2354/1028/546 3031/2190/1163
f 2354/1028/546 1795/1027/545 2598/2191/1164 3031/2190/1163
f 2598/2191/1164 1994/989/517 2599/987/515 3031/2190/1163
f 2600/2192/522 1995/1416/522 2601/1639/895 3032/2193/1165
f 2601/1639/895 1994/989/517 2598/2191/1164 3032/2193/1165
f 2598/2191/1164 1795/1027/545 2314/1640/896 3032/2193/1165
f 2314/1640/896 1852/1445/522 2600/2192/522 3032/2193/1165
f 2602/2194/522 1996/995/522 2603/1417/522 3033/2195/522
f 2603/1417/522 1995/1416/522 2600/2192/522 3033/2195/522
f 2600/2192/522 1852/1445/522 2180/1444/522 3033/2195/522
f 2180/1444/522 1736/1443/522 2602/2194/522 3033/2195/522
f 2604/996/522 1996/995/522 2602/2194/522 3034/2196/522
f 2602/2194/522 1736/1443/522 2088/1441/522 3034/2196/522
f 2088/1441/522 2039/1440/522 2691/2197/522 3034/2196/522
f 2691/2197/522 2040/998/522 2604/996/522 3034/2196/522
f 2606/2198/522 1998/2199/522 2607/2200/522 3035/2201/522
f 2607/2200/522 1997/2202/522 2605/2203/522 3035/2201/522
f 2605/2203/522 1738/2113/522 2557/2112/522 3035/2201/522
f 2557/2112/522 1973/1419/522 2606/2198/522 3035/2201/522
f 2609/2204/522 1998/2199/522 2606/2198/522 3036/2205/522
f 2606/2198/522 1973/1419/522 2083/1418/522 3036/2205/522
f 2083/1418/522 1737/1426/522 2608/2206/522 3036/2205/522
f 2608/2206/522 1999/2207/522 2609/2204/522 3036/2205/522
f 2611/2208/522 1999/2207/522 2608/2206/522 3037/2209/522
f 2608/2206/522 1737/1426/522 2102/1505/522 3037/2209/522
f 2102/1505/522 1750/1510/522 2610/2210/522 3037/2209/522
f 2610/2210/522 2000/2211/522 2611/2208/522 3037/2209/522
f 2613/2212/522 2000/2211/522 2610/2210/522 3038/2213/522
f 2610/2210/522 1750/1510/522 2106/1523/522 3038/2213/522
f 2106/1523/522 1754/1528/522 2612/2214/522 3038/2213/522
f 2612/2214/522 2001/2215/522 2613/2212/522 3038/2213/522
f 2615/2216/522 2001/2215/522 2612/2214/522 3039/2217/522
f 2612/2214/522 1754/1528/522 2113/1541/522 3039/2217/522
f 2113/1541/522 1758/1546/522 2614/2218/522 3039/2217/522
f 2614/2218/522 2002/2219/522 2615/2216/522 3039/2217/522
f 2617/2220/522 2002/2219/522 2614/2218/522 3040/2221/522
f 2614/2218/522 1758/1546/522 2120/1559/522 3040/2221/522
f 2120/1559/522 1762/1564/522 2616/2222/522 3040/2221/522
f 2616/2222/522 2003/2223/522 2617/2220/522 3040/2221/522
f 2619/2224/522 2003/2223/522 2616/2222/522 3041/2225/522
f 2616/2222/522 1762/1564/522 2127/1577/522 3041/2225/522
f 2127/1577/522 1766/1582/522 2618/2226/522 3041/2225/522
f 2618/2226/522 2004/2227/522 2619/2224/522 3041/2225/522
f 2621/2228/522 2004/2227/522 2618/2226/522 3042/2229/522
f 2618/2226/522 1766/1582/522 2134/1593/522 3042/2229/522
f 2134/1593/522 1770/1488/522 2620/2230/522 3042/2229/522
f 2620/2230/522 2005/2231/522 2621/2228/522 3042/2229/522
f 2623/2232/522 2005/2231/522 2620/2230/522 3043/2233/522
f 2620/2230/522 1770/1488/522 2141/1487/522 3043/2233/522
f 2141/1487/522 1746/1461/522 2622/2234/522 3043/2233/522
f 2622/2234/522 2006/2235/522 2623/2232/522 3043/2233/522
f 2625/2236/522 2006/2235/522 2622/2234/522 3044/2237/522
f 2622/2234/522 1746/1461/522 2093/1460/522 3044/2237/522
f 2093/1460/522 1745/1468/522 2624/2238/522 3044/2237/522
f 2624/2238/522 2007/2239/522 2625/2236/522 3044/2237/522
f 2627/2240/522 2007/2239/522 2624/2238/522 3045/2241/522
f 2624/2238/522 1745/1468/522 2203/1467/522 3045/2241/522
f 2203/1467/522 1842/1466/522 2297/2242/522 3045/2241/522
f 2297/2242/522 2008/2243/522 2627/2240/522 3045/2241/522
f 2629/2244/1166 2008/2243/522 2297/2242/522 3046/2245/1167
f 2297/2242/522 1842/1466/522 2294/1618/874 3046/2245/1167
f 2294/1618/874 1805/1056/565 2628/2246/1168 3046/2245/1167
f 2628/2246/1168 2009/2247/1169 2629/2244/1166 3046/2245/1167
f 2337/2248/1170 2010/2249/579 2631/2250/1171 3047/2251/1172
f 2631/2250/1171 2009/2247/1169 2628/2246/1168 3047/2251/1172
f 2628/2246/1168 1805/1056/565 2210/1055/564 3047/2251/1172
f 2210/1055/564 1862/1054/563 2337/2248/1170 3047/2251/1172
f 2377/2252/1170 2011/2253/579 2633/2254/579 3048/2255/1170
f 2633/2254/579 2010/2249/579 2337/2248/1170 3048/2255/1170
f 2337/2248/1170 1862/1054/563 2334/1680/563 3048/2255/1170
f 2334/1680/563 1882/1679/563 2377/2252/1170 3048/2255/1170
f 2211/2256/1173 2012/2257/1174 2635/2258/1175 3049/2259/1176
f 2635/2258/1175 2011/2253/579 2377/2252/1170 3049/2259/1176
f 2377/2252/1170 1882/1679/563 2374/1766/954 3049/2259/1176
f 2374/1766/954 1808/1765/953 2211/2256/1173 3049/2259/1176
f 2636/2260/532 2013/2261/532 2637/2262/1177 3050/2263/1178
f 2637/2262/1177 2012/2257/1174 2211/2256/1173 3050/2263/1178
f 2211/2256/1173 1808/1765/953 2418/1865/1027 3050/2263/1178
f 2418/1865/1027 1904/1864/532 2636/2260/532 3050/2263/1178
f 2638/2264/532 2014/2265/532 2639/2266/532 3051/2267/532
f 2639/2266/532 2013/2261/532 2636/2260/532 3051/2267/532
f 2636/2260/532 1904/1864/532 2458/1925/532 3051/2267/532
f 2458/1925/532 1924/1471/532 2638/2264/532 3051/2267/532
f 2166/2268/1179 2015/2269/1180 2641/2270/1181 3052/2271/1182
f 2641/2270/1181 2014/2265/532 2638/2264/532 3052/2271/1182
f 2638/2264/532 1924/1471/532 2208/1469/825 3052/2271/1182
f 2208/1469/825 1782/1305/740 2166/2268/1179 3052/2271/1182
f 2643/2276/1184 2015/2269/1180 2166/2268/1179 3053/2277/1185
f 2166/2268/1179 1782/1305/740 2164/1304/739 3053/2277/1185
f 2099/2286/1186 2018/2287/1187 2647/2288/1188 3055/2289/1189
f 2534/2293/1095 1747/2294/1094 2099/2286/1186 3055/2289/1189
f 2094/2295/1093 1748/2296/1090 2100/2297/1190 3056/2298/1191
f 2100/2297/1190 2019/2299/532 2649/2300/1192 3056/2298/1191
f 2649/2300/1192 2018/2287/1187 2099/2286/1186 3056/2298/1191
f 2099/2286/1186 1747/2294/1094 2094/2295/1093 3056/2298/1191
f 2145/2301/1193 2020/2302/532 2651/2303/532 3057/2304/1194
f 2651/2303/532 2019/2299/532 2100/2297/1190 3057/2304/1194
f 2100/2297/1190 1748/2296/1090 2143/2305/1089 3057/2304/1194
f 2143/2305/1089 1771/2306/1086 2145/2301/1193 3057/2304/1194
f 2138/2307/1195 2021/2308/532 2653/2309/532 3058/2310/1196
f 2653/2309/532 2020/2302/532 2145/2301/1193 3058/2310/1196
f 2136/2311/1085 1767/2312/1082 2138/2307/1195 3058/2310/1196
f 2131/2313/1197 2022/2314/532 2655/2315/532 3059/2316/1198
f 2655/2315/532 2021/2308/532 2138/2307/1195 3059/2316/1198
f 2138/2307/1195 1767/2312/1082 2129/2317/1081 3059/2316/1198
f 2129/2317/1081 1763/2318/1078 2131/2313/1197 3059/2316/1198
f 2124/2319/1199 2023/2320/532 2657/2321/532 3060/2322/1200
f 2657/2321/532 2022/2314/532 2131/2313/1197 3060/2322/1200
f 2131/2313/1197 1763/2318/1078 2122/2323/1077 3060/2322/1200
f 2122/2323/1077 1759/2324/1075 2124/2319/1199 3060/2322/1200
f 2117/2325/1201 2024/2326/532 2659/2327/532 3061/2328/1202
f 2659/2327/532 2023/2320/532 2124/2319/1199 3061/2328/1202
f 2124/2319/1199 1759/2324/1075 2115/2329/1074 3061/2328/1202
f 2115/2329/1074 1755/2330/1071 2117/2325/1201 3061/2328/1202
f 2110/2331/1203 2025/2332/532 2661/2333/532 3062/2334/1204
f 2661/2333/532 2024/2326/532 2117/2325/1201 3062/2334/1204
f 2117/2325/1201 1755/2330/1071 2108/2335/1070 3062/2334/1204
f 2108/2335/1070 1751/2336/1067 2110/2331/1203 3062/2334/1204
f 2089/2337/1205 2026/2338/532 2663/2339/532 3063/2340/1206
f 2663/2339/532 2025/2332/532 2110/2331/1203 3063/2340/1206
f 2103/2341/1066 1739/2342/1063 2089/2337/1205 3063/2340/1206
f 2084/2343/1062 1984/2344/1061 2581/2345/1207 3064/2346/1208
f 2581/2345/1207 2027/2347/532 2665/2348/532 3064/2346/1208
f 2665/2348/532 2026/2338/532 2089/2337/1205 3064/2346/1208
f 2089/2337/1205 1739/2342/1063 2084/2343/1062 3064/2346/1208
f 2667/2349/1209 2027/2347/532 2581/2345/1207 3065/2350/1210
f 2581/2345/1207 1984/2344/1061 2578/2351/1149 3065/2350/1210
f 2578/2351/1149 1740/2352/1148 2090/2353/1211 3065/2350/1210
f 2090/2353/1211 2028/2354/1212 2667/2349/1209 3065/2350/1210
f 2669/2355/1213 2028/2356/1212 2090/2357/1211 3066/2358/1214
f 2090/2357/1211 1740/2359/1148 2517/2360/1147 3066/2358/1214
f 2517/2360/1147 1953/2361/1145 2668/2362/1215 3066/2358/1214
f 2668/2362/1215 2029/2363/805 2669/2355/1213 3066/2358/1214
f 2671/2364/805 2029/2363/805 2668/2362/1215 3067/2365/1216
f 2668/2362/1215 1953/2361/1145 2477/2366/1143 3067/2365/1216
f 2477/2366/1143 1933/2367/1143 2670/2368/1216 3067/2365/1216
f 2670/2368/1216 2030/2369/805 2671/2364/805 3067/2365/1216
f 2673/2370/1217 2030/2369/805 2670/2368/1216 3068/2371/1218
f 2670/2368/1216 1933/2367/1143 2147/2372/1142 3068/2371/1218
f 2147/2147/1142 1773/2145/1140 2672/2373/1219 3068/2374/1218
f 2672/2373/1219 2031/2375/1220 2673/2376/1217 3068/2374/1218
f 2675/2377/1221 2031/2375/1220 2672/2373/1219 3069/2378/1222
f 2672/2373/1219 1773/2145/1140 2188/2144/1139 3069/2378/1222
f 2188/2144/1139 1913/2141/532 2439/2379/532 3069/2378/1222
f 2439/2379/532 2032/2380/532 2675/2377/1221 3069/2378/1222
f 2677/2381/532 2032/2380/532 2439/2379/532 3070/2382/532
f 2439/2379/532 1913/2141/532 2437/2140/532 3070/2382/532
f 2437/2140/532 1893/2137/532 2399/2383/532 3070/2382/532
f 2399/2383/532 2033/2384/532 2677/2381/532 3070/2382/532
f 2679/2385/1223 2033/2384/532 2399/2383/532 3071/2386/1224
f 2399/2383/532 1893/2137/532 2397/2136/1136 3071/2386/1224
f 2397/2136/1136 1799/2132/1133 2678/2387/1225 3071/2386/1224
f 2678/2387/1225 2034/2388/1226 2679/2385/1223 3071/2386/1224
f 2681/2389/1227 2034/2388/1226 2678/2387/1225 3072/2390/1228
f 2678/2387/1225 1799/2132/1133 2357/2131/1132 3072/2390/1228
f 2357/2131/1132 1873/2128/1129 2680/2391/1229 3072/2390/1228
f 2680/2391/1229 2035/2392/540 2681/2389/1227 3072/2390/1228
f 2683/2393/540 2035/2392/540 2680/2391/1229 3073/2394/1229
f 2680/2391/1229 1873/2128/1129 2317/2127/1129 3073/2394/1229
f 2317/2127/1129 1853/2124/1129 2682/2395/1229 3073/2394/1229
f 2682/2395/1229 2036/2396/540 2683/2393/540 3073/2394/1229
f 2685/2397/1230 2036/2396/540 2682/2395/1229 3074/2398/1231
f 2682/2395/1229 1853/2124/1129 2189/2123/1128 3074/2398/1231
f 2189/2123/1128 1798/2120/1125 2684/2399/1232 3074/2398/1231
f 2684/2399/1232 2037/2400/1233 2685/2397/1230 3074/2398/1231
f 2686/2401/522 2038/2402/522 2687/2403/1234 3075/2404/1235
f 2687/2403/1234 2037/2400/1233 2684/2399/1232 3075/2404/1235
f 2684/2399/1232 1798/2120/1125 2277/2119/1124 3075/2404/1235
f 2277/2119/1124 1833/2116/522 2686/2401/522 3075/2404/1235
f 2605/2203/522 1997/2202/522 2688/2405/522 3076/2406/522
f 2688/2405/522 2038/2402/522 2686/2401/522 3076/2406/522
f 2686/2401/522 1833/2116/522 2186/2114/522 3076/2406/522
f 2186/2114/522 1738/2113/522 2605/2203/522 3076/2406/522
f 2690/2407/522 2040/998/522 2691/2197/522 3077/2408/522
f 2691/2197/522 2039/1440/522 2689/2409/522 3077/2408/522
f 2689/2409/522 1997/2202/522 2607/2200/522 3077/2408/522
f 2607/2200/522 1998/2199/522 2690/2407/522 3077/2408/522
f 2693/999/522 2040/998/522 2690/2407/522 3078/2410/522
f 2690/2407/522 1998/2199/522 2609/2204/522 3078/2410/522
f 2609/2204/522 1999/2207/522 2692/2411/522 3078/2410/522
f 2692/2411/522 2041/1000/522 2693/999/522 3078/2410/522
f 2695/1096/522 2041/1000/522 2692/2411/522 3079/2412/522
f 2692/2411/522 1999/2207/522 2611/2208/522 3079/2412/522
f 2611/2208/522 2000/2211/522 2694/2413/522 3079/2412/522
f 2694/2413/522 2042/1098/522 2695/1096/522 3079/2412/522
f 2697/1120/522 2042/1098/522 2694/2413/522 3080/2414/522
f 2694/2413/522 2000/2211/522 2613/2212/522 3080/2414/522
f 2613/2212/522 2001/2215/522 2696/2415/522 3080/2414/522
f 2696/2415/522 2043/1122/522 2697/1120/522 3080/2414/522
f 2699/1144/522 2043/1122/522 2696/2415/522 3081/2416/522
f 2696/2415/522 2001/2215/522 2615/2216/522 3081/2416/522
f 2615/2216/522 2002/2219/522 2698/2417/522 3081/2416/522
f 2698/2417/522 2044/1146/522 2699/1144/522 3081/2416/522
f 2701/1168/522 2044/1146/522 2698/2417/522 3082/2418/522
f 2698/2417/522 2002/2219/522 2617/2220/522 3082/2418/522
f 2617/2220/522 2003/2223/522 2700/2419/522 3082/2418/522
f 2700/2419/522 2045/1170/522 2701/1168/522 3082/2418/522
f 2703/1192/522 2045/1170/522 2700/2419/522 3083/2420/522
f 2700/2419/522 2003/2223/522 2619/2224/522 3083/2420/522
f 2619/2224/522 2004/2227/522 2702/2421/522 3083/2420/522
f 2702/2421/522 2046/1194/522 2703/1192/522 3083/2420/522
f 2705/1216/522 2046/1194/522 2702/2421/522 3084/2422/522
f 2702/2421/522 2004/2227/522 2621/2228/522 3084/2422/522
f 2621/2228/522 2005/2231/522 2704/2423/522 3084/2422/522
f 2704/2423/522 2047/1073/522 2705/1216/522 3084/2422/522
f 2707/1074/522 2047/1073/522 2704/2423/522 3085/2424/522
f 2704/2423/522 2005/2231/522 2623/2232/522 3085/2424/522
f 2623/2232/522 2006/2235/522 2706/2425/522 3085/2424/522
f 2706/2425/522 2048/1043/522 2707/1074/522 3085/2424/522
f 2709/1044/522 2048/1043/522 2706/2425/522 3086/2426/522
f 2706/2425/522 2006/2235/522 2625/2236/522 3086/2426/522
f 2625/2236/522 2007/2239/522 2708/2427/522 3086/2426/522
f 2708/2427/522 2049/1045/522 2709/1044/522 3086/2426/522
f 2711/1479/522 2049/1045/522 2708/2427/522 3087/2428/522
f 2708/2427/522 2007/2239/522 2627/2240/522 3087/2428/522
f 2627/2240/522 2008/2243/522 2626/2429/522 3087/2428/522
f 2626/2429/522 2050/1481/522 2711/1479/522 3087/2428/522
f 2713/1619/875 2050/1481/522 2626/2429/522 3088/2430/1236
f 2626/2429/522 2008/2243/522 2629/2244/1166 3088/2430/1236
f 2629/2244/1166 2009/2247/1169 2712/2431/1237 3088/2430/1236
f 2712/2431/1237 2051/1069/577 2713/1619/875 3088/2430/1236
f 2630/2432/579 2052/1071/579 2715/1070/578 3089/2433/1238
f 2715/1070/578 2051/1069/577 2712/2431/1237 3089/2433/1238
f 2712/2431/1237 2009/2247/1169 2631/2250/1171 3089/2433/1238
f 2631/2250/1171 2010/2249/579 2630/2432/579 3089/2433/1238
f 2632/2434/579 2053/1686/579 2717/1685/579 3090/2435/579
f 2717/1685/579 2052/1071/579 2630/2432/579 3090/2435/579
f 2630/2432/579 2010/2249/579 2633/2254/579 3090/2435/579
f 2633/2254/579 2011/2253/579 2632/2434/579 3090/2435/579
f 2634/2436/1239 2054/1772/960 2719/1771/959 3091/2437/1240
f 2719/1771/959 2053/1686/579 2632/2434/579 3091/2437/1240
f 2632/2434/579 2011/2253/579 2635/2258/1175 3091/2437/1240
f 2635/2258/1175 2012/2257/1174 2634/2436/1239 3091/2437/1240
f 2720/2438/532 2055/1862/532 2721/1861/1026 3092/2439/1241
f 2721/1861/1026 2054/1772/960 2634/2436/1239 3092/2439/1241
f 2634/2436/1239 2012/2257/1174 2637/2262/1177 3092/2439/1241
f 2637/2262/1177 2013/2261/532 2720/2438/532 3092/2439/1241
f 2722/2440/532 2056/1477/532 2723/1924/532 3093/2441/532
f 2723/1924/532 2055/1862/532 2720/2438/532 3093/2441/532
f 2720/2438/532 2013/2261/532 2639/2266/532 3093/2441/532
f 2639/2266/532 2014/2265/532 2722/2440/532 3093/2441/532
f 2640/2442/1242 2057/1314/747 2725/1478/829 3094/2443/1243
f 2725/1478/829 2056/1477/532 2722/2440/532 3094/2443/1243
f 2722/2440/532 2014/2265/532 2641/2270/1181 3094/2443/1243
f 2641/2270/1181 2015/2269/1180 2640/2442/1242 3094/2443/1243
f 2727/1315/748 2057/1314/747 2640/2442/1242 3095/2446/1244
f 2640/2442/1242 2015/2269/1180 2643/2276/1184 3095/2446/1244
f 2646/2449/1181 2060/1065/573 2731/2074/1098 3097/2450/1245
f 2647/2288/1188 2018/2287/1187 2646/2449/1181 3097/2450/1245
f 2649/2300/1192 2019/2299/532 2648/2452/532 3098/2453/1192
f 2648/2452/532 2061/1058/532 2733/1057/566 3098/2453/1192
f 2733/1057/566 2060/1065/573 2646/2449/1181 3098/2453/1192
f 2646/2449/1181 2018/2287/1187 2649/2300/1192 3098/2453/1192
f 2650/2454/532 2062/1089/532 2735/1088/532 3099/2455/532
f 2735/1088/532 2061/1058/532 2648/2452/532 3099/2455/532
f 2648/2452/532 2019/2299/532 2651/2303/532 3099/2455/532
f 2651/2303/532 2020/2302/532 2650/2454/532 3099/2455/532
f 2652/2456/532 2063/1208/532 2737/1224/532 3100/2457/532
f 2737/1224/532 2062/1089/532 2650/2454/532 3100/2457/532
f 2650/2454/532 2020/2302/532 2653/2309/532 3100/2457/532
f 2653/2309/532 2021/2308/532 2652/2456/532 3100/2457/532
f 2654/2458/532 2064/1184/532 2739/1209/532 3101/2459/532
f 2739/1209/532 2063/1208/532 2652/2456/532 3101/2459/532
f 2652/2456/532 2021/2308/532 2655/2315/532 3101/2459/532
f 2655/2315/532 2022/2314/532 2654/2458/532 3101/2459/532
f 2656/2460/532 2065/1160/532 2741/1185/532 3102/2461/532
f 2741/1185/532 2064/1184/532 2654/2458/532 3102/2461/532
f 2654/2458/532 2022/2314/532 2657/2321/532 3102/2461/532
f 2657/2321/532 2023/2320/532 2656/2460/532 3102/2461/532
f 2658/2462/532 2066/1136/532 2743/1161/532 3103/2463/532
f 2743/1161/532 2065/1160/532 2656/2460/532 3103/2463/532
f 2656/2460/532 2023/2320/532 2659/2327/532 3103/2463/532
f 2659/2327/532 2024/2326/532 2658/2462/532 3103/2463/532
f 2660/2464/532 2067/1112/532 2745/1137/532 3104/2465/532
f 2745/1137/532 2066/1136/532 2658/2462/532 3104/2465/532
f 2658/2462/532 2024/2326/532 2661/2333/532 3104/2465/532
f 2661/2333/532 2025/2332/532 2660/2464/532 3104/2465/532
f 2662/2466/532 2068/1020/532 2747/1113/532 3105/2467/532
f 2747/1113/532 2067/1112/532 2660/2464/532 3105/2467/532
f 2660/2464/532 2025/2332/532 2663/2339/532 3105/2467/532
f 2663/2339/532 2026/2338/532 2662/2466/532 3105/2467/532
f 2665/2348/532 2027/2347/532 2664/2468/532 3106/2469/532
f 2664/2468/532 2069/1013/532 2749/1012/532 3106/2469/532
f 2749/1012/532 2068/1020/532 2662/2466/532 3106/2469/532
f 2662/2466/532 2026/2338/532 2665/2348/532 3106/2469/532
f 2751/2160/1150 2069/1013/532 2664/2468/532 3107/2470/1246
f 2664/2468/532 2027/2347/532 2667/2349/1209 3107/2470/1246
f 2667/2349/1209 2028/2354/1212 2666/2471/1247 3107/2470/1246
f 2666/2471/1247 2070/2162/1118 2751/2160/1150 3107/2470/1246
f 2753/2108/1119 2070/2107/1118 2666/2472/1247 3108/2473/1248
f 2666/2472/1247 2028/2356/1212 2669/2355/1213 3108/2473/1248
f 2669/2355/1213 2029/2363/805 2752/2474/805 3108/2473/1248
f 2752/2474/805 2071/2031/805 2753/2108/1119 3108/2473/1248
f 2755/2032/805 2071/2031/805 2752/2474/805 3109/2475/805
f 2752/2474/805 2029/2363/805 2671/2364/805 3109/2475/805
f 2671/2364/805 2030/2369/805 2754/2476/805 3109/2475/805
f 2754/2476/805 2072/1395/805 2755/2032/805 3109/2475/805
f 2757/1396/806 2072/1395/805 2754/2476/805 3110/2477/1249
f 2754/2476/805 2030/2369/805 2673/2370/1217 3110/2477/1249
f 2673/2376/1217 2031/2375/1220 2756/2478/1250 3110/2479/1249
f 2756/2478/1250 2073/1399/808 2757/1398/806 3110/2479/1249
f 2759/1433/819 2073/1399/808 2756/2478/1250 3111/2480/1251
f 2756/2478/1250 2031/2375/1220 2675/2377/1221 3111/2480/1251
f 2675/2377/1221 2032/2380/532 2674/2481/532 3111/2480/1251
f 2674/2481/532 2074/1435/532 2759/1433/819 3111/2480/1251
f 2761/1901/532 2074/1435/532 2674/2481/532 3112/2482/532
f 2674/2481/532 2032/2380/532 2677/2381/532 3112/2482/532
f 2677/2381/532 2033/2384/532 2676/2483/532 3112/2482/532
f 2676/2483/532 2075/1816/532 2761/1901/532 3112/2482/532
f 2763/1817/1003 2075/1816/532 2676/2483/532 3113/2484/1252
f 2676/2483/532 2033/2384/532 2679/2385/1223 3113/2484/1252
f 2679/2385/1223 2034/2388/1226 2762/2485/1253 3113/2484/1252
f 2762/2485/1253 2076/1810/998 2763/1817/1003 3113/2484/1252
f 2765/1811/999 2076/1810/998 2762/2485/1253 3114/2486/1254
f 2762/2485/1253 2034/2388/1226 2681/2389/1227 3114/2486/1254
f 2681/2389/1227 2035/2392/540 2764/2487/540 3114/2486/1254
f 2764/2487/540 2077/1724/540 2765/1811/999 3114/2486/1254
f 2767/1725/540 2077/1724/540 2764/2487/540 3115/2488/540
f 2764/2487/540 2035/2392/540 2683/2393/540 3115/2488/540
f 2683/2393/540 2036/2396/540 2766/2489/540 3115/2488/540
f 2766/2489/540 2078/1022/540 2767/1725/540 3115/2488/540
f 2769/1023/541 2078/1022/540 2766/2489/540 3116/2490/1255
f 2766/2489/540 2036/2396/540 2685/2397/1230 3116/2490/1255
f 2685/2397/1230 2037/2400/1233 2768/2491/1256 3116/2490/1255
f 2768/2491/1256 2079/1025/543 2769/1023/541 3116/2490/1255
f 2770/2492/522 2080/1447/522 2771/1642/898 3117/2493/1257
f 2771/1642/898 2079/1025/543 2768/2491/1256 3117/2493/1257
f 2768/2491/1256 2037/2400/1233 2687/2403/1234 3117/2493/1257
f 2687/2403/1234 2038/2402/522 2770/2492/522 3117/2493/1257
f 2688/2405/522 1997/2202/522 2689/2409/522 3118/2494/522
f 2689/2409/522 2039/1440/522 2772/1439/522 3118/2494/522
f 2772/1439/522 2080/1447/522 2770/2492/522 3118/2494/522
f 2770/2492/522 2038/2402/522 2688/2405/522 3118/2494/522
usemtl receptionTableUnder
f 2748/1014/533 1985/1016/535 2081/1017/536 2776/1015/534
f 2081/1017/536 1733/1018/537 2746/1019/538 2776/1015/534
f 2104/1108/602 1752/1110/604 2744/1111/605 2789/1109/603
f 2744/1111/605 2067/1112/532 2747/1113/532 2789/1109/603
f 2740/1159/637 1760/1158/636 2123/1180/650 2801/1181/651
f 2123/1180/650 1764/1182/652 2738/1183/653 2801/1181/651
f 2738/1183/653 1764/1182/652 2130/1204/666 2805/1205/667
f 2130/1204/666 1768/1206/668 2736/1207/669 2805/1205/667
f 2137/1222/679 1772/1085/587 2734/1084/586 2809/1223/680
f 2575/1232/686 1982/1233/688 2574/1234/689 2811/1235/687
f 2574/1234/689 1934/1236/690 2148/1237/691 2811/1235/687
f 2148/1237/691 1934/1236/690 2481/1242/695 2812/1243/694
f 2481/1242/695 1935/1244/696 2150/1245/697 2812/1243/694
f 2150/1245/697 1935/1244/696 2483/1250/701 2813/1251/700
f 2483/1250/701 1936/1252/702 2152/1253/703 2813/1251/700
f 2152/1253/703 1936/1252/702 2485/1258/707 2814/1259/706
f 2485/1258/707 1937/1260/708 2154/1261/709 2814/1259/706
f 2154/1261/709 1937/1260/708 2487/1266/713 2815/1267/712
f 2487/1266/713 1938/1268/714 2156/1269/715 2815/1267/712
f 2156/1274/715 1938/1275/714 2489/1276/719 2816/1277/718
f 2489/1276/719 1939/1278/720 2158/1279/721 2816/1277/718
f 2158/1279/721 1939/1278/720 2491/1284/725 2817/1285/724
f 2491/1284/725 1940/1286/726 2160/1287/727 2817/1285/724
f 2160/1287/727 1940/1286/726 2493/1292/731 2818/1293/730
f 2493/1292/731 1941/1294/732 2162/1295/733 2818/1293/730
f 2162/1295/733 1941/1294/732 2495/1300/737 2819/1301/736
f 2495/1300/737 1942/1302/738 2164/1303/739 2819/1301/736
f 2726/1306/741 1943/1307/742 2496/1308/743 2820/1309/744
f 2727/1316/748 2058/1317/749 2726/1318/741 2820/1319/744
f 2499/1320/750 1944/1321/751 2498/1322/752 2821/1323/753
f 2496/1308/743 1943/1307/742 2499/1320/750 2821/1323/753
f 2498/1322/752 1944/1321/751 2501/1332/760 2822/1333/759
f 2501/1332/760 1945/1334/761 2500/1335/756 2822/1333/759
f 2502/1336/762 1786/1337/763 2169/1338/764 2823/1339/765
f 2500/1335/756 1945/1334/761 2503/1340/766 2823/1341/765
f 2503/1340/766 1946/1342/767 2502/1343/762 2823/1341/765
f 2504/1344/768 1787/1345/769 2170/1346/770 2824/1347/771
f 2170/1346/770 1786/1337/763 2502/1336/762 2824/1347/771
f 2502/1343/762 1946/1342/767 2505/1348/772 2824/1349/771
f 2505/1348/772 1947/1350/773 2504/1351/768 2824/1349/771
f 2171/1354/776 1787/1345/769 2504/1344/768 2825/1355/777
f 2504/1356/768 1947/1357/773 2507/1358/778 2825/1359/777
f 2507/1358/778 1948/1360/779 2506/1361/774 2825/1359/777
f 2506/1361/774 1948/1360/779 2509/1366/784 2826/1367/783
f 2509/1366/784 1949/1368/785 2508/1369/780 2826/1367/783
f 2508/1369/780 1949/1368/785 2511/1374/790 2827/1375/789
f 2511/1374/790 1950/1376/791 2510/1377/786 2827/1375/789
f 2510/1377/786 1950/1376/791 2513/1382/796 2828/1383/795
f 2513/1382/796 1951/1384/797 2512/1385/792 2828/1383/795
f 2515/1386/798 1987/1387/799 2587/1388/800 2829/1389/801
f 2587/1390/800 1988/1391/802 2175/1392/803 2829/1393/801
f 2175/1392/803 1791/1379/793 2512/1378/792 2829/1393/801
f 2512/1385/792 1951/1384/797 2515/1386/798 2829/1389/801
f 2177/1411/815 1791/1379/793 2175/1392/803 2831/1407/814
f 2174/1380/794 1791/1379/793 2177/1411/815 2850/1515/836
f 2177/1411/815 1915/1410/532 2443/1516/532 2850/1515/836
f 2443/1516/532 1916/1517/532 2230/1518/837 2850/1515/836
f 2250/1554/845 1918/1553/532 2449/1570/532 2862/1569/848
f 2449/1570/532 1919/1571/532 2260/1572/849 2862/1569/848
f 2260/1572/849 1787/1345/769 2171/1354/776 2862/1569/848
f 2170/1346/770 1787/1345/769 2260/1572/849 2866/1587/852
f 2260/1572/849 1919/1571/532 2451/1588/532 2866/1587/852
f 2451/1588/532 1920/1589/532 2270/1590/853 2866/1587/852
f 2270/1590/853 1786/1337/763 2170/1346/770 2866/1587/852
f 2384/1699/912 1887/1702/912 2387/1705/659 2905/1704/659
f 2387/1705/659 1888/1706/642 2386/1703/642 2905/1704/659
f 2386/1703/642 1888/1706/642 2389/1709/643 2906/1708/643
f 2389/1709/643 1889/1710/626 2388/1707/626 2906/1708/643
f 2388/1707/626 1889/1710/626 2391/1713/913 2907/1712/627
f 2391/1713/913 1890/1714/610 2390/1711/610 2907/1712/627
f 2390/1711/610 1890/1714/610 2393/1717/916 2908/1716/915
f 2261/1785/973 1887/1702/912 2385/1701/675 2924/1786/974
f 2272/1787/975 1828/1788/976 2261/1785/973 2924/1786/974
f 2251/1789/977 1888/1706/642 2387/1705/659 2925/1790/978
f 2387/1705/659 1887/1702/912 2261/1785/973 2925/1790/978
f 2261/1785/973 1828/1788/976 2262/1791/979 2925/1790/978
f 2241/1793/981 1889/1710/626 2389/1709/643 2926/1794/982
f 2389/1709/643 1888/1706/642 2251/1789/977 2926/1794/982
f 2231/1797/985 1890/1714/610 2391/1713/913 2927/1798/986
f 2391/1713/913 1889/1710/626 2241/1793/981 2927/1798/986
f 2184/1801/989 1891/1718/521 2393/1717/916 2928/1802/990
f 2393/1717/916 1890/1714/610 2231/1797/985 2928/1802/990
f 2232/1803/991 1793/1804/992 2184/1801/989 2928/1802/990
f 2595/1807/995 1992/1720/514 2395/1719/513 2929/1808/996
f 2395/1719/513 1891/1718/521 2184/1801/989 2929/1808/996
f 2184/1801/989 1793/1804/992 2179/1805/993 2929/1808/996
f 2590/1821/532 1990/1822/532 2593/1823/1006 2932/1824/1007
f 2179/1805/993 1793/1804/992 2400/1825/1008 2932/1824/1007
f 2400/1825/1008 1895/1826/532 2590/1821/532 2932/1824/1007
f 2407/1835/532 1897/1834/532 2404/1833/1012 2935/1836/1013
f 2406/1837/1014 1898/1838/532 2407/1835/532 2935/1836/1013
f 2262/1791/979 1828/1788/976 2408/1841/1016 2936/1840/1015
f 2408/1841/1016 1899/1842/532 2409/1839/532 2936/1840/1015
f 2411/1843/532 1899/1842/532 2408/1841/1016 2937/1844/1017
f 2408/1841/1016 1828/1788/976 2272/1787/975 2937/1844/1017
f 2410/1845/1018 1900/1846/532 2411/1843/532 2937/1844/1017
f 2588/1409/532 1989/1408/532 2591/1904/532 2952/1905/532
f 2590/1821/532 1895/1826/532 2440/1906/532 2952/1905/532
f 2440/1906/532 1915/1410/532 2588/1409/532 2952/1905/532
f 2440/1906/532 1895/1826/532 2403/1827/532 2953/1907/532
f 2403/1827/532 1896/1830/532 2442/1908/532 2953/1907/532
f 2442/1908/532 1916/1517/532 2443/1516/532 2953/1907/532
f 2445/1534/532 1916/1517/532 2442/1908/532 2954/1909/532
f 2442/1908/532 1896/1830/532 2405/1831/532 2954/1909/532
f 2405/1831/532 1897/1834/532 2444/1910/532 2954/1909/532
f 2444/1910/532 1917/1535/532 2445/1534/532 2954/1909/532
f 2447/1552/532 1917/1535/532 2444/1910/532 2955/1911/532
f 2444/1910/532 1897/1834/532 2407/1835/532 2955/1911/532
f 2407/1835/532 1898/1838/532 2446/1912/532 2955/1911/532
f 2446/1912/532 1918/1553/532 2447/1552/532 2955/1911/532
f 2449/1570/532 1918/1553/532 2446/1912/532 2956/1913/532
f 2446/1912/532 1898/1838/532 2409/1839/532 2956/1913/532
f 2409/1839/532 1899/1842/532 2448/1914/532 2956/1913/532
f 2448/1914/532 1919/1571/532 2449/1570/532 2956/1913/532
f 2451/1588/532 1919/1571/532 2448/1914/532 2957/1915/532
f 2448/1914/532 1899/1842/532 2411/1843/532 2957/1915/532
f 2411/1843/532 1900/1846/532 2450/1916/532 2957/1915/532
f 2450/1916/532 1920/1589/532 2451/1588/532 2957/1915/532
f 2574/1234/689 1982/1233/688 2577/1944/688 2971/1945/689
f 2577/1944/688 1983/1946/688 2576/1947/689 2971/1945/689
f 2576/1947/689 1954/1948/690 2478/1949/690 2971/1945/689
f 2478/1949/690 1934/1236/690 2574/1234/689 2971/1945/689
f 2481/1242/695 1934/1236/690 2478/1949/690 2972/1950/695
f 2478/1949/690 1954/1948/690 2521/1951/695 2972/1950/695
f 2521/1951/695 1955/1952/696 2480/1953/696 2972/1950/695
f 2480/1953/696 1935/1244/696 2481/1242/695 2972/1950/695
f 2483/1250/701 1935/1244/696 2480/1953/696 2973/1954/701
f 2480/1953/696 1955/1952/696 2523/1955/701 2973/1954/701
f 2523/1955/701 1956/1956/702 2482/1957/702 2973/1954/701
f 2482/1957/702 1936/1252/702 2483/1250/701 2973/1954/701
f 2485/1258/707 1936/1252/702 2482/1957/702 2974/1958/1046
f 2482/1957/702 1956/1956/702 2525/1959/1046 2974/1958/1046
f 2525/1959/1046 1957/1960/708 2484/1961/708 2974/1958/1046
f 2484/1961/708 1937/1260/708 2485/1258/707 2974/1958/1046
f 2487/1266/713 1937/1260/708 2484/1961/708 2975/1962/713
f 2484/1961/708 1957/1960/708 2527/1963/1047 2975/1962/713
f 2527/1963/1047 1958/1964/1048 2486/1965/714 2975/1962/713
f 2486/1965/714 1938/1268/714 2487/1266/713 2975/1962/713
f 2489/1276/719 1938/1275/714 2486/1966/714 2976/1967/719
f 2486/1966/714 1958/1968/1048 2529/1969/719 2976/1967/719
f 2529/1969/719 1959/1970/1049 2488/1971/720 2976/1967/719
f 2488/1971/720 1939/1278/720 2489/1276/719 2976/1967/719
f 2491/1284/725 1939/1278/720 2488/1971/720 2977/1972/1050
f 2488/1971/720 1959/1970/1049 2531/1973/1050 2977/1972/1050
f 2531/1973/1050 1960/1974/726 2490/1975/726 2977/1972/1050
f 2490/1975/726 1940/1286/726 2491/1284/725 2977/1972/1050
f 2493/1292/731 1940/1286/726 2490/1975/726 2978/1976/731
f 2490/1975/726 1960/1974/726 2533/1977/731 2978/1976/731
f 2533/1977/731 1961/1978/732 2492/1979/732 2978/1976/731
f 2492/1979/732 1941/1294/732 2493/1292/731 2978/1976/731
f 2495/1300/737 1941/1294/732 2492/1979/732 2979/1980/1051
f 2492/1979/732 1961/1978/732 2535/1981/1051 2979/1980/1051
f 2535/1981/1051 1962/1982/738 2494/1983/738 2979/1980/1051
f 2494/1983/738 1942/1302/738 2495/1300/737 2979/1980/1051
f 2728/1984/741 1963/1985/742 2536/1986/742 2980/1987/1052
f 2536/1986/742 1943/1307/742 2726/1306/741 2980/1987/1052
f 2726/1318/741 2058/1317/749 2729/1988/749 2980/1989/1052
f 2729/1988/749 2059/1990/749 2728/1991/741 2980/1989/1052
f 2539/1992/1053 1964/1993/751 2538/1994/751 2981/1995/1053
f 2538/1994/751 1944/1321/751 2499/1320/750 2981/1995/1053
f 2499/1320/750 1943/1307/742 2536/1986/742 2981/1995/1053
f 2536/1986/742 1963/1985/742 2539/1992/1053 2981/1995/1053
f 2540/1996/761 1945/1334/761 2501/1332/760 2982/1997/760
f 2501/1332/760 1944/1321/751 2538/1994/751 2982/1997/760
f 2538/1994/751 1964/1993/751 2541/1998/760 2982/1997/760
f 2541/1998/760 1965/1999/761 2540/1996/761 2982/1997/760
f 2542/2000/767 1946/1342/767 2503/1340/766 2983/2001/766
f 2503/1340/766 1945/1334/761 2540/1996/761 2983/2001/766
f 2540/1996/761 1965/1999/761 2543/2002/766 2983/2001/766
f 2543/2002/766 1966/2003/767 2542/2000/767 2983/2001/766
f 2544/2004/773 1947/1350/773 2505/1348/772 2984/2005/772
f 2505/1348/772 1946/1342/767 2542/2000/767 2984/2005/772
f 2542/2000/767 1966/2003/767 2545/2006/772 2984/2005/772
f 2545/2006/772 1967/2007/773 2544/2004/773 2984/2005/772
f 2546/2008/1054 1948/1360/779 2507/1358/778 2985/2009/778
f 2507/1358/778 1947/1357/773 2544/2010/773 2985/2009/778
f 2544/2010/773 1967/2011/773 2547/2012/778 2985/2009/778
f 2547/2012/778 1968/2013/779 2546/2008/1054 2985/2009/778
f 2548/2014/785 1949/1368/785 2509/1366/784 2986/2015/1055
f 2509/1366/784 1948/1360/779 2546/2008/1054 2986/2015/1055
f 2546/2008/1054 1968/2013/779 2549/2016/784 2986/2015/1055
f 2549/2016/784 1969/2017/785 2548/2014/785 2986/2015/1055
f 2550/2018/791 1950/1376/791 2511/1374/790 2987/2019/790
f 2511/1374/790 1949/1368/785 2548/2014/785 2987/2019/790
f 2548/2014/785 1969/2017/785 2551/2020/626 2987/2019/790
f 2551/2020/626 1970/2021/791 2550/2018/791 2987/2019/790
f 2552/2022/1056 1951/1384/797 2513/1382/796 2988/2023/796
f 2513/1382/796 1950/1376/791 2550/2018/791 2988/2023/796
f 2550/2018/791 1970/2021/791 2553/2024/796 2988/2023/796
f 2553/2024/796 1971/2025/797 2552/2022/1056 2988/2023/796
f 2555/2026/798 1986/2027/799 2585/2028/799 2989/2029/798
f 2585/2028/799 1987/1387/799 2515/1386/798 2989/2029/798
f 2515/1386/798 1951/1384/797 2552/2022/1056 2989/2029/798
f 2552/2022/1056 1971/2025/797 2555/2026/798 2989/2029/798
f 2576/1947/689 1983/1946/688 2579/2036/1059 2991/2037/1060
f 2518/2041/1064 1954/1948/690 2576/1947/689 2991/2037/1060
f 2521/1951/695 1954/1948/690 2518/2041/1064 2992/2042/1065
f 2103/2043/1066 1751/2044/1067 2520/2045/1068 2992/2042/1065
f 2520/2045/1068 1955/1952/696 2521/1951/695 2992/2042/1065
f 2523/1955/701 1955/1952/696 2520/2045/1068 2993/2046/1069
f 2520/2045/1068 1751/2044/1067 2108/2047/1070 2993/2046/1069
f 2108/2047/1070 1755/2048/1071 2522/2049/1072 2993/2046/1069
f 2522/2049/1072 1956/1956/702 2523/1955/701 2993/2046/1069
f 2525/1959/1046 1956/1956/702 2522/2049/1072 2994/2050/1073
f 2522/2049/1072 1755/2048/1071 2115/2051/1074 2994/2050/1073
f 2115/2051/1074 1759/2052/1075 2524/2053/709 2994/2050/1073
f 2524/2053/709 1957/1960/708 2525/1959/1046 2994/2050/1073
f 2527/1963/1047 1957/1960/708 2524/2053/709 2995/2054/1076
f 2524/2053/709 1759/2052/1075 2122/2055/1077 2995/2054/1076
f 2122/2056/1077 1763/2057/1078 2526/2057/1079 2995/2056/1076
f 2526/2058/1079 1958/1964/1048 2527/1963/1047 2995/2054/1076
f 2529/1969/719 1958/1968/1048 2526/2057/1079 2996/2059/1080
f 2526/2057/1079 1763/2057/1078 2129/2059/1081 2996/2059/1080
f 2129/2059/1081 1767/2060/1082 2528/2060/1083 2996/2059/1080
f 2528/2060/1083 1959/1970/1049 2529/1969/719 2996/2059/1080
f 2531/1973/1050 1959/1970/1049 2528/2060/1083 2997/2061/1084
f 2528/2060/1083 1767/2060/1082 2136/2061/1085 2997/2061/1084
f 2136/2061/1085 1771/2062/1086 2530/2062/1087 2997/2061/1084
f 2530/2062/1087 1960/1974/726 2531/1973/1050 2997/2061/1084
f 2533/1977/731 1960/1974/726 2530/2062/1087 2998/2063/1088
f 2530/2062/1087 1771/2062/1086 2143/2063/1089 2998/2063/1088
f 2143/2063/1089 1748/2064/1090 2532/2064/1091 2998/2063/1088
f 2532/2064/1091 1961/1978/732 2533/1977/731 2998/2063/1088
f 2535/1981/1051 1961/1978/732 2532/2064/1091 2999/2065/1092
f 2532/2064/1091 1748/2064/1090 2094/2065/1093 2999/2065/1092
f 2094/2065/1093 1747/2066/1094 2534/2067/1095 2999/2065/1092
f 2534/2067/1095 1962/1982/738 2535/1981/1051 2999/2065/1092
f 2095/2070/1096 1963/1985/742 2728/1984/741 3000/2071/1097
f 2728/1991/741 2059/1990/749 2731/2072/1098 3000/2073/1097
f 2091/2075/570 1742/2076/569 2096/2076/1099 3001/2075/1100
f 2096/2076/1099 1964/1993/751 2539/1992/1053 3001/2075/1100
f 2539/1992/1053 1963/1985/742 2095/2070/1096 3001/2075/1100
f 2095/2070/1096 1741/2077/571 2091/2075/570 3001/2075/1100
f 2146/2078/1101 1965/1999/761 2541/1998/760 3002/2079/1102
f 2541/1998/760 1964/1993/751 2096/2076/1099 3002/2079/1102
f 2096/2076/1099 1742/2076/569 2144/2079/588 3002/2079/1102
f 2144/2079/588 1772/2078/587 2146/2078/1101 3002/2079/1102
f 2139/2080/1103 1966/2003/767 2543/2002/766 3003/2081/1104
f 2543/2002/766 1965/1999/761 2146/2078/1101 3003/2081/1104
f 2146/2078/1101 1772/2078/587 2137/2081/679 3003/2081/1104
f 2137/2081/679 1768/2080/668 2139/2080/1103 3003/2081/1104
f 2132/2082/1105 1967/2007/773 2545/2006/772 3004/2083/1106
f 2545/2006/772 1966/2003/767 2139/2080/1103 3004/2083/1106
f 2139/2080/1103 1768/2080/668 2130/2083/666 3004/2083/1106
f 2130/2083/666 1764/2082/652 2132/2082/1105 3004/2083/1106
f 2125/2084/1107 1968/2013/779 2547/2012/778 3005/2085/1108
f 2547/2012/778 1967/2011/773 2132/2086/1105 3005/2085/1108
f 2132/2086/1105 1764/2087/652 2123/2088/650 3005/2085/1108
f 2123/2088/650 1760/2089/636 2125/2084/1107 3005/2085/1108
f 2118/2090/1109 1969/2017/785 2549/2016/784 3006/2091/1110
f 2549/2016/784 1968/2013/779 2125/2084/1107 3006/2091/1110
f 2125/2084/1107 1760/2089/636 2116/2092/634 3006/2091/1110
f 2116/2092/634 1756/2093/620 2118/2090/1109 3006/2091/1110
f 2111/2094/1111 1970/2021/791 2551/2020/626 3007/2095/1112
f 2551/2020/626 1969/2017/785 2118/2090/1109 3007/2095/1112
f 2118/2090/1109 1756/2093/620 2109/2096/618 3007/2095/1112
f 2109/2096/618 1752/2097/604 2111/2094/1111 3007/2095/1112
f 2085/2098/1113 1971/2025/797 2553/2024/796 3008/2099/1114
f 2553/2024/796 1970/2021/791 2111/2094/1111 3008/2099/1114
f 2111/2094/1111 1752/2097/604 2104/2100/602 3008/2099/1114
f 2104/2100/602 1733/2101/537 2085/2098/1113 3008/2099/1114
f 2081/2102/536 1985/2103/535 2583/2104/1115 3009/2105/1116
f 2583/2104/1115 1986/2027/799 2555/2026/798 3009/2105/1116
f 2555/2026/798 1971/2025/797 2085/2098/1113 3009/2105/1116
f 2085/2098/1113 1733/2101/537 2081/2102/536 3009/2105/1116
f 2479/2150/1144 1982/1233/688 2575/1232/686 3019/2151/1141
f 2577/1944/688 1982/1233/688 2479/2150/1144 3020/2152/1144
f 2519/2155/1144 1983/1946/688 2577/1944/688 3020/2152/1144
f 2579/2036/1059 1983/1946/688 2519/2155/1144 3021/2156/1146
f 2583/2104/1115 1985/2103/535 2580/2166/1152 3023/2167/1153
f 2582/2171/1154 1986/2027/799 2583/2104/1115 3023/2167/1153
f 2585/2028/799 1986/2027/799 2582/2171/1154 3024/2172/1155
f 2584/2175/1155 1987/1387/799 2585/2028/799 3024/2172/1155
f 2587/1388/800 1987/1387/799 2584/2175/1155 3025/2176/1156
f 2497/2272/1183 2016/2273/749 2643/2274/1184 3053/2275/1185
f 2164/1303/739 1942/1302/738 2497/2278/1183 3053/2279/1185
f 2537/2280/1183 2017/2281/749 2645/2282/749 3054/2283/1183
f 2645/2282/749 2016/2273/749 2497/2272/1183 3054/2283/1183
f 2497/2278/1183 1942/1302/738 2494/1983/738 3054/2284/1183
f 2494/1983/738 1962/1982/738 2537/2285/1183 3054/2284/1183
f 2647/2290/1188 2017/2281/749 2537/2280/1183 3055/2291/1189
f 2537/2285/1183 1962/1982/738 2534/2067/1095 3055/2292/1189
f 2145/2301/1193 1771/2306/1086 2136/2311/1085 3058/2310/1196
f 2110/2331/1203 1751/2336/1067 2103/2341/1066 3063/2340/1206
f 2642/2444/749 2058/1317/749 2727/1316/748 3095/2445/1244
f 2643/2274/1184 2016/2273/749 2642/2444/749 3095/2445/1244
f 2644/2447/749 2059/1990/749 2729/1988/749 3096/2448/749
f 2729/1988/749 2058/1317/749 2642/2444/749 3096/2448/749
f 2642/2444/749 2016/2273/749 2645/2282/749 3096/2448/749
f 2645/2282/749 2017/2281/749 2644/2447/749 3096/2448/749
f 2731/2072/1098 2059/1990/749 2644/2447/749 3097/2451/1245
f 2644/2447/749 2017/2281/749 2647/2290/1188 3097/2451/1245
